race_id,year,racecourse,meeting_number,meeting_day,race_number,actual_date,official_source_url,pdf_sha256,mapping_status,official_distance_m,race_kind,official_surface,course_layout,official_turn,handicap_indicator,official_class,is_open_plus,is_graded,condition_excerpt
202601010101,2026,札幌,1,1,1,2026-07-25,https://www.jra.go.jp/datafile/seiseki/report/2026/2026-1sapporo1.pdf,c2e83086393bd9960f80eaf87861cc5b8295f7dcec52c28804b9da4ae6882d00,official_race_marker_verified,1000,flat,dirt,,right,0.0,Maiden,0.0,0,10003歳未勝利発走10時00分(ダート・右)負担重量は、馬齢重量
202601010102,2026,札幌,1,1,2,2026-07-25,https://www.jra.go.jp/datafile/seiseki/report/2026/2026-1sapporo1.pdf,c2e83086393bd9960f80eaf87861cc5b8295f7dcec52c28804b9da4ae6882d00,official_race_marker_verified,1200,flat,turf,,right,0.0,Maiden,0.0,0,12002歳未勝利発走10時30分(芝・右)負担重量は、馬齢重量
202601010103,2026,札幌,1,1,3,2026-07-25,https://www.jra.go.jp/datafile/seiseki/report/2026/2026-1sapporo1.pdf,c2e83086393bd9960f80eaf87861cc5b8295f7dcec52c28804b9da4ae6882d00,official_race_marker_verified,1700,flat,dirt,,right,0.0,Maiden,0.0,0,17003歳未勝利発走11時00分(ダート・右)負担重量は、馬齢重量
202601010104,2026,札幌,1,1,4,2026-07-25,https://www.jra.go.jp/datafile/seiseki/report/2026/2026-1sapporo1.pdf,c2e83086393bd9960f80eaf87861cc5b8295f7dcec52c28804b9da4ae6882d00,official_race_marker_verified,1500,flat,turf,,right,0.0,Maiden,0.0,0,15003歳未勝利発走11時30分(芝・右)牝;負担重量は、馬齢重量
202601010105,2026,札幌,1,1,5,2026-07-25,https://www.jra.go.jp/datafile/seiseki/report/2026/2026-1sapporo1.pdf,c2e83086393bd9960f80eaf87861cc5b8295f7dcec52c28804b9da4ae6882d00,official_race_marker_verified,1700,flat,dirt,,right,0.0,Newcomer,0.0,0,17002歳新馬発走12時20分(ダート・右)負担重量は、馬齢重量
202601010106,2026,札幌,1,1,6,2026-07-25,https://www.jra.go.jp/datafile/seiseki/report/2026/2026-1sapporo1.pdf,c2e83086393bd9960f80eaf87861cc5b8295f7dcec52c28804b9da4ae6882d00,official_race_marker_verified,1800,flat,turf,,right,0.0,Maiden,0.0,0,18003歳未勝利発走12時50分(芝・右)負担重量は、馬齢重量
202601010107,2026,札幌,1,1,7,2026-07-25,https://www.jra.go.jp/datafile/seiseki/report/2026/2026-1sapporo1.pdf,c2e83086393bd9960f80eaf87861cc5b8295f7dcec52c28804b9da4ae6882d00,official_race_marker_verified,1200,flat,turf,,right,,Class1,0.0,0,12003歳以上1勝クラス発走13時20分(芝・右)負担重量は、3歳554歳以上58、牝馬2減
202601010108,2026,札幌,1,1,8,2026-07-25,https://www.jra.go.jp/datafile/seiseki/report/2026/2026-1sapporo1.pdf,c2e83086393bd9960f80eaf87861cc5b8295f7dcec52c28804b9da4ae6882d00,official_race_marker_verified,1700,flat,dirt,,right,,Class1,0.0,0,17003歳以上1勝クラス発走13時50分(ダート・右)負担重量は、3歳554歳以上58、牝馬2減
202601010109,2026,札幌,1,1,9,2026-07-25,https://www.jra.go.jp/datafile/seiseki/report/2026/2026-1sapporo1.pdf,c2e83086393bd9960f80eaf87861cc5b8295f7dcec52c28804b9da4ae6882d00,official_race_marker_verified,1800,flat,turf,,right,,Class1,0.0,0,18003歳以上1勝クラス発走14時20分(芝・右)牝;負担重量は、3歳534歳以上56
202601010110,2026,札幌,1,1,10,2026-07-25,https://www.jra.go.jp/datafile/seiseki/report/2026/2026-1sapporo1.pdf,c2e83086393bd9960f80eaf87861cc5b8295f7dcec52c28804b9da4ae6882d00,official_race_marker_verified,2600,flat,turf,,right,,Class2,0.0,0,2600ライラック賞発走14時50分(芝・右)3歳以上、2勝クラス;負担重量は、3歳554歳以上58、牝馬2減賞品
202601010111,2026,札幌,1,1,11,2026-07-25,https://www.jra.go.jp/datafile/seiseki/report/2026/2026-1sapporo1.pdf,c2e83086393bd9960f80eaf87861cc5b8295f7dcec52c28804b9da4ae6882d00,official_race_marker_verified,1200,flat,turf,,right,,Maiden,0.0,0,1200TVh賞発走15時25分(芝・右)3歳以上、3勝クラス、除未出走馬および未勝利馬;負担重量は、3歳554歳以上58、牝馬2減テレビ北海道賞(1着)賞品
202601010112,2026,札幌,1,1,12,2026-07-25,https://www.jra.go.jp/datafile/seiseki/report/2026/2026-1sapporo1.pdf,c2e83086393bd9960f80eaf87861cc5b8295f7dcec52c28804b9da4ae6882d00,official_race_marker_verified,1700,flat,dirt,,right,,Class2,0.0,0,1700そうえん桑園特別発走16時00分(ダート・右)3歳以上、2勝クラス;負担重量は、3歳554歳以上58、牝馬2減賞品
202601010201,2026,札幌,1,2,1,2026-07-26,https://www.jra.go.jp/datafile/seiseki/report/2026/2026-1sapporo2.pdf,91f188eab2d3143c08f29a3ef830086cfb684b9d79ac48d4779d1d95b2ae6eec,official_race_marker_verified,1000,flat,dirt,,right,0.0,Maiden,0.0,0,10002歳未勝利発走10時00分(ダート・右)負担重量は、馬齢重量
202601010202,2026,札幌,1,2,2,2026-07-26,https://www.jra.go.jp/datafile/seiseki/report/2026/2026-1sapporo2.pdf,91f188eab2d3143c08f29a3ef830086cfb684b9d79ac48d4779d1d95b2ae6eec,official_race_marker_verified,1700,flat,dirt,,right,0.0,Maiden,0.0,0,17003歳未勝利発走10時30分(ダート・右)牝;負担重量は、馬齢重量
202601010203,2026,札幌,1,2,3,2026-07-26,https://www.jra.go.jp/datafile/seiseki/report/2026/2026-1sapporo2.pdf,91f188eab2d3143c08f29a3ef830086cfb684b9d79ac48d4779d1d95b2ae6eec,official_race_marker_verified,1200,flat,turf,,right,0.0,Maiden,0.0,0,12003歳未勝利発走11時00分(芝・右)負担重量は、馬齢重量
202601010204,2026,札幌,1,2,4,2026-07-26,https://www.jra.go.jp/datafile/seiseki/report/2026/2026-1sapporo2.pdf,91f188eab2d3143c08f29a3ef830086cfb684b9d79ac48d4779d1d95b2ae6eec,official_race_marker_verified,1700,flat,dirt,,right,0.0,Maiden,0.0,0,17003歳未勝利発走11時30分(ダート・右)負担重量は、馬齢重量
202601010205,2026,札幌,1,2,5,2026-07-26,https://www.jra.go.jp/datafile/seiseki/report/2026/2026-1sapporo2.pdf,91f188eab2d3143c08f29a3ef830086cfb684b9d79ac48d4779d1d95b2ae6eec,official_race_marker_verified,1800,flat,turf,,right,0.0,Newcomer,0.0,0,18002歳新馬発走12時20分(芝・右)負担重量は、馬齢重量
202601010206,2026,札幌,1,2,6,2026-07-26,https://www.jra.go.jp/datafile/seiseki/report/2026/2026-1sapporo2.pdf,91f188eab2d3143c08f29a3ef830086cfb684b9d79ac48d4779d1d95b2ae6eec,official_race_marker_verified,2000,flat,turf,,right,0.0,Maiden,0.0,0,20003歳未勝利発走12時50分(芝・右)負担重量は、馬齢重量
202601010207,2026,札幌,1,2,7,2026-07-26,https://www.jra.go.jp/datafile/seiseki/report/2026/2026-1sapporo2.pdf,91f188eab2d3143c08f29a3ef830086cfb684b9d79ac48d4779d1d95b2ae6eec,official_race_marker_verified,1000,flat,dirt,,right,,Class1,0.0,0,10003歳以上1勝クラス発走13時20分(ダート・右)負担重量は、3歳554歳以上58、牝馬2減
202601010208,2026,札幌,1,2,8,2026-07-26,https://www.jra.go.jp/datafile/seiseki/report/2026/2026-1sapporo2.pdf,91f188eab2d3143c08f29a3ef830086cfb684b9d79ac48d4779d1d95b2ae6eec,official_race_marker_verified,1500,flat,turf,,right,,Class1,0.0,0,15003歳以上1勝クラス発走13時50分(芝・右)負担重量は、3歳554歳以上58、牝馬2減
202601010209,2026,札幌,1,2,9,2026-07-26,https://www.jra.go.jp/datafile/seiseki/report/2026/2026-1sapporo2.pdf,91f188eab2d3143c08f29a3ef830086cfb684b9d79ac48d4779d1d95b2ae6eec,official_race_marker_verified,1700,flat,dirt,,right,,Class1,0.0,0,17003歳以上1勝クラス発走14時20分(ダート・右)牝;負担重量は、3歳534歳以上56
202601010210,2026,札幌,1,2,10,2026-07-26,https://www.jra.go.jp/datafile/seiseki/report/2026/2026-1sapporo2.pdf,91f188eab2d3143c08f29a3ef830086cfb684b9d79ac48d4779d1d95b2ae6eec,official_race_marker_verified,1500,flat,turf,,right,1.0,Class2,0.0,0,1500ひつじがおか羊ヶ丘特別発走14時50分(芝・右)3歳以上、2勝クラス;負担重量は、ハンデキャップ賞品
202601010211,2026,札幌,1,2,11,2026-07-26,https://www.jra.go.jp/datafile/seiseki/report/2026/2026-1sapporo2.pdf,91f188eab2d3143c08f29a3ef830086cfb684b9d79ac48d4779d1d95b2ae6eec,official_race_marker_verified,2600,flat,turf,,right,,Maiden,0.0,0,2600札幌日経賞(L)発走15時25分(芝・右)3歳以上、除未出走馬および未勝利馬;負担重量は、日本馬:3歳534歳以上57、牝馬2減、収得賞金1600万円超過馬は超過額1200万円毎1増、:3歳534歳以上57、牝馬2減、GI競走1着馬5増、GII競走1着馬3増、GIII競走1着馬1増(ただし2歳時の成績を除く)日本経済新聞社賞(1着)賞品
202601010212,2026,札幌,1,2,12,2026-07-26,https://www.jra.go.jp/datafile/seiseki/report/2026/2026-1sapporo2.pdf,91f188eab2d3143c08f29a3ef830086cfb684b9d79ac48d4779d1d95b2ae6eec,official_race_marker_verified,2000,flat,turf,,right,,Class1,0.0,0,2000あっけし厚岸特別発走16時00分(芝・右)3歳以上、1勝クラス;負担重量は、3歳554歳以上58、牝馬2減賞品
202601010301,2026,札幌,1,3,1,2026-08-01,https://www.jra.go.jp/datafile/seiseki/report/2026/2026-1sapporo3.pdf,9aa5f6da1361e7cdaa1529a2882688301a436bada1e9538bed2098eb2e2a2bb6,official_race_marker_verified,1000,flat,dirt,,right,0.0,Maiden,0.0,0,10003歳未勝利発走10時00分(ダート・右)負担重量は、馬齢重量
202601010302,2026,札幌,1,3,2,2026-08-01,https://www.jra.go.jp/datafile/seiseki/report/2026/2026-1sapporo3.pdf,9aa5f6da1361e7cdaa1529a2882688301a436bada1e9538bed2098eb2e2a2bb6,official_race_marker_verified,1800,flat,turf,,right,0.0,Maiden,0.0,0,18002歳未勝利発走10時30分(芝・右)負担重量は、馬齢重量
202601010303,2026,札幌,1,3,3,2026-08-01,https://www.jra.go.jp/datafile/seiseki/report/2026/2026-1sapporo3.pdf,9aa5f6da1361e7cdaa1529a2882688301a436bada1e9538bed2098eb2e2a2bb6,official_race_marker_verified,1700,flat,dirt,,right,0.0,Maiden,0.0,0,17003歳未勝利発走11時00分(ダート・右)負担重量は、馬齢重量
202601010304,2026,札幌,1,3,4,2026-08-01,https://www.jra.go.jp/datafile/seiseki/report/2026/2026-1sapporo3.pdf,9aa5f6da1361e7cdaa1529a2882688301a436bada1e9538bed2098eb2e2a2bb6,official_race_marker_verified,1800,flat,turf,,right,,Class1,0.0,0,18003歳以上1勝クラス発走11時30分(芝・右)負担重量は、3歳554歳以上58、牝馬2減
202601010305,2026,札幌,1,3,5,2026-08-01,https://www.jra.go.jp/datafile/seiseki/report/2026/2026-1sapporo3.pdf,9aa5f6da1361e7cdaa1529a2882688301a436bada1e9538bed2098eb2e2a2bb6,official_race_marker_verified,1500,flat,turf,,right,0.0,Newcomer,0.0,0,15002歳新馬発走12時20分(芝・右)負担重量は、馬齢重量
202601010306,2026,札幌,1,3,6,2026-08-01,https://www.jra.go.jp/datafile/seiseki/report/2026/2026-1sapporo3.pdf,9aa5f6da1361e7cdaa1529a2882688301a436bada1e9538bed2098eb2e2a2bb6,official_race_marker_verified,1000,flat,dirt,,right,,Class1,0.0,0,10003歳以上1勝クラス発走12時50分(ダート・右)牝;負担重量は、3歳544歳以上56
202601010307,2026,札幌,1,3,7,2026-08-01,https://www.jra.go.jp/datafile/seiseki/report/2026/2026-1sapporo3.pdf,9aa5f6da1361e7cdaa1529a2882688301a436bada1e9538bed2098eb2e2a2bb6,official_race_marker_verified,1800,flat,turf,,right,0.0,Maiden,0.0,0,18003歳未勝利発走13時20分(芝・右)負担重量は、馬齢重量
202601010308,2026,札幌,1,3,8,2026-08-01,https://www.jra.go.jp/datafile/seiseki/report/2026/2026-1sapporo3.pdf,9aa5f6da1361e7cdaa1529a2882688301a436bada1e9538bed2098eb2e2a2bb6,official_race_marker_verified,1700,flat,dirt,,right,,Class1,0.0,0,17003歳以上1勝クラス発走13時50分(ダート・右)負担重量は、3歳554歳以上58、牝馬2減
202601010309,2026,札幌,1,3,9,2026-08-01,https://www.jra.go.jp/datafile/seiseki/report/2026/2026-1sapporo3.pdf,9aa5f6da1361e7cdaa1529a2882688301a436bada1e9538bed2098eb2e2a2bb6,official_race_marker_verified,1800,flat,turf,,right,,Class2,0.0,0,1800くしろしつげん釧路湿原特別発走14時20分(番組第10競走を順序変更)(芝・右)3歳以上、2勝クラス;負担重量は、3歳554歳以上58、牝馬2減賞品
202601010310,2026,札幌,1,3,10,2026-08-01,https://www.jra.go.jp/datafile/seiseki/report/2026/2026-1sapporo3.pdf,9aa5f6da1361e7cdaa1529a2882688301a436bada1e9538bed2098eb2e2a2bb6,official_race_marker_verified,1500,flat,turf,,right,,Class1,0.0,0,15003歳以上1勝クラス発走14時50分(番組第9競走を順序変更)(芝・右)牝;負担重量は、3歳534歳以上56
202601010311,2026,札幌,1,3,11,2026-08-01,https://www.jra.go.jp/datafile/seiseki/report/2026/2026-1sapporo3.pdf,9aa5f6da1361e7cdaa1529a2882688301a436bada1e9538bed2098eb2e2a2bb6,official_race_marker_verified,2000,flat,turf,,right,1.0,Maiden,0.0,0,2000STV賞発走15時25分(芝・右)3歳以上、3勝クラス、除未出走馬および未勝利馬;負担重量は、ハンデキャップ札幌テレビ放送賞(1着)賞品
202601010312,2026,札幌,1,3,12,2026-08-01,https://www.jra.go.jp/datafile/seiseki/report/2026/2026-1sapporo3.pdf,9aa5f6da1361e7cdaa1529a2882688301a436bada1e9538bed2098eb2e2a2bb6,official_race_marker_verified,1700,flat,dirt,,right,,Class2,0.0,0,1700おおくらやま大倉山特別発走16時00分(ダート・右)牝、3歳以上、2勝クラス;負担重量は、3歳534歳以上56賞品
202601010401,2026,札幌,1,4,1,2026-08-02,https://www.jra.go.jp/datafile/seiseki/report/2026/2026-1sapporo4.pdf,0cdbf7d05491b7dd30ceb744738cf9db043584b87fd500a4e9f2ae102c120414,official_race_marker_verified,1700,flat,dirt,,right,0.0,Maiden,0.0,0,17003歳未勝利発走10時00分(ダート・右)牝;負担重量は、馬齢重量
202601010402,2026,札幌,1,4,2,2026-08-02,https://www.jra.go.jp/datafile/seiseki/report/2026/2026-1sapporo4.pdf,0cdbf7d05491b7dd30ceb744738cf9db043584b87fd500a4e9f2ae102c120414,official_race_marker_verified,1500,flat,turf,,right,0.0,Maiden,0.0,0,15003歳未勝利発走10時30分(芝・右)負担重量は、馬齢重量
202601010403,2026,札幌,1,4,3,2026-08-02,https://www.jra.go.jp/datafile/seiseki/report/2026/2026-1sapporo4.pdf,0cdbf7d05491b7dd30ceb744738cf9db043584b87fd500a4e9f2ae102c120414,official_race_marker_verified,1700,flat,dirt,,right,0.0,Maiden,0.0,0,17003歳未勝利発走11時00分(ダート・右)負担重量は、馬齢重量
202601010404,2026,札幌,1,4,4,2026-08-02,https://www.jra.go.jp/datafile/seiseki/report/2026/2026-1sapporo4.pdf,0cdbf7d05491b7dd30ceb744738cf9db043584b87fd500a4e9f2ae102c120414,official_race_marker_verified,2600,flat,turf,,right,,Class1,0.0,0,26003歳以上1勝クラス発走11時30分(芝・右)負担重量は、3歳554歳以上58、牝馬2減
202601010405,2026,札幌,1,4,5,2026-08-02,https://www.jra.go.jp/datafile/seiseki/report/2026/2026-1sapporo4.pdf,0cdbf7d05491b7dd30ceb744738cf9db043584b87fd500a4e9f2ae102c120414,official_race_marker_verified,1800,flat,turf,,right,0.0,Newcomer,0.0,0,18002歳新馬発走12時20分(芝・右)負担重量は、馬齢重量
202601010406,2026,札幌,1,4,6,2026-08-02,https://www.jra.go.jp/datafile/seiseki/report/2026/2026-1sapporo4.pdf,0cdbf7d05491b7dd30ceb744738cf9db043584b87fd500a4e9f2ae102c120414,official_race_marker_verified,1700,flat,dirt,,right,,Class1,0.0,0,17003歳以上1勝クラス発走12時50分(ダート・右)負担重量は、3歳554歳以上58、牝馬2減
202601010407,2026,札幌,1,4,7,2026-08-02,https://www.jra.go.jp/datafile/seiseki/report/2026/2026-1sapporo4.pdf,0cdbf7d05491b7dd30ceb744738cf9db043584b87fd500a4e9f2ae102c120414,official_race_marker_verified,2000,flat,turf,,right,0.0,Maiden,0.0,0,20003歳未勝利発走13時20分(芝・右)負担重量は、馬齢重量
202601010408,2026,札幌,1,4,8,2026-08-02,https://www.jra.go.jp/datafile/seiseki/report/2026/2026-1sapporo4.pdf,0cdbf7d05491b7dd30ceb744738cf9db043584b87fd500a4e9f2ae102c120414,official_race_marker_verified,1200,flat,turf,,right,,Class1,0.0,0,12003歳以上1勝クラス発走13時50分(芝・右)負担重量は、3歳564歳以上58、牝馬2減
202601010409,2026,札幌,1,4,9,2026-08-02,https://www.jra.go.jp/datafile/seiseki/report/2026/2026-1sapporo4.pdf,0cdbf7d05491b7dd30ceb744738cf9db043584b87fd500a4e9f2ae102c120414,official_race_marker_verified,1000,flat,dirt,,right,,Class2,0.0,0,10003歳以上2勝クラス発走14時20分(ダート・右)負担重量は、3歳564歳以上58、牝馬2減
202601010410,2026,札幌,1,4,10,2026-08-02,https://www.jra.go.jp/datafile/seiseki/report/2026/2026-1sapporo4.pdf,0cdbf7d05491b7dd30ceb744738cf9db043584b87fd500a4e9f2ae102c120414,official_race_marker_verified,1700,flat,dirt,,right,,Maiden,0.0,0,1700ポプラステークス発走14時50分(ダート・右)3歳以上、3勝クラス、除未出走馬および未勝利馬;負担重量は、3歳554歳以上58、牝馬2減道議会議長賞(1着)賞品
202601010411,2026,札幌,1,4,11,2026-08-02,https://www.jra.go.jp/datafile/seiseki/report/2026/2026-1sapporo4.pdf,0cdbf7d05491b7dd30ceb744738cf9db043584b87fd500a4e9f2ae102c120414,official_race_marker_verified,1800,flat,turf,,right,,Open,1.0,1,1800第74回北海道新聞杯クイーンステークス(GIII)発走15時25分(芝・右)牝、3歳以上、除未出走馬および未勝利馬;負担重量は、3歳524歳以上55、2025.8.2以降GI競走1着馬3増、GII競走1着馬2増、GIII競走1着馬1増、2025.8.1以前のGI競走1着馬2増、GII競走1着馬1増(ただし2歳時の成績を除く)北海道新聞社賞(1着)賞品
202601010412,2026,札幌,1,4,12,2026-08-02,https://www.jra.go.jp/datafile/seiseki/report/2026/2026-1sapporo4.pdf,0cdbf7d05491b7dd30ceb744738cf9db043584b87fd500a4e9f2ae102c120414,official_race_marker_verified,1200,flat,turf,,right,,Class2,0.0,0,1200とまこまい苫小牧特別発走16時00分(芝・右)3歳以上、2勝クラス;負担重量は、3歳564歳以上58、牝馬2減賞品
202601010501,2026,札幌,1,5,1,2026-08-08,https://www.jra.go.jp/datafile/seiseki/report/2026/2026-1sapporo5.pdf,2e3b7ccaeb5fd239d451d9f41675216157e7e0f39ef84ffa2a63cf5d70489d1d,official_race_marker_verified,1700,flat,dirt,,right,0.0,Maiden,0.0,0,17003歳未勝利発走10時00分(ダート・右)牝;負担重量は、馬齢重量
202601010502,2026,札幌,1,5,2,2026-08-08,https://www.jra.go.jp/datafile/seiseki/report/2026/2026-1sapporo5.pdf,2e3b7ccaeb5fd239d451d9f41675216157e7e0f39ef84ffa2a63cf5d70489d1d,official_race_marker_verified,1500,flat,turf,,right,0.0,Maiden,0.0,0,15002歳未勝利発走10時30分(芝・右)負担重量は、馬齢重量
202601010503,2026,札幌,1,5,3,2026-08-08,https://www.jra.go.jp/datafile/seiseki/report/2026/2026-1sapporo5.pdf,2e3b7ccaeb5fd239d451d9f41675216157e7e0f39ef84ffa2a63cf5d70489d1d,official_race_marker_verified,1700,flat,dirt,,right,0.0,Maiden,0.0,0,17003歳未勝利発走11時00分(ダート・右)負担重量は、馬齢重量
202601010504,2026,札幌,1,5,4,2026-08-08,https://www.jra.go.jp/datafile/seiseki/report/2026/2026-1sapporo5.pdf,2e3b7ccaeb5fd239d451d9f41675216157e7e0f39ef84ffa2a63cf5d70489d1d,official_race_marker_verified,1500,flat,turf,,right,,Class1,0.0,0,15003歳以上1勝クラス発走11時30分(芝・右)負担重量は、3歳554歳以上58、牝馬2減
202601010505,2026,札幌,1,5,5,2026-08-08,https://www.jra.go.jp/datafile/seiseki/report/2026/2026-1sapporo5.pdf,2e3b7ccaeb5fd239d451d9f41675216157e7e0f39ef84ffa2a63cf5d70489d1d,official_race_marker_verified,1800,flat,turf,,right,0.0,Newcomer,0.0,0,18002歳新馬発走12時20分(芝・右)負担重量は、馬齢重量
202601010506,2026,札幌,1,5,6,2026-08-08,https://www.jra.go.jp/datafile/seiseki/report/2026/2026-1sapporo5.pdf,2e3b7ccaeb5fd239d451d9f41675216157e7e0f39ef84ffa2a63cf5d70489d1d,official_race_marker_verified,2000,flat,turf,,right,0.0,Maiden,0.0,0,20003歳未勝利発走12時50分(芝・右)牝;負担重量は、馬齢重量
202601010507,2026,札幌,1,5,7,2026-08-08,https://www.jra.go.jp/datafile/seiseki/report/2026/2026-1sapporo5.pdf,2e3b7ccaeb5fd239d451d9f41675216157e7e0f39ef84ffa2a63cf5d70489d1d,official_race_marker_verified,1000,flat,dirt,,right,,Class1,0.0,0,10003歳以上1勝クラス発走13時20分(ダート・右)負担重量は、3歳564歳以上58、牝馬2減
202601010508,2026,札幌,1,5,8,2026-08-08,https://www.jra.go.jp/datafile/seiseki/report/2026/2026-1sapporo5.pdf,2e3b7ccaeb5fd239d451d9f41675216157e7e0f39ef84ffa2a63cf5d70489d1d,official_race_marker_verified,1200,flat,turf,,right,0.0,Maiden,0.0,0,12003歳未勝利発走13時50分(芝・右)負担重量は、馬齢重量
202601010509,2026,札幌,1,5,9,2026-08-08,https://www.jra.go.jp/datafile/seiseki/report/2026/2026-1sapporo5.pdf,2e3b7ccaeb5fd239d451d9f41675216157e7e0f39ef84ffa2a63cf5d70489d1d,official_race_marker_verified,1700,flat,dirt,,right,,Class1,0.0,0,17003歳以上1勝クラス発走14時20分(ダート・右)牝;負担重量は、3歳534歳以上56
202601010510,2026,札幌,1,5,10,2026-08-08,https://www.jra.go.jp/datafile/seiseki/report/2026/2026-1sapporo5.pdf,2e3b7ccaeb5fd239d451d9f41675216157e7e0f39ef84ffa2a63cf5d70489d1d,official_race_marker_verified,2000,flat,turf,,right,,Class2,0.0,0,2000もいわやま藻岩山特別発走14時50分(芝・右)3歳以上、2勝クラス;負担重量は、3歳554歳以上58、牝馬2減賞品
202601010511,2026,札幌,1,5,11,2026-08-08,https://www.jra.go.jp/datafile/seiseki/report/2026/2026-1sapporo5.pdf,2e3b7ccaeb5fd239d451d9f41675216157e7e0f39ef84ffa2a63cf5d70489d1d,official_race_marker_verified,1700,flat,dirt,,right,,Open,1.0,1,1700第31回エルムステークス(GIII)発走15時25分(ダート・右)3歳以上、除未出走馬および未勝利馬;負担重量は、3歳544歳以上57、牝馬2減、2025.8.9以降GI競走(牝馬限定競走を除く)1着馬3増、牝馬限定GI競走またはGII競走(牝馬限定競走を除く)1着馬2増、牝馬限定GII競走またはGIII競走(牝馬限定競走を除く)1着馬1増、2025.8.8以前のGI競走(牝馬限定競走を除く)1着馬2増、牝馬限定GI競走またはGII競走(牝馬限定競走を除く)1着馬1増(ただし2歳時の成績を除く)札幌馬主協会会長賞・地方競馬全国協会理事長賞(1着)賞品
202601010512,2026,札幌,1,5,12,2026-08-08,https://www.jra.go.jp/datafile/seiseki/report/2026/2026-1sapporo5.pdf,2e3b7ccaeb5fd239d451d9f41675216157e7e0f39ef84ffa2a63cf5d70489d1d,official_race_marker_verified,1500,flat,turf,,right,,Class2,0.0,0,1500ましゅうこ摩周湖特別発走16時00分(芝・右)3歳以上、2勝クラス;負担重量は、3歳554歳以上58、牝馬2減賞品
202601010601,2026,札幌,1,6,1,2026-08-09,https://www.jra.go.jp/datafile/seiseki/report/2026/2026-1sapporo6.pdf,3978d9d7e9bacaa89bd10b24c488307a011bfd10418895632bd648fe1bb53a7e,official_race_marker_verified,1700,flat,dirt,,right,0.0,Maiden,0.0,0,17002歳未勝利発走10時00分(ダート・右)負担重量は、馬齢重量
202601010602,2026,札幌,1,6,2,2026-08-09,https://www.jra.go.jp/datafile/seiseki/report/2026/2026-1sapporo6.pdf,3978d9d7e9bacaa89bd10b24c488307a011bfd10418895632bd648fe1bb53a7e,official_race_marker_verified,1000,flat,dirt,,right,0.0,Maiden,0.0,0,10003歳未勝利発走10時30分(ダート・右)負担重量は、馬齢重量
202601010603,2026,札幌,1,6,3,2026-08-09,https://www.jra.go.jp/datafile/seiseki/report/2026/2026-1sapporo6.pdf,3978d9d7e9bacaa89bd10b24c488307a011bfd10418895632bd648fe1bb53a7e,official_race_marker_verified,2000,flat,turf,,right,,Class1,0.0,0,20003歳以上1勝クラス発走11時00分(芝・右)負担重量は、3歳554歳以上58、牝馬2減
202601010604,2026,札幌,1,6,4,2026-08-09,https://www.jra.go.jp/datafile/seiseki/report/2026/2026-1sapporo6.pdf,3978d9d7e9bacaa89bd10b24c488307a011bfd10418895632bd648fe1bb53a7e,official_race_marker_verified,1700,flat,dirt,,right,0.0,Maiden,0.0,0,17003歳未勝利発走11時30分(ダート・右)負担重量は、馬齢重量
202601010605,2026,札幌,1,6,5,2026-08-09,https://www.jra.go.jp/datafile/seiseki/report/2026/2026-1sapporo6.pdf,3978d9d7e9bacaa89bd10b24c488307a011bfd10418895632bd648fe1bb53a7e,official_race_marker_verified,1500,flat,turf,,right,0.0,Newcomer,0.0,0,15002歳新馬発走12時20分(芝・右)牝;負担重量は、馬齢重量
202601010606,2026,札幌,1,6,6,2026-08-09,https://www.jra.go.jp/datafile/seiseki/report/2026/2026-1sapporo6.pdf,3978d9d7e9bacaa89bd10b24c488307a011bfd10418895632bd648fe1bb53a7e,official_race_marker_verified,2600,flat,turf,,right,0.0,Maiden,0.0,0,26003歳未勝利発走12時50分(芝・右)負担重量は、馬齢重量
202601010607,2026,札幌,1,6,7,2026-08-09,https://www.jra.go.jp/datafile/seiseki/report/2026/2026-1sapporo6.pdf,3978d9d7e9bacaa89bd10b24c488307a011bfd10418895632bd648fe1bb53a7e,official_race_marker_verified,2000,flat,turf,,right,0.0,Maiden,0.0,0,20003歳未勝利発走13時20分(芝・右)負担重量は、馬齢重量
202601010608,2026,札幌,1,6,8,2026-08-09,https://www.jra.go.jp/datafile/seiseki/report/2026/2026-1sapporo6.pdf,3978d9d7e9bacaa89bd10b24c488307a011bfd10418895632bd648fe1bb53a7e,official_race_marker_verified,1700,flat,dirt,,right,,Class1,0.0,0,17003歳以上1勝クラス発走13時50分(ダート・右)負担重量は、3歳554歳以上58、牝馬2減
202601010609,2026,札幌,1,6,9,2026-08-09,https://www.jra.go.jp/datafile/seiseki/report/2026/2026-1sapporo6.pdf,3978d9d7e9bacaa89bd10b24c488307a011bfd10418895632bd648fe1bb53a7e,official_race_marker_verified,1200,flat,turf,,right,,Class1,0.0,0,12003歳以上1勝クラス発走14時20分(芝・右)牝;負担重量は、3歳544歳以上56
202601010610,2026,札幌,1,6,10,2026-08-09,https://www.jra.go.jp/datafile/seiseki/report/2026/2026-1sapporo6.pdf,3978d9d7e9bacaa89bd10b24c488307a011bfd10418895632bd648fe1bb53a7e,official_race_marker_verified,1700,flat,dirt,,right,1.0,Class2,0.0,0,1700ふらの富良野特別発走14時50分(ダート・右)3歳以上、2勝クラス;負担重量は、ハンデキャップ賞品
202601010611,2026,札幌,1,6,11,2026-08-09,https://www.jra.go.jp/datafile/seiseki/report/2026/2026-1sapporo6.pdf,3978d9d7e9bacaa89bd10b24c488307a011bfd10418895632bd648fe1bb53a7e,official_race_marker_verified,1200,flat,turf,,right,,Maiden,0.0,0,1200UHB賞発走15時25分(芝・右)3歳以上、除未出走馬および未勝利馬;負担重量は、日本馬:3歳554歳以上57、牝馬2減、収得賞金1600万円超過馬は超過額1200万円毎1増、:3歳554歳以上57、牝馬2減、GI競走1着馬5増、GII競走1着馬3増、GIII競走1着馬1増(ただし2歳時の成績を除く)北海道文化放送賞(1着)賞品
202601010612,2026,札幌,1,6,12,2026-08-09,https://www.jra.go.jp/datafile/seiseki/report/2026/2026-1sapporo6.pdf,3978d9d7e9bacaa89bd10b24c488307a011bfd10418895632bd648fe1bb53a7e,official_race_marker_verified,1800,flat,turf,,right,,Class1,0.0,0,1800いしかり石狩特別発走16時00分(芝・右)3歳以上、1勝クラス;負担重量は、3歳554歳以上58、牝馬2減賞品
202601010701,2026,札幌,1,7,1,2026-08-15,https://www.jra.go.jp/datafile/seiseki/report/2026/2026-1sapporo7.pdf,3237ec01856729ba9a3444646e56da215e6d777f72d93cf3170ee00658a3548b,official_race_marker_verified,1700,flat,dirt,,right,0.0,Maiden,0.0,0,17003歳未勝利発走10時00分(ダート・右)負担重量は、馬齢重量
202601010702,2026,札幌,1,7,2,2026-08-15,https://www.jra.go.jp/datafile/seiseki/report/2026/2026-1sapporo7.pdf,3237ec01856729ba9a3444646e56da215e6d777f72d93cf3170ee00658a3548b,official_race_marker_verified,1800,flat,turf,,right,0.0,Maiden,0.0,0,18002歳未勝利発走10時30分(芝・右)負担重量は、馬齢重量
202601010703,2026,札幌,1,7,3,2026-08-15,https://www.jra.go.jp/datafile/seiseki/report/2026/2026-1sapporo7.pdf,3237ec01856729ba9a3444646e56da215e6d777f72d93cf3170ee00658a3548b,official_race_marker_verified,1000,flat,dirt,,right,0.0,Maiden,0.0,0,10003歳未勝利発走11時00分(ダート・右)負担重量は、馬齢重量
202601010704,2026,札幌,1,7,4,2026-08-15,https://www.jra.go.jp/datafile/seiseki/report/2026/2026-1sapporo7.pdf,3237ec01856729ba9a3444646e56da215e6d777f72d93cf3170ee00658a3548b,official_race_marker_verified,2400,flat,dirt,,right,0.0,Maiden,0.0,0,24003歳未勝利発走11時30分(ダート・右)負担重量は、馬齢重量
202601010705,2026,札幌,1,7,5,2026-08-15,https://www.jra.go.jp/datafile/seiseki/report/2026/2026-1sapporo7.pdf,3237ec01856729ba9a3444646e56da215e6d777f72d93cf3170ee00658a3548b,official_race_marker_verified,1200,flat,turf,,right,0.0,Newcomer,0.0,0,12002歳新馬発走12時20分(芝・右)負担重量は、馬齢重量
202601010706,2026,札幌,1,7,6,2026-08-15,https://www.jra.go.jp/datafile/seiseki/report/2026/2026-1sapporo7.pdf,3237ec01856729ba9a3444646e56da215e6d777f72d93cf3170ee00658a3548b,official_race_marker_verified,1500,flat,turf,,right,0.0,Maiden,0.0,0,15003歳未勝利発走12時50分(芝・右)負担重量は、馬齢重量
202601010707,2026,札幌,1,7,7,2026-08-15,https://www.jra.go.jp/datafile/seiseki/report/2026/2026-1sapporo7.pdf,3237ec01856729ba9a3444646e56da215e6d777f72d93cf3170ee00658a3548b,official_race_marker_verified,2000,flat,turf,,right,,Class1,0.0,0,20003歳以上1勝クラス発走13時20分(芝・右)牝;負担重量は、3歳534歳以上56
202601010708,2026,札幌,1,7,8,2026-08-15,https://www.jra.go.jp/datafile/seiseki/report/2026/2026-1sapporo7.pdf,3237ec01856729ba9a3444646e56da215e6d777f72d93cf3170ee00658a3548b,official_race_marker_verified,1700,flat,dirt,,right,,Class1,0.0,0,17003歳以上1勝クラス発走13時50分(ダート・右)負担重量は、3歳554歳以上58、牝馬2減
202601010709,2026,札幌,1,7,9,2026-08-15,https://www.jra.go.jp/datafile/seiseki/report/2026/2026-1sapporo7.pdf,3237ec01856729ba9a3444646e56da215e6d777f72d93cf3170ee00658a3548b,official_race_marker_verified,1800,flat,turf,,right,,,,0,1800コスモス賞発走14時25分(芝・右)2歳;負担重量は、日本馬:馬齢重量、収得賞金800万円毎1増、:馬齢重量、重賞競走1着馬1増賞品
202601010710,2026,札幌,1,7,10,2026-08-15,https://www.jra.go.jp/datafile/seiseki/report/2026/2026-1sapporo7.pdf,3237ec01856729ba9a3444646e56da215e6d777f72d93cf3170ee00658a3548b,official_race_marker_verified,1200,flat,turf,,right,,Class2,0.0,0,1200しれとこ知床特別発走15時00分(芝・右)牝、3歳以上、2勝クラス;負担重量は、3歳544歳以上56賞品
202601010711,2026,札幌,1,7,11,2026-08-15,https://www.jra.go.jp/datafile/seiseki/report/2026/2026-1sapporo7.pdf,3237ec01856729ba9a3444646e56da215e6d777f72d93cf3170ee00658a3548b,official_race_marker_verified,1700,flat,dirt,,right,1.0,Maiden,0.0,0,1700だいせつ報知杯大雪ハンデキャップ発走15時35分(ダート・右)3歳以上、3勝クラス、除未出走馬および未勝利馬;負担重量は、ハンデキャップ報知新聞社賞(1着)賞品
202601010712,2026,札幌,1,7,12,2026-08-15,https://www.jra.go.jp/datafile/seiseki/report/2026/2026-1sapporo7.pdf,3237ec01856729ba9a3444646e56da215e6d777f72d93cf3170ee00658a3548b,official_race_marker_verified,2600,flat,turf,,right,,Class1,0.0,0,2600しゃこたん積丹特別発走16時15分(芝・右)3歳以上、1勝クラス;負担重量は、3歳554歳以上58、牝馬2減賞品
202601010801,2026,札幌,1,8,1,2026-08-16,https://www.jra.go.jp/datafile/seiseki/report/2026/2026-1sapporo8.pdf,5ea9ac6eebe8a4a0450ee7acf254c37e266b4b830407bcd8359992ed8b44d67c,official_race_marker_verified,1700,flat,dirt,,right,0.0,Maiden,0.0,0,17003歳未勝利発走10時00分(ダート・右)牝;負担重量は、馬齢重量
202601010802,2026,札幌,1,8,2,2026-08-16,https://www.jra.go.jp/datafile/seiseki/report/2026/2026-1sapporo8.pdf,5ea9ac6eebe8a4a0450ee7acf254c37e266b4b830407bcd8359992ed8b44d67c,official_race_marker_verified,1200,flat,turf,,right,0.0,Maiden,0.0,0,12002歳未勝利発走10時30分(芝・右)負担重量は、馬齢重量
202601010803,2026,札幌,1,8,3,2026-08-16,https://www.jra.go.jp/datafile/seiseki/report/2026/2026-1sapporo8.pdf,5ea9ac6eebe8a4a0450ee7acf254c37e266b4b830407bcd8359992ed8b44d67c,official_race_marker_verified,1800,flat,turf,,right,,Class1,0.0,0,18003歳以上1勝クラス発走11時00分(芝・右)負担重量は、3歳554歳以上58、牝馬2減
202601010804,2026,札幌,1,8,4,2026-08-16,https://www.jra.go.jp/datafile/seiseki/report/2026/2026-1sapporo8.pdf,5ea9ac6eebe8a4a0450ee7acf254c37e266b4b830407bcd8359992ed8b44d67c,official_race_marker_verified,1700,flat,dirt,,right,0.0,Maiden,0.0,0,17003歳未勝利発走11時30分(ダート・右)負担重量は、馬齢重量
202601010805,2026,札幌,1,8,5,2026-08-16,https://www.jra.go.jp/datafile/seiseki/report/2026/2026-1sapporo8.pdf,5ea9ac6eebe8a4a0450ee7acf254c37e266b4b830407bcd8359992ed8b44d67c,official_race_marker_verified,1800,flat,turf,,right,0.0,Newcomer,0.0,0,18002歳新馬発走12時20分(芝・右)負担重量は、馬齢重量
202601010806,2026,札幌,1,8,6,2026-08-16,https://www.jra.go.jp/datafile/seiseki/report/2026/2026-1sapporo8.pdf,5ea9ac6eebe8a4a0450ee7acf254c37e266b4b830407bcd8359992ed8b44d67c,official_race_marker_verified,1000,flat,dirt,,right,,Class1,0.0,0,10003歳以上1勝クラス発走12時50分(ダート・右)負担重量は、3歳564歳以上58、牝馬2減
202601010807,2026,札幌,1,8,7,2026-08-16,https://www.jra.go.jp/datafile/seiseki/report/2026/2026-1sapporo8.pdf,5ea9ac6eebe8a4a0450ee7acf254c37e266b4b830407bcd8359992ed8b44d67c,official_race_marker_verified,2000,flat,turf,,right,0.0,Maiden,0.0,0,20003歳未勝利発走13時25分(芝・右)負担重量は、馬齢重量
202601010808,2026,札幌,1,8,8,2026-08-16,https://www.jra.go.jp/datafile/seiseki/report/2026/2026-1sapporo8.pdf,5ea9ac6eebe8a4a0450ee7acf254c37e266b4b830407bcd8359992ed8b44d67c,official_race_marker_verified,1700,flat,dirt,,right,,Class1,0.0,0,17003歳以上1勝クラス発走14時00分(ダート・右)負担重量は、3歳554歳以上58、牝馬2減
202601010809,2026,札幌,1,8,9,2026-08-16,https://www.jra.go.jp/datafile/seiseki/report/2026/2026-1sapporo8.pdf,5ea9ac6eebe8a4a0450ee7acf254c37e266b4b830407bcd8359992ed8b44d67c,official_race_marker_verified,1200,flat,turf,,right,,Class1,0.0,0,1200おたる小特別発走14時35分(芝・右)3歳以上、1勝クラス;負担重量は、3歳564歳以上58、牝馬2減賞品
202601010810,2026,札幌,1,8,10,2026-08-16,https://www.jra.go.jp/datafile/seiseki/report/2026/2026-1sapporo8.pdf,5ea9ac6eebe8a4a0450ee7acf254c37e266b4b830407bcd8359992ed8b44d67c,official_race_marker_verified,1000,flat,dirt,,right,,Class2,0.0,0,1000おおどおりこうえん大通公園特別発走15時10分(ダート・右)3歳以上、2勝クラス;負担重量は、3歳564歳以上58、牝馬2減賞品
202601010811,2026,札幌,1,8,11,2026-08-16,https://www.jra.go.jp/datafile/seiseki/report/2026/2026-1sapporo8.pdf,5ea9ac6eebe8a4a0450ee7acf254c37e266b4b830407bcd8359992ed8b44d67c,official_race_marker_verified,2000,flat,turf,,right,,Open,1.0,1,サマー2000シリーズ2000第62回札幌記念(GII)発走15時45分(芝・右)3歳以上、除未出走馬および未勝利馬;負担重量は、3歳554歳以上58、牝馬2減札幌市長賞・札幌馬主協会会長賞(1着)賞品
202601010812,2026,札幌,1,8,12,2026-08-16,https://www.jra.go.jp/datafile/seiseki/report/2026/2026-1sapporo8.pdf,5ea9ac6eebe8a4a0450ee7acf254c37e266b4b830407bcd8359992ed8b44d67c,official_race_marker_verified,2600,flat,turf,,right,,Class2,0.0,0,2600あかんこ阿寒湖特別発走16時30分(芝・右)3歳以上、2勝クラス;負担重量は、3歳554歳以上58、牝馬2減賞品
202601020101,2026,札幌,2,1,1,2026-08-22,https://www.jra.go.jp/datafile/seiseki/report/2026/2026-2sapporo1.pdf,94557aa158824a5b74208529d5b552c81c9859949b6f72f5aa80dae5a3547a20,official_race_marker_verified,1700,flat,dirt,,right,0.0,Maiden,0.0,0,17002歳未勝利発走10時00分(ダート・右)負担重量は、馬齢重量
202601020102,2026,札幌,2,1,2,2026-08-22,https://www.jra.go.jp/datafile/seiseki/report/2026/2026-2sapporo1.pdf,94557aa158824a5b74208529d5b552c81c9859949b6f72f5aa80dae5a3547a20,official_race_marker_verified,1800,flat,turf,,right,0.0,Maiden,0.0,0,18002歳未勝利発走10時30分(芝・右)負担重量は、馬齢重量
202601020103,2026,札幌,2,1,3,2026-08-22,https://www.jra.go.jp/datafile/seiseki/report/2026/2026-2sapporo1.pdf,94557aa158824a5b74208529d5b552c81c9859949b6f72f5aa80dae5a3547a20,official_race_marker_verified,1700,flat,dirt,,right,0.0,Maiden,0.0,0,17003歳未勝利発走11時00分(ダート・右)負担重量は、馬齢重量
202601020104,2026,札幌,2,1,4,2026-08-22,https://www.jra.go.jp/datafile/seiseki/report/2026/2026-2sapporo1.pdf,94557aa158824a5b74208529d5b552c81c9859949b6f72f5aa80dae5a3547a20,official_race_marker_verified,2000,flat,turf,,right,0.0,Maiden,0.0,0,20003歳未勝利発走11時30分(芝・右)負担重量は、馬齢重量
202601020105,2026,札幌,2,1,5,2026-08-22,https://www.jra.go.jp/datafile/seiseki/report/2026/2026-2sapporo1.pdf,94557aa158824a5b74208529d5b552c81c9859949b6f72f5aa80dae5a3547a20,official_race_marker_verified,1500,flat,turf,,right,0.0,Newcomer,0.0,0,15002歳新馬発走12時20分(芝・右)負担重量は、馬齢重量
202601020106,2026,札幌,2,1,6,2026-08-22,https://www.jra.go.jp/datafile/seiseki/report/2026/2026-2sapporo1.pdf,94557aa158824a5b74208529d5b552c81c9859949b6f72f5aa80dae5a3547a20,official_race_marker_verified,2600,flat,turf,,right,0.0,Maiden,0.0,0,26003歳未勝利発走12時50分(芝・右)負担重量は、馬齢重量
202601020107,2026,札幌,2,1,7,2026-08-22,https://www.jra.go.jp/datafile/seiseki/report/2026/2026-2sapporo1.pdf,94557aa158824a5b74208529d5b552c81c9859949b6f72f5aa80dae5a3547a20,official_race_marker_verified,1000,flat,dirt,,right,,Class1,0.0,0,10003歳以上1勝クラス発走13時25分(ダート・右)負担重量は、3歳564歳以上58、牝馬2減
202601020108,2026,札幌,2,1,8,2026-08-22,https://www.jra.go.jp/datafile/seiseki/report/2026/2026-2sapporo1.pdf,94557aa158824a5b74208529d5b552c81c9859949b6f72f5aa80dae5a3547a20,official_race_marker_verified,1700,flat,dirt,,right,,Class1,0.0,0,17003歳以上1勝クラス発走14時00分(ダート・右)牝;負担重量は、3歳534歳以上56
202601020109,2026,札幌,2,1,9,2026-08-22,https://www.jra.go.jp/datafile/seiseki/report/2026/2026-2sapporo1.pdf,94557aa158824a5b74208529d5b552c81c9859949b6f72f5aa80dae5a3547a20,official_race_marker_verified,1500,flat,turf,,right,,,,0,1500クローバー賞発走14時35分(芝・右)2歳;負担重量は、日本馬:馬齢重量、収得賞金800万円毎1増、:馬齢重量、重賞競走1着馬1増賞品
202601020110,2026,札幌,2,1,10,2026-08-22,https://www.jra.go.jp/datafile/seiseki/report/2026/2026-2sapporo1.pdf,94557aa158824a5b74208529d5b552c81c9859949b6f72f5aa80dae5a3547a20,official_race_marker_verified,1200,flat,turf,,right,,Class2,0.0,0,12002026ワールドオールスタージョッキーズ第1戦発走15時10分(国際騎手招待)(芝・右)3歳以上、2勝クラス;負担重量は、3歳564歳以上58、牝馬2減賞品
202601020111,2026,札幌,2,1,11,2026-08-22,https://www.jra.go.jp/datafile/seiseki/report/2026/2026-2sapporo1.pdf,94557aa158824a5b74208529d5b552c81c9859949b6f72f5aa80dae5a3547a20,official_race_marker_verified,2000,flat,turf,,right,,Maiden,0.0,0,20002026ワールドオールスタージョッキーズ第2戦発走15時45分(国際騎手招待)(芝・右)3歳以上、3勝クラス、除未出走馬および未勝利馬;負担重量は、3歳564歳以上58、牝馬2減賞品
202601020112,2026,札幌,2,1,12,2026-08-22,https://www.jra.go.jp/datafile/seiseki/report/2026/2026-2sapporo1.pdf,94557aa158824a5b74208529d5b552c81c9859949b6f72f5aa80dae5a3547a20,official_race_marker_verified,1700,flat,dirt,,right,,Class1,0.0,0,1700ニセコ特別発走16時20分(ダート・右)3歳以上、1勝クラス;負担重量は、3歳554歳以上58、牝馬2減賞品
202601020201,2026,札幌,2,2,1,2026-08-23,https://www.jra.go.jp/datafile/seiseki/report/2026/2026-2sapporo2.pdf,582783ceb1e10647a6f20613185c8eb79121a8ddfcf89e73d3f48034e7687a84,official_race_marker_verified,1000,flat,dirt,,right,0.0,Maiden,0.0,0,10003歳未勝利発走10時00分(ダート・右)牝;負担重量は、馬齢重量
202601020202,2026,札幌,2,2,2,2026-08-23,https://www.jra.go.jp/datafile/seiseki/report/2026/2026-2sapporo2.pdf,582783ceb1e10647a6f20613185c8eb79121a8ddfcf89e73d3f48034e7687a84,official_race_marker_verified,1500,flat,turf,,right,0.0,Maiden,0.0,0,15002歳未勝利発走10時30分(芝・右)負担重量は、馬齢重量
202601020203,2026,札幌,2,2,3,2026-08-23,https://www.jra.go.jp/datafile/seiseki/report/2026/2026-2sapporo2.pdf,582783ceb1e10647a6f20613185c8eb79121a8ddfcf89e73d3f48034e7687a84,official_race_marker_verified,1700,flat,dirt,,right,0.0,Maiden,0.0,0,17003歳未勝利発走11時00分(ダート・右)負担重量は、馬齢重量
202601020204,2026,札幌,2,2,4,2026-08-23,https://www.jra.go.jp/datafile/seiseki/report/2026/2026-2sapporo2.pdf,582783ceb1e10647a6f20613185c8eb79121a8ddfcf89e73d3f48034e7687a84,official_race_marker_verified,1200,flat,turf,,right,0.0,Maiden,0.0,0,12003歳未勝利発走11時30分(芝・右)負担重量は、馬齢重量
202601020205,2026,札幌,2,2,5,2026-08-23,https://www.jra.go.jp/datafile/seiseki/report/2026/2026-2sapporo2.pdf,582783ceb1e10647a6f20613185c8eb79121a8ddfcf89e73d3f48034e7687a84,official_race_marker_verified,2000,flat,turf,,right,0.0,Newcomer,0.0,0,20002歳新馬発走12時20分(芝・右)負担重量は、馬齢重量
202601020206,2026,札幌,2,2,6,2026-08-23,https://www.jra.go.jp/datafile/seiseki/report/2026/2026-2sapporo2.pdf,582783ceb1e10647a6f20613185c8eb79121a8ddfcf89e73d3f48034e7687a84,official_race_marker_verified,1500,flat,turf,,right,,Class1,0.0,0,15003歳以上1勝クラス発走12時50分(芝・右)負担重量は、3歳554歳以上58、牝馬2減
202601020207,2026,札幌,2,2,7,2026-08-23,https://www.jra.go.jp/datafile/seiseki/report/2026/2026-2sapporo2.pdf,582783ceb1e10647a6f20613185c8eb79121a8ddfcf89e73d3f48034e7687a84,official_race_marker_verified,2400,flat,dirt,,right,,Class1,0.0,0,24003歳以上1勝クラス発走13時25分(ダート・右)負担重量は、3歳554歳以上58、牝馬2減
202601020208,2026,札幌,2,2,8,2026-08-23,https://www.jra.go.jp/datafile/seiseki/report/2026/2026-2sapporo2.pdf,582783ceb1e10647a6f20613185c8eb79121a8ddfcf89e73d3f48034e7687a84,official_race_marker_verified,1800,flat,turf,,right,,Class1,0.0,0,18003歳以上1勝クラス発走14時00分(芝・右)負担重量は、3歳554歳以上58、牝馬2減
202601020209,2026,札幌,2,2,9,2026-08-23,https://www.jra.go.jp/datafile/seiseki/report/2026/2026-2sapporo2.pdf,582783ceb1e10647a6f20613185c8eb79121a8ddfcf89e73d3f48034e7687a84,official_race_marker_verified,2000,flat,turf,,right,,Class1,0.0,0,2000ルスツ特別発走14時35分(芝・右)3歳以上、1勝クラス;負担重量は、3歳554歳以上58、牝馬2減賞品
202601020210,2026,札幌,2,2,10,2026-08-23,https://www.jra.go.jp/datafile/seiseki/report/2026/2026-2sapporo2.pdf,582783ceb1e10647a6f20613185c8eb79121a8ddfcf89e73d3f48034e7687a84,official_race_marker_verified,1700,flat,dirt,,right,,Class2,0.0,0,17002026ワールドオールスタージョッキーズ第3戦発走15時10分(国際騎手招待)(ダート・右)3歳以上、2勝クラス;負担重量は、3歳564歳以上58、牝馬2減賞品
202601020211,2026,札幌,2,2,11,2026-08-23,https://www.jra.go.jp/datafile/seiseki/report/2026/2026-2sapporo2.pdf,582783ceb1e10647a6f20613185c8eb79121a8ddfcf89e73d3f48034e7687a84,official_race_marker_verified,1200,flat,turf,,right,,Open,1.0,1,サマースプリントシリーズ1200第21回キーンランドカップ(GIII)発走15時45分(芝・右)3歳以上、除未出走馬および未勝利馬;負担重量は、3歳554歳以上57、牝馬2減、2025.8.23以降GI競走(牝馬限定競走を除く)1着馬2増、牝馬限定GI競走またはGII競走(牝馬限定競走を除く)1着馬1増、2025.8.22以前のGI競走(牝馬限定競走を除く)1着馬1増(ただし2歳時の成績を除く)キーンランド協会賞・札幌馬主協会会長賞(1着)賞品
202601020212,2026,札幌,2,2,12,2026-08-23,https://www.jra.go.jp/datafile/seiseki/report/2026/2026-2sapporo2.pdf,582783ceb1e10647a6f20613185c8eb79121a8ddfcf89e73d3f48034e7687a84,official_race_marker_verified,1800,flat,turf,,right,,Class2,0.0,0,18002026ワールドオールスタージョッキーズ第4戦発走16時20分(国際騎手招待)(芝・右)3歳以上、2勝クラス;負担重量は、3歳564歳以上58、牝馬2減賞品
202601020301,2026,札幌,2,3,1,2026-08-29,https://www.jra.go.jp/datafile/seiseki/report/2026/2026-2sapporo3.pdf,4876e56dedb3acccc883ccb1e9fafb3ab4de319de7a9e6ee82930265df186d07,official_race_marker_verified,1700,flat,dirt,,right,0.0,Maiden,0.0,0,17003歳未勝利発走10時00分(ダート・右)負担重量は、馬齢重量
202601020302,2026,札幌,2,3,2,2026-08-29,https://www.jra.go.jp/datafile/seiseki/report/2026/2026-2sapporo3.pdf,4876e56dedb3acccc883ccb1e9fafb3ab4de319de7a9e6ee82930265df186d07,official_race_marker_verified,1500,flat,turf,,right,0.0,Maiden,0.0,0,15002歳未勝利発走10時30分(芝・右)牝;負担重量は、馬齢重量
202601020303,2026,札幌,2,3,3,2026-08-29,https://www.jra.go.jp/datafile/seiseki/report/2026/2026-2sapporo3.pdf,4876e56dedb3acccc883ccb1e9fafb3ab4de319de7a9e6ee82930265df186d07,official_race_marker_verified,1800,flat,turf,,right,0.0,Maiden,0.0,0,18002歳未勝利発走11時00分(芝・右)負担重量は、馬齢重量
202601020304,2026,札幌,2,3,4,2026-08-29,https://www.jra.go.jp/datafile/seiseki/report/2026/2026-2sapporo3.pdf,4876e56dedb3acccc883ccb1e9fafb3ab4de319de7a9e6ee82930265df186d07,official_race_marker_verified,1000,flat,dirt,,right,0.0,Maiden,0.0,0,10003歳未勝利発走11時30分(ダート・右)負担重量は、馬齢重量
202601020305,2026,札幌,2,3,5,2026-08-29,https://www.jra.go.jp/datafile/seiseki/report/2026/2026-2sapporo3.pdf,4876e56dedb3acccc883ccb1e9fafb3ab4de319de7a9e6ee82930265df186d07,official_race_marker_verified,1700,flat,dirt,,right,0.0,Newcomer,0.0,0,17002歳新馬発走12時20分(ダート・右)負担重量は、馬齢重量
202601020306,2026,札幌,2,3,6,2026-08-29,https://www.jra.go.jp/datafile/seiseki/report/2026/2026-2sapporo3.pdf,4876e56dedb3acccc883ccb1e9fafb3ab4de319de7a9e6ee82930265df186d07,official_race_marker_verified,1500,flat,turf,,right,0.0,Maiden,0.0,0,15003歳未勝利発走12時50分(芝・右)負担重量は、馬齢重量
202601020307,2026,札幌,2,3,7,2026-08-29,https://www.jra.go.jp/datafile/seiseki/report/2026/2026-2sapporo3.pdf,4876e56dedb3acccc883ccb1e9fafb3ab4de319de7a9e6ee82930265df186d07,official_race_marker_verified,1200,flat,turf,,right,,Class1,0.0,0,12003歳以上1勝クラス発走13時20分(芝・右)負担重量は、3歳564歳以上58、牝馬2減
202601020308,2026,札幌,2,3,8,2026-08-29,https://www.jra.go.jp/datafile/seiseki/report/2026/2026-2sapporo3.pdf,4876e56dedb3acccc883ccb1e9fafb3ab4de319de7a9e6ee82930265df186d07,official_race_marker_verified,1700,flat,dirt,,right,,Class1,0.0,0,17003歳以上1勝クラス発走13時50分(ダート・右)負担重量は、3歳554歳以上58、牝馬2減
202601020309,2026,札幌,2,3,9,2026-08-29,https://www.jra.go.jp/datafile/seiseki/report/2026/2026-2sapporo3.pdf,4876e56dedb3acccc883ccb1e9fafb3ab4de319de7a9e6ee82930265df186d07,official_race_marker_verified,1800,flat,turf,,right,,Class1,0.0,0,18003歳以上1勝クラス発走14時20分(芝・右)負担重量は、3歳554歳以上58、牝馬2減
202601020310,2026,札幌,2,3,10,2026-08-29,https://www.jra.go.jp/datafile/seiseki/report/2026/2026-2sapporo3.pdf,4876e56dedb3acccc883ccb1e9fafb3ab4de319de7a9e6ee82930265df186d07,official_race_marker_verified,1200,flat,turf,,right,,,,0,1200すずらん賞発走14時50分(芝・右)2歳;負担重量は、日本馬:馬齢重量、収得賞金800万円毎1増、:馬齢重量、重賞競走1着馬1増賞品
202601020311,2026,札幌,2,3,11,2026-08-29,https://www.jra.go.jp/datafile/seiseki/report/2026/2026-2sapporo3.pdf,4876e56dedb3acccc883ccb1e9fafb3ab4de319de7a9e6ee82930265df186d07,official_race_marker_verified,2000,flat,turf,,right,,Class2,0.0,0,2000札幌日刊スポーツ杯発走15時25分(芝・右)3歳以上、2勝クラス;負担重量は、3歳554歳以上58、牝馬2減日刊スポーツ賞(1着)賞品
202601020312,2026,札幌,2,3,12,2026-08-29,https://www.jra.go.jp/datafile/seiseki/report/2026/2026-2sapporo3.pdf,4876e56dedb3acccc883ccb1e9fafb3ab4de319de7a9e6ee82930265df186d07,official_race_marker_verified,1700,flat,dirt,,right,,Class2,0.0,0,1700ちとせ千歳特別発走16時00分(ダート・右)3歳以上、2勝クラス;負担重量は、3歳554歳以上58、牝馬2減賞品
202601020401,2026,札幌,2,4,1,2026-08-30,https://www.jra.go.jp/datafile/seiseki/report/2026/2026-2sapporo4.pdf,58a64f03446ef20b096671abd78a25282df394a11460d40b6a89833e084c8505,official_race_marker_verified,1700,flat,dirt,,right,0.0,Maiden,0.0,0,17003歳未勝利発走10時00分(ダート・右)牝;負担重量は、馬齢重量
202601020402,2026,札幌,2,4,2,2026-08-30,https://www.jra.go.jp/datafile/seiseki/report/2026/2026-2sapporo4.pdf,58a64f03446ef20b096671abd78a25282df394a11460d40b6a89833e084c8505,official_race_marker_verified,1200,flat,turf,,right,0.0,Maiden,0.0,0,12002歳未勝利発走10時30分(芝・右)負担重量は、馬齢重量
202601020403,2026,札幌,2,4,3,2026-08-30,https://www.jra.go.jp/datafile/seiseki/report/2026/2026-2sapporo4.pdf,58a64f03446ef20b096671abd78a25282df394a11460d40b6a89833e084c8505,official_race_marker_verified,1700,flat,dirt,,right,0.0,Maiden,0.0,0,17003歳未勝利発走11時00分(ダート・右)負担重量は、馬齢重量
202601020404,2026,札幌,2,4,4,2026-08-30,https://www.jra.go.jp/datafile/seiseki/report/2026/2026-2sapporo4.pdf,58a64f03446ef20b096671abd78a25282df394a11460d40b6a89833e084c8505,official_race_marker_verified,2000,flat,turf,,right,0.0,Maiden,0.0,0,20003歳未勝利発走11時30分(芝・右)負担重量は、馬齢重量
202601020405,2026,札幌,2,4,5,2026-08-30,https://www.jra.go.jp/datafile/seiseki/report/2026/2026-2sapporo4.pdf,58a64f03446ef20b096671abd78a25282df394a11460d40b6a89833e084c8505,official_race_marker_verified,1800,flat,turf,,right,0.0,Newcomer,0.0,0,18002歳新馬発走12時20分(芝・右)負担重量は、馬齢重量
202601020406,2026,札幌,2,4,6,2026-08-30,https://www.jra.go.jp/datafile/seiseki/report/2026/2026-2sapporo4.pdf,58a64f03446ef20b096671abd78a25282df394a11460d40b6a89833e084c8505,official_race_marker_verified,1700,flat,dirt,,right,,Class1,0.0,0,17003歳以上1勝クラス発走12時50分(ダート・右)牝;負担重量は、3歳534歳以上56
202601020407,2026,札幌,2,4,7,2026-08-30,https://www.jra.go.jp/datafile/seiseki/report/2026/2026-2sapporo4.pdf,58a64f03446ef20b096671abd78a25282df394a11460d40b6a89833e084c8505,official_race_marker_verified,1000,flat,dirt,,right,,Class1,0.0,0,10003歳以上1勝クラス発走13時20分(ダート・右)負担重量は、3歳564歳以上58、牝馬2減
202601020408,2026,札幌,2,4,8,2026-08-30,https://www.jra.go.jp/datafile/seiseki/report/2026/2026-2sapporo4.pdf,58a64f03446ef20b096671abd78a25282df394a11460d40b6a89833e084c8505,official_race_marker_verified,1500,flat,turf,,right,,Class1,0.0,0,15003歳以上1勝クラス発走13時50分(芝・右)負担重量は、3歳554歳以上58、牝馬2減
202601020409,2026,札幌,2,4,9,2026-08-30,https://www.jra.go.jp/datafile/seiseki/report/2026/2026-2sapporo4.pdf,58a64f03446ef20b096671abd78a25282df394a11460d40b6a89833e084c8505,official_race_marker_verified,1700,flat,dirt,,right,,Class1,0.0,0,17003歳以上1勝クラス発走14時20分(ダート・右)負担重量は、3歳554歳以上58、牝馬2減
202601020410,2026,札幌,2,4,10,2026-08-30,https://www.jra.go.jp/datafile/seiseki/report/2026/2026-2sapporo4.pdf,58a64f03446ef20b096671abd78a25282df394a11460d40b6a89833e084c8505,official_race_marker_verified,1200,flat,turf,,right,1.0,Class2,0.0,0,1200HBC賞発走14時50分(芝・右)3歳以上、2勝クラス;負担重量は、ハンデキャップ北海道放送賞(1着)賞品
202601020411,2026,札幌,2,4,11,2026-08-30,https://www.jra.go.jp/datafile/seiseki/report/2026/2026-2sapporo4.pdf,58a64f03446ef20b096671abd78a25282df394a11460d40b6a89833e084c8505,official_race_marker_verified,1500,flat,turf,,right,,Maiden,0.0,0,1500ひだか日高ステークス発走15時25分(芝・右)3歳以上、3勝クラス、除未出走馬および未勝利馬;負担重量は、3歳554歳以上58、牝馬2減日高軽種馬共同育成公社賞(1着)賞品
202601020412,2026,札幌,2,4,12,2026-08-30,https://www.jra.go.jp/datafile/seiseki/report/2026/2026-2sapporo4.pdf,58a64f03446ef20b096671abd78a25282df394a11460d40b6a89833e084c8505,official_race_marker_verified,2600,flat,turf,,right,,Class1,0.0,0,2600ほくしん北辰特別発走16時00分(芝・右)3歳以上、1勝クラス;負担重量は、3歳554歳以上58、牝馬2減賞品
202601020501,2026,札幌,2,5,1,2026-09-05,https://www.jra.go.jp/datafile/seiseki/report/2026/2026-2sapporo5.pdf,2476f245c75b47d4ded75f3ce88877a6d1053bf951e4d3a54a0cf70b36413108,official_race_marker_verified,1700,flat,dirt,,right,0.0,Maiden,0.0,0,17002歳未勝利発走9時50分(ダート・右)負担重量は、馬齢重量
202601020502,2026,札幌,2,5,2,2026-09-05,https://www.jra.go.jp/datafile/seiseki/report/2026/2026-2sapporo5.pdf,2476f245c75b47d4ded75f3ce88877a6d1053bf951e4d3a54a0cf70b36413108,official_race_marker_verified,1200,flat,turf,,right,0.0,Maiden,0.0,0,12002歳未勝利発走10時20分(芝・右)負担重量は、馬齢重量
202601020503,2026,札幌,2,5,3,2026-09-05,https://www.jra.go.jp/datafile/seiseki/report/2026/2026-2sapporo5.pdf,2476f245c75b47d4ded75f3ce88877a6d1053bf951e4d3a54a0cf70b36413108,official_race_marker_verified,1000,flat,dirt,,right,0.0,Maiden,0.0,0,10003歳未勝利発走10時50分(ダート・右)負担重量は、馬齢重量
202601020504,2026,札幌,2,5,4,2026-09-05,https://www.jra.go.jp/datafile/seiseki/report/2026/2026-2sapporo5.pdf,2476f245c75b47d4ded75f3ce88877a6d1053bf951e4d3a54a0cf70b36413108,official_race_marker_verified,1700,flat,dirt,,right,0.0,Maiden,0.0,0,17003歳未勝利発走11時20分(ダート・右)負担重量は、馬齢重量
202601020505,2026,札幌,2,5,5,2026-09-05,https://www.jra.go.jp/datafile/seiseki/report/2026/2026-2sapporo5.pdf,2476f245c75b47d4ded75f3ce88877a6d1053bf951e4d3a54a0cf70b36413108,official_race_marker_verified,1500,flat,turf,,right,0.0,Newcomer,0.0,0,15002歳新馬発走12時10分(芝・右)負担重量は、馬齢重量
202601020506,2026,札幌,2,5,6,2026-09-05,https://www.jra.go.jp/datafile/seiseki/report/2026/2026-2sapporo5.pdf,2476f245c75b47d4ded75f3ce88877a6d1053bf951e4d3a54a0cf70b36413108,official_race_marker_verified,2000,flat,turf,,right,0.0,Maiden,0.0,0,20003歳未勝利発走12時40分(芝・右)負担重量は、馬齢重量
202601020507,2026,札幌,2,5,7,2026-09-05,https://www.jra.go.jp/datafile/seiseki/report/2026/2026-2sapporo5.pdf,2476f245c75b47d4ded75f3ce88877a6d1053bf951e4d3a54a0cf70b36413108,official_race_marker_verified,1800,flat,turf,,right,,Class1,0.0,0,18003歳以上1勝クラス発走13時10分(芝・右)牝;負担重量は、3歳534歳以上56
202601020508,2026,札幌,2,5,8,2026-09-05,https://www.jra.go.jp/datafile/seiseki/report/2026/2026-2sapporo5.pdf,2476f245c75b47d4ded75f3ce88877a6d1053bf951e4d3a54a0cf70b36413108,official_race_marker_verified,1700,flat,dirt,,right,,Class1,0.0,0,17003歳以上1勝クラス発走13時40分(ダート・右)負担重量は、3歳554歳以上58、牝馬2減
202601020509,2026,札幌,2,5,9,2026-09-05,https://www.jra.go.jp/datafile/seiseki/report/2026/2026-2sapporo5.pdf,2476f245c75b47d4ded75f3ce88877a6d1053bf951e4d3a54a0cf70b36413108,official_race_marker_verified,2000,flat,turf,,right,,Class1,0.0,0,2000Fビレッジ特別発走14時10分(芝・右)3歳以上、1勝クラス;負担重量は、3歳554歳以上58、牝馬2減賞品
202601020510,2026,札幌,2,5,10,2026-09-05,https://www.jra.go.jp/datafile/seiseki/report/2026/2026-2sapporo5.pdf,2476f245c75b47d4ded75f3ce88877a6d1053bf951e4d3a54a0cf70b36413108,official_race_marker_verified,1200,flat,turf,,right,,Class2,0.0,0,1200札幌スポニチ賞発走14時45分(芝・右)3歳以上、2勝クラス;負担重量は、3歳564歳以上58、牝馬2減スポーツニッポン新聞社賞(1着)賞品
202601020511,2026,札幌,2,5,11,2026-09-05,https://www.jra.go.jp/datafile/seiseki/report/2026/2026-2sapporo5.pdf,2476f245c75b47d4ded75f3ce88877a6d1053bf951e4d3a54a0cf70b36413108,official_race_marker_verified,1800,flat,turf,,right,0.0,Open,1.0,1,第61回農林水産省賞典1800札幌2歳ステークス(GIII)発走15時20分(芝・右)2歳;負担重量は、馬齢重量農林水産大臣賞・北海道知事賞・札幌馬主協会会長賞(1着)賞品
202601020512,2026,札幌,2,5,12,2026-09-05,https://www.jra.go.jp/datafile/seiseki/report/2026/2026-2sapporo5.pdf,2476f245c75b47d4ded75f3ce88877a6d1053bf951e4d3a54a0cf70b36413108,official_race_marker_verified,1700,flat,dirt,,right,,Class1,0.0,0,17003歳以上1勝クラス発走16時05分(ダート・右)牝;負担重量は、3歳534歳以上56
202601020601,2026,札幌,2,6,1,2026-09-06,https://www.jra.go.jp/datafile/seiseki/report/2026/2026-2sapporo6.pdf,e2bf2a4814ab77deca6bec018ecdbcc3b4b57b5b07a796647fb5a723fdb57e03,official_race_marker_verified,1700,flat,dirt,,right,0.0,Maiden,0.0,0,17003歳未勝利発走9時50分(ダート・右)牝;負担重量は、馬齢重量
202601020602,2026,札幌,2,6,2,2026-09-06,https://www.jra.go.jp/datafile/seiseki/report/2026/2026-2sapporo6.pdf,e2bf2a4814ab77deca6bec018ecdbcc3b4b57b5b07a796647fb5a723fdb57e03,official_race_marker_verified,2000,flat,turf,,right,0.0,Maiden,0.0,0,20002歳未勝利発走10時20分(芝・右)負担重量は、馬齢重量
202601020603,2026,札幌,2,6,3,2026-09-06,https://www.jra.go.jp/datafile/seiseki/report/2026/2026-2sapporo6.pdf,e2bf2a4814ab77deca6bec018ecdbcc3b4b57b5b07a796647fb5a723fdb57e03,official_race_marker_verified,1700,flat,dirt,,right,0.0,Maiden,0.0,0,17003歳未勝利発走10時50分(ダート・右)負担重量は、馬齢重量
202601020604,2026,札幌,2,6,4,2026-09-06,https://www.jra.go.jp/datafile/seiseki/report/2026/2026-2sapporo6.pdf,e2bf2a4814ab77deca6bec018ecdbcc3b4b57b5b07a796647fb5a723fdb57e03,official_race_marker_verified,1200,flat,turf,,right,0.0,Maiden,0.0,0,12003歳未勝利発走11時20分(芝・右)負担重量は、馬齢重量
202601020605,2026,札幌,2,6,5,2026-09-06,https://www.jra.go.jp/datafile/seiseki/report/2026/2026-2sapporo6.pdf,e2bf2a4814ab77deca6bec018ecdbcc3b4b57b5b07a796647fb5a723fdb57e03,official_race_marker_verified,2000,flat,turf,,right,0.0,Maiden,0.0,0,20003歳未勝利発走12時10分(芝・右)負担重量は、馬齢重量
202601020606,2026,札幌,2,6,6,2026-09-06,https://www.jra.go.jp/datafile/seiseki/report/2026/2026-2sapporo6.pdf,e2bf2a4814ab77deca6bec018ecdbcc3b4b57b5b07a796647fb5a723fdb57e03,official_race_marker_verified,1000,flat,dirt,,right,,Class1,0.0,0,10003歳以上1勝クラス発走12時40分(ダート・右)負担重量は、3歳564歳以上58、牝馬2減
202601020607,2026,札幌,2,6,7,2026-09-06,https://www.jra.go.jp/datafile/seiseki/report/2026/2026-2sapporo6.pdf,e2bf2a4814ab77deca6bec018ecdbcc3b4b57b5b07a796647fb5a723fdb57e03,official_race_marker_verified,1200,flat,turf,,right,,Class1,0.0,0,12003歳以上1勝クラス発走13時10分(芝・右)負担重量は、3歳564歳以上58、牝馬2減
202601020608,2026,札幌,2,6,8,2026-09-06,https://www.jra.go.jp/datafile/seiseki/report/2026/2026-2sapporo6.pdf,e2bf2a4814ab77deca6bec018ecdbcc3b4b57b5b07a796647fb5a723fdb57e03,official_race_marker_verified,1500,flat,turf,,right,,Class1,0.0,0,15003歳以上1勝クラス発走13時40分(芝・右)負担重量は、3歳564歳以上58、牝馬2減
202601020609,2026,札幌,2,6,9,2026-09-06,https://www.jra.go.jp/datafile/seiseki/report/2026/2026-2sapporo6.pdf,e2bf2a4814ab77deca6bec018ecdbcc3b4b57b5b07a796647fb5a723fdb57e03,official_race_marker_verified,1700,flat,dirt,,right,,Class2,0.0,0,1700あさひかわ旭川特別発走14時10分(ダート・右)3歳以上、2勝クラス;負担重量は、3歳554歳以上58、牝馬2減賞品
202601020610,2026,札幌,2,6,10,2026-09-06,https://www.jra.go.jp/datafile/seiseki/report/2026/2026-2sapporo6.pdf,e2bf2a4814ab77deca6bec018ecdbcc3b4b57b5b07a796647fb5a723fdb57e03,official_race_marker_verified,1800,flat,turf,,right,,Class2,0.0,0,1800HTB賞発走14時45分(芝・右)3歳以上、2勝クラス;負担重量は、3歳554歳以上58、牝馬2減北海道テレビ放送賞(1着)賞品
202601020611,2026,札幌,2,6,11,2026-09-06,https://www.jra.go.jp/datafile/seiseki/report/2026/2026-2sapporo6.pdf,e2bf2a4814ab77deca6bec018ecdbcc3b4b57b5b07a796647fb5a723fdb57e03,official_race_marker_verified,2600,flat,turf,,right,1.0,Maiden,0.0,0,2600たんちょう丹頂ステークス発走15時20分(芝・右)3歳以上、除未出走馬および未勝利馬;負担重量は、ハンデキャップ賞品
202601020612,2026,札幌,2,6,12,2026-09-06,https://www.jra.go.jp/datafile/seiseki/report/2026/2026-2sapporo6.pdf,e2bf2a4814ab77deca6bec018ecdbcc3b4b57b5b07a796647fb5a723fdb57e03,official_race_marker_verified,1700,flat,dirt,,right,,Class1,0.0,0,17003歳以上1勝クラス発走16時05分(ダート・右)負担重量は、3歳554歳以上58、牝馬2減
202602010101,2026,函館,1,1,1,2026-06-13,https://www.jra.go.jp/datafile/seiseki/report/2026/2026-1hakodate1.pdf,e5972661566e65eb11ceaed1733f339c1f783b22e2a02b73cd051d008d84c5d2,official_race_marker_verified,1200,flat,turf,,right,0.0,Maiden,0.0,0,12003歳未勝利発走10時05分(芝・右)負担重量は、馬齢重量
202602010102,2026,函館,1,1,2,2026-06-13,https://www.jra.go.jp/datafile/seiseki/report/2026/2026-1hakodate1.pdf,e5972661566e65eb11ceaed1733f339c1f783b22e2a02b73cd051d008d84c5d2,official_race_marker_verified,1700,flat,dirt,,right,0.0,Maiden,0.0,0,17003歳未勝利発走10時35分(ダート・右)牝;負担重量は、馬齢重量
202602010103,2026,函館,1,1,3,2026-06-13,https://www.jra.go.jp/datafile/seiseki/report/2026/2026-1hakodate1.pdf,e5972661566e65eb11ceaed1733f339c1f783b22e2a02b73cd051d008d84c5d2,official_race_marker_verified,1000,flat,dirt,,right,0.0,Maiden,0.0,0,10003歳未勝利発走11時05分(ダート・右)負担重量は、馬齢重量
202602010104,2026,函館,1,1,4,2026-06-13,https://www.jra.go.jp/datafile/seiseki/report/2026/2026-1hakodate1.pdf,e5972661566e65eb11ceaed1733f339c1f783b22e2a02b73cd051d008d84c5d2,official_race_marker_verified,2600,flat,turf,,right,0.0,Maiden,0.0,0,26003歳未勝利発走11時40分(芝・右)負担重量は、馬齢重量
202602010105,2026,函館,1,1,5,2026-06-13,https://www.jra.go.jp/datafile/seiseki/report/2026/2026-1hakodate1.pdf,e5972661566e65eb11ceaed1733f339c1f783b22e2a02b73cd051d008d84c5d2,official_race_marker_verified,1200,flat,turf,,right,0.0,Newcomer,0.0,0,12002歳新馬発走12時30分(芝・右)負担重量は、馬齢重量
202602010106,2026,函館,1,1,6,2026-06-13,https://www.jra.go.jp/datafile/seiseki/report/2026/2026-1hakodate1.pdf,e5972661566e65eb11ceaed1733f339c1f783b22e2a02b73cd051d008d84c5d2,official_race_marker_verified,1700,flat,dirt,,right,0.0,Maiden,0.0,0,17003歳未勝利発走13時00分(ダート・右)負担重量は、馬齢重量
202602010107,2026,函館,1,1,7,2026-06-13,https://www.jra.go.jp/datafile/seiseki/report/2026/2026-1hakodate1.pdf,e5972661566e65eb11ceaed1733f339c1f783b22e2a02b73cd051d008d84c5d2,official_race_marker_verified,1200,flat,turf,,right,,Class1,0.0,0,12003歳以上1勝クラス発走13時30分(芝・右)負担重量は、3歳554歳以上58、牝馬2減
202602010108,2026,函館,1,1,8,2026-06-13,https://www.jra.go.jp/datafile/seiseki/report/2026/2026-1hakodate1.pdf,e5972661566e65eb11ceaed1733f339c1f783b22e2a02b73cd051d008d84c5d2,official_race_marker_verified,1000,flat,dirt,,right,,Class1,0.0,0,10003歳以上1勝クラス発走14時00分(ダート・右)負担重量は、3歳554歳以上58、牝馬2減
202602010109,2026,函館,1,1,9,2026-06-13,https://www.jra.go.jp/datafile/seiseki/report/2026/2026-1hakodate1.pdf,e5972661566e65eb11ceaed1733f339c1f783b22e2a02b73cd051d008d84c5d2,official_race_marker_verified,2000,flat,turf,,right,,Class1,0.0,0,2000おくしり奥尻特別発走14時30分(芝・右)3歳以上、1勝クラス;負担重量は、3歳554歳以上58、牝馬2減賞品
202602010110,2026,函館,1,1,10,2026-06-13,https://www.jra.go.jp/datafile/seiseki/report/2026/2026-1hakodate1.pdf,e5972661566e65eb11ceaed1733f339c1f783b22e2a02b73cd051d008d84c5d2,official_race_marker_verified,1800,flat,turf,,right,,Class2,0.0,0,1800まつまえ松前特別発走15時05分(芝・右)3歳以上、2勝クラス;負担重量は、3歳554歳以上58、牝馬2減賞品
202602010111,2026,函館,1,1,11,2026-06-13,https://www.jra.go.jp/datafile/seiseki/report/2026/2026-1hakodate1.pdf,e5972661566e65eb11ceaed1733f339c1f783b22e2a02b73cd051d008d84c5d2,official_race_marker_verified,1200,flat,turf,,right,,Open,1.0,1,サマースプリントシリーズ1200第33回函館スプリントステークス(GIII)発走15時45分(芝・右)3歳以上、除未出走馬および未勝利馬;負担重量は、3歳544歳以上57、牝馬2減、2025.6.14以降GI競走(牝馬限定競走を除く)1着馬3増、牝馬限定GI競走またはGII競走(牝馬限定競走を除く)1着馬2増、牝馬限定GII競走またはGIII競走(牝馬限定競走を除く)1着馬1増、2025.6.13以前のGI競走(牝馬限定競走を除く)1着馬2増、牝馬限定GI競走またはGII競走(牝馬限定競走を除く)1着馬1増(ただし2歳時の成績を除く)賞品
202602010112,2026,函館,1,1,12,2026-06-13,https://www.jra.go.jp/datafile/seiseki/report/2026/2026-1hakodate1.pdf,e5972661566e65eb11ceaed1733f339c1f783b22e2a02b73cd051d008d84c5d2,official_race_marker_verified,1700,flat,dirt,,right,,Class1,0.0,0,17003歳以上1勝クラス発走16時30分(ダート・右)負担重量は、3歳554歳以上58、牝馬2減
202602011001,2026,函館,1,10,1,2026-07-12,https://www.jra.go.jp/datafile/seiseki/report/2026/2026-1hakodate10.pdf,7c66e096541d218c8071edeca2ea4ac28227ee9d071d96723f0f25b9f91b64aa,official_race_marker_verified,1000,flat,dirt,,right,0.0,Maiden,0.0,0,10003歳未勝利発走9時50分(ダート・右)負担重量は、馬齢重量
202602011002,2026,函館,1,10,2,2026-07-12,https://www.jra.go.jp/datafile/seiseki/report/2026/2026-1hakodate10.pdf,7c66e096541d218c8071edeca2ea4ac28227ee9d071d96723f0f25b9f91b64aa,official_race_marker_verified,2000,flat,turf,,right,0.0,Maiden,0.0,0,20003歳未勝利発走10時20分(芝・右)牝;負担重量は、馬齢重量
202602011003,2026,函館,1,10,3,2026-07-12,https://www.jra.go.jp/datafile/seiseki/report/2026/2026-1hakodate10.pdf,7c66e096541d218c8071edeca2ea4ac28227ee9d071d96723f0f25b9f91b64aa,official_race_marker_verified,1700,flat,dirt,,right,0.0,Maiden,0.0,0,17003歳未勝利発走10時50分(ダート・右)負担重量は、馬齢重量
202602011004,2026,函館,1,10,4,2026-07-12,https://www.jra.go.jp/datafile/seiseki/report/2026/2026-1hakodate10.pdf,7c66e096541d218c8071edeca2ea4ac28227ee9d071d96723f0f25b9f91b64aa,official_race_marker_verified,2600,flat,turf,,right,0.0,Maiden,0.0,0,26003歳未勝利発走11時20分(芝・右)負担重量は、馬齢重量
202602011005,2026,函館,1,10,5,2026-07-12,https://www.jra.go.jp/datafile/seiseki/report/2026/2026-1hakodate10.pdf,7c66e096541d218c8071edeca2ea4ac28227ee9d071d96723f0f25b9f91b64aa,official_race_marker_verified,1800,flat,turf,,right,0.0,Newcomer,0.0,0,18002歳新馬発走12時10分(芝・右)負担重量は、馬齢重量
202602011006,2026,函館,1,10,6,2026-07-12,https://www.jra.go.jp/datafile/seiseki/report/2026/2026-1hakodate10.pdf,7c66e096541d218c8071edeca2ea4ac28227ee9d071d96723f0f25b9f91b64aa,official_race_marker_verified,1200,flat,turf,,right,0.0,Maiden,0.0,0,12003歳未勝利発走12時40分(芝・右)負担重量は、馬齢重量
202602011007,2026,函館,1,10,7,2026-07-12,https://www.jra.go.jp/datafile/seiseki/report/2026/2026-1hakodate10.pdf,7c66e096541d218c8071edeca2ea4ac28227ee9d071d96723f0f25b9f91b64aa,official_race_marker_verified,1700,flat,dirt,,right,,Class1,0.0,0,17003歳以上1勝クラス発走13時10分(ダート・右)牝;負担重量は、3歳534歳以上56
202602011008,2026,函館,1,10,8,2026-07-12,https://www.jra.go.jp/datafile/seiseki/report/2026/2026-1hakodate10.pdf,7c66e096541d218c8071edeca2ea4ac28227ee9d071d96723f0f25b9f91b64aa,official_race_marker_verified,2400,flat,dirt,,right,,Class1,0.0,0,24003歳以上1勝クラス発走13時40分(ダート・右)負担重量は、3歳554歳以上58、牝馬2減
202602011009,2026,函館,1,10,9,2026-07-12,https://www.jra.go.jp/datafile/seiseki/report/2026/2026-1hakodate10.pdf,7c66e096541d218c8071edeca2ea4ac28227ee9d071d96723f0f25b9f91b64aa,official_race_marker_verified,1800,flat,turf,,right,1.0,Class2,0.0,0,1800ほっかい北海ハンデキャップ発走14時10分(芝・右)3歳以上、2勝クラス;負担重量は、ハンデキャップ賞品
202602011010,2026,函館,1,10,10,2026-07-12,https://www.jra.go.jp/datafile/seiseki/report/2026/2026-1hakodate10.pdf,7c66e096541d218c8071edeca2ea4ac28227ee9d071d96723f0f25b9f91b64aa,official_race_marker_verified,1000,flat,dirt,,right,,Class2,0.0,0,1000ふんかわん噴火湾特別発走14時45分(ダート・右)3歳以上、2勝クラス;負担重量は、3歳554歳以上58、牝馬2減賞品
202602011011,2026,函館,1,10,11,2026-07-12,https://www.jra.go.jp/datafile/seiseki/report/2026/2026-1hakodate10.pdf,7c66e096541d218c8071edeca2ea4ac28227ee9d071d96723f0f25b9f91b64aa,official_race_marker_verified,1800,flat,turf,,right,,Maiden,0.0,0,1800ともえ巴賞発走15時20分(芝・右)3歳以上、除未出走馬および未勝利馬;負担重量は、日本馬:3歳534歳以上57、牝馬2減、収得賞金1600万円超過馬は超過額1200万円毎1増、:3歳534歳以上57、牝馬2減、GI競走1着馬5増、GII競走1着馬3増、GIII競走1着馬1増(ただし2歳時の成績を除く)賞品
202602011012,2026,函館,1,10,12,2026-07-12,https://www.jra.go.jp/datafile/seiseki/report/2026/2026-1hakodate10.pdf,7c66e096541d218c8071edeca2ea4ac28227ee9d071d96723f0f25b9f91b64aa,official_race_marker_verified,1200,flat,turf,,right,,Class1,0.0,0,12003歳以上1勝クラス発走16時05分(芝・右)負担重量は、3歳554歳以上58、牝馬2減
202602011101,2026,函館,1,11,1,2026-07-18,https://www.jra.go.jp/datafile/seiseki/report/2026/2026-1hakodate11.pdf,ffd3eb6a5a72f2f12fbaf0ee956cc044f4554e6bb7d250c78056f2e6f8259e2a,official_race_marker_verified,1800,flat,turf,,right,0.0,Maiden,0.0,0,18002歳未勝利発走9時50分(芝・右)負担重量は、馬齢重量
202602011102,2026,函館,1,11,2,2026-07-18,https://www.jra.go.jp/datafile/seiseki/report/2026/2026-1hakodate11.pdf,ffd3eb6a5a72f2f12fbaf0ee956cc044f4554e6bb7d250c78056f2e6f8259e2a,official_race_marker_verified,1000,flat,dirt,,right,0.0,Maiden,0.0,0,10003歳未勝利発走10時20分(ダート・右)牝;負担重量は、馬齢重量
202602011103,2026,函館,1,11,3,2026-07-18,https://www.jra.go.jp/datafile/seiseki/report/2026/2026-1hakodate11.pdf,ffd3eb6a5a72f2f12fbaf0ee956cc044f4554e6bb7d250c78056f2e6f8259e2a,official_race_marker_verified,2400,flat,dirt,,right,0.0,Maiden,0.0,0,24003歳未勝利発走10時50分(ダート・右)負担重量は、馬齢重量
202602011104,2026,函館,1,11,4,2026-07-18,https://www.jra.go.jp/datafile/seiseki/report/2026/2026-1hakodate11.pdf,ffd3eb6a5a72f2f12fbaf0ee956cc044f4554e6bb7d250c78056f2e6f8259e2a,official_race_marker_verified,1200,flat,turf,,right,0.0,Maiden,0.0,0,12003歳未勝利発走11時20分(芝・右)負担重量は、馬齢重量
202602011105,2026,函館,1,11,5,2026-07-18,https://www.jra.go.jp/datafile/seiseki/report/2026/2026-1hakodate11.pdf,ffd3eb6a5a72f2f12fbaf0ee956cc044f4554e6bb7d250c78056f2e6f8259e2a,official_race_marker_verified,1700,flat,dirt,,right,0.0,Maiden,0.0,0,17003歳未勝利発走12時10分(ダート・右)負担重量は、馬齢重量
202602011106,2026,函館,1,11,6,2026-07-18,https://www.jra.go.jp/datafile/seiseki/report/2026/2026-1hakodate11.pdf,ffd3eb6a5a72f2f12fbaf0ee956cc044f4554e6bb7d250c78056f2e6f8259e2a,official_race_marker_verified,1800,flat,turf,,right,0.0,Maiden,0.0,0,18003歳未勝利発走12時40分(芝・右)負担重量は、馬齢重量
202602011107,2026,函館,1,11,7,2026-07-18,https://www.jra.go.jp/datafile/seiseki/report/2026/2026-1hakodate11.pdf,ffd3eb6a5a72f2f12fbaf0ee956cc044f4554e6bb7d250c78056f2e6f8259e2a,official_race_marker_verified,1700,flat,dirt,,right,,Class1,0.0,0,17003歳以上1勝クラス発走13時10分(ダート・右)負担重量は、3歳554歳以上58、牝馬2減
202602011108,2026,函館,1,11,8,2026-07-18,https://www.jra.go.jp/datafile/seiseki/report/2026/2026-1hakodate11.pdf,ffd3eb6a5a72f2f12fbaf0ee956cc044f4554e6bb7d250c78056f2e6f8259e2a,official_race_marker_verified,2600,flat,turf,,right,,Class1,0.0,0,26003歳以上1勝クラス発走13時40分(芝・右)負担重量は、3歳554歳以上58、牝馬2減
202602011109,2026,函館,1,11,9,2026-07-18,https://www.jra.go.jp/datafile/seiseki/report/2026/2026-1hakodate11.pdf,ffd3eb6a5a72f2f12fbaf0ee956cc044f4554e6bb7d250c78056f2e6f8259e2a,official_race_marker_verified,1800,flat,turf,,right,,Class1,0.0,0,1800ゆのはま湯浜特別発走14時10分(芝・右)3歳以上、1勝クラス;負担重量は、3歳554歳以上58、牝馬2減賞品
202602011110,2026,函館,1,11,10,2026-07-18,https://www.jra.go.jp/datafile/seiseki/report/2026/2026-1hakodate11.pdf,ffd3eb6a5a72f2f12fbaf0ee956cc044f4554e6bb7d250c78056f2e6f8259e2a,official_race_marker_verified,1200,flat,turf,,right,,Class2,0.0,0,1200しおさい潮騒特別発走14時45分(芝・右)3歳以上、2勝クラス;負担重量は、3歳554歳以上58、牝馬2減賞品
202602011111,2026,函館,1,11,11,2026-07-18,https://www.jra.go.jp/datafile/seiseki/report/2026/2026-1hakodate11.pdf,ffd3eb6a5a72f2f12fbaf0ee956cc044f4554e6bb7d250c78056f2e6f8259e2a,official_race_marker_verified,1700,flat,dirt,,right,1.0,Maiden,0.0,0,1700デルマーサラブレッドクラブ賞マリーンステークス発走15時20分(ダート・右)3歳以上、除未出走馬および未勝利馬;負担重量は、ハンデキャップデルマーサラブレッドクラブ賞(1着)賞品
202602011112,2026,函館,1,11,12,2026-07-18,https://www.jra.go.jp/datafile/seiseki/report/2026/2026-1hakodate11.pdf,ffd3eb6a5a72f2f12fbaf0ee956cc044f4554e6bb7d250c78056f2e6f8259e2a,official_race_marker_verified,1200,flat,turf,,right,,Class1,0.0,0,12003歳以上1勝クラス発走16時05分(芝・右)牝;負担重量は、3歳534歳以上56
202602011201,2026,函館,1,12,1,2026-07-19,https://www.jra.go.jp/datafile/seiseki/report/2026/2026-1hakodate12.pdf,0b43ae5637bb230a76a4812bcff9022586ed259989393f5f5616b62a788474c4,official_race_marker_verified,1200,flat,turf,,right,0.0,Maiden,0.0,0,12002歳未勝利発走9時50分(芝・右)負担重量は、馬齢重量
202602011202,2026,函館,1,12,2,2026-07-19,https://www.jra.go.jp/datafile/seiseki/report/2026/2026-1hakodate12.pdf,0b43ae5637bb230a76a4812bcff9022586ed259989393f5f5616b62a788474c4,official_race_marker_verified,1000,flat,dirt,,right,0.0,Maiden,0.0,0,10003歳未勝利発走10時20分(ダート・右)負担重量は、馬齢重量
202602011203,2026,函館,1,12,3,2026-07-19,https://www.jra.go.jp/datafile/seiseki/report/2026/2026-1hakodate12.pdf,0b43ae5637bb230a76a4812bcff9022586ed259989393f5f5616b62a788474c4,official_race_marker_verified,1700,flat,dirt,,right,0.0,Maiden,0.0,0,17003歳未勝利発走10時50分(ダート・右)負担重量は、馬齢重量
202602011204,2026,函館,1,12,4,2026-07-19,https://www.jra.go.jp/datafile/seiseki/report/2026/2026-1hakodate12.pdf,0b43ae5637bb230a76a4812bcff9022586ed259989393f5f5616b62a788474c4,official_race_marker_verified,2000,flat,turf,,right,0.0,Maiden,0.0,0,20003歳未勝利発走11時20分(芝・右)負担重量は、馬齢重量
202602011205,2026,函館,1,12,5,2026-07-19,https://www.jra.go.jp/datafile/seiseki/report/2026/2026-1hakodate12.pdf,0b43ae5637bb230a76a4812bcff9022586ed259989393f5f5616b62a788474c4,official_race_marker_verified,1800,flat,turf,,right,0.0,Newcomer,0.0,0,18002歳新馬発走12時10分(芝・右)負担重量は、馬齢重量
202602011206,2026,函館,1,12,6,2026-07-19,https://www.jra.go.jp/datafile/seiseki/report/2026/2026-1hakodate12.pdf,0b43ae5637bb230a76a4812bcff9022586ed259989393f5f5616b62a788474c4,official_race_marker_verified,1200,flat,turf,,right,0.0,Maiden,0.0,0,12003歳未勝利発走12時40分(芝・右)負担重量は、馬齢重量
202602011207,2026,函館,1,12,7,2026-07-19,https://www.jra.go.jp/datafile/seiseki/report/2026/2026-1hakodate12.pdf,0b43ae5637bb230a76a4812bcff9022586ed259989393f5f5616b62a788474c4,official_race_marker_verified,1700,flat,dirt,,right,,Class1,0.0,0,17003歳以上1勝クラス発走13時10分(ダート・右)牝;負担重量は、3歳534歳以上56
202602011208,2026,函館,1,12,8,2026-07-19,https://www.jra.go.jp/datafile/seiseki/report/2026/2026-1hakodate12.pdf,0b43ae5637bb230a76a4812bcff9022586ed259989393f5f5616b62a788474c4,official_race_marker_verified,1000,flat,dirt,,right,,Class1,0.0,0,10003歳以上1勝クラス発走13時40分(ダート・右)負担重量は、3歳554歳以上58、牝馬2減
202602011209,2026,函館,1,12,9,2026-07-19,https://www.jra.go.jp/datafile/seiseki/report/2026/2026-1hakodate12.pdf,0b43ae5637bb230a76a4812bcff9022586ed259989393f5f5616b62a788474c4,official_race_marker_verified,1800,flat,turf,,right,,Class2,0.0,0,1800じまかもめ島特別発走14時10分(芝・右)牝、3歳以上、2勝クラス;負担重量は、3歳534歳以上56賞品
202602011210,2026,函館,1,12,10,2026-07-19,https://www.jra.go.jp/datafile/seiseki/report/2026/2026-1hakodate12.pdf,0b43ae5637bb230a76a4812bcff9022586ed259989393f5f5616b62a788474c4,official_race_marker_verified,1700,flat,dirt,,right,,Class2,0.0,0,1700こまば駒場特別発走14時45分(ダート・右)3歳以上、2勝クラス;負担重量は、3歳554歳以上58、牝馬2減賞品
202602011211,2026,函館,1,12,11,2026-07-19,https://www.jra.go.jp/datafile/seiseki/report/2026/2026-1hakodate12.pdf,0b43ae5637bb230a76a4812bcff9022586ed259989393f5f5616b62a788474c4,official_race_marker_verified,1200,flat,turf,,right,0.0,Open,1.0,1,1200第58回函館2歳ステークス(GIII)発走15時20分(芝・右)2歳;負担重量は、馬齢重量北海道知事賞(1着)賞品
202602011212,2026,函館,1,12,12,2026-07-19,https://www.jra.go.jp/datafile/seiseki/report/2026/2026-1hakodate12.pdf,0b43ae5637bb230a76a4812bcff9022586ed259989393f5f5616b62a788474c4,official_race_marker_verified,1200,flat,turf,,right,,Class1,0.0,0,12003歳以上1勝クラス発走16時05分(芝・右)負担重量は、3歳554歳以上58、牝馬2減
202602010201,2026,函館,1,2,1,2026-06-14,https://www.jra.go.jp/datafile/seiseki/report/2026/2026-1hakodate2.pdf,96998462bba60a895a2d1eaf51b170089c7d96289d503075338faf5a75b9a396,official_race_marker_verified,1200,flat,turf,,right,0.0,Maiden,0.0,0,12003歳未勝利発走9時50分(芝・右)負担重量は、馬齢重量
202602010202,2026,函館,1,2,2,2026-06-14,https://www.jra.go.jp/datafile/seiseki/report/2026/2026-1hakodate2.pdf,96998462bba60a895a2d1eaf51b170089c7d96289d503075338faf5a75b9a396,official_race_marker_verified,1700,flat,dirt,,right,0.0,Maiden,0.0,0,17003歳未勝利発走10時15分(ダート・右)負担重量は、馬齢重量
202602010203,2026,函館,1,2,3,2026-06-14,https://www.jra.go.jp/datafile/seiseki/report/2026/2026-1hakodate2.pdf,96998462bba60a895a2d1eaf51b170089c7d96289d503075338faf5a75b9a396,official_race_marker_verified,1000,flat,dirt,,right,0.0,Maiden,0.0,0,10003歳未勝利発走10時45分(ダート・右)負担重量は、馬齢重量
202602010204,2026,函館,1,2,4,2026-06-14,https://www.jra.go.jp/datafile/seiseki/report/2026/2026-1hakodate2.pdf,96998462bba60a895a2d1eaf51b170089c7d96289d503075338faf5a75b9a396,official_race_marker_verified,1800,flat,turf,,right,0.0,Maiden,0.0,0,18003歳未勝利発走11時15分(芝・右)負担重量は、馬齢重量
202602010205,2026,函館,1,2,5,2026-06-14,https://www.jra.go.jp/datafile/seiseki/report/2026/2026-1hakodate2.pdf,96998462bba60a895a2d1eaf51b170089c7d96289d503075338faf5a75b9a396,official_race_marker_verified,1000,flat,turf,,right,0.0,Newcomer,0.0,0,10002歳新馬発走12時05分(芝・右)負担重量は、馬齢重量
202602010206,2026,函館,1,2,6,2026-06-14,https://www.jra.go.jp/datafile/seiseki/report/2026/2026-1hakodate2.pdf,96998462bba60a895a2d1eaf51b170089c7d96289d503075338faf5a75b9a396,official_race_marker_verified,2000,flat,turf,,right,0.0,Maiden,0.0,0,20003歳未勝利発走12時35分(芝・右)負担重量は、馬齢重量
202602010207,2026,函館,1,2,7,2026-06-14,https://www.jra.go.jp/datafile/seiseki/report/2026/2026-1hakodate2.pdf,96998462bba60a895a2d1eaf51b170089c7d96289d503075338faf5a75b9a396,official_race_marker_verified,1000,flat,dirt,,right,,Class1,0.0,0,10003歳以上1勝クラス発走13時05分(ダート・右)牝;負担重量は、3歳534歳以上56
202602010208,2026,函館,1,2,8,2026-06-14,https://www.jra.go.jp/datafile/seiseki/report/2026/2026-1hakodate2.pdf,96998462bba60a895a2d1eaf51b170089c7d96289d503075338faf5a75b9a396,official_race_marker_verified,1200,flat,turf,,right,,Class1,0.0,0,12003歳以上1勝クラス発走13時35分(芝・右)負担重量は、3歳554歳以上58、牝馬2減
202602010209,2026,函館,1,2,9,2026-06-14,https://www.jra.go.jp/datafile/seiseki/report/2026/2026-1hakodate2.pdf,96998462bba60a895a2d1eaf51b170089c7d96289d503075338faf5a75b9a396,official_race_marker_verified,1800,flat,turf,,right,,Class1,0.0,0,1800やくも八雲特別発走14時05分(芝・右)3歳以上、1勝クラス;負担重量は、3歳554歳以上58、牝馬2減賞品
202602010210,2026,函館,1,2,10,2026-06-14,https://www.jra.go.jp/datafile/seiseki/report/2026/2026-1hakodate2.pdf,96998462bba60a895a2d1eaf51b170089c7d96289d503075338faf5a75b9a396,official_race_marker_verified,1700,flat,dirt,,right,1.0,Class2,0.0,0,ウインズ津軽20周年記念1700つがるかいきょう津軽海峡特別発走14時40分(ダート・右)3歳以上、2勝クラス;負担重量は、ハンデキャップ賞品
202602010211,2026,函館,1,2,11,2026-06-14,https://www.jra.go.jp/datafile/seiseki/report/2026/2026-1hakodate2.pdf,96998462bba60a895a2d1eaf51b170089c7d96289d503075338faf5a75b9a396,official_race_marker_verified,1200,flat,turf,,right,,Class2,0.0,0,1200函館日刊スポーツ杯発走15時15分(芝・右)3歳以上、2勝クラス;負担重量は、3歳554歳以上58、牝馬2減日刊スポーツ賞(1着)賞品
202602010212,2026,函館,1,2,12,2026-06-14,https://www.jra.go.jp/datafile/seiseki/report/2026/2026-1hakodate2.pdf,96998462bba60a895a2d1eaf51b170089c7d96289d503075338faf5a75b9a396,official_race_marker_verified,1700,flat,dirt,,right,,Class1,0.0,0,17003歳以上1勝クラス発走16時05分(ダート・右)負担重量は、3歳554歳以上58、牝馬2減
202602010301,2026,函館,1,3,1,2026-06-20,https://www.jra.go.jp/datafile/seiseki/report/2026/2026-1hakodate3.pdf,5e3e32d5d44a96b48b6c2d5264e1b4de176b5e3fff4429801f11469e25f22329,official_race_marker_verified,1200,flat,turf,,right,0.0,Maiden,0.0,0,12003歳未勝利発走9時50分(芝・右)負担重量は、馬齢重量
202602010302,2026,函館,1,3,2,2026-06-20,https://www.jra.go.jp/datafile/seiseki/report/2026/2026-1hakodate3.pdf,5e3e32d5d44a96b48b6c2d5264e1b4de176b5e3fff4429801f11469e25f22329,official_race_marker_verified,1700,flat,dirt,,right,0.0,Maiden,0.0,0,17003歳未勝利発走10時20分(ダート・右)牝;負担重量は、馬齢重量
202602010303,2026,函館,1,3,3,2026-06-20,https://www.jra.go.jp/datafile/seiseki/report/2026/2026-1hakodate3.pdf,5e3e32d5d44a96b48b6c2d5264e1b4de176b5e3fff4429801f11469e25f22329,official_race_marker_verified,2000,flat,turf,,right,0.0,Maiden,0.0,0,20003歳未勝利発走10時50分(芝・右)負担重量は、馬齢重量
202602010304,2026,函館,1,3,4,2026-06-20,https://www.jra.go.jp/datafile/seiseki/report/2026/2026-1hakodate3.pdf,5e3e32d5d44a96b48b6c2d5264e1b4de176b5e3fff4429801f11469e25f22329,official_race_marker_verified,1700,flat,dirt,,right,0.0,Maiden,0.0,0,17003歳未勝利発走11時20分(ダート・右)負担重量は、馬齢重量
202602010305,2026,函館,1,3,5,2026-06-20,https://www.jra.go.jp/datafile/seiseki/report/2026/2026-1hakodate3.pdf,5e3e32d5d44a96b48b6c2d5264e1b4de176b5e3fff4429801f11469e25f22329,official_race_marker_verified,1200,flat,turf,,right,0.0,Newcomer,0.0,0,12002歳新馬発走12時10分(芝・右)牝;負担重量は、馬齢重量
202602010306,2026,函館,1,3,6,2026-06-20,https://www.jra.go.jp/datafile/seiseki/report/2026/2026-1hakodate3.pdf,5e3e32d5d44a96b48b6c2d5264e1b4de176b5e3fff4429801f11469e25f22329,official_race_marker_verified,1000,flat,dirt,,right,0.0,Newcomer,0.0,0,10002歳新馬発走12時40分(ダート・右)負担重量は、馬齢重量
202602010307,2026,函館,1,3,7,2026-06-20,https://www.jra.go.jp/datafile/seiseki/report/2026/2026-1hakodate3.pdf,5e3e32d5d44a96b48b6c2d5264e1b4de176b5e3fff4429801f11469e25f22329,official_race_marker_verified,1800,flat,turf,,right,0.0,Maiden,0.0,0,18003歳未勝利発走13時10分(芝・右)牝;負担重量は、馬齢重量
202602010308,2026,函館,1,3,8,2026-06-20,https://www.jra.go.jp/datafile/seiseki/report/2026/2026-1hakodate3.pdf,5e3e32d5d44a96b48b6c2d5264e1b4de176b5e3fff4429801f11469e25f22329,official_race_marker_verified,1000,flat,dirt,,right,,Class1,0.0,0,10003歳以上1勝クラス発走13時40分(ダート・右)負担重量は、3歳554歳以上58、牝馬2減
202602010309,2026,函館,1,3,9,2026-06-20,https://www.jra.go.jp/datafile/seiseki/report/2026/2026-1hakodate3.pdf,5e3e32d5d44a96b48b6c2d5264e1b4de176b5e3fff4429801f11469e25f22329,official_race_marker_verified,1200,flat,turf,,right,,Class1,0.0,0,1200しもきたはんとう下北半島特別発走14時10分(芝・右)3歳以上、1勝クラス;負担重量は、3歳554歳以上58、牝馬2減賞品
202602010310,2026,函館,1,3,10,2026-06-20,https://www.jra.go.jp/datafile/seiseki/report/2026/2026-1hakodate3.pdf,5e3e32d5d44a96b48b6c2d5264e1b4de176b5e3fff4429801f11469e25f22329,official_race_marker_verified,2600,flat,turf,,right,,Class1,0.0,0,2600こまがたけ駒ケ岳特別発走14時45分(芝・右)3歳以上、1勝クラス;負担重量は、3歳544歳以上58、牝馬2減賞品
202602010311,2026,函館,1,3,11,2026-06-20,https://www.jra.go.jp/datafile/seiseki/report/2026/2026-1hakodate3.pdf,5e3e32d5d44a96b48b6c2d5264e1b4de176b5e3fff4429801f11469e25f22329,official_race_marker_verified,1200,flat,turf,,right,,Class2,0.0,0,1200STV杯発走15時20分(芝・右)3歳以上、2勝クラス;負担重量は、3歳554歳以上58、牝馬2減札幌テレビ放送賞(1着)賞品
202602010312,2026,函館,1,3,12,2026-06-20,https://www.jra.go.jp/datafile/seiseki/report/2026/2026-1hakodate3.pdf,5e3e32d5d44a96b48b6c2d5264e1b4de176b5e3fff4429801f11469e25f22329,official_race_marker_verified,1700,flat,dirt,,right,,Class1,0.0,0,17003歳以上1勝クラス発走16時05分(ダート・右)負担重量は、3歳554歳以上58、牝馬2減
202602010401,2026,函館,1,4,1,2026-06-21,https://www.jra.go.jp/datafile/seiseki/report/2026/2026-1hakodate4.pdf,a56bc15a5bb759f5f641d2e0f0befd64c08112ea607b0d8defb440e7e7b62dbd,official_race_marker_verified,1200,flat,turf,,right,0.0,Maiden,0.0,0,12003歳未勝利発走9時50分(芝・右)牝;負担重量は、馬齢重量
202602010402,2026,函館,1,4,2,2026-06-21,https://www.jra.go.jp/datafile/seiseki/report/2026/2026-1hakodate4.pdf,a56bc15a5bb759f5f641d2e0f0befd64c08112ea607b0d8defb440e7e7b62dbd,official_race_marker_verified,2400,flat,dirt,,right,0.0,Maiden,0.0,0,24003歳未勝利発走10時20分(ダート・右)負担重量は、馬齢重量
202602010403,2026,函館,1,4,3,2026-06-21,https://www.jra.go.jp/datafile/seiseki/report/2026/2026-1hakodate4.pdf,a56bc15a5bb759f5f641d2e0f0befd64c08112ea607b0d8defb440e7e7b62dbd,official_race_marker_verified,1000,flat,dirt,,right,0.0,Maiden,0.0,0,10003歳未勝利発走10時50分(ダート・右)負担重量は、馬齢重量
202602010404,2026,函館,1,4,4,2026-06-21,https://www.jra.go.jp/datafile/seiseki/report/2026/2026-1hakodate4.pdf,a56bc15a5bb759f5f641d2e0f0befd64c08112ea607b0d8defb440e7e7b62dbd,official_race_marker_verified,1800,flat,turf,,right,0.0,Maiden,0.0,0,18003歳未勝利発走11時20分(芝・右)負担重量は、馬齢重量
202602010405,2026,函館,1,4,5,2026-06-21,https://www.jra.go.jp/datafile/seiseki/report/2026/2026-1hakodate4.pdf,a56bc15a5bb759f5f641d2e0f0befd64c08112ea607b0d8defb440e7e7b62dbd,official_race_marker_verified,1200,flat,turf,,right,0.0,Newcomer,0.0,0,12002歳新馬発走12時10分(芝・右)負担重量は、馬齢重量
202602010406,2026,函館,1,4,6,2026-06-21,https://www.jra.go.jp/datafile/seiseki/report/2026/2026-1hakodate4.pdf,a56bc15a5bb759f5f641d2e0f0befd64c08112ea607b0d8defb440e7e7b62dbd,official_race_marker_verified,1700,flat,dirt,,right,0.0,Maiden,0.0,0,17003歳未勝利発走12時40分(ダート・右)負担重量は、馬齢重量
202602010407,2026,函館,1,4,7,2026-06-21,https://www.jra.go.jp/datafile/seiseki/report/2026/2026-1hakodate4.pdf,a56bc15a5bb759f5f641d2e0f0befd64c08112ea607b0d8defb440e7e7b62dbd,official_race_marker_verified,1200,flat,turf,,right,,Class1,0.0,0,12003歳以上1勝クラス発走13時10分(芝・右)牝;負担重量は、3歳534歳以上56
202602010408,2026,函館,1,4,8,2026-06-21,https://www.jra.go.jp/datafile/seiseki/report/2026/2026-1hakodate4.pdf,a56bc15a5bb759f5f641d2e0f0befd64c08112ea607b0d8defb440e7e7b62dbd,official_race_marker_verified,1700,flat,dirt,,right,,Class1,0.0,0,17003歳以上1勝クラス発走13時40分(ダート・右)負担重量は、3歳554歳以上58、牝馬2減
202602010409,2026,函館,1,4,9,2026-06-21,https://www.jra.go.jp/datafile/seiseki/report/2026/2026-1hakodate4.pdf,a56bc15a5bb759f5f641d2e0f0befd64c08112ea607b0d8defb440e7e7b62dbd,official_race_marker_verified,2000,flat,turf,,right,,Class1,0.0,0,2000ゆうらっぷ遊楽部特別発走14時10分(芝・右)牝、3歳以上、1勝クラス;負担重量は、3歳534歳以上56賞品
202602010410,2026,函館,1,4,10,2026-06-21,https://www.jra.go.jp/datafile/seiseki/report/2026/2026-1hakodate4.pdf,a56bc15a5bb759f5f641d2e0f0befd64c08112ea607b0d8defb440e7e7b62dbd,official_race_marker_verified,1700,flat,dirt,,right,,Class2,0.0,0,1700ひやま檜山特別発走14時45分(ダート・右)3歳以上、2勝クラス;負担重量は、3歳554歳以上58、牝馬2減賞品
202602010411,2026,函館,1,4,11,2026-06-21,https://www.jra.go.jp/datafile/seiseki/report/2026/2026-1hakodate4.pdf,a56bc15a5bb759f5f641d2e0f0befd64c08112ea607b0d8defb440e7e7b62dbd,official_race_marker_verified,1200,flat,turf,,right,1.0,Maiden,0.0,0,1200UHB杯発走15時20分(芝・右)3歳以上、3勝クラス、除未出走馬および未勝利馬;負担重量は、ハンデキャップ北海道文化放送賞(1着)賞品
202602010412,2026,函館,1,4,12,2026-06-21,https://www.jra.go.jp/datafile/seiseki/report/2026/2026-1hakodate4.pdf,a56bc15a5bb759f5f641d2e0f0befd64c08112ea607b0d8defb440e7e7b62dbd,official_race_marker_verified,1800,flat,turf,,right,,Class1,0.0,0,18003歳以上1勝クラス発走16時05分(芝・右)負担重量は、3歳554歳以上58、牝馬2減
202602010501,2026,函館,1,5,1,2026-06-27,https://www.jra.go.jp/datafile/seiseki/report/2026/2026-1hakodate5.pdf,34d52eb6163b2f2a5b621519765fcce14ab711a96c480ba3b8e22860c61e0051,official_race_marker_verified,1200,flat,turf,,right,0.0,Maiden,0.0,0,12003歳未勝利発走9時50分(芝・右)負担重量は、馬齢重量
202602010502,2026,函館,1,5,2,2026-06-27,https://www.jra.go.jp/datafile/seiseki/report/2026/2026-1hakodate5.pdf,34d52eb6163b2f2a5b621519765fcce14ab711a96c480ba3b8e22860c61e0051,official_race_marker_verified,1000,flat,dirt,,right,0.0,Maiden,0.0,0,10003歳未勝利発走10時20分(ダート・右)牝;負担重量は、馬齢重量
202602010503,2026,函館,1,5,3,2026-06-27,https://www.jra.go.jp/datafile/seiseki/report/2026/2026-1hakodate5.pdf,34d52eb6163b2f2a5b621519765fcce14ab711a96c480ba3b8e22860c61e0051,official_race_marker_verified,1700,flat,dirt,,right,0.0,Maiden,0.0,0,17003歳未勝利発走10時50分(ダート・右)負担重量は、馬齢重量
202602010504,2026,函館,1,5,4,2026-06-27,https://www.jra.go.jp/datafile/seiseki/report/2026/2026-1hakodate5.pdf,34d52eb6163b2f2a5b621519765fcce14ab711a96c480ba3b8e22860c61e0051,official_race_marker_verified,1800,flat,turf,,right,0.0,Maiden,0.0,0,18003歳未勝利発走11時20分(芝・右)負担重量は、馬齢重量
202602010505,2026,函館,1,5,5,2026-06-27,https://www.jra.go.jp/datafile/seiseki/report/2026/2026-1hakodate5.pdf,34d52eb6163b2f2a5b621519765fcce14ab711a96c480ba3b8e22860c61e0051,official_race_marker_verified,1200,flat,turf,,right,0.0,Newcomer,0.0,0,12002歳新馬発走12時10分(芝・右)負担重量は、馬齢重量
202602010506,2026,函館,1,5,6,2026-06-27,https://www.jra.go.jp/datafile/seiseki/report/2026/2026-1hakodate5.pdf,34d52eb6163b2f2a5b621519765fcce14ab711a96c480ba3b8e22860c61e0051,official_race_marker_verified,1700,flat,dirt,,right,0.0,Maiden,0.0,0,17003歳未勝利発走12時40分(ダート・右)牝;負担重量は、馬齢重量
202602010507,2026,函館,1,5,7,2026-06-27,https://www.jra.go.jp/datafile/seiseki/report/2026/2026-1hakodate5.pdf,34d52eb6163b2f2a5b621519765fcce14ab711a96c480ba3b8e22860c61e0051,official_race_marker_verified,2000,flat,turf,,right,,Class1,0.0,0,20003歳以上1勝クラス発走13時10分(芝・右)負担重量は、3歳554歳以上58、牝馬2減
202602010508,2026,函館,1,5,8,2026-06-27,https://www.jra.go.jp/datafile/seiseki/report/2026/2026-1hakodate5.pdf,34d52eb6163b2f2a5b621519765fcce14ab711a96c480ba3b8e22860c61e0051,official_race_marker_verified,1000,flat,dirt,,right,,Class1,0.0,0,10003歳以上1勝クラス発走13時40分(ダート・右)負担重量は、3歳554歳以上58、牝馬2減
202602010509,2026,函館,1,5,9,2026-06-27,https://www.jra.go.jp/datafile/seiseki/report/2026/2026-1hakodate5.pdf,34d52eb6163b2f2a5b621519765fcce14ab711a96c480ba3b8e22860c61e0051,official_race_marker_verified,1200,flat,turf,,right,,Class1,0.0,0,1200おしゃまんべ長万部特別発走14時10分(芝・右)3歳以上、1勝クラス;負担重量は、3歳554歳以上58、牝馬2減賞品
202602010510,2026,函館,1,5,10,2026-06-27,https://www.jra.go.jp/datafile/seiseki/report/2026/2026-1hakodate5.pdf,34d52eb6163b2f2a5b621519765fcce14ab711a96c480ba3b8e22860c61e0051,official_race_marker_verified,2000,flat,turf,,right,,Class2,0.0,0,2000とうやこ洞湖特別発走14時45分(芝・右)3歳以上、2勝クラス;負担重量は、3歳554歳以上58、牝馬2減賞品
202602010511,2026,函館,1,5,11,2026-06-27,https://www.jra.go.jp/datafile/seiseki/report/2026/2026-1hakodate5.pdf,34d52eb6163b2f2a5b621519765fcce14ab711a96c480ba3b8e22860c61e0051,official_race_marker_verified,1200,flat,turf,,right,1.0,Maiden,0.0,0,1200せいかん青函ステークス発走15時20分(芝・右)3歳以上、除未出走馬および未勝利馬;負担重量は、ハンデキャップ賞品
202602010512,2026,函館,1,5,12,2026-06-27,https://www.jra.go.jp/datafile/seiseki/report/2026/2026-1hakodate5.pdf,34d52eb6163b2f2a5b621519765fcce14ab711a96c480ba3b8e22860c61e0051,official_race_marker_verified,1700,flat,dirt,,right,,Class1,0.0,0,17003歳以上1勝クラス発走16時05分(ダート・右)負担重量は、3歳554歳以上58、牝馬2減
202602010601,2026,函館,1,6,1,2026-06-28,https://www.jra.go.jp/datafile/seiseki/report/2026/2026-1hakodate6.pdf,14240aba6e5165dcdead9475e7e2a5a22904d9604cb3786c6ed7cf7a9f9680fd,official_race_marker_verified,1200,flat,turf,,right,0.0,Maiden,0.0,0,12002歳未勝利発走9時50分(芝・右)負担重量は、馬齢重量
202602010602,2026,函館,1,6,2,2026-06-28,https://www.jra.go.jp/datafile/seiseki/report/2026/2026-1hakodate6.pdf,14240aba6e5165dcdead9475e7e2a5a22904d9604cb3786c6ed7cf7a9f9680fd,official_race_marker_verified,1700,flat,dirt,,right,0.0,Maiden,0.0,0,17003歳未勝利発走10時20分(ダート・右)負担重量は、馬齢重量
202602010603,2026,函館,1,6,3,2026-06-28,https://www.jra.go.jp/datafile/seiseki/report/2026/2026-1hakodate6.pdf,14240aba6e5165dcdead9475e7e2a5a22904d9604cb3786c6ed7cf7a9f9680fd,official_race_marker_verified,1000,flat,dirt,,right,0.0,Maiden,0.0,0,10003歳未勝利発走10時50分(ダート・右)負担重量は、馬齢重量
202602010604,2026,函館,1,6,4,2026-06-28,https://www.jra.go.jp/datafile/seiseki/report/2026/2026-1hakodate6.pdf,14240aba6e5165dcdead9475e7e2a5a22904d9604cb3786c6ed7cf7a9f9680fd,official_race_marker_verified,2600,flat,turf,,right,0.0,Maiden,0.0,0,26003歳未勝利発走11時20分(芝・右)負担重量は、馬齢重量
202602010605,2026,函館,1,6,5,2026-06-28,https://www.jra.go.jp/datafile/seiseki/report/2026/2026-1hakodate6.pdf,14240aba6e5165dcdead9475e7e2a5a22904d9604cb3786c6ed7cf7a9f9680fd,official_race_marker_verified,1200,flat,turf,,right,0.0,Newcomer,0.0,0,12002歳新馬発走12時10分(芝・右)負担重量は、馬齢重量
202602010606,2026,函館,1,6,6,2026-06-28,https://www.jra.go.jp/datafile/seiseki/report/2026/2026-1hakodate6.pdf,14240aba6e5165dcdead9475e7e2a5a22904d9604cb3786c6ed7cf7a9f9680fd,official_race_marker_verified,2000,flat,turf,,right,0.0,Maiden,0.0,0,20003歳未勝利発走12時40分(芝・右)負担重量は、馬齢重量
202602010607,2026,函館,1,6,7,2026-06-28,https://www.jra.go.jp/datafile/seiseki/report/2026/2026-1hakodate6.pdf,14240aba6e5165dcdead9475e7e2a5a22904d9604cb3786c6ed7cf7a9f9680fd,official_race_marker_verified,1700,flat,dirt,,right,,Class1,0.0,0,17003歳以上1勝クラス発走13時10分(ダート・右)牝;負担重量は、3歳534歳以上56
202602010608,2026,函館,1,6,8,2026-06-28,https://www.jra.go.jp/datafile/seiseki/report/2026/2026-1hakodate6.pdf,14240aba6e5165dcdead9475e7e2a5a22904d9604cb3786c6ed7cf7a9f9680fd,official_race_marker_verified,1200,flat,turf,,right,,Class1,0.0,0,12003歳以上1勝クラス発走13時40分(芝・右)負担重量は、3歳554歳以上58、牝馬2減
202602010609,2026,函館,1,6,9,2026-06-28,https://www.jra.go.jp/datafile/seiseki/report/2026/2026-1hakodate6.pdf,14240aba6e5165dcdead9475e7e2a5a22904d9604cb3786c6ed7cf7a9f9680fd,official_race_marker_verified,1800,flat,turf,,right,,Class1,0.0,0,1800がぎゅうざん臥牛山特別発走14時10分(芝・右)3歳以上、1勝クラス;負担重量は、3歳554歳以上58、牝馬2減賞品
202602010610,2026,函館,1,6,10,2026-06-28,https://www.jra.go.jp/datafile/seiseki/report/2026/2026-1hakodate6.pdf,14240aba6e5165dcdead9475e7e2a5a22904d9604cb3786c6ed7cf7a9f9680fd,official_race_marker_verified,1700,flat,dirt,,right,,Class2,0.0,0,1700おしま渡島特別発走14時45分(ダート・右)牝、3歳以上、2勝クラス;負担重量は、3歳534歳以上56賞品
202602010611,2026,函館,1,6,11,2026-06-28,https://www.jra.go.jp/datafile/seiseki/report/2026/2026-1hakodate6.pdf,14240aba6e5165dcdead9475e7e2a5a22904d9604cb3786c6ed7cf7a9f9680fd,official_race_marker_verified,2000,flat,turf,,right,1.0,Open,1.0,1,函館競馬場開設130周年記念サマー2000シリーズ2000第62回農林水産省賞典函館記念(GIII)発走15時20分(芝・右)3歳以上、除未出走馬および未勝利馬;負担重量は、ハンデキャップ農林水産大臣賞・函館市長賞(1着)賞品
202602010612,2026,函館,1,6,12,2026-06-28,https://www.jra.go.jp/datafile/seiseki/report/2026/2026-1hakodate6.pdf,14240aba6e5165dcdead9475e7e2a5a22904d9604cb3786c6ed7cf7a9f9680fd,official_race_marker_verified,1200,flat,turf,,right,,Class2,0.0,0,1200ゆかわおんせん湯の川温泉特別発走16時05分(芝・右)3歳以上、2勝クラス;負担重量は、3歳554歳以上58、牝馬2減賞品
202602010701,2026,函館,1,7,1,2026-07-04,https://www.jra.go.jp/datafile/seiseki/report/2026/2026-1hakodate7.pdf,53f1c8e36ee242dbf87ceb2116eec0af8c9e9495f83c94c7ceab14cef810dda3,official_race_marker_verified,1200,flat,turf,,right,0.0,Maiden,0.0,0,12002歳未勝利発走9時50分(芝・右)牝;負担重量は、馬齢重量
202602010702,2026,函館,1,7,2,2026-07-04,https://www.jra.go.jp/datafile/seiseki/report/2026/2026-1hakodate7.pdf,53f1c8e36ee242dbf87ceb2116eec0af8c9e9495f83c94c7ceab14cef810dda3,official_race_marker_verified,1800,flat,turf,,right,0.0,Maiden,0.0,0,18003歳未勝利発走10時20分(芝・右)負担重量は、馬齢重量
202602010703,2026,函館,1,7,3,2026-07-04,https://www.jra.go.jp/datafile/seiseki/report/2026/2026-1hakodate7.pdf,53f1c8e36ee242dbf87ceb2116eec0af8c9e9495f83c94c7ceab14cef810dda3,official_race_marker_verified,1700,flat,dirt,,right,0.0,Maiden,0.0,0,17003歳未勝利発走10時50分(ダート・右)牝;負担重量は、馬齢重量
202602010704,2026,函館,1,7,4,2026-07-04,https://www.jra.go.jp/datafile/seiseki/report/2026/2026-1hakodate7.pdf,53f1c8e36ee242dbf87ceb2116eec0af8c9e9495f83c94c7ceab14cef810dda3,official_race_marker_verified,1200,flat,turf,,right,0.0,Maiden,0.0,0,12003歳未勝利発走11時20分(芝・右)負担重量は、馬齢重量
202602010705,2026,函館,1,7,5,2026-07-04,https://www.jra.go.jp/datafile/seiseki/report/2026/2026-1hakodate7.pdf,53f1c8e36ee242dbf87ceb2116eec0af8c9e9495f83c94c7ceab14cef810dda3,official_race_marker_verified,1000,flat,dirt,,right,0.0,Newcomer,0.0,0,10002歳新馬発走12時10分(ダート・右)負担重量は、馬齢重量
202602010706,2026,函館,1,7,6,2026-07-04,https://www.jra.go.jp/datafile/seiseki/report/2026/2026-1hakodate7.pdf,53f1c8e36ee242dbf87ceb2116eec0af8c9e9495f83c94c7ceab14cef810dda3,official_race_marker_verified,1700,flat,dirt,,right,0.0,Maiden,0.0,0,17003歳未勝利発走12時40分(ダート・右)負担重量は、馬齢重量
202602010707,2026,函館,1,7,7,2026-07-04,https://www.jra.go.jp/datafile/seiseki/report/2026/2026-1hakodate7.pdf,53f1c8e36ee242dbf87ceb2116eec0af8c9e9495f83c94c7ceab14cef810dda3,official_race_marker_verified,1200,flat,turf,,right,,Class1,0.0,0,12003歳以上1勝クラス発走13時10分(芝・右)牝;負担重量は、3歳534歳以上56
202602010708,2026,函館,1,7,8,2026-07-04,https://www.jra.go.jp/datafile/seiseki/report/2026/2026-1hakodate7.pdf,53f1c8e36ee242dbf87ceb2116eec0af8c9e9495f83c94c7ceab14cef810dda3,official_race_marker_verified,2600,flat,turf,,right,,Class1,0.0,0,26003歳以上1勝クラス発走13時40分(芝・右)負担重量は、3歳554歳以上58、牝馬2減
202602010709,2026,函館,1,7,9,2026-07-04,https://www.jra.go.jp/datafile/seiseki/report/2026/2026-1hakodate7.pdf,53f1c8e36ee242dbf87ceb2116eec0af8c9e9495f83c94c7ceab14cef810dda3,official_race_marker_verified,1800,flat,turf,,right,,Class1,0.0,0,1800えさん恵山特別発走14時10分(芝・右)3歳以上、1勝クラス;負担重量は、3歳554歳以上58、牝馬2減賞品
202602010710,2026,函館,1,7,10,2026-07-04,https://www.jra.go.jp/datafile/seiseki/report/2026/2026-1hakodate7.pdf,53f1c8e36ee242dbf87ceb2116eec0af8c9e9495f83c94c7ceab14cef810dda3,official_race_marker_verified,1700,flat,dirt,,right,,Class2,0.0,0,1700たっぴざき竜飛崎特別発走14時45分(ダート・右)3歳以上、2勝クラス;負担重量は、3歳554歳以上58、牝馬2減賞品
202602010711,2026,函館,1,7,11,2026-07-04,https://www.jra.go.jp/datafile/seiseki/report/2026/2026-1hakodate7.pdf,53f1c8e36ee242dbf87ceb2116eec0af8c9e9495f83c94c7ceab14cef810dda3,official_race_marker_verified,1200,flat,turf,,right,,Maiden,0.0,0,1200TVh杯発走15時20分(芝・右)3歳以上、3勝クラス、除未出走馬および未勝利馬;負担重量は、3歳554歳以上58、牝馬2減テレビ北海道賞(1着)賞品
202602010712,2026,函館,1,7,12,2026-07-04,https://www.jra.go.jp/datafile/seiseki/report/2026/2026-1hakodate7.pdf,53f1c8e36ee242dbf87ceb2116eec0af8c9e9495f83c94c7ceab14cef810dda3,official_race_marker_verified,1700,flat,dirt,,right,,Class1,0.0,0,17003歳以上1勝クラス発走16時05分(ダート・右)負担重量は、3歳554歳以上58、牝馬2減
202602010801,2026,函館,1,8,1,2026-07-05,https://www.jra.go.jp/datafile/seiseki/report/2026/2026-1hakodate8.pdf,393f3ba23cfedece7e4fcbf8777f2d0b0de6a7ca2992d3b73b9ff045ead1a7df,official_race_marker_verified,1200,flat,turf,,right,0.0,Maiden,0.0,0,12002歳未勝利発走9時50分(芝・右)負担重量は、馬齢重量
202602010802,2026,函館,1,8,2,2026-07-05,https://www.jra.go.jp/datafile/seiseki/report/2026/2026-1hakodate8.pdf,393f3ba23cfedece7e4fcbf8777f2d0b0de6a7ca2992d3b73b9ff045ead1a7df,official_race_marker_verified,1000,flat,dirt,,right,0.0,Maiden,0.0,0,10003歳未勝利発走10時20分(ダート・右)負担重量は、馬齢重量
202602010803,2026,函館,1,8,3,2026-07-05,https://www.jra.go.jp/datafile/seiseki/report/2026/2026-1hakodate8.pdf,393f3ba23cfedece7e4fcbf8777f2d0b0de6a7ca2992d3b73b9ff045ead1a7df,official_race_marker_verified,1700,flat,dirt,,right,0.0,Maiden,0.0,0,17003歳未勝利発走10時50分(ダート・右)負担重量は、馬齢重量
202602010804,2026,函館,1,8,4,2026-07-05,https://www.jra.go.jp/datafile/seiseki/report/2026/2026-1hakodate8.pdf,393f3ba23cfedece7e4fcbf8777f2d0b0de6a7ca2992d3b73b9ff045ead1a7df,official_race_marker_verified,1200,flat,turf,,right,0.0,Maiden,0.0,0,12003歳未勝利発走11時20分(芝・右)牝;負担重量は、馬齢重量
202602010805,2026,函館,1,8,5,2026-07-05,https://www.jra.go.jp/datafile/seiseki/report/2026/2026-1hakodate8.pdf,393f3ba23cfedece7e4fcbf8777f2d0b0de6a7ca2992d3b73b9ff045ead1a7df,official_race_marker_verified,1800,flat,turf,,right,0.0,Newcomer,0.0,0,18002歳新馬発走12時10分(芝・右)負担重量は、馬齢重量
202602010806,2026,函館,1,8,6,2026-07-05,https://www.jra.go.jp/datafile/seiseki/report/2026/2026-1hakodate8.pdf,393f3ba23cfedece7e4fcbf8777f2d0b0de6a7ca2992d3b73b9ff045ead1a7df,official_race_marker_verified,2000,flat,turf,,right,0.0,Maiden,0.0,0,20003歳未勝利発走12時40分(芝・右)負担重量は、馬齢重量
202602010807,2026,函館,1,8,7,2026-07-05,https://www.jra.go.jp/datafile/seiseki/report/2026/2026-1hakodate8.pdf,393f3ba23cfedece7e4fcbf8777f2d0b0de6a7ca2992d3b73b9ff045ead1a7df,official_race_marker_verified,1000,flat,dirt,,right,,Class1,0.0,0,10003歳以上1勝クラス発走13時10分(ダート・右)負担重量は、3歳554歳以上58、牝馬2減
202602010808,2026,函館,1,8,8,2026-07-05,https://www.jra.go.jp/datafile/seiseki/report/2026/2026-1hakodate8.pdf,393f3ba23cfedece7e4fcbf8777f2d0b0de6a7ca2992d3b73b9ff045ead1a7df,official_race_marker_verified,1700,flat,dirt,,right,,Class1,0.0,0,17003歳以上1勝クラス発走13時40分(ダート・右)負担重量は、3歳554歳以上58、牝馬2減
202602010809,2026,函館,1,8,9,2026-07-05,https://www.jra.go.jp/datafile/seiseki/report/2026/2026-1hakodate8.pdf,393f3ba23cfedece7e4fcbf8777f2d0b0de6a7ca2992d3b73b9ff045ead1a7df,official_race_marker_verified,1200,flat,turf,,right,,Class2,0.0,0,1200たちまちみさき立待岬特別発走14時10分(芝・右)牝、3歳以上、2勝クラス;負担重量は、3歳534歳以上56賞品
202602010810,2026,函館,1,8,10,2026-07-05,https://www.jra.go.jp/datafile/seiseki/report/2026/2026-1hakodate8.pdf,393f3ba23cfedece7e4fcbf8777f2d0b0de6a7ca2992d3b73b9ff045ead1a7df,official_race_marker_verified,2600,flat,turf,,right,1.0,Class2,0.0,0,2600よこつだけ横津岳特別発走14時45分(芝・右)3歳以上、2勝クラス;負担重量は、ハンデキャップ賞品
202602010811,2026,函館,1,8,11,2026-07-05,https://www.jra.go.jp/datafile/seiseki/report/2026/2026-1hakodate8.pdf,393f3ba23cfedece7e4fcbf8777f2d0b0de6a7ca2992d3b73b9ff045ead1a7df,official_race_marker_verified,1700,flat,dirt,,right,,Maiden,0.0,0,1700おおぬま大沼ステークス(L)発走15時20分(ダート・右)3歳以上、除未出走馬および未勝利馬;負担重量は、日本馬:3歳534歳以上57、牝馬2減、収得賞金1600万円超過馬は超過額1200万円毎1増、:3歳534歳以上57、牝馬2減、GI競走1着馬5増、GII競走1着馬3増、GIII競走1着馬1増(ただし2歳時の成績を除く)賞品
202602010812,2026,函館,1,8,12,2026-07-05,https://www.jra.go.jp/datafile/seiseki/report/2026/2026-1hakodate8.pdf,393f3ba23cfedece7e4fcbf8777f2d0b0de6a7ca2992d3b73b9ff045ead1a7df,official_race_marker_verified,1200,flat,turf,,right,,Class1,0.0,0,12003歳以上1勝クラス発走16時05分(芝・右)負担重量は、3歳554歳以上58、牝馬2減
202602010901,2026,函館,1,9,1,2026-07-11,https://www.jra.go.jp/datafile/seiseki/report/2026/2026-1hakodate9.pdf,57accf5179f39d2310b4989d521b5a39c8caa43336aa77a0d39f3487f181b944,official_race_marker_verified,1000,flat,dirt,,right,0.0,Maiden,0.0,0,10002歳未勝利発走9時50分(ダート・右)負担重量は、馬齢重量
202602010902,2026,函館,1,9,2,2026-07-11,https://www.jra.go.jp/datafile/seiseki/report/2026/2026-1hakodate9.pdf,57accf5179f39d2310b4989d521b5a39c8caa43336aa77a0d39f3487f181b944,official_race_marker_verified,1700,flat,dirt,,right,0.0,Maiden,0.0,0,17003歳未勝利発走10時20分(ダート・右)牝;負担重量は、馬齢重量
202602010903,2026,函館,1,9,3,2026-07-11,https://www.jra.go.jp/datafile/seiseki/report/2026/2026-1hakodate9.pdf,57accf5179f39d2310b4989d521b5a39c8caa43336aa77a0d39f3487f181b944,official_race_marker_verified,1200,flat,turf,,right,0.0,Maiden,0.0,0,12003歳未勝利発走10時50分(芝・右)負担重量は、馬齢重量
202602010904,2026,函館,1,9,4,2026-07-11,https://www.jra.go.jp/datafile/seiseki/report/2026/2026-1hakodate9.pdf,57accf5179f39d2310b4989d521b5a39c8caa43336aa77a0d39f3487f181b944,official_race_marker_verified,1800,flat,turf,,right,0.0,Maiden,0.0,0,18003歳未勝利発走11時20分(芝・右)負担重量は、馬齢重量
202602010905,2026,函館,1,9,5,2026-07-11,https://www.jra.go.jp/datafile/seiseki/report/2026/2026-1hakodate9.pdf,57accf5179f39d2310b4989d521b5a39c8caa43336aa77a0d39f3487f181b944,official_race_marker_verified,1200,flat,turf,,right,0.0,Newcomer,0.0,0,12002歳新馬発走12時10分(芝・右)負担重量は、馬齢重量
202602010906,2026,函館,1,9,6,2026-07-11,https://www.jra.go.jp/datafile/seiseki/report/2026/2026-1hakodate9.pdf,57accf5179f39d2310b4989d521b5a39c8caa43336aa77a0d39f3487f181b944,official_race_marker_verified,1700,flat,dirt,,right,0.0,Maiden,0.0,0,17003歳未勝利発走12時40分(ダート・右)負担重量は、馬齢重量
202602010907,2026,函館,1,9,7,2026-07-11,https://www.jra.go.jp/datafile/seiseki/report/2026/2026-1hakodate9.pdf,57accf5179f39d2310b4989d521b5a39c8caa43336aa77a0d39f3487f181b944,official_race_marker_verified,1800,flat,turf,,right,,Class1,0.0,0,18003歳以上1勝クラス発走13時10分(芝・右)牝;負担重量は、3歳534歳以上56
202602010908,2026,函館,1,9,8,2026-07-11,https://www.jra.go.jp/datafile/seiseki/report/2026/2026-1hakodate9.pdf,57accf5179f39d2310b4989d521b5a39c8caa43336aa77a0d39f3487f181b944,official_race_marker_verified,1700,flat,dirt,,right,,Class1,0.0,0,17003歳以上1勝クラス発走13時40分(ダート・右)負担重量は、3歳554歳以上58、牝馬2減
202602010909,2026,函館,1,9,9,2026-07-11,https://www.jra.go.jp/datafile/seiseki/report/2026/2026-1hakodate9.pdf,57accf5179f39d2310b4989d521b5a39c8caa43336aa77a0d39f3487f181b944,official_race_marker_verified,2000,flat,turf,,right,,Class1,0.0,0,2000ほくと北斗特別発走14時10分(芝・右)3歳以上、1勝クラス;負担重量は、3歳554歳以上58、牝馬2減賞品
202602010910,2026,函館,1,9,10,2026-07-11,https://www.jra.go.jp/datafile/seiseki/report/2026/2026-1hakodate9.pdf,57accf5179f39d2310b4989d521b5a39c8caa43336aa77a0d39f3487f181b944,official_race_marker_verified,1200,flat,turf,,right,,Class2,0.0,0,1200HTB杯発走14時45分(芝・右)3歳以上、2勝クラス;負担重量は、3歳554歳以上58、牝馬2減北海道テレビ放送賞(1着)賞品
202602010911,2026,函館,1,9,11,2026-07-11,https://www.jra.go.jp/datafile/seiseki/report/2026/2026-1hakodate9.pdf,57accf5179f39d2310b4989d521b5a39c8caa43336aa77a0d39f3487f181b944,official_race_marker_verified,1800,flat,turf,,right,,Maiden,0.0,0,1800ごりょうかく五稜郭ステークス発走15時20分(芝・右)3歳以上、3勝クラス、除未出走馬および未勝利馬;負担重量は、3歳554歳以上58、牝馬2減賞品
202602010912,2026,函館,1,9,12,2026-07-11,https://www.jra.go.jp/datafile/seiseki/report/2026/2026-1hakodate9.pdf,57accf5179f39d2310b4989d521b5a39c8caa43336aa77a0d39f3487f181b944,official_race_marker_verified,1000,flat,dirt,,right,,Class1,0.0,0,10003歳以上1勝クラス発走16時05分(ダート・右)負担重量は、3歳554歳以上58、牝馬2減
202603010101,2026,福島,1,1,1,2026-04-11,https://www.jra.go.jp/datafile/seiseki/report/2026/2026-1fukushima1.pdf,a262bcce2007285cb63548e67560076f630a6c6292e350ba75bb54a22aaebe37,official_race_marker_verified,1700,flat,dirt,,right,0.0,Maiden,0.0,0,17003歳未勝利発走9時45分(ダート・右)負担重量は、馬齢重量
202603010102,2026,福島,1,1,2,2026-04-11,https://www.jra.go.jp/datafile/seiseki/report/2026/2026-1fukushima1.pdf,a262bcce2007285cb63548e67560076f630a6c6292e350ba75bb54a22aaebe37,official_race_marker_verified,1200,flat,turf,,right,0.0,Maiden,0.0,0,12003歳未勝利発走10時15分(芝・右)負担重量は、馬齢重量
202603010103,2026,福島,1,1,3,2026-04-11,https://www.jra.go.jp/datafile/seiseki/report/2026/2026-1fukushima1.pdf,a262bcce2007285cb63548e67560076f630a6c6292e350ba75bb54a22aaebe37,official_race_marker_verified,1800,flat,turf,,right,0.0,Maiden,0.0,0,18003歳未勝利発走10時45分(芝・右)牝;負担重量は、馬齢重量
202603010104,2026,福島,1,1,4,2026-04-11,https://www.jra.go.jp/datafile/seiseki/report/2026/2026-1fukushima1.pdf,a262bcce2007285cb63548e67560076f630a6c6292e350ba75bb54a22aaebe37,official_race_marker_verified,1150,flat,dirt,,right,0.0,Maiden,0.0,0,11503歳未勝利発走11時15分(ダート・右)負担重量は、馬齢重量
202603010105,2026,福島,1,1,5,2026-04-11,https://www.jra.go.jp/datafile/seiseki/report/2026/2026-1fukushima1.pdf,a262bcce2007285cb63548e67560076f630a6c6292e350ba75bb54a22aaebe37,official_race_marker_verified,2000,flat,turf,,right,0.0,Maiden,0.0,0,20003歳未勝利発走12時05分(芝・右)負担重量は、馬齢重量
202603010106,2026,福島,1,1,6,2026-04-11,https://www.jra.go.jp/datafile/seiseki/report/2026/2026-1fukushima1.pdf,a262bcce2007285cb63548e67560076f630a6c6292e350ba75bb54a22aaebe37,official_race_marker_verified,2600,flat,turf,,right,0.0,Maiden,0.0,0,26003歳未勝利発走12時35分(芝・右)負担重量は、馬齢重量
202603010107,2026,福島,1,1,7,2026-04-11,https://www.jra.go.jp/datafile/seiseki/report/2026/2026-1fukushima1.pdf,a262bcce2007285cb63548e67560076f630a6c6292e350ba75bb54a22aaebe37,official_race_marker_verified,1700,flat,dirt,,right,,Class1,0.0,0,17004歳以上1勝クラス発走13時05分(ダート・右)若手騎手;負担重量は、58、牝馬2減
202603010108,2026,福島,1,1,8,2026-04-11,https://www.jra.go.jp/datafile/seiseki/report/2026/2026-1fukushima1.pdf,a262bcce2007285cb63548e67560076f630a6c6292e350ba75bb54a22aaebe37,official_race_marker_verified,1150,flat,dirt,,right,,Class1,0.0,0,11504歳以上1勝クラス発走13時35分(ダート・右)負担重量は、58、牝馬2減
202603010109,2026,福島,1,1,9,2026-04-11,https://www.jra.go.jp/datafile/seiseki/report/2026/2026-1fukushima1.pdf,a262bcce2007285cb63548e67560076f630a6c6292e350ba75bb54a22aaebe37,official_race_marker_verified,1800,flat,turf,,right,,Class1,0.0,0,1800じょうどだいら浄土平特別発走14時05分(芝・右)4歳以上、1勝クラス;負担重量は、58、牝馬2減賞品
202603010110,2026,福島,1,1,10,2026-04-11,https://www.jra.go.jp/datafile/seiseki/report/2026/2026-1fukushima1.pdf,a262bcce2007285cb63548e67560076f630a6c6292e350ba75bb54a22aaebe37,official_race_marker_verified,1200,flat,turf,,right,,Class2,0.0,0,1200はなみやま花見山特別発走14時40分(芝・右)4歳以上、2勝クラス;負担重量は、58、牝馬2減賞品
202603010111,2026,福島,1,1,11,2026-04-11,https://www.jra.go.jp/datafile/seiseki/report/2026/2026-1fukushima1.pdf,a262bcce2007285cb63548e67560076f630a6c6292e350ba75bb54a22aaebe37,official_race_marker_verified,1700,flat,dirt,,right,1.0,Maiden,0.0,0,1700あづまこふじ吾妻小富士ステークス発走15時15分(ダート・右)4歳以上、除未出走馬および未勝利馬;負担重量は、ハンデキャップ福島市長賞(1着)賞品
202603010112,2026,福島,1,1,12,2026-04-11,https://www.jra.go.jp/datafile/seiseki/report/2026/2026-1fukushima1.pdf,a262bcce2007285cb63548e67560076f630a6c6292e350ba75bb54a22aaebe37,official_race_marker_verified,1200,flat,turf,,right,,Class1,0.0,0,12004歳以上1勝クラス発走16時00分(芝・右)牝;負担重量は、56
202603010201,2026,福島,1,2,1,2026-04-12,https://www.jra.go.jp/datafile/seiseki/report/2026/2026-1fukushima2.pdf,e9b49da55ef6245cfb72e5050e46462c68951cd48f9b88caffe56bf5ecc6d37a,official_race_marker_verified,1700,flat,dirt,,right,0.0,Maiden,0.0,0,17003歳未勝利発走9時45分(ダート・右)牝;負担重量は、馬齢重量
202603010202,2026,福島,1,2,2,2026-04-12,https://www.jra.go.jp/datafile/seiseki/report/2026/2026-1fukushima2.pdf,e9b49da55ef6245cfb72e5050e46462c68951cd48f9b88caffe56bf5ecc6d37a,official_race_marker_verified,1200,flat,turf,,right,0.0,Maiden,0.0,0,12003歳未勝利発走10時10分(芝・右)負担重量は、馬齢重量
202603010203,2026,福島,1,2,3,2026-04-12,https://www.jra.go.jp/datafile/seiseki/report/2026/2026-1fukushima2.pdf,e9b49da55ef6245cfb72e5050e46462c68951cd48f9b88caffe56bf5ecc6d37a,official_race_marker_verified,1700,flat,dirt,,right,0.0,Maiden,0.0,0,17003歳未勝利発走10時40分(ダート・右)負担重量は、馬齢重量
202603010204,2026,福島,1,2,4,2026-04-12,https://www.jra.go.jp/datafile/seiseki/report/2026/2026-1fukushima2.pdf,e9b49da55ef6245cfb72e5050e46462c68951cd48f9b88caffe56bf5ecc6d37a,official_race_marker_verified,1200,flat,turf,,right,0.0,Maiden,0.0,0,12003歳未勝利発走11時10分(芝・右)負担重量は、馬齢重量
202603010205,2026,福島,1,2,5,2026-04-12,https://www.jra.go.jp/datafile/seiseki/report/2026/2026-1fukushima2.pdf,e9b49da55ef6245cfb72e5050e46462c68951cd48f9b88caffe56bf5ecc6d37a,official_race_marker_verified,1800,flat,turf,,right,0.0,Maiden,0.0,0,18003歳未勝利発走12時00分(芝・右)負担重量は、馬齢重量
202603010206,2026,福島,1,2,6,2026-04-12,https://www.jra.go.jp/datafile/seiseki/report/2026/2026-1fukushima2.pdf,e9b49da55ef6245cfb72e5050e46462c68951cd48f9b88caffe56bf5ecc6d37a,official_race_marker_verified,2000,flat,turf,,right,,Class1,0.0,0,20004歳以上1勝クラス発走12時30分(芝・右)若手騎手;負担重量は、58、牝馬2減
202603010207,2026,福島,1,2,7,2026-04-12,https://www.jra.go.jp/datafile/seiseki/report/2026/2026-1fukushima2.pdf,e9b49da55ef6245cfb72e5050e46462c68951cd48f9b88caffe56bf5ecc6d37a,official_race_marker_verified,1700,flat,dirt,,right,,Class1,0.0,0,17004歳以上1勝クラス発走13時00分(ダート・右)牝;負担重量は、56
202603010208,2026,福島,1,2,8,2026-04-12,https://www.jra.go.jp/datafile/seiseki/report/2026/2026-1fukushima2.pdf,e9b49da55ef6245cfb72e5050e46462c68951cd48f9b88caffe56bf5ecc6d37a,official_race_marker_verified,1200,flat,turf,,right,,Class1,0.0,0,12004歳以上1勝クラス発走13時30分(芝・右)負担重量は、58、牝馬2減
202603010209,2026,福島,1,2,9,2026-04-12,https://www.jra.go.jp/datafile/seiseki/report/2026/2026-1fukushima2.pdf,e9b49da55ef6245cfb72e5050e46462c68951cd48f9b88caffe56bf5ecc6d37a,official_race_marker_verified,2600,flat,turf,,right,,Class1,0.0,0,2600ひうちがたけ燧ヶ岳特別発走14時05分(芝・右)4歳以上、1勝クラス;負担重量は、58、牝馬2減賞品
202603010210,2026,福島,1,2,10,2026-04-12,https://www.jra.go.jp/datafile/seiseki/report/2026/2026-1fukushima2.pdf,e9b49da55ef6245cfb72e5050e46462c68951cd48f9b88caffe56bf5ecc6d37a,official_race_marker_verified,1150,flat,dirt,,right,,Class2,0.0,0,1150きたかた喜多方特別発走14時40分(ダート・右)4歳以上、2勝クラス;負担重量は、58、牝馬2減賞品
202603010211,2026,福島,1,2,11,2026-04-12,https://www.jra.go.jp/datafile/seiseki/report/2026/2026-1fukushima2.pdf,e9b49da55ef6245cfb72e5050e46462c68951cd48f9b88caffe56bf5ecc6d37a,official_race_marker_verified,2000,flat,turf,,right,,Maiden,0.0,0,2000福島民報杯(L)発走15時15分(芝・右)4歳以上、除未出走馬および未勝利馬;負担重量は、日本馬:57、牝馬2減、収得賞金1600万円超過馬は超過額1200万円毎1増、:57、牝馬2減、GI競走1着馬5増、GII競走1着馬3増、GIII競走1着馬1増(ただし2歳時の成績を除く)福島民報社長賞(1着)賞品
202603010212,2026,福島,1,2,12,2026-04-12,https://www.jra.go.jp/datafile/seiseki/report/2026/2026-1fukushima2.pdf,e9b49da55ef6245cfb72e5050e46462c68951cd48f9b88caffe56bf5ecc6d37a,official_race_marker_verified,1700,flat,dirt,,right,,Class1,0.0,0,17004歳以上1勝クラス発走16時00分(ダート・右)負担重量は、58、牝馬2減
202603010301,2026,福島,1,3,1,2026-04-18,https://www.jra.go.jp/datafile/seiseki/report/2026/2026-1fukushima3.pdf,0c789d06b2812ef573118d5ee77a922cc2bcadf52ed6b822c5dcf59e28e3b3e5,official_race_marker_verified,1150,flat,dirt,,right,0.0,Maiden,0.0,0,11503歳未勝利発走9時45分(ダート・右)負担重量は、馬齢重量
202603010302,2026,福島,1,3,2,2026-04-18,https://www.jra.go.jp/datafile/seiseki/report/2026/2026-1fukushima3.pdf,0c789d06b2812ef573118d5ee77a922cc2bcadf52ed6b822c5dcf59e28e3b3e5,official_race_marker_verified,2000,flat,turf,,right,0.0,Maiden,0.0,0,20003歳未勝利発走10時15分(芝・右)牝;負担重量は、馬齢重量
202603010303,2026,福島,1,3,3,2026-04-18,https://www.jra.go.jp/datafile/seiseki/report/2026/2026-1fukushima3.pdf,0c789d06b2812ef573118d5ee77a922cc2bcadf52ed6b822c5dcf59e28e3b3e5,official_race_marker_verified,1200,flat,turf,,right,0.0,Maiden,0.0,0,12003歳未勝利発走10時45分(芝・右)負担重量は、馬齢重量
202603010304,2026,福島,1,3,4,2026-04-18,https://www.jra.go.jp/datafile/seiseki/report/2026/2026-1fukushima3.pdf,0c789d06b2812ef573118d5ee77a922cc2bcadf52ed6b822c5dcf59e28e3b3e5,official_race_marker_verified,1700,flat,dirt,,right,0.0,Maiden,0.0,0,17003歳未勝利発走11時15分(ダート・右)負担重量は、馬齢重量
202603010305,2026,福島,1,3,5,2026-04-18,https://www.jra.go.jp/datafile/seiseki/report/2026/2026-1fukushima3.pdf,0c789d06b2812ef573118d5ee77a922cc2bcadf52ed6b822c5dcf59e28e3b3e5,official_race_marker_verified,1800,flat,turf,,right,0.0,Maiden,0.0,0,18003歳未勝利発走12時05分(芝・右)若手騎手;負担重量は、馬齢重量
202603010306,2026,福島,1,3,6,2026-04-18,https://www.jra.go.jp/datafile/seiseki/report/2026/2026-1fukushima3.pdf,0c789d06b2812ef573118d5ee77a922cc2bcadf52ed6b822c5dcf59e28e3b3e5,official_race_marker_verified,2600,flat,turf,,right,0.0,Maiden,0.0,0,26003歳未勝利発走12時35分(芝・右)負担重量は、馬齢重量
202603010307,2026,福島,1,3,7,2026-04-18,https://www.jra.go.jp/datafile/seiseki/report/2026/2026-1fukushima3.pdf,0c789d06b2812ef573118d5ee77a922cc2bcadf52ed6b822c5dcf59e28e3b3e5,official_race_marker_verified,1150,flat,dirt,,right,,Class1,0.0,0,11504歳以上1勝クラス発走13時05分(ダート・右)牝;負担重量は、56
202603010308,2026,福島,1,3,8,2026-04-18,https://www.jra.go.jp/datafile/seiseki/report/2026/2026-1fukushima3.pdf,0c789d06b2812ef573118d5ee77a922cc2bcadf52ed6b822c5dcf59e28e3b3e5,official_race_marker_verified,1700,flat,dirt,,right,,Class1,0.0,0,17004歳以上1勝クラス発走13時35分(ダート・右)負担重量は、58、牝馬2減
202603010309,2026,福島,1,3,9,2026-04-18,https://www.jra.go.jp/datafile/seiseki/report/2026/2026-1fukushima3.pdf,0c789d06b2812ef573118d5ee77a922cc2bcadf52ed6b822c5dcf59e28e3b3e5,official_race_marker_verified,2000,flat,turf,,right,0.0,Class1,0.0,0,2000ひめさゆり賞発走14時05分(芝・右)3歳、1勝クラス;負担重量は、馬齢重量福島ロータリークラブ会長賞(1着)賞品
202603010310,2026,福島,1,3,10,2026-04-18,https://www.jra.go.jp/datafile/seiseki/report/2026/2026-1fukushima3.pdf,0c789d06b2812ef573118d5ee77a922cc2bcadf52ed6b822c5dcf59e28e3b3e5,official_race_marker_verified,2000,flat,turf,,right,,Class1,0.0,0,2000こおり桑折特別発走14時40分(芝・右)牝、4歳以上、1勝クラス;負担重量は、56賞品
202603010311,2026,福島,1,3,11,2026-04-18,https://www.jra.go.jp/datafile/seiseki/report/2026/2026-1fukushima3.pdf,0c789d06b2812ef573118d5ee77a922cc2bcadf52ed6b822c5dcf59e28e3b3e5,official_race_marker_verified,1700,flat,dirt,,right,1.0,Class2,0.0,0,1700ラジオ福島賞発走15時15分(ダート・右)4歳以上、2勝クラス;負担重量は、ハンデキャップラジオ福島賞(1着)賞品
202603010312,2026,福島,1,3,12,2026-04-18,https://www.jra.go.jp/datafile/seiseki/report/2026/2026-1fukushima3.pdf,0c789d06b2812ef573118d5ee77a922cc2bcadf52ed6b822c5dcf59e28e3b3e5,official_race_marker_verified,1200,flat,turf,,right,,Class1,0.0,0,12004歳以上1勝クラス発走16時00分(芝・右)負担重量は、58、牝馬2減
202603010401,2026,福島,1,4,1,2026-04-19,https://www.jra.go.jp/datafile/seiseki/report/2026/2026-1fukushima4.pdf,8e89f4ed7f7ee13172cd6226e280d2eebbd226005ccf6d5d8ec33439e4d51cb6,official_race_marker_verified,1150,flat,dirt,,right,0.0,Maiden,0.0,0,11503歳未勝利発走9時45分(ダート・右)負担重量は、馬齢重量
202603010402,2026,福島,1,4,2,2026-04-19,https://www.jra.go.jp/datafile/seiseki/report/2026/2026-1fukushima4.pdf,8e89f4ed7f7ee13172cd6226e280d2eebbd226005ccf6d5d8ec33439e4d51cb6,official_race_marker_verified,1700,flat,dirt,,right,0.0,Maiden,0.0,0,17003歳未勝利発走10時10分(ダート・右)牝;負担重量は、馬齢重量
202603010403,2026,福島,1,4,3,2026-04-19,https://www.jra.go.jp/datafile/seiseki/report/2026/2026-1fukushima4.pdf,8e89f4ed7f7ee13172cd6226e280d2eebbd226005ccf6d5d8ec33439e4d51cb6,official_race_marker_verified,2000,flat,turf,,right,0.0,Maiden,0.0,0,20003歳未勝利発走10時40分(芝・右)負担重量は、馬齢重量
202603010404,2026,福島,1,4,4,2026-04-19,https://www.jra.go.jp/datafile/seiseki/report/2026/2026-1fukushima4.pdf,8e89f4ed7f7ee13172cd6226e280d2eebbd226005ccf6d5d8ec33439e4d51cb6,official_race_marker_verified,1700,flat,dirt,,right,0.0,Maiden,0.0,0,17003歳未勝利発走11時10分(ダート・右)負担重量は、馬齢重量
202603010405,2026,福島,1,4,5,2026-04-19,https://www.jra.go.jp/datafile/seiseki/report/2026/2026-1fukushima4.pdf,8e89f4ed7f7ee13172cd6226e280d2eebbd226005ccf6d5d8ec33439e4d51cb6,official_race_marker_verified,1200,flat,turf,,right,0.0,Maiden,0.0,0,12003歳未勝利発走12時00分(芝・右)負担重量は、馬齢重量
202603010406,2026,福島,1,4,6,2026-04-19,https://www.jra.go.jp/datafile/seiseki/report/2026/2026-1fukushima4.pdf,8e89f4ed7f7ee13172cd6226e280d2eebbd226005ccf6d5d8ec33439e4d51cb6,official_race_marker_verified,1800,flat,turf,,right,,Class1,0.0,0,18004歳以上1勝クラス発走12時30分(芝・右)負担重量は、58、牝馬2減
202603010407,2026,福島,1,4,7,2026-04-19,https://www.jra.go.jp/datafile/seiseki/report/2026/2026-1fukushima4.pdf,8e89f4ed7f7ee13172cd6226e280d2eebbd226005ccf6d5d8ec33439e4d51cb6,official_race_marker_verified,2000,flat,turf,,right,,Class1,0.0,0,20004歳以上1勝クラス発走13時00分(芝・右)負担重量は、58、牝馬2減
202603010408,2026,福島,1,4,8,2026-04-19,https://www.jra.go.jp/datafile/seiseki/report/2026/2026-1fukushima4.pdf,8e89f4ed7f7ee13172cd6226e280d2eebbd226005ccf6d5d8ec33439e4d51cb6,official_race_marker_verified,1700,flat,dirt,,right,,Class1,0.0,0,17004歳以上1勝クラス発走13時30分(ダート・右)負担重量は、58、牝馬2減
202603010409,2026,福島,1,4,9,2026-04-19,https://www.jra.go.jp/datafile/seiseki/report/2026/2026-1fukushima4.pdf,8e89f4ed7f7ee13172cd6226e280d2eebbd226005ccf6d5d8ec33439e4d51cb6,official_race_marker_verified,1200,flat,turf,,right,,Class1,0.0,0,1200すかがわ須賀川特別発走14時05分(芝・右)4歳以上、1勝クラス;負担重量は、58、牝馬2減賞品
202603010410,2026,福島,1,4,10,2026-04-19,https://www.jra.go.jp/datafile/seiseki/report/2026/2026-1fukushima4.pdf,8e89f4ed7f7ee13172cd6226e280d2eebbd226005ccf6d5d8ec33439e4d51cb6,official_race_marker_verified,2600,flat,turf,,right,,Class2,0.0,0,2600おくほそみち奥の細道特別発走14時40分(芝・右)4歳以上、2勝クラス;負担重量は、58、牝馬2減福島競馬振興会長賞(1着)賞品
202603010411,2026,福島,1,4,11,2026-04-19,https://www.jra.go.jp/datafile/seiseki/report/2026/2026-1fukushima4.pdf,8e89f4ed7f7ee13172cd6226e280d2eebbd226005ccf6d5d8ec33439e4d51cb6,official_race_marker_verified,1800,flat,turf,,right,,Open,1.0,1,1800第23回福島牝馬ステークス(GIII)発走15時15分(芝・右)牝、4歳以上、除未出走馬および未勝利馬;負担重量は、55、2025.4.19以降GI競走1着馬3増、GII競走1着馬2増、GIII競走1着馬1増、2025.4.18以前のGI競走1着馬2増、GII競走1着馬1増(ただし2歳時の成績を除く)福島県知事賞(1着)賞品
202603010412,2026,福島,1,4,12,2026-04-19,https://www.jra.go.jp/datafile/seiseki/report/2026/2026-1fukushima4.pdf,8e89f4ed7f7ee13172cd6226e280d2eebbd226005ccf6d5d8ec33439e4d51cb6,official_race_marker_verified,1150,flat,dirt,,right,,Class1,0.0,0,11504歳以上1勝クラス発走16時00分(ダート・右)負担重量は、58、牝馬2減
202603010501,2026,福島,1,5,1,2026-04-25,https://www.jra.go.jp/datafile/seiseki/report/2026/2026-1fukushima5.pdf,c35fbad559bd0381a82b26b7a191edb29f23de540f02d59a372dfe046a01b858,official_race_marker_verified,1700,flat,dirt,,right,0.0,Maiden,0.0,0,17003歳未勝利発走9時45分(ダート・右)牝;負担重量は、馬齢重量
202603010502,2026,福島,1,5,2,2026-04-25,https://www.jra.go.jp/datafile/seiseki/report/2026/2026-1fukushima5.pdf,c35fbad559bd0381a82b26b7a191edb29f23de540f02d59a372dfe046a01b858,official_race_marker_verified,1200,flat,turf,,right,0.0,Maiden,0.0,0,12003歳未勝利発走10時15分(芝・右)負担重量は、馬齢重量
202603010503,2026,福島,1,5,3,2026-04-25,https://www.jra.go.jp/datafile/seiseki/report/2026/2026-1fukushima5.pdf,c35fbad559bd0381a82b26b7a191edb29f23de540f02d59a372dfe046a01b858,official_race_marker_verified,2000,flat,turf,,right,0.0,Maiden,0.0,0,20003歳未勝利発走10時45分(芝・右)牝;負担重量は、馬齢重量
202603010504,2026,福島,1,5,4,2026-04-25,https://www.jra.go.jp/datafile/seiseki/report/2026/2026-1fukushima5.pdf,c35fbad559bd0381a82b26b7a191edb29f23de540f02d59a372dfe046a01b858,official_race_marker_verified,1150,flat,dirt,,right,0.0,Maiden,0.0,0,11503歳未勝利発走11時15分(ダート・右)負担重量は、馬齢重量
202603010505,2026,福島,1,5,5,2026-04-25,https://www.jra.go.jp/datafile/seiseki/report/2026/2026-1fukushima5.pdf,c35fbad559bd0381a82b26b7a191edb29f23de540f02d59a372dfe046a01b858,official_race_marker_verified,2000,flat,turf,,right,0.0,Maiden,0.0,0,20003歳未勝利発走12時05分(芝・右)負担重量は、馬齢重量
202603010506,2026,福島,1,5,6,2026-04-25,https://www.jra.go.jp/datafile/seiseki/report/2026/2026-1fukushima5.pdf,c35fbad559bd0381a82b26b7a191edb29f23de540f02d59a372dfe046a01b858,official_race_marker_verified,1700,flat,dirt,,right,0.0,Maiden,0.0,0,17003歳未勝利発走12時35分(ダート・右)負担重量は、馬齢重量
202603010507,2026,福島,1,5,7,2026-04-25,https://www.jra.go.jp/datafile/seiseki/report/2026/2026-1fukushima5.pdf,c35fbad559bd0381a82b26b7a191edb29f23de540f02d59a372dfe046a01b858,official_race_marker_verified,1200,flat,turf,,right,,Class1,0.0,0,12004歳以上1勝クラス発走13時05分(芝・右)若手騎手;負担重量は、58、牝馬2減
202603010508,2026,福島,1,5,8,2026-04-25,https://www.jra.go.jp/datafile/seiseki/report/2026/2026-1fukushima5.pdf,c35fbad559bd0381a82b26b7a191edb29f23de540f02d59a372dfe046a01b858,official_race_marker_verified,1700,flat,dirt,,right,,Class1,0.0,0,17004歳以上1勝クラス発走13時35分(ダート・右)負担重量は、58、牝馬2減
202603010509,2026,福島,1,5,9,2026-04-25,https://www.jra.go.jp/datafile/seiseki/report/2026/2026-1fukushima5.pdf,c35fbad559bd0381a82b26b7a191edb29f23de540f02d59a372dfe046a01b858,official_race_marker_verified,1200,flat,turf,,right,0.0,Class1,0.0,0,1200ゆき雪うさぎ賞発走14時05分(芝・右)3歳、1勝クラス;負担重量は、馬齢重量賞品
202603010510,2026,福島,1,5,10,2026-04-25,https://www.jra.go.jp/datafile/seiseki/report/2026/2026-1fukushima5.pdf,c35fbad559bd0381a82b26b7a191edb29f23de540f02d59a372dfe046a01b858,official_race_marker_verified,1200,flat,turf,,right,,Class2,0.0,0,1200いおうじ医王寺特別発走14時40分(芝・右)4歳以上、2勝クラス;負担重量は、58、牝馬2減賞品
202603010511,2026,福島,1,5,11,2026-04-25,https://www.jra.go.jp/datafile/seiseki/report/2026/2026-1fukushima5.pdf,c35fbad559bd0381a82b26b7a191edb29f23de540f02d59a372dfe046a01b858,official_race_marker_verified,1150,flat,dirt,,right,,Maiden,0.0,0,1150福島中央テレビ杯発走15時15分(ダート・右)4歳以上、3勝クラス、除未出走馬および未勝利馬;負担重量は、58、牝馬2減福島中央テレビ賞(1着)賞品
202603010512,2026,福島,1,5,12,2026-04-25,https://www.jra.go.jp/datafile/seiseki/report/2026/2026-1fukushima5.pdf,c35fbad559bd0381a82b26b7a191edb29f23de540f02d59a372dfe046a01b858,official_race_marker_verified,1800,flat,turf,,right,,Class1,0.0,0,18004歳以上1勝クラス発走16時00分(芝・右)牝;負担重量は、56
202603010601,2026,福島,1,6,1,2026-04-26,https://www.jra.go.jp/datafile/seiseki/report/2026/2026-1fukushima6.pdf,c17b4dab1597d2ac0b90123218073184c1589cc3d9baa9d6a9daa7eeeb281b38,official_race_marker_verified,1150,flat,dirt,,right,0.0,Maiden,0.0,0,11503歳未勝利発走9時45分(ダート・右)牝;負担重量は、馬齢重量
202603010602,2026,福島,1,6,2,2026-04-26,https://www.jra.go.jp/datafile/seiseki/report/2026/2026-1fukushima6.pdf,c17b4dab1597d2ac0b90123218073184c1589cc3d9baa9d6a9daa7eeeb281b38,official_race_marker_verified,1200,flat,turf,,right,0.0,Maiden,0.0,0,12003歳未勝利発走10時15分(芝・右)負担重量は、馬齢重量
202603010603,2026,福島,1,6,3,2026-04-26,https://www.jra.go.jp/datafile/seiseki/report/2026/2026-1fukushima6.pdf,c17b4dab1597d2ac0b90123218073184c1589cc3d9baa9d6a9daa7eeeb281b38,official_race_marker_verified,1700,flat,dirt,,right,0.0,Maiden,0.0,0,17003歳未勝利発走10時45分(ダート・右)若手騎手;負担重量は、馬齢重量
202603010604,2026,福島,1,6,4,2026-04-26,https://www.jra.go.jp/datafile/seiseki/report/2026/2026-1fukushima6.pdf,c17b4dab1597d2ac0b90123218073184c1589cc3d9baa9d6a9daa7eeeb281b38,official_race_marker_verified,1200,flat,turf,,right,0.0,Maiden,0.0,0,12003歳未勝利発走11時15分(芝・右)牝;負担重量は、馬齢重量
202603010605,2026,福島,1,6,5,2026-04-26,https://www.jra.go.jp/datafile/seiseki/report/2026/2026-1fukushima6.pdf,c17b4dab1597d2ac0b90123218073184c1589cc3d9baa9d6a9daa7eeeb281b38,official_race_marker_verified,1800,flat,turf,,right,0.0,Maiden,0.0,0,18003歳未勝利発走12時05分(芝・右)負担重量は、馬齢重量
202603010606,2026,福島,1,6,6,2026-04-26,https://www.jra.go.jp/datafile/seiseki/report/2026/2026-1fukushima6.pdf,c17b4dab1597d2ac0b90123218073184c1589cc3d9baa9d6a9daa7eeeb281b38,official_race_marker_verified,2600,flat,turf,,right,,Class1,0.0,0,26004歳以上1勝クラス発走12時35分(芝・右)負担重量は、58、牝馬2減
202603010607,2026,福島,1,6,7,2026-04-26,https://www.jra.go.jp/datafile/seiseki/report/2026/2026-1fukushima6.pdf,c17b4dab1597d2ac0b90123218073184c1589cc3d9baa9d6a9daa7eeeb281b38,official_race_marker_verified,1700,flat,dirt,,right,,Class1,0.0,0,17004歳以上1勝クラス発走13時05分(ダート・右)牝;負担重量は、56
202603010608,2026,福島,1,6,8,2026-04-26,https://www.jra.go.jp/datafile/seiseki/report/2026/2026-1fukushima6.pdf,c17b4dab1597d2ac0b90123218073184c1589cc3d9baa9d6a9daa7eeeb281b38,official_race_marker_verified,1200,flat,turf,,right,,Class1,0.0,0,12004歳以上1勝クラス発走13時35分(芝・右)負担重量は、58、牝馬2減
202603010609,2026,福島,1,6,9,2026-04-26,https://www.jra.go.jp/datafile/seiseki/report/2026/2026-1fukushima6.pdf,c17b4dab1597d2ac0b90123218073184c1589cc3d9baa9d6a9daa7eeeb281b38,official_race_marker_verified,2000,flat,turf,,right,,Class1,0.0,0,2000いいもりやま飯盛山特別発走14時05分(芝・右)4歳以上、1勝クラス;負担重量は、58、牝馬2減賞品
202603010610,2026,福島,1,6,10,2026-04-26,https://www.jra.go.jp/datafile/seiseki/report/2026/2026-1fukushima6.pdf,c17b4dab1597d2ac0b90123218073184c1589cc3d9baa9d6a9daa7eeeb281b38,official_race_marker_verified,1700,flat,dirt,,right,,Class2,0.0,0,1700おぜ尾瀬特別発走14時40分(ダート・右)4歳以上、2勝クラス;負担重量は、58、牝馬2減賞品
202603010611,2026,福島,1,6,11,2026-04-26,https://www.jra.go.jp/datafile/seiseki/report/2026/2026-1fukushima6.pdf,c17b4dab1597d2ac0b90123218073184c1589cc3d9baa9d6a9daa7eeeb281b38,official_race_marker_verified,1200,flat,turf,,right,1.0,Maiden,0.0,0,1200モルガナイトステークス発走15時15分(芝・右)4歳以上、除未出走馬および未勝利馬;負担重量は、ハンデキャップ賞品
202603010612,2026,福島,1,6,12,2026-04-26,https://www.jra.go.jp/datafile/seiseki/report/2026/2026-1fukushima6.pdf,c17b4dab1597d2ac0b90123218073184c1589cc3d9baa9d6a9daa7eeeb281b38,official_race_marker_verified,1150,flat,dirt,,right,,Class1,0.0,0,11504歳以上1勝クラス発走16時00分(ダート・右)負担重量は、58、牝馬2減
202603020101,2026,福島,2,1,1,2026-06-27,https://www.jra.go.jp/datafile/seiseki/report/2026/2026-2fukushima1.pdf,afcb686f70f25581410cc0b25767d74babff5dd55b6424f16a0909e6253a81a2,official_race_marker_verified,2750,obstacle,,,,,Maiden,0.0,0,2750障害3歳以上未勝利発走10時05分(芝)負担重量は、3歳584歳以上60、牝馬2減
202603020102,2026,福島,2,1,2,2026-06-27,https://www.jra.go.jp/datafile/seiseki/report/2026/2026-2fukushima1.pdf,afcb686f70f25581410cc0b25767d74babff5dd55b6424f16a0909e6253a81a2,official_race_marker_verified,1700,flat,dirt,,right,0.0,Maiden,0.0,0,17003歳未勝利発走10時40分(ダート・右)負担重量は、馬齢重量
202603020103,2026,福島,2,1,3,2026-06-27,https://www.jra.go.jp/datafile/seiseki/report/2026/2026-2fukushima1.pdf,afcb686f70f25581410cc0b25767d74babff5dd55b6424f16a0909e6253a81a2,official_race_marker_verified,1700,flat,dirt,,right,,Class1,0.0,0,17003歳以上1勝クラス発走11時10分(ダート・右)負担重量は、3歳554歳以上58、牝馬2減
202603020104,2026,福島,2,1,4,2026-06-27,https://www.jra.go.jp/datafile/seiseki/report/2026/2026-2fukushima1.pdf,afcb686f70f25581410cc0b25767d74babff5dd55b6424f16a0909e6253a81a2,official_race_marker_verified,2750,obstacle,,,,,Open,1.0,0,2750障害3歳以上オープン発走11時40分(芝)負担重量は、3歳584歳以上60、牝馬2減、収得賞金400万円超過馬は超過額300万円毎1増
202603020105,2026,福島,2,1,5,2026-06-27,https://www.jra.go.jp/datafile/seiseki/report/2026/2026-2fukushima1.pdf,afcb686f70f25581410cc0b25767d74babff5dd55b6424f16a0909e6253a81a2,official_race_marker_verified,1200,flat,turf,,right,0.0,Newcomer,0.0,0,12002歳新馬発走12時30分(芝・右)負担重量は、馬齢重量
202603020106,2026,福島,2,1,6,2026-06-27,https://www.jra.go.jp/datafile/seiseki/report/2026/2026-2fukushima1.pdf,afcb686f70f25581410cc0b25767d74babff5dd55b6424f16a0909e6253a81a2,official_race_marker_verified,1150,flat,dirt,,right,0.0,Newcomer,0.0,0,11502歳新馬発走13時00分(ダート・右)負担重量は、馬齢重量
202603020107,2026,福島,2,1,7,2026-06-27,https://www.jra.go.jp/datafile/seiseki/report/2026/2026-2fukushima1.pdf,afcb686f70f25581410cc0b25767d74babff5dd55b6424f16a0909e6253a81a2,official_race_marker_verified,1800,flat,turf,,right,0.0,Maiden,0.0,0,18003歳未勝利発走13時30分(芝・右)牝;負担重量は、馬齢重量
202603020108,2026,福島,2,1,8,2026-06-27,https://www.jra.go.jp/datafile/seiseki/report/2026/2026-2fukushima1.pdf,afcb686f70f25581410cc0b25767d74babff5dd55b6424f16a0909e6253a81a2,official_race_marker_verified,2000,flat,turf,,right,0.0,Maiden,0.0,0,20003歳未勝利発走14時00分(芝・右)負担重量は、馬齢重量
202603020109,2026,福島,2,1,9,2026-06-27,https://www.jra.go.jp/datafile/seiseki/report/2026/2026-2fukushima1.pdf,afcb686f70f25581410cc0b25767d74babff5dd55b6424f16a0909e6253a81a2,official_race_marker_verified,1150,flat,dirt,,right,,Class2,0.0,0,1150さくらんぼ特別発走14時35分(ダート・右)3歳以上、2勝クラス;負担重量は、3歳554歳以上58、牝馬2減福島市長賞(1着)賞品
202603020110,2026,福島,2,1,10,2026-06-27,https://www.jra.go.jp/datafile/seiseki/report/2026/2026-2fukushima1.pdf,afcb686f70f25581410cc0b25767d74babff5dd55b6424f16a0909e6253a81a2,official_race_marker_verified,1700,flat,dirt,,right,,Class2,0.0,0,1700いわき特別発走15時10分(ダート・右)3歳以上、2勝クラス;負担重量は、3歳554歳以上58、牝馬2減賞品
202603020111,2026,福島,2,1,11,2026-06-27,https://www.jra.go.jp/datafile/seiseki/report/2026/2026-2fukushima1.pdf,afcb686f70f25581410cc0b25767d74babff5dd55b6424f16a0909e6253a81a2,official_race_marker_verified,2000,flat,turf,,right,,Maiden,0.0,0,2000バーデンバーデンカップ発走15時45分(芝・右)3歳以上、3勝クラス、除未出走馬および未勝利馬;負担重量は、3歳554歳以上58、牝馬2減バーデンバーデン競馬場賞(1着)賞品
202603020112,2026,福島,2,1,12,2026-06-27,https://www.jra.go.jp/datafile/seiseki/report/2026/2026-2fukushima1.pdf,afcb686f70f25581410cc0b25767d74babff5dd55b6424f16a0909e6253a81a2,official_race_marker_verified,1200,flat,turf,,right,,Class1,0.0,0,12003歳以上1勝クラス発走16時30分(芝・右)負担重量は、3歳554歳以上58、牝馬2減
202603020201,2026,福島,2,2,1,2026-06-28,https://www.jra.go.jp/datafile/seiseki/report/2026/2026-2fukushima2.pdf,72744d8bd29887ec3d0faccd2a62e9eed393cc5621707c44858998f749870726,official_race_marker_verified,2750,obstacle,,,,,Maiden,0.0,0,2750障害3歳以上未勝利発走10時05分(芝)負担重量は、3歳584歳以上60、牝馬2減
202603020202,2026,福島,2,2,2,2026-06-28,https://www.jra.go.jp/datafile/seiseki/report/2026/2026-2fukushima2.pdf,72744d8bd29887ec3d0faccd2a62e9eed393cc5621707c44858998f749870726,official_race_marker_verified,1700,flat,dirt,,right,0.0,Maiden,0.0,0,17003歳未勝利発走10時40分(ダート・右)負担重量は、馬齢重量
202603020203,2026,福島,2,2,3,2026-06-28,https://www.jra.go.jp/datafile/seiseki/report/2026/2026-2fukushima2.pdf,72744d8bd29887ec3d0faccd2a62e9eed393cc5621707c44858998f749870726,official_race_marker_verified,1200,flat,turf,,right,0.0,Maiden,0.0,0,12002歳未勝利発走11時10分(芝・右)負担重量は、馬齢重量
202603020204,2026,福島,2,2,4,2026-06-28,https://www.jra.go.jp/datafile/seiseki/report/2026/2026-2fukushima2.pdf,72744d8bd29887ec3d0faccd2a62e9eed393cc5621707c44858998f749870726,official_race_marker_verified,1200,flat,turf,,right,0.0,Newcomer,0.0,0,12002歳新馬発走11時40分(芝・右)牝;負担重量は、馬齢重量
202603020205,2026,福島,2,2,5,2026-06-28,https://www.jra.go.jp/datafile/seiseki/report/2026/2026-2fukushima2.pdf,72744d8bd29887ec3d0faccd2a62e9eed393cc5621707c44858998f749870726,official_race_marker_verified,1800,flat,turf,,right,0.0,Newcomer,0.0,0,18002歳新馬発走12時30分(芝・右)負担重量は、馬齢重量
202603020206,2026,福島,2,2,6,2026-06-28,https://www.jra.go.jp/datafile/seiseki/report/2026/2026-2fukushima2.pdf,72744d8bd29887ec3d0faccd2a62e9eed393cc5621707c44858998f749870726,official_race_marker_verified,1150,flat,dirt,,right,0.0,Maiden,0.0,0,11503歳未勝利発走13時00分(ダート・右)負担重量は、馬齢重量
202603020207,2026,福島,2,2,7,2026-06-28,https://www.jra.go.jp/datafile/seiseki/report/2026/2026-2fukushima2.pdf,72744d8bd29887ec3d0faccd2a62e9eed393cc5621707c44858998f749870726,official_race_marker_verified,1200,flat,turf,,right,0.0,Maiden,0.0,0,12003歳未勝利発走13時30分(芝・右)負担重量は、馬齢重量
202603020208,2026,福島,2,2,8,2026-06-28,https://www.jra.go.jp/datafile/seiseki/report/2026/2026-2fukushima2.pdf,72744d8bd29887ec3d0faccd2a62e9eed393cc5621707c44858998f749870726,official_race_marker_verified,2600,flat,turf,,right,,Class1,0.0,0,26003歳以上1勝クラス発走14時00分(芝・右)負担重量は、3歳544歳以上58、牝馬2減
202603020209,2026,福島,2,2,9,2026-06-28,https://www.jra.go.jp/datafile/seiseki/report/2026/2026-2fukushima2.pdf,72744d8bd29887ec3d0faccd2a62e9eed393cc5621707c44858998f749870726,official_race_marker_verified,2000,flat,turf,,right,,Class2,0.0,0,2000まつしま松島特別発走14時35分(芝・右)牝、3歳以上、2勝クラス;負担重量は、3歳534歳以上56賞品
202603020210,2026,福島,2,2,10,2026-06-28,https://www.jra.go.jp/datafile/seiseki/report/2026/2026-2fukushima2.pdf,72744d8bd29887ec3d0faccd2a62e9eed393cc5621707c44858998f749870726,official_race_marker_verified,1700,flat,dirt,,right,,Maiden,0.0,0,1700つるがじょう鶴ヶ城ステークス発走15時10分(ダート・右)3歳以上、3勝クラス、除未出走馬および未勝利馬;負担重量は、3歳554歳以上58、牝馬2減賞品
202603020211,2026,福島,2,2,11,2026-06-28,https://www.jra.go.jp/datafile/seiseki/report/2026/2026-2fukushima2.pdf,72744d8bd29887ec3d0faccd2a62e9eed393cc5621707c44858998f749870726,official_race_marker_verified,1800,flat,turf,,right,1.0,Open,1.0,1,1800第75回ラジオNIKKEI賞(GIII)発走15時45分(芝・右)3歳、除未出走馬および未勝利馬;負担重量は、ハンデキャップラジオNIKKEI賞(1着)賞品
202603020212,2026,福島,2,2,12,2026-06-28,https://www.jra.go.jp/datafile/seiseki/report/2026/2026-2fukushima2.pdf,72744d8bd29887ec3d0faccd2a62e9eed393cc5621707c44858998f749870726,official_race_marker_verified,1150,flat,dirt,,right,,Class1,0.0,0,11503歳以上1勝クラス発走16時30分(ダート・右)負担重量は、3歳554歳以上58、牝馬2減
202603020301,2026,福島,2,3,1,2026-07-04,https://www.jra.go.jp/datafile/seiseki/report/2026/2026-2fukushima3.pdf,3c797b03e5bc97aa8a3e6ec88b5866f0cc292e69470e643965106b342a814535,official_race_marker_verified,1800,flat,turf,,right,0.0,Maiden,0.0,0,18002歳未勝利発走10時05分(芝・右)負担重量は、馬齢重量
202603020302,2026,福島,2,3,2,2026-07-04,https://www.jra.go.jp/datafile/seiseki/report/2026/2026-2fukushima3.pdf,3c797b03e5bc97aa8a3e6ec88b5866f0cc292e69470e643965106b342a814535,official_race_marker_verified,2600,flat,turf,,right,0.0,Maiden,0.0,0,26003歳未勝利発走10時40分(芝・右)負担重量は、馬齢重量
202603020303,2026,福島,2,3,3,2026-07-04,https://www.jra.go.jp/datafile/seiseki/report/2026/2026-2fukushima3.pdf,3c797b03e5bc97aa8a3e6ec88b5866f0cc292e69470e643965106b342a814535,official_race_marker_verified,1700,flat,dirt,,right,0.0,Maiden,0.0,0,17003歳未勝利発走11時10分(ダート・右)負担重量は、馬齢重量
202603020304,2026,福島,2,3,4,2026-07-04,https://www.jra.go.jp/datafile/seiseki/report/2026/2026-2fukushima3.pdf,3c797b03e5bc97aa8a3e6ec88b5866f0cc292e69470e643965106b342a814535,official_race_marker_verified,1200,flat,turf,,right,0.0,Maiden,0.0,0,12003歳未勝利発走11時40分(芝・右)牝;負担重量は、馬齢重量
202603020305,2026,福島,2,3,5,2026-07-04,https://www.jra.go.jp/datafile/seiseki/report/2026/2026-2fukushima3.pdf,3c797b03e5bc97aa8a3e6ec88b5866f0cc292e69470e643965106b342a814535,official_race_marker_verified,1800,flat,turf,,right,0.0,Newcomer,0.0,0,18002歳新馬発走12時30分(芝・右)負担重量は、馬齢重量
202603020306,2026,福島,2,3,6,2026-07-04,https://www.jra.go.jp/datafile/seiseki/report/2026/2026-2fukushima3.pdf,3c797b03e5bc97aa8a3e6ec88b5866f0cc292e69470e643965106b342a814535,official_race_marker_verified,1700,flat,dirt,,right,0.0,Newcomer,0.0,0,17002歳新馬発走13時00分(ダート・右)負担重量は、馬齢重量
202603020307,2026,福島,2,3,7,2026-07-04,https://www.jra.go.jp/datafile/seiseki/report/2026/2026-2fukushima3.pdf,3c797b03e5bc97aa8a3e6ec88b5866f0cc292e69470e643965106b342a814535,official_race_marker_verified,2000,flat,turf,,right,0.0,Maiden,0.0,0,20003歳未勝利発走13時30分(芝・右)牝;負担重量は、馬齢重量
202603020308,2026,福島,2,3,8,2026-07-04,https://www.jra.go.jp/datafile/seiseki/report/2026/2026-2fukushima3.pdf,3c797b03e5bc97aa8a3e6ec88b5866f0cc292e69470e643965106b342a814535,official_race_marker_verified,1700,flat,dirt,,right,,Class1,0.0,0,17003歳以上1勝クラス発走14時00分(ダート・右)負担重量は、3歳554歳以上58、牝馬2減
202603020309,2026,福島,2,3,9,2026-07-04,https://www.jra.go.jp/datafile/seiseki/report/2026/2026-2fukushima3.pdf,3c797b03e5bc97aa8a3e6ec88b5866f0cc292e69470e643965106b342a814535,official_race_marker_verified,2000,flat,turf,,right,,Class1,0.0,0,2000だて伊達特別発走14時35分(芝・右)3歳以上、1勝クラス;負担重量は、3歳554歳以上58、牝馬2減賞品
202603020310,2026,福島,2,3,10,2026-07-04,https://www.jra.go.jp/datafile/seiseki/report/2026/2026-2fukushima3.pdf,3c797b03e5bc97aa8a3e6ec88b5866f0cc292e69470e643965106b342a814535,official_race_marker_verified,1700,flat,dirt,,right,,Class2,0.0,0,1700よこて横手特別発走15時10分(ダート・右)3歳以上、2勝クラス;負担重量は、3歳554歳以上58、牝馬2減横手市長賞・横手市観光協会賞(1着)賞品
202603020311,2026,福島,2,3,11,2026-07-04,https://www.jra.go.jp/datafile/seiseki/report/2026/2026-2fukushima3.pdf,3c797b03e5bc97aa8a3e6ec88b5866f0cc292e69470e643965106b342a814535,official_race_marker_verified,1150,flat,dirt,,right,,Maiden,0.0,0,1150TUF杯発走15時45分(ダート・右)3歳以上、3勝クラス、除未出走馬および未勝利馬;負担重量は、3歳554歳以上58、牝馬2減テレビユー福島賞(1着)賞品
202603020312,2026,福島,2,3,12,2026-07-04,https://www.jra.go.jp/datafile/seiseki/report/2026/2026-2fukushima3.pdf,3c797b03e5bc97aa8a3e6ec88b5866f0cc292e69470e643965106b342a814535,official_race_marker_verified,1200,flat,turf,,right,,Class1,0.0,0,12003歳以上1勝クラス発走16時30分(芝・右)牝;負担重量は、3歳534歳以上56
202603020401,2026,福島,2,4,1,2026-07-05,https://www.jra.go.jp/datafile/seiseki/report/2026/2026-2fukushima4.pdf,5210014d92efb482586ea8934775508812baeb01a79c7e4aaad61b1d2ea17c2c,official_race_marker_verified,1700,flat,dirt,,right,0.0,Maiden,0.0,0,17003歳未勝利発走9時55分(ダート・右)牝;負担重量は、馬齢重量
202603020402,2026,福島,2,4,2,2026-07-05,https://www.jra.go.jp/datafile/seiseki/report/2026/2026-2fukushima4.pdf,5210014d92efb482586ea8934775508812baeb01a79c7e4aaad61b1d2ea17c2c,official_race_marker_verified,1200,flat,turf,,right,0.0,Maiden,0.0,0,12003歳未勝利発走10時30分(芝・右)負担重量は、馬齢重量
202603020403,2026,福島,2,4,3,2026-07-05,https://www.jra.go.jp/datafile/seiseki/report/2026/2026-2fukushima4.pdf,5210014d92efb482586ea8934775508812baeb01a79c7e4aaad61b1d2ea17c2c,official_race_marker_verified,1800,flat,turf,,right,0.0,Maiden,0.0,0,18003歳未勝利発走11時00分(芝・右)負担重量は、馬齢重量
202603020404,2026,福島,2,4,4,2026-07-05,https://www.jra.go.jp/datafile/seiseki/report/2026/2026-2fukushima4.pdf,5210014d92efb482586ea8934775508812baeb01a79c7e4aaad61b1d2ea17c2c,official_race_marker_verified,1150,flat,dirt,,right,0.0,Maiden,0.0,0,11503歳未勝利発走11時30分(ダート・右)負担重量は、馬齢重量
202603020405,2026,福島,2,4,5,2026-07-05,https://www.jra.go.jp/datafile/seiseki/report/2026/2026-2fukushima4.pdf,5210014d92efb482586ea8934775508812baeb01a79c7e4aaad61b1d2ea17c2c,official_race_marker_verified,2000,flat,turf,,right,0.0,Newcomer,0.0,0,20002歳新馬発走12時20分(芝・右)負担重量は、馬齢重量
202603020406,2026,福島,2,4,6,2026-07-05,https://www.jra.go.jp/datafile/seiseki/report/2026/2026-2fukushima4.pdf,5210014d92efb482586ea8934775508812baeb01a79c7e4aaad61b1d2ea17c2c,official_race_marker_verified,1200,flat,turf,,right,0.0,Newcomer,0.0,0,12002歳新馬発走12時50分(芝・右)負担重量は、馬齢重量
202603020407,2026,福島,2,4,7,2026-07-05,https://www.jra.go.jp/datafile/seiseki/report/2026/2026-2fukushima4.pdf,5210014d92efb482586ea8934775508812baeb01a79c7e4aaad61b1d2ea17c2c,official_race_marker_verified,1700,flat,dirt,,right,,Class1,0.0,0,17003歳以上1勝クラス発走13時20分(ダート・右)牝;負担重量は、3歳534歳以上56
202603020408,2026,福島,2,4,8,2026-07-05,https://www.jra.go.jp/datafile/seiseki/report/2026/2026-2fukushima4.pdf,5210014d92efb482586ea8934775508812baeb01a79c7e4aaad61b1d2ea17c2c,official_race_marker_verified,1800,flat,turf,,right,,Class1,0.0,0,18003歳以上1勝クラス発走13時50分(芝・右)負担重量は、3歳554歳以上58、牝馬2減
202603020409,2026,福島,2,4,9,2026-07-05,https://www.jra.go.jp/datafile/seiseki/report/2026/2026-2fukushima4.pdf,5210014d92efb482586ea8934775508812baeb01a79c7e4aaad61b1d2ea17c2c,official_race_marker_verified,1200,flat,turf,,right,1.0,Class2,0.0,0,1200こおりやま郡山特別発走14時20分(芝・右)3歳以上、2勝クラス;負担重量は、ハンデキャップ賞品
202603020410,2026,福島,2,4,10,2026-07-05,https://www.jra.go.jp/datafile/seiseki/report/2026/2026-2fukushima4.pdf,5210014d92efb482586ea8934775508812baeb01a79c7e4aaad61b1d2ea17c2c,official_race_marker_verified,1800,flat,turf,,right,,Class2,0.0,0,1800しらかわ白河特別発走14時55分(芝・右)3歳以上、2勝クラス;負担重量は、3歳554歳以上58、牝馬2減賞品
202603020411,2026,福島,2,4,11,2026-07-05,https://www.jra.go.jp/datafile/seiseki/report/2026/2026-2fukushima4.pdf,5210014d92efb482586ea8934775508812baeb01a79c7e4aaad61b1d2ea17c2c,official_race_marker_verified,1700,flat,dirt,,right,1.0,Maiden,0.0,0,1700ジュライステークス発走15時30分(ダート・右)3歳以上、除未出走馬および未勝利馬;負担重量は、ハンデキャップ賞品
202603020412,2026,福島,2,4,12,2026-07-05,https://www.jra.go.jp/datafile/seiseki/report/2026/2026-2fukushima4.pdf,5210014d92efb482586ea8934775508812baeb01a79c7e4aaad61b1d2ea17c2c,official_race_marker_verified,1150,flat,dirt,,right,,Class1,0.0,0,11503歳以上1勝クラス発走16時15分(ダート・右)負担重量は、3歳554歳以上58、牝馬2減
202603020501,2026,福島,2,5,1,2026-07-11,https://www.jra.go.jp/datafile/seiseki/report/2026/2026-2fukushima5.pdf,ee94497bdabbfe4214c8b81facbf302aaaba563a475aee1b0766872b51534511,official_race_marker_verified,3380,obstacle,,,,,Open,1.0,0,3380障害3歳以上オープン発走10時05分(芝)負担重量は、3歳584歳以上60、牝馬2減、収得賞金700万円毎1増
202603020502,2026,福島,2,5,2,2026-07-11,https://www.jra.go.jp/datafile/seiseki/report/2026/2026-2fukushima5.pdf,ee94497bdabbfe4214c8b81facbf302aaaba563a475aee1b0766872b51534511,official_race_marker_verified,1700,flat,dirt,,right,0.0,Maiden,0.0,0,17003歳未勝利発走10時40分(ダート・右)牝;負担重量は、馬齢重量
202603020503,2026,福島,2,5,3,2026-07-11,https://www.jra.go.jp/datafile/seiseki/report/2026/2026-2fukushima5.pdf,ee94497bdabbfe4214c8b81facbf302aaaba563a475aee1b0766872b51534511,official_race_marker_verified,1800,flat,turf,,right,0.0,Maiden,0.0,0,18002歳未勝利発走11時10分(芝・右)負担重量は、馬齢重量
202603020504,2026,福島,2,5,4,2026-07-11,https://www.jra.go.jp/datafile/seiseki/report/2026/2026-2fukushima5.pdf,ee94497bdabbfe4214c8b81facbf302aaaba563a475aee1b0766872b51534511,official_race_marker_verified,1700,flat,dirt,,right,0.0,Maiden,0.0,0,17003歳未勝利発走11時40分(ダート・右)負担重量は、馬齢重量
202603020505,2026,福島,2,5,5,2026-07-11,https://www.jra.go.jp/datafile/seiseki/report/2026/2026-2fukushima5.pdf,ee94497bdabbfe4214c8b81facbf302aaaba563a475aee1b0766872b51534511,official_race_marker_verified,1200,flat,turf,,right,0.0,Newcomer,0.0,0,12002歳新馬発走12時30分(芝・右)負担重量は、馬齢重量
202603020506,2026,福島,2,5,6,2026-07-11,https://www.jra.go.jp/datafile/seiseki/report/2026/2026-2fukushima5.pdf,ee94497bdabbfe4214c8b81facbf302aaaba563a475aee1b0766872b51534511,official_race_marker_verified,1800,flat,turf,,right,0.0,Maiden,0.0,0,18003歳未勝利発走13時00分(芝・右)負担重量は、馬齢重量
202603020507,2026,福島,2,5,7,2026-07-11,https://www.jra.go.jp/datafile/seiseki/report/2026/2026-2fukushima5.pdf,ee94497bdabbfe4214c8b81facbf302aaaba563a475aee1b0766872b51534511,official_race_marker_verified,2000,flat,turf,,right,,Class1,0.0,0,20003歳以上1勝クラス発走13時30分(芝・右)負担重量は、3歳554歳以上58、牝馬2減
202603020508,2026,福島,2,5,8,2026-07-11,https://www.jra.go.jp/datafile/seiseki/report/2026/2026-2fukushima5.pdf,ee94497bdabbfe4214c8b81facbf302aaaba563a475aee1b0766872b51534511,official_race_marker_verified,1150,flat,dirt,,right,,Class1,0.0,0,11503歳以上1勝クラス発走14時00分(ダート・右)負担重量は、3歳554歳以上58、牝馬2減
202603020509,2026,福島,2,5,9,2026-07-11,https://www.jra.go.jp/datafile/seiseki/report/2026/2026-2fukushima5.pdf,ee94497bdabbfe4214c8b81facbf302aaaba563a475aee1b0766872b51534511,official_race_marker_verified,2600,flat,turf,,right,,Class2,0.0,0,2600しのぶやま信夫山特別発走14時35分(芝・右)3歳以上、2勝クラス;負担重量は、3歳554歳以上58、牝馬2減賞品
202603020510,2026,福島,2,5,10,2026-07-11,https://www.jra.go.jp/datafile/seiseki/report/2026/2026-2fukushima5.pdf,ee94497bdabbfe4214c8b81facbf302aaaba563a475aee1b0766872b51534511,official_race_marker_verified,1200,flat,turf,,right,1.0,Maiden,0.0,0,1200あいづ会津ステークス発走15時10分(芝・右)3歳以上、3勝クラス、除未出走馬および未勝利馬;負担重量は、ハンデキャップ賞品
202603020511,2026,福島,2,5,11,2026-07-11,https://www.jra.go.jp/datafile/seiseki/report/2026/2026-2fukushima5.pdf,ee94497bdabbfe4214c8b81facbf302aaaba563a475aee1b0766872b51534511,official_race_marker_verified,1200,flat,turf,,right,,Maiden,0.0,0,1200あだたら安達太良ステークス発走15時45分(芝・右)3歳以上、除未出走馬および未勝利馬;負担重量は、日本馬:3歳544歳以上57、牝馬2減、収得賞金1600万円超過馬は超過額1200万円毎1増、:3歳544歳以上57、牝馬2減、GI競走1着馬5増、GII競走1着馬3増、GIII競走1着馬1増(ただし2歳時の成績を除く)福島競馬振興会長賞(1着)賞品
202603020512,2026,福島,2,5,12,2026-07-11,https://www.jra.go.jp/datafile/seiseki/report/2026/2026-2fukushima5.pdf,ee94497bdabbfe4214c8b81facbf302aaaba563a475aee1b0766872b51534511,official_race_marker_verified,1700,flat,dirt,,right,,Class1,0.0,0,17003歳以上1勝クラス発走16時30分(ダート・右)負担重量は、3歳554歳以上58、牝馬2減
202603020601,2026,福島,2,6,1,2026-07-12,https://www.jra.go.jp/datafile/seiseki/report/2026/2026-2fukushima6.pdf,3e8f2dd97a90a62e13c4e5ff46d75aa4e018ba9c3f18be05da448429033b7087,official_race_marker_verified,2770,obstacle,,,,,Maiden,0.0,0,2770障害3歳以上未勝利発走10時05分(芝)負担重量は、3歳584歳以上60、牝馬2減
202603020602,2026,福島,2,6,2,2026-07-12,https://www.jra.go.jp/datafile/seiseki/report/2026/2026-2fukushima6.pdf,3e8f2dd97a90a62e13c4e5ff46d75aa4e018ba9c3f18be05da448429033b7087,official_race_marker_verified,1700,flat,dirt,,right,0.0,Maiden,0.0,0,17003歳未勝利発走10時40分(ダート・右)負担重量は、馬齢重量
202603020603,2026,福島,2,6,3,2026-07-12,https://www.jra.go.jp/datafile/seiseki/report/2026/2026-2fukushima6.pdf,3e8f2dd97a90a62e13c4e5ff46d75aa4e018ba9c3f18be05da448429033b7087,official_race_marker_verified,2000,flat,turf,,right,0.0,Maiden,0.0,0,20003歳未勝利発走11時10分(芝・右)負担重量は、馬齢重量
202603020604,2026,福島,2,6,4,2026-07-12,https://www.jra.go.jp/datafile/seiseki/report/2026/2026-2fukushima6.pdf,3e8f2dd97a90a62e13c4e5ff46d75aa4e018ba9c3f18be05da448429033b7087,official_race_marker_verified,1200,flat,turf,,right,0.0,Newcomer,0.0,0,12002歳新馬発走11時40分(芝・右)負担重量は、馬齢重量
202603020605,2026,福島,2,6,5,2026-07-12,https://www.jra.go.jp/datafile/seiseki/report/2026/2026-2fukushima6.pdf,3e8f2dd97a90a62e13c4e5ff46d75aa4e018ba9c3f18be05da448429033b7087,official_race_marker_verified,1800,flat,turf,,right,0.0,Newcomer,0.0,0,18002歳新馬発走12時30分(芝・右)負担重量は、馬齢重量
202603020606,2026,福島,2,6,6,2026-07-12,https://www.jra.go.jp/datafile/seiseki/report/2026/2026-2fukushima6.pdf,3e8f2dd97a90a62e13c4e5ff46d75aa4e018ba9c3f18be05da448429033b7087,official_race_marker_verified,1150,flat,dirt,,right,0.0,Maiden,0.0,0,11503歳未勝利発走13時00分(ダート・右)負担重量は、馬齢重量
202603020607,2026,福島,2,6,7,2026-07-12,https://www.jra.go.jp/datafile/seiseki/report/2026/2026-2fukushima6.pdf,3e8f2dd97a90a62e13c4e5ff46d75aa4e018ba9c3f18be05da448429033b7087,official_race_marker_verified,1200,flat,turf,,right,0.0,Maiden,0.0,0,12003歳未勝利発走13時30分(芝・右)負担重量は、馬齢重量
202603020608,2026,福島,2,6,8,2026-07-12,https://www.jra.go.jp/datafile/seiseki/report/2026/2026-2fukushima6.pdf,3e8f2dd97a90a62e13c4e5ff46d75aa4e018ba9c3f18be05da448429033b7087,official_race_marker_verified,1200,flat,turf,,right,,Class1,0.0,0,12003歳以上1勝クラス発走14時00分(芝・右)負担重量は、3歳554歳以上58、牝馬2減
202603020609,2026,福島,2,6,9,2026-07-12,https://www.jra.go.jp/datafile/seiseki/report/2026/2026-2fukushima6.pdf,3e8f2dd97a90a62e13c4e5ff46d75aa4e018ba9c3f18be05da448429033b7087,official_race_marker_verified,1800,flat,turf,,right,,Class1,0.0,0,1800おりひめ織姫賞発走14時35分(芝・右)牝、3歳以上、1勝クラス;負担重量は、3歳534歳以上56賞品
202603020610,2026,福島,2,6,10,2026-07-12,https://www.jra.go.jp/datafile/seiseki/report/2026/2026-2fukushima6.pdf,3e8f2dd97a90a62e13c4e5ff46d75aa4e018ba9c3f18be05da448429033b7087,official_race_marker_verified,1700,flat,dirt,,right,,Maiden,0.0,0,1700あまがわ天の川ステークス発走15時10分(ダート・右)3歳以上、3勝クラス、除未出走馬および未勝利馬;負担重量は、3歳554歳以上58、牝馬2減賞品
202603020611,2026,福島,2,6,11,2026-07-12,https://www.jra.go.jp/datafile/seiseki/report/2026/2026-2fukushima6.pdf,3e8f2dd97a90a62e13c4e5ff46d75aa4e018ba9c3f18be05da448429033b7087,official_race_marker_verified,2000,flat,turf,,right,1.0,Open,1.0,1,サマー2000シリーズ2000第62回七夕賞(GIII)発走15時45分(芝・右)3歳以上、除未出走馬および未勝利馬;負担重量は、ハンデキャップ福島県知事賞・福島商工会議所会頭賞(1着)賞品
202603020612,2026,福島,2,6,12,2026-07-12,https://www.jra.go.jp/datafile/seiseki/report/2026/2026-2fukushima6.pdf,3e8f2dd97a90a62e13c4e5ff46d75aa4e018ba9c3f18be05da448429033b7087,official_race_marker_verified,1150,flat,dirt,,right,,Class2,0.0,0,1150ひこぼし彦星賞発走16時30分(ダート・右)3歳以上、2勝クラス;負担重量は、3歳554歳以上58、牝馬2減賞品
202603020701,2026,福島,2,7,1,2026-07-18,https://www.jra.go.jp/datafile/seiseki/report/2026/2026-2fukushima7.pdf,0354f55b054c3dd44bc1ec8522f3b08e9a1fdf52a08c6ba09bb828569ba44ae0,official_race_marker_verified,1200,flat,turf,,right,0.0,Maiden,0.0,0,12002歳未勝利発走10時05分(芝・右)負担重量は、馬齢重量
202603020702,2026,福島,2,7,2,2026-07-18,https://www.jra.go.jp/datafile/seiseki/report/2026/2026-2fukushima7.pdf,0354f55b054c3dd44bc1ec8522f3b08e9a1fdf52a08c6ba09bb828569ba44ae0,official_race_marker_verified,1800,flat,turf,,right,0.0,Maiden,0.0,0,18002歳未勝利発走10時40分(芝・右)負担重量は、馬齢重量
202603020703,2026,福島,2,7,3,2026-07-18,https://www.jra.go.jp/datafile/seiseki/report/2026/2026-2fukushima7.pdf,0354f55b054c3dd44bc1ec8522f3b08e9a1fdf52a08c6ba09bb828569ba44ae0,official_race_marker_verified,1150,flat,dirt,,right,0.0,Maiden,0.0,0,11503歳未勝利発走11時10分(ダート・右)負担重量は、馬齢重量
202603020704,2026,福島,2,7,4,2026-07-18,https://www.jra.go.jp/datafile/seiseki/report/2026/2026-2fukushima7.pdf,0354f55b054c3dd44bc1ec8522f3b08e9a1fdf52a08c6ba09bb828569ba44ae0,official_race_marker_verified,1200,flat,turf,,right,0.0,Maiden,0.0,0,12003歳未勝利発走11時40分(芝・右)負担重量は、馬齢重量
202603020705,2026,福島,2,7,5,2026-07-18,https://www.jra.go.jp/datafile/seiseki/report/2026/2026-2fukushima7.pdf,0354f55b054c3dd44bc1ec8522f3b08e9a1fdf52a08c6ba09bb828569ba44ae0,official_race_marker_verified,1800,flat,turf,,right,0.0,Newcomer,0.0,0,18002歳新馬発走12時30分(芝・右)牝;負担重量は、馬齢重量
202603020706,2026,福島,2,7,6,2026-07-18,https://www.jra.go.jp/datafile/seiseki/report/2026/2026-2fukushima7.pdf,0354f55b054c3dd44bc1ec8522f3b08e9a1fdf52a08c6ba09bb828569ba44ae0,official_race_marker_verified,1700,flat,dirt,,right,0.0,Maiden,0.0,0,17003歳未勝利発走13時00分(ダート・右)負担重量は、馬齢重量
202603020707,2026,福島,2,7,7,2026-07-18,https://www.jra.go.jp/datafile/seiseki/report/2026/2026-2fukushima7.pdf,0354f55b054c3dd44bc1ec8522f3b08e9a1fdf52a08c6ba09bb828569ba44ae0,official_race_marker_verified,2000,flat,turf,,right,0.0,Maiden,0.0,0,20003歳未勝利発走13時30分(芝・右)負担重量は、馬齢重量
202603020708,2026,福島,2,7,8,2026-07-18,https://www.jra.go.jp/datafile/seiseki/report/2026/2026-2fukushima7.pdf,0354f55b054c3dd44bc1ec8522f3b08e9a1fdf52a08c6ba09bb828569ba44ae0,official_race_marker_verified,1200,flat,turf,,right,,Class1,0.0,0,12003歳以上1勝クラス発走14時00分(芝・右)負担重量は、3歳554歳以上58、牝馬2減
202603020709,2026,福島,2,7,9,2026-07-18,https://www.jra.go.jp/datafile/seiseki/report/2026/2026-2fukushima7.pdf,0354f55b054c3dd44bc1ec8522f3b08e9a1fdf52a08c6ba09bb828569ba44ae0,official_race_marker_verified,2600,flat,turf,,right,,Class1,0.0,0,2600かいせいざん開成山特別発走14時35分(芝・右)3歳以上、1勝クラス;負担重量は、3歳554歳以上58、牝馬2減賞品
202603020710,2026,福島,2,7,10,2026-07-18,https://www.jra.go.jp/datafile/seiseki/report/2026/2026-2fukushima7.pdf,0354f55b054c3dd44bc1ec8522f3b08e9a1fdf52a08c6ba09bb828569ba44ae0,official_race_marker_verified,1700,flat,dirt,,right,,Class2,0.0,0,1700よねざわ米沢特別発走15時10分(ダート・右)3歳以上、2勝クラス;負担重量は、3歳554歳以上58、牝馬2減賞品
202603020711,2026,福島,2,7,11,2026-07-18,https://www.jra.go.jp/datafile/seiseki/report/2026/2026-2fukushima7.pdf,0354f55b054c3dd44bc1ec8522f3b08e9a1fdf52a08c6ba09bb828569ba44ae0,official_race_marker_verified,1800,flat,turf,,right,1.0,Maiden,0.0,0,1800あぶくま阿武隈ステークス発走15時45分(芝・右)3歳以上、3勝クラス、除未出走馬および未勝利馬;負担重量は、ハンデキャップ賞品
202603020712,2026,福島,2,7,12,2026-07-18,https://www.jra.go.jp/datafile/seiseki/report/2026/2026-2fukushima7.pdf,0354f55b054c3dd44bc1ec8522f3b08e9a1fdf52a08c6ba09bb828569ba44ae0,official_race_marker_verified,1150,flat,dirt,,right,,Class1,0.0,0,11503歳以上1勝クラス発走16時30分(ダート・右)負担重量は、3歳554歳以上58、牝馬2減
202603020801,2026,福島,2,8,1,2026-07-19,https://www.jra.go.jp/datafile/seiseki/report/2026/2026-2fukushima8.pdf,f44df44979ff7da607145da9fc1b4648c6c81061e28d727f3cf49e60cea3789f,official_race_marker_verified,1150,flat,dirt,,right,0.0,Maiden,0.0,0,11502歳未勝利発走9時55分(ダート・右)負担重量は、馬齢重量
202603020802,2026,福島,2,8,2,2026-07-19,https://www.jra.go.jp/datafile/seiseki/report/2026/2026-2fukushima8.pdf,f44df44979ff7da607145da9fc1b4648c6c81061e28d727f3cf49e60cea3789f,official_race_marker_verified,2000,flat,turf,,right,0.0,Maiden,0.0,0,20003歳未勝利発走10時30分(芝・右)牝;負担重量は、馬齢重量
202603020803,2026,福島,2,8,3,2026-07-19,https://www.jra.go.jp/datafile/seiseki/report/2026/2026-2fukushima8.pdf,f44df44979ff7da607145da9fc1b4648c6c81061e28d727f3cf49e60cea3789f,official_race_marker_verified,1800,flat,turf,,right,0.0,Maiden,0.0,0,18003歳未勝利発走11時00分(芝・右)負担重量は、馬齢重量
202603020804,2026,福島,2,8,4,2026-07-19,https://www.jra.go.jp/datafile/seiseki/report/2026/2026-2fukushima8.pdf,f44df44979ff7da607145da9fc1b4648c6c81061e28d727f3cf49e60cea3789f,official_race_marker_verified,1700,flat,dirt,,right,0.0,Maiden,0.0,0,17003歳未勝利発走11時30分(ダート・右)牝;負担重量は、馬齢重量
202603020805,2026,福島,2,8,5,2026-07-19,https://www.jra.go.jp/datafile/seiseki/report/2026/2026-2fukushima8.pdf,f44df44979ff7da607145da9fc1b4648c6c81061e28d727f3cf49e60cea3789f,official_race_marker_verified,2000,flat,turf,,right,0.0,Newcomer,0.0,0,20002歳新馬発走12時20分(芝・右)負担重量は、馬齢重量
202603020806,2026,福島,2,8,6,2026-07-19,https://www.jra.go.jp/datafile/seiseki/report/2026/2026-2fukushima8.pdf,f44df44979ff7da607145da9fc1b4648c6c81061e28d727f3cf49e60cea3789f,official_race_marker_verified,1200,flat,turf,,right,0.0,Newcomer,0.0,0,12002歳新馬発走12時50分(芝・右)負担重量は、馬齢重量
202603020807,2026,福島,2,8,7,2026-07-19,https://www.jra.go.jp/datafile/seiseki/report/2026/2026-2fukushima8.pdf,f44df44979ff7da607145da9fc1b4648c6c81061e28d727f3cf49e60cea3789f,official_race_marker_verified,1700,flat,dirt,,right,0.0,Maiden,0.0,0,17003歳未勝利発走13時20分(ダート・右)負担重量は、馬齢重量
202603020808,2026,福島,2,8,8,2026-07-19,https://www.jra.go.jp/datafile/seiseki/report/2026/2026-2fukushima8.pdf,f44df44979ff7da607145da9fc1b4648c6c81061e28d727f3cf49e60cea3789f,official_race_marker_verified,1800,flat,turf,,right,,Class1,0.0,0,18003歳以上1勝クラス発走13時50分(芝・右)負担重量は、3歳554歳以上58、牝馬2減
202603020809,2026,福島,2,8,9,2026-07-19,https://www.jra.go.jp/datafile/seiseki/report/2026/2026-2fukushima8.pdf,f44df44979ff7da607145da9fc1b4648c6c81061e28d727f3cf49e60cea3789f,official_race_marker_verified,1200,flat,turf,,right,,Class2,0.0,0,南相馬市市制施行20周年記念1200みなみそうま南相馬特別発走14時20分(芝・右)3歳以上、2勝クラス;負担重量は、3歳554歳以上58、牝馬2減南相馬市長賞(1着)賞品
202603020810,2026,福島,2,8,10,2026-07-19,https://www.jra.go.jp/datafile/seiseki/report/2026/2026-2fukushima8.pdf,f44df44979ff7da607145da9fc1b4648c6c81061e28d727f3cf49e60cea3789f,official_race_marker_verified,2000,flat,turf,,right,,Class2,0.0,0,2000いなわしろ猪苗代特別発走14時55分(芝・右)3歳以上、2勝クラス;負担重量は、3歳554歳以上58、牝馬2減賞品
202603020811,2026,福島,2,8,11,2026-07-19,https://www.jra.go.jp/datafile/seiseki/report/2026/2026-2fukushima8.pdf,f44df44979ff7da607145da9fc1b4648c6c81061e28d727f3cf49e60cea3789f,official_race_marker_verified,1150,flat,dirt,,right,,Maiden,0.0,0,1150福島テレビ賞発走15時30分(ダート・右)3歳以上、除未出走馬および未勝利馬;負担重量は、日本馬:3歳544歳以上57、牝馬2減、収得賞金1600万円超過馬は超過額1200万円毎1増、:3歳544歳以上57、牝馬2減、GI競走1着馬5増、GII競走1着馬3増、GIII競走1着馬1増(ただし2歳時の成績を除く)福島テレビ賞(1着)賞品
202603020812,2026,福島,2,8,12,2026-07-19,https://www.jra.go.jp/datafile/seiseki/report/2026/2026-2fukushima8.pdf,f44df44979ff7da607145da9fc1b4648c6c81061e28d727f3cf49e60cea3789f,official_race_marker_verified,1700,flat,dirt,,right,,Class1,0.0,0,17003歳以上1勝クラス発走16時15分(ダート・右)負担重量は、3歳554歳以上58、牝馬2減
202604010101,2026,新潟,1,1,1,2026-05-02,https://www.jra.go.jp/datafile/seiseki/report/2026/2026-1niigata1.pdf,736bb82d9d073f16c841325d5d7817c7e5e10ac6bd51500ed6bb64e0f41e0b4e,official_race_marker_verified,2890,obstacle,turf,outer,,,Maiden,0.0,0,2890障害4歳以上未勝利発走9時45分(芝・外内)負担重量は、4歳595歳以上60、牝馬2減
202604010102,2026,新潟,1,1,2,2026-05-02,https://www.jra.go.jp/datafile/seiseki/report/2026/2026-1niigata1.pdf,736bb82d9d073f16c841325d5d7817c7e5e10ac6bd51500ed6bb64e0f41e0b4e,official_race_marker_verified,1800,flat,dirt,,left,0.0,Maiden,0.0,0,18003歳未勝利発走10時20分(ダート・左)牝;負担重量は、馬齢重量
202604010103,2026,新潟,1,1,3,2026-05-02,https://www.jra.go.jp/datafile/seiseki/report/2026/2026-1niigata1.pdf,736bb82d9d073f16c841325d5d7817c7e5e10ac6bd51500ed6bb64e0f41e0b4e,official_race_marker_verified,1200,flat,dirt,,left,0.0,Maiden,0.0,0,12003歳未勝利発走10時50分(ダート・左)若手騎手;負担重量は、馬齢重量
202604010104,2026,新潟,1,1,4,2026-05-02,https://www.jra.go.jp/datafile/seiseki/report/2026/2026-1niigata1.pdf,736bb82d9d073f16c841325d5d7817c7e5e10ac6bd51500ed6bb64e0f41e0b4e,official_race_marker_verified,2890,obstacle,turf,outer,,,Open,1.0,0,2890障害4歳以上オープン発走11時20分(芝・外内)負担重量は、4歳595歳以上60、牝馬2減、収得賞金400万円超過馬は超過額300万円毎1増
202604010105,2026,新潟,1,1,5,2026-05-02,https://www.jra.go.jp/datafile/seiseki/report/2026/2026-1niigata1.pdf,736bb82d9d073f16c841325d5d7817c7e5e10ac6bd51500ed6bb64e0f41e0b4e,official_race_marker_verified,1400,flat,turf,,left,0.0,Maiden,0.0,0,14003歳未勝利発走12時10分(芝・左)負担重量は、馬齢重量
202604010106,2026,新潟,1,1,6,2026-05-02,https://www.jra.go.jp/datafile/seiseki/report/2026/2026-1niigata1.pdf,736bb82d9d073f16c841325d5d7817c7e5e10ac6bd51500ed6bb64e0f41e0b4e,official_race_marker_verified,2200,flat,turf,,left,0.0,Maiden,0.0,0,22003歳未勝利発走12時40分(芝・左)負担重量は、馬齢重量
202604010107,2026,新潟,1,1,7,2026-05-02,https://www.jra.go.jp/datafile/seiseki/report/2026/2026-1niigata1.pdf,736bb82d9d073f16c841325d5d7817c7e5e10ac6bd51500ed6bb64e0f41e0b4e,official_race_marker_verified,1800,flat,dirt,,left,,Class1,0.0,0,18004歳以上1勝クラス発走13時10分(ダート・左)負担重量は、58、牝馬2減
202604010108,2026,新潟,1,1,8,2026-05-02,https://www.jra.go.jp/datafile/seiseki/report/2026/2026-1niigata1.pdf,736bb82d9d073f16c841325d5d7817c7e5e10ac6bd51500ed6bb64e0f41e0b4e,official_race_marker_verified,1600,flat,turf,outer,left,,Class1,0.0,0,16004歳以上1勝クラス発走13時40分(芝・左・外)負担重量は、58、牝馬2減
202604010109,2026,新潟,1,1,9,2026-05-02,https://www.jra.go.jp/datafile/seiseki/report/2026/2026-1niigata1.pdf,736bb82d9d073f16c841325d5d7817c7e5e10ac6bd51500ed6bb64e0f41e0b4e,official_race_marker_verified,1800,flat,dirt,,left,0.0,Class1,0.0,0,1800わらび賞発走14時10分(ダート・左)3歳、1勝クラス;負担重量は、馬齢重量賞品
202604010110,2026,新潟,1,1,10,2026-05-02,https://www.jra.go.jp/datafile/seiseki/report/2026/2026-1niigata1.pdf,736bb82d9d073f16c841325d5d7817c7e5e10ac6bd51500ed6bb64e0f41e0b4e,official_race_marker_verified,1800,flat,turf,outer,left,,Class2,0.0,0,1800たいないがわ胎内川特別発走14時45分(芝・左・外)4歳以上、2勝クラス;負担重量は、58、牝馬2減賞品
202604010111,2026,新潟,1,1,11,2026-05-02,https://www.jra.go.jp/datafile/seiseki/report/2026/2026-1niigata1.pdf,736bb82d9d073f16c841325d5d7817c7e5e10ac6bd51500ed6bb64e0f41e0b4e,official_race_marker_verified,1800,flat,dirt,,left,,Maiden,0.0,0,1800さんじょう三条ステークス発走15時20分(ダート・左)牝、4歳以上、3勝クラス、除未出走馬および未勝利馬;負担重量は、56賞品
202604010112,2026,新潟,1,1,12,2026-05-02,https://www.jra.go.jp/datafile/seiseki/report/2026/2026-1niigata1.pdf,736bb82d9d073f16c841325d5d7817c7e5e10ac6bd51500ed6bb64e0f41e0b4e,official_race_marker_verified,1000,flat,turf,straight,straight,,Class1,0.0,0,10004歳以上1勝クラス発走16時00分(芝・直線)負担重量は、58、牝馬2減
202604010201,2026,新潟,1,2,1,2026-05-03,https://www.jra.go.jp/datafile/seiseki/report/2026/2026-1niigata2.pdf,8295f24c6c9c8a31d9a1c008927f11320725d28d45015dd42a61ce016f95608a,official_race_marker_verified,2000,flat,turf,,left,0.0,Maiden,0.0,0,20003歳未勝利発走9時45分(芝・左)牝;負担重量は、馬齢重量
202604010202,2026,新潟,1,2,2,2026-05-03,https://www.jra.go.jp/datafile/seiseki/report/2026/2026-1niigata2.pdf,8295f24c6c9c8a31d9a1c008927f11320725d28d45015dd42a61ce016f95608a,official_race_marker_verified,1200,flat,dirt,,left,0.0,Maiden,0.0,0,12003歳未勝利発走10時10分(ダート・左)負担重量は、馬齢重量
202604010203,2026,新潟,1,2,3,2026-05-03,https://www.jra.go.jp/datafile/seiseki/report/2026/2026-1niigata2.pdf,8295f24c6c9c8a31d9a1c008927f11320725d28d45015dd42a61ce016f95608a,official_race_marker_verified,1800,flat,dirt,,left,0.0,Maiden,0.0,0,18003歳未勝利発走10時40分(ダート・左)負担重量は、馬齢重量
202604010204,2026,新潟,1,2,4,2026-05-03,https://www.jra.go.jp/datafile/seiseki/report/2026/2026-1niigata2.pdf,8295f24c6c9c8a31d9a1c008927f11320725d28d45015dd42a61ce016f95608a,official_race_marker_verified,2890,obstacle,turf,outer,,,Maiden,0.0,0,2890障害4歳以上未勝利発走11時10分(芝・外内)負担重量は、4歳595歳以上60、牝馬2減
202604010205,2026,新潟,1,2,5,2026-05-03,https://www.jra.go.jp/datafile/seiseki/report/2026/2026-1niigata2.pdf,8295f24c6c9c8a31d9a1c008927f11320725d28d45015dd42a61ce016f95608a,official_race_marker_verified,1800,flat,turf,outer,left,0.0,Maiden,0.0,0,18003歳未勝利発走12時00分(芝・左・外)負担重量は、馬齢重量
202604010206,2026,新潟,1,2,6,2026-05-03,https://www.jra.go.jp/datafile/seiseki/report/2026/2026-1niigata2.pdf,8295f24c6c9c8a31d9a1c008927f11320725d28d45015dd42a61ce016f95608a,official_race_marker_verified,1800,flat,dirt,,left,,Class1,0.0,0,18004歳以上1勝クラス発走12時30分(ダート・左)若手騎手;負担重量は、58、牝馬2減
202604010207,2026,新潟,1,2,7,2026-05-03,https://www.jra.go.jp/datafile/seiseki/report/2026/2026-1niigata2.pdf,8295f24c6c9c8a31d9a1c008927f11320725d28d45015dd42a61ce016f95608a,official_race_marker_verified,1400,flat,turf,,left,,Class1,0.0,0,14004歳以上1勝クラス発走13時00分(芝・左)牝;負担重量は、56
202604010208,2026,新潟,1,2,8,2026-05-03,https://www.jra.go.jp/datafile/seiseki/report/2026/2026-1niigata2.pdf,8295f24c6c9c8a31d9a1c008927f11320725d28d45015dd42a61ce016f95608a,official_race_marker_verified,1800,flat,turf,outer,left,,Class1,0.0,0,18004歳以上1勝クラス発走13時30分(芝・左・外)負担重量は、58、牝馬2減
202604010209,2026,新潟,1,2,9,2026-05-03,https://www.jra.go.jp/datafile/seiseki/report/2026/2026-1niigata2.pdf,8295f24c6c9c8a31d9a1c008927f11320725d28d45015dd42a61ce016f95608a,official_race_marker_verified,1800,flat,dirt,,left,,Class2,0.0,0,1800さきはな咲花特別発走14時05分(ダート・左)牝、4歳以上、2勝クラス;負担重量は、56賞品
202604010210,2026,新潟,1,2,10,2026-05-03,https://www.jra.go.jp/datafile/seiseki/report/2026/2026-1niigata2.pdf,8295f24c6c9c8a31d9a1c008927f11320725d28d45015dd42a61ce016f95608a,official_race_marker_verified,1000,flat,turf,straight,straight,1.0,Class2,0.0,0,1000まいしん邁進特別発走14時40分(芝・直線)4歳以上、2勝クラス;負担重量は、ハンデキャップ賞品
202604010211,2026,新潟,1,2,11,2026-05-03,https://www.jra.go.jp/datafile/seiseki/report/2026/2026-1niigata2.pdf,8295f24c6c9c8a31d9a1c008927f11320725d28d45015dd42a61ce016f95608a,official_race_marker_verified,1200,flat,dirt,,left,,Maiden,0.0,0,1200えちご越後ステークス発走15時15分(ダート・左)4歳以上、除未出走馬および未勝利馬;負担重量は、日本馬:57、牝馬2減、収得賞金1600万円超過馬は超過額600万円毎1増、:57、牝馬2減、GI競走1着馬5増、GII競走1着馬3増、GIII競走1着馬1増(ただし2歳時の成績を除く)賞品
202604010212,2026,新潟,1,2,12,2026-05-03,https://www.jra.go.jp/datafile/seiseki/report/2026/2026-1niigata2.pdf,8295f24c6c9c8a31d9a1c008927f11320725d28d45015dd42a61ce016f95608a,official_race_marker_verified,1200,flat,dirt,,left,,Class1,0.0,0,12004歳以上1勝クラス発走16時00分(ダート・左)負担重量は、58、牝馬2減
202604010301,2026,新潟,1,3,1,2026-05-09,https://www.jra.go.jp/datafile/seiseki/report/2026/2026-1niigata3.pdf,8be5bf97d75aaec9c1b203255dc6c6c1521de2d7a2d34920e30febdf9ec80f73,official_race_marker_verified,2890,obstacle,turf,outer,,,Maiden,0.0,0,2890障害4歳以上未勝利発走9時45分(芝・外内)負担重量は、4歳595歳以上60、牝馬2減
202604010302,2026,新潟,1,3,2,2026-05-09,https://www.jra.go.jp/datafile/seiseki/report/2026/2026-1niigata3.pdf,8be5bf97d75aaec9c1b203255dc6c6c1521de2d7a2d34920e30febdf9ec80f73,official_race_marker_verified,1800,flat,dirt,,left,0.0,Maiden,0.0,0,18003歳未勝利発走10時20分(ダート・左)負担重量は、馬齢重量
202604010303,2026,新潟,1,3,3,2026-05-09,https://www.jra.go.jp/datafile/seiseki/report/2026/2026-1niigata3.pdf,8be5bf97d75aaec9c1b203255dc6c6c1521de2d7a2d34920e30febdf9ec80f73,official_race_marker_verified,1200,flat,dirt,,left,0.0,Maiden,0.0,0,12003歳未勝利発走10時50分(ダート・左)牝;負担重量は、馬齢重量
202604010304,2026,新潟,1,3,4,2026-05-09,https://www.jra.go.jp/datafile/seiseki/report/2026/2026-1niigata3.pdf,8be5bf97d75aaec9c1b203255dc6c6c1521de2d7a2d34920e30febdf9ec80f73,official_race_marker_verified,2890,obstacle,turf,outer,,,Open,1.0,0,2890障害4歳以上オープン発走11時20分(芝・外内)負担重量は、4歳595歳以上60、牝馬2減、収得賞金400万円超過馬は超過額300万円毎1増
202604010305,2026,新潟,1,3,5,2026-05-09,https://www.jra.go.jp/datafile/seiseki/report/2026/2026-1niigata3.pdf,8be5bf97d75aaec9c1b203255dc6c6c1521de2d7a2d34920e30febdf9ec80f73,official_race_marker_verified,1200,flat,turf,,left,0.0,Maiden,0.0,0,12003歳未勝利発走12時10分(芝・左)若手騎手;負担重量は、馬齢重量
202604010306,2026,新潟,1,3,6,2026-05-09,https://www.jra.go.jp/datafile/seiseki/report/2026/2026-1niigata3.pdf,8be5bf97d75aaec9c1b203255dc6c6c1521de2d7a2d34920e30febdf9ec80f73,official_race_marker_verified,2000,flat,turf,,left,0.0,Maiden,0.0,0,20003歳未勝利発走12時40分(芝・左)負担重量は、馬齢重量
202604010307,2026,新潟,1,3,7,2026-05-09,https://www.jra.go.jp/datafile/seiseki/report/2026/2026-1niigata3.pdf,8be5bf97d75aaec9c1b203255dc6c6c1521de2d7a2d34920e30febdf9ec80f73,official_race_marker_verified,1200,flat,dirt,,left,,Class1,0.0,0,12004歳以上1勝クラス発走13時10分(ダート・左)負担重量は、58、牝馬2減
202604010308,2026,新潟,1,3,8,2026-05-09,https://www.jra.go.jp/datafile/seiseki/report/2026/2026-1niigata3.pdf,8be5bf97d75aaec9c1b203255dc6c6c1521de2d7a2d34920e30febdf9ec80f73,official_race_marker_verified,1800,flat,dirt,,left,,Class1,0.0,0,18004歳以上1勝クラス発走13時40分(ダート・左)牝;負担重量は、56
202604010309,2026,新潟,1,3,9,2026-05-09,https://www.jra.go.jp/datafile/seiseki/report/2026/2026-1niigata3.pdf,8be5bf97d75aaec9c1b203255dc6c6c1521de2d7a2d34920e30febdf9ec80f73,official_race_marker_verified,1200,flat,turf,,left,0.0,Class1,0.0,0,1200ゆきつばき賞発走14時10分(芝・左)3歳、1勝クラス;負担重量は、馬齢重量賞品
202604010310,2026,新潟,1,3,10,2026-05-09,https://www.jra.go.jp/datafile/seiseki/report/2026/2026-1niigata3.pdf,8be5bf97d75aaec9c1b203255dc6c6c1521de2d7a2d34920e30febdf9ec80f73,official_race_marker_verified,1800,flat,turf,outer,left,,Class1,0.0,0,1800あわしま粟島特別発走14時45分(芝・左・外)4歳以上、1勝クラス;負担重量は、58、牝馬2減賞品
202604010311,2026,新潟,1,3,11,2026-05-09,https://www.jra.go.jp/datafile/seiseki/report/2026/2026-1niigata3.pdf,8be5bf97d75aaec9c1b203255dc6c6c1521de2d7a2d34920e30febdf9ec80f73,official_race_marker_verified,1000,flat,turf,straight,straight,,Maiden,0.0,0,1000しゅんぷう駿風ステークス発走15時20分(芝・直線)4歳以上、3勝クラス、除未出走馬および未勝利馬;負担重量は、58、牝馬2減賞品
202604010312,2026,新潟,1,3,12,2026-05-09,https://www.jra.go.jp/datafile/seiseki/report/2026/2026-1niigata3.pdf,8be5bf97d75aaec9c1b203255dc6c6c1521de2d7a2d34920e30febdf9ec80f73,official_race_marker_verified,1800,flat,dirt,,left,,Class1,0.0,0,18004歳以上1勝クラス発走16時00分(ダート・左)負担重量は、58、牝馬2減
202604010401,2026,新潟,1,4,1,2026-05-10,https://www.jra.go.jp/datafile/seiseki/report/2026/2026-1niigata4.pdf,2b44cd81cc4d52691f8c87189579d16f9706f757db5cfe1d41eb6e5e66da584a,official_race_marker_verified,1800,flat,dirt,,left,0.0,Maiden,0.0,0,18003歳未勝利発走9時45分(ダート・左)牝;負担重量は、馬齢重量
202604010402,2026,新潟,1,4,2,2026-05-10,https://www.jra.go.jp/datafile/seiseki/report/2026/2026-1niigata4.pdf,2b44cd81cc4d52691f8c87189579d16f9706f757db5cfe1d41eb6e5e66da584a,official_race_marker_verified,1200,flat,dirt,,left,0.0,Maiden,0.0,0,12003歳未勝利発走10時15分(ダート・左)負担重量は、馬齢重量
202604010403,2026,新潟,1,4,3,2026-05-10,https://www.jra.go.jp/datafile/seiseki/report/2026/2026-1niigata4.pdf,2b44cd81cc4d52691f8c87189579d16f9706f757db5cfe1d41eb6e5e66da584a,official_race_marker_verified,1800,flat,dirt,,left,0.0,Maiden,0.0,0,18003歳未勝利発走10時45分(ダート・左)負担重量は、馬齢重量
202604010404,2026,新潟,1,4,4,2026-05-10,https://www.jra.go.jp/datafile/seiseki/report/2026/2026-1niigata4.pdf,2b44cd81cc4d52691f8c87189579d16f9706f757db5cfe1d41eb6e5e66da584a,official_race_marker_verified,2890,obstacle,turf,outer,,,Maiden,0.0,0,2890障害4歳以上未勝利発走11時15分(芝・外内)負担重量は、4歳595歳以上60、牝馬2減
202604010405,2026,新潟,1,4,5,2026-05-10,https://www.jra.go.jp/datafile/seiseki/report/2026/2026-1niigata4.pdf,2b44cd81cc4d52691f8c87189579d16f9706f757db5cfe1d41eb6e5e66da584a,official_race_marker_verified,1800,flat,turf,outer,left,0.0,Maiden,0.0,0,18003歳未勝利発走12時05分(芝・左・外)牝;負担重量は、馬齢重量
202604010406,2026,新潟,1,4,6,2026-05-10,https://www.jra.go.jp/datafile/seiseki/report/2026/2026-1niigata4.pdf,2b44cd81cc4d52691f8c87189579d16f9706f757db5cfe1d41eb6e5e66da584a,official_race_marker_verified,1000,flat,turf,straight,straight,0.0,Maiden,0.0,0,10003歳未勝利発走12時35分(芝・直線)負担重量は、馬齢重量
202604010407,2026,新潟,1,4,7,2026-05-10,https://www.jra.go.jp/datafile/seiseki/report/2026/2026-1niigata4.pdf,2b44cd81cc4d52691f8c87189579d16f9706f757db5cfe1d41eb6e5e66da584a,official_race_marker_verified,1200,flat,dirt,,left,,Class1,0.0,0,12004歳以上1勝クラス発走13時05分(ダート・左)若手騎手;負担重量は、58、牝馬2減
202604010408,2026,新潟,1,4,8,2026-05-10,https://www.jra.go.jp/datafile/seiseki/report/2026/2026-1niigata4.pdf,2b44cd81cc4d52691f8c87189579d16f9706f757db5cfe1d41eb6e5e66da584a,official_race_marker_verified,1200,flat,dirt,,left,,Class1,0.0,0,12004歳以上1勝クラス発走13時35分(ダート・左)牝;負担重量は、56
202604010409,2026,新潟,1,4,9,2026-05-10,https://www.jra.go.jp/datafile/seiseki/report/2026/2026-1niigata4.pdf,2b44cd81cc4d52691f8c87189579d16f9706f757db5cfe1d41eb6e5e66da584a,official_race_marker_verified,2400,flat,turf,,left,,Class1,0.0,0,2400あらかわきょう荒川峡特別発走14時05分(芝・左)4歳以上、1勝クラス;負担重量は、58、牝馬2減賞品
202604010410,2026,新潟,1,4,10,2026-05-10,https://www.jra.go.jp/datafile/seiseki/report/2026/2026-1niigata4.pdf,2b44cd81cc4d52691f8c87189579d16f9706f757db5cfe1d41eb6e5e66da584a,official_race_marker_verified,1800,flat,dirt,,left,1.0,Class2,0.0,0,1800ごせん五泉特別発走14時40分(ダート・左)4歳以上、2勝クラス;負担重量は、ハンデキャップ賞品
202604010411,2026,新潟,1,4,11,2026-05-10,https://www.jra.go.jp/datafile/seiseki/report/2026/2026-1niigata4.pdf,2b44cd81cc4d52691f8c87189579d16f9706f757db5cfe1d41eb6e5e66da584a,official_race_marker_verified,1400,flat,turf,,left,,Maiden,0.0,0,1400たにがわだけ谷川岳ステークス(L)発走15時15分(芝・左)4歳以上、除未出走馬および未勝利馬;負担重量は、日本馬:57、牝馬2減、収得賞金1600万円超過馬は超過額1200万円毎1増、:57、牝馬2減、GI競走1着馬5増、GII競走1着馬3増、GIII競走1着馬1増(ただし2歳時の成績を除く)賞品
202604010412,2026,新潟,1,4,12,2026-05-10,https://www.jra.go.jp/datafile/seiseki/report/2026/2026-1niigata4.pdf,2b44cd81cc4d52691f8c87189579d16f9706f757db5cfe1d41eb6e5e66da584a,official_race_marker_verified,1200,flat,turf,,left,,Class1,0.0,0,12004歳以上1勝クラス発走16時00分(芝・左)負担重量は、58、牝馬2減
202604010501,2026,新潟,1,5,1,2026-05-16,https://www.jra.go.jp/datafile/seiseki/report/2026/2026-1niigata5.pdf,3b5b00d7617210ce411dc620c0a853e33b6fa01c1e5edca162813417178a1e1d,official_race_marker_verified,1800,flat,dirt,,left,0.0,Maiden,0.0,0,18003歳未勝利発走10時05分(ダート・左)負担重量は、馬齢重量
202604010502,2026,新潟,1,5,2,2026-05-16,https://www.jra.go.jp/datafile/seiseki/report/2026/2026-1niigata5.pdf,3b5b00d7617210ce411dc620c0a853e33b6fa01c1e5edca162813417178a1e1d,official_race_marker_verified,1200,flat,dirt,,left,0.0,Maiden,0.0,0,12003歳未勝利発走10時35分(ダート・左)負担重量は、馬齢重量
202604010503,2026,新潟,1,5,3,2026-05-16,https://www.jra.go.jp/datafile/seiseki/report/2026/2026-1niigata5.pdf,3b5b00d7617210ce411dc620c0a853e33b6fa01c1e5edca162813417178a1e1d,official_race_marker_verified,1600,flat,turf,outer,left,0.0,Maiden,0.0,0,16003歳未勝利発走11時05分(芝・左・外)負担重量は、馬齢重量
202604010504,2026,新潟,1,5,4,2026-05-16,https://www.jra.go.jp/datafile/seiseki/report/2026/2026-1niigata5.pdf,3b5b00d7617210ce411dc620c0a853e33b6fa01c1e5edca162813417178a1e1d,official_race_marker_verified,1800,flat,dirt,,left,0.0,Maiden,0.0,0,18003歳未勝利発走11時35分(ダート・左)負担重量は、馬齢重量
202604010505,2026,新潟,1,5,5,2026-05-16,https://www.jra.go.jp/datafile/seiseki/report/2026/2026-1niigata5.pdf,3b5b00d7617210ce411dc620c0a853e33b6fa01c1e5edca162813417178a1e1d,official_race_marker_verified,1800,flat,turf,outer,left,0.0,Maiden,0.0,0,18003歳未勝利発走12時25分(芝・左・外)負担重量は、馬齢重量
202604010506,2026,新潟,1,5,6,2026-05-16,https://www.jra.go.jp/datafile/seiseki/report/2026/2026-1niigata5.pdf,3b5b00d7617210ce411dc620c0a853e33b6fa01c1e5edca162813417178a1e1d,official_race_marker_verified,1000,flat,turf,straight,straight,0.0,Maiden,0.0,0,10003歳未勝利発走12時55分(芝・直線)負担重量は、馬齢重量
202604010507,2026,新潟,1,5,7,2026-05-16,https://www.jra.go.jp/datafile/seiseki/report/2026/2026-1niigata5.pdf,3b5b00d7617210ce411dc620c0a853e33b6fa01c1e5edca162813417178a1e1d,official_race_marker_verified,1200,flat,dirt,,left,,Class1,0.0,0,12004歳以上1勝クラス発走13時25分(ダート・左)牝;負担重量は、56
202604010508,2026,新潟,1,5,8,2026-05-16,https://www.jra.go.jp/datafile/seiseki/report/2026/2026-1niigata5.pdf,3b5b00d7617210ce411dc620c0a853e33b6fa01c1e5edca162813417178a1e1d,official_race_marker_verified,1800,flat,dirt,,left,,Class1,0.0,0,18004歳以上1勝クラス発走14時00分(ダート・左)負担重量は、58、牝馬2減
202604010509,2026,新潟,1,5,9,2026-05-16,https://www.jra.go.jp/datafile/seiseki/report/2026/2026-1niigata5.pdf,3b5b00d7617210ce411dc620c0a853e33b6fa01c1e5edca162813417178a1e1d,official_race_marker_verified,1800,flat,turf,outer,left,,Class1,0.0,0,1800いしうち石打特別発走14時35分(芝・左・外)牝、4歳以上、1勝クラス;負担重量は、56賞品
202604010510,2026,新潟,1,5,10,2026-05-16,https://www.jra.go.jp/datafile/seiseki/report/2026/2026-1niigata5.pdf,3b5b00d7617210ce411dc620c0a853e33b6fa01c1e5edca162813417178a1e1d,official_race_marker_verified,1800,flat,dirt,,left,,Class2,0.0,0,1800なかのだけ中ノ岳特別発走15時10分(ダート・左)4歳以上、2勝クラス;負担重量は、58、牝馬2減賞品
202604010511,2026,新潟,1,5,11,2026-05-16,https://www.jra.go.jp/datafile/seiseki/report/2026/2026-1niigata5.pdf,3b5b00d7617210ce411dc620c0a853e33b6fa01c1e5edca162813417178a1e1d,official_race_marker_verified,2000,flat,turf,outer,left,1.0,Open,1.0,1,2000第48回新潟大賞典(GIII)発走15時45分(芝・左・外)4歳以上、除未出走馬および未勝利馬;負担重量は、ハンデキャップ新潟県知事賞(1着)賞品
202604010512,2026,新潟,1,5,12,2026-05-16,https://www.jra.go.jp/datafile/seiseki/report/2026/2026-1niigata5.pdf,3b5b00d7617210ce411dc620c0a853e33b6fa01c1e5edca162813417178a1e1d,official_race_marker_verified,1400,flat,turf,,left,,Class1,0.0,0,14004歳以上1勝クラス発走16時30分(芝・左)負担重量は、58、牝馬2減
202604010601,2026,新潟,1,6,1,2026-05-17,https://www.jra.go.jp/datafile/seiseki/report/2026/2026-1niigata6.pdf,bb67856a2bdd7a2dfd91af79664ef019ba626053d0e04318623712b0d59cf91a,official_race_marker_verified,2890,obstacle,turf,outer,,,Maiden,0.0,0,2890障害4歳以上未勝利発走9時45分(芝・外内)負担重量は、4歳595歳以上60、牝馬2減
202604010602,2026,新潟,1,6,2,2026-05-17,https://www.jra.go.jp/datafile/seiseki/report/2026/2026-1niigata6.pdf,bb67856a2bdd7a2dfd91af79664ef019ba626053d0e04318623712b0d59cf91a,official_race_marker_verified,1800,flat,dirt,,left,0.0,Maiden,0.0,0,18003歳未勝利発走10時15分(ダート・左)負担重量は、馬齢重量
202604010603,2026,新潟,1,6,3,2026-05-17,https://www.jra.go.jp/datafile/seiseki/report/2026/2026-1niigata6.pdf,bb67856a2bdd7a2dfd91af79664ef019ba626053d0e04318623712b0d59cf91a,official_race_marker_verified,1200,flat,dirt,,left,0.0,Maiden,0.0,0,12003歳未勝利発走10時45分(ダート・左)牝;負担重量は、馬齢重量
202604010604,2026,新潟,1,6,4,2026-05-17,https://www.jra.go.jp/datafile/seiseki/report/2026/2026-1niigata6.pdf,bb67856a2bdd7a2dfd91af79664ef019ba626053d0e04318623712b0d59cf91a,official_race_marker_verified,2890,obstacle,turf,outer,,,Maiden,0.0,0,2890障害4歳以上未勝利発走11時15分(芝・外内)負担重量は、4歳595歳以上60、牝馬2減
202604010605,2026,新潟,1,6,5,2026-05-17,https://www.jra.go.jp/datafile/seiseki/report/2026/2026-1niigata6.pdf,bb67856a2bdd7a2dfd91af79664ef019ba626053d0e04318623712b0d59cf91a,official_race_marker_verified,2000,flat,turf,,left,0.0,Maiden,0.0,0,20003歳未勝利発走12時05分(芝・左)若手騎手;負担重量は、馬齢重量
202604010606,2026,新潟,1,6,6,2026-05-17,https://www.jra.go.jp/datafile/seiseki/report/2026/2026-1niigata6.pdf,bb67856a2bdd7a2dfd91af79664ef019ba626053d0e04318623712b0d59cf91a,official_race_marker_verified,1800,flat,dirt,,left,0.0,Maiden,0.0,0,18003歳未勝利発走12時35分(ダート・左)牝;負担重量は、馬齢重量
202604010607,2026,新潟,1,6,7,2026-05-17,https://www.jra.go.jp/datafile/seiseki/report/2026/2026-1niigata6.pdf,bb67856a2bdd7a2dfd91af79664ef019ba626053d0e04318623712b0d59cf91a,official_race_marker_verified,2000,flat,turf,outer,left,,Class1,0.0,0,20004歳以上1勝クラス発走13時05分(芝・左・外)負担重量は、58、牝馬2減
202604010608,2026,新潟,1,6,8,2026-05-17,https://www.jra.go.jp/datafile/seiseki/report/2026/2026-1niigata6.pdf,bb67856a2bdd7a2dfd91af79664ef019ba626053d0e04318623712b0d59cf91a,official_race_marker_verified,1800,flat,dirt,,left,,Class1,0.0,0,18004歳以上1勝クラス発走13時35分(ダート・左)負担重量は、58、牝馬2減
202604010609,2026,新潟,1,6,9,2026-05-17,https://www.jra.go.jp/datafile/seiseki/report/2026/2026-1niigata6.pdf,bb67856a2bdd7a2dfd91af79664ef019ba626053d0e04318623712b0d59cf91a,official_race_marker_verified,1000,flat,turf,straight,straight,,Class1,0.0,0,1000ひりゅう飛竜特別発走14時05分(芝・直線)4歳以上、1勝クラス;負担重量は、58、牝馬2減賞品
202604010610,2026,新潟,1,6,10,2026-05-17,https://www.jra.go.jp/datafile/seiseki/report/2026/2026-1niigata6.pdf,bb67856a2bdd7a2dfd91af79664ef019ba626053d0e04318623712b0d59cf91a,official_race_marker_verified,2000,flat,turf,outer,left,,Class2,0.0,0,2000しなのがわ信濃川特別発走14時40分(芝・左・外)4歳以上、2勝クラス;負担重量は、58、牝馬2減賞品
202604010611,2026,新潟,1,6,11,2026-05-17,https://www.jra.go.jp/datafile/seiseki/report/2026/2026-1niigata6.pdf,bb67856a2bdd7a2dfd91af79664ef019ba626053d0e04318623712b0d59cf91a,official_race_marker_verified,1800,flat,turf,outer,left,,Maiden,0.0,0,1800やひこ弥彦ステークス発走15時15分(芝・左・外)4歳以上、3勝クラス、除未出走馬および未勝利馬;負担重量は、58、牝馬2減賞品
202604010612,2026,新潟,1,6,12,2026-05-17,https://www.jra.go.jp/datafile/seiseki/report/2026/2026-1niigata6.pdf,bb67856a2bdd7a2dfd91af79664ef019ba626053d0e04318623712b0d59cf91a,official_race_marker_verified,1200,flat,dirt,,left,,Class1,0.0,0,12004歳以上1勝クラス発走16時00分(ダート・左)負担重量は、58、牝馬2減
202604010701,2026,新潟,1,7,1,2026-05-23,https://www.jra.go.jp/datafile/seiseki/report/2026/2026-1niigata7.pdf,db47d30b6ad872ca7c63256f8ba039f169d1deed8bcadba22f262c9dfa815161,official_race_marker_verified,2890,obstacle,turf,outer,,,Maiden,0.0,0,2890障害4歳以上未勝利発走9時45分(芝・外内)負担重量は、4歳595歳以上60、牝馬2減
202604010702,2026,新潟,1,7,2,2026-05-23,https://www.jra.go.jp/datafile/seiseki/report/2026/2026-1niigata7.pdf,db47d30b6ad872ca7c63256f8ba039f169d1deed8bcadba22f262c9dfa815161,official_race_marker_verified,1800,flat,dirt,,left,0.0,Maiden,0.0,0,18003歳未勝利発走10時20分(ダート・左)牝;負担重量は、馬齢重量
202604010703,2026,新潟,1,7,3,2026-05-23,https://www.jra.go.jp/datafile/seiseki/report/2026/2026-1niigata7.pdf,db47d30b6ad872ca7c63256f8ba039f169d1deed8bcadba22f262c9dfa815161,official_race_marker_verified,1200,flat,dirt,,left,0.0,Maiden,0.0,0,12003歳未勝利発走10時50分(ダート・左)負担重量は、馬齢重量
202604010704,2026,新潟,1,7,4,2026-05-23,https://www.jra.go.jp/datafile/seiseki/report/2026/2026-1niigata7.pdf,db47d30b6ad872ca7c63256f8ba039f169d1deed8bcadba22f262c9dfa815161,official_race_marker_verified,3290,obstacle,turf,outer,,,Open,1.0,0,3290障害4歳以上オープン発走11時20分(芝・外内)負担重量は、4歳595歳以上60、牝馬2減、収得賞金700万円毎1増
202604010705,2026,新潟,1,7,5,2026-05-23,https://www.jra.go.jp/datafile/seiseki/report/2026/2026-1niigata7.pdf,db47d30b6ad872ca7c63256f8ba039f169d1deed8bcadba22f262c9dfa815161,official_race_marker_verified,1400,flat,turf,,left,0.0,Maiden,0.0,0,14003歳未勝利発走12時10分(芝・左)負担重量は、馬齢重量
202604010706,2026,新潟,1,7,6,2026-05-23,https://www.jra.go.jp/datafile/seiseki/report/2026/2026-1niigata7.pdf,db47d30b6ad872ca7c63256f8ba039f169d1deed8bcadba22f262c9dfa815161,official_race_marker_verified,1800,flat,dirt,,left,0.0,Maiden,0.0,0,18003歳未勝利発走12時40分(ダート・左)若手騎手;負担重量は、馬齢重量
202604010707,2026,新潟,1,7,7,2026-05-23,https://www.jra.go.jp/datafile/seiseki/report/2026/2026-1niigata7.pdf,db47d30b6ad872ca7c63256f8ba039f169d1deed8bcadba22f262c9dfa815161,official_race_marker_verified,2400,flat,turf,,left,0.0,Maiden,0.0,0,24003歳未勝利発走13時10分(芝・左)負担重量は、馬齢重量
202604010708,2026,新潟,1,7,8,2026-05-23,https://www.jra.go.jp/datafile/seiseki/report/2026/2026-1niigata7.pdf,db47d30b6ad872ca7c63256f8ba039f169d1deed8bcadba22f262c9dfa815161,official_race_marker_verified,1800,flat,dirt,,left,,Class1,0.0,0,18004歳以上1勝クラス発走13時40分(ダート・左)牝;負担重量は、56
202604010709,2026,新潟,1,7,9,2026-05-23,https://www.jra.go.jp/datafile/seiseki/report/2026/2026-1niigata7.pdf,db47d30b6ad872ca7c63256f8ba039f169d1deed8bcadba22f262c9dfa815161,official_race_marker_verified,1000,flat,turf,straight,straight,0.0,Class1,0.0,0,1000はやぶさ賞発走14時10分(芝・直線)3歳、1勝クラス;負担重量は、馬齢重量賞品
202604010710,2026,新潟,1,7,10,2026-05-23,https://www.jra.go.jp/datafile/seiseki/report/2026/2026-1niigata7.pdf,db47d30b6ad872ca7c63256f8ba039f169d1deed8bcadba22f262c9dfa815161,official_race_marker_verified,2000,flat,turf,outer,left,,Class1,0.0,0,2000せんかくわん尖閣湾特別発走14時45分(芝・左・外)4歳以上、1勝クラス;負担重量は、58、牝馬2減賞品
202604010711,2026,新潟,1,7,11,2026-05-23,https://www.jra.go.jp/datafile/seiseki/report/2026/2026-1niigata7.pdf,db47d30b6ad872ca7c63256f8ba039f169d1deed8bcadba22f262c9dfa815161,official_race_marker_verified,1200,flat,turf,,left,,Class2,0.0,0,1200だいにちだけ大日岳特別発走15時20分(芝・左)4歳以上、2勝クラス;負担重量は、58、牝馬2減賞品
202604010712,2026,新潟,1,7,12,2026-05-23,https://www.jra.go.jp/datafile/seiseki/report/2026/2026-1niigata7.pdf,db47d30b6ad872ca7c63256f8ba039f169d1deed8bcadba22f262c9dfa815161,official_race_marker_verified,1200,flat,dirt,,left,,Class1,0.0,0,12004歳以上1勝クラス発走16時00分(ダート・左)負担重量は、58、牝馬2減
202604010801,2026,新潟,1,8,1,2026-05-24,https://www.jra.go.jp/datafile/seiseki/report/2026/2026-1niigata8.pdf,b4d71dafb123ae3aa7b78f3b4ffae438dfda7f3ea82289a0397a9d867b359dbc,official_race_marker_verified,1200,flat,turf,,left,0.0,Maiden,0.0,0,12003歳未勝利発走9時45分(芝・左)負担重量は、馬齢重量
202604010802,2026,新潟,1,8,2,2026-05-24,https://www.jra.go.jp/datafile/seiseki/report/2026/2026-1niigata8.pdf,b4d71dafb123ae3aa7b78f3b4ffae438dfda7f3ea82289a0397a9d867b359dbc,official_race_marker_verified,1200,flat,dirt,,left,0.0,Maiden,0.0,0,12003歳未勝利発走10時10分(ダート・左)牝;負担重量は、馬齢重量
202604010803,2026,新潟,1,8,3,2026-05-24,https://www.jra.go.jp/datafile/seiseki/report/2026/2026-1niigata8.pdf,b4d71dafb123ae3aa7b78f3b4ffae438dfda7f3ea82289a0397a9d867b359dbc,official_race_marker_verified,1800,flat,dirt,,left,0.0,Maiden,0.0,0,18003歳未勝利発走10時40分(ダート・左)負担重量は、馬齢重量
202604010804,2026,新潟,1,8,4,2026-05-24,https://www.jra.go.jp/datafile/seiseki/report/2026/2026-1niigata8.pdf,b4d71dafb123ae3aa7b78f3b4ffae438dfda7f3ea82289a0397a9d867b359dbc,official_race_marker_verified,2890,obstacle,turf,outer,,,Maiden,0.0,0,2890障害4歳以上未勝利発走11時10分(芝・外内)負担重量は、4歳595歳以上60、牝馬2減
202604010805,2026,新潟,1,8,5,2026-05-24,https://www.jra.go.jp/datafile/seiseki/report/2026/2026-1niigata8.pdf,b4d71dafb123ae3aa7b78f3b4ffae438dfda7f3ea82289a0397a9d867b359dbc,official_race_marker_verified,2000,flat,turf,,left,0.0,Maiden,0.0,0,20003歳未勝利発走12時00分(芝・左)負担重量は、馬齢重量
202604010806,2026,新潟,1,8,6,2026-05-24,https://www.jra.go.jp/datafile/seiseki/report/2026/2026-1niigata8.pdf,b4d71dafb123ae3aa7b78f3b4ffae438dfda7f3ea82289a0397a9d867b359dbc,official_race_marker_verified,1800,flat,dirt,,left,0.0,Maiden,0.0,0,18003歳未勝利発走12時30分(ダート・左)負担重量は、馬齢重量
202604010807,2026,新潟,1,8,7,2026-05-24,https://www.jra.go.jp/datafile/seiseki/report/2026/2026-1niigata8.pdf,b4d71dafb123ae3aa7b78f3b4ffae438dfda7f3ea82289a0397a9d867b359dbc,official_race_marker_verified,1200,flat,dirt,,left,,Class1,0.0,0,12004歳以上1勝クラス発走13時00分(ダート・左)若手騎手;負担重量は、58、牝馬2減
202604010808,2026,新潟,1,8,8,2026-05-24,https://www.jra.go.jp/datafile/seiseki/report/2026/2026-1niigata8.pdf,b4d71dafb123ae3aa7b78f3b4ffae438dfda7f3ea82289a0397a9d867b359dbc,official_race_marker_verified,1200,flat,turf,,left,,Class1,0.0,0,12004歳以上1勝クラス発走13時30分(芝・左)負担重量は、58、牝馬2減
202604010809,2026,新潟,1,8,9,2026-05-24,https://www.jra.go.jp/datafile/seiseki/report/2026/2026-1niigata8.pdf,b4d71dafb123ae3aa7b78f3b4ffae438dfda7f3ea82289a0397a9d867b359dbc,official_race_marker_verified,1800,flat,turf,outer,left,,Class1,0.0,0,1800にのうじ二王子特別発走14時05分(芝・左・外)4歳以上、1勝クラス;負担重量は、58、牝馬2減賞品
202604010810,2026,新潟,1,8,10,2026-05-24,https://www.jra.go.jp/datafile/seiseki/report/2026/2026-1niigata8.pdf,b4d71dafb123ae3aa7b78f3b4ffae438dfda7f3ea82289a0397a9d867b359dbc,official_race_marker_verified,1200,flat,dirt,,left,,Class2,0.0,0,1200ひうちやま火打山特別発走14時40分(ダート・左)4歳以上、2勝クラス;負担重量は、58、牝馬2減賞品
202604010811,2026,新潟,1,8,11,2026-05-24,https://www.jra.go.jp/datafile/seiseki/report/2026/2026-1niigata8.pdf,b4d71dafb123ae3aa7b78f3b4ffae438dfda7f3ea82289a0397a9d867b359dbc,official_race_marker_verified,1000,flat,turf,straight,straight,1.0,Maiden,0.0,0,1000いだてん韋駄天ステークス発走15時15分(芝・直線)4歳以上、除未出走馬および未勝利馬;負担重量は、ハンデキャップ賞品
202604010812,2026,新潟,1,8,12,2026-05-24,https://www.jra.go.jp/datafile/seiseki/report/2026/2026-1niigata8.pdf,b4d71dafb123ae3aa7b78f3b4ffae438dfda7f3ea82289a0397a9d867b359dbc,official_race_marker_verified,1800,flat,dirt,,left,,Class1,0.0,0,18004歳以上1勝クラス発走16時00分(ダート・左)負担重量は、58、牝馬2減
202604020101,2026,新潟,2,1,1,2026-07-25,https://www.jra.go.jp/datafile/seiseki/report/2026/2026-2niigata1.pdf,7349f5b12f066bd42256458636f45dd15768a446fa2ca7183eb5b806be101e23,official_race_marker_verified,1800,flat,turf,outer,left,0.0,Maiden,0.0,0,18002歳未勝利発走9時50分(芝・左・外)負担重量は、馬齢重量
202604020102,2026,新潟,2,1,2,2026-07-25,https://www.jra.go.jp/datafile/seiseki/report/2026/2026-2niigata1.pdf,7349f5b12f066bd42256458636f45dd15768a446fa2ca7183eb5b806be101e23,official_race_marker_verified,1200,flat,dirt,,left,0.0,Newcomer,0.0,0,12002歳新馬発走10時20分(ダート・左)負担重量は、馬齢重量
202604020103,2026,新潟,2,1,3,2026-07-25,https://www.jra.go.jp/datafile/seiseki/report/2026/2026-2niigata1.pdf,7349f5b12f066bd42256458636f45dd15768a446fa2ca7183eb5b806be101e23,official_race_marker_verified,1600,flat,turf,outer,left,0.0,Newcomer,0.0,0,16002歳新馬発走10時50分(芝・左・外)牝;負担重量は、馬齢重量
202604020104,2026,新潟,2,1,4,2026-07-25,https://www.jra.go.jp/datafile/seiseki/report/2026/2026-2niigata1.pdf,7349f5b12f066bd42256458636f45dd15768a446fa2ca7183eb5b806be101e23,official_race_marker_verified,1200,flat,dirt,,left,0.0,Maiden,0.0,0,12003歳未勝利発走11時20分(ダート・左)負担重量は、馬齢重量
202604020105,2026,新潟,2,1,5,2026-07-25,https://www.jra.go.jp/datafile/seiseki/report/2026/2026-2niigata1.pdf,7349f5b12f066bd42256458636f45dd15768a446fa2ca7183eb5b806be101e23,official_race_marker_verified,1800,flat,turf,outer,left,,Class1,0.0,0,18003歳以上1勝クラス発走11時50分(芝・左・外)負担重量は、3歳554歳以上58、牝馬2減
202604020106,2026,新潟,2,1,6,2026-07-25,https://www.jra.go.jp/datafile/seiseki/report/2026/2026-2niigata1.pdf,7349f5b12f066bd42256458636f45dd15768a446fa2ca7183eb5b806be101e23,official_race_marker_verified,1600,flat,turf,outer,left,,Class2,0.0,0,1600とよさか豊栄特別発走15時10分(芝・左・外)3歳以上、2勝クラス;負担重量は、3歳554歳以上58、牝馬2減新潟市北区観光協会会長賞(1着)賞品
202604020107,2026,新潟,2,1,7,2026-07-25,https://www.jra.go.jp/datafile/seiseki/report/2026/2026-2niigata1.pdf,7349f5b12f066bd42256458636f45dd15768a446fa2ca7183eb5b806be101e23,official_race_marker_verified,1400,flat,turf,,left,,Maiden,0.0,0,1400新潟日報賞発走15時45分(芝・左)3歳以上、3勝クラス、除未出走馬および未勝利馬;負担重量は、3歳554歳以上58、牝馬2減新潟日報賞(1着)賞品
202604020108,2026,新潟,2,1,8,2026-07-25,https://www.jra.go.jp/datafile/seiseki/report/2026/2026-2niigata1.pdf,7349f5b12f066bd42256458636f45dd15768a446fa2ca7183eb5b806be101e23,official_race_marker_verified,1800,flat,dirt,,left,,Class1,0.0,0,1800きよつきょう清津峡特別発走16時20分(ダート・左)3歳以上、1勝クラス;負担重量は、3歳554歳以上58、牝馬2減賞品
202604020109,2026,新潟,2,1,9,2026-07-25,https://www.jra.go.jp/datafile/seiseki/report/2026/2026-2niigata1.pdf,7349f5b12f066bd42256458636f45dd15768a446fa2ca7183eb5b806be101e23,official_race_marker_verified,2850,obstacle,turf,outer,,,Open,1.0,0,2850障害3歳以上オープン発走16時55分(芝・外内)負担重量は、3歳584歳以上60、牝馬2減、収得賞金400万円超過馬は超過額300万円毎1増
202604020110,2026,新潟,2,1,10,2026-07-25,https://www.jra.go.jp/datafile/seiseki/report/2026/2026-2niigata1.pdf,7349f5b12f066bd42256458636f45dd15768a446fa2ca7183eb5b806be101e23,official_race_marker_verified,1800,flat,dirt,,left,0.0,Maiden,0.0,0,18003歳未勝利発走17時30分(ダート・左)牝;負担重量は、馬齢重量
202604020111,2026,新潟,2,1,11,2026-07-25,https://www.jra.go.jp/datafile/seiseki/report/2026/2026-2niigata1.pdf,7349f5b12f066bd42256458636f45dd15768a446fa2ca7183eb5b806be101e23,official_race_marker_verified,1000,flat,turf,straight,straight,0.0,Maiden,0.0,0,10003歳未勝利発走18時00分(芝・直線)負担重量は、馬齢重量
202604020112,2026,新潟,2,1,12,2026-07-25,https://www.jra.go.jp/datafile/seiseki/report/2026/2026-2niigata1.pdf,7349f5b12f066bd42256458636f45dd15768a446fa2ca7183eb5b806be101e23,official_race_marker_verified,1400,flat,turf,,left,,Class1,0.0,0,14003歳以上1勝クラス発走18時30分(芝・左)牝;負担重量は、3歳534歳以上56
202604020201,2026,新潟,2,2,1,2026-07-26,https://www.jra.go.jp/datafile/seiseki/report/2026/2026-2niigata2.pdf,bbd363971f0a0ac94d28de1ad7b60a02fd5a280cd01e1209109b408343520e92,official_race_marker_verified,1400,flat,turf,,left,0.0,Maiden,0.0,0,14002歳未勝利発走9時50分(芝・左)牝;負担重量は、馬齢重量
202604020202,2026,新潟,2,2,2,2026-07-26,https://www.jra.go.jp/datafile/seiseki/report/2026/2026-2niigata2.pdf,bbd363971f0a0ac94d28de1ad7b60a02fd5a280cd01e1209109b408343520e92,official_race_marker_verified,1600,flat,turf,outer,left,0.0,Newcomer,0.0,0,16002歳新馬発走10時20分(芝・左・外)負担重量は、馬齢重量
202604020203,2026,新潟,2,2,3,2026-07-26,https://www.jra.go.jp/datafile/seiseki/report/2026/2026-2niigata2.pdf,bbd363971f0a0ac94d28de1ad7b60a02fd5a280cd01e1209109b408343520e92,official_race_marker_verified,1200,flat,dirt,,left,0.0,Maiden,0.0,0,12003歳未勝利発走10時50分(ダート・左)負担重量は、馬齢重量
202604020204,2026,新潟,2,2,4,2026-07-26,https://www.jra.go.jp/datafile/seiseki/report/2026/2026-2niigata2.pdf,bbd363971f0a0ac94d28de1ad7b60a02fd5a280cd01e1209109b408343520e92,official_race_marker_verified,1600,flat,turf,outer,left,0.0,Maiden,0.0,0,16003歳未勝利発走11時20分(芝・左・外)負担重量は、馬齢重量
202604020205,2026,新潟,2,2,5,2026-07-26,https://www.jra.go.jp/datafile/seiseki/report/2026/2026-2niigata2.pdf,bbd363971f0a0ac94d28de1ad7b60a02fd5a280cd01e1209109b408343520e92,official_race_marker_verified,1200,flat,dirt,,left,,Class1,0.0,0,12003歳以上1勝クラス発走11時50分(ダート・左)負担重量は、3歳554歳以上58、牝馬2減
202604020206,2026,新潟,2,2,6,2026-07-26,https://www.jra.go.jp/datafile/seiseki/report/2026/2026-2niigata2.pdf,bbd363971f0a0ac94d28de1ad7b60a02fd5a280cd01e1209109b408343520e92,official_race_marker_verified,1200,flat,dirt,,left,,Class2,0.0,0,1200いずもざき出雲崎特別発走15時10分(ダート・左)3歳以上、2勝クラス;負担重量は、3歳554歳以上58、牝馬2減賞品
202604020207,2026,新潟,2,2,7,2026-07-26,https://www.jra.go.jp/datafile/seiseki/report/2026/2026-2niigata2.pdf,bbd363971f0a0ac94d28de1ad7b60a02fd5a280cd01e1209109b408343520e92,official_race_marker_verified,1600,flat,turf,outer,left,1.0,Open,1.0,1,サマーマイルシリーズ1600第61回関屋記念(GIII)発走15時45分(芝・左・外)3歳以上、除未出走馬および未勝利馬;負担重量は、ハンデキャップ新潟県知事賞(1着)賞品
202604020208,2026,新潟,2,2,8,2026-07-26,https://www.jra.go.jp/datafile/seiseki/report/2026/2026-2niigata2.pdf,bbd363971f0a0ac94d28de1ad7b60a02fd5a280cd01e1209109b408343520e92,official_race_marker_verified,1800,flat,dirt,,left,,Class2,0.0,0,1800きりんざん麒麟山特別発走16時20分(ダート・左)牝、3歳以上、2勝クラス;負担重量は、3歳534歳以上56賞品
202604020209,2026,新潟,2,2,9,2026-07-26,https://www.jra.go.jp/datafile/seiseki/report/2026/2026-2niigata2.pdf,bbd363971f0a0ac94d28de1ad7b60a02fd5a280cd01e1209109b408343520e92,official_race_marker_verified,2850,obstacle,turf,outer,,,Maiden,0.0,0,2850障害3歳以上未勝利発走16時55分(芝・外内)負担重量は、3歳584歳以上60、牝馬2減
202604020210,2026,新潟,2,2,10,2026-07-26,https://www.jra.go.jp/datafile/seiseki/report/2026/2026-2niigata2.pdf,bbd363971f0a0ac94d28de1ad7b60a02fd5a280cd01e1209109b408343520e92,official_race_marker_verified,1800,flat,dirt,,left,0.0,Maiden,0.0,0,18003歳未勝利発走17時30分(ダート・左)負担重量は、馬齢重量
202604020211,2026,新潟,2,2,11,2026-07-26,https://www.jra.go.jp/datafile/seiseki/report/2026/2026-2niigata2.pdf,bbd363971f0a0ac94d28de1ad7b60a02fd5a280cd01e1209109b408343520e92,official_race_marker_verified,1000,flat,turf,straight,straight,,Class1,0.0,0,10003歳以上1勝クラス発走18時00分(芝・直線)負担重量は、3歳554歳以上58、牝馬2減
202604020212,2026,新潟,2,2,12,2026-07-26,https://www.jra.go.jp/datafile/seiseki/report/2026/2026-2niigata2.pdf,bbd363971f0a0ac94d28de1ad7b60a02fd5a280cd01e1209109b408343520e92,official_race_marker_verified,2000,flat,turf,,left,0.0,Maiden,0.0,0,20003歳未勝利発走18時30分(芝・左)負担重量は、馬齢重量
202604020301,2026,新潟,2,3,1,2026-08-01,https://www.jra.go.jp/datafile/seiseki/report/2026/2026-2niigata3.pdf,4ed50782d72016fbaa24556ed5cb3596afe1d200063121d50ed6946197ec290e,official_race_marker_verified,1000,flat,turf,straight,straight,0.0,Maiden,0.0,0,10002歳未勝利発走9時50分(芝・直線)負担重量は、馬齢重量
202604020302,2026,新潟,2,3,2,2026-08-01,https://www.jra.go.jp/datafile/seiseki/report/2026/2026-2niigata3.pdf,4ed50782d72016fbaa24556ed5cb3596afe1d200063121d50ed6946197ec290e,official_race_marker_verified,1800,flat,turf,outer,left,0.0,Newcomer,0.0,0,18002歳新馬発走10時20分(芝・左・外)負担重量は、馬齢重量
202604020303,2026,新潟,2,3,3,2026-08-01,https://www.jra.go.jp/datafile/seiseki/report/2026/2026-2niigata3.pdf,4ed50782d72016fbaa24556ed5cb3596afe1d200063121d50ed6946197ec290e,official_race_marker_verified,1400,flat,turf,,left,0.0,Newcomer,0.0,0,14002歳新馬発走10時50分(芝・左)負担重量は、馬齢重量
202604020304,2026,新潟,2,3,4,2026-08-01,https://www.jra.go.jp/datafile/seiseki/report/2026/2026-2niigata3.pdf,4ed50782d72016fbaa24556ed5cb3596afe1d200063121d50ed6946197ec290e,official_race_marker_verified,1800,flat,dirt,,left,0.0,Maiden,0.0,0,18003歳未勝利発走11時20分(ダート・左)牝;負担重量は、馬齢重量
202604020305,2026,新潟,2,3,5,2026-08-01,https://www.jra.go.jp/datafile/seiseki/report/2026/2026-2niigata3.pdf,4ed50782d72016fbaa24556ed5cb3596afe1d200063121d50ed6946197ec290e,official_race_marker_verified,1200,flat,dirt,,left,0.0,Maiden,0.0,0,12003歳未勝利発走11時50分(ダート・左)負担重量は、馬齢重量
202604020306,2026,新潟,2,3,6,2026-08-01,https://www.jra.go.jp/datafile/seiseki/report/2026/2026-2niigata3.pdf,4ed50782d72016fbaa24556ed5cb3596afe1d200063121d50ed6946197ec290e,official_race_marker_verified,1800,flat,turf,outer,left,,Class2,0.0,0,1800つきおかおんせん月岡温泉特別発走15時10分(芝・左・外)3歳以上、2勝クラス;負担重量は、3歳554歳以上58、牝馬2減新発田市観光協会賞(1着)賞品
202604020307,2026,新潟,2,3,7,2026-08-01,https://www.jra.go.jp/datafile/seiseki/report/2026/2026-2niigata3.pdf,4ed50782d72016fbaa24556ed5cb3596afe1d200063121d50ed6946197ec290e,official_race_marker_verified,1800,flat,dirt,,left,1.0,Maiden,0.0,0,1800りゅうと柳都ステークス発走15時45分(ダート・左)3歳以上、3勝クラス、除未出走馬および未勝利馬;負担重量は、ハンデキャップ賞品
202604020308,2026,新潟,2,3,8,2026-08-01,https://www.jra.go.jp/datafile/seiseki/report/2026/2026-2niigata3.pdf,4ed50782d72016fbaa24556ed5cb3596afe1d200063121d50ed6946197ec290e,official_race_marker_verified,2200,flat,turf,,left,,Class1,0.0,0,2200つばめ燕特別発走16時20分(芝・左)3歳以上、1勝クラス;負担重量は、3歳554歳以上58、牝馬2減賞品
202604020309,2026,新潟,2,3,9,2026-08-01,https://www.jra.go.jp/datafile/seiseki/report/2026/2026-2niigata3.pdf,4ed50782d72016fbaa24556ed5cb3596afe1d200063121d50ed6946197ec290e,official_race_marker_verified,1200,flat,dirt,,left,,Class1,0.0,0,12003歳以上1勝クラス発走16時55分(ダート・左)負担重量は、3歳564歳以上58、牝馬2減
202604020310,2026,新潟,2,3,10,2026-08-01,https://www.jra.go.jp/datafile/seiseki/report/2026/2026-2niigata3.pdf,4ed50782d72016fbaa24556ed5cb3596afe1d200063121d50ed6946197ec290e,official_race_marker_verified,1800,flat,dirt,,left,0.0,Maiden,0.0,0,18003歳未勝利発走17時30分(ダート・左)負担重量は、馬齢重量
202604020311,2026,新潟,2,3,11,2026-08-01,https://www.jra.go.jp/datafile/seiseki/report/2026/2026-2niigata3.pdf,4ed50782d72016fbaa24556ed5cb3596afe1d200063121d50ed6946197ec290e,official_race_marker_verified,2000,flat,turf,,left,0.0,Maiden,0.0,0,20003歳未勝利発走18時00分(芝・左)牝;負担重量は、馬齢重量
202604020312,2026,新潟,2,3,12,2026-08-01,https://www.jra.go.jp/datafile/seiseki/report/2026/2026-2niigata3.pdf,4ed50782d72016fbaa24556ed5cb3596afe1d200063121d50ed6946197ec290e,official_race_marker_verified,1200,flat,turf,,left,,Class1,0.0,0,12003歳以上1勝クラス発走18時30分(芝・左)負担重量は、3歳564歳以上58、牝馬2減
202604020401,2026,新潟,2,4,1,2026-08-02,https://www.jra.go.jp/datafile/seiseki/report/2026/2026-2niigata4.pdf,7bd234bbe5b79c63c525ffe8589873b2d5f72e919c36eba37f8e349d693e0e69,official_race_marker_verified,1600,flat,turf,outer,left,0.0,Maiden,0.0,0,16002歳未勝利発走9時50分(芝・左・外)負担重量は、馬齢重量
202604020402,2026,新潟,2,4,2,2026-08-02,https://www.jra.go.jp/datafile/seiseki/report/2026/2026-2niigata4.pdf,7bd234bbe5b79c63c525ffe8589873b2d5f72e919c36eba37f8e349d693e0e69,official_race_marker_verified,1800,flat,dirt,,left,0.0,Newcomer,0.0,0,18002歳新馬発走10時20分(ダート・左)負担重量は、馬齢重量
202604020403,2026,新潟,2,4,3,2026-08-02,https://www.jra.go.jp/datafile/seiseki/report/2026/2026-2niigata4.pdf,7bd234bbe5b79c63c525ffe8589873b2d5f72e919c36eba37f8e349d693e0e69,official_race_marker_verified,1600,flat,turf,outer,left,0.0,Newcomer,0.0,0,16002歳新馬発走10時50分(芝・左・外)負担重量は、馬齢重量
202604020404,2026,新潟,2,4,4,2026-08-02,https://www.jra.go.jp/datafile/seiseki/report/2026/2026-2niigata4.pdf,7bd234bbe5b79c63c525ffe8589873b2d5f72e919c36eba37f8e349d693e0e69,official_race_marker_verified,1800,flat,dirt,,left,0.0,Maiden,0.0,0,18003歳未勝利発走11時20分(ダート・左)負担重量は、馬齢重量
202604020405,2026,新潟,2,4,5,2026-08-02,https://www.jra.go.jp/datafile/seiseki/report/2026/2026-2niigata4.pdf,7bd234bbe5b79c63c525ffe8589873b2d5f72e919c36eba37f8e349d693e0e69,official_race_marker_verified,1800,flat,turf,outer,left,0.0,Maiden,0.0,0,18003歳未勝利発走11時50分(芝・左・外)負担重量は、馬齢重量
202604020406,2026,新潟,2,4,6,2026-08-02,https://www.jra.go.jp/datafile/seiseki/report/2026/2026-2niigata4.pdf,7bd234bbe5b79c63c525ffe8589873b2d5f72e919c36eba37f8e349d693e0e69,official_race_marker_verified,1800,flat,dirt,,left,,Class2,0.0,0,1800なえば苗場特別発走15時10分(ダート・左)3歳以上、2勝クラス;負担重量は、3歳554歳以上58、牝馬2減賞品
202604020407,2026,新潟,2,4,7,2026-08-02,https://www.jra.go.jp/datafile/seiseki/report/2026/2026-2niigata4.pdf,7bd234bbe5b79c63c525ffe8589873b2d5f72e919c36eba37f8e349d693e0e69,official_race_marker_verified,1000,flat,turf,straight,straight,,Open,1.0,1,サマースプリントシリーズ1000第26回アイビスサマーダッシュ(GIII)発走15時45分(芝・直線)3歳以上、除未出走馬および未勝利馬;負担重量は、3歳554歳以上57、牝馬2減、2025.8.2以降GI競走(牝馬限定競走を除く)1着馬3増、牝馬限定GI競走またはGII競走(牝馬限定競走を除く)1着馬2増、牝馬限定GII競走またはGIII競走(牝馬限定競走を除く)1着馬1増、2025.8.1以前のGI競走(牝馬限定競走を除く)1着馬2増、牝馬限定GI競走またはGII競走(牝馬限定競走を除く)1着馬1増(ただし2歳時の成績を除く)新潟市長賞(1着)賞品
202604020408,2026,新潟,2,4,8,2026-08-02,https://www.jra.go.jp/datafile/seiseki/report/2026/2026-2niigata4.pdf,7bd234bbe5b79c63c525ffe8589873b2d5f72e919c36eba37f8e349d693e0e69,official_race_marker_verified,1800,flat,turf,outer,left,,Class1,0.0,0,1800ごずれんぽう五頭連峰特別発走16時20分(芝・左・外)牝、3歳以上、1勝クラス;負担重量は、3歳534歳以上56賞品
202604020409,2026,新潟,2,4,9,2026-08-02,https://www.jra.go.jp/datafile/seiseki/report/2026/2026-2niigata4.pdf,7bd234bbe5b79c63c525ffe8589873b2d5f72e919c36eba37f8e349d693e0e69,official_race_marker_verified,1800,flat,dirt,,left,,Class1,0.0,0,18003歳以上1勝クラス発走16時55分(ダート・左)負担重量は、3歳554歳以上58、牝馬2減
202604020410,2026,新潟,2,4,10,2026-08-02,https://www.jra.go.jp/datafile/seiseki/report/2026/2026-2niigata4.pdf,7bd234bbe5b79c63c525ffe8589873b2d5f72e919c36eba37f8e349d693e0e69,official_race_marker_verified,1200,flat,dirt,,left,,Class1,0.0,0,12003歳以上1勝クラス発走17時30分(ダート・左)牝;負担重量は、3歳544歳以上56
202604020411,2026,新潟,2,4,11,2026-08-02,https://www.jra.go.jp/datafile/seiseki/report/2026/2026-2niigata4.pdf,7bd234bbe5b79c63c525ffe8589873b2d5f72e919c36eba37f8e349d693e0e69,official_race_marker_verified,2200,flat,turf,,left,0.0,Maiden,0.0,0,22003歳未勝利発走18時00分(芝・左)負担重量は、馬齢重量
202604020412,2026,新潟,2,4,12,2026-08-02,https://www.jra.go.jp/datafile/seiseki/report/2026/2026-2niigata4.pdf,7bd234bbe5b79c63c525ffe8589873b2d5f72e919c36eba37f8e349d693e0e69,official_race_marker_verified,1400,flat,turf,,left,0.0,Maiden,0.0,0,14003歳未勝利発走18時30分(芝・左)負担重量は、馬齢重量
202604020501,2026,新潟,2,5,1,2026-08-08,https://www.jra.go.jp/datafile/seiseki/report/2026/2026-2niigata5.pdf,475aa06b5831dfdee4d1cefcbe77ebd8f299215908803f89a07560d2061295ee,official_race_marker_verified,1400,flat,turf,,left,0.0,Maiden,0.0,0,14002歳未勝利発走9時40分(芝・左)負担重量は、馬齢重量
202604020502,2026,新潟,2,5,2,2026-08-08,https://www.jra.go.jp/datafile/seiseki/report/2026/2026-2niigata5.pdf,475aa06b5831dfdee4d1cefcbe77ebd8f299215908803f89a07560d2061295ee,official_race_marker_verified,1200,flat,dirt,,left,0.0,Newcomer,0.0,0,12002歳新馬発走10時10分(ダート・左)負担重量は、馬齢重量
202604020503,2026,新潟,2,5,3,2026-08-08,https://www.jra.go.jp/datafile/seiseki/report/2026/2026-2niigata5.pdf,475aa06b5831dfdee4d1cefcbe77ebd8f299215908803f89a07560d2061295ee,official_race_marker_verified,1800,flat,turf,outer,left,0.0,Newcomer,0.0,0,18002歳新馬発走10時40分(芝・左・外)負担重量は、馬齢重量
202604020504,2026,新潟,2,5,4,2026-08-08,https://www.jra.go.jp/datafile/seiseki/report/2026/2026-2niigata5.pdf,475aa06b5831dfdee4d1cefcbe77ebd8f299215908803f89a07560d2061295ee,official_race_marker_verified,1200,flat,dirt,,left,0.0,Maiden,0.0,0,12003歳未勝利発走11時10分(ダート・左)負担重量は、馬齢重量
202604020505,2026,新潟,2,5,5,2026-08-08,https://www.jra.go.jp/datafile/seiseki/report/2026/2026-2niigata5.pdf,475aa06b5831dfdee4d1cefcbe77ebd8f299215908803f89a07560d2061295ee,official_race_marker_verified,1800,flat,dirt,,left,0.0,Maiden,0.0,0,18003歳未勝利発走11時40分(ダート・左)負担重量は、馬齢重量
202604020506,2026,新潟,2,5,6,2026-08-08,https://www.jra.go.jp/datafile/seiseki/report/2026/2026-2niigata5.pdf,475aa06b5831dfdee4d1cefcbe77ebd8f299215908803f89a07560d2061295ee,official_race_marker_verified,1800,flat,turf,outer,left,,Class2,0.0,0,1800みおもてがわ三面川特別発走15時00分(芝・左・外)牝、3歳以上、2勝クラス;負担重量は、3歳534歳以上56賞品
202604020507,2026,新潟,2,5,7,2026-08-08,https://www.jra.go.jp/datafile/seiseki/report/2026/2026-2niigata5.pdf,475aa06b5831dfdee4d1cefcbe77ebd8f299215908803f89a07560d2061295ee,official_race_marker_verified,1800,flat,turf,outer,left,1.0,Maiden,0.0,0,1800かんえつ関越ステークス発走15時35分(芝・左・外)3歳以上、除未出走馬および未勝利馬;負担重量は、ハンデキャップ賞品
202604020508,2026,新潟,2,5,8,2026-08-08,https://www.jra.go.jp/datafile/seiseki/report/2026/2026-2niigata5.pdf,475aa06b5831dfdee4d1cefcbe77ebd8f299215908803f89a07560d2061295ee,official_race_marker_verified,1400,flat,turf,,left,,,,0,1400ダリア賞発走16時10分(芝・左)2歳;負担重量は、日本馬:馬齢重量、収得賞金800万円毎1増、:馬齢重量、重賞競走1着馬1増賞品
202604020509,2026,新潟,2,5,9,2026-08-08,https://www.jra.go.jp/datafile/seiseki/report/2026/2026-2niigata5.pdf,475aa06b5831dfdee4d1cefcbe77ebd8f299215908803f89a07560d2061295ee,official_race_marker_verified,1800,flat,dirt,,left,,Class1,0.0,0,18003歳以上1勝クラス発走16時45分(ダート・左)牝;負担重量は、3歳534歳以上56
202604020510,2026,新潟,2,5,10,2026-08-08,https://www.jra.go.jp/datafile/seiseki/report/2026/2026-2niigata5.pdf,475aa06b5831dfdee4d1cefcbe77ebd8f299215908803f89a07560d2061295ee,official_race_marker_verified,1600,flat,turf,outer,left,,Class1,0.0,0,16003歳以上1勝クラス発走17時20分(芝・左・外)負担重量は、3歳554歳以上58、牝馬2減
202604020511,2026,新潟,2,5,11,2026-08-08,https://www.jra.go.jp/datafile/seiseki/report/2026/2026-2niigata5.pdf,475aa06b5831dfdee4d1cefcbe77ebd8f299215908803f89a07560d2061295ee,official_race_marker_verified,1000,flat,turf,straight,straight,,Class1,0.0,0,10003歳以上1勝クラス発走17時50分(芝・直線)負担重量は、3歳564歳以上58、牝馬2減
202604020512,2026,新潟,2,5,12,2026-08-08,https://www.jra.go.jp/datafile/seiseki/report/2026/2026-2niigata5.pdf,475aa06b5831dfdee4d1cefcbe77ebd8f299215908803f89a07560d2061295ee,official_race_marker_verified,2000,flat,turf,,left,0.0,Maiden,0.0,0,20003歳未勝利発走18時20分(芝・左)負担重量は、馬齢重量
202604020601,2026,新潟,2,6,1,2026-08-09,https://www.jra.go.jp/datafile/seiseki/report/2026/2026-2niigata6.pdf,32d8c2f9513b25897d65cb2fe436af7e34eba4ae567427bbe0b09932a746ca14,official_race_marker_verified,2000,flat,turf,,left,0.0,Maiden,0.0,0,20002歳未勝利発走9時40分(芝・左)負担重量は、馬齢重量
202604020602,2026,新潟,2,6,2,2026-08-09,https://www.jra.go.jp/datafile/seiseki/report/2026/2026-2niigata6.pdf,32d8c2f9513b25897d65cb2fe436af7e34eba4ae567427bbe0b09932a746ca14,official_race_marker_verified,1200,flat,turf,,left,0.0,Newcomer,0.0,0,12002歳新馬発走10時10分(芝・左)負担重量は、馬齢重量
202604020603,2026,新潟,2,6,3,2026-08-09,https://www.jra.go.jp/datafile/seiseki/report/2026/2026-2niigata6.pdf,32d8c2f9513b25897d65cb2fe436af7e34eba4ae567427bbe0b09932a746ca14,official_race_marker_verified,1200,flat,dirt,,left,0.0,Maiden,0.0,0,12003歳未勝利発走10時40分(ダート・左)牝;負担重量は、馬齢重量
202604020604,2026,新潟,2,6,4,2026-08-09,https://www.jra.go.jp/datafile/seiseki/report/2026/2026-2niigata6.pdf,32d8c2f9513b25897d65cb2fe436af7e34eba4ae567427bbe0b09932a746ca14,official_race_marker_verified,1800,flat,dirt,,left,0.0,Maiden,0.0,0,18003歳未勝利発走11時10分(ダート・左)負担重量は、馬齢重量
202604020605,2026,新潟,2,6,5,2026-08-09,https://www.jra.go.jp/datafile/seiseki/report/2026/2026-2niigata6.pdf,32d8c2f9513b25897d65cb2fe436af7e34eba4ae567427bbe0b09932a746ca14,official_race_marker_verified,1200,flat,dirt,,left,,Class1,0.0,0,12003歳以上1勝クラス発走11時40分(ダート・左)負担重量は、3歳564歳以上58、牝馬2減
202604020606,2026,新潟,2,6,6,2026-08-09,https://www.jra.go.jp/datafile/seiseki/report/2026/2026-2niigata6.pdf,32d8c2f9513b25897d65cb2fe436af7e34eba4ae567427bbe0b09932a746ca14,official_race_marker_verified,1800,flat,turf,outer,left,,Maiden,0.0,0,1800さど佐渡ステークス発走15時00分(芝・左・外)3歳以上、3勝クラス、除未出走馬および未勝利馬;負担重量は、3歳554歳以上58、牝馬2減賞品
202604020607,2026,新潟,2,6,7,2026-08-09,https://www.jra.go.jp/datafile/seiseki/report/2026/2026-2niigata6.pdf,32d8c2f9513b25897d65cb2fe436af7e34eba4ae567427bbe0b09932a746ca14,official_race_marker_verified,1800,flat,dirt,,left,0.0,Open,1.0,1,1800第18回レパードステークス(GIII)発走15時35分(ダート・左)3歳、除未出走馬および未勝利馬;負担重量は、馬齢重量地方競馬全国協会理事長賞(1着)賞品
202604020608,2026,新潟,2,6,8,2026-08-09,https://www.jra.go.jp/datafile/seiseki/report/2026/2026-2niigata6.pdf,32d8c2f9513b25897d65cb2fe436af7e34eba4ae567427bbe0b09932a746ca14,official_race_marker_verified,1000,flat,turf,straight,straight,,Class2,0.0,0,1000ばくしん驀進特別発走16時10分(芝・直線)3歳以上、2勝クラス;負担重量は、3歳564歳以上58、牝馬2減賞品
202604020609,2026,新潟,2,6,9,2026-08-09,https://www.jra.go.jp/datafile/seiseki/report/2026/2026-2niigata6.pdf,32d8c2f9513b25897d65cb2fe436af7e34eba4ae567427bbe0b09932a746ca14,official_race_marker_verified,1200,flat,dirt,,left,,Class2,0.0,0,12003歳以上2勝クラス発走16時45分(ダート・左)負担重量は、3歳564歳以上58、牝馬2減
202604020610,2026,新潟,2,6,10,2026-08-09,https://www.jra.go.jp/datafile/seiseki/report/2026/2026-2niigata6.pdf,32d8c2f9513b25897d65cb2fe436af7e34eba4ae567427bbe0b09932a746ca14,official_race_marker_verified,2000,flat,turf,outer,left,,Class1,0.0,0,20003歳以上1勝クラス発走17時20分(芝・左・外)負担重量は、3歳554歳以上58、牝馬2減
202604020611,2026,新潟,2,6,11,2026-08-09,https://www.jra.go.jp/datafile/seiseki/report/2026/2026-2niigata6.pdf,32d8c2f9513b25897d65cb2fe436af7e34eba4ae567427bbe0b09932a746ca14,official_race_marker_verified,1600,flat,turf,outer,left,0.0,Maiden,0.0,0,16003歳未勝利発走17時50分(芝・左・外)牝;負担重量は、馬齢重量
202604020612,2026,新潟,2,6,12,2026-08-09,https://www.jra.go.jp/datafile/seiseki/report/2026/2026-2niigata6.pdf,32d8c2f9513b25897d65cb2fe436af7e34eba4ae567427bbe0b09932a746ca14,official_race_marker_verified,1200,flat,turf,,left,0.0,Maiden,0.0,0,12003歳未勝利発走18時20分(芝・左)負担重量は、馬齢重量
202604020701,2026,新潟,2,7,1,2026-08-15,https://www.jra.go.jp/datafile/seiseki/report/2026/2026-2niigata7.pdf,bcc73e1aa1075bf97bfdbc9c2d4e362293611c496931009e7eca6eaca4919a7c,official_race_marker_verified,1800,flat,turf,outer,left,0.0,Maiden,0.0,0,18002歳未勝利発走9時40分(芝・左・外)負担重量は、馬齢重量
202604020702,2026,新潟,2,7,2,2026-08-15,https://www.jra.go.jp/datafile/seiseki/report/2026/2026-2niigata7.pdf,bcc73e1aa1075bf97bfdbc9c2d4e362293611c496931009e7eca6eaca4919a7c,official_race_marker_verified,1400,flat,turf,,left,0.0,Newcomer,0.0,0,14002歳新馬発走10時10分(芝・左)牝;負担重量は、馬齢重量
202604020703,2026,新潟,2,7,3,2026-08-15,https://www.jra.go.jp/datafile/seiseki/report/2026/2026-2niigata7.pdf,bcc73e1aa1075bf97bfdbc9c2d4e362293611c496931009e7eca6eaca4919a7c,official_race_marker_verified,1800,flat,turf,outer,left,0.0,Newcomer,0.0,0,18002歳新馬発走10時40分(芝・左・外)負担重量は、馬齢重量
202604020704,2026,新潟,2,7,4,2026-08-15,https://www.jra.go.jp/datafile/seiseki/report/2026/2026-2niigata7.pdf,bcc73e1aa1075bf97bfdbc9c2d4e362293611c496931009e7eca6eaca4919a7c,official_race_marker_verified,1200,flat,dirt,,left,0.0,Maiden,0.0,0,12003歳未勝利発走11時10分(ダート・左)負担重量は、馬齢重量
202604020705,2026,新潟,2,7,5,2026-08-15,https://www.jra.go.jp/datafile/seiseki/report/2026/2026-2niigata7.pdf,bcc73e1aa1075bf97bfdbc9c2d4e362293611c496931009e7eca6eaca4919a7c,official_race_marker_verified,1400,flat,turf,,left,,Class1,0.0,0,14003歳以上1勝クラス発走11時40分(芝・左)負担重量は、3歳554歳以上58、牝馬2減
202604020706,2026,新潟,2,7,6,2026-08-15,https://www.jra.go.jp/datafile/seiseki/report/2026/2026-2niigata7.pdf,bcc73e1aa1075bf97bfdbc9c2d4e362293611c496931009e7eca6eaca4919a7c,official_race_marker_verified,2200,flat,turf,,left,,Class2,0.0,0,2200あがのがわ阿賀野川特別発走14時50分(芝・左)3歳以上、2勝クラス;負担重量は、3歳554歳以上58、牝馬2減賞品
202604020707,2026,新潟,2,7,7,2026-08-15,https://www.jra.go.jp/datafile/seiseki/report/2026/2026-2niigata7.pdf,bcc73e1aa1075bf97bfdbc9c2d4e362293611c496931009e7eca6eaca4919a7c,official_race_marker_verified,1200,flat,dirt,,left,,Maiden,0.0,0,1200じょうえつ上越ステークス発走15時25分(ダート・左)3歳以上、3勝クラス、除未出走馬および未勝利馬;負担重量は、3歳564歳以上58、牝馬2減賞品
202604020708,2026,新潟,2,7,8,2026-08-15,https://www.jra.go.jp/datafile/seiseki/report/2026/2026-2niigata7.pdf,bcc73e1aa1075bf97bfdbc9c2d4e362293611c496931009e7eca6eaca4919a7c,official_race_marker_verified,1800,flat,dirt,,left,,Class1,0.0,0,1800みくに三国特別発走16時05分(ダート・左)3歳以上、1勝クラス;負担重量は、3歳554歳以上58、牝馬2減賞品
202604020709,2026,新潟,2,7,9,2026-08-15,https://www.jra.go.jp/datafile/seiseki/report/2026/2026-2niigata7.pdf,bcc73e1aa1075bf97bfdbc9c2d4e362293611c496931009e7eca6eaca4919a7c,official_race_marker_verified,3250,obstacle,turf,outer,,,Maiden,0.0,0,3250第28回新潟ジャンプステークス(J・GIII)発走16時40分(芝・外内)3歳以上、除未出走馬および未勝利馬;負担重量は、3歳584歳以上60、牝馬2減、J・GI競走1着馬2増、J・GII競走1着馬1増賞品
202604020710,2026,新潟,2,7,10,2026-08-15,https://www.jra.go.jp/datafile/seiseki/report/2026/2026-2niigata7.pdf,bcc73e1aa1075bf97bfdbc9c2d4e362293611c496931009e7eca6eaca4919a7c,official_race_marker_verified,1800,flat,dirt,,left,0.0,Maiden,0.0,0,18003歳未勝利発走17時15分(ダート・左)負担重量は、馬齢重量
202604020711,2026,新潟,2,7,11,2026-08-15,https://www.jra.go.jp/datafile/seiseki/report/2026/2026-2niigata7.pdf,bcc73e1aa1075bf97bfdbc9c2d4e362293611c496931009e7eca6eaca4919a7c,official_race_marker_verified,1000,flat,turf,straight,straight,0.0,Maiden,0.0,0,10003歳未勝利発走17時45分(芝・直線)負担重量は、馬齢重量
202604020712,2026,新潟,2,7,12,2026-08-15,https://www.jra.go.jp/datafile/seiseki/report/2026/2026-2niigata7.pdf,bcc73e1aa1075bf97bfdbc9c2d4e362293611c496931009e7eca6eaca4919a7c,official_race_marker_verified,2000,flat,turf,,left,0.0,Maiden,0.0,0,20003歳未勝利発走18時20分(芝・左)負担重量は、馬齢重量
202604020801,2026,新潟,2,8,1,2026-08-16,https://www.jra.go.jp/datafile/seiseki/report/2026/2026-2niigata8.pdf,481e24f2acfa86dd5419f8900a85cd84b030f6d960f0bb9850ee98365fa6728e,official_race_marker_verified,1600,flat,turf,outer,left,0.0,Maiden,0.0,0,16002歳未勝利発走9時40分(芝・左・外)牝;負担重量は、馬齢重量
202604020802,2026,新潟,2,8,2,2026-08-16,https://www.jra.go.jp/datafile/seiseki/report/2026/2026-2niigata8.pdf,481e24f2acfa86dd5419f8900a85cd84b030f6d960f0bb9850ee98365fa6728e,official_race_marker_verified,2400,flat,turf,,left,0.0,Maiden,0.0,0,24003歳未勝利発走10時10分(芝・左)負担重量は、馬齢重量
202604020803,2026,新潟,2,8,3,2026-08-16,https://www.jra.go.jp/datafile/seiseki/report/2026/2026-2niigata8.pdf,481e24f2acfa86dd5419f8900a85cd84b030f6d960f0bb9850ee98365fa6728e,official_race_marker_verified,1200,flat,dirt,,left,0.0,Maiden,0.0,0,12002歳未勝利発走10時40分(ダート・左)負担重量は、馬齢重量
202604020804,2026,新潟,2,8,4,2026-08-16,https://www.jra.go.jp/datafile/seiseki/report/2026/2026-2niigata8.pdf,481e24f2acfa86dd5419f8900a85cd84b030f6d960f0bb9850ee98365fa6728e,official_race_marker_verified,1600,flat,turf,outer,left,0.0,Newcomer,0.0,0,16002歳新馬発走11時10分(芝・左・外)負担重量は、馬齢重量
202604020805,2026,新潟,2,8,5,2026-08-16,https://www.jra.go.jp/datafile/seiseki/report/2026/2026-2niigata8.pdf,481e24f2acfa86dd5419f8900a85cd84b030f6d960f0bb9850ee98365fa6728e,official_race_marker_verified,1800,flat,turf,outer,left,,Class1,0.0,0,18003歳以上1勝クラス発走11時40分(芝・左・外)負担重量は、3歳554歳以上58、牝馬2減
202604020806,2026,新潟,2,8,6,2026-08-16,https://www.jra.go.jp/datafile/seiseki/report/2026/2026-2niigata8.pdf,481e24f2acfa86dd5419f8900a85cd84b030f6d960f0bb9850ee98365fa6728e,official_race_marker_verified,1000,flat,turf,straight,straight,,Maiden,0.0,0,1000いなずま稲妻ステークス発走14時50分(芝・直線)3歳以上、3勝クラス、除未出走馬および未勝利馬;負担重量は、3歳564歳以上58、牝馬2減賞品
202604020807,2026,新潟,2,8,7,2026-08-16,https://www.jra.go.jp/datafile/seiseki/report/2026/2026-2niigata8.pdf,481e24f2acfa86dd5419f8900a85cd84b030f6d960f0bb9850ee98365fa6728e,official_race_marker_verified,1200,flat,dirt,,left,1.0,Maiden,0.0,0,1200NST賞発走15時25分(ダート・左)3歳以上、除未出走馬および未勝利馬;負担重量は、ハンデキャップNST賞(1着)賞品
202604020808,2026,新潟,2,8,8,2026-08-16,https://www.jra.go.jp/datafile/seiseki/report/2026/2026-2niigata8.pdf,481e24f2acfa86dd5419f8900a85cd84b030f6d960f0bb9850ee98365fa6728e,official_race_marker_verified,1800,flat,dirt,,left,,Class2,0.0,0,1800せなみおんせん瀬波温泉特別発走16時05分(ダート・左)3歳以上、2勝クラス;負担重量は、3歳554歳以上58、牝馬2減賞品
202604020809,2026,新潟,2,8,9,2026-08-16,https://www.jra.go.jp/datafile/seiseki/report/2026/2026-2niigata8.pdf,481e24f2acfa86dd5419f8900a85cd84b030f6d960f0bb9850ee98365fa6728e,official_race_marker_verified,2850,obstacle,turf,outer,,,Maiden,0.0,0,2850障害3歳以上未勝利発走16時40分(芝・外内)負担重量は、3歳584歳以上60、牝馬2減
202604020810,2026,新潟,2,8,10,2026-08-16,https://www.jra.go.jp/datafile/seiseki/report/2026/2026-2niigata8.pdf,481e24f2acfa86dd5419f8900a85cd84b030f6d960f0bb9850ee98365fa6728e,official_race_marker_verified,1800,flat,dirt,,left,0.0,Maiden,0.0,0,18003歳未勝利発走17時15分(ダート・左)牝;負担重量は、馬齢重量
202604020811,2026,新潟,2,8,11,2026-08-16,https://www.jra.go.jp/datafile/seiseki/report/2026/2026-2niigata8.pdf,481e24f2acfa86dd5419f8900a85cd84b030f6d960f0bb9850ee98365fa6728e,official_race_marker_verified,2400,flat,turf,,left,,Class1,0.0,0,24003歳以上1勝クラス発走17時45分(芝・左)負担重量は、3歳554歳以上58、牝馬2減
202604020812,2026,新潟,2,8,12,2026-08-16,https://www.jra.go.jp/datafile/seiseki/report/2026/2026-2niigata8.pdf,481e24f2acfa86dd5419f8900a85cd84b030f6d960f0bb9850ee98365fa6728e,official_race_marker_verified,1800,flat,dirt,,left,0.0,Maiden,0.0,0,18003歳未勝利発走18時20分(ダート・左)負担重量は、馬齢重量
202604030101,2026,新潟,3,1,1,2026-08-22,https://www.jra.go.jp/datafile/seiseki/report/2026/2026-3niigata1.pdf,d01f083b090c2612acde4ad8f8b121fa31e100367560ebaf26f4b5ac267fb5d4,official_race_marker_verified,1800,flat,turf,outer,left,0.0,Maiden,0.0,0,18002歳未勝利発走9時40分(芝・左・外)負担重量は、馬齢重量
202604030102,2026,新潟,3,1,2,2026-08-22,https://www.jra.go.jp/datafile/seiseki/report/2026/2026-3niigata1.pdf,d01f083b090c2612acde4ad8f8b121fa31e100367560ebaf26f4b5ac267fb5d4,official_race_marker_verified,1800,flat,dirt,,left,0.0,Maiden,0.0,0,18002歳未勝利発走10時10分(ダート・左)負担重量は、馬齢重量
202604030103,2026,新潟,3,1,3,2026-08-22,https://www.jra.go.jp/datafile/seiseki/report/2026/2026-3niigata1.pdf,d01f083b090c2612acde4ad8f8b121fa31e100367560ebaf26f4b5ac267fb5d4,official_race_marker_verified,1600,flat,turf,outer,left,0.0,Newcomer,0.0,0,16002歳新馬発走10時40分(芝・左・外)負担重量は、馬齢重量
202604030104,2026,新潟,3,1,4,2026-08-22,https://www.jra.go.jp/datafile/seiseki/report/2026/2026-3niigata1.pdf,d01f083b090c2612acde4ad8f8b121fa31e100367560ebaf26f4b5ac267fb5d4,official_race_marker_verified,1800,flat,dirt,,left,0.0,Maiden,0.0,0,18003歳未勝利発走11時10分(ダート・左)牝;負担重量は、馬齢重量
202604030105,2026,新潟,3,1,5,2026-08-22,https://www.jra.go.jp/datafile/seiseki/report/2026/2026-3niigata1.pdf,d01f083b090c2612acde4ad8f8b121fa31e100367560ebaf26f4b5ac267fb5d4,official_race_marker_verified,1600,flat,turf,outer,left,0.0,Maiden,0.0,0,16003歳未勝利発走11時40分(芝・左・外)負担重量は、馬齢重量
202604030106,2026,新潟,3,1,6,2026-08-22,https://www.jra.go.jp/datafile/seiseki/report/2026/2026-3niigata1.pdf,d01f083b090c2612acde4ad8f8b121fa31e100367560ebaf26f4b5ac267fb5d4,official_race_marker_verified,1600,flat,turf,outer,left,1.0,Maiden,0.0,0,1600ながおか長岡ステークス発走14時50分(芝・左・外)3歳以上、3勝クラス、除未出走馬および未勝利馬;負担重量は、ハンデキャップ賞品
202604030107,2026,新潟,3,1,7,2026-08-22,https://www.jra.go.jp/datafile/seiseki/report/2026/2026-3niigata1.pdf,d01f083b090c2612acde4ad8f8b121fa31e100367560ebaf26f4b5ac267fb5d4,official_race_marker_verified,1400,flat,turf,,left,,Maiden,0.0,0,1400とき朱鷺ステークス(L)発走15時25分(芝・左)3歳以上、除未出走馬および未勝利馬;負担重量は、日本馬:3歳544歳以上57、牝馬2減、収得賞金1600万円超過馬は超過額1200万円毎1増、:3歳544歳以上57、牝馬2減、GI競走1着馬5増、GII競走1着馬3増、GIII競走1着馬1増(ただし2歳時の成績を除く)賞品
202604030108,2026,新潟,3,1,8,2026-08-22,https://www.jra.go.jp/datafile/seiseki/report/2026/2026-3niigata1.pdf,d01f083b090c2612acde4ad8f8b121fa31e100367560ebaf26f4b5ac267fb5d4,official_race_marker_verified,1200,flat,dirt,,left,,Class2,0.0,0,1200いわむろおんせん岩室温泉特別発走16時00分(ダート・左)3歳以上、2勝クラス;負担重量は、3歳564歳以上58、牝馬2減賞品
202604030109,2026,新潟,3,1,9,2026-08-22,https://www.jra.go.jp/datafile/seiseki/report/2026/2026-3niigata1.pdf,d01f083b090c2612acde4ad8f8b121fa31e100367560ebaf26f4b5ac267fb5d4,official_race_marker_verified,1800,flat,dirt,,left,,Class1,0.0,0,18003歳以上1勝クラス発走16時35分(ダート・左)牝;負担重量は、3歳534歳以上56
202604030110,2026,新潟,3,1,10,2026-08-22,https://www.jra.go.jp/datafile/seiseki/report/2026/2026-3niigata1.pdf,d01f083b090c2612acde4ad8f8b121fa31e100367560ebaf26f4b5ac267fb5d4,official_race_marker_verified,1600,flat,turf,outer,left,,Class1,0.0,0,16003歳以上1勝クラス発走17時10分(芝・左・外)負担重量は、3歳554歳以上58、牝馬2減
202604030111,2026,新潟,3,1,11,2026-08-22,https://www.jra.go.jp/datafile/seiseki/report/2026/2026-3niigata1.pdf,d01f083b090c2612acde4ad8f8b121fa31e100367560ebaf26f4b5ac267fb5d4,official_race_marker_verified,2000,flat,turf,,left,0.0,Maiden,0.0,0,20003歳未勝利発走17時40分(芝・左)負担重量は、馬齢重量
202604030112,2026,新潟,3,1,12,2026-08-22,https://www.jra.go.jp/datafile/seiseki/report/2026/2026-3niigata1.pdf,d01f083b090c2612acde4ad8f8b121fa31e100367560ebaf26f4b5ac267fb5d4,official_race_marker_verified,1200,flat,dirt,,left,0.0,Maiden,0.0,0,12003歳未勝利発走18時10分(ダート・左)負担重量は、馬齢重量
202604030201,2026,新潟,3,2,1,2026-08-23,https://www.jra.go.jp/datafile/seiseki/report/2026/2026-3niigata2.pdf,7e55aedd2ea622be56fb2324855a08ef41eb05b3434fc1f04d5d975136f09ad8,official_race_marker_verified,1400,flat,turf,,left,0.0,Maiden,0.0,0,14002歳未勝利発走9時40分(芝・左)負担重量は、馬齢重量
202604030202,2026,新潟,3,2,2,2026-08-23,https://www.jra.go.jp/datafile/seiseki/report/2026/2026-3niigata2.pdf,7e55aedd2ea622be56fb2324855a08ef41eb05b3434fc1f04d5d975136f09ad8,official_race_marker_verified,2000,flat,turf,,left,0.0,Newcomer,0.0,0,20002歳新馬発走10時10分(芝・左)負担重量は、馬齢重量
202604030203,2026,新潟,3,2,3,2026-08-23,https://www.jra.go.jp/datafile/seiseki/report/2026/2026-3niigata2.pdf,7e55aedd2ea622be56fb2324855a08ef41eb05b3434fc1f04d5d975136f09ad8,official_race_marker_verified,1600,flat,turf,outer,left,0.0,Newcomer,0.0,0,16002歳新馬発走10時40分(芝・左・外)牝;負担重量は、馬齢重量
202604030204,2026,新潟,3,2,4,2026-08-23,https://www.jra.go.jp/datafile/seiseki/report/2026/2026-3niigata2.pdf,7e55aedd2ea622be56fb2324855a08ef41eb05b3434fc1f04d5d975136f09ad8,official_race_marker_verified,1200,flat,dirt,,left,0.0,Maiden,0.0,0,12003歳未勝利発走11時10分(ダート・左)負担重量は、馬齢重量
202604030205,2026,新潟,3,2,5,2026-08-23,https://www.jra.go.jp/datafile/seiseki/report/2026/2026-3niigata2.pdf,7e55aedd2ea622be56fb2324855a08ef41eb05b3434fc1f04d5d975136f09ad8,official_race_marker_verified,1800,flat,turf,outer,left,0.0,Maiden,0.0,0,18003歳未勝利発走11時40分(芝・左・外)牝;負担重量は、馬齢重量
202604030206,2026,新潟,3,2,6,2026-08-23,https://www.jra.go.jp/datafile/seiseki/report/2026/2026-3niigata2.pdf,7e55aedd2ea622be56fb2324855a08ef41eb05b3434fc1f04d5d975136f09ad8,official_race_marker_verified,1800,flat,dirt,,left,,Maiden,0.0,0,1800ふるまち古町ステークス発走14時50分(ダート・左)3歳以上、3勝クラス、除未出走馬および未勝利馬;負担重量は、3歳554歳以上58、牝馬2減賞品
202604030207,2026,新潟,3,2,7,2026-08-23,https://www.jra.go.jp/datafile/seiseki/report/2026/2026-3niigata2.pdf,7e55aedd2ea622be56fb2324855a08ef41eb05b3434fc1f04d5d975136f09ad8,official_race_marker_verified,1600,flat,turf,outer,left,0.0,Open,1.0,1,1600第46回新潟2歳ステークス(GIII)発走15時25分(芝・左・外)2歳;負担重量は、馬齢重量賞品
202604030208,2026,新潟,3,2,8,2026-08-23,https://www.jra.go.jp/datafile/seiseki/report/2026/2026-3niigata2.pdf,7e55aedd2ea622be56fb2324855a08ef41eb05b3434fc1f04d5d975136f09ad8,official_race_marker_verified,1400,flat,turf,,left,,Class2,0.0,0,1400いいで飯豊特別発走16時00分(芝・左)3歳以上、2勝クラス;負担重量は、3歳554歳以上58、牝馬2減賞品
202604030209,2026,新潟,3,2,9,2026-08-23,https://www.jra.go.jp/datafile/seiseki/report/2026/2026-3niigata2.pdf,7e55aedd2ea622be56fb2324855a08ef41eb05b3434fc1f04d5d975136f09ad8,official_race_marker_verified,1200,flat,dirt,,left,,Class1,0.0,0,12003歳以上1勝クラス発走16時35分(ダート・左)負担重量は、3歳564歳以上58、牝馬2減
202604030210,2026,新潟,3,2,10,2026-08-23,https://www.jra.go.jp/datafile/seiseki/report/2026/2026-3niigata2.pdf,7e55aedd2ea622be56fb2324855a08ef41eb05b3434fc1f04d5d975136f09ad8,official_race_marker_verified,2000,flat,turf,outer,left,,Class1,0.0,0,20003歳以上1勝クラス発走17時10分(芝・左・外)負担重量は、3歳554歳以上58、牝馬2減
202604030211,2026,新潟,3,2,11,2026-08-23,https://www.jra.go.jp/datafile/seiseki/report/2026/2026-3niigata2.pdf,7e55aedd2ea622be56fb2324855a08ef41eb05b3434fc1f04d5d975136f09ad8,official_race_marker_verified,1000,flat,turf,straight,straight,,Class1,0.0,0,10003歳以上1勝クラス発走17時40分(芝・直線)負担重量は、3歳564歳以上58、牝馬2減
202604030212,2026,新潟,3,2,12,2026-08-23,https://www.jra.go.jp/datafile/seiseki/report/2026/2026-3niigata2.pdf,7e55aedd2ea622be56fb2324855a08ef41eb05b3434fc1f04d5d975136f09ad8,official_race_marker_verified,1800,flat,dirt,,left,0.0,Maiden,0.0,0,18003歳未勝利発走18時10分(ダート・左)負担重量は、馬齢重量
202604030301,2026,新潟,3,3,1,2026-08-29,https://www.jra.go.jp/datafile/seiseki/report/2026/2026-3niigata3.pdf,61e68e76b1d4f0a8fc4c7148208a5386f7f72583f9fcfea0e2b2c092a1dc72d1,official_race_marker_verified,2850,obstacle,turf,outer,,,Maiden,0.0,0,2850障害3歳以上未勝利発走9時40分(芝・外内)負担重量は、3歳584歳以上60、牝馬2減
202604030302,2026,新潟,3,3,2,2026-08-29,https://www.jra.go.jp/datafile/seiseki/report/2026/2026-3niigata3.pdf,61e68e76b1d4f0a8fc4c7148208a5386f7f72583f9fcfea0e2b2c092a1dc72d1,official_race_marker_verified,1800,flat,dirt,,left,0.0,Maiden,0.0,0,18003歳未勝利発走10時15分(ダート・左)負担重量は、馬齢重量
202604030303,2026,新潟,3,3,3,2026-08-29,https://www.jra.go.jp/datafile/seiseki/report/2026/2026-3niigata3.pdf,61e68e76b1d4f0a8fc4c7148208a5386f7f72583f9fcfea0e2b2c092a1dc72d1,official_race_marker_verified,1600,flat,turf,outer,left,0.0,Maiden,0.0,0,16002歳未勝利発走10時45分(芝・左・外)負担重量は、馬齢重量
202604030304,2026,新潟,3,3,4,2026-08-29,https://www.jra.go.jp/datafile/seiseki/report/2026/2026-3niigata3.pdf,61e68e76b1d4f0a8fc4c7148208a5386f7f72583f9fcfea0e2b2c092a1dc72d1,official_race_marker_verified,1400,flat,turf,,left,0.0,Newcomer,0.0,0,14002歳新馬発走11時15分(芝・左)負担重量は、馬齢重量
202604030305,2026,新潟,3,3,5,2026-08-29,https://www.jra.go.jp/datafile/seiseki/report/2026/2026-3niigata3.pdf,61e68e76b1d4f0a8fc4c7148208a5386f7f72583f9fcfea0e2b2c092a1dc72d1,official_race_marker_verified,2200,flat,turf,,left,0.0,Maiden,0.0,0,22003歳未勝利発走11時45分(芝・左)負担重量は、馬齢重量
202604030306,2026,新潟,3,3,6,2026-08-29,https://www.jra.go.jp/datafile/seiseki/report/2026/2026-3niigata3.pdf,61e68e76b1d4f0a8fc4c7148208a5386f7f72583f9fcfea0e2b2c092a1dc72d1,official_race_marker_verified,1800,flat,dirt,,left,,Class1,0.0,0,1800しばたじょう新発田城特別発走14時35分(ダート・左)3歳以上、1勝クラス;負担重量は、3歳554歳以上58、牝馬2減賞品
202604030307,2026,新潟,3,3,7,2026-08-29,https://www.jra.go.jp/datafile/seiseki/report/2026/2026-3niigata3.pdf,61e68e76b1d4f0a8fc4c7148208a5386f7f72583f9fcfea0e2b2c092a1dc72d1,official_race_marker_verified,2000,flat,turf,outer,left,1.0,Class2,0.0,0,2000あかくら赤倉特別発走15時10分(芝・左・外)3歳以上、2勝クラス;負担重量は、ハンデキャップ賞品
202604030308,2026,新潟,3,3,8,2026-08-29,https://www.jra.go.jp/datafile/seiseki/report/2026/2026-3niigata3.pdf,61e68e76b1d4f0a8fc4c7148208a5386f7f72583f9fcfea0e2b2c092a1dc72d1,official_race_marker_verified,1800,flat,dirt,,left,,Maiden,0.0,0,1800BSN賞(L)発走15時45分(ダート・左)3歳以上、除未出走馬および未勝利馬;負担重量は、日本馬:3歳544歳以上57、牝馬2減、収得賞金1600万円超過馬は超過額1200万円毎1増、:3歳544歳以上57、牝馬2減、GI競走1着馬5増、GII競走1着馬3増、GIII競走1着馬1増(ただし2歳時の成績を除く)新潟放送賞(1着)賞品
202604030309,2026,新潟,3,3,9,2026-08-29,https://www.jra.go.jp/datafile/seiseki/report/2026/2026-3niigata3.pdf,61e68e76b1d4f0a8fc4c7148208a5386f7f72583f9fcfea0e2b2c092a1dc72d1,official_race_marker_verified,2200,flat,turf,,left,,Class1,0.0,0,22003歳以上1勝クラス発走16時25分(芝・左)負担重量は、3歳554歳以上58、牝馬2減
202604030310,2026,新潟,3,3,10,2026-08-29,https://www.jra.go.jp/datafile/seiseki/report/2026/2026-3niigata3.pdf,61e68e76b1d4f0a8fc4c7148208a5386f7f72583f9fcfea0e2b2c092a1dc72d1,official_race_marker_verified,1400,flat,turf,,left,,Class1,0.0,0,14003歳以上1勝クラス発走17時00分(芝・左)負担重量は、3歳554歳以上58、牝馬2減
202604030311,2026,新潟,3,3,11,2026-08-29,https://www.jra.go.jp/datafile/seiseki/report/2026/2026-3niigata3.pdf,61e68e76b1d4f0a8fc4c7148208a5386f7f72583f9fcfea0e2b2c092a1dc72d1,official_race_marker_verified,2000,flat,turf,,left,0.0,Maiden,0.0,0,20003歳未勝利発走17時30分(芝・左)負担重量は、馬齢重量
202604030312,2026,新潟,3,3,12,2026-08-29,https://www.jra.go.jp/datafile/seiseki/report/2026/2026-3niigata3.pdf,61e68e76b1d4f0a8fc4c7148208a5386f7f72583f9fcfea0e2b2c092a1dc72d1,official_race_marker_verified,1200,flat,dirt,,left,0.0,Maiden,0.0,0,12003歳未勝利発走18時05分(ダート・左)負担重量は、馬齢重量
202604030401,2026,新潟,3,4,1,2026-08-30,https://www.jra.go.jp/datafile/seiseki/report/2026/2026-3niigata4.pdf,5bb2f9e2fa6024fdf8cf3969c3f38541f2ace371a4a4a621180885e50c2a99d9,official_race_marker_verified,2850,obstacle,turf,outer,,,Maiden,0.0,0,2850障害3歳以上未勝利発走9時40分(芝・外内)負担重量は、3歳584歳以上60、牝馬2減
202604030402,2026,新潟,3,4,2,2026-08-30,https://www.jra.go.jp/datafile/seiseki/report/2026/2026-3niigata4.pdf,5bb2f9e2fa6024fdf8cf3969c3f38541f2ace371a4a4a621180885e50c2a99d9,official_race_marker_verified,1800,flat,dirt,,left,0.0,Newcomer,0.0,0,18002歳新馬発走10時15分(ダート・左)負担重量は、馬齢重量
202604030403,2026,新潟,3,4,3,2026-08-30,https://www.jra.go.jp/datafile/seiseki/report/2026/2026-3niigata4.pdf,5bb2f9e2fa6024fdf8cf3969c3f38541f2ace371a4a4a621180885e50c2a99d9,official_race_marker_verified,2000,flat,turf,,left,0.0,Maiden,0.0,0,20002歳未勝利発走10時45分(芝・左)負担重量は、馬齢重量
202604030404,2026,新潟,3,4,4,2026-08-30,https://www.jra.go.jp/datafile/seiseki/report/2026/2026-3niigata4.pdf,5bb2f9e2fa6024fdf8cf3969c3f38541f2ace371a4a4a621180885e50c2a99d9,official_race_marker_verified,1800,flat,turf,outer,left,0.0,Newcomer,0.0,0,18002歳新馬発走11時15分(芝・左・外)負担重量は、馬齢重量
202604030405,2026,新潟,3,4,5,2026-08-30,https://www.jra.go.jp/datafile/seiseki/report/2026/2026-3niigata4.pdf,5bb2f9e2fa6024fdf8cf3969c3f38541f2ace371a4a4a621180885e50c2a99d9,official_race_marker_verified,1400,flat,turf,,left,0.0,Maiden,0.0,0,14003歳未勝利発走11時45分(芝・左)負担重量は、馬齢重量
202604030406,2026,新潟,3,4,6,2026-08-30,https://www.jra.go.jp/datafile/seiseki/report/2026/2026-3niigata4.pdf,5bb2f9e2fa6024fdf8cf3969c3f38541f2ace371a4a4a621180885e50c2a99d9,official_race_marker_verified,1800,flat,dirt,,left,,Class2,0.0,0,1800りょうつわん両津湾特別発走14時35分(ダート・左)3歳以上、2勝クラス;負担重量は、3歳554歳以上58、牝馬2減賞品
202604030407,2026,新潟,3,4,7,2026-08-30,https://www.jra.go.jp/datafile/seiseki/report/2026/2026-3niigata4.pdf,5bb2f9e2fa6024fdf8cf3969c3f38541f2ace371a4a4a621180885e50c2a99d9,official_race_marker_verified,2200,flat,turf,,left,,Maiden,0.0,0,2200にほんかい日本海ステークス発走15時10分(芝・左)3歳以上、3勝クラス、除未出走馬および未勝利馬;負担重量は、3歳554歳以上58、牝馬2減賞品
202604030408,2026,新潟,3,4,8,2026-08-30,https://www.jra.go.jp/datafile/seiseki/report/2026/2026-3niigata4.pdf,5bb2f9e2fa6024fdf8cf3969c3f38541f2ace371a4a4a621180885e50c2a99d9,official_race_marker_verified,2000,flat,turf,outer,left,,Open,1.0,1,サマー2000シリーズ2000第62回農林水産省賞典新潟記念(GIII)発走15時45分(芝・左・外)3歳以上、除未出走馬および未勝利馬;負担重量は、3歳544歳以上57、牝馬2減、2025.8.30以降GI競走(牝馬限定競走を除く)1着馬3増、牝馬限定GI競走またはGII競走(牝馬限定競走を除く)1着馬2増、牝馬限定GII競走またはGIII競走(牝馬限定競走を除く)1着馬1増、2025.8.29以前のGI競走(牝馬限定競走を除く)1着馬2増、牝馬限定GI競走またはGII競走(牝馬限定競走を除く)1着馬1増(ただし2歳時の成績を除く)農林水産大臣賞・新潟馬主協会会長賞(1着)賞品
202604030409,2026,新潟,3,4,9,2026-08-30,https://www.jra.go.jp/datafile/seiseki/report/2026/2026-3niigata4.pdf,5bb2f9e2fa6024fdf8cf3969c3f38541f2ace371a4a4a621180885e50c2a99d9,official_race_marker_verified,1000,flat,turf,straight,straight,,Class2,0.0,0,1000せんこう閃光特別発走16時25分(芝・直線)3歳以上、2勝クラス;負担重量は、3歳564歳以上58、牝馬2減賞品
202604030410,2026,新潟,3,4,10,2026-08-30,https://www.jra.go.jp/datafile/seiseki/report/2026/2026-3niigata4.pdf,5bb2f9e2fa6024fdf8cf3969c3f38541f2ace371a4a4a621180885e50c2a99d9,official_race_marker_verified,1800,flat,dirt,,left,0.0,Maiden,0.0,0,18003歳未勝利発走17時00分(ダート・左)負担重量は、馬齢重量
202604030411,2026,新潟,3,4,11,2026-08-30,https://www.jra.go.jp/datafile/seiseki/report/2026/2026-3niigata4.pdf,5bb2f9e2fa6024fdf8cf3969c3f38541f2ace371a4a4a621180885e50c2a99d9,official_race_marker_verified,1800,flat,turf,outer,left,,Class1,0.0,0,18003歳以上1勝クラス発走17時30分(芝・左・外)牝;負担重量は、3歳534歳以上56
202604030412,2026,新潟,3,4,12,2026-08-30,https://www.jra.go.jp/datafile/seiseki/report/2026/2026-3niigata4.pdf,5bb2f9e2fa6024fdf8cf3969c3f38541f2ace371a4a4a621180885e50c2a99d9,official_race_marker_verified,1200,flat,dirt,,left,,Class1,0.0,0,12003歳以上1勝クラス発走18時05分(ダート・左)負担重量は、3歳564歳以上58、牝馬2減
202605010101,2026,東京,1,1,1,2026-01-31,https://www.jra.go.jp/datafile/seiseki/report/2026/2026-1tokyo1.pdf,bdf82b97ca30d610e48c815e25609980799a3e105472a4c42fd84d0d4ac6b364,official_race_marker_verified,1400,flat,dirt,,left,0.0,Maiden,0.0,0,14003歳未勝利発走10時05分(ダート・左)牝;負担重量は、馬齢重量
202605010102,2026,東京,1,1,2,2026-01-31,https://www.jra.go.jp/datafile/seiseki/report/2026/2026-1tokyo1.pdf,bdf82b97ca30d610e48c815e25609980799a3e105472a4c42fd84d0d4ac6b364,official_race_marker_verified,2100,flat,dirt,,left,,Class1,0.0,0,21004歳以上1勝クラス発走10時35分(ダート・左)負担重量は、4歳575歳以上58、牝馬2減
202605010103,2026,東京,1,1,3,2026-01-31,https://www.jra.go.jp/datafile/seiseki/report/2026/2026-1tokyo1.pdf,bdf82b97ca30d610e48c815e25609980799a3e105472a4c42fd84d0d4ac6b364,official_race_marker_verified,1600,flat,dirt,,left,0.0,Maiden,0.0,0,16003歳未勝利発走11時05分(ダート・左)負担重量は、馬齢重量
202605010104,2026,東京,1,1,4,2026-01-31,https://www.jra.go.jp/datafile/seiseki/report/2026/2026-1tokyo1.pdf,bdf82b97ca30d610e48c815e25609980799a3e105472a4c42fd84d0d4ac6b364,official_race_marker_verified,1400,flat,dirt,,left,0.0,Newcomer,0.0,0,14003歳新馬発走11時35分(ダート・左)負担重量は、馬齢重量
202605010105,2026,東京,1,1,5,2026-01-31,https://www.jra.go.jp/datafile/seiseki/report/2026/2026-1tokyo1.pdf,bdf82b97ca30d610e48c815e25609980799a3e105472a4c42fd84d0d4ac6b364,official_race_marker_verified,1800,flat,turf,,left,0.0,Newcomer,0.0,0,18003歳新馬発走12時25分(芝・左)負担重量は、馬齢重量
202605010106,2026,東京,1,1,6,2026-01-31,https://www.jra.go.jp/datafile/seiseki/report/2026/2026-1tokyo1.pdf,bdf82b97ca30d610e48c815e25609980799a3e105472a4c42fd84d0d4ac6b364,official_race_marker_verified,1600,flat,turf,,left,0.0,Maiden,0.0,0,16003歳未勝利発走13時00分(芝・左)負担重量は、馬齢重量
202605010107,2026,東京,1,1,7,2026-01-31,https://www.jra.go.jp/datafile/seiseki/report/2026/2026-1tokyo1.pdf,bdf82b97ca30d610e48c815e25609980799a3e105472a4c42fd84d0d4ac6b364,official_race_marker_verified,1600,flat,dirt,,left,0.0,Class1,0.0,0,16003歳1勝クラス発走13時30分(ダート・左)負担重量は、馬齢重量
202605010108,2026,東京,1,1,8,2026-01-31,https://www.jra.go.jp/datafile/seiseki/report/2026/2026-1tokyo1.pdf,bdf82b97ca30d610e48c815e25609980799a3e105472a4c42fd84d0d4ac6b364,official_race_marker_verified,1400,flat,dirt,,left,,Class2,0.0,0,14004歳以上2勝クラス発走14時00分(ダート・左)負担重量は、4歳575歳以上58、牝馬2減
202605010109,2026,東京,1,1,9,2026-01-31,https://www.jra.go.jp/datafile/seiseki/report/2026/2026-1tokyo1.pdf,bdf82b97ca30d610e48c815e25609980799a3e105472a4c42fd84d0d4ac6b364,official_race_marker_verified,1600,flat,dirt,,left,1.0,Maiden,0.0,0,1600はくれい白嶺ステークス発走14時30分(ダート・左)4歳以上、3勝クラス、除未出走馬および未勝利馬;負担重量は、ハンデキャップ賞品
202605010110,2026,東京,1,1,10,2026-01-31,https://www.jra.go.jp/datafile/seiseki/report/2026/2026-1tokyo1.pdf,bdf82b97ca30d610e48c815e25609980799a3e105472a4c42fd84d0d4ac6b364,official_race_marker_verified,1400,flat,turf,,left,,Maiden,0.0,0,1400クロッカスステークス(L)発走15時05分(芝・左)3歳、除未出走馬および未勝利馬;負担重量は、日本馬:馬齢重量、収得賞金1200万円毎1増、:馬齢重量、GI競走1着馬2増、GII競走またはGIII競走1着馬1増賞品
202605010111,2026,東京,1,1,11,2026-01-31,https://www.jra.go.jp/datafile/seiseki/report/2026/2026-1tokyo1.pdf,bdf82b97ca30d610e48c815e25609980799a3e105472a4c42fd84d0d4ac6b364,official_race_marker_verified,2000,flat,turf,,left,,Maiden,0.0,0,2000しらふじ白富士ステークス(L)発走15時45分(芝・左)4歳以上、除未出走馬および未勝利馬;負担重量は、日本馬:4歳565歳以上57、牝馬2減、収得賞金1600万円超過馬は超過額1200万円毎1増、:4歳565歳以上57、牝馬2減、GI競走1着馬5増、GII競走1着馬3増、GIII競走1着馬1増(ただし2歳時の成績を除く)賞品
202605010112,2026,東京,1,1,12,2026-01-31,https://www.jra.go.jp/datafile/seiseki/report/2026/2026-1tokyo1.pdf,bdf82b97ca30d610e48c815e25609980799a3e105472a4c42fd84d0d4ac6b364,official_race_marker_verified,1800,flat,turf,,left,,Class1,0.0,0,18004歳以上1勝クラス発走16時25分(芝・左)負担重量は、4歳575歳以上58、牝馬2減
202605010201,2026,東京,1,2,1,2026-02-01,https://www.jra.go.jp/datafile/seiseki/report/2026/2026-1tokyo2.pdf,eaf508e069512469144a8e2d58a5f47998fc5c61897ad3684c0bc2dd5c416432,official_race_marker_verified,1400,flat,dirt,,left,0.0,Maiden,0.0,0,14003歳未勝利発走10時05分(ダート・左)負担重量は、馬齢重量
202605010202,2026,東京,1,2,2,2026-02-01,https://www.jra.go.jp/datafile/seiseki/report/2026/2026-1tokyo2.pdf,eaf508e069512469144a8e2d58a5f47998fc5c61897ad3684c0bc2dd5c416432,official_race_marker_verified,2100,flat,dirt,,left,0.0,Maiden,0.0,0,21003歳未勝利発走10時35分(ダート・左)負担重量は、馬齢重量
202605010203,2026,東京,1,2,3,2026-02-01,https://www.jra.go.jp/datafile/seiseki/report/2026/2026-1tokyo2.pdf,eaf508e069512469144a8e2d58a5f47998fc5c61897ad3684c0bc2dd5c416432,official_race_marker_verified,1600,flat,dirt,,left,0.0,Maiden,0.0,0,16003歳未勝利発走11時05分(ダート・左)牝;負担重量は、馬齢重量
202605010204,2026,東京,1,2,4,2026-02-01,https://www.jra.go.jp/datafile/seiseki/report/2026/2026-1tokyo2.pdf,eaf508e069512469144a8e2d58a5f47998fc5c61897ad3684c0bc2dd5c416432,official_race_marker_verified,1400,flat,dirt,,left,,Class1,0.0,0,14004歳以上1勝クラス発走11時35分(ダート・左)負担重量は、4歳575歳以上58、牝馬2減
202605010205,2026,東京,1,2,5,2026-02-01,https://www.jra.go.jp/datafile/seiseki/report/2026/2026-1tokyo2.pdf,eaf508e069512469144a8e2d58a5f47998fc5c61897ad3684c0bc2dd5c416432,official_race_marker_verified,1600,flat,turf,,left,0.0,Newcomer,0.0,0,16003歳新馬発走12時25分(芝・左)負担重量は、馬齢重量
202605010206,2026,東京,1,2,6,2026-02-01,https://www.jra.go.jp/datafile/seiseki/report/2026/2026-1tokyo2.pdf,eaf508e069512469144a8e2d58a5f47998fc5c61897ad3684c0bc2dd5c416432,official_race_marker_verified,1600,flat,dirt,,left,,Class1,0.0,0,16004歳以上1勝クラス発走12時55分(ダート・左)負担重量は、4歳575歳以上58、牝馬2減
202605010207,2026,東京,1,2,7,2026-02-01,https://www.jra.go.jp/datafile/seiseki/report/2026/2026-1tokyo2.pdf,eaf508e069512469144a8e2d58a5f47998fc5c61897ad3684c0bc2dd5c416432,official_race_marker_verified,2000,flat,turf,,left,,Class2,0.0,0,20004歳以上2勝クラス発走13時25分(芝・左)負担重量は、4歳575歳以上58、牝馬2減
202605010208,2026,東京,1,2,8,2026-02-01,https://www.jra.go.jp/datafile/seiseki/report/2026/2026-1tokyo2.pdf,eaf508e069512469144a8e2d58a5f47998fc5c61897ad3684c0bc2dd5c416432,official_race_marker_verified,2100,flat,dirt,,left,,Class2,0.0,0,21004歳以上2勝クラス発走13時55分(ダート・左)負担重量は、4歳575歳以上58、牝馬2減
202605010209,2026,東京,1,2,9,2026-02-01,https://www.jra.go.jp/datafile/seiseki/report/2026/2026-1tokyo2.pdf,eaf508e069512469144a8e2d58a5f47998fc5c61897ad3684c0bc2dd5c416432,official_race_marker_verified,1800,flat,turf,,left,0.0,Class1,0.0,0,1800セントポーリア賞発走14時25分(芝・左)3歳、1勝クラス;負担重量は、馬齢重量賞品
202605010210,2026,東京,1,2,10,2026-02-01,https://www.jra.go.jp/datafile/seiseki/report/2026/2026-1tokyo2.pdf,eaf508e069512469144a8e2d58a5f47998fc5c61897ad3684c0bc2dd5c416432,official_race_marker_verified,1400,flat,turf,,left,,Maiden,0.0,0,1400せつぶん節分ステークス発走15時00分(芝・左)4歳以上、3勝クラス、除未出走馬および未勝利馬;負担重量は、4歳575歳以上58、牝馬2減賞品
202605010211,2026,東京,1,2,11,2026-02-01,https://www.jra.go.jp/datafile/seiseki/report/2026/2026-1tokyo2.pdf,eaf508e069512469144a8e2d58a5f47998fc5c61897ad3684c0bc2dd5c416432,official_race_marker_verified,1400,flat,dirt,,left,,Open,1.0,1,フォーエバーヤングブリーダーズカップクラシック優勝記念1400第40回根岸ステークス(GIII)発走15時45分(ダート・左)4歳以上、除未出走馬および未勝利馬;負担重量は、4歳565歳以上57、牝馬2減、2025.2.1以降GI競走(牝馬限定競走を除く)1着馬2増、牝馬限定GI競走またはGII競走(牝馬限定競走を除く)1着馬1増、2025.1.31以前のGI競走(牝馬限定競走を除く)1着馬1増(ただし2歳時の成績を除く)地方競馬全国協会理事長賞(1着)賞品
202605010212,2026,東京,1,2,12,2026-02-01,https://www.jra.go.jp/datafile/seiseki/report/2026/2026-1tokyo2.pdf,eaf508e069512469144a8e2d58a5f47998fc5c61897ad3684c0bc2dd5c416432,official_race_marker_verified,1800,flat,turf,,left,0.0,Maiden,0.0,0,18003歳未勝利発走16時25分(芝・左)負担重量は、馬齢重量
202605010301,2026,東京,1,3,1,2026-02-07,https://www.jra.go.jp/datafile/seiseki/report/2026/2026-1tokyo3.pdf,226bf70bd43c8858dbc6f5a59ad58c617ad777160852ac5c2a93fd94bb021462,official_race_marker_verified,1400,flat,dirt,,left,0.0,Maiden,0.0,0,14003歳未勝利発走10時05分(ダート・左)牝;負担重量は、馬齢重量
202605010302,2026,東京,1,3,2,2026-02-07,https://www.jra.go.jp/datafile/seiseki/report/2026/2026-1tokyo3.pdf,226bf70bd43c8858dbc6f5a59ad58c617ad777160852ac5c2a93fd94bb021462,official_race_marker_verified,1300,flat,dirt,,left,0.0,Maiden,0.0,0,13003歳未勝利発走10時35分(ダート・左)負担重量は、馬齢重量
202605010303,2026,東京,1,3,3,2026-02-07,https://www.jra.go.jp/datafile/seiseki/report/2026/2026-1tokyo3.pdf,226bf70bd43c8858dbc6f5a59ad58c617ad777160852ac5c2a93fd94bb021462,official_race_marker_verified,1600,flat,dirt,,left,0.0,Maiden,0.0,0,16003歳未勝利発走11時05分(ダート・左)負担重量は、馬齢重量
202605010304,2026,東京,1,3,4,2026-02-07,https://www.jra.go.jp/datafile/seiseki/report/2026/2026-1tokyo3.pdf,226bf70bd43c8858dbc6f5a59ad58c617ad777160852ac5c2a93fd94bb021462,official_race_marker_verified,1600,flat,dirt,,left,,Class1,0.0,0,16004歳以上1勝クラス発走11時35分(ダート・左)牝;負担重量は、56
202605010305,2026,東京,1,3,5,2026-02-07,https://www.jra.go.jp/datafile/seiseki/report/2026/2026-1tokyo3.pdf,226bf70bd43c8858dbc6f5a59ad58c617ad777160852ac5c2a93fd94bb021462,official_race_marker_verified,1800,flat,turf,,left,0.0,Newcomer,0.0,0,18003歳新馬発走12時25分(芝・左)負担重量は、馬齢重量
202605010306,2026,東京,1,3,6,2026-02-07,https://www.jra.go.jp/datafile/seiseki/report/2026/2026-1tokyo3.pdf,226bf70bd43c8858dbc6f5a59ad58c617ad777160852ac5c2a93fd94bb021462,official_race_marker_verified,1600,flat,turf,,left,0.0,Maiden,0.0,0,16003歳未勝利発走13時00分(芝・左)負担重量は、馬齢重量
202605010307,2026,東京,1,3,7,2026-02-07,https://www.jra.go.jp/datafile/seiseki/report/2026/2026-1tokyo3.pdf,226bf70bd43c8858dbc6f5a59ad58c617ad777160852ac5c2a93fd94bb021462,official_race_marker_verified,1400,flat,dirt,,left,0.0,Maiden,0.0,0,14003歳1勝クラス発走13時30分(ダート・左)負担重量は、馬齢重量
202605010401,2026,東京,1,4,1,2026-02-10,https://www.jra.go.jp/datafile/seiseki/report/2026/2026-1tokyo4.pdf,e8bb11ef948310e728ac356c6067fb6c853f52f820f73b8de955e0cd22beae90,official_race_marker_verified,1400,flat,dirt,,left,0.0,Maiden,0.0,0,14003歳未勝利発走10時05分(ダート・左)負担重量は、馬齢重量
202605010402,2026,東京,1,4,2,2026-02-10,https://www.jra.go.jp/datafile/seiseki/report/2026/2026-1tokyo4.pdf,e8bb11ef948310e728ac356c6067fb6c853f52f820f73b8de955e0cd22beae90,official_race_marker_verified,2100,flat,dirt,,left,0.0,Maiden,0.0,0,21003歳未勝利発走10時35分(ダート・左)負担重量は、馬齢重量
202605010403,2026,東京,1,4,3,2026-02-10,https://www.jra.go.jp/datafile/seiseki/report/2026/2026-1tokyo4.pdf,e8bb11ef948310e728ac356c6067fb6c853f52f820f73b8de955e0cd22beae90,official_race_marker_verified,1600,flat,dirt,,left,0.0,Maiden,0.0,0,16003歳未勝利発走11時05分(ダート・左)牝;負担重量は、馬齢重量
202605010404,2026,東京,1,4,4,2026-02-10,https://www.jra.go.jp/datafile/seiseki/report/2026/2026-1tokyo4.pdf,e8bb11ef948310e728ac356c6067fb6c853f52f820f73b8de955e0cd22beae90,official_race_marker_verified,1600,flat,dirt,,left,0.0,Newcomer,0.0,0,16003歳新馬発走11時35分(ダート・左)負担重量は、馬齢重量
202605010405,2026,東京,1,4,5,2026-02-10,https://www.jra.go.jp/datafile/seiseki/report/2026/2026-1tokyo4.pdf,e8bb11ef948310e728ac356c6067fb6c853f52f820f73b8de955e0cd22beae90,official_race_marker_verified,1600,flat,turf,,left,0.0,Newcomer,0.0,0,16003歳新馬発走12時25分(芝・左)負担重量は、馬齢重量
202605010406,2026,東京,1,4,6,2026-02-10,https://www.jra.go.jp/datafile/seiseki/report/2026/2026-1tokyo4.pdf,e8bb11ef948310e728ac356c6067fb6c853f52f820f73b8de955e0cd22beae90,official_race_marker_verified,2400,flat,turf,,left,0.0,Maiden,0.0,0,24003歳未勝利発走12時55分(芝・左)負担重量は、馬齢重量
202605010407,2026,東京,1,4,7,2026-02-10,https://www.jra.go.jp/datafile/seiseki/report/2026/2026-1tokyo4.pdf,e8bb11ef948310e728ac356c6067fb6c853f52f820f73b8de955e0cd22beae90,official_race_marker_verified,1800,flat,turf,,left,,Class2,0.0,0,18004歳以上2勝クラス発走13時25分(芝・左)牝;負担重量は、4歳555歳以上56
202605010408,2026,東京,1,4,8,2026-02-10,https://www.jra.go.jp/datafile/seiseki/report/2026/2026-1tokyo4.pdf,e8bb11ef948310e728ac356c6067fb6c853f52f820f73b8de955e0cd22beae90,official_race_marker_verified,1300,flat,dirt,,left,,Class2,0.0,0,13004歳以上2勝クラス発走13時55分(ダート・左)負担重量は、58、牝馬2減
202605010409,2026,東京,1,4,9,2026-02-10,https://www.jra.go.jp/datafile/seiseki/report/2026/2026-1tokyo4.pdf,e8bb11ef948310e728ac356c6067fb6c853f52f820f73b8de955e0cd22beae90,official_race_marker_verified,2400,flat,turf,,left,0.0,Class1,0.0,0,2400ゆりかもめ賞発走14時25分(芝・左)3歳、1勝クラス;負担重量は、馬齢重量賞品
202605010410,2026,東京,1,4,10,2026-02-10,https://www.jra.go.jp/datafile/seiseki/report/2026/2026-1tokyo4.pdf,e8bb11ef948310e728ac356c6067fb6c853f52f820f73b8de955e0cd22beae90,official_race_marker_verified,1800,flat,turf,,left,,Maiden,0.0,0,1800はつね初音ステークス発走15時00分(芝・左)牝、4歳以上、3勝クラス、除未出走馬および未勝利馬;負担重量は、4歳555歳以上56賞品
202605010411,2026,東京,1,4,11,2026-02-10,https://www.jra.go.jp/datafile/seiseki/report/2026/2026-1tokyo4.pdf,e8bb11ef948310e728ac356c6067fb6c853f52f820f73b8de955e0cd22beae90,official_race_marker_verified,1600,flat,turf,,left,,Open,1.0,1,1600第76回東京新聞杯(GIII)発走15時45分(芝・左)4歳以上、除未出走馬および未勝利馬;負担重量は、57、牝馬2減、2025.2.8以降GI競走(牝馬限定競走を除く)1着馬3増、牝馬限定GI競走またはGII競走(牝馬限定競走を除く)1着馬2増、牝馬限定GII競走またはGIII競走(牝馬限定競走を除く)1着馬1増、2025.2.7以前のGI競走(牝馬限定競走を除く)1着馬2増、牝馬限定GI競走またはGII競走(牝馬限定競走を除く)1着馬1増(ただし2歳時の成績を除く)中日新聞社賞(1着)賞品
202605010412,2026,東京,1,4,12,2026-02-10,https://www.jra.go.jp/datafile/seiseki/report/2026/2026-1tokyo4.pdf,e8bb11ef948310e728ac356c6067fb6c853f52f820f73b8de955e0cd22beae90,official_race_marker_verified,1300,flat,dirt,,left,,Class1,0.0,0,13004歳以上1勝クラス発走16時25分(ダート・左)負担重量は、58、牝馬2減
202605010501,2026,東京,1,5,1,2026-02-14,https://www.jra.go.jp/datafile/seiseki/report/2026/2026-1tokyo5.pdf,81d5f04971154d1d1bbdac3e2e0a71f533265532201798c81d33a8db2f1f2b90,official_race_marker_verified,1400,flat,dirt,,left,0.0,Maiden,0.0,0,14003歳未勝利発走10時05分(ダート・左)負担重量は、馬齢重量
202605010502,2026,東京,1,5,2,2026-02-14,https://www.jra.go.jp/datafile/seiseki/report/2026/2026-1tokyo5.pdf,81d5f04971154d1d1bbdac3e2e0a71f533265532201798c81d33a8db2f1f2b90,official_race_marker_verified,2100,flat,dirt,,left,,Class1,0.0,0,21004歳以上1勝クラス発走10時35分(ダート・左)負担重量は、4歳575歳以上58、牝馬2減
202605010503,2026,東京,1,5,3,2026-02-14,https://www.jra.go.jp/datafile/seiseki/report/2026/2026-1tokyo5.pdf,81d5f04971154d1d1bbdac3e2e0a71f533265532201798c81d33a8db2f1f2b90,official_race_marker_verified,1600,flat,dirt,,left,0.0,Maiden,0.0,0,16003歳未勝利発走11時05分(ダート・左)負担重量は、馬齢重量
202605010504,2026,東京,1,5,4,2026-02-14,https://www.jra.go.jp/datafile/seiseki/report/2026/2026-1tokyo5.pdf,81d5f04971154d1d1bbdac3e2e0a71f533265532201798c81d33a8db2f1f2b90,official_race_marker_verified,1400,flat,dirt,,left,0.0,Newcomer,0.0,0,14003歳新馬発走11時35分(ダート・左)負担重量は、馬齢重量
202605010505,2026,東京,1,5,5,2026-02-14,https://www.jra.go.jp/datafile/seiseki/report/2026/2026-1tokyo5.pdf,81d5f04971154d1d1bbdac3e2e0a71f533265532201798c81d33a8db2f1f2b90,official_race_marker_verified,1400,flat,turf,,left,0.0,Maiden,0.0,0,14003歳未勝利発走12時25分(芝・左)負担重量は、馬齢重量
202605010506,2026,東京,1,5,6,2026-02-14,https://www.jra.go.jp/datafile/seiseki/report/2026/2026-1tokyo5.pdf,81d5f04971154d1d1bbdac3e2e0a71f533265532201798c81d33a8db2f1f2b90,official_race_marker_verified,1800,flat,turf,,left,0.0,Maiden,0.0,0,18003歳未勝利発走12時55分(芝・左)牝;負担重量は、馬齢重量
202605010507,2026,東京,1,5,7,2026-02-14,https://www.jra.go.jp/datafile/seiseki/report/2026/2026-1tokyo5.pdf,81d5f04971154d1d1bbdac3e2e0a71f533265532201798c81d33a8db2f1f2b90,official_race_marker_verified,1400,flat,turf,,left,0.0,Class1,0.0,0,14003歳1勝クラス発走13時25分(芝・左)負担重量は、馬齢重量
202605010508,2026,東京,1,5,8,2026-02-14,https://www.jra.go.jp/datafile/seiseki/report/2026/2026-1tokyo5.pdf,81d5f04971154d1d1bbdac3e2e0a71f533265532201798c81d33a8db2f1f2b90,official_race_marker_verified,1600,flat,dirt,,left,,Class2,0.0,0,16004歳以上2勝クラス発走14時00分(ダート・左)負担重量は、58、牝馬2減
202605010509,2026,東京,1,5,9,2026-02-14,https://www.jra.go.jp/datafile/seiseki/report/2026/2026-1tokyo5.pdf,81d5f04971154d1d1bbdac3e2e0a71f533265532201798c81d33a8db2f1f2b90,official_race_marker_verified,2400,flat,turf,,left,,Class2,0.0,0,2400はこね箱根特別発走14時35分(芝・左)4歳以上、2勝クラス;負担重量は、4歳575歳以上58、牝馬2減賞品
202605010510,2026,東京,1,5,10,2026-02-14,https://www.jra.go.jp/datafile/seiseki/report/2026/2026-1tokyo5.pdf,81d5f04971154d1d1bbdac3e2e0a71f533265532201798c81d33a8db2f1f2b90,official_race_marker_verified,1400,flat,dirt,,left,,Maiden,0.0,0,1400ぎんてい銀蹄ステークス発走15時10分(ダート・左)4歳以上、3勝クラス、除未出走馬および未勝利馬;負担重量は、58、牝馬2減賞品
202605010511,2026,東京,1,5,11,2026-02-14,https://www.jra.go.jp/datafile/seiseki/report/2026/2026-1tokyo5.pdf,81d5f04971154d1d1bbdac3e2e0a71f533265532201798c81d33a8db2f1f2b90,official_race_marker_verified,1600,flat,turf,,left,0.0,Open,1.0,1,1600第61回デイリー杯クイーンカップ(GIII)発走15時45分(芝・左)牝、3歳、除未出走馬および未勝利馬;負担重量は、馬齢重量デイリースポーツ賞(1着)賞品
202605010512,2026,東京,1,5,12,2026-02-14,https://www.jra.go.jp/datafile/seiseki/report/2026/2026-1tokyo5.pdf,81d5f04971154d1d1bbdac3e2e0a71f533265532201798c81d33a8db2f1f2b90,official_race_marker_verified,1600,flat,turf,,left,,Class1,0.0,0,16004歳以上1勝クラス発走16時25分(芝・左)負担重量は、58、牝馬2減
202605010601,2026,東京,1,6,1,2026-02-15,https://www.jra.go.jp/datafile/seiseki/report/2026/2026-1tokyo6.pdf,d14367a9520a067040291b49b264bf533304da9cee4cd391a6db24efd03834c8,official_race_marker_verified,1300,flat,dirt,,left,0.0,Maiden,0.0,0,13003歳未勝利発走10時05分(ダート・左)負担重量は、馬齢重量
202605010602,2026,東京,1,6,2,2026-02-15,https://www.jra.go.jp/datafile/seiseki/report/2026/2026-1tokyo6.pdf,d14367a9520a067040291b49b264bf533304da9cee4cd391a6db24efd03834c8,official_race_marker_verified,2100,flat,dirt,,left,0.0,Maiden,0.0,0,21003歳未勝利発走10時35分(ダート・左)負担重量は、馬齢重量
202605010603,2026,東京,1,6,3,2026-02-15,https://www.jra.go.jp/datafile/seiseki/report/2026/2026-1tokyo6.pdf,d14367a9520a067040291b49b264bf533304da9cee4cd391a6db24efd03834c8,official_race_marker_verified,1600,flat,dirt,,left,0.0,Newcomer,0.0,0,16003歳新馬発走11時05分(ダート・左)負担重量は、馬齢重量
202605010604,2026,東京,1,6,4,2026-02-15,https://www.jra.go.jp/datafile/seiseki/report/2026/2026-1tokyo6.pdf,d14367a9520a067040291b49b264bf533304da9cee4cd391a6db24efd03834c8,official_race_marker_verified,1600,flat,dirt,,left,0.0,Class1,0.0,0,16003歳1勝クラス発走11時35分(ダート・左)負担重量は、馬齢重量
202605010605,2026,東京,1,6,5,2026-02-15,https://www.jra.go.jp/datafile/seiseki/report/2026/2026-1tokyo6.pdf,d14367a9520a067040291b49b264bf533304da9cee4cd391a6db24efd03834c8,official_race_marker_verified,1800,flat,turf,,left,0.0,Maiden,0.0,0,18003歳未勝利発走12時25分(芝・左)負担重量は、馬齢重量
202605010606,2026,東京,1,6,6,2026-02-15,https://www.jra.go.jp/datafile/seiseki/report/2026/2026-1tokyo6.pdf,d14367a9520a067040291b49b264bf533304da9cee4cd391a6db24efd03834c8,official_race_marker_verified,2400,flat,turf,,left,,Class1,0.0,0,24004歳以上1勝クラス発走12時55分(芝・左)負担重量は、4歳575歳以上58、牝馬2減
202605010607,2026,東京,1,6,7,2026-02-15,https://www.jra.go.jp/datafile/seiseki/report/2026/2026-1tokyo6.pdf,d14367a9520a067040291b49b264bf533304da9cee4cd391a6db24efd03834c8,official_race_marker_verified,1400,flat,dirt,,left,,Class1,0.0,0,14004歳以上1勝クラス発走13時25分(ダート・左)負担重量は、58、牝馬2減
202605010608,2026,東京,1,6,8,2026-02-15,https://www.jra.go.jp/datafile/seiseki/report/2026/2026-1tokyo6.pdf,d14367a9520a067040291b49b264bf533304da9cee4cd391a6db24efd03834c8,official_race_marker_verified,1600,flat,turf,,left,,Class2,0.0,0,16004歳以上2勝クラス発走13時55分(芝・左)負担重量は、58、牝馬2減
202605010609,2026,東京,1,6,9,2026-02-15,https://www.jra.go.jp/datafile/seiseki/report/2026/2026-1tokyo6.pdf,d14367a9520a067040291b49b264bf533304da9cee4cd391a6db24efd03834c8,official_race_marker_verified,1600,flat,turf,,left,,Maiden,0.0,0,1600ひばり雲雀ステークス発走14時25分(芝・左)4歳以上、3勝クラス、除未出走馬および未勝利馬;負担重量は、58、牝馬2減賞品
202605010610,2026,東京,1,6,10,2026-02-15,https://www.jra.go.jp/datafile/seiseki/report/2026/2026-1tokyo6.pdf,d14367a9520a067040291b49b264bf533304da9cee4cd391a6db24efd03834c8,official_race_marker_verified,1400,flat,dirt,,left,1.0,Maiden,0.0,0,1400バレンタインステークス発走15時00分(ダート・左)4歳以上、除未出走馬および未勝利馬;負担重量は、ハンデキャップ賞品
202605010611,2026,東京,1,6,11,2026-02-15,https://www.jra.go.jp/datafile/seiseki/report/2026/2026-1tokyo6.pdf,d14367a9520a067040291b49b264bf533304da9cee4cd391a6db24efd03834c8,official_race_marker_verified,1800,flat,turf,,left,0.0,Open,1.0,1,1800第60回共同通信杯(GIII)発走15時45分(トキノミノル記念)(芝・左)3歳、除未出走馬および未勝利馬;負担重量は、馬齢重量共同通信社賞(1着)賞品
202605010612,2026,東京,1,6,12,2026-02-15,https://www.jra.go.jp/datafile/seiseki/report/2026/2026-1tokyo6.pdf,d14367a9520a067040291b49b264bf533304da9cee4cd391a6db24efd03834c8,official_race_marker_verified,1400,flat,dirt,,left,,Class2,0.0,0,14004歳以上2勝クラス発走16時25分(ダート・左)負担重量は、58、牝馬2減
202605010701,2026,東京,1,7,1,2026-02-21,https://www.jra.go.jp/datafile/seiseki/report/2026/2026-1tokyo7.pdf,b70614aa35793eddc50f4d3b346db018f2a4306aaf4184a0c37ff63525dfc5e6,official_race_marker_verified,1400,flat,dirt,,left,0.0,Maiden,0.0,0,14003歳未勝利発走10時05分(ダート・左)牝;負担重量は、馬齢重量
202605010702,2026,東京,1,7,2,2026-02-21,https://www.jra.go.jp/datafile/seiseki/report/2026/2026-1tokyo7.pdf,b70614aa35793eddc50f4d3b346db018f2a4306aaf4184a0c37ff63525dfc5e6,official_race_marker_verified,1400,flat,dirt,,left,0.0,Class1,0.0,0,14003歳1勝クラス発走10時35分(ダート・左)負担重量は、馬齢重量
202605010703,2026,東京,1,7,3,2026-02-21,https://www.jra.go.jp/datafile/seiseki/report/2026/2026-1tokyo7.pdf,b70614aa35793eddc50f4d3b346db018f2a4306aaf4184a0c37ff63525dfc5e6,official_race_marker_verified,1600,flat,dirt,,left,0.0,Maiden,0.0,0,16003歳未勝利発走11時05分(ダート・左)負担重量は、馬齢重量
202605010704,2026,東京,1,7,4,2026-02-21,https://www.jra.go.jp/datafile/seiseki/report/2026/2026-1tokyo7.pdf,b70614aa35793eddc50f4d3b346db018f2a4306aaf4184a0c37ff63525dfc5e6,official_race_marker_verified,1600,flat,dirt,,left,0.0,Newcomer,0.0,0,16003歳新馬発走11時35分(ダート・左)負担重量は、馬齢重量
202605010705,2026,東京,1,7,5,2026-02-21,https://www.jra.go.jp/datafile/seiseki/report/2026/2026-1tokyo7.pdf,b70614aa35793eddc50f4d3b346db018f2a4306aaf4184a0c37ff63525dfc5e6,official_race_marker_verified,2400,flat,turf,,left,0.0,Maiden,0.0,0,24003歳未勝利発走12時25分(芝・左)負担重量は、馬齢重量
202605010706,2026,東京,1,7,6,2026-02-21,https://www.jra.go.jp/datafile/seiseki/report/2026/2026-1tokyo7.pdf,b70614aa35793eddc50f4d3b346db018f2a4306aaf4184a0c37ff63525dfc5e6,official_race_marker_verified,1600,flat,turf,,left,0.0,Maiden,0.0,0,16003歳未勝利発走13時00分(芝・左)負担重量は、馬齢重量
202605010707,2026,東京,1,7,7,2026-02-21,https://www.jra.go.jp/datafile/seiseki/report/2026/2026-1tokyo7.pdf,b70614aa35793eddc50f4d3b346db018f2a4306aaf4184a0c37ff63525dfc5e6,official_race_marker_verified,1400,flat,dirt,,left,,Class1,0.0,0,14004歳以上1勝クラス発走13時30分(ダート・左)負担重量は、58、牝馬2減
202605010708,2026,東京,1,7,8,2026-02-21,https://www.jra.go.jp/datafile/seiseki/report/2026/2026-1tokyo7.pdf,b70614aa35793eddc50f4d3b346db018f2a4306aaf4184a0c37ff63525dfc5e6,official_race_marker_verified,1800,flat,turf,,left,,Class2,0.0,0,18004歳以上2勝クラス発走14時00分(芝・左)負担重量は、4歳575歳以上58、牝馬2減
202605010709,2026,東京,1,7,9,2026-02-21,https://www.jra.go.jp/datafile/seiseki/report/2026/2026-1tokyo7.pdf,b70614aa35793eddc50f4d3b346db018f2a4306aaf4184a0c37ff63525dfc5e6,official_race_marker_verified,2000,flat,turf,,left,0.0,Class1,0.0,0,2000フリージア賞発走14時30分(芝・左)3歳、1勝クラス;負担重量は、馬齢重量賞品
202605010710,2026,東京,1,7,10,2026-02-21,https://www.jra.go.jp/datafile/seiseki/report/2026/2026-1tokyo7.pdf,b70614aa35793eddc50f4d3b346db018f2a4306aaf4184a0c37ff63525dfc5e6,official_race_marker_verified,2100,flat,dirt,,left,,Maiden,0.0,0,2100きんてい金蹄ステークス発走15時05分(ダート・左)4歳以上、3勝クラス、除未出走馬および未勝利馬;負担重量は、4歳575歳以上58、牝馬2減賞品
202605010711,2026,東京,1,7,11,2026-02-21,https://www.jra.go.jp/datafile/seiseki/report/2026/2026-1tokyo7.pdf,b70614aa35793eddc50f4d3b346db018f2a4306aaf4184a0c37ff63525dfc5e6,official_race_marker_verified,3400,flat,turf,,left,1.0,Open,1.0,1,3400第76回ダイヤモンドステークス(GIII)発走15時45分(芝・左)4歳以上、除未出走馬および未勝利馬;負担重量は、ハンデキャップ賞品
202605010712,2026,東京,1,7,12,2026-02-21,https://www.jra.go.jp/datafile/seiseki/report/2026/2026-1tokyo7.pdf,b70614aa35793eddc50f4d3b346db018f2a4306aaf4184a0c37ff63525dfc5e6,official_race_marker_verified,1600,flat,dirt,,left,,Class1,0.0,0,16004歳以上1勝クラス発走16時25分(ダート・左)負担重量は、58、牝馬2減
202605010801,2026,東京,1,8,1,2026-02-22,https://www.jra.go.jp/datafile/seiseki/report/2026/2026-1tokyo8.pdf,2dc6a5b12e1c128496770638cc68c917e5b001c4e8f7c499f9a16e743c8f8f29,official_race_marker_verified,1400,flat,dirt,,left,0.0,Maiden,0.0,0,14003歳未勝利発走10時05分(ダート・左)負担重量は、馬齢重量
202605010802,2026,東京,1,8,2,2026-02-22,https://www.jra.go.jp/datafile/seiseki/report/2026/2026-1tokyo8.pdf,2dc6a5b12e1c128496770638cc68c917e5b001c4e8f7c499f9a16e743c8f8f29,official_race_marker_verified,2100,flat,dirt,,left,0.0,Maiden,0.0,0,21003歳未勝利発走10時35分(ダート・左)負担重量は、馬齢重量
202605010803,2026,東京,1,8,3,2026-02-22,https://www.jra.go.jp/datafile/seiseki/report/2026/2026-1tokyo8.pdf,2dc6a5b12e1c128496770638cc68c917e5b001c4e8f7c499f9a16e743c8f8f29,official_race_marker_verified,1400,flat,dirt,,left,0.0,Newcomer,0.0,0,14003歳新馬発走11時05分(ダート・左)負担重量は、馬齢重量
202605010804,2026,東京,1,8,4,2026-02-22,https://www.jra.go.jp/datafile/seiseki/report/2026/2026-1tokyo8.pdf,2dc6a5b12e1c128496770638cc68c917e5b001c4e8f7c499f9a16e743c8f8f29,official_race_marker_verified,1800,flat,turf,,left,0.0,Maiden,0.0,0,18003歳未勝利発走11時35分(芝・左)負担重量は、馬齢重量
202605010805,2026,東京,1,8,5,2026-02-22,https://www.jra.go.jp/datafile/seiseki/report/2026/2026-1tokyo8.pdf,2dc6a5b12e1c128496770638cc68c917e5b001c4e8f7c499f9a16e743c8f8f29,official_race_marker_verified,1600,flat,turf,,left,0.0,Class1,0.0,0,16003歳1勝クラス発走12時25分(芝・左)負担重量は、馬齢重量
202605010806,2026,東京,1,8,6,2026-02-22,https://www.jra.go.jp/datafile/seiseki/report/2026/2026-1tokyo8.pdf,2dc6a5b12e1c128496770638cc68c917e5b001c4e8f7c499f9a16e743c8f8f29,official_race_marker_verified,1800,flat,turf,,left,,Class1,0.0,0,18004歳以上1勝クラス発走12時55分(芝・左)負担重量は、4歳575歳以上58、牝馬2減
202605010807,2026,東京,1,8,7,2026-02-22,https://www.jra.go.jp/datafile/seiseki/report/2026/2026-1tokyo8.pdf,2dc6a5b12e1c128496770638cc68c917e5b001c4e8f7c499f9a16e743c8f8f29,official_race_marker_verified,2100,flat,dirt,,left,,Class2,0.0,0,21004歳以上2勝クラス発走13時25分(ダート・左)負担重量は、4歳575歳以上58、牝馬2減
202605010808,2026,東京,1,8,8,2026-02-22,https://www.jra.go.jp/datafile/seiseki/report/2026/2026-1tokyo8.pdf,2dc6a5b12e1c128496770638cc68c917e5b001c4e8f7c499f9a16e743c8f8f29,official_race_marker_verified,1400,flat,turf,,left,,Class2,0.0,0,14004歳以上2勝クラス発走13時55分(芝・左)負担重量は、58、牝馬2減
202605010809,2026,東京,1,8,9,2026-02-22,https://www.jra.go.jp/datafile/seiseki/report/2026/2026-1tokyo8.pdf,2dc6a5b12e1c128496770638cc68c917e5b001c4e8f7c499f9a16e743c8f8f29,official_race_marker_verified,1600,flat,dirt,,left,,Maiden,0.0,0,1600ヒヤシンスステークス(L)発走14時25分(ダート・左)3歳、除未出走馬および未勝利馬;負担重量は、日本馬:馬齢重量、収得賞金1400万円毎1増、:馬齢重量、GI競走1着馬2増、GII競走またはGIII競走1着馬1増賞品
202605010810,2026,東京,1,8,10,2026-02-22,https://www.jra.go.jp/datafile/seiseki/report/2026/2026-1tokyo8.pdf,2dc6a5b12e1c128496770638cc68c917e5b001c4e8f7c499f9a16e743c8f8f29,official_race_marker_verified,2000,flat,turf,,left,1.0,Maiden,0.0,0,2000ジャパンカップ2025年ロンジンワールドベストレース受賞記念発走15時00分(芝・左)4歳以上、3勝クラス、除未出走馬および未勝利馬;負担重量は、ハンデキャップ賞品
202605010811,2026,東京,1,8,11,2026-02-22,https://www.jra.go.jp/datafile/seiseki/report/2026/2026-1tokyo8.pdf,2dc6a5b12e1c128496770638cc68c917e5b001c4e8f7c499f9a16e743c8f8f29,official_race_marker_verified,1600,flat,dirt,,left,,Open,1.0,1,1600第43回フェブラリーステークス(GI)発走15時40分(ダート・左)4歳以上、除未出走馬および未勝利馬;負担重量は、58、牝馬2減日本馬主協会連合会会長賞・地方競馬全国協会理事長賞・全国公営競馬主催者協議会会長賞・日本地方競馬馬主振興協会会長賞・ブリーダーズカップチャレンジ賞(1着)賞品
202605010812,2026,東京,1,8,12,2026-02-22,https://www.jra.go.jp/datafile/seiseki/report/2026/2026-1tokyo8.pdf,2dc6a5b12e1c128496770638cc68c917e5b001c4e8f7c499f9a16e743c8f8f29,official_race_marker_verified,1400,flat,dirt,,left,,Class2,0.0,0,1400おおしま大島特別発走16時25分(ダート・左)4歳以上、2勝クラス;負担重量は、58、牝馬2減賞品
202605020101,2026,東京,2,1,1,2026-04-25,https://www.jra.go.jp/datafile/seiseki/report/2026/2026-2tokyo1.pdf,e3cefb4d46170f67fe882040ec6d421905138f7539d1073446baa7d2904893c0,official_race_marker_verified,1600,flat,dirt,,left,0.0,Maiden,0.0,0,16003歳未勝利発走10時05分(ダート・左)牝;負担重量は、馬齢重量
202605020102,2026,東京,2,1,2,2026-04-25,https://www.jra.go.jp/datafile/seiseki/report/2026/2026-2tokyo1.pdf,e3cefb4d46170f67fe882040ec6d421905138f7539d1073446baa7d2904893c0,official_race_marker_verified,1400,flat,dirt,,left,0.0,Maiden,0.0,0,14003歳未勝利発走10時35分(ダート・左)負担重量は、馬齢重量
202605020103,2026,東京,2,1,3,2026-04-25,https://www.jra.go.jp/datafile/seiseki/report/2026/2026-2tokyo1.pdf,e3cefb4d46170f67fe882040ec6d421905138f7539d1073446baa7d2904893c0,official_race_marker_verified,2100,flat,dirt,,left,0.0,Maiden,0.0,0,21003歳未勝利発走11時05分(ダート・左)負担重量は、馬齢重量
202605020104,2026,東京,2,1,4,2026-04-25,https://www.jra.go.jp/datafile/seiseki/report/2026/2026-2tokyo1.pdf,e3cefb4d46170f67fe882040ec6d421905138f7539d1073446baa7d2904893c0,official_race_marker_verified,1800,flat,turf,,left,0.0,Maiden,0.0,0,18003歳未勝利発走11時35分(芝・左)牝;負担重量は、馬齢重量
202605020105,2026,東京,2,1,5,2026-04-25,https://www.jra.go.jp/datafile/seiseki/report/2026/2026-2tokyo1.pdf,e3cefb4d46170f67fe882040ec6d421905138f7539d1073446baa7d2904893c0,official_race_marker_verified,1400,flat,turf,,left,0.0,Maiden,0.0,0,14003歳未勝利発走12時25分(芝・左)負担重量は、馬齢重量
202605020106,2026,東京,2,1,6,2026-04-25,https://www.jra.go.jp/datafile/seiseki/report/2026/2026-2tokyo1.pdf,e3cefb4d46170f67fe882040ec6d421905138f7539d1073446baa7d2904893c0,official_race_marker_verified,1600,flat,dirt,,left,0.0,Class1,0.0,0,16003歳1勝クラス発走12時55分(ダート・左)負担重量は、馬齢重量
202605020107,2026,東京,2,1,7,2026-04-25,https://www.jra.go.jp/datafile/seiseki/report/2026/2026-2tokyo1.pdf,e3cefb4d46170f67fe882040ec6d421905138f7539d1073446baa7d2904893c0,official_race_marker_verified,1400,flat,dirt,,left,,Class1,0.0,0,14004歳以上1勝クラス発走13時25分(ダート・左)牝;負担重量は、56
202605020108,2026,東京,2,1,8,2026-04-25,https://www.jra.go.jp/datafile/seiseki/report/2026/2026-2tokyo1.pdf,e3cefb4d46170f67fe882040ec6d421905138f7539d1073446baa7d2904893c0,official_race_marker_verified,1600,flat,turf,,left,,Class1,0.0,0,16004歳以上1勝クラス発走13時55分(芝・左)負担重量は、58、牝馬2減
202605020109,2026,東京,2,1,9,2026-04-25,https://www.jra.go.jp/datafile/seiseki/report/2026/2026-2tokyo1.pdf,e3cefb4d46170f67fe882040ec6d421905138f7539d1073446baa7d2904893c0,official_race_marker_verified,1800,flat,turf,,left,,Class2,0.0,0,1800いさわ石和特別発走14時25分(芝・左)4歳以上、2勝クラス;負担重量は、58、牝馬2減賞品
202605020110,2026,東京,2,1,10,2026-04-25,https://www.jra.go.jp/datafile/seiseki/report/2026/2026-2tokyo1.pdf,e3cefb4d46170f67fe882040ec6d421905138f7539d1073446baa7d2904893c0,official_race_marker_verified,1400,flat,dirt,,left,,Maiden,0.0,0,1400かまくら鎌倉ステークス発走15時00分(ダート・左)4歳以上、3勝クラス、除未出走馬および未勝利馬;負担重量は、58、牝馬2減賞品
202605020111,2026,東京,2,1,11,2026-04-25,https://www.jra.go.jp/datafile/seiseki/report/2026/2026-2tokyo1.pdf,e3cefb4d46170f67fe882040ec6d421905138f7539d1073446baa7d2904893c0,official_race_marker_verified,2400,flat,turf,,left,0.0,Open,1.0,1,2400第33回テレビ東京杯青葉賞(GII)発走15時45分(ダービートライアル)(芝・左)3歳;負担重量は、馬齢重量テレビ東京賞(1着)賞品
202605020112,2026,東京,2,1,12,2026-04-25,https://www.jra.go.jp/datafile/seiseki/report/2026/2026-2tokyo1.pdf,e3cefb4d46170f67fe882040ec6d421905138f7539d1073446baa7d2904893c0,official_race_marker_verified,1600,flat,dirt,,left,,Class2,0.0,0,16004歳以上2勝クラス発走16時30分(ダート・左)負担重量は、58、牝馬2減
202605021001,2026,東京,2,10,1,2026-05-24,https://www.jra.go.jp/datafile/seiseki/report/2026/2026-2tokyo10.pdf,d1ebc2414217deb64181b5fae294eec827a6ba0e8ef4e4b1049c9c5991798390,official_race_marker_verified,1400,flat,dirt,,left,0.0,Maiden,0.0,0,14003歳未勝利発走10時00分(ダート・左)牝;負担重量は、馬齢重量
202605021002,2026,東京,2,10,2,2026-05-24,https://www.jra.go.jp/datafile/seiseki/report/2026/2026-2tokyo10.pdf,d1ebc2414217deb64181b5fae294eec827a6ba0e8ef4e4b1049c9c5991798390,official_race_marker_verified,1600,flat,dirt,,left,0.0,Maiden,0.0,0,16003歳未勝利発走10時30分(ダート・左)負担重量は、馬齢重量
202605021003,2026,東京,2,10,3,2026-05-24,https://www.jra.go.jp/datafile/seiseki/report/2026/2026-2tokyo10.pdf,d1ebc2414217deb64181b5fae294eec827a6ba0e8ef4e4b1049c9c5991798390,official_race_marker_verified,1300,flat,dirt,,left,0.0,Maiden,0.0,0,13003歳未勝利発走11時00分(ダート・左)負担重量は、馬齢重量
202605021004,2026,東京,2,10,4,2026-05-24,https://www.jra.go.jp/datafile/seiseki/report/2026/2026-2tokyo10.pdf,d1ebc2414217deb64181b5fae294eec827a6ba0e8ef4e4b1049c9c5991798390,official_race_marker_verified,1600,flat,turf,,left,0.0,Maiden,0.0,0,16003歳未勝利発走11時30分(芝・左)牝;負担重量は、馬齢重量
202605021005,2026,東京,2,10,5,2026-05-24,https://www.jra.go.jp/datafile/seiseki/report/2026/2026-2tokyo10.pdf,d1ebc2414217deb64181b5fae294eec827a6ba0e8ef4e4b1049c9c5991798390,official_race_marker_verified,1800,flat,turf,,left,0.0,Maiden,0.0,0,18003歳未勝利発走12時20分(芝・左)負担重量は、馬齢重量
202605021006,2026,東京,2,10,6,2026-05-24,https://www.jra.go.jp/datafile/seiseki/report/2026/2026-2tokyo10.pdf,d1ebc2414217deb64181b5fae294eec827a6ba0e8ef4e4b1049c9c5991798390,official_race_marker_verified,1400,flat,dirt,,left,0.0,Class1,0.0,0,14003歳1勝クラス発走12時50分(ダート・左)負担重量は、馬齢重量
202605021007,2026,東京,2,10,7,2026-05-24,https://www.jra.go.jp/datafile/seiseki/report/2026/2026-2tokyo10.pdf,d1ebc2414217deb64181b5fae294eec827a6ba0e8ef4e4b1049c9c5991798390,official_race_marker_verified,2400,flat,turf,,left,,Class1,0.0,0,24004歳以上1勝クラス発走13時20分(芝・左)負担重量は、58、牝馬2減
202605021008,2026,東京,2,10,8,2026-05-24,https://www.jra.go.jp/datafile/seiseki/report/2026/2026-2tokyo10.pdf,d1ebc2414217deb64181b5fae294eec827a6ba0e8ef4e4b1049c9c5991798390,official_race_marker_verified,1600,flat,dirt,,left,,Class2,0.0,0,1600みつみねさん三峰山特別発走13時50分(ダート・左)4歳以上、2勝クラス;負担重量は、58、牝馬2減賞品
202605021009,2026,東京,2,10,9,2026-05-24,https://www.jra.go.jp/datafile/seiseki/report/2026/2026-2tokyo10.pdf,d1ebc2414217deb64181b5fae294eec827a6ba0e8ef4e4b1049c9c5991798390,official_race_marker_verified,1800,flat,turf,,left,1.0,Class2,0.0,0,1800こくぶんじ国分寺特別発走14時25分(芝・左)4歳以上、2勝クラス;負担重量は、ハンデキャップ賞品
202605021010,2026,東京,2,10,10,2026-05-24,https://www.jra.go.jp/datafile/seiseki/report/2026/2026-2tokyo10.pdf,d1ebc2414217deb64181b5fae294eec827a6ba0e8ef4e4b1049c9c5991798390,official_race_marker_verified,1400,flat,turf,,left,,Maiden,0.0,0,1400フリーウェイステークス発走15時00分(芝・左)4歳以上、3勝クラス、除未出走馬および未勝利馬;負担重量は、58、牝馬2減賞品
202605021011,2026,東京,2,10,11,2026-05-24,https://www.jra.go.jp/datafile/seiseki/report/2026/2026-2tokyo10.pdf,d1ebc2414217deb64181b5fae294eec827a6ba0e8ef4e4b1049c9c5991798390,official_race_marker_verified,2400,flat,turf,,left,0.0,Open,1.0,1,2400優駿牝馬(GI)発走15時40分(第87回オークス)(芝・左)牝、3歳、除未出走馬および未勝利馬;負担重量は、馬齢重量内閣総理大臣賞・日本馬主協会連合会会長賞(1着)賞品
202605021012,2026,東京,2,10,12,2026-05-24,https://www.jra.go.jp/datafile/seiseki/report/2026/2026-2tokyo10.pdf,d1ebc2414217deb64181b5fae294eec827a6ba0e8ef4e4b1049c9c5991798390,official_race_marker_verified,2100,flat,dirt,,left,1.0,Maiden,0.0,0,2100たんざわ丹沢ステークス発走16時30分(ダート・左)4歳以上、3勝クラス、除未出走馬および未勝利馬;負担重量は、ハンデキャップ賞品
202605021101,2026,東京,2,11,1,2026-05-30,https://www.jra.go.jp/datafile/seiseki/report/2026/2026-2tokyo11.pdf,2ea7866e8b09f69147fd79e2e9586b2caab53a150cfbb3c5810ecbbc71b4df4a,official_race_marker_verified,1400,flat,dirt,,left,0.0,Maiden,0.0,0,14003歳未勝利発走9時50分(ダート・左)負担重量は、馬齢重量
202605021102,2026,東京,2,11,2,2026-05-30,https://www.jra.go.jp/datafile/seiseki/report/2026/2026-2tokyo11.pdf,2ea7866e8b09f69147fd79e2e9586b2caab53a150cfbb3c5810ecbbc71b4df4a,official_race_marker_verified,2400,flat,turf,,left,0.0,Maiden,0.0,0,24003歳未勝利発走10時20分(芝・左)負担重量は、馬齢重量
202605021103,2026,東京,2,11,3,2026-05-30,https://www.jra.go.jp/datafile/seiseki/report/2026/2026-2tokyo11.pdf,2ea7866e8b09f69147fd79e2e9586b2caab53a150cfbb3c5810ecbbc71b4df4a,official_race_marker_verified,1400,flat,turf,,left,0.0,Maiden,0.0,0,14003歳未勝利発走10時50分(芝・左)負担重量は、馬齢重量
202605021104,2026,東京,2,11,4,2026-05-30,https://www.jra.go.jp/datafile/seiseki/report/2026/2026-2tokyo11.pdf,2ea7866e8b09f69147fd79e2e9586b2caab53a150cfbb3c5810ecbbc71b4df4a,official_race_marker_verified,3000,obstacle,turf,,,,Maiden,0.0,0,3000障害4歳以上未勝利発走11時20分(芝・ダート)負担重量は、4歳595歳以上60、牝馬2減
202605021105,2026,東京,2,11,5,2026-05-30,https://www.jra.go.jp/datafile/seiseki/report/2026/2026-2tokyo11.pdf,2ea7866e8b09f69147fd79e2e9586b2caab53a150cfbb3c5810ecbbc71b4df4a,official_race_marker_verified,2000,flat,turf,,left,0.0,Maiden,0.0,0,20003歳未勝利発走12時10分(芝・左)負担重量は、馬齢重量
202605021106,2026,東京,2,11,6,2026-05-30,https://www.jra.go.jp/datafile/seiseki/report/2026/2026-2tokyo11.pdf,2ea7866e8b09f69147fd79e2e9586b2caab53a150cfbb3c5810ecbbc71b4df4a,official_race_marker_verified,1600,flat,dirt,,left,0.0,Class1,0.0,0,16003歳1勝クラス発走12時40分(ダート・左)負担重量は、馬齢重量
202605021107,2026,東京,2,11,7,2026-05-30,https://www.jra.go.jp/datafile/seiseki/report/2026/2026-2tokyo11.pdf,2ea7866e8b09f69147fd79e2e9586b2caab53a150cfbb3c5810ecbbc71b4df4a,official_race_marker_verified,1400,flat,turf,,left,0.0,Class1,0.0,0,14003歳1勝クラス発走13時10分(芝・左)負担重量は、馬齢重量
202605021108,2026,東京,2,11,8,2026-05-30,https://www.jra.go.jp/datafile/seiseki/report/2026/2026-2tokyo11.pdf,2ea7866e8b09f69147fd79e2e9586b2caab53a150cfbb3c5810ecbbc71b4df4a,official_race_marker_verified,1600,flat,dirt,,left,,Class1,0.0,0,16004歳以上1勝クラス発走13時40分(ダート・左)負担重量は、58、牝馬2減
202605021109,2026,東京,2,11,9,2026-05-30,https://www.jra.go.jp/datafile/seiseki/report/2026/2026-2tokyo11.pdf,2ea7866e8b09f69147fd79e2e9586b2caab53a150cfbb3c5810ecbbc71b4df4a,official_race_marker_verified,1400,flat,dirt,,left,,Class2,0.0,0,1400ふがく富嶽賞発走14時15分(ダート・左)4歳以上、2勝クラス;負担重量は、58、牝馬2減賞品
202605021110,2026,東京,2,11,10,2026-05-30,https://www.jra.go.jp/datafile/seiseki/report/2026/2026-2tokyo11.pdf,2ea7866e8b09f69147fd79e2e9586b2caab53a150cfbb3c5810ecbbc71b4df4a,official_race_marker_verified,1600,flat,turf,,left,,Class2,0.0,0,1600はやま葉山特別発走14時50分(芝・左)4歳以上、2勝クラス;負担重量は、58、牝馬2減賞品
202605021111,2026,東京,2,11,11,2026-05-30,https://www.jra.go.jp/datafile/seiseki/report/2026/2026-2tokyo11.pdf,2ea7866e8b09f69147fd79e2e9586b2caab53a150cfbb3c5810ecbbc71b4df4a,official_race_marker_verified,1600,flat,dirt,,left,,Maiden,0.0,0,1600アハルテケステークス発走15時30分(ダート・左)4歳以上、除未出走馬および未勝利馬;負担重量は、日本馬:57、牝馬2減、収得賞金1600万円超過馬は超過額1200万円毎1増、:57、牝馬2減、GI競走1着馬5増、GII競走1着馬3増、GIII競走1着馬1増(ただし2歳時の成績を除く)賞品
202605021112,2026,東京,2,11,12,2026-05-30,https://www.jra.go.jp/datafile/seiseki/report/2026/2026-2tokyo11.pdf,2ea7866e8b09f69147fd79e2e9586b2caab53a150cfbb3c5810ecbbc71b4df4a,official_race_marker_verified,2100,flat,dirt,,left,,Class2,0.0,0,21004歳以上2勝クラス発走16時10分(ダート・左)負担重量は、58、牝馬2減
202605021201,2026,東京,2,12,1,2026-05-31,https://www.jra.go.jp/datafile/seiseki/report/2026/2026-2tokyo12.pdf,883aa82f75fc73a6274f2a48bd17dd1bf004a1322fa122b5f0e991230b90ae9c,official_race_marker_verified,1600,flat,dirt,,left,0.0,Maiden,0.0,0,16003歳未勝利発走9時40分(ダート・左)牝;負担重量は、馬齢重量
202605021202,2026,東京,2,12,2,2026-05-31,https://www.jra.go.jp/datafile/seiseki/report/2026/2026-2tokyo12.pdf,883aa82f75fc73a6274f2a48bd17dd1bf004a1322fa122b5f0e991230b90ae9c,official_race_marker_verified,1400,flat,dirt,,left,0.0,Maiden,0.0,0,14003歳未勝利発走10時10分(ダート・左)負担重量は、馬齢重量
202605021203,2026,東京,2,12,3,2026-05-31,https://www.jra.go.jp/datafile/seiseki/report/2026/2026-2tokyo12.pdf,883aa82f75fc73a6274f2a48bd17dd1bf004a1322fa122b5f0e991230b90ae9c,official_race_marker_verified,1600,flat,dirt,,left,0.0,Maiden,0.0,0,16003歳未勝利発走10時40分(ダート・左)負担重量は、馬齢重量
202605021204,2026,東京,2,12,4,2026-05-31,https://www.jra.go.jp/datafile/seiseki/report/2026/2026-2tokyo12.pdf,883aa82f75fc73a6274f2a48bd17dd1bf004a1322fa122b5f0e991230b90ae9c,official_race_marker_verified,1600,flat,turf,,left,0.0,Maiden,0.0,0,16003歳未勝利発走11時10分(芝・左)負担重量は、馬齢重量
202605021205,2026,東京,2,12,5,2026-05-31,https://www.jra.go.jp/datafile/seiseki/report/2026/2026-2tokyo12.pdf,883aa82f75fc73a6274f2a48bd17dd1bf004a1322fa122b5f0e991230b90ae9c,official_race_marker_verified,1400,flat,dirt,,left,0.0,Class1,0.0,0,14003歳1勝クラス発走12時10分(ダート・左)負担重量は、馬齢重量
202605021206,2026,東京,2,12,6,2026-05-31,https://www.jra.go.jp/datafile/seiseki/report/2026/2026-2tokyo12.pdf,883aa82f75fc73a6274f2a48bd17dd1bf004a1322fa122b5f0e991230b90ae9c,official_race_marker_verified,1800,flat,turf,,left,,Class1,0.0,0,18004歳以上1勝クラス発走12時40分(芝・左)負担重量は、58、牝馬2減
202605021207,2026,東京,2,12,7,2026-05-31,https://www.jra.go.jp/datafile/seiseki/report/2026/2026-2tokyo12.pdf,883aa82f75fc73a6274f2a48bd17dd1bf004a1322fa122b5f0e991230b90ae9c,official_race_marker_verified,1400,flat,dirt,,left,,Class1,0.0,0,14004歳以上1勝クラス発走13時10分(ダート・左)負担重量は、58、牝馬2減
202605021208,2026,東京,2,12,8,2026-05-31,https://www.jra.go.jp/datafile/seiseki/report/2026/2026-2tokyo12.pdf,883aa82f75fc73a6274f2a48bd17dd1bf004a1322fa122b5f0e991230b90ae9c,official_race_marker_verified,2400,flat,turf,,left,,Class2,0.0,0,2400あおあらし青嵐賞発走13時45分(芝・左)4歳以上、2勝クラス;負担重量は、58、牝馬2減賞品
202605021209,2026,東京,2,12,9,2026-05-31,https://www.jra.go.jp/datafile/seiseki/report/2026/2026-2tokyo12.pdf,883aa82f75fc73a6274f2a48bd17dd1bf004a1322fa122b5f0e991230b90ae9c,official_race_marker_verified,1600,flat,dirt,,left,,Maiden,0.0,0,1600くんぷうARF杯薫風ステークス発走14時20分(ダート・左)4歳以上、3勝クラス、除未出走馬および未勝利馬;負担重量は、58、牝馬2減ARF賞(1着)賞品
202605021210,2026,東京,2,12,10,2026-05-31,https://www.jra.go.jp/datafile/seiseki/report/2026/2026-2tokyo12.pdf,883aa82f75fc73a6274f2a48bd17dd1bf004a1322fa122b5f0e991230b90ae9c,official_race_marker_verified,1800,flat,turf,,left,1.0,Maiden,0.0,0,1800IFHA杯むらさき賞発走14時55分(芝・左)4歳以上、3勝クラス、除未出走馬および未勝利馬;負担重量は、ハンデキャップIFHA賞(1着)賞品
202605021211,2026,東京,2,12,11,2026-05-31,https://www.jra.go.jp/datafile/seiseki/report/2026/2026-2tokyo12.pdf,883aa82f75fc73a6274f2a48bd17dd1bf004a1322fa122b5f0e991230b90ae9c,official_race_marker_verified,2400,flat,turf,,left,0.0,Open,1.0,1,2400東京優駿(GI)発走15時40分(第93回日本ダービー)(芝・左)牡・牝、3歳、除未出走馬および未勝利馬;負担重量は、馬齢重量内閣総理大臣賞・日本馬主協会連合会会長賞・東京馬主協会賞(1着)賞品
202605021212,2026,東京,2,12,12,2026-05-31,https://www.jra.go.jp/datafile/seiseki/report/2026/2026-2tokyo12.pdf,883aa82f75fc73a6274f2a48bd17dd1bf004a1322fa122b5f0e991230b90ae9c,official_race_marker_verified,2500,flat,turf,,left,1.0,Open,1.0,1,第140回農林水産省賞典2500目黒記念(GII)発走17時00分(芝・左)4歳以上、除未出走馬および未勝利馬;負担重量は、ハンデキャップ農林水産大臣賞(1着)賞品
202605020201,2026,東京,2,2,1,2026-04-26,https://www.jra.go.jp/datafile/seiseki/report/2026/2026-2tokyo2.pdf,dd8e29b7996ab4fb4a86cc6e613fb1a09f8ca24030439ea37736ee468ef84330,official_race_marker_verified,1400,flat,dirt,,left,0.0,Maiden,0.0,0,14003歳未勝利発走10時05分(ダート・左)牝;負担重量は、馬齢重量
202605020202,2026,東京,2,2,2,2026-04-26,https://www.jra.go.jp/datafile/seiseki/report/2026/2026-2tokyo2.pdf,dd8e29b7996ab4fb4a86cc6e613fb1a09f8ca24030439ea37736ee468ef84330,official_race_marker_verified,1600,flat,dirt,,left,0.0,Maiden,0.0,0,16003歳未勝利発走10時35分(ダート・左)負担重量は、馬齢重量
202605020203,2026,東京,2,2,3,2026-04-26,https://www.jra.go.jp/datafile/seiseki/report/2026/2026-2tokyo2.pdf,dd8e29b7996ab4fb4a86cc6e613fb1a09f8ca24030439ea37736ee468ef84330,official_race_marker_verified,1300,flat,dirt,,left,0.0,Maiden,0.0,0,13003歳未勝利発走11時05分(ダート・左)負担重量は、馬齢重量
202605020204,2026,東京,2,2,4,2026-04-26,https://www.jra.go.jp/datafile/seiseki/report/2026/2026-2tokyo2.pdf,dd8e29b7996ab4fb4a86cc6e613fb1a09f8ca24030439ea37736ee468ef84330,official_race_marker_verified,2400,flat,turf,,left,0.0,Maiden,0.0,0,24003歳未勝利発走11時35分(芝・左)負担重量は、馬齢重量
202605020205,2026,東京,2,2,5,2026-04-26,https://www.jra.go.jp/datafile/seiseki/report/2026/2026-2tokyo2.pdf,dd8e29b7996ab4fb4a86cc6e613fb1a09f8ca24030439ea37736ee468ef84330,official_race_marker_verified,1800,flat,turf,,left,0.0,Maiden,0.0,0,18003歳未勝利発走12時25分(芝・左)負担重量は、馬齢重量
202605020206,2026,東京,2,2,6,2026-04-26,https://www.jra.go.jp/datafile/seiseki/report/2026/2026-2tokyo2.pdf,dd8e29b7996ab4fb4a86cc6e613fb1a09f8ca24030439ea37736ee468ef84330,official_race_marker_verified,1600,flat,turf,,left,0.0,Class1,0.0,0,16003歳1勝クラス発走12時55分(芝・左)負担重量は、馬齢重量
202605020207,2026,東京,2,2,7,2026-04-26,https://www.jra.go.jp/datafile/seiseki/report/2026/2026-2tokyo2.pdf,dd8e29b7996ab4fb4a86cc6e613fb1a09f8ca24030439ea37736ee468ef84330,official_race_marker_verified,1600,flat,dirt,,left,,Class1,0.0,0,16004歳以上1勝クラス発走13時25分(ダート・左)負担重量は、58、牝馬2減
202605020208,2026,東京,2,2,8,2026-04-26,https://www.jra.go.jp/datafile/seiseki/report/2026/2026-2tokyo2.pdf,dd8e29b7996ab4fb4a86cc6e613fb1a09f8ca24030439ea37736ee468ef84330,official_race_marker_verified,1400,flat,turf,,left,,Class2,0.0,0,14004歳以上2勝クラス発走13時55分(芝・左)牝;負担重量は、56
202605020209,2026,東京,2,2,9,2026-04-26,https://www.jra.go.jp/datafile/seiseki/report/2026/2026-2tokyo2.pdf,dd8e29b7996ab4fb4a86cc6e613fb1a09f8ca24030439ea37736ee468ef84330,official_race_marker_verified,1400,flat,turf,,left,1.0,Maiden,0.0,0,1400しょうなん湘南ステークス発走14時25分(芝・左)4歳以上、3勝クラス、除未出走馬および未勝利馬;負担重量は、ハンデキャップ賞品
202605020210,2026,東京,2,2,10,2026-04-26,https://www.jra.go.jp/datafile/seiseki/report/2026/2026-2tokyo2.pdf,dd8e29b7996ab4fb4a86cc6e613fb1a09f8ca24030439ea37736ee468ef84330,official_race_marker_verified,1600,flat,dirt,,left,1.0,Maiden,0.0,0,1600オアシスステークス(L)発走15時00分(ダート・左)4歳以上、除未出走馬および未勝利馬;負担重量は、ハンデキャップ賞品
202605020211,2026,東京,2,2,11,2026-04-26,https://www.jra.go.jp/datafile/seiseki/report/2026/2026-2tokyo2.pdf,dd8e29b7996ab4fb4a86cc6e613fb1a09f8ca24030439ea37736ee468ef84330,official_race_marker_verified,2000,flat,turf,,left,0.0,Open,1.0,1,2000第61回サンケイスポーツ賞フローラステークス(GII)発走15時45分(オークストライアル)(芝・左)牝、3歳;負担重量は、馬齢重量サンケイスポーツ賞(1着)賞品
202605020212,2026,東京,2,2,12,2026-04-26,https://www.jra.go.jp/datafile/seiseki/report/2026/2026-2tokyo2.pdf,dd8e29b7996ab4fb4a86cc6e613fb1a09f8ca24030439ea37736ee468ef84330,official_race_marker_verified,1400,flat,dirt,,left,,Class2,0.0,0,14004歳以上2勝クラス発走16時30分(ダート・左)負担重量は、58、牝馬2減
202605020301,2026,東京,2,3,1,2026-05-02,https://www.jra.go.jp/datafile/seiseki/report/2026/2026-2tokyo3.pdf,72a42a6127e8f84c889dba614f5fbcd9a5ba98bd4ad632cde629a1ba855bcf88,official_race_marker_verified,1400,flat,dirt,,left,0.0,Maiden,0.0,0,14003歳未勝利発走10時05分(ダート・左)牝;負担重量は、馬齢重量
202605020302,2026,東京,2,3,2,2026-05-02,https://www.jra.go.jp/datafile/seiseki/report/2026/2026-2tokyo3.pdf,72a42a6127e8f84c889dba614f5fbcd9a5ba98bd4ad632cde629a1ba855bcf88,official_race_marker_verified,1600,flat,dirt,,left,0.0,Maiden,0.0,0,16003歳未勝利発走10時40分(ダート・左)負担重量は、馬齢重量
202605020303,2026,東京,2,3,3,2026-05-02,https://www.jra.go.jp/datafile/seiseki/report/2026/2026-2tokyo3.pdf,72a42a6127e8f84c889dba614f5fbcd9a5ba98bd4ad632cde629a1ba855bcf88,official_race_marker_verified,2100,flat,dirt,,left,0.0,Maiden,0.0,0,21003歳未勝利発走11時10分(ダート・左)負担重量は、馬齢重量
202605020304,2026,東京,2,3,4,2026-05-02,https://www.jra.go.jp/datafile/seiseki/report/2026/2026-2tokyo3.pdf,72a42a6127e8f84c889dba614f5fbcd9a5ba98bd4ad632cde629a1ba855bcf88,official_race_marker_verified,2000,flat,turf,,left,0.0,Maiden,0.0,0,20003歳未勝利発走11時40分(芝・左)負担重量は、馬齢重量
202605020305,2026,東京,2,3,5,2026-05-02,https://www.jra.go.jp/datafile/seiseki/report/2026/2026-2tokyo3.pdf,72a42a6127e8f84c889dba614f5fbcd9a5ba98bd4ad632cde629a1ba855bcf88,official_race_marker_verified,1400,flat,turf,,left,0.0,Class1,0.0,0,14003歳1勝クラス発走12時30分(芝・左)負担重量は、馬齢重量
202605020306,2026,東京,2,3,6,2026-05-02,https://www.jra.go.jp/datafile/seiseki/report/2026/2026-2tokyo3.pdf,72a42a6127e8f84c889dba614f5fbcd9a5ba98bd4ad632cde629a1ba855bcf88,official_race_marker_verified,2000,flat,turf,,left,,Class1,0.0,0,20004歳以上1勝クラス発走13時00分(芝・左)負担重量は、58、牝馬2減
202605020307,2026,東京,2,3,7,2026-05-02,https://www.jra.go.jp/datafile/seiseki/report/2026/2026-2tokyo3.pdf,72a42a6127e8f84c889dba614f5fbcd9a5ba98bd4ad632cde629a1ba855bcf88,official_race_marker_verified,1400,flat,dirt,,left,,Class1,0.0,0,14004歳以上1勝クラス発走13時30分(ダート・左)負担重量は、58、牝馬2減
202605020308,2026,東京,2,3,8,2026-05-02,https://www.jra.go.jp/datafile/seiseki/report/2026/2026-2tokyo3.pdf,72a42a6127e8f84c889dba614f5fbcd9a5ba98bd4ad632cde629a1ba855bcf88,official_race_marker_verified,2400,flat,turf,,left,,Class2,0.0,0,24004歳以上2勝クラス発走14時00分(芝・左)負担重量は、58、牝馬2減
202605020309,2026,東京,2,3,9,2026-05-02,https://www.jra.go.jp/datafile/seiseki/report/2026/2026-2tokyo3.pdf,72a42a6127e8f84c889dba614f5fbcd9a5ba98bd4ad632cde629a1ba855bcf88,official_race_marker_verified,2100,flat,dirt,,left,,Maiden,0.0,0,2100これまさ是政ステークス発走14時30分(ダート・左)4歳以上、3勝クラス、除未出走馬および未勝利馬;負担重量は、58、牝馬2減賞品
202605020310,2026,東京,2,3,10,2026-05-02,https://www.jra.go.jp/datafile/seiseki/report/2026/2026-2tokyo3.pdf,72a42a6127e8f84c889dba614f5fbcd9a5ba98bd4ad632cde629a1ba855bcf88,official_race_marker_verified,1800,flat,turf,,left,0.0,Open,1.0,1,1800スイートピーステークス(L)発走15時05分(オークストライアル)(芝・左)牝、3歳;負担重量は、馬齢重量賞品
202605020311,2026,東京,2,3,11,2026-05-02,https://www.jra.go.jp/datafile/seiseki/report/2026/2026-2tokyo3.pdf,72a42a6127e8f84c889dba614f5fbcd9a5ba98bd4ad632cde629a1ba855bcf88,official_race_marker_verified,1400,flat,turf,,left,,Open,1.0,1,1400第71回京王杯スプリングカップ(GII)発走15時45分(芝・左)4歳以上、除未出走馬および未勝利馬;負担重量は、57、牝馬2減、2025.5.3以降GI競走(牝馬限定競走を除く)1着馬2増、牝馬限定GI競走またはGII競走(牝馬限定競走を除く)1着馬1増、2025.5.2以前のGI競走(牝馬限定競走を除く)1着馬1増(ただし2歳時の成績を除く)京王電鉄株式会社賞(1着)賞品
202605020312,2026,東京,2,3,12,2026-05-02,https://www.jra.go.jp/datafile/seiseki/report/2026/2026-2tokyo3.pdf,72a42a6127e8f84c889dba614f5fbcd9a5ba98bd4ad632cde629a1ba855bcf88,official_race_marker_verified,1600,flat,dirt,,left,,Class2,0.0,0,16004歳以上2勝クラス発走16時30分(ダート・左)負担重量は、58、牝馬2減
202605020401,2026,東京,2,4,1,2026-05-03,https://www.jra.go.jp/datafile/seiseki/report/2026/2026-2tokyo4.pdf,e0e16d430d70c0fbb3f7a732d2f3693c61ca42af0e1018156003f5bdf10d632c,official_race_marker_verified,1600,flat,dirt,,left,0.0,Maiden,0.0,0,16003歳未勝利発走9時50分(ダート・左)牝;負担重量は、馬齢重量
202605020402,2026,東京,2,4,2,2026-05-03,https://www.jra.go.jp/datafile/seiseki/report/2026/2026-2tokyo4.pdf,e0e16d430d70c0fbb3f7a732d2f3693c61ca42af0e1018156003f5bdf10d632c,official_race_marker_verified,1400,flat,dirt,,left,0.0,Maiden,0.0,0,14003歳未勝利発走10時20分(ダート・左)負担重量は、馬齢重量
202605020403,2026,東京,2,4,3,2026-05-03,https://www.jra.go.jp/datafile/seiseki/report/2026/2026-2tokyo4.pdf,e0e16d430d70c0fbb3f7a732d2f3693c61ca42af0e1018156003f5bdf10d632c,official_race_marker_verified,1600,flat,dirt,,left,0.0,Maiden,0.0,0,16003歳未勝利発走10時50分(ダート・左)負担重量は、馬齢重量
202605020404,2026,東京,2,4,4,2026-05-03,https://www.jra.go.jp/datafile/seiseki/report/2026/2026-2tokyo4.pdf,e0e16d430d70c0fbb3f7a732d2f3693c61ca42af0e1018156003f5bdf10d632c,official_race_marker_verified,1600,flat,turf,,left,0.0,Maiden,0.0,0,16003歳未勝利発走11時20分(芝・左)負担重量は、馬齢重量
202605020405,2026,東京,2,4,5,2026-05-03,https://www.jra.go.jp/datafile/seiseki/report/2026/2026-2tokyo4.pdf,e0e16d430d70c0fbb3f7a732d2f3693c61ca42af0e1018156003f5bdf10d632c,official_race_marker_verified,1800,flat,turf,,left,0.0,Maiden,0.0,0,18003歳未勝利発走12時10分(芝・左)負担重量は、馬齢重量
202605020406,2026,東京,2,4,6,2026-05-03,https://www.jra.go.jp/datafile/seiseki/report/2026/2026-2tokyo4.pdf,e0e16d430d70c0fbb3f7a732d2f3693c61ca42af0e1018156003f5bdf10d632c,official_race_marker_verified,1400,flat,dirt,,left,0.0,Class1,0.0,0,14003歳1勝クラス発走12時40分(ダート・左)負担重量は、馬齢重量
202605020407,2026,東京,2,4,7,2026-05-03,https://www.jra.go.jp/datafile/seiseki/report/2026/2026-2tokyo4.pdf,e0e16d430d70c0fbb3f7a732d2f3693c61ca42af0e1018156003f5bdf10d632c,official_race_marker_verified,1600,flat,dirt,,left,,Class1,0.0,0,16004歳以上1勝クラス発走13時10分(ダート・左)負担重量は、58、牝馬2減
202605020408,2026,東京,2,4,8,2026-05-03,https://www.jra.go.jp/datafile/seiseki/report/2026/2026-2tokyo4.pdf,e0e16d430d70c0fbb3f7a732d2f3693c61ca42af0e1018156003f5bdf10d632c,official_race_marker_verified,1600,flat,turf,,left,,Class2,0.0,0,16004歳以上2勝クラス発走13時40分(芝・左)負担重量は、58、牝馬2減
202605020409,2026,東京,2,4,9,2026-05-03,https://www.jra.go.jp/datafile/seiseki/report/2026/2026-2tokyo4.pdf,e0e16d430d70c0fbb3f7a732d2f3693c61ca42af0e1018156003f5bdf10d632c,official_race_marker_verified,2000,flat,turf,,left,,Maiden,0.0,0,2000ふちゅう府中ステークス発走14時15分(芝・左)4歳以上、3勝クラス、除未出走馬および未勝利馬;負担重量は、58、牝馬2減府中市長賞(1着)賞品
202605020410,2026,東京,2,4,10,2026-05-03,https://www.jra.go.jp/datafile/seiseki/report/2026/2026-2tokyo4.pdf,e0e16d430d70c0fbb3f7a732d2f3693c61ca42af0e1018156003f5bdf10d632c,official_race_marker_verified,2100,flat,dirt,,left,1.0,Maiden,0.0,0,2100ブリリアントステークス(L)発走14時50分(ダート・左)4歳以上、除未出走馬および未勝利馬;負担重量は、ハンデキャップ賞品
202605020411,2026,東京,2,4,11,2026-05-03,https://www.jra.go.jp/datafile/seiseki/report/2026/2026-2tokyo4.pdf,e0e16d430d70c0fbb3f7a732d2f3693c61ca42af0e1018156003f5bdf10d632c,official_race_marker_verified,2000,flat,turf,,left,0.0,Open,1.0,1,2000プリンシパルステークス(L)発走15時25分(ダービートライアル)(芝・左)3歳;負担重量は、馬齢重量賞品
202605020412,2026,東京,2,4,12,2026-05-03,https://www.jra.go.jp/datafile/seiseki/report/2026/2026-2tokyo4.pdf,e0e16d430d70c0fbb3f7a732d2f3693c61ca42af0e1018156003f5bdf10d632c,official_race_marker_verified,1300,flat,dirt,,left,,Class2,0.0,0,13004歳以上2勝クラス発走16時10分(ダート・左)負担重量は、58、牝馬2減
202605020501,2026,東京,2,5,1,2026-05-09,https://www.jra.go.jp/datafile/seiseki/report/2026/2026-2tokyo5.pdf,685571c10c07efb3f12ac72580dcfaf449cfe4d093fb2141d1b63d712f2c8b38,official_race_marker_verified,1300,flat,dirt,,left,0.0,Maiden,0.0,0,13003歳未勝利発走10時05分(ダート・左)負担重量は、馬齢重量
202605020502,2026,東京,2,5,2,2026-05-09,https://www.jra.go.jp/datafile/seiseki/report/2026/2026-2tokyo5.pdf,685571c10c07efb3f12ac72580dcfaf449cfe4d093fb2141d1b63d712f2c8b38,official_race_marker_verified,2100,flat,dirt,,left,0.0,Maiden,0.0,0,21003歳未勝利発走10時40分(ダート・左)負担重量は、馬齢重量
202605020503,2026,東京,2,5,3,2026-05-09,https://www.jra.go.jp/datafile/seiseki/report/2026/2026-2tokyo5.pdf,685571c10c07efb3f12ac72580dcfaf449cfe4d093fb2141d1b63d712f2c8b38,official_race_marker_verified,1600,flat,dirt,,left,0.0,Maiden,0.0,0,16003歳未勝利発走11時10分(ダート・左)負担重量は、馬齢重量
202605020504,2026,東京,2,5,4,2026-05-09,https://www.jra.go.jp/datafile/seiseki/report/2026/2026-2tokyo5.pdf,685571c10c07efb3f12ac72580dcfaf449cfe4d093fb2141d1b63d712f2c8b38,official_race_marker_verified,2400,flat,turf,,left,0.0,Maiden,0.0,0,24003歳未勝利発走11時40分(芝・左)負担重量は、馬齢重量
202605020505,2026,東京,2,5,5,2026-05-09,https://www.jra.go.jp/datafile/seiseki/report/2026/2026-2tokyo5.pdf,685571c10c07efb3f12ac72580dcfaf449cfe4d093fb2141d1b63d712f2c8b38,official_race_marker_verified,1400,flat,turf,,left,0.0,Maiden,0.0,0,14003歳未勝利発走12時30分(芝・左)負担重量は、馬齢重量
202605020506,2026,東京,2,5,6,2026-05-09,https://www.jra.go.jp/datafile/seiseki/report/2026/2026-2tokyo5.pdf,685571c10c07efb3f12ac72580dcfaf449cfe4d093fb2141d1b63d712f2c8b38,official_race_marker_verified,1800,flat,turf,,left,0.0,Class1,0.0,0,18003歳1勝クラス発走13時00分(芝・左)負担重量は、馬齢重量
202605020507,2026,東京,2,5,7,2026-05-09,https://www.jra.go.jp/datafile/seiseki/report/2026/2026-2tokyo5.pdf,685571c10c07efb3f12ac72580dcfaf449cfe4d093fb2141d1b63d712f2c8b38,official_race_marker_verified,2100,flat,dirt,,left,,Class1,0.0,0,21004歳以上1勝クラス発走13時30分(ダート・左)負担重量は、58、牝馬2減
202605020508,2026,東京,2,5,8,2026-05-09,https://www.jra.go.jp/datafile/seiseki/report/2026/2026-2tokyo5.pdf,685571c10c07efb3f12ac72580dcfaf449cfe4d093fb2141d1b63d712f2c8b38,official_race_marker_verified,2000,flat,turf,,left,,Class2,0.0,0,20004歳以上2勝クラス発走14時00分(芝・左)負担重量は、58、牝馬2減
202605020509,2026,東京,2,5,9,2026-05-09,https://www.jra.go.jp/datafile/seiseki/report/2026/2026-2tokyo5.pdf,685571c10c07efb3f12ac72580dcfaf449cfe4d093fb2141d1b63d712f2c8b38,official_race_marker_verified,1600,flat,turf,,left,,Maiden,0.0,0,1600ぶばいがわら分倍河原ステークス発走14時30分(芝・左)4歳以上、3勝クラス、除未出走馬および未勝利馬;負担重量は、58、牝馬2減賞品
202605020510,2026,東京,2,5,10,2026-05-09,https://www.jra.go.jp/datafile/seiseki/report/2026/2026-2tokyo5.pdf,685571c10c07efb3f12ac72580dcfaf449cfe4d093fb2141d1b63d712f2c8b38,official_race_marker_verified,1600,flat,dirt,,left,,Maiden,0.0,0,1600せいりゅう青竜ステークス発走15時05分(ダート・左)3歳、除未出走馬および未勝利馬;負担重量は、日本馬:馬齢重量、収得賞金1400万円毎1増、:馬齢重量、GI競走1着馬2増、GII競走またはGIII競走1着馬1増賞品
202605020511,2026,東京,2,5,11,2026-05-09,https://www.jra.go.jp/datafile/seiseki/report/2026/2026-2tokyo5.pdf,685571c10c07efb3f12ac72580dcfaf449cfe4d093fb2141d1b63d712f2c8b38,official_race_marker_verified,1800,flat,turf,,left,,Open,1.0,1,1800第43回エプソムカップ(GIII)発走15時45分(芝・左)4歳以上、除未出走馬および未勝利馬;負担重量は、57、牝馬2減、2025.5.10以降GI競走(牝馬限定競走を除く)1着馬3増、牝馬限定GI競走またはGII競走(牝馬限定競走を除く)1着馬2増、牝馬限定GII競走またはGIII競走(牝馬限定競走を除く)1着馬1増、2025.5.9以前のGI競走(牝馬限定競走を除く)1着馬2増、牝馬限定GI競走またはGII競走(牝馬限定競走を除く)1着馬1増(ただし2歳時の成績を除く)エプソム競馬場賞(1着)賞品
202605020512,2026,東京,2,5,12,2026-05-09,https://www.jra.go.jp/datafile/seiseki/report/2026/2026-2tokyo5.pdf,685571c10c07efb3f12ac72580dcfaf449cfe4d093fb2141d1b63d712f2c8b38,official_race_marker_verified,1400,flat,dirt,,left,,Class2,0.0,0,14004歳以上2勝クラス発走16時30分(ダート・左)牝;負担重量は、56
202605020601,2026,東京,2,6,1,2026-05-10,https://www.jra.go.jp/datafile/seiseki/report/2026/2026-2tokyo6.pdf,9734565bd12dff38d2fae2631795e5b52efb556e48832dd23b0146b446907dd0,official_race_marker_verified,1600,flat,dirt,,left,0.0,Maiden,0.0,0,16003歳未勝利発走10時05分(ダート・左)牝;負担重量は、馬齢重量
202605020602,2026,東京,2,6,2,2026-05-10,https://www.jra.go.jp/datafile/seiseki/report/2026/2026-2tokyo6.pdf,9734565bd12dff38d2fae2631795e5b52efb556e48832dd23b0146b446907dd0,official_race_marker_verified,1400,flat,dirt,,left,0.0,Maiden,0.0,0,14003歳未勝利発走10時35分(ダート・左)負担重量は、馬齢重量
202605020603,2026,東京,2,6,3,2026-05-10,https://www.jra.go.jp/datafile/seiseki/report/2026/2026-2tokyo6.pdf,9734565bd12dff38d2fae2631795e5b52efb556e48832dd23b0146b446907dd0,official_race_marker_verified,1600,flat,turf,,left,0.0,Maiden,0.0,0,16003歳未勝利発走11時05分(芝・左)負担重量は、馬齢重量
202605020604,2026,東京,2,6,4,2026-05-10,https://www.jra.go.jp/datafile/seiseki/report/2026/2026-2tokyo6.pdf,9734565bd12dff38d2fae2631795e5b52efb556e48832dd23b0146b446907dd0,official_race_marker_verified,2000,flat,turf,,left,0.0,Maiden,0.0,0,20003歳未勝利発走11時35分(芝・左)負担重量は、馬齢重量
202605020605,2026,東京,2,6,5,2026-05-10,https://www.jra.go.jp/datafile/seiseki/report/2026/2026-2tokyo6.pdf,9734565bd12dff38d2fae2631795e5b52efb556e48832dd23b0146b446907dd0,official_race_marker_verified,2100,flat,dirt,,left,0.0,Class1,0.0,0,21003歳1勝クラス発走12時25分(ダート・左)負担重量は、馬齢重量
202605020606,2026,東京,2,6,6,2026-05-10,https://www.jra.go.jp/datafile/seiseki/report/2026/2026-2tokyo6.pdf,9734565bd12dff38d2fae2631795e5b52efb556e48832dd23b0146b446907dd0,official_race_marker_verified,1400,flat,turf,,left,,Class1,0.0,0,14004歳以上1勝クラス発走12時55分(芝・左)負担重量は、58、牝馬2減
202605020607,2026,東京,2,6,7,2026-05-10,https://www.jra.go.jp/datafile/seiseki/report/2026/2026-2tokyo6.pdf,9734565bd12dff38d2fae2631795e5b52efb556e48832dd23b0146b446907dd0,official_race_marker_verified,1300,flat,dirt,,left,,Class1,0.0,0,13004歳以上1勝クラス発走13時25分(ダート・左)負担重量は、58、牝馬2減
202605020608,2026,東京,2,6,8,2026-05-10,https://www.jra.go.jp/datafile/seiseki/report/2026/2026-2tokyo6.pdf,9734565bd12dff38d2fae2631795e5b52efb556e48832dd23b0146b446907dd0,official_race_marker_verified,1400,flat,turf,,left,,Class2,0.0,0,14004歳以上2勝クラス発走13時55分(芝・左)負担重量は、58、牝馬2減
202605020609,2026,東京,2,6,9,2026-05-10,https://www.jra.go.jp/datafile/seiseki/report/2026/2026-2tokyo6.pdf,9734565bd12dff38d2fae2631795e5b52efb556e48832dd23b0146b446907dd0,official_race_marker_verified,2100,flat,dirt,,left,,Class2,0.0,0,2100ひよし日吉特別発走14時25分(ダート・左)4歳以上、2勝クラス;負担重量は、58、牝馬2減賞品
202605020610,2026,東京,2,6,10,2026-05-10,https://www.jra.go.jp/datafile/seiseki/report/2026/2026-2tokyo6.pdf,9734565bd12dff38d2fae2631795e5b52efb556e48832dd23b0146b446907dd0,official_race_marker_verified,2400,flat,turf,,left,,Maiden,0.0,0,2400メトロポリタンステークス(L)発走15時00分(芝・左)4歳以上、除未出走馬および未勝利馬;負担重量は、日本馬:57、牝馬2減、収得賞金1600万円超過馬は超過額1200万円毎1増、:57、牝馬2減、GI競走1着馬5増、GII競走1着馬3増、GIII競走1着馬1増(ただし2歳時の成績を除く)賞品
202605020611,2026,東京,2,6,11,2026-05-10,https://www.jra.go.jp/datafile/seiseki/report/2026/2026-2tokyo6.pdf,9734565bd12dff38d2fae2631795e5b52efb556e48832dd23b0146b446907dd0,official_race_marker_verified,1600,flat,turf,,left,0.0,Open,1.0,1,1600第31回NHKマイルカップ(GI)発走15時40分(芝・左)牡・牝、3歳、除未出走馬および未勝利馬;負担重量は、馬齢重量NHK杯・日本馬主協会連合会会長賞(1着)賞品
202605020612,2026,東京,2,6,12,2026-05-10,https://www.jra.go.jp/datafile/seiseki/report/2026/2026-2tokyo6.pdf,9734565bd12dff38d2fae2631795e5b52efb556e48832dd23b0146b446907dd0,official_race_marker_verified,1600,flat,dirt,,left,1.0,Maiden,0.0,0,1600りっか立夏ステークス発走16時30分(ダート・左)4歳以上、3勝クラス、除未出走馬および未勝利馬;負担重量は、ハンデキャップ賞品
202605020701,2026,東京,2,7,1,2026-05-16,https://www.jra.go.jp/datafile/seiseki/report/2026/2026-2tokyo7.pdf,a889ba1dd4f10dfc3d5ccac28e9c4ac29e12d3c9d3f27173ba6a02ba86294102,official_race_marker_verified,1400,flat,dirt,,left,0.0,Maiden,0.0,0,14003歳未勝利発走9時50分(ダート・左)牝;負担重量は、馬齢重量
202605020702,2026,東京,2,7,2,2026-05-16,https://www.jra.go.jp/datafile/seiseki/report/2026/2026-2tokyo7.pdf,a889ba1dd4f10dfc3d5ccac28e9c4ac29e12d3c9d3f27173ba6a02ba86294102,official_race_marker_verified,1600,flat,dirt,,left,0.0,Maiden,0.0,0,16003歳未勝利発走10時20分(ダート・左)負担重量は、馬齢重量
202605020703,2026,東京,2,7,3,2026-05-16,https://www.jra.go.jp/datafile/seiseki/report/2026/2026-2tokyo7.pdf,a889ba1dd4f10dfc3d5ccac28e9c4ac29e12d3c9d3f27173ba6a02ba86294102,official_race_marker_verified,1300,flat,dirt,,left,0.0,Maiden,0.0,0,13003歳未勝利発走10時50分(ダート・左)負担重量は、馬齢重量
202605020704,2026,東京,2,7,4,2026-05-16,https://www.jra.go.jp/datafile/seiseki/report/2026/2026-2tokyo7.pdf,a889ba1dd4f10dfc3d5ccac28e9c4ac29e12d3c9d3f27173ba6a02ba86294102,official_race_marker_verified,2000,flat,turf,,left,0.0,Maiden,0.0,0,20003歳未勝利発走11時20分(芝・左)牝;負担重量は、馬齢重量
202605020705,2026,東京,2,7,5,2026-05-16,https://www.jra.go.jp/datafile/seiseki/report/2026/2026-2tokyo7.pdf,a889ba1dd4f10dfc3d5ccac28e9c4ac29e12d3c9d3f27173ba6a02ba86294102,official_race_marker_verified,1400,flat,turf,,left,0.0,Maiden,0.0,0,14003歳未勝利発走12時10分(芝・左)負担重量は、馬齢重量
202605020706,2026,東京,2,7,6,2026-05-16,https://www.jra.go.jp/datafile/seiseki/report/2026/2026-2tokyo7.pdf,a889ba1dd4f10dfc3d5ccac28e9c4ac29e12d3c9d3f27173ba6a02ba86294102,official_race_marker_verified,2400,flat,turf,,left,0.0,Class1,0.0,0,24003歳1勝クラス発走12時40分(芝・左)負担重量は、馬齢重量
202605020707,2026,東京,2,7,7,2026-05-16,https://www.jra.go.jp/datafile/seiseki/report/2026/2026-2tokyo7.pdf,a889ba1dd4f10dfc3d5ccac28e9c4ac29e12d3c9d3f27173ba6a02ba86294102,official_race_marker_verified,1400,flat,dirt,,left,0.0,Class1,0.0,0,14003歳1勝クラス発走13時10分(ダート・左)負担重量は、馬齢重量
202605020708,2026,東京,2,7,8,2026-05-16,https://www.jra.go.jp/datafile/seiseki/report/2026/2026-2tokyo7.pdf,a889ba1dd4f10dfc3d5ccac28e9c4ac29e12d3c9d3f27173ba6a02ba86294102,official_race_marker_verified,1600,flat,dirt,,left,,Class1,0.0,0,16004歳以上1勝クラス発走13時45分(ダート・左)負担重量は、58、牝馬2減
202605020709,2026,東京,2,7,9,2026-05-16,https://www.jra.go.jp/datafile/seiseki/report/2026/2026-2tokyo7.pdf,a889ba1dd4f10dfc3d5ccac28e9c4ac29e12d3c9d3f27173ba6a02ba86294102,official_race_marker_verified,1800,flat,turf,,left,,Class2,0.0,0,1800ちょうふ調布特別発走14時20分(芝・左)牝、4歳以上、2勝クラス;負担重量は、56賞品
202605020710,2026,東京,2,7,10,2026-05-16,https://www.jra.go.jp/datafile/seiseki/report/2026/2026-2tokyo7.pdf,a889ba1dd4f10dfc3d5ccac28e9c4ac29e12d3c9d3f27173ba6a02ba86294102,official_race_marker_verified,1400,flat,dirt,,left,,Class2,0.0,0,1400たちかわ立川特別発走14時55分(ダート・左)4歳以上、2勝クラス;負担重量は、58、牝馬2減賞品
202605020711,2026,東京,2,7,11,2026-05-16,https://www.jra.go.jp/datafile/seiseki/report/2026/2026-2tokyo7.pdf,a889ba1dd4f10dfc3d5ccac28e9c4ac29e12d3c9d3f27173ba6a02ba86294102,official_race_marker_verified,2400,flat,turf,,left,,Maiden,0.0,0,2400ろくしゃ六社ステークス発走15時30分(芝・左)4歳以上、3勝クラス、除未出走馬および未勝利馬;負担重量は、58、牝馬2減賞品
202605020712,2026,東京,2,7,12,2026-05-16,https://www.jra.go.jp/datafile/seiseki/report/2026/2026-2tokyo7.pdf,a889ba1dd4f10dfc3d5ccac28e9c4ac29e12d3c9d3f27173ba6a02ba86294102,official_race_marker_verified,1600,flat,dirt,,left,,Class1,0.0,0,16004歳以上1勝クラス発走16時10分(ダート・左)牝;負担重量は、56
202605020801,2026,東京,2,8,1,2026-05-17,https://www.jra.go.jp/datafile/seiseki/report/2026/2026-2tokyo8.pdf,af9477d97c973676ecc5c3e9831c2cf2bd3f2b73f2ad8e2f9d72ec480d9c513f,official_race_marker_verified,1600,flat,dirt,,left,0.0,Maiden,0.0,0,16003歳未勝利発走10時05分(ダート・左)牝;負担重量は、馬齢重量
202605020802,2026,東京,2,8,2,2026-05-17,https://www.jra.go.jp/datafile/seiseki/report/2026/2026-2tokyo8.pdf,af9477d97c973676ecc5c3e9831c2cf2bd3f2b73f2ad8e2f9d72ec480d9c513f,official_race_marker_verified,1400,flat,dirt,,left,0.0,Maiden,0.0,0,14003歳未勝利発走10時35分(ダート・左)負担重量は、馬齢重量
202605020803,2026,東京,2,8,3,2026-05-17,https://www.jra.go.jp/datafile/seiseki/report/2026/2026-2tokyo8.pdf,af9477d97c973676ecc5c3e9831c2cf2bd3f2b73f2ad8e2f9d72ec480d9c513f,official_race_marker_verified,2100,flat,dirt,,left,0.0,Maiden,0.0,0,21003歳未勝利発走11時05分(ダート・左)負担重量は、馬齢重量
202605020804,2026,東京,2,8,4,2026-05-17,https://www.jra.go.jp/datafile/seiseki/report/2026/2026-2tokyo8.pdf,af9477d97c973676ecc5c3e9831c2cf2bd3f2b73f2ad8e2f9d72ec480d9c513f,official_race_marker_verified,1800,flat,turf,,left,0.0,Maiden,0.0,0,18003歳未勝利発走11時35分(芝・左)負担重量は、馬齢重量
202605020805,2026,東京,2,8,5,2026-05-17,https://www.jra.go.jp/datafile/seiseki/report/2026/2026-2tokyo8.pdf,af9477d97c973676ecc5c3e9831c2cf2bd3f2b73f2ad8e2f9d72ec480d9c513f,official_race_marker_verified,2400,flat,turf,,left,0.0,Maiden,0.0,0,24003歳未勝利発走12時25分(芝・左)負担重量は、馬齢重量
202605020806,2026,東京,2,8,6,2026-05-17,https://www.jra.go.jp/datafile/seiseki/report/2026/2026-2tokyo8.pdf,af9477d97c973676ecc5c3e9831c2cf2bd3f2b73f2ad8e2f9d72ec480d9c513f,official_race_marker_verified,1600,flat,dirt,,left,0.0,Class1,0.0,0,16003歳1勝クラス発走12時55分(ダート・左)牝;負担重量は、馬齢重量
202605020807,2026,東京,2,8,7,2026-05-17,https://www.jra.go.jp/datafile/seiseki/report/2026/2026-2tokyo8.pdf,af9477d97c973676ecc5c3e9831c2cf2bd3f2b73f2ad8e2f9d72ec480d9c513f,official_race_marker_verified,1600,flat,turf,,left,0.0,Class1,0.0,0,16003歳1勝クラス発走13時25分(芝・左)負担重量は、馬齢重量
202605020808,2026,東京,2,8,8,2026-05-17,https://www.jra.go.jp/datafile/seiseki/report/2026/2026-2tokyo8.pdf,af9477d97c973676ecc5c3e9831c2cf2bd3f2b73f2ad8e2f9d72ec480d9c513f,official_race_marker_verified,1800,flat,turf,,left,,Class1,0.0,0,18004歳以上1勝クラス発走13時55分(芝・左)負担重量は、58、牝馬2減
202605020809,2026,東京,2,8,9,2026-05-17,https://www.jra.go.jp/datafile/seiseki/report/2026/2026-2tokyo8.pdf,af9477d97c973676ecc5c3e9831c2cf2bd3f2b73f2ad8e2f9d72ec480d9c513f,official_race_marker_verified,1600,flat,turf,,left,,Class2,0.0,0,1600テレ玉杯発走14時25分(芝・左)4歳以上、2勝クラス;負担重量は、58、牝馬2減テレ玉杯(1着)賞品
202605020810,2026,東京,2,8,10,2026-05-17,https://www.jra.go.jp/datafile/seiseki/report/2026/2026-2tokyo8.pdf,af9477d97c973676ecc5c3e9831c2cf2bd3f2b73f2ad8e2f9d72ec480d9c513f,official_race_marker_verified,1600,flat,dirt,,left,1.0,Class2,0.0,0,1600おうめ青梅特別発走15時00分(ダート・左)4歳以上、2勝クラス;負担重量は、ハンデキャップ賞品
202605020811,2026,東京,2,8,11,2026-05-17,https://www.jra.go.jp/datafile/seiseki/report/2026/2026-2tokyo8.pdf,af9477d97c973676ecc5c3e9831c2cf2bd3f2b73f2ad8e2f9d72ec480d9c513f,official_race_marker_verified,1600,flat,turf,,left,,Open,1.0,1,1600第21回ヴィクトリアマイル(GI)発走15時40分(芝・左)牝、4歳以上、除未出走馬および未勝利馬;負担重量は、56日本馬主協会連合会会長賞・ブリーダーズカップチャレンジ賞(1着)賞品
202605020812,2026,東京,2,8,12,2026-05-17,https://www.jra.go.jp/datafile/seiseki/report/2026/2026-2tokyo8.pdf,af9477d97c973676ecc5c3e9831c2cf2bd3f2b73f2ad8e2f9d72ec480d9c513f,official_race_marker_verified,1400,flat,dirt,,left,,Maiden,0.0,0,1400BSイレブン賞発走16時30分(ダート・左)4歳以上、3勝クラス、除未出走馬および未勝利馬;負担重量は、58、牝馬2減BSイレブン賞(1着)賞品
202605020901,2026,東京,2,9,1,2026-05-23,https://www.jra.go.jp/datafile/seiseki/report/2026/2026-2tokyo9.pdf,8401db7ee0cff1a0df52b82598d6825d34417e27e8e946585bc820caf6666d59,official_race_marker_verified,1600,flat,dirt,,left,0.0,Maiden,0.0,0,16003歳未勝利発走9時55分(ダート・左)牝;負担重量は、馬齢重量
202605020902,2026,東京,2,9,2,2026-05-23,https://www.jra.go.jp/datafile/seiseki/report/2026/2026-2tokyo9.pdf,8401db7ee0cff1a0df52b82598d6825d34417e27e8e946585bc820caf6666d59,official_race_marker_verified,1400,flat,dirt,,left,0.0,Maiden,0.0,0,14003歳未勝利発走10時30分(ダート・左)負担重量は、馬齢重量
202605020903,2026,東京,2,9,3,2026-05-23,https://www.jra.go.jp/datafile/seiseki/report/2026/2026-2tokyo9.pdf,8401db7ee0cff1a0df52b82598d6825d34417e27e8e946585bc820caf6666d59,official_race_marker_verified,2100,flat,dirt,,left,0.0,Maiden,0.0,0,21003歳未勝利発走11時00分(ダート・左)負担重量は、馬齢重量
202605020904,2026,東京,2,9,4,2026-05-23,https://www.jra.go.jp/datafile/seiseki/report/2026/2026-2tokyo9.pdf,8401db7ee0cff1a0df52b82598d6825d34417e27e8e946585bc820caf6666d59,official_race_marker_verified,1600,flat,turf,,left,0.0,Maiden,0.0,0,16003歳未勝利発走11時30分(芝・左)負担重量は、馬齢重量
202605020905,2026,東京,2,9,5,2026-05-23,https://www.jra.go.jp/datafile/seiseki/report/2026/2026-2tokyo9.pdf,8401db7ee0cff1a0df52b82598d6825d34417e27e8e946585bc820caf6666d59,official_race_marker_verified,2000,flat,turf,,left,0.0,Maiden,0.0,0,20003歳未勝利発走12時20分(芝・左)負担重量は、馬齢重量
202605020906,2026,東京,2,9,6,2026-05-23,https://www.jra.go.jp/datafile/seiseki/report/2026/2026-2tokyo9.pdf,8401db7ee0cff1a0df52b82598d6825d34417e27e8e946585bc820caf6666d59,official_race_marker_verified,1600,flat,dirt,,left,0.0,Class1,0.0,0,16003歳1勝クラス発走12時50分(ダート・左)負担重量は、馬齢重量
202605020907,2026,東京,2,9,7,2026-05-23,https://www.jra.go.jp/datafile/seiseki/report/2026/2026-2tokyo9.pdf,8401db7ee0cff1a0df52b82598d6825d34417e27e8e946585bc820caf6666d59,official_race_marker_verified,1600,flat,turf,,left,,Class1,0.0,0,16004歳以上1勝クラス発走13時20分(芝・左)負担重量は、58、牝馬2減
202605020908,2026,東京,2,9,8,2026-05-23,https://www.jra.go.jp/datafile/seiseki/report/2026/2026-2tokyo9.pdf,8401db7ee0cff1a0df52b82598d6825d34417e27e8e946585bc820caf6666d59,official_race_marker_verified,1400,flat,dirt,,left,,Class1,0.0,0,14004歳以上1勝クラス発走13時50分(ダート・左)負担重量は、58、牝馬2減
202605020909,2026,東京,2,9,9,2026-05-23,https://www.jra.go.jp/datafile/seiseki/report/2026/2026-2tokyo9.pdf,8401db7ee0cff1a0df52b82598d6825d34417e27e8e946585bc820caf6666d59,official_race_marker_verified,1800,flat,turf,,left,0.0,Class1,0.0,0,1800カーネーションカップ発走14時20分(芝・左)牝、3歳、1勝クラス;負担重量は、馬齢重量賞品
202605020910,2026,東京,2,9,10,2026-05-23,https://www.jra.go.jp/datafile/seiseki/report/2026/2026-2tokyo9.pdf,8401db7ee0cff1a0df52b82598d6825d34417e27e8e946585bc820caf6666d59,official_race_marker_verified,1400,flat,turf,,left,,Class2,0.0,0,1400たかお高尾特別発走14時55分(芝・左)4歳以上、2勝クラス;負担重量は、58、牝馬2減賞品
202605020911,2026,東京,2,9,11,2026-05-23,https://www.jra.go.jp/datafile/seiseki/report/2026/2026-2tokyo9.pdf,8401db7ee0cff1a0df52b82598d6825d34417e27e8e946585bc820caf6666d59,official_race_marker_verified,1400,flat,dirt,,left,,Maiden,0.0,0,1400けやき欅ステークス発走15時30分(ダート・左)4歳以上、除未出走馬および未勝利馬;負担重量は、日本馬:57、牝馬2減、収得賞金1600万円超過馬は超過額1200万円毎1増、:57、牝馬2減、GI競走1着馬5増、GII競走1着馬3増、GIII競走1着馬1増(ただし2歳時の成績を除く)賞品
202605020912,2026,東京,2,9,12,2026-05-23,https://www.jra.go.jp/datafile/seiseki/report/2026/2026-2tokyo9.pdf,8401db7ee0cff1a0df52b82598d6825d34417e27e8e946585bc820caf6666d59,official_race_marker_verified,1600,flat,dirt,,left,,Class2,0.0,0,16004歳以上2勝クラス発走16時10分(ダート・左)牝;負担重量は、56
202605030101,2026,東京,3,1,1,2026-06-06,https://www.jra.go.jp/datafile/seiseki/report/2026/2026-3tokyo1.pdf,4411504160ed5289e43141516c2eb711432888c04e36be776b7b82bd8c0dd902,official_race_marker_verified,3000,obstacle,turf,,,,Maiden,0.0,0,3000障害3歳以上未勝利発走10時05分(芝・ダート)負担重量は、3歳584歳以上60、牝馬2減
202605030102,2026,東京,3,1,2,2026-06-06,https://www.jra.go.jp/datafile/seiseki/report/2026/2026-3tokyo1.pdf,4411504160ed5289e43141516c2eb711432888c04e36be776b7b82bd8c0dd902,official_race_marker_verified,1600,flat,dirt,,left,0.0,Maiden,0.0,0,16003歳未勝利発走10時40分(ダート・左)牝;負担重量は、馬齢重量
202605030103,2026,東京,3,1,3,2026-06-06,https://www.jra.go.jp/datafile/seiseki/report/2026/2026-3tokyo1.pdf,4411504160ed5289e43141516c2eb711432888c04e36be776b7b82bd8c0dd902,official_race_marker_verified,1400,flat,dirt,,left,0.0,Maiden,0.0,0,14003歳未勝利発走11時10分(ダート・左)負担重量は、馬齢重量
202605030104,2026,東京,3,1,4,2026-06-06,https://www.jra.go.jp/datafile/seiseki/report/2026/2026-3tokyo1.pdf,4411504160ed5289e43141516c2eb711432888c04e36be776b7b82bd8c0dd902,official_race_marker_verified,1400,flat,turf,,left,0.0,Newcomer,0.0,0,14002歳新馬発走11時40分(芝・左)負担重量は、馬齢重量
202605030105,2026,東京,3,1,5,2026-06-06,https://www.jra.go.jp/datafile/seiseki/report/2026/2026-3tokyo1.pdf,4411504160ed5289e43141516c2eb711432888c04e36be776b7b82bd8c0dd902,official_race_marker_verified,1600,flat,turf,,left,0.0,Newcomer,0.0,0,16002歳新馬発走12時30分(芝・左)負担重量は、馬齢重量
202605030106,2026,東京,3,1,6,2026-06-06,https://www.jra.go.jp/datafile/seiseki/report/2026/2026-3tokyo1.pdf,4411504160ed5289e43141516c2eb711432888c04e36be776b7b82bd8c0dd902,official_race_marker_verified,1600,flat,dirt,,left,0.0,Maiden,0.0,0,16003歳未勝利発走13時00分(ダート・左)負担重量は、馬齢重量
202605030107,2026,東京,3,1,7,2026-06-06,https://www.jra.go.jp/datafile/seiseki/report/2026/2026-3tokyo1.pdf,4411504160ed5289e43141516c2eb711432888c04e36be776b7b82bd8c0dd902,official_race_marker_verified,2000,flat,turf,,left,0.0,Maiden,0.0,0,20003歳未勝利発走13時30分(芝・左)負担重量は、馬齢重量
202605030108,2026,東京,3,1,8,2026-06-06,https://www.jra.go.jp/datafile/seiseki/report/2026/2026-3tokyo1.pdf,4411504160ed5289e43141516c2eb711432888c04e36be776b7b82bd8c0dd902,official_race_marker_verified,1600,flat,dirt,,left,,Class1,0.0,0,16003歳以上1勝クラス発走14時00分(ダート・左)牝;負担重量は、3歳534歳以上56
202605030109,2026,東京,3,1,9,2026-06-06,https://www.jra.go.jp/datafile/seiseki/report/2026/2026-3tokyo1.pdf,4411504160ed5289e43141516c2eb711432888c04e36be776b7b82bd8c0dd902,official_race_marker_verified,2400,flat,turf,,left,,Class1,0.0,0,2400いなぎ稲城特別発走14時35分(芝・左)3歳以上、1勝クラス;負担重量は、3歳544歳以上58、牝馬2減賞品
202605030110,2026,東京,3,1,10,2026-06-06,https://www.jra.go.jp/datafile/seiseki/report/2026/2026-3tokyo1.pdf,4411504160ed5289e43141516c2eb711432888c04e36be776b7b82bd8c0dd902,official_race_marker_verified,1400,flat,turf,,left,1.0,Class2,0.0,0,1400テレビ山梨杯発走15時10分(芝・左)3歳以上、2勝クラス;負担重量は、ハンデキャップテレビ山梨賞(1着)賞品
202605030111,2026,東京,3,1,11,2026-06-06,https://www.jra.go.jp/datafile/seiseki/report/2026/2026-3tokyo1.pdf,4411504160ed5289e43141516c2eb711432888c04e36be776b7b82bd8c0dd902,official_race_marker_verified,1400,flat,dirt,,left,1.0,Maiden,0.0,0,1400ばくしゅう麦秋ステークス発走15時45分(ダート・左)3歳以上、3勝クラス、除未出走馬および未勝利馬;負担重量は、ハンデキャップ賞品
202605030112,2026,東京,3,1,12,2026-06-06,https://www.jra.go.jp/datafile/seiseki/report/2026/2026-3tokyo1.pdf,4411504160ed5289e43141516c2eb711432888c04e36be776b7b82bd8c0dd902,official_race_marker_verified,1600,flat,dirt,,left,,Class1,0.0,0,16003歳以上1勝クラス発走16時30分(ダート・左)負担重量は、3歳554歳以上58、牝馬2減
202605030201,2026,東京,3,2,1,2026-06-07,https://www.jra.go.jp/datafile/seiseki/report/2026/2026-3tokyo2.pdf,dd69664d30b127fecca2775155d3c79a75a351ecd559fefe300a57708aafb645,official_race_marker_verified,1400,flat,dirt,,left,0.0,Maiden,0.0,0,14003歳未勝利発走10時05分(ダート・左)牝;負担重量は、馬齢重量
202605030202,2026,東京,3,2,2,2026-06-07,https://www.jra.go.jp/datafile/seiseki/report/2026/2026-3tokyo2.pdf,dd69664d30b127fecca2775155d3c79a75a351ecd559fefe300a57708aafb645,official_race_marker_verified,2100,flat,dirt,,left,0.0,Maiden,0.0,0,21003歳未勝利発走10時35分(ダート・左)負担重量は、馬齢重量
202605030203,2026,東京,3,2,3,2026-06-07,https://www.jra.go.jp/datafile/seiseki/report/2026/2026-3tokyo2.pdf,dd69664d30b127fecca2775155d3c79a75a351ecd559fefe300a57708aafb645,official_race_marker_verified,1600,flat,dirt,,left,0.0,Maiden,0.0,0,16003歳未勝利発走11時05分(ダート・左)負担重量は、馬齢重量
202605030204,2026,東京,3,2,4,2026-06-07,https://www.jra.go.jp/datafile/seiseki/report/2026/2026-3tokyo2.pdf,dd69664d30b127fecca2775155d3c79a75a351ecd559fefe300a57708aafb645,official_race_marker_verified,1600,flat,turf,,left,0.0,Maiden,0.0,0,16003歳未勝利発走11時35分(芝・左)負担重量は、馬齢重量
202605030205,2026,東京,3,2,5,2026-06-07,https://www.jra.go.jp/datafile/seiseki/report/2026/2026-3tokyo2.pdf,dd69664d30b127fecca2775155d3c79a75a351ecd559fefe300a57708aafb645,official_race_marker_verified,1800,flat,turf,,left,0.0,Newcomer,0.0,0,18002歳新馬発走12時25分(芝・左)負担重量は、馬齢重量
202605030206,2026,東京,3,2,6,2026-06-07,https://www.jra.go.jp/datafile/seiseki/report/2026/2026-3tokyo2.pdf,dd69664d30b127fecca2775155d3c79a75a351ecd559fefe300a57708aafb645,official_race_marker_verified,1300,flat,dirt,,left,0.0,Maiden,0.0,0,13003歳未勝利発走12時55分(ダート・左)負担重量は、馬齢重量
202605030207,2026,東京,3,2,7,2026-06-07,https://www.jra.go.jp/datafile/seiseki/report/2026/2026-3tokyo2.pdf,dd69664d30b127fecca2775155d3c79a75a351ecd559fefe300a57708aafb645,official_race_marker_verified,1400,flat,dirt,,left,,Class1,0.0,0,14003歳以上1勝クラス発走13時25分(ダート・左)負担重量は、3歳554歳以上58、牝馬2減
202605030208,2026,東京,3,2,8,2026-06-07,https://www.jra.go.jp/datafile/seiseki/report/2026/2026-3tokyo2.pdf,dd69664d30b127fecca2775155d3c79a75a351ecd559fefe300a57708aafb645,official_race_marker_verified,1600,flat,turf,,left,,Class1,0.0,0,16003歳以上1勝クラス発走13時55分(芝・左)負担重量は、3歳554歳以上58、牝馬2減
202605030209,2026,東京,3,2,9,2026-06-07,https://www.jra.go.jp/datafile/seiseki/report/2026/2026-3tokyo2.pdf,dd69664d30b127fecca2775155d3c79a75a351ecd559fefe300a57708aafb645,official_race_marker_verified,2000,flat,turf,,left,,Class2,0.0,0,2000ほんこん香港ジョッキークラブトロフィー発走14時25分(芝・左)3歳以上、2勝クラス;負担重量は、3歳554歳以上58、牝馬2減香港ジョッキークラブ賞(1着)賞品
202605030210,2026,東京,3,2,10,2026-06-07,https://www.jra.go.jp/datafile/seiseki/report/2026/2026-3tokyo2.pdf,dd69664d30b127fecca2775155d3c79a75a351ecd559fefe300a57708aafb645,official_race_marker_verified,1400,flat,dirt,,left,,Class2,0.0,0,1400はちおうじ八王子特別発走15時00分(ダート・左)3歳以上、2勝クラス;負担重量は、3歳554歳以上58、牝馬2減賞品
202605030211,2026,東京,3,2,11,2026-06-07,https://www.jra.go.jp/datafile/seiseki/report/2026/2026-3tokyo2.pdf,dd69664d30b127fecca2775155d3c79a75a351ecd559fefe300a57708aafb645,official_race_marker_verified,1600,flat,turf,,left,,Open,1.0,1,第76回農林水産省賞典1600安田記念(GI)発走15時40分(芝・左)3歳以上、除未出走馬および未勝利馬;負担重量は、3歳544歳以上58、牝馬2減農林水産大臣賞・日本馬主協会連合会会長賞・ブリーダーズカップチャレンジ賞(1着)賞品
202605030212,2026,東京,3,2,12,2026-06-07,https://www.jra.go.jp/datafile/seiseki/report/2026/2026-3tokyo2.pdf,dd69664d30b127fecca2775155d3c79a75a351ecd559fefe300a57708aafb645,official_race_marker_verified,1600,flat,dirt,,left,,Class2,0.0,0,1600こがねい小金井特別発走16時30分(ダート・左)3歳以上、2勝クラス;負担重量は、3歳554歳以上58、牝馬2減賞品
202605030301,2026,東京,3,3,1,2026-06-13,https://www.jra.go.jp/datafile/seiseki/report/2026/2026-3tokyo3.pdf,242bf7216f5c781ca03ff8aba4839c2c2caca7ee3959608730dcfa6313818c24,official_race_marker_verified,1600,flat,dirt,,left,0.0,Maiden,0.0,0,16003歳未勝利発走9時55分(ダート・左)牝;負担重量は、馬齢重量
202605030302,2026,東京,3,3,2,2026-06-13,https://www.jra.go.jp/datafile/seiseki/report/2026/2026-3tokyo3.pdf,242bf7216f5c781ca03ff8aba4839c2c2caca7ee3959608730dcfa6313818c24,official_race_marker_verified,2400,flat,turf,,left,0.0,Maiden,0.0,0,24003歳未勝利発走10時25分(芝・左)負担重量は、馬齢重量
202605030303,2026,東京,3,3,3,2026-06-13,https://www.jra.go.jp/datafile/seiseki/report/2026/2026-3tokyo3.pdf,242bf7216f5c781ca03ff8aba4839c2c2caca7ee3959608730dcfa6313818c24,official_race_marker_verified,1400,flat,dirt,,left,0.0,Maiden,0.0,0,14003歳未勝利発走10時55分(ダート・左)負担重量は、馬齢重量
202605030304,2026,東京,3,3,4,2026-06-13,https://www.jra.go.jp/datafile/seiseki/report/2026/2026-3tokyo3.pdf,242bf7216f5c781ca03ff8aba4839c2c2caca7ee3959608730dcfa6313818c24,official_race_marker_verified,3110,obstacle,,,,,Maiden,0.0,0,3110第28回東京ジャンプステークス(J・GIII)発走11時30分(芝)3歳以上、除未出走馬および未勝利馬;負担重量は、3歳584歳以上60、牝馬2減、J・GI競走1着馬2増、J・GII競走1着馬1増賞品
202605030305,2026,東京,3,3,5,2026-06-13,https://www.jra.go.jp/datafile/seiseki/report/2026/2026-3tokyo3.pdf,242bf7216f5c781ca03ff8aba4839c2c2caca7ee3959608730dcfa6313818c24,official_race_marker_verified,1600,flat,turf,,left,0.0,Newcomer,0.0,0,16002歳新馬発走12時20分(芝・左)牝;負担重量は、馬齢重量
202605030306,2026,東京,3,3,6,2026-06-13,https://www.jra.go.jp/datafile/seiseki/report/2026/2026-3tokyo3.pdf,242bf7216f5c781ca03ff8aba4839c2c2caca7ee3959608730dcfa6313818c24,official_race_marker_verified,1400,flat,turf,,left,0.0,Newcomer,0.0,0,14002歳新馬発走12時50分(芝・左)負担重量は、馬齢重量
202605030307,2026,東京,3,3,7,2026-06-13,https://www.jra.go.jp/datafile/seiseki/report/2026/2026-3tokyo3.pdf,242bf7216f5c781ca03ff8aba4839c2c2caca7ee3959608730dcfa6313818c24,official_race_marker_verified,1600,flat,dirt,,left,0.0,Maiden,0.0,0,16003歳未勝利発走13時20分(ダート・左)負担重量は、馬齢重量
202605030308,2026,東京,3,3,8,2026-06-13,https://www.jra.go.jp/datafile/seiseki/report/2026/2026-3tokyo3.pdf,242bf7216f5c781ca03ff8aba4839c2c2caca7ee3959608730dcfa6313818c24,official_race_marker_verified,1400,flat,turf,,left,,Class1,0.0,0,14003歳以上1勝クラス発走13時50分(芝・左)負担重量は、3歳554歳以上58、牝馬2減
202605030309,2026,東京,3,3,9,2026-06-13,https://www.jra.go.jp/datafile/seiseki/report/2026/2026-3tokyo3.pdf,242bf7216f5c781ca03ff8aba4839c2c2caca7ee3959608730dcfa6313818c24,official_race_marker_verified,2100,flat,dirt,,left,,Class2,0.0,0,2100ひの日野特別発走14時20分(ダート・左)3歳以上、2勝クラス;負担重量は、3歳554歳以上58、牝馬2減賞品
202605030310,2026,東京,3,3,10,2026-06-13,https://www.jra.go.jp/datafile/seiseki/report/2026/2026-3tokyo3.pdf,242bf7216f5c781ca03ff8aba4839c2c2caca7ee3959608730dcfa6313818c24,official_race_marker_verified,1600,flat,dirt,,left,,Maiden,0.0,0,1600げし夏至ステークス発走14時55分(ダート・左)3歳以上、3勝クラス、除未出走馬および未勝利馬;負担重量は、3歳554歳以上58、牝馬2減賞品
202605030311,2026,東京,3,3,11,2026-06-13,https://www.jra.go.jp/datafile/seiseki/report/2026/2026-3tokyo3.pdf,242bf7216f5c781ca03ff8aba4839c2c2caca7ee3959608730dcfa6313818c24,official_race_marker_verified,1800,flat,turf,,left,,Maiden,0.0,0,1800ジューンステークス発走15時30分(芝・左)3歳以上、除未出走馬および未勝利馬;負担重量は、日本馬:3歳534歳以上57、牝馬2減、収得賞金1600万円超過馬は超過額1200万円毎1増、:3歳534歳以上57、牝馬2減、GI競走1着馬5増、GII競走1着馬3増、GIII競走1着馬1増(ただし2歳時の成績を除く)賞品
202605030312,2026,東京,3,3,12,2026-06-13,https://www.jra.go.jp/datafile/seiseki/report/2026/2026-3tokyo3.pdf,242bf7216f5c781ca03ff8aba4839c2c2caca7ee3959608730dcfa6313818c24,official_race_marker_verified,1400,flat,dirt,,left,,Class1,0.0,0,14003歳以上1勝クラス発走16時15分(ダート・左)負担重量は、3歳554歳以上58、牝馬2減
202605030401,2026,東京,3,4,1,2026-06-14,https://www.jra.go.jp/datafile/seiseki/report/2026/2026-3tokyo4.pdf,41e985f17c25859a9ac43028bb5b7ee8d14d7e135c6ea59be20a3087222d7e02,official_race_marker_verified,1300,flat,dirt,,left,0.0,Maiden,0.0,0,13003歳未勝利発走9時55分(ダート・左)負担重量は、馬齢重量
202605030402,2026,東京,3,4,2,2026-06-14,https://www.jra.go.jp/datafile/seiseki/report/2026/2026-3tokyo4.pdf,41e985f17c25859a9ac43028bb5b7ee8d14d7e135c6ea59be20a3087222d7e02,official_race_marker_verified,2100,flat,dirt,,left,0.0,Maiden,0.0,0,21003歳未勝利発走10時25分(ダート・左)負担重量は、馬齢重量
202605030403,2026,東京,3,4,3,2026-06-14,https://www.jra.go.jp/datafile/seiseki/report/2026/2026-3tokyo4.pdf,41e985f17c25859a9ac43028bb5b7ee8d14d7e135c6ea59be20a3087222d7e02,official_race_marker_verified,1400,flat,turf,,left,0.0,Maiden,0.0,0,14003歳未勝利発走10時55分(芝・左)負担重量は、馬齢重量
202605030404,2026,東京,3,4,4,2026-06-14,https://www.jra.go.jp/datafile/seiseki/report/2026/2026-3tokyo4.pdf,41e985f17c25859a9ac43028bb5b7ee8d14d7e135c6ea59be20a3087222d7e02,official_race_marker_verified,1400,flat,dirt,,left,0.0,Newcomer,0.0,0,14002歳新馬発走11時25分(ダート・左)負担重量は、馬齢重量
202605030405,2026,東京,3,4,5,2026-06-14,https://www.jra.go.jp/datafile/seiseki/report/2026/2026-3tokyo4.pdf,41e985f17c25859a9ac43028bb5b7ee8d14d7e135c6ea59be20a3087222d7e02,official_race_marker_verified,1600,flat,turf,,left,0.0,Newcomer,0.0,0,16002歳新馬発走12時15分(芝・左)負担重量は、馬齢重量
202605030406,2026,東京,3,4,6,2026-06-14,https://www.jra.go.jp/datafile/seiseki/report/2026/2026-3tokyo4.pdf,41e985f17c25859a9ac43028bb5b7ee8d14d7e135c6ea59be20a3087222d7e02,official_race_marker_verified,2100,flat,dirt,,left,,Class1,0.0,0,21003歳以上1勝クラス発走12時45分(ダート・左)負担重量は、3歳554歳以上58、牝馬2減
202605030407,2026,東京,3,4,7,2026-06-14,https://www.jra.go.jp/datafile/seiseki/report/2026/2026-3tokyo4.pdf,41e985f17c25859a9ac43028bb5b7ee8d14d7e135c6ea59be20a3087222d7e02,official_race_marker_verified,2000,flat,turf,,left,,Class1,0.0,0,20003歳以上1勝クラス発走13時15分(芝・左)負担重量は、3歳554歳以上58、牝馬2減
202605030408,2026,東京,3,4,8,2026-06-14,https://www.jra.go.jp/datafile/seiseki/report/2026/2026-3tokyo4.pdf,41e985f17c25859a9ac43028bb5b7ee8d14d7e135c6ea59be20a3087222d7e02,official_race_marker_verified,1600,flat,dirt,,left,,Class1,0.0,0,16003歳以上1勝クラス発走13時45分(ダート・左)負担重量は、3歳554歳以上58、牝馬2減
202605030409,2026,東京,3,4,9,2026-06-14,https://www.jra.go.jp/datafile/seiseki/report/2026/2026-3tokyo4.pdf,41e985f17c25859a9ac43028bb5b7ee8d14d7e135c6ea59be20a3087222d7e02,official_race_marker_verified,1600,flat,turf,,left,,Class2,0.0,0,1600あしのこ芦ノ湖特別発走14時15分(芝・左)3歳以上、2勝クラス;負担重量は、3歳554歳以上58、牝馬2減賞品
202605030410,2026,東京,3,4,10,2026-06-14,https://www.jra.go.jp/datafile/seiseki/report/2026/2026-3tokyo4.pdf,41e985f17c25859a9ac43028bb5b7ee8d14d7e135c6ea59be20a3087222d7e02,official_race_marker_verified,2400,flat,turf,,left,,Maiden,0.0,0,2400えしま江の島ステークス発走14時50分(芝・左)3歳以上、3勝クラス、除未出走馬および未勝利馬;負担重量は、3歳544歳以上58、牝馬2減賞品
202605030411,2026,東京,3,4,11,2026-06-14,https://www.jra.go.jp/datafile/seiseki/report/2026/2026-3tokyo4.pdf,41e985f17c25859a9ac43028bb5b7ee8d14d7e135c6ea59be20a3087222d7e02,official_race_marker_verified,1400,flat,turf,,left,1.0,Maiden,0.0,0,1400ウッドバイン競馬場賞パラダイスステークス(L)発走15時25分(芝・左)3歳以上、除未出走馬および未勝利馬;負担重量は、ハンデキャップウッドバイン競馬場賞(1着)賞品
202605030412,2026,東京,3,4,12,2026-06-14,https://www.jra.go.jp/datafile/seiseki/report/2026/2026-3tokyo4.pdf,41e985f17c25859a9ac43028bb5b7ee8d14d7e135c6ea59be20a3087222d7e02,official_race_marker_verified,1600,flat,dirt,,left,,Class2,0.0,0,16003歳以上2勝クラス発走16時15分(ダート・左)負担重量は、3歳554歳以上58、牝馬2減
202605030501,2026,東京,3,5,1,2026-06-20,https://www.jra.go.jp/datafile/seiseki/report/2026/2026-3tokyo5.pdf,5c53034611e87319ae15b0bc81f108dc71833b95130a370b198e828d7c76f93a,official_race_marker_verified,1600,flat,dirt,,left,0.0,Maiden,0.0,0,16003歳未勝利発走10時05分(ダート・左)牝;負担重量は、馬齢重量
202605030502,2026,東京,3,5,2,2026-06-20,https://www.jra.go.jp/datafile/seiseki/report/2026/2026-3tokyo5.pdf,5c53034611e87319ae15b0bc81f108dc71833b95130a370b198e828d7c76f93a,official_race_marker_verified,1400,flat,dirt,,left,0.0,Maiden,0.0,0,14003歳未勝利発走10時40分(ダート・左)負担重量は、馬齢重量
202605030503,2026,東京,3,5,3,2026-06-20,https://www.jra.go.jp/datafile/seiseki/report/2026/2026-3tokyo5.pdf,5c53034611e87319ae15b0bc81f108dc71833b95130a370b198e828d7c76f93a,official_race_marker_verified,1800,flat,turf,,left,0.0,Maiden,0.0,0,18003歳未勝利発走11時10分(芝・左)負担重量は、馬齢重量
202605030504,2026,東京,3,5,4,2026-06-20,https://www.jra.go.jp/datafile/seiseki/report/2026/2026-3tokyo5.pdf,5c53034611e87319ae15b0bc81f108dc71833b95130a370b198e828d7c76f93a,official_race_marker_verified,1400,flat,turf,,left,0.0,Newcomer,0.0,0,14002歳新馬発走11時40分(芝・左)牝;負担重量は、馬齢重量
202605030505,2026,東京,3,5,5,2026-06-20,https://www.jra.go.jp/datafile/seiseki/report/2026/2026-3tokyo5.pdf,5c53034611e87319ae15b0bc81f108dc71833b95130a370b198e828d7c76f93a,official_race_marker_verified,1600,flat,turf,,left,0.0,Newcomer,0.0,0,16002歳新馬発走12時30分(芝・左)負担重量は、馬齢重量
202605030506,2026,東京,3,5,6,2026-06-20,https://www.jra.go.jp/datafile/seiseki/report/2026/2026-3tokyo5.pdf,5c53034611e87319ae15b0bc81f108dc71833b95130a370b198e828d7c76f93a,official_race_marker_verified,1600,flat,dirt,,left,0.0,Maiden,0.0,0,16003歳未勝利発走13時00分(ダート・左)負担重量は、馬齢重量
202605030507,2026,東京,3,5,7,2026-06-20,https://www.jra.go.jp/datafile/seiseki/report/2026/2026-3tokyo5.pdf,5c53034611e87319ae15b0bc81f108dc71833b95130a370b198e828d7c76f93a,official_race_marker_verified,1400,flat,dirt,,left,0.0,Maiden,0.0,0,14003歳未勝利発走13時30分(ダート・左)牝;負担重量は、馬齢重量
202605030508,2026,東京,3,5,8,2026-06-20,https://www.jra.go.jp/datafile/seiseki/report/2026/2026-3tokyo5.pdf,5c53034611e87319ae15b0bc81f108dc71833b95130a370b198e828d7c76f93a,official_race_marker_verified,1800,flat,turf,,left,,Class1,0.0,0,18003歳以上1勝クラス発走14時00分(芝・左)負担重量は、3歳554歳以上58、牝馬2減
202605030509,2026,東京,3,5,9,2026-06-20,https://www.jra.go.jp/datafile/seiseki/report/2026/2026-3tokyo5.pdf,5c53034611e87319ae15b0bc81f108dc71833b95130a370b198e828d7c76f93a,official_race_marker_verified,2400,flat,turf,,left,1.0,Class2,0.0,0,2400まちだ町田特別発走14時35分(芝・左)3歳以上、2勝クラス;負担重量は、ハンデキャップ賞品
202605030510,2026,東京,3,5,10,2026-06-20,https://www.jra.go.jp/datafile/seiseki/report/2026/2026-3tokyo5.pdf,5c53034611e87319ae15b0bc81f108dc71833b95130a370b198e828d7c76f93a,official_race_marker_verified,1400,flat,turf,,left,,Class2,0.0,0,1400さがみこ相模湖特別発走15時10分(芝・左)3歳以上、2勝クラス;負担重量は、3歳554歳以上58、牝馬2減賞品
202605030511,2026,東京,3,5,11,2026-06-20,https://www.jra.go.jp/datafile/seiseki/report/2026/2026-3tokyo5.pdf,5c53034611e87319ae15b0bc81f108dc71833b95130a370b198e828d7c76f93a,official_race_marker_verified,2100,flat,dirt,,left,,Maiden,0.0,0,2100スレイプニルステークス発走15時45分(ダート・左)3歳以上、除未出走馬および未勝利馬;負担重量は、日本馬:3歳534歳以上57、牝馬2減、収得賞金1600万円超過馬は超過額1200万円毎1増、:3歳534歳以上57、牝馬2減、GI競走1着馬5増、GII競走1着馬3増、GIII競走1着馬1増(ただし2歳時の成績を除く)賞品
202605030512,2026,東京,3,5,12,2026-06-20,https://www.jra.go.jp/datafile/seiseki/report/2026/2026-3tokyo5.pdf,5c53034611e87319ae15b0bc81f108dc71833b95130a370b198e828d7c76f93a,official_race_marker_verified,1600,flat,dirt,,left,,Class1,0.0,0,16003歳以上1勝クラス発走16時30分(ダート・左)負担重量は、3歳554歳以上58、牝馬2減
202605030601,2026,東京,3,6,1,2026-06-21,https://www.jra.go.jp/datafile/seiseki/report/2026/2026-3tokyo6.pdf,a2e824a752e66f89079490f9d1c3e166d3da36a2e43925a607a12a98af9c9a51,official_race_marker_verified,3000,obstacle,turf,,,,Maiden,0.0,0,3000障害3歳以上未勝利発走10時05分(芝・ダート)負担重量は、3歳584歳以上60、牝馬2減
202605030602,2026,東京,3,6,2,2026-06-21,https://www.jra.go.jp/datafile/seiseki/report/2026/2026-3tokyo6.pdf,a2e824a752e66f89079490f9d1c3e166d3da36a2e43925a607a12a98af9c9a51,official_race_marker_verified,1600,flat,dirt,,left,0.0,Maiden,0.0,0,16003歳未勝利発走10時40分(ダート・左)負担重量は、馬齢重量
202605030603,2026,東京,3,6,3,2026-06-21,https://www.jra.go.jp/datafile/seiseki/report/2026/2026-3tokyo6.pdf,a2e824a752e66f89079490f9d1c3e166d3da36a2e43925a607a12a98af9c9a51,official_race_marker_verified,2100,flat,dirt,,left,0.0,Maiden,0.0,0,21003歳未勝利発走11時10分(ダート・左)負担重量は、馬齢重量
202605030604,2026,東京,3,6,4,2026-06-21,https://www.jra.go.jp/datafile/seiseki/report/2026/2026-3tokyo6.pdf,a2e824a752e66f89079490f9d1c3e166d3da36a2e43925a607a12a98af9c9a51,official_race_marker_verified,1400,flat,turf,,left,0.0,Newcomer,0.0,0,14002歳新馬発走11時40分(芝・左)負担重量は、馬齢重量
202605030605,2026,東京,3,6,5,2026-06-21,https://www.jra.go.jp/datafile/seiseki/report/2026/2026-3tokyo6.pdf,a2e824a752e66f89079490f9d1c3e166d3da36a2e43925a607a12a98af9c9a51,official_race_marker_verified,1800,flat,turf,,left,0.0,Newcomer,0.0,0,18002歳新馬発走12時30分(芝・左)負担重量は、馬齢重量
202605030606,2026,東京,3,6,6,2026-06-21,https://www.jra.go.jp/datafile/seiseki/report/2026/2026-3tokyo6.pdf,a2e824a752e66f89079490f9d1c3e166d3da36a2e43925a607a12a98af9c9a51,official_race_marker_verified,1600,flat,turf,,left,0.0,Maiden,0.0,0,16003歳未勝利発走13時00分(芝・左)負担重量は、馬齢重量
202605030607,2026,東京,3,6,7,2026-06-21,https://www.jra.go.jp/datafile/seiseki/report/2026/2026-3tokyo6.pdf,a2e824a752e66f89079490f9d1c3e166d3da36a2e43925a607a12a98af9c9a51,official_race_marker_verified,1600,flat,dirt,,left,,Class1,0.0,0,16003歳以上1勝クラス発走13時30分(ダート・左)牝;負担重量は、3歳534歳以上56
202605030608,2026,東京,3,6,8,2026-06-21,https://www.jra.go.jp/datafile/seiseki/report/2026/2026-3tokyo6.pdf,a2e824a752e66f89079490f9d1c3e166d3da36a2e43925a607a12a98af9c9a51,official_race_marker_verified,1600,flat,turf,,left,,Class1,0.0,0,16003歳以上1勝クラス発走14時00分(芝・左)負担重量は、3歳554歳以上58、牝馬2減
202605030609,2026,東京,3,6,9,2026-06-21,https://www.jra.go.jp/datafile/seiseki/report/2026/2026-3tokyo6.pdf,a2e824a752e66f89079490f9d1c3e166d3da36a2e43925a607a12a98af9c9a51,official_race_marker_verified,1400,flat,dirt,,left,,Class2,0.0,0,1400こうしゅうかいどう甲州街道特別発走14時35分(ダート・左)3歳以上、2勝クラス;負担重量は、3歳554歳以上58、牝馬2減賞品
202605030610,2026,東京,3,6,10,2026-06-21,https://www.jra.go.jp/datafile/seiseki/report/2026/2026-3tokyo6.pdf,a2e824a752e66f89079490f9d1c3e166d3da36a2e43925a607a12a98af9c9a51,official_race_marker_verified,1400,flat,turf,,left,,Maiden,0.0,0,1400たまがわ多摩川ステークス発走15時10分(芝・左)3歳以上、3勝クラス、除未出走馬および未勝利馬;負担重量は、3歳554歳以上58、牝馬2減賞品
202605030611,2026,東京,3,6,11,2026-06-21,https://www.jra.go.jp/datafile/seiseki/report/2026/2026-3tokyo6.pdf,a2e824a752e66f89079490f9d1c3e166d3da36a2e43925a607a12a98af9c9a51,official_race_marker_verified,1800,flat,turf,,left,1.0,Open,1.0,1,1800第74回府中牝馬ステークス(GIII)発走15時45分(芝・左)牝、3歳以上、除未出走馬および未勝利馬;負担重量は、ハンデキャップ府中市長賞(1着)賞品
202605030612,2026,東京,3,6,12,2026-06-21,https://www.jra.go.jp/datafile/seiseki/report/2026/2026-3tokyo6.pdf,a2e824a752e66f89079490f9d1c3e166d3da36a2e43925a607a12a98af9c9a51,official_race_marker_verified,1400,flat,dirt,,left,,Class1,0.0,0,14003歳以上1勝クラス発走16時30分(ダート・左)負担重量は、3歳554歳以上58、牝馬2減
202605040101,2026,東京,4,1,1,2026-10-03,https://www.jra.go.jp/datafile/seiseki/report/2026/2026-4tokyo1.pdf,891cf5ad3b9a353e96d8edf60718c177694177535de2a76b38836642b0a5df42,official_race_marker_verified,1600,flat,dirt,,left,0.0,Maiden,0.0,0,16002歳未勝利発走10時05分(ダート・左)負担重量は、馬齢重量
202605040102,2026,東京,4,1,2,2026-10-03,https://www.jra.go.jp/datafile/seiseki/report/2026/2026-4tokyo1.pdf,891cf5ad3b9a353e96d8edf60718c177694177535de2a76b38836642b0a5df42,official_race_marker_verified,2000,flat,turf,,left,0.0,Maiden,0.0,0,20002歳未勝利発走10時35分(芝・左)負担重量は、馬齢重量
202605040103,2026,東京,4,1,3,2026-10-03,https://www.jra.go.jp/datafile/seiseki/report/2026/2026-4tokyo1.pdf,891cf5ad3b9a353e96d8edf60718c177694177535de2a76b38836642b0a5df42,official_race_marker_verified,1400,flat,turf,,left,0.0,Newcomer,0.0,0,14002歳新馬発走11時05分(芝・左)負担重量は、馬齢重量
202605040104,2026,東京,4,1,4,2026-10-03,https://www.jra.go.jp/datafile/seiseki/report/2026/2026-4tokyo1.pdf,891cf5ad3b9a353e96d8edf60718c177694177535de2a76b38836642b0a5df42,official_race_marker_verified,3100,obstacle,turf,,,,Open,1.0,0,3100障害3歳以上オープン発走11時35分(芝・ダート)負担重量は、3歳584歳以上60、牝馬2減、収得賞金700万円毎1増
202605040105,2026,東京,4,1,5,2026-10-03,https://www.jra.go.jp/datafile/seiseki/report/2026/2026-4tokyo1.pdf,891cf5ad3b9a353e96d8edf60718c177694177535de2a76b38836642b0a5df42,official_race_marker_verified,1800,flat,turf,,left,0.0,Newcomer,0.0,0,18002歳新馬発走12時25分(芝・左)負担重量は、馬齢重量
202605040106,2026,東京,4,1,6,2026-10-03,https://www.jra.go.jp/datafile/seiseki/report/2026/2026-4tokyo1.pdf,891cf5ad3b9a353e96d8edf60718c177694177535de2a76b38836642b0a5df42,official_race_marker_verified,1400,flat,dirt,,left,,Class1,0.0,0,14003歳以上1勝クラス発走12時55分(ダート・左)牝;負担重量は、3歳544歳以上56
202605040107,2026,東京,4,1,7,2026-10-03,https://www.jra.go.jp/datafile/seiseki/report/2026/2026-4tokyo1.pdf,891cf5ad3b9a353e96d8edf60718c177694177535de2a76b38836642b0a5df42,official_race_marker_verified,1400,flat,turf,,left,,Class1,0.0,0,14003歳以上1勝クラス発走13時25分(芝・左)負担重量は、3歳564歳以上58、牝馬2減
202605040108,2026,東京,4,1,8,2026-10-03,https://www.jra.go.jp/datafile/seiseki/report/2026/2026-4tokyo1.pdf,891cf5ad3b9a353e96d8edf60718c177694177535de2a76b38836642b0a5df42,official_race_marker_verified,1600,flat,dirt,,left,,Class1,0.0,0,16003歳以上1勝クラス発走14時00分(ダート・左)負担重量は、3歳564歳以上58、牝馬2減
202605040109,2026,東京,4,1,9,2026-10-03,https://www.jra.go.jp/datafile/seiseki/report/2026/2026-4tokyo1.pdf,891cf5ad3b9a353e96d8edf60718c177694177535de2a76b38836642b0a5df42,official_race_marker_verified,1800,flat,turf,,left,,Class2,0.0,0,1800やつがたけ八ヶ岳特別発走14時35分(芝・左)3歳以上、2勝クラス;負担重量は、3歳564歳以上58、牝馬2減賞品
202605040110,2026,東京,4,1,10,2026-10-03,https://www.jra.go.jp/datafile/seiseki/report/2026/2026-4tokyo1.pdf,891cf5ad3b9a353e96d8edf60718c177694177535de2a76b38836642b0a5df42,official_race_marker_verified,1400,flat,turf,,left,1.0,Maiden,0.0,0,1400はくしゅう白秋ステークス発走15時10分(芝・左)3歳以上、3勝クラス、除未出走馬および未勝利馬;負担重量は、ハンデキャップ賞品
202605040111,2026,東京,4,1,11,2026-10-03,https://www.jra.go.jp/datafile/seiseki/report/2026/2026-4tokyo1.pdf,891cf5ad3b9a353e96d8edf60718c177694177535de2a76b38836642b0a5df42,official_race_marker_verified,1600,flat,dirt,,left,,Maiden,0.0,0,1600グリーンチャンネルカップ(L)発走15時45分(ダート・左)3歳以上、除未出走馬および未勝利馬;負担重量は、日本馬:3歳554歳以上57、牝馬2減、収得賞金1600万円超過馬は超過額1200万円毎1増、:3歳554歳以上57、牝馬2減、GI競走1着馬5増、GII競走1着馬3増、GIII競走1着馬1増(ただし2歳時の成績を除く)グリーンチャンネル賞(1着)賞品
202605040112,2026,東京,4,1,12,2026-10-03,https://www.jra.go.jp/datafile/seiseki/report/2026/2026-4tokyo1.pdf,891cf5ad3b9a353e96d8edf60718c177694177535de2a76b38836642b0a5df42,official_race_marker_verified,1400,flat,dirt,,left,,Class2,0.0,0,14003歳以上2勝クラス発走16時30分(ダート・左)負担重量は、3歳564歳以上58、牝馬2減
202606010101,2026,中山,1,1,1,2026-01-04,https://www.jra.go.jp/datafile/seiseki/report/2026/2026-1nakayama1.pdf,e9251d6437ad85fc2188d1c589d992e0670065dd654e16f66255ba7331cb37cc,official_race_marker_verified,1200,flat,dirt,,right,0.0,Maiden,0.0,0,12003歳未勝利発走10時05分(ダート・右)牝;負担重量は、馬齢重量
202606010102,2026,中山,1,1,2,2026-01-04,https://www.jra.go.jp/datafile/seiseki/report/2026/2026-1nakayama1.pdf,e9251d6437ad85fc2188d1c589d992e0670065dd654e16f66255ba7331cb37cc,official_race_marker_verified,1800,flat,dirt,,right,0.0,Maiden,0.0,0,18003歳未勝利発走10時35分(ダート・右)負担重量は、馬齢重量
202606010103,2026,中山,1,1,3,2026-01-04,https://www.jra.go.jp/datafile/seiseki/report/2026/2026-1nakayama1.pdf,e9251d6437ad85fc2188d1c589d992e0670065dd654e16f66255ba7331cb37cc,official_race_marker_verified,1200,flat,dirt,,right,0.0,Newcomer,0.0,0,12003歳新馬発走11時05分(ダート・右)負担重量は、馬齢重量
202606010104,2026,中山,1,1,4,2026-01-04,https://www.jra.go.jp/datafile/seiseki/report/2026/2026-1nakayama1.pdf,e9251d6437ad85fc2188d1c589d992e0670065dd654e16f66255ba7331cb37cc,official_race_marker_verified,1800,flat,dirt,,right,0.0,Maiden,0.0,0,18003歳未勝利発走11時35分(ダート・右)負担重量は、馬齢重量
202606010105,2026,中山,1,1,5,2026-01-04,https://www.jra.go.jp/datafile/seiseki/report/2026/2026-1nakayama1.pdf,e9251d6437ad85fc2188d1c589d992e0670065dd654e16f66255ba7331cb37cc,official_race_marker_verified,1600,flat,turf,outer,right,0.0,Maiden,0.0,0,16003歳未勝利発走12時25分(芝・右・外)負担重量は、馬齢重量
202606010106,2026,中山,1,1,6,2026-01-04,https://www.jra.go.jp/datafile/seiseki/report/2026/2026-1nakayama1.pdf,e9251d6437ad85fc2188d1c589d992e0670065dd654e16f66255ba7331cb37cc,official_race_marker_verified,2000,flat,turf,,right,0.0,Newcomer,0.0,0,20003歳新馬発走12時55分(芝・右)負担重量は、馬齢重量
202606010107,2026,中山,1,1,7,2026-01-04,https://www.jra.go.jp/datafile/seiseki/report/2026/2026-1nakayama1.pdf,e9251d6437ad85fc2188d1c589d992e0670065dd654e16f66255ba7331cb37cc,official_race_marker_verified,1800,flat,dirt,,right,,Class1,0.0,0,18004歳以上1勝クラス発走13時25分(ダート・右)負担重量は、4歳575歳以上58、牝馬2減
202606010108,2026,中山,1,1,8,2026-01-04,https://www.jra.go.jp/datafile/seiseki/report/2026/2026-1nakayama1.pdf,e9251d6437ad85fc2188d1c589d992e0670065dd654e16f66255ba7331cb37cc,official_race_marker_verified,1200,flat,dirt,,right,,Class1,0.0,0,12004歳以上1勝クラス発走13時55分(ダート・右)牝;負担重量は、56
202606010109,2026,中山,1,1,9,2026-01-04,https://www.jra.go.jp/datafile/seiseki/report/2026/2026-1nakayama1.pdf,e9251d6437ad85fc2188d1c589d992e0670065dd654e16f66255ba7331cb37cc,official_race_marker_verified,1800,flat,dirt,,right,,Maiden,0.0,0,1800しょうふく招福ステークス発走14時30分(ダート・右)4歳以上、3勝クラス、除未出走馬および未勝利馬;負担重量は、4歳575歳以上58、牝馬2減賞品
202606010110,2026,中山,1,1,10,2026-01-04,https://www.jra.go.jp/datafile/seiseki/report/2026/2026-1nakayama1.pdf,e9251d6437ad85fc2188d1c589d992e0670065dd654e16f66255ba7331cb37cc,official_race_marker_verified,1600,flat,turf,outer,right,,Maiden,0.0,0,1600ジュニアカップ(L)発走15時05分(芝・右・外)3歳、除未出走馬および未勝利馬;負担重量は、日本馬:馬齢重量、収得賞金1200万円毎1増、:馬齢重量、GI競走1着馬2増、GII競走またはGIII競走1着馬1増賞品
202606010111,2026,中山,1,1,11,2026-01-04,https://www.jra.go.jp/datafile/seiseki/report/2026/2026-1nakayama1.pdf,e9251d6437ad85fc2188d1c589d992e0670065dd654e16f66255ba7331cb37cc,official_race_marker_verified,2000,flat,turf,,right,1.0,Open,1.0,1,2000第75回日刊スポーツ賞中山金杯(GIII)発走15時45分(芝・右)4歳以上、除未出走馬および未勝利馬;負担重量は、ハンデキャップ日刊スポーツ新聞社賞(1着)賞品
202606010112,2026,中山,1,1,12,2026-01-04,https://www.jra.go.jp/datafile/seiseki/report/2026/2026-1nakayama1.pdf,e9251d6437ad85fc2188d1c589d992e0670065dd654e16f66255ba7331cb37cc,official_race_marker_verified,1200,flat,dirt,,right,,Class2,0.0,0,12004歳以上2勝クラス発走16時25分(ダート・右)負担重量は、58、牝馬2減
202606010201,2026,中山,1,2,1,2026-01-05,https://www.jra.go.jp/datafile/seiseki/report/2026/2026-1nakayama2.pdf,155911afae11ee8f9234f1a376a8344a30694f5342a35c7df97a9c0f4103d55c,official_race_marker_verified,1200,flat,dirt,,right,0.0,Maiden,0.0,0,12003歳未勝利発走10時05分(ダート・右)負担重量は、馬齢重量
202606010202,2026,中山,1,2,2,2026-01-05,https://www.jra.go.jp/datafile/seiseki/report/2026/2026-1nakayama2.pdf,155911afae11ee8f9234f1a376a8344a30694f5342a35c7df97a9c0f4103d55c,official_race_marker_verified,1800,flat,dirt,,right,0.0,Maiden,0.0,0,18003歳未勝利発走10時35分(ダート・右)牝;負担重量は、馬齢重量
202606010203,2026,中山,1,2,3,2026-01-05,https://www.jra.go.jp/datafile/seiseki/report/2026/2026-1nakayama2.pdf,155911afae11ee8f9234f1a376a8344a30694f5342a35c7df97a9c0f4103d55c,official_race_marker_verified,1800,flat,dirt,,right,0.0,Maiden,0.0,0,18003歳未勝利発走11時05分(ダート・右)負担重量は、馬齢重量
202606010204,2026,中山,1,2,4,2026-01-05,https://www.jra.go.jp/datafile/seiseki/report/2026/2026-1nakayama2.pdf,155911afae11ee8f9234f1a376a8344a30694f5342a35c7df97a9c0f4103d55c,official_race_marker_verified,2400,flat,dirt,,right,,Class1,0.0,0,24004歳以上1勝クラス発走11時35分(ダート・右)負担重量は、4歳575歳以上58、牝馬2減
202606010205,2026,中山,1,2,5,2026-01-05,https://www.jra.go.jp/datafile/seiseki/report/2026/2026-1nakayama2.pdf,155911afae11ee8f9234f1a376a8344a30694f5342a35c7df97a9c0f4103d55c,official_race_marker_verified,1600,flat,turf,outer,right,0.0,Newcomer,0.0,0,16003歳新馬発走12時25分(芝・右・外)負担重量は、馬齢重量
202606010206,2026,中山,1,2,6,2026-01-05,https://www.jra.go.jp/datafile/seiseki/report/2026/2026-1nakayama2.pdf,155911afae11ee8f9234f1a376a8344a30694f5342a35c7df97a9c0f4103d55c,official_race_marker_verified,2000,flat,turf,,right,0.0,Maiden,0.0,0,20003歳未勝利発走12時55分(芝・右)負担重量は、馬齢重量
202606010207,2026,中山,1,2,7,2026-01-05,https://www.jra.go.jp/datafile/seiseki/report/2026/2026-1nakayama2.pdf,155911afae11ee8f9234f1a376a8344a30694f5342a35c7df97a9c0f4103d55c,official_race_marker_verified,2000,flat,turf,,right,0.0,Class1,0.0,0,20003歳1勝クラス発走13時25分(芝・右)負担重量は、馬齢重量
202606010208,2026,中山,1,2,8,2026-01-05,https://www.jra.go.jp/datafile/seiseki/report/2026/2026-1nakayama2.pdf,155911afae11ee8f9234f1a376a8344a30694f5342a35c7df97a9c0f4103d55c,official_race_marker_verified,3200,obstacle,turf,,,,,,0,3200なかやましんしゅん中山新春ジャンプステークス発走14時00分(芝・ダート)4歳以上;負担重量は、4歳595歳以上60、牝馬2減、J・GI競走1着馬5増、J・GII競走1着馬3増、J・GIII競走1着馬1増、収得賞金400万円以下の馬1減賞品
202606010209,2026,中山,1,2,9,2026-01-05,https://www.jra.go.jp/datafile/seiseki/report/2026/2026-1nakayama2.pdf,155911afae11ee8f9234f1a376a8344a30694f5342a35c7df97a9c0f4103d55c,official_race_marker_verified,1800,flat,dirt,,right,,Class2,0.0,0,1800はつあかね初茜賞発走14時35分(ダート・右)4歳以上、2勝クラス;負担重量は、4歳575歳以上58、牝馬2減賞品
202606010210,2026,中山,1,2,10,2026-01-05,https://www.jra.go.jp/datafile/seiseki/report/2026/2026-1nakayama2.pdf,155911afae11ee8f9234f1a376a8344a30694f5342a35c7df97a9c0f4103d55c,official_race_marker_verified,2000,flat,turf,,right,,Class2,0.0,0,2000はつひで初日の出賞発走15時10分(芝・右)4歳以上、2勝クラス;負担重量は、4歳575歳以上58、牝馬2減賞品
202606010211,2026,中山,1,2,11,2026-01-05,https://www.jra.go.jp/datafile/seiseki/report/2026/2026-1nakayama2.pdf,155911afae11ee8f9234f1a376a8344a30694f5342a35c7df97a9c0f4103d55c,official_race_marker_verified,1200,flat,turf,outer,right,1.0,Maiden,0.0,0,1200サンライズステークス発走15時45分(芝・右・外)4歳以上、3勝クラス、除未出走馬および未勝利馬;負担重量は、ハンデキャップ賞品
202606010212,2026,中山,1,2,12,2026-01-05,https://www.jra.go.jp/datafile/seiseki/report/2026/2026-1nakayama2.pdf,155911afae11ee8f9234f1a376a8344a30694f5342a35c7df97a9c0f4103d55c,official_race_marker_verified,1200,flat,dirt,,right,,Class1,0.0,0,12004歳以上1勝クラス発走16時25分(ダート・右)負担重量は、58、牝馬2減
202606010301,2026,中山,1,3,1,2026-01-10,https://www.jra.go.jp/datafile/seiseki/report/2026/2026-1nakayama3.pdf,3054b67a3a50cb64cc7c91c36c44c5af4459377e6ce24d3ab90f357e40169874,official_race_marker_verified,1200,flat,dirt,,right,0.0,Maiden,0.0,0,12003歳未勝利発走10時05分(ダート・右)牝;負担重量は、馬齢重量
202606010302,2026,中山,1,3,2,2026-01-10,https://www.jra.go.jp/datafile/seiseki/report/2026/2026-1nakayama3.pdf,3054b67a3a50cb64cc7c91c36c44c5af4459377e6ce24d3ab90f357e40169874,official_race_marker_verified,1800,flat,dirt,,right,0.0,Maiden,0.0,0,18003歳未勝利発走10時35分(ダート・右)負担重量は、馬齢重量
202606010303,2026,中山,1,3,3,2026-01-10,https://www.jra.go.jp/datafile/seiseki/report/2026/2026-1nakayama3.pdf,3054b67a3a50cb64cc7c91c36c44c5af4459377e6ce24d3ab90f357e40169874,official_race_marker_verified,1200,flat,dirt,,right,0.0,Maiden,0.0,0,12003歳未勝利発走11時05分(ダート・右)負担重量は、馬齢重量
202606010304,2026,中山,1,3,4,2026-01-10,https://www.jra.go.jp/datafile/seiseki/report/2026/2026-1nakayama3.pdf,3054b67a3a50cb64cc7c91c36c44c5af4459377e6ce24d3ab90f357e40169874,official_race_marker_verified,1800,flat,dirt,,right,0.0,Newcomer,0.0,0,18003歳新馬発走11時35分(ダート・右)牝;負担重量は、馬齢重量
202606010305,2026,中山,1,3,5,2026-01-10,https://www.jra.go.jp/datafile/seiseki/report/2026/2026-1nakayama3.pdf,3054b67a3a50cb64cc7c91c36c44c5af4459377e6ce24d3ab90f357e40169874,official_race_marker_verified,2000,flat,turf,,right,0.0,Newcomer,0.0,0,20003歳新馬発走12時25分(芝・右)負担重量は、馬齢重量
202606010306,2026,中山,1,3,6,2026-01-10,https://www.jra.go.jp/datafile/seiseki/report/2026/2026-1nakayama3.pdf,3054b67a3a50cb64cc7c91c36c44c5af4459377e6ce24d3ab90f357e40169874,official_race_marker_verified,1800,flat,dirt,,right,,Class1,0.0,0,18004歳以上1勝クラス発走12時55分(ダート・右)負担重量は、4歳575歳以上58、牝馬2減
202606010307,2026,中山,1,3,7,2026-01-10,https://www.jra.go.jp/datafile/seiseki/report/2026/2026-1nakayama3.pdf,3054b67a3a50cb64cc7c91c36c44c5af4459377e6ce24d3ab90f357e40169874,official_race_marker_verified,1600,flat,turf,outer,right,0.0,Maiden,0.0,0,16003歳未勝利発走13時25分(芝・右・外)負担重量は、馬齢重量
202606010308,2026,中山,1,3,8,2026-01-10,https://www.jra.go.jp/datafile/seiseki/report/2026/2026-1nakayama3.pdf,3054b67a3a50cb64cc7c91c36c44c5af4459377e6ce24d3ab90f357e40169874,official_race_marker_verified,1800,flat,dirt,,right,,Class2,0.0,0,18004歳以上2勝クラス発走14時00分(ダート・右)負担重量は、4歳575歳以上58、牝馬2減
202606010309,2026,中山,1,3,9,2026-01-10,https://www.jra.go.jp/datafile/seiseki/report/2026/2026-1nakayama3.pdf,3054b67a3a50cb64cc7c91c36c44c5af4459377e6ce24d3ab90f357e40169874,official_race_marker_verified,1800,flat,dirt,,right,0.0,Class1,0.0,0,1800くろちく黒竹賞発走14時35分(ダート・右)3歳、1勝クラス;負担重量は、馬齢重量賞品
202606010310,2026,中山,1,3,10,2026-01-10,https://www.jra.go.jp/datafile/seiseki/report/2026/2026-1nakayama3.pdf,3054b67a3a50cb64cc7c91c36c44c5af4459377e6ce24d3ab90f357e40169874,official_race_marker_verified,1600,flat,turf,outer,right,,Class2,0.0,0,1600はつなぎ初凪賞発走15時10分(芝・右・外)4歳以上、2勝クラス;負担重量は、4歳575歳以上58、牝馬2減賞品
202606010311,2026,中山,1,3,11,2026-01-10,https://www.jra.go.jp/datafile/seiseki/report/2026/2026-1nakayama3.pdf,3054b67a3a50cb64cc7c91c36c44c5af4459377e6ce24d3ab90f357e40169874,official_race_marker_verified,2200,flat,turf,outer,right,,Maiden,0.0,0,2200げいしゅん迎春ステークス発走15時45分(芝・右・外)4歳以上、3勝クラス、除未出走馬および未勝利馬;負担重量は、4歳575歳以上58、牝馬2減賞品
202606010312,2026,中山,1,3,12,2026-01-10,https://www.jra.go.jp/datafile/seiseki/report/2026/2026-1nakayama3.pdf,3054b67a3a50cb64cc7c91c36c44c5af4459377e6ce24d3ab90f357e40169874,official_race_marker_verified,1200,flat,dirt,,right,,Class1,0.0,0,12004歳以上1勝クラス発走16時25分(ダート・右)負担重量は、58、牝馬2減
202606010401,2026,中山,1,4,1,2026-01-11,https://www.jra.go.jp/datafile/seiseki/report/2026/2026-1nakayama4.pdf,46a0e624781b78d34686834479ea4e0aae14f933041bfd73326471bdd7022b09,official_race_marker_verified,1200,flat,dirt,,right,0.0,Maiden,0.0,0,12003歳未勝利発走10時05分(ダート・右)負担重量は、馬齢重量
202606010402,2026,中山,1,4,2,2026-01-11,https://www.jra.go.jp/datafile/seiseki/report/2026/2026-1nakayama4.pdf,46a0e624781b78d34686834479ea4e0aae14f933041bfd73326471bdd7022b09,official_race_marker_verified,1800,flat,dirt,,right,0.0,Maiden,0.0,0,18003歳未勝利発走10時35分(ダート・右)牝;負担重量は、馬齢重量
202606010403,2026,中山,1,4,3,2026-01-11,https://www.jra.go.jp/datafile/seiseki/report/2026/2026-1nakayama4.pdf,46a0e624781b78d34686834479ea4e0aae14f933041bfd73326471bdd7022b09,official_race_marker_verified,1800,flat,dirt,,right,0.0,Maiden,0.0,0,18003歳未勝利発走11時05分(ダート・右)負担重量は、馬齢重量
202606010404,2026,中山,1,4,4,2026-01-11,https://www.jra.go.jp/datafile/seiseki/report/2026/2026-1nakayama4.pdf,46a0e624781b78d34686834479ea4e0aae14f933041bfd73326471bdd7022b09,official_race_marker_verified,1200,flat,dirt,,right,0.0,Class1,0.0,0,12003歳1勝クラス発走11時35分(ダート・右)負担重量は、馬齢重量
202606010405,2026,中山,1,4,5,2026-01-11,https://www.jra.go.jp/datafile/seiseki/report/2026/2026-1nakayama4.pdf,46a0e624781b78d34686834479ea4e0aae14f933041bfd73326471bdd7022b09,official_race_marker_verified,1800,flat,dirt,,right,0.0,Newcomer,0.0,0,18003歳新馬発走12時25分(ダート・右)負担重量は、馬齢重量
202606010406,2026,中山,1,4,6,2026-01-11,https://www.jra.go.jp/datafile/seiseki/report/2026/2026-1nakayama4.pdf,46a0e624781b78d34686834479ea4e0aae14f933041bfd73326471bdd7022b09,official_race_marker_verified,2200,flat,turf,outer,right,0.0,Maiden,0.0,0,22003歳未勝利発走12時55分(芝・右・外)負担重量は、馬齢重量
202606010407,2026,中山,1,4,7,2026-01-11,https://www.jra.go.jp/datafile/seiseki/report/2026/2026-1nakayama4.pdf,46a0e624781b78d34686834479ea4e0aae14f933041bfd73326471bdd7022b09,official_race_marker_verified,1800,flat,dirt,,right,,Class1,0.0,0,18004歳以上1勝クラス発走13時25分(ダート・右)負担重量は、4歳575歳以上58、牝馬2減
202606010408,2026,中山,1,4,8,2026-01-11,https://www.jra.go.jp/datafile/seiseki/report/2026/2026-1nakayama4.pdf,46a0e624781b78d34686834479ea4e0aae14f933041bfd73326471bdd7022b09,official_race_marker_verified,1600,flat,turf,outer,right,,Class1,0.0,0,16004歳以上1勝クラス発走13時55分(芝・右・外)負担重量は、4歳575歳以上58、牝馬2減
202606010409,2026,中山,1,4,9,2026-01-11,https://www.jra.go.jp/datafile/seiseki/report/2026/2026-1nakayama4.pdf,46a0e624781b78d34686834479ea4e0aae14f933041bfd73326471bdd7022b09,official_race_marker_verified,1800,flat,turf,,right,,Class2,0.0,0,1800はつさき初咲賞発走14時30分(芝・右)牝、4歳以上、2勝クラス;負担重量は、4歳555歳以上56賞品
202606010410,2026,中山,1,4,10,2026-01-11,https://www.jra.go.jp/datafile/seiseki/report/2026/2026-1nakayama4.pdf,46a0e624781b78d34686834479ea4e0aae14f933041bfd73326471bdd7022b09,official_race_marker_verified,1800,flat,dirt,,right,,Maiden,0.0,0,1800ポルックスステークス発走15時05分(ダート・右)4歳以上、除未出走馬および未勝利馬;負担重量は、日本馬:4歳565歳以上57、牝馬2減、収得賞金1600万円超過馬は超過額1200万円毎1増、:4歳565歳以上57、牝馬2減、GI競走1着馬5増、GII競走1着馬3増、GIII競走1着馬1増(ただし2歳時の成績を除く)賞品
202606010411,2026,中山,1,4,11,2026-01-11,https://www.jra.go.jp/datafile/seiseki/report/2026/2026-1nakayama4.pdf,46a0e624781b78d34686834479ea4e0aae14f933041bfd73326471bdd7022b09,official_race_marker_verified,1600,flat,turf,outer,right,0.0,Open,1.0,1,1600第42回フェアリーステークス(GIII)発走15時45分(芝・右・外)牝、3歳、除未出走馬および未勝利馬;負担重量は、馬齢重量賞品
202606010412,2026,中山,1,4,12,2026-01-11,https://www.jra.go.jp/datafile/seiseki/report/2026/2026-1nakayama4.pdf,46a0e624781b78d34686834479ea4e0aae14f933041bfd73326471bdd7022b09,official_race_marker_verified,1200,flat,dirt,,right,,Class2,0.0,0,12004歳以上2勝クラス発走16時25分(ダート・右)負担重量は、58、牝馬2減
202606010501,2026,中山,1,5,1,2026-01-12,https://www.jra.go.jp/datafile/seiseki/report/2026/2026-1nakayama5.pdf,5b4d0d5334c0fec7389dac13c800243b95bd66cf68664ffa827816d2dcff228d,official_race_marker_verified,1200,flat,dirt,,right,0.0,Maiden,0.0,0,12003歳未勝利発走9時50分(ダート・右)負担重量は、馬齢重量
202606010502,2026,中山,1,5,2,2026-01-12,https://www.jra.go.jp/datafile/seiseki/report/2026/2026-1nakayama5.pdf,5b4d0d5334c0fec7389dac13c800243b95bd66cf68664ffa827816d2dcff228d,official_race_marker_verified,1800,flat,dirt,,right,0.0,Maiden,0.0,0,18003歳未勝利発走10時20分(ダート・右)牝;負担重量は、馬齢重量
202606010503,2026,中山,1,5,3,2026-01-12,https://www.jra.go.jp/datafile/seiseki/report/2026/2026-1nakayama5.pdf,5b4d0d5334c0fec7389dac13c800243b95bd66cf68664ffa827816d2dcff228d,official_race_marker_verified,1800,flat,dirt,,right,0.0,Maiden,0.0,0,18003歳未勝利発走10時50分(ダート・右)負担重量は、馬齢重量
202606010504,2026,中山,1,5,4,2026-01-12,https://www.jra.go.jp/datafile/seiseki/report/2026/2026-1nakayama5.pdf,5b4d0d5334c0fec7389dac13c800243b95bd66cf68664ffa827816d2dcff228d,official_race_marker_verified,2880,obstacle,turf,,,,Maiden,0.0,0,2880障害4歳以上未勝利発走11時20分(芝・ダート)負担重量は、4歳595歳以上60、牝馬2減
202606010505,2026,中山,1,5,5,2026-01-12,https://www.jra.go.jp/datafile/seiseki/report/2026/2026-1nakayama5.pdf,5b4d0d5334c0fec7389dac13c800243b95bd66cf68664ffa827816d2dcff228d,official_race_marker_verified,1200,flat,dirt,,right,0.0,Newcomer,0.0,0,12003歳新馬発走12時10分(ダート・右)負担重量は、馬齢重量
202606010506,2026,中山,1,5,6,2026-01-12,https://www.jra.go.jp/datafile/seiseki/report/2026/2026-1nakayama5.pdf,5b4d0d5334c0fec7389dac13c800243b95bd66cf68664ffa827816d2dcff228d,official_race_marker_verified,2000,flat,turf,,right,0.0,Maiden,0.0,0,20003歳未勝利発走12時40分(芝・右)負担重量は、馬齢重量
202606010507,2026,中山,1,5,7,2026-01-12,https://www.jra.go.jp/datafile/seiseki/report/2026/2026-1nakayama5.pdf,5b4d0d5334c0fec7389dac13c800243b95bd66cf68664ffa827816d2dcff228d,official_race_marker_verified,1800,flat,dirt,,right,,Class1,0.0,0,18004歳以上1勝クラス発走13時10分(ダート・右)牝;負担重量は、4歳555歳以上56
202606010508,2026,中山,1,5,8,2026-01-12,https://www.jra.go.jp/datafile/seiseki/report/2026/2026-1nakayama5.pdf,5b4d0d5334c0fec7389dac13c800243b95bd66cf68664ffa827816d2dcff228d,official_race_marker_verified,1200,flat,turf,outer,right,0.0,Class1,0.0,0,12003歳1勝クラス発走13時40分(芝・右・外)負担重量は、馬齢重量
202606010509,2026,中山,1,5,9,2026-01-12,https://www.jra.go.jp/datafile/seiseki/report/2026/2026-1nakayama5.pdf,5b4d0d5334c0fec7389dac13c800243b95bd66cf68664ffa827816d2dcff228d,official_race_marker_verified,2400,flat,dirt,,right,,Class2,0.0,0,2400なりた成田特別発走14時15分(ダート・右)4歳以上、2勝クラス;負担重量は、4歳575歳以上58、牝馬2減成田市長賞(1着)賞品
202606010510,2026,中山,1,5,10,2026-01-12,https://www.jra.go.jp/datafile/seiseki/report/2026/2026-1nakayama5.pdf,5b4d0d5334c0fec7389dac13c800243b95bd66cf68664ffa827816d2dcff228d,official_race_marker_verified,1200,flat,dirt,,right,1.0,Maiden,0.0,0,1200はつはる初春ステークス発走14時50分(ダート・右)4歳以上、3勝クラス、除未出走馬および未勝利馬;負担重量は、ハンデキャップ賞品
202606010511,2026,中山,1,5,11,2026-01-12,https://www.jra.go.jp/datafile/seiseki/report/2026/2026-1nakayama5.pdf,5b4d0d5334c0fec7389dac13c800243b95bd66cf68664ffa827816d2dcff228d,official_race_marker_verified,1600,flat,turf,outer,right,,Maiden,0.0,0,1600ニューイヤーステークス(L)発走15時30分(芝・右・外)4歳以上、除未出走馬および未勝利馬;負担重量は、日本馬:4歳565歳以上57、牝馬2減、収得賞金1600万円超過馬は超過額1200万円毎1増、:4歳565歳以上57、牝馬2減、GI競走1着馬5増、GII競走1着馬3増、GIII競走1着馬1増(ただし2歳時の成績を除く)賞品
202606010512,2026,中山,1,5,12,2026-01-12,https://www.jra.go.jp/datafile/seiseki/report/2026/2026-1nakayama5.pdf,5b4d0d5334c0fec7389dac13c800243b95bd66cf68664ffa827816d2dcff228d,official_race_marker_verified,2000,flat,turf,,right,,Class1,0.0,0,20004歳以上1勝クラス発走16時10分(芝・右)負担重量は、4歳575歳以上58、牝馬2減
202606010601,2026,中山,1,6,1,2026-01-17,https://www.jra.go.jp/datafile/seiseki/report/2026/2026-1nakayama6.pdf,502169c891f5a30eb561e07f956eb523188138c315e7b39a2757e52f33d4bf6e,official_race_marker_verified,1200,flat,dirt,,right,0.0,Maiden,0.0,0,12003歳未勝利発走10時05分(ダート・右)負担重量は、馬齢重量
202606010602,2026,中山,1,6,2,2026-01-17,https://www.jra.go.jp/datafile/seiseki/report/2026/2026-1nakayama6.pdf,502169c891f5a30eb561e07f956eb523188138c315e7b39a2757e52f33d4bf6e,official_race_marker_verified,1800,flat,dirt,,right,0.0,Maiden,0.0,0,18003歳未勝利発走10時35分(ダート・右)負担重量は、馬齢重量
202606010603,2026,中山,1,6,3,2026-01-17,https://www.jra.go.jp/datafile/seiseki/report/2026/2026-1nakayama6.pdf,502169c891f5a30eb561e07f956eb523188138c315e7b39a2757e52f33d4bf6e,official_race_marker_verified,1800,flat,dirt,,right,0.0,Newcomer,0.0,0,18003歳新馬発走11時05分(ダート・右)負担重量は、馬齢重量
202606010604,2026,中山,1,6,4,2026-01-17,https://www.jra.go.jp/datafile/seiseki/report/2026/2026-1nakayama6.pdf,502169c891f5a30eb561e07f956eb523188138c315e7b39a2757e52f33d4bf6e,official_race_marker_verified,2880,obstacle,turf,,,,Maiden,0.0,0,2880障害4歳以上未勝利発走11時35分(芝・ダート)負担重量は、4歳595歳以上60、牝馬2減
202606010605,2026,中山,1,6,5,2026-01-17,https://www.jra.go.jp/datafile/seiseki/report/2026/2026-1nakayama6.pdf,502169c891f5a30eb561e07f956eb523188138c315e7b39a2757e52f33d4bf6e,official_race_marker_verified,2000,flat,turf,,right,0.0,Maiden,0.0,0,20003歳未勝利発走12時25分(芝・右)負担重量は、馬齢重量
202606010606,2026,中山,1,6,6,2026-01-17,https://www.jra.go.jp/datafile/seiseki/report/2026/2026-1nakayama6.pdf,502169c891f5a30eb561e07f956eb523188138c315e7b39a2757e52f33d4bf6e,official_race_marker_verified,1200,flat,dirt,,right,,Class1,0.0,0,12004歳以上1勝クラス発走12時55分(ダート・右)負担重量は、58、牝馬2減
202606010607,2026,中山,1,6,7,2026-01-17,https://www.jra.go.jp/datafile/seiseki/report/2026/2026-1nakayama6.pdf,502169c891f5a30eb561e07f956eb523188138c315e7b39a2757e52f33d4bf6e,official_race_marker_verified,2200,flat,turf,outer,right,,Class1,0.0,0,22004歳以上1勝クラス発走13時25分(芝・右・外)負担重量は、4歳575歳以上58、牝馬2減
202606010608,2026,中山,1,6,8,2026-01-17,https://www.jra.go.jp/datafile/seiseki/report/2026/2026-1nakayama6.pdf,502169c891f5a30eb561e07f956eb523188138c315e7b39a2757e52f33d4bf6e,official_race_marker_verified,1200,flat,dirt,,right,,Class2,0.0,0,12004歳以上2勝クラス発走13時55分(ダート・右)負担重量は、58、牝馬2減
202606010609,2026,中山,1,6,9,2026-01-17,https://www.jra.go.jp/datafile/seiseki/report/2026/2026-1nakayama6.pdf,502169c891f5a30eb561e07f956eb523188138c315e7b39a2757e52f33d4bf6e,official_race_marker_verified,1600,flat,turf,outer,right,0.0,Class1,0.0,0,1600なはな菜の花賞発走14時30分(芝・右・外)牝、3歳、1勝クラス;負担重量は、馬齢重量賞品
202606010610,2026,中山,1,6,10,2026-01-17,https://www.jra.go.jp/datafile/seiseki/report/2026/2026-1nakayama6.pdf,502169c891f5a30eb561e07f956eb523188138c315e7b39a2757e52f33d4bf6e,official_race_marker_verified,1800,flat,dirt,,right,1.0,Maiden,0.0,0,1800アレキサンドライトステークス発走15時05分(ダート・右)4歳以上、3勝クラス、除未出走馬および未勝利馬;負担重量は、ハンデキャップ賞品
202606010611,2026,中山,1,6,11,2026-01-17,https://www.jra.go.jp/datafile/seiseki/report/2026/2026-1nakayama6.pdf,502169c891f5a30eb561e07f956eb523188138c315e7b39a2757e52f33d4bf6e,official_race_marker_verified,1200,flat,turf,outer,right,1.0,Maiden,0.0,0,1200カーバンクルステークス発走15時45分(芝・右・外)4歳以上、除未出走馬および未勝利馬;負担重量は、ハンデキャップ賞品
202606010612,2026,中山,1,6,12,2026-01-17,https://www.jra.go.jp/datafile/seiseki/report/2026/2026-1nakayama6.pdf,502169c891f5a30eb561e07f956eb523188138c315e7b39a2757e52f33d4bf6e,official_race_marker_verified,1200,flat,turf,outer,right,,Class2,0.0,0,12004歳以上2勝クラス発走16時25分(芝・右・外)負担重量は、58、牝馬2減
202606010701,2026,中山,1,7,1,2026-01-18,https://www.jra.go.jp/datafile/seiseki/report/2026/2026-1nakayama7.pdf,12b8a014f96e9c6433df7df98364fe5f33f940b9b4bac7423dda6acd82dae347,official_race_marker_verified,1200,flat,dirt,,right,0.0,Maiden,0.0,0,12003歳未勝利発走10時05分(ダート・右)負担重量は、馬齢重量
202606010702,2026,中山,1,7,2,2026-01-18,https://www.jra.go.jp/datafile/seiseki/report/2026/2026-1nakayama7.pdf,12b8a014f96e9c6433df7df98364fe5f33f940b9b4bac7423dda6acd82dae347,official_race_marker_verified,1800,flat,dirt,,right,0.0,Maiden,0.0,0,18003歳未勝利発走10時35分(ダート・右)牝;負担重量は、馬齢重量
202606010703,2026,中山,1,7,3,2026-01-18,https://www.jra.go.jp/datafile/seiseki/report/2026/2026-1nakayama7.pdf,12b8a014f96e9c6433df7df98364fe5f33f940b9b4bac7423dda6acd82dae347,official_race_marker_verified,1800,flat,dirt,,right,0.0,Maiden,0.0,0,18003歳未勝利発走11時05分(ダート・右)負担重量は、馬齢重量
202606010704,2026,中山,1,7,4,2026-01-18,https://www.jra.go.jp/datafile/seiseki/report/2026/2026-1nakayama7.pdf,12b8a014f96e9c6433df7df98364fe5f33f940b9b4bac7423dda6acd82dae347,official_race_marker_verified,2880,obstacle,turf,,,,Maiden,0.0,0,2880障害4歳以上未勝利発走11時35分(芝・ダート)負担重量は、4歳595歳以上60、牝馬2減
202606010705,2026,中山,1,7,5,2026-01-18,https://www.jra.go.jp/datafile/seiseki/report/2026/2026-1nakayama7.pdf,12b8a014f96e9c6433df7df98364fe5f33f940b9b4bac7423dda6acd82dae347,official_race_marker_verified,1600,flat,turf,outer,right,0.0,Newcomer,0.0,0,16003歳新馬発走12時25分(芝・右・外)負担重量は、馬齢重量
202606010706,2026,中山,1,7,6,2026-01-18,https://www.jra.go.jp/datafile/seiseki/report/2026/2026-1nakayama7.pdf,12b8a014f96e9c6433df7df98364fe5f33f940b9b4bac7423dda6acd82dae347,official_race_marker_verified,1800,flat,dirt,,right,,Class1,0.0,0,18004歳以上1勝クラス発走12時55分(ダート・右)負担重量は、4歳575歳以上58、牝馬2減
202606010707,2026,中山,1,7,7,2026-01-18,https://www.jra.go.jp/datafile/seiseki/report/2026/2026-1nakayama7.pdf,12b8a014f96e9c6433df7df98364fe5f33f940b9b4bac7423dda6acd82dae347,official_race_marker_verified,2200,flat,turf,outer,right,,Class2,0.0,0,22004歳以上2勝クラス発走13時25分(芝・右・外)負担重量は、4歳575歳以上58、牝馬2減
202606010708,2026,中山,1,7,8,2026-01-18,https://www.jra.go.jp/datafile/seiseki/report/2026/2026-1nakayama7.pdf,12b8a014f96e9c6433df7df98364fe5f33f940b9b4bac7423dda6acd82dae347,official_race_marker_verified,1800,flat,dirt,,right,,Class2,0.0,0,18004歳以上2勝クラス発走13時55分(ダート・右)牝;負担重量は、4歳555歳以上56
202606010709,2026,中山,1,7,9,2026-01-18,https://www.jra.go.jp/datafile/seiseki/report/2026/2026-1nakayama7.pdf,12b8a014f96e9c6433df7df98364fe5f33f940b9b4bac7423dda6acd82dae347,official_race_marker_verified,1600,flat,turf,outer,right,,Maiden,0.0,0,1600わかしお若潮ステークス発走14時30分(芝・右・外)4歳以上、3勝クラス、除未出走馬および未勝利馬;負担重量は、4歳575歳以上58、牝馬2減賞品
202606010710,2026,中山,1,7,10,2026-01-18,https://www.jra.go.jp/datafile/seiseki/report/2026/2026-1nakayama7.pdf,12b8a014f96e9c6433df7df98364fe5f33f940b9b4bac7423dda6acd82dae347,official_race_marker_verified,1200,flat,dirt,,right,,Maiden,0.0,0,1200ジャニュアリーステークス発走15時05分(ダート・右)4歳以上、除未出走馬および未勝利馬;負担重量は、日本馬:57、牝馬2減、収得賞金1600万円超過馬は超過額1200万円毎1増、:57、牝馬2減、GI競走1着馬5増、GII競走1着馬3増、GIII競走1着馬1増(ただし2歳時の成績を除く)賞品
202606010711,2026,中山,1,7,11,2026-01-18,https://www.jra.go.jp/datafile/seiseki/report/2026/2026-1nakayama7.pdf,12b8a014f96e9c6433df7df98364fe5f33f940b9b4bac7423dda6acd82dae347,official_race_marker_verified,2000,flat,turf,,right,0.0,Open,1.0,1,2000第66回京成杯(GIII)発走15時45分(芝・右)3歳、除未出走馬および未勝利馬;負担重量は、馬齢重量京成電鉄株式会社賞(1着)賞品
202606010712,2026,中山,1,7,12,2026-01-18,https://www.jra.go.jp/datafile/seiseki/report/2026/2026-1nakayama7.pdf,12b8a014f96e9c6433df7df98364fe5f33f940b9b4bac7423dda6acd82dae347,official_race_marker_verified,1600,flat,turf,outer,right,0.0,Maiden,0.0,0,16003歳未勝利発走16時25分(芝・右・外)牝;負担重量は、馬齢重量
202606010801,2026,中山,1,8,1,2026-01-24,https://www.jra.go.jp/datafile/seiseki/report/2026/2026-1nakayama8.pdf,fab0794cf1a9fde86ed444dc2e7c44f6b588391f3e873cc74ae6d4b45ad9509a,official_race_marker_verified,1200,flat,dirt,,right,0.0,Maiden,0.0,0,12003歳未勝利発走9時55分(ダート・右)牝;負担重量は、馬齢重量
202606010802,2026,中山,1,8,2,2026-01-24,https://www.jra.go.jp/datafile/seiseki/report/2026/2026-1nakayama8.pdf,fab0794cf1a9fde86ed444dc2e7c44f6b588391f3e873cc74ae6d4b45ad9509a,official_race_marker_verified,1800,flat,dirt,,right,0.0,Maiden,0.0,0,18003歳未勝利発走10時25分(ダート・右)負担重量は、馬齢重量
202606010803,2026,中山,1,8,3,2026-01-24,https://www.jra.go.jp/datafile/seiseki/report/2026/2026-1nakayama8.pdf,fab0794cf1a9fde86ed444dc2e7c44f6b588391f3e873cc74ae6d4b45ad9509a,official_race_marker_verified,1200,flat,dirt,,right,0.0,Newcomer,0.0,0,12003歳新馬発走10時55分(ダート・右)負担重量は、馬齢重量
202606010804,2026,中山,1,8,4,2026-01-24,https://www.jra.go.jp/datafile/seiseki/report/2026/2026-1nakayama8.pdf,fab0794cf1a9fde86ed444dc2e7c44f6b588391f3e873cc74ae6d4b45ad9509a,official_race_marker_verified,1800,flat,dirt,,right,0.0,Maiden,0.0,0,18003歳未勝利発走11時25分(ダート・右)負担重量は、馬齢重量
202606010805,2026,中山,1,8,5,2026-01-24,https://www.jra.go.jp/datafile/seiseki/report/2026/2026-1nakayama8.pdf,fab0794cf1a9fde86ed444dc2e7c44f6b588391f3e873cc74ae6d4b45ad9509a,official_race_marker_verified,2200,flat,turf,outer,right,0.0,Maiden,0.0,0,22003歳未勝利発走12時15分(芝・右・外)負担重量は、馬齢重量
202606010806,2026,中山,1,8,6,2026-01-24,https://www.jra.go.jp/datafile/seiseki/report/2026/2026-1nakayama8.pdf,fab0794cf1a9fde86ed444dc2e7c44f6b588391f3e873cc74ae6d4b45ad9509a,official_race_marker_verified,1800,flat,dirt,,right,0.0,Class1,0.0,0,18003歳1勝クラス発走12時50分(ダート・右)負担重量は、馬齢重量
202606010807,2026,中山,1,8,7,2026-01-24,https://www.jra.go.jp/datafile/seiseki/report/2026/2026-1nakayama8.pdf,fab0794cf1a9fde86ed444dc2e7c44f6b588391f3e873cc74ae6d4b45ad9509a,official_race_marker_verified,1200,flat,dirt,,right,,Class1,0.0,0,12004歳以上1勝クラス発走13時20分(ダート・右)負担重量は、58、牝馬2減
202606010808,2026,中山,1,8,8,2026-01-24,https://www.jra.go.jp/datafile/seiseki/report/2026/2026-1nakayama8.pdf,fab0794cf1a9fde86ed444dc2e7c44f6b588391f3e873cc74ae6d4b45ad9509a,official_race_marker_verified,1800,flat,dirt,,right,,Class1,0.0,0,18004歳以上1勝クラス発走13時50分(ダート・右)牝;負担重量は、4歳555歳以上56
202606010809,2026,中山,1,8,9,2026-01-24,https://www.jra.go.jp/datafile/seiseki/report/2026/2026-1nakayama8.pdf,fab0794cf1a9fde86ed444dc2e7c44f6b588391f3e873cc74ae6d4b45ad9509a,official_race_marker_verified,1800,flat,turf,,right,,Class2,0.0,0,1800しののめ東雲賞発走14時20分(芝・右)4歳以上、2勝クラス;負担重量は、4歳575歳以上58、牝馬2減賞品
202606010810,2026,中山,1,8,10,2026-01-24,https://www.jra.go.jp/datafile/seiseki/report/2026/2026-1nakayama8.pdf,fab0794cf1a9fde86ed444dc2e7c44f6b588391f3e873cc74ae6d4b45ad9509a,official_race_marker_verified,1800,flat,dirt,,right,,Class2,0.0,0,1800はつがすみ初霞賞発走14時55分(ダート・右)4歳以上、2勝クラス;負担重量は、4歳575歳以上58、牝馬2減賞品
202606010811,2026,中山,1,8,11,2026-01-24,https://www.jra.go.jp/datafile/seiseki/report/2026/2026-1nakayama8.pdf,fab0794cf1a9fde86ed444dc2e7c44f6b588391f3e873cc74ae6d4b45ad9509a,official_race_marker_verified,2000,flat,turf,,right,1.0,Maiden,0.0,0,2000はつふじ初富士ステークス発走15時30分(芝・右)4歳以上、3勝クラス、除未出走馬および未勝利馬;負担重量は、ハンデキャップ賞品
202606010812,2026,中山,1,8,12,2026-01-24,https://www.jra.go.jp/datafile/seiseki/report/2026/2026-1nakayama8.pdf,fab0794cf1a9fde86ed444dc2e7c44f6b588391f3e873cc74ae6d4b45ad9509a,official_race_marker_verified,1600,flat,turf,outer,right,,Class1,0.0,0,16004歳以上1勝クラス発走16時10分(芝・右・外)負担重量は、4歳575歳以上58、牝馬2減
202606010901,2026,中山,1,9,1,2026-01-25,https://www.jra.go.jp/datafile/seiseki/report/2026/2026-1nakayama9.pdf,3fdd4f5b5b3a9939bd9ba4bd3b25580622d7571ef4f216bf03636b9294e1d447,official_race_marker_verified,1200,flat,dirt,,right,0.0,Maiden,0.0,0,12003歳未勝利発走10時05分(ダート・右)負担重量は、馬齢重量
202606010902,2026,中山,1,9,2,2026-01-25,https://www.jra.go.jp/datafile/seiseki/report/2026/2026-1nakayama9.pdf,3fdd4f5b5b3a9939bd9ba4bd3b25580622d7571ef4f216bf03636b9294e1d447,official_race_marker_verified,1800,flat,dirt,,right,0.0,Maiden,0.0,0,18003歳未勝利発走10時35分(ダート・右)牝;負担重量は、馬齢重量
202606010903,2026,中山,1,9,3,2026-01-25,https://www.jra.go.jp/datafile/seiseki/report/2026/2026-1nakayama9.pdf,3fdd4f5b5b3a9939bd9ba4bd3b25580622d7571ef4f216bf03636b9294e1d447,official_race_marker_verified,1200,flat,dirt,,right,0.0,Maiden,0.0,0,12003歳未勝利発走11時05分(ダート・右)負担重量は、馬齢重量
202606010904,2026,中山,1,9,4,2026-01-25,https://www.jra.go.jp/datafile/seiseki/report/2026/2026-1nakayama9.pdf,3fdd4f5b5b3a9939bd9ba4bd3b25580622d7571ef4f216bf03636b9294e1d447,official_race_marker_verified,1800,flat,dirt,,right,0.0,Newcomer,0.0,0,18003歳新馬発走11時35分(ダート・右)負担重量は、馬齢重量
202606010905,2026,中山,1,9,5,2026-01-25,https://www.jra.go.jp/datafile/seiseki/report/2026/2026-1nakayama9.pdf,3fdd4f5b5b3a9939bd9ba4bd3b25580622d7571ef4f216bf03636b9294e1d447,official_race_marker_verified,2000,flat,turf,,right,0.0,Newcomer,0.0,0,20003歳新馬発走12時25分(芝・右)負担重量は、馬齢重量
202606010906,2026,中山,1,9,6,2026-01-25,https://www.jra.go.jp/datafile/seiseki/report/2026/2026-1nakayama9.pdf,3fdd4f5b5b3a9939bd9ba4bd3b25580622d7571ef4f216bf03636b9294e1d447,official_race_marker_verified,1800,flat,dirt,,right,,Class1,0.0,0,18004歳以上1勝クラス発走12時55分(ダート・右)負担重量は、4歳575歳以上58、牝馬2減
202606010907,2026,中山,1,9,7,2026-01-25,https://www.jra.go.jp/datafile/seiseki/report/2026/2026-1nakayama9.pdf,3fdd4f5b5b3a9939bd9ba4bd3b25580622d7571ef4f216bf03636b9294e1d447,official_race_marker_verified,1600,flat,turf,outer,right,,Class2,0.0,0,16004歳以上2勝クラス発走13時25分(芝・右・外)負担重量は、4歳575歳以上58、牝馬2減
202606010908,2026,中山,1,9,8,2026-01-25,https://www.jra.go.jp/datafile/seiseki/report/2026/2026-1nakayama9.pdf,3fdd4f5b5b3a9939bd9ba4bd3b25580622d7571ef4f216bf03636b9294e1d447,official_race_marker_verified,1200,flat,dirt,,right,,Class2,0.0,0,12004歳以上2勝クラス発走13時55分(ダート・右)負担重量は、58、牝馬2減
202606010909,2026,中山,1,9,9,2026-01-25,https://www.jra.go.jp/datafile/seiseki/report/2026/2026-1nakayama9.pdf,3fdd4f5b5b3a9939bd9ba4bd3b25580622d7571ef4f216bf03636b9294e1d447,official_race_marker_verified,1800,flat,turf,,right,0.0,Class1,0.0,0,1800わかたけ若竹賞発走14時25分(芝・右)3歳、1勝クラス;負担重量は、馬齢重量賞品
202606010910,2026,中山,1,9,10,2026-01-25,https://www.jra.go.jp/datafile/seiseki/report/2026/2026-1nakayama9.pdf,3fdd4f5b5b3a9939bd9ba4bd3b25580622d7571ef4f216bf03636b9294e1d447,official_race_marker_verified,1200,flat,dirt,,right,,Maiden,0.0,0,1200えどがわ江戸川ステークス発走15時00分(ダート・右)4歳以上、3勝クラス、除未出走馬および未勝利馬;負担重量は、58、牝馬2減賞品
202606010911,2026,中山,1,9,11,2026-01-25,https://www.jra.go.jp/datafile/seiseki/report/2026/2026-1nakayama9.pdf,3fdd4f5b5b3a9939bd9ba4bd3b25580622d7571ef4f216bf03636b9294e1d447,official_race_marker_verified,2200,flat,turf,outer,right,,Open,1.0,1,2200第67回アメリカジョッキークラブカップ(GII)発走15時45分(芝・右・外)4歳以上、除未出走馬および未勝利馬;負担重量は、4歳565歳以上57、牝馬2減、2025.1.25以降GI競走(牝馬限定競走を除く)1着馬2増、牝馬限定GI競走またはGII競走(牝馬限定競走を除く)1着馬1増、2025.1.24以前のGI競走(牝馬限定競走を除く)1着馬1増(ただし2歳時の成績を除く)アメリカジョッキークラブ賞(1着)賞品
202606010912,2026,中山,1,9,12,2026-01-25,https://www.jra.go.jp/datafile/seiseki/report/2026/2026-1nakayama9.pdf,3fdd4f5b5b3a9939bd9ba4bd3b25580622d7571ef4f216bf03636b9294e1d447,official_race_marker_verified,1600,flat,turf,outer,right,0.0,Maiden,0.0,0,16003歳未勝利発走16時25分(芝・右・外)負担重量は、馬齢重量
202606020101,2026,中山,2,1,1,2026-02-28,https://www.jra.go.jp/datafile/seiseki/report/2026/2026-2nakayama1.pdf,02833d505c9b503fac9bed4485e024e28d05c0ed21e3f0c96bf5580685690d98,official_race_marker_verified,1200,flat,dirt,,right,0.0,Maiden,0.0,0,12003歳未勝利発走10時05分(ダート・右)牝;負担重量は、馬齢重量
202606020102,2026,中山,2,1,2,2026-02-28,https://www.jra.go.jp/datafile/seiseki/report/2026/2026-2nakayama1.pdf,02833d505c9b503fac9bed4485e024e28d05c0ed21e3f0c96bf5580685690d98,official_race_marker_verified,1800,flat,dirt,,right,0.0,Maiden,0.0,0,18003歳未勝利発走10時35分(ダート・右)負担重量は、馬齢重量
202606020103,2026,中山,2,1,3,2026-02-28,https://www.jra.go.jp/datafile/seiseki/report/2026/2026-2nakayama1.pdf,02833d505c9b503fac9bed4485e024e28d05c0ed21e3f0c96bf5580685690d98,official_race_marker_verified,1200,flat,dirt,,right,0.0,Maiden,0.0,0,12003歳未勝利発走11時05分(ダート・右)負担重量は、馬齢重量
202606020104,2026,中山,2,1,4,2026-02-28,https://www.jra.go.jp/datafile/seiseki/report/2026/2026-2nakayama1.pdf,02833d505c9b503fac9bed4485e024e28d05c0ed21e3f0c96bf5580685690d98,official_race_marker_verified,1800,flat,dirt,,right,0.0,Maiden,0.0,0,18003歳未勝利発走11時35分(ダート・右)負担重量は、馬齢重量
202606020105,2026,中山,2,1,5,2026-02-28,https://www.jra.go.jp/datafile/seiseki/report/2026/2026-2nakayama1.pdf,02833d505c9b503fac9bed4485e024e28d05c0ed21e3f0c96bf5580685690d98,official_race_marker_verified,2000,flat,turf,,right,0.0,Maiden,0.0,0,20003歳未勝利発走12時25分(芝・右)負担重量は、馬齢重量
202606020106,2026,中山,2,1,6,2026-02-28,https://www.jra.go.jp/datafile/seiseki/report/2026/2026-2nakayama1.pdf,02833d505c9b503fac9bed4485e024e28d05c0ed21e3f0c96bf5580685690d98,official_race_marker_verified,1800,flat,turf,,right,0.0,Class1,0.0,0,18003歳1勝クラス発走13時00分(芝・右)牝;負担重量は、馬齢重量
202606020107,2026,中山,2,1,7,2026-02-28,https://www.jra.go.jp/datafile/seiseki/report/2026/2026-2nakayama1.pdf,02833d505c9b503fac9bed4485e024e28d05c0ed21e3f0c96bf5580685690d98,official_race_marker_verified,1800,flat,dirt,,right,,Class1,0.0,0,18004歳以上1勝クラス発走13時30分(ダート・右)負担重量は、4歳575歳以上58、牝馬2減
202606020108,2026,中山,2,1,8,2026-02-28,https://www.jra.go.jp/datafile/seiseki/report/2026/2026-2nakayama1.pdf,02833d505c9b503fac9bed4485e024e28d05c0ed21e3f0c96bf5580685690d98,official_race_marker_verified,1600,flat,turf,outer,right,,Class2,0.0,0,16004歳以上2勝クラス発走14時00分(芝・右・外)負担重量は、58、牝馬2減
202606020109,2026,中山,2,1,9,2026-02-28,https://www.jra.go.jp/datafile/seiseki/report/2026/2026-2nakayama1.pdf,02833d505c9b503fac9bed4485e024e28d05c0ed21e3f0c96bf5580685690d98,official_race_marker_verified,2200,flat,turf,outer,right,0.0,Class1,0.0,0,2200すいせん水仙賞発走14時30分(芝・右・外)3歳、1勝クラス;負担重量は、馬齢重量賞品
202606020110,2026,中山,2,1,10,2026-02-28,https://www.jra.go.jp/datafile/seiseki/report/2026/2026-2nakayama1.pdf,02833d505c9b503fac9bed4485e024e28d05c0ed21e3f0c96bf5580685690d98,official_race_marker_verified,1200,flat,dirt,,right,1.0,Maiden,0.0,0,1200はるかぜ春風ステークス発走15時05分(ダート・右)4歳以上、3勝クラス、除未出走馬および未勝利馬;負担重量は、ハンデキャップ賞品
202606020111,2026,中山,2,1,11,2026-02-28,https://www.jra.go.jp/datafile/seiseki/report/2026/2026-2nakayama1.pdf,02833d505c9b503fac9bed4485e024e28d05c0ed21e3f0c96bf5580685690d98,official_race_marker_verified,1200,flat,turf,outer,right,,Open,1.0,1,1200第21回オーシャンステークス(GIII)発走15時45分(芝・右・外)4歳以上、除未出走馬および未勝利馬;負担重量は、57、牝馬2減、2025.3.1以降GI競走(牝馬限定競走を除く)1着馬2増、牝馬限定GI競走またはGII競走(牝馬限定競走を除く)1着馬1増、2025.2.28以前のGI競走(牝馬限定競走を除く)1着馬1増(ただし2歳時の成績を除く)賞品
202606020112,2026,中山,2,1,12,2026-02-28,https://www.jra.go.jp/datafile/seiseki/report/2026/2026-2nakayama1.pdf,02833d505c9b503fac9bed4485e024e28d05c0ed21e3f0c96bf5580685690d98,official_race_marker_verified,1800,flat,dirt,,right,,Class2,0.0,0,18004歳以上2勝クラス発走16時25分(ダート・右)負担重量は、4歳575歳以上58、牝馬2減
202606020201,2026,中山,2,2,1,2026-03-01,https://www.jra.go.jp/datafile/seiseki/report/2026/2026-2nakayama2.pdf,e9864c2a7946d49a66b4415d7b9fe37dd7d3237e5e707a757eb0d1ccdbbb39f4,official_race_marker_verified,1800,flat,dirt,,right,0.0,Maiden,0.0,0,18003歳未勝利発走10時05分(ダート・右)牝;負担重量は、馬齢重量
202606020202,2026,中山,2,2,2,2026-03-01,https://www.jra.go.jp/datafile/seiseki/report/2026/2026-2nakayama2.pdf,e9864c2a7946d49a66b4415d7b9fe37dd7d3237e5e707a757eb0d1ccdbbb39f4,official_race_marker_verified,1800,flat,dirt,,right,0.0,Maiden,0.0,0,18003歳未勝利発走10時35分(ダート・右)負担重量は、馬齢重量
202606020203,2026,中山,2,2,3,2026-03-01,https://www.jra.go.jp/datafile/seiseki/report/2026/2026-2nakayama2.pdf,e9864c2a7946d49a66b4415d7b9fe37dd7d3237e5e707a757eb0d1ccdbbb39f4,official_race_marker_verified,1200,flat,dirt,,right,0.0,Maiden,0.0,0,12003歳未勝利発走11時05分(ダート・右)負担重量は、馬齢重量
202606020204,2026,中山,2,2,4,2026-03-01,https://www.jra.go.jp/datafile/seiseki/report/2026/2026-2nakayama2.pdf,e9864c2a7946d49a66b4415d7b9fe37dd7d3237e5e707a757eb0d1ccdbbb39f4,official_race_marker_verified,1800,flat,dirt,,right,0.0,Class1,0.0,0,18003歳1勝クラス発走11時35分(ダート・右)負担重量は、馬齢重量
202606020205,2026,中山,2,2,5,2026-03-01,https://www.jra.go.jp/datafile/seiseki/report/2026/2026-2nakayama2.pdf,e9864c2a7946d49a66b4415d7b9fe37dd7d3237e5e707a757eb0d1ccdbbb39f4,official_race_marker_verified,1600,flat,turf,outer,right,0.0,Maiden,0.0,0,16003歳未勝利発走12時25分(芝・右・外)負担重量は、馬齢重量
202606020206,2026,中山,2,2,6,2026-03-01,https://www.jra.go.jp/datafile/seiseki/report/2026/2026-2nakayama2.pdf,e9864c2a7946d49a66b4415d7b9fe37dd7d3237e5e707a757eb0d1ccdbbb39f4,official_race_marker_verified,1800,flat,dirt,,right,,Class1,0.0,0,18004歳以上1勝クラス発走12時55分(ダート・右)牝;負担重量は、4歳555歳以上56
202606020207,2026,中山,2,2,7,2026-03-01,https://www.jra.go.jp/datafile/seiseki/report/2026/2026-2nakayama2.pdf,e9864c2a7946d49a66b4415d7b9fe37dd7d3237e5e707a757eb0d1ccdbbb39f4,official_race_marker_verified,1600,flat,turf,outer,right,0.0,Class1,0.0,0,16003歳1勝クラス発走13時25分(芝・右・外)負担重量は、馬齢重量
202606020208,2026,中山,2,2,8,2026-03-01,https://www.jra.go.jp/datafile/seiseki/report/2026/2026-2nakayama2.pdf,e9864c2a7946d49a66b4415d7b9fe37dd7d3237e5e707a757eb0d1ccdbbb39f4,official_race_marker_verified,1200,flat,dirt,,right,,Class1,0.0,0,12004歳以上1勝クラス発走13時55分(ダート・右)負担重量は、58、牝馬2減
202606020209,2026,中山,2,2,9,2026-03-01,https://www.jra.go.jp/datafile/seiseki/report/2026/2026-2nakayama2.pdf,e9864c2a7946d49a66b4415d7b9fe37dd7d3237e5e707a757eb0d1ccdbbb39f4,official_race_marker_verified,2000,flat,turf,,right,,Class2,0.0,0,2000とみさと富里特別発走14時25分(芝・右)4歳以上、2勝クラス;負担重量は、4歳575歳以上58、牝馬2減富里市長賞(1着)賞品
202606020210,2026,中山,2,2,10,2026-03-01,https://www.jra.go.jp/datafile/seiseki/report/2026/2026-2nakayama2.pdf,e9864c2a7946d49a66b4415d7b9fe37dd7d3237e5e707a757eb0d1ccdbbb39f4,official_race_marker_verified,1200,flat,turf,outer,right,,Maiden,0.0,0,1200アクアマリンステークス発走15時00分(芝・右・外)4歳以上、3勝クラス、除未出走馬および未勝利馬;負担重量は、58、牝馬2減賞品
202606020211,2026,中山,2,2,11,2026-03-01,https://www.jra.go.jp/datafile/seiseki/report/2026/2026-2nakayama2.pdf,e9864c2a7946d49a66b4415d7b9fe37dd7d3237e5e707a757eb0d1ccdbbb39f4,official_race_marker_verified,1800,flat,turf,,right,,Open,1.0,1,1800第100回中山記念(GII)発走15時45分(芝・右)4歳以上、除未出走馬および未勝利馬;負担重量は、4歳565歳以上57、牝馬2減、2025.3.1以降GI競走(牝馬限定競走を除く)1着馬2増、牝馬限定GI競走またはGII競走(牝馬限定競走を除く)1着馬1増、2025.2.28以前のGI競走(牝馬限定競走を除く)1着馬1増(ただし2歳時の成績を除く)千葉県知事賞(1着)賞品
202606020212,2026,中山,2,2,12,2026-03-01,https://www.jra.go.jp/datafile/seiseki/report/2026/2026-2nakayama2.pdf,e9864c2a7946d49a66b4415d7b9fe37dd7d3237e5e707a757eb0d1ccdbbb39f4,official_race_marker_verified,1200,flat,dirt,,right,,Class2,0.0,0,12004歳以上2勝クラス発走16時25分(ダート・右)負担重量は、58、牝馬2減
202606020301,2026,中山,2,3,1,2026-03-07,https://www.jra.go.jp/datafile/seiseki/report/2026/2026-2nakayama3.pdf,1e62adaf5421ce262b4c2204c293815991028fbfd79476441c4c47d834035ae0,official_race_marker_verified,1200,flat,dirt,,right,0.0,Maiden,0.0,0,12003歳未勝利発走10時05分(ダート・右)牝;負担重量は、馬齢重量
202606020302,2026,中山,2,3,2,2026-03-07,https://www.jra.go.jp/datafile/seiseki/report/2026/2026-2nakayama3.pdf,1e62adaf5421ce262b4c2204c293815991028fbfd79476441c4c47d834035ae0,official_race_marker_verified,1800,flat,dirt,,right,0.0,Maiden,0.0,0,18003歳未勝利発走10時35分(ダート・右)負担重量は、馬齢重量
202606020303,2026,中山,2,3,3,2026-03-07,https://www.jra.go.jp/datafile/seiseki/report/2026/2026-2nakayama3.pdf,1e62adaf5421ce262b4c2204c293815991028fbfd79476441c4c47d834035ae0,official_race_marker_verified,1200,flat,dirt,,right,0.0,Maiden,0.0,0,12003歳未勝利発走11時05分(ダート・右)負担重量は、馬齢重量
202606020304,2026,中山,2,3,4,2026-03-07,https://www.jra.go.jp/datafile/seiseki/report/2026/2026-2nakayama3.pdf,1e62adaf5421ce262b4c2204c293815991028fbfd79476441c4c47d834035ae0,official_race_marker_verified,3200,obstacle,turf,,,,Open,1.0,0,3200障害4歳以上オープン発走11時35分(芝・ダート)負担重量は、4歳595歳以上60、牝馬2減、収得賞金700万円毎1増
202606020305,2026,中山,2,3,5,2026-03-07,https://www.jra.go.jp/datafile/seiseki/report/2026/2026-2nakayama3.pdf,1e62adaf5421ce262b4c2204c293815991028fbfd79476441c4c47d834035ae0,official_race_marker_verified,2200,flat,turf,outer,right,0.0,Maiden,0.0,0,22003歳未勝利発走12時25分(芝・右・外)負担重量は、馬齢重量
202606020306,2026,中山,2,3,6,2026-03-07,https://www.jra.go.jp/datafile/seiseki/report/2026/2026-2nakayama3.pdf,1e62adaf5421ce262b4c2204c293815991028fbfd79476441c4c47d834035ae0,official_race_marker_verified,2000,flat,turf,,right,0.0,Maiden,0.0,0,20003歳未勝利発走12時55分(芝・右)牝;負担重量は、馬齢重量
202606020307,2026,中山,2,3,7,2026-03-07,https://www.jra.go.jp/datafile/seiseki/report/2026/2026-2nakayama3.pdf,1e62adaf5421ce262b4c2204c293815991028fbfd79476441c4c47d834035ae0,official_race_marker_verified,1200,flat,dirt,,right,0.0,Class1,0.0,0,12003歳1勝クラス発走13時25分(ダート・右)負担重量は、馬齢重量
202606020308,2026,中山,2,3,8,2026-03-07,https://www.jra.go.jp/datafile/seiseki/report/2026/2026-2nakayama3.pdf,1e62adaf5421ce262b4c2204c293815991028fbfd79476441c4c47d834035ae0,official_race_marker_verified,1800,flat,dirt,,right,,Class1,0.0,0,18004歳以上1勝クラス発走13時55分(ダート・右)負担重量は、58、牝馬2減
202606020309,2026,中山,2,3,9,2026-03-07,https://www.jra.go.jp/datafile/seiseki/report/2026/2026-2nakayama3.pdf,1e62adaf5421ce262b4c2204c293815991028fbfd79476441c4c47d834035ae0,official_race_marker_verified,2500,flat,turf,,right,1.0,Class2,0.0,0,2500いたこ潮来特別発走14時30分(芝・右)4歳以上、2勝クラス;負担重量は、ハンデキャップ賞品
202606020310,2026,中山,2,3,10,2026-03-07,https://www.jra.go.jp/datafile/seiseki/report/2026/2026-2nakayama3.pdf,1e62adaf5421ce262b4c2204c293815991028fbfd79476441c4c47d834035ae0,official_race_marker_verified,1800,flat,dirt,,right,,Maiden,0.0,0,1800かずさ上総ステークス発走15時05分(ダート・右)4歳以上、3勝クラス、除未出走馬および未勝利馬;負担重量は、58、牝馬2減賞品
202606020311,2026,中山,2,3,11,2026-03-07,https://www.jra.go.jp/datafile/seiseki/report/2026/2026-2nakayama3.pdf,1e62adaf5421ce262b4c2204c293815991028fbfd79476441c4c47d834035ae0,official_race_marker_verified,1800,flat,turf,,right,1.0,Open,1.0,1,1800第44回ローレル競馬場賞中山牝馬ステークス(GIII)発走15時45分(芝・右)牝、4歳以上、除未出走馬および未勝利馬;負担重量は、ハンデキャップローレル競馬場賞(1着)賞品
202606020312,2026,中山,2,3,12,2026-03-07,https://www.jra.go.jp/datafile/seiseki/report/2026/2026-2nakayama3.pdf,1e62adaf5421ce262b4c2204c293815991028fbfd79476441c4c47d834035ae0,official_race_marker_verified,1600,flat,turf,outer,right,,Class1,0.0,0,16004歳以上1勝クラス発走16時25分(芝・右・外)負担重量は、58、牝馬2減
202606020401,2026,中山,2,4,1,2026-03-08,https://www.jra.go.jp/datafile/seiseki/report/2026/2026-2nakayama4.pdf,64702b5bd7413a27502516b1f31e77c8440f5fa7938505d6bd96abb7b6a7f7fd,official_race_marker_verified,1800,flat,dirt,,right,0.0,Maiden,0.0,0,18003歳未勝利発走10時05分(ダート・右)牝;負担重量は、馬齢重量
202606020402,2026,中山,2,4,2,2026-03-08,https://www.jra.go.jp/datafile/seiseki/report/2026/2026-2nakayama4.pdf,64702b5bd7413a27502516b1f31e77c8440f5fa7938505d6bd96abb7b6a7f7fd,official_race_marker_verified,1200,flat,dirt,,right,0.0,Maiden,0.0,0,12003歳未勝利発走10時35分(ダート・右)負担重量は、馬齢重量
202606020403,2026,中山,2,4,3,2026-03-08,https://www.jra.go.jp/datafile/seiseki/report/2026/2026-2nakayama4.pdf,64702b5bd7413a27502516b1f31e77c8440f5fa7938505d6bd96abb7b6a7f7fd,official_race_marker_verified,1800,flat,dirt,,right,0.0,Maiden,0.0,0,18003歳未勝利発走11時05分(ダート・右)負担重量は、馬齢重量
202606020404,2026,中山,2,4,4,2026-03-08,https://www.jra.go.jp/datafile/seiseki/report/2026/2026-2nakayama4.pdf,64702b5bd7413a27502516b1f31e77c8440f5fa7938505d6bd96abb7b6a7f7fd,official_race_marker_verified,2880,obstacle,turf,,,,Maiden,0.0,0,2880障害4歳以上未勝利発走11時35分(芝・ダート)負担重量は、4歳595歳以上60、牝馬2減
202606020405,2026,中山,2,4,5,2026-03-08,https://www.jra.go.jp/datafile/seiseki/report/2026/2026-2nakayama4.pdf,64702b5bd7413a27502516b1f31e77c8440f5fa7938505d6bd96abb7b6a7f7fd,official_race_marker_verified,1800,flat,turf,,right,0.0,Maiden,0.0,0,18003歳未勝利発走12時25分(芝・右)負担重量は、馬齢重量
202606020406,2026,中山,2,4,6,2026-03-08,https://www.jra.go.jp/datafile/seiseki/report/2026/2026-2nakayama4.pdf,64702b5bd7413a27502516b1f31e77c8440f5fa7938505d6bd96abb7b6a7f7fd,official_race_marker_verified,1200,flat,dirt,,right,,Class1,0.0,0,12004歳以上1勝クラス発走12時55分(ダート・右)負担重量は、58、牝馬2減
202606020407,2026,中山,2,4,7,2026-03-08,https://www.jra.go.jp/datafile/seiseki/report/2026/2026-2nakayama4.pdf,64702b5bd7413a27502516b1f31e77c8440f5fa7938505d6bd96abb7b6a7f7fd,official_race_marker_verified,1600,flat,turf,outer,right,0.0,Class1,0.0,0,16003歳1勝クラス発走13時25分(芝・右・外)負担重量は、馬齢重量
202606020408,2026,中山,2,4,8,2026-03-08,https://www.jra.go.jp/datafile/seiseki/report/2026/2026-2nakayama4.pdf,64702b5bd7413a27502516b1f31e77c8440f5fa7938505d6bd96abb7b6a7f7fd,official_race_marker_verified,1800,flat,dirt,,right,,Class2,0.0,0,18004歳以上2勝クラス発走13時55分(ダート・右)負担重量は、58、牝馬2減
202606020409,2026,中山,2,4,9,2026-03-08,https://www.jra.go.jp/datafile/seiseki/report/2026/2026-2nakayama4.pdf,64702b5bd7413a27502516b1f31e77c8440f5fa7938505d6bd96abb7b6a7f7fd,official_race_marker_verified,2500,flat,turf,,right,,Maiden,0.0,0,2500わんがん湾岸ステークス発走14時30分(芝・右)4歳以上、3勝クラス、除未出走馬および未勝利馬;負担重量は、4歳575歳以上58、牝馬2減賞品
202606020410,2026,中山,2,4,10,2026-03-08,https://www.jra.go.jp/datafile/seiseki/report/2026/2026-2nakayama4.pdf,64702b5bd7413a27502516b1f31e77c8440f5fa7938505d6bd96abb7b6a7f7fd,official_race_marker_verified,1800,flat,dirt,,right,,Maiden,0.0,0,1800そうぶ総武ステークス発走15時05分(ダート・右)4歳以上、除未出走馬および未勝利馬;負担重量は、日本馬:57、牝馬2減、収得賞金1600万円超過馬は超過額1200万円毎1増、:57、牝馬2減、GI競走1着馬5増、GII競走1着馬3増、GIII競走1着馬1増(ただし2歳時の成績を除く)賞品
202606020411,2026,中山,2,4,11,2026-03-08,https://www.jra.go.jp/datafile/seiseki/report/2026/2026-2nakayama4.pdf,64702b5bd7413a27502516b1f31e77c8440f5fa7938505d6bd96abb7b6a7f7fd,official_race_marker_verified,2000,flat,turf,,right,0.0,Open,1.0,1,2000第63回報知杯弥生賞ディープインパクト記念(GII)発走15時45分(皐月賞トライアル)(芝・右)3歳;負担重量は、馬齢重量報知新聞社賞(1着)賞品
202606020412,2026,中山,2,4,12,2026-03-08,https://www.jra.go.jp/datafile/seiseki/report/2026/2026-2nakayama4.pdf,64702b5bd7413a27502516b1f31e77c8440f5fa7938505d6bd96abb7b6a7f7fd,official_race_marker_verified,1200,flat,turf,outer,right,,Class2,0.0,0,12004歳以上2勝クラス発走16時25分(芝・右・外)負担重量は、58、牝馬2減
202606020501,2026,中山,2,5,1,2026-03-14,https://www.jra.go.jp/datafile/seiseki/report/2026/2026-2nakayama5.pdf,edefbeb6a09d1a7ccf94b8029abcdc56c7dd75209dd3baff1f76805dcb268178,official_race_marker_verified,1800,flat,dirt,,right,0.0,Maiden,0.0,0,18003歳未勝利発走10時05分(ダート・右)牝;負担重量は、馬齢重量
202606020502,2026,中山,2,5,2,2026-03-14,https://www.jra.go.jp/datafile/seiseki/report/2026/2026-2nakayama5.pdf,edefbeb6a09d1a7ccf94b8029abcdc56c7dd75209dd3baff1f76805dcb268178,official_race_marker_verified,1800,flat,dirt,,right,0.0,Maiden,0.0,0,18003歳未勝利発走10時35分(ダート・右)負担重量は、馬齢重量
202606020503,2026,中山,2,5,3,2026-03-14,https://www.jra.go.jp/datafile/seiseki/report/2026/2026-2nakayama5.pdf,edefbeb6a09d1a7ccf94b8029abcdc56c7dd75209dd3baff1f76805dcb268178,official_race_marker_verified,1200,flat,dirt,,right,0.0,Maiden,0.0,0,12003歳未勝利発走11時05分(ダート・右)負担重量は、馬齢重量
202606020504,2026,中山,2,5,4,2026-03-14,https://www.jra.go.jp/datafile/seiseki/report/2026/2026-2nakayama5.pdf,edefbeb6a09d1a7ccf94b8029abcdc56c7dd75209dd3baff1f76805dcb268178,official_race_marker_verified,1800,flat,dirt,,right,0.0,Maiden,0.0,0,18003歳未勝利発走11時35分(ダート・右)負担重量は、馬齢重量
202606020505,2026,中山,2,5,5,2026-03-14,https://www.jra.go.jp/datafile/seiseki/report/2026/2026-2nakayama5.pdf,edefbeb6a09d1a7ccf94b8029abcdc56c7dd75209dd3baff1f76805dcb268178,official_race_marker_verified,1600,flat,turf,outer,right,0.0,Maiden,0.0,0,16003歳未勝利発走12時25分(芝・右・外)負担重量は、馬齢重量
202606020506,2026,中山,2,5,6,2026-03-14,https://www.jra.go.jp/datafile/seiseki/report/2026/2026-2nakayama5.pdf,edefbeb6a09d1a7ccf94b8029abcdc56c7dd75209dd3baff1f76805dcb268178,official_race_marker_verified,1800,flat,dirt,,right,0.0,Class1,0.0,0,18003歳1勝クラス発走12時55分(ダート・右)負担重量は、馬齢重量
202606020507,2026,中山,2,5,7,2026-03-14,https://www.jra.go.jp/datafile/seiseki/report/2026/2026-2nakayama5.pdf,edefbeb6a09d1a7ccf94b8029abcdc56c7dd75209dd3baff1f76805dcb268178,official_race_marker_verified,2500,flat,turf,,right,,Class1,0.0,0,25004歳以上1勝クラス発走13時25分(芝・右)負担重量は、4歳575歳以上58、牝馬2減
202606020508,2026,中山,2,5,8,2026-03-14,https://www.jra.go.jp/datafile/seiseki/report/2026/2026-2nakayama5.pdf,edefbeb6a09d1a7ccf94b8029abcdc56c7dd75209dd3baff1f76805dcb268178,official_race_marker_verified,1200,flat,dirt,,right,,Class1,0.0,0,12004歳以上1勝クラス発走14時00分(ダート・右)負担重量は、58、牝馬2減
202606020509,2026,中山,2,5,9,2026-03-14,https://www.jra.go.jp/datafile/seiseki/report/2026/2026-2nakayama5.pdf,edefbeb6a09d1a7ccf94b8029abcdc56c7dd75209dd3baff1f76805dcb268178,official_race_marker_verified,2000,flat,turf,,right,,Class2,0.0,0,2000ぼうそう房総特別発走14時35分(芝・右)牝、4歳以上、2勝クラス;負担重量は、56賞品
202606020510,2026,中山,2,5,10,2026-03-14,https://www.jra.go.jp/datafile/seiseki/report/2026/2026-2nakayama5.pdf,edefbeb6a09d1a7ccf94b8029abcdc56c7dd75209dd3baff1f76805dcb268178,official_race_marker_verified,1600,flat,turf,outer,right,1.0,Maiden,0.0,0,1600まくはり幕張ステークス発走15時10分(芝・右・外)4歳以上、3勝クラス、除未出走馬および未勝利馬;負担重量は、ハンデキャップ賞品
202606020511,2026,中山,2,5,11,2026-03-14,https://www.jra.go.jp/datafile/seiseki/report/2026/2026-2nakayama5.pdf,edefbeb6a09d1a7ccf94b8029abcdc56c7dd75209dd3baff1f76805dcb268178,official_race_marker_verified,1600,flat,turf,outer,right,0.0,Open,1.0,1,1600アネモネステークス(L)発走15時45分(桜花賞トライアル)(芝・右・外)牝、3歳;負担重量は、馬齢重量賞品
202606020512,2026,中山,2,5,12,2026-03-14,https://www.jra.go.jp/datafile/seiseki/report/2026/2026-2nakayama5.pdf,edefbeb6a09d1a7ccf94b8029abcdc56c7dd75209dd3baff1f76805dcb268178,official_race_marker_verified,1200,flat,dirt,,right,,Class2,0.0,0,12004歳以上2勝クラス発走16時25分(ダート・右)負担重量は、58、牝馬2減
202606020601,2026,中山,2,6,1,2026-03-15,https://www.jra.go.jp/datafile/seiseki/report/2026/2026-2nakayama6.pdf,02a96f1348ee8f83608fabba7030e25d2512213eea0cc7c28de8754eaaa90503,official_race_marker_verified,1200,flat,dirt,,right,0.0,Maiden,0.0,0,12003歳未勝利発走10時05分(ダート・右)牝;負担重量は、馬齢重量
202606020602,2026,中山,2,6,2,2026-03-15,https://www.jra.go.jp/datafile/seiseki/report/2026/2026-2nakayama6.pdf,02a96f1348ee8f83608fabba7030e25d2512213eea0cc7c28de8754eaaa90503,official_race_marker_verified,1800,flat,dirt,,right,0.0,Maiden,0.0,0,18003歳未勝利発走10時35分(ダート・右)負担重量は、馬齢重量
202606020603,2026,中山,2,6,3,2026-03-15,https://www.jra.go.jp/datafile/seiseki/report/2026/2026-2nakayama6.pdf,02a96f1348ee8f83608fabba7030e25d2512213eea0cc7c28de8754eaaa90503,official_race_marker_verified,1200,flat,dirt,,right,0.0,Maiden,0.0,0,12003歳未勝利発走11時05分(ダート・右)負担重量は、馬齢重量
202606020604,2026,中山,2,6,4,2026-03-15,https://www.jra.go.jp/datafile/seiseki/report/2026/2026-2nakayama6.pdf,02a96f1348ee8f83608fabba7030e25d2512213eea0cc7c28de8754eaaa90503,official_race_marker_verified,1800,flat,dirt,,right,0.0,Maiden,0.0,0,18003歳未勝利発走11時35分(ダート・右)牝;負担重量は、馬齢重量
202606020605,2026,中山,2,6,5,2026-03-15,https://www.jra.go.jp/datafile/seiseki/report/2026/2026-2nakayama6.pdf,02a96f1348ee8f83608fabba7030e25d2512213eea0cc7c28de8754eaaa90503,official_race_marker_verified,2000,flat,turf,,right,0.0,Maiden,0.0,0,20003歳未勝利発走12時25分(芝・右)負担重量は、馬齢重量
202606020606,2026,中山,2,6,6,2026-03-15,https://www.jra.go.jp/datafile/seiseki/report/2026/2026-2nakayama6.pdf,02a96f1348ee8f83608fabba7030e25d2512213eea0cc7c28de8754eaaa90503,official_race_marker_verified,1800,flat,dirt,,right,,Class1,0.0,0,18004歳以上1勝クラス発走12時55分(ダート・右)負担重量は、58、牝馬2減
202606020607,2026,中山,2,6,7,2026-03-15,https://www.jra.go.jp/datafile/seiseki/report/2026/2026-2nakayama6.pdf,02a96f1348ee8f83608fabba7030e25d2512213eea0cc7c28de8754eaaa90503,official_race_marker_verified,1200,flat,turf,outer,right,0.0,Class1,0.0,0,12003歳1勝クラス発走13時25分(芝・右・外)負担重量は、馬齢重量
202606020608,2026,中山,2,6,8,2026-03-15,https://www.jra.go.jp/datafile/seiseki/report/2026/2026-2nakayama6.pdf,02a96f1348ee8f83608fabba7030e25d2512213eea0cc7c28de8754eaaa90503,official_race_marker_verified,1600,flat,turf,outer,right,,Class2,0.0,0,16004歳以上2勝クラス発走13時55分(芝・右・外)負担重量は、58、牝馬2減
202606020609,2026,中山,2,6,9,2026-03-15,https://www.jra.go.jp/datafile/seiseki/report/2026/2026-2nakayama6.pdf,02a96f1348ee8f83608fabba7030e25d2512213eea0cc7c28de8754eaaa90503,official_race_marker_verified,2400,flat,dirt,,right,,Class2,0.0,0,2400あみ阿見特別発走14時25分(ダート・右)4歳以上、2勝クラス;負担重量は、4歳575歳以上58、牝馬2減賞品
202606020610,2026,中山,2,6,10,2026-03-15,https://www.jra.go.jp/datafile/seiseki/report/2026/2026-2nakayama6.pdf,02a96f1348ee8f83608fabba7030e25d2512213eea0cc7c28de8754eaaa90503,official_race_marker_verified,1600,flat,turf,outer,right,,Maiden,0.0,0,1600こち東風ステークス(L)発走15時00分(芝・右・外)4歳以上、除未出走馬および未勝利馬;負担重量は、日本馬:57、牝馬2減、収得賞金1600万円超過馬は超過額1200万円毎1増、:57、牝馬2減、GI競走1着馬5増、GII競走1着馬3増、GIII競走1着馬1増(ただし2歳時の成績を除く)賞品
202606020611,2026,中山,2,6,11,2026-03-15,https://www.jra.go.jp/datafile/seiseki/report/2026/2026-2nakayama6.pdf,02a96f1348ee8f83608fabba7030e25d2512213eea0cc7c28de8754eaaa90503,official_race_marker_verified,1800,flat,turf,,right,0.0,Open,1.0,1,1800第75回フジテレビ賞スプリングステークス(GII)発走15時45分(皐月賞トライアル)(芝・右)牡・牝、3歳;負担重量は、馬齢重量フジテレビ賞(1着)賞品
202606020612,2026,中山,2,6,12,2026-03-15,https://www.jra.go.jp/datafile/seiseki/report/2026/2026-2nakayama6.pdf,02a96f1348ee8f83608fabba7030e25d2512213eea0cc7c28de8754eaaa90503,official_race_marker_verified,1200,flat,dirt,,right,,Class1,0.0,0,12004歳以上1勝クラス発走16時25分(ダート・右)牝;負担重量は、56
202606020701,2026,中山,2,7,1,2026-03-21,https://www.jra.go.jp/datafile/seiseki/report/2026/2026-2nakayama7.pdf,43df8f43006114dea78a64a9f685a978bb137c48fe7d0accbf1a7818b628b5ac,official_race_marker_verified,1200,flat,dirt,,right,0.0,Maiden,0.0,0,12003歳未勝利発走10時05分(ダート・右)牝;負担重量は、馬齢重量
202606020702,2026,中山,2,7,2,2026-03-21,https://www.jra.go.jp/datafile/seiseki/report/2026/2026-2nakayama7.pdf,43df8f43006114dea78a64a9f685a978bb137c48fe7d0accbf1a7818b628b5ac,official_race_marker_verified,1800,flat,dirt,,right,0.0,Maiden,0.0,0,18003歳未勝利発走10時35分(ダート・右)負担重量は、馬齢重量
202606020703,2026,中山,2,7,3,2026-03-21,https://www.jra.go.jp/datafile/seiseki/report/2026/2026-2nakayama7.pdf,43df8f43006114dea78a64a9f685a978bb137c48fe7d0accbf1a7818b628b5ac,official_race_marker_verified,1200,flat,dirt,,right,0.0,Maiden,0.0,0,12003歳未勝利発走11時05分(ダート・右)負担重量は、馬齢重量
202606020704,2026,中山,2,7,4,2026-03-21,https://www.jra.go.jp/datafile/seiseki/report/2026/2026-2nakayama7.pdf,43df8f43006114dea78a64a9f685a978bb137c48fe7d0accbf1a7818b628b5ac,official_race_marker_verified,1800,flat,dirt,,right,0.0,Maiden,0.0,0,18003歳未勝利発走11時35分(ダート・右)負担重量は、馬齢重量
202606020705,2026,中山,2,7,5,2026-03-21,https://www.jra.go.jp/datafile/seiseki/report/2026/2026-2nakayama7.pdf,43df8f43006114dea78a64a9f685a978bb137c48fe7d0accbf1a7818b628b5ac,official_race_marker_verified,2200,flat,turf,outer,right,0.0,Maiden,0.0,0,22003歳未勝利発走12時25分(芝・右・外)負担重量は、馬齢重量
202606020706,2026,中山,2,7,6,2026-03-21,https://www.jra.go.jp/datafile/seiseki/report/2026/2026-2nakayama7.pdf,43df8f43006114dea78a64a9f685a978bb137c48fe7d0accbf1a7818b628b5ac,official_race_marker_verified,1600,flat,turf,outer,right,0.0,Class1,0.0,0,16003歳1勝クラス発走12時55分(芝・右・外)負担重量は、馬齢重量
202606020707,2026,中山,2,7,7,2026-03-21,https://www.jra.go.jp/datafile/seiseki/report/2026/2026-2nakayama7.pdf,43df8f43006114dea78a64a9f685a978bb137c48fe7d0accbf1a7818b628b5ac,official_race_marker_verified,2400,flat,dirt,,right,,Class1,0.0,0,24004歳以上1勝クラス発走13時25分(ダート・右)負担重量は、4歳575歳以上58、牝馬2減
202606020708,2026,中山,2,7,8,2026-03-21,https://www.jra.go.jp/datafile/seiseki/report/2026/2026-2nakayama7.pdf,43df8f43006114dea78a64a9f685a978bb137c48fe7d0accbf1a7818b628b5ac,official_race_marker_verified,3350,obstacle,turf,outer,,,,,0,3350ペガサスジャンプステークス発走14時00分(芝・外)4歳以上;負担重量は、4歳595歳以上60、牝馬2減、J・GI競走1着馬および3増、J・GII競走1着馬2増賞品
202606020709,2026,中山,2,7,9,2026-03-21,https://www.jra.go.jp/datafile/seiseki/report/2026/2026-2nakayama7.pdf,43df8f43006114dea78a64a9f685a978bb137c48fe7d0accbf1a7818b628b5ac,official_race_marker_verified,1800,flat,turf,,right,1.0,Class2,0.0,0,1800たてやま館山特別発走14時35分(芝・右)4歳以上、2勝クラス;負担重量は、ハンデキャップ賞品
202606020710,2026,中山,2,7,10,2026-03-21,https://www.jra.go.jp/datafile/seiseki/report/2026/2026-2nakayama7.pdf,43df8f43006114dea78a64a9f685a978bb137c48fe7d0accbf1a7818b628b5ac,official_race_marker_verified,1800,flat,dirt,,right,,Maiden,0.0,0,1800かんこくばじかい韓国馬事会杯発走15時10分(ダート・右)牝、4歳以上、3勝クラス、除未出走馬および未勝利馬;負担重量は、56韓国馬事会賞(1着)賞品
202606020711,2026,中山,2,7,11,2026-03-21,https://www.jra.go.jp/datafile/seiseki/report/2026/2026-2nakayama7.pdf,43df8f43006114dea78a64a9f685a978bb137c48fe7d0accbf1a7818b628b5ac,official_race_marker_verified,1800,flat,turf,,right,0.0,Open,1.0,1,1800第40回フラワーカップ(GIII)発走15時45分(芝・右)牝、3歳、除未出走馬および未勝利馬;負担重量は、馬齢重量賞品
202606020712,2026,中山,2,7,12,2026-03-21,https://www.jra.go.jp/datafile/seiseki/report/2026/2026-2nakayama7.pdf,43df8f43006114dea78a64a9f685a978bb137c48fe7d0accbf1a7818b628b5ac,official_race_marker_verified,1200,flat,dirt,,right,,Class1,0.0,0,12004歳以上1勝クラス発走16時25分(ダート・右)負担重量は、58、牝馬2減
202606020801,2026,中山,2,8,1,2026-03-22,https://www.jra.go.jp/datafile/seiseki/report/2026/2026-2nakayama8.pdf,c9d260a958957adfeb0642eb59f96c3992acaf4294b7e5b9b0de8c9f48d9b496,official_race_marker_verified,1200,flat,dirt,,right,0.0,Maiden,0.0,0,12003歳未勝利発走9時55分(ダート・右)負担重量は、馬齢重量
202606020802,2026,中山,2,8,2,2026-03-22,https://www.jra.go.jp/datafile/seiseki/report/2026/2026-2nakayama8.pdf,c9d260a958957adfeb0642eb59f96c3992acaf4294b7e5b9b0de8c9f48d9b496,official_race_marker_verified,1800,flat,dirt,,right,0.0,Maiden,0.0,0,18003歳未勝利発走10時25分(ダート・右)負担重量は、馬齢重量
202606020803,2026,中山,2,8,3,2026-03-22,https://www.jra.go.jp/datafile/seiseki/report/2026/2026-2nakayama8.pdf,c9d260a958957adfeb0642eb59f96c3992acaf4294b7e5b9b0de8c9f48d9b496,official_race_marker_verified,1200,flat,dirt,,right,0.0,Class1,0.0,0,12003歳1勝クラス発走10時55分(ダート・右)負担重量は、馬齢重量
202606020804,2026,中山,2,8,4,2026-03-22,https://www.jra.go.jp/datafile/seiseki/report/2026/2026-2nakayama8.pdf,c9d260a958957adfeb0642eb59f96c3992acaf4294b7e5b9b0de8c9f48d9b496,official_race_marker_verified,2880,obstacle,turf,,,,Maiden,0.0,0,2880障害4歳以上未勝利発走11時25分(芝・ダート)負担重量は、4歳595歳以上60、牝馬2減
202606020805,2026,中山,2,8,5,2026-03-22,https://www.jra.go.jp/datafile/seiseki/report/2026/2026-2nakayama8.pdf,c9d260a958957adfeb0642eb59f96c3992acaf4294b7e5b9b0de8c9f48d9b496,official_race_marker_verified,1600,flat,turf,outer,right,0.0,Maiden,0.0,0,16003歳未勝利発走12時15分(芝・右・外)負担重量は、馬齢重量
202606020806,2026,中山,2,8,6,2026-03-22,https://www.jra.go.jp/datafile/seiseki/report/2026/2026-2nakayama8.pdf,c9d260a958957adfeb0642eb59f96c3992acaf4294b7e5b9b0de8c9f48d9b496,official_race_marker_verified,2000,flat,turf,,right,0.0,Maiden,0.0,0,20003歳未勝利発走12時45分(芝・右)負担重量は、馬齢重量
202606020807,2026,中山,2,8,7,2026-03-22,https://www.jra.go.jp/datafile/seiseki/report/2026/2026-2nakayama8.pdf,c9d260a958957adfeb0642eb59f96c3992acaf4294b7e5b9b0de8c9f48d9b496,official_race_marker_verified,2000,flat,turf,,right,0.0,Class1,0.0,0,20003歳1勝クラス発走13時15分(芝・右)負担重量は、馬齢重量
202606020808,2026,中山,2,8,8,2026-03-22,https://www.jra.go.jp/datafile/seiseki/report/2026/2026-2nakayama8.pdf,c9d260a958957adfeb0642eb59f96c3992acaf4294b7e5b9b0de8c9f48d9b496,official_race_marker_verified,1800,flat,dirt,,right,,Class1,0.0,0,18004歳以上1勝クラス発走13時45分(ダート・右)負担重量は、58、牝馬2減
202606020809,2026,中山,2,8,9,2026-03-22,https://www.jra.go.jp/datafile/seiseki/report/2026/2026-2nakayama8.pdf,c9d260a958957adfeb0642eb59f96c3992acaf4294b7e5b9b0de8c9f48d9b496,official_race_marker_verified,1200,flat,dirt,,right,,Class2,0.0,0,1200かまがや鎌ケ谷特別発走14時15分(ダート・右)4歳以上、2勝クラス;負担重量は、58、牝馬2減鎌ケ谷市長賞(1着)賞品
202606020810,2026,中山,2,8,10,2026-03-22,https://www.jra.go.jp/datafile/seiseki/report/2026/2026-2nakayama8.pdf,c9d260a958957adfeb0642eb59f96c3992acaf4294b7e5b9b0de8c9f48d9b496,official_race_marker_verified,1800,flat,turf,,right,,Maiden,0.0,0,1800スピカステークス発走14時50分(芝・右)4歳以上、3勝クラス、除未出走馬および未勝利馬;負担重量は、58、牝馬2減賞品
202606020811,2026,中山,2,8,11,2026-03-22,https://www.jra.go.jp/datafile/seiseki/report/2026/2026-2nakayama8.pdf,c9d260a958957adfeb0642eb59f96c3992acaf4294b7e5b9b0de8c9f48d9b496,official_race_marker_verified,1200,flat,dirt,,right,1.0,Maiden,0.0,0,1200ちば千葉ステークス発走15時30分(ダート・右)4歳以上、除未出走馬および未勝利馬;負担重量は、ハンデキャップ賞品
202606020812,2026,中山,2,8,12,2026-03-22,https://www.jra.go.jp/datafile/seiseki/report/2026/2026-2nakayama8.pdf,c9d260a958957adfeb0642eb59f96c3992acaf4294b7e5b9b0de8c9f48d9b496,official_race_marker_verified,1800,flat,dirt,,right,,Class2,0.0,0,18004歳以上2勝クラス発走16時10分(ダート・右)牝;負担重量は、56
202606030101,2026,中山,3,1,1,2026-03-28,https://www.jra.go.jp/datafile/seiseki/report/2026/2026-3nakayama1.pdf,cde8ed3b880ffb756f254478220d99b8865c5873b36f95148fd02e3cba8566e0,official_race_marker_verified,1200,flat,dirt,,right,0.0,Maiden,0.0,0,12003歳未勝利発走10時05分(ダート・右)牝;負担重量は、馬齢重量
202606030102,2026,中山,3,1,2,2026-03-28,https://www.jra.go.jp/datafile/seiseki/report/2026/2026-3nakayama1.pdf,cde8ed3b880ffb756f254478220d99b8865c5873b36f95148fd02e3cba8566e0,official_race_marker_verified,1800,flat,dirt,,right,0.0,Maiden,0.0,0,18003歳未勝利発走10時35分(ダート・右)負担重量は、馬齢重量
202606030103,2026,中山,3,1,3,2026-03-28,https://www.jra.go.jp/datafile/seiseki/report/2026/2026-3nakayama1.pdf,cde8ed3b880ffb756f254478220d99b8865c5873b36f95148fd02e3cba8566e0,official_race_marker_verified,1200,flat,dirt,,right,0.0,Maiden,0.0,0,12003歳未勝利発走11時05分(ダート・右)負担重量は、馬齢重量
202606030104,2026,中山,3,1,4,2026-03-28,https://www.jra.go.jp/datafile/seiseki/report/2026/2026-3nakayama1.pdf,cde8ed3b880ffb756f254478220d99b8865c5873b36f95148fd02e3cba8566e0,official_race_marker_verified,1800,flat,dirt,,right,0.0,Maiden,0.0,0,18003歳未勝利発走11時35分(ダート・右)負担重量は、馬齢重量
202606030105,2026,中山,3,1,5,2026-03-28,https://www.jra.go.jp/datafile/seiseki/report/2026/2026-3nakayama1.pdf,cde8ed3b880ffb756f254478220d99b8865c5873b36f95148fd02e3cba8566e0,official_race_marker_verified,1600,flat,turf,outer,right,0.0,Maiden,0.0,0,16003歳未勝利発走12時25分(芝・右・外)負担重量は、馬齢重量
202606030106,2026,中山,3,1,6,2026-03-28,https://www.jra.go.jp/datafile/seiseki/report/2026/2026-3nakayama1.pdf,cde8ed3b880ffb756f254478220d99b8865c5873b36f95148fd02e3cba8566e0,official_race_marker_verified,1800,flat,turf,,right,0.0,Class1,0.0,0,18003歳1勝クラス発走12時55分(芝・右)負担重量は、馬齢重量
202606030107,2026,中山,3,1,7,2026-03-28,https://www.jra.go.jp/datafile/seiseki/report/2026/2026-3nakayama1.pdf,cde8ed3b880ffb756f254478220d99b8865c5873b36f95148fd02e3cba8566e0,official_race_marker_verified,1800,flat,dirt,,right,,Class1,0.0,0,18004歳以上1勝クラス発走13時25分(ダート・右)牝;負担重量は、56
202606030108,2026,中山,3,1,8,2026-03-28,https://www.jra.go.jp/datafile/seiseki/report/2026/2026-3nakayama1.pdf,cde8ed3b880ffb756f254478220d99b8865c5873b36f95148fd02e3cba8566e0,official_race_marker_verified,2000,flat,turf,,right,,Class2,0.0,0,20004歳以上2勝クラス発走14時00分(芝・右)負担重量は、58、牝馬2減
202606030109,2026,中山,3,1,9,2026-03-28,https://www.jra.go.jp/datafile/seiseki/report/2026/2026-3nakayama1.pdf,cde8ed3b880ffb756f254478220d99b8865c5873b36f95148fd02e3cba8566e0,official_race_marker_verified,1200,flat,dirt,,right,,Maiden,0.0,0,1200ブラッドストーンステークス発走14時35分(ダート・右)4歳以上、3勝クラス、除未出走馬および未勝利馬;負担重量は、58、牝馬2減賞品
202606030110,2026,中山,3,1,10,2026-03-28,https://www.jra.go.jp/datafile/seiseki/report/2026/2026-3nakayama1.pdf,cde8ed3b880ffb756f254478220d99b8865c5873b36f95148fd02e3cba8566e0,official_race_marker_verified,1800,flat,dirt,,right,,Maiden,0.0,0,1800ふくりゅう伏竜ステークス発走15時10分(ダート・右)3歳、除未出走馬および未勝利馬;負担重量は、日本馬:馬齢重量、収得賞金1400万円毎1増、:馬齢重量、GI競走1着馬2増、GII競走またはGIII競走1着馬1増賞品
202606030111,2026,中山,3,1,11,2026-03-28,https://www.jra.go.jp/datafile/seiseki/report/2026/2026-3nakayama1.pdf,cde8ed3b880ffb756f254478220d99b8865c5873b36f95148fd02e3cba8566e0,official_race_marker_verified,2500,flat,turf,,right,,Open,1.0,1,2500第74回日経賞(GII)発走15時45分(芝・右)4歳以上、除未出走馬および未勝利馬;負担重量は、4歳565歳以上57、牝馬2減、2025.3.29以降GI競走(牝馬限定競走を除く)1着馬2増、牝馬限定GI競走またはGII競走(牝馬限定競走を除く)1着馬1増、2025.3.28以前のGI競走(牝馬限定競走を除く)1着馬1増(ただし2歳時の成績を除く)日本経済新聞社賞(1着)賞品
202606030112,2026,中山,3,1,12,2026-03-28,https://www.jra.go.jp/datafile/seiseki/report/2026/2026-3nakayama1.pdf,cde8ed3b880ffb756f254478220d99b8865c5873b36f95148fd02e3cba8566e0,official_race_marker_verified,1800,flat,dirt,,right,,Class2,0.0,0,18004歳以上2勝クラス発走16時30分(ダート・右)負担重量は、58、牝馬2減
202606030201,2026,中山,3,2,1,2026-03-29,https://www.jra.go.jp/datafile/seiseki/report/2026/2026-3nakayama2.pdf,c5dd34b968f18e215c72447a28151d7d95249fd5c8b1a6c8e78a4404cd690b8b,official_race_marker_verified,1800,flat,dirt,,right,0.0,Maiden,0.0,0,18003歳未勝利発走9時55分(ダート・右)牝;負担重量は、馬齢重量
202606030202,2026,中山,3,2,2,2026-03-29,https://www.jra.go.jp/datafile/seiseki/report/2026/2026-3nakayama2.pdf,c5dd34b968f18e215c72447a28151d7d95249fd5c8b1a6c8e78a4404cd690b8b,official_race_marker_verified,1200,flat,dirt,,right,0.0,Maiden,0.0,0,12003歳未勝利発走10時25分(ダート・右)負担重量は、馬齢重量
202606030203,2026,中山,3,2,3,2026-03-29,https://www.jra.go.jp/datafile/seiseki/report/2026/2026-3nakayama2.pdf,c5dd34b968f18e215c72447a28151d7d95249fd5c8b1a6c8e78a4404cd690b8b,official_race_marker_verified,1800,flat,dirt,,right,0.0,Maiden,0.0,0,18003歳未勝利発走10時55分(ダート・右)負担重量は、馬齢重量
202606030204,2026,中山,3,2,4,2026-03-29,https://www.jra.go.jp/datafile/seiseki/report/2026/2026-3nakayama2.pdf,c5dd34b968f18e215c72447a28151d7d95249fd5c8b1a6c8e78a4404cd690b8b,official_race_marker_verified,1800,flat,turf,,right,0.0,Maiden,0.0,0,18003歳未勝利発走11時25分(芝・右)負担重量は、馬齢重量
202606030205,2026,中山,3,2,5,2026-03-29,https://www.jra.go.jp/datafile/seiseki/report/2026/2026-3nakayama2.pdf,c5dd34b968f18e215c72447a28151d7d95249fd5c8b1a6c8e78a4404cd690b8b,official_race_marker_verified,2200,flat,turf,outer,right,0.0,Maiden,0.0,0,22003歳未勝利発走12時15分(芝・右・外)負担重量は、馬齢重量
202606030206,2026,中山,3,2,6,2026-03-29,https://www.jra.go.jp/datafile/seiseki/report/2026/2026-3nakayama2.pdf,c5dd34b968f18e215c72447a28151d7d95249fd5c8b1a6c8e78a4404cd690b8b,official_race_marker_verified,1200,flat,dirt,,right,0.0,Class1,0.0,0,12003歳1勝クラス発走12時45分(ダート・右)負担重量は、馬齢重量
202606030207,2026,中山,3,2,7,2026-03-29,https://www.jra.go.jp/datafile/seiseki/report/2026/2026-3nakayama2.pdf,c5dd34b968f18e215c72447a28151d7d95249fd5c8b1a6c8e78a4404cd690b8b,official_race_marker_verified,1800,flat,dirt,,right,,Class1,0.0,0,18004歳以上1勝クラス発走13時15分(ダート・右)負担重量は、58、牝馬2減
202606030208,2026,中山,3,2,8,2026-03-29,https://www.jra.go.jp/datafile/seiseki/report/2026/2026-3nakayama2.pdf,c5dd34b968f18e215c72447a28151d7d95249fd5c8b1a6c8e78a4404cd690b8b,official_race_marker_verified,1200,flat,dirt,,right,,Class1,0.0,0,12004歳以上1勝クラス発走13時45分(ダート・右)負担重量は、58、牝馬2減
202606030209,2026,中山,3,2,9,2026-03-29,https://www.jra.go.jp/datafile/seiseki/report/2026/2026-3nakayama2.pdf,c5dd34b968f18e215c72447a28151d7d95249fd5c8b1a6c8e78a4404cd690b8b,official_race_marker_verified,2000,flat,turf,,right,0.0,Class1,0.0,0,2000ミモザ賞発走14時15分(芝・右)牝、3歳、1勝クラス;負担重量は、馬齢重量賞品
202606030210,2026,中山,3,2,10,2026-03-29,https://www.jra.go.jp/datafile/seiseki/report/2026/2026-3nakayama2.pdf,c5dd34b968f18e215c72447a28151d7d95249fd5c8b1a6c8e78a4404cd690b8b,official_race_marker_verified,1200,flat,turf,outer,right,,Maiden,0.0,0,1200ふなばし船橋ステークス発走14時50分(芝・右・外)4歳以上、3勝クラス、除未出走馬および未勝利馬;負担重量は、58、牝馬2減船橋市長賞(1着)賞品
202606030211,2026,中山,3,2,11,2026-03-29,https://www.jra.go.jp/datafile/seiseki/report/2026/2026-3nakayama2.pdf,c5dd34b968f18e215c72447a28151d7d95249fd5c8b1a6c8e78a4404cd690b8b,official_race_marker_verified,1800,flat,dirt,,right,1.0,Open,1.0,1,1800第33回マーチステークス(GIII)発走15時25分(ダート・右)4歳以上、除未出走馬および未勝利馬;負担重量は、ハンデキャップ地方競馬全国協会理事長賞(1着)賞品
202606030212,2026,中山,3,2,12,2026-03-29,https://www.jra.go.jp/datafile/seiseki/report/2026/2026-3nakayama2.pdf,c5dd34b968f18e215c72447a28151d7d95249fd5c8b1a6c8e78a4404cd690b8b,official_race_marker_verified,1200,flat,turf,outer,right,,Class2,0.0,0,12004歳以上2勝クラス発走16時10分(芝・右・外)負担重量は、58、牝馬2減
202606030301,2026,中山,3,3,1,2026-04-04,https://www.jra.go.jp/datafile/seiseki/report/2026/2026-3nakayama3.pdf,755ad9acea8665ddc718aaabc96e9112553a300b518aeae8ad835e2d9817174e,official_race_marker_verified,1200,flat,dirt,,right,0.0,Maiden,0.0,0,12003歳未勝利発走10時05分(ダート・右)牝;負担重量は、馬齢重量
202606030302,2026,中山,3,3,2,2026-04-04,https://www.jra.go.jp/datafile/seiseki/report/2026/2026-3nakayama3.pdf,755ad9acea8665ddc718aaabc96e9112553a300b518aeae8ad835e2d9817174e,official_race_marker_verified,1800,flat,dirt,,right,0.0,Maiden,0.0,0,18003歳未勝利発走10時35分(ダート・右)負担重量は、馬齢重量
202606030303,2026,中山,3,3,3,2026-04-04,https://www.jra.go.jp/datafile/seiseki/report/2026/2026-3nakayama3.pdf,755ad9acea8665ddc718aaabc96e9112553a300b518aeae8ad835e2d9817174e,official_race_marker_verified,1200,flat,dirt,,right,0.0,Maiden,0.0,0,12003歳未勝利発走11時05分(ダート・右)負担重量は、馬齢重量
202606030304,2026,中山,3,3,4,2026-04-04,https://www.jra.go.jp/datafile/seiseki/report/2026/2026-3nakayama3.pdf,755ad9acea8665ddc718aaabc96e9112553a300b518aeae8ad835e2d9817174e,official_race_marker_verified,2880,obstacle,turf,,,,Maiden,0.0,0,2880障害4歳以上未勝利発走11時35分(芝・ダート)負担重量は、4歳595歳以上60、牝馬2減
202606030305,2026,中山,3,3,5,2026-04-04,https://www.jra.go.jp/datafile/seiseki/report/2026/2026-3nakayama3.pdf,755ad9acea8665ddc718aaabc96e9112553a300b518aeae8ad835e2d9817174e,official_race_marker_verified,1600,flat,turf,outer,right,0.0,Maiden,0.0,0,16003歳未勝利発走12時25分(芝・右・外)負担重量は、馬齢重量
202606030306,2026,中山,3,3,6,2026-04-04,https://www.jra.go.jp/datafile/seiseki/report/2026/2026-3nakayama3.pdf,755ad9acea8665ddc718aaabc96e9112553a300b518aeae8ad835e2d9817174e,official_race_marker_verified,1800,flat,dirt,,right,0.0,Maiden,0.0,0,18003歳未勝利発走12時55分(ダート・右)負担重量は、馬齢重量
202606030307,2026,中山,3,3,7,2026-04-04,https://www.jra.go.jp/datafile/seiseki/report/2026/2026-3nakayama3.pdf,755ad9acea8665ddc718aaabc96e9112553a300b518aeae8ad835e2d9817174e,official_race_marker_verified,2000,flat,turf,,right,,Class1,0.0,0,20004歳以上1勝クラス発走13時25分(芝・右)負担重量は、58、牝馬2減
202606030308,2026,中山,3,3,8,2026-04-04,https://www.jra.go.jp/datafile/seiseki/report/2026/2026-3nakayama3.pdf,755ad9acea8665ddc718aaabc96e9112553a300b518aeae8ad835e2d9817174e,official_race_marker_verified,1800,flat,dirt,,right,,Class1,0.0,0,18004歳以上1勝クラス発走13時55分(ダート・右)負担重量は、58、牝馬2減
202606030309,2026,中山,3,3,9,2026-04-04,https://www.jra.go.jp/datafile/seiseki/report/2026/2026-3nakayama3.pdf,755ad9acea8665ddc718aaabc96e9112553a300b518aeae8ad835e2d9817174e,official_race_marker_verified,2200,flat,turf,outer,right,0.0,Class1,0.0,0,2200やまぶき山吹賞発走14時30分(芝・右・外)3歳、1勝クラス;負担重量は、馬齢重量賞品
202606030310,2026,中山,3,3,10,2026-04-04,https://www.jra.go.jp/datafile/seiseki/report/2026/2026-3nakayama3.pdf,755ad9acea8665ddc718aaabc96e9112553a300b518aeae8ad835e2d9817174e,official_race_marker_verified,1800,flat,dirt,,right,,Class2,0.0,0,1800千葉日報杯発走15時05分(ダート・右)4歳以上、2勝クラス;負担重量は、58、牝馬2減千葉日報杯(1着)賞品
202606030311,2026,中山,3,3,11,2026-04-04,https://www.jra.go.jp/datafile/seiseki/report/2026/2026-3nakayama3.pdf,755ad9acea8665ddc718aaabc96e9112553a300b518aeae8ad835e2d9817174e,official_race_marker_verified,1600,flat,turf,outer,right,1.0,Open,1.0,1,1600第58回ダービー卿チャレンジトロフィー(GIII)発走15時45分(芝・右・外)4歳以上、除未出走馬および未勝利馬;負担重量は、ハンデキャップダービー卿チャレンジトロフィー(1着)賞品
202606030312,2026,中山,3,3,12,2026-04-04,https://www.jra.go.jp/datafile/seiseki/report/2026/2026-3nakayama3.pdf,755ad9acea8665ddc718aaabc96e9112553a300b518aeae8ad835e2d9817174e,official_race_marker_verified,1200,flat,dirt,,right,,Class2,0.0,0,12004歳以上2勝クラス発走16時30分(ダート・右)負担重量は、58、牝馬2減
202606030401,2026,中山,3,4,1,2026-04-05,https://www.jra.go.jp/datafile/seiseki/report/2026/2026-3nakayama4.pdf,5a1f8543fe403da9136881905f6988403a9e3eada24fd069c4b6f6e176d07fdf,official_race_marker_verified,1800,flat,dirt,,right,0.0,Maiden,0.0,0,18003歳未勝利発走9時50分(ダート・右)牝;負担重量は、馬齢重量
202606030402,2026,中山,3,4,2,2026-04-05,https://www.jra.go.jp/datafile/seiseki/report/2026/2026-3nakayama4.pdf,5a1f8543fe403da9136881905f6988403a9e3eada24fd069c4b6f6e176d07fdf,official_race_marker_verified,1200,flat,dirt,,right,0.0,Maiden,0.0,0,12003歳未勝利発走10時20分(ダート・右)負担重量は、馬齢重量
202606030403,2026,中山,3,4,3,2026-04-05,https://www.jra.go.jp/datafile/seiseki/report/2026/2026-3nakayama4.pdf,5a1f8543fe403da9136881905f6988403a9e3eada24fd069c4b6f6e176d07fdf,official_race_marker_verified,1800,flat,dirt,,right,0.0,Maiden,0.0,0,18003歳未勝利発走10時50分(ダート・右)負担重量は、馬齢重量
202606030404,2026,中山,3,4,4,2026-04-05,https://www.jra.go.jp/datafile/seiseki/report/2026/2026-3nakayama4.pdf,5a1f8543fe403da9136881905f6988403a9e3eada24fd069c4b6f6e176d07fdf,official_race_marker_verified,2880,obstacle,turf,,,,Maiden,0.0,0,2880障害4歳以上未勝利発走11時20分(芝・ダート)負担重量は、4歳595歳以上60、牝馬2減
202606030405,2026,中山,3,4,5,2026-04-05,https://www.jra.go.jp/datafile/seiseki/report/2026/2026-3nakayama4.pdf,5a1f8543fe403da9136881905f6988403a9e3eada24fd069c4b6f6e176d07fdf,official_race_marker_verified,2000,flat,turf,,right,0.0,Maiden,0.0,0,20003歳未勝利発走12時10分(芝・右)負担重量は、馬齢重量
202606030406,2026,中山,3,4,6,2026-04-05,https://www.jra.go.jp/datafile/seiseki/report/2026/2026-3nakayama4.pdf,5a1f8543fe403da9136881905f6988403a9e3eada24fd069c4b6f6e176d07fdf,official_race_marker_verified,1800,flat,dirt,,right,0.0,Class1,0.0,0,18003歳1勝クラス発走12時40分(ダート・右)負担重量は、馬齢重量
202606030407,2026,中山,3,4,7,2026-04-05,https://www.jra.go.jp/datafile/seiseki/report/2026/2026-3nakayama4.pdf,5a1f8543fe403da9136881905f6988403a9e3eada24fd069c4b6f6e176d07fdf,official_race_marker_verified,1200,flat,turf,outer,right,0.0,Class1,0.0,0,12003歳1勝クラス発走13時10分(芝・右・外)負担重量は、馬齢重量
202606030408,2026,中山,3,4,8,2026-04-05,https://www.jra.go.jp/datafile/seiseki/report/2026/2026-3nakayama4.pdf,5a1f8543fe403da9136881905f6988403a9e3eada24fd069c4b6f6e176d07fdf,official_race_marker_verified,1200,flat,dirt,,right,,Class1,0.0,0,12004歳以上1勝クラス発走13時40分(ダート・右)負担重量は、58、牝馬2減
202606030409,2026,中山,3,4,9,2026-04-05,https://www.jra.go.jp/datafile/seiseki/report/2026/2026-3nakayama4.pdf,5a1f8543fe403da9136881905f6988403a9e3eada24fd069c4b6f6e176d07fdf,official_race_marker_verified,2500,flat,turf,,right,,Class2,0.0,0,2500あわ安房特別発走14時15分(芝・右)4歳以上、2勝クラス;負担重量は、58、牝馬2減賞品
202606030410,2026,中山,3,4,10,2026-04-05,https://www.jra.go.jp/datafile/seiseki/report/2026/2026-3nakayama4.pdf,5a1f8543fe403da9136881905f6988403a9e3eada24fd069c4b6f6e176d07fdf,official_race_marker_verified,1800,flat,dirt,,right,1.0,Maiden,0.0,0,1800アリエスステークス発走14時50分(ダート・右)4歳以上、3勝クラス、除未出走馬および未勝利馬;負担重量は、ハンデキャップ賞品
202606030411,2026,中山,3,4,11,2026-04-05,https://www.jra.go.jp/datafile/seiseki/report/2026/2026-3nakayama4.pdf,5a1f8543fe403da9136881905f6988403a9e3eada24fd069c4b6f6e176d07fdf,official_race_marker_verified,2000,flat,turf,,right,,Maiden,0.0,0,2000みほ美浦ステークス発走15時25分(芝・右)4歳以上、3勝クラス、除未出走馬および未勝利馬;負担重量は、58、牝馬2減美浦村長賞(1着)賞品
202606030412,2026,中山,3,4,12,2026-04-05,https://www.jra.go.jp/datafile/seiseki/report/2026/2026-3nakayama4.pdf,5a1f8543fe403da9136881905f6988403a9e3eada24fd069c4b6f6e176d07fdf,official_race_marker_verified,1600,flat,turf,outer,right,,Class2,0.0,0,16004歳以上2勝クラス発走16時10分(芝・右・外)負担重量は、58、牝馬2減
202606030501,2026,中山,3,5,1,2026-04-11,https://www.jra.go.jp/datafile/seiseki/report/2026/2026-3nakayama5.pdf,9a41f1edec7cde117ef93a21837b434879194dc1de85b2feecc5c286ad33d024,official_race_marker_verified,1800,flat,dirt,,right,0.0,Maiden,0.0,0,18003歳未勝利発走10時05分(ダート・右)牝;負担重量は、馬齢重量
202606030502,2026,中山,3,5,2,2026-04-11,https://www.jra.go.jp/datafile/seiseki/report/2026/2026-3nakayama5.pdf,9a41f1edec7cde117ef93a21837b434879194dc1de85b2feecc5c286ad33d024,official_race_marker_verified,1200,flat,dirt,,right,0.0,Maiden,0.0,0,12003歳未勝利発走10時35分(ダート・右)負担重量は、馬齢重量
202606030503,2026,中山,3,5,3,2026-04-11,https://www.jra.go.jp/datafile/seiseki/report/2026/2026-3nakayama5.pdf,9a41f1edec7cde117ef93a21837b434879194dc1de85b2feecc5c286ad33d024,official_race_marker_verified,1800,flat,dirt,,right,0.0,Maiden,0.0,0,18003歳未勝利発走11時05分(ダート・右)負担重量は、馬齢重量
202606030504,2026,中山,3,5,4,2026-04-11,https://www.jra.go.jp/datafile/seiseki/report/2026/2026-3nakayama5.pdf,9a41f1edec7cde117ef93a21837b434879194dc1de85b2feecc5c286ad33d024,official_race_marker_verified,3200,obstacle,turf,,,,Open,1.0,0,3200障害4歳以上オープン発走11時35分(芝・ダート)負担重量は、4歳595歳以上60、牝馬2減、収得賞金400万円超過馬は超過額300万円毎1増
202606030505,2026,中山,3,5,5,2026-04-11,https://www.jra.go.jp/datafile/seiseki/report/2026/2026-3nakayama5.pdf,9a41f1edec7cde117ef93a21837b434879194dc1de85b2feecc5c286ad33d024,official_race_marker_verified,1600,flat,turf,outer,right,0.0,Maiden,0.0,0,16003歳未勝利発走12時25分(芝・右・外)負担重量は、馬齢重量
202606030506,2026,中山,3,5,6,2026-04-11,https://www.jra.go.jp/datafile/seiseki/report/2026/2026-3nakayama5.pdf,9a41f1edec7cde117ef93a21837b434879194dc1de85b2feecc5c286ad33d024,official_race_marker_verified,2000,flat,turf,,right,0.0,Maiden,0.0,0,20003歳未勝利発走12時55分(芝・右)牝;負担重量は、馬齢重量
202606030507,2026,中山,3,5,7,2026-04-11,https://www.jra.go.jp/datafile/seiseki/report/2026/2026-3nakayama5.pdf,9a41f1edec7cde117ef93a21837b434879194dc1de85b2feecc5c286ad33d024,official_race_marker_verified,1200,flat,dirt,,right,0.0,Class1,0.0,0,12003歳1勝クラス発走13時25分(ダート・右)負担重量は、馬齢重量
202606030508,2026,中山,3,5,8,2026-04-11,https://www.jra.go.jp/datafile/seiseki/report/2026/2026-3nakayama5.pdf,9a41f1edec7cde117ef93a21837b434879194dc1de85b2feecc5c286ad33d024,official_race_marker_verified,1800,flat,dirt,,right,,Class1,0.0,0,18004歳以上1勝クラス発走13時55分(ダート・右)負担重量は、58、牝馬2減
202606030509,2026,中山,3,5,9,2026-04-11,https://www.jra.go.jp/datafile/seiseki/report/2026/2026-3nakayama5.pdf,9a41f1edec7cde117ef93a21837b434879194dc1de85b2feecc5c286ad33d024,official_race_marker_verified,2000,flat,turf,,right,0.0,Class1,0.0,0,2000やまふじ山藤賞発走14時25分(芝・右)3歳、1勝クラス;負担重量は、馬齢重量賞品
202606030510,2026,中山,3,5,10,2026-04-11,https://www.jra.go.jp/datafile/seiseki/report/2026/2026-3nakayama5.pdf,9a41f1edec7cde117ef93a21837b434879194dc1de85b2feecc5c286ad33d024,official_race_marker_verified,1200,flat,dirt,,right,,Maiden,0.0,0,1200うづき卯月ステークス発走15時00分(ダート・右)4歳以上、3勝クラス、除未出走馬および未勝利馬;負担重量は、58、牝馬2減賞品
202606030511,2026,中山,3,5,11,2026-04-11,https://www.jra.go.jp/datafile/seiseki/report/2026/2026-3nakayama5.pdf,9a41f1edec7cde117ef93a21837b434879194dc1de85b2feecc5c286ad33d024,official_race_marker_verified,1600,flat,turf,outer,right,0.0,Open,1.0,1,1600第44回ニュージーランドトロフィー(GII)発走15時45分(NHKマイルカップトライアル)(芝・右・外)牡・牝、3歳;負担重量は、馬齢重量レーシングタウランガ賞・ニュージーランド航空賞(1着)賞品
202606030512,2026,中山,3,5,12,2026-04-11,https://www.jra.go.jp/datafile/seiseki/report/2026/2026-3nakayama5.pdf,9a41f1edec7cde117ef93a21837b434879194dc1de85b2feecc5c286ad33d024,official_race_marker_verified,1200,flat,dirt,,right,,Class2,0.0,0,12004歳以上2勝クラス発走16時30分(ダート・右)牝;負担重量は、56
202606030601,2026,中山,3,6,1,2026-04-12,https://www.jra.go.jp/datafile/seiseki/report/2026/2026-3nakayama6.pdf,eb56c738c74a2ceea6c7801dadcfb584a8ef3f2be12218d8e7c7477e3e2892e9,official_race_marker_verified,1200,flat,dirt,,right,0.0,Maiden,0.0,0,12003歳未勝利発走9時50分(ダート・右)負担重量は、馬齢重量
202606030602,2026,中山,3,6,2,2026-04-12,https://www.jra.go.jp/datafile/seiseki/report/2026/2026-3nakayama6.pdf,eb56c738c74a2ceea6c7801dadcfb584a8ef3f2be12218d8e7c7477e3e2892e9,official_race_marker_verified,1800,flat,dirt,,right,0.0,Maiden,0.0,0,18003歳未勝利発走10時20分(ダート・右)負担重量は、馬齢重量
202606030603,2026,中山,3,6,3,2026-04-12,https://www.jra.go.jp/datafile/seiseki/report/2026/2026-3nakayama6.pdf,eb56c738c74a2ceea6c7801dadcfb584a8ef3f2be12218d8e7c7477e3e2892e9,official_race_marker_verified,1200,flat,dirt,,right,0.0,Maiden,0.0,0,12003歳未勝利発走10時50分(ダート・右)負担重量は、馬齢重量
202606030604,2026,中山,3,6,4,2026-04-12,https://www.jra.go.jp/datafile/seiseki/report/2026/2026-3nakayama6.pdf,eb56c738c74a2ceea6c7801dadcfb584a8ef3f2be12218d8e7c7477e3e2892e9,official_race_marker_verified,2880,obstacle,turf,,,,Maiden,0.0,0,2880障害4歳以上未勝利発走11時20分(芝・ダート)負担重量は、4歳595歳以上60、牝馬2減
202606030605,2026,中山,3,6,5,2026-04-12,https://www.jra.go.jp/datafile/seiseki/report/2026/2026-3nakayama6.pdf,eb56c738c74a2ceea6c7801dadcfb584a8ef3f2be12218d8e7c7477e3e2892e9,official_race_marker_verified,2200,flat,turf,outer,right,0.0,Maiden,0.0,0,22003歳未勝利発走12時10分(芝・右・外)負担重量は、馬齢重量
202606030606,2026,中山,3,6,6,2026-04-12,https://www.jra.go.jp/datafile/seiseki/report/2026/2026-3nakayama6.pdf,eb56c738c74a2ceea6c7801dadcfb584a8ef3f2be12218d8e7c7477e3e2892e9,official_race_marker_verified,1800,flat,dirt,,right,0.0,Class1,0.0,0,18003歳1勝クラス発走12時40分(ダート・右)負担重量は、馬齢重量
202606030607,2026,中山,3,6,7,2026-04-12,https://www.jra.go.jp/datafile/seiseki/report/2026/2026-3nakayama6.pdf,eb56c738c74a2ceea6c7801dadcfb584a8ef3f2be12218d8e7c7477e3e2892e9,official_race_marker_verified,1600,flat,turf,outer,right,,Class1,0.0,0,16004歳以上1勝クラス発走13時10分(芝・右・外)負担重量は、58、牝馬2減
202606030608,2026,中山,3,6,8,2026-04-12,https://www.jra.go.jp/datafile/seiseki/report/2026/2026-3nakayama6.pdf,eb56c738c74a2ceea6c7801dadcfb584a8ef3f2be12218d8e7c7477e3e2892e9,official_race_marker_verified,1800,flat,turf,,right,,Class2,0.0,0,18004歳以上2勝クラス発走13時40分(芝・右)負担重量は、58、牝馬2減
202606030609,2026,中山,3,6,9,2026-04-12,https://www.jra.go.jp/datafile/seiseki/report/2026/2026-3nakayama6.pdf,eb56c738c74a2ceea6c7801dadcfb584a8ef3f2be12218d8e7c7477e3e2892e9,official_race_marker_verified,2400,flat,dirt,,right,1.0,Class2,0.0,0,2400いんざい印西特別発走14時15分(ダート・右)4歳以上、2勝クラス;負担重量は、ハンデキャップ賞品
202606030610,2026,中山,3,6,10,2026-04-12,https://www.jra.go.jp/datafile/seiseki/report/2026/2026-3nakayama6.pdf,eb56c738c74a2ceea6c7801dadcfb584a8ef3f2be12218d8e7c7477e3e2892e9,official_race_marker_verified,1600,flat,turf,outer,right,,Maiden,0.0,0,1600あけぼのステークス発走14時50分(芝・右・外)4歳以上、3勝クラス、除未出走馬および未勝利馬;負担重量は、58、牝馬2減賞品
202606030611,2026,中山,3,6,11,2026-04-12,https://www.jra.go.jp/datafile/seiseki/report/2026/2026-3nakayama6.pdf,eb56c738c74a2ceea6c7801dadcfb584a8ef3f2be12218d8e7c7477e3e2892e9,official_race_marker_verified,1200,flat,turf,outer,right,1.0,Maiden,0.0,0,1200しゅんらい春雷ステークス(L)発走15時25分(芝・右・外)4歳以上、除未出走馬および未勝利馬;負担重量は、ハンデキャップ賞品
202606030612,2026,中山,3,6,12,2026-04-12,https://www.jra.go.jp/datafile/seiseki/report/2026/2026-3nakayama6.pdf,eb56c738c74a2ceea6c7801dadcfb584a8ef3f2be12218d8e7c7477e3e2892e9,official_race_marker_verified,1200,flat,dirt,,right,,Class1,0.0,0,12004歳以上1勝クラス発走16時10分(ダート・右)牝;負担重量は、56
202606030701,2026,中山,3,7,1,2026-04-18,https://www.jra.go.jp/datafile/seiseki/report/2026/2026-3nakayama7.pdf,c64b1f595775543d540760eea8ace7bb9a82542befd78fa86205ac1b3cfe5bf6,official_race_marker_verified,1200,flat,dirt,,right,0.0,Maiden,0.0,0,12003歳未勝利発走10時05分(ダート・右)牝;負担重量は、馬齢重量
202606030702,2026,中山,3,7,2,2026-04-18,https://www.jra.go.jp/datafile/seiseki/report/2026/2026-3nakayama7.pdf,c64b1f595775543d540760eea8ace7bb9a82542befd78fa86205ac1b3cfe5bf6,official_race_marker_verified,1800,flat,dirt,,right,0.0,Maiden,0.0,0,18003歳未勝利発走10時35分(ダート・右)負担重量は、馬齢重量
202606030703,2026,中山,3,7,3,2026-04-18,https://www.jra.go.jp/datafile/seiseki/report/2026/2026-3nakayama7.pdf,c64b1f595775543d540760eea8ace7bb9a82542befd78fa86205ac1b3cfe5bf6,official_race_marker_verified,1200,flat,dirt,,right,0.0,Maiden,0.0,0,12003歳未勝利発走11時05分(ダート・右)負担重量は、馬齢重量
202606030704,2026,中山,3,7,4,2026-04-18,https://www.jra.go.jp/datafile/seiseki/report/2026/2026-3nakayama7.pdf,c64b1f595775543d540760eea8ace7bb9a82542befd78fa86205ac1b3cfe5bf6,official_race_marker_verified,1800,flat,dirt,,right,0.0,Maiden,0.0,0,18003歳未勝利発走11時35分(ダート・右)負担重量は、馬齢重量
202606030705,2026,中山,3,7,5,2026-04-18,https://www.jra.go.jp/datafile/seiseki/report/2026/2026-3nakayama7.pdf,c64b1f595775543d540760eea8ace7bb9a82542befd78fa86205ac1b3cfe5bf6,official_race_marker_verified,1600,flat,turf,outer,right,0.0,Maiden,0.0,0,16003歳未勝利発走12時25分(芝・右・外)負担重量は、馬齢重量
202606030706,2026,中山,3,7,6,2026-04-18,https://www.jra.go.jp/datafile/seiseki/report/2026/2026-3nakayama7.pdf,c64b1f595775543d540760eea8ace7bb9a82542befd78fa86205ac1b3cfe5bf6,official_race_marker_verified,1800,flat,turf,,right,0.0,Class1,0.0,0,18003歳1勝クラス発走12時55分(芝・右)牝;負担重量は、馬齢重量
202606030707,2026,中山,3,7,7,2026-04-18,https://www.jra.go.jp/datafile/seiseki/report/2026/2026-3nakayama7.pdf,c64b1f595775543d540760eea8ace7bb9a82542befd78fa86205ac1b3cfe5bf6,official_race_marker_verified,2000,flat,turf,,right,,Class1,0.0,0,20004歳以上1勝クラス発走13時25分(芝・右)負担重量は、58、牝馬2減
202606030708,2026,中山,3,7,8,2026-04-18,https://www.jra.go.jp/datafile/seiseki/report/2026/2026-3nakayama7.pdf,c64b1f595775543d540760eea8ace7bb9a82542befd78fa86205ac1b3cfe5bf6,official_race_marker_verified,2400,flat,dirt,,right,,Class1,0.0,0,24004歳以上1勝クラス発走13時55分(ダート・右)負担重量は、58、牝馬2減
202606030709,2026,中山,3,7,9,2026-04-18,https://www.jra.go.jp/datafile/seiseki/report/2026/2026-3nakayama7.pdf,c64b1f595775543d540760eea8ace7bb9a82542befd78fa86205ac1b3cfe5bf6,official_race_marker_verified,1200,flat,turf,outer,right,,Class2,0.0,0,1200そでがうら袖ケ浦特別発走14時25分(芝・右・外)4歳以上、2勝クラス;負担重量は、58、牝馬2減賞品
202606030710,2026,中山,3,7,10,2026-04-18,https://www.jra.go.jp/datafile/seiseki/report/2026/2026-3nakayama7.pdf,c64b1f595775543d540760eea8ace7bb9a82542befd78fa86205ac1b3cfe5bf6,official_race_marker_verified,1800,flat,dirt,,right,,Maiden,0.0,0,1800しもうさ下総ステークス発走15時00分(ダート・右)4歳以上、3勝クラス、除未出走馬および未勝利馬;負担重量は、58、牝馬2減賞品
202606030711,2026,中山,3,7,11,2026-04-18,https://www.jra.go.jp/datafile/seiseki/report/2026/2026-3nakayama7.pdf,c64b1f595775543d540760eea8ace7bb9a82542befd78fa86205ac1b3cfe5bf6,official_race_marker_verified,4260,obstacle,turf,outer,,,Maiden,0.0,0,第28回農林水産省賞典4260中山グランドジャンプ(J・GI)発走15時40分(芝・外)4歳以上、除未出走馬および未勝利馬;負担重量は、4歳625歳以上63、牝馬2減農林水産大臣賞・日本馬主協会連合会会長賞(1着)賞品
202606030712,2026,中山,3,7,12,2026-04-18,https://www.jra.go.jp/datafile/seiseki/report/2026/2026-3nakayama7.pdf,c64b1f595775543d540760eea8ace7bb9a82542befd78fa86205ac1b3cfe5bf6,official_race_marker_verified,1200,flat,dirt,,right,,Class2,0.0,0,1200かつしか飾特別発走16時30分(ダート・右)4歳以上、2勝クラス;負担重量は、58、牝馬2減賞品
202606030801,2026,中山,3,8,1,2026-04-19,https://www.jra.go.jp/datafile/seiseki/report/2026/2026-3nakayama8.pdf,a3aeb492c12c7ed67a23efa9c321d8528c63c114d77e50e56f55d505fd63fed4,official_race_marker_verified,1800,flat,dirt,,right,0.0,Maiden,0.0,0,18003歳未勝利発走10時00分(ダート・右)牝;負担重量は、馬齢重量
202606030802,2026,中山,3,8,2,2026-04-19,https://www.jra.go.jp/datafile/seiseki/report/2026/2026-3nakayama8.pdf,a3aeb492c12c7ed67a23efa9c321d8528c63c114d77e50e56f55d505fd63fed4,official_race_marker_verified,1200,flat,dirt,,right,0.0,Maiden,0.0,0,12003歳未勝利発走10時30分(ダート・右)負担重量は、馬齢重量
202606030803,2026,中山,3,8,3,2026-04-19,https://www.jra.go.jp/datafile/seiseki/report/2026/2026-3nakayama8.pdf,a3aeb492c12c7ed67a23efa9c321d8528c63c114d77e50e56f55d505fd63fed4,official_race_marker_verified,1800,flat,dirt,,right,0.0,Maiden,0.0,0,18003歳未勝利発走11時00分(ダート・右)負担重量は、馬齢重量
202606030804,2026,中山,3,8,4,2026-04-19,https://www.jra.go.jp/datafile/seiseki/report/2026/2026-3nakayama8.pdf,a3aeb492c12c7ed67a23efa9c321d8528c63c114d77e50e56f55d505fd63fed4,official_race_marker_verified,2000,flat,turf,,right,0.0,Maiden,0.0,0,20003歳未勝利発走11時30分(芝・右)負担重量は、馬齢重量
202606030805,2026,中山,3,8,5,2026-04-19,https://www.jra.go.jp/datafile/seiseki/report/2026/2026-3nakayama8.pdf,a3aeb492c12c7ed67a23efa9c321d8528c63c114d77e50e56f55d505fd63fed4,official_race_marker_verified,1600,flat,turf,outer,right,0.0,Class1,0.0,0,16003歳1勝クラス発走12時20分(芝・右・外)負担重量は、馬齢重量
202606030806,2026,中山,3,8,6,2026-04-19,https://www.jra.go.jp/datafile/seiseki/report/2026/2026-3nakayama8.pdf,a3aeb492c12c7ed67a23efa9c321d8528c63c114d77e50e56f55d505fd63fed4,official_race_marker_verified,1800,flat,dirt,,right,0.0,Class1,0.0,0,18003歳1勝クラス発走12時50分(ダート・右)負担重量は、馬齢重量
202606030807,2026,中山,3,8,7,2026-04-19,https://www.jra.go.jp/datafile/seiseki/report/2026/2026-3nakayama8.pdf,a3aeb492c12c7ed67a23efa9c321d8528c63c114d77e50e56f55d505fd63fed4,official_race_marker_verified,1200,flat,dirt,,right,,Class1,0.0,0,12004歳以上1勝クラス発走13時20分(ダート・右)負担重量は、58、牝馬2減
202606030808,2026,中山,3,8,8,2026-04-19,https://www.jra.go.jp/datafile/seiseki/report/2026/2026-3nakayama8.pdf,a3aeb492c12c7ed67a23efa9c321d8528c63c114d77e50e56f55d505fd63fed4,official_race_marker_verified,1800,flat,dirt,,right,,Class2,0.0,0,1800とねがわ利根川特別発走13時50分(ダート・右)4歳以上、2勝クラス;負担重量は、58、牝馬2減賞品
202606030809,2026,中山,3,8,9,2026-04-19,https://www.jra.go.jp/datafile/seiseki/report/2026/2026-3nakayama8.pdf,a3aeb492c12c7ed67a23efa9c321d8528c63c114d77e50e56f55d505fd63fed4,official_race_marker_verified,2000,flat,turf,,right,,Class2,0.0,0,2000のじまざき野島崎特別発走14時25分(芝・右)牝、4歳以上、2勝クラス;負担重量は、56賞品
202606030810,2026,中山,3,8,10,2026-04-19,https://www.jra.go.jp/datafile/seiseki/report/2026/2026-3nakayama8.pdf,a3aeb492c12c7ed67a23efa9c321d8528c63c114d77e50e56f55d505fd63fed4,official_race_marker_verified,1200,flat,dirt,,right,,Maiden,0.0,0,1200けいよう京葉ステークス(L)発走15時00分(ダート・右)4歳以上、除未出走馬および未勝利馬;負担重量は、日本馬:57、牝馬2減、収得賞金1600万円超過馬は超過額1200万円毎1増、:57、牝馬2減、GI競走1着馬5増、GII競走1着馬3増、GIII競走1着馬1増(ただし2歳時の成績を除く)賞品
202606030811,2026,中山,3,8,11,2026-04-19,https://www.jra.go.jp/datafile/seiseki/report/2026/2026-3nakayama8.pdf,a3aeb492c12c7ed67a23efa9c321d8528c63c114d77e50e56f55d505fd63fed4,official_race_marker_verified,2000,flat,turf,,right,0.0,Open,1.0,1,2000第86回皐月賞(GI)発走15時40分(芝・右)牡・牝、3歳、除未出走馬および未勝利馬;負担重量は、馬齢重量内閣総理大臣賞・日本馬主協会連合会会長賞・中山馬主協会賞(1着)賞品
202606030812,2026,中山,3,8,12,2026-04-19,https://www.jra.go.jp/datafile/seiseki/report/2026/2026-3nakayama8.pdf,a3aeb492c12c7ed67a23efa9c321d8528c63c114d77e50e56f55d505fd63fed4,official_race_marker_verified,2200,flat,turf,outer,right,1.0,Maiden,0.0,0,2200サンシャインステークス発走16時30分(芝・右・外)4歳以上、3勝クラス、除未出走馬および未勝利馬;負担重量は、ハンデキャップ賞品
202606040101,2026,中山,4,1,1,2026-09-05,https://www.jra.go.jp/datafile/seiseki/report/2026/2026-4nakayama1.pdf,57669da6dca79d831c9c5128b2ceb9cabf4bd61d2120215dd16694cb67bc3b91,official_race_marker_verified,3200,obstacle,turf,,,,Open,1.0,0,3200障害3歳以上オープン発走10時05分(芝・ダート)負担重量は、3歳584歳以上60、牝馬2減、収得賞金700万円毎1増
202606040102,2026,中山,4,1,2,2026-09-05,https://www.jra.go.jp/datafile/seiseki/report/2026/2026-4nakayama1.pdf,57669da6dca79d831c9c5128b2ceb9cabf4bd61d2120215dd16694cb67bc3b91,official_race_marker_verified,1600,flat,turf,outer,right,0.0,Maiden,0.0,0,16003歳未勝利発走10時40分(芝・右・外)負担重量は、馬齢重量
202606040103,2026,中山,4,1,3,2026-09-05,https://www.jra.go.jp/datafile/seiseki/report/2026/2026-4nakayama1.pdf,57669da6dca79d831c9c5128b2ceb9cabf4bd61d2120215dd16694cb67bc3b91,official_race_marker_verified,1800,flat,dirt,,right,0.0,Maiden,0.0,0,18002歳未勝利発走11時10分(ダート・右)負担重量は、馬齢重量
202606040104,2026,中山,4,1,4,2026-09-05,https://www.jra.go.jp/datafile/seiseki/report/2026/2026-4nakayama1.pdf,57669da6dca79d831c9c5128b2ceb9cabf4bd61d2120215dd16694cb67bc3b91,official_race_marker_verified,1800,flat,turf,,right,0.0,Maiden,0.0,0,18002歳未勝利発走11時40分(芝・右)負担重量は、馬齢重量
202606040105,2026,中山,4,1,5,2026-09-05,https://www.jra.go.jp/datafile/seiseki/report/2026/2026-4nakayama1.pdf,57669da6dca79d831c9c5128b2ceb9cabf4bd61d2120215dd16694cb67bc3b91,official_race_marker_verified,2000,flat,turf,,right,0.0,Newcomer,0.0,0,20002歳新馬発走12時30分(芝・右)負担重量は、馬齢重量
202606040106,2026,中山,4,1,6,2026-09-05,https://www.jra.go.jp/datafile/seiseki/report/2026/2026-4nakayama1.pdf,57669da6dca79d831c9c5128b2ceb9cabf4bd61d2120215dd16694cb67bc3b91,official_race_marker_verified,1200,flat,dirt,,right,0.0,Newcomer,0.0,0,12002歳新馬発走13時00分(ダート・右)負担重量は、馬齢重量
202606040107,2026,中山,4,1,7,2026-09-05,https://www.jra.go.jp/datafile/seiseki/report/2026/2026-4nakayama1.pdf,57669da6dca79d831c9c5128b2ceb9cabf4bd61d2120215dd16694cb67bc3b91,official_race_marker_verified,1800,flat,dirt,,right,0.0,Maiden,0.0,0,18003歳未勝利発走13時30分(ダート・右)負担重量は、馬齢重量
202606040108,2026,中山,4,1,8,2026-09-05,https://www.jra.go.jp/datafile/seiseki/report/2026/2026-4nakayama1.pdf,57669da6dca79d831c9c5128b2ceb9cabf4bd61d2120215dd16694cb67bc3b91,official_race_marker_verified,1200,flat,dirt,,right,,Class1,0.0,0,12003歳以上1勝クラス発走14時00分(ダート・右)牝;負担重量は、3歳544歳以上56
202606040109,2026,中山,4,1,9,2026-09-05,https://www.jra.go.jp/datafile/seiseki/report/2026/2026-4nakayama1.pdf,57669da6dca79d831c9c5128b2ceb9cabf4bd61d2120215dd16694cb67bc3b91,official_race_marker_verified,1800,flat,turf,,right,,Class1,0.0,0,1800こさく古作特別発走14時30分(芝・右)3歳以上、1勝クラス;負担重量は、3歳554歳以上58、牝馬2減賞品
202606040110,2026,中山,4,1,10,2026-09-05,https://www.jra.go.jp/datafile/seiseki/report/2026/2026-4nakayama1.pdf,57669da6dca79d831c9c5128b2ceb9cabf4bd61d2120215dd16694cb67bc3b91,official_race_marker_verified,1200,flat,turf,outer,right,,Class2,0.0,0,1200しろい白井特別発走15時05分(芝・右・外)3歳以上、2勝クラス;負担重量は、3歳564歳以上58、牝馬2減白井市長賞(1着)賞品
202606040111,2026,中山,4,1,11,2026-09-05,https://www.jra.go.jp/datafile/seiseki/report/2026/2026-4nakayama1.pdf,57669da6dca79d831c9c5128b2ceb9cabf4bd61d2120215dd16694cb67bc3b91,official_race_marker_verified,1600,flat,turf,outer,right,1.0,Open,1.0,1,サマーマイルシリーズ1600第71回京成杯オータムハンデキャップ(GIII)発走15時45分(芝・右・外)3歳以上、除未出走馬および未勝利馬;負担重量は、ハンデキャップ京成電鉄株式会社賞(1着)賞品
202606040112,2026,中山,4,1,12,2026-09-05,https://www.jra.go.jp/datafile/seiseki/report/2026/2026-4nakayama1.pdf,57669da6dca79d831c9c5128b2ceb9cabf4bd61d2120215dd16694cb67bc3b91,official_race_marker_verified,1200,flat,dirt,,right,,Class1,0.0,0,12003歳以上1勝クラス発走16時30分(ダート・右)負担重量は、3歳564歳以上58、牝馬2減
202606040201,2026,中山,4,2,1,2026-09-06,https://www.jra.go.jp/datafile/seiseki/report/2026/2026-4nakayama2.pdf,d24841b0cdafb47d8ed1077cabb986b04cded469dfa070ac2e319cd857b1e5e5,official_race_marker_verified,2880,obstacle,turf,,,,Maiden,0.0,0,2880障害3歳以上未勝利発走10時05分(芝・ダート)負担重量は、3歳584歳以上60、牝馬2減
202606040202,2026,中山,4,2,2,2026-09-06,https://www.jra.go.jp/datafile/seiseki/report/2026/2026-4nakayama2.pdf,d24841b0cdafb47d8ed1077cabb986b04cded469dfa070ac2e319cd857b1e5e5,official_race_marker_verified,1200,flat,turf,outer,right,0.0,Maiden,0.0,0,12002歳未勝利発走10時40分(芝・右・外)負担重量は、馬齢重量
202606040203,2026,中山,4,2,3,2026-09-06,https://www.jra.go.jp/datafile/seiseki/report/2026/2026-4nakayama2.pdf,d24841b0cdafb47d8ed1077cabb986b04cded469dfa070ac2e319cd857b1e5e5,official_race_marker_verified,1800,flat,dirt,,right,0.0,Maiden,0.0,0,18003歳未勝利発走11時10分(ダート・右)負担重量は、馬齢重量
202606040204,2026,中山,4,2,4,2026-09-06,https://www.jra.go.jp/datafile/seiseki/report/2026/2026-4nakayama2.pdf,d24841b0cdafb47d8ed1077cabb986b04cded469dfa070ac2e319cd857b1e5e5,official_race_marker_verified,1200,flat,dirt,,right,0.0,Maiden,0.0,0,12003歳未勝利発走11時40分(ダート・右)負担重量は、馬齢重量
202606040205,2026,中山,4,2,5,2026-09-06,https://www.jra.go.jp/datafile/seiseki/report/2026/2026-4nakayama2.pdf,d24841b0cdafb47d8ed1077cabb986b04cded469dfa070ac2e319cd857b1e5e5,official_race_marker_verified,1600,flat,turf,outer,right,0.0,Newcomer,0.0,0,16002歳新馬発走12時30分(芝・右・外)負担重量は、馬齢重量
202606040206,2026,中山,4,2,6,2026-09-06,https://www.jra.go.jp/datafile/seiseki/report/2026/2026-4nakayama2.pdf,d24841b0cdafb47d8ed1077cabb986b04cded469dfa070ac2e319cd857b1e5e5,official_race_marker_verified,1800,flat,dirt,,right,0.0,Newcomer,0.0,0,18002歳新馬発走13時00分(ダート・右)負担重量は、馬齢重量
202606040207,2026,中山,4,2,7,2026-09-06,https://www.jra.go.jp/datafile/seiseki/report/2026/2026-4nakayama2.pdf,d24841b0cdafb47d8ed1077cabb986b04cded469dfa070ac2e319cd857b1e5e5,official_race_marker_verified,2000,flat,turf,,right,0.0,Maiden,0.0,0,20003歳未勝利発走13時30分(芝・右)負担重量は、馬齢重量
202606040208,2026,中山,4,2,8,2026-09-06,https://www.jra.go.jp/datafile/seiseki/report/2026/2026-4nakayama2.pdf,d24841b0cdafb47d8ed1077cabb986b04cded469dfa070ac2e319cd857b1e5e5,official_race_marker_verified,1800,flat,dirt,,right,,Class1,0.0,0,18003歳以上1勝クラス発走14時00分(ダート・右)負担重量は、3歳554歳以上58、牝馬2減
202606040209,2026,中山,4,2,9,2026-09-06,https://www.jra.go.jp/datafile/seiseki/report/2026/2026-4nakayama2.pdf,d24841b0cdafb47d8ed1077cabb986b04cded469dfa070ac2e319cd857b1e5e5,official_race_marker_verified,1200,flat,dirt,,right,,Class2,0.0,0,1200うらやす浦安特別発走14時30分(ダート・右)3歳以上、2勝クラス;負担重量は、3歳564歳以上58、牝馬2減賞品
202606040210,2026,中山,4,2,10,2026-09-06,https://www.jra.go.jp/datafile/seiseki/report/2026/2026-4nakayama2.pdf,d24841b0cdafb47d8ed1077cabb986b04cded469dfa070ac2e319cd857b1e5e5,official_race_marker_verified,1200,flat,turf,outer,right,1.0,Maiden,0.0,0,1200セプテンバーステークス発走15時05分(芝・右・外)3歳以上、3勝クラス、除未出走馬および未勝利馬;負担重量は、ハンデキャップ賞品
202606040211,2026,中山,4,2,11,2026-09-06,https://www.jra.go.jp/datafile/seiseki/report/2026/2026-4nakayama2.pdf,d24841b0cdafb47d8ed1077cabb986b04cded469dfa070ac2e319cd857b1e5e5,official_race_marker_verified,2000,flat,turf,,right,0.0,Open,1.0,1,2000第11回紫苑ステークス(GII)発走15時45分(秋華賞トライアル)(芝・右)牝、3歳、除未出走馬および未勝利馬;負担重量は、馬齢重量賞品
202606040212,2026,中山,4,2,12,2026-09-06,https://www.jra.go.jp/datafile/seiseki/report/2026/2026-4nakayama2.pdf,d24841b0cdafb47d8ed1077cabb986b04cded469dfa070ac2e319cd857b1e5e5,official_race_marker_verified,1200,flat,turf,outer,right,,Class1,0.0,0,12003歳以上1勝クラス発走16時30分(芝・右・外)負担重量は、3歳564歳以上58、牝馬2減
202606040301,2026,中山,4,3,1,2026-09-12,https://www.jra.go.jp/datafile/seiseki/report/2026/2026-4nakayama3.pdf,becad684683b9f4e33009cf622fc91075b555ca05d02769b5e5dfdb873d411f3,official_race_marker_verified,1800,flat,dirt,,right,0.0,Maiden,0.0,0,18002歳未勝利発走9時45分(ダート・右)負担重量は、馬齢重量
202606040302,2026,中山,4,3,2,2026-09-12,https://www.jra.go.jp/datafile/seiseki/report/2026/2026-4nakayama3.pdf,becad684683b9f4e33009cf622fc91075b555ca05d02769b5e5dfdb873d411f3,official_race_marker_verified,1600,flat,turf,outer,right,0.0,Maiden,0.0,0,16002歳未勝利発走10時20分(芝・右・外)負担重量は、馬齢重量
202606040303,2026,中山,4,3,3,2026-09-12,https://www.jra.go.jp/datafile/seiseki/report/2026/2026-4nakayama3.pdf,becad684683b9f4e33009cf622fc91075b555ca05d02769b5e5dfdb873d411f3,official_race_marker_verified,1200,flat,dirt,,right,0.0,Maiden,0.0,0,12003歳未勝利発走10時50分(ダート・右)負担重量は、馬齢重量
202606040304,2026,中山,4,3,4,2026-09-12,https://www.jra.go.jp/datafile/seiseki/report/2026/2026-4nakayama3.pdf,becad684683b9f4e33009cf622fc91075b555ca05d02769b5e5dfdb873d411f3,official_race_marker_verified,2000,flat,turf,,right,0.0,Maiden,0.0,0,20003歳未勝利発走11時20分(芝・右)負担重量は、馬齢重量
202606040305,2026,中山,4,3,5,2026-09-12,https://www.jra.go.jp/datafile/seiseki/report/2026/2026-4nakayama3.pdf,becad684683b9f4e33009cf622fc91075b555ca05d02769b5e5dfdb873d411f3,official_race_marker_verified,1600,flat,turf,outer,right,0.0,Newcomer,0.0,0,16002歳新馬発走12時10分(芝・右・外)負担重量は、馬齢重量
202606040306,2026,中山,4,3,6,2026-09-12,https://www.jra.go.jp/datafile/seiseki/report/2026/2026-4nakayama3.pdf,becad684683b9f4e33009cf622fc91075b555ca05d02769b5e5dfdb873d411f3,official_race_marker_verified,1200,flat,dirt,,right,0.0,Newcomer,0.0,0,12002歳新馬発走12時40分(ダート・右)負担重量は、馬齢重量
202606040307,2026,中山,4,3,7,2026-09-12,https://www.jra.go.jp/datafile/seiseki/report/2026/2026-4nakayama3.pdf,becad684683b9f4e33009cf622fc91075b555ca05d02769b5e5dfdb873d411f3,official_race_marker_verified,1800,flat,dirt,,right,0.0,Maiden,0.0,0,18003歳未勝利発走13時10分(ダート・右)負担重量は、馬齢重量
202606040308,2026,中山,4,3,8,2026-09-12,https://www.jra.go.jp/datafile/seiseki/report/2026/2026-4nakayama3.pdf,becad684683b9f4e33009cf622fc91075b555ca05d02769b5e5dfdb873d411f3,official_race_marker_verified,2500,flat,turf,,right,,Class1,0.0,0,25003歳以上1勝クラス発走13時40分(芝・右)負担重量は、3歳554歳以上58、牝馬2減
202606040309,2026,中山,4,3,9,2026-09-12,https://www.jra.go.jp/datafile/seiseki/report/2026/2026-4nakayama3.pdf,becad684683b9f4e33009cf622fc91075b555ca05d02769b5e5dfdb873d411f3,official_race_marker_verified,1600,flat,turf,outer,right,,Class2,0.0,0,1600おんじゅく御宿特別発走14時10分(芝・右・外)牝、3歳以上、2勝クラス;負担重量は、3歳544歳以上56賞品
202606040310,2026,中山,4,3,10,2026-09-12,https://www.jra.go.jp/datafile/seiseki/report/2026/2026-4nakayama3.pdf,becad684683b9f4e33009cf622fc91075b555ca05d02769b5e5dfdb873d411f3,official_race_marker_verified,2000,flat,turf,,right,1.0,Maiden,0.0,0,2000レインボーステークス発走14時50分(芝・右)3歳以上、3勝クラス、除未出走馬および未勝利馬;負担重量は、ハンデキャップ賞品
202606040311,2026,中山,4,3,11,2026-09-12,https://www.jra.go.jp/datafile/seiseki/report/2026/2026-4nakayama3.pdf,becad684683b9f4e33009cf622fc91075b555ca05d02769b5e5dfdb873d411f3,official_race_marker_verified,1200,flat,dirt,,right,,Maiden,0.0,0,1200ラジオ日
202606040312,2026,中山,4,3,12,2026-09-12,https://www.jra.go.jp/datafile/seiseki/report/2026/2026-4nakayama3.pdf,becad684683b9f4e33009cf622fc91075b555ca05d02769b5e5dfdb873d411f3,official_race_marker_verified,1800,flat,dirt,,right,,Class1,0.0,0,18003歳以上1勝クラス発走16時10分(ダート・右)負担重量は、3歳554歳以上58、牝馬2減
202606040401,2026,中山,4,4,1,2026-09-13,https://www.jra.go.jp/datafile/seiseki/report/2026/2026-4nakayama4.pdf,86cc12bd9830ae2e25ae942c084024b1cb21fe5fe6eea8ec8860b29e175ef1a1,official_race_marker_verified,2880,obstacle,turf,,,,Maiden,0.0,0,2880障害3歳以上未勝利発走10時00分(芝・ダート)負担重量は、3歳584歳以上60、牝馬2減
202606040402,2026,中山,4,4,2,2026-09-13,https://www.jra.go.jp/datafile/seiseki/report/2026/2026-4nakayama4.pdf,86cc12bd9830ae2e25ae942c084024b1cb21fe5fe6eea8ec8860b29e175ef1a1,official_race_marker_verified,2000,flat,turf,,right,0.0,Maiden,0.0,0,20002歳未勝利発走10時35分(芝・右)負担重量は、馬齢重量
202606040403,2026,中山,4,4,3,2026-09-13,https://www.jra.go.jp/datafile/seiseki/report/2026/2026-4nakayama4.pdf,86cc12bd9830ae2e25ae942c084024b1cb21fe5fe6eea8ec8860b29e175ef1a1,official_race_marker_verified,1200,flat,dirt,,right,0.0,Maiden,0.0,0,12002歳未勝利発走11時05分(ダート・右)負担重量は、馬齢重量
202606040404,2026,中山,4,4,4,2026-09-13,https://www.jra.go.jp/datafile/seiseki/report/2026/2026-4nakayama4.pdf,86cc12bd9830ae2e25ae942c084024b1cb21fe5fe6eea8ec8860b29e175ef1a1,official_race_marker_verified,1600,flat,turf,outer,right,0.0,Maiden,0.0,0,16003歳未勝利発走11時35分(芝・右・外)負担重量は、馬齢重量
202606040405,2026,中山,4,4,5,2026-09-13,https://www.jra.go.jp/datafile/seiseki/report/2026/2026-4nakayama4.pdf,86cc12bd9830ae2e25ae942c084024b1cb21fe5fe6eea8ec8860b29e175ef1a1,official_race_marker_verified,1800,flat,turf,,right,0.0,Newcomer,0.0,0,18002歳新馬発走12時25分(芝・右)負担重量は、馬齢重量
202606040406,2026,中山,4,4,6,2026-09-13,https://www.jra.go.jp/datafile/seiseki/report/2026/2026-4nakayama4.pdf,86cc12bd9830ae2e25ae942c084024b1cb21fe5fe6eea8ec8860b29e175ef1a1,official_race_marker_verified,1800,flat,dirt,,right,0.0,Maiden,0.0,0,18003歳未勝利発走12時55分(ダート・右)負担重量は、馬齢重量
202606040407,2026,中山,4,4,7,2026-09-13,https://www.jra.go.jp/datafile/seiseki/report/2026/2026-4nakayama4.pdf,86cc12bd9830ae2e25ae942c084024b1cb21fe5fe6eea8ec8860b29e175ef1a1,official_race_marker_verified,1600,flat,turf,outer,right,,Class1,0.0,0,16003歳以上1勝クラス発走13時25分(芝・右・外)負担重量は、3歳564歳以上58、牝馬2減
202606040408,2026,中山,4,4,8,2026-09-13,https://www.jra.go.jp/datafile/seiseki/report/2026/2026-4nakayama4.pdf,86cc12bd9830ae2e25ae942c084024b1cb21fe5fe6eea8ec8860b29e175ef1a1,official_race_marker_verified,1200,flat,dirt,,right,,Class1,0.0,0,12003歳以上1勝クラス発走13時55分(ダート・右)負担重量は、3歳564歳以上58、牝馬2減
202606040409,2026,中山,4,4,9,2026-09-13,https://www.jra.go.jp/datafile/seiseki/report/2026/2026-4nakayama4.pdf,86cc12bd9830ae2e25ae942c084024b1cb21fe5fe6eea8ec8860b29e175ef1a1,official_race_marker_verified,1800,flat,turf,,right,,Class2,0.0,0,1800ならしの習志野特別発走14時25分(芝・右)3歳以上、2勝クラス;負担重量は、3歳554歳以上58、牝馬2減賞品
202606040410,2026,中山,4,4,10,2026-09-13,https://www.jra.go.jp/datafile/seiseki/report/2026/2026-4nakayama4.pdf,86cc12bd9830ae2e25ae942c084024b1cb21fe5fe6eea8ec8860b29e175ef1a1,official_race_marker_verified,1200,flat,dirt,,right,,Maiden,0.0,0,1200はつかぜ初風ステークス発走15時05分(ダート・右)3歳以上、3勝クラス、除未出走馬および未勝利馬;負担重量は、3歳564歳以上58、牝馬2減賞品
202606040411,2026,中山,4,4,11,2026-09-13,https://www.jra.go.jp/datafile/seiseki/report/2026/2026-4nakayama4.pdf,86cc12bd9830ae2e25ae942c084024b1cb21fe5fe6eea8ec8860b29e175ef1a1,official_race_marker_verified,2200,flat,turf,outer,right,0.0,Open,1.0,1,2200第80回朝日杯セントライト記念(GII)発走15時45分(菊花賞トライアル)(芝・右・外)3歳、除未出走馬および未勝利馬;負担重量は、馬齢重量朝日新聞社賞(1着)賞品
202606040412,2026,中山,4,4,12,2026-09-13,https://www.jra.go.jp/datafile/seiseki/report/2026/2026-4nakayama4.pdf,86cc12bd9830ae2e25ae942c084024b1cb21fe5fe6eea8ec8860b29e175ef1a1,official_race_marker_verified,1800,flat,dirt,,right,,Class2,0.0,0,18003歳以上2勝クラス発走16時30分(ダート・右)負担重量は、3歳554歳以上58、牝馬2減
202606040501,2026,中山,4,5,1,2026-09-19,https://www.jra.go.jp/datafile/seiseki/report/2026/2026-4nakayama5.pdf,0373252e729af4d01a8021be2110b7b84e55330572bbb061f8ec8960dbb08f20,official_race_marker_verified,1200,flat,dirt,,right,0.0,Maiden,0.0,0,12002歳未勝利発走10時00分(ダート・右)負担重量は、馬齢重量
202606040502,2026,中山,4,5,2,2026-09-19,https://www.jra.go.jp/datafile/seiseki/report/2026/2026-4nakayama5.pdf,0373252e729af4d01a8021be2110b7b84e55330572bbb061f8ec8960dbb08f20,official_race_marker_verified,1800,flat,dirt,,right,0.0,Maiden,0.0,0,18002歳未勝利発走10時30分(ダート・右)牝;負担重量は、馬齢重量
202606040503,2026,中山,4,5,3,2026-09-19,https://www.jra.go.jp/datafile/seiseki/report/2026/2026-4nakayama5.pdf,0373252e729af4d01a8021be2110b7b84e55330572bbb061f8ec8960dbb08f20,official_race_marker_verified,1600,flat,turf,outer,right,0.0,Maiden,0.0,0,16002歳未勝利発走11時00分(芝・右・外)負担重量は、馬齢重量
202606040504,2026,中山,4,5,4,2026-09-19,https://www.jra.go.jp/datafile/seiseki/report/2026/2026-4nakayama5.pdf,0373252e729af4d01a8021be2110b7b84e55330572bbb061f8ec8960dbb08f20,official_race_marker_verified,1200,flat,turf,outer,right,0.0,Newcomer,0.0,0,12002歳新馬発走11時35分(芝・右・外)負担重量は、馬齢重量
202606040505,2026,中山,4,5,5,2026-09-19,https://www.jra.go.jp/datafile/seiseki/report/2026/2026-4nakayama5.pdf,0373252e729af4d01a8021be2110b7b84e55330572bbb061f8ec8960dbb08f20,official_race_marker_verified,1800,flat,turf,,right,0.0,Newcomer,0.0,0,18002歳新馬発走12時25分(芝・右)負担重量は、馬齢重量
202606040506,2026,中山,4,5,6,2026-09-19,https://www.jra.go.jp/datafile/seiseki/report/2026/2026-4nakayama5.pdf,0373252e729af4d01a8021be2110b7b84e55330572bbb061f8ec8960dbb08f20,official_race_marker_verified,1200,flat,dirt,,right,0.0,Newcomer,0.0,0,12002歳新馬発走12時55分(ダート・右)負担重量は、馬齢重量
202606040507,2026,中山,4,5,7,2026-09-19,https://www.jra.go.jp/datafile/seiseki/report/2026/2026-4nakayama5.pdf,0373252e729af4d01a8021be2110b7b84e55330572bbb061f8ec8960dbb08f20,official_race_marker_verified,2400,flat,dirt,,right,,Class1,0.0,0,24003歳以上1勝クラス発走13時25分(ダート・右)負担重量は、3歳554歳以上58、牝馬2減
202606040508,2026,中山,4,5,8,2026-09-19,https://www.jra.go.jp/datafile/seiseki/report/2026/2026-4nakayama5.pdf,0373252e729af4d01a8021be2110b7b84e55330572bbb061f8ec8960dbb08f20,official_race_marker_verified,1800,flat,dirt,,right,,Class1,0.0,0,18003歳以上1勝クラス発走13時55分(ダート・右)牝;負担重量は、3歳534歳以上56
202606040509,2026,中山,4,5,9,2026-09-19,https://www.jra.go.jp/datafile/seiseki/report/2026/2026-4nakayama5.pdf,0373252e729af4d01a8021be2110b7b84e55330572bbb061f8ec8960dbb08f20,official_race_marker_verified,1200,flat,turf,outer,right,,,,0,1200カンナステークス発走14時25分(芝・右・外)2歳;負担重量は、日本馬:馬齢重量、収得賞金800万円毎1増、:馬齢重量、重賞競走1着馬1増賞品
202606040510,2026,中山,4,5,10,2026-09-19,https://www.jra.go.jp/datafile/seiseki/report/2026/2026-4nakayama5.pdf,0373252e729af4d01a8021be2110b7b84e55330572bbb061f8ec8960dbb08f20,official_race_marker_verified,2500,flat,turf,,right,,Class2,0.0,0,2500くじゅうくり九十九里特別発走15時05分(芝・右)3歳以上、2勝クラス;負担重量は、3歳554歳以上58、牝馬2減賞品
202606040511,2026,中山,4,5,11,2026-09-19,https://www.jra.go.jp/datafile/seiseki/report/2026/2026-4nakayama5.pdf,0373252e729af4d01a8021be2110b7b84e55330572bbb061f8ec8960dbb08f20,official_race_marker_verified,1800,flat,dirt,,right,,Maiden,0.0,0,1800ながつきステークス発走15時45分(ダート・右)3歳以上、除未出走馬および未勝利馬;負担重量は、日本馬:3歳544歳以上57、牝馬2減、収得賞金1600万円超過馬は超過額1200万円毎1増、:3歳544歳以上57、牝馬2減、GI競走1着馬5増、GII競走1着馬3増、GIII競走1着馬1増(ただし2歳時の成績を除く)賞品
202606040512,2026,中山,4,5,12,2026-09-19,https://www.jra.go.jp/datafile/seiseki/report/2026/2026-4nakayama5.pdf,0373252e729af4d01a8021be2110b7b84e55330572bbb061f8ec8960dbb08f20,official_race_marker_verified,1200,flat,dirt,,right,,Class1,0.0,0,12003歳以上1勝クラス発走16時30分(ダート・右)負担重量は、3歳564歳以上58、牝馬2減
202606040601,2026,中山,4,6,1,2026-09-20,https://www.jra.go.jp/datafile/seiseki/report/2026/2026-4nakayama6.pdf,d9dd75138b5d12575a732ef8ea4e9dce875e2f5efdd92f74e3054390c80eefad,official_race_marker_verified,1800,flat,dirt,,right,0.0,Maiden,0.0,0,18002歳未勝利発走10時00分(ダート・右)負担重量は、馬齢重量
202606040602,2026,中山,4,6,2,2026-09-20,https://www.jra.go.jp/datafile/seiseki/report/2026/2026-4nakayama6.pdf,d9dd75138b5d12575a732ef8ea4e9dce875e2f5efdd92f74e3054390c80eefad,official_race_marker_verified,1600,flat,turf,outer,right,0.0,Maiden,0.0,0,16002歳未勝利発走10時35分(芝・右・外)牝;負担重量は、馬齢重量
202606040603,2026,中山,4,6,3,2026-09-20,https://www.jra.go.jp/datafile/seiseki/report/2026/2026-4nakayama6.pdf,d9dd75138b5d12575a732ef8ea4e9dce875e2f5efdd92f74e3054390c80eefad,official_race_marker_verified,2000,flat,turf,,right,0.0,Maiden,0.0,0,20002歳未勝利発走11時05分(芝・右)負担重量は、馬齢重量
202606040604,2026,中山,4,6,4,2026-09-20,https://www.jra.go.jp/datafile/seiseki/report/2026/2026-4nakayama6.pdf,d9dd75138b5d12575a732ef8ea4e9dce875e2f5efdd92f74e3054390c80eefad,official_race_marker_verified,1800,flat,dirt,,right,0.0,Newcomer,0.0,0,18002歳新馬発走11時35分(ダート・右)負担重量は、馬齢重量
202606040605,2026,中山,4,6,5,2026-09-20,https://www.jra.go.jp/datafile/seiseki/report/2026/2026-4nakayama6.pdf,d9dd75138b5d12575a732ef8ea4e9dce875e2f5efdd92f74e3054390c80eefad,official_race_marker_verified,1600,flat,turf,outer,right,0.0,Newcomer,0.0,0,16002歳新馬発走12時25分(芝・右・外)負担重量は、馬齢重量
202606040606,2026,中山,4,6,6,2026-09-20,https://www.jra.go.jp/datafile/seiseki/report/2026/2026-4nakayama6.pdf,d9dd75138b5d12575a732ef8ea4e9dce875e2f5efdd92f74e3054390c80eefad,official_race_marker_verified,1800,flat,dirt,,right,,Class1,0.0,0,18003歳以上1勝クラス発走12時55分(ダート・右)負担重量は、3歳554歳以上58、牝馬2減
202606040607,2026,中山,4,6,7,2026-09-20,https://www.jra.go.jp/datafile/seiseki/report/2026/2026-4nakayama6.pdf,d9dd75138b5d12575a732ef8ea4e9dce875e2f5efdd92f74e3054390c80eefad,official_race_marker_verified,2000,flat,turf,,right,,Class1,0.0,0,20003歳以上1勝クラス発走13時25分(芝・右)負担重量は、3歳554歳以上58、牝馬2減
202606040608,2026,中山,4,6,8,2026-09-20,https://www.jra.go.jp/datafile/seiseki/report/2026/2026-4nakayama6.pdf,d9dd75138b5d12575a732ef8ea4e9dce875e2f5efdd92f74e3054390c80eefad,official_race_marker_verified,1200,flat,dirt,,right,,Class1,0.0,0,12003歳以上1勝クラス発走13時55分(ダート・右)牝;負担重量は、3歳544歳以上56
202606040609,2026,中山,4,6,9,2026-09-20,https://www.jra.go.jp/datafile/seiseki/report/2026/2026-4nakayama6.pdf,d9dd75138b5d12575a732ef8ea4e9dce875e2f5efdd92f74e3054390c80eefad,official_race_marker_verified,2400,flat,dirt,,right,1.0,Class2,0.0,0,2400まつど松戸特別発走14時25分(ダート・右)3歳以上、2勝クラス;負担重量は、ハンデキャップ松戸市長賞(1着)賞品
202606040610,2026,中山,4,6,10,2026-09-20,https://www.jra.go.jp/datafile/seiseki/report/2026/2026-4nakayama6.pdf,d9dd75138b5d12575a732ef8ea4e9dce875e2f5efdd92f74e3054390c80eefad,official_race_marker_verified,1200,flat,dirt,,right,,Class2,0.0,0,1200しおどめ汐留特別発走15時05分(ダート・右)3歳以上、2勝クラス;負担重量は、3歳564歳以上58、牝馬2減賞品
202606040611,2026,中山,4,6,11,2026-09-20,https://www.jra.go.jp/datafile/seiseki/report/2026/2026-4nakayama6.pdf,d9dd75138b5d12575a732ef8ea4e9dce875e2f5efdd92f74e3054390c80eefad,official_race_marker_verified,2200,flat,turf,outer,right,,Open,1.0,1,2200第72回産経賞オールカマー(GII)発走15時45分(芝・右・外)3歳以上、除未出走馬および未勝利馬;負担重量は、3歳544歳以上57、牝馬2減、2025.9.20以降GI競走(牝馬限定競走を除く)1着馬2増、牝馬限定GI競走またはGII競走(牝馬限定競走を除く)1着馬1増、2025.9.19以前のGI競走(牝馬限定競走を除く)1着馬1増(ただし2歳時の成績を除く)産経新聞社賞(1着)賞品
202606040612,2026,中山,4,6,12,2026-09-20,https://www.jra.go.jp/datafile/seiseki/report/2026/2026-4nakayama6.pdf,d9dd75138b5d12575a732ef8ea4e9dce875e2f5efdd92f74e3054390c80eefad,official_race_marker_verified,1200,flat,turf,outer,right,,Class1,0.0,0,12003歳以上1勝クラス発走16時30分(芝・右・外)負担重量は、3歳564歳以上58、牝馬2減
202606040701,2026,中山,4,7,1,2026-09-22,https://www.jra.go.jp/datafile/seiseki/report/2026/2026-4nakayama7.pdf,1991cb7a3be7f93664be59e4c3b2e45b46e4a3515bb92073e29f6da025c81e2e,official_race_marker_verified,2880,obstacle,turf,,,,Maiden,0.0,0,2880障害3歳以上未勝利発走9時45分(芝・ダート)負担重量は、3歳584歳以上60、牝馬2減
202606040702,2026,中山,4,7,2,2026-09-22,https://www.jra.go.jp/datafile/seiseki/report/2026/2026-4nakayama7.pdf,1991cb7a3be7f93664be59e4c3b2e45b46e4a3515bb92073e29f6da025c81e2e,official_race_marker_verified,1200,flat,turf,outer,right,0.0,Maiden,0.0,0,12002歳未勝利発走10時20分(芝・右・外)負担重量は、馬齢重量
202606040703,2026,中山,4,7,3,2026-09-22,https://www.jra.go.jp/datafile/seiseki/report/2026/2026-4nakayama7.pdf,1991cb7a3be7f93664be59e4c3b2e45b46e4a3515bb92073e29f6da025c81e2e,official_race_marker_verified,1200,flat,dirt,,right,0.0,Maiden,0.0,0,12002歳未勝利発走10時50分(ダート・右)負担重量は、馬齢重量
202606040704,2026,中山,4,7,4,2026-09-22,https://www.jra.go.jp/datafile/seiseki/report/2026/2026-4nakayama7.pdf,1991cb7a3be7f93664be59e4c3b2e45b46e4a3515bb92073e29f6da025c81e2e,official_race_marker_verified,1800,flat,turf,,right,0.0,Maiden,0.0,0,18002歳未勝利発走11時20分(芝・右)負担重量は、馬齢重量
202606040705,2026,中山,4,7,5,2026-09-22,https://www.jra.go.jp/datafile/seiseki/report/2026/2026-4nakayama7.pdf,1991cb7a3be7f93664be59e4c3b2e45b46e4a3515bb92073e29f6da025c81e2e,official_race_marker_verified,1600,flat,turf,outer,right,0.0,Newcomer,0.0,0,16002歳新馬発走12時10分(芝・右・外)牝;負担重量は、馬齢重量
202606040706,2026,中山,4,7,6,2026-09-22,https://www.jra.go.jp/datafile/seiseki/report/2026/2026-4nakayama7.pdf,1991cb7a3be7f93664be59e4c3b2e45b46e4a3515bb92073e29f6da025c81e2e,official_race_marker_verified,2000,flat,turf,,right,0.0,Newcomer,0.0,0,20002歳新馬発走12時40分(芝・右)負担重量は、馬齢重量
202606040707,2026,中山,4,7,7,2026-09-22,https://www.jra.go.jp/datafile/seiseki/report/2026/2026-4nakayama7.pdf,1991cb7a3be7f93664be59e4c3b2e45b46e4a3515bb92073e29f6da025c81e2e,official_race_marker_verified,1800,flat,dirt,,right,,Class1,0.0,0,18003歳以上1勝クラス発走13時10分(ダート・右)負担重量は、3歳554歳以上58、牝馬2減
202606040708,2026,中山,4,7,8,2026-09-22,https://www.jra.go.jp/datafile/seiseki/report/2026/2026-4nakayama7.pdf,1991cb7a3be7f93664be59e4c3b2e45b46e4a3515bb92073e29f6da025c81e2e,official_race_marker_verified,2200,flat,turf,outer,right,,Class1,0.0,0,22003歳以上1勝クラス発走13時40分(芝・右・外)負担重量は、3歳554歳以上58、牝馬2減
202606040709,2026,中山,4,7,9,2026-09-22,https://www.jra.go.jp/datafile/seiseki/report/2026/2026-4nakayama7.pdf,1991cb7a3be7f93664be59e4c3b2e45b46e4a3515bb92073e29f6da025c81e2e,official_race_marker_verified,1800,flat,dirt,,right,,Class2,0.0,0,1800のこぎりやま鋸山特別発走14時10分(ダート・右)牝、3歳以上、2勝クラス;負担重量は、3歳534歳以上56賞品
202606040710,2026,中山,4,7,10,2026-09-22,https://www.jra.go.jp/datafile/seiseki/report/2026/2026-4nakayama7.pdf,1991cb7a3be7f93664be59e4c3b2e45b46e4a3515bb92073e29f6da025c81e2e,official_race_marker_verified,1600,flat,turf,outer,right,,Class2,0.0,0,16002006メモリアルディープインパクトカップ発走14時50分(芝・右・外)3歳以上、2勝クラス;負担重量は、3歳564歳以上58、牝馬2減賞品
202606040711,2026,中山,4,7,11,2026-09-22,https://www.jra.go.jp/datafile/seiseki/report/2026/2026-4nakayama7.pdf,1991cb7a3be7f93664be59e4c3b2e45b46e4a3515bb92073e29f6da025c81e2e,official_race_marker_verified,1800,flat,dirt,,right,1.0,Maiden,0.0,0,1800JRAアニバーサリーステークス発走15時30分(ダート・右)3歳以上、3勝クラス、除未出走馬および未勝利馬;負担重量は、ハンデキャップ賞品
202606040712,2026,中山,4,7,12,2026-09-22,https://www.jra.go.jp/datafile/seiseki/report/2026/2026-4nakayama7.pdf,1991cb7a3be7f93664be59e4c3b2e45b46e4a3515bb92073e29f6da025c81e2e,official_race_marker_verified,1200,flat,dirt,,right,,Class1,0.0,0,12003歳以上1勝クラス発走16時10分(ダート・右)負担重量は、3歳564歳以上58、牝馬2減
202606040801,2026,中山,4,8,1,2026-09-26,https://www.jra.go.jp/datafile/seiseki/report/2026/2026-4nakayama8.pdf,00838d28252e58811812aa3b748f098fcac7f438093a2604b4d520aed72eb07b,official_race_marker_verified,1200,flat,dirt,,right,0.0,Maiden,0.0,0,12002歳未勝利発走9時45分(ダート・右)負担重量は、馬齢重量
202606040802,2026,中山,4,8,2,2026-09-26,https://www.jra.go.jp/datafile/seiseki/report/2026/2026-4nakayama8.pdf,00838d28252e58811812aa3b748f098fcac7f438093a2604b4d520aed72eb07b,official_race_marker_verified,1600,flat,turf,outer,right,0.0,Maiden,0.0,0,16002歳未勝利発走10時15分(芝・右・外)負担重量は、馬齢重量
202606040803,2026,中山,4,8,3,2026-09-26,https://www.jra.go.jp/datafile/seiseki/report/2026/2026-4nakayama8.pdf,00838d28252e58811812aa3b748f098fcac7f438093a2604b4d520aed72eb07b,official_race_marker_verified,1800,flat,dirt,,right,0.0,Newcomer,0.0,0,18002歳新馬発走10時45分(ダート・右)負担重量は、馬齢重量
202606040804,2026,中山,4,8,4,2026-09-26,https://www.jra.go.jp/datafile/seiseki/report/2026/2026-4nakayama8.pdf,00838d28252e58811812aa3b748f098fcac7f438093a2604b4d520aed72eb07b,official_race_marker_verified,3210,obstacle,,,,,,,0,3210せいしゅう清秋ジャンプステークス発走11時20分(芝)3歳以上;負担重量は、3歳584歳以上60、牝馬2減、J・GI競走1着馬5増、J・GII競走1着馬3増、J・GIII競走1着馬1増、収得賞金400万円以下の馬1減賞品
202606040805,2026,中山,4,8,5,2026-09-26,https://www.jra.go.jp/datafile/seiseki/report/2026/2026-4nakayama8.pdf,00838d28252e58811812aa3b748f098fcac7f438093a2604b4d520aed72eb07b,official_race_marker_verified,1800,flat,turf,,right,0.0,Newcomer,0.0,0,18002歳新馬発走12時10分(芝・右)負担重量は、馬齢重量
202606040806,2026,中山,4,8,6,2026-09-26,https://www.jra.go.jp/datafile/seiseki/report/2026/2026-4nakayama8.pdf,00838d28252e58811812aa3b748f098fcac7f438093a2604b4d520aed72eb07b,official_race_marker_verified,1800,flat,dirt,,right,,Class1,0.0,0,18003歳以上1勝クラス発走12時40分(ダート・右)牝;負担重量は、3歳534歳以上56
202606040807,2026,中山,4,8,7,2026-09-26,https://www.jra.go.jp/datafile/seiseki/report/2026/2026-4nakayama8.pdf,00838d28252e58811812aa3b748f098fcac7f438093a2604b4d520aed72eb07b,official_race_marker_verified,2000,flat,turf,,right,,Class1,0.0,0,20003歳以上1勝クラス発走13時10分(芝・右)負担重量は、3歳554歳以上58、牝馬2減
202606040808,2026,中山,4,8,8,2026-09-26,https://www.jra.go.jp/datafile/seiseki/report/2026/2026-4nakayama8.pdf,00838d28252e58811812aa3b748f098fcac7f438093a2604b4d520aed72eb07b,official_race_marker_verified,1200,flat,dirt,,right,,Class1,0.0,0,12003歳以上1勝クラス発走13時40分(ダート・右)負担重量は、3歳564歳以上58、牝馬2減
202606040809,2026,中山,4,8,9,2026-09-26,https://www.jra.go.jp/datafile/seiseki/report/2026/2026-4nakayama8.pdf,00838d28252e58811812aa3b748f098fcac7f438093a2604b4d520aed72eb07b,official_race_marker_verified,2000,flat,turf,,right,,,,0,2000ふよう芙蓉ステークス発走14時10分(芝・右)2歳;負担重量は、日本馬:馬齢重量、収得賞金800万円毎1増、:馬齢重量、重賞競走1着馬1増賞品
202606040810,2026,中山,4,8,10,2026-09-26,https://www.jra.go.jp/datafile/seiseki/report/2026/2026-4nakayama8.pdf,00838d28252e58811812aa3b748f098fcac7f438093a2604b4d520aed72eb07b,official_race_marker_verified,1200,flat,turf,outer,right,,Class2,0.0,0,1200かつうら勝浦特別発走14時50分(芝・右・外)3歳以上、2勝クラス;負担重量は、3歳564歳以上58、牝馬2減賞品
202606040811,2026,中山,4,8,11,2026-09-26,https://www.jra.go.jp/datafile/seiseki/report/2026/2026-4nakayama8.pdf,00838d28252e58811812aa3b748f098fcac7f438093a2604b4d520aed72eb07b,official_race_marker_verified,1600,flat,turf,outer,right,,Maiden,0.0,0,1600しゅうふう秋風ステークス発走15時30分(芝・右・外)3歳以上、3勝クラス、除未出走馬および未勝利馬;負担重量は、3歳564歳以上58、牝馬2減賞品
202606040812,2026,中山,4,8,12,2026-09-26,https://www.jra.go.jp/datafile/seiseki/report/2026/2026-4nakayama8.pdf,00838d28252e58811812aa3b748f098fcac7f438093a2604b4d520aed72eb07b,official_race_marker_verified,1200,flat,dirt,,right,,Class2,0.0,0,12003歳以上2勝クラス発走16時10分(ダート・右)負担重量は、3歳564歳以上58、牝馬2減
202606040901,2026,中山,4,9,1,2026-09-27,https://www.jra.go.jp/datafile/seiseki/report/2026/2026-4nakayama9.pdf,0f0ec0931f0e80010326f18bdea54cfcccf0f532578537e4f3afb53386eb92a8,official_race_marker_verified,1200,flat,dirt,,right,0.0,Maiden,0.0,0,12002歳未勝利発走10時00分(ダート・右)牝;負担重量は、馬齢重量
202606040902,2026,中山,4,9,2,2026-09-27,https://www.jra.go.jp/datafile/seiseki/report/2026/2026-4nakayama9.pdf,0f0ec0931f0e80010326f18bdea54cfcccf0f532578537e4f3afb53386eb92a8,official_race_marker_verified,2000,flat,turf,,right,0.0,Maiden,0.0,0,20002歳未勝利発走10時35分(芝・右)負担重量は、馬齢重量
202606040903,2026,中山,4,9,3,2026-09-27,https://www.jra.go.jp/datafile/seiseki/report/2026/2026-4nakayama9.pdf,0f0ec0931f0e80010326f18bdea54cfcccf0f532578537e4f3afb53386eb92a8,official_race_marker_verified,1800,flat,dirt,,right,0.0,Maiden,0.0,0,18002歳未勝利発走11時05分(ダート・右)負担重量は、馬齢重量
202606040904,2026,中山,4,9,4,2026-09-27,https://www.jra.go.jp/datafile/seiseki/report/2026/2026-4nakayama9.pdf,0f0ec0931f0e80010326f18bdea54cfcccf0f532578537e4f3afb53386eb92a8,official_race_marker_verified,1200,flat,turf,outer,right,0.0,Newcomer,0.0,0,12002歳新馬発走11時35分(芝・右・外)負担重量は、馬齢重量
202606040905,2026,中山,4,9,5,2026-09-27,https://www.jra.go.jp/datafile/seiseki/report/2026/2026-4nakayama9.pdf,0f0ec0931f0e80010326f18bdea54cfcccf0f532578537e4f3afb53386eb92a8,official_race_marker_verified,2000,flat,turf,,right,0.0,Newcomer,0.0,0,20002歳新馬発走12時25分(芝・右)負担重量は、馬齢重量
202606040906,2026,中山,4,9,6,2026-09-27,https://www.jra.go.jp/datafile/seiseki/report/2026/2026-4nakayama9.pdf,0f0ec0931f0e80010326f18bdea54cfcccf0f532578537e4f3afb53386eb92a8,official_race_marker_verified,1800,flat,dirt,,right,,Class1,0.0,0,18003歳以上1勝クラス発走12時55分(ダート・右)負担重量は、3歳554歳以上58、牝馬2減
202606040907,2026,中山,4,9,7,2026-09-27,https://www.jra.go.jp/datafile/seiseki/report/2026/2026-4nakayama9.pdf,0f0ec0931f0e80010326f18bdea54cfcccf0f532578537e4f3afb53386eb92a8,official_race_marker_verified,1600,flat,turf,outer,right,,Class1,0.0,0,16003歳以上1勝クラス発走13時25分(芝・右・外)負担重量は、3歳564歳以上58、牝馬2減
202606040908,2026,中山,4,9,8,2026-09-27,https://www.jra.go.jp/datafile/seiseki/report/2026/2026-4nakayama9.pdf,0f0ec0931f0e80010326f18bdea54cfcccf0f532578537e4f3afb53386eb92a8,official_race_marker_verified,1800,flat,dirt,,right,,Class2,0.0,0,18003歳以上2勝クラス発走13時55分(ダート・右)負担重量は、3歳554歳以上58、牝馬2減
202606040909,2026,中山,4,9,9,2026-09-27,https://www.jra.go.jp/datafile/seiseki/report/2026/2026-4nakayama9.pdf,0f0ec0931f0e80010326f18bdea54cfcccf0f532578537e4f3afb53386eb92a8,official_race_marker_verified,1600,flat,turf,outer,right,0.0,Class1,0.0,0,1600サフラン賞発走14時25分(芝・右・外)牝、2歳、1勝クラス;負担重量は、馬齢重量賞品
202606040910,2026,中山,4,9,10,2026-09-27,https://www.jra.go.jp/datafile/seiseki/report/2026/2026-4nakayama9.pdf,0f0ec0931f0e80010326f18bdea54cfcccf0f532578537e4f3afb53386eb92a8,official_race_marker_verified,2000,flat,turf,,right,,Class2,0.0,0,2000茨城新聞杯発走15時00分(芝・右)3歳以上、2勝クラス;負担重量は、3歳554歳以上58、牝馬2減茨城新聞社賞(1着)賞品
202606040911,2026,中山,4,9,11,2026-09-27,https://www.jra.go.jp/datafile/seiseki/report/2026/2026-4nakayama9.pdf,0f0ec0931f0e80010326f18bdea54cfcccf0f532578537e4f3afb53386eb92a8,official_race_marker_verified,1200,flat,turf,outer,right,,Open,1.0,1,1200第60回スプリンターズステークス(GI)発走15時40分(芝・右・外)3歳以上、除未出走馬および未勝利馬;負担重量は、3歳564歳以上58、牝馬2減日本馬主協会連合会会長賞(1着)賞品
202606040912,2026,中山,4,9,12,2026-09-27,https://www.jra.go.jp/datafile/seiseki/report/2026/2026-4nakayama9.pdf,0f0ec0931f0e80010326f18bdea54cfcccf0f532578537e4f3afb53386eb92a8,official_race_marker_verified,1200,flat,dirt,,right,1.0,Maiden,0.0,0,1200そとぼう外房ステークス発走16時30分(ダート・右)3歳以上、3勝クラス、除未出走馬および未勝利馬;負担重量は、ハンデキャップ賞品
202607010101,2026,中京,1,1,1,2026-03-14,https://www.jra.go.jp/datafile/seiseki/report/2026/2026-1chukyo1.pdf,37d22686209ae372cd1b445a5a30d12b5685622c23e5f79cf2c89f7a2680f514,official_race_marker_verified,1800,flat,dirt,,left,0.0,Maiden,0.0,0,18003歳未勝利発走9時45分(ダート・左)牝;負担重量は、馬齢重量
202607010102,2026,中京,1,1,2,2026-03-14,https://www.jra.go.jp/datafile/seiseki/report/2026/2026-1chukyo1.pdf,37d22686209ae372cd1b445a5a30d12b5685622c23e5f79cf2c89f7a2680f514,official_race_marker_verified,1200,flat,dirt,,left,0.0,Maiden,0.0,0,12003歳未勝利発走10時10分(ダート・左)負担重量は、馬齢重量
202607010103,2026,中京,1,1,3,2026-03-14,https://www.jra.go.jp/datafile/seiseki/report/2026/2026-1chukyo1.pdf,37d22686209ae372cd1b445a5a30d12b5685622c23e5f79cf2c89f7a2680f514,official_race_marker_verified,1900,flat,dirt,,left,0.0,Maiden,0.0,0,19003歳未勝利発走10時40分(ダート・左)負担重量は、馬齢重量
202607010104,2026,中京,1,1,4,2026-03-14,https://www.jra.go.jp/datafile/seiseki/report/2026/2026-1chukyo1.pdf,37d22686209ae372cd1b445a5a30d12b5685622c23e5f79cf2c89f7a2680f514,official_race_marker_verified,1600,flat,turf,,left,0.0,Maiden,0.0,0,16003歳未勝利発走11時10分(芝・左)若手騎手;負担重量は、馬齢重量
202607010105,2026,中京,1,1,5,2026-03-14,https://www.jra.go.jp/datafile/seiseki/report/2026/2026-1chukyo1.pdf,37d22686209ae372cd1b445a5a30d12b5685622c23e5f79cf2c89f7a2680f514,official_race_marker_verified,2000,flat,turf,,left,0.0,Maiden,0.0,0,20003歳未勝利発走12時00分(芝・左)負担重量は、馬齢重量
202607010106,2026,中京,1,1,6,2026-03-14,https://www.jra.go.jp/datafile/seiseki/report/2026/2026-1chukyo1.pdf,37d22686209ae372cd1b445a5a30d12b5685622c23e5f79cf2c89f7a2680f514,official_race_marker_verified,1800,flat,dirt,,left,0.0,Class1,0.0,0,18003歳1勝クラス発走12時30分(ダート・左)負担重量は、馬齢重量
202607010107,2026,中京,1,1,7,2026-03-14,https://www.jra.go.jp/datafile/seiseki/report/2026/2026-1chukyo1.pdf,37d22686209ae372cd1b445a5a30d12b5685622c23e5f79cf2c89f7a2680f514,official_race_marker_verified,1600,flat,turf,,left,,Class1,0.0,0,16004歳以上1勝クラス発走13時00分(芝・左)負担重量は、58、牝馬2減
202607010108,2026,中京,1,1,8,2026-03-14,https://www.jra.go.jp/datafile/seiseki/report/2026/2026-1chukyo1.pdf,37d22686209ae372cd1b445a5a30d12b5685622c23e5f79cf2c89f7a2680f514,official_race_marker_verified,1200,flat,dirt,,left,,Class1,0.0,0,12004歳以上1勝クラス発走13時35分(ダート・左)負担重量は、58、牝馬2減
202607010109,2026,中京,1,1,9,2026-03-14,https://www.jra.go.jp/datafile/seiseki/report/2026/2026-1chukyo1.pdf,37d22686209ae372cd1b445a5a30d12b5685622c23e5f79cf2c89f7a2680f514,official_race_marker_verified,2200,flat,turf,,left,,Class1,0.0,0,2200つるまい鶴舞特別発走14時10分(芝・左)4歳以上、1勝クラス;負担重量は、4歳575歳以上58、牝馬2減賞品
202607010110,2026,中京,1,1,10,2026-03-14,https://www.jra.go.jp/datafile/seiseki/report/2026/2026-1chukyo1.pdf,37d22686209ae372cd1b445a5a30d12b5685622c23e5f79cf2c89f7a2680f514,official_race_marker_verified,2000,flat,turf,,left,,Class2,0.0,0,2000ちゃうすやまこうげん茶臼山高原特別発走14時45分(芝・左)4歳以上、2勝クラス;負担重量は、58、牝馬2減賞品
202607010111,2026,中京,1,1,11,2026-03-14,https://www.jra.go.jp/datafile/seiseki/report/2026/2026-1chukyo1.pdf,37d22686209ae372cd1b445a5a30d12b5685622c23e5f79cf2c89f7a2680f514,official_race_marker_verified,1800,flat,dirt,,left,1.0,Class2,0.0,0,1800中京スポーツ杯発走15時20分(ダート・左)4歳以上、2勝クラス;負担重量は、ハンデキャップ東京スポーツ新聞社賞(1着)賞品
202607010112,2026,中京,1,1,12,2026-03-14,https://www.jra.go.jp/datafile/seiseki/report/2026/2026-1chukyo1.pdf,37d22686209ae372cd1b445a5a30d12b5685622c23e5f79cf2c89f7a2680f514,official_race_marker_verified,1400,flat,turf,,left,,Class1,0.0,0,14004歳以上1勝クラス発走16時00分(芝・左)牝;負担重量は、56
202607010201,2026,中京,1,2,1,2026-03-15,https://www.jra.go.jp/datafile/seiseki/report/2026/2026-1chukyo2.pdf,2217911b4703942214b3033305c5afc01aa81ae713e07b29d2b07dc197474681,official_race_marker_verified,1400,flat,dirt,,left,0.0,Maiden,0.0,0,14003歳未勝利発走9時45分(ダート・左)負担重量は、馬齢重量
202607010202,2026,中京,1,2,2,2026-03-15,https://www.jra.go.jp/datafile/seiseki/report/2026/2026-1chukyo2.pdf,2217911b4703942214b3033305c5afc01aa81ae713e07b29d2b07dc197474681,official_race_marker_verified,1800,flat,dirt,,left,0.0,Maiden,0.0,0,18003歳未勝利発走10時15分(ダート・左)負担重量は、馬齢重量
202607010203,2026,中京,1,2,3,2026-03-15,https://www.jra.go.jp/datafile/seiseki/report/2026/2026-1chukyo2.pdf,2217911b4703942214b3033305c5afc01aa81ae713e07b29d2b07dc197474681,official_race_marker_verified,1600,flat,turf,,left,0.0,Maiden,0.0,0,16003歳未勝利発走10時45分(芝・左)牝;負担重量は、馬齢重量
202607010204,2026,中京,1,2,4,2026-03-15,https://www.jra.go.jp/datafile/seiseki/report/2026/2026-1chukyo2.pdf,2217911b4703942214b3033305c5afc01aa81ae713e07b29d2b07dc197474681,official_race_marker_verified,1400,flat,turf,,left,0.0,Maiden,0.0,0,14003歳未勝利発走11時15分(芝・左)負担重量は、馬齢重量
202607010205,2026,中京,1,2,5,2026-03-15,https://www.jra.go.jp/datafile/seiseki/report/2026/2026-1chukyo2.pdf,2217911b4703942214b3033305c5afc01aa81ae713e07b29d2b07dc197474681,official_race_marker_verified,2200,flat,turf,,left,0.0,Maiden,0.0,0,22003歳未勝利発走12時05分(芝・左)負担重量は、馬齢重量
202607010206,2026,中京,1,2,6,2026-03-15,https://www.jra.go.jp/datafile/seiseki/report/2026/2026-1chukyo2.pdf,2217911b4703942214b3033305c5afc01aa81ae713e07b29d2b07dc197474681,official_race_marker_verified,1400,flat,dirt,,left,,Class1,0.0,0,14004歳以上1勝クラス発走12時35分(ダート・左)牝;負担重量は、56
202607010207,2026,中京,1,2,7,2026-03-15,https://www.jra.go.jp/datafile/seiseki/report/2026/2026-1chukyo2.pdf,2217911b4703942214b3033305c5afc01aa81ae713e07b29d2b07dc197474681,official_race_marker_verified,1800,flat,dirt,,left,,Class1,0.0,0,18004歳以上1勝クラス発走13時05分(ダート・左)負担重量は、58、牝馬2減
202607010208,2026,中京,1,2,8,2026-03-15,https://www.jra.go.jp/datafile/seiseki/report/2026/2026-1chukyo2.pdf,2217911b4703942214b3033305c5afc01aa81ae713e07b29d2b07dc197474681,official_race_marker_verified,2000,flat,turf,,left,,Class1,0.0,0,20004歳以上1勝クラス発走13時35分(芝・左)負担重量は、58、牝馬2減
202607010209,2026,中京,1,2,9,2026-03-15,https://www.jra.go.jp/datafile/seiseki/report/2026/2026-1chukyo2.pdf,2217911b4703942214b3033305c5afc01aa81ae713e07b29d2b07dc197474681,official_race_marker_verified,1200,flat,dirt,,left,,Class2,0.0,0,1200いらご伊良湖特別発走14時05分(ダート・左)4歳以上、2勝クラス;負担重量は、58、牝馬2減賞品
202607010210,2026,中京,1,2,10,2026-03-15,https://www.jra.go.jp/datafile/seiseki/report/2026/2026-1chukyo2.pdf,2217911b4703942214b3033305c5afc01aa81ae713e07b29d2b07dc197474681,official_race_marker_verified,1400,flat,dirt,,left,,Maiden,0.0,0,1400しょうりゅう昇竜ステークス発走14時40分(ダート・左)3歳、除未出走馬および未勝利馬;負担重量は、日本馬:馬齢重量、収得賞金1400万円毎1増、:馬齢重量、GI競走1着馬2増、GII競走またはGIII競走1着馬1増賞品
202607010211,2026,中京,1,2,11,2026-03-15,https://www.jra.go.jp/datafile/seiseki/report/2026/2026-1chukyo2.pdf,2217911b4703942214b3033305c5afc01aa81ae713e07b29d2b07dc197474681,official_race_marker_verified,2000,flat,turf,,left,,Open,1.0,1,2000第62回東海テレビ杯金賞(GII)発走15時15分(芝・左)4歳以上、除未出走馬および未勝利馬;負担重量は、57、牝馬2減、2025.3.15以降GI競走(牝馬限定競走を除く)1着馬2増、牝馬限定GI競走またはGII競走(牝馬限定競走を除く)1着馬1増、2025.3.14以前のGI競走(牝馬限定競走を除く)1着馬1増(ただし2歳時の成績を除く)東海テレビ杯(1着)賞品
202607010212,2026,中京,1,2,12,2026-03-15,https://www.jra.go.jp/datafile/seiseki/report/2026/2026-1chukyo2.pdf,2217911b4703942214b3033305c5afc01aa81ae713e07b29d2b07dc197474681,official_race_marker_verified,1200,flat,turf,,left,,Class1,0.0,0,12004歳以上1勝クラス発走16時00分(芝・左)負担重量は、58、牝馬2減
202607010301,2026,中京,1,3,1,2026-03-21,https://www.jra.go.jp/datafile/seiseki/report/2026/2026-1chukyo3.pdf,38b04c201340b2640ab36844728651cbba5868bef3408b8d8569b8506cffbeba,official_race_marker_verified,1800,flat,dirt,,left,0.0,Maiden,0.0,0,18003歳未勝利発走9時45分(ダート・左)負担重量は、馬齢重量
202607010302,2026,中京,1,3,2,2026-03-21,https://www.jra.go.jp/datafile/seiseki/report/2026/2026-1chukyo3.pdf,38b04c201340b2640ab36844728651cbba5868bef3408b8d8569b8506cffbeba,official_race_marker_verified,1200,flat,dirt,,left,0.0,Maiden,0.0,0,12003歳未勝利発走10時10分(ダート・左)牝;負担重量は、馬齢重量
202607010303,2026,中京,1,3,3,2026-03-21,https://www.jra.go.jp/datafile/seiseki/report/2026/2026-1chukyo3.pdf,38b04c201340b2640ab36844728651cbba5868bef3408b8d8569b8506cffbeba,official_race_marker_verified,1900,flat,dirt,,left,0.0,Maiden,0.0,0,19003歳未勝利発走10時40分(ダート・左)負担重量は、馬齢重量
202607010304,2026,中京,1,3,4,2026-03-21,https://www.jra.go.jp/datafile/seiseki/report/2026/2026-1chukyo3.pdf,38b04c201340b2640ab36844728651cbba5868bef3408b8d8569b8506cffbeba,official_race_marker_verified,2000,flat,turf,,left,0.0,Maiden,0.0,0,20003歳未勝利発走11時10分(芝・左)牝;負担重量は、馬齢重量
202607010305,2026,中京,1,3,5,2026-03-21,https://www.jra.go.jp/datafile/seiseki/report/2026/2026-1chukyo3.pdf,38b04c201340b2640ab36844728651cbba5868bef3408b8d8569b8506cffbeba,official_race_marker_verified,2000,flat,turf,,left,0.0,Maiden,0.0,0,20003歳未勝利発走12時00分(芝・左)負担重量は、馬齢重量
202607010306,2026,中京,1,3,6,2026-03-21,https://www.jra.go.jp/datafile/seiseki/report/2026/2026-1chukyo3.pdf,38b04c201340b2640ab36844728651cbba5868bef3408b8d8569b8506cffbeba,official_race_marker_verified,1400,flat,turf,,left,0.0,Maiden,0.0,0,14003歳未勝利発走12時30分(芝・左)負担重量は、馬齢重量
202607010307,2026,中京,1,3,7,2026-03-21,https://www.jra.go.jp/datafile/seiseki/report/2026/2026-1chukyo3.pdf,38b04c201340b2640ab36844728651cbba5868bef3408b8d8569b8506cffbeba,official_race_marker_verified,1400,flat,dirt,,left,,Class1,0.0,0,14004歳以上1勝クラス発走13時00分(ダート・左)負担重量は、58、牝馬2減
202607010308,2026,中京,1,3,8,2026-03-21,https://www.jra.go.jp/datafile/seiseki/report/2026/2026-1chukyo3.pdf,38b04c201340b2640ab36844728651cbba5868bef3408b8d8569b8506cffbeba,official_race_marker_verified,2000,flat,turf,,left,,Class1,0.0,0,20004歳以上1勝クラス発走13時35分(芝・左)負担重量は、58、牝馬2減
202607010309,2026,中京,1,3,9,2026-03-21,https://www.jra.go.jp/datafile/seiseki/report/2026/2026-1chukyo3.pdf,38b04c201340b2640ab36844728651cbba5868bef3408b8d8569b8506cffbeba,official_race_marker_verified,1400,flat,turf,,left,,Class2,0.0,0,1400おかざき岡崎特別発走14時10分(芝・左)4歳以上、2勝クラス;負担重量は、58、牝馬2減賞品
202607010310,2026,中京,1,3,10,2026-03-21,https://www.jra.go.jp/datafile/seiseki/report/2026/2026-1chukyo3.pdf,38b04c201340b2640ab36844728651cbba5868bef3408b8d8569b8506cffbeba,official_race_marker_verified,1400,flat,dirt,,left,1.0,Maiden,0.0,0,1400とよあけ豊明ステークス発走14時45分(ダート・左)4歳以上、3勝クラス、除未出走馬および未勝利馬;負担重量は、ハンデキャップ豊明市長賞(1着)賞品
202607010311,2026,中京,1,3,11,2026-03-21,https://www.jra.go.jp/datafile/seiseki/report/2026/2026-1chukyo3.pdf,38b04c201340b2640ab36844728651cbba5868bef3408b8d8569b8506cffbeba,official_race_marker_verified,1400,flat,turf,,left,0.0,Open,1.0,1,1400第40回中日スポーツ賞ファルコンステークス(GIII)発走15時20分(芝・左)3歳、除未出走馬および未勝利馬;負担重量は、馬齢重量中日スポーツ総局賞(1着)賞品
202607010312,2026,中京,1,3,12,2026-03-21,https://www.jra.go.jp/datafile/seiseki/report/2026/2026-1chukyo3.pdf,38b04c201340b2640ab36844728651cbba5868bef3408b8d8569b8506cffbeba,official_race_marker_verified,1600,flat,turf,,left,,Class1,0.0,0,16004歳以上1勝クラス発走16時00分(芝・左)負担重量は、58、牝馬2減
202607010401,2026,中京,1,4,1,2026-03-22,https://www.jra.go.jp/datafile/seiseki/report/2026/2026-1chukyo4.pdf,94c282736b62e2c6597c0cfab2258ca10659b6adb24da22897eec57888245519,official_race_marker_verified,1800,flat,dirt,,left,0.0,Maiden,0.0,0,18003歳未勝利発走9時45分(ダート・左)牝;負担重量は、馬齢重量
202607010402,2026,中京,1,4,2,2026-03-22,https://www.jra.go.jp/datafile/seiseki/report/2026/2026-1chukyo4.pdf,94c282736b62e2c6597c0cfab2258ca10659b6adb24da22897eec57888245519,official_race_marker_verified,1400,flat,dirt,,left,0.0,Maiden,0.0,0,14003歳未勝利発走10時15分(ダート・左)負担重量は、馬齢重量
202607010403,2026,中京,1,4,3,2026-03-22,https://www.jra.go.jp/datafile/seiseki/report/2026/2026-1chukyo4.pdf,94c282736b62e2c6597c0cfab2258ca10659b6adb24da22897eec57888245519,official_race_marker_verified,1800,flat,dirt,,left,0.0,Maiden,0.0,0,18003歳未勝利発走10時45分(ダート・左)負担重量は、馬齢重量
202607010404,2026,中京,1,4,4,2026-03-22,https://www.jra.go.jp/datafile/seiseki/report/2026/2026-1chukyo4.pdf,94c282736b62e2c6597c0cfab2258ca10659b6adb24da22897eec57888245519,official_race_marker_verified,2000,flat,turf,,left,0.0,Maiden,0.0,0,20003歳未勝利発走11時15分(芝・左)負担重量は、馬齢重量
202607010405,2026,中京,1,4,5,2026-03-22,https://www.jra.go.jp/datafile/seiseki/report/2026/2026-1chukyo4.pdf,94c282736b62e2c6597c0cfab2258ca10659b6adb24da22897eec57888245519,official_race_marker_verified,1600,flat,turf,,left,0.0,Maiden,0.0,0,16003歳未勝利発走12時05分(芝・左)負担重量は、馬齢重量
202607010406,2026,中京,1,4,6,2026-03-22,https://www.jra.go.jp/datafile/seiseki/report/2026/2026-1chukyo4.pdf,94c282736b62e2c6597c0cfab2258ca10659b6adb24da22897eec57888245519,official_race_marker_verified,2000,flat,turf,,left,,Class1,0.0,0,20004歳以上1勝クラス発走12時35分(芝・左)牝;負担重量は、56
202607010407,2026,中京,1,4,7,2026-03-22,https://www.jra.go.jp/datafile/seiseki/report/2026/2026-1chukyo4.pdf,94c282736b62e2c6597c0cfab2258ca10659b6adb24da22897eec57888245519,official_race_marker_verified,1800,flat,dirt,,left,,Class1,0.0,0,18004歳以上1勝クラス発走13時05分(ダート・左)負担重量は、58、牝馬2減
202607010408,2026,中京,1,4,8,2026-03-22,https://www.jra.go.jp/datafile/seiseki/report/2026/2026-1chukyo4.pdf,94c282736b62e2c6597c0cfab2258ca10659b6adb24da22897eec57888245519,official_race_marker_verified,1400,flat,turf,,left,,Class1,0.0,0,14004歳以上1勝クラス発走13時35分(芝・左)負担重量は、58、牝馬2減
202607010409,2026,中京,1,4,9,2026-03-22,https://www.jra.go.jp/datafile/seiseki/report/2026/2026-1chukyo4.pdf,94c282736b62e2c6597c0cfab2258ca10659b6adb24da22897eec57888245519,official_race_marker_verified,1600,flat,turf,,left,0.0,Class1,0.0,0,1600フローラルウォーク賞発走14時05分(芝・左)3歳、1勝クラス;負担重量は、馬齢重量賞品
202607010410,2026,中京,1,4,10,2026-03-22,https://www.jra.go.jp/datafile/seiseki/report/2026/2026-1chukyo4.pdf,94c282736b62e2c6597c0cfab2258ca10659b6adb24da22897eec57888245519,official_race_marker_verified,1900,flat,dirt,,left,,Class2,0.0,0,1900やとみ弥富特別発走14時40分(ダート・左)4歳以上、2勝クラス;負担重量は、58、牝馬2減賞品
202607010411,2026,中京,1,4,11,2026-03-22,https://www.jra.go.jp/datafile/seiseki/report/2026/2026-1chukyo4.pdf,94c282736b62e2c6597c0cfab2258ca10659b6adb24da22897eec57888245519,official_race_marker_verified,1400,flat,turf,,left,,Open,1.0,1,第63回農林水産省賞典1400愛知杯(GIII)発走15時15分(芝・左)牝、4歳以上、除未出走馬および未勝利馬;負担重量は、55、2025.3.22以降GI競走1着馬3増、GII競走1着馬2増、GIII競走1着馬1増、2025.3.21以前のGI競走1着馬2増、GII競走1着馬1増(ただし2歳時の成績を除く)農林水産大臣賞・愛知県知事賞(1着)賞品
202607010412,2026,中京,1,4,12,2026-03-22,https://www.jra.go.jp/datafile/seiseki/report/2026/2026-1chukyo4.pdf,94c282736b62e2c6597c0cfab2258ca10659b6adb24da22897eec57888245519,official_race_marker_verified,1200,flat,dirt,,left,,Class1,0.0,0,12004歳以上1勝クラス発走16時00分(ダート・左)負担重量は、58、牝馬2減
202607010501,2026,中京,1,5,1,2026-03-28,https://www.jra.go.jp/datafile/seiseki/report/2026/2026-1chukyo5.pdf,1e79e7e379a804df17a8e428953864b8449cd4b2867c8e6e19d9cd704b4beeaa,official_race_marker_verified,1400,flat,dirt,,left,0.0,Maiden,0.0,0,14003歳未勝利発走9時45分(ダート・左)負担重量は、馬齢重量
202607010502,2026,中京,1,5,2,2026-03-28,https://www.jra.go.jp/datafile/seiseki/report/2026/2026-1chukyo5.pdf,1e79e7e379a804df17a8e428953864b8449cd4b2867c8e6e19d9cd704b4beeaa,official_race_marker_verified,1800,flat,dirt,,left,0.0,Maiden,0.0,0,18003歳未勝利発走10時10分(ダート・左)牝;負担重量は、馬齢重量
202607010503,2026,中京,1,5,3,2026-03-28,https://www.jra.go.jp/datafile/seiseki/report/2026/2026-1chukyo5.pdf,1e79e7e379a804df17a8e428953864b8449cd4b2867c8e6e19d9cd704b4beeaa,official_race_marker_verified,1600,flat,turf,,left,0.0,Maiden,0.0,0,16003歳未勝利発走10時40分(芝・左)負担重量は、馬齢重量
202607010504,2026,中京,1,5,4,2026-03-28,https://www.jra.go.jp/datafile/seiseki/report/2026/2026-1chukyo5.pdf,1e79e7e379a804df17a8e428953864b8449cd4b2867c8e6e19d9cd704b4beeaa,official_race_marker_verified,1800,flat,dirt,,left,0.0,Maiden,0.0,0,18003歳未勝利発走11時10分(ダート・左)若手騎手;負担重量は、馬齢重量
202607010505,2026,中京,1,5,5,2026-03-28,https://www.jra.go.jp/datafile/seiseki/report/2026/2026-1chukyo5.pdf,1e79e7e379a804df17a8e428953864b8449cd4b2867c8e6e19d9cd704b4beeaa,official_race_marker_verified,2200,flat,turf,,left,0.0,Maiden,0.0,0,22003歳未勝利発走12時00分(芝・左)負担重量は、馬齢重量
202607010506,2026,中京,1,5,6,2026-03-28,https://www.jra.go.jp/datafile/seiseki/report/2026/2026-1chukyo5.pdf,1e79e7e379a804df17a8e428953864b8449cd4b2867c8e6e19d9cd704b4beeaa,official_race_marker_verified,1400,flat,dirt,,left,,Class1,0.0,0,14004歳以上1勝クラス発走12時30分(ダート・左)負担重量は、58、牝馬2減
202607010507,2026,中京,1,5,7,2026-03-28,https://www.jra.go.jp/datafile/seiseki/report/2026/2026-1chukyo5.pdf,1e79e7e379a804df17a8e428953864b8449cd4b2867c8e6e19d9cd704b4beeaa,official_race_marker_verified,1600,flat,turf,,left,,Class1,0.0,0,16004歳以上1勝クラス発走13時00分(芝・左)牝;負担重量は、56
202607010508,2026,中京,1,5,8,2026-03-28,https://www.jra.go.jp/datafile/seiseki/report/2026/2026-1chukyo5.pdf,1e79e7e379a804df17a8e428953864b8449cd4b2867c8e6e19d9cd704b4beeaa,official_race_marker_verified,2000,flat,turf,,left,,Class1,0.0,0,20004歳以上1勝クラス発走13時35分(芝・左)負担重量は、58、牝馬2減
202607010509,2026,中京,1,5,9,2026-03-28,https://www.jra.go.jp/datafile/seiseki/report/2026/2026-1chukyo5.pdf,1e79e7e379a804df17a8e428953864b8449cd4b2867c8e6e19d9cd704b4beeaa,official_race_marker_verified,1900,flat,dirt,,left,,Class1,0.0,0,1900ロイヤルバンコクスポーツクラブ賞発走14時10分(ダート・左)4歳以上、1勝クラス;負担重量は、58、牝馬2減ロイヤルバンコクスポーツクラブ賞(1着)賞品
202607010510,2026,中京,1,5,10,2026-03-28,https://www.jra.go.jp/datafile/seiseki/report/2026/2026-1chukyo5.pdf,1e79e7e379a804df17a8e428953864b8449cd4b2867c8e6e19d9cd704b4beeaa,official_race_marker_verified,2200,flat,turf,,left,,Class2,0.0,0,2200ターフオーソリティーオブインディア賞発走14時45分(芝・左)4歳以上、2勝クラス;負担重量は、4歳575歳以上58、牝馬2減ターフオーソリティーオブインディア賞(1着)賞品
202607010511,2026,中京,1,5,11,2026-03-28,https://www.jra.go.jp/datafile/seiseki/report/2026/2026-1chukyo5.pdf,1e79e7e379a804df17a8e428953864b8449cd4b2867c8e6e19d9cd704b4beeaa,official_race_marker_verified,1600,flat,turf,,left,,Maiden,0.0,0,1600マレーシアカップ発走15時20分(芝・左)牝、4歳以上、3勝クラス、除未出走馬および未勝利馬;負担重量は、56セランゴールターフクラブ・ペラターフクラブ賞(1着)賞品
202607010512,2026,中京,1,5,12,2026-03-28,https://www.jra.go.jp/datafile/seiseki/report/2026/2026-1chukyo5.pdf,1e79e7e379a804df17a8e428953864b8449cd4b2867c8e6e19d9cd704b4beeaa,official_race_marker_verified,1400,flat,turf,,left,,Class2,0.0,0,1400フィリピントロフィー発走16時00分(芝・左)牝、4歳以上、2勝クラス;負担重量は、56メトロマニラターフクラブ賞(1着)賞品
202607010601,2026,中京,1,6,1,2026-03-29,https://www.jra.go.jp/datafile/seiseki/report/2026/2026-1chukyo6.pdf,e5777c2fd04fa359bf718be68e2d43fac342442ddc3cc9eae875539bd99b8b7b,official_race_marker_verified,1400,flat,dirt,,left,0.0,Maiden,0.0,0,14003歳未勝利発走10時05分(ダート・左)牝;負担重量は、馬齢重量
202607010602,2026,中京,1,6,2,2026-03-29,https://www.jra.go.jp/datafile/seiseki/report/2026/2026-1chukyo6.pdf,e5777c2fd04fa359bf718be68e2d43fac342442ddc3cc9eae875539bd99b8b7b,official_race_marker_verified,1900,flat,dirt,,left,0.0,Maiden,0.0,0,19003歳未勝利発走10時35分(ダート・左)負担重量は、馬齢重量
202607010603,2026,中京,1,6,3,2026-03-29,https://www.jra.go.jp/datafile/seiseki/report/2026/2026-1chukyo6.pdf,e5777c2fd04fa359bf718be68e2d43fac342442ddc3cc9eae875539bd99b8b7b,official_race_marker_verified,1200,flat,dirt,,left,0.0,Maiden,0.0,0,12003歳未勝利発走11時05分(ダート・左)負担重量は、馬齢重量
202607010604,2026,中京,1,6,4,2026-03-29,https://www.jra.go.jp/datafile/seiseki/report/2026/2026-1chukyo6.pdf,e5777c2fd04fa359bf718be68e2d43fac342442ddc3cc9eae875539bd99b8b7b,official_race_marker_verified,1200,flat,turf,,left,0.0,Maiden,0.0,0,12003歳未勝利発走11時35分(芝・左)負担重量は、馬齢重量
202607010605,2026,中京,1,6,5,2026-03-29,https://www.jra.go.jp/datafile/seiseki/report/2026/2026-1chukyo6.pdf,e5777c2fd04fa359bf718be68e2d43fac342442ddc3cc9eae875539bd99b8b7b,official_race_marker_verified,2000,flat,turf,,left,0.0,Maiden,0.0,0,20003歳未勝利発走12時25分(芝・左)負担重量は、馬齢重量
202607010606,2026,中京,1,6,6,2026-03-29,https://www.jra.go.jp/datafile/seiseki/report/2026/2026-1chukyo6.pdf,e5777c2fd04fa359bf718be68e2d43fac342442ddc3cc9eae875539bd99b8b7b,official_race_marker_verified,2200,flat,turf,,left,,Class1,0.0,0,22004歳以上1勝クラス発走12時55分(芝・左)負担重量は、4歳575歳以上58、牝馬2減
202607010607,2026,中京,1,6,7,2026-03-29,https://www.jra.go.jp/datafile/seiseki/report/2026/2026-1chukyo6.pdf,e5777c2fd04fa359bf718be68e2d43fac342442ddc3cc9eae875539bd99b8b7b,official_race_marker_verified,1800,flat,dirt,,left,,Class1,0.0,0,18004歳以上1勝クラス発走13時25分(ダート・左)牝;負担重量は、56
202607010608,2026,中京,1,6,8,2026-03-29,https://www.jra.go.jp/datafile/seiseki/report/2026/2026-1chukyo6.pdf,e5777c2fd04fa359bf718be68e2d43fac342442ddc3cc9eae875539bd99b8b7b,official_race_marker_verified,2200,flat,turf,,left,0.0,Class1,0.0,0,2200おおかんざくら大寒桜賞発走13時55分(番組第9競走を順序変更)(芝・左)3歳、1勝クラス;負担重量は、馬齢重量賞品
202607010609,2026,中京,1,6,9,2026-03-29,https://www.jra.go.jp/datafile/seiseki/report/2026/2026-1chukyo6.pdf,e5777c2fd04fa359bf718be68e2d43fac342442ddc3cc9eae875539bd99b8b7b,official_race_marker_verified,1600,flat,turf,,left,,Class1,0.0,0,16004歳以上1勝クラス発走14時25分(番組第8競走を順序変更)(芝・左)負担重量は、58、牝馬2減
202607010610,2026,中京,1,6,10,2026-03-29,https://www.jra.go.jp/datafile/seiseki/report/2026/2026-1chukyo6.pdf,e5777c2fd04fa359bf718be68e2d43fac342442ddc3cc9eae875539bd99b8b7b,official_race_marker_verified,1900,flat,dirt,,left,1.0,Maiden,0.0,0,1900いせ伊勢ステークス発走15時00分(ダート・左)4歳以上、3勝クラス、除未出走馬および未勝利馬;負担重量は、ハンデキャップ賞品
202607010611,2026,中京,1,6,11,2026-03-29,https://www.jra.go.jp/datafile/seiseki/report/2026/2026-1chukyo6.pdf,e5777c2fd04fa359bf718be68e2d43fac342442ddc3cc9eae875539bd99b8b7b,official_race_marker_verified,1200,flat,turf,,left,,Open,1.0,1,1200第56回高松宮記念(GI)発走15時40分(芝・左)4歳以上、除未出走馬および未勝利馬;負担重量は、58、牝馬2減名古屋市長賞・名古屋競馬株式会社賞・日本馬主協会連合会会長賞(1着)賞品
202607010612,2026,中京,1,6,12,2026-03-29,https://www.jra.go.jp/datafile/seiseki/report/2026/2026-1chukyo6.pdf,e5777c2fd04fa359bf718be68e2d43fac342442ddc3cc9eae875539bd99b8b7b,official_race_marker_verified,1400,flat,dirt,,left,,Class2,0.0,0,1400すずか鈴鹿特別発走16時30分(ダート・左)4歳以上、2勝クラス;負担重量は、58、牝馬2減賞品
202607020101,2026,中京,2,1,1,2026-07-25,https://www.jra.go.jp/datafile/seiseki/report/2026/2026-2chukyo1.pdf,c50900b5b3039e26145bcf4396f1f2aa8b16a1a41e397b7db2a20aee0bdbff25,official_race_marker_verified,1200,flat,dirt,,left,0.0,Maiden,0.0,0,12002歳未勝利発走9時40分(ダート・左)負担重量は、馬齢重量
202607020102,2026,中京,2,1,2,2026-07-25,https://www.jra.go.jp/datafile/seiseki/report/2026/2026-2chukyo1.pdf,c50900b5b3039e26145bcf4396f1f2aa8b16a1a41e397b7db2a20aee0bdbff25,official_race_marker_verified,1400,flat,turf,,left,0.0,Newcomer,0.0,0,14002歳新馬発走10時10分(芝・左)負担重量は、馬齢重量
202607020103,2026,中京,2,1,3,2026-07-25,https://www.jra.go.jp/datafile/seiseki/report/2026/2026-2chukyo1.pdf,c50900b5b3039e26145bcf4396f1f2aa8b16a1a41e397b7db2a20aee0bdbff25,official_race_marker_verified,2000,flat,turf,,left,0.0,Maiden,0.0,0,20003歳未勝利発走10時40分(芝・左)負担重量は、馬齢重量
202607020104,2026,中京,2,1,4,2026-07-25,https://www.jra.go.jp/datafile/seiseki/report/2026/2026-2chukyo1.pdf,c50900b5b3039e26145bcf4396f1f2aa8b16a1a41e397b7db2a20aee0bdbff25,official_race_marker_verified,1800,flat,dirt,,left,0.0,Maiden,0.0,0,18003歳未勝利発走11時10分(ダート・左)負担重量は、馬齢重量
202607020105,2026,中京,2,1,5,2026-07-25,https://www.jra.go.jp/datafile/seiseki/report/2026/2026-2chukyo1.pdf,c50900b5b3039e26145bcf4396f1f2aa8b16a1a41e397b7db2a20aee0bdbff25,official_race_marker_verified,1600,flat,turf,,left,0.0,Maiden,0.0,0,16003歳未勝利発走11時40分(芝・左)牝;負担重量は、馬齢重量
202607020106,2026,中京,2,1,6,2026-07-25,https://www.jra.go.jp/datafile/seiseki/report/2026/2026-2chukyo1.pdf,c50900b5b3039e26145bcf4396f1f2aa8b16a1a41e397b7db2a20aee0bdbff25,official_race_marker_verified,1400,flat,dirt,,left,,Class2,0.0,0,1400よっかいち四日市特別発走15時00分(ダート・左)3歳以上、2勝クラス;負担重量は、3歳554歳以上58、牝馬2減賞品
202607020107,2026,中京,2,1,7,2026-07-25,https://www.jra.go.jp/datafile/seiseki/report/2026/2026-2chukyo1.pdf,c50900b5b3039e26145bcf4396f1f2aa8b16a1a41e397b7db2a20aee0bdbff25,official_race_marker_verified,2200,flat,turf,,left,,Maiden,0.0,0,2200せきがはら関ケ原ステークス発走15時35分(芝・左)3歳以上、3勝クラス、除未出走馬および未勝利馬;負担重量は、3歳554歳以上58、牝馬2減賞品
202607020108,2026,中京,2,1,8,2026-07-25,https://www.jra.go.jp/datafile/seiseki/report/2026/2026-2chukyo1.pdf,c50900b5b3039e26145bcf4396f1f2aa8b16a1a41e397b7db2a20aee0bdbff25,official_race_marker_verified,2000,flat,turf,,left,,Class1,0.0,0,2000こうらんけい香嵐渓特別発走16時10分(芝・左)3歳以上、1勝クラス;負担重量は、3歳554歳以上58、牝馬2減賞品
202607020109,2026,中京,2,1,9,2026-07-25,https://www.jra.go.jp/datafile/seiseki/report/2026/2026-2chukyo1.pdf,c50900b5b3039e26145bcf4396f1f2aa8b16a1a41e397b7db2a20aee0bdbff25,official_race_marker_verified,1400,flat,dirt,,left,,Class1,0.0,0,14003歳以上1勝クラス発走16時45分(ダート・左)牝;負担重量は、3歳534歳以上56
202607020110,2026,中京,2,1,10,2026-07-25,https://www.jra.go.jp/datafile/seiseki/report/2026/2026-2chukyo1.pdf,c50900b5b3039e26145bcf4396f1f2aa8b16a1a41e397b7db2a20aee0bdbff25,official_race_marker_verified,1800,flat,dirt,,left,,Class1,0.0,0,18003歳以上1勝クラス発走17時20分(ダート・左)負担重量は、3歳554歳以上58、牝馬2減
202607020111,2026,中京,2,1,11,2026-07-25,https://www.jra.go.jp/datafile/seiseki/report/2026/2026-2chukyo1.pdf,c50900b5b3039e26145bcf4396f1f2aa8b16a1a41e397b7db2a20aee0bdbff25,official_race_marker_verified,1200,flat,turf,,left,,Class1,0.0,0,12003歳以上1勝クラス発走17時50分(芝・左)負担重量は、3歳554歳以上58、牝馬2減
202607020112,2026,中京,2,1,12,2026-07-25,https://www.jra.go.jp/datafile/seiseki/report/2026/2026-2chukyo1.pdf,c50900b5b3039e26145bcf4396f1f2aa8b16a1a41e397b7db2a20aee0bdbff25,official_race_marker_verified,1600,flat,turf,,left,0.0,Maiden,0.0,0,16003歳未勝利発走18時20分(芝・左)負担重量は、馬齢重量
202607020201,2026,中京,2,2,1,2026-07-26,https://www.jra.go.jp/datafile/seiseki/report/2026/2026-2chukyo2.pdf,7287301d770765ddba97e121ac939d6dcaaeddafb099ffe628f08cb76041a969,official_race_marker_verified,1400,flat,turf,,left,0.0,Maiden,0.0,0,14002歳未勝利発走9時40分(芝・左)負担重量は、馬齢重量
202607020202,2026,中京,2,2,2,2026-07-26,https://www.jra.go.jp/datafile/seiseki/report/2026/2026-2chukyo2.pdf,7287301d770765ddba97e121ac939d6dcaaeddafb099ffe628f08cb76041a969,official_race_marker_verified,2000,flat,turf,,left,0.0,Newcomer,0.0,0,20002歳新馬発走10時10分(芝・左)負担重量は、馬齢重量
202607020203,2026,中京,2,2,3,2026-07-26,https://www.jra.go.jp/datafile/seiseki/report/2026/2026-2chukyo2.pdf,7287301d770765ddba97e121ac939d6dcaaeddafb099ffe628f08cb76041a969,official_race_marker_verified,2200,flat,turf,,left,0.0,Maiden,0.0,0,22003歳未勝利発走10時40分(芝・左)負担重量は、馬齢重量
202607020204,2026,中京,2,2,4,2026-07-26,https://www.jra.go.jp/datafile/seiseki/report/2026/2026-2chukyo2.pdf,7287301d770765ddba97e121ac939d6dcaaeddafb099ffe628f08cb76041a969,official_race_marker_verified,1800,flat,dirt,,left,0.0,Maiden,0.0,0,18003歳未勝利発走11時10分(ダート・左)負担重量は、馬齢重量
202607020205,2026,中京,2,2,5,2026-07-26,https://www.jra.go.jp/datafile/seiseki/report/2026/2026-2chukyo2.pdf,7287301d770765ddba97e121ac939d6dcaaeddafb099ffe628f08cb76041a969,official_race_marker_verified,1400,flat,dirt,,left,0.0,Maiden,0.0,0,14003歳未勝利発走11時40分(ダート・左)負担重量は、馬齢重量
202607020206,2026,中京,2,2,6,2026-07-26,https://www.jra.go.jp/datafile/seiseki/report/2026/2026-2chukyo2.pdf,7287301d770765ddba97e121ac939d6dcaaeddafb099ffe628f08cb76041a969,official_race_marker_verified,2000,flat,turf,,left,1.0,Class2,0.0,0,2000きそがわ木曽川特別発走15時00分(芝・左)3歳以上、2勝クラス;負担重量は、ハンデキャップ賞品
202607020207,2026,中京,2,2,7,2026-07-26,https://www.jra.go.jp/datafile/seiseki/report/2026/2026-2chukyo2.pdf,7287301d770765ddba97e121ac939d6dcaaeddafb099ffe628f08cb76041a969,official_race_marker_verified,1400,flat,dirt,,left,,Open,1.0,1,1400第43回東海ステークス(GIII)発走15時35分(ダート・左)3歳以上、除未出走馬および未勝利馬;負担重量は、3歳544歳以上57、牝馬2減、2025.7.26以降GI競走(牝馬限定競走を除く)1着馬3増、牝馬限定GI競走またはGII競走(牝馬限定競走を除く)1着馬2増、牝馬限定GII競走またはGIII競走(牝馬限定競走を除く)1着馬1増、2025.7.25以前のGI競走(牝馬限定競走を除く)1着馬2増、牝馬限定GI競走またはGII競走(牝馬限定競走を除く)1着馬1増(ただし2歳時の成績を除く)地方競馬全国協会理事長賞(1着)賞品
202607020208,2026,中京,2,2,8,2026-07-26,https://www.jra.go.jp/datafile/seiseki/report/2026/2026-2chukyo2.pdf,7287301d770765ddba97e121ac939d6dcaaeddafb099ffe628f08cb76041a969,official_race_marker_verified,1800,flat,dirt,,left,,Class2,0.0,0,1800えんしゅうなだ遠州灘特別発走16時10分(ダート・左)3歳以上、2勝クラス;負担重量は、3歳554歳以上58、牝馬2減賞品
202607020209,2026,中京,2,2,9,2026-07-26,https://www.jra.go.jp/datafile/seiseki/report/2026/2026-2chukyo2.pdf,7287301d770765ddba97e121ac939d6dcaaeddafb099ffe628f08cb76041a969,official_race_marker_verified,1400,flat,turf,,left,,Class1,0.0,0,14003歳以上1勝クラス発走16時45分(芝・左)負担重量は、3歳554歳以上58、牝馬2減
202607020210,2026,中京,2,2,10,2026-07-26,https://www.jra.go.jp/datafile/seiseki/report/2026/2026-2chukyo2.pdf,7287301d770765ddba97e121ac939d6dcaaeddafb099ffe628f08cb76041a969,official_race_marker_verified,1400,flat,dirt,,left,,Class1,0.0,0,14003歳以上1勝クラス発走17時20分(ダート・左)負担重量は、3歳554歳以上58、牝馬2減
202607020211,2026,中京,2,2,11,2026-07-26,https://www.jra.go.jp/datafile/seiseki/report/2026/2026-2chukyo2.pdf,7287301d770765ddba97e121ac939d6dcaaeddafb099ffe628f08cb76041a969,official_race_marker_verified,1600,flat,turf,,left,,Class1,0.0,0,16003歳以上1勝クラス発走17時50分(芝・左)牝;負担重量は、3歳534歳以上56
202607020212,2026,中京,2,2,12,2026-07-26,https://www.jra.go.jp/datafile/seiseki/report/2026/2026-2chukyo2.pdf,7287301d770765ddba97e121ac939d6dcaaeddafb099ffe628f08cb76041a969,official_race_marker_verified,1200,flat,turf,,left,0.0,Maiden,0.0,0,12003歳未勝利発走18時20分(芝・左)負担重量は、馬齢重量
202607020301,2026,中京,2,3,1,2026-08-01,https://www.jra.go.jp/datafile/seiseki/report/2026/2026-2chukyo3.pdf,7becbb1d67d6937b9fd6656f6268e7c42a1a2a6bd280753400594cdb1770d108,official_race_marker_verified,2000,flat,turf,,left,0.0,Maiden,0.0,0,20002歳未勝利発走9時40分(芝・左)負担重量は、馬齢重量
202607020302,2026,中京,2,3,2,2026-08-01,https://www.jra.go.jp/datafile/seiseki/report/2026/2026-2chukyo3.pdf,7becbb1d67d6937b9fd6656f6268e7c42a1a2a6bd280753400594cdb1770d108,official_race_marker_verified,1400,flat,turf,,left,0.0,Newcomer,0.0,0,14002歳新馬発走10時10分(芝・左)牝;負担重量は、馬齢重量
202607020303,2026,中京,2,3,3,2026-08-01,https://www.jra.go.jp/datafile/seiseki/report/2026/2026-2chukyo3.pdf,7becbb1d67d6937b9fd6656f6268e7c42a1a2a6bd280753400594cdb1770d108,official_race_marker_verified,2000,flat,turf,,left,0.0,Maiden,0.0,0,20003歳未勝利発走10時40分(芝・左)負担重量は、馬齢重量
202607020304,2026,中京,2,3,4,2026-08-01,https://www.jra.go.jp/datafile/seiseki/report/2026/2026-2chukyo3.pdf,7becbb1d67d6937b9fd6656f6268e7c42a1a2a6bd280753400594cdb1770d108,official_race_marker_verified,1800,flat,dirt,,left,0.0,Maiden,0.0,0,18003歳未勝利発走11時10分(ダート・左)牝;負担重量は、馬齢重量
202607020305,2026,中京,2,3,5,2026-08-01,https://www.jra.go.jp/datafile/seiseki/report/2026/2026-2chukyo3.pdf,7becbb1d67d6937b9fd6656f6268e7c42a1a2a6bd280753400594cdb1770d108,official_race_marker_verified,1800,flat,dirt,,left,0.0,Maiden,0.0,0,18003歳未勝利発走11時40分(ダート・左)負担重量は、馬齢重量
202607020306,2026,中京,2,3,6,2026-08-01,https://www.jra.go.jp/datafile/seiseki/report/2026/2026-2chukyo3.pdf,7becbb1d67d6937b9fd6656f6268e7c42a1a2a6bd280753400594cdb1770d108,official_race_marker_verified,1400,flat,dirt,,left,,Maiden,0.0,0,1400おけはざま桶狭間ステークス発走15時00分(ダート・左)3歳以上、3勝クラス、除未出走馬および未勝利馬;負担重量は、3歳554歳以上58、牝馬2減賞品
202607020307,2026,中京,2,3,7,2026-08-01,https://www.jra.go.jp/datafile/seiseki/report/2026/2026-2chukyo3.pdf,7becbb1d67d6937b9fd6656f6268e7c42a1a2a6bd280753400594cdb1770d108,official_race_marker_verified,1600,flat,turf,,left,1.0,Maiden,0.0,0,1600とよはし豊橋ステークス発走15時35分(芝・左)3歳以上、3勝クラス、除未出走馬および未勝利馬;負担重量は、ハンデキャップ賞品
202607020308,2026,中京,2,3,8,2026-08-01,https://www.jra.go.jp/datafile/seiseki/report/2026/2026-2chukyo3.pdf,7becbb1d67d6937b9fd6656f6268e7c42a1a2a6bd280753400594cdb1770d108,official_race_marker_verified,1800,flat,dirt,,left,,Class2,0.0,0,1800にっしん日進特別発走16時10分(ダート・左)3歳以上、2勝クラス;負担重量は、3歳554歳以上58、牝馬2減賞品
202607020309,2026,中京,2,3,9,2026-08-01,https://www.jra.go.jp/datafile/seiseki/report/2026/2026-2chukyo3.pdf,7becbb1d67d6937b9fd6656f6268e7c42a1a2a6bd280753400594cdb1770d108,official_race_marker_verified,3000,obstacle,,,,,Maiden,0.0,0,3000障害3歳以上未勝利発走16時45分(芝)負担重量は、3歳584歳以上60、牝馬2減
202607020310,2026,中京,2,3,10,2026-08-01,https://www.jra.go.jp/datafile/seiseki/report/2026/2026-2chukyo3.pdf,7becbb1d67d6937b9fd6656f6268e7c42a1a2a6bd280753400594cdb1770d108,official_race_marker_verified,1200,flat,dirt,,left,,Class1,0.0,0,12003歳以上1勝クラス発走17時20分(ダート・左)負担重量は、3歳564歳以上58、牝馬2減
202607020311,2026,中京,2,3,11,2026-08-01,https://www.jra.go.jp/datafile/seiseki/report/2026/2026-2chukyo3.pdf,7becbb1d67d6937b9fd6656f6268e7c42a1a2a6bd280753400594cdb1770d108,official_race_marker_verified,2000,flat,turf,,left,,Class1,0.0,0,20003歳以上1勝クラス発走17時50分(芝・左)牝;負担重量は、3歳534歳以上56
202607020312,2026,中京,2,3,12,2026-08-01,https://www.jra.go.jp/datafile/seiseki/report/2026/2026-2chukyo3.pdf,7becbb1d67d6937b9fd6656f6268e7c42a1a2a6bd280753400594cdb1770d108,official_race_marker_verified,1600,flat,turf,,left,,Class1,0.0,0,16003歳以上1勝クラス発走18時20分(芝・左)負担重量は、3歳554歳以上58、牝馬2減
202607020401,2026,中京,2,4,1,2026-08-02,https://www.jra.go.jp/datafile/seiseki/report/2026/2026-2chukyo4.pdf,0df6f8258138f0c1851b017434591ed13575aef394b1582bfd347e08d74f43bd,official_race_marker_verified,2000,flat,turf,,left,0.0,Maiden,0.0,0,20003歳未勝利発走9時40分(芝・左)牝;負担重量は、馬齢重量
202607020402,2026,中京,2,4,2,2026-08-02,https://www.jra.go.jp/datafile/seiseki/report/2026/2026-2chukyo4.pdf,0df6f8258138f0c1851b017434591ed13575aef394b1582bfd347e08d74f43bd,official_race_marker_verified,1800,flat,dirt,,left,0.0,Newcomer,0.0,0,18002歳新馬発走10時10分(ダート・左)負担重量は、馬齢重量
202607020403,2026,中京,2,4,3,2026-08-02,https://www.jra.go.jp/datafile/seiseki/report/2026/2026-2chukyo4.pdf,0df6f8258138f0c1851b017434591ed13575aef394b1582bfd347e08d74f43bd,official_race_marker_verified,1600,flat,turf,,left,0.0,Newcomer,0.0,0,16002歳新馬発走10時40分(芝・左)負担重量は、馬齢重量
202607020404,2026,中京,2,4,4,2026-08-02,https://www.jra.go.jp/datafile/seiseki/report/2026/2026-2chukyo4.pdf,0df6f8258138f0c1851b017434591ed13575aef394b1582bfd347e08d74f43bd,official_race_marker_verified,1200,flat,dirt,,left,0.0,Maiden,0.0,0,12003歳未勝利発走11時10分(ダート・左)負担重量は、馬齢重量
202607020405,2026,中京,2,4,5,2026-08-02,https://www.jra.go.jp/datafile/seiseki/report/2026/2026-2chukyo4.pdf,0df6f8258138f0c1851b017434591ed13575aef394b1582bfd347e08d74f43bd,official_race_marker_verified,1800,flat,dirt,,left,,Class1,0.0,0,18003歳以上1勝クラス発走11時40分(ダート・左)牝;負担重量は、3歳534歳以上56
202607020406,2026,中京,2,4,6,2026-08-02,https://www.jra.go.jp/datafile/seiseki/report/2026/2026-2chukyo4.pdf,0df6f8258138f0c1851b017434591ed13575aef394b1582bfd347e08d74f43bd,official_race_marker_verified,1400,flat,turf,,left,,Class2,0.0,0,1400中京スポニチ賞発走15時00分(芝・左)3歳以上、2勝クラス;負担重量は、3歳554歳以上58、牝馬2減中京スポニチ賞(1着)賞品
202607020407,2026,中京,2,4,7,2026-08-02,https://www.jra.go.jp/datafile/seiseki/report/2026/2026-2chukyo4.pdf,0df6f8258138f0c1851b017434591ed13575aef394b1582bfd347e08d74f43bd,official_race_marker_verified,1800,flat,dirt,,left,,Maiden,0.0,0,1800名鉄杯(L)発走15時35分(ダート・左)3歳以上、除未出走馬および未勝利馬;負担重量は、日本馬:3歳544歳以上57、牝馬2減、収得賞金1600万円超過馬は超過額1200万円毎1増、:3歳544歳以上57、牝馬2減、GI競走1着馬5増、GII競走1着馬3増、GIII競走1着馬1増(ただし2歳時の成績を除く)名古屋鉄道株式会社賞(1着)賞品
202607020408,2026,中京,2,4,8,2026-08-02,https://www.jra.go.jp/datafile/seiseki/report/2026/2026-2chukyo4.pdf,0df6f8258138f0c1851b017434591ed13575aef394b1582bfd347e08d74f43bd,official_race_marker_verified,1200,flat,dirt,,left,,Class2,0.0,0,1200はままつ浜松特別発走16時10分(ダート・左)3歳以上、2勝クラス;負担重量は、3歳564歳以上58、牝馬2減賞品
202607020409,2026,中京,2,4,9,2026-08-02,https://www.jra.go.jp/datafile/seiseki/report/2026/2026-2chukyo4.pdf,0df6f8258138f0c1851b017434591ed13575aef394b1582bfd347e08d74f43bd,official_race_marker_verified,3000,obstacle,,,,,Maiden,0.0,0,3000障害3歳以上未勝利発走16時45分(芝)負担重量は、3歳584歳以上60、牝馬2減
202607020410,2026,中京,2,4,10,2026-08-02,https://www.jra.go.jp/datafile/seiseki/report/2026/2026-2chukyo4.pdf,0df6f8258138f0c1851b017434591ed13575aef394b1582bfd347e08d74f43bd,official_race_marker_verified,1900,flat,dirt,,left,,Class1,0.0,0,19003歳以上1勝クラス発走17時20分(ダート・左)負担重量は、3歳554歳以上58、牝馬2減
202607020411,2026,中京,2,4,11,2026-08-02,https://www.jra.go.jp/datafile/seiseki/report/2026/2026-2chukyo4.pdf,0df6f8258138f0c1851b017434591ed13575aef394b1582bfd347e08d74f43bd,official_race_marker_verified,2200,flat,turf,,left,,Class1,0.0,0,22003歳以上1勝クラス発走17時50分(芝・左)負担重量は、3歳554歳以上58、牝馬2減
202607020412,2026,中京,2,4,12,2026-08-02,https://www.jra.go.jp/datafile/seiseki/report/2026/2026-2chukyo4.pdf,0df6f8258138f0c1851b017434591ed13575aef394b1582bfd347e08d74f43bd,official_race_marker_verified,1400,flat,turf,,left,0.0,Maiden,0.0,0,14003歳未勝利発走18時20分(芝・左)負担重量は、馬齢重量
202607020501,2026,中京,2,5,1,2026-08-08,https://www.jra.go.jp/datafile/seiseki/report/2026/2026-2chukyo5.pdf,f52ec372ac296f9feda619a1e54752584d94d410a4393aa15abab3759ceaacee,official_race_marker_verified,1600,flat,turf,,left,0.0,Maiden,0.0,0,16002歳未勝利発走9時50分(芝・左)負担重量は、馬齢重量
202607020502,2026,中京,2,5,2,2026-08-08,https://www.jra.go.jp/datafile/seiseki/report/2026/2026-2chukyo5.pdf,f52ec372ac296f9feda619a1e54752584d94d410a4393aa15abab3759ceaacee,official_race_marker_verified,1400,flat,turf,,left,0.0,Newcomer,0.0,0,14002歳新馬発走10時20分(芝・左)負担重量は、馬齢重量
202607020503,2026,中京,2,5,3,2026-08-08,https://www.jra.go.jp/datafile/seiseki/report/2026/2026-2chukyo5.pdf,f52ec372ac296f9feda619a1e54752584d94d410a4393aa15abab3759ceaacee,official_race_marker_verified,1400,flat,dirt,,left,0.0,Maiden,0.0,0,14003歳未勝利発走10時50分(ダート・左)牝;負担重量は、馬齢重量
202607020504,2026,中京,2,5,4,2026-08-08,https://www.jra.go.jp/datafile/seiseki/report/2026/2026-2chukyo5.pdf,f52ec372ac296f9feda619a1e54752584d94d410a4393aa15abab3759ceaacee,official_race_marker_verified,1900,flat,dirt,,left,0.0,Maiden,0.0,0,19003歳未勝利発走11時20分(ダート・左)負担重量は、馬齢重量
202607020505,2026,中京,2,5,5,2026-08-08,https://www.jra.go.jp/datafile/seiseki/report/2026/2026-2chukyo5.pdf,f52ec372ac296f9feda619a1e54752584d94d410a4393aa15abab3759ceaacee,official_race_marker_verified,2000,flat,turf,,left,,Class1,0.0,0,20003歳以上1勝クラス発走11時50分(芝・左)負担重量は、3歳554歳以上58、牝馬2減
202607020506,2026,中京,2,5,6,2026-08-08,https://www.jra.go.jp/datafile/seiseki/report/2026/2026-2chukyo5.pdf,f52ec372ac296f9feda619a1e54752584d94d410a4393aa15abab3759ceaacee,official_race_marker_verified,1600,flat,turf,,left,,Class2,0.0,0,1600なやばし納屋橋特別発走15時10分(芝・左)3歳以上、2勝クラス;負担重量は、3歳554歳以上58、牝馬2減賞品
202607020507,2026,中京,2,5,7,2026-08-08,https://www.jra.go.jp/datafile/seiseki/report/2026/2026-2chukyo5.pdf,f52ec372ac296f9feda619a1e54752584d94d410a4393aa15abab3759ceaacee,official_race_marker_verified,1800,flat,dirt,,left,,Maiden,0.0,0,1800みかわ三河ステークス発走15時45分(ダート・左)3歳以上、3勝クラス、除未出走馬および未勝利馬;負担重量は、3歳554歳以上58、牝馬2減賞品
202607020508,2026,中京,2,5,8,2026-08-08,https://www.jra.go.jp/datafile/seiseki/report/2026/2026-2chukyo5.pdf,f52ec372ac296f9feda619a1e54752584d94d410a4393aa15abab3759ceaacee,official_race_marker_verified,1800,flat,dirt,,left,,Class1,0.0,0,1800えな恵那特別発走16時20分(ダート・左)3歳以上、1勝クラス;負担重量は、3歳554歳以上58、牝馬2減賞品
202607020509,2026,中京,2,5,9,2026-08-08,https://www.jra.go.jp/datafile/seiseki/report/2026/2026-2chukyo5.pdf,f52ec372ac296f9feda619a1e54752584d94d410a4393aa15abab3759ceaacee,official_race_marker_verified,3000,obstacle,,,,,Open,1.0,0,3000障害3歳以上オープン発走16時55分(芝)負担重量は、3歳584歳以上60、牝馬2減、収得賞金400万円超過馬は超過額300万円毎1増
202607020510,2026,中京,2,5,10,2026-08-08,https://www.jra.go.jp/datafile/seiseki/report/2026/2026-2chukyo5.pdf,f52ec372ac296f9feda619a1e54752584d94d410a4393aa15abab3759ceaacee,official_race_marker_verified,1200,flat,dirt,,left,0.0,Maiden,0.0,0,12003歳未勝利発走17時30分(ダート・左)負担重量は、馬齢重量
202607020511,2026,中京,2,5,11,2026-08-08,https://www.jra.go.jp/datafile/seiseki/report/2026/2026-2chukyo5.pdf,f52ec372ac296f9feda619a1e54752584d94d410a4393aa15abab3759ceaacee,official_race_marker_verified,1600,flat,turf,,left,,Class1,0.0,0,16003歳以上1勝クラス発走18時00分(芝・左)負担重量は、3歳554歳以上58、牝馬2減
202607020512,2026,中京,2,5,12,2026-08-08,https://www.jra.go.jp/datafile/seiseki/report/2026/2026-2chukyo5.pdf,f52ec372ac296f9feda619a1e54752584d94d410a4393aa15abab3759ceaacee,official_race_marker_verified,1400,flat,turf,,left,0.0,Maiden,0.0,0,14003歳未勝利発走18時30分(芝・左)牝;負担重量は、馬齢重量
202607020601,2026,中京,2,6,1,2026-08-09,https://www.jra.go.jp/datafile/seiseki/report/2026/2026-2chukyo6.pdf,f00edb1b9a6c424bdfbb7311341975778ecdd92b3e479d275f412ea565ddf1cf,official_race_marker_verified,2000,flat,turf,,left,0.0,Maiden,0.0,0,20003歳未勝利発走9時50分(芝・左)負担重量は、馬齢重量
202607020602,2026,中京,2,6,2,2026-08-09,https://www.jra.go.jp/datafile/seiseki/report/2026/2026-2chukyo6.pdf,f00edb1b9a6c424bdfbb7311341975778ecdd92b3e479d275f412ea565ddf1cf,official_race_marker_verified,1600,flat,turf,,left,0.0,Newcomer,0.0,0,16002歳新馬発走10時20分(芝・左)牝;負担重量は、馬齢重量
202607020603,2026,中京,2,6,3,2026-08-09,https://www.jra.go.jp/datafile/seiseki/report/2026/2026-2chukyo6.pdf,f00edb1b9a6c424bdfbb7311341975778ecdd92b3e479d275f412ea565ddf1cf,official_race_marker_verified,2000,flat,turf,,left,0.0,Newcomer,0.0,0,20002歳新馬発走10時50分(芝・左)負担重量は、馬齢重量
202607020604,2026,中京,2,6,4,2026-08-09,https://www.jra.go.jp/datafile/seiseki/report/2026/2026-2chukyo6.pdf,f00edb1b9a6c424bdfbb7311341975778ecdd92b3e479d275f412ea565ddf1cf,official_race_marker_verified,1800,flat,dirt,,left,0.0,Maiden,0.0,0,18003歳未勝利発走11時20分(ダート・左)負担重量は、馬齢重量
202607020605,2026,中京,2,6,5,2026-08-09,https://www.jra.go.jp/datafile/seiseki/report/2026/2026-2chukyo6.pdf,f00edb1b9a6c424bdfbb7311341975778ecdd92b3e479d275f412ea565ddf1cf,official_race_marker_verified,1400,flat,dirt,,left,,Class1,0.0,0,14003歳以上1勝クラス発走11時50分(ダート・左)負担重量は、3歳554歳以上58、牝馬2減
202607020606,2026,中京,2,6,6,2026-08-09,https://www.jra.go.jp/datafile/seiseki/report/2026/2026-2chukyo6.pdf,f00edb1b9a6c424bdfbb7311341975778ecdd92b3e479d275f412ea565ddf1cf,official_race_marker_verified,2000,flat,turf,,left,,Class2,0.0,0,2000はまなこ浜名湖特別発走15時10分(芝・左)3歳以上、2勝クラス;負担重量は、3歳554歳以上58、牝馬2減賞品
202607020607,2026,中京,2,6,7,2026-08-09,https://www.jra.go.jp/datafile/seiseki/report/2026/2026-2chukyo6.pdf,f00edb1b9a6c424bdfbb7311341975778ecdd92b3e479d275f412ea565ddf1cf,official_race_marker_verified,1200,flat,turf,,left,1.0,Open,1.0,1,サマースプリントシリーズ1200第62回CBC賞(GIII)発走15時45分(芝・左)3歳以上、除未出走馬および未勝利馬;負担重量は、ハンデキャップCBC賞(1着)賞品
202607020608,2026,中京,2,6,8,2026-08-09,https://www.jra.go.jp/datafile/seiseki/report/2026/2026-2chukyo6.pdf,f00edb1b9a6c424bdfbb7311341975778ecdd92b3e479d275f412ea565ddf1cf,official_race_marker_verified,1800,flat,dirt,,left,,Class2,0.0,0,1800いびがわ揖斐川特別発走16時20分(ダート・左)3歳以上、2勝クラス;負担重量は、3歳554歳以上58、牝馬2減賞品
202607020609,2026,中京,2,6,9,2026-08-09,https://www.jra.go.jp/datafile/seiseki/report/2026/2026-2chukyo6.pdf,f00edb1b9a6c424bdfbb7311341975778ecdd92b3e479d275f412ea565ddf1cf,official_race_marker_verified,3000,obstacle,,,,,Maiden,0.0,0,3000障害3歳以上未勝利発走16時55分(芝)負担重量は、3歳584歳以上60、牝馬2減
202607020610,2026,中京,2,6,10,2026-08-09,https://www.jra.go.jp/datafile/seiseki/report/2026/2026-2chukyo6.pdf,f00edb1b9a6c424bdfbb7311341975778ecdd92b3e479d275f412ea565ddf1cf,official_race_marker_verified,1200,flat,dirt,,left,,Class1,0.0,0,12003歳以上1勝クラス発走17時30分(ダート・左)負担重量は、3歳564歳以上58、牝馬2減
202607020611,2026,中京,2,6,11,2026-08-09,https://www.jra.go.jp/datafile/seiseki/report/2026/2026-2chukyo6.pdf,f00edb1b9a6c424bdfbb7311341975778ecdd92b3e479d275f412ea565ddf1cf,official_race_marker_verified,1200,flat,turf,,left,,Class1,0.0,0,12003歳以上1勝クラス発走18時00分(芝・左)負担重量は、3歳564歳以上58、牝馬2減
202607020612,2026,中京,2,6,12,2026-08-09,https://www.jra.go.jp/datafile/seiseki/report/2026/2026-2chukyo6.pdf,f00edb1b9a6c424bdfbb7311341975778ecdd92b3e479d275f412ea565ddf1cf,official_race_marker_verified,1600,flat,turf,,left,0.0,Maiden,0.0,0,16003歳未勝利発走18時30分(芝・左)負担重量は、馬齢重量
202607020701,2026,中京,2,7,1,2026-08-15,https://www.jra.go.jp/datafile/seiseki/report/2026/2026-2chukyo7.pdf,e79b5e783a4d4b303865bb3045d382e5f7dd84883d10eb67e087b0d150e21f79,official_race_marker_verified,1400,flat,dirt,,left,0.0,Maiden,0.0,0,14002歳未勝利発走9時50分(ダート・左)負担重量は、馬齢重量
202607020702,2026,中京,2,7,2,2026-08-15,https://www.jra.go.jp/datafile/seiseki/report/2026/2026-2chukyo7.pdf,e79b5e783a4d4b303865bb3045d382e5f7dd84883d10eb67e087b0d150e21f79,official_race_marker_verified,1400,flat,turf,,left,0.0,Maiden,0.0,0,14003歳未勝利発走10時20分(分割B)(芝・左)負担重量は、馬齢重量
202607020703,2026,中京,2,7,3,2026-08-15,https://www.jra.go.jp/datafile/seiseki/report/2026/2026-2chukyo7.pdf,e79b5e783a4d4b303865bb3045d382e5f7dd84883d10eb67e087b0d150e21f79,official_race_marker_verified,1200,flat,turf,,left,0.0,Newcomer,0.0,0,12002歳新馬発走10時50分(芝・左)負担重量は、馬齢重量
202607020704,2026,中京,2,7,4,2026-08-15,https://www.jra.go.jp/datafile/seiseki/report/2026/2026-2chukyo7.pdf,e79b5e783a4d4b303865bb3045d382e5f7dd84883d10eb67e087b0d150e21f79,official_race_marker_verified,1400,flat,turf,,left,0.0,Maiden,0.0,0,14003歳未勝利発走11時20分(分割A)(芝・左)負担重量は、馬齢重量
202607020705,2026,中京,2,7,5,2026-08-15,https://www.jra.go.jp/datafile/seiseki/report/2026/2026-2chukyo7.pdf,e79b5e783a4d4b303865bb3045d382e5f7dd84883d10eb67e087b0d150e21f79,official_race_marker_verified,1800,flat,dirt,,left,0.0,Maiden,0.0,0,18003歳未勝利発走11時50分(ダート・左)牝;負担重量は、馬齢重量
202607020706,2026,中京,2,7,6,2026-08-15,https://www.jra.go.jp/datafile/seiseki/report/2026/2026-2chukyo7.pdf,e79b5e783a4d4b303865bb3045d382e5f7dd84883d10eb67e087b0d150e21f79,official_race_marker_verified,1200,flat,turf,,left,,Class2,0.0,0,1200ちた知多特別発走15時10分(芝・左)3歳以上、2勝クラス;負担重量は、3歳564歳以上58、牝馬2減賞品
202607020707,2026,中京,2,7,7,2026-08-15,https://www.jra.go.jp/datafile/seiseki/report/2026/2026-2chukyo7.pdf,e79b5e783a4d4b303865bb3045d382e5f7dd84883d10eb67e087b0d150e21f79,official_race_marker_verified,2000,flat,turf,,left,1.0,Maiden,0.0,0,2000たかやま高山ステークス発走15時45分(芝・左)3歳以上、3勝クラス、除未出走馬および未勝利馬;負担重量は、ハンデキャップ賞品
202607020708,2026,中京,2,7,8,2026-08-15,https://www.jra.go.jp/datafile/seiseki/report/2026/2026-2chukyo7.pdf,e79b5e783a4d4b303865bb3045d382e5f7dd84883d10eb67e087b0d150e21f79,official_race_marker_verified,2000,flat,turf,,left,,Class1,0.0,0,2000とこなめ常滑特別発走16時25分(芝・左)3歳以上、1勝クラス;負担重量は、3歳554歳以上58、牝馬2減賞品
202607020709,2026,中京,2,7,9,2026-08-15,https://www.jra.go.jp/datafile/seiseki/report/2026/2026-2chukyo7.pdf,e79b5e783a4d4b303865bb3045d382e5f7dd84883d10eb67e087b0d150e21f79,official_race_marker_verified,1800,flat,dirt,,left,,Class1,0.0,0,18003歳以上1勝クラス発走17時00分(ダート・左)負担重量は、3歳554歳以上58、牝馬2減
202607020710,2026,中京,2,7,10,2026-08-15,https://www.jra.go.jp/datafile/seiseki/report/2026/2026-2chukyo7.pdf,e79b5e783a4d4b303865bb3045d382e5f7dd84883d10eb67e087b0d150e21f79,official_race_marker_verified,1400,flat,dirt,,left,,Class1,0.0,0,14003歳以上1勝クラス発走17時30分(ダート・左)負担重量は、3歳554歳以上58、牝馬2減
202607020711,2026,中京,2,7,11,2026-08-15,https://www.jra.go.jp/datafile/seiseki/report/2026/2026-2chukyo7.pdf,e79b5e783a4d4b303865bb3045d382e5f7dd84883d10eb67e087b0d150e21f79,official_race_marker_verified,1600,flat,turf,,left,,Class1,0.0,0,16003歳以上1勝クラス発走18時00分(芝・左)負担重量は、3歳554歳以上58、牝馬2減
202607020712,2026,中京,2,7,12,2026-08-15,https://www.jra.go.jp/datafile/seiseki/report/2026/2026-2chukyo7.pdf,e79b5e783a4d4b303865bb3045d382e5f7dd84883d10eb67e087b0d150e21f79,official_race_marker_verified,1200,flat,dirt,,left,0.0,Maiden,0.0,0,12003歳未勝利発走18時30分(ダート・左)負担重量は、馬齢重量
202607020801,2026,中京,2,8,1,2026-08-16,https://www.jra.go.jp/datafile/seiseki/report/2026/2026-2chukyo8.pdf,b2269c5c7b282ae55640d71a5adc2dfa160d06b331ddda1534e1d7d3f8afd69f,official_race_marker_verified,1200,flat,turf,,left,0.0,Maiden,0.0,0,12002歳未勝利発走9時50分(芝・左)負担重量は、馬齢重量
202607020802,2026,中京,2,8,2,2026-08-16,https://www.jra.go.jp/datafile/seiseki/report/2026/2026-2chukyo8.pdf,b2269c5c7b282ae55640d71a5adc2dfa160d06b331ddda1534e1d7d3f8afd69f,official_race_marker_verified,1400,flat,dirt,,left,0.0,Newcomer,0.0,0,14002歳新馬発走10時20分(ダート・左)負担重量は、馬齢重量
202607020803,2026,中京,2,8,3,2026-08-16,https://www.jra.go.jp/datafile/seiseki/report/2026/2026-2chukyo8.pdf,b2269c5c7b282ae55640d71a5adc2dfa160d06b331ddda1534e1d7d3f8afd69f,official_race_marker_verified,1600,flat,turf,,left,0.0,Newcomer,0.0,0,16002歳新馬発走10時50分(芝・左)負担重量は、馬齢重量
202607020804,2026,中京,2,8,4,2026-08-16,https://www.jra.go.jp/datafile/seiseki/report/2026/2026-2chukyo8.pdf,b2269c5c7b282ae55640d71a5adc2dfa160d06b331ddda1534e1d7d3f8afd69f,official_race_marker_verified,2000,flat,turf,,left,0.0,Maiden,0.0,0,20003歳未勝利発走11時20分(芝・左)負担重量は、馬齢重量
202607020805,2026,中京,2,8,5,2026-08-16,https://www.jra.go.jp/datafile/seiseki/report/2026/2026-2chukyo8.pdf,b2269c5c7b282ae55640d71a5adc2dfa160d06b331ddda1534e1d7d3f8afd69f,official_race_marker_verified,1400,flat,dirt,,left,0.0,Maiden,0.0,0,14003歳未勝利発走11時50分(ダート・左)負担重量は、馬齢重量
202607020806,2026,中京,2,8,6,2026-08-16,https://www.jra.go.jp/datafile/seiseki/report/2026/2026-2chukyo8.pdf,b2269c5c7b282ae55640d71a5adc2dfa160d06b331ddda1534e1d7d3f8afd69f,official_race_marker_verified,2000,flat,turf,,left,,Class2,0.0,0,2000ながくて長久手特別発走15時00分(芝・左)牝、3歳以上、2勝クラス;負担重量は、3歳534歳以上56賞品
202607020807,2026,中京,2,8,7,2026-08-16,https://www.jra.go.jp/datafile/seiseki/report/2026/2026-2chukyo8.pdf,b2269c5c7b282ae55640d71a5adc2dfa160d06b331ddda1534e1d7d3f8afd69f,official_race_marker_verified,1600,flat,turf,,left,,Open,1.0,1,サマーマイルシリーズ1600第74回中京記念(GIII)発走15時35分(芝・左)3歳以上、除未出走馬および未勝利馬;負担重量は、3歳544歳以上57、牝馬2減、2025.8.16以降GI競走(牝馬限定競走を除く)1着馬3増、牝馬限定GI競走またはGII競走(牝馬限定競走を除く)1着馬2増、牝馬限定GII競走またはGIII競走(牝馬限定競走を除く)1着馬1増、2025.8.15以前のGI競走(牝馬限定競走を除く)1着馬2増、牝馬限定GI競走またはGII競走(牝馬限定競走を除く)1着馬1増(ただし2歳時の成績を除く)賞品
202607020808,2026,中京,2,8,8,2026-08-16,https://www.jra.go.jp/datafile/seiseki/report/2026/2026-2chukyo8.pdf,b2269c5c7b282ae55640d71a5adc2dfa160d06b331ddda1534e1d7d3f8afd69f,official_race_marker_verified,1400,flat,dirt,,left,,Class2,0.0,0,1400おおがき大垣特別発走16時15分(ダート・左)3歳以上、2勝クラス;負担重量は、3歳554歳以上58、牝馬2減賞品
202607020809,2026,中京,2,8,9,2026-08-16,https://www.jra.go.jp/datafile/seiseki/report/2026/2026-2chukyo8.pdf,b2269c5c7b282ae55640d71a5adc2dfa160d06b331ddda1534e1d7d3f8afd69f,official_race_marker_verified,2200,flat,turf,,left,0.0,Maiden,0.0,0,22003歳未勝利発走16時55分(芝・左)負担重量は、馬齢重量
202607020810,2026,中京,2,8,10,2026-08-16,https://www.jra.go.jp/datafile/seiseki/report/2026/2026-2chukyo8.pdf,b2269c5c7b282ae55640d71a5adc2dfa160d06b331ddda1534e1d7d3f8afd69f,official_race_marker_verified,1800,flat,dirt,,left,,Class1,0.0,0,18003歳以上1勝クラス発走17時30分(ダート・左)牝;負担重量は、3歳534歳以上56
202607020811,2026,中京,2,8,11,2026-08-16,https://www.jra.go.jp/datafile/seiseki/report/2026/2026-2chukyo8.pdf,b2269c5c7b282ae55640d71a5adc2dfa160d06b331ddda1534e1d7d3f8afd69f,official_race_marker_verified,1400,flat,turf,,left,,Class1,0.0,0,14003歳以上1勝クラス発走18時00分(芝・左)負担重量は、3歳554歳以上58、牝馬2減
202607020812,2026,中京,2,8,12,2026-08-16,https://www.jra.go.jp/datafile/seiseki/report/2026/2026-2chukyo8.pdf,b2269c5c7b282ae55640d71a5adc2dfa160d06b331ddda1534e1d7d3f8afd69f,official_race_marker_verified,1800,flat,dirt,,left,0.0,Maiden,0.0,0,18003歳未勝利発走18時30分(ダート・左)負担重量は、馬齢重量
202607030101,2026,中京,3,1,1,2026-08-22,https://www.jra.go.jp/datafile/seiseki/report/2026/2026-3chukyo1.pdf,c7d58440019678614c681814752893e160bd45b55918890f641196838eb51030,official_race_marker_verified,1600,flat,turf,,left,0.0,Maiden,0.0,0,16002歳未勝利発走9時50分(芝・左)負担重量は、馬齢重量
202607030102,2026,中京,3,1,2,2026-08-22,https://www.jra.go.jp/datafile/seiseki/report/2026/2026-3chukyo1.pdf,c7d58440019678614c681814752893e160bd45b55918890f641196838eb51030,official_race_marker_verified,1800,flat,dirt,,left,0.0,Newcomer,0.0,0,18002歳新馬発走10時20分(ダート・左)負担重量は、馬齢重量
202607030103,2026,中京,3,1,3,2026-08-22,https://www.jra.go.jp/datafile/seiseki/report/2026/2026-3chukyo1.pdf,c7d58440019678614c681814752893e160bd45b55918890f641196838eb51030,official_race_marker_verified,2200,flat,turf,,left,,Class1,0.0,0,22003歳以上1勝クラス発走10時50分(芝・左)負担重量は、3歳554歳以上58、牝馬2減
202607030104,2026,中京,3,1,4,2026-08-22,https://www.jra.go.jp/datafile/seiseki/report/2026/2026-3chukyo1.pdf,c7d58440019678614c681814752893e160bd45b55918890f641196838eb51030,official_race_marker_verified,2000,flat,turf,,left,0.0,Maiden,0.0,0,20003歳未勝利発走11時20分(芝・左)負担重量は、馬齢重量
202607030105,2026,中京,3,1,5,2026-08-22,https://www.jra.go.jp/datafile/seiseki/report/2026/2026-3chukyo1.pdf,c7d58440019678614c681814752893e160bd45b55918890f641196838eb51030,official_race_marker_verified,1400,flat,dirt,,left,0.0,Maiden,0.0,0,14003歳未勝利発走11時50分(ダート・左)牝;負担重量は、馬齢重量
202607030106,2026,中京,3,1,6,2026-08-22,https://www.jra.go.jp/datafile/seiseki/report/2026/2026-3chukyo1.pdf,c7d58440019678614c681814752893e160bd45b55918890f641196838eb51030,official_race_marker_verified,1800,flat,dirt,,left,,Class2,0.0,0,1800おおぶ大府特別発走15時00分(ダート・左)3歳以上、2勝クラス;負担重量は、3歳554歳以上58、牝馬2減賞品
202607030107,2026,中京,3,1,7,2026-08-22,https://www.jra.go.jp/datafile/seiseki/report/2026/2026-3chukyo1.pdf,c7d58440019678614c681814752893e160bd45b55918890f641196838eb51030,official_race_marker_verified,1400,flat,dirt,,left,,Maiden,0.0,0,1400いが伊賀ステークス発走15時35分(ダート・左)3歳以上、3勝クラス、除未出走馬および未勝利馬;負担重量は、3歳554歳以上58、牝馬2減賞品
202607030108,2026,中京,3,1,8,2026-08-22,https://www.jra.go.jp/datafile/seiseki/report/2026/2026-3chukyo1.pdf,c7d58440019678614c681814752893e160bd45b55918890f641196838eb51030,official_race_marker_verified,1900,flat,dirt,,left,,Class1,0.0,0,1900せと瀬戸特別発走16時10分(ダート・左)3歳以上、1勝クラス;負担重量は、3歳554歳以上58、牝馬2減賞品
202607030109,2026,中京,3,1,9,2026-08-22,https://www.jra.go.jp/datafile/seiseki/report/2026/2026-3chukyo1.pdf,c7d58440019678614c681814752893e160bd45b55918890f641196838eb51030,official_race_marker_verified,3330,obstacle,,,,,Open,1.0,0,3330障害3歳以上オープン発走16時45分(芝)負担重量は、3歳584歳以上60、牝馬2減、収得賞金700万円毎1増
202607030110,2026,中京,3,1,10,2026-08-22,https://www.jra.go.jp/datafile/seiseki/report/2026/2026-3chukyo1.pdf,c7d58440019678614c681814752893e160bd45b55918890f641196838eb51030,official_race_marker_verified,1800,flat,dirt,,left,,Class1,0.0,0,18003歳以上1勝クラス発走17時20分(ダート・左)負担重量は、3歳554歳以上58、牝馬2減
202607030111,2026,中京,3,1,11,2026-08-22,https://www.jra.go.jp/datafile/seiseki/report/2026/2026-3chukyo1.pdf,c7d58440019678614c681814752893e160bd45b55918890f641196838eb51030,official_race_marker_verified,1600,flat,turf,,left,0.0,Maiden,0.0,0,16003歳未勝利発走17時50分(芝・左)負担重量は、馬齢重量
202607030112,2026,中京,3,1,12,2026-08-22,https://www.jra.go.jp/datafile/seiseki/report/2026/2026-3chukyo1.pdf,c7d58440019678614c681814752893e160bd45b55918890f641196838eb51030,official_race_marker_verified,1200,flat,turf,,left,0.0,Maiden,0.0,0,12003歳未勝利発走18時20分(芝・左)負担重量は、馬齢重量
202607030201,2026,中京,3,2,1,2026-08-23,https://www.jra.go.jp/datafile/seiseki/report/2026/2026-3chukyo2.pdf,4338d5284d57012c794485917f7773953b3ce5a1ccfadf2086ab1993b73006bf,official_race_marker_verified,1400,flat,turf,,left,0.0,Maiden,0.0,0,14002歳未勝利発走9時50分(芝・左)牝;負担重量は、馬齢重量
202607030202,2026,中京,3,2,2,2026-08-23,https://www.jra.go.jp/datafile/seiseki/report/2026/2026-3chukyo2.pdf,4338d5284d57012c794485917f7773953b3ce5a1ccfadf2086ab1993b73006bf,official_race_marker_verified,2000,flat,turf,,left,0.0,Newcomer,0.0,0,20002歳新馬発走10時20分(芝・左)負担重量は、馬齢重量
202607030203,2026,中京,3,2,3,2026-08-23,https://www.jra.go.jp/datafile/seiseki/report/2026/2026-3chukyo2.pdf,4338d5284d57012c794485917f7773953b3ce5a1ccfadf2086ab1993b73006bf,official_race_marker_verified,1400,flat,turf,,left,0.0,Newcomer,0.0,0,14002歳新馬発走10時50分(芝・左)負担重量は、馬齢重量
202607030204,2026,中京,3,2,4,2026-08-23,https://www.jra.go.jp/datafile/seiseki/report/2026/2026-3chukyo2.pdf,4338d5284d57012c794485917f7773953b3ce5a1ccfadf2086ab1993b73006bf,official_race_marker_verified,1900,flat,dirt,,left,0.0,Maiden,0.0,0,19003歳未勝利発走11時20分(ダート・左)負担重量は、馬齢重量
202607030205,2026,中京,3,2,5,2026-08-23,https://www.jra.go.jp/datafile/seiseki/report/2026/2026-3chukyo2.pdf,4338d5284d57012c794485917f7773953b3ce5a1ccfadf2086ab1993b73006bf,official_race_marker_verified,2000,flat,turf,,left,,Class1,0.0,0,20003歳以上1勝クラス発走11時50分(芝・左)牝;負担重量は、3歳534歳以上56
202607030206,2026,中京,3,2,6,2026-08-23,https://www.jra.go.jp/datafile/seiseki/report/2026/2026-3chukyo2.pdf,4338d5284d57012c794485917f7773953b3ce5a1ccfadf2086ab1993b73006bf,official_race_marker_verified,1600,flat,turf,,left,,Class2,0.0,0,1600ありまつ有松特別発走15時00分(芝・左)3歳以上、2勝クラス;負担重量は、3歳554歳以上58、牝馬2減賞品
202607030207,2026,中京,3,2,7,2026-08-23,https://www.jra.go.jp/datafile/seiseki/report/2026/2026-3chukyo2.pdf,4338d5284d57012c794485917f7773953b3ce5a1ccfadf2086ab1993b73006bf,official_race_marker_verified,1800,flat,dirt,,left,1.0,Maiden,0.0,0,1800なごやじょう名古屋城ステークス発走15時35分(ダート・左)3歳以上、除未出走馬および未勝利馬;負担重量は、ハンデキャップ賞品
202607030208,2026,中京,3,2,8,2026-08-23,https://www.jra.go.jp/datafile/seiseki/report/2026/2026-3chukyo2.pdf,4338d5284d57012c794485917f7773953b3ce5a1ccfadf2086ab1993b73006bf,official_race_marker_verified,1200,flat,dirt,,left,,Class1,0.0,0,1200とよかわ豊川特別発走16時10分(ダート・左)3歳以上、1勝クラス;負担重量は、3歳564歳以上58、牝馬2減賞品
202607030209,2026,中京,3,2,9,2026-08-23,https://www.jra.go.jp/datafile/seiseki/report/2026/2026-3chukyo2.pdf,4338d5284d57012c794485917f7773953b3ce5a1ccfadf2086ab1993b73006bf,official_race_marker_verified,3000,obstacle,,,,,Maiden,0.0,0,3000障害3歳以上未勝利発走16時45分(芝)負担重量は、3歳584歳以上60、牝馬2減
202607030210,2026,中京,3,2,10,2026-08-23,https://www.jra.go.jp/datafile/seiseki/report/2026/2026-3chukyo2.pdf,4338d5284d57012c794485917f7773953b3ce5a1ccfadf2086ab1993b73006bf,official_race_marker_verified,1800,flat,dirt,,left,0.0,Maiden,0.0,0,18003歳未勝利発走17時20分(ダート・左)負担重量は、馬齢重量
202607030211,2026,中京,3,2,11,2026-08-23,https://www.jra.go.jp/datafile/seiseki/report/2026/2026-3chukyo2.pdf,4338d5284d57012c794485917f7773953b3ce5a1ccfadf2086ab1993b73006bf,official_race_marker_verified,1400,flat,turf,,left,,Class1,0.0,0,14003歳以上1勝クラス発走17時50分(芝・左)負担重量は、3歳554歳以上58、牝馬2減
202607030212,2026,中京,3,2,12,2026-08-23,https://www.jra.go.jp/datafile/seiseki/report/2026/2026-3chukyo2.pdf,4338d5284d57012c794485917f7773953b3ce5a1ccfadf2086ab1993b73006bf,official_race_marker_verified,1200,flat,dirt,,left,0.0,Maiden,0.0,0,12003歳未勝利発走18時20分(ダート・左)負担重量は、馬齢重量
202607030301,2026,中京,3,3,1,2026-08-29,https://www.jra.go.jp/datafile/seiseki/report/2026/2026-3chukyo3.pdf,9c41d515315dbb87539a81521fda44fefb02e938a4321a20e869473f0eeedee9,official_race_marker_verified,2000,flat,turf,,left,0.0,Maiden,0.0,0,20002歳未勝利発走9時50分(芝・左)負担重量は、馬齢重量
202607030302,2026,中京,3,3,2,2026-08-29,https://www.jra.go.jp/datafile/seiseki/report/2026/2026-3chukyo3.pdf,9c41d515315dbb87539a81521fda44fefb02e938a4321a20e869473f0eeedee9,official_race_marker_verified,1800,flat,dirt,,left,0.0,Maiden,0.0,0,18002歳未勝利発走10時25分(ダート・左)負担重量は、馬齢重量
202607030303,2026,中京,3,3,3,2026-08-29,https://www.jra.go.jp/datafile/seiseki/report/2026/2026-3chukyo3.pdf,9c41d515315dbb87539a81521fda44fefb02e938a4321a20e869473f0eeedee9,official_race_marker_verified,1400,flat,turf,,left,0.0,Newcomer,0.0,0,14002歳新馬発走10時55分(芝・左)牝;負担重量は、馬齢重量
202607030304,2026,中京,3,3,4,2026-08-29,https://www.jra.go.jp/datafile/seiseki/report/2026/2026-3chukyo3.pdf,9c41d515315dbb87539a81521fda44fefb02e938a4321a20e869473f0eeedee9,official_race_marker_verified,2200,flat,turf,,left,0.0,Maiden,0.0,0,22003歳未勝利発走11時25分(芝・左)負担重量は、馬齢重量
202607030305,2026,中京,3,3,5,2026-08-29,https://www.jra.go.jp/datafile/seiseki/report/2026/2026-3chukyo3.pdf,9c41d515315dbb87539a81521fda44fefb02e938a4321a20e869473f0eeedee9,official_race_marker_verified,2000,flat,turf,,left,0.0,Maiden,0.0,0,20003歳未勝利発走11時55分(芝・左)負担重量は、馬齢重量
202607030306,2026,中京,3,3,6,2026-08-29,https://www.jra.go.jp/datafile/seiseki/report/2026/2026-3chukyo3.pdf,9c41d515315dbb87539a81521fda44fefb02e938a4321a20e869473f0eeedee9,official_race_marker_verified,1200,flat,dirt,,left,,Class2,0.0,0,1200きよす清洲特別発走15時00分(ダート・左)3歳以上、2勝クラス;負担重量は、3歳564歳以上58、牝馬2減賞品
202607030307,2026,中京,3,3,7,2026-08-29,https://www.jra.go.jp/datafile/seiseki/report/2026/2026-3chukyo3.pdf,9c41d515315dbb87539a81521fda44fefb02e938a4321a20e869473f0eeedee9,official_race_marker_verified,1400,flat,turf,,left,,Maiden,0.0,0,1400ながしの長篠ステークス発走15時35分(芝・左)3歳以上、3勝クラス、除未出走馬および未勝利馬;負担重量は、3歳554歳以上58、牝馬2減賞品
202607030308,2026,中京,3,3,8,2026-08-29,https://www.jra.go.jp/datafile/seiseki/report/2026/2026-3chukyo3.pdf,9c41d515315dbb87539a81521fda44fefb02e938a4321a20e869473f0eeedee9,official_race_marker_verified,1400,flat,turf,,left,,Class2,0.0,0,1400くわな桑名特別発走16時10分(芝・左)3歳以上、2勝クラス;負担重量は、3歳554歳以上58、牝馬2減賞品
202607030309,2026,中京,3,3,9,2026-08-29,https://www.jra.go.jp/datafile/seiseki/report/2026/2026-3chukyo3.pdf,9c41d515315dbb87539a81521fda44fefb02e938a4321a20e869473f0eeedee9,official_race_marker_verified,1800,flat,dirt,,left,,Class1,0.0,0,18003歳以上1勝クラス発走16時45分(ダート・左)牝;負担重量は、3歳534歳以上56
202607030310,2026,中京,3,3,10,2026-08-29,https://www.jra.go.jp/datafile/seiseki/report/2026/2026-3chukyo3.pdf,9c41d515315dbb87539a81521fda44fefb02e938a4321a20e869473f0eeedee9,official_race_marker_verified,1400,flat,dirt,,left,,Class1,0.0,0,14003歳以上1勝クラス発走17時15分(ダート・左)負担重量は、3歳554歳以上58、牝馬2減
202607030311,2026,中京,3,3,11,2026-08-29,https://www.jra.go.jp/datafile/seiseki/report/2026/2026-3chukyo3.pdf,9c41d515315dbb87539a81521fda44fefb02e938a4321a20e869473f0eeedee9,official_race_marker_verified,1600,flat,turf,,left,,Class1,0.0,0,16003歳以上1勝クラス発走17時45分(芝・左)負担重量は、3歳554歳以上58、牝馬2減
202607030312,2026,中京,3,3,12,2026-08-29,https://www.jra.go.jp/datafile/seiseki/report/2026/2026-3chukyo3.pdf,9c41d515315dbb87539a81521fda44fefb02e938a4321a20e869473f0eeedee9,official_race_marker_verified,1800,flat,dirt,,left,0.0,Maiden,0.0,0,18003歳未勝利発走18時15分(ダート・左)負担重量は、馬齢重量
202607030401,2026,中京,3,4,1,2026-08-30,https://www.jra.go.jp/datafile/seiseki/report/2026/2026-3chukyo4.pdf,8ba435a380a7d6fd882b1420305adda323b1906991b383b9e4766093c9118446,official_race_marker_verified,1400,flat,turf,,left,0.0,Maiden,0.0,0,14002歳未勝利発走9時50分(芝・左)負担重量は、馬齢重量
202607030402,2026,中京,3,4,2,2026-08-30,https://www.jra.go.jp/datafile/seiseki/report/2026/2026-3chukyo4.pdf,8ba435a380a7d6fd882b1420305adda323b1906991b383b9e4766093c9118446,official_race_marker_verified,1600,flat,turf,,left,0.0,Newcomer,0.0,0,16002歳新馬発走10時25分(芝・左)負担重量は、馬齢重量
202607030403,2026,中京,3,4,3,2026-08-30,https://www.jra.go.jp/datafile/seiseki/report/2026/2026-3chukyo4.pdf,8ba435a380a7d6fd882b1420305adda323b1906991b383b9e4766093c9118446,official_race_marker_verified,2000,flat,turf,,left,0.0,Newcomer,0.0,0,20002歳新馬発走10時55分(芝・左)負担重量は、馬齢重量
202607030404,2026,中京,3,4,4,2026-08-30,https://www.jra.go.jp/datafile/seiseki/report/2026/2026-3chukyo4.pdf,8ba435a380a7d6fd882b1420305adda323b1906991b383b9e4766093c9118446,official_race_marker_verified,1400,flat,dirt,,left,0.0,Maiden,0.0,0,14003歳未勝利発走11時25分(ダート・左)負担重量は、馬齢重量
202607030405,2026,中京,3,4,5,2026-08-30,https://www.jra.go.jp/datafile/seiseki/report/2026/2026-3chukyo4.pdf,8ba435a380a7d6fd882b1420305adda323b1906991b383b9e4766093c9118446,official_race_marker_verified,1800,flat,dirt,,left,,Class1,0.0,0,18003歳以上1勝クラス発走11時55分(ダート・左)負担重量は、3歳554歳以上58、牝馬2減
202607030406,2026,中京,3,4,6,2026-08-30,https://www.jra.go.jp/datafile/seiseki/report/2026/2026-3chukyo4.pdf,8ba435a380a7d6fd882b1420305adda323b1906991b383b9e4766093c9118446,official_race_marker_verified,1900,flat,dirt,,left,1.0,Maiden,0.0,0,1900しらかわごう白川郷ステークス発走15時00分(ダート・左)3歳以上、3勝クラス、除未出走馬および未勝利馬;負担重量は、ハンデキャップ賞品
202607030407,2026,中京,3,4,7,2026-08-30,https://www.jra.go.jp/datafile/seiseki/report/2026/2026-3chukyo4.pdf,8ba435a380a7d6fd882b1420305adda323b1906991b383b9e4766093c9118446,official_race_marker_verified,1400,flat,turf,,left,0.0,Open,1.0,1,1400第2回中京2歳ステークス(GIII)発走15時35分(芝・左)2歳;負担重量は、馬齢重量賞品
202607030408,2026,中京,3,4,8,2026-08-30,https://www.jra.go.jp/datafile/seiseki/report/2026/2026-3chukyo4.pdf,8ba435a380a7d6fd882b1420305adda323b1906991b383b9e4766093c9118446,official_race_marker_verified,2200,flat,turf,,left,,Class2,0.0,0,2200くまの熊野特別発走16時10分(芝・左)3歳以上、2勝クラス;負担重量は、3歳554歳以上58、牝馬2減賞品
202607030409,2026,中京,3,4,9,2026-08-30,https://www.jra.go.jp/datafile/seiseki/report/2026/2026-3chukyo4.pdf,8ba435a380a7d6fd882b1420305adda323b1906991b383b9e4766093c9118446,official_race_marker_verified,1800,flat,dirt,,left,0.0,Maiden,0.0,0,18003歳未勝利発走16時45分(ダート・左)牝;負担重量は、馬齢重量
202607030410,2026,中京,3,4,10,2026-08-30,https://www.jra.go.jp/datafile/seiseki/report/2026/2026-3chukyo4.pdf,8ba435a380a7d6fd882b1420305adda323b1906991b383b9e4766093c9118446,official_race_marker_verified,2000,flat,turf,,left,,Class1,0.0,0,20003歳以上1勝クラス発走17時15分(芝・左)負担重量は、3歳554歳以上58、牝馬2減
202607030411,2026,中京,3,4,11,2026-08-30,https://www.jra.go.jp/datafile/seiseki/report/2026/2026-3chukyo4.pdf,8ba435a380a7d6fd882b1420305adda323b1906991b383b9e4766093c9118446,official_race_marker_verified,1400,flat,turf,,left,0.0,Maiden,0.0,0,14003歳未勝利発走17時45分(芝・左)負担重量は、馬齢重量
202607030412,2026,中京,3,4,12,2026-08-30,https://www.jra.go.jp/datafile/seiseki/report/2026/2026-3chukyo4.pdf,8ba435a380a7d6fd882b1420305adda323b1906991b383b9e4766093c9118446,official_race_marker_verified,1200,flat,dirt,,left,,Class1,0.0,0,12003歳以上1勝クラス発走18時15分(ダート・左)負担重量は、3歳564歳以上58、牝馬2減
202608010101,2026,京都,1,1,1,2026-01-04,https://www.jra.go.jp/datafile/seiseki/report/2026/2026-1kyoto1.pdf,83776c0d2c02654a49b964841fe968d11f44b270ed7974433a3a9b35c5efe24f,official_race_marker_verified,1200,flat,dirt,,right,0.0,Maiden,0.0,0,12003歳未勝利発走9時50分(ダート・右)負担重量は、馬齢重量
202608010102,2026,京都,1,1,2,2026-01-04,https://www.jra.go.jp/datafile/seiseki/report/2026/2026-1kyoto1.pdf,83776c0d2c02654a49b964841fe968d11f44b270ed7974433a3a9b35c5efe24f,official_race_marker_verified,1800,flat,dirt,,right,0.0,Maiden,0.0,0,18003歳未勝利発走10時20分(ダート・右)負担重量は、馬齢重量
202608010103,2026,京都,1,1,3,2026-01-04,https://www.jra.go.jp/datafile/seiseki/report/2026/2026-1kyoto1.pdf,83776c0d2c02654a49b964841fe968d11f44b270ed7974433a3a9b35c5efe24f,official_race_marker_verified,1400,flat,dirt,,right,0.0,Maiden,0.0,0,14003歳未勝利発走10時50分(ダート・右)負担重量は、馬齢重量
202608010104,2026,京都,1,1,4,2026-01-04,https://www.jra.go.jp/datafile/seiseki/report/2026/2026-1kyoto1.pdf,83776c0d2c02654a49b964841fe968d11f44b270ed7974433a3a9b35c5efe24f,official_race_marker_verified,1800,flat,dirt,,right,0.0,Newcomer,0.0,0,18003歳新馬発走11時20分(ダート・右)負担重量は、馬齢重量
202608010105,2026,京都,1,1,5,2026-01-04,https://www.jra.go.jp/datafile/seiseki/report/2026/2026-1kyoto1.pdf,83776c0d2c02654a49b964841fe968d11f44b270ed7974433a3a9b35c5efe24f,official_race_marker_verified,1800,flat,turf,outer,right,0.0,Newcomer,0.0,0,18003歳新馬発走12時10分(芝・右・外)負担重量は、馬齢重量
202608010106,2026,京都,1,1,6,2026-01-04,https://www.jra.go.jp/datafile/seiseki/report/2026/2026-1kyoto1.pdf,83776c0d2c02654a49b964841fe968d11f44b270ed7974433a3a9b35c5efe24f,official_race_marker_verified,2000,flat,turf,,right,0.0,Class1,0.0,0,20003歳1勝クラス発走12時40分(芝・右)負担重量は、馬齢重量
202608010107,2026,京都,1,1,7,2026-01-04,https://www.jra.go.jp/datafile/seiseki/report/2026/2026-1kyoto1.pdf,83776c0d2c02654a49b964841fe968d11f44b270ed7974433a3a9b35c5efe24f,official_race_marker_verified,1800,flat,dirt,,right,,Class1,0.0,0,18004歳以上1勝クラス発走13時10分(ダート・右)牝;負担重量は、4歳555歳以上56
202608010108,2026,京都,1,1,8,2026-01-04,https://www.jra.go.jp/datafile/seiseki/report/2026/2026-1kyoto1.pdf,83776c0d2c02654a49b964841fe968d11f44b270ed7974433a3a9b35c5efe24f,official_race_marker_verified,1200,flat,dirt,,right,,Class1,0.0,0,12004歳以上1勝クラス発走13時40分(ダート・右)負担重量は、58、牝馬2減
202608010109,2026,京都,1,1,9,2026-01-04,https://www.jra.go.jp/datafile/seiseki/report/2026/2026-1kyoto1.pdf,83776c0d2c02654a49b964841fe968d11f44b270ed7974433a3a9b35c5efe24f,official_race_marker_verified,1800,flat,dirt,,right,,Class2,0.0,0,1800あまがせ天ケ瀬特別発走14時15分(ダート・右)4歳以上、2勝クラス;負担重量は、4歳575歳以上58、牝馬2減賞品
202608010110,2026,京都,1,1,10,2026-01-04,https://www.jra.go.jp/datafile/seiseki/report/2026/2026-1kyoto1.pdf,83776c0d2c02654a49b964841fe968d11f44b270ed7974433a3a9b35c5efe24f,official_race_marker_verified,2000,flat,turf,,right,,Maiden,0.0,0,2000ことぶき寿ステークス発走14時50分(芝・右)4歳以上、3勝クラス、除未出走馬および未勝利馬;負担重量は、4歳575歳以上58、牝馬2減賞品
202608010111,2026,京都,1,1,11,2026-01-04,https://www.jra.go.jp/datafile/seiseki/report/2026/2026-1kyoto1.pdf,83776c0d2c02654a49b964841fe968d11f44b270ed7974433a3a9b35c5efe24f,official_race_marker_verified,1600,flat,turf,outer,right,1.0,Open,1.0,1,1600第64回スポーツニッポン賞京都金杯(GIII)発走15時30分(芝・右・外)4歳以上、除未出走馬および未勝利馬;負担重量は、ハンデキャップスポーツニッポン新聞社賞(1着)賞品
202608010112,2026,京都,1,1,12,2026-01-04,https://www.jra.go.jp/datafile/seiseki/report/2026/2026-1kyoto1.pdf,83776c0d2c02654a49b964841fe968d11f44b270ed7974433a3a9b35c5efe24f,official_race_marker_verified,1400,flat,turf,outer,right,,Class2,0.0,0,14004歳以上2勝クラス発走16時10分(芝・右・外)負担重量は、4歳575歳以上58、牝馬2減
202608010201,2026,京都,1,2,1,2026-01-05,https://www.jra.go.jp/datafile/seiseki/report/2026/2026-1kyoto2.pdf,33a48160850d312f718881e05b8823852720b8625fd70e293e934c3125eef6d1,official_race_marker_verified,1800,flat,dirt,,right,0.0,Maiden,0.0,0,18003歳未勝利発走9時50分(ダート・右)牝;負担重量は、馬齢重量
202608010202,2026,京都,1,2,2,2026-01-05,https://www.jra.go.jp/datafile/seiseki/report/2026/2026-1kyoto2.pdf,33a48160850d312f718881e05b8823852720b8625fd70e293e934c3125eef6d1,official_race_marker_verified,1900,flat,dirt,,right,0.0,Maiden,0.0,0,19003歳未勝利発走10時20分(ダート・右)負担重量は、馬齢重量
202608010203,2026,京都,1,2,3,2026-01-05,https://www.jra.go.jp/datafile/seiseki/report/2026/2026-1kyoto2.pdf,33a48160850d312f718881e05b8823852720b8625fd70e293e934c3125eef6d1,official_race_marker_verified,1200,flat,dirt,,right,0.0,Newcomer,0.0,0,12003歳新馬発走10時50分(ダート・右)負担重量は、馬齢重量
202608010204,2026,京都,1,2,4,2026-01-05,https://www.jra.go.jp/datafile/seiseki/report/2026/2026-1kyoto2.pdf,33a48160850d312f718881e05b8823852720b8625fd70e293e934c3125eef6d1,official_race_marker_verified,1800,flat,dirt,,right,0.0,Class1,0.0,0,18003歳1勝クラス発走11時20分(ダート・右)負担重量は、馬齢重量
202608010205,2026,京都,1,2,5,2026-01-05,https://www.jra.go.jp/datafile/seiseki/report/2026/2026-1kyoto2.pdf,33a48160850d312f718881e05b8823852720b8625fd70e293e934c3125eef6d1,official_race_marker_verified,2000,flat,turf,,right,0.0,Maiden,0.0,0,20003歳未勝利発走12時10分(芝・右)負担重量は、馬齢重量
202608010206,2026,京都,1,2,6,2026-01-05,https://www.jra.go.jp/datafile/seiseki/report/2026/2026-1kyoto2.pdf,33a48160850d312f718881e05b8823852720b8625fd70e293e934c3125eef6d1,official_race_marker_verified,1600,flat,turf,,right,0.0,Maiden,0.0,0,16003歳未勝利発走12時40分(芝・右)負担重量は、馬齢重量
202608010207,2026,京都,1,2,7,2026-01-05,https://www.jra.go.jp/datafile/seiseki/report/2026/2026-1kyoto2.pdf,33a48160850d312f718881e05b8823852720b8625fd70e293e934c3125eef6d1,official_race_marker_verified,1800,flat,dirt,,right,,Class1,0.0,0,18004歳以上1勝クラス発走13時10分(ダート・右)負担重量は、4歳575歳以上58、牝馬2減
202608010208,2026,京都,1,2,8,2026-01-05,https://www.jra.go.jp/datafile/seiseki/report/2026/2026-1kyoto2.pdf,33a48160850d312f718881e05b8823852720b8625fd70e293e934c3125eef6d1,official_race_marker_verified,1200,flat,dirt,,right,,Class2,0.0,0,12004歳以上2勝クラス発走13時45分(ダート・右)負担重量は、58、牝馬2減
202608010209,2026,京都,1,2,9,2026-01-05,https://www.jra.go.jp/datafile/seiseki/report/2026/2026-1kyoto2.pdf,33a48160850d312f718881e05b8823852720b8625fd70e293e934c3125eef6d1,official_race_marker_verified,1800,flat,turf,outer,right,,Class2,0.0,0,1800おうさかやま逢坂山特別発走14時20分(芝・右・外)4歳以上、2勝クラス;負担重量は、4歳575歳以上58、牝馬2減賞品
202608010210,2026,京都,1,2,10,2026-01-05,https://www.jra.go.jp/datafile/seiseki/report/2026/2026-1kyoto2.pdf,33a48160850d312f718881e05b8823852720b8625fd70e293e934c3125eef6d1,official_race_marker_verified,1200,flat,dirt,,right,,Maiden,0.0,0,1200かどまつ門松ステークス発走14時55分(ダート・右)4歳以上、3勝クラス、除未出走馬および未勝利馬;負担重量は、58、牝馬2減賞品
202608010211,2026,京都,1,2,11,2026-01-05,https://www.jra.go.jp/datafile/seiseki/report/2026/2026-1kyoto2.pdf,33a48160850d312f718881e05b8823852720b8625fd70e293e934c3125eef6d1,official_race_marker_verified,3000,flat,turf,outer,right,1.0,Maiden,0.0,0,3000まんよう万葉ステークス発走15時30分(芝・右・外)4歳以上、除未出走馬および未勝利馬;負担重量は、ハンデキャップ賞品
202608010212,2026,京都,1,2,12,2026-01-05,https://www.jra.go.jp/datafile/seiseki/report/2026/2026-1kyoto2.pdf,33a48160850d312f718881e05b8823852720b8625fd70e293e934c3125eef6d1,official_race_marker_verified,1600,flat,turf,outer,right,,Class1,0.0,0,16004歳以上1勝クラス発走16時10分(芝・右・外)負担重量は、4歳575歳以上58、牝馬2減
202608010301,2026,京都,1,3,1,2026-01-10,https://www.jra.go.jp/datafile/seiseki/report/2026/2026-1kyoto3.pdf,5b7e84536d9be51c4ffaf0902c8ccae7c42867090fcc59fae3f6291e209a391d,official_race_marker_verified,1800,flat,dirt,,right,0.0,Maiden,0.0,0,18003歳未勝利発走9時50分(ダート・右)牝;負担重量は、馬齢重量
202608010302,2026,京都,1,3,2,2026-01-10,https://www.jra.go.jp/datafile/seiseki/report/2026/2026-1kyoto3.pdf,5b7e84536d9be51c4ffaf0902c8ccae7c42867090fcc59fae3f6291e209a391d,official_race_marker_verified,1900,flat,dirt,,right,0.0,Maiden,0.0,0,19003歳未勝利発走10時20分(ダート・右)負担重量は、馬齢重量
202608010303,2026,京都,1,3,3,2026-01-10,https://www.jra.go.jp/datafile/seiseki/report/2026/2026-1kyoto3.pdf,5b7e84536d9be51c4ffaf0902c8ccae7c42867090fcc59fae3f6291e209a391d,official_race_marker_verified,1400,flat,dirt,,right,0.0,Newcomer,0.0,0,14003歳新馬発走10時50分(ダート・右)負担重量は、馬齢重量
202608010304,2026,京都,1,3,4,2026-01-10,https://www.jra.go.jp/datafile/seiseki/report/2026/2026-1kyoto3.pdf,5b7e84536d9be51c4ffaf0902c8ccae7c42867090fcc59fae3f6291e209a391d,official_race_marker_verified,1800,flat,dirt,,right,0.0,Class1,0.0,0,18003歳1勝クラス発走11時20分(ダート・右)負担重量は、馬齢重量
202608010305,2026,京都,1,3,5,2026-01-10,https://www.jra.go.jp/datafile/seiseki/report/2026/2026-1kyoto3.pdf,5b7e84536d9be51c4ffaf0902c8ccae7c42867090fcc59fae3f6291e209a391d,official_race_marker_verified,1600,flat,turf,,right,0.0,Maiden,0.0,0,16003歳未勝利発走12時10分(芝・右)牝;負担重量は、馬齢重量
202608010306,2026,京都,1,3,6,2026-01-10,https://www.jra.go.jp/datafile/seiseki/report/2026/2026-1kyoto3.pdf,5b7e84536d9be51c4ffaf0902c8ccae7c42867090fcc59fae3f6291e209a391d,official_race_marker_verified,2400,flat,turf,outer,right,0.0,Maiden,0.0,0,24003歳未勝利発走12時40分(芝・右・外)負担重量は、馬齢重量
202608010307,2026,京都,1,3,7,2026-01-10,https://www.jra.go.jp/datafile/seiseki/report/2026/2026-1kyoto3.pdf,5b7e84536d9be51c4ffaf0902c8ccae7c42867090fcc59fae3f6291e209a391d,official_race_marker_verified,1200,flat,dirt,,right,,Class1,0.0,0,12004歳以上1勝クラス発走13時10分(ダート・右)負担重量は、58、牝馬2減
202608010308,2026,京都,1,3,8,2026-01-10,https://www.jra.go.jp/datafile/seiseki/report/2026/2026-1kyoto3.pdf,5b7e84536d9be51c4ffaf0902c8ccae7c42867090fcc59fae3f6291e209a391d,official_race_marker_verified,3170,obstacle,turf,,,,,,0,3170うしわかまる牛若丸ジャンプステークス発走13時45分(芝・ダート)4歳以上;負担重量は、4歳595歳以上60、牝馬2減、J・GI競走1着馬5増、J・GII競走1着馬3増、J・GIII競走1着馬1増、収得賞金400万円以下の馬1減賞品
202608010309,2026,京都,1,3,9,2026-01-10,https://www.jra.go.jp/datafile/seiseki/report/2026/2026-1kyoto3.pdf,5b7e84536d9be51c4ffaf0902c8ccae7c42867090fcc59fae3f6291e209a391d,official_race_marker_verified,1800,flat,dirt,,right,,Class2,0.0,0,1800でまち出町特別発走14時20分(ダート・右)牝、4歳以上、2勝クラス;負担重量は、4歳555歳以上56賞品
202608010310,2026,京都,1,3,10,2026-01-10,https://www.jra.go.jp/datafile/seiseki/report/2026/2026-1kyoto3.pdf,5b7e84536d9be51c4ffaf0902c8ccae7c42867090fcc59fae3f6291e209a391d,official_race_marker_verified,1200,flat,turf,,right,1.0,Class2,0.0,0,1200ししがたに鹿ケ谷特別発走14時55分(芝・右)4歳以上、2勝クラス;負担重量は、ハンデキャップ賞品
202608010311,2026,京都,1,3,11,2026-01-10,https://www.jra.go.jp/datafile/seiseki/report/2026/2026-1kyoto3.pdf,5b7e84536d9be51c4ffaf0902c8ccae7c42867090fcc59fae3f6291e209a391d,official_race_marker_verified,1400,flat,dirt,,right,,Maiden,0.0,0,1400すばるステークス(L)発走15時30分(ダート・右)4歳以上、除未出走馬および未勝利馬;負担重量は、日本馬:4歳565歳以上57、牝馬2減、収得賞金1600万円超過馬は超過額1200万円毎1増、:4歳565歳以上57、牝馬2減、GI競走1着馬5増、GII競走1着馬3増、GIII競走1着馬1増(ただし2歳時の成績を除く)賞品
202608010312,2026,京都,1,3,12,2026-01-10,https://www.jra.go.jp/datafile/seiseki/report/2026/2026-1kyoto3.pdf,5b7e84536d9be51c4ffaf0902c8ccae7c42867090fcc59fae3f6291e209a391d,official_race_marker_verified,1400,flat,turf,outer,right,,Class1,0.0,0,14004歳以上1勝クラス発走16時10分(芝・右・外)負担重量は、4歳575歳以上58、牝馬2減
202608010401,2026,京都,1,4,1,2026-01-11,https://www.jra.go.jp/datafile/seiseki/report/2026/2026-1kyoto4.pdf,17d69d21f5268d5ff6e551778bac8fc3667043cc08f6f6a9b99237e1b1f4db13,official_race_marker_verified,1800,flat,dirt,,right,0.0,Maiden,0.0,0,18003歳未勝利発走9時50分(ダート・右)負担重量は、馬齢重量
202608010402,2026,京都,1,4,2,2026-01-11,https://www.jra.go.jp/datafile/seiseki/report/2026/2026-1kyoto4.pdf,17d69d21f5268d5ff6e551778bac8fc3667043cc08f6f6a9b99237e1b1f4db13,official_race_marker_verified,1800,flat,dirt,,right,0.0,Newcomer,0.0,0,18003歳新馬発走10時20分(ダート・右)牝;負担重量は、馬齢重量
202608010403,2026,京都,1,4,3,2026-01-11,https://www.jra.go.jp/datafile/seiseki/report/2026/2026-1kyoto4.pdf,17d69d21f5268d5ff6e551778bac8fc3667043cc08f6f6a9b99237e1b1f4db13,official_race_marker_verified,1400,flat,dirt,,right,0.0,Maiden,0.0,0,14003歳未勝利発走10時50分(ダート・右)負担重量は、馬齢重量
202608010404,2026,京都,1,4,4,2026-01-11,https://www.jra.go.jp/datafile/seiseki/report/2026/2026-1kyoto4.pdf,17d69d21f5268d5ff6e551778bac8fc3667043cc08f6f6a9b99237e1b1f4db13,official_race_marker_verified,2910,obstacle,turf,,,,Maiden,0.0,0,2910障害4歳以上未勝利発走11時20分(芝・ダート)負担重量は、4歳595歳以上60、牝馬2減
202608010405,2026,京都,1,4,5,2026-01-11,https://www.jra.go.jp/datafile/seiseki/report/2026/2026-1kyoto4.pdf,17d69d21f5268d5ff6e551778bac8fc3667043cc08f6f6a9b99237e1b1f4db13,official_race_marker_verified,1400,flat,dirt,,right,0.0,Class1,0.0,0,14003歳1勝クラス発走12時10分(ダート・右)負担重量は、馬齢重量
202608010406,2026,京都,1,4,6,2026-01-11,https://www.jra.go.jp/datafile/seiseki/report/2026/2026-1kyoto4.pdf,17d69d21f5268d5ff6e551778bac8fc3667043cc08f6f6a9b99237e1b1f4db13,official_race_marker_verified,1800,flat,dirt,,right,,Class1,0.0,0,18004歳以上1勝クラス発走12時40分(ダート・右)負担重量は、4歳575歳以上58、牝馬2減
202608010407,2026,京都,1,4,7,2026-01-11,https://www.jra.go.jp/datafile/seiseki/report/2026/2026-1kyoto4.pdf,17d69d21f5268d5ff6e551778bac8fc3667043cc08f6f6a9b99237e1b1f4db13,official_race_marker_verified,2000,flat,turf,,right,,Class1,0.0,0,20004歳以上1勝クラス発走13時10分(芝・右)負担重量は、4歳575歳以上58、牝馬2減
202608010408,2026,京都,1,4,8,2026-01-11,https://www.jra.go.jp/datafile/seiseki/report/2026/2026-1kyoto4.pdf,17d69d21f5268d5ff6e551778bac8fc3667043cc08f6f6a9b99237e1b1f4db13,official_race_marker_verified,1400,flat,dirt,,right,,Class2,0.0,0,14004歳以上2勝クラス発走13時40分(ダート・右)負担重量は、4歳575歳以上58、牝馬2減
202608010409,2026,京都,1,4,9,2026-01-11,https://www.jra.go.jp/datafile/seiseki/report/2026/2026-1kyoto4.pdf,17d69d21f5268d5ff6e551778bac8fc3667043cc08f6f6a9b99237e1b1f4db13,official_race_marker_verified,1900,flat,dirt,,right,,Class2,0.0,0,1900ごじょうざか五条坂特別発走14時15分(ダート・右)4歳以上、2勝クラス;負担重量は、4歳575歳以上58、牝馬2減賞品
202608010410,2026,京都,1,4,10,2026-01-11,https://www.jra.go.jp/datafile/seiseki/report/2026/2026-1kyoto4.pdf,17d69d21f5268d5ff6e551778bac8fc3667043cc08f6f6a9b99237e1b1f4db13,official_race_marker_verified,1600,flat,turf,outer,right,,Maiden,0.0,0,1600しんしゅん新春ステークス発走14時50分(芝・右・外)4歳以上、3勝クラス、除未出走馬および未勝利馬;負担重量は、4歳575歳以上58、牝馬2減賞品
202608010411,2026,京都,1,4,11,2026-01-11,https://www.jra.go.jp/datafile/seiseki/report/2026/2026-1kyoto4.pdf,17d69d21f5268d5ff6e551778bac8fc3667043cc08f6f6a9b99237e1b1f4db13,official_race_marker_verified,1200,flat,turf,,right,,Maiden,0.0,0,1200よどたんきょり淀短距離ステークス(L)発走15時30分(芝・右)4歳以上、除未出走馬および未勝利馬;負担重量は、日本馬:57、牝馬2減、収得賞金1600万円超過馬は超過額1200万円毎1増、:57、牝馬2減、GI競走1着馬5増、GII競走1着馬3増、GIII競走1着馬1増(ただし2歳時の成績を除く)賞品
202608010412,2026,京都,1,4,12,2026-01-11,https://www.jra.go.jp/datafile/seiseki/report/2026/2026-1kyoto4.pdf,17d69d21f5268d5ff6e551778bac8fc3667043cc08f6f6a9b99237e1b1f4db13,official_race_marker_verified,1800,flat,turf,outer,right,0.0,Maiden,0.0,0,18003歳未勝利発走16時10分(芝・右・外)負担重量は、馬齢重量
202608010501,2026,京都,1,5,1,2026-01-12,https://www.jra.go.jp/datafile/seiseki/report/2026/2026-1kyoto5.pdf,ddd2d047b696c3f7808aa279c9cf9385cfb35603551a4ba6ca27ad2b62671fb6,official_race_marker_verified,1200,flat,dirt,,right,0.0,Maiden,0.0,0,12003歳未勝利発走10時05分(ダート・右)負担重量は、馬齢重量
202608010502,2026,京都,1,5,2,2026-01-12,https://www.jra.go.jp/datafile/seiseki/report/2026/2026-1kyoto5.pdf,ddd2d047b696c3f7808aa279c9cf9385cfb35603551a4ba6ca27ad2b62671fb6,official_race_marker_verified,1800,flat,dirt,,right,0.0,Maiden,0.0,0,18003歳未勝利発走10時35分(ダート・右)負担重量は、馬齢重量
202608010503,2026,京都,1,5,3,2026-01-12,https://www.jra.go.jp/datafile/seiseki/report/2026/2026-1kyoto5.pdf,ddd2d047b696c3f7808aa279c9cf9385cfb35603551a4ba6ca27ad2b62671fb6,official_race_marker_verified,1400,flat,dirt,,right,0.0,Maiden,0.0,0,14003歳未勝利発走11時05分(ダート・右)牝;負担重量は、馬齢重量
202608010504,2026,京都,1,5,4,2026-01-12,https://www.jra.go.jp/datafile/seiseki/report/2026/2026-1kyoto5.pdf,ddd2d047b696c3f7808aa279c9cf9385cfb35603551a4ba6ca27ad2b62671fb6,official_race_marker_verified,1800,flat,dirt,,right,0.0,Newcomer,0.0,0,18003歳新馬発走11時35分(ダート・右)負担重量は、馬齢重量
202608010505,2026,京都,1,5,5,2026-01-12,https://www.jra.go.jp/datafile/seiseki/report/2026/2026-1kyoto5.pdf,ddd2d047b696c3f7808aa279c9cf9385cfb35603551a4ba6ca27ad2b62671fb6,official_race_marker_verified,1600,flat,turf,,right,0.0,Newcomer,0.0,0,16003歳新馬発走12時25分(芝・右)負担重量は、馬齢重量
202608010506,2026,京都,1,5,6,2026-01-12,https://www.jra.go.jp/datafile/seiseki/report/2026/2026-1kyoto5.pdf,ddd2d047b696c3f7808aa279c9cf9385cfb35603551a4ba6ca27ad2b62671fb6,official_race_marker_verified,1800,flat,dirt,,right,,Class1,0.0,0,18004歳以上1勝クラス発走12時55分(ダート・右)牝;負担重量は、4歳555歳以上56
202608010507,2026,京都,1,5,7,2026-01-12,https://www.jra.go.jp/datafile/seiseki/report/2026/2026-1kyoto5.pdf,ddd2d047b696c3f7808aa279c9cf9385cfb35603551a4ba6ca27ad2b62671fb6,official_race_marker_verified,1400,flat,dirt,,right,,Class1,0.0,0,14004歳以上1勝クラス発走13時25分(ダート・右)負担重量は、4歳575歳以上58、牝馬2減
202608010508,2026,京都,1,5,8,2026-01-12,https://www.jra.go.jp/datafile/seiseki/report/2026/2026-1kyoto5.pdf,ddd2d047b696c3f7808aa279c9cf9385cfb35603551a4ba6ca27ad2b62671fb6,official_race_marker_verified,1900,flat,dirt,,right,,Class1,0.0,0,19004歳以上1勝クラス発走13時55分(ダート・右)負担重量は、4歳575歳以上58、牝馬2減
202608010509,2026,京都,1,5,9,2026-01-12,https://www.jra.go.jp/datafile/seiseki/report/2026/2026-1kyoto5.pdf,ddd2d047b696c3f7808aa279c9cf9385cfb35603551a4ba6ca27ad2b62671fb6,official_race_marker_verified,2400,flat,turf,outer,right,,Class2,0.0,0,2400びわこ琵琶湖特別発走14時30分(芝・右・外)4歳以上、2勝クラス;負担重量は、4歳575歳以上58、牝馬2減賞品
202608010510,2026,京都,1,5,10,2026-01-12,https://www.jra.go.jp/datafile/seiseki/report/2026/2026-1kyoto5.pdf,ddd2d047b696c3f7808aa279c9cf9385cfb35603551a4ba6ca27ad2b62671fb6,official_race_marker_verified,1800,flat,dirt,,right,1.0,Maiden,0.0,0,1800みやび雅ステークス発走15時05分(ダート・右)4歳以上、3勝クラス、除未出走馬および未勝利馬;負担重量は、ハンデキャップ賞品
202608010511,2026,京都,1,5,11,2026-01-12,https://www.jra.go.jp/datafile/seiseki/report/2026/2026-1kyoto5.pdf,ddd2d047b696c3f7808aa279c9cf9385cfb35603551a4ba6ca27ad2b62671fb6,official_race_marker_verified,1600,flat,turf,outer,right,0.0,Open,1.0,1,1600第60回日刊スポーツ賞シンザン記念(GIII)発走15時45分(芝・右・外)3歳、除未出走馬および未勝利馬;負担重量は、馬齢重量日刊スポーツ新聞社賞(1着)賞品
202608010512,2026,京都,1,5,12,2026-01-12,https://www.jra.go.jp/datafile/seiseki/report/2026/2026-1kyoto5.pdf,ddd2d047b696c3f7808aa279c9cf9385cfb35603551a4ba6ca27ad2b62671fb6,official_race_marker_verified,1400,flat,turf,,right,0.0,Maiden,0.0,0,14003歳未勝利発走16時25分(芝・右)負担重量は、馬齢重量
202608010601,2026,京都,1,6,1,2026-01-17,https://www.jra.go.jp/datafile/seiseki/report/2026/2026-1kyoto6.pdf,c28a777abd29b1d57017674f2159ee552a83ba60aca60a59d3418b0b0fac766a,official_race_marker_verified,1800,flat,dirt,,right,0.0,Maiden,0.0,0,18003歳未勝利発走9時50分(ダート・右)負担重量は、馬齢重量
202608010602,2026,京都,1,6,2,2026-01-17,https://www.jra.go.jp/datafile/seiseki/report/2026/2026-1kyoto6.pdf,c28a777abd29b1d57017674f2159ee552a83ba60aca60a59d3418b0b0fac766a,official_race_marker_verified,1200,flat,dirt,,right,0.0,Maiden,0.0,0,12003歳未勝利発走10時20分(ダート・右)負担重量は、馬齢重量
202608010603,2026,京都,1,6,3,2026-01-17,https://www.jra.go.jp/datafile/seiseki/report/2026/2026-1kyoto6.pdf,c28a777abd29b1d57017674f2159ee552a83ba60aca60a59d3418b0b0fac766a,official_race_marker_verified,1900,flat,dirt,,right,0.0,Maiden,0.0,0,19003歳未勝利発走10時50分(ダート・右)負担重量は、馬齢重量
202608010604,2026,京都,1,6,4,2026-01-17,https://www.jra.go.jp/datafile/seiseki/report/2026/2026-1kyoto6.pdf,c28a777abd29b1d57017674f2159ee552a83ba60aca60a59d3418b0b0fac766a,official_race_marker_verified,1400,flat,dirt,,right,0.0,Newcomer,0.0,0,14003歳新馬発走11時20分(ダート・右)牝;負担重量は、馬齢重量
202608010605,2026,京都,1,6,5,2026-01-17,https://www.jra.go.jp/datafile/seiseki/report/2026/2026-1kyoto6.pdf,c28a777abd29b1d57017674f2159ee552a83ba60aca60a59d3418b0b0fac766a,official_race_marker_verified,2000,flat,turf,,right,0.0,Maiden,0.0,0,20003歳未勝利発走12時10分(芝・右)牝;負担重量は、馬齢重量
202608010606,2026,京都,1,6,6,2026-01-17,https://www.jra.go.jp/datafile/seiseki/report/2026/2026-1kyoto6.pdf,c28a777abd29b1d57017674f2159ee552a83ba60aca60a59d3418b0b0fac766a,official_race_marker_verified,1800,flat,dirt,,right,0.0,Class1,0.0,0,18003歳1勝クラス発走12時40分(ダート・右)負担重量は、馬齢重量
202608010607,2026,京都,1,6,7,2026-01-17,https://www.jra.go.jp/datafile/seiseki/report/2026/2026-1kyoto6.pdf,c28a777abd29b1d57017674f2159ee552a83ba60aca60a59d3418b0b0fac766a,official_race_marker_verified,1400,flat,dirt,,right,,Class1,0.0,0,14004歳以上1勝クラス発走13時10分(ダート・右)負担重量は、4歳575歳以上58、牝馬2減
202608010608,2026,京都,1,6,8,2026-01-17,https://www.jra.go.jp/datafile/seiseki/report/2026/2026-1kyoto6.pdf,c28a777abd29b1d57017674f2159ee552a83ba60aca60a59d3418b0b0fac766a,official_race_marker_verified,1800,flat,dirt,,right,,Class1,0.0,0,18004歳以上1勝クラス発走13時40分(ダート・右)負担重量は、4歳575歳以上58、牝馬2減
202608010609,2026,京都,1,6,9,2026-01-17,https://www.jra.go.jp/datafile/seiseki/report/2026/2026-1kyoto6.pdf,c28a777abd29b1d57017674f2159ee552a83ba60aca60a59d3418b0b0fac766a,official_race_marker_verified,2000,flat,turf,,right,,Class2,0.0,0,2000いなり稲荷特別発走14時15分(芝・右)4歳以上、2勝クラス;負担重量は、4歳575歳以上58、牝馬2減賞品
202608010610,2026,京都,1,6,10,2026-01-17,https://www.jra.go.jp/datafile/seiseki/report/2026/2026-1kyoto6.pdf,c28a777abd29b1d57017674f2159ee552a83ba60aca60a59d3418b0b0fac766a,official_race_marker_verified,1400,flat,turf,outer,right,,Maiden,0.0,0,1400こうばい紅梅ステークス(L)発走14時50分(芝・右・外)牝、3歳、除3歳未出走馬および未勝利馬;負担重量は、日本馬:馬齢重量、収得賞金1200万円毎1増、:馬齢重量、GI競走1着馬2増、GII競走またはGIII競走1着馬1増賞品
202608010611,2026,京都,1,6,11,2026-01-17,https://www.jra.go.jp/datafile/seiseki/report/2026/2026-1kyoto6.pdf,c28a777abd29b1d57017674f2159ee552a83ba60aca60a59d3418b0b0fac766a,official_race_marker_verified,1400,flat,dirt,,right,,Maiden,0.0,0,1400らしょうもん羅生門ステークス発走15時30分(ダート・右)4歳以上、3勝クラス、除未出走馬および未勝利馬;負担重量は、4歳575歳以上58、牝馬2減賞品
202608010612,2026,京都,1,6,12,2026-01-17,https://www.jra.go.jp/datafile/seiseki/report/2026/2026-1kyoto6.pdf,c28a777abd29b1d57017674f2159ee552a83ba60aca60a59d3418b0b0fac766a,official_race_marker_verified,1600,flat,turf,outer,right,,Class2,0.0,0,16004歳以上2勝クラス発走16時10分(芝・右・外)負担重量は、4歳575歳以上58、牝馬2減
202608010701,2026,京都,1,7,1,2026-01-18,https://www.jra.go.jp/datafile/seiseki/report/2026/2026-1kyoto7.pdf,2f989556246738df97a39b6403827845007ec0317de29e6d862aafa233064585,official_race_marker_verified,1200,flat,dirt,,right,0.0,Maiden,0.0,0,12003歳未勝利発走9時50分(ダート・右)牝;負担重量は、馬齢重量
202608010702,2026,京都,1,7,2,2026-01-18,https://www.jra.go.jp/datafile/seiseki/report/2026/2026-1kyoto7.pdf,2f989556246738df97a39b6403827845007ec0317de29e6d862aafa233064585,official_race_marker_verified,1800,flat,dirt,,right,0.0,Maiden,0.0,0,18003歳未勝利発走10時20分(ダート・右)負担重量は、馬齢重量
202608010703,2026,京都,1,7,3,2026-01-18,https://www.jra.go.jp/datafile/seiseki/report/2026/2026-1kyoto7.pdf,2f989556246738df97a39b6403827845007ec0317de29e6d862aafa233064585,official_race_marker_verified,1400,flat,dirt,,right,0.0,Maiden,0.0,0,14003歳未勝利発走10時50分(ダート・右)負担重量は、馬齢重量
202608010704,2026,京都,1,7,4,2026-01-18,https://www.jra.go.jp/datafile/seiseki/report/2026/2026-1kyoto7.pdf,2f989556246738df97a39b6403827845007ec0317de29e6d862aafa233064585,official_race_marker_verified,1200,flat,dirt,,right,0.0,Class1,0.0,0,12003歳1勝クラス発走11時20分(ダート・右)負担重量は、馬齢重量
202608010705,2026,京都,1,7,5,2026-01-18,https://www.jra.go.jp/datafile/seiseki/report/2026/2026-1kyoto7.pdf,2f989556246738df97a39b6403827845007ec0317de29e6d862aafa233064585,official_race_marker_verified,2000,flat,turf,,right,0.0,Newcomer,0.0,0,20003歳新馬発走12時10分(芝・右)負担重量は、馬齢重量
202608010706,2026,京都,1,7,6,2026-01-18,https://www.jra.go.jp/datafile/seiseki/report/2026/2026-1kyoto7.pdf,2f989556246738df97a39b6403827845007ec0317de29e6d862aafa233064585,official_race_marker_verified,1600,flat,turf,,right,0.0,Maiden,0.0,0,16003歳未勝利発走12時40分(芝・右)負担重量は、馬齢重量
202608010707,2026,京都,1,7,7,2026-01-18,https://www.jra.go.jp/datafile/seiseki/report/2026/2026-1kyoto7.pdf,2f989556246738df97a39b6403827845007ec0317de29e6d862aafa233064585,official_race_marker_verified,1900,flat,dirt,,right,,Class1,0.0,0,19004歳以上1勝クラス発走13時10分(ダート・右)負担重量は、4歳575歳以上58、牝馬2減
202608010708,2026,京都,1,7,8,2026-01-18,https://www.jra.go.jp/datafile/seiseki/report/2026/2026-1kyoto7.pdf,2f989556246738df97a39b6403827845007ec0317de29e6d862aafa233064585,official_race_marker_verified,2400,flat,turf,outer,right,,Class1,0.0,0,24004歳以上1勝クラス発走13時40分(芝・右・外)負担重量は、4歳575歳以上58、牝馬2減
202608010709,2026,京都,1,7,9,2026-01-18,https://www.jra.go.jp/datafile/seiseki/report/2026/2026-1kyoto7.pdf,2f989556246738df97a39b6403827845007ec0317de29e6d862aafa233064585,official_race_marker_verified,1400,flat,dirt,,right,,Class2,0.0,0,1400おぐらやま小倉山特別発走14時15分(ダート・右)牝、4歳以上、2勝クラス;負担重量は、4歳555歳以上56賞品
202608010710,2026,京都,1,7,10,2026-01-18,https://www.jra.go.jp/datafile/seiseki/report/2026/2026-1kyoto7.pdf,2f989556246738df97a39b6403827845007ec0317de29e6d862aafa233064585,official_race_marker_verified,1800,flat,dirt,,right,,Class2,0.0,0,1800おおつ大津特別発走14時50分(ダート・右)4歳以上、2勝クラス;負担重量は、4歳575歳以上58、牝馬2減賞品
202608010711,2026,京都,1,7,11,2026-01-18,https://www.jra.go.jp/datafile/seiseki/report/2026/2026-1kyoto7.pdf,2f989556246738df97a39b6403827845007ec0317de29e6d862aafa233064585,official_race_marker_verified,2400,flat,turf,outer,right,1.0,Open,1.0,1,2400第73回日経新春杯(GII)発走15時30分(芝・右・外)4歳以上、除未出走馬および未勝利馬;負担重量は、ハンデキャップ日本経済新聞社賞(1着)賞品
202608010712,2026,京都,1,7,12,2026-01-18,https://www.jra.go.jp/datafile/seiseki/report/2026/2026-1kyoto7.pdf,2f989556246738df97a39b6403827845007ec0317de29e6d862aafa233064585,official_race_marker_verified,1600,flat,turf,outer,right,,Class1,0.0,0,16004歳以上1勝クラス発走16時10分(芝・右・外)負担重量は、4歳575歳以上58、牝馬2減
202608010801,2026,京都,1,8,1,2026-01-24,https://www.jra.go.jp/datafile/seiseki/report/2026/2026-1kyoto8.pdf,f73fdab4425fb61d5ea08bf98408e19c14718f4e913308d1c0bf4b9e5668c77a,official_race_marker_verified,1800,flat,dirt,,right,0.0,Maiden,0.0,0,18003歳未勝利発走9時45分(ダート・右)牝;負担重量は、馬齢重量
202608010802,2026,京都,1,8,2,2026-01-24,https://www.jra.go.jp/datafile/seiseki/report/2026/2026-1kyoto8.pdf,f73fdab4425fb61d5ea08bf98408e19c14718f4e913308d1c0bf4b9e5668c77a,official_race_marker_verified,1200,flat,dirt,,right,0.0,Maiden,0.0,0,12003歳未勝利発走10時15分(ダート・右)負担重量は、馬齢重量
202608010803,2026,京都,1,8,3,2026-01-24,https://www.jra.go.jp/datafile/seiseki/report/2026/2026-1kyoto8.pdf,f73fdab4425fb61d5ea08bf98408e19c14718f4e913308d1c0bf4b9e5668c77a,official_race_marker_verified,1800,flat,dirt,,right,0.0,Newcomer,0.0,0,18003歳新馬発走10時45分(ダート・右)負担重量は、馬齢重量
202608010804,2026,京都,1,8,4,2026-01-24,https://www.jra.go.jp/datafile/seiseki/report/2026/2026-1kyoto8.pdf,f73fdab4425fb61d5ea08bf98408e19c14718f4e913308d1c0bf4b9e5668c77a,official_race_marker_verified,1400,flat,dirt,,right,,Class1,0.0,0,14004歳以上1勝クラス発走11時15分(ダート・右)牝;負担重量は、4歳555歳以上56
202608010805,2026,京都,1,8,5,2026-01-24,https://www.jra.go.jp/datafile/seiseki/report/2026/2026-1kyoto8.pdf,f73fdab4425fb61d5ea08bf98408e19c14718f4e913308d1c0bf4b9e5668c77a,official_race_marker_verified,2200,flat,turf,outer,right,0.0,Maiden,0.0,0,22003歳未勝利発走12時05分(芝・右・外)負担重量は、馬齢重量
202608010806,2026,京都,1,8,6,2026-01-24,https://www.jra.go.jp/datafile/seiseki/report/2026/2026-1kyoto8.pdf,f73fdab4425fb61d5ea08bf98408e19c14718f4e913308d1c0bf4b9e5668c77a,official_race_marker_verified,1400,flat,turf,,right,0.0,Maiden,0.0,0,14003歳未勝利発走12時40分(芝・右)負担重量は、馬齢重量
202608010807,2026,京都,1,8,7,2026-01-24,https://www.jra.go.jp/datafile/seiseki/report/2026/2026-1kyoto8.pdf,f73fdab4425fb61d5ea08bf98408e19c14718f4e913308d1c0bf4b9e5668c77a,official_race_marker_verified,1800,flat,dirt,,right,,Class1,0.0,0,18004歳以上1勝クラス発走13時10分(ダート・右)負担重量は、4歳575歳以上58、牝馬2減
202608010808,2026,京都,1,8,8,2026-01-24,https://www.jra.go.jp/datafile/seiseki/report/2026/2026-1kyoto8.pdf,f73fdab4425fb61d5ea08bf98408e19c14718f4e913308d1c0bf4b9e5668c77a,official_race_marker_verified,1200,flat,dirt,,right,,Class2,0.0,0,12004歳以上2勝クラス発走13時40分(ダート・右)負担重量は、58、牝馬2減
202608010809,2026,京都,1,8,9,2026-01-24,https://www.jra.go.jp/datafile/seiseki/report/2026/2026-1kyoto8.pdf,f73fdab4425fb61d5ea08bf98408e19c14718f4e913308d1c0bf4b9e5668c77a,official_race_marker_verified,2000,flat,turf,,right,,Maiden,0.0,0,2000わかごま若駒ステークス(L)発走14時10分(芝・右)3歳、除3歳未出走馬および未勝利馬;負担重量は、日本馬:馬齢重量、収得賞金1200万円毎1増、:馬齢重量、GI競走1着馬2増、GII競走またはGIII競走1着馬1増賞品
202608010810,2026,京都,1,8,10,2026-01-24,https://www.jra.go.jp/datafile/seiseki/report/2026/2026-1kyoto8.pdf,f73fdab4425fb61d5ea08bf98408e19c14718f4e913308d1c0bf4b9e5668c77a,official_race_marker_verified,1900,flat,dirt,,right,,Maiden,0.0,0,1900しもがも下鴨ステークス発走14時45分(ダート・右)4歳以上、3勝クラス、除未出走馬および未勝利馬;負担重量は、4歳575歳以上58、牝馬2減賞品
202608010811,2026,京都,1,8,11,2026-01-24,https://www.jra.go.jp/datafile/seiseki/report/2026/2026-1kyoto8.pdf,f73fdab4425fb61d5ea08bf98408e19c14718f4e913308d1c0bf4b9e5668c77a,official_race_marker_verified,1600,flat,turf,outer,right,,Maiden,0.0,0,1600むつき睦月ステークス発走15時20分(芝・右・外)4歳以上、除未出走馬および未勝利馬;負担重量は、日本馬:4歳565歳以上57、牝馬2減、収得賞金1600万円超過馬は超過額1200万円毎1増、:4歳565歳以上57、牝馬2減、GI競走1着馬5増、GII競走1着馬3増、GIII競走1着馬1増(ただし2歳時の成績を除く)賞品
202608010812,2026,京都,1,8,12,2026-01-24,https://www.jra.go.jp/datafile/seiseki/report/2026/2026-1kyoto8.pdf,f73fdab4425fb61d5ea08bf98408e19c14718f4e913308d1c0bf4b9e5668c77a,official_race_marker_verified,1400,flat,turf,outer,right,,Class2,0.0,0,14004歳以上2勝クラス発走16時00分(芝・右・外)負担重量は、4歳575歳以上58、牝馬2減
202608010901,2026,京都,1,9,1,2026-01-25,https://www.jra.go.jp/datafile/seiseki/report/2026/2026-1kyoto9.pdf,c57f354249cd41bc0421f15e51893d73b9d6dd0b533d03d2570c87bbb021219d,official_race_marker_verified,1800,flat,dirt,,right,0.0,Maiden,0.0,0,18003歳未勝利発走9時55分(ダート・右)負担重量は、馬齢重量
202608010902,2026,京都,1,9,2,2026-01-25,https://www.jra.go.jp/datafile/seiseki/report/2026/2026-1kyoto9.pdf,c57f354249cd41bc0421f15e51893d73b9d6dd0b533d03d2570c87bbb021219d,official_race_marker_verified,1900,flat,dirt,,right,0.0,Maiden,0.0,0,19003歳未勝利発走10時25分(ダート・右)負担重量は、馬齢重量
202608010903,2026,京都,1,9,3,2026-01-25,https://www.jra.go.jp/datafile/seiseki/report/2026/2026-1kyoto9.pdf,c57f354249cd41bc0421f15e51893d73b9d6dd0b533d03d2570c87bbb021219d,official_race_marker_verified,1400,flat,dirt,,right,0.0,Maiden,0.0,0,14003歳未勝利発走10時55分(ダート・右)牝;負担重量は、馬齢重量
202608010904,2026,京都,1,9,4,2026-01-25,https://www.jra.go.jp/datafile/seiseki/report/2026/2026-1kyoto9.pdf,c57f354249cd41bc0421f15e51893d73b9d6dd0b533d03d2570c87bbb021219d,official_race_marker_verified,1400,flat,dirt,,right,0.0,Maiden,0.0,0,14003歳未勝利発走11時25分(ダート・右)負担重量は、馬齢重量
202608010905,2026,京都,1,9,5,2026-01-25,https://www.jra.go.jp/datafile/seiseki/report/2026/2026-1kyoto9.pdf,c57f354249cd41bc0421f15e51893d73b9d6dd0b533d03d2570c87bbb021219d,official_race_marker_verified,1600,flat,turf,,right,0.0,Newcomer,0.0,0,16003歳新馬発走12時15分(芝・右)負担重量は、馬齢重量
202608010906,2026,京都,1,9,6,2026-01-25,https://www.jra.go.jp/datafile/seiseki/report/2026/2026-1kyoto9.pdf,c57f354249cd41bc0421f15e51893d73b9d6dd0b533d03d2570c87bbb021219d,official_race_marker_verified,1200,flat,dirt,,right,,Class1,0.0,0,12004歳以上1勝クラス発走12時45分(ダート・右)負担重量は、58、牝馬2減
202608010907,2026,京都,1,9,7,2026-01-25,https://www.jra.go.jp/datafile/seiseki/report/2026/2026-1kyoto9.pdf,c57f354249cd41bc0421f15e51893d73b9d6dd0b533d03d2570c87bbb021219d,official_race_marker_verified,2000,flat,turf,,right,,Class2,0.0,0,20004歳以上2勝クラス発走13時15分(芝・右)牝;負担重量は、4歳555歳以上56
202608010908,2026,京都,1,9,8,2026-01-25,https://www.jra.go.jp/datafile/seiseki/report/2026/2026-1kyoto9.pdf,c57f354249cd41bc0421f15e51893d73b9d6dd0b533d03d2570c87bbb021219d,official_race_marker_verified,1800,flat,dirt,,right,,Class2,0.0,0,18004歳以上2勝クラス発走13時45分(ダート・右)負担重量は、4歳575歳以上58、牝馬2減
202608010909,2026,京都,1,9,9,2026-01-25,https://www.jra.go.jp/datafile/seiseki/report/2026/2026-1kyoto9.pdf,c57f354249cd41bc0421f15e51893d73b9d6dd0b533d03d2570c87bbb021219d,official_race_marker_verified,1600,flat,turf,,right,0.0,Class1,0.0,0,1600かわづざくら河津桜賞発走14時15分(芝・右)牝、3歳、1勝クラス;負担重量は、馬齢重量賞品
202608010910,2026,京都,1,9,10,2026-01-25,https://www.jra.go.jp/datafile/seiseki/report/2026/2026-1kyoto9.pdf,c57f354249cd41bc0421f15e51893d73b9d6dd0b533d03d2570c87bbb021219d,official_race_marker_verified,1400,flat,turf,outer,right,1.0,Maiden,0.0,0,1400やましろ山城ステークス発走14時50分(芝・右・外)4歳以上、3勝クラス、除未出走馬および未勝利馬;負担重量は、ハンデキャップ賞品
202608010911,2026,京都,1,9,11,2026-01-25,https://www.jra.go.jp/datafile/seiseki/report/2026/2026-1kyoto9.pdf,c57f354249cd41bc0421f15e51893d73b9d6dd0b533d03d2570c87bbb021219d,official_race_marker_verified,1800,flat,dirt,,right,,Open,1.0,1,1800第31回プロキオンステークス(GII)発走15時30分(ダート・右)4歳以上、除未出走馬および未勝利馬;負担重量は、4歳565歳以上57、牝馬2減、2025.1.25以降GI競走(牝馬限定競走を除く)1着馬2増、牝馬限定GI競走またはGII競走(牝馬限定競走を除く)1着馬1増、2025.1.24以前のGI競走(牝馬限定競走を除く)1着馬1増(ただし2歳時の成績を除く)地方競馬全国協会理事長賞(1着)賞品
202608010912,2026,京都,1,9,12,2026-01-25,https://www.jra.go.jp/datafile/seiseki/report/2026/2026-1kyoto9.pdf,c57f354249cd41bc0421f15e51893d73b9d6dd0b533d03d2570c87bbb021219d,official_race_marker_verified,1800,flat,turf,outer,right,,Class1,0.0,0,18004歳以上1勝クラス発走16時10分(芝・右・外)負担重量は、4歳575歳以上58、牝馬2減
202608020101,2026,京都,2,1,1,2026-01-31,https://www.jra.go.jp/datafile/seiseki/report/2026/2026-2kyoto1.pdf,9ad6141c7105bdbd76670e214b7e19faa17765b0d259a1e02eccda1ee31fb770,official_race_marker_verified,1200,flat,dirt,,right,0.0,Maiden,0.0,0,12003歳未勝利発走9時55分(ダート・右)牝;負担重量は、馬齢重量
202608020102,2026,京都,2,1,2,2026-01-31,https://www.jra.go.jp/datafile/seiseki/report/2026/2026-2kyoto1.pdf,9ad6141c7105bdbd76670e214b7e19faa17765b0d259a1e02eccda1ee31fb770,official_race_marker_verified,1800,flat,dirt,,right,0.0,Maiden,0.0,0,18003歳未勝利発走10時25分(ダート・右)負担重量は、馬齢重量
202608020103,2026,京都,2,1,3,2026-01-31,https://www.jra.go.jp/datafile/seiseki/report/2026/2026-2kyoto1.pdf,9ad6141c7105bdbd76670e214b7e19faa17765b0d259a1e02eccda1ee31fb770,official_race_marker_verified,1400,flat,dirt,,right,0.0,Maiden,0.0,0,14003歳未勝利発走10時55分(ダート・右)負担重量は、馬齢重量
202608020104,2026,京都,2,1,4,2026-01-31,https://www.jra.go.jp/datafile/seiseki/report/2026/2026-2kyoto1.pdf,9ad6141c7105bdbd76670e214b7e19faa17765b0d259a1e02eccda1ee31fb770,official_race_marker_verified,1800,flat,dirt,,right,0.0,Maiden,0.0,0,18003歳未勝利発走11時25分(ダート・右)負担重量は、馬齢重量
202608020105,2026,京都,2,1,5,2026-01-31,https://www.jra.go.jp/datafile/seiseki/report/2026/2026-2kyoto1.pdf,9ad6141c7105bdbd76670e214b7e19faa17765b0d259a1e02eccda1ee31fb770,official_race_marker_verified,2000,flat,turf,,right,0.0,Newcomer,0.0,0,20003歳新馬発走12時15分(芝・右)負担重量は、馬齢重量
202608020106,2026,京都,2,1,6,2026-01-31,https://www.jra.go.jp/datafile/seiseki/report/2026/2026-2kyoto1.pdf,9ad6141c7105bdbd76670e214b7e19faa17765b0d259a1e02eccda1ee31fb770,official_race_marker_verified,1600,flat,turf,,right,0.0,Maiden,0.0,0,16003歳未勝利発走12時50分(芝・右)負担重量は、馬齢重量
202608020107,2026,京都,2,1,7,2026-01-31,https://www.jra.go.jp/datafile/seiseki/report/2026/2026-2kyoto1.pdf,9ad6141c7105bdbd76670e214b7e19faa17765b0d259a1e02eccda1ee31fb770,official_race_marker_verified,1800,flat,dirt,,right,0.0,Class1,0.0,0,18003歳1勝クラス発走13時20分(ダート・右)負担重量は、馬齢重量
202608020108,2026,京都,2,1,8,2026-01-31,https://www.jra.go.jp/datafile/seiseki/report/2026/2026-2kyoto1.pdf,9ad6141c7105bdbd76670e214b7e19faa17765b0d259a1e02eccda1ee31fb770,official_race_marker_verified,1900,flat,dirt,,right,,Class1,0.0,0,19004歳以上1勝クラス発走13時50分(ダート・右)負担重量は、4歳575歳以上58、牝馬2減
202608020109,2026,京都,2,1,9,2026-01-31,https://www.jra.go.jp/datafile/seiseki/report/2026/2026-2kyoto1.pdf,9ad6141c7105bdbd76670e214b7e19faa17765b0d259a1e02eccda1ee31fb770,official_race_marker_verified,1400,flat,dirt,,right,,Class2,0.0,0,1400ながはま長浜特別発走14時20分(ダート・右)4歳以上、2勝クラス;負担重量は、4歳575歳以上58、牝馬2減賞品
202608020110,2026,京都,2,1,10,2026-01-31,https://www.jra.go.jp/datafile/seiseki/report/2026/2026-2kyoto1.pdf,9ad6141c7105bdbd76670e214b7e19faa17765b0d259a1e02eccda1ee31fb770,official_race_marker_verified,2400,flat,turf,outer,right,1.0,Class2,0.0,0,2400こはた許波多特別発走14時55分(芝・右・外)4歳以上、2勝クラス;負担重量は、ハンデキャップ賞品
202608020111,2026,京都,2,1,11,2026-01-31,https://www.jra.go.jp/datafile/seiseki/report/2026/2026-2kyoto1.pdf,9ad6141c7105bdbd76670e214b7e19faa17765b0d259a1e02eccda1ee31fb770,official_race_marker_verified,1800,flat,dirt,,right,,Maiden,0.0,0,1800まいづる舞鶴ステークス発走15時30分(ダート・右)牝、4歳以上、3勝クラス、除未出走馬および未勝利馬;負担重量は、4歳555歳以上56賞品
202608020112,2026,京都,2,1,12,2026-01-31,https://www.jra.go.jp/datafile/seiseki/report/2026/2026-2kyoto1.pdf,9ad6141c7105bdbd76670e214b7e19faa17765b0d259a1e02eccda1ee31fb770,official_race_marker_verified,1600,flat,turf,outer,right,,Class1,0.0,0,16004歳以上1勝クラス発走16時10分(芝・右・外)負担重量は、4歳575歳以上58、牝馬2減
202608020201,2026,京都,2,2,1,2026-02-01,https://www.jra.go.jp/datafile/seiseki/report/2026/2026-2kyoto2.pdf,59b6b4d5e9bb1f84d0cc49dcd47ec9adf0e1d2e288e88c313f8ad65f0c85f097,official_race_marker_verified,1800,flat,dirt,,right,0.0,Maiden,0.0,0,18003歳未勝利発走9時55分(ダート・右)牝;負担重量は、馬齢重量
202608020202,2026,京都,2,2,2,2026-02-01,https://www.jra.go.jp/datafile/seiseki/report/2026/2026-2kyoto2.pdf,59b6b4d5e9bb1f84d0cc49dcd47ec9adf0e1d2e288e88c313f8ad65f0c85f097,official_race_marker_verified,1200,flat,dirt,,right,0.0,Maiden,0.0,0,12003歳未勝利発走10時25分(ダート・右)負担重量は、馬齢重量
202608020203,2026,京都,2,2,3,2026-02-01,https://www.jra.go.jp/datafile/seiseki/report/2026/2026-2kyoto2.pdf,59b6b4d5e9bb1f84d0cc49dcd47ec9adf0e1d2e288e88c313f8ad65f0c85f097,official_race_marker_verified,1900,flat,dirt,,right,0.0,Maiden,0.0,0,19003歳未勝利発走10時55分(ダート・右)負担重量は、馬齢重量
202608020204,2026,京都,2,2,4,2026-02-01,https://www.jra.go.jp/datafile/seiseki/report/2026/2026-2kyoto2.pdf,59b6b4d5e9bb1f84d0cc49dcd47ec9adf0e1d2e288e88c313f8ad65f0c85f097,official_race_marker_verified,1400,flat,dirt,,right,0.0,Newcomer,0.0,0,14003歳新馬発走11時25分(ダート・右)負担重量は、馬齢重量
202608020205,2026,京都,2,2,5,2026-02-01,https://www.jra.go.jp/datafile/seiseki/report/2026/2026-2kyoto2.pdf,59b6b4d5e9bb1f84d0cc49dcd47ec9adf0e1d2e288e88c313f8ad65f0c85f097,official_race_marker_verified,2000,flat,turf,,right,0.0,Maiden,0.0,0,20003歳未勝利発走12時15分(芝・右)負担重量は、馬齢重量
202608020206,2026,京都,2,2,6,2026-02-01,https://www.jra.go.jp/datafile/seiseki/report/2026/2026-2kyoto2.pdf,59b6b4d5e9bb1f84d0cc49dcd47ec9adf0e1d2e288e88c313f8ad65f0c85f097,official_race_marker_verified,1400,flat,dirt,,right,0.0,Class1,0.0,0,14003歳1勝クラス発走12時45分(ダート・右)牝;負担重量は、馬齢重量
202608020207,2026,京都,2,2,7,2026-02-01,https://www.jra.go.jp/datafile/seiseki/report/2026/2026-2kyoto2.pdf,59b6b4d5e9bb1f84d0cc49dcd47ec9adf0e1d2e288e88c313f8ad65f0c85f097,official_race_marker_verified,1800,flat,dirt,,right,,Class1,0.0,0,18004歳以上1勝クラス発走13時15分(ダート・右)負担重量は、4歳575歳以上58、牝馬2減
202608020208,2026,京都,2,2,8,2026-02-01,https://www.jra.go.jp/datafile/seiseki/report/2026/2026-2kyoto2.pdf,59b6b4d5e9bb1f84d0cc49dcd47ec9adf0e1d2e288e88c313f8ad65f0c85f097,official_race_marker_verified,1400,flat,dirt,,right,,Class1,0.0,0,14004歳以上1勝クラス発走13時45分(ダート・右)負担重量は、4歳575歳以上58、牝馬2減
202608020209,2026,京都,2,2,9,2026-02-01,https://www.jra.go.jp/datafile/seiseki/report/2026/2026-2kyoto2.pdf,59b6b4d5e9bb1f84d0cc49dcd47ec9adf0e1d2e288e88c313f8ad65f0c85f097,official_race_marker_verified,1800,flat,dirt,,right,,Class2,0.0,0,1800きぬがさ衣笠特別発走14時15分(ダート・右)4歳以上、2勝クラス;負担重量は、4歳575歳以上58、牝馬2減賞品
202608020210,2026,京都,2,2,10,2026-02-01,https://www.jra.go.jp/datafile/seiseki/report/2026/2026-2kyoto2.pdf,59b6b4d5e9bb1f84d0cc49dcd47ec9adf0e1d2e288e88c313f8ad65f0c85f097,official_race_marker_verified,2200,flat,turf,outer,right,,Maiden,0.0,0,2200やさか八坂ステークス発走14時50分(芝・右・外)4歳以上、3勝クラス、除未出走馬および未勝利馬;負担重量は、4歳575歳以上58、牝馬2減賞品
202608020211,2026,京都,2,2,11,2026-02-01,https://www.jra.go.jp/datafile/seiseki/report/2026/2026-2kyoto2.pdf,59b6b4d5e9bb1f84d0cc49dcd47ec9adf0e1d2e288e88c313f8ad65f0c85f097,official_race_marker_verified,1200,flat,turf,,right,1.0,Open,1.0,1,1200第31回シルクロードステークス(GIII)発走15時30分(芝・右)4歳以上、除未出走馬および未勝利馬;負担重量は、ハンデキャップ賞品
202608020212,2026,京都,2,2,12,2026-02-01,https://www.jra.go.jp/datafile/seiseki/report/2026/2026-2kyoto2.pdf,59b6b4d5e9bb1f84d0cc49dcd47ec9adf0e1d2e288e88c313f8ad65f0c85f097,official_race_marker_verified,1600,flat,turf,outer,right,,Class2,0.0,0,16004歳以上2勝クラス発走16時10分(芝・右・外)負担重量は、4歳575歳以上58、牝馬2減
202608020301,2026,京都,2,3,1,2026-02-07,https://www.jra.go.jp/datafile/seiseki/report/2026/2026-2kyoto3.pdf,6fa98d9c8c51e8d31c0fe83ec781217d1ae95af69a479578fbb580a982d52ef9,official_race_marker_verified,1800,flat,dirt,,right,0.0,Maiden,0.0,0,18003歳未勝利発走9時55分(ダート・右)負担重量は、馬齢重量
202608020302,2026,京都,2,3,2,2026-02-07,https://www.jra.go.jp/datafile/seiseki/report/2026/2026-2kyoto3.pdf,6fa98d9c8c51e8d31c0fe83ec781217d1ae95af69a479578fbb580a982d52ef9,official_race_marker_verified,1900,flat,dirt,,right,0.0,Maiden,0.0,0,19003歳未勝利発走10時25分(ダート・右)負担重量は、馬齢重量
202608020303,2026,京都,2,3,3,2026-02-07,https://www.jra.go.jp/datafile/seiseki/report/2026/2026-2kyoto3.pdf,6fa98d9c8c51e8d31c0fe83ec781217d1ae95af69a479578fbb580a982d52ef9,official_race_marker_verified,1400,flat,dirt,,right,0.0,Maiden,0.0,0,14003歳未勝利発走10時55分(ダート・右)負担重量は、馬齢重量
202608020304,2026,京都,2,3,4,2026-02-07,https://www.jra.go.jp/datafile/seiseki/report/2026/2026-2kyoto3.pdf,6fa98d9c8c51e8d31c0fe83ec781217d1ae95af69a479578fbb580a982d52ef9,official_race_marker_verified,1800,flat,dirt,,right,0.0,Newcomer,0.0,0,18003歳新馬発走11時25分(ダート・右)負担重量は、馬齢重量
202608020305,2026,京都,2,3,5,2026-02-07,https://www.jra.go.jp/datafile/seiseki/report/2026/2026-2kyoto3.pdf,6fa98d9c8c51e8d31c0fe83ec781217d1ae95af69a479578fbb580a982d52ef9,official_race_marker_verified,1600,flat,turf,,right,0.0,Maiden,0.0,0,16003歳未勝利発走12時15分(芝・右)牝;負担重量は、馬齢重量
202608020306,2026,京都,2,3,6,2026-02-07,https://www.jra.go.jp/datafile/seiseki/report/2026/2026-2kyoto3.pdf,6fa98d9c8c51e8d31c0fe83ec781217d1ae95af69a479578fbb580a982d52ef9,official_race_marker_verified,1400,flat,dirt,,right,0.0,Class1,0.0,0,14003歳1勝クラス発走12時50分(ダート・右)負担重量は、馬齢重量
202608020307,2026,京都,2,3,7,2026-02-07,https://www.jra.go.jp/datafile/seiseki/report/2026/2026-2kyoto3.pdf,6fa98d9c8c51e8d31c0fe83ec781217d1ae95af69a479578fbb580a982d52ef9,official_race_marker_verified,2400,flat,turf,outer,right,,Class1,0.0,0,24004歳以上1勝クラス発走13時20分(芝・右・外)負担重量は、4歳575歳以上58、牝馬2減
202608020308,2026,京都,2,3,8,2026-02-07,https://www.jra.go.jp/datafile/seiseki/report/2026/2026-2kyoto3.pdf,6fa98d9c8c51e8d31c0fe83ec781217d1ae95af69a479578fbb580a982d52ef9,official_race_marker_verified,2000,flat,turf,,right,,Class2,0.0,0,20004歳以上2勝クラス発走13時50分(芝・右)負担重量は、4歳575歳以上58、牝馬2減
202608020309,2026,京都,2,3,9,2026-02-07,https://www.jra.go.jp/datafile/seiseki/report/2026/2026-2kyoto3.pdf,6fa98d9c8c51e8d31c0fe83ec781217d1ae95af69a479578fbb580a982d52ef9,official_race_marker_verified,1200,flat,dirt,,right,1.0,Maiden,0.0,0,1200かしはら橿原ステークス発走14時20分(ダート・右)4歳以上、3勝クラス、除未出走馬および未勝利馬;負担重量は、ハンデキャップ賞品
202608020310,2026,京都,2,3,10,2026-02-07,https://www.jra.go.jp/datafile/seiseki/report/2026/2026-2kyoto3.pdf,6fa98d9c8c51e8d31c0fe83ec781217d1ae95af69a479578fbb580a982d52ef9,official_race_marker_verified,1600,flat,turf,outer,right,,Maiden,0.0,0,1600エルフィンステークス(L)発走14時55分(芝・右・外)牝、3歳、除未出走馬および未勝利馬;負担重量は、日本馬:馬齢重量、収得賞金1200万円毎1増、:馬齢重量、GI競走1着馬2増、GII競走またはGIII競走1着馬1増賞品
202608020311,2026,京都,2,3,11,2026-02-07,https://www.jra.go.jp/datafile/seiseki/report/2026/2026-2kyoto3.pdf,6fa98d9c8c51e8d31c0fe83ec781217d1ae95af69a479578fbb580a982d52ef9,official_race_marker_verified,1900,flat,dirt,,right,,Maiden,0.0,0,1900アルデバランステークス発走15時30分(ダート・右)4歳以上、除未出走馬および未勝利馬;負担重量は、日本馬:4歳565歳以上57、牝馬2減、収得賞金1600万円超過馬は超過額1200万円毎1増、:4歳565歳以上57、牝馬2減、GI競走1着馬5増、GII競走1着馬3増、GIII競走1着馬1増(ただし2歳時の成績を除く)賞品
202608020312,2026,京都,2,3,12,2026-02-07,https://www.jra.go.jp/datafile/seiseki/report/2026/2026-2kyoto3.pdf,6fa98d9c8c51e8d31c0fe83ec781217d1ae95af69a479578fbb580a982d52ef9,official_race_marker_verified,1200,flat,dirt,,right,,Class1,0.0,0,12004歳以上1勝クラス発走16時10分(ダート・右)負担重量は、58、牝馬2減
202608020401,2026,京都,2,4,1,2026-02-10,https://www.jra.go.jp/datafile/seiseki/report/2026/2026-2kyoto4.pdf,cdc19eec74fd20d82d108e298d09fb3ef6ba31b86e56f517e2fde26acce0542d,official_race_marker_verified,1200,flat,dirt,,right,0.0,Maiden,0.0,0,12003歳未勝利発走9時55分(ダート・右)負担重量は、馬齢重量
202608020402,2026,京都,2,4,2,2026-02-10,https://www.jra.go.jp/datafile/seiseki/report/2026/2026-2kyoto4.pdf,cdc19eec74fd20d82d108e298d09fb3ef6ba31b86e56f517e2fde26acce0542d,official_race_marker_verified,1800,flat,dirt,,right,0.0,Maiden,0.0,0,18003歳未勝利発走10時25分(ダート・右)負担重量は、馬齢重量
202608020403,2026,京都,2,4,3,2026-02-10,https://www.jra.go.jp/datafile/seiseki/report/2026/2026-2kyoto4.pdf,cdc19eec74fd20d82d108e298d09fb3ef6ba31b86e56f517e2fde26acce0542d,official_race_marker_verified,1400,flat,dirt,,right,0.0,Maiden,0.0,0,14003歳未勝利発走10時55分(ダート・右)牝;負担重量は、馬齢重量
202608020404,2026,京都,2,4,4,2026-02-10,https://www.jra.go.jp/datafile/seiseki/report/2026/2026-2kyoto4.pdf,cdc19eec74fd20d82d108e298d09fb3ef6ba31b86e56f517e2fde26acce0542d,official_race_marker_verified,1800,flat,dirt,,right,,Class1,0.0,0,18004歳以上1勝クラス発走11時25分(ダート・右)負担重量は、4歳575歳以上58、牝馬2減
202608020405,2026,京都,2,4,5,2026-02-10,https://www.jra.go.jp/datafile/seiseki/report/2026/2026-2kyoto4.pdf,cdc19eec74fd20d82d108e298d09fb3ef6ba31b86e56f517e2fde26acce0542d,official_race_marker_verified,1600,flat,turf,,right,0.0,Newcomer,0.0,0,16003歳新馬発走12時15分(芝・右)負担重量は、馬齢重量
202608020406,2026,京都,2,4,6,2026-02-10,https://www.jra.go.jp/datafile/seiseki/report/2026/2026-2kyoto4.pdf,cdc19eec74fd20d82d108e298d09fb3ef6ba31b86e56f517e2fde26acce0542d,official_race_marker_verified,2400,flat,turf,outer,right,0.0,Maiden,0.0,0,24003歳未勝利発走12時45分(芝・右・外)負担重量は、馬齢重量
202608020407,2026,京都,2,4,7,2026-02-10,https://www.jra.go.jp/datafile/seiseki/report/2026/2026-2kyoto4.pdf,cdc19eec74fd20d82d108e298d09fb3ef6ba31b86e56f517e2fde26acce0542d,official_race_marker_verified,1800,flat,dirt,,right,,Class1,0.0,0,18004歳以上1勝クラス発走13時15分(ダート・右)牝;負担重量は、4歳555歳以上56
202608020408,2026,京都,2,4,8,2026-02-10,https://www.jra.go.jp/datafile/seiseki/report/2026/2026-2kyoto4.pdf,cdc19eec74fd20d82d108e298d09fb3ef6ba31b86e56f517e2fde26acce0542d,official_race_marker_verified,1200,flat,turf,,right,,Class2,0.0,0,12004歳以上2勝クラス発走13時45分(芝・右)負担重量は、58、牝馬2減
202608020409,2026,京都,2,4,9,2026-02-10,https://www.jra.go.jp/datafile/seiseki/report/2026/2026-2kyoto4.pdf,cdc19eec74fd20d82d108e298d09fb3ef6ba31b86e56f517e2fde26acce0542d,official_race_marker_verified,1600,flat,turf,outer,right,,Maiden,0.0,0,1600いわしみず石清水ステークス発走14時15分(芝・右・外)4歳以上、3勝クラス、除未出走馬および未勝利馬;負担重量は、58、牝馬2減賞品
202608020410,2026,京都,2,4,10,2026-02-10,https://www.jra.go.jp/datafile/seiseki/report/2026/2026-2kyoto4.pdf,cdc19eec74fd20d82d108e298d09fb3ef6ba31b86e56f517e2fde26acce0542d,official_race_marker_verified,1200,flat,dirt,,right,1.0,Maiden,0.0,0,1200やまと大和ステークス発走14時50分(ダート・右)4歳以上、除未出走馬および未勝利馬;負担重量は、ハンデキャップ賞品
202608020411,2026,京都,2,4,11,2026-02-10,https://www.jra.go.jp/datafile/seiseki/report/2026/2026-2kyoto4.pdf,cdc19eec74fd20d82d108e298d09fb3ef6ba31b86e56f517e2fde26acce0542d,official_race_marker_verified,1800,flat,turf,outer,right,0.0,Open,1.0,1,1800第66回きさらぎ賞(GIII)発走15時30分(芝・右・外)3歳、除未出走馬および未勝利馬;負担重量は、馬齢重量賞品
202608020412,2026,京都,2,4,12,2026-02-10,https://www.jra.go.jp/datafile/seiseki/report/2026/2026-2kyoto4.pdf,cdc19eec74fd20d82d108e298d09fb3ef6ba31b86e56f517e2fde26acce0542d,official_race_marker_verified,1200,flat,dirt,,right,,Class2,0.0,0,12004歳以上2勝クラス発走16時10分(ダート・右)負担重量は、58、牝馬2減
202608020501,2026,京都,2,5,1,2026-02-14,https://www.jra.go.jp/datafile/seiseki/report/2026/2026-2kyoto5.pdf,2e2fb05c270a39a319558ee2875d84015df756b87b6b419bc905ae7c3902370e,official_race_marker_verified,1800,flat,dirt,,right,0.0,Maiden,0.0,0,18003歳未勝利発走9時50分(ダート・右)牝;負担重量は、馬齢重量
202608020502,2026,京都,2,5,2,2026-02-14,https://www.jra.go.jp/datafile/seiseki/report/2026/2026-2kyoto5.pdf,2e2fb05c270a39a319558ee2875d84015df756b87b6b419bc905ae7c3902370e,official_race_marker_verified,1200,flat,dirt,,right,0.0,Maiden,0.0,0,12003歳未勝利発走10時20分(ダート・右)負担重量は、馬齢重量
202608020503,2026,京都,2,5,3,2026-02-14,https://www.jra.go.jp/datafile/seiseki/report/2026/2026-2kyoto5.pdf,2e2fb05c270a39a319558ee2875d84015df756b87b6b419bc905ae7c3902370e,official_race_marker_verified,1900,flat,dirt,,right,0.0,Maiden,0.0,0,19003歳未勝利発走10時50分(ダート・右)負担重量は、馬齢重量
202608020504,2026,京都,2,5,4,2026-02-14,https://www.jra.go.jp/datafile/seiseki/report/2026/2026-2kyoto5.pdf,2e2fb05c270a39a319558ee2875d84015df756b87b6b419bc905ae7c3902370e,official_race_marker_verified,1400,flat,dirt,,right,0.0,Maiden,0.0,0,14003歳未勝利発走11時20分(ダート・右)負担重量は、馬齢重量
202608020505,2026,京都,2,5,5,2026-02-14,https://www.jra.go.jp/datafile/seiseki/report/2026/2026-2kyoto5.pdf,2e2fb05c270a39a319558ee2875d84015df756b87b6b419bc905ae7c3902370e,official_race_marker_verified,1800,flat,dirt,,right,0.0,Newcomer,0.0,0,18003歳新馬発走12時10分(ダート・右)負担重量は、馬齢重量
202608020506,2026,京都,2,5,6,2026-02-14,https://www.jra.go.jp/datafile/seiseki/report/2026/2026-2kyoto5.pdf,2e2fb05c270a39a319558ee2875d84015df756b87b6b419bc905ae7c3902370e,official_race_marker_verified,1800,flat,turf,outer,right,0.0,Maiden,0.0,0,18003歳未勝利発走12時40分(芝・右・外)負担重量は、馬齢重量
202608020507,2026,京都,2,5,7,2026-02-14,https://www.jra.go.jp/datafile/seiseki/report/2026/2026-2kyoto5.pdf,2e2fb05c270a39a319558ee2875d84015df756b87b6b419bc905ae7c3902370e,official_race_marker_verified,1400,flat,dirt,,right,,Class1,0.0,0,14004歳以上1勝クラス発走13時10分(ダート・右)負担重量は、58、牝馬2減
202608020508,2026,京都,2,5,8,2026-02-14,https://www.jra.go.jp/datafile/seiseki/report/2026/2026-2kyoto5.pdf,2e2fb05c270a39a319558ee2875d84015df756b87b6b419bc905ae7c3902370e,official_race_marker_verified,1900,flat,dirt,,right,,Class2,0.0,0,19004歳以上2勝クラス発走13時45分(ダート・右)負担重量は、4歳575歳以上58、牝馬2減
202608020509,2026,京都,2,5,9,2026-02-14,https://www.jra.go.jp/datafile/seiseki/report/2026/2026-2kyoto5.pdf,2e2fb05c270a39a319558ee2875d84015df756b87b6b419bc905ae7c3902370e,official_race_marker_verified,1600,flat,turf,,right,0.0,Class1,0.0,0,1600こぶし賞発走14時20分(芝・右)3歳、1勝クラス;負担重量は、馬齢重量賞品
202608020510,2026,京都,2,5,10,2026-02-14,https://www.jra.go.jp/datafile/seiseki/report/2026/2026-2kyoto5.pdf,2e2fb05c270a39a319558ee2875d84015df756b87b6b419bc905ae7c3902370e,official_race_marker_verified,2000,flat,turf,,right,,Maiden,0.0,0,2000あすか飛鳥ステークス発走14時55分(芝・右)4歳以上、3勝クラス、除未出走馬および未勝利馬;負担重量は、4歳575歳以上58、牝馬2減賞品
202608020511,2026,京都,2,5,11,2026-02-14,https://www.jra.go.jp/datafile/seiseki/report/2026/2026-2kyoto5.pdf,2e2fb05c270a39a319558ee2875d84015df756b87b6b419bc905ae7c3902370e,official_race_marker_verified,1600,flat,turf,outer,right,1.0,Maiden,0.0,0,1600らくよう洛陽ステークス(L)発走15時30分(芝・右・外)4歳以上、除未出走馬および未勝利馬;負担重量は、ハンデキャップ賞品
202608020512,2026,京都,2,5,12,2026-02-14,https://www.jra.go.jp/datafile/seiseki/report/2026/2026-2kyoto5.pdf,2e2fb05c270a39a319558ee2875d84015df756b87b6b419bc905ae7c3902370e,official_race_marker_verified,1200,flat,dirt,,right,,Class1,0.0,0,12004歳以上1勝クラス発走16時10分(ダート・右)負担重量は、58、牝馬2減
202608020601,2026,京都,2,6,1,2026-02-15,https://www.jra.go.jp/datafile/seiseki/report/2026/2026-2kyoto6.pdf,d1a0cb9335435829cb6769b855d1c33fdb0fdb6d2e39b36fe2fafe91ebdb31a2,official_race_marker_verified,1800,flat,dirt,,right,0.0,Maiden,0.0,0,18003歳未勝利発走9時55分(ダート・右)負担重量は、馬齢重量
202608020602,2026,京都,2,6,2,2026-02-15,https://www.jra.go.jp/datafile/seiseki/report/2026/2026-2kyoto6.pdf,d1a0cb9335435829cb6769b855d1c33fdb0fdb6d2e39b36fe2fafe91ebdb31a2,official_race_marker_verified,1200,flat,dirt,,right,0.0,Newcomer,0.0,0,12003歳新馬発走10時25分(ダート・右)負担重量は、馬齢重量
202608020603,2026,京都,2,6,3,2026-02-15,https://www.jra.go.jp/datafile/seiseki/report/2026/2026-2kyoto6.pdf,d1a0cb9335435829cb6769b855d1c33fdb0fdb6d2e39b36fe2fafe91ebdb31a2,official_race_marker_verified,1400,flat,dirt,,right,0.0,Maiden,0.0,0,14003歳未勝利発走10時55分(ダート・右)負担重量は、馬齢重量
202608020604,2026,京都,2,6,4,2026-02-15,https://www.jra.go.jp/datafile/seiseki/report/2026/2026-2kyoto6.pdf,d1a0cb9335435829cb6769b855d1c33fdb0fdb6d2e39b36fe2fafe91ebdb31a2,official_race_marker_verified,1900,flat,dirt,,right,0.0,Class1,0.0,0,19003歳1勝クラス発走11時25分(ダート・右)負担重量は、馬齢重量
202608020605,2026,京都,2,6,5,2026-02-15,https://www.jra.go.jp/datafile/seiseki/report/2026/2026-2kyoto6.pdf,d1a0cb9335435829cb6769b855d1c33fdb0fdb6d2e39b36fe2fafe91ebdb31a2,official_race_marker_verified,2000,flat,turf,,right,0.0,Maiden,0.0,0,20003歳未勝利発走12時15分(芝・右)牝;負担重量は、馬齢重量
202608020606,2026,京都,2,6,6,2026-02-15,https://www.jra.go.jp/datafile/seiseki/report/2026/2026-2kyoto6.pdf,d1a0cb9335435829cb6769b855d1c33fdb0fdb6d2e39b36fe2fafe91ebdb31a2,official_race_marker_verified,1600,flat,turf,,right,0.0,Maiden,0.0,0,16003歳未勝利発走12時45分(芝・右)負担重量は、馬齢重量
202608020607,2026,京都,2,6,7,2026-02-15,https://www.jra.go.jp/datafile/seiseki/report/2026/2026-2kyoto6.pdf,d1a0cb9335435829cb6769b855d1c33fdb0fdb6d2e39b36fe2fafe91ebdb31a2,official_race_marker_verified,1800,flat,dirt,,right,,Class1,0.0,0,18004歳以上1勝クラス発走13時15分(ダート・右)負担重量は、4歳575歳以上58、牝馬2減
202608020608,2026,京都,2,6,8,2026-02-15,https://www.jra.go.jp/datafile/seiseki/report/2026/2026-2kyoto6.pdf,d1a0cb9335435829cb6769b855d1c33fdb0fdb6d2e39b36fe2fafe91ebdb31a2,official_race_marker_verified,2000,flat,turf,,right,,Class1,0.0,0,20004歳以上1勝クラス発走13時45分(芝・右)負担重量は、4歳575歳以上58、牝馬2減
202608020609,2026,京都,2,6,9,2026-02-15,https://www.jra.go.jp/datafile/seiseki/report/2026/2026-2kyoto6.pdf,d1a0cb9335435829cb6769b855d1c33fdb0fdb6d2e39b36fe2fafe91ebdb31a2,official_race_marker_verified,1800,flat,turf,outer,right,,Class2,0.0,0,1800かすが春日特別発走14時15分(芝・右・外)4歳以上、2勝クラス;負担重量は、4歳575歳以上58、牝馬2減賞品
202608020610,2026,京都,2,6,10,2026-02-15,https://www.jra.go.jp/datafile/seiseki/report/2026/2026-2kyoto6.pdf,d1a0cb9335435829cb6769b855d1c33fdb0fdb6d2e39b36fe2fafe91ebdb31a2,official_race_marker_verified,1800,flat,dirt,,right,,Maiden,0.0,0,1800きたやま北山ステークス発走14時50分(ダート・右)4歳以上、3勝クラス、除未出走馬および未勝利馬;負担重量は、4歳575歳以上58、牝馬2減賞品
202608020611,2026,京都,2,6,11,2026-02-15,https://www.jra.go.jp/datafile/seiseki/report/2026/2026-2kyoto6.pdf,d1a0cb9335435829cb6769b855d1c33fdb0fdb6d2e39b36fe2fafe91ebdb31a2,official_race_marker_verified,2200,flat,turf,outer,right,,Open,1.0,1,第119回農林水産省賞典2200京都記念(GII)発走15時30分(芝・右・外)4歳以上、除未出走馬および未勝利馬;負担重量は、4歳565歳以上57、牝馬2減、2025.2.15以降GI競走(牝馬限定競走を除く)1着馬2増、牝馬限定GI競走またはGII競走(牝馬限定競走を除く)1着馬1増、2025.2.14以前のGI競走(牝馬限定競走を除く)1着馬1増(ただし2歳時の成績を除く)農林水産大臣賞(1着)賞品
202608020612,2026,京都,2,6,12,2026-02-15,https://www.jra.go.jp/datafile/seiseki/report/2026/2026-2kyoto6.pdf,d1a0cb9335435829cb6769b855d1c33fdb0fdb6d2e39b36fe2fafe91ebdb31a2,official_race_marker_verified,1200,flat,dirt,,right,,Class2,0.0,0,12004歳以上2勝クラス発走16時10分(ダート・右)牝;負担重量は、56
202608030101,2026,京都,3,1,1,2026-04-25,https://www.jra.go.jp/datafile/seiseki/report/2026/2026-3kyoto1.pdf,4ca85b5394c403a012b2f42d4caa3e7de2ed55bc51a7557af922087f85dc7feb,official_race_marker_verified,1800,flat,dirt,,right,0.0,Maiden,0.0,0,18003歳未勝利発走9時55分(ダート・右)負担重量は、馬齢重量
202608030102,2026,京都,3,1,2,2026-04-25,https://www.jra.go.jp/datafile/seiseki/report/2026/2026-3kyoto1.pdf,4ca85b5394c403a012b2f42d4caa3e7de2ed55bc51a7557af922087f85dc7feb,official_race_marker_verified,1400,flat,dirt,,right,0.0,Maiden,0.0,0,14003歳未勝利発走10時25分(ダート・右)負担重量は、馬齢重量
202608030103,2026,京都,3,1,3,2026-04-25,https://www.jra.go.jp/datafile/seiseki/report/2026/2026-3kyoto1.pdf,4ca85b5394c403a012b2f42d4caa3e7de2ed55bc51a7557af922087f85dc7feb,official_race_marker_verified,1800,flat,turf,outer,right,0.0,Maiden,0.0,0,18003歳未勝利発走10時55分(芝・右・外)牝;負担重量は、馬齢重量
202608030104,2026,京都,3,1,4,2026-04-25,https://www.jra.go.jp/datafile/seiseki/report/2026/2026-3kyoto1.pdf,4ca85b5394c403a012b2f42d4caa3e7de2ed55bc51a7557af922087f85dc7feb,official_race_marker_verified,3170,obstacle,turf,,,,Open,1.0,0,3170障害4歳以上オープン発走11時25分(芝・ダート)負担重量は、4歳595歳以上60、牝馬2減、収得賞金700万円毎1増
202608030105,2026,京都,3,1,5,2026-04-25,https://www.jra.go.jp/datafile/seiseki/report/2026/2026-3kyoto1.pdf,4ca85b5394c403a012b2f42d4caa3e7de2ed55bc51a7557af922087f85dc7feb,official_race_marker_verified,2200,flat,turf,outer,right,0.0,Maiden,0.0,0,22003歳未勝利発走12時15分(芝・右・外)負担重量は、馬齢重量
202608030106,2026,京都,3,1,6,2026-04-25,https://www.jra.go.jp/datafile/seiseki/report/2026/2026-3kyoto1.pdf,4ca85b5394c403a012b2f42d4caa3e7de2ed55bc51a7557af922087f85dc7feb,official_race_marker_verified,1600,flat,turf,,right,0.0,Maiden,0.0,0,16003歳未勝利発走12時45分(芝・右)負担重量は、馬齢重量
202608030107,2026,京都,3,1,7,2026-04-25,https://www.jra.go.jp/datafile/seiseki/report/2026/2026-3kyoto1.pdf,4ca85b5394c403a012b2f42d4caa3e7de2ed55bc51a7557af922087f85dc7feb,official_race_marker_verified,1800,flat,dirt,,right,0.0,Class1,0.0,0,18003歳1勝クラス発走13時15分(ダート・右)負担重量は、馬齢重量
202608030108,2026,京都,3,1,8,2026-04-25,https://www.jra.go.jp/datafile/seiseki/report/2026/2026-3kyoto1.pdf,4ca85b5394c403a012b2f42d4caa3e7de2ed55bc51a7557af922087f85dc7feb,official_race_marker_verified,1800,flat,turf,outer,right,0.0,Class1,0.0,0,1800あやめ賞発走13時45分(番組第9競走を順序変更)(芝・右・外)3歳、1勝クラス;負担重量は、馬齢重量賞品
202608030109,2026,京都,3,1,9,2026-04-25,https://www.jra.go.jp/datafile/seiseki/report/2026/2026-3kyoto1.pdf,4ca85b5394c403a012b2f42d4caa3e7de2ed55bc51a7557af922087f85dc7feb,official_race_marker_verified,1400,flat,turf,outer,right,,Class1,0.0,0,14004歳以上1勝クラス発走14時15分(番組第8競走を順序変更)(芝・右・外)負担重量は、58、牝馬2減
202608030110,2026,京都,3,1,10,2026-04-25,https://www.jra.go.jp/datafile/seiseki/report/2026/2026-3kyoto1.pdf,4ca85b5394c403a012b2f42d4caa3e7de2ed55bc51a7557af922087f85dc7feb,official_race_marker_verified,1800,flat,dirt,,right,,Maiden,0.0,0,1800かんげつきょう観月橋ステークス発走14時50分(ダート・右)4歳以上、3勝クラス、除未出走馬および未勝利馬;負担重量は、58、牝馬2減賞品
202608030111,2026,京都,3,1,11,2026-04-25,https://www.jra.go.jp/datafile/seiseki/report/2026/2026-3kyoto1.pdf,4ca85b5394c403a012b2f42d4caa3e7de2ed55bc51a7557af922087f85dc7feb,official_race_marker_verified,1200,flat,dirt,,right,,Maiden,0.0,0,1200てんのうざん天王山ステークス発走15時30分(ダート・右)4歳以上、除未出走馬および未勝利馬;負担重量は、日本馬:57、牝馬2減、収得賞金1600万円超過馬は超過額1200万円毎1増、:57、牝馬2減、GI競走1着馬5増、GII競走1着馬3増、GIII競走1着馬1増(ただし2歳時の成績を除く)賞品
202608030112,2026,京都,3,1,12,2026-04-25,https://www.jra.go.jp/datafile/seiseki/report/2026/2026-3kyoto1.pdf,4ca85b5394c403a012b2f42d4caa3e7de2ed55bc51a7557af922087f85dc7feb,official_race_marker_verified,1600,flat,turf,outer,right,,Class2,0.0,0,16004歳以上2勝クラス発走16時10分(芝・右・外)負担重量は、58、牝馬2減
202608031001,2026,京都,3,10,1,2026-05-24,https://www.jra.go.jp/datafile/seiseki/report/2026/2026-3kyoto10.pdf,6762a4726d133138d097e95a66689a83297dd4e80456cc9bdd9e5826793ff97b,official_race_marker_verified,1800,flat,dirt,,right,0.0,Maiden,0.0,0,18003歳未勝利発走9時50分(ダート・右)牝;負担重量は、馬齢重量
202608031002,2026,京都,3,10,2,2026-05-24,https://www.jra.go.jp/datafile/seiseki/report/2026/2026-3kyoto10.pdf,6762a4726d133138d097e95a66689a83297dd4e80456cc9bdd9e5826793ff97b,official_race_marker_verified,1900,flat,dirt,,right,0.0,Maiden,0.0,0,19003歳未勝利発走10時20分(ダート・右)負担重量は、馬齢重量
202608031003,2026,京都,3,10,3,2026-05-24,https://www.jra.go.jp/datafile/seiseki/report/2026/2026-3kyoto10.pdf,6762a4726d133138d097e95a66689a83297dd4e80456cc9bdd9e5826793ff97b,official_race_marker_verified,1600,flat,turf,,right,0.0,Maiden,0.0,0,16003歳未勝利発走10時50分(芝・右)負担重量は、馬齢重量
202608031004,2026,京都,3,10,4,2026-05-24,https://www.jra.go.jp/datafile/seiseki/report/2026/2026-3kyoto10.pdf,6762a4726d133138d097e95a66689a83297dd4e80456cc9bdd9e5826793ff97b,official_race_marker_verified,2000,flat,turf,,right,0.0,Maiden,0.0,0,20003歳未勝利発走11時20分(芝・右)負担重量は、馬齢重量
202608031005,2026,京都,3,10,5,2026-05-24,https://www.jra.go.jp/datafile/seiseki/report/2026/2026-3kyoto10.pdf,6762a4726d133138d097e95a66689a83297dd4e80456cc9bdd9e5826793ff97b,official_race_marker_verified,1200,flat,turf,,right,0.0,Class1,0.0,0,12003歳1勝クラス発走12時10分(芝・右)負担重量は、馬齢重量
202608031006,2026,京都,3,10,6,2026-05-24,https://www.jra.go.jp/datafile/seiseki/report/2026/2026-3kyoto10.pdf,6762a4726d133138d097e95a66689a83297dd4e80456cc9bdd9e5826793ff97b,official_race_marker_verified,1900,flat,dirt,,right,0.0,Class1,0.0,0,19003歳1勝クラス発走12時40分(ダート・右)負担重量は、馬齢重量
202608031007,2026,京都,3,10,7,2026-05-24,https://www.jra.go.jp/datafile/seiseki/report/2026/2026-3kyoto10.pdf,6762a4726d133138d097e95a66689a83297dd4e80456cc9bdd9e5826793ff97b,official_race_marker_verified,1400,flat,turf,outer,right,,Class1,0.0,0,14004歳以上1勝クラス発走13時10分(芝・右・外)負担重量は、58、牝馬2減
202608031008,2026,京都,3,10,8,2026-05-24,https://www.jra.go.jp/datafile/seiseki/report/2026/2026-3kyoto10.pdf,6762a4726d133138d097e95a66689a83297dd4e80456cc9bdd9e5826793ff97b,official_race_marker_verified,1800,flat,dirt,,right,,Class2,0.0,0,18004歳以上2勝クラス発走13時40分(ダート・右)負担重量は、58、牝馬2減
202608031009,2026,京都,3,10,9,2026-05-24,https://www.jra.go.jp/datafile/seiseki/report/2026/2026-3kyoto10.pdf,6762a4726d133138d097e95a66689a83297dd4e80456cc9bdd9e5826793ff97b,official_race_marker_verified,1800,flat,turf,outer,right,,Class2,0.0,0,1800しょうごいん聖護院特別発走14時15分(芝・右・外)4歳以上、2勝クラス;負担重量は、58、牝馬2減賞品
202608031010,2026,京都,3,10,10,2026-05-24,https://www.jra.go.jp/datafile/seiseki/report/2026/2026-3kyoto10.pdf,6762a4726d133138d097e95a66689a83297dd4e80456cc9bdd9e5826793ff97b,official_race_marker_verified,1200,flat,dirt,,right,,Maiden,0.0,0,1200たかせがわ高瀬川ステークス発走14時50分(ダート・右)4歳以上、3勝クラス、除未出走馬および未勝利馬;負担重量は、58、牝馬2減賞品
202608031011,2026,京都,3,10,11,2026-05-24,https://www.jra.go.jp/datafile/seiseki/report/2026/2026-3kyoto10.pdf,6762a4726d133138d097e95a66689a83297dd4e80456cc9bdd9e5826793ff97b,official_race_marker_verified,1800,flat,turf,outer,right,1.0,Maiden,0.0,0,1800みやこおおじ都大路ステークス(L)発走15時25分(芝・右・外)4歳以上、除未出走馬および未勝利馬;負担重量は、ハンデキャップ賞品
202608031012,2026,京都,3,10,12,2026-05-24,https://www.jra.go.jp/datafile/seiseki/report/2026/2026-3kyoto10.pdf,6762a4726d133138d097e95a66689a83297dd4e80456cc9bdd9e5826793ff97b,official_race_marker_verified,1400,flat,dirt,,right,,Class1,0.0,0,14004歳以上1勝クラス発走16時10分(ダート・右)負担重量は、58、牝馬2減
202608031101,2026,京都,3,11,1,2026-05-30,https://www.jra.go.jp/datafile/seiseki/report/2026/2026-3kyoto11.pdf,df040a9337d3b0e1bd6418ddd3e5fd9bd8aaf05a4a52ca23dd6d82ef91b15b45,official_race_marker_verified,1400,flat,dirt,,right,0.0,Maiden,0.0,0,14003歳未勝利発走10時05分(ダート・右)負担重量は、馬齢重量
202608031102,2026,京都,3,11,2,2026-05-30,https://www.jra.go.jp/datafile/seiseki/report/2026/2026-3kyoto11.pdf,df040a9337d3b0e1bd6418ddd3e5fd9bd8aaf05a4a52ca23dd6d82ef91b15b45,official_race_marker_verified,1800,flat,dirt,,right,0.0,Maiden,0.0,0,18003歳未勝利発走10時35分(ダート・右)負担重量は、馬齢重量
202608031103,2026,京都,3,11,3,2026-05-30,https://www.jra.go.jp/datafile/seiseki/report/2026/2026-3kyoto11.pdf,df040a9337d3b0e1bd6418ddd3e5fd9bd8aaf05a4a52ca23dd6d82ef91b15b45,official_race_marker_verified,1400,flat,turf,,right,0.0,Maiden,0.0,0,14003歳未勝利発走11時05分(芝・右)負担重量は、馬齢重量
202608031104,2026,京都,3,11,4,2026-05-30,https://www.jra.go.jp/datafile/seiseki/report/2026/2026-3kyoto11.pdf,df040a9337d3b0e1bd6418ddd3e5fd9bd8aaf05a4a52ca23dd6d82ef91b15b45,official_race_marker_verified,2400,flat,turf,outer,right,0.0,Maiden,0.0,0,24003歳未勝利発走11時35分(芝・右・外)負担重量は、馬齢重量
202608031105,2026,京都,3,11,5,2026-05-30,https://www.jra.go.jp/datafile/seiseki/report/2026/2026-3kyoto11.pdf,df040a9337d3b0e1bd6418ddd3e5fd9bd8aaf05a4a52ca23dd6d82ef91b15b45,official_race_marker_verified,1800,flat,turf,outer,right,0.0,Maiden,0.0,0,18003歳未勝利発走12時25分(芝・右・外)負担重量は、馬齢重量
202608031106,2026,京都,3,11,6,2026-05-30,https://www.jra.go.jp/datafile/seiseki/report/2026/2026-3kyoto11.pdf,df040a9337d3b0e1bd6418ddd3e5fd9bd8aaf05a4a52ca23dd6d82ef91b15b45,official_race_marker_verified,1800,flat,dirt,,right,,Class1,0.0,0,18004歳以上1勝クラス発走12時55分(ダート・右)負担重量は、58、牝馬2減
202608031107,2026,京都,3,11,7,2026-05-30,https://www.jra.go.jp/datafile/seiseki/report/2026/2026-3kyoto11.pdf,df040a9337d3b0e1bd6418ddd3e5fd9bd8aaf05a4a52ca23dd6d82ef91b15b45,official_race_marker_verified,1600,flat,turf,outer,right,,Class1,0.0,0,16004歳以上1勝クラス発走13時25分(芝・右・外)負担重量は、58、牝馬2減
202608031108,2026,京都,3,11,8,2026-05-30,https://www.jra.go.jp/datafile/seiseki/report/2026/2026-3kyoto11.pdf,df040a9337d3b0e1bd6418ddd3e5fd9bd8aaf05a4a52ca23dd6d82ef91b15b45,official_race_marker_verified,1400,flat,turf,outer,right,,Class2,0.0,0,14004歳以上2勝クラス発走13時55分(芝・右・外)負担重量は、58、牝馬2減
202608031109,2026,京都,3,11,9,2026-05-30,https://www.jra.go.jp/datafile/seiseki/report/2026/2026-3kyoto11.pdf,df040a9337d3b0e1bd6418ddd3e5fd9bd8aaf05a4a52ca23dd6d82ef91b15b45,official_race_marker_verified,1800,flat,dirt,,right,,Maiden,0.0,0,1800ほうすう鳳雛ステークス(L)発走14時30分(ダート・右)3歳、除未出走馬および未勝利馬;負担重量は、日本馬:馬齢重量、収得賞金1400万円毎1増、:馬齢重量、GI競走1着馬2増、GII競走またはGIII競走1着馬1増賞品
202608031110,2026,京都,3,11,10,2026-05-30,https://www.jra.go.jp/datafile/seiseki/report/2026/2026-3kyoto11.pdf,df040a9337d3b0e1bd6418ddd3e5fd9bd8aaf05a4a52ca23dd6d82ef91b15b45,official_race_marker_verified,1800,flat,dirt,,right,1.0,Maiden,0.0,0,1800ももやま桃山ステークス発走15時05分(ダート・右)4歳以上、3勝クラス、除未出走馬および未勝利馬;負担重量は、ハンデキャップ賞品
202608031111,2026,京都,3,11,11,2026-05-30,https://www.jra.go.jp/datafile/seiseki/report/2026/2026-3kyoto11.pdf,df040a9337d3b0e1bd6418ddd3e5fd9bd8aaf05a4a52ca23dd6d82ef91b15b45,official_race_marker_verified,1200,flat,turf,,right,0.0,Open,1.0,1,1200第9回葵ステークス(GIII)発走15時45分(芝・右)3歳、除未出走馬および未勝利馬;負担重量は、馬齢重量賞品
202608031112,2026,京都,3,11,12,2026-05-30,https://www.jra.go.jp/datafile/seiseki/report/2026/2026-3kyoto11.pdf,df040a9337d3b0e1bd6418ddd3e5fd9bd8aaf05a4a52ca23dd6d82ef91b15b45,official_race_marker_verified,1200,flat,dirt,,right,,Class2,0.0,0,12004歳以上2勝クラス発走16時30分(ダート・右)負担重量は、58、牝馬2減
202608031201,2026,京都,3,12,1,2026-05-31,https://www.jra.go.jp/datafile/seiseki/report/2026/2026-3kyoto12.pdf,a333a2734e5b19f0771abcfccb2fbdef5fda0e9047f7367514c00b9caf0e5c23,official_race_marker_verified,1800,flat,dirt,,right,0.0,Maiden,0.0,0,18003歳未勝利発走9時55分(ダート・右)牝;負担重量は、馬齢重量
202608031202,2026,京都,3,12,2,2026-05-31,https://www.jra.go.jp/datafile/seiseki/report/2026/2026-3kyoto12.pdf,a333a2734e5b19f0771abcfccb2fbdef5fda0e9047f7367514c00b9caf0e5c23,official_race_marker_verified,1200,flat,dirt,,right,0.0,Maiden,0.0,0,12003歳未勝利発走10時25分(ダート・右)負担重量は、馬齢重量
202608031203,2026,京都,3,12,3,2026-05-31,https://www.jra.go.jp/datafile/seiseki/report/2026/2026-3kyoto12.pdf,a333a2734e5b19f0771abcfccb2fbdef5fda0e9047f7367514c00b9caf0e5c23,official_race_marker_verified,1900,flat,dirt,,right,0.0,Maiden,0.0,0,19003歳未勝利発走10時55分(ダート・右)負担重量は、馬齢重量
202608031204,2026,京都,3,12,4,2026-05-31,https://www.jra.go.jp/datafile/seiseki/report/2026/2026-3kyoto12.pdf,a333a2734e5b19f0771abcfccb2fbdef5fda0e9047f7367514c00b9caf0e5c23,official_race_marker_verified,3170,obstacle,turf,,,,Open,1.0,0,3170障害4歳以上オープン発走11時25分(芝・ダート)負担重量は、4歳595歳以上60、牝馬2減、収得賞金700万円毎1増
202608031205,2026,京都,3,12,5,2026-05-31,https://www.jra.go.jp/datafile/seiseki/report/2026/2026-3kyoto12.pdf,a333a2734e5b19f0771abcfccb2fbdef5fda0e9047f7367514c00b9caf0e5c23,official_race_marker_verified,1600,flat,turf,,right,0.0,Maiden,0.0,0,16003歳未勝利発走12時25分(芝・右)負担重量は、馬齢重量
202608031206,2026,京都,3,12,6,2026-05-31,https://www.jra.go.jp/datafile/seiseki/report/2026/2026-3kyoto12.pdf,a333a2734e5b19f0771abcfccb2fbdef5fda0e9047f7367514c00b9caf0e5c23,official_race_marker_verified,1400,flat,dirt,,right,0.0,Class1,0.0,0,14003歳1勝クラス発走12時55分(ダート・右)負担重量は、馬齢重量
202608031207,2026,京都,3,12,7,2026-05-31,https://www.jra.go.jp/datafile/seiseki/report/2026/2026-3kyoto12.pdf,a333a2734e5b19f0771abcfccb2fbdef5fda0e9047f7367514c00b9caf0e5c23,official_race_marker_verified,2400,flat,turf,outer,right,,Class1,0.0,0,24004歳以上1勝クラス発走13時25分(芝・右・外)負担重量は、58、牝馬2減
202608031208,2026,京都,3,12,8,2026-05-31,https://www.jra.go.jp/datafile/seiseki/report/2026/2026-3kyoto12.pdf,a333a2734e5b19f0771abcfccb2fbdef5fda0e9047f7367514c00b9caf0e5c23,official_race_marker_verified,2000,flat,turf,,right,,Class2,0.0,0,20004歳以上2勝クラス発走14時00分(芝・右)牝;負担重量は、56
202608031209,2026,京都,3,12,9,2026-05-31,https://www.jra.go.jp/datafile/seiseki/report/2026/2026-3kyoto12.pdf,a333a2734e5b19f0771abcfccb2fbdef5fda0e9047f7367514c00b9caf0e5c23,official_race_marker_verified,1800,flat,dirt,,right,,Class2,0.0,0,1800よど與杼特別発走14時35分(ダート・右)4歳以上、2勝クラス;負担重量は、58、牝馬2減賞品
202608031210,2026,京都,3,12,10,2026-05-31,https://www.jra.go.jp/datafile/seiseki/report/2026/2026-3kyoto12.pdf,a333a2734e5b19f0771abcfccb2fbdef5fda0e9047f7367514c00b9caf0e5c23,official_race_marker_verified,1400,flat,turf,outer,right,1.0,Maiden,0.0,0,1400あづちじょう安土城ステークス(L)発走15時15分(芝・右・外)4歳以上、除未出走馬および未勝利馬;負担重量は、ハンデキャップ賞品
202608031211,2026,京都,3,12,11,2026-05-31,https://www.jra.go.jp/datafile/seiseki/report/2026/2026-3kyoto12.pdf,a333a2734e5b19f0771abcfccb2fbdef5fda0e9047f7367514c00b9caf0e5c23,official_race_marker_verified,1800,flat,turf,outer,right,,Maiden,0.0,0,1800しらゆり白百合ステークス(L)発走16時05分(芝・右・外)3歳、除未出走馬および未勝利馬;負担重量は、日本馬:馬齢重量、収得賞金1200万円毎1増、:馬齢重量、GI競走1着馬2増、GII競走またはGIII競走1着馬1増賞品
202608031212,2026,京都,3,12,12,2026-05-31,https://www.jra.go.jp/datafile/seiseki/report/2026/2026-3kyoto12.pdf,a333a2734e5b19f0771abcfccb2fbdef5fda0e9047f7367514c00b9caf0e5c23,official_race_marker_verified,1400,flat,turf,outer,right,,Maiden,0.0,0,1400とげつきょう渡月橋ステークス発走16時40分(芝・右・外)4歳以上、3勝クラス、除未出走馬および未勝利馬;負担重量は、58、牝馬2減賞品
202608030201,2026,京都,3,2,1,2026-04-26,https://www.jra.go.jp/datafile/seiseki/report/2026/2026-3kyoto2.pdf,615e3e126baa997bacd54e12e9483cf7b6f35b1303d2786353d508a87b575891,official_race_marker_verified,1200,flat,dirt,,right,0.0,Maiden,0.0,0,12003歳未勝利発走9時55分(ダート・右)牝;負担重量は、馬齢重量
202608030202,2026,京都,3,2,2,2026-04-26,https://www.jra.go.jp/datafile/seiseki/report/2026/2026-3kyoto2.pdf,615e3e126baa997bacd54e12e9483cf7b6f35b1303d2786353d508a87b575891,official_race_marker_verified,1800,flat,dirt,,right,0.0,Maiden,0.0,0,18003歳未勝利発走10時25分(ダート・右)負担重量は、馬齢重量
202608030203,2026,京都,3,2,3,2026-04-26,https://www.jra.go.jp/datafile/seiseki/report/2026/2026-3kyoto2.pdf,615e3e126baa997bacd54e12e9483cf7b6f35b1303d2786353d508a87b575891,official_race_marker_verified,1200,flat,turf,,right,0.0,Maiden,0.0,0,12003歳未勝利発走10時55分(芝・右)負担重量は、馬齢重量
202608030204,2026,京都,3,2,4,2026-04-26,https://www.jra.go.jp/datafile/seiseki/report/2026/2026-3kyoto2.pdf,615e3e126baa997bacd54e12e9483cf7b6f35b1303d2786353d508a87b575891,official_race_marker_verified,2910,obstacle,turf,,,,Maiden,0.0,0,2910障害4歳以上未勝利発走11時25分(芝・ダート)負担重量は、4歳595歳以上60、牝馬2減
202608030205,2026,京都,3,2,5,2026-04-26,https://www.jra.go.jp/datafile/seiseki/report/2026/2026-3kyoto2.pdf,615e3e126baa997bacd54e12e9483cf7b6f35b1303d2786353d508a87b575891,official_race_marker_verified,2000,flat,turf,,right,0.0,Maiden,0.0,0,20003歳未勝利発走12時15分(芝・右)負担重量は、馬齢重量
202608030206,2026,京都,3,2,6,2026-04-26,https://www.jra.go.jp/datafile/seiseki/report/2026/2026-3kyoto2.pdf,615e3e126baa997bacd54e12e9483cf7b6f35b1303d2786353d508a87b575891,official_race_marker_verified,1400,flat,dirt,,right,0.0,Class1,0.0,0,14003歳1勝クラス発走12時45分(ダート・右)負担重量は、馬齢重量
202608030207,2026,京都,3,2,7,2026-04-26,https://www.jra.go.jp/datafile/seiseki/report/2026/2026-3kyoto2.pdf,615e3e126baa997bacd54e12e9483cf7b6f35b1303d2786353d508a87b575891,official_race_marker_verified,1800,flat,turf,outer,right,,Class1,0.0,0,18004歳以上1勝クラス発走13時15分(芝・右・外)負担重量は、58、牝馬2減
202608030208,2026,京都,3,2,8,2026-04-26,https://www.jra.go.jp/datafile/seiseki/report/2026/2026-3kyoto2.pdf,615e3e126baa997bacd54e12e9483cf7b6f35b1303d2786353d508a87b575891,official_race_marker_verified,1800,flat,dirt,,right,,Class1,0.0,0,18004歳以上1勝クラス発走13時45分(ダート・右)負担重量は、58、牝馬2減
202608030209,2026,京都,3,2,9,2026-04-26,https://www.jra.go.jp/datafile/seiseki/report/2026/2026-3kyoto2.pdf,615e3e126baa997bacd54e12e9483cf7b6f35b1303d2786353d508a87b575891,official_race_marker_verified,2200,flat,turf,outer,right,1.0,Class2,0.0,0,2200ひらさん比良山特別発走14時15分(芝・右・外)4歳以上、2勝クラス;負担重量は、ハンデキャップ賞品
202608030210,2026,京都,3,2,10,2026-04-26,https://www.jra.go.jp/datafile/seiseki/report/2026/2026-3kyoto2.pdf,615e3e126baa997bacd54e12e9483cf7b6f35b1303d2786353d508a87b575891,official_race_marker_verified,1800,flat,turf,outer,right,1.0,Maiden,0.0,0,1800センテニアル・パークステークス発走14時50分(芝・右・外)4歳以上、3勝クラス、除未出走馬および未勝利馬;負担重量は、ハンデキャップ賞品
202608030211,2026,京都,3,2,11,2026-04-26,https://www.jra.go.jp/datafile/seiseki/report/2026/2026-3kyoto2.pdf,615e3e126baa997bacd54e12e9483cf7b6f35b1303d2786353d508a87b575891,official_race_marker_verified,1600,flat,turf,outer,right,,Open,1.0,1,1600第57回読売マイラーズカップ(GII)発走15時30分(芝・右・外)4歳以上、除未出走馬および未勝利馬;負担重量は、57、牝馬2減、2025.4.26以降GI競走(牝馬限定競走を除く)1着馬2増、牝馬限定GI競走またはGII競走(牝馬限定競走を除く)1着馬1増、2025.4.25以前のGI競走(牝馬限定競走を除く)1着馬1増(ただし2歳時の成績を除く)読売新聞社賞(1着)賞品
202608030212,2026,京都,3,2,12,2026-04-26,https://www.jra.go.jp/datafile/seiseki/report/2026/2026-3kyoto2.pdf,615e3e126baa997bacd54e12e9483cf7b6f35b1303d2786353d508a87b575891,official_race_marker_verified,1800,flat,dirt,,right,,Class2,0.0,0,18004歳以上2勝クラス発走16時10分(ダート・右)負担重量は、58、牝馬2減
202608030301,2026,京都,3,3,1,2026-05-02,https://www.jra.go.jp/datafile/seiseki/report/2026/2026-3kyoto3.pdf,b5a68e60d5a6ebdaff6f4ae8db3dc13ca2746b149d177f0da0f6a39a57eda97e,official_race_marker_verified,1200,flat,dirt,,right,0.0,Maiden,0.0,0,12003歳未勝利発走9時55分(ダート・右)負担重量は、馬齢重量
202608030302,2026,京都,3,3,2,2026-05-02,https://www.jra.go.jp/datafile/seiseki/report/2026/2026-3kyoto3.pdf,b5a68e60d5a6ebdaff6f4ae8db3dc13ca2746b149d177f0da0f6a39a57eda97e,official_race_marker_verified,1800,flat,dirt,,right,0.0,Maiden,0.0,0,18003歳未勝利発走10時30分(ダート・右)負担重量は、馬齢重量
202608030303,2026,京都,3,3,3,2026-05-02,https://www.jra.go.jp/datafile/seiseki/report/2026/2026-3kyoto3.pdf,b5a68e60d5a6ebdaff6f4ae8db3dc13ca2746b149d177f0da0f6a39a57eda97e,official_race_marker_verified,1600,flat,turf,,right,0.0,Maiden,0.0,0,16003歳未勝利発走11時00分(芝・右)牝;負担重量は、馬齢重量
202608030304,2026,京都,3,3,4,2026-05-02,https://www.jra.go.jp/datafile/seiseki/report/2026/2026-3kyoto3.pdf,b5a68e60d5a6ebdaff6f4ae8db3dc13ca2746b149d177f0da0f6a39a57eda97e,official_race_marker_verified,1400,flat,turf,,right,0.0,Maiden,0.0,0,14003歳未勝利発走11時30分(芝・右)負担重量は、馬齢重量
202608030305,2026,京都,3,3,5,2026-05-02,https://www.jra.go.jp/datafile/seiseki/report/2026/2026-3kyoto3.pdf,b5a68e60d5a6ebdaff6f4ae8db3dc13ca2746b149d177f0da0f6a39a57eda97e,official_race_marker_verified,2000,flat,turf,,right,0.0,Maiden,0.0,0,20003歳未勝利発走12時20分(芝・右)負担重量は、馬齢重量
202608030306,2026,京都,3,3,6,2026-05-02,https://www.jra.go.jp/datafile/seiseki/report/2026/2026-3kyoto3.pdf,b5a68e60d5a6ebdaff6f4ae8db3dc13ca2746b149d177f0da0f6a39a57eda97e,official_race_marker_verified,1800,flat,dirt,,right,,Class1,0.0,0,18004歳以上1勝クラス発走12時50分(ダート・右)牝;負担重量は、56
202608030307,2026,京都,3,3,7,2026-05-02,https://www.jra.go.jp/datafile/seiseki/report/2026/2026-3kyoto3.pdf,b5a68e60d5a6ebdaff6f4ae8db3dc13ca2746b149d177f0da0f6a39a57eda97e,official_race_marker_verified,1400,flat,turf,outer,right,0.0,Class1,0.0,0,14003歳1勝クラス発走13時20分(芝・右・外)負担重量は、馬齢重量
202608030308,2026,京都,3,3,8,2026-05-02,https://www.jra.go.jp/datafile/seiseki/report/2026/2026-3kyoto3.pdf,b5a68e60d5a6ebdaff6f4ae8db3dc13ca2746b149d177f0da0f6a39a57eda97e,official_race_marker_verified,1400,flat,dirt,,right,,Class1,0.0,0,14004歳以上1勝クラス発走13時50分(ダート・右)負担重量は、58、牝馬2減
202608030309,2026,京都,3,3,9,2026-05-02,https://www.jra.go.jp/datafile/seiseki/report/2026/2026-3kyoto3.pdf,b5a68e60d5a6ebdaff6f4ae8db3dc13ca2746b149d177f0da0f6a39a57eda97e,official_race_marker_verified,2200,flat,turf,outer,right,0.0,Class1,0.0,0,2200やぐるま矢車賞発走14時20分(芝・右・外)牝、3歳、1勝クラス;負担重量は、馬齢重量賞品
202608030310,2026,京都,3,3,10,2026-05-02,https://www.jra.go.jp/datafile/seiseki/report/2026/2026-3kyoto3.pdf,b5a68e60d5a6ebdaff6f4ae8db3dc13ca2746b149d177f0da0f6a39a57eda97e,official_race_marker_verified,1200,flat,dirt,,right,,Class2,0.0,0,1200きょうごく京極特別発走14時55分(ダート・右)4歳以上、2勝クラス;負担重量は、58、牝馬2減賞品
202608030311,2026,京都,3,3,11,2026-05-02,https://www.jra.go.jp/datafile/seiseki/report/2026/2026-3kyoto3.pdf,b5a68e60d5a6ebdaff6f4ae8db3dc13ca2746b149d177f0da0f6a39a57eda97e,official_race_marker_verified,1900,flat,dirt,,right,0.0,Open,1.0,1,1900第31回ユニコーンステークス(GIII)発走15時30分(ダート・右)3歳、除未出走馬および未勝利馬;負担重量は、馬齢重量地方競馬全国協会理事長賞・全国公営競馬主催者協議会会長賞(1着)賞品
202608030312,2026,京都,3,3,12,2026-05-02,https://www.jra.go.jp/datafile/seiseki/report/2026/2026-3kyoto3.pdf,b5a68e60d5a6ebdaff6f4ae8db3dc13ca2746b149d177f0da0f6a39a57eda97e,official_race_marker_verified,1600,flat,turf,outer,right,,Class1,0.0,0,16004歳以上1勝クラス発走16時10分(芝・右・外)負担重量は、58、牝馬2減
202608030401,2026,京都,3,4,1,2026-05-03,https://www.jra.go.jp/datafile/seiseki/report/2026/2026-3kyoto4.pdf,d2f7b9687e55c7cc25e439df3c41976c7860989bc445405b74113df936c7feb9,official_race_marker_verified,1400,flat,dirt,,right,0.0,Maiden,0.0,0,14003歳未勝利発走10時00分(ダート・右)牝;負担重量は、馬齢重量
202608030402,2026,京都,3,4,2,2026-05-03,https://www.jra.go.jp/datafile/seiseki/report/2026/2026-3kyoto4.pdf,d2f7b9687e55c7cc25e439df3c41976c7860989bc445405b74113df936c7feb9,official_race_marker_verified,1900,flat,dirt,,right,0.0,Maiden,0.0,0,19003歳未勝利発走10時30分(ダート・右)負担重量は、馬齢重量
202608030403,2026,京都,3,4,3,2026-05-03,https://www.jra.go.jp/datafile/seiseki/report/2026/2026-3kyoto4.pdf,d2f7b9687e55c7cc25e439df3c41976c7860989bc445405b74113df936c7feb9,official_race_marker_verified,1800,flat,dirt,,right,0.0,Maiden,0.0,0,18003歳未勝利発走11時00分(ダート・右)牝;負担重量は、馬齢重量
202608030404,2026,京都,3,4,4,2026-05-03,https://www.jra.go.jp/datafile/seiseki/report/2026/2026-3kyoto4.pdf,d2f7b9687e55c7cc25e439df3c41976c7860989bc445405b74113df936c7feb9,official_race_marker_verified,2400,flat,turf,outer,right,0.0,Maiden,0.0,0,24003歳未勝利発走11時30分(芝・右・外)負担重量は、馬齢重量
202608030405,2026,京都,3,4,5,2026-05-03,https://www.jra.go.jp/datafile/seiseki/report/2026/2026-3kyoto4.pdf,d2f7b9687e55c7cc25e439df3c41976c7860989bc445405b74113df936c7feb9,official_race_marker_verified,1800,flat,turf,outer,right,0.0,Maiden,0.0,0,18003歳未勝利発走12時20分(芝・右・外)負担重量は、馬齢重量
202608030406,2026,京都,3,4,6,2026-05-03,https://www.jra.go.jp/datafile/seiseki/report/2026/2026-3kyoto4.pdf,d2f7b9687e55c7cc25e439df3c41976c7860989bc445405b74113df936c7feb9,official_race_marker_verified,1400,flat,dirt,,right,0.0,Class1,0.0,0,14003歳1勝クラス発走12時50分(ダート・右)負担重量は、馬齢重量
202608030407,2026,京都,3,4,7,2026-05-03,https://www.jra.go.jp/datafile/seiseki/report/2026/2026-3kyoto4.pdf,d2f7b9687e55c7cc25e439df3c41976c7860989bc445405b74113df936c7feb9,official_race_marker_verified,2000,flat,turf,,right,,Class1,0.0,0,20004歳以上1勝クラス発走13時20分(芝・右)負担重量は、58、牝馬2減
202608030408,2026,京都,3,4,8,2026-05-03,https://www.jra.go.jp/datafile/seiseki/report/2026/2026-3kyoto4.pdf,d2f7b9687e55c7cc25e439df3c41976c7860989bc445405b74113df936c7feb9,official_race_marker_verified,1200,flat,turf,,right,,Class2,0.0,0,1200おいけ御池特別発走13時50分(芝・右)4歳以上、2勝クラス;負担重量は、58、牝馬2減賞品
202608030409,2026,京都,3,4,9,2026-05-03,https://www.jra.go.jp/datafile/seiseki/report/2026/2026-3kyoto4.pdf,d2f7b9687e55c7cc25e439df3c41976c7860989bc445405b74113df936c7feb9,official_race_marker_verified,1800,flat,dirt,,right,,Class2,0.0,0,1800ろくはら六波羅特別発走14時25分(ダート・右)4歳以上、2勝クラス;負担重量は、58、牝馬2減賞品
202608030410,2026,京都,3,4,10,2026-05-03,https://www.jra.go.jp/datafile/seiseki/report/2026/2026-3kyoto4.pdf,d2f7b9687e55c7cc25e439df3c41976c7860989bc445405b74113df936c7feb9,official_race_marker_verified,1200,flat,turf,,right,,Maiden,0.0,0,1200すざく朱雀ステークス発走15時00分(芝・右)4歳以上、3勝クラス、除未出走馬および未勝利馬;負担重量は、58、牝馬2減賞品
202608030411,2026,京都,3,4,11,2026-05-03,https://www.jra.go.jp/datafile/seiseki/report/2026/2026-3kyoto4.pdf,d2f7b9687e55c7cc25e439df3c41976c7860989bc445405b74113df936c7feb9,official_race_marker_verified,3200,flat,turf,outer,right,,Open,1.0,1,3200第173回天皇賞(春)(GI)発走15時40分(芝・右・外)4歳以上、除未出走馬および未勝利馬;負担重量は、58、牝馬2減天皇賞・日本馬主協会連合会会長賞(1着)賞品
202608030412,2026,京都,3,4,12,2026-05-03,https://www.jra.go.jp/datafile/seiseki/report/2026/2026-3kyoto4.pdf,d2f7b9687e55c7cc25e439df3c41976c7860989bc445405b74113df936c7feb9,official_race_marker_verified,1400,flat,dirt,,right,1.0,Maiden,0.0,0,1400ひがしおおじ東大路ステークス発走16時30分(ダート・右)4歳以上、3勝クラス、除未出走馬および未勝利馬;負担重量は、ハンデキャップ賞品
202608030501,2026,京都,3,5,1,2026-05-09,https://www.jra.go.jp/datafile/seiseki/report/2026/2026-3kyoto5.pdf,f1d762a5c443466f0f4fda5d1804072b5f42df6b8cc5d8a9dbebbb95446cd14b,official_race_marker_verified,1400,flat,dirt,,right,0.0,Maiden,0.0,0,14003歳未勝利発走9時55分(ダート・右)負担重量は、馬齢重量
202608030502,2026,京都,3,5,2,2026-05-09,https://www.jra.go.jp/datafile/seiseki/report/2026/2026-3kyoto5.pdf,f1d762a5c443466f0f4fda5d1804072b5f42df6b8cc5d8a9dbebbb95446cd14b,official_race_marker_verified,1800,flat,dirt,,right,0.0,Maiden,0.0,0,18003歳未勝利発走10時30分(ダート・右)負担重量は、馬齢重量
202608030503,2026,京都,3,5,3,2026-05-09,https://www.jra.go.jp/datafile/seiseki/report/2026/2026-3kyoto5.pdf,f1d762a5c443466f0f4fda5d1804072b5f42df6b8cc5d8a9dbebbb95446cd14b,official_race_marker_verified,1400,flat,turf,,right,0.0,Maiden,0.0,0,14003歳未勝利発走11時00分(芝・右)負担重量は、馬齢重量
202608030504,2026,京都,3,5,4,2026-05-09,https://www.jra.go.jp/datafile/seiseki/report/2026/2026-3kyoto5.pdf,f1d762a5c443466f0f4fda5d1804072b5f42df6b8cc5d8a9dbebbb95446cd14b,official_race_marker_verified,2000,flat,turf,,right,0.0,Maiden,0.0,0,20003歳未勝利発走11時30分(芝・右)牝;負担重量は、馬齢重量
202608030505,2026,京都,3,5,5,2026-05-09,https://www.jra.go.jp/datafile/seiseki/report/2026/2026-3kyoto5.pdf,f1d762a5c443466f0f4fda5d1804072b5f42df6b8cc5d8a9dbebbb95446cd14b,official_race_marker_verified,1600,flat,turf,,right,0.0,Class1,0.0,0,16003歳1勝クラス発走12時20分(芝・右)負担重量は、馬齢重量
202608030506,2026,京都,3,5,6,2026-05-09,https://www.jra.go.jp/datafile/seiseki/report/2026/2026-3kyoto5.pdf,f1d762a5c443466f0f4fda5d1804072b5f42df6b8cc5d8a9dbebbb95446cd14b,official_race_marker_verified,1200,flat,dirt,,right,0.0,Class1,0.0,0,12003歳1勝クラス発走12時50分(ダート・右)負担重量は、馬齢重量
202608030507,2026,京都,3,5,7,2026-05-09,https://www.jra.go.jp/datafile/seiseki/report/2026/2026-3kyoto5.pdf,f1d762a5c443466f0f4fda5d1804072b5f42df6b8cc5d8a9dbebbb95446cd14b,official_race_marker_verified,1900,flat,dirt,,right,,Class1,0.0,0,19004歳以上1勝クラス発走13時20分(ダート・右)負担重量は、58、牝馬2減
202608030508,2026,京都,3,5,8,2026-05-09,https://www.jra.go.jp/datafile/seiseki/report/2026/2026-3kyoto5.pdf,f1d762a5c443466f0f4fda5d1804072b5f42df6b8cc5d8a9dbebbb95446cd14b,official_race_marker_verified,1400,flat,dirt,,right,,Class1,0.0,0,14004歳以上1勝クラス発走13時50分(ダート・右)牝;負担重量は、56
202608030509,2026,京都,3,5,9,2026-05-09,https://www.jra.go.jp/datafile/seiseki/report/2026/2026-3kyoto5.pdf,f1d762a5c443466f0f4fda5d1804072b5f42df6b8cc5d8a9dbebbb95446cd14b,official_race_marker_verified,1600,flat,turf,outer,right,,Class2,0.0,0,1600くみやま久御山特別発走14時20分(芝・右・外)4歳以上、2勝クラス;負担重量は、58、牝馬2減賞品
202608030510,2026,京都,3,5,10,2026-05-09,https://www.jra.go.jp/datafile/seiseki/report/2026/2026-3kyoto5.pdf,f1d762a5c443466f0f4fda5d1804072b5f42df6b8cc5d8a9dbebbb95446cd14b,official_race_marker_verified,2000,flat,turf,,right,,Class2,0.0,0,2000かもがわ鴨川特別発走14時55分(芝・右)4歳以上、2勝クラス;負担重量は、58、牝馬2減賞品
202608030511,2026,京都,3,5,11,2026-05-09,https://www.jra.go.jp/datafile/seiseki/report/2026/2026-3kyoto5.pdf,f1d762a5c443466f0f4fda5d1804072b5f42df6b8cc5d8a9dbebbb95446cd14b,official_race_marker_verified,2200,flat,turf,outer,right,0.0,Open,1.0,1,2200第74回京都新聞杯(GII)発走15時30分(芝・右・外)3歳、除未出走馬および未勝利馬;負担重量は、馬齢重量京都新聞杯(1着)賞品
202608030512,2026,京都,3,5,12,2026-05-09,https://www.jra.go.jp/datafile/seiseki/report/2026/2026-3kyoto5.pdf,f1d762a5c443466f0f4fda5d1804072b5f42df6b8cc5d8a9dbebbb95446cd14b,official_race_marker_verified,1800,flat,dirt,,right,,Class2,0.0,0,18004歳以上2勝クラス発走16時10分(ダート・右)負担重量は、58、牝馬2減
202608030601,2026,京都,3,6,1,2026-05-10,https://www.jra.go.jp/datafile/seiseki/report/2026/2026-3kyoto6.pdf,829a1aff71017f7b5c5484ac6810102d6196c8d1982f63a51f856bfe7a0cc27d,official_race_marker_verified,1800,flat,dirt,,right,0.0,Maiden,0.0,0,18003歳未勝利発走9時55分(ダート・右)牝;負担重量は、馬齢重量
202608030602,2026,京都,3,6,2,2026-05-10,https://www.jra.go.jp/datafile/seiseki/report/2026/2026-3kyoto6.pdf,829a1aff71017f7b5c5484ac6810102d6196c8d1982f63a51f856bfe7a0cc27d,official_race_marker_verified,1200,flat,dirt,,right,0.0,Maiden,0.0,0,12003歳未勝利発走10時25分(ダート・右)負担重量は、馬齢重量
202608030603,2026,京都,3,6,3,2026-05-10,https://www.jra.go.jp/datafile/seiseki/report/2026/2026-3kyoto6.pdf,829a1aff71017f7b5c5484ac6810102d6196c8d1982f63a51f856bfe7a0cc27d,official_race_marker_verified,1900,flat,dirt,,right,0.0,Maiden,0.0,0,19003歳未勝利発走10時55分(ダート・右)負担重量は、馬齢重量
202608030604,2026,京都,3,6,4,2026-05-10,https://www.jra.go.jp/datafile/seiseki/report/2026/2026-3kyoto6.pdf,829a1aff71017f7b5c5484ac6810102d6196c8d1982f63a51f856bfe7a0cc27d,official_race_marker_verified,1600,flat,turf,,right,0.0,Maiden,0.0,0,16003歳未勝利発走11時25分(芝・右)負担重量は、馬齢重量
202608030605,2026,京都,3,6,5,2026-05-10,https://www.jra.go.jp/datafile/seiseki/report/2026/2026-3kyoto6.pdf,829a1aff71017f7b5c5484ac6810102d6196c8d1982f63a51f856bfe7a0cc27d,official_race_marker_verified,2000,flat,turf,,right,0.0,Maiden,0.0,0,20003歳未勝利発走12時15分(芝・右)負担重量は、馬齢重量
202608030606,2026,京都,3,6,6,2026-05-10,https://www.jra.go.jp/datafile/seiseki/report/2026/2026-3kyoto6.pdf,829a1aff71017f7b5c5484ac6810102d6196c8d1982f63a51f856bfe7a0cc27d,official_race_marker_verified,2200,flat,turf,outer,right,,Class1,0.0,0,22004歳以上1勝クラス発走12時45分(芝・右・外)負担重量は、58、牝馬2減
202608030607,2026,京都,3,6,7,2026-05-10,https://www.jra.go.jp/datafile/seiseki/report/2026/2026-3kyoto6.pdf,829a1aff71017f7b5c5484ac6810102d6196c8d1982f63a51f856bfe7a0cc27d,official_race_marker_verified,1800,flat,dirt,,right,0.0,Class1,0.0,0,18003歳1勝クラス発走13時15分(ダート・右)牝;負担重量は、馬齢重量
202608030608,2026,京都,3,6,8,2026-05-10,https://www.jra.go.jp/datafile/seiseki/report/2026/2026-3kyoto6.pdf,829a1aff71017f7b5c5484ac6810102d6196c8d1982f63a51f856bfe7a0cc27d,official_race_marker_verified,1200,flat,turf,,right,,Class1,0.0,0,12004歳以上1勝クラス発走13時45分(芝・右)負担重量は、58、牝馬2減
202608030609,2026,京都,3,6,9,2026-05-10,https://www.jra.go.jp/datafile/seiseki/report/2026/2026-3kyoto6.pdf,829a1aff71017f7b5c5484ac6810102d6196c8d1982f63a51f856bfe7a0cc27d,official_race_marker_verified,2400,flat,turf,outer,right,1.0,Maiden,0.0,0,2400からすま烏丸ステークス発走14時15分(芝・右・外)4歳以上、3勝クラス、除未出走馬および未勝利馬;負担重量は、ハンデキャップ賞品
202608030610,2026,京都,3,6,10,2026-05-10,https://www.jra.go.jp/datafile/seiseki/report/2026/2026-3kyoto6.pdf,829a1aff71017f7b5c5484ac6810102d6196c8d1982f63a51f856bfe7a0cc27d,official_race_marker_verified,1400,flat,turf,outer,right,,Maiden,0.0,0,1400たちばな橘ステークス(L)発走14時50分(芝・右・外)3歳、除未出走馬および未勝利馬;負担重量は、日本馬:馬齢重量、収得賞金1200万円毎1増、:馬齢重量、GI競走1着馬2増、GII競走またはGIII競走1着馬1増賞品
202608030611,2026,京都,3,6,11,2026-05-10,https://www.jra.go.jp/datafile/seiseki/report/2026/2026-3kyoto6.pdf,829a1aff71017f7b5c5484ac6810102d6196c8d1982f63a51f856bfe7a0cc27d,official_race_marker_verified,1800,flat,dirt,,right,,Maiden,0.0,0,1800へいじょうきょう平城京ステークス発走15時25分(ダート・右)4歳以上、除未出走馬および未勝利馬;負担重量は、日本馬:57、牝馬2減、収得賞金1600万円超過馬は超過額1200万円毎1増、:57、牝馬2減、GI競走1着馬5増、GII競走1着馬3増、GIII競走1着馬1増(ただし2歳時の成績を除く)賞品
202608030612,2026,京都,3,6,12,2026-05-10,https://www.jra.go.jp/datafile/seiseki/report/2026/2026-3kyoto6.pdf,829a1aff71017f7b5c5484ac6810102d6196c8d1982f63a51f856bfe7a0cc27d,official_race_marker_verified,1400,flat,dirt,,right,,Class2,0.0,0,14004歳以上2勝クラス発走16時10分(ダート・右)負担重量は、58、牝馬2減
202608030701,2026,京都,3,7,1,2026-05-16,https://www.jra.go.jp/datafile/seiseki/report/2026/2026-3kyoto7.pdf,70a98a62ebb11440a0a7747ca3ca6da785bb284dde8838f4e5b95af4995a7350,official_race_marker_verified,1400,flat,dirt,,right,0.0,Maiden,0.0,0,14003歳未勝利発走9時45分(ダート・右)牝;負担重量は、馬齢重量
202608030702,2026,京都,3,7,2,2026-05-16,https://www.jra.go.jp/datafile/seiseki/report/2026/2026-3kyoto7.pdf,70a98a62ebb11440a0a7747ca3ca6da785bb284dde8838f4e5b95af4995a7350,official_race_marker_verified,1800,flat,dirt,,right,0.0,Maiden,0.0,0,18003歳未勝利発走10時10分(ダート・右)負担重量は、馬齢重量
202608030703,2026,京都,3,7,3,2026-05-16,https://www.jra.go.jp/datafile/seiseki/report/2026/2026-3kyoto7.pdf,70a98a62ebb11440a0a7747ca3ca6da785bb284dde8838f4e5b95af4995a7350,official_race_marker_verified,1400,flat,turf,,right,0.0,Maiden,0.0,0,14003歳未勝利発走10時40分(芝・右)負担重量は、馬齢重量
202608030704,2026,京都,3,7,4,2026-05-16,https://www.jra.go.jp/datafile/seiseki/report/2026/2026-3kyoto7.pdf,70a98a62ebb11440a0a7747ca3ca6da785bb284dde8838f4e5b95af4995a7350,official_race_marker_verified,2400,flat,turf,outer,right,0.0,Maiden,0.0,0,24003歳未勝利発走11時10分(芝・右・外)負担重量は、馬齢重量
202608030705,2026,京都,3,7,5,2026-05-16,https://www.jra.go.jp/datafile/seiseki/report/2026/2026-3kyoto7.pdf,70a98a62ebb11440a0a7747ca3ca6da785bb284dde8838f4e5b95af4995a7350,official_race_marker_verified,1800,flat,turf,outer,right,0.0,Maiden,0.0,0,18003歳未勝利発走12時00分(芝・右・外)負担重量は、馬齢重量
202608030706,2026,京都,3,7,6,2026-05-16,https://www.jra.go.jp/datafile/seiseki/report/2026/2026-3kyoto7.pdf,70a98a62ebb11440a0a7747ca3ca6da785bb284dde8838f4e5b95af4995a7350,official_race_marker_verified,1200,flat,dirt,,right,,Class1,0.0,0,12004歳以上1勝クラス発走12時30分(ダート・右)負担重量は、58、牝馬2減
202608030707,2026,京都,3,7,7,2026-05-16,https://www.jra.go.jp/datafile/seiseki/report/2026/2026-3kyoto7.pdf,70a98a62ebb11440a0a7747ca3ca6da785bb284dde8838f4e5b95af4995a7350,official_race_marker_verified,1600,flat,turf,outer,right,,Class1,0.0,0,16004歳以上1勝クラス発走13時00分(芝・右・外)負担重量は、58、牝馬2減
202608030708,2026,京都,3,7,8,2026-05-16,https://www.jra.go.jp/datafile/seiseki/report/2026/2026-3kyoto7.pdf,70a98a62ebb11440a0a7747ca3ca6da785bb284dde8838f4e5b95af4995a7350,official_race_marker_verified,3930,obstacle,,,,,Maiden,0.0,0,3930第28回京都ハイジャンプ(J・GII)発走13時35分(芝)4歳以上、除未出走馬および未勝利馬;負担重量は、4歳595歳以上60、牝馬2減、J・GI競走1着馬2増、J・GII競走1着馬1増賞品
202608030709,2026,京都,3,7,9,2026-05-16,https://www.jra.go.jp/datafile/seiseki/report/2026/2026-3kyoto7.pdf,70a98a62ebb11440a0a7747ca3ca6da785bb284dde8838f4e5b95af4995a7350,official_race_marker_verified,2000,flat,turf,,right,0.0,Class1,0.0,0,2000あずさ賞発走14時10分(芝・右)3歳、1勝クラス;負担重量は、馬齢重量賞品
202608030710,2026,京都,3,7,10,2026-05-16,https://www.jra.go.jp/datafile/seiseki/report/2026/2026-3kyoto7.pdf,70a98a62ebb11440a0a7747ca3ca6da785bb284dde8838f4e5b95af4995a7350,official_race_marker_verified,1900,flat,dirt,,right,,Maiden,0.0,0,1900かみがも上賀茂ステークス発走14時45分(ダート・右)4歳以上、3勝クラス、除未出走馬および未勝利馬;負担重量は、58、牝馬2減賞品
202608030711,2026,京都,3,7,11,2026-05-16,https://www.jra.go.jp/datafile/seiseki/report/2026/2026-3kyoto7.pdf,70a98a62ebb11440a0a7747ca3ca6da785bb284dde8838f4e5b95af4995a7350,official_race_marker_verified,1200,flat,turf,,right,,Maiden,0.0,0,1200くらま鞍馬ステークス発走15時20分(芝・右)4歳以上、除未出走馬および未勝利馬;負担重量は、日本馬:57、牝馬2減、収得賞金1600万円超過馬は超過額1200万円毎1増、:57、牝馬2減、GI競走1着馬5増、GII競走1着馬3増、GIII競走1着馬1増(ただし2歳時の成績を除く)賞品
202608030712,2026,京都,3,7,12,2026-05-16,https://www.jra.go.jp/datafile/seiseki/report/2026/2026-3kyoto7.pdf,70a98a62ebb11440a0a7747ca3ca6da785bb284dde8838f4e5b95af4995a7350,official_race_marker_verified,1200,flat,dirt,,right,,Class2,0.0,0,12004歳以上2勝クラス発走16時00分(ダート・右)負担重量は、58、牝馬2減
202608030801,2026,京都,3,8,1,2026-05-17,https://www.jra.go.jp/datafile/seiseki/report/2026/2026-3kyoto8.pdf,5fc47227df5ed52f32cfda152d43f94d8655714e45d7c3ac59b518c582f9de46,official_race_marker_verified,1800,flat,dirt,,right,0.0,Maiden,0.0,0,18003歳未勝利発走9時55分(ダート・右)牝;負担重量は、馬齢重量
202608030802,2026,京都,3,8,2,2026-05-17,https://www.jra.go.jp/datafile/seiseki/report/2026/2026-3kyoto8.pdf,5fc47227df5ed52f32cfda152d43f94d8655714e45d7c3ac59b518c582f9de46,official_race_marker_verified,1400,flat,dirt,,right,0.0,Maiden,0.0,0,14003歳未勝利発走10時25分(ダート・右)負担重量は、馬齢重量
202608030803,2026,京都,3,8,3,2026-05-17,https://www.jra.go.jp/datafile/seiseki/report/2026/2026-3kyoto8.pdf,5fc47227df5ed52f32cfda152d43f94d8655714e45d7c3ac59b518c582f9de46,official_race_marker_verified,1900,flat,dirt,,right,0.0,Maiden,0.0,0,19003歳未勝利発走10時55分(ダート・右)負担重量は、馬齢重量
202608030804,2026,京都,3,8,4,2026-05-17,https://www.jra.go.jp/datafile/seiseki/report/2026/2026-3kyoto8.pdf,5fc47227df5ed52f32cfda152d43f94d8655714e45d7c3ac59b518c582f9de46,official_race_marker_verified,1600,flat,turf,,right,0.0,Maiden,0.0,0,16003歳未勝利発走11時25分(芝・右)牝;負担重量は、馬齢重量
202608030805,2026,京都,3,8,5,2026-05-17,https://www.jra.go.jp/datafile/seiseki/report/2026/2026-3kyoto8.pdf,5fc47227df5ed52f32cfda152d43f94d8655714e45d7c3ac59b518c582f9de46,official_race_marker_verified,2000,flat,turf,,right,0.0,Maiden,0.0,0,20003歳未勝利発走12時15分(芝・右)負担重量は、馬齢重量
202608030806,2026,京都,3,8,6,2026-05-17,https://www.jra.go.jp/datafile/seiseki/report/2026/2026-3kyoto8.pdf,5fc47227df5ed52f32cfda152d43f94d8655714e45d7c3ac59b518c582f9de46,official_race_marker_verified,1800,flat,dirt,,right,0.0,Class1,0.0,0,18003歳1勝クラス発走12時45分(ダート・右)負担重量は、馬齢重量
202608030807,2026,京都,3,8,7,2026-05-17,https://www.jra.go.jp/datafile/seiseki/report/2026/2026-3kyoto8.pdf,5fc47227df5ed52f32cfda152d43f94d8655714e45d7c3ac59b518c582f9de46,official_race_marker_verified,2000,flat,turf,,right,,Class1,0.0,0,20004歳以上1勝クラス発走13時15分(芝・右)負担重量は、58、牝馬2減
202608030808,2026,京都,3,8,8,2026-05-17,https://www.jra.go.jp/datafile/seiseki/report/2026/2026-3kyoto8.pdf,5fc47227df5ed52f32cfda152d43f94d8655714e45d7c3ac59b518c582f9de46,official_race_marker_verified,1900,flat,dirt,,right,,Class2,0.0,0,19004歳以上2勝クラス発走13時45分(ダート・右)負担重量は、58、牝馬2減
202608030809,2026,京都,3,8,9,2026-05-17,https://www.jra.go.jp/datafile/seiseki/report/2026/2026-3kyoto8.pdf,5fc47227df5ed52f32cfda152d43f94d8655714e45d7c3ac59b518c582f9de46,official_race_marker_verified,2400,flat,turf,outer,right,,Class2,0.0,0,2400しらかわ白川特別発走14時15分(芝・右・外)4歳以上、2勝クラス;負担重量は、58、牝馬2減賞品
202608030810,2026,京都,3,8,10,2026-05-17,https://www.jra.go.jp/datafile/seiseki/report/2026/2026-3kyoto8.pdf,5fc47227df5ed52f32cfda152d43f94d8655714e45d7c3ac59b518c582f9de46,official_race_marker_verified,1600,flat,turf,outer,right,1.0,Maiden,0.0,0,1600にしき錦ステークス発走14時50分(芝・右・外)4歳以上、3勝クラス、除未出走馬および未勝利馬;負担重量は、ハンデキャップ賞品
202608030811,2026,京都,3,8,11,2026-05-17,https://www.jra.go.jp/datafile/seiseki/report/2026/2026-3kyoto8.pdf,5fc47227df5ed52f32cfda152d43f94d8655714e45d7c3ac59b518c582f9de46,official_race_marker_verified,1400,flat,dirt,,right,1.0,Maiden,0.0,0,1400りっとう栗東ステークス(L)発走15時25分(ダート・右)4歳以上、除未出走馬および未勝利馬;負担重量は、ハンデキャップ栗東市長賞(1着)賞品
202608030812,2026,京都,3,8,12,2026-05-17,https://www.jra.go.jp/datafile/seiseki/report/2026/2026-3kyoto8.pdf,5fc47227df5ed52f32cfda152d43f94d8655714e45d7c3ac59b518c582f9de46,official_race_marker_verified,1400,flat,turf,outer,right,,Class2,0.0,0,14004歳以上2勝クラス発走16時10分(芝・右・外)負担重量は、58、牝馬2減
202608030901,2026,京都,3,9,1,2026-05-23,https://www.jra.go.jp/datafile/seiseki/report/2026/2026-3kyoto9.pdf,524515f3cd43b2182065dd6802d46493d5c643427014183b330746b20e58856d,official_race_marker_verified,1200,flat,dirt,,right,0.0,Maiden,0.0,0,12003歳未勝利発走10時05分(ダート・右)負担重量は、馬齢重量
202608030902,2026,京都,3,9,2,2026-05-23,https://www.jra.go.jp/datafile/seiseki/report/2026/2026-3kyoto9.pdf,524515f3cd43b2182065dd6802d46493d5c643427014183b330746b20e58856d,official_race_marker_verified,1800,flat,dirt,,right,0.0,Maiden,0.0,0,18003歳未勝利発走10時40分(ダート・右)負担重量は、馬齢重量
202608030903,2026,京都,3,9,3,2026-05-23,https://www.jra.go.jp/datafile/seiseki/report/2026/2026-3kyoto9.pdf,524515f3cd43b2182065dd6802d46493d5c643427014183b330746b20e58856d,official_race_marker_verified,1200,flat,turf,,right,0.0,Maiden,0.0,0,12003歳未勝利発走11時10分(芝・右)負担重量は、馬齢重量
202608030904,2026,京都,3,9,4,2026-05-23,https://www.jra.go.jp/datafile/seiseki/report/2026/2026-3kyoto9.pdf,524515f3cd43b2182065dd6802d46493d5c643427014183b330746b20e58856d,official_race_marker_verified,1800,flat,turf,outer,right,0.0,Maiden,0.0,0,18003歳未勝利発走11時40分(芝・右・外)牝;負担重量は、馬齢重量
202608030905,2026,京都,3,9,5,2026-05-23,https://www.jra.go.jp/datafile/seiseki/report/2026/2026-3kyoto9.pdf,524515f3cd43b2182065dd6802d46493d5c643427014183b330746b20e58856d,official_race_marker_verified,2200,flat,turf,outer,right,0.0,Maiden,0.0,0,22003歳未勝利発走12時30分(芝・右・外)負担重量は、馬齢重量
202608030906,2026,京都,3,9,6,2026-05-23,https://www.jra.go.jp/datafile/seiseki/report/2026/2026-3kyoto9.pdf,524515f3cd43b2182065dd6802d46493d5c643427014183b330746b20e58856d,official_race_marker_verified,1400,flat,dirt,,right,0.0,Class1,0.0,0,14003歳1勝クラス発走13時00分(ダート・右)負担重量は、馬齢重量
202608030907,2026,京都,3,9,7,2026-05-23,https://www.jra.go.jp/datafile/seiseki/report/2026/2026-3kyoto9.pdf,524515f3cd43b2182065dd6802d46493d5c643427014183b330746b20e58856d,official_race_marker_verified,1800,flat,dirt,,right,,Class1,0.0,0,18004歳以上1勝クラス発走13時30分(ダート・右)負担重量は、58、牝馬2減
202608030908,2026,京都,3,9,8,2026-05-23,https://www.jra.go.jp/datafile/seiseki/report/2026/2026-3kyoto9.pdf,524515f3cd43b2182065dd6802d46493d5c643427014183b330746b20e58856d,official_race_marker_verified,1800,flat,turf,outer,right,,Class1,0.0,0,18004歳以上1勝クラス発走14時00分(芝・右・外)負担重量は、58、牝馬2減
202608030909,2026,京都,3,9,9,2026-05-23,https://www.jra.go.jp/datafile/seiseki/report/2026/2026-3kyoto9.pdf,524515f3cd43b2182065dd6802d46493d5c643427014183b330746b20e58856d,official_race_marker_verified,1600,flat,turf,,right,0.0,Class1,0.0,0,1600メルボルントロフィー発走14時30分(芝・右)3歳、1勝クラス;負担重量は、馬齢重量メルボルンレーシングクラブ・ムーニーバレーレーシングクラブ・ヴィクトリアレーシングクラブ賞(1着)賞品
202608030910,2026,京都,3,9,10,2026-05-23,https://www.jra.go.jp/datafile/seiseki/report/2026/2026-3kyoto9.pdf,524515f3cd43b2182065dd6802d46493d5c643427014183b330746b20e58856d,official_race_marker_verified,2000,flat,turf,,right,,Maiden,0.0,0,オーストラリアターフクラブ賞2000シドニートロフィー発走15時05分(芝・右)牝、4歳以上、3勝クラス、除未出走馬および未勝利馬;負担重量は、56オーストラリアターフクラブ賞(1着)賞品
202608030911,2026,京都,3,9,11,2026-05-23,https://www.jra.go.jp/datafile/seiseki/report/2026/2026-3kyoto9.pdf,524515f3cd43b2182065dd6802d46493d5c643427014183b330746b20e58856d,official_race_marker_verified,1900,flat,dirt,,right,,Open,1.0,1,1900第33回平安ステークス(GIII)発走15時45分(ダート・右)4歳以上、除未出走馬および未勝利馬;負担重量は、57、牝馬2減、2025.5.24以降GI競走(牝馬限定競走を除く)1着馬2増、牝馬限定GI競走またはGII競走(牝馬限定競走を除く)1着馬1増、2025.5.23以前のGI競走(牝馬限定競走を除く)1着馬1増(ただし2歳時の成績を除く)地方競馬全国協会理事長賞(1着)賞品
202608030912,2026,京都,3,9,12,2026-05-23,https://www.jra.go.jp/datafile/seiseki/report/2026/2026-3kyoto9.pdf,524515f3cd43b2182065dd6802d46493d5c643427014183b330746b20e58856d,official_race_marker_verified,1400,flat,dirt,,right,,Class2,0.0,0,レーシングオーストラリア賞1400オーストラリアトロフィー発走16時30分(ダート・右)4歳以上、2勝クラス;負担重量は、58、牝馬2減レーシングオーストラリア賞(1着)賞品
202608040101,2026,京都,4,1,1,2026-10-03,https://www.jra.go.jp/datafile/seiseki/report/2026/2026-4kyoto1.pdf,b7d2ce549d4f3863e9f77d595c8f7ea9656b071f1f2fcd50f1d3a4ad240f6cab,official_race_marker_verified,1400,flat,dirt,,right,0.0,Maiden,0.0,0,14002歳未勝利発走9時50分(ダート・右)負担重量は、馬齢重量
202608040102,2026,京都,4,1,2,2026-10-03,https://www.jra.go.jp/datafile/seiseki/report/2026/2026-4kyoto1.pdf,b7d2ce549d4f3863e9f77d595c8f7ea9656b071f1f2fcd50f1d3a4ad240f6cab,official_race_marker_verified,1800,flat,turf,outer,right,0.0,Maiden,0.0,0,18002歳未勝利発走10時20分(芝・右・外)負担重量は、馬齢重量
202608040103,2026,京都,4,1,3,2026-10-03,https://www.jra.go.jp/datafile/seiseki/report/2026/2026-4kyoto1.pdf,b7d2ce549d4f3863e9f77d595c8f7ea9656b071f1f2fcd50f1d3a4ad240f6cab,official_race_marker_verified,1400,flat,dirt,,right,,Class1,0.0,0,14003歳以上1勝クラス発走10時50分(ダート・右)牝;負担重量は、3歳544歳以上56
202608040104,2026,京都,4,1,4,2026-10-03,https://www.jra.go.jp/datafile/seiseki/report/2026/2026-4kyoto1.pdf,b7d2ce549d4f3863e9f77d595c8f7ea9656b071f1f2fcd50f1d3a4ad240f6cab,official_race_marker_verified,1800,flat,dirt,,right,0.0,Newcomer,0.0,0,18002歳新馬発走11時20分(ダート・右)負担重量は、馬齢重量
202608040105,2026,京都,4,1,5,2026-10-03,https://www.jra.go.jp/datafile/seiseki/report/2026/2026-4kyoto1.pdf,b7d2ce549d4f3863e9f77d595c8f7ea9656b071f1f2fcd50f1d3a4ad240f6cab,official_race_marker_verified,1600,flat,turf,,right,0.0,Newcomer,0.0,0,16002歳新馬発走12時10分(芝・右)負担重量は、馬齢重量
202608040106,2026,京都,4,1,6,2026-10-03,https://www.jra.go.jp/datafile/seiseki/report/2026/2026-4kyoto1.pdf,b7d2ce549d4f3863e9f77d595c8f7ea9656b071f1f2fcd50f1d3a4ad240f6cab,official_race_marker_verified,2000,flat,turf,,right,,Class1,0.0,0,20003歳以上1勝クラス発走12時40分(芝・右)負担重量は、3歳564歳以上58、牝馬2減
202608040107,2026,京都,4,1,7,2026-10-03,https://www.jra.go.jp/datafile/seiseki/report/2026/2026-4kyoto1.pdf,b7d2ce549d4f3863e9f77d595c8f7ea9656b071f1f2fcd50f1d3a4ad240f6cab,official_race_marker_verified,1400,flat,dirt,,right,,Class1,0.0,0,14003歳以上1勝クラス発走13時10分(ダート・右)負担重量は、3歳564歳以上58、牝馬2減
202608040108,2026,京都,4,1,8,2026-10-03,https://www.jra.go.jp/datafile/seiseki/report/2026/2026-4kyoto1.pdf,b7d2ce549d4f3863e9f77d595c8f7ea9656b071f1f2fcd50f1d3a4ad240f6cab,official_race_marker_verified,2000,flat,turf,,right,,Class2,0.0,0,20003歳以上2勝クラス発走13時40分(芝・右)負担重量は、3歳564歳以上58、牝馬2減
202608040109,2026,京都,4,1,9,2026-10-03,https://www.jra.go.jp/datafile/seiseki/report/2026/2026-4kyoto1.pdf,b7d2ce549d4f3863e9f77d595c8f7ea9656b071f1f2fcd50f1d3a4ad240f6cab,official_race_marker_verified,1400,flat,turf,outer,right,0.0,Class1,0.0,0,1400りんどう賞発走14時15分(芝・右・外)牝、2歳、1勝クラス;負担重量は、馬齢重量賞品
202608040110,2026,京都,4,1,10,2026-10-03,https://www.jra.go.jp/datafile/seiseki/report/2026/2026-4kyoto1.pdf,b7d2ce549d4f3863e9f77d595c8f7ea9656b071f1f2fcd50f1d3a4ad240f6cab,official_race_marker_verified,1200,flat,dirt,,right,,Maiden,0.0,0,1200おおやまざき大山崎ステークス発走14時50分(ダート・右)3歳以上、3勝クラス、除未出走馬および未勝利馬;負担重量は、3歳574歳以上58、牝馬2減賞品
202608040111,2026,京都,4,1,11,2026-10-03,https://www.jra.go.jp/datafile/seiseki/report/2026/2026-4kyoto1.pdf,b7d2ce549d4f3863e9f77d595c8f7ea9656b071f1f2fcd50f1d3a4ad240f6cab,official_race_marker_verified,1200,flat,turf,,right,1.0,Maiden,0.0,0,1200オパールステークス(L)発走15時30分(芝・右)3歳以上、除未出走馬および未勝利馬;負担重量は、ハンデキャップ賞品
202608040112,2026,京都,4,1,12,2026-10-03,https://www.jra.go.jp/datafile/seiseki/report/2026/2026-4kyoto1.pdf,b7d2ce549d4f3863e9f77d595c8f7ea9656b071f1f2fcd50f1d3a4ad240f6cab,official_race_marker_verified,1800,flat,dirt,,right,,Class2,0.0,0,18003歳以上2勝クラス発走16時10分(ダート・右)負担重量は、3歳564歳以上58、牝馬2減
202609010101,2026,阪神,1,1,1,2026-02-21,https://www.jra.go.jp/datafile/seiseki/report/2026/2026-1hanshin1.pdf,40d33951d6447a45a4eb57a762de26aead0b2c076c8a6896fda2e882902613ed,official_race_marker_verified,1200,flat,dirt,,right,0.0,Maiden,0.0,0,12003歳未勝利発走9時55分(ダート・右)牝;負担重量は、馬齢重量
202609010102,2026,阪神,1,1,2,2026-02-21,https://www.jra.go.jp/datafile/seiseki/report/2026/2026-1hanshin1.pdf,40d33951d6447a45a4eb57a762de26aead0b2c076c8a6896fda2e882902613ed,official_race_marker_verified,1800,flat,dirt,,right,0.0,Maiden,0.0,0,18003歳未勝利発走10時25分(ダート・右)負担重量は、馬齢重量
202609010103,2026,阪神,1,1,3,2026-02-21,https://www.jra.go.jp/datafile/seiseki/report/2026/2026-1hanshin1.pdf,40d33951d6447a45a4eb57a762de26aead0b2c076c8a6896fda2e882902613ed,official_race_marker_verified,1400,flat,dirt,,right,0.0,Maiden,0.0,0,14003歳未勝利発走10時55分(ダート・右)負担重量は、馬齢重量
202609010104,2026,阪神,1,1,4,2026-02-21,https://www.jra.go.jp/datafile/seiseki/report/2026/2026-1hanshin1.pdf,40d33951d6447a45a4eb57a762de26aead0b2c076c8a6896fda2e882902613ed,official_race_marker_verified,1800,flat,dirt,,right,0.0,Newcomer,0.0,0,18003歳新馬発走11時25分(ダート・右)負担重量は、馬齢重量
202609010105,2026,阪神,1,1,5,2026-02-21,https://www.jra.go.jp/datafile/seiseki/report/2026/2026-1hanshin1.pdf,40d33951d6447a45a4eb57a762de26aead0b2c076c8a6896fda2e882902613ed,official_race_marker_verified,1600,flat,turf,outer,right,0.0,Maiden,0.0,0,16003歳未勝利発走12時15分(芝・右・外)負担重量は、馬齢重量
202609010106,2026,阪神,1,1,6,2026-02-21,https://www.jra.go.jp/datafile/seiseki/report/2026/2026-1hanshin1.pdf,40d33951d6447a45a4eb57a762de26aead0b2c076c8a6896fda2e882902613ed,official_race_marker_verified,2400,flat,turf,outer,right,0.0,Maiden,0.0,0,24003歳未勝利発走12時50分(芝・右・外)負担重量は、馬齢重量
202609010107,2026,阪神,1,1,7,2026-02-21,https://www.jra.go.jp/datafile/seiseki/report/2026/2026-1hanshin1.pdf,40d33951d6447a45a4eb57a762de26aead0b2c076c8a6896fda2e882902613ed,official_race_marker_verified,1400,flat,dirt,,right,,Class1,0.0,0,14004歳以上1勝クラス発走13時20分(ダート・右)負担重量は、58、牝馬2減
202609010108,2026,阪神,1,1,8,2026-02-21,https://www.jra.go.jp/datafile/seiseki/report/2026/2026-1hanshin1.pdf,40d33951d6447a45a4eb57a762de26aead0b2c076c8a6896fda2e882902613ed,official_race_marker_verified,2200,flat,turf,,right,,Maiden,0.0,0,2200すみれステークス(L)発走13時50分(番組第9競走を順序変更)(芝・右)3歳、除未出走馬および未勝利馬;負担重量は、日本馬:馬齢重量、収得賞金1200万円毎1増、:馬齢重量、GI競走1着馬2増、GII競走またはGIII競走1着馬1増賞品
202609010109,2026,阪神,1,1,9,2026-02-21,https://www.jra.go.jp/datafile/seiseki/report/2026/2026-1hanshin1.pdf,40d33951d6447a45a4eb57a762de26aead0b2c076c8a6896fda2e882902613ed,official_race_marker_verified,1600,flat,turf,outer,right,,Class1,0.0,0,16004歳以上1勝クラス発走14時20分(番組第8競走を順序変更)(芝・右・外)負担重量は、58、牝馬2減
202609010110,2026,阪神,1,1,10,2026-02-21,https://www.jra.go.jp/datafile/seiseki/report/2026/2026-1hanshin1.pdf,40d33951d6447a45a4eb57a762de26aead0b2c076c8a6896fda2e882902613ed,official_race_marker_verified,1400,flat,dirt,,right,,Maiden,0.0,0,1400なると鳴門ステークス発走14時55分(ダート・右)4歳以上、3勝クラス、除未出走馬および未勝利馬;負担重量は、58、牝馬2減賞品
202609010111,2026,阪神,1,1,11,2026-02-21,https://www.jra.go.jp/datafile/seiseki/report/2026/2026-1hanshin1.pdf,40d33951d6447a45a4eb57a762de26aead0b2c076c8a6896fda2e882902613ed,official_race_marker_verified,1400,flat,turf,,right,,Open,1.0,1,1400第70回阪急杯(GIII)発走15時30分(芝・右)4歳以上、除未出走馬および未勝利馬;負担重量は、57、牝馬2減、2025.2.22以降GI競走(牝馬限定競走を除く)1着馬2増、牝馬限定GI競走またはGII競走(牝馬限定競走を除く)1着馬1増、2025.2.21以前のGI競走(牝馬限定競走を除く)1着馬1増(ただし2歳時の成績を除く)阪急電鉄株式会社賞(1着)賞品
202609010112,2026,阪神,1,1,12,2026-02-21,https://www.jra.go.jp/datafile/seiseki/report/2026/2026-1hanshin1.pdf,40d33951d6447a45a4eb57a762de26aead0b2c076c8a6896fda2e882902613ed,official_race_marker_verified,1800,flat,dirt,,right,,Class2,0.0,0,18004歳以上2勝クラス発走16時10分(ダート・右)負担重量は、4歳575歳以上58、牝馬2減
202609011001,2026,阪神,1,10,1,2026-03-22,https://www.jra.go.jp/datafile/seiseki/report/2026/2026-1hanshin10.pdf,f0332f03e30c0563e9dca3044d0a6126895ad78a9fb7fe68a715c64efd2b1275,official_race_marker_verified,1400,flat,dirt,,right,0.0,Maiden,0.0,0,14003歳未勝利発走10時05分(ダート・右)牝;負担重量は、馬齢重量
202609011002,2026,阪神,1,10,2,2026-03-22,https://www.jra.go.jp/datafile/seiseki/report/2026/2026-1hanshin10.pdf,f0332f03e30c0563e9dca3044d0a6126895ad78a9fb7fe68a715c64efd2b1275,official_race_marker_verified,1800,flat,dirt,,right,0.0,Maiden,0.0,0,18003歳未勝利発走10時35分(ダート・右)負担重量は、馬齢重量
202609011003,2026,阪神,1,10,3,2026-03-22,https://www.jra.go.jp/datafile/seiseki/report/2026/2026-1hanshin10.pdf,f0332f03e30c0563e9dca3044d0a6126895ad78a9fb7fe68a715c64efd2b1275,official_race_marker_verified,1200,flat,dirt,,right,0.0,Maiden,0.0,0,12003歳未勝利発走11時05分(ダート・右)負担重量は、馬齢重量
202609011004,2026,阪神,1,10,4,2026-03-22,https://www.jra.go.jp/datafile/seiseki/report/2026/2026-1hanshin10.pdf,f0332f03e30c0563e9dca3044d0a6126895ad78a9fb7fe68a715c64efd2b1275,official_race_marker_verified,2400,flat,turf,outer,right,0.0,Maiden,0.0,0,24003歳未勝利発走11時35分(芝・右・外)負担重量は、馬齢重量
202609011005,2026,阪神,1,10,5,2026-03-22,https://www.jra.go.jp/datafile/seiseki/report/2026/2026-1hanshin10.pdf,f0332f03e30c0563e9dca3044d0a6126895ad78a9fb7fe68a715c64efd2b1275,official_race_marker_verified,1200,flat,turf,,right,0.0,Class1,0.0,0,12003歳1勝クラス発走12時25分(芝・右)負担重量は、馬齢重量
202609011006,2026,阪神,1,10,6,2026-03-22,https://www.jra.go.jp/datafile/seiseki/report/2026/2026-1hanshin10.pdf,f0332f03e30c0563e9dca3044d0a6126895ad78a9fb7fe68a715c64efd2b1275,official_race_marker_verified,1800,flat,dirt,,right,0.0,Class1,0.0,0,18003歳1勝クラス発走12時55分(ダート・右)負担重量は、馬齢重量
202609011007,2026,阪神,1,10,7,2026-03-22,https://www.jra.go.jp/datafile/seiseki/report/2026/2026-1hanshin10.pdf,f0332f03e30c0563e9dca3044d0a6126895ad78a9fb7fe68a715c64efd2b1275,official_race_marker_verified,2400,flat,turf,outer,right,,Class1,0.0,0,24004歳以上1勝クラス発走13時25分(芝・右・外)負担重量は、4歳575歳以上58、牝馬2減
202609011008,2026,阪神,1,10,8,2026-03-22,https://www.jra.go.jp/datafile/seiseki/report/2026/2026-1hanshin10.pdf,f0332f03e30c0563e9dca3044d0a6126895ad78a9fb7fe68a715c64efd2b1275,official_race_marker_verified,1800,flat,dirt,,right,,Class1,0.0,0,18004歳以上1勝クラス発走13時55分(ダート・右)負担重量は、58、牝馬2減
202609011009,2026,阪神,1,10,9,2026-03-22,https://www.jra.go.jp/datafile/seiseki/report/2026/2026-1hanshin10.pdf,f0332f03e30c0563e9dca3044d0a6126895ad78a9fb7fe68a715c64efd2b1275,official_race_marker_verified,1600,flat,turf,outer,right,,Class2,0.0,0,1600かいけ皆生特別発走14時25分(芝・右・外)4歳以上、2勝クラス;負担重量は、58、牝馬2減賞品
202609011010,2026,阪神,1,10,10,2026-03-22,https://www.jra.go.jp/datafile/seiseki/report/2026/2026-1hanshin10.pdf,f0332f03e30c0563e9dca3044d0a6126895ad78a9fb7fe68a715c64efd2b1275,official_race_marker_verified,1800,flat,dirt,,right,,Maiden,0.0,0,1800レグルスステークス発走15時00分(ダート・右)4歳以上、除未出走馬および未勝利馬;負担重量は、日本馬:57、牝馬2減、収得賞金1600万円超過馬は超過額600万円毎1増、:57、牝馬2減、GI競走1着馬5増、GII競走1着馬3増、GIII競走1着馬1増(ただし2歳時の成績を除く)賞品
202609011011,2026,阪神,1,10,11,2026-03-22,https://www.jra.go.jp/datafile/seiseki/report/2026/2026-1hanshin10.pdf,f0332f03e30c0563e9dca3044d0a6126895ad78a9fb7fe68a715c64efd2b1275,official_race_marker_verified,3000,flat,turf,,right,,Open,1.0,1,3000第74回阪神大賞典(GII)発走15時45分(芝・右)4歳以上、除未出走馬および未勝利馬;負担重量は、4歳565歳以上57、牝馬2減、2025.3.22以降GI競走(牝馬限定競走を除く)1着馬2増、牝馬限定GI競走またはGII競走(牝馬限定競走を除く)1着馬1増、2025.3.21以前のGI競走(牝馬限定競走を除く)1着馬1増(ただし2歳時の成績を除く)兵庫県知事賞・京阪神ビルディング株式会社賞(1着)賞品
202609011012,2026,阪神,1,10,12,2026-03-22,https://www.jra.go.jp/datafile/seiseki/report/2026/2026-1hanshin10.pdf,f0332f03e30c0563e9dca3044d0a6126895ad78a9fb7fe68a715c64efd2b1275,official_race_marker_verified,1400,flat,dirt,,right,,Class2,0.0,0,14004歳以上2勝クラス発走16時25分(ダート・右)負担重量は、58、牝馬2減
202609010201,2026,阪神,1,2,1,2026-02-22,https://www.jra.go.jp/datafile/seiseki/report/2026/2026-1hanshin2.pdf,093da993b3753630911c7785c6ea9f188f0936ae74e5448163dd28c7be139340,official_race_marker_verified,1800,flat,dirt,,right,0.0,Maiden,0.0,0,18003歳未勝利発走9時55分(ダート・右)牝;負担重量は、馬齢重量
202609010202,2026,阪神,1,2,2,2026-02-22,https://www.jra.go.jp/datafile/seiseki/report/2026/2026-1hanshin2.pdf,093da993b3753630911c7785c6ea9f188f0936ae74e5448163dd28c7be139340,official_race_marker_verified,1200,flat,dirt,,right,0.0,Maiden,0.0,0,12003歳未勝利発走10時25分(ダート・右)負担重量は、馬齢重量
202609010203,2026,阪神,1,2,3,2026-02-22,https://www.jra.go.jp/datafile/seiseki/report/2026/2026-1hanshin2.pdf,093da993b3753630911c7785c6ea9f188f0936ae74e5448163dd28c7be139340,official_race_marker_verified,1800,flat,dirt,,right,0.0,Maiden,0.0,0,18003歳未勝利発走10時55分(ダート・右)負担重量は、馬齢重量
202609010204,2026,阪神,1,2,4,2026-02-22,https://www.jra.go.jp/datafile/seiseki/report/2026/2026-1hanshin2.pdf,093da993b3753630911c7785c6ea9f188f0936ae74e5448163dd28c7be139340,official_race_marker_verified,1400,flat,dirt,,right,0.0,Newcomer,0.0,0,14003歳新馬発走11時25分(ダート・右)負担重量は、馬齢重量
202609010205,2026,阪神,1,2,5,2026-02-22,https://www.jra.go.jp/datafile/seiseki/report/2026/2026-1hanshin2.pdf,093da993b3753630911c7785c6ea9f188f0936ae74e5448163dd28c7be139340,official_race_marker_verified,2000,flat,turf,,right,0.0,Maiden,0.0,0,20003歳未勝利発走12時15分(芝・右)負担重量は、馬齢重量
202609010206,2026,阪神,1,2,6,2026-02-22,https://www.jra.go.jp/datafile/seiseki/report/2026/2026-1hanshin2.pdf,093da993b3753630911c7785c6ea9f188f0936ae74e5448163dd28c7be139340,official_race_marker_verified,1400,flat,dirt,,right,0.0,Class1,0.0,0,14003歳1勝クラス発走12時45分(ダート・右)負担重量は、馬齢重量
202609010207,2026,阪神,1,2,7,2026-02-22,https://www.jra.go.jp/datafile/seiseki/report/2026/2026-1hanshin2.pdf,093da993b3753630911c7785c6ea9f188f0936ae74e5448163dd28c7be139340,official_race_marker_verified,2400,flat,turf,outer,right,,Class1,0.0,0,24004歳以上1勝クラス発走13時15分(芝・右・外)負担重量は、4歳575歳以上58、牝馬2減
202609010208,2026,阪神,1,2,8,2026-02-22,https://www.jra.go.jp/datafile/seiseki/report/2026/2026-1hanshin2.pdf,093da993b3753630911c7785c6ea9f188f0936ae74e5448163dd28c7be139340,official_race_marker_verified,1800,flat,dirt,,right,,Class1,0.0,0,18004歳以上1勝クラス発走13時45分(ダート・右)負担重量は、4歳575歳以上58、牝馬2減
202609010209,2026,阪神,1,2,9,2026-02-22,https://www.jra.go.jp/datafile/seiseki/report/2026/2026-1hanshin2.pdf,093da993b3753630911c7785c6ea9f188f0936ae74e5448163dd28c7be139340,official_race_marker_verified,1600,flat,turf,outer,right,1.0,Class2,0.0,0,1600てんじんばし天神橋特別発走14時15分(芝・右・外)4歳以上、2勝クラス;負担重量は、ハンデキャップ賞品
202609010210,2026,阪神,1,2,10,2026-02-22,https://www.jra.go.jp/datafile/seiseki/report/2026/2026-1hanshin2.pdf,093da993b3753630911c7785c6ea9f188f0936ae74e5448163dd28c7be139340,official_race_marker_verified,1400,flat,turf,,right,,Maiden,0.0,0,1400えびすばし戎橋ステークス発走14時50分(芝・右)4歳以上、3勝クラス、除未出走馬および未勝利馬;負担重量は、58、牝馬2減賞品
202609010211,2026,阪神,1,2,11,2026-02-22,https://www.jra.go.jp/datafile/seiseki/report/2026/2026-1hanshin2.pdf,093da993b3753630911c7785c6ea9f188f0936ae74e5448163dd28c7be139340,official_race_marker_verified,1200,flat,dirt,,right,,Maiden,0.0,0,1200れいげつ令月ステークス発走15時25分(ダート・右)4歳以上、除未出走馬および未勝利馬;負担重量は、日本馬:57、牝馬2減、収得賞金1600万円超過馬は超過額1200万円毎1増、:57、牝馬2減、GI競走1着馬5増、GII競走1着馬3増、GIII競走1着馬1増(ただし2歳時の成績を除く)賞品
202609010212,2026,阪神,1,2,12,2026-02-22,https://www.jra.go.jp/datafile/seiseki/report/2026/2026-1hanshin2.pdf,093da993b3753630911c7785c6ea9f188f0936ae74e5448163dd28c7be139340,official_race_marker_verified,1400,flat,dirt,,right,,Class2,0.0,0,14004歳以上2勝クラス発走16時10分(ダート・右)負担重量は、58、牝馬2減
202609010301,2026,阪神,1,3,1,2026-02-28,https://www.jra.go.jp/datafile/seiseki/report/2026/2026-1hanshin3.pdf,20c00e1a52231733d10b73f8d3a154ad9911561e1d2bf01f434b502fae583761,official_race_marker_verified,1400,flat,dirt,,right,0.0,Maiden,0.0,0,14003歳未勝利発走9時55分(ダート・右)牝;負担重量は、馬齢重量
202609010302,2026,阪神,1,3,2,2026-02-28,https://www.jra.go.jp/datafile/seiseki/report/2026/2026-1hanshin3.pdf,20c00e1a52231733d10b73f8d3a154ad9911561e1d2bf01f434b502fae583761,official_race_marker_verified,1800,flat,dirt,,right,0.0,Maiden,0.0,0,18003歳未勝利発走10時25分(ダート・右)負担重量は、馬齢重量
202609010303,2026,阪神,1,3,3,2026-02-28,https://www.jra.go.jp/datafile/seiseki/report/2026/2026-1hanshin3.pdf,20c00e1a52231733d10b73f8d3a154ad9911561e1d2bf01f434b502fae583761,official_race_marker_verified,1200,flat,dirt,,right,0.0,Maiden,0.0,0,12003歳未勝利発走10時55分(ダート・右)負担重量は、馬齢重量
202609010304,2026,阪神,1,3,4,2026-02-28,https://www.jra.go.jp/datafile/seiseki/report/2026/2026-1hanshin3.pdf,20c00e1a52231733d10b73f8d3a154ad9911561e1d2bf01f434b502fae583761,official_race_marker_verified,1800,flat,dirt,,right,0.0,Maiden,0.0,0,18003歳未勝利発走11時25分(ダート・右)負担重量は、馬齢重量
202609010305,2026,阪神,1,3,5,2026-02-28,https://www.jra.go.jp/datafile/seiseki/report/2026/2026-1hanshin3.pdf,20c00e1a52231733d10b73f8d3a154ad9911561e1d2bf01f434b502fae583761,official_race_marker_verified,1800,flat,turf,outer,right,0.0,Maiden,0.0,0,18003歳未勝利発走12時15分(芝・右・外)負担重量は、馬齢重量
202609010306,2026,阪神,1,3,6,2026-02-28,https://www.jra.go.jp/datafile/seiseki/report/2026/2026-1hanshin3.pdf,20c00e1a52231733d10b73f8d3a154ad9911561e1d2bf01f434b502fae583761,official_race_marker_verified,1800,flat,dirt,,right,,Class1,0.0,0,18004歳以上1勝クラス発走12時50分(ダート・右)負担重量は、4歳575歳以上58、牝馬2減
202609010307,2026,阪神,1,3,7,2026-02-28,https://www.jra.go.jp/datafile/seiseki/report/2026/2026-1hanshin3.pdf,20c00e1a52231733d10b73f8d3a154ad9911561e1d2bf01f434b502fae583761,official_race_marker_verified,1400,flat,dirt,,right,,Class1,0.0,0,14004歳以上1勝クラス発走13時20分(ダート・右)負担重量は、58、牝馬2減
202609010308,2026,阪神,1,3,8,2026-02-28,https://www.jra.go.jp/datafile/seiseki/report/2026/2026-1hanshin3.pdf,20c00e1a52231733d10b73f8d3a154ad9911561e1d2bf01f434b502fae583761,official_race_marker_verified,1800,flat,dirt,,right,,Class2,0.0,0,18004歳以上2勝クラス発走13時50分(ダート・右)牝;負担重量は、4歳555歳以上56
202609010309,2026,阪神,1,3,9,2026-02-28,https://www.jra.go.jp/datafile/seiseki/report/2026/2026-1hanshin3.pdf,20c00e1a52231733d10b73f8d3a154ad9911561e1d2bf01f434b502fae583761,official_race_marker_verified,3000,flat,turf,,right,1.0,Maiden,0.0,0,3000しょうらい松籟ステークス発走14時20分(芝・右)4歳以上、3勝クラス、除未出走馬および未勝利馬;負担重量は、ハンデキャップ賞品
202609010310,2026,阪神,1,3,10,2026-02-28,https://www.jra.go.jp/datafile/seiseki/report/2026/2026-1hanshin3.pdf,20c00e1a52231733d10b73f8d3a154ad9911561e1d2bf01f434b502fae583761,official_race_marker_verified,1200,flat,turf,,right,,Maiden,0.0,0,1200マーガレットステークス(L)発走14時55分(芝・右)3歳、除未出走馬および未勝利馬;負担重量は、日本馬:馬齢重量、収得賞金1200万円毎1増、:馬齢重量、GI競走1着馬2増、GII競走またはGIII競走1着馬1増賞品
202609010311,2026,阪神,1,3,11,2026-02-28,https://www.jra.go.jp/datafile/seiseki/report/2026/2026-1hanshin3.pdf,20c00e1a52231733d10b73f8d3a154ad9911561e1d2bf01f434b502fae583761,official_race_marker_verified,2000,flat,dirt,,right,1.0,Maiden,0.0,0,2000にがわ仁川ステークス(L)発走15時30分(ダート・右)4歳以上、除未出走馬および未勝利馬;負担重量は、ハンデキャップ賞品
202609010312,2026,阪神,1,3,12,2026-02-28,https://www.jra.go.jp/datafile/seiseki/report/2026/2026-1hanshin3.pdf,20c00e1a52231733d10b73f8d3a154ad9911561e1d2bf01f434b502fae583761,official_race_marker_verified,1400,flat,turf,,right,,Class2,0.0,0,14004歳以上2勝クラス発走16時10分(芝・右)負担重量は、58、牝馬2減
202609010401,2026,阪神,1,4,1,2026-03-01,https://www.jra.go.jp/datafile/seiseki/report/2026/2026-1hanshin4.pdf,d2055f7260d803af31a84cb05c4aa2379a0415577b8a6f0a195bafe4452d766b,official_race_marker_verified,1800,flat,dirt,,right,0.0,Maiden,0.0,0,18003歳未勝利発走9時55分(ダート・右)牝;負担重量は、馬齢重量
202609010402,2026,阪神,1,4,2,2026-03-01,https://www.jra.go.jp/datafile/seiseki/report/2026/2026-1hanshin4.pdf,d2055f7260d803af31a84cb05c4aa2379a0415577b8a6f0a195bafe4452d766b,official_race_marker_verified,1400,flat,dirt,,right,0.0,Maiden,0.0,0,14003歳未勝利発走10時25分(ダート・右)負担重量は、馬齢重量
202609010403,2026,阪神,1,4,3,2026-03-01,https://www.jra.go.jp/datafile/seiseki/report/2026/2026-1hanshin4.pdf,d2055f7260d803af31a84cb05c4aa2379a0415577b8a6f0a195bafe4452d766b,official_race_marker_verified,2000,flat,dirt,,right,0.0,Maiden,0.0,0,20003歳未勝利発走10時55分(ダート・右)負担重量は、馬齢重量
202609010404,2026,阪神,1,4,4,2026-03-01,https://www.jra.go.jp/datafile/seiseki/report/2026/2026-1hanshin4.pdf,d2055f7260d803af31a84cb05c4aa2379a0415577b8a6f0a195bafe4452d766b,official_race_marker_verified,1800,flat,dirt,,right,0.0,Class1,0.0,0,18003歳1勝クラス発走11時25分(ダート・右)負担重量は、馬齢重量
202609010405,2026,阪神,1,4,5,2026-03-01,https://www.jra.go.jp/datafile/seiseki/report/2026/2026-1hanshin4.pdf,d2055f7260d803af31a84cb05c4aa2379a0415577b8a6f0a195bafe4452d766b,official_race_marker_verified,2000,flat,turf,,right,0.0,Maiden,0.0,0,20003歳未勝利発走12時15分(芝・右)負担重量は、馬齢重量
202609010406,2026,阪神,1,4,6,2026-03-01,https://www.jra.go.jp/datafile/seiseki/report/2026/2026-1hanshin4.pdf,d2055f7260d803af31a84cb05c4aa2379a0415577b8a6f0a195bafe4452d766b,official_race_marker_verified,2000,flat,turf,,right,0.0,Class1,0.0,0,20003歳1勝クラス発走12時45分(芝・右)負担重量は、馬齢重量
202609010407,2026,阪神,1,4,7,2026-03-01,https://www.jra.go.jp/datafile/seiseki/report/2026/2026-1hanshin4.pdf,d2055f7260d803af31a84cb05c4aa2379a0415577b8a6f0a195bafe4452d766b,official_race_marker_verified,1200,flat,dirt,,right,,Class1,0.0,0,12004歳以上1勝クラス発走13時15分(ダート・右)牝;負担重量は、56
202609010408,2026,阪神,1,4,8,2026-03-01,https://www.jra.go.jp/datafile/seiseki/report/2026/2026-1hanshin4.pdf,d2055f7260d803af31a84cb05c4aa2379a0415577b8a6f0a195bafe4452d766b,official_race_marker_verified,1800,flat,turf,outer,right,,Class1,0.0,0,18004歳以上1勝クラス発走13時45分(芝・右・外)負担重量は、4歳575歳以上58、牝馬2減
202609010409,2026,阪神,1,4,9,2026-03-01,https://www.jra.go.jp/datafile/seiseki/report/2026/2026-1hanshin4.pdf,d2055f7260d803af31a84cb05c4aa2379a0415577b8a6f0a195bafe4452d766b,official_race_marker_verified,2200,flat,turf,,right,,Class2,0.0,0,2200さんよう山陽特別発走14時15分(芝・右)4歳以上、2勝クラス;負担重量は、4歳575歳以上58、牝馬2減賞品
202609010410,2026,阪神,1,4,10,2026-03-01,https://www.jra.go.jp/datafile/seiseki/report/2026/2026-1hanshin4.pdf,d2055f7260d803af31a84cb05c4aa2379a0415577b8a6f0a195bafe4452d766b,official_race_marker_verified,1800,flat,dirt,,right,,Maiden,0.0,0,1800いたみ伊丹ステークス発走14時50分(ダート・右)4歳以上、3勝クラス、除未出走馬および未勝利馬;負担重量は、4歳575歳以上58、牝馬2減賞品
202609010411,2026,阪神,1,4,11,2026-03-01,https://www.jra.go.jp/datafile/seiseki/report/2026/2026-1hanshin4.pdf,d2055f7260d803af31a84cb05c4aa2379a0415577b8a6f0a195bafe4452d766b,official_race_marker_verified,1600,flat,turf,outer,right,0.0,Open,1.0,1,1600第33回チューリップ賞(GII)発走15時30分(桜花賞トライアル)(芝・右・外)牝、3歳;負担重量は、馬齢重量賞品
202609010412,2026,阪神,1,4,12,2026-03-01,https://www.jra.go.jp/datafile/seiseki/report/2026/2026-1hanshin4.pdf,d2055f7260d803af31a84cb05c4aa2379a0415577b8a6f0a195bafe4452d766b,official_race_marker_verified,1200,flat,dirt,,right,,Class2,0.0,0,12004歳以上2勝クラス発走16時10分(ダート・右)負担重量は、58、牝馬2減
202609010501,2026,阪神,1,5,1,2026-03-07,https://www.jra.go.jp/datafile/seiseki/report/2026/2026-1hanshin5.pdf,ad38e5263d33c29305bd5469d448dc2c477906f167dd669bd6265bcb3029bebf,official_race_marker_verified,1800,flat,dirt,,right,0.0,Maiden,0.0,0,18003歳未勝利発走9時50分(ダート・右)牝;負担重量は、馬齢重量
202609010502,2026,阪神,1,5,2,2026-03-07,https://www.jra.go.jp/datafile/seiseki/report/2026/2026-1hanshin5.pdf,ad38e5263d33c29305bd5469d448dc2c477906f167dd669bd6265bcb3029bebf,official_race_marker_verified,1400,flat,dirt,,right,0.0,Maiden,0.0,0,14003歳未勝利発走10時20分(ダート・右)負担重量は、馬齢重量
202609010503,2026,阪神,1,5,3,2026-03-07,https://www.jra.go.jp/datafile/seiseki/report/2026/2026-1hanshin5.pdf,ad38e5263d33c29305bd5469d448dc2c477906f167dd669bd6265bcb3029bebf,official_race_marker_verified,2000,flat,dirt,,right,0.0,Maiden,0.0,0,20003歳未勝利発走10時50分(ダート・右)負担重量は、馬齢重量
202609010504,2026,阪神,1,5,4,2026-03-07,https://www.jra.go.jp/datafile/seiseki/report/2026/2026-1hanshin5.pdf,ad38e5263d33c29305bd5469d448dc2c477906f167dd669bd6265bcb3029bebf,official_race_marker_verified,2400,flat,turf,outer,right,0.0,Maiden,0.0,0,24003歳未勝利発走11時20分(芝・右・外)負担重量は、馬齢重量
202609010505,2026,阪神,1,5,5,2026-03-07,https://www.jra.go.jp/datafile/seiseki/report/2026/2026-1hanshin5.pdf,ad38e5263d33c29305bd5469d448dc2c477906f167dd669bd6265bcb3029bebf,official_race_marker_verified,1600,flat,turf,outer,right,0.0,Maiden,0.0,0,16003歳未勝利発走12時10分(芝・右・外)負担重量は、馬齢重量
202609010506,2026,阪神,1,5,6,2026-03-07,https://www.jra.go.jp/datafile/seiseki/report/2026/2026-1hanshin5.pdf,ad38e5263d33c29305bd5469d448dc2c477906f167dd669bd6265bcb3029bebf,official_race_marker_verified,1200,flat,dirt,,right,0.0,Class1,0.0,0,12003歳1勝クラス発走12時40分(ダート・右)負担重量は、馬齢重量
202609010507,2026,阪神,1,5,7,2026-03-07,https://www.jra.go.jp/datafile/seiseki/report/2026/2026-1hanshin5.pdf,ad38e5263d33c29305bd5469d448dc2c477906f167dd669bd6265bcb3029bebf,official_race_marker_verified,1800,flat,dirt,,right,,Class1,0.0,0,18004歳以上1勝クラス発走13時10分(ダート・右)負担重量は、58、牝馬2減
202609010508,2026,阪神,1,5,8,2026-03-07,https://www.jra.go.jp/datafile/seiseki/report/2026/2026-1hanshin5.pdf,ad38e5263d33c29305bd5469d448dc2c477906f167dd669bd6265bcb3029bebf,official_race_marker_verified,1600,flat,turf,outer,right,,Class2,0.0,0,16004歳以上2勝クラス発走13時40分(芝・右・外)負担重量は、58、牝馬2減
202609010509,2026,阪神,1,5,9,2026-03-07,https://www.jra.go.jp/datafile/seiseki/report/2026/2026-1hanshin5.pdf,ad38e5263d33c29305bd5469d448dc2c477906f167dd669bd6265bcb3029bebf,official_race_marker_verified,2000,flat,turf,,right,1.0,Class2,0.0,0,2000せんりやま千里山特別発走14時15分(芝・右)4歳以上、2勝クラス;負担重量は、ハンデキャップ賞品
202609010510,2026,阪神,1,5,10,2026-03-07,https://www.jra.go.jp/datafile/seiseki/report/2026/2026-1hanshin5.pdf,ad38e5263d33c29305bd5469d448dc2c477906f167dd669bd6265bcb3029bebf,official_race_marker_verified,1200,flat,dirt,,right,,Maiden,0.0,0,1200なにわステークス発走14時50分(ダート・右)4歳以上、3勝クラス、除未出走馬および未勝利馬;負担重量は、58、牝馬2減賞品
202609010511,2026,阪神,1,5,11,2026-03-07,https://www.jra.go.jp/datafile/seiseki/report/2026/2026-1hanshin5.pdf,ad38e5263d33c29305bd5469d448dc2c477906f167dd669bd6265bcb3029bebf,official_race_marker_verified,1400,flat,turf,,right,0.0,Open,1.0,1,1400第60回報知杯フィリーズレビュー(GII)発走15時30分(桜花賞トライアル)(芝・右)牝、3歳;負担重量は、馬齢重量報知新聞社賞(1着)賞品
202609010512,2026,阪神,1,5,12,2026-03-07,https://www.jra.go.jp/datafile/seiseki/report/2026/2026-1hanshin5.pdf,ad38e5263d33c29305bd5469d448dc2c477906f167dd669bd6265bcb3029bebf,official_race_marker_verified,1200,flat,dirt,,right,,Class1,0.0,0,12004歳以上1勝クラス発走16時10分(ダート・右)負担重量は、58、牝馬2減
202609010601,2026,阪神,1,6,1,2026-03-08,https://www.jra.go.jp/datafile/seiseki/report/2026/2026-1hanshin6.pdf,8f3e35708a2a118109cb0dfc3def268ba2de923cf232b4242e7c1a2d974915c1,official_race_marker_verified,1800,flat,dirt,,right,0.0,Maiden,0.0,0,18003歳未勝利発走9時50分(ダート・右)負担重量は、馬齢重量
202609010602,2026,阪神,1,6,2,2026-03-08,https://www.jra.go.jp/datafile/seiseki/report/2026/2026-1hanshin6.pdf,8f3e35708a2a118109cb0dfc3def268ba2de923cf232b4242e7c1a2d974915c1,official_race_marker_verified,1200,flat,dirt,,right,0.0,Maiden,0.0,0,12003歳未勝利発走10時20分(ダート・右)負担重量は、馬齢重量
202609010603,2026,阪神,1,6,3,2026-03-08,https://www.jra.go.jp/datafile/seiseki/report/2026/2026-1hanshin6.pdf,8f3e35708a2a118109cb0dfc3def268ba2de923cf232b4242e7c1a2d974915c1,official_race_marker_verified,1800,flat,dirt,,right,0.0,Maiden,0.0,0,18003歳未勝利発走10時50分(ダート・右)負担重量は、馬齢重量
202609010604,2026,阪神,1,6,4,2026-03-08,https://www.jra.go.jp/datafile/seiseki/report/2026/2026-1hanshin6.pdf,8f3e35708a2a118109cb0dfc3def268ba2de923cf232b4242e7c1a2d974915c1,official_race_marker_verified,1400,flat,dirt,,right,0.0,Maiden,0.0,0,14003歳未勝利発走11時20分(ダート・右)負担重量は、馬齢重量
202609010605,2026,阪神,1,6,5,2026-03-08,https://www.jra.go.jp/datafile/seiseki/report/2026/2026-1hanshin6.pdf,8f3e35708a2a118109cb0dfc3def268ba2de923cf232b4242e7c1a2d974915c1,official_race_marker_verified,1800,flat,dirt,,right,0.0,Class1,0.0,0,18003歳1勝クラス発走12時10分(ダート・右)牝;負担重量は、馬齢重量
202609010606,2026,阪神,1,6,6,2026-03-08,https://www.jra.go.jp/datafile/seiseki/report/2026/2026-1hanshin6.pdf,8f3e35708a2a118109cb0dfc3def268ba2de923cf232b4242e7c1a2d974915c1,official_race_marker_verified,2000,flat,dirt,,right,,Class1,0.0,0,20004歳以上1勝クラス発走12時40分(ダート・右)負担重量は、58、牝馬2減
202609010607,2026,阪神,1,6,7,2026-03-08,https://www.jra.go.jp/datafile/seiseki/report/2026/2026-1hanshin6.pdf,8f3e35708a2a118109cb0dfc3def268ba2de923cf232b4242e7c1a2d974915c1,official_race_marker_verified,2000,flat,turf,,right,,Class1,0.0,0,20004歳以上1勝クラス発走13時10分(芝・右)負担重量は、58、牝馬2減
202609010608,2026,阪神,1,6,8,2026-03-08,https://www.jra.go.jp/datafile/seiseki/report/2026/2026-1hanshin6.pdf,8f3e35708a2a118109cb0dfc3def268ba2de923cf232b4242e7c1a2d974915c1,official_race_marker_verified,1800,flat,dirt,,right,,Class2,0.0,0,18004歳以上2勝クラス発走13時40分(ダート・右)負担重量は、58、牝馬2減
202609010609,2026,阪神,1,6,9,2026-03-08,https://www.jra.go.jp/datafile/seiseki/report/2026/2026-1hanshin6.pdf,8f3e35708a2a118109cb0dfc3def268ba2de923cf232b4242e7c1a2d974915c1,official_race_marker_verified,1800,flat,turf,outer,right,0.0,Class1,0.0,0,1800アルメリア賞発走14時15分(芝・右・外)3歳、1勝クラス;負担重量は、馬齢重量賞品
202609010610,2026,阪神,1,6,10,2026-03-08,https://www.jra.go.jp/datafile/seiseki/report/2026/2026-1hanshin6.pdf,8f3e35708a2a118109cb0dfc3def268ba2de923cf232b4242e7c1a2d974915c1,official_race_marker_verified,1600,flat,turf,outer,right,,Maiden,0.0,0,1600きしわだ岸和田ステークス発走14時50分(芝・右・外)4歳以上、3勝クラス、除未出走馬および未勝利馬;負担重量は、58、牝馬2減賞品
202609010611,2026,阪神,1,6,11,2026-03-08,https://www.jra.go.jp/datafile/seiseki/report/2026/2026-1hanshin6.pdf,8f3e35708a2a118109cb0dfc3def268ba2de923cf232b4242e7c1a2d974915c1,official_race_marker_verified,1800,flat,turf,outer,right,,Maiden,0.0,0,1800おおさかじょう大阪城ステークス(L)発走15時30分(芝・右・外)4歳以上、除未出走馬および未勝利馬;負担重量は、日本馬:57、牝馬2減、収得賞金1600万円超過馬は超過額1200万円毎1増、:57、牝馬2減、GI競走1着馬5増、GII競走1着馬3増、GIII競走1着馬1増(ただし2歳時の成績を除く)賞品
202609010612,2026,阪神,1,6,12,2026-03-08,https://www.jra.go.jp/datafile/seiseki/report/2026/2026-1hanshin6.pdf,8f3e35708a2a118109cb0dfc3def268ba2de923cf232b4242e7c1a2d974915c1,official_race_marker_verified,1400,flat,dirt,,right,,Class2,0.0,0,14004歳以上2勝クラス発走16時10分(ダート・右)負担重量は、58、牝馬2減
202609010701,2026,阪神,1,7,1,2026-03-14,https://www.jra.go.jp/datafile/seiseki/report/2026/2026-1hanshin7.pdf,277e35ed88531e09774fc018b64ffe7c62c64fa27e49ce7938d3c4c3fd74f1c1,official_race_marker_verified,1800,flat,dirt,,right,0.0,Maiden,0.0,0,18003歳未勝利発走9時50分(ダート・右)牝;負担重量は、馬齢重量
202609010702,2026,阪神,1,7,2,2026-03-14,https://www.jra.go.jp/datafile/seiseki/report/2026/2026-1hanshin7.pdf,277e35ed88531e09774fc018b64ffe7c62c64fa27e49ce7938d3c4c3fd74f1c1,official_race_marker_verified,1400,flat,dirt,,right,0.0,Maiden,0.0,0,14003歳未勝利発走10時20分(ダート・右)負担重量は、馬齢重量
202609010703,2026,阪神,1,7,3,2026-03-14,https://www.jra.go.jp/datafile/seiseki/report/2026/2026-1hanshin7.pdf,277e35ed88531e09774fc018b64ffe7c62c64fa27e49ce7938d3c4c3fd74f1c1,official_race_marker_verified,1800,flat,dirt,,right,0.0,Maiden,0.0,0,18003歳未勝利発走10時50分(ダート・右)負担重量は、馬齢重量
202609010704,2026,阪神,1,7,4,2026-03-14,https://www.jra.go.jp/datafile/seiseki/report/2026/2026-1hanshin7.pdf,277e35ed88531e09774fc018b64ffe7c62c64fa27e49ce7938d3c4c3fd74f1c1,official_race_marker_verified,1400,flat,turf,,right,0.0,Maiden,0.0,0,14003歳未勝利発走11時20分(芝・右)負担重量は、馬齢重量
202609010705,2026,阪神,1,7,5,2026-03-14,https://www.jra.go.jp/datafile/seiseki/report/2026/2026-1hanshin7.pdf,277e35ed88531e09774fc018b64ffe7c62c64fa27e49ce7938d3c4c3fd74f1c1,official_race_marker_verified,1800,flat,turf,outer,right,0.0,Maiden,0.0,0,18003歳未勝利発走12時10分(芝・右・外)負担重量は、馬齢重量
202609010706,2026,阪神,1,7,6,2026-03-14,https://www.jra.go.jp/datafile/seiseki/report/2026/2026-1hanshin7.pdf,277e35ed88531e09774fc018b64ffe7c62c64fa27e49ce7938d3c4c3fd74f1c1,official_race_marker_verified,1800,flat,dirt,,right,,Class1,0.0,0,18004歳以上1勝クラス発走12時40分(ダート・右)牝;負担重量は、56
202609010707,2026,阪神,1,7,7,2026-03-14,https://www.jra.go.jp/datafile/seiseki/report/2026/2026-1hanshin7.pdf,277e35ed88531e09774fc018b64ffe7c62c64fa27e49ce7938d3c4c3fd74f1c1,official_race_marker_verified,1400,flat,dirt,,right,,Class1,0.0,0,14004歳以上1勝クラス発走13時10分(ダート・右)負担重量は、58、牝馬2減
202609010708,2026,阪神,1,7,8,2026-03-14,https://www.jra.go.jp/datafile/seiseki/report/2026/2026-1hanshin7.pdf,277e35ed88531e09774fc018b64ffe7c62c64fa27e49ce7938d3c4c3fd74f1c1,official_race_marker_verified,3900,obstacle,,,,,Maiden,0.0,0,3900第28回阪神スプリングジャンプ(J・GII)発走13時45分(芝)4歳以上、除未出走馬および未勝利馬;負担重量は、4歳595歳以上60、牝馬2減、J・GI競走1着馬2増、J・GII競走1着馬1増賞品
202609010709,2026,阪神,1,7,9,2026-03-14,https://www.jra.go.jp/datafile/seiseki/report/2026/2026-1hanshin7.pdf,277e35ed88531e09774fc018b64ffe7c62c64fa27e49ce7938d3c4c3fd74f1c1,official_race_marker_verified,1200,flat,turf,,right,,Class2,0.0,0,1200さぬき讃岐特別発走14時20分(芝・右)4歳以上、2勝クラス;負担重量は、58、牝馬2減賞品
202609010710,2026,阪神,1,7,10,2026-03-14,https://www.jra.go.jp/datafile/seiseki/report/2026/2026-1hanshin7.pdf,277e35ed88531e09774fc018b64ffe7c62c64fa27e49ce7938d3c4c3fd74f1c1,official_race_marker_verified,1800,flat,turf,outer,right,,Maiden,0.0,0,1800なんば難波ステークス発走14時55分(芝・右・外)4歳以上、3勝クラス、除未出走馬および未勝利馬;負担重量は、58、牝馬2減賞品
202609010711,2026,阪神,1,7,11,2026-03-14,https://www.jra.go.jp/datafile/seiseki/report/2026/2026-1hanshin7.pdf,277e35ed88531e09774fc018b64ffe7c62c64fa27e49ce7938d3c4c3fd74f1c1,official_race_marker_verified,1400,flat,dirt,,right,,Maiden,0.0,0,1400コーラルステークス(L)発走15時30分(ダート・右)4歳以上、除未出走馬および未勝利馬;負担重量は、日本馬:57、牝馬2減、収得賞金1600万円超過馬は超過額1200万円毎1増、:57、牝馬2減、GI競走1着馬5増、GII競走1着馬3増、GIII競走1着馬1増(ただし2歳時の成績を除く)賞品
202609010712,2026,阪神,1,7,12,2026-03-14,https://www.jra.go.jp/datafile/seiseki/report/2026/2026-1hanshin7.pdf,277e35ed88531e09774fc018b64ffe7c62c64fa27e49ce7938d3c4c3fd74f1c1,official_race_marker_verified,1800,flat,dirt,,right,,Class1,0.0,0,18004歳以上1勝クラス発走16時10分(ダート・右)負担重量は、58、牝馬2減
202609010801,2026,阪神,1,8,1,2026-03-15,https://www.jra.go.jp/datafile/seiseki/report/2026/2026-1hanshin8.pdf,391254a73135f2ca29330bec0a9079bbf8ea289d82115d123469782b70c3d66d,official_race_marker_verified,1400,flat,dirt,,right,0.0,Maiden,0.0,0,14003歳未勝利発走9時55分(ダート・右)牝;負担重量は、馬齢重量
202609010802,2026,阪神,1,8,2,2026-03-15,https://www.jra.go.jp/datafile/seiseki/report/2026/2026-1hanshin8.pdf,391254a73135f2ca29330bec0a9079bbf8ea289d82115d123469782b70c3d66d,official_race_marker_verified,1800,flat,dirt,,right,0.0,Maiden,0.0,0,18003歳未勝利発走10時25分(ダート・右)負担重量は、馬齢重量
202609010803,2026,阪神,1,8,3,2026-03-15,https://www.jra.go.jp/datafile/seiseki/report/2026/2026-1hanshin8.pdf,391254a73135f2ca29330bec0a9079bbf8ea289d82115d123469782b70c3d66d,official_race_marker_verified,1200,flat,dirt,,right,0.0,Maiden,0.0,0,12003歳未勝利発走10時55分(ダート・右)負担重量は、馬齢重量
202609010804,2026,阪神,1,8,4,2026-03-15,https://www.jra.go.jp/datafile/seiseki/report/2026/2026-1hanshin8.pdf,391254a73135f2ca29330bec0a9079bbf8ea289d82115d123469782b70c3d66d,official_race_marker_verified,2970,obstacle,turf,,,,Maiden,0.0,0,2970障害4歳以上未勝利発走11時25分(芝・ダート)負担重量は、4歳595歳以上60、牝馬2減
202609010805,2026,阪神,1,8,5,2026-03-15,https://www.jra.go.jp/datafile/seiseki/report/2026/2026-1hanshin8.pdf,391254a73135f2ca29330bec0a9079bbf8ea289d82115d123469782b70c3d66d,official_race_marker_verified,2000,flat,turf,,right,0.0,Maiden,0.0,0,20003歳未勝利発走12時15分(芝・右)牝;負担重量は、馬齢重量
202609010806,2026,阪神,1,8,6,2026-03-15,https://www.jra.go.jp/datafile/seiseki/report/2026/2026-1hanshin8.pdf,391254a73135f2ca29330bec0a9079bbf8ea289d82115d123469782b70c3d66d,official_race_marker_verified,1600,flat,turf,outer,right,0.0,Class1,0.0,0,16003歳1勝クラス発走12時45分(芝・右・外)負担重量は、馬齢重量
202609010807,2026,阪神,1,8,7,2026-03-15,https://www.jra.go.jp/datafile/seiseki/report/2026/2026-1hanshin8.pdf,391254a73135f2ca29330bec0a9079bbf8ea289d82115d123469782b70c3d66d,official_race_marker_verified,1600,flat,turf,outer,right,,Class1,0.0,0,16004歳以上1勝クラス発走13時15分(芝・右・外)負担重量は、58、牝馬2減
202609010808,2026,阪神,1,8,8,2026-03-15,https://www.jra.go.jp/datafile/seiseki/report/2026/2026-1hanshin8.pdf,391254a73135f2ca29330bec0a9079bbf8ea289d82115d123469782b70c3d66d,official_race_marker_verified,1800,flat,dirt,,right,,Class2,0.0,0,18004歳以上2勝クラス発走13時45分(ダート・右)負担重量は、58、牝馬2減
202609010809,2026,阪神,1,8,9,2026-03-15,https://www.jra.go.jp/datafile/seiseki/report/2026/2026-1hanshin8.pdf,391254a73135f2ca29330bec0a9079bbf8ea289d82115d123469782b70c3d66d,official_race_marker_verified,2400,flat,turf,outer,right,0.0,Class1,0.0,0,2400ゆきやなぎ賞発走14時15分(芝・右・外)3歳、1勝クラス;負担重量は、馬齢重量賞品
202609010810,2026,阪神,1,8,10,2026-03-15,https://www.jra.go.jp/datafile/seiseki/report/2026/2026-1hanshin8.pdf,391254a73135f2ca29330bec0a9079bbf8ea289d82115d123469782b70c3d66d,official_race_marker_verified,1800,flat,dirt,,right,1.0,Maiden,0.0,0,1800こうなん甲南ステークス発走14時50分(ダート・右)4歳以上、3勝クラス、除未出走馬および未勝利馬;負担重量は、ハンデキャップ賞品
202609010811,2026,阪神,1,8,11,2026-03-15,https://www.jra.go.jp/datafile/seiseki/report/2026/2026-1hanshin8.pdf,391254a73135f2ca29330bec0a9079bbf8ea289d82115d123469782b70c3d66d,official_race_marker_verified,1200,flat,turf,,right,1.0,Maiden,0.0,0,1200よなごじょう米子城ステークス発走15時30分(芝・右)4歳以上、除未出走馬および未勝利馬;負担重量は、ハンデキャップ米子市長賞(1着)賞品
202609010812,2026,阪神,1,8,12,2026-03-15,https://www.jra.go.jp/datafile/seiseki/report/2026/2026-1hanshin8.pdf,391254a73135f2ca29330bec0a9079bbf8ea289d82115d123469782b70c3d66d,official_race_marker_verified,1400,flat,dirt,,right,,Class2,0.0,0,14004歳以上2勝クラス発走16時10分(ダート・右)牝;負担重量は、56
202609010901,2026,阪神,1,9,1,2026-03-21,https://www.jra.go.jp/datafile/seiseki/report/2026/2026-1hanshin9.pdf,e1f9597a96942f4bbff5052df949e407a31393c20ebb0454f4c623d8f714096d,official_race_marker_verified,1800,flat,dirt,,right,0.0,Maiden,0.0,0,18003歳未勝利発走9時50分(ダート・右)牝;負担重量は、馬齢重量
202609010902,2026,阪神,1,9,2,2026-03-21,https://www.jra.go.jp/datafile/seiseki/report/2026/2026-1hanshin9.pdf,e1f9597a96942f4bbff5052df949e407a31393c20ebb0454f4c623d8f714096d,official_race_marker_verified,1200,flat,dirt,,right,0.0,Maiden,0.0,0,12003歳未勝利発走10時20分(ダート・右)負担重量は、馬齢重量
202609010903,2026,阪神,1,9,3,2026-03-21,https://www.jra.go.jp/datafile/seiseki/report/2026/2026-1hanshin9.pdf,e1f9597a96942f4bbff5052df949e407a31393c20ebb0454f4c623d8f714096d,official_race_marker_verified,2000,flat,dirt,,right,0.0,Maiden,0.0,0,20003歳未勝利発走10時50分(ダート・右)負担重量は、馬齢重量
202609010904,2026,阪神,1,9,4,2026-03-21,https://www.jra.go.jp/datafile/seiseki/report/2026/2026-1hanshin9.pdf,e1f9597a96942f4bbff5052df949e407a31393c20ebb0454f4c623d8f714096d,official_race_marker_verified,1400,flat,dirt,,right,0.0,Maiden,0.0,0,14003歳未勝利発走11時20分(ダート・右)負担重量は、馬齢重量
202609010905,2026,阪神,1,9,5,2026-03-21,https://www.jra.go.jp/datafile/seiseki/report/2026/2026-1hanshin9.pdf,e1f9597a96942f4bbff5052df949e407a31393c20ebb0454f4c623d8f714096d,official_race_marker_verified,1600,flat,turf,outer,right,0.0,Maiden,0.0,0,16003歳未勝利発走12時10分(芝・右・外)負担重量は、馬齢重量
202609010906,2026,阪神,1,9,6,2026-03-21,https://www.jra.go.jp/datafile/seiseki/report/2026/2026-1hanshin9.pdf,e1f9597a96942f4bbff5052df949e407a31393c20ebb0454f4c623d8f714096d,official_race_marker_verified,1400,flat,dirt,,right,0.0,Class1,0.0,0,14003歳1勝クラス発走12時40分(ダート・右)負担重量は、馬齢重量
202609010907,2026,阪神,1,9,7,2026-03-21,https://www.jra.go.jp/datafile/seiseki/report/2026/2026-1hanshin9.pdf,e1f9597a96942f4bbff5052df949e407a31393c20ebb0454f4c623d8f714096d,official_race_marker_verified,1800,flat,dirt,,right,,Class1,0.0,0,18004歳以上1勝クラス発走13時10分(ダート・右)牝;負担重量は、56
202609010908,2026,阪神,1,9,8,2026-03-21,https://www.jra.go.jp/datafile/seiseki/report/2026/2026-1hanshin9.pdf,e1f9597a96942f4bbff5052df949e407a31393c20ebb0454f4c623d8f714096d,official_race_marker_verified,1800,flat,dirt,,right,,Class2,0.0,0,18004歳以上2勝クラス発走13時45分(ダート・右)負担重量は、58、牝馬2減
202609010909,2026,阪神,1,9,9,2026-03-21,https://www.jra.go.jp/datafile/seiseki/report/2026/2026-1hanshin9.pdf,e1f9597a96942f4bbff5052df949e407a31393c20ebb0454f4c623d8f714096d,official_race_marker_verified,2600,flat,turf,outer,right,,Class2,0.0,0,2600あわじ淡路特別発走14時20分(芝・右・外)4歳以上、2勝クラス;負担重量は、4歳575歳以上58、牝馬2減賞品
202609010910,2026,阪神,1,9,10,2026-03-21,https://www.jra.go.jp/datafile/seiseki/report/2026/2026-1hanshin9.pdf,e1f9597a96942f4bbff5052df949e407a31393c20ebb0454f4c623d8f714096d,official_race_marker_verified,1200,flat,turf,,right,1.0,Maiden,0.0,0,1200よどやばし淀屋橋ステークス発走14時55分(芝・右)4歳以上、3勝クラス、除未出走馬および未勝利馬;負担重量は、ハンデキャップ賞品
202609010911,2026,阪神,1,9,11,2026-03-21,https://www.jra.go.jp/datafile/seiseki/report/2026/2026-1hanshin9.pdf,e1f9597a96942f4bbff5052df949e407a31393c20ebb0454f4c623d8f714096d,official_race_marker_verified,2000,flat,turf,,right,0.0,Open,1.0,1,2000わかば若葉ステークス(L)発走15時30分(皐月賞トライアル)(芝・右)3歳;負担重量は、馬齢重量賞品
202609010912,2026,阪神,1,9,12,2026-03-21,https://www.jra.go.jp/datafile/seiseki/report/2026/2026-1hanshin9.pdf,e1f9597a96942f4bbff5052df949e407a31393c20ebb0454f4c623d8f714096d,official_race_marker_verified,1200,flat,dirt,,right,,Class1,0.0,0,12004歳以上1勝クラス発走16時10分(ダート・右)負担重量は、58、牝馬2減
202609020101,2026,阪神,2,1,1,2026-03-28,https://www.jra.go.jp/datafile/seiseki/report/2026/2026-2hanshin1.pdf,6c9cd20b41c0b49a7fd299c75fccd8b2cf300839d7f19979ea5342650ead5d2f,official_race_marker_verified,1200,flat,dirt,,right,0.0,Maiden,0.0,0,12003歳未勝利発走9時50分(ダート・右)牝;負担重量は、馬齢重量
202609020102,2026,阪神,2,1,2,2026-03-28,https://www.jra.go.jp/datafile/seiseki/report/2026/2026-2hanshin1.pdf,6c9cd20b41c0b49a7fd299c75fccd8b2cf300839d7f19979ea5342650ead5d2f,official_race_marker_verified,1800,flat,dirt,,right,0.0,Maiden,0.0,0,18003歳未勝利発走10時20分(ダート・右)負担重量は、馬齢重量
202609020103,2026,阪神,2,1,3,2026-03-28,https://www.jra.go.jp/datafile/seiseki/report/2026/2026-2hanshin1.pdf,6c9cd20b41c0b49a7fd299c75fccd8b2cf300839d7f19979ea5342650ead5d2f,official_race_marker_verified,1200,flat,dirt,,right,0.0,Maiden,0.0,0,12003歳未勝利発走10時50分(ダート・右)負担重量は、馬齢重量
202609020104,2026,阪神,2,1,4,2026-03-28,https://www.jra.go.jp/datafile/seiseki/report/2026/2026-2hanshin1.pdf,6c9cd20b41c0b49a7fd299c75fccd8b2cf300839d7f19979ea5342650ead5d2f,official_race_marker_verified,1800,flat,dirt,,right,0.0,Maiden,0.0,0,18003歳未勝利発走11時20分(ダート・右)負担重量は、馬齢重量
202609020105,2026,阪神,2,1,5,2026-03-28,https://www.jra.go.jp/datafile/seiseki/report/2026/2026-2hanshin1.pdf,6c9cd20b41c0b49a7fd299c75fccd8b2cf300839d7f19979ea5342650ead5d2f,official_race_marker_verified,1600,flat,turf,outer,right,0.0,Maiden,0.0,0,16003歳未勝利発走12時10分(芝・右・外)負担重量は、馬齢重量
202609020106,2026,阪神,2,1,6,2026-03-28,https://www.jra.go.jp/datafile/seiseki/report/2026/2026-2hanshin1.pdf,6c9cd20b41c0b49a7fd299c75fccd8b2cf300839d7f19979ea5342650ead5d2f,official_race_marker_verified,1400,flat,turf,,right,0.0,Class1,0.0,0,14003歳1勝クラス発走12時40分(芝・右)負担重量は、馬齢重量
202609020107,2026,阪神,2,1,7,2026-03-28,https://www.jra.go.jp/datafile/seiseki/report/2026/2026-2hanshin1.pdf,6c9cd20b41c0b49a7fd299c75fccd8b2cf300839d7f19979ea5342650ead5d2f,official_race_marker_verified,1400,flat,dirt,,right,,Class1,0.0,0,14004歳以上1勝クラス発走13時10分(ダート・右)牝;負担重量は、56
202609020108,2026,阪神,2,1,8,2026-03-28,https://www.jra.go.jp/datafile/seiseki/report/2026/2026-2hanshin1.pdf,6c9cd20b41c0b49a7fd299c75fccd8b2cf300839d7f19979ea5342650ead5d2f,official_race_marker_verified,3140,obstacle,,,,,,,0,3140三木ホースランドパークジャンプステークス発走13時45分(芝)4歳以上;負担重量は、4歳595歳以上60、牝馬2減、J・GI競走1着馬5増、J・GII競走1着馬3増、J・GIII競走1着馬1増、収得賞金400万円以下の馬1減(公財)三木山人と馬とのふれあいの森協会理事長賞(1着)賞品
202609020109,2026,阪神,2,1,9,2026-03-28,https://www.jra.go.jp/datafile/seiseki/report/2026/2026-2hanshin1.pdf,6c9cd20b41c0b49a7fd299c75fccd8b2cf300839d7f19979ea5342650ead5d2f,official_race_marker_verified,1800,flat,turf,outer,right,0.0,Class1,0.0,0,1800くんしらん君子蘭賞発走14時20分(芝・右・外)牝、3歳、1勝クラス;負担重量は、馬齢重量賞品
202609020110,2026,阪神,2,1,10,2026-03-28,https://www.jra.go.jp/datafile/seiseki/report/2026/2026-2hanshin1.pdf,6c9cd20b41c0b49a7fd299c75fccd8b2cf300839d7f19979ea5342650ead5d2f,official_race_marker_verified,1400,flat,turf,,right,1.0,Class2,0.0,0,1400ちゅうしゅんラジオ関西賞仲春特別発走14時55分(芝・右)4歳以上、2勝クラス;負担重量は、ハンデキャップラジオ関西賞(1着)賞品
202609020111,2026,阪神,2,1,11,2026-03-28,https://www.jra.go.jp/datafile/seiseki/report/2026/2026-2hanshin1.pdf,6c9cd20b41c0b49a7fd299c75fccd8b2cf300839d7f19979ea5342650ead5d2f,official_race_marker_verified,1800,flat,turf,outer,right,0.0,Open,1.0,1,1800第73回毎日杯(GIII)発走15時30分(芝・右・外)3歳、除未出走馬および未勝利馬;負担重量は、馬齢重量毎日新聞社賞(1着)賞品
202609020112,2026,阪神,2,1,12,2026-03-28,https://www.jra.go.jp/datafile/seiseki/report/2026/2026-2hanshin1.pdf,6c9cd20b41c0b49a7fd299c75fccd8b2cf300839d7f19979ea5342650ead5d2f,official_race_marker_verified,2000,flat,dirt,,right,,Class2,0.0,0,20004歳以上2勝クラス発走16時10分(ダート・右)負担重量は、58、牝馬2減
202609020201,2026,阪神,2,2,1,2026-03-29,https://www.jra.go.jp/datafile/seiseki/report/2026/2026-2hanshin2.pdf,394f2055a86f0836dbf3a027fa6eeff05eca8b23f5b8a06f49b10ba2994038e1,official_race_marker_verified,1800,flat,dirt,,right,0.0,Maiden,0.0,0,18003歳未勝利発走9時45分(ダート・右)牝;負担重量は、馬齢重量
202609020202,2026,阪神,2,2,2,2026-03-29,https://www.jra.go.jp/datafile/seiseki/report/2026/2026-2hanshin2.pdf,394f2055a86f0836dbf3a027fa6eeff05eca8b23f5b8a06f49b10ba2994038e1,official_race_marker_verified,2000,flat,dirt,,right,0.0,Maiden,0.0,0,20003歳未勝利発走10時15分(ダート・右)負担重量は、馬齢重量
202609020203,2026,阪神,2,2,3,2026-03-29,https://www.jra.go.jp/datafile/seiseki/report/2026/2026-2hanshin2.pdf,394f2055a86f0836dbf3a027fa6eeff05eca8b23f5b8a06f49b10ba2994038e1,official_race_marker_verified,1400,flat,dirt,,right,0.0,Maiden,0.0,0,14003歳未勝利発走10時45分(ダート・右)負担重量は、馬齢重量
202609020204,2026,阪神,2,2,4,2026-03-29,https://www.jra.go.jp/datafile/seiseki/report/2026/2026-2hanshin2.pdf,394f2055a86f0836dbf3a027fa6eeff05eca8b23f5b8a06f49b10ba2994038e1,official_race_marker_verified,2970,obstacle,turf,,,,Maiden,0.0,0,2970障害4歳以上未勝利発走11時15分(芝・ダート)負担重量は、4歳595歳以上60、牝馬2減
202609020205,2026,阪神,2,2,5,2026-03-29,https://www.jra.go.jp/datafile/seiseki/report/2026/2026-2hanshin2.pdf,394f2055a86f0836dbf3a027fa6eeff05eca8b23f5b8a06f49b10ba2994038e1,official_race_marker_verified,2000,flat,turf,,right,0.0,Maiden,0.0,0,20003歳未勝利発走12時05分(芝・右)負担重量は、馬齢重量
202609020206,2026,阪神,2,2,6,2026-03-29,https://www.jra.go.jp/datafile/seiseki/report/2026/2026-2hanshin2.pdf,394f2055a86f0836dbf3a027fa6eeff05eca8b23f5b8a06f49b10ba2994038e1,official_race_marker_verified,1200,flat,dirt,,right,0.0,Class1,0.0,0,12003歳1勝クラス発走12時35分(ダート・右)負担重量は、馬齢重量
202609020207,2026,阪神,2,2,7,2026-03-29,https://www.jra.go.jp/datafile/seiseki/report/2026/2026-2hanshin2.pdf,394f2055a86f0836dbf3a027fa6eeff05eca8b23f5b8a06f49b10ba2994038e1,official_race_marker_verified,1400,flat,turf,,right,,Class1,0.0,0,14004歳以上1勝クラス発走13時05分(芝・右)負担重量は、58、牝馬2減
202609020208,2026,阪神,2,2,8,2026-03-29,https://www.jra.go.jp/datafile/seiseki/report/2026/2026-2hanshin2.pdf,394f2055a86f0836dbf3a027fa6eeff05eca8b23f5b8a06f49b10ba2994038e1,official_race_marker_verified,2000,flat,turf,,right,,Class2,0.0,0,2000四国新聞杯発走13時35分(番組第9競走を順序変更)(芝・右)牝、4歳以上、2勝クラス;負担重量は、56四国新聞社賞(1着)賞品
202609020209,2026,阪神,2,2,9,2026-03-29,https://www.jra.go.jp/datafile/seiseki/report/2026/2026-2hanshin2.pdf,394f2055a86f0836dbf3a027fa6eeff05eca8b23f5b8a06f49b10ba2994038e1,official_race_marker_verified,1800,flat,dirt,,right,,Class1,0.0,0,18004歳以上1勝クラス発走14時05分(番組第8競走を順序変更)(ダート・右)負担重量は、58、牝馬2減
202609020210,2026,阪神,2,2,10,2026-03-29,https://www.jra.go.jp/datafile/seiseki/report/2026/2026-2hanshin2.pdf,394f2055a86f0836dbf3a027fa6eeff05eca8b23f5b8a06f49b10ba2994038e1,official_race_marker_verified,2400,flat,turf,outer,right,,Maiden,0.0,0,2400みどうすじ御堂筋ステークス発走14時40分(芝・右・外)4歳以上、3勝クラス、除未出走馬および未勝利馬;負担重量は、4歳575歳以上58、牝馬2減賞品
202609020211,2026,阪神,2,2,11,2026-03-29,https://www.jra.go.jp/datafile/seiseki/report/2026/2026-2hanshin2.pdf,394f2055a86f0836dbf3a027fa6eeff05eca8b23f5b8a06f49b10ba2994038e1,official_race_marker_verified,1600,flat,turf,outer,right,,Maiden,0.0,0,1600ろっこう六甲ステークス(L)発走15時15分(芝・右・外)4歳以上、除未出走馬および未勝利馬;負担重量は、日本馬:57、牝馬2減、収得賞金1600万円超過馬は超過額1200万円毎1増、:57、牝馬2減、GI競走1着馬5増、GII競走1着馬3増、GIII競走1着馬1増(ただし2歳時の成績を除く)賞品
202609020212,2026,阪神,2,2,12,2026-03-29,https://www.jra.go.jp/datafile/seiseki/report/2026/2026-2hanshin2.pdf,394f2055a86f0836dbf3a027fa6eeff05eca8b23f5b8a06f49b10ba2994038e1,official_race_marker_verified,1200,flat,dirt,,right,,Class2,0.0,0,12004歳以上2勝クラス発走16時00分(ダート・右)負担重量は、58、牝馬2減
202609020301,2026,阪神,2,3,1,2026-04-04,https://www.jra.go.jp/datafile/seiseki/report/2026/2026-2hanshin3.pdf,c575bd1a1e47e446105efe2148c8859a9bfa3cdc376db65206ad405c17d8ba40,official_race_marker_verified,1800,flat,dirt,,right,0.0,Maiden,0.0,0,18003歳未勝利発走9時50分(ダート・右)牝;負担重量は、馬齢重量
202609020302,2026,阪神,2,3,2,2026-04-04,https://www.jra.go.jp/datafile/seiseki/report/2026/2026-2hanshin3.pdf,c575bd1a1e47e446105efe2148c8859a9bfa3cdc376db65206ad405c17d8ba40,official_race_marker_verified,1400,flat,dirt,,right,0.0,Maiden,0.0,0,14003歳未勝利発走10時20分(ダート・右)負担重量は、馬齢重量
202609020303,2026,阪神,2,3,3,2026-04-04,https://www.jra.go.jp/datafile/seiseki/report/2026/2026-2hanshin3.pdf,c575bd1a1e47e446105efe2148c8859a9bfa3cdc376db65206ad405c17d8ba40,official_race_marker_verified,1800,flat,dirt,,right,0.0,Maiden,0.0,0,18003歳未勝利発走10時50分(ダート・右)負担重量は、馬齢重量
202609020304,2026,阪神,2,3,4,2026-04-04,https://www.jra.go.jp/datafile/seiseki/report/2026/2026-2hanshin3.pdf,c575bd1a1e47e446105efe2148c8859a9bfa3cdc376db65206ad405c17d8ba40,official_race_marker_verified,1400,flat,turf,,right,0.0,Maiden,0.0,0,14003歳未勝利発走11時20分(芝・右)負担重量は、馬齢重量
202609020305,2026,阪神,2,3,5,2026-04-04,https://www.jra.go.jp/datafile/seiseki/report/2026/2026-2hanshin3.pdf,c575bd1a1e47e446105efe2148c8859a9bfa3cdc376db65206ad405c17d8ba40,official_race_marker_verified,1800,flat,turf,outer,right,0.0,Maiden,0.0,0,18003歳未勝利発走12時10分(芝・右・外)負担重量は、馬齢重量
202609020306,2026,阪神,2,3,6,2026-04-04,https://www.jra.go.jp/datafile/seiseki/report/2026/2026-2hanshin3.pdf,c575bd1a1e47e446105efe2148c8859a9bfa3cdc376db65206ad405c17d8ba40,official_race_marker_verified,1200,flat,dirt,,right,,Class1,0.0,0,12004歳以上1勝クラス発走12時40分(ダート・右)負担重量は、58、牝馬2減
202609020307,2026,阪神,2,3,7,2026-04-04,https://www.jra.go.jp/datafile/seiseki/report/2026/2026-2hanshin3.pdf,c575bd1a1e47e446105efe2148c8859a9bfa3cdc376db65206ad405c17d8ba40,official_race_marker_verified,1800,flat,dirt,,right,,Class1,0.0,0,18004歳以上1勝クラス発走13時10分(ダート・右)負担重量は、58、牝馬2減
202609020308,2026,阪神,2,3,8,2026-04-04,https://www.jra.go.jp/datafile/seiseki/report/2026/2026-2hanshin3.pdf,c575bd1a1e47e446105efe2148c8859a9bfa3cdc376db65206ad405c17d8ba40,official_race_marker_verified,1200,flat,turf,,right,,Class2,0.0,0,12004歳以上2勝クラス発走13時40分(芝・右)負担重量は、58、牝馬2減
202609020309,2026,阪神,2,3,9,2026-04-04,https://www.jra.go.jp/datafile/seiseki/report/2026/2026-2hanshin3.pdf,c575bd1a1e47e446105efe2148c8859a9bfa3cdc376db65206ad405c17d8ba40,official_race_marker_verified,2400,flat,turf,outer,right,0.0,Class1,0.0,0,2400アザレア賞発走14時15分(芝・右・外)3歳、1勝クラス;負担重量は、馬齢重量賞品
202609020310,2026,阪神,2,3,10,2026-04-04,https://www.jra.go.jp/datafile/seiseki/report/2026/2026-2hanshin3.pdf,c575bd1a1e47e446105efe2148c8859a9bfa3cdc376db65206ad405c17d8ba40,official_race_marker_verified,1400,flat,dirt,,right,1.0,Maiden,0.0,0,1400ポラリスステークス発走14時50分(ダート・右)4歳以上、除未出走馬および未勝利馬;負担重量は、ハンデキャップ賞品
202609020311,2026,阪神,2,3,11,2026-04-04,https://www.jra.go.jp/datafile/seiseki/report/2026/2026-2hanshin3.pdf,c575bd1a1e47e446105efe2148c8859a9bfa3cdc376db65206ad405c17d8ba40,official_race_marker_verified,1600,flat,turf,outer,right,0.0,Open,1.0,1,1600第35回チャーチルダウンズカップ(GIII)発走15時30分(NHKマイルカップトライアル)(芝・右・外)3歳;負担重量は、馬齢重量チャーチルダウンズ賞(1着)賞品
202609020312,2026,阪神,2,3,12,2026-04-04,https://www.jra.go.jp/datafile/seiseki/report/2026/2026-2hanshin3.pdf,c575bd1a1e47e446105efe2148c8859a9bfa3cdc376db65206ad405c17d8ba40,official_race_marker_verified,1400,flat,dirt,,right,,Class2,0.0,0,14004歳以上2勝クラス発走16時10分(ダート・右)負担重量は、58、牝馬2減
202609020401,2026,阪神,2,4,1,2026-04-05,https://www.jra.go.jp/datafile/seiseki/report/2026/2026-2hanshin4.pdf,0674103af19d21f474da35664b227b56d9e7c2f82c1254eed1787aa331b2eab7,official_race_marker_verified,1400,flat,dirt,,right,0.0,Maiden,0.0,0,14003歳未勝利発走10時05分(ダート・右)牝;負担重量は、馬齢重量
202609020402,2026,阪神,2,4,2,2026-04-05,https://www.jra.go.jp/datafile/seiseki/report/2026/2026-2hanshin4.pdf,0674103af19d21f474da35664b227b56d9e7c2f82c1254eed1787aa331b2eab7,official_race_marker_verified,1800,flat,dirt,,right,0.0,Maiden,0.0,0,18003歳未勝利発走10時35分(ダート・右)負担重量は、馬齢重量
202609020403,2026,阪神,2,4,3,2026-04-05,https://www.jra.go.jp/datafile/seiseki/report/2026/2026-2hanshin4.pdf,0674103af19d21f474da35664b227b56d9e7c2f82c1254eed1787aa331b2eab7,official_race_marker_verified,1200,flat,dirt,,right,0.0,Maiden,0.0,0,12003歳未勝利発走11時05分(ダート・右)負担重量は、馬齢重量
202609020404,2026,阪神,2,4,4,2026-04-05,https://www.jra.go.jp/datafile/seiseki/report/2026/2026-2hanshin4.pdf,0674103af19d21f474da35664b227b56d9e7c2f82c1254eed1787aa331b2eab7,official_race_marker_verified,2400,flat,turf,outer,right,0.0,Maiden,0.0,0,24003歳未勝利発走11時35分(芝・右・外)負担重量は、馬齢重量
202609020405,2026,阪神,2,4,5,2026-04-05,https://www.jra.go.jp/datafile/seiseki/report/2026/2026-2hanshin4.pdf,0674103af19d21f474da35664b227b56d9e7c2f82c1254eed1787aa331b2eab7,official_race_marker_verified,1800,flat,dirt,,right,0.0,Class1,0.0,0,18003歳1勝クラス発走12時25分(ダート・右)負担重量は、馬齢重量
202609020406,2026,阪神,2,4,6,2026-04-05,https://www.jra.go.jp/datafile/seiseki/report/2026/2026-2hanshin4.pdf,0674103af19d21f474da35664b227b56d9e7c2f82c1254eed1787aa331b2eab7,official_race_marker_verified,2000,flat,turf,,right,,Class1,0.0,0,20004歳以上1勝クラス発走12時55分(芝・右)負担重量は、58、牝馬2減
202609020407,2026,阪神,2,4,7,2026-04-05,https://www.jra.go.jp/datafile/seiseki/report/2026/2026-2hanshin4.pdf,0674103af19d21f474da35664b227b56d9e7c2f82c1254eed1787aa331b2eab7,official_race_marker_verified,1800,flat,dirt,,right,,Class2,0.0,0,18004歳以上2勝クラス発走13時25分(ダート・右)負担重量は、58、牝馬2減
202609020408,2026,阪神,2,4,8,2026-04-05,https://www.jra.go.jp/datafile/seiseki/report/2026/2026-2hanshin4.pdf,0674103af19d21f474da35664b227b56d9e7c2f82c1254eed1787aa331b2eab7,official_race_marker_verified,1800,flat,turf,outer,right,,Class2,0.0,0,18004歳以上2勝クラス発走13時55分(芝・右・外)負担重量は、58、牝馬2減
202609020409,2026,阪神,2,4,9,2026-04-05,https://www.jra.go.jp/datafile/seiseki/report/2026/2026-2hanshin4.pdf,0674103af19d21f474da35664b227b56d9e7c2f82c1254eed1787aa331b2eab7,official_race_marker_verified,1400,flat,dirt,,right,,Maiden,0.0,0,1400バイオレットステークス発走14時25分(ダート・右)3歳、除3歳未出走馬および未勝利馬;負担重量は、日本馬:馬齢重量、収得賞金1400万円毎1増、:馬齢重量、GI競走1着馬2増、GII競走またはGIII競走1着馬1増賞品
202609020410,2026,阪神,2,4,10,2026-04-05,https://www.jra.go.jp/datafile/seiseki/report/2026/2026-2hanshin4.pdf,0674103af19d21f474da35664b227b56d9e7c2f82c1254eed1787aa331b2eab7,official_race_marker_verified,1400,flat,turf,,right,1.0,Maiden,0.0,0,1400しんさいばし心斎橋ステークス発走15時00分(芝・右)4歳以上、3勝クラス、除未出走馬および未勝利馬;負担重量は、ハンデキャップ賞品
202609020411,2026,阪神,2,4,11,2026-04-05,https://www.jra.go.jp/datafile/seiseki/report/2026/2026-2hanshin4.pdf,0674103af19d21f474da35664b227b56d9e7c2f82c1254eed1787aa331b2eab7,official_race_marker_verified,2000,flat,turf,,right,,Open,1.0,1,2000第70回大阪杯(GI)発走15時40分(芝・右)4歳以上、除未出走馬および未勝利馬;負担重量は、58、牝馬2減日本馬主協会連合会会長賞(1着)賞品
202609020412,2026,阪神,2,4,12,2026-04-05,https://www.jra.go.jp/datafile/seiseki/report/2026/2026-2hanshin4.pdf,0674103af19d21f474da35664b227b56d9e7c2f82c1254eed1787aa331b2eab7,official_race_marker_verified,1400,flat,dirt,,right,,Maiden,0.0,0,1400てんまばし天満橋ステークス発走16時30分(ダート・右)4歳以上、3勝クラス、除未出走馬および未勝利馬;負担重量は、58、牝馬2減賞品
202609020501,2026,阪神,2,5,1,2026-04-11,https://www.jra.go.jp/datafile/seiseki/report/2026/2026-2hanshin5.pdf,0d3d9641fe41bd0f5ead36cc76266f9e021f89843da1d2644a1dad69f281fa4c,official_race_marker_verified,1800,flat,dirt,,right,0.0,Maiden,0.0,0,18003歳未勝利発走9時55分(ダート・右)牝;負担重量は、馬齢重量
202609020502,2026,阪神,2,5,2,2026-04-11,https://www.jra.go.jp/datafile/seiseki/report/2026/2026-2hanshin5.pdf,0d3d9641fe41bd0f5ead36cc76266f9e021f89843da1d2644a1dad69f281fa4c,official_race_marker_verified,1400,flat,dirt,,right,0.0,Maiden,0.0,0,14003歳未勝利発走10時25分(ダート・右)負担重量は、馬齢重量
202609020503,2026,阪神,2,5,3,2026-04-11,https://www.jra.go.jp/datafile/seiseki/report/2026/2026-2hanshin5.pdf,0d3d9641fe41bd0f5ead36cc76266f9e021f89843da1d2644a1dad69f281fa4c,official_race_marker_verified,1800,flat,dirt,,right,0.0,Maiden,0.0,0,18003歳未勝利発走10時55分(ダート・右)負担重量は、馬齢重量
202609020504,2026,阪神,2,5,4,2026-04-11,https://www.jra.go.jp/datafile/seiseki/report/2026/2026-2hanshin5.pdf,0d3d9641fe41bd0f5ead36cc76266f9e021f89843da1d2644a1dad69f281fa4c,official_race_marker_verified,2000,flat,turf,,right,0.0,Maiden,0.0,0,20003歳未勝利発走11時25分(芝・右)負担重量は、馬齢重量
202609020505,2026,阪神,2,5,5,2026-04-11,https://www.jra.go.jp/datafile/seiseki/report/2026/2026-2hanshin5.pdf,0d3d9641fe41bd0f5ead36cc76266f9e021f89843da1d2644a1dad69f281fa4c,official_race_marker_verified,1800,flat,dirt,,right,0.0,Class1,0.0,0,18003歳1勝クラス発走12時15分(ダート・右)負担重量は、馬齢重量
202609020506,2026,阪神,2,5,6,2026-04-11,https://www.jra.go.jp/datafile/seiseki/report/2026/2026-2hanshin5.pdf,0d3d9641fe41bd0f5ead36cc76266f9e021f89843da1d2644a1dad69f281fa4c,official_race_marker_verified,1200,flat,turf,,right,0.0,Class1,0.0,0,12003歳1勝クラス発走12時45分(芝・右)負担重量は、馬齢重量
202609020507,2026,阪神,2,5,7,2026-04-11,https://www.jra.go.jp/datafile/seiseki/report/2026/2026-2hanshin5.pdf,0d3d9641fe41bd0f5ead36cc76266f9e021f89843da1d2644a1dad69f281fa4c,official_race_marker_verified,1800,flat,dirt,,right,,Class1,0.0,0,18004歳以上1勝クラス発走13時15分(ダート・右)牝;負担重量は、56
202609020508,2026,阪神,2,5,8,2026-04-11,https://www.jra.go.jp/datafile/seiseki/report/2026/2026-2hanshin5.pdf,0d3d9641fe41bd0f5ead36cc76266f9e021f89843da1d2644a1dad69f281fa4c,official_race_marker_verified,1400,flat,dirt,,right,,Class1,0.0,0,14004歳以上1勝クラス発走13時45分(ダート・右)負担重量は、58、牝馬2減
202609020509,2026,阪神,2,5,9,2026-04-11,https://www.jra.go.jp/datafile/seiseki/report/2026/2026-2hanshin5.pdf,0d3d9641fe41bd0f5ead36cc76266f9e021f89843da1d2644a1dad69f281fa4c,official_race_marker_verified,2400,flat,turf,outer,right,,Class2,0.0,0,2400あかし明石特別発走14時15分(芝・右・外)4歳以上、2勝クラス;負担重量は、58、牝馬2減賞品
202609020510,2026,阪神,2,5,10,2026-04-11,https://www.jra.go.jp/datafile/seiseki/report/2026/2026-2hanshin5.pdf,0d3d9641fe41bd0f5ead36cc76266f9e021f89843da1d2644a1dad69f281fa4c,official_race_marker_verified,2600,flat,turf,outer,right,1.0,Maiden,0.0,0,2600大阪―ハンブルクカップ発走14時50分(芝・右・外)4歳以上、除未出走馬および未勝利馬;負担重量は、ハンデキャップハンブルク競馬場賞(1着)賞品
202609020511,2026,阪神,2,5,11,2026-04-11,https://www.jra.go.jp/datafile/seiseki/report/2026/2026-2hanshin5.pdf,0d3d9641fe41bd0f5ead36cc76266f9e021f89843da1d2644a1dad69f281fa4c,official_race_marker_verified,1600,flat,turf,outer,right,,Open,1.0,1,1600第69回サンケイスポーツ杯阪神牝馬ステークス(GII)発走15時30分(芝・右・外)牝、4歳以上、除未出走馬および未勝利馬;負担重量は、55、2025.4.12以降GI競走1着馬2増、GII競走1着馬1増、2025.4.11以前のGI競走1着馬1増(ただし2歳時の成績を除く)サンケイスポーツ賞(1着)賞品
202609020512,2026,阪神,2,5,12,2026-04-11,https://www.jra.go.jp/datafile/seiseki/report/2026/2026-2hanshin5.pdf,0d3d9641fe41bd0f5ead36cc76266f9e021f89843da1d2644a1dad69f281fa4c,official_race_marker_verified,1200,flat,dirt,,right,,Class2,0.0,0,12004歳以上2勝クラス発走16時10分(ダート・右)負担重量は、58、牝馬2減
202609020601,2026,阪神,2,6,1,2026-04-12,https://www.jra.go.jp/datafile/seiseki/report/2026/2026-2hanshin6.pdf,a65aba76dec21b4cde4e2982d351f3270291fbfa505bca2eefd3aa8592921c90,official_race_marker_verified,1400,flat,dirt,,right,0.0,Maiden,0.0,0,14003歳未勝利発走10時00分(ダート・右)牝;負担重量は、馬齢重量
202609020602,2026,阪神,2,6,2,2026-04-12,https://www.jra.go.jp/datafile/seiseki/report/2026/2026-2hanshin6.pdf,a65aba76dec21b4cde4e2982d351f3270291fbfa505bca2eefd3aa8592921c90,official_race_marker_verified,1800,flat,dirt,,right,0.0,Maiden,0.0,0,18003歳未勝利発走10時30分(ダート・右)負担重量は、馬齢重量
202609020603,2026,阪神,2,6,3,2026-04-12,https://www.jra.go.jp/datafile/seiseki/report/2026/2026-2hanshin6.pdf,a65aba76dec21b4cde4e2982d351f3270291fbfa505bca2eefd3aa8592921c90,official_race_marker_verified,1200,flat,dirt,,right,0.0,Maiden,0.0,0,12003歳未勝利発走11時00分(ダート・右)負担重量は、馬齢重量
202609020604,2026,阪神,2,6,4,2026-04-12,https://www.jra.go.jp/datafile/seiseki/report/2026/2026-2hanshin6.pdf,a65aba76dec21b4cde4e2982d351f3270291fbfa505bca2eefd3aa8592921c90,official_race_marker_verified,1600,flat,turf,outer,right,0.0,Maiden,0.0,0,16003歳未勝利発走11時30分(芝・右・外)負担重量は、馬齢重量
202609020605,2026,阪神,2,6,5,2026-04-12,https://www.jra.go.jp/datafile/seiseki/report/2026/2026-2hanshin6.pdf,a65aba76dec21b4cde4e2982d351f3270291fbfa505bca2eefd3aa8592921c90,official_race_marker_verified,1400,flat,dirt,,right,0.0,Class1,0.0,0,14003歳1勝クラス発走12時20分(ダート・右)負担重量は、馬齢重量
202609020606,2026,阪神,2,6,6,2026-04-12,https://www.jra.go.jp/datafile/seiseki/report/2026/2026-2hanshin6.pdf,a65aba76dec21b4cde4e2982d351f3270291fbfa505bca2eefd3aa8592921c90,official_race_marker_verified,1800,flat,dirt,,right,,Class1,0.0,0,18004歳以上1勝クラス発走12時50分(ダート・右)負担重量は、58、牝馬2減
202609020607,2026,阪神,2,6,7,2026-04-12,https://www.jra.go.jp/datafile/seiseki/report/2026/2026-2hanshin6.pdf,a65aba76dec21b4cde4e2982d351f3270291fbfa505bca2eefd3aa8592921c90,official_race_marker_verified,1600,flat,turf,outer,right,,Class2,0.0,0,16004歳以上2勝クラス発走13時20分(芝・右・外)負担重量は、58、牝馬2減
202609020608,2026,阪神,2,6,8,2026-04-12,https://www.jra.go.jp/datafile/seiseki/report/2026/2026-2hanshin6.pdf,a65aba76dec21b4cde4e2982d351f3270291fbfa505bca2eefd3aa8592921c90,official_race_marker_verified,1800,flat,dirt,,right,,Class2,0.0,0,1800かわにし川西特別発走13時50分(ダート・右)4歳以上、2勝クラス;負担重量は、58、牝馬2減賞品
202609020609,2026,阪神,2,6,9,2026-04-12,https://www.jra.go.jp/datafile/seiseki/report/2026/2026-2hanshin6.pdf,a65aba76dec21b4cde4e2982d351f3270291fbfa505bca2eefd3aa8592921c90,official_race_marker_verified,2000,flat,turf,,right,,Maiden,0.0,0,2000わすぐさ忘れな草賞(L)発走14時25分(芝・右)牝、3歳、除3歳未出走馬および未勝利馬;負担重量は、日本馬:馬齢重量、収得賞金1200万円毎1増、:馬齢重量、GI競走1着馬2増、GII競走またはGIII競走1着馬1増賞品
202609020610,2026,阪神,2,6,10,2026-04-12,https://www.jra.go.jp/datafile/seiseki/report/2026/2026-2hanshin6.pdf,a65aba76dec21b4cde4e2982d351f3270291fbfa505bca2eefd3aa8592921c90,official_race_marker_verified,2000,flat,turf,,right,1.0,Maiden,0.0,0,2000きょうばし京橋ステークス発走15時00分(芝・右)4歳以上、3勝クラス、除未出走馬および未勝利馬;負担重量は、ハンデキャップ賞品
202609020611,2026,阪神,2,6,11,2026-04-12,https://www.jra.go.jp/datafile/seiseki/report/2026/2026-2hanshin6.pdf,a65aba76dec21b4cde4e2982d351f3270291fbfa505bca2eefd3aa8592921c90,official_race_marker_verified,1600,flat,turf,outer,right,0.0,Open,1.0,1,1600第86回桜花賞(GI)発走15時40分(芝・右・外)牝、3歳、除未出走馬および未勝利馬;負担重量は、馬齢重量内閣総理大臣賞・日本馬主協会連合会会長賞(1着)賞品
202609020612,2026,阪神,2,6,12,2026-04-12,https://www.jra.go.jp/datafile/seiseki/report/2026/2026-2hanshin6.pdf,a65aba76dec21b4cde4e2982d351f3270291fbfa505bca2eefd3aa8592921c90,official_race_marker_verified,2000,flat,dirt,,right,,Maiden,0.0,0,2000うめだ梅田ステークス発走16時30分(ダート・右)4歳以上、3勝クラス、除未出走馬および未勝利馬;負担重量は、58、牝馬2減賞品
202609020701,2026,阪神,2,7,1,2026-04-18,https://www.jra.go.jp/datafile/seiseki/report/2026/2026-2hanshin7.pdf,a7eb7da3cf022ccbce5db75e3de62347325852ae1668ef965492f60816c10394,official_race_marker_verified,1800,flat,dirt,,right,0.0,Maiden,0.0,0,18003歳未勝利発走9時55分(ダート・右)牝;負担重量は、馬齢重量
202609020702,2026,阪神,2,7,2,2026-04-18,https://www.jra.go.jp/datafile/seiseki/report/2026/2026-2hanshin7.pdf,a7eb7da3cf022ccbce5db75e3de62347325852ae1668ef965492f60816c10394,official_race_marker_verified,1200,flat,dirt,,right,0.0,Maiden,0.0,0,12003歳未勝利発走10時25分(ダート・右)負担重量は、馬齢重量
202609020703,2026,阪神,2,7,3,2026-04-18,https://www.jra.go.jp/datafile/seiseki/report/2026/2026-2hanshin7.pdf,a7eb7da3cf022ccbce5db75e3de62347325852ae1668ef965492f60816c10394,official_race_marker_verified,2000,flat,dirt,,right,0.0,Maiden,0.0,0,20003歳未勝利発走10時55分(ダート・右)負担重量は、馬齢重量
202609020704,2026,阪神,2,7,4,2026-04-18,https://www.jra.go.jp/datafile/seiseki/report/2026/2026-2hanshin7.pdf,a7eb7da3cf022ccbce5db75e3de62347325852ae1668ef965492f60816c10394,official_race_marker_verified,1800,flat,turf,outer,right,0.0,Maiden,0.0,0,18003歳未勝利発走11時25分(芝・右・外)負担重量は、馬齢重量
202609020705,2026,阪神,2,7,5,2026-04-18,https://www.jra.go.jp/datafile/seiseki/report/2026/2026-2hanshin7.pdf,a7eb7da3cf022ccbce5db75e3de62347325852ae1668ef965492f60816c10394,official_race_marker_verified,2000,flat,turf,,right,0.0,Class1,0.0,0,20003歳1勝クラス発走12時15分(芝・右)負担重量は、馬齢重量
202609020706,2026,阪神,2,7,6,2026-04-18,https://www.jra.go.jp/datafile/seiseki/report/2026/2026-2hanshin7.pdf,a7eb7da3cf022ccbce5db75e3de62347325852ae1668ef965492f60816c10394,official_race_marker_verified,1800,flat,dirt,,right,0.0,Class1,0.0,0,18003歳1勝クラス発走12時45分(ダート・右)牝;負担重量は、馬齢重量
202609020707,2026,阪神,2,7,7,2026-04-18,https://www.jra.go.jp/datafile/seiseki/report/2026/2026-2hanshin7.pdf,a7eb7da3cf022ccbce5db75e3de62347325852ae1668ef965492f60816c10394,official_race_marker_verified,1600,flat,turf,outer,right,,Class1,0.0,0,16004歳以上1勝クラス発走13時15分(芝・右・外)負担重量は、58、牝馬2減
202609020708,2026,阪神,2,7,8,2026-04-18,https://www.jra.go.jp/datafile/seiseki/report/2026/2026-2hanshin7.pdf,a7eb7da3cf022ccbce5db75e3de62347325852ae1668ef965492f60816c10394,official_race_marker_verified,2400,flat,turf,outer,right,,Class1,0.0,0,24004歳以上1勝クラス発走13時45分(芝・右・外)負担重量は、58、牝馬2減
202609020709,2026,阪神,2,7,9,2026-04-18,https://www.jra.go.jp/datafile/seiseki/report/2026/2026-2hanshin7.pdf,a7eb7da3cf022ccbce5db75e3de62347325852ae1668ef965492f60816c10394,official_race_marker_verified,1400,flat,dirt,,right,,Class2,0.0,0,1400すいた吹田特別発走14時15分(ダート・右)4歳以上、2勝クラス;負担重量は、58、牝馬2減賞品
202609020710,2026,阪神,2,7,10,2026-04-18,https://www.jra.go.jp/datafile/seiseki/report/2026/2026-2hanshin7.pdf,a7eb7da3cf022ccbce5db75e3de62347325852ae1668ef965492f60816c10394,official_race_marker_verified,1400,flat,turf,,right,,Class2,0.0,0,1400たんば丹波特別発走14時50分(芝・右)4歳以上、2勝クラス;負担重量は、58、牝馬2減賞品
202609020711,2026,阪神,2,7,11,2026-04-18,https://www.jra.go.jp/datafile/seiseki/report/2026/2026-2hanshin7.pdf,a7eb7da3cf022ccbce5db75e3de62347325852ae1668ef965492f60816c10394,official_race_marker_verified,1800,flat,dirt,,right,,Open,1.0,1,1800第31回アンタレスステークス(GIII)発走15時25分(ダート・右)4歳以上、除未出走馬および未勝利馬;負担重量は、57、牝馬2減、2025.4.19以降GI競走(牝馬限定競走を除く)1着馬3増、牝馬限定GI競走またはGII競走(牝馬限定競走を除く)1着馬2増、牝馬限定GII競走またはGIII競走(牝馬限定競走を除く)1着馬1増、2025.4.18以前のGI競走(牝馬限定競走を除く)1着馬2増、牝馬限定GI競走またはGII競走(牝馬限定競走を除く)1着馬1増(ただし2歳時の成績を除く)地方競馬全国協会理事長賞(1着)賞品
202609020712,2026,阪神,2,7,12,2026-04-18,https://www.jra.go.jp/datafile/seiseki/report/2026/2026-2hanshin7.pdf,a7eb7da3cf022ccbce5db75e3de62347325852ae1668ef965492f60816c10394,official_race_marker_verified,1200,flat,dirt,,right,,Class1,0.0,0,12004歳以上1勝クラス発走16時10分(ダート・右)負担重量は、58、牝馬2減
202609020801,2026,阪神,2,8,1,2026-04-19,https://www.jra.go.jp/datafile/seiseki/report/2026/2026-2hanshin8.pdf,9d2839463e5c0db925a3556b6ce53176aba93128b8e64ff77191467fdb55d242,official_race_marker_verified,1800,flat,dirt,,right,0.0,Maiden,0.0,0,18003歳未勝利発走9時50分(ダート・右)負担重量は、馬齢重量
202609020802,2026,阪神,2,8,2,2026-04-19,https://www.jra.go.jp/datafile/seiseki/report/2026/2026-2hanshin8.pdf,9d2839463e5c0db925a3556b6ce53176aba93128b8e64ff77191467fdb55d242,official_race_marker_verified,2000,flat,turf,,right,0.0,Maiden,0.0,0,20003歳未勝利発走10時20分(芝・右)牝;負担重量は、馬齢重量
202609020803,2026,阪神,2,8,3,2026-04-19,https://www.jra.go.jp/datafile/seiseki/report/2026/2026-2hanshin8.pdf,9d2839463e5c0db925a3556b6ce53176aba93128b8e64ff77191467fdb55d242,official_race_marker_verified,1400,flat,dirt,,right,0.0,Maiden,0.0,0,14003歳未勝利発走10時50分(ダート・右)負担重量は、馬齢重量
202609020804,2026,阪神,2,8,4,2026-04-19,https://www.jra.go.jp/datafile/seiseki/report/2026/2026-2hanshin8.pdf,9d2839463e5c0db925a3556b6ce53176aba93128b8e64ff77191467fdb55d242,official_race_marker_verified,2970,obstacle,turf,,,,Maiden,0.0,0,2970障害4歳以上未勝利発走11時20分(芝・ダート)負担重量は、4歳595歳以上60、牝馬2減
202609020805,2026,阪神,2,8,5,2026-04-19,https://www.jra.go.jp/datafile/seiseki/report/2026/2026-2hanshin8.pdf,9d2839463e5c0db925a3556b6ce53176aba93128b8e64ff77191467fdb55d242,official_race_marker_verified,2200,flat,turf,,right,0.0,Maiden,0.0,0,22003歳未勝利発走12時10分(芝・右)負担重量は、馬齢重量
202609020806,2026,阪神,2,8,6,2026-04-19,https://www.jra.go.jp/datafile/seiseki/report/2026/2026-2hanshin8.pdf,9d2839463e5c0db925a3556b6ce53176aba93128b8e64ff77191467fdb55d242,official_race_marker_verified,1200,flat,dirt,,right,0.0,Class1,0.0,0,12003歳1勝クラス発走12時40分(ダート・右)負担重量は、馬齢重量
202609020807,2026,阪神,2,8,7,2026-04-19,https://www.jra.go.jp/datafile/seiseki/report/2026/2026-2hanshin8.pdf,9d2839463e5c0db925a3556b6ce53176aba93128b8e64ff77191467fdb55d242,official_race_marker_verified,1600,flat,turf,outer,right,0.0,Class1,0.0,0,16003歳1勝クラス発走13時10分(芝・右・外)負担重量は、馬齢重量
202609020808,2026,阪神,2,8,8,2026-04-19,https://www.jra.go.jp/datafile/seiseki/report/2026/2026-2hanshin8.pdf,9d2839463e5c0db925a3556b6ce53176aba93128b8e64ff77191467fdb55d242,official_race_marker_verified,1800,flat,dirt,,right,,Class1,0.0,0,18004歳以上1勝クラス発走13時40分(ダート・右)負担重量は、58、牝馬2減
202609020809,2026,阪神,2,8,9,2026-04-19,https://www.jra.go.jp/datafile/seiseki/report/2026/2026-2hanshin8.pdf,9d2839463e5c0db925a3556b6ce53176aba93128b8e64ff77191467fdb55d242,official_race_marker_verified,2000,flat,turf,,right,,Class2,0.0,0,2000ほうらいきょう峡特別発走14時15分(芝・右)4歳以上、2勝クラス;負担重量は、58、牝馬2減賞品
202609020810,2026,阪神,2,8,10,2026-04-19,https://www.jra.go.jp/datafile/seiseki/report/2026/2026-2hanshin8.pdf,9d2839463e5c0db925a3556b6ce53176aba93128b8e64ff77191467fdb55d242,official_race_marker_verified,1200,flat,dirt,,right,1.0,Maiden,0.0,0,1200ようしゅん陽春ステークス発走14時50分(ダート・右)4歳以上、3勝クラス、除未出走馬および未勝利馬;負担重量は、ハンデキャップ賞品
202609020811,2026,阪神,2,8,11,2026-04-19,https://www.jra.go.jp/datafile/seiseki/report/2026/2026-2hanshin8.pdf,9d2839463e5c0db925a3556b6ce53176aba93128b8e64ff77191467fdb55d242,official_race_marker_verified,1600,flat,turf,outer,right,,Maiden,0.0,0,1600りつうんきょう立雲峡ステークス発走15時25分(芝・右・外)4歳以上、3勝クラス、除未出走馬および未勝利馬;負担重量は、58、牝馬2減賞品
202609020812,2026,阪神,2,8,12,2026-04-19,https://www.jra.go.jp/datafile/seiseki/report/2026/2026-2hanshin8.pdf,9d2839463e5c0db925a3556b6ce53176aba93128b8e64ff77191467fdb55d242,official_race_marker_verified,1800,flat,dirt,,right,,Class2,0.0,0,18004歳以上2勝クラス発走16時10分(ダート・右)牝;負担重量は、56
202609030101,2026,阪神,3,1,1,2026-06-06,https://www.jra.go.jp/datafile/seiseki/report/2026/2026-3hanshin1.pdf,8dde0b28b28a8cc09f2f17c9cbb01cf69bf6c6f8194d9be2dd4e8ba7cec09127,official_race_marker_verified,1400,flat,dirt,,right,0.0,Maiden,0.0,0,14003歳未勝利発走9時50分(ダート・右)牝;負担重量は、馬齢重量
202609030102,2026,阪神,3,1,2,2026-06-06,https://www.jra.go.jp/datafile/seiseki/report/2026/2026-3hanshin1.pdf,8dde0b28b28a8cc09f2f17c9cbb01cf69bf6c6f8194d9be2dd4e8ba7cec09127,official_race_marker_verified,1200,flat,dirt,,right,0.0,Maiden,0.0,0,12003歳未勝利発走10時25分(ダート・右)負担重量は、馬齢重量
202609030103,2026,阪神,3,1,3,2026-06-06,https://www.jra.go.jp/datafile/seiseki/report/2026/2026-3hanshin1.pdf,8dde0b28b28a8cc09f2f17c9cbb01cf69bf6c6f8194d9be2dd4e8ba7cec09127,official_race_marker_verified,1800,flat,dirt,,right,0.0,Maiden,0.0,0,18003歳未勝利発走10時55分(ダート・右)牝;負担重量は、馬齢重量
202609030104,2026,阪神,3,1,4,2026-06-06,https://www.jra.go.jp/datafile/seiseki/report/2026/2026-3hanshin1.pdf,8dde0b28b28a8cc09f2f17c9cbb01cf69bf6c6f8194d9be2dd4e8ba7cec09127,official_race_marker_verified,1200,flat,turf,,right,0.0,Maiden,0.0,0,12003歳未勝利発走11時25分(芝・右)負担重量は、馬齢重量
202609030105,2026,阪神,3,1,5,2026-06-06,https://www.jra.go.jp/datafile/seiseki/report/2026/2026-3hanshin1.pdf,8dde0b28b28a8cc09f2f17c9cbb01cf69bf6c6f8194d9be2dd4e8ba7cec09127,official_race_marker_verified,1600,flat,turf,outer,right,0.0,Newcomer,0.0,0,16002歳新馬発走12時15分(芝・右・外)負担重量は、馬齢重量
202609030106,2026,阪神,3,1,6,2026-06-06,https://www.jra.go.jp/datafile/seiseki/report/2026/2026-3hanshin1.pdf,8dde0b28b28a8cc09f2f17c9cbb01cf69bf6c6f8194d9be2dd4e8ba7cec09127,official_race_marker_verified,1800,flat,dirt,,right,0.0,Maiden,0.0,0,18003歳未勝利発走12時45分(ダート・右)負担重量は、馬齢重量
202609030107,2026,阪神,3,1,7,2026-06-06,https://www.jra.go.jp/datafile/seiseki/report/2026/2026-3hanshin1.pdf,8dde0b28b28a8cc09f2f17c9cbb01cf69bf6c6f8194d9be2dd4e8ba7cec09127,official_race_marker_verified,1600,flat,turf,outer,right,0.0,Maiden,0.0,0,16003歳未勝利発走13時15分(芝・右・外)負担重量は、馬齢重量
202609030108,2026,阪神,3,1,8,2026-06-06,https://www.jra.go.jp/datafile/seiseki/report/2026/2026-3hanshin1.pdf,8dde0b28b28a8cc09f2f17c9cbb01cf69bf6c6f8194d9be2dd4e8ba7cec09127,official_race_marker_verified,2200,flat,turf,,right,,Class1,0.0,0,22003歳以上1勝クラス発走13時45分(芝・右)負担重量は、3歳544歳以上58、牝馬2減
202609030109,2026,阪神,3,1,9,2026-06-06,https://www.jra.go.jp/datafile/seiseki/report/2026/2026-3hanshin1.pdf,8dde0b28b28a8cc09f2f17c9cbb01cf69bf6c6f8194d9be2dd4e8ba7cec09127,official_race_marker_verified,1800,flat,turf,outer,right,,Class1,0.0,0,1800きのさき城崎特別発走14時20分(芝・右・外)3歳以上、1勝クラス;負担重量は、3歳554歳以上58、牝馬2減賞品
202609030110,2026,阪神,3,1,10,2026-06-06,https://www.jra.go.jp/datafile/seiseki/report/2026/2026-3hanshin1.pdf,8dde0b28b28a8cc09f2f17c9cbb01cf69bf6c6f8194d9be2dd4e8ba7cec09127,official_race_marker_verified,1800,flat,dirt,,right,,Class2,0.0,0,1800かこがわ加古川特別発走14時55分(ダート・右)3歳以上、2勝クラス;負担重量は、3歳554歳以上58、牝馬2減賞品
202609030111,2026,阪神,3,1,11,2026-06-06,https://www.jra.go.jp/datafile/seiseki/report/2026/2026-3hanshin1.pdf,8dde0b28b28a8cc09f2f17c9cbb01cf69bf6c6f8194d9be2dd4e8ba7cec09127,official_race_marker_verified,2000,flat,turf,,right,,Maiden,0.0,0,2000たるみ垂水ステークス発走15時30分(芝・右)3歳以上、3勝クラス、除未出走馬および未勝利馬;負担重量は、3歳554歳以上58、牝馬2減賞品
202609030112,2026,阪神,3,1,12,2026-06-06,https://www.jra.go.jp/datafile/seiseki/report/2026/2026-3hanshin1.pdf,8dde0b28b28a8cc09f2f17c9cbb01cf69bf6c6f8194d9be2dd4e8ba7cec09127,official_race_marker_verified,1400,flat,dirt,,right,,Class1,0.0,0,14003歳以上1勝クラス発走16時15分(ダート・右)負担重量は、3歳554歳以上58、牝馬2減
202609030201,2026,阪神,3,2,1,2026-06-07,https://www.jra.go.jp/datafile/seiseki/report/2026/2026-3hanshin2.pdf,176ac7a0edb02fd46e172d25a7bf547dad6704ee973ea442e5f102845f71d12a,official_race_marker_verified,2970,obstacle,turf,,,,Maiden,0.0,0,2970障害3歳以上未勝利発走9時45分(芝・ダート)負担重量は、3歳584歳以上60、牝馬2減
202609030202,2026,阪神,3,2,2,2026-06-07,https://www.jra.go.jp/datafile/seiseki/report/2026/2026-3hanshin2.pdf,176ac7a0edb02fd46e172d25a7bf547dad6704ee973ea442e5f102845f71d12a,official_race_marker_verified,1800,flat,turf,outer,right,0.0,Maiden,0.0,0,18003歳未勝利発走10時20分(芝・右・外)牝;負担重量は、馬齢重量
202609030203,2026,阪神,3,2,3,2026-06-07,https://www.jra.go.jp/datafile/seiseki/report/2026/2026-3hanshin2.pdf,176ac7a0edb02fd46e172d25a7bf547dad6704ee973ea442e5f102845f71d12a,official_race_marker_verified,1800,flat,dirt,,right,0.0,Maiden,0.0,0,18003歳未勝利発走10時50分(ダート・右)負担重量は、馬齢重量
202609030204,2026,阪神,3,2,4,2026-06-07,https://www.jra.go.jp/datafile/seiseki/report/2026/2026-3hanshin2.pdf,176ac7a0edb02fd46e172d25a7bf547dad6704ee973ea442e5f102845f71d12a,official_race_marker_verified,1400,flat,dirt,,right,0.0,Maiden,0.0,0,14003歳未勝利発走11時20分(ダート・右)負担重量は、馬齢重量
202609030205,2026,阪神,3,2,5,2026-06-07,https://www.jra.go.jp/datafile/seiseki/report/2026/2026-3hanshin2.pdf,176ac7a0edb02fd46e172d25a7bf547dad6704ee973ea442e5f102845f71d12a,official_race_marker_verified,1400,flat,turf,,right,0.0,Newcomer,0.0,0,14002歳新馬発走12時10分(芝・右)負担重量は、馬齢重量
202609030206,2026,阪神,3,2,6,2026-06-07,https://www.jra.go.jp/datafile/seiseki/report/2026/2026-3hanshin2.pdf,176ac7a0edb02fd46e172d25a7bf547dad6704ee973ea442e5f102845f71d12a,official_race_marker_verified,2000,flat,turf,,right,0.0,Maiden,0.0,0,20003歳未勝利発走12時40分(芝・右)負担重量は、馬齢重量
202609030207,2026,阪神,3,2,7,2026-06-07,https://www.jra.go.jp/datafile/seiseki/report/2026/2026-3hanshin2.pdf,176ac7a0edb02fd46e172d25a7bf547dad6704ee973ea442e5f102845f71d12a,official_race_marker_verified,1800,flat,dirt,,right,,Newcomer,0.0,0,18003歳以上1勝クラス発走13時10分(ダート・右)牝;負担重量は、3歳534歳以上56
202609030208,2026,阪神,3,2,8,2026-06-07,https://www.jra.go.jp/datafile/seiseki/report/2026/2026-3hanshin2.pdf,176ac7a0edb02fd46e172d25a7bf547dad6704ee973ea442e5f102845f71d12a,official_race_marker_verified,1400,flat,turf,,right,,Class1,0.0,0,14003歳以上1勝クラス発走13時40分(芝・右)負担重量は、3歳554歳以上58、牝馬2減
202609030209,2026,阪神,3,2,9,2026-06-07,https://www.jra.go.jp/datafile/seiseki/report/2026/2026-3hanshin2.pdf,176ac7a0edb02fd46e172d25a7bf547dad6704ee973ea442e5f102845f71d12a,official_race_marker_verified,1400,flat,dirt,,right,,Class2,0.0,0,1400すもと洲本特別発走14時10分(ダート・右)3歳以上、2勝クラス;負担重量は、3歳554歳以上58、牝馬2減賞品
202609030210,2026,阪神,3,2,10,2026-06-07,https://www.jra.go.jp/datafile/seiseki/report/2026/2026-3hanshin2.pdf,176ac7a0edb02fd46e172d25a7bf547dad6704ee973ea442e5f102845f71d12a,official_race_marker_verified,1800,flat,turf,outer,right,,Class2,0.0,0,1800みき三木特別発走14時45分(芝・右・外)3歳以上、2勝クラス;負担重量は、3歳554歳以上58、牝馬2減三木市長賞(1着)賞品
202609030211,2026,阪神,3,2,11,2026-06-07,https://www.jra.go.jp/datafile/seiseki/report/2026/2026-3hanshin2.pdf,176ac7a0edb02fd46e172d25a7bf547dad6704ee973ea442e5f102845f71d12a,official_race_marker_verified,1200,flat,dirt,,right,1.0,Maiden,0.0,0,1200みなづき水無月ステークス発走15時20分(ダート・右)3歳以上、除未出走馬および未勝利馬;負担重量は、ハンデキャップ賞品
202609030212,2026,阪神,3,2,12,2026-06-07,https://www.jra.go.jp/datafile/seiseki/report/2026/2026-3hanshin2.pdf,176ac7a0edb02fd46e172d25a7bf547dad6704ee973ea442e5f102845f71d12a,official_race_marker_verified,1800,flat,dirt,,right,,Class1,0.0,0,18003歳以上1勝クラス発走16時15分(ダート・右)負担重量は、3歳554歳以上58、牝馬2減
202609030301,2026,阪神,3,3,1,2026-06-13,https://www.jra.go.jp/datafile/seiseki/report/2026/2026-3hanshin3.pdf,78d4bfda1039f65e33de630919b7be26ea5935b6153d1e53f5b43153434e2b25,official_race_marker_verified,1200,flat,dirt,,right,0.0,Maiden,0.0,0,12003歳未勝利発走9時45分(ダート・右)牝;負担重量は、馬齢重量
202609030302,2026,阪神,3,3,2,2026-06-13,https://www.jra.go.jp/datafile/seiseki/report/2026/2026-3hanshin3.pdf,78d4bfda1039f65e33de630919b7be26ea5935b6153d1e53f5b43153434e2b25,official_race_marker_verified,2000,flat,dirt,,right,0.0,Maiden,0.0,0,20003歳未勝利発走10時15分(ダート・右)負担重量は、馬齢重量
202609030303,2026,阪神,3,3,3,2026-06-13,https://www.jra.go.jp/datafile/seiseki/report/2026/2026-3hanshin3.pdf,78d4bfda1039f65e33de630919b7be26ea5935b6153d1e53f5b43153434e2b25,official_race_marker_verified,1600,flat,turf,outer,right,0.0,Maiden,0.0,0,16003歳未勝利発走10時45分(芝・右・外)負担重量は、馬齢重量
202609030304,2026,阪神,3,3,4,2026-06-13,https://www.jra.go.jp/datafile/seiseki/report/2026/2026-3hanshin3.pdf,78d4bfda1039f65e33de630919b7be26ea5935b6153d1e53f5b43153434e2b25,official_race_marker_verified,1800,flat,turf,outer,right,0.0,Maiden,0.0,0,18003歳未勝利発走11時20分(芝・右・外)負担重量は、馬齢重量
202609030305,2026,阪神,3,3,5,2026-06-13,https://www.jra.go.jp/datafile/seiseki/report/2026/2026-3hanshin3.pdf,78d4bfda1039f65e33de630919b7be26ea5935b6153d1e53f5b43153434e2b25,official_race_marker_verified,1200,flat,turf,,right,0.0,Newcomer,0.0,0,12002歳新馬発走12時10分(芝・右)負担重量は、馬齢重量
202609030306,2026,阪神,3,3,6,2026-06-13,https://www.jra.go.jp/datafile/seiseki/report/2026/2026-3hanshin3.pdf,78d4bfda1039f65e33de630919b7be26ea5935b6153d1e53f5b43153434e2b25,official_race_marker_verified,1400,flat,dirt,,right,0.0,Newcomer,0.0,0,14002歳新馬発走12時40分(ダート・右)負担重量は、馬齢重量
202609030307,2026,阪神,3,3,7,2026-06-13,https://www.jra.go.jp/datafile/seiseki/report/2026/2026-3hanshin3.pdf,78d4bfda1039f65e33de630919b7be26ea5935b6153d1e53f5b43153434e2b25,official_race_marker_verified,1800,flat,dirt,,right,,Class1,0.0,0,18003歳以上1勝クラス発走13時10分(ダート・右)負担重量は、3歳554歳以上58、牝馬2減
202609030308,2026,阪神,3,3,8,2026-06-13,https://www.jra.go.jp/datafile/seiseki/report/2026/2026-3hanshin3.pdf,78d4bfda1039f65e33de630919b7be26ea5935b6153d1e53f5b43153434e2b25,official_race_marker_verified,1600,flat,turf,outer,right,,Class1,0.0,0,16003歳以上1勝クラス発走13時40分(芝・右・外)牝;負担重量は、3歳534歳以上56
202609030309,2026,阪神,3,3,9,2026-06-13,https://www.jra.go.jp/datafile/seiseki/report/2026/2026-3hanshin3.pdf,78d4bfda1039f65e33de630919b7be26ea5935b6153d1e53f5b43153434e2b25,official_race_marker_verified,2200,flat,turf,,right,,Class2,0.0,0,2200さんだ三田特別発走14時10分(芝・右)3歳以上、2勝クラス;負担重量は、3歳544歳以上58、牝馬2減賞品
202609030310,2026,阪神,3,3,10,2026-06-13,https://www.jra.go.jp/datafile/seiseki/report/2026/2026-3hanshin3.pdf,78d4bfda1039f65e33de630919b7be26ea5935b6153d1e53f5b43153434e2b25,official_race_marker_verified,1200,flat,dirt,,right,,Class2,0.0,0,1200あき安芸特別発走14時45分(ダート・右)3歳以上、2勝クラス;負担重量は、3歳554歳以上58、牝馬2減賞品
202609030311,2026,阪神,3,3,11,2026-06-13,https://www.jra.go.jp/datafile/seiseki/report/2026/2026-3hanshin3.pdf,78d4bfda1039f65e33de630919b7be26ea5935b6153d1e53f5b43153434e2b25,official_race_marker_verified,1800,flat,dirt,,right,1.0,Maiden,0.0,0,1800さんのみや三宮ステークス発走15時20分(ダート・右)3歳以上、除未出走馬および未勝利馬;負担重量は、ハンデキャップ賞品
202609030312,2026,阪神,3,3,12,2026-06-13,https://www.jra.go.jp/datafile/seiseki/report/2026/2026-3hanshin3.pdf,78d4bfda1039f65e33de630919b7be26ea5935b6153d1e53f5b43153434e2b25,official_race_marker_verified,1200,flat,turf,,right,,Class1,0.0,0,12003歳以上1勝クラス発走16時05分(芝・右)負担重量は、3歳554歳以上58、牝馬2減
202609030401,2026,阪神,3,4,1,2026-06-14,https://www.jra.go.jp/datafile/seiseki/report/2026/2026-3hanshin4.pdf,d6b832984cbd1af116e1289dde6a958884699ca5e4d47712be547029cf21d88b,official_race_marker_verified,1800,flat,dirt,,right,0.0,Maiden,0.0,0,18003歳未勝利発走10時05分(ダート・右)牝;負担重量は、馬齢重量
202609030402,2026,阪神,3,4,2,2026-06-14,https://www.jra.go.jp/datafile/seiseki/report/2026/2026-3hanshin4.pdf,d6b832984cbd1af116e1289dde6a958884699ca5e4d47712be547029cf21d88b,official_race_marker_verified,1400,flat,dirt,,right,0.0,Maiden,0.0,0,14003歳未勝利発走10時35分(ダート・右)負担重量は、馬齢重量
202609030403,2026,阪神,3,4,3,2026-06-14,https://www.jra.go.jp/datafile/seiseki/report/2026/2026-3hanshin4.pdf,d6b832984cbd1af116e1289dde6a958884699ca5e4d47712be547029cf21d88b,official_race_marker_verified,1800,flat,dirt,,right,0.0,Maiden,0.0,0,18003歳未勝利発走11時05分(ダート・右)負担重量は、馬齢重量
202609030404,2026,阪神,3,4,4,2026-06-14,https://www.jra.go.jp/datafile/seiseki/report/2026/2026-3hanshin4.pdf,d6b832984cbd1af116e1289dde6a958884699ca5e4d47712be547029cf21d88b,official_race_marker_verified,2200,flat,turf,,right,0.0,Maiden,0.0,0,22003歳未勝利発走11時35分(芝・右)負担重量は、馬齢重量
202609030405,2026,阪神,3,4,5,2026-06-14,https://www.jra.go.jp/datafile/seiseki/report/2026/2026-3hanshin4.pdf,d6b832984cbd1af116e1289dde6a958884699ca5e4d47712be547029cf21d88b,official_race_marker_verified,1800,flat,turf,outer,right,0.0,Newcomer,0.0,0,18002歳新馬発走12時25分(芝・右・外)負担重量は、馬齢重量
202609030406,2026,阪神,3,4,6,2026-06-14,https://www.jra.go.jp/datafile/seiseki/report/2026/2026-3hanshin4.pdf,d6b832984cbd1af116e1289dde6a958884699ca5e4d47712be547029cf21d88b,official_race_marker_verified,1200,flat,dirt,,right,,Class1,0.0,0,12003歳以上1勝クラス発走12時55分(ダート・右)負担重量は、3歳554歳以上58、牝馬2減
202609030407,2026,阪神,3,4,7,2026-06-14,https://www.jra.go.jp/datafile/seiseki/report/2026/2026-3hanshin4.pdf,d6b832984cbd1af116e1289dde6a958884699ca5e4d47712be547029cf21d88b,official_race_marker_verified,2000,flat,turf,,right,,Class1,0.0,0,20003歳以上1勝クラス発走13時25分(芝・右)負担重量は、3歳554歳以上58、牝馬2減
202609030408,2026,阪神,3,4,8,2026-06-14,https://www.jra.go.jp/datafile/seiseki/report/2026/2026-3hanshin4.pdf,d6b832984cbd1af116e1289dde6a958884699ca5e4d47712be547029cf21d88b,official_race_marker_verified,1800,flat,dirt,,right,,Class2,0.0,0,1800さかせがわ逆瀬川特別発走13時55分(ダート・右)牝、3歳以上、2勝クラス;負担重量は、3歳534歳以上56賞品
202609030409,2026,阪神,3,4,9,2026-06-14,https://www.jra.go.jp/datafile/seiseki/report/2026/2026-3hanshin4.pdf,d6b832984cbd1af116e1289dde6a958884699ca5e4d47712be547029cf21d88b,official_race_marker_verified,1200,flat,turf,,right,,Class2,0.0,0,1200むこがわ武庫川特別発走14時25分(芝・右)3歳以上、2勝クラス;負担重量は、3歳554歳以上58、牝馬2減賞品
202609030410,2026,阪神,3,4,10,2026-06-14,https://www.jra.go.jp/datafile/seiseki/report/2026/2026-3hanshin4.pdf,d6b832984cbd1af116e1289dde6a958884699ca5e4d47712be547029cf21d88b,official_race_marker_verified,1600,flat,turf,outer,right,,Maiden,0.0,0,1600はな花のみちステークス発走15時00分(芝・右・外)3歳以上、3勝クラス、除未出走馬および未勝利馬;負担重量は、3歳554歳以上58、牝馬2減賞品
202609030411,2026,阪神,3,4,11,2026-06-14,https://www.jra.go.jp/datafile/seiseki/report/2026/2026-3hanshin4.pdf,d6b832984cbd1af116e1289dde6a958884699ca5e4d47712be547029cf21d88b,official_race_marker_verified,2200,flat,turf,,right,,Open,1.0,1,2200第67回宝塚記念(GI)発走15時40分(芝・右)3歳以上、ファン投票および別に定める方法により選定された馬、除未出走馬および未勝利馬;負担重量は、3歳534歳以上58、牝馬2減宝塚市長賞・日本馬主協会連合会会長賞・ブリーダーズカップチャレンジ賞(1着)賞品
202609030412,2026,阪神,3,4,12,2026-06-14,https://www.jra.go.jp/datafile/seiseki/report/2026/2026-3hanshin4.pdf,d6b832984cbd1af116e1289dde6a958884699ca5e4d47712be547029cf21d88b,official_race_marker_verified,1200,flat,dirt,,right,1.0,Maiden,0.0,0,1200リボン賞発走16時30分(ダート・右)3歳以上、3勝クラス、除未出走馬および未勝利馬;負担重量は、ハンデキャップ賞品
202609030501,2026,阪神,3,5,1,2026-06-20,https://www.jra.go.jp/datafile/seiseki/report/2026/2026-3hanshin5.pdf,3d1360839aa3977f21222a4b8ed31bbaa8e7adfac0b74c8e14fdb4b92d2fb9d3,official_race_marker_verified,3110,obstacle,turf,,,,Open,1.0,0,3110障害3歳以上オープン発走9時55分(芝・ダート)負担重量は、3歳584歳以上60、牝馬2減、収得賞金400万円超過馬は超過額300万円毎1増
202609030502,2026,阪神,3,5,2,2026-06-20,https://www.jra.go.jp/datafile/seiseki/report/2026/2026-3hanshin5.pdf,3d1360839aa3977f21222a4b8ed31bbaa8e7adfac0b74c8e14fdb4b92d2fb9d3,official_race_marker_verified,1200,flat,dirt,,right,0.0,Maiden,0.0,0,12003歳未勝利発走10時30分(ダート・右)負担重量は、馬齢重量
202609030503,2026,阪神,3,5,3,2026-06-20,https://www.jra.go.jp/datafile/seiseki/report/2026/2026-3hanshin5.pdf,3d1360839aa3977f21222a4b8ed31bbaa8e7adfac0b74c8e14fdb4b92d2fb9d3,official_race_marker_verified,1800,flat,dirt,,right,0.0,Maiden,0.0,0,18003歳未勝利発走11時00分(ダート・右)牝;負担重量は、馬齢重量
202609030504,2026,阪神,3,5,4,2026-06-20,https://www.jra.go.jp/datafile/seiseki/report/2026/2026-3hanshin5.pdf,3d1360839aa3977f21222a4b8ed31bbaa8e7adfac0b74c8e14fdb4b92d2fb9d3,official_race_marker_verified,1800,flat,dirt,,right,0.0,Maiden,0.0,0,18003歳未勝利発走11時30分(ダート・右)負担重量は、馬齢重量
202609030505,2026,阪神,3,5,5,2026-06-20,https://www.jra.go.jp/datafile/seiseki/report/2026/2026-3hanshin5.pdf,3d1360839aa3977f21222a4b8ed31bbaa8e7adfac0b74c8e14fdb4b92d2fb9d3,official_race_marker_verified,1400,flat,turf,,right,0.0,Newcomer,0.0,0,14002歳新馬発走12時20分(芝・右)負担重量は、馬齢重量
202609030506,2026,阪神,3,5,6,2026-06-20,https://www.jra.go.jp/datafile/seiseki/report/2026/2026-3hanshin5.pdf,3d1360839aa3977f21222a4b8ed31bbaa8e7adfac0b74c8e14fdb4b92d2fb9d3,official_race_marker_verified,1800,flat,turf,outer,right,0.0,Maiden,0.0,0,18003歳未勝利発走12時50分(芝・右・外)負担重量は、馬齢重量
202609030507,2026,阪神,3,5,7,2026-06-20,https://www.jra.go.jp/datafile/seiseki/report/2026/2026-3hanshin5.pdf,3d1360839aa3977f21222a4b8ed31bbaa8e7adfac0b74c8e14fdb4b92d2fb9d3,official_race_marker_verified,2400,flat,turf,outer,right,,Class1,0.0,0,24003歳以上1勝クラス発走13時20分(芝・右・外)負担重量は、3歳544歳以上58、牝馬2減
202609030508,2026,阪神,3,5,8,2026-06-20,https://www.jra.go.jp/datafile/seiseki/report/2026/2026-3hanshin5.pdf,3d1360839aa3977f21222a4b8ed31bbaa8e7adfac0b74c8e14fdb4b92d2fb9d3,official_race_marker_verified,1800,flat,dirt,,right,,Class1,0.0,0,18003歳以上1勝クラス発走13時50分(ダート・右)負担重量は、3歳554歳以上58、牝馬2減
202609030509,2026,阪神,3,5,9,2026-06-20,https://www.jra.go.jp/datafile/seiseki/report/2026/2026-3hanshin5.pdf,3d1360839aa3977f21222a4b8ed31bbaa8e7adfac0b74c8e14fdb4b92d2fb9d3,official_race_marker_verified,1600,flat,turf,outer,right,1.0,Class2,0.0,0,1600まいこ舞子特別発走14時20分(芝・右・外)3歳以上、2勝クラス;負担重量は、ハンデキャップ賞品
202609030510,2026,阪神,3,5,10,2026-06-20,https://www.jra.go.jp/datafile/seiseki/report/2026/2026-3hanshin5.pdf,3d1360839aa3977f21222a4b8ed31bbaa8e7adfac0b74c8e14fdb4b92d2fb9d3,official_race_marker_verified,2200,flat,turf,,right,1.0,Maiden,0.0,0,2200ストークステークス発走14時55分(芝・右)3歳以上、3勝クラス、除未出走馬および未勝利馬;負担重量は、ハンデキャップ賞品
202609030511,2026,阪神,3,5,11,2026-06-20,https://www.jra.go.jp/datafile/seiseki/report/2026/2026-3hanshin5.pdf,3d1360839aa3977f21222a4b8ed31bbaa8e7adfac0b74c8e14fdb4b92d2fb9d3,official_race_marker_verified,1400,flat,dirt,,right,,Maiden,0.0,0,1400てんぽうざん天保山ステークス発走15時30分(ダート・右)3歳以上、除未出走馬および未勝利馬;負担重量は、日本馬:3歳534歳以上57、牝馬2減、収得賞金1600万円超過馬は超過額1200万円毎1増、:3歳534歳以上57、牝馬2減、GI競走1着馬5増、GII競走1着馬3増、GIII競走1着馬1増(ただし2歳時の成績を除く)賞品
202609030512,2026,阪神,3,5,12,2026-06-20,https://www.jra.go.jp/datafile/seiseki/report/2026/2026-3hanshin5.pdf,3d1360839aa3977f21222a4b8ed31bbaa8e7adfac0b74c8e14fdb4b92d2fb9d3,official_race_marker_verified,1600,flat,turf,outer,right,,Class1,0.0,0,16003歳以上1勝クラス発走16時15分(芝・右・外)負担重量は、3歳554歳以上58、牝馬2減
202609030601,2026,阪神,3,6,1,2026-06-21,https://www.jra.go.jp/datafile/seiseki/report/2026/2026-3hanshin6.pdf,4629b653edc64b06e6cf3b6edb33a56ddb7c7165e297dbe238c2b68f76489eb2,official_race_marker_verified,1400,flat,dirt,,right,0.0,Maiden,0.0,0,14003歳未勝利発走9時55分(ダート・右)負担重量は、馬齢重量
202609030602,2026,阪神,3,6,2,2026-06-21,https://www.jra.go.jp/datafile/seiseki/report/2026/2026-3hanshin6.pdf,4629b653edc64b06e6cf3b6edb33a56ddb7c7165e297dbe238c2b68f76489eb2,official_race_marker_verified,1600,flat,turf,outer,right,0.0,Maiden,0.0,0,16003歳未勝利発走10時30分(芝・右・外)牝;負担重量は、馬齢重量
202609030603,2026,阪神,3,6,3,2026-06-21,https://www.jra.go.jp/datafile/seiseki/report/2026/2026-3hanshin6.pdf,4629b653edc64b06e6cf3b6edb33a56ddb7c7165e297dbe238c2b68f76489eb2,official_race_marker_verified,1800,flat,dirt,,right,0.0,Maiden,0.0,0,18003歳未勝利発走11時00分(ダート・右)負担重量は、馬齢重量
202609030604,2026,阪神,3,6,4,2026-06-21,https://www.jra.go.jp/datafile/seiseki/report/2026/2026-3hanshin6.pdf,4629b653edc64b06e6cf3b6edb33a56ddb7c7165e297dbe238c2b68f76489eb2,official_race_marker_verified,2400,flat,turf,outer,right,0.0,Maiden,0.0,0,24003歳未勝利発走11時30分(芝・右・外)負担重量は、馬齢重量
202609030605,2026,阪神,3,6,5,2026-06-21,https://www.jra.go.jp/datafile/seiseki/report/2026/2026-3hanshin6.pdf,4629b653edc64b06e6cf3b6edb33a56ddb7c7165e297dbe238c2b68f76489eb2,official_race_marker_verified,1600,flat,turf,outer,right,0.0,Newcomer,0.0,0,16002歳新馬発走12時20分(芝・右・外)負担重量は、馬齢重量
202609030606,2026,阪神,3,6,6,2026-06-21,https://www.jra.go.jp/datafile/seiseki/report/2026/2026-3hanshin6.pdf,4629b653edc64b06e6cf3b6edb33a56ddb7c7165e297dbe238c2b68f76489eb2,official_race_marker_verified,1400,flat,turf,,right,0.0,Maiden,0.0,0,14003歳未勝利発走12時50分(芝・右)負担重量は、馬齢重量
202609030607,2026,阪神,3,6,7,2026-06-21,https://www.jra.go.jp/datafile/seiseki/report/2026/2026-3hanshin6.pdf,4629b653edc64b06e6cf3b6edb33a56ddb7c7165e297dbe238c2b68f76489eb2,official_race_marker_verified,1400,flat,dirt,,right,,Class1,0.0,0,14003歳以上1勝クラス発走13時20分(ダート・右)負担重量は、3歳554歳以上58、牝馬2減
202609030608,2026,阪神,3,6,8,2026-06-21,https://www.jra.go.jp/datafile/seiseki/report/2026/2026-3hanshin6.pdf,4629b653edc64b06e6cf3b6edb33a56ddb7c7165e297dbe238c2b68f76489eb2,official_race_marker_verified,2000,flat,turf,,right,,Class1,0.0,0,20003歳以上1勝クラス発走13時50分(芝・右)牝;負担重量は、3歳534歳以上56
202609030609,2026,阪神,3,6,9,2026-06-21,https://www.jra.go.jp/datafile/seiseki/report/2026/2026-3hanshin6.pdf,4629b653edc64b06e6cf3b6edb33a56ddb7c7165e297dbe238c2b68f76489eb2,official_race_marker_verified,2000,flat,turf,,right,,Class2,0.0,0,2000たかさご高砂特別発走14時20分(芝・右)3歳以上、2勝クラス;負担重量は、3歳554歳以上58、牝馬2減賞品
202609030610,2026,阪神,3,6,10,2026-06-21,https://www.jra.go.jp/datafile/seiseki/report/2026/2026-3hanshin6.pdf,4629b653edc64b06e6cf3b6edb33a56ddb7c7165e297dbe238c2b68f76489eb2,official_race_marker_verified,1800,flat,dirt,,right,,Maiden,0.0,0,1800ひめじ姫路ステークス発走14時55分(ダート・右)3歳以上、3勝クラス、除未出走馬および未勝利馬;負担重量は、3歳554歳以上58、牝馬2減賞品
202609030611,2026,阪神,3,6,11,2026-06-21,https://www.jra.go.jp/datafile/seiseki/report/2026/2026-3hanshin6.pdf,4629b653edc64b06e6cf3b6edb33a56ddb7c7165e297dbe238c2b68f76489eb2,official_race_marker_verified,1600,flat,turf,outer,right,,Open,1.0,1,サマーマイルシリーズ1600第2回しらさぎステークス(GIII)発走15時30分(芝・右・外)3歳以上、除未出走馬および未勝利馬;負担重量は、3歳534歳以上57、牝馬2減、2025.6.21以降GI競走(牝馬限定競走を除く)1着馬3増、牝馬限定GI競走またはGII競走(牝馬限定競走を除く)1着馬2増、牝馬限定GII競走またはGIII競走(牝馬限定競走を除く)1着馬1増、2025.6.20以前のGI競走(牝馬限定競走を除く)1着馬2増、牝馬限定GI競走またはGII競走(牝馬限定競走を除く)1着馬1増(ただし2歳時の成績を除く)賞品
202609030612,2026,阪神,3,6,12,2026-06-21,https://www.jra.go.jp/datafile/seiseki/report/2026/2026-3hanshin6.pdf,4629b653edc64b06e6cf3b6edb33a56ddb7c7165e297dbe238c2b68f76489eb2,official_race_marker_verified,1800,flat,dirt,,right,,Class2,0.0,0,18003歳以上2勝クラス発走16時15分(ダート・右)負担重量は、3歳554歳以上58、牝馬2減
202609040101,2026,阪神,4,1,1,2026-09-05,https://www.jra.go.jp/datafile/seiseki/report/2026/2026-4hanshin1.pdf,959ee587a3f52fdb30c919cc99de9f8ac8a2e5d302a258f199a75149b18eaf4a,official_race_marker_verified,1400,flat,dirt,,right,0.0,Maiden,0.0,0,14002歳未勝利発走9時55分(ダート・右)負担重量は、馬齢重量
202609040102,2026,阪神,4,1,2,2026-09-05,https://www.jra.go.jp/datafile/seiseki/report/2026/2026-4hanshin1.pdf,959ee587a3f52fdb30c919cc99de9f8ac8a2e5d302a258f199a75149b18eaf4a,official_race_marker_verified,1800,flat,turf,outer,right,0.0,Maiden,0.0,0,18002歳未勝利発走10時30分(芝・右・外)負担重量は、馬齢重量
202609040103,2026,阪神,4,1,3,2026-09-05,https://www.jra.go.jp/datafile/seiseki/report/2026/2026-4hanshin1.pdf,959ee587a3f52fdb30c919cc99de9f8ac8a2e5d302a258f199a75149b18eaf4a,official_race_marker_verified,1800,flat,dirt,,right,0.0,Maiden,0.0,0,18003歳未勝利発走11時00分(ダート・右)負担重量は、馬齢重量
202609040104,2026,阪神,4,1,4,2026-09-05,https://www.jra.go.jp/datafile/seiseki/report/2026/2026-4hanshin1.pdf,959ee587a3f52fdb30c919cc99de9f8ac8a2e5d302a258f199a75149b18eaf4a,official_race_marker_verified,1600,flat,turf,outer,right,0.0,Maiden,0.0,0,16003歳未勝利発走11時30分(芝・右・外)負担重量は、馬齢重量
202609040105,2026,阪神,4,1,5,2026-09-05,https://www.jra.go.jp/datafile/seiseki/report/2026/2026-4hanshin1.pdf,959ee587a3f52fdb30c919cc99de9f8ac8a2e5d302a258f199a75149b18eaf4a,official_race_marker_verified,1400,flat,turf,,right,0.0,Newcomer,0.0,0,14002歳新馬発走12時20分(芝・右)負担重量は、馬齢重量
202609040106,2026,阪神,4,1,6,2026-09-05,https://www.jra.go.jp/datafile/seiseki/report/2026/2026-4hanshin1.pdf,959ee587a3f52fdb30c919cc99de9f8ac8a2e5d302a258f199a75149b18eaf4a,official_race_marker_verified,1400,flat,dirt,,right,0.0,Newcomer,0.0,0,14002歳新馬発走12時50分(ダート・右)負担重量は、馬齢重量
202609040107,2026,阪神,4,1,7,2026-09-05,https://www.jra.go.jp/datafile/seiseki/report/2026/2026-4hanshin1.pdf,959ee587a3f52fdb30c919cc99de9f8ac8a2e5d302a258f199a75149b18eaf4a,official_race_marker_verified,1200,flat,turf,,right,,Class1,0.0,0,12003歳以上1勝クラス発走13時20分(芝・右)負担重量は、3歳564歳以上58、牝馬2減
202609040108,2026,阪神,4,1,8,2026-09-05,https://www.jra.go.jp/datafile/seiseki/report/2026/2026-4hanshin1.pdf,959ee587a3f52fdb30c919cc99de9f8ac8a2e5d302a258f199a75149b18eaf4a,official_race_marker_verified,2000,flat,turf,,right,,Class1,0.0,0,20003歳以上1勝クラス発走13時50分(芝・右)負担重量は、3歳554歳以上58、牝馬2減
202609040109,2026,阪神,4,1,9,2026-09-05,https://www.jra.go.jp/datafile/seiseki/report/2026/2026-4hanshin1.pdf,959ee587a3f52fdb30c919cc99de9f8ac8a2e5d302a258f199a75149b18eaf4a,official_race_marker_verified,1800,flat,dirt,,right,,Class2,0.0,0,1800いずし出石特別発走14時20分(ダート・右)3歳以上、2勝クラス;負担重量は、3歳554歳以上58、牝馬2減但馬國出石観光協会理事長賞(1着)賞品
202609040110,2026,阪神,4,1,10,2026-09-05,https://www.jra.go.jp/datafile/seiseki/report/2026/2026-4hanshin1.pdf,959ee587a3f52fdb30c919cc99de9f8ac8a2e5d302a258f199a75149b18eaf4a,official_race_marker_verified,1800,flat,turf,outer,right,,Maiden,0.0,0,1800にしのみや西宮ステークス発走14時55分(芝・右・外)3歳以上、3勝クラス、除未出走馬および未勝利馬;負担重量は、3歳554歳以上58、牝馬2減賞品
202609040111,2026,阪神,4,1,11,2026-09-05,https://www.jra.go.jp/datafile/seiseki/report/2026/2026-4hanshin1.pdf,959ee587a3f52fdb30c919cc99de9f8ac8a2e5d302a258f199a75149b18eaf4a,official_race_marker_verified,1400,flat,dirt,,right,1.0,Maiden,0.0,0,1400エニフステークス(L)発走15時30分(ダート・右)3歳以上、除未出走馬および未勝利馬;負担重量は、ハンデキャップ賞品
202609040112,2026,阪神,4,1,12,2026-09-05,https://www.jra.go.jp/datafile/seiseki/report/2026/2026-4hanshin1.pdf,959ee587a3f52fdb30c919cc99de9f8ac8a2e5d302a258f199a75149b18eaf4a,official_race_marker_verified,1400,flat,dirt,,right,,Class1,0.0,0,14003歳以上1勝クラス発走16時15分(ダート・右)負担重量は、3歳564歳以上58、牝馬2減
202609040201,2026,阪神,4,2,1,2026-09-06,https://www.jra.go.jp/datafile/seiseki/report/2026/2026-4hanshin2.pdf,b6eddc4a646c08891481457d7bbf9a3bd8ed8f7a0cd4d5a1fffaf7a8df4a0cfa,official_race_marker_verified,1400,flat,turf,,right,0.0,Maiden,0.0,0,14002歳未勝利発走9時55分(芝・右)負担重量は、馬齢重量
202609040202,2026,阪神,4,2,2,2026-09-06,https://www.jra.go.jp/datafile/seiseki/report/2026/2026-4hanshin2.pdf,b6eddc4a646c08891481457d7bbf9a3bd8ed8f7a0cd4d5a1fffaf7a8df4a0cfa,official_race_marker_verified,1200,flat,dirt,,right,0.0,Maiden,0.0,0,12003歳未勝利発走10時30分(ダート・右)負担重量は、馬齢重量
202609040203,2026,阪神,4,2,3,2026-09-06,https://www.jra.go.jp/datafile/seiseki/report/2026/2026-4hanshin2.pdf,b6eddc4a646c08891481457d7bbf9a3bd8ed8f7a0cd4d5a1fffaf7a8df4a0cfa,official_race_marker_verified,1800,flat,dirt,,right,0.0,Maiden,0.0,0,18003歳未勝利発走11時00分(ダート・右)負担重量は、馬齢重量
202609040204,2026,阪神,4,2,4,2026-09-06,https://www.jra.go.jp/datafile/seiseki/report/2026/2026-4hanshin2.pdf,b6eddc4a646c08891481457d7bbf9a3bd8ed8f7a0cd4d5a1fffaf7a8df4a0cfa,official_race_marker_verified,2000,flat,turf,,right,0.0,Maiden,0.0,0,20003歳未勝利発走11時30分(芝・右)負担重量は、馬齢重量
202609040205,2026,阪神,4,2,5,2026-09-06,https://www.jra.go.jp/datafile/seiseki/report/2026/2026-4hanshin2.pdf,b6eddc4a646c08891481457d7bbf9a3bd8ed8f7a0cd4d5a1fffaf7a8df4a0cfa,official_race_marker_verified,1800,flat,turf,outer,right,0.0,Newcomer,0.0,0,18002歳新馬発走12時20分(芝・右・外)負担重量は、馬齢重量
202609040206,2026,阪神,4,2,6,2026-09-06,https://www.jra.go.jp/datafile/seiseki/report/2026/2026-4hanshin2.pdf,b6eddc4a646c08891481457d7bbf9a3bd8ed8f7a0cd4d5a1fffaf7a8df4a0cfa,official_race_marker_verified,1800,flat,dirt,,right,,Class1,0.0,0,18003歳以上1勝クラス発走12時50分(ダート・右)牝;負担重量は、3歳534歳以上56
202609040207,2026,阪神,4,2,7,2026-09-06,https://www.jra.go.jp/datafile/seiseki/report/2026/2026-4hanshin2.pdf,b6eddc4a646c08891481457d7bbf9a3bd8ed8f7a0cd4d5a1fffaf7a8df4a0cfa,official_race_marker_verified,1600,flat,turf,outer,right,,Class1,0.0,0,16003歳以上1勝クラス発走13時20分(芝・右・外)負担重量は、3歳564歳以上58、牝馬2減
202609040208,2026,阪神,4,2,8,2026-09-06,https://www.jra.go.jp/datafile/seiseki/report/2026/2026-4hanshin2.pdf,b6eddc4a646c08891481457d7bbf9a3bd8ed8f7a0cd4d5a1fffaf7a8df4a0cfa,official_race_marker_verified,1600,flat,turf,outer,right,,Class2,0.0,0,1600たけだお武田尾特別発走13時50分(番組第9競走を順序変更)(芝・右・外)3歳以上、2勝クラス;負担重量は、3歳564歳以上58、牝馬2減賞品
202609040209,2026,阪神,4,2,9,2026-09-06,https://www.jra.go.jp/datafile/seiseki/report/2026/2026-4hanshin2.pdf,b6eddc4a646c08891481457d7bbf9a3bd8ed8f7a0cd4d5a1fffaf7a8df4a0cfa,official_race_marker_verified,1800,flat,dirt,,right,,Class1,0.0,0,18003歳以上1勝クラス発走14時20分(番組第8競走を順序変更)(ダート・右)負担重量は、3歳554歳以上58、牝馬2減
202609040210,2026,阪神,4,2,10,2026-09-06,https://www.jra.go.jp/datafile/seiseki/report/2026/2026-4hanshin2.pdf,b6eddc4a646c08891481457d7bbf9a3bd8ed8f7a0cd4d5a1fffaf7a8df4a0cfa,official_race_marker_verified,1200,flat,dirt,,right,1.0,Maiden,0.0,0,1200オークランドサラブレッドレーシングトロフィー発走14時55分(ダート・右)3歳以上、3勝クラス、除未出走馬および未勝利馬;負担重量は、ハンデキャップオークランドサラブレッドレーシング賞・阪神馬主協会会長賞(1着)賞品
202609040211,2026,阪神,4,2,11,2026-09-06,https://www.jra.go.jp/datafile/seiseki/report/2026/2026-4hanshin2.pdf,b6eddc4a646c08891481457d7bbf9a3bd8ed8f7a0cd4d5a1fffaf7a8df4a0cfa,official_race_marker_verified,1200,flat,turf,,right,,Open,1.0,1,サマースプリントシリーズ1200第40回産経賞セントウルステークス(GII)発走15時30分(芝・右)3歳以上、除未出走馬および未勝利馬;負担重量は、3歳554歳以上57、牝馬2減、2025.9.6以降GI競走(牝馬限定競走を除く)1着馬2増、牝馬限定GI競走またはGII競走(牝馬限定競走を除く)1着馬1増、2025.9.5以前のGI競走(牝馬限定競走を除く)1着馬1増(ただし2歳時の成績を除く)産経新聞社賞(1着)賞品
202609040212,2026,阪神,4,2,12,2026-09-06,https://www.jra.go.jp/datafile/seiseki/report/2026/2026-4hanshin2.pdf,b6eddc4a646c08891481457d7bbf9a3bd8ed8f7a0cd4d5a1fffaf7a8df4a0cfa,official_race_marker_verified,1400,flat,dirt,,right,,Class2,0.0,0,14003歳以上2勝クラス発走16時15分(ダート・右)負担重量は、3歳564歳以上58、牝馬2減
202609040301,2026,阪神,4,3,1,2026-09-12,https://www.jra.go.jp/datafile/seiseki/report/2026/2026-4hanshin3.pdf,d058eb509ae21a0bf3ac46c8273049afe37e3d97a4eeeade54f9278b6f48d33d,official_race_marker_verified,2970,obstacle,turf,,,,Maiden,0.0,0,2970障害3歳以上未勝利発走10時00分(芝・ダート)負担重量は、3歳584歳以上60、牝馬2減
202609040302,2026,阪神,4,3,2,2026-09-12,https://www.jra.go.jp/datafile/seiseki/report/2026/2026-4hanshin3.pdf,d058eb509ae21a0bf3ac46c8273049afe37e3d97a4eeeade54f9278b6f48d33d,official_race_marker_verified,2000,flat,turf,,right,0.0,Maiden,0.0,0,20002歳未勝利発走10時35分(芝・右)負担重量は、馬齢重量
202609040303,2026,阪神,4,3,3,2026-09-12,https://www.jra.go.jp/datafile/seiseki/report/2026/2026-4hanshin3.pdf,d058eb509ae21a0bf3ac46c8273049afe37e3d97a4eeeade54f9278b6f48d33d,official_race_marker_verified,1800,flat,dirt,,right,0.0,Maiden,0.0,0,18002歳未勝利発走11時05分(ダート・右)負担重量は、馬齢重量
202609040304,2026,阪神,4,3,4,2026-09-12,https://www.jra.go.jp/datafile/seiseki/report/2026/2026-4hanshin3.pdf,d058eb509ae21a0bf3ac46c8273049afe37e3d97a4eeeade54f9278b6f48d33d,official_race_marker_verified,1800,flat,turf,outer,right,0.0,Maiden,0.0,0,18003歳未勝利発走11時35分(芝・右・外)負担重量は、馬齢重量
202609040305,2026,阪神,4,3,5,2026-09-12,https://www.jra.go.jp/datafile/seiseki/report/2026/2026-4hanshin3.pdf,d058eb509ae21a0bf3ac46c8273049afe37e3d97a4eeeade54f9278b6f48d33d,official_race_marker_verified,1600,flat,turf,outer,right,0.0,Newcomer,0.0,0,16002歳新馬発走12時25分(芝・右・外)負担重量は、馬齢重量
202609040306,2026,阪神,4,3,6,2026-09-12,https://www.jra.go.jp/datafile/seiseki/report/2026/2026-4hanshin3.pdf,d058eb509ae21a0bf3ac46c8273049afe37e3d97a4eeeade54f9278b6f48d33d,official_race_marker_verified,1800,flat,dirt,,right,0.0,Newcomer,0.0,0,18002歳新馬発走12時55分(ダート・右)負担重量は、馬齢重量
202609040307,2026,阪神,4,3,7,2026-09-12,https://www.jra.go.jp/datafile/seiseki/report/2026/2026-4hanshin3.pdf,d058eb509ae21a0bf3ac46c8273049afe37e3d97a4eeeade54f9278b6f48d33d,official_race_marker_verified,1400,flat,dirt,,right,0.0,Maiden,0.0,0,14003歳未勝利発走13時25分(ダート・右)負担重量は、馬齢重量
202609040308,2026,阪神,4,3,8,2026-09-12,https://www.jra.go.jp/datafile/seiseki/report/2026/2026-4hanshin3.pdf,d058eb509ae21a0bf3ac46c8273049afe37e3d97a4eeeade54f9278b6f48d33d,official_race_marker_verified,1800,flat,turf,outer,right,,Class1,0.0,0,18003歳以上1勝クラス発走13時55分(芝・右・外)負担重量は、3歳554歳以上58、牝馬2減
202609040309,2026,阪神,4,3,9,2026-09-12,https://www.jra.go.jp/datafile/seiseki/report/2026/2026-4hanshin3.pdf,d058eb509ae21a0bf3ac46c8273049afe37e3d97a4eeeade54f9278b6f48d33d,official_race_marker_verified,1400,flat,turf,,right,,Class2,0.0,0,1400せとないかい瀬戸内海特別発走14時25分(芝・右)3歳以上、2勝クラス;負担重量は、3歳564歳以上58、牝馬2減賞品
202609040310,2026,阪神,4,3,10,2026-09-12,https://www.jra.go.jp/datafile/seiseki/report/2026/2026-4hanshin3.pdf,d058eb509ae21a0bf3ac46c8273049afe37e3d97a4eeeade54f9278b6f48d33d,official_race_marker_verified,1800,flat,dirt,,right,,Maiden,0.0,0,1800たけだじょう竹田城ステークス発走15時05分(ダート・右)3歳以上、3勝クラス、除未出走馬および未勝利馬;負担重量は、3歳554歳以上58、牝馬2減賞品
202609040311,2026,阪神,4,3,11,2026-09-12,https://www.jra.go.jp/datafile/seiseki/report/2026/2026-4hanshin3.pdf,d058eb509ae21a0bf3ac46c8273049afe37e3d97a4eeeade54f9278b6f48d33d,official_race_marker_verified,2000,flat,turf,,right,1.0,Open,1.0,1,2000第77回チャレンジカップ(GIII)発走15時45分(芝・右)3歳以上、除未出走馬および未勝利馬;負担重量は、ハンデキャップ賞品
202609040312,2026,阪神,4,3,12,2026-09-12,https://www.jra.go.jp/datafile/seiseki/report/2026/2026-4hanshin3.pdf,d058eb509ae21a0bf3ac46c8273049afe37e3d97a4eeeade54f9278b6f48d33d,official_race_marker_verified,1200,flat,dirt,,right,,Class1,0.0,0,12003歳以上1勝クラス発走16時30分(ダート・右)負担重量は、3歳564歳以上58、牝馬2減
202609040401,2026,阪神,4,4,1,2026-09-13,https://www.jra.go.jp/datafile/seiseki/report/2026/2026-4hanshin4.pdf,4c71c9a25741f9ad4d8073f0b03f73e1cc06b03058f0bcdeb640653f6b9ba5e3,official_race_marker_verified,1400,flat,dirt,,right,0.0,Maiden,0.0,0,14002歳未勝利発走9時45分(ダート・右)負担重量は、馬齢重量
202609040402,2026,阪神,4,4,2,2026-09-13,https://www.jra.go.jp/datafile/seiseki/report/2026/2026-4hanshin4.pdf,4c71c9a25741f9ad4d8073f0b03f73e1cc06b03058f0bcdeb640653f6b9ba5e3,official_race_marker_verified,1600,flat,turf,outer,right,0.0,Maiden,0.0,0,16002歳未勝利発走10時20分(芝・右・外)負担重量は、馬齢重量
202609040403,2026,阪神,4,4,3,2026-09-13,https://www.jra.go.jp/datafile/seiseki/report/2026/2026-4hanshin4.pdf,4c71c9a25741f9ad4d8073f0b03f73e1cc06b03058f0bcdeb640653f6b9ba5e3,official_race_marker_verified,1800,flat,dirt,,right,0.0,Maiden,0.0,0,18003歳未勝利発走10時50分(ダート・右)負担重量は、馬齢重量
202609040404,2026,阪神,4,4,4,2026-09-13,https://www.jra.go.jp/datafile/seiseki/report/2026/2026-4hanshin4.pdf,4c71c9a25741f9ad4d8073f0b03f73e1cc06b03058f0bcdeb640653f6b9ba5e3,official_race_marker_verified,2200,flat,turf,,right,0.0,Maiden,0.0,0,22003歳未勝利発走11時20分(芝・右)負担重量は、馬齢重量
202609040405,2026,阪神,4,4,5,2026-09-13,https://www.jra.go.jp/datafile/seiseki/report/2026/2026-4hanshin4.pdf,4c71c9a25741f9ad4d8073f0b03f73e1cc06b03058f0bcdeb640653f6b9ba5e3,official_race_marker_verified,2000,flat,turf,,right,0.0,Newcomer,0.0,0,20002歳新馬発走12時10分(芝・右)負担重量は、馬齢重量
202609040406,2026,阪神,4,4,6,2026-09-13,https://www.jra.go.jp/datafile/seiseki/report/2026/2026-4hanshin4.pdf,4c71c9a25741f9ad4d8073f0b03f73e1cc06b03058f0bcdeb640653f6b9ba5e3,official_race_marker_verified,1800,flat,dirt,,right,0.0,Maiden,0.0,0,18003歳未勝利発走12時40分(ダート・右)負担重量は、馬齢重量
202609040407,2026,阪神,4,4,7,2026-09-13,https://www.jra.go.jp/datafile/seiseki/report/2026/2026-4hanshin4.pdf,4c71c9a25741f9ad4d8073f0b03f73e1cc06b03058f0bcdeb640653f6b9ba5e3,official_race_marker_verified,1400,flat,dirt,,right,,Class1,0.0,0,14003歳以上1勝クラス発走13時10分(ダート・右)負担重量は、3歳564歳以上58、牝馬2減
202609040408,2026,阪神,4,4,8,2026-09-13,https://www.jra.go.jp/datafile/seiseki/report/2026/2026-4hanshin4.pdf,4c71c9a25741f9ad4d8073f0b03f73e1cc06b03058f0bcdeb640653f6b9ba5e3,official_race_marker_verified,1800,flat,dirt,,right,,Class1,0.0,0,18003歳以上1勝クラス発走13時40分(ダート・右)負担重量は、3歳554歳以上58、牝馬2減
202609040409,2026,阪神,4,4,9,2026-09-13,https://www.jra.go.jp/datafile/seiseki/report/2026/2026-4hanshin4.pdf,4c71c9a25741f9ad4d8073f0b03f73e1cc06b03058f0bcdeb640653f6b9ba5e3,official_race_marker_verified,2000,flat,turf,,right,,Class2,0.0,0,2000のせ能勢特別発走14時10分(芝・右)3歳以上、2勝クラス;負担重量は、3歳554歳以上58、牝馬2減賞品
202609040410,2026,阪神,4,4,10,2026-09-13,https://www.jra.go.jp/datafile/seiseki/report/2026/2026-4hanshin4.pdf,4c71c9a25741f9ad4d8073f0b03f73e1cc06b03058f0bcdeb640653f6b9ba5e3,official_race_marker_verified,1600,flat,turf,outer,right,,Maiden,0.0,0,1600ちゅうしゅう仲秋ステークス発走14時50分(芝・右・外)3歳以上、3勝クラス、除未出走馬および未勝利馬;負担重量は、3歳564歳以上58、牝馬2減賞品
202609040411,2026,阪神,4,4,11,2026-09-13,https://www.jra.go.jp/datafile/seiseki/report/2026/2026-4hanshin4.pdf,4c71c9a25741f9ad4d8073f0b03f73e1cc06b03058f0bcdeb640653f6b9ba5e3,official_race_marker_verified,1800,flat,turf,outer,right,0.0,Open,1.0,1,1800第44回関西テレビ放送賞ローズステークス(GII)発走15時30分(秋華賞トライアル)(芝・右・外)牝、3歳、除未出走馬および未勝利馬;負担重量は、馬齢重量関西テレビ放送賞(1着)賞品
202609040412,2026,阪神,4,4,12,2026-09-13,https://www.jra.go.jp/datafile/seiseki/report/2026/2026-4hanshin4.pdf,4c71c9a25741f9ad4d8073f0b03f73e1cc06b03058f0bcdeb640653f6b9ba5e3,official_race_marker_verified,1200,flat,dirt,,right,,Class2,0.0,0,12003歳以上2勝クラス発走16時10分(ダート・右)負担重量は、3歳564歳以上58、牝馬2減
202609040501,2026,阪神,4,5,1,2026-09-19,https://www.jra.go.jp/datafile/seiseki/report/2026/2026-4hanshin5.pdf,90a46091fcd053d781e59b859b60ec18bf8efdacecd1bf1c00be2e55ca7208b6,official_race_marker_verified,1800,flat,dirt,,right,0.0,Maiden,0.0,0,18002歳未勝利発走9時45分(ダート・右)負担重量は、馬齢重量
202609040502,2026,阪神,4,5,2,2026-09-19,https://www.jra.go.jp/datafile/seiseki/report/2026/2026-4hanshin5.pdf,90a46091fcd053d781e59b859b60ec18bf8efdacecd1bf1c00be2e55ca7208b6,official_race_marker_verified,2000,flat,turf,,right,0.0,Maiden,0.0,0,20002歳未勝利発走10時15分(芝・右)負担重量は、馬齢重量
202609040503,2026,阪神,4,5,3,2026-09-19,https://www.jra.go.jp/datafile/seiseki/report/2026/2026-4hanshin5.pdf,90a46091fcd053d781e59b859b60ec18bf8efdacecd1bf1c00be2e55ca7208b6,official_race_marker_verified,1400,flat,dirt,,right,0.0,Maiden,0.0,0,14002歳未勝利発走10時45分(ダート・右)牝;負担重量は、馬齢重量
202609040504,2026,阪神,4,5,4,2026-09-19,https://www.jra.go.jp/datafile/seiseki/report/2026/2026-4hanshin5.pdf,90a46091fcd053d781e59b859b60ec18bf8efdacecd1bf1c00be2e55ca7208b6,official_race_marker_verified,3140,obstacle,,,,,Maiden,0.0,0,3140第28回阪神ジャンプステークス(J・GIII)発走11時20分(芝)3歳以上、除未出走馬および未勝利馬;負担重量は、3歳584歳以上60、牝馬2減、J・GI競走1着馬2増、J・GII競走1着馬1増賞品
202609040505,2026,阪神,4,5,5,2026-09-19,https://www.jra.go.jp/datafile/seiseki/report/2026/2026-4hanshin5.pdf,90a46091fcd053d781e59b859b60ec18bf8efdacecd1bf1c00be2e55ca7208b6,official_race_marker_verified,1200,flat,turf,,right,0.0,Newcomer,0.0,0,12002歳新馬発走12時10分(芝・右)負担重量は、馬齢重量
202609040506,2026,阪神,4,5,6,2026-09-19,https://www.jra.go.jp/datafile/seiseki/report/2026/2026-4hanshin5.pdf,90a46091fcd053d781e59b859b60ec18bf8efdacecd1bf1c00be2e55ca7208b6,official_race_marker_verified,1800,flat,dirt,,right,0.0,Newcomer,0.0,0,18002歳新馬発走12時40分(ダート・右)負担重量は、馬齢重量
202609040507,2026,阪神,4,5,7,2026-09-19,https://www.jra.go.jp/datafile/seiseki/report/2026/2026-4hanshin5.pdf,90a46091fcd053d781e59b859b60ec18bf8efdacecd1bf1c00be2e55ca7208b6,official_race_marker_verified,2400,flat,turf,outer,right,,Class1,0.0,0,24003歳以上1勝クラス発走13時10分(芝・右・外)負担重量は、3歳554歳以上58、牝馬2減
202609040508,2026,阪神,4,5,8,2026-09-19,https://www.jra.go.jp/datafile/seiseki/report/2026/2026-4hanshin5.pdf,90a46091fcd053d781e59b859b60ec18bf8efdacecd1bf1c00be2e55ca7208b6,official_race_marker_verified,1600,flat,turf,outer,right,,,,0,1600のじぎく野路菊ステークス発走13時40分(番組第9競走を順序変更)(芝・右・外)2歳;負担重量は、日本馬:馬齢重量、収得賞金800万円毎1増、:馬齢重量、重賞競走1着馬1増賞品
202609040509,2026,阪神,4,5,9,2026-09-19,https://www.jra.go.jp/datafile/seiseki/report/2026/2026-4hanshin5.pdf,90a46091fcd053d781e59b859b60ec18bf8efdacecd1bf1c00be2e55ca7208b6,official_race_marker_verified,1800,flat,dirt,,right,,Class1,0.0,0,18003歳以上1勝クラス発走14時10分(番組第8競走を順序変更)(ダート・右)牝;負担重量は、3歳534歳以上56
202609040510,2026,阪神,4,5,10,2026-09-19,https://www.jra.go.jp/datafile/seiseki/report/2026/2026-4hanshin5.pdf,90a46091fcd053d781e59b859b60ec18bf8efdacecd1bf1c00be2e55ca7208b6,official_race_marker_verified,1200,flat,turf,,right,,Class2,0.0,0,1200ほくせつ北摂特別発走14時50分(芝・右)3歳以上、2勝クラス;負担重量は、3歳564歳以上58、牝馬2減賞品
202609040511,2026,阪神,4,5,11,2026-09-19,https://www.jra.go.jp/datafile/seiseki/report/2026/2026-4hanshin5.pdf,90a46091fcd053d781e59b859b60ec18bf8efdacecd1bf1c00be2e55ca7208b6,official_race_marker_verified,1400,flat,dirt,,right,,Maiden,0.0,0,1400大阪スポーツ杯発走15時30分(ダート・右)3歳以上、3勝クラス、除未出走馬および未勝利馬;負担重量は、3歳564歳以上58、牝馬2減東京スポーツ新聞社賞(1着)賞品
202609040512,2026,阪神,4,5,12,2026-09-19,https://www.jra.go.jp/datafile/seiseki/report/2026/2026-4hanshin5.pdf,90a46091fcd053d781e59b859b60ec18bf8efdacecd1bf1c00be2e55ca7208b6,official_race_marker_verified,1200,flat,dirt,,right,,Class1,0.0,0,12003歳以上1勝クラス発走16時10分(ダート・右)負担重量は、3歳564歳以上58、牝馬2減
202609040601,2026,阪神,4,6,1,2026-09-20,https://www.jra.go.jp/datafile/seiseki/report/2026/2026-4hanshin6.pdf,939e8447ed3e11e88fa1b555042e46bbdbf7f64609abcb310f2fca84195f38c8,official_race_marker_verified,2970,obstacle,turf,,,,Maiden,0.0,0,2970障害3歳以上未勝利発走9時45分(芝・ダート)負担重量は、3歳584歳以上60、牝馬2減
202609040602,2026,阪神,4,6,2,2026-09-20,https://www.jra.go.jp/datafile/seiseki/report/2026/2026-4hanshin6.pdf,939e8447ed3e11e88fa1b555042e46bbdbf7f64609abcb310f2fca84195f38c8,official_race_marker_verified,1200,flat,dirt,,right,0.0,Maiden,0.0,0,12002歳未勝利発走10時20分(ダート・右)負担重量は、馬齢重量
202609040603,2026,阪神,4,6,3,2026-09-20,https://www.jra.go.jp/datafile/seiseki/report/2026/2026-4hanshin6.pdf,939e8447ed3e11e88fa1b555042e46bbdbf7f64609abcb310f2fca84195f38c8,official_race_marker_verified,1800,flat,turf,outer,right,0.0,Maiden,0.0,0,18002歳未勝利発走10時50分(芝・右・外)負担重量は、馬齢重量
202609040604,2026,阪神,4,6,4,2026-09-20,https://www.jra.go.jp/datafile/seiseki/report/2026/2026-4hanshin6.pdf,939e8447ed3e11e88fa1b555042e46bbdbf7f64609abcb310f2fca84195f38c8,official_race_marker_verified,1200,flat,dirt,,right,0.0,Newcomer,0.0,0,12002歳新馬発走11時20分(ダート・右)負担重量は、馬齢重量
202609040605,2026,阪神,4,6,5,2026-09-20,https://www.jra.go.jp/datafile/seiseki/report/2026/2026-4hanshin6.pdf,939e8447ed3e11e88fa1b555042e46bbdbf7f64609abcb310f2fca84195f38c8,official_race_marker_verified,1600,flat,turf,outer,right,0.0,Newcomer,0.0,0,16002歳新馬発走12時10分(芝・右・外)牝;負担重量は、馬齢重量
202609040606,2026,阪神,4,6,6,2026-09-20,https://www.jra.go.jp/datafile/seiseki/report/2026/2026-4hanshin6.pdf,939e8447ed3e11e88fa1b555042e46bbdbf7f64609abcb310f2fca84195f38c8,official_race_marker_verified,2000,flat,turf,,right,,Class1,0.0,0,20003歳以上1勝クラス発走12時40分(芝・右)負担重量は、3歳554歳以上58、牝馬2減
202609040607,2026,阪神,4,6,7,2026-09-20,https://www.jra.go.jp/datafile/seiseki/report/2026/2026-4hanshin6.pdf,939e8447ed3e11e88fa1b555042e46bbdbf7f64609abcb310f2fca84195f38c8,official_race_marker_verified,1800,flat,dirt,,right,,Class1,0.0,0,18003歳以上1勝クラス発走13時10分(ダート・右)負担重量は、3歳554歳以上58、牝馬2減
202609040608,2026,阪神,4,6,8,2026-09-20,https://www.jra.go.jp/datafile/seiseki/report/2026/2026-4hanshin6.pdf,939e8447ed3e11e88fa1b555042e46bbdbf7f64609abcb310f2fca84195f38c8,official_race_marker_verified,1600,flat,turf,outer,right,,Class1,0.0,0,16003歳以上1勝クラス発走13時40分(芝・右・外)負担重量は、3歳564歳以上58、牝馬2減
202609040609,2026,阪神,4,6,9,2026-09-20,https://www.jra.go.jp/datafile/seiseki/report/2026/2026-4hanshin6.pdf,939e8447ed3e11e88fa1b555042e46bbdbf7f64609abcb310f2fca84195f38c8,official_race_marker_verified,2000,flat,turf,,right,,Class2,0.0,0,2000ゆうづき夕月特別発走14時10分(芝・右)牝、3歳以上、2勝クラス;負担重量は、3歳534歳以上56賞品
202609040610,2026,阪神,4,6,10,2026-09-20,https://www.jra.go.jp/datafile/seiseki/report/2026/2026-4hanshin6.pdf,939e8447ed3e11e88fa1b555042e46bbdbf7f64609abcb310f2fca84195f38c8,official_race_marker_verified,1800,flat,dirt,,right,,Class2,0.0,0,1800とっとり鳥取特別発走14時50分(ダート・右)3歳以上、2勝クラス;負担重量は、3歳554歳以上58、牝馬2減鳥取市長賞(1着)賞品
202609040611,2026,阪神,4,6,11,2026-09-20,https://www.jra.go.jp/datafile/seiseki/report/2026/2026-4hanshin6.pdf,939e8447ed3e11e88fa1b555042e46bbdbf7f64609abcb310f2fca84195f38c8,official_race_marker_verified,1200,flat,turf,,right,,Maiden,0.0,0,1200どうとんぼり道頓堀ステークス発走15時30分(芝・右)3歳以上、3勝クラス、除未出走馬および未勝利馬;負担重量は、3歳564歳以上58、牝馬2減賞品
202609040612,2026,阪神,4,6,12,2026-09-20,https://www.jra.go.jp/datafile/seiseki/report/2026/2026-4hanshin6.pdf,939e8447ed3e11e88fa1b555042e46bbdbf7f64609abcb310f2fca84195f38c8,official_race_marker_verified,1400,flat,dirt,,right,,Class1,0.0,0,14003歳以上1勝クラス発走16時10分(ダート・右)牝;負担重量は、3歳544歳以上56
202609040701,2026,阪神,4,7,1,2026-09-21,https://www.jra.go.jp/datafile/seiseki/report/2026/2026-4hanshin7.pdf,7cd4c4734bdccf8a86ce61fef46486d15b44258b80634bcb84fb6e7023be8c04,official_race_marker_verified,1800,flat,dirt,,right,0.0,Maiden,0.0,0,18002歳未勝利発走10時00分(ダート・右)負担重量は、馬齢重量
202609040702,2026,阪神,4,7,2,2026-09-21,https://www.jra.go.jp/datafile/seiseki/report/2026/2026-4hanshin7.pdf,7cd4c4734bdccf8a86ce61fef46486d15b44258b80634bcb84fb6e7023be8c04,official_race_marker_verified,1600,flat,turf,outer,right,0.0,Maiden,0.0,0,16002歳未勝利発走10時35分(芝・右・外)牝;負担重量は、馬齢重量
202609040703,2026,阪神,4,7,3,2026-09-21,https://www.jra.go.jp/datafile/seiseki/report/2026/2026-4hanshin7.pdf,7cd4c4734bdccf8a86ce61fef46486d15b44258b80634bcb84fb6e7023be8c04,official_race_marker_verified,1200,flat,turf,,right,0.0,Maiden,0.0,0,12002歳未勝利発走11時05分(芝・右)負担重量は、馬齢重量
202609040704,2026,阪神,4,7,4,2026-09-21,https://www.jra.go.jp/datafile/seiseki/report/2026/2026-4hanshin7.pdf,7cd4c4734bdccf8a86ce61fef46486d15b44258b80634bcb84fb6e7023be8c04,official_race_marker_verified,1400,flat,dirt,,right,0.0,Newcomer,0.0,0,14002歳新馬発走11時35分(ダート・右)牝;負担重量は、馬齢重量
202609040705,2026,阪神,4,7,5,2026-09-21,https://www.jra.go.jp/datafile/seiseki/report/2026/2026-4hanshin7.pdf,7cd4c4734bdccf8a86ce61fef46486d15b44258b80634bcb84fb6e7023be8c04,official_race_marker_verified,1800,flat,turf,outer,right,0.0,Newcomer,0.0,0,18002歳新馬発走12時25分(芝・右・外)負担重量は、馬齢重量
202609040706,2026,阪神,4,7,6,2026-09-21,https://www.jra.go.jp/datafile/seiseki/report/2026/2026-4hanshin7.pdf,7cd4c4734bdccf8a86ce61fef46486d15b44258b80634bcb84fb6e7023be8c04,official_race_marker_verified,2000,flat,dirt,,right,,Class1,0.0,0,20003歳以上1勝クラス発走12時55分(ダート・右)負担重量は、3歳554歳以上58、牝馬2減
202609040707,2026,阪神,4,7,7,2026-09-21,https://www.jra.go.jp/datafile/seiseki/report/2026/2026-4hanshin7.pdf,7cd4c4734bdccf8a86ce61fef46486d15b44258b80634bcb84fb6e7023be8c04,official_race_marker_verified,1400,flat,turf,,right,,Class1,0.0,0,14003歳以上1勝クラス発走13時25分(芝・右)負担重量は、3歳564歳以上58、牝馬2減
202609040708,2026,阪神,4,7,8,2026-09-21,https://www.jra.go.jp/datafile/seiseki/report/2026/2026-4hanshin7.pdf,7cd4c4734bdccf8a86ce61fef46486d15b44258b80634bcb84fb6e7023be8c04,official_race_marker_verified,1800,flat,dirt,,right,,Class1,0.0,0,18003歳以上1勝クラス発走13時55分(ダート・右)負担重量は、3歳554歳以上58、牝馬2減
202609040709,2026,阪神,4,7,9,2026-09-21,https://www.jra.go.jp/datafile/seiseki/report/2026/2026-4hanshin7.pdf,7cd4c4734bdccf8a86ce61fef46486d15b44258b80634bcb84fb6e7023be8c04,official_race_marker_verified,1400,flat,dirt,,right,,Class2,0.0,0,1400しんりょう新涼特別発走14時25分(ダート・右)3歳以上、2勝クラス;負担重量は、3歳564歳以上58、牝馬2減賞品
202609040710,2026,阪神,4,7,10,2026-09-21,https://www.jra.go.jp/datafile/seiseki/report/2026/2026-4hanshin7.pdf,7cd4c4734bdccf8a86ce61fef46486d15b44258b80634bcb84fb6e7023be8c04,official_race_marker_verified,2200,flat,turf,,right,1.0,Maiden,0.0,0,22002016メモリアルキタサンブラックカップ発走15時05分(芝・右)3歳以上、3勝クラス、除未出走馬および未勝利馬;負担重量は、ハンデキャップ賞品
202609040711,2026,阪神,4,7,11,2026-09-21,https://www.jra.go.jp/datafile/seiseki/report/2026/2026-4hanshin7.pdf,7cd4c4734bdccf8a86ce61fef46486d15b44258b80634bcb84fb6e7023be8c04,official_race_marker_verified,2400,flat,turf,outer,right,0.0,Open,1.0,1,2400第74回神戸新聞杯(GII)発走15時45分(菊花賞トライアル)(芝・右・外)牡・牝、3歳、除未出走馬および未勝利馬;負担重量は、馬齢重量神戸新聞社賞(1着)賞品
202609040712,2026,阪神,4,7,12,2026-09-21,https://www.jra.go.jp/datafile/seiseki/report/2026/2026-4hanshin7.pdf,7cd4c4734bdccf8a86ce61fef46486d15b44258b80634bcb84fb6e7023be8c04,official_race_marker_verified,1400,flat,dirt,,right,,Class1,0.0,0,14003歳以上1勝クラス発走16時30分(ダート・右)負担重量は、3歳564歳以上58、牝馬2減
202609040801,2026,阪神,4,8,1,2026-09-26,https://www.jra.go.jp/datafile/seiseki/report/2026/2026-4hanshin8.pdf,fbb2fc582229382183ea309cc77ad3a8fce7e5125bd4eff21fa4a769ae590e45,official_race_marker_verified,1400,flat,dirt,,right,0.0,Maiden,0.0,0,14002歳未勝利発走10時00分(ダート・右)負担重量は、馬齢重量
202609040802,2026,阪神,4,8,2,2026-09-26,https://www.jra.go.jp/datafile/seiseki/report/2026/2026-4hanshin8.pdf,fbb2fc582229382183ea309cc77ad3a8fce7e5125bd4eff21fa4a769ae590e45,official_race_marker_verified,1800,flat,dirt,,right,0.0,Maiden,0.0,0,18002歳未勝利発走10時30分(ダート・右)負担重量は、馬齢重量
202609040803,2026,阪神,4,8,3,2026-09-26,https://www.jra.go.jp/datafile/seiseki/report/2026/2026-4hanshin8.pdf,fbb2fc582229382183ea309cc77ad3a8fce7e5125bd4eff21fa4a769ae590e45,official_race_marker_verified,1400,flat,turf,,right,0.0,Maiden,0.0,0,14002歳未勝利発走11時00分(芝・右)牝;負担重量は、馬齢重量
202609040804,2026,阪神,4,8,4,2026-09-26,https://www.jra.go.jp/datafile/seiseki/report/2026/2026-4hanshin8.pdf,fbb2fc582229382183ea309cc77ad3a8fce7e5125bd4eff21fa4a769ae590e45,official_race_marker_verified,1600,flat,turf,outer,right,0.0,Newcomer,0.0,0,16002歳新馬発走11時35分(芝・右・外)負担重量は、馬齢重量
202609040805,2026,阪神,4,8,5,2026-09-26,https://www.jra.go.jp/datafile/seiseki/report/2026/2026-4hanshin8.pdf,fbb2fc582229382183ea309cc77ad3a8fce7e5125bd4eff21fa4a769ae590e45,official_race_marker_verified,2000,flat,turf,,right,0.0,Newcomer,0.0,0,20002歳新馬発走12時25分(芝・右)負担重量は、馬齢重量
202609040806,2026,阪神,4,8,6,2026-09-26,https://www.jra.go.jp/datafile/seiseki/report/2026/2026-4hanshin8.pdf,fbb2fc582229382183ea309cc77ad3a8fce7e5125bd4eff21fa4a769ae590e45,official_race_marker_verified,1800,flat,dirt,,right,,Class1,0.0,0,18003歳以上1勝クラス発走12時55分(ダート・右)負担重量は、3歳554歳以上58、牝馬2減
202609040807,2026,阪神,4,8,7,2026-09-26,https://www.jra.go.jp/datafile/seiseki/report/2026/2026-4hanshin8.pdf,fbb2fc582229382183ea309cc77ad3a8fce7e5125bd4eff21fa4a769ae590e45,official_race_marker_verified,1600,flat,turf,outer,right,,Class1,0.0,0,16003歳以上1勝クラス発走13時25分(芝・右・外)負担重量は、3歳564歳以上58、牝馬2減
202609040808,2026,阪神,4,8,8,2026-09-26,https://www.jra.go.jp/datafile/seiseki/report/2026/2026-4hanshin8.pdf,fbb2fc582229382183ea309cc77ad3a8fce7e5125bd4eff21fa4a769ae590e45,official_race_marker_verified,2200,flat,turf,,right,,Class1,0.0,0,22003歳以上1勝クラス発走13時55分(芝・右)負担重量は、3歳554歳以上58、牝馬2減
202609040809,2026,阪神,4,8,9,2026-09-26,https://www.jra.go.jp/datafile/seiseki/report/2026/2026-4hanshin8.pdf,fbb2fc582229382183ea309cc77ad3a8fce7e5125bd4eff21fa4a769ae590e45,official_race_marker_verified,1400,flat,dirt,,right,0.0,Class1,0.0,0,1400ヤマボウシ賞発走14時25分(ダート・右)2歳、1勝クラス;負担重量は、馬齢重量賞品
202609040810,2026,阪神,4,8,10,2026-09-26,https://www.jra.go.jp/datafile/seiseki/report/2026/2026-4hanshin8.pdf,fbb2fc582229382183ea309cc77ad3a8fce7e5125bd4eff21fa4a769ae590e45,official_race_marker_verified,1600,flat,turf,outer,right,,Class2,0.0,0,1600のわき野分特別発走15時05分(芝・右・外)3歳以上、2勝クラス;負担重量は、3歳564歳以上58、牝馬2減賞品
202609040811,2026,阪神,4,8,11,2026-09-26,https://www.jra.go.jp/datafile/seiseki/report/2026/2026-4hanshin8.pdf,fbb2fc582229382183ea309cc77ad3a8fce7e5125bd4eff21fa4a769ae590e45,official_race_marker_verified,2000,flat,dirt,,right,1.0,Open,1.0,1,2000第30回シリウスステークス(GIII)発走15時45分(ダート・右)3歳以上、除未出走馬および未勝利馬;負担重量は、ハンデキャップ地方競馬全国協会理事長賞(1着)賞品
202609040812,2026,阪神,4,8,12,2026-09-26,https://www.jra.go.jp/datafile/seiseki/report/2026/2026-4hanshin8.pdf,fbb2fc582229382183ea309cc77ad3a8fce7e5125bd4eff21fa4a769ae590e45,official_race_marker_verified,1200,flat,dirt,,right,,Class2,0.0,0,12003歳以上2勝クラス発走16時30分(ダート・右)負担重量は、3歳564歳以上58、牝馬2減
202609040901,2026,阪神,4,9,1,2026-09-27,https://www.jra.go.jp/datafile/seiseki/report/2026/2026-4hanshin9.pdf,ddaf687d0ae238e375fe40dff6aa487ae4f6f16bbbe29748bf455d32c1e0ac47,official_race_marker_verified,2970,obstacle,turf,,,,Maiden,0.0,0,2970障害3歳以上未勝利発走9時45分(芝・ダート)負担重量は、3歳584歳以上60、牝馬2減
202609040902,2026,阪神,4,9,2,2026-09-27,https://www.jra.go.jp/datafile/seiseki/report/2026/2026-4hanshin9.pdf,ddaf687d0ae238e375fe40dff6aa487ae4f6f16bbbe29748bf455d32c1e0ac47,official_race_marker_verified,1600,flat,turf,outer,right,0.0,Maiden,0.0,0,16002歳未勝利発走10時20分(芝・右・外)負担重量は、馬齢重量
202609040903,2026,阪神,4,9,3,2026-09-27,https://www.jra.go.jp/datafile/seiseki/report/2026/2026-4hanshin9.pdf,ddaf687d0ae238e375fe40dff6aa487ae4f6f16bbbe29748bf455d32c1e0ac47,official_race_marker_verified,1800,flat,dirt,,right,0.0,Maiden,0.0,0,18002歳未勝利発走10時50分(ダート・右)負担重量は、馬齢重量
202609040904,2026,阪神,4,9,4,2026-09-27,https://www.jra.go.jp/datafile/seiseki/report/2026/2026-4hanshin9.pdf,ddaf687d0ae238e375fe40dff6aa487ae4f6f16bbbe29748bf455d32c1e0ac47,official_race_marker_verified,2000,flat,turf,,right,0.0,Maiden,0.0,0,20002歳未勝利発走11時20分(芝・右)負担重量は、馬齢重量
202609040905,2026,阪神,4,9,5,2026-09-27,https://www.jra.go.jp/datafile/seiseki/report/2026/2026-4hanshin9.pdf,ddaf687d0ae238e375fe40dff6aa487ae4f6f16bbbe29748bf455d32c1e0ac47,official_race_marker_verified,1400,flat,turf,,right,0.0,Newcomer,0.0,0,14002歳新馬発走12時10分(芝・右)負担重量は、馬齢重量
202609040906,2026,阪神,4,9,6,2026-09-27,https://www.jra.go.jp/datafile/seiseki/report/2026/2026-4hanshin9.pdf,ddaf687d0ae238e375fe40dff6aa487ae4f6f16bbbe29748bf455d32c1e0ac47,official_race_marker_verified,1800,flat,dirt,,right,0.0,Newcomer,0.0,0,18002歳新馬発走12時40分(ダート・右)負担重量は、馬齢重量
202609040907,2026,阪神,4,9,7,2026-09-27,https://www.jra.go.jp/datafile/seiseki/report/2026/2026-4hanshin9.pdf,ddaf687d0ae238e375fe40dff6aa487ae4f6f16bbbe29748bf455d32c1e0ac47,official_race_marker_verified,1400,flat,dirt,,right,,Class1,0.0,0,14003歳以上1勝クラス発走13時10分(ダート・右)負担重量は、3歳564歳以上58、牝馬2減
202609040908,2026,阪神,4,9,8,2026-09-27,https://www.jra.go.jp/datafile/seiseki/report/2026/2026-4hanshin9.pdf,ddaf687d0ae238e375fe40dff6aa487ae4f6f16bbbe29748bf455d32c1e0ac47,official_race_marker_verified,1800,flat,turf,outer,right,,Class1,0.0,0,18003歳以上1勝クラス発走13時40分(芝・右・外)牝;負担重量は、3歳534歳以上56
202609040909,2026,阪神,4,9,9,2026-09-27,https://www.jra.go.jp/datafile/seiseki/report/2026/2026-4hanshin9.pdf,ddaf687d0ae238e375fe40dff6aa487ae4f6f16bbbe29748bf455d32c1e0ac47,official_race_marker_verified,2400,flat,turf,outer,right,1.0,Class2,0.0,0,2400ひょうご兵庫特別発走14時10分(芝・右・外)3歳以上、2勝クラス;負担重量は、ハンデキャップ賞品
202609040910,2026,阪神,4,9,10,2026-09-27,https://www.jra.go.jp/datafile/seiseki/report/2026/2026-4hanshin9.pdf,ddaf687d0ae238e375fe40dff6aa487ae4f6f16bbbe29748bf455d32c1e0ac47,official_race_marker_verified,1800,flat,dirt,,right,,Maiden,0.0,0,1800さかい堺ステークス発走14時45分(ダート・右)3歳以上、3勝クラス、除未出走馬および未勝利馬;負担重量は、3歳554歳以上58、牝馬2減賞品
202609040911,2026,阪神,4,9,11,2026-09-27,https://www.jra.go.jp/datafile/seiseki/report/2026/2026-4hanshin9.pdf,ddaf687d0ae238e375fe40dff6aa487ae4f6f16bbbe29748bf455d32c1e0ac47,official_race_marker_verified,1600,flat,turf,outer,right,,Maiden,0.0,0,1600ポートアイランドステークス(L)発走15時20分(芝・右・外)3歳以上、除未出走馬および未勝利馬;負担重量は、日本馬:3歳554歳以上57、牝馬2減、収得賞金1600万円超過馬は超過額1200万円毎1増、:3歳554歳以上57、牝馬2減、GI競走1着馬5増、GII競走1着馬3増、GIII競走1着馬1増(ただし2歳時の成績を除く)賞品
202609040912,2026,阪神,4,9,12,2026-09-27,https://www.jra.go.jp/datafile/seiseki/report/2026/2026-4hanshin9.pdf,ddaf687d0ae238e375fe40dff6aa487ae4f6f16bbbe29748bf455d32c1e0ac47,official_race_marker_verified,2000,flat,dirt,,right,,Class2,0.0,0,20003歳以上2勝クラス発走16時05分(ダート・右)負担重量は、3歳554歳以上58、牝馬2減
202610010101,2026,小倉,1,1,1,2026-01-24,https://www.jra.go.jp/datafile/seiseki/report/2026/2026-1kokura1.pdf,f4ff54e08e0c058db6cbc05171b5df3ea47034256c544850987e4338601675a4,official_race_marker_verified,1700,flat,dirt,,right,0.0,Maiden,0.0,0,17003歳未勝利発走10時05分(ダート・右)負担重量は、馬齢重量
202610010102,2026,小倉,1,1,2,2026-01-24,https://www.jra.go.jp/datafile/seiseki/report/2026/2026-1kokura1.pdf,f4ff54e08e0c058db6cbc05171b5df3ea47034256c544850987e4338601675a4,official_race_marker_verified,1800,flat,turf,,right,0.0,Maiden,0.0,0,18003歳未勝利発走10時35分(芝・右)負担重量は、馬齢重量
202610010103,2026,小倉,1,1,3,2026-01-24,https://www.jra.go.jp/datafile/seiseki/report/2026/2026-1kokura1.pdf,f4ff54e08e0c058db6cbc05171b5df3ea47034256c544850987e4338601675a4,official_race_marker_verified,1000,flat,dirt,,right,0.0,Maiden,0.0,0,10003歳未勝利発走11時05分(ダート・右)負担重量は、馬齢重量
202610010104,2026,小倉,1,1,4,2026-01-24,https://www.jra.go.jp/datafile/seiseki/report/2026/2026-1kokura1.pdf,f4ff54e08e0c058db6cbc05171b5df3ea47034256c544850987e4338601675a4,official_race_marker_verified,3390,obstacle,,,,,Open,1.0,0,3390障害4歳以上オープン発走11時35分(番組第5競走を順序変更)(芝)負担重量は、4歳595歳以上60、牝馬2減、収得賞金700万円毎1増
202610010105,2026,小倉,1,1,5,2026-01-24,https://www.jra.go.jp/datafile/seiseki/report/2026/2026-1kokura1.pdf,f4ff54e08e0c058db6cbc05171b5df3ea47034256c544850987e4338601675a4,official_race_marker_verified,2860,obstacle,,,,,Maiden,0.0,0,2860障害4歳以上未勝利発走12時25分(番組第4競走を順序変更)(芝)負担重量は、4歳595歳以上60、牝馬2減
202610010106,2026,小倉,1,1,6,2026-01-24,https://www.jra.go.jp/datafile/seiseki/report/2026/2026-1kokura1.pdf,f4ff54e08e0c058db6cbc05171b5df3ea47034256c544850987e4338601675a4,official_race_marker_verified,2000,flat,turf,,right,0.0,Newcomer,0.0,0,20003歳新馬発走13時00分(芝・右)負担重量は、馬齢重量
202610010107,2026,小倉,1,1,7,2026-01-24,https://www.jra.go.jp/datafile/seiseki/report/2026/2026-1kokura1.pdf,f4ff54e08e0c058db6cbc05171b5df3ea47034256c544850987e4338601675a4,official_race_marker_verified,2600,flat,turf,,right,,Class1,0.0,0,26004歳以上1勝クラス発走13時30分(芝・右)負担重量は、4歳575歳以上58、牝馬2減
202610010108,2026,小倉,1,1,8,2026-01-24,https://www.jra.go.jp/datafile/seiseki/report/2026/2026-1kokura1.pdf,f4ff54e08e0c058db6cbc05171b5df3ea47034256c544850987e4338601675a4,official_race_marker_verified,2400,flat,dirt,,right,,Class1,0.0,0,24004歳以上1勝クラス発走14時00分(ダート・右)負担重量は、4歳575歳以上58、牝馬2減
202610010109,2026,小倉,1,1,9,2026-01-24,https://www.jra.go.jp/datafile/seiseki/report/2026/2026-1kokura1.pdf,f4ff54e08e0c058db6cbc05171b5df3ea47034256c544850987e4338601675a4,official_race_marker_verified,1200,flat,turf,,right,0.0,Class1,0.0,0,1200もえぎ萌黄賞発走14時30分(芝・右)3歳、1勝クラス;負担重量は、馬齢重量賞品
202610010110,2026,小倉,1,1,10,2026-01-24,https://www.jra.go.jp/datafile/seiseki/report/2026/2026-1kokura1.pdf,f4ff54e08e0c058db6cbc05171b5df3ea47034256c544850987e4338601675a4,official_race_marker_verified,2600,flat,turf,,right,,Class2,0.0,0,2600うみなかみち海の中道特別発走15時05分(芝・右)4歳以上、2勝クラス;負担重量は、4歳575歳以上58、牝馬2減賞品
202610010111,2026,小倉,1,1,11,2026-01-24,https://www.jra.go.jp/datafile/seiseki/report/2026/2026-1kokura1.pdf,f4ff54e08e0c058db6cbc05171b5df3ea47034256c544850987e4338601675a4,official_race_marker_verified,2000,flat,turf,,right,1.0,Open,1.0,1,2000第2回小倉牝馬ステークス(GIII)発走15時45分(芝・右)牝、4歳以上、除未出走馬および未勝利馬;負担重量は、ハンデキャップ賞品
202610010112,2026,小倉,1,1,12,2026-01-24,https://www.jra.go.jp/datafile/seiseki/report/2026/2026-1kokura1.pdf,f4ff54e08e0c058db6cbc05171b5df3ea47034256c544850987e4338601675a4,official_race_marker_verified,1700,flat,dirt,,right,,Class1,0.0,0,17004歳以上1勝クラス発走16時25分(ダート・右)負担重量は、4歳575歳以上58、牝馬2減
202610011001,2026,小倉,1,10,1,2026-02-22,https://www.jra.go.jp/datafile/seiseki/report/2026/2026-1kokura10.pdf,16bb81edc43b6e8daf7764889b8c4e7d2d38c358577629fda2e030bfe61926d5,official_race_marker_verified,1700,flat,dirt,,right,0.0,Maiden,0.0,0,17003歳未勝利発走9時45分(ダート・右)牝;負担重量は、馬齢重量
202610011002,2026,小倉,1,10,2,2026-02-22,https://www.jra.go.jp/datafile/seiseki/report/2026/2026-1kokura10.pdf,16bb81edc43b6e8daf7764889b8c4e7d2d38c358577629fda2e030bfe61926d5,official_race_marker_verified,1200,flat,turf,,right,0.0,Maiden,0.0,0,12003歳未勝利発走10時15分(芝・右)負担重量は、馬齢重量
202610011003,2026,小倉,1,10,3,2026-02-22,https://www.jra.go.jp/datafile/seiseki/report/2026/2026-1kokura10.pdf,16bb81edc43b6e8daf7764889b8c4e7d2d38c358577629fda2e030bfe61926d5,official_race_marker_verified,1000,flat,dirt,,right,,Class1,0.0,0,10004歳以上1勝クラス発走10時45分(ダート・右)負担重量は、58、牝馬2減
202610011004,2026,小倉,1,10,4,2026-02-22,https://www.jra.go.jp/datafile/seiseki/report/2026/2026-1kokura10.pdf,16bb81edc43b6e8daf7764889b8c4e7d2d38c358577629fda2e030bfe61926d5,official_race_marker_verified,2860,obstacle,,,,,Maiden,0.0,0,2860障害4歳以上未勝利発走11時15分(芝)負担重量は、4歳595歳以上60、牝馬2減
202610011005,2026,小倉,1,10,5,2026-02-22,https://www.jra.go.jp/datafile/seiseki/report/2026/2026-1kokura10.pdf,16bb81edc43b6e8daf7764889b8c4e7d2d38c358577629fda2e030bfe61926d5,official_race_marker_verified,2000,flat,turf,,right,0.0,Maiden,0.0,0,20003歳未勝利発走12時05分(芝・右)負担重量は、馬齢重量
202610011006,2026,小倉,1,10,6,2026-02-22,https://www.jra.go.jp/datafile/seiseki/report/2026/2026-1kokura10.pdf,16bb81edc43b6e8daf7764889b8c4e7d2d38c358577629fda2e030bfe61926d5,official_race_marker_verified,1800,flat,turf,,right,0.0,Maiden,0.0,0,18003歳未勝利発走12時35分(芝・右)牝;負担重量は、馬齢重量
202610011007,2026,小倉,1,10,7,2026-02-22,https://www.jra.go.jp/datafile/seiseki/report/2026/2026-1kokura10.pdf,16bb81edc43b6e8daf7764889b8c4e7d2d38c358577629fda2e030bfe61926d5,official_race_marker_verified,1700,flat,dirt,,right,,Class1,0.0,0,17004歳以上1勝クラス発走13時05分(ダート・右)負担重量は、4歳575歳以上58、牝馬2減
202610011008,2026,小倉,1,10,8,2026-02-22,https://www.jra.go.jp/datafile/seiseki/report/2026/2026-1kokura10.pdf,16bb81edc43b6e8daf7764889b8c4e7d2d38c358577629fda2e030bfe61926d5,official_race_marker_verified,2000,flat,turf,,right,,Class1,0.0,0,20004歳以上1勝クラス発走13時35分(芝・右)負担重量は、4歳575歳以上58、牝馬2減
202610011009,2026,小倉,1,10,9,2026-02-22,https://www.jra.go.jp/datafile/seiseki/report/2026/2026-1kokura10.pdf,16bb81edc43b6e8daf7764889b8c4e7d2d38c358577629fda2e030bfe61926d5,official_race_marker_verified,1800,flat,turf,,right,,Class1,0.0,0,1800たかちほ高千穂特別発走14時05分(芝・右)4歳以上、1勝クラス;負担重量は、4歳575歳以上58、牝馬2減賞品
202610011010,2026,小倉,1,10,10,2026-02-22,https://www.jra.go.jp/datafile/seiseki/report/2026/2026-1kokura10.pdf,16bb81edc43b6e8daf7764889b8c4e7d2d38c358577629fda2e030bfe61926d5,official_race_marker_verified,1700,flat,dirt,,right,,Class2,0.0,0,1700めかり和布刈特別発走14時40分(ダート・右)4歳以上、2勝クラス;負担重量は、4歳575歳以上58、牝馬2減賞品
202610011011,2026,小倉,1,10,11,2026-02-22,https://www.jra.go.jp/datafile/seiseki/report/2026/2026-1kokura10.pdf,16bb81edc43b6e8daf7764889b8c4e7d2d38c358577629fda2e030bfe61926d5,official_race_marker_verified,1800,flat,turf,,right,1.0,Open,1.0,1,1800第60回小倉大賞典(GIII)発走15時15分(芝・右)4歳以上、除未出走馬および未勝利馬;負担重量は、ハンデキャップ福岡県知事賞(1着)賞品
202610011012,2026,小倉,1,10,12,2026-02-22,https://www.jra.go.jp/datafile/seiseki/report/2026/2026-1kokura10.pdf,16bb81edc43b6e8daf7764889b8c4e7d2d38c358577629fda2e030bfe61926d5,official_race_marker_verified,1200,flat,turf,,right,,Class1,0.0,0,12004歳以上1勝クラス発走16時00分(芝・右)牝;負担重量は、56
202610011101,2026,小倉,1,11,1,2026-02-28,https://www.jra.go.jp/datafile/seiseki/report/2026/2026-1kokura11.pdf,08a730ef60a9a28917ba34bb35b81839c694648b315be907d4b7ae98f67d5908,official_race_marker_verified,1700,flat,dirt,,right,0.0,Maiden,0.0,0,17003歳未勝利発走9時45分(ダート・右)牝;負担重量は、馬齢重量
202610011102,2026,小倉,1,11,2,2026-02-28,https://www.jra.go.jp/datafile/seiseki/report/2026/2026-1kokura11.pdf,08a730ef60a9a28917ba34bb35b81839c694648b315be907d4b7ae98f67d5908,official_race_marker_verified,1200,flat,turf,,right,0.0,Maiden,0.0,0,12003歳未勝利発走10時15分(芝・右)負担重量は、馬齢重量
202610011103,2026,小倉,1,11,3,2026-02-28,https://www.jra.go.jp/datafile/seiseki/report/2026/2026-1kokura11.pdf,08a730ef60a9a28917ba34bb35b81839c694648b315be907d4b7ae98f67d5908,official_race_marker_verified,1000,flat,dirt,,right,,Class1,0.0,0,10004歳以上1勝クラス発走10時45分(ダート・右)負担重量は、58、牝馬2減
202610011104,2026,小倉,1,11,4,2026-02-28,https://www.jra.go.jp/datafile/seiseki/report/2026/2026-1kokura11.pdf,08a730ef60a9a28917ba34bb35b81839c694648b315be907d4b7ae98f67d5908,official_race_marker_verified,2860,obstacle,,,,,Maiden,0.0,0,2860障害4歳以上未勝利発走11時15分(芝)負担重量は、4歳595歳以上60、牝馬2減
202610011105,2026,小倉,1,11,5,2026-02-28,https://www.jra.go.jp/datafile/seiseki/report/2026/2026-1kokura11.pdf,08a730ef60a9a28917ba34bb35b81839c694648b315be907d4b7ae98f67d5908,official_race_marker_verified,2860,obstacle,,,,,Open,1.0,0,2860障害4歳以上オープン発走12時05分(芝)負担重量は、4歳595歳以上60、牝馬2減、収得賞金400万円超過馬は超過額300万円毎1増
202610011106,2026,小倉,1,11,6,2026-02-28,https://www.jra.go.jp/datafile/seiseki/report/2026/2026-1kokura11.pdf,08a730ef60a9a28917ba34bb35b81839c694648b315be907d4b7ae98f67d5908,official_race_marker_verified,2000,flat,turf,,right,0.0,Maiden,0.0,0,20003歳未勝利発走12時40分(芝・右)負担重量は、馬齢重量
202610011107,2026,小倉,1,11,7,2026-02-28,https://www.jra.go.jp/datafile/seiseki/report/2026/2026-1kokura11.pdf,08a730ef60a9a28917ba34bb35b81839c694648b315be907d4b7ae98f67d5908,official_race_marker_verified,1700,flat,dirt,,right,0.0,Class1,0.0,0,17003歳1勝クラス発走13時10分(ダート・右)負担重量は、馬齢重量
202610011108,2026,小倉,1,11,8,2026-02-28,https://www.jra.go.jp/datafile/seiseki/report/2026/2026-1kokura11.pdf,08a730ef60a9a28917ba34bb35b81839c694648b315be907d4b7ae98f67d5908,official_race_marker_verified,2000,flat,turf,,right,,Class1,0.0,0,20004歳以上1勝クラス発走13時40分(芝・右)牝;負担重量は、4歳555歳以上56
202610011109,2026,小倉,1,11,9,2026-02-28,https://www.jra.go.jp/datafile/seiseki/report/2026/2026-1kokura11.pdf,08a730ef60a9a28917ba34bb35b81839c694648b315be907d4b7ae98f67d5908,official_race_marker_verified,2600,flat,turf,,right,,Class1,0.0,0,2600せふりさん脊振山特別発走14時10分(芝・右)4歳以上、1勝クラス;負担重量は、4歳575歳以上58、牝馬2減賞品
202610011110,2026,小倉,1,11,10,2026-02-28,https://www.jra.go.jp/datafile/seiseki/report/2026/2026-1kokura11.pdf,08a730ef60a9a28917ba34bb35b81839c694648b315be907d4b7ae98f67d5908,official_race_marker_verified,1700,flat,dirt,,right,1.0,Class2,0.0,0,1700はやとも早鞆特別発走14時45分(ダート・右)4歳以上、2勝クラス;負担重量は、ハンデキャップ賞品
202610011111,2026,小倉,1,11,11,2026-02-28,https://www.jra.go.jp/datafile/seiseki/report/2026/2026-1kokura11.pdf,08a730ef60a9a28917ba34bb35b81839c694648b315be907d4b7ae98f67d5908,official_race_marker_verified,2000,flat,turf,,right,,Class2,0.0,0,2000べっぷ別府特別発走15時20分(芝・右)4歳以上、2勝クラス;負担重量は、4歳575歳以上58、牝馬2減賞品
202610011112,2026,小倉,1,11,12,2026-02-28,https://www.jra.go.jp/datafile/seiseki/report/2026/2026-1kokura11.pdf,08a730ef60a9a28917ba34bb35b81839c694648b315be907d4b7ae98f67d5908,official_race_marker_verified,1200,flat,turf,,right,,Class1,0.0,0,12004歳以上1勝クラス発走16時00分(芝・右)負担重量は、58、牝馬2減
202610011201,2026,小倉,1,12,1,2026-03-01,https://www.jra.go.jp/datafile/seiseki/report/2026/2026-1kokura12.pdf,16fd63cd674a2e7ebc5bcfd5c28ea561181bdb7ee081aae1953d533f19d4eb93,official_race_marker_verified,1700,flat,dirt,,right,0.0,Maiden,0.0,0,17003歳未勝利発走9時45分(ダート・右)負担重量は、馬齢重量
202610011202,2026,小倉,1,12,2,2026-03-01,https://www.jra.go.jp/datafile/seiseki/report/2026/2026-1kokura12.pdf,16fd63cd674a2e7ebc5bcfd5c28ea561181bdb7ee081aae1953d533f19d4eb93,official_race_marker_verified,2000,flat,turf,,right,0.0,Maiden,0.0,0,20003歳未勝利発走10時15分(芝・右)牝;負担重量は、馬齢重量
202610011203,2026,小倉,1,12,3,2026-03-01,https://www.jra.go.jp/datafile/seiseki/report/2026/2026-1kokura12.pdf,16fd63cd674a2e7ebc5bcfd5c28ea561181bdb7ee081aae1953d533f19d4eb93,official_race_marker_verified,1000,flat,dirt,,right,0.0,Maiden,0.0,0,10003歳未勝利発走10時45分(ダート・右)負担重量は、馬齢重量
202610011204,2026,小倉,1,12,4,2026-03-01,https://www.jra.go.jp/datafile/seiseki/report/2026/2026-1kokura12.pdf,16fd63cd674a2e7ebc5bcfd5c28ea561181bdb7ee081aae1953d533f19d4eb93,official_race_marker_verified,2860,obstacle,,,,,Maiden,0.0,0,2860障害4歳以上未勝利発走11時15分(芝)負担重量は、4歳595歳以上60、牝馬2減
202610011205,2026,小倉,1,12,5,2026-03-01,https://www.jra.go.jp/datafile/seiseki/report/2026/2026-1kokura12.pdf,16fd63cd674a2e7ebc5bcfd5c28ea561181bdb7ee081aae1953d533f19d4eb93,official_race_marker_verified,1200,flat,turf,,right,0.0,Maiden,0.0,0,12003歳未勝利発走12時05分(芝・右)負担重量は、馬齢重量
202610011206,2026,小倉,1,12,6,2026-03-01,https://www.jra.go.jp/datafile/seiseki/report/2026/2026-1kokura12.pdf,16fd63cd674a2e7ebc5bcfd5c28ea561181bdb7ee081aae1953d533f19d4eb93,official_race_marker_verified,1800,flat,turf,,right,0.0,Maiden,0.0,0,18003歳未勝利発走12時35分(芝・右)負担重量は、馬齢重量
202610011207,2026,小倉,1,12,7,2026-03-01,https://www.jra.go.jp/datafile/seiseki/report/2026/2026-1kokura12.pdf,16fd63cd674a2e7ebc5bcfd5c28ea561181bdb7ee081aae1953d533f19d4eb93,official_race_marker_verified,1200,flat,turf,,right,,Class1,0.0,0,12004歳以上1勝クラス発走13時05分(芝・右)負担重量は、58、牝馬2減
202610011208,2026,小倉,1,12,8,2026-03-01,https://www.jra.go.jp/datafile/seiseki/report/2026/2026-1kokura12.pdf,16fd63cd674a2e7ebc5bcfd5c28ea561181bdb7ee081aae1953d533f19d4eb93,official_race_marker_verified,1700,flat,dirt,,right,,Class1,0.0,0,17004歳以上1勝クラス発走13時35分(ダート・右)牝;負担重量は、4歳555歳以上56
202610011209,2026,小倉,1,12,9,2026-03-01,https://www.jra.go.jp/datafile/seiseki/report/2026/2026-1kokura12.pdf,16fd63cd674a2e7ebc5bcfd5c28ea561181bdb7ee081aae1953d533f19d4eb93,official_race_marker_verified,2000,flat,turf,,right,,Class1,0.0,0,2000からと唐戸特別発走14時05分(芝・右)4歳以上、1勝クラス;負担重量は、4歳575歳以上58、牝馬2減賞品
202610011210,2026,小倉,1,12,10,2026-03-01,https://www.jra.go.jp/datafile/seiseki/report/2026/2026-1kokura12.pdf,16fd63cd674a2e7ebc5bcfd5c28ea561181bdb7ee081aae1953d533f19d4eb93,official_race_marker_verified,1200,flat,turf,,right,,Class2,0.0,0,1200西日本新聞杯発走14時40分(芝・右)4歳以上、2勝クラス;負担重量は、58、牝馬2減西日本新聞社賞(1着)賞品
202610011211,2026,小倉,1,12,11,2026-03-01,https://www.jra.go.jp/datafile/seiseki/report/2026/2026-1kokura12.pdf,16fd63cd674a2e7ebc5bcfd5c28ea561181bdb7ee081aae1953d533f19d4eb93,official_race_marker_verified,2000,flat,turf,,right,,Maiden,0.0,0,2000かんもんきょう関門橋ステークス発走15時15分(芝・右)4歳以上、3勝クラス、除未出走馬および未勝利馬;負担重量は、4歳575歳以上58、牝馬2減賞品
202610011212,2026,小倉,1,12,12,2026-03-01,https://www.jra.go.jp/datafile/seiseki/report/2026/2026-1kokura12.pdf,16fd63cd674a2e7ebc5bcfd5c28ea561181bdb7ee081aae1953d533f19d4eb93,official_race_marker_verified,1700,flat,dirt,,right,,Class1,0.0,0,17004歳以上1勝クラス発走16時00分(ダート・右)負担重量は、4歳575歳以上58、牝馬2減
202610010201,2026,小倉,1,2,1,2026-01-25,https://www.jra.go.jp/datafile/seiseki/report/2026/2026-1kokura2.pdf,4d2245d1408acf7f53a9350de5b174a19747eeeff53fbe8d27d7ac29e6a8777f,official_race_marker_verified,1700,flat,dirt,,right,0.0,Maiden,0.0,0,17003歳未勝利発走9時45分(ダート・右)牝;負担重量は、馬齢重量
202610010202,2026,小倉,1,2,2,2026-01-25,https://www.jra.go.jp/datafile/seiseki/report/2026/2026-1kokura2.pdf,4d2245d1408acf7f53a9350de5b174a19747eeeff53fbe8d27d7ac29e6a8777f,official_race_marker_verified,1200,flat,turf,,right,0.0,Maiden,0.0,0,12003歳未勝利発走10時15分(芝・右)負担重量は、馬齢重量
202610010203,2026,小倉,1,2,3,2026-01-25,https://www.jra.go.jp/datafile/seiseki/report/2026/2026-1kokura2.pdf,4d2245d1408acf7f53a9350de5b174a19747eeeff53fbe8d27d7ac29e6a8777f,official_race_marker_verified,1000,flat,dirt,,right,,Class1,0.0,0,10004歳以上1勝クラス発走10時45分(ダート・右)負担重量は、58、牝馬2減
202610010204,2026,小倉,1,2,4,2026-01-25,https://www.jra.go.jp/datafile/seiseki/report/2026/2026-1kokura2.pdf,4d2245d1408acf7f53a9350de5b174a19747eeeff53fbe8d27d7ac29e6a8777f,official_race_marker_verified,2860,obstacle,,,,,Maiden,0.0,0,2860障害4歳以上未勝利発走11時15分(芝)負担重量は、4歳595歳以上60、牝馬2減
202610010205,2026,小倉,1,2,5,2026-01-25,https://www.jra.go.jp/datafile/seiseki/report/2026/2026-1kokura2.pdf,4d2245d1408acf7f53a9350de5b174a19747eeeff53fbe8d27d7ac29e6a8777f,official_race_marker_verified,1200,flat,turf,,right,0.0,Newcomer,0.0,0,12003歳新馬発走12時05分(芝・右)負担重量は、馬齢重量
202610010206,2026,小倉,1,2,6,2026-01-25,https://www.jra.go.jp/datafile/seiseki/report/2026/2026-1kokura2.pdf,4d2245d1408acf7f53a9350de5b174a19747eeeff53fbe8d27d7ac29e6a8777f,official_race_marker_verified,1700,flat,dirt,,right,0.0,Maiden,0.0,0,17003歳未勝利発走12時35分(ダート・右)負担重量は、馬齢重量
202610010207,2026,小倉,1,2,7,2026-01-25,https://www.jra.go.jp/datafile/seiseki/report/2026/2026-1kokura2.pdf,4d2245d1408acf7f53a9350de5b174a19747eeeff53fbe8d27d7ac29e6a8777f,official_race_marker_verified,2000,flat,turf,,right,0.0,Maiden,0.0,0,20003歳未勝利発走13時05分(芝・右)負担重量は、馬齢重量
202610010208,2026,小倉,1,2,8,2026-01-25,https://www.jra.go.jp/datafile/seiseki/report/2026/2026-1kokura2.pdf,4d2245d1408acf7f53a9350de5b174a19747eeeff53fbe8d27d7ac29e6a8777f,official_race_marker_verified,1800,flat,turf,,right,,Class1,0.0,0,18004歳以上1勝クラス発走13時35分(芝・右)牝;負担重量は、4歳555歳以上56
202610010209,2026,小倉,1,2,9,2026-01-25,https://www.jra.go.jp/datafile/seiseki/report/2026/2026-1kokura2.pdf,4d2245d1408acf7f53a9350de5b174a19747eeeff53fbe8d27d7ac29e6a8777f,official_race_marker_verified,1200,flat,turf,,right,,Class1,0.0,0,1200やはた八幡特別発走14時05分(芝・右)4歳以上、1勝クラス;負担重量は、58、牝馬2減賞品
202610010210,2026,小倉,1,2,10,2026-01-25,https://www.jra.go.jp/datafile/seiseki/report/2026/2026-1kokura2.pdf,4d2245d1408acf7f53a9350de5b174a19747eeeff53fbe8d27d7ac29e6a8777f,official_race_marker_verified,1700,flat,dirt,,right,,Class2,0.0,0,1700ひびきなだ響灘特別発走14時40分(ダート・右)4歳以上、2勝クラス;負担重量は、4歳575歳以上58、牝馬2減賞品
202610010211,2026,小倉,1,2,11,2026-01-25,https://www.jra.go.jp/datafile/seiseki/report/2026/2026-1kokura2.pdf,4d2245d1408acf7f53a9350de5b174a19747eeeff53fbe8d27d7ac29e6a8777f,official_race_marker_verified,1800,flat,turf,,right,,Maiden,0.0,0,1800だんのうら壇之浦ステークス発走15時15分(芝・右)4歳以上、3勝クラス、除未出走馬および未勝利馬;負担重量は、4歳575歳以上58、牝馬2減賞品
202610010212,2026,小倉,1,2,12,2026-01-25,https://www.jra.go.jp/datafile/seiseki/report/2026/2026-1kokura2.pdf,4d2245d1408acf7f53a9350de5b174a19747eeeff53fbe8d27d7ac29e6a8777f,official_race_marker_verified,2000,flat,turf,,right,,Class1,0.0,0,20004歳以上1勝クラス発走16時00分(芝・右)負担重量は、4歳575歳以上58、牝馬2減
202610010301,2026,小倉,1,3,1,2026-01-31,https://www.jra.go.jp/datafile/seiseki/report/2026/2026-1kokura3.pdf,b3465f181248b93462d7c4ed370b3c54d51f5b2bb522e2c5ef0eab86ec620d32,official_race_marker_verified,1000,flat,dirt,,right,0.0,Maiden,0.0,0,10003歳未勝利発走9時45分(ダート・右)負担重量は、馬齢重量
202610010302,2026,小倉,1,3,2,2026-01-31,https://www.jra.go.jp/datafile/seiseki/report/2026/2026-1kokura3.pdf,b3465f181248b93462d7c4ed370b3c54d51f5b2bb522e2c5ef0eab86ec620d32,official_race_marker_verified,2000,flat,turf,,right,0.0,Maiden,0.0,0,20003歳未勝利発走10時15分(芝・右)牝;負担重量は、馬齢重量
202610010303,2026,小倉,1,3,3,2026-01-31,https://www.jra.go.jp/datafile/seiseki/report/2026/2026-1kokura3.pdf,b3465f181248b93462d7c4ed370b3c54d51f5b2bb522e2c5ef0eab86ec620d32,official_race_marker_verified,1700,flat,dirt,,right,,Class1,0.0,0,17004歳以上1勝クラス発走10時45分(ダート・右)負担重量は、4歳575歳以上58、牝馬2減
202610010304,2026,小倉,1,3,4,2026-01-31,https://www.jra.go.jp/datafile/seiseki/report/2026/2026-1kokura3.pdf,b3465f181248b93462d7c4ed370b3c54d51f5b2bb522e2c5ef0eab86ec620d32,official_race_marker_verified,2860,obstacle,,,,,Open,1.0,0,2860障害4歳以上オープン発走11時15分(番組第5競走を順序変更)(芝)負担重量は、4歳595歳以上60、牝馬2減、収得賞金400万円超過馬は超過額300万円毎1増
202610010305,2026,小倉,1,3,5,2026-01-31,https://www.jra.go.jp/datafile/seiseki/report/2026/2026-1kokura3.pdf,b3465f181248b93462d7c4ed370b3c54d51f5b2bb522e2c5ef0eab86ec620d32,official_race_marker_verified,2860,obstacle,,,,,Maiden,0.0,0,2860障害4歳以上未勝利発走12時05分(番組第4競走を順序変更)(芝)負担重量は、4歳595歳以上60、牝馬2減
202610010306,2026,小倉,1,3,6,2026-01-31,https://www.jra.go.jp/datafile/seiseki/report/2026/2026-1kokura3.pdf,b3465f181248b93462d7c4ed370b3c54d51f5b2bb522e2c5ef0eab86ec620d32,official_race_marker_verified,1200,flat,turf,,right,0.0,Maiden,0.0,0,12003歳未勝利発走12時40分(芝・右)若手騎手;負担重量は、馬齢重量
202610010307,2026,小倉,1,3,7,2026-01-31,https://www.jra.go.jp/datafile/seiseki/report/2026/2026-1kokura3.pdf,b3465f181248b93462d7c4ed370b3c54d51f5b2bb522e2c5ef0eab86ec620d32,official_race_marker_verified,1800,flat,turf,,right,0.0,Maiden,0.0,0,18003歳未勝利発走13時10分(芝・右)負担重量は、馬齢重量
202610010308,2026,小倉,1,3,8,2026-01-31,https://www.jra.go.jp/datafile/seiseki/report/2026/2026-1kokura3.pdf,b3465f181248b93462d7c4ed370b3c54d51f5b2bb522e2c5ef0eab86ec620d32,official_race_marker_verified,1200,flat,turf,,right,,Class1,0.0,0,12004歳以上1勝クラス発走13時40分(芝・右)負担重量は、58、牝馬2減
202610010309,2026,小倉,1,3,9,2026-01-31,https://www.jra.go.jp/datafile/seiseki/report/2026/2026-1kokura3.pdf,b3465f181248b93462d7c4ed370b3c54d51f5b2bb522e2c5ef0eab86ec620d32,official_race_marker_verified,1000,flat,dirt,,right,,Class2,0.0,0,1000ありた有田特別発走14時10分(ダート・右)4歳以上、2勝クラス;負担重量は、58、牝馬2減賞品
202610010310,2026,小倉,1,3,10,2026-01-31,https://www.jra.go.jp/datafile/seiseki/report/2026/2026-1kokura3.pdf,b3465f181248b93462d7c4ed370b3c54d51f5b2bb522e2c5ef0eab86ec620d32,official_race_marker_verified,1700,flat,dirt,,right,,Class2,0.0,0,1700ひらおだい平尾台特別発走14時45分(ダート・右)牝、4歳以上、2勝クラス;負担重量は、4歳555歳以上56賞品
202610010311,2026,小倉,1,3,11,2026-01-31,https://www.jra.go.jp/datafile/seiseki/report/2026/2026-1kokura3.pdf,b3465f181248b93462d7c4ed370b3c54d51f5b2bb522e2c5ef0eab86ec620d32,official_race_marker_verified,1200,flat,turf,,right,1.0,Maiden,0.0,0,1200がんりゅうじま巌流島ステークス発走15時20分(芝・右)4歳以上、3勝クラス、除未出走馬および未勝利馬;負担重量は、ハンデキャップ賞品
202610010312,2026,小倉,1,3,12,2026-01-31,https://www.jra.go.jp/datafile/seiseki/report/2026/2026-1kokura3.pdf,b3465f181248b93462d7c4ed370b3c54d51f5b2bb522e2c5ef0eab86ec620d32,official_race_marker_verified,2000,flat,turf,,right,,Class1,0.0,0,20004歳以上1勝クラス発走16時00分(芝・右)負担重量は、4歳575歳以上58、牝馬2減
202610010401,2026,小倉,1,4,1,2026-02-01,https://www.jra.go.jp/datafile/seiseki/report/2026/2026-1kokura4.pdf,1fee1279e0eeb5778fae1cf9ffbfa33ba03d7538862e593fde0716709b183189,official_race_marker_verified,1700,flat,dirt,,right,0.0,Maiden,0.0,0,17003歳未勝利発走9時45分(ダート・右)負担重量は、馬齢重量
202610010402,2026,小倉,1,4,2,2026-02-01,https://www.jra.go.jp/datafile/seiseki/report/2026/2026-1kokura4.pdf,1fee1279e0eeb5778fae1cf9ffbfa33ba03d7538862e593fde0716709b183189,official_race_marker_verified,1200,flat,turf,,right,0.0,Maiden,0.0,0,12003歳未勝利発走10時15分(芝・右)負担重量は、馬齢重量
202610010403,2026,小倉,1,4,3,2026-02-01,https://www.jra.go.jp/datafile/seiseki/report/2026/2026-1kokura4.pdf,1fee1279e0eeb5778fae1cf9ffbfa33ba03d7538862e593fde0716709b183189,official_race_marker_verified,1000,flat,dirt,,right,,Class1,0.0,0,10004歳以上1勝クラス発走10時45分(ダート・右)負担重量は、58、牝馬2減
202610010404,2026,小倉,1,4,4,2026-02-01,https://www.jra.go.jp/datafile/seiseki/report/2026/2026-1kokura4.pdf,1fee1279e0eeb5778fae1cf9ffbfa33ba03d7538862e593fde0716709b183189,official_race_marker_verified,2860,obstacle,,,,,Maiden,0.0,0,2860障害4歳以上未勝利発走11時15分(芝)負担重量は、4歳595歳以上60、牝馬2減
202610010405,2026,小倉,1,4,5,2026-02-01,https://www.jra.go.jp/datafile/seiseki/report/2026/2026-1kokura4.pdf,1fee1279e0eeb5778fae1cf9ffbfa33ba03d7538862e593fde0716709b183189,official_race_marker_verified,1200,flat,turf,,right,0.0,Newcomer,0.0,0,12003歳新馬発走12時05分(芝・右)負担重量は、馬齢重量
202610010406,2026,小倉,1,4,6,2026-02-01,https://www.jra.go.jp/datafile/seiseki/report/2026/2026-1kokura4.pdf,1fee1279e0eeb5778fae1cf9ffbfa33ba03d7538862e593fde0716709b183189,official_race_marker_verified,2000,flat,turf,,right,0.0,Maiden,0.0,0,20003歳未勝利発走12時35分(芝・右)負担重量は、馬齢重量
202610010407,2026,小倉,1,4,7,2026-02-01,https://www.jra.go.jp/datafile/seiseki/report/2026/2026-1kokura4.pdf,1fee1279e0eeb5778fae1cf9ffbfa33ba03d7538862e593fde0716709b183189,official_race_marker_verified,1700,flat,dirt,,right,,Class1,0.0,0,17004歳以上1勝クラス発走13時05分(ダート・右)牝;負担重量は、4歳555歳以上56
202610010408,2026,小倉,1,4,8,2026-02-01,https://www.jra.go.jp/datafile/seiseki/report/2026/2026-1kokura4.pdf,1fee1279e0eeb5778fae1cf9ffbfa33ba03d7538862e593fde0716709b183189,official_race_marker_verified,1800,flat,turf,,right,,Class1,0.0,0,18004歳以上1勝クラス発走13時35分(芝・右)若手騎手;負担重量は、4歳575歳以上58、牝馬2減
202610010409,2026,小倉,1,4,9,2026-02-01,https://www.jra.go.jp/datafile/seiseki/report/2026/2026-1kokura4.pdf,1fee1279e0eeb5778fae1cf9ffbfa33ba03d7538862e593fde0716709b183189,official_race_marker_verified,2600,flat,turf,,right,,Class1,0.0,0,2600あだちやま足立山特別発走14時05分(芝・右)4歳以上、1勝クラス;負担重量は、4歳575歳以上58、牝馬2減賞品
202610010410,2026,小倉,1,4,10,2026-02-01,https://www.jra.go.jp/datafile/seiseki/report/2026/2026-1kokura4.pdf,1fee1279e0eeb5778fae1cf9ffbfa33ba03d7538862e593fde0716709b183189,official_race_marker_verified,1200,flat,turf,,right,,Class2,0.0,0,1200すおうなだ周防灘特別発走14時40分(芝・右)4歳以上、2勝クラス;負担重量は、58、牝馬2減賞品
202610010411,2026,小倉,1,4,11,2026-02-01,https://www.jra.go.jp/datafile/seiseki/report/2026/2026-1kokura4.pdf,1fee1279e0eeb5778fae1cf9ffbfa33ba03d7538862e593fde0716709b183189,official_race_marker_verified,1700,flat,dirt,,right,,Maiden,0.0,0,1700もじ門司ステークス発走15時15分(ダート・右)4歳以上、除未出走馬および未勝利馬;負担重量は、日本馬:4歳565歳以上57、牝馬2減、収得賞金1600万円超過馬は超過額600万円毎1増、:4歳565歳以上57、牝馬2減、GI競走1着馬5増、GII競走1着馬3増、GIII競走1着馬1増(ただし2歳時の成績を除く)賞品
202610010412,2026,小倉,1,4,12,2026-02-01,https://www.jra.go.jp/datafile/seiseki/report/2026/2026-1kokura4.pdf,1fee1279e0eeb5778fae1cf9ffbfa33ba03d7538862e593fde0716709b183189,official_race_marker_verified,1200,flat,turf,,right,,Class1,0.0,0,12004歳以上1勝クラス発走16時00分(芝・右)負担重量は、58、牝馬2減
202610010501,2026,小倉,1,5,1,2026-02-07,https://www.jra.go.jp/datafile/seiseki/report/2026/2026-1kokura5.pdf,32977e51d09f090471c166555a3c5592cd53016914b1a60a34abbe737b35acec,official_race_marker_verified,1700,flat,dirt,,right,0.0,Maiden,0.0,0,17003歳未勝利発走9時45分(ダート・右)牝;負担重量は、馬齢重量
202610010502,2026,小倉,1,5,2,2026-02-07,https://www.jra.go.jp/datafile/seiseki/report/2026/2026-1kokura5.pdf,32977e51d09f090471c166555a3c5592cd53016914b1a60a34abbe737b35acec,official_race_marker_verified,1200,flat,turf,,right,0.0,Maiden,0.0,0,12003歳未勝利発走10時15分(芝・右)負担重量は、馬齢重量
202610010503,2026,小倉,1,5,3,2026-02-07,https://www.jra.go.jp/datafile/seiseki/report/2026/2026-1kokura5.pdf,32977e51d09f090471c166555a3c5592cd53016914b1a60a34abbe737b35acec,official_race_marker_verified,1000,flat,dirt,,right,0.0,Maiden,0.0,0,10003歳未勝利発走10時45分(ダート・右)負担重量は、馬齢重量
202610010504,2026,小倉,1,5,4,2026-02-07,https://www.jra.go.jp/datafile/seiseki/report/2026/2026-1kokura5.pdf,32977e51d09f090471c166555a3c5592cd53016914b1a60a34abbe737b35acec,official_race_marker_verified,2860,obstacle,,,,,Maiden,0.0,0,2860障害4歳以上未勝利発走11時15分(芝)負担重量は、4歳595歳以上60、牝馬2減
202610010505,2026,小倉,1,5,5,2026-02-07,https://www.jra.go.jp/datafile/seiseki/report/2026/2026-1kokura5.pdf,32977e51d09f090471c166555a3c5592cd53016914b1a60a34abbe737b35acec,official_race_marker_verified,2860,obstacle,,,,,Maiden,0.0,0,2860障害4歳以上未勝利発走12時05分(芝)負担重量は、4歳595歳以上60、牝馬2減
202610010506,2026,小倉,1,5,6,2026-02-07,https://www.jra.go.jp/datafile/seiseki/report/2026/2026-1kokura5.pdf,32977e51d09f090471c166555a3c5592cd53016914b1a60a34abbe737b35acec,official_race_marker_verified,2000,flat,turf,,right,0.0,Maiden,0.0,0,20003歳未勝利発走12時40分(芝・右)若手騎手;負担重量は、馬齢重量
202610010507,2026,小倉,1,5,7,2026-02-07,https://www.jra.go.jp/datafile/seiseki/report/2026/2026-1kokura5.pdf,32977e51d09f090471c166555a3c5592cd53016914b1a60a34abbe737b35acec,official_race_marker_verified,2000,flat,turf,,right,,Class1,0.0,0,20004歳以上1勝クラス発走13時10分(芝・右)牝;負担重量は、4歳555歳以上56
202610010508,2026,小倉,1,5,8,2026-02-07,https://www.jra.go.jp/datafile/seiseki/report/2026/2026-1kokura5.pdf,32977e51d09f090471c166555a3c5592cd53016914b1a60a34abbe737b35acec,official_race_marker_verified,1700,flat,dirt,,right,,Class1,0.0,0,17004歳以上1勝クラス発走13時40分(ダート・右)負担重量は、4歳575歳以上58、牝馬2減
202610010509,2026,小倉,1,5,9,2026-02-07,https://www.jra.go.jp/datafile/seiseki/report/2026/2026-1kokura5.pdf,32977e51d09f090471c166555a3c5592cd53016914b1a60a34abbe737b35acec,official_race_marker_verified,2000,flat,turf,,right,,Class1,0.0,0,2000とばた戸畑特別発走14時10分(芝・右)4歳以上、1勝クラス;負担重量は、4歳575歳以上58、牝馬2減賞品
202610010510,2026,小倉,1,5,10,2026-02-07,https://www.jra.go.jp/datafile/seiseki/report/2026/2026-1kokura5.pdf,32977e51d09f090471c166555a3c5592cd53016914b1a60a34abbe737b35acec,official_race_marker_verified,1800,flat,turf,,right,,Class2,0.0,0,1800RKB賞発走14時45分(芝・右)4歳以上、2勝クラス;負担重量は、4歳575歳以上58、牝馬2減RKB賞(1着)賞品
202610010511,2026,小倉,1,5,11,2026-02-07,https://www.jra.go.jp/datafile/seiseki/report/2026/2026-1kokura5.pdf,32977e51d09f090471c166555a3c5592cd53016914b1a60a34abbe737b35acec,official_race_marker_verified,1700,flat,dirt,,right,1.0,Maiden,0.0,0,1700ぶぜん豊前ステークス発走15時20分(ダート・右)4歳以上、3勝クラス、除未出走馬および未勝利馬;負担重量は、ハンデキャップ賞品
202610010512,2026,小倉,1,5,12,2026-02-07,https://www.jra.go.jp/datafile/seiseki/report/2026/2026-1kokura5.pdf,32977e51d09f090471c166555a3c5592cd53016914b1a60a34abbe737b35acec,official_race_marker_verified,1200,flat,turf,,right,,Class1,0.0,0,12004歳以上1勝クラス発走16時00分(芝・右)牝;負担重量は、56
202610010601,2026,小倉,1,6,1,2026-02-08,https://www.jra.go.jp/datafile/seiseki/report/2026/2026-1kokura6.pdf,026ab78d19c3d8fa80fe06e4ac87c2c12f288749060f3f8bc5b719747bc9787a,official_race_marker_verified,1700,flat,dirt,,right,0.0,Maiden,0.0,0,17003歳未勝利発走9時45分(ダート・右)負担重量は、馬齢重量
202610010602,2026,小倉,1,6,2,2026-02-08,https://www.jra.go.jp/datafile/seiseki/report/2026/2026-1kokura6.pdf,026ab78d19c3d8fa80fe06e4ac87c2c12f288749060f3f8bc5b719747bc9787a,official_race_marker_verified,1200,flat,turf,,right,0.0,Maiden,0.0,0,12003歳未勝利発走10時15分(芝・右)牝;負担重量は、馬齢重量
202610010603,2026,小倉,1,6,3,2026-02-08,https://www.jra.go.jp/datafile/seiseki/report/2026/2026-1kokura6.pdf,026ab78d19c3d8fa80fe06e4ac87c2c12f288749060f3f8bc5b719747bc9787a,official_race_marker_verified,1000,flat,dirt,,right,,Maiden,0.0,0,10004歳以上1勝クラス発走10時45分(ダート・右)負担重量は、58、牝馬2減
202610010605,2026,小倉,1,6,5,2026-02-08,https://www.jra.go.jp/datafile/seiseki/report/2026/2026-1kokura6.pdf,026ab78d19c3d8fa80fe06e4ac87c2c12f288749060f3f8bc5b719747bc9787a,official_race_marker_verified,2000,flat,turf,,right,0.0,Newcomer,0.0,0,20003歳新馬発走12時05分(芝・右)負担重量は、馬齢重量
202610010606,2026,小倉,1,6,6,2026-02-08,https://www.jra.go.jp/datafile/seiseki/report/2026/2026-1kokura6.pdf,026ab78d19c3d8fa80fe06e4ac87c2c12f288749060f3f8bc5b719747bc9787a,official_race_marker_verified,1800,flat,turf,,right,0.0,Maiden,0.0,0,18003歳未勝利発走12時35分(芝・右)負担重量は、馬齢重量
202610010607,2026,小倉,1,6,7,2026-02-08,https://www.jra.go.jp/datafile/seiseki/report/2026/2026-1kokura6.pdf,026ab78d19c3d8fa80fe06e4ac87c2c12f288749060f3f8bc5b719747bc9787a,official_race_marker_verified,1700,flat,dirt,,right,,Class1,0.0,0,17004歳以上1勝クラス発走13時05分(ダート・右)牝;負担重量は、4歳555歳以上56
202610010608,2026,小倉,1,6,8,2026-02-08,https://www.jra.go.jp/datafile/seiseki/report/2026/2026-1kokura6.pdf,026ab78d19c3d8fa80fe06e4ac87c2c12f288749060f3f8bc5b719747bc9787a,official_race_marker_verified,1800,flat,turf,,right,,Class1,0.0,0,18004歳以上1勝クラス発走13時35分(芝・右)若手騎手;負担重量は、4歳575歳以上58、牝馬2減
202610010609,2026,小倉,1,6,9,2026-02-08,https://www.jra.go.jp/datafile/seiseki/report/2026/2026-1kokura6.pdf,026ab78d19c3d8fa80fe06e4ac87c2c12f288749060f3f8bc5b719747bc9787a,official_race_marker_verified,1200,flat,turf,,right,0.0,Class1,0.0,0,1200かささぎ賞発走14時05分(芝・右)3歳、1勝クラス;負担重量は、馬齢重量賞品
202610010610,2026,小倉,1,6,10,2026-02-08,https://www.jra.go.jp/datafile/seiseki/report/2026/2026-1kokura6.pdf,026ab78d19c3d8fa80fe06e4ac87c2c12f288749060f3f8bc5b719747bc9787a,official_race_marker_verified,1700,flat,dirt,,right,,Class2,0.0,0,1700ゆふいん由布院特別発走14時40分(ダート・右)4歳以上、2勝クラス;負担重量は、4歳575歳以上58、牝馬2減賞品
202610010611,2026,小倉,1,6,11,2026-02-08,https://www.jra.go.jp/datafile/seiseki/report/2026/2026-1kokura6.pdf,026ab78d19c3d8fa80fe06e4ac87c2c12f288749060f3f8bc5b719747bc9787a,official_race_marker_verified,2000,flat,turf,,right,,Maiden,0.0,0,2000小倉日経賞発走15時15分(芝・右)4歳以上、除未出走馬および未勝利馬;負担重量は、日本馬:4歳565歳以上57、牝馬2減、収得賞金1600万円超過馬は超過額1200万円毎1増、:4歳565歳以上57、牝馬2減、GI競走1着馬5増、GII競走1着馬3増、GIII競走1着馬1増(ただし2歳時の成績を除く)日本経済新聞社賞(1着)賞品
202610010612,2026,小倉,1,6,12,2026-02-08,https://www.jra.go.jp/datafile/seiseki/report/2026/2026-1kokura6.pdf,026ab78d19c3d8fa80fe06e4ac87c2c12f288749060f3f8bc5b719747bc9787a,official_race_marker_verified,1200,flat,turf,,right,,Class1,0.0,0,12004歳以上1勝クラス発走16時00分(芝・右)負担重量は、58、牝馬2減
202610010701,2026,小倉,1,7,1,2026-02-14,https://www.jra.go.jp/datafile/seiseki/report/2026/2026-1kokura7.pdf,cb38d1b902872ffa68c85ebad779abea702ed3f5ba211bd7c3b3284cf725a50c,official_race_marker_verified,1700,flat,dirt,,right,0.0,Maiden,0.0,0,17003歳未勝利発走9時45分(ダート・右)牝;負担重量は、馬齢重量
202610010702,2026,小倉,1,7,2,2026-02-14,https://www.jra.go.jp/datafile/seiseki/report/2026/2026-1kokura7.pdf,cb38d1b902872ffa68c85ebad779abea702ed3f5ba211bd7c3b3284cf725a50c,official_race_marker_verified,1200,flat,turf,,right,0.0,Maiden,0.0,0,12003歳未勝利発走10時10分(芝・右)負担重量は、馬齢重量
202610010703,2026,小倉,1,7,3,2026-02-14,https://www.jra.go.jp/datafile/seiseki/report/2026/2026-1kokura7.pdf,cb38d1b902872ffa68c85ebad779abea702ed3f5ba211bd7c3b3284cf725a50c,official_race_marker_verified,1000,flat,dirt,,right,0.0,Maiden,0.0,0,10003歳未勝利発走10時40分(ダート・右)負担重量は、馬齢重量
202610010704,2026,小倉,1,7,4,2026-02-14,https://www.jra.go.jp/datafile/seiseki/report/2026/2026-1kokura7.pdf,cb38d1b902872ffa68c85ebad779abea702ed3f5ba211bd7c3b3284cf725a50c,official_race_marker_verified,2860,obstacle,,,,,Maiden,0.0,0,2860障害4歳以上未勝利発走11時10分(芝)負担重量は、4歳595歳以上60、牝馬2減
202610010705,2026,小倉,1,7,5,2026-02-14,https://www.jra.go.jp/datafile/seiseki/report/2026/2026-1kokura7.pdf,cb38d1b902872ffa68c85ebad779abea702ed3f5ba211bd7c3b3284cf725a50c,official_race_marker_verified,2000,flat,turf,,right,0.0,Maiden,0.0,0,20003歳未勝利発走12時00分(芝・右)負担重量は、馬齢重量
202610010706,2026,小倉,1,7,6,2026-02-14,https://www.jra.go.jp/datafile/seiseki/report/2026/2026-1kokura7.pdf,cb38d1b902872ffa68c85ebad779abea702ed3f5ba211bd7c3b3284cf725a50c,official_race_marker_verified,1200,flat,turf,,right,,Class1,0.0,0,12004歳以上1勝クラス発走12時30分(芝・右)負担重量は、58、牝馬2減
202610010707,2026,小倉,1,7,7,2026-02-14,https://www.jra.go.jp/datafile/seiseki/report/2026/2026-1kokura7.pdf,cb38d1b902872ffa68c85ebad779abea702ed3f5ba211bd7c3b3284cf725a50c,official_race_marker_verified,1700,flat,dirt,,right,,Class1,0.0,0,17004歳以上1勝クラス発走13時00分(ダート・右)牝;負担重量は、4歳555歳以上56
202610010708,2026,小倉,1,7,8,2026-02-14,https://www.jra.go.jp/datafile/seiseki/report/2026/2026-1kokura7.pdf,cb38d1b902872ffa68c85ebad779abea702ed3f5ba211bd7c3b3284cf725a50c,official_race_marker_verified,3390,obstacle,,,,,Maiden,0.0,0,3390第28回小倉ジャンプステークス(J・GIII)発走13時35分(芝)4歳以上、除未出走馬および未勝利馬;負担重量は、4歳595歳以上60、牝馬2減、J・GI競走1着馬2増、J・GII競走1着馬1増賞品
202610010709,2026,小倉,1,7,9,2026-02-14,https://www.jra.go.jp/datafile/seiseki/report/2026/2026-1kokura7.pdf,cb38d1b902872ffa68c85ebad779abea702ed3f5ba211bd7c3b3284cf725a50c,official_race_marker_verified,2000,flat,turf,,right,0.0,Class1,0.0,0,2000あすなろ賞発走14時10分(芝・右)3歳、1勝クラス;負担重量は、馬齢重量賞品
202610010710,2026,小倉,1,7,10,2026-02-14,https://www.jra.go.jp/datafile/seiseki/report/2026/2026-1kokura7.pdf,cb38d1b902872ffa68c85ebad779abea702ed3f5ba211bd7c3b3284cf725a50c,official_race_marker_verified,1000,flat,dirt,,right,,Class2,0.0,0,1000いまり伊万里特別発走14時45分(ダート・右)4歳以上、2勝クラス;負担重量は、58、牝馬2減賞品
202610010711,2026,小倉,1,7,11,2026-02-14,https://www.jra.go.jp/datafile/seiseki/report/2026/2026-1kokura7.pdf,cb38d1b902872ffa68c85ebad779abea702ed3f5ba211bd7c3b3284cf725a50c,official_race_marker_verified,1200,flat,turf,,right,,Maiden,0.0,0,1200しものせき下関ステークス発走15時20分(芝・右)4歳以上、3勝クラス、除未出走馬および未勝利馬;負担重量は、58、牝馬2減賞品
202610010712,2026,小倉,1,7,12,2026-02-14,https://www.jra.go.jp/datafile/seiseki/report/2026/2026-1kokura7.pdf,cb38d1b902872ffa68c85ebad779abea702ed3f5ba211bd7c3b3284cf725a50c,official_race_marker_verified,1800,flat,turf,,right,,Class1,0.0,0,18004歳以上1勝クラス発走16時00分(芝・右)負担重量は、4歳575歳以上58、牝馬2減
202610010801,2026,小倉,1,8,1,2026-02-15,https://www.jra.go.jp/datafile/seiseki/report/2026/2026-1kokura8.pdf,31b356a8a76f947c1264abd37925f2a3c0f78ba4a3d13e27e20e09d1975cfc1a,official_race_marker_verified,1700,flat,dirt,,right,0.0,Maiden,0.0,0,17003歳未勝利発走9時45分(ダート・右)負担重量は、馬齢重量
202610010802,2026,小倉,1,8,2,2026-02-15,https://www.jra.go.jp/datafile/seiseki/report/2026/2026-1kokura8.pdf,31b356a8a76f947c1264abd37925f2a3c0f78ba4a3d13e27e20e09d1975cfc1a,official_race_marker_verified,1200,flat,turf,,right,0.0,Maiden,0.0,0,12003歳未勝利発走10時15分(芝・右)負担重量は、馬齢重量
202610010803,2026,小倉,1,8,3,2026-02-15,https://www.jra.go.jp/datafile/seiseki/report/2026/2026-1kokura8.pdf,31b356a8a76f947c1264abd37925f2a3c0f78ba4a3d13e27e20e09d1975cfc1a,official_race_marker_verified,1000,flat,dirt,,right,,Class1,0.0,0,10004歳以上1勝クラス発走10時45分(ダート・右)負担重量は、58、牝馬2減
202610010804,2026,小倉,1,8,4,2026-02-15,https://www.jra.go.jp/datafile/seiseki/report/2026/2026-1kokura8.pdf,31b356a8a76f947c1264abd37925f2a3c0f78ba4a3d13e27e20e09d1975cfc1a,official_race_marker_verified,2860,obstacle,,,,,Maiden,0.0,0,2860障害4歳以上未勝利発走11時15分(芝)負担重量は、4歳595歳以上60、牝馬2減
202610010805,2026,小倉,1,8,5,2026-02-15,https://www.jra.go.jp/datafile/seiseki/report/2026/2026-1kokura8.pdf,31b356a8a76f947c1264abd37925f2a3c0f78ba4a3d13e27e20e09d1975cfc1a,official_race_marker_verified,1800,flat,turf,,right,0.0,Maiden,0.0,0,18003歳未勝利発走12時05分(芝・右)負担重量は、馬齢重量
202610010806,2026,小倉,1,8,6,2026-02-15,https://www.jra.go.jp/datafile/seiseki/report/2026/2026-1kokura8.pdf,31b356a8a76f947c1264abd37925f2a3c0f78ba4a3d13e27e20e09d1975cfc1a,official_race_marker_verified,2000,flat,turf,,right,,Class1,0.0,0,20004歳以上1勝クラス発走12時35分(芝・右)負担重量は、4歳575歳以上58、牝馬2減
202610010807,2026,小倉,1,8,7,2026-02-15,https://www.jra.go.jp/datafile/seiseki/report/2026/2026-1kokura8.pdf,31b356a8a76f947c1264abd37925f2a3c0f78ba4a3d13e27e20e09d1975cfc1a,official_race_marker_verified,2600,flat,turf,,right,,Class1,0.0,0,26004歳以上1勝クラス発走13時05分(芝・右)負担重量は、4歳575歳以上58、牝馬2減
202610010808,2026,小倉,1,8,8,2026-02-15,https://www.jra.go.jp/datafile/seiseki/report/2026/2026-1kokura8.pdf,31b356a8a76f947c1264abd37925f2a3c0f78ba4a3d13e27e20e09d1975cfc1a,official_race_marker_verified,2400,flat,dirt,,right,,Class1,0.0,0,24004歳以上1勝クラス発走13時35分(ダート・右)負担重量は、4歳575歳以上58、牝馬2減
202610010809,2026,小倉,1,8,9,2026-02-15,https://www.jra.go.jp/datafile/seiseki/report/2026/2026-1kokura8.pdf,31b356a8a76f947c1264abd37925f2a3c0f78ba4a3d13e27e20e09d1975cfc1a,official_race_marker_verified,2000,flat,turf,,right,,Class2,0.0,0,2000だざいふ太宰府特別発走14時05分(番組第10競走を順序変更)(芝・右)牝、4歳以上、2勝クラス;負担重量は、4歳555歳以上56賞品
202610010810,2026,小倉,1,8,10,2026-02-15,https://www.jra.go.jp/datafile/seiseki/report/2026/2026-1kokura8.pdf,31b356a8a76f947c1264abd37925f2a3c0f78ba4a3d13e27e20e09d1975cfc1a,official_race_marker_verified,1200,flat,turf,,right,1.0,Class2,0.0,0,1200おおほり大濠特別発走14時40分(番組第9競走を順序変更)(芝・右)4歳以上、2勝クラス;負担重量は、ハンデキャップ賞品
202610010811,2026,小倉,1,8,11,2026-02-15,https://www.jra.go.jp/datafile/seiseki/report/2026/2026-1kokura8.pdf,31b356a8a76f947c1264abd37925f2a3c0f78ba4a3d13e27e20e09d1975cfc1a,official_race_marker_verified,1200,flat,turf,,right,,Maiden,0.0,0,1200きたきゅうしゅうたんきょり北九州短距離ステークス発走15時15分(芝・右)4歳以上、除未出走馬および未勝利馬;負担重量は、日本馬:57、牝馬2減、収得賞金1600万円超過馬は超過額1200万円毎1増、:57、牝馬2減、GI競走1着馬5増、GII競走1着馬3増、GIII競走1着馬1増(ただし2歳時の成績を除く)北九州市長賞(1着)賞品
202610010812,2026,小倉,1,8,12,2026-02-15,https://www.jra.go.jp/datafile/seiseki/report/2026/2026-1kokura8.pdf,31b356a8a76f947c1264abd37925f2a3c0f78ba4a3d13e27e20e09d1975cfc1a,official_race_marker_verified,1700,flat,dirt,,right,,Class1,0.0,0,17004歳以上1勝クラス発走16時00分(ダート・右)負担重量は、4歳575歳以上58、牝馬2減
202610010901,2026,小倉,1,9,1,2026-02-21,https://www.jra.go.jp/datafile/seiseki/report/2026/2026-1kokura9.pdf,c84ec536cec04fc3d96a251deaa6130d98fc592ad4bcf03ad55a39a667444fa5,official_race_marker_verified,1700,flat,dirt,,right,0.0,Maiden,0.0,0,17003歳未勝利発走9時45分(ダート・右)負担重量は、馬齢重量
202610010902,2026,小倉,1,9,2,2026-02-21,https://www.jra.go.jp/datafile/seiseki/report/2026/2026-1kokura9.pdf,c84ec536cec04fc3d96a251deaa6130d98fc592ad4bcf03ad55a39a667444fa5,official_race_marker_verified,1200,flat,turf,,right,0.0,Maiden,0.0,0,12003歳未勝利発走10時15分(芝・右)牝;負担重量は、馬齢重量
202610010903,2026,小倉,1,9,3,2026-02-21,https://www.jra.go.jp/datafile/seiseki/report/2026/2026-1kokura9.pdf,c84ec536cec04fc3d96a251deaa6130d98fc592ad4bcf03ad55a39a667444fa5,official_race_marker_verified,1000,flat,dirt,,right,0.0,Maiden,0.0,0,10003歳未勝利発走10時45分(ダート・右)負担重量は、馬齢重量
202610010904,2026,小倉,1,9,4,2026-02-21,https://www.jra.go.jp/datafile/seiseki/report/2026/2026-1kokura9.pdf,c84ec536cec04fc3d96a251deaa6130d98fc592ad4bcf03ad55a39a667444fa5,official_race_marker_verified,2860,obstacle,,,,,Maiden,0.0,0,2860障害4歳以上未勝利発走11時15分(芝)負担重量は、4歳595歳以上60、牝馬2減
202610010905,2026,小倉,1,9,5,2026-02-21,https://www.jra.go.jp/datafile/seiseki/report/2026/2026-1kokura9.pdf,c84ec536cec04fc3d96a251deaa6130d98fc592ad4bcf03ad55a39a667444fa5,official_race_marker_verified,3390,obstacle,,,,,Open,1.0,0,3390障害4歳以上オープン発走12時05分(芝)負担重量は、4歳595歳以上60、牝馬2減、収得賞金700万円毎1増
202610010906,2026,小倉,1,9,6,2026-02-21,https://www.jra.go.jp/datafile/seiseki/report/2026/2026-1kokura9.pdf,c84ec536cec04fc3d96a251deaa6130d98fc592ad4bcf03ad55a39a667444fa5,official_race_marker_verified,1800,flat,turf,,right,0.0,Maiden,0.0,0,18003歳未勝利発走12時40分(芝・右)負担重量は、馬齢重量
202610010907,2026,小倉,1,9,7,2026-02-21,https://www.jra.go.jp/datafile/seiseki/report/2026/2026-1kokura9.pdf,c84ec536cec04fc3d96a251deaa6130d98fc592ad4bcf03ad55a39a667444fa5,official_race_marker_verified,1700,flat,dirt,,right,,Class1,0.0,0,17004歳以上1勝クラス発走13時10分(ダート・右)負担重量は、4歳575歳以上58、牝馬2減
202610010908,2026,小倉,1,9,8,2026-02-21,https://www.jra.go.jp/datafile/seiseki/report/2026/2026-1kokura9.pdf,c84ec536cec04fc3d96a251deaa6130d98fc592ad4bcf03ad55a39a667444fa5,official_race_marker_verified,1800,flat,turf,,right,,Class1,0.0,0,18004歳以上1勝クラス発走13時40分(芝・右)牝;負担重量は、4歳555歳以上56
202610010909,2026,小倉,1,9,9,2026-02-21,https://www.jra.go.jp/datafile/seiseki/report/2026/2026-1kokura9.pdf,c84ec536cec04fc3d96a251deaa6130d98fc592ad4bcf03ad55a39a667444fa5,official_race_marker_verified,1200,flat,turf,,right,0.0,Class1,0.0,0,1200あざみ賞発走14時10分(芝・右)3歳、1勝クラス;負担重量は、馬齢重量賞品
202610010910,2026,小倉,1,9,10,2026-02-21,https://www.jra.go.jp/datafile/seiseki/report/2026/2026-1kokura9.pdf,c84ec536cec04fc3d96a251deaa6130d98fc592ad4bcf03ad55a39a667444fa5,official_race_marker_verified,2600,flat,turf,,right,,Class2,0.0,0,2600さらくらやま皿倉山特別発走14時45分(芝・右)4歳以上、2勝クラス;負担重量は、4歳575歳以上58、牝馬2減ソウル馬主協会賞(1着)賞品
202610010911,2026,小倉,1,9,11,2026-02-21,https://www.jra.go.jp/datafile/seiseki/report/2026/2026-1kokura9.pdf,c84ec536cec04fc3d96a251deaa6130d98fc592ad4bcf03ad55a39a667444fa5,official_race_marker_verified,1700,flat,dirt,,right,,Maiden,0.0,0,1700こくらじょう小倉城ステークス発走15時20分(ダート・右)4歳以上、3勝クラス、除未出走馬および未勝利馬;負担重量は、4歳575歳以上58、牝馬2減賞品
202610010912,2026,小倉,1,9,12,2026-02-21,https://www.jra.go.jp/datafile/seiseki/report/2026/2026-1kokura9.pdf,c84ec536cec04fc3d96a251deaa6130d98fc592ad4bcf03ad55a39a667444fa5,official_race_marker_verified,1200,flat,turf,,right,,Class1,0.0,0,12004歳以上1勝クラス発走16時00分(芝・右)負担重量は、58、牝馬2減
202610020101,2026,小倉,2,1,1,2026-06-27,https://www.jra.go.jp/datafile/seiseki/report/2026/2026-2kokura1.pdf,871a7d271ec90818622f998a7259588acfcb956a6dd99d831a20f83e01529c34,official_race_marker_verified,1200,flat,turf,,right,0.0,Maiden,0.0,0,12002歳未勝利発走9時55分(芝・右)負担重量は、馬齢重量
202610020102,2026,小倉,2,1,2,2026-06-27,https://www.jra.go.jp/datafile/seiseki/report/2026/2026-2kokura1.pdf,871a7d271ec90818622f998a7259588acfcb956a6dd99d831a20f83e01529c34,official_race_marker_verified,1000,flat,dirt,,right,0.0,Maiden,0.0,0,10003歳未勝利発走10時30分(ダート・右)負担重量は、馬齢重量
202610020103,2026,小倉,2,1,3,2026-06-27,https://www.jra.go.jp/datafile/seiseki/report/2026/2026-2kokura1.pdf,871a7d271ec90818622f998a7259588acfcb956a6dd99d831a20f83e01529c34,official_race_marker_verified,1800,flat,turf,,right,0.0,Maiden,0.0,0,18003歳未勝利発走11時00分(芝・右)牝;負担重量は、馬齢重量
202610020104,2026,小倉,2,1,4,2026-06-27,https://www.jra.go.jp/datafile/seiseki/report/2026/2026-2kokura1.pdf,871a7d271ec90818622f998a7259588acfcb956a6dd99d831a20f83e01529c34,official_race_marker_verified,1700,flat,dirt,,right,0.0,Maiden,0.0,0,17003歳未勝利発走11時30分(ダート・右)負担重量は、馬齢重量
202610020105,2026,小倉,2,1,5,2026-06-27,https://www.jra.go.jp/datafile/seiseki/report/2026/2026-2kokura1.pdf,871a7d271ec90818622f998a7259588acfcb956a6dd99d831a20f83e01529c34,official_race_marker_verified,1200,flat,turf,,right,0.0,Newcomer,0.0,0,12002歳新馬発走12時20分(芝・右)九州産馬;負担重量は、馬齢重量
202610020106,2026,小倉,2,1,6,2026-06-27,https://www.jra.go.jp/datafile/seiseki/report/2026/2026-2kokura1.pdf,871a7d271ec90818622f998a7259588acfcb956a6dd99d831a20f83e01529c34,official_race_marker_verified,2000,flat,turf,,right,0.0,Maiden,0.0,0,20003歳未勝利発走12時50分(芝・右)負担重量は、馬齢重量
202610020107,2026,小倉,2,1,7,2026-06-27,https://www.jra.go.jp/datafile/seiseki/report/2026/2026-2kokura1.pdf,871a7d271ec90818622f998a7259588acfcb956a6dd99d831a20f83e01529c34,official_race_marker_verified,1700,flat,dirt,,right,,Class1,0.0,0,17003歳以上1勝クラス発走13時20分(ダート・右)牝;負担重量は、3歳534歳以上56
202610020108,2026,小倉,2,1,8,2026-06-27,https://www.jra.go.jp/datafile/seiseki/report/2026/2026-2kokura1.pdf,871a7d271ec90818622f998a7259588acfcb956a6dd99d831a20f83e01529c34,official_race_marker_verified,1200,flat,turf,,right,,Class1,0.0,0,12003歳以上1勝クラス発走13時50分(芝・右)負担重量は、3歳554歳以上58、牝馬2減
202610020109,2026,小倉,2,1,9,2026-06-27,https://www.jra.go.jp/datafile/seiseki/report/2026/2026-2kokura1.pdf,871a7d271ec90818622f998a7259588acfcb956a6dd99d831a20f83e01529c34,official_race_marker_verified,2000,flat,turf,,right,,Class1,0.0,0,2000やつしろ八代特別発走14時20分(芝・右)3歳以上、1勝クラス;負担重量は、3歳554歳以上58、牝馬2減賞品
202610020110,2026,小倉,2,1,10,2026-06-27,https://www.jra.go.jp/datafile/seiseki/report/2026/2026-2kokura1.pdf,871a7d271ec90818622f998a7259588acfcb956a6dd99d831a20f83e01529c34,official_race_marker_verified,1200,flat,turf,,right,,Class2,0.0,0,1200むなかた宗像特別発走14時55分(芝・右)3歳以上、2勝クラス;負担重量は、3歳554歳以上58、牝馬2減賞品
202610020111,2026,小倉,2,1,11,2026-06-27,https://www.jra.go.jp/datafile/seiseki/report/2026/2026-2kokura1.pdf,871a7d271ec90818622f998a7259588acfcb956a6dd99d831a20f83e01529c34,official_race_marker_verified,1700,flat,dirt,,right,,Maiden,0.0,0,1700さつま薩摩ステークス発走15時30分(ダート・右)3歳以上、3勝クラス、除未出走馬および未勝利馬;負担重量は、3歳554歳以上58、牝馬2減賞品
202610020112,2026,小倉,2,1,12,2026-06-27,https://www.jra.go.jp/datafile/seiseki/report/2026/2026-2kokura1.pdf,871a7d271ec90818622f998a7259588acfcb956a6dd99d831a20f83e01529c34,official_race_marker_verified,1200,flat,turf,,right,,Class1,0.0,0,12003歳以上1勝クラス発走16時15分(芝・右)負担重量は、3歳554歳以上58、牝馬2減
202610020201,2026,小倉,2,2,1,2026-06-28,https://www.jra.go.jp/datafile/seiseki/report/2026/2026-2kokura2.pdf,57254f3d30089903f6dcb2c7f65d692063c5e8088aa58d75b7fc3e7cd82c1eee,official_race_marker_verified,1200,flat,turf,,right,0.0,Maiden,0.0,0,12003歳未勝利発走9時55分(芝・右)牝;負担重量は、馬齢重量
202610020202,2026,小倉,2,2,2,2026-06-28,https://www.jra.go.jp/datafile/seiseki/report/2026/2026-2kokura2.pdf,57254f3d30089903f6dcb2c7f65d692063c5e8088aa58d75b7fc3e7cd82c1eee,official_race_marker_verified,1800,flat,turf,,right,0.0,Maiden,0.0,0,18003歳未勝利発走10時30分(芝・右)負担重量は、馬齢重量
202610020203,2026,小倉,2,2,3,2026-06-28,https://www.jra.go.jp/datafile/seiseki/report/2026/2026-2kokura2.pdf,57254f3d30089903f6dcb2c7f65d692063c5e8088aa58d75b7fc3e7cd82c1eee,official_race_marker_verified,1200,flat,turf,,right,0.0,Maiden,0.0,0,12003歳未勝利発走11時00分(芝・右)負担重量は、馬齢重量
202610020204,2026,小倉,2,2,4,2026-06-28,https://www.jra.go.jp/datafile/seiseki/report/2026/2026-2kokura2.pdf,57254f3d30089903f6dcb2c7f65d692063c5e8088aa58d75b7fc3e7cd82c1eee,official_race_marker_verified,1700,flat,dirt,,right,0.0,Maiden,0.0,0,17003歳未勝利発走11時30分(ダート・右)負担重量は、馬齢重量
202610020205,2026,小倉,2,2,5,2026-06-28,https://www.jra.go.jp/datafile/seiseki/report/2026/2026-2kokura2.pdf,57254f3d30089903f6dcb2c7f65d692063c5e8088aa58d75b7fc3e7cd82c1eee,official_race_marker_verified,1200,flat,turf,,right,0.0,Newcomer,0.0,0,12002歳新馬発走12時20分(芝・右)負担重量は、馬齢重量
202610020206,2026,小倉,2,2,6,2026-06-28,https://www.jra.go.jp/datafile/seiseki/report/2026/2026-2kokura2.pdf,57254f3d30089903f6dcb2c7f65d692063c5e8088aa58d75b7fc3e7cd82c1eee,official_race_marker_verified,1200,flat,turf,,right,0.0,Newcomer,0.0,0,12002歳新馬発走12時50分(芝・右)九州産馬;負担重量は、馬齢重量
202610020207,2026,小倉,2,2,7,2026-06-28,https://www.jra.go.jp/datafile/seiseki/report/2026/2026-2kokura2.pdf,57254f3d30089903f6dcb2c7f65d692063c5e8088aa58d75b7fc3e7cd82c1eee,official_race_marker_verified,1000,flat,dirt,,right,,Class1,0.0,0,10003歳以上1勝クラス発走13時20分(ダート・右)負担重量は、3歳554歳以上58、牝馬2減
202610020208,2026,小倉,2,2,8,2026-06-28,https://www.jra.go.jp/datafile/seiseki/report/2026/2026-2kokura2.pdf,57254f3d30089903f6dcb2c7f65d692063c5e8088aa58d75b7fc3e7cd82c1eee,official_race_marker_verified,1800,flat,turf,,right,,Class1,0.0,0,18003歳以上1勝クラス発走13時50分(芝・右)牝;負担重量は、3歳534歳以上56
202610020209,2026,小倉,2,2,9,2026-06-28,https://www.jra.go.jp/datafile/seiseki/report/2026/2026-2kokura2.pdf,57254f3d30089903f6dcb2c7f65d692063c5e8088aa58d75b7fc3e7cd82c1eee,official_race_marker_verified,2600,flat,turf,,right,,Class2,0.0,0,2600ほばしらやま帆柱山特別発走14時20分(芝・右)3歳以上、2勝クラス;負担重量は、3歳544歳以上58、牝馬2減賞品
202610020210,2026,小倉,2,2,10,2026-06-28,https://www.jra.go.jp/datafile/seiseki/report/2026/2026-2kokura2.pdf,57254f3d30089903f6dcb2c7f65d692063c5e8088aa58d75b7fc3e7cd82c1eee,official_race_marker_verified,1700,flat,dirt,,right,1.0,Class2,0.0,0,1700西部日刊スポーツ杯発走14時55分(ダート・右)3歳以上、2勝クラス;負担重量は、ハンデキャップ西部日刊スポーツ新聞社賞(1着)賞品
202610020211,2026,小倉,2,2,11,2026-06-28,https://www.jra.go.jp/datafile/seiseki/report/2026/2026-2kokura2.pdf,57254f3d30089903f6dcb2c7f65d692063c5e8088aa58d75b7fc3e7cd82c1eee,official_race_marker_verified,1200,flat,turf,,right,1.0,Maiden,0.0,0,1200むらさきがわ紫川ステークス発走15時30分(芝・右)3歳以上、3勝クラス、除未出走馬および未勝利馬;負担重量は、ハンデキャップ賞品
202610020212,2026,小倉,2,2,12,2026-06-28,https://www.jra.go.jp/datafile/seiseki/report/2026/2026-2kokura2.pdf,57254f3d30089903f6dcb2c7f65d692063c5e8088aa58d75b7fc3e7cd82c1eee,official_race_marker_verified,1700,flat,dirt,,right,,Class1,0.0,0,17003歳以上1勝クラス発走16時15分(ダート・右)負担重量は、3歳554歳以上58、牝馬2減
202610020301,2026,小倉,2,3,1,2026-07-04,https://www.jra.go.jp/datafile/seiseki/report/2026/2026-2kokura3.pdf,d0c856871528c38f49ed9aa6ec33e0ea76de2c0b4eb81d7dc4761a8aa70d1374,official_race_marker_verified,2860,obstacle,,,,,Maiden,0.0,0,2860障害3歳以上未勝利発走9時55分(芝)負担重量は、3歳584歳以上60、牝馬2減
202610020302,2026,小倉,2,3,2,2026-07-04,https://www.jra.go.jp/datafile/seiseki/report/2026/2026-2kokura3.pdf,d0c856871528c38f49ed9aa6ec33e0ea76de2c0b4eb81d7dc4761a8aa70d1374,official_race_marker_verified,1200,flat,turf,,right,0.0,Maiden,0.0,0,12003歳未勝利発走10時30分(芝・右)負担重量は、馬齢重量
202610020303,2026,小倉,2,3,3,2026-07-04,https://www.jra.go.jp/datafile/seiseki/report/2026/2026-2kokura3.pdf,d0c856871528c38f49ed9aa6ec33e0ea76de2c0b4eb81d7dc4761a8aa70d1374,official_race_marker_verified,2600,flat,turf,,right,0.0,Maiden,0.0,0,26003歳未勝利発走11時00分(芝・右)負担重量は、馬齢重量
202610020304,2026,小倉,2,3,4,2026-07-04,https://www.jra.go.jp/datafile/seiseki/report/2026/2026-2kokura3.pdf,d0c856871528c38f49ed9aa6ec33e0ea76de2c0b4eb81d7dc4761a8aa70d1374,official_race_marker_verified,1700,flat,dirt,,right,0.0,Maiden,0.0,0,17003歳未勝利発走11時30分(ダート・右)牝;負担重量は、馬齢重量
202610020305,2026,小倉,2,3,5,2026-07-04,https://www.jra.go.jp/datafile/seiseki/report/2026/2026-2kokura3.pdf,d0c856871528c38f49ed9aa6ec33e0ea76de2c0b4eb81d7dc4761a8aa70d1374,official_race_marker_verified,1200,flat,turf,,right,0.0,Newcomer,0.0,0,12002歳新馬発走12時20分(芝・右)負担重量は、馬齢重量
202610020306,2026,小倉,2,3,6,2026-07-04,https://www.jra.go.jp/datafile/seiseki/report/2026/2026-2kokura3.pdf,d0c856871528c38f49ed9aa6ec33e0ea76de2c0b4eb81d7dc4761a8aa70d1374,official_race_marker_verified,1700,flat,dirt,,right,0.0,Maiden,0.0,0,17003歳未勝利発走12時50分(ダート・右)負担重量は、馬齢重量
202610020307,2026,小倉,2,3,7,2026-07-04,https://www.jra.go.jp/datafile/seiseki/report/2026/2026-2kokura3.pdf,d0c856871528c38f49ed9aa6ec33e0ea76de2c0b4eb81d7dc4761a8aa70d1374,official_race_marker_verified,1800,flat,turf,,right,0.0,Maiden,0.0,0,18003歳未勝利発走13時20分(芝・右)負担重量は、馬齢重量
202610020308,2026,小倉,2,3,8,2026-07-04,https://www.jra.go.jp/datafile/seiseki/report/2026/2026-2kokura3.pdf,d0c856871528c38f49ed9aa6ec33e0ea76de2c0b4eb81d7dc4761a8aa70d1374,official_race_marker_verified,1000,flat,dirt,,right,,Class1,0.0,0,10003歳以上1勝クラス発走13時50分(ダート・右)負担重量は、3歳554歳以上58、牝馬2減
202610020309,2026,小倉,2,3,9,2026-07-04,https://www.jra.go.jp/datafile/seiseki/report/2026/2026-2kokura3.pdf,d0c856871528c38f49ed9aa6ec33e0ea76de2c0b4eb81d7dc4761a8aa70d1374,official_race_marker_verified,1200,flat,turf,,right,,Class1,0.0,0,1200おごおり小郡特別発走14時20分(芝・右)3歳以上、1勝クラス;負担重量は、3歳554歳以上58、牝馬2減賞品
202610020310,2026,小倉,2,3,10,2026-07-04,https://www.jra.go.jp/datafile/seiseki/report/2026/2026-2kokura3.pdf,d0c856871528c38f49ed9aa6ec33e0ea76de2c0b4eb81d7dc4761a8aa70d1374,official_race_marker_verified,1000,flat,dirt,,right,,Class2,0.0,0,1000うんぜん雲仙特別発走14時55分(ダート・右)3歳以上、2勝クラス;負担重量は、3歳554歳以上58、牝馬2減賞品
202610020311,2026,小倉,2,3,11,2026-07-04,https://www.jra.go.jp/datafile/seiseki/report/2026/2026-2kokura3.pdf,d0c856871528c38f49ed9aa6ec33e0ea76de2c0b4eb81d7dc4761a8aa70d1374,official_race_marker_verified,1800,flat,turf,,right,,Maiden,0.0,0,1800はかた博多ステークス発走15時30分(芝・右)3歳以上、3勝クラス、除未出走馬および未勝利馬;負担重量は、3歳554歳以上58、牝馬2減賞品
202610020312,2026,小倉,2,3,12,2026-07-04,https://www.jra.go.jp/datafile/seiseki/report/2026/2026-2kokura3.pdf,d0c856871528c38f49ed9aa6ec33e0ea76de2c0b4eb81d7dc4761a8aa70d1374,official_race_marker_verified,1200,flat,turf,,right,,Class1,0.0,0,12003歳以上1勝クラス発走16時15分(芝・右)牝;負担重量は、3歳534歳以上56
202610020401,2026,小倉,2,4,1,2026-07-05,https://www.jra.go.jp/datafile/seiseki/report/2026/2026-2kokura4.pdf,6a222f8c98939eb607a400e47d47916f6c9e49c892ba6745dd9c1106fefcfecc,official_race_marker_verified,2860,obstacle,,,,,Maiden,0.0,0,2860障害3歳以上未勝利発走10時05分(芝)負担重量は、3歳584歳以上60、牝馬2減
202610020402,2026,小倉,2,4,2,2026-07-05,https://www.jra.go.jp/datafile/seiseki/report/2026/2026-2kokura4.pdf,6a222f8c98939eb607a400e47d47916f6c9e49c892ba6745dd9c1106fefcfecc,official_race_marker_verified,1200,flat,turf,,right,0.0,Maiden,0.0,0,12002歳未勝利発走10時40分(芝・右)九州産馬;負担重量は、馬齢重量
202610020403,2026,小倉,2,4,3,2026-07-05,https://www.jra.go.jp/datafile/seiseki/report/2026/2026-2kokura4.pdf,6a222f8c98939eb607a400e47d47916f6c9e49c892ba6745dd9c1106fefcfecc,official_race_marker_verified,2000,flat,turf,,right,0.0,Maiden,0.0,0,20003歳未勝利発走11時10分(芝・右)牝;負担重量は、馬齢重量
202610020404,2026,小倉,2,4,4,2026-07-05,https://www.jra.go.jp/datafile/seiseki/report/2026/2026-2kokura4.pdf,6a222f8c98939eb607a400e47d47916f6c9e49c892ba6745dd9c1106fefcfecc,official_race_marker_verified,1000,flat,dirt,,right,0.0,Maiden,0.0,0,10003歳未勝利発走11時40分(ダート・右)負担重量は、馬齢重量
202610020405,2026,小倉,2,4,5,2026-07-05,https://www.jra.go.jp/datafile/seiseki/report/2026/2026-2kokura4.pdf,6a222f8c98939eb607a400e47d47916f6c9e49c892ba6745dd9c1106fefcfecc,official_race_marker_verified,1800,flat,turf,,right,0.0,Newcomer,0.0,0,18002歳新馬発走12時30分(芝・右)負担重量は、馬齢重量
202610020406,2026,小倉,2,4,6,2026-07-05,https://www.jra.go.jp/datafile/seiseki/report/2026/2026-2kokura4.pdf,6a222f8c98939eb607a400e47d47916f6c9e49c892ba6745dd9c1106fefcfecc,official_race_marker_verified,1700,flat,dirt,,right,0.0,Newcomer,0.0,0,17002歳新馬発走13時00分(ダート・右)負担重量は、馬齢重量
202610020407,2026,小倉,2,4,7,2026-07-05,https://www.jra.go.jp/datafile/seiseki/report/2026/2026-2kokura4.pdf,6a222f8c98939eb607a400e47d47916f6c9e49c892ba6745dd9c1106fefcfecc,official_race_marker_verified,1200,flat,turf,,right,0.0,Maiden,0.0,0,12003歳未勝利発走13時30分(芝・右)負担重量は、馬齢重量
202610020408,2026,小倉,2,4,8,2026-07-05,https://www.jra.go.jp/datafile/seiseki/report/2026/2026-2kokura4.pdf,6a222f8c98939eb607a400e47d47916f6c9e49c892ba6745dd9c1106fefcfecc,official_race_marker_verified,2000,flat,turf,,right,,Class1,0.0,0,20003歳以上1勝クラス発走14時00分(芝・右)負担重量は、3歳554歳以上58、牝馬2減
202610020409,2026,小倉,2,4,9,2026-07-05,https://www.jra.go.jp/datafile/seiseki/report/2026/2026-2kokura4.pdf,6a222f8c98939eb607a400e47d47916f6c9e49c892ba6745dd9c1106fefcfecc,official_race_marker_verified,1800,flat,turf,,right,,Class1,0.0,0,1800あおしま青島特別発走14時35分(芝・右)3歳以上、1勝クラス;負担重量は、3歳554歳以上58、牝馬2減賞品
202610020410,2026,小倉,2,4,10,2026-07-05,https://www.jra.go.jp/datafile/seiseki/report/2026/2026-2kokura4.pdf,6a222f8c98939eb607a400e47d47916f6c9e49c892ba6745dd9c1106fefcfecc,official_race_marker_verified,1700,flat,dirt,,right,,Class2,0.0,0,1700九州スポーツ杯発走15時10分(ダート・右)牝、3歳以上、2勝クラス;負担重量は、3歳534歳以上56東京スポーツ新聞社賞(1着)賞品
202610020411,2026,小倉,2,4,11,2026-07-05,https://www.jra.go.jp/datafile/seiseki/report/2026/2026-2kokura4.pdf,6a222f8c98939eb607a400e47d47916f6c9e49c892ba6745dd9c1106fefcfecc,official_race_marker_verified,1200,flat,turf,,right,1.0,Open,1.0,1,サマースプリントシリーズ1200第61回テレビ西日
202610020412,2026,小倉,2,4,12,2026-07-05,https://www.jra.go.jp/datafile/seiseki/report/2026/2026-2kokura4.pdf,6a222f8c98939eb607a400e47d47916f6c9e49c892ba6745dd9c1106fefcfecc,official_race_marker_verified,1700,flat,dirt,,right,,Class1,0.0,0,17003歳以上1勝クラス発走16時30分(ダート・右)負担重量は、3歳554歳以上58、牝馬2減
202610020501,2026,小倉,2,5,1,2026-07-11,https://www.jra.go.jp/datafile/seiseki/report/2026/2026-2kokura5.pdf,9c960eeb44eb456e219d402f7acfbe9bf595a5d00fedc562c71ff84bc8051b2f,official_race_marker_verified,1200,flat,turf,,right,0.0,Maiden,0.0,0,12002歳未勝利発走9時55分(芝・右)負担重量は、馬齢重量
202610020502,2026,小倉,2,5,2,2026-07-11,https://www.jra.go.jp/datafile/seiseki/report/2026/2026-2kokura5.pdf,9c960eeb44eb456e219d402f7acfbe9bf595a5d00fedc562c71ff84bc8051b2f,official_race_marker_verified,1700,flat,dirt,,right,0.0,Maiden,0.0,0,17003歳未勝利発走10時30分(ダート・右)負担重量は、馬齢重量
202610020503,2026,小倉,2,5,3,2026-07-11,https://www.jra.go.jp/datafile/seiseki/report/2026/2026-2kokura5.pdf,9c960eeb44eb456e219d402f7acfbe9bf595a5d00fedc562c71ff84bc8051b2f,official_race_marker_verified,2000,flat,turf,,right,0.0,Maiden,0.0,0,20003歳未勝利発走11時00分(芝・右)牝;負担重量は、馬齢重量
202610020504,2026,小倉,2,5,4,2026-07-11,https://www.jra.go.jp/datafile/seiseki/report/2026/2026-2kokura5.pdf,9c960eeb44eb456e219d402f7acfbe9bf595a5d00fedc562c71ff84bc8051b2f,official_race_marker_verified,1700,flat,dirt,,right,0.0,Maiden,0.0,0,17003歳未勝利発走11時30分(ダート・右)負担重量は、馬齢重量
202610020505,2026,小倉,2,5,5,2026-07-11,https://www.jra.go.jp/datafile/seiseki/report/2026/2026-2kokura5.pdf,9c960eeb44eb456e219d402f7acfbe9bf595a5d00fedc562c71ff84bc8051b2f,official_race_marker_verified,1800,flat,turf,,right,0.0,Newcomer,0.0,0,18002歳新馬発走12時20分(芝・右)牝;負担重量は、馬齢重量
202610020506,2026,小倉,2,5,6,2026-07-11,https://www.jra.go.jp/datafile/seiseki/report/2026/2026-2kokura5.pdf,9c960eeb44eb456e219d402f7acfbe9bf595a5d00fedc562c71ff84bc8051b2f,official_race_marker_verified,1200,flat,turf,,right,0.0,Maiden,0.0,0,12003歳未勝利発走12時50分(芝・右)負担重量は、馬齢重量
202610020507,2026,小倉,2,5,7,2026-07-11,https://www.jra.go.jp/datafile/seiseki/report/2026/2026-2kokura5.pdf,9c960eeb44eb456e219d402f7acfbe9bf595a5d00fedc562c71ff84bc8051b2f,official_race_marker_verified,1800,flat,turf,,right,,Class1,0.0,0,18003歳以上1勝クラス発走13時20分(芝・右)負担重量は、3歳554歳以上58、牝馬2減
202610020508,2026,小倉,2,5,8,2026-07-11,https://www.jra.go.jp/datafile/seiseki/report/2026/2026-2kokura5.pdf,9c960eeb44eb456e219d402f7acfbe9bf595a5d00fedc562c71ff84bc8051b2f,official_race_marker_verified,1700,flat,dirt,,right,,Class1,0.0,0,17003歳以上1勝クラス発走13時50分(ダート・右)牝;負担重量は、3歳534歳以上56
202610020509,2026,小倉,2,5,9,2026-07-11,https://www.jra.go.jp/datafile/seiseki/report/2026/2026-2kokura5.pdf,9c960eeb44eb456e219d402f7acfbe9bf595a5d00fedc562c71ff84bc8051b2f,official_race_marker_verified,2600,flat,turf,,right,,Class1,0.0,0,2600ひこさん英彦山特別発走14時20分(芝・右)3歳以上、1勝クラス;負担重量は、3歳554歳以上58、牝馬2減賞品
202610020510,2026,小倉,2,5,10,2026-07-11,https://www.jra.go.jp/datafile/seiseki/report/2026/2026-2kokura5.pdf,9c960eeb44eb456e219d402f7acfbe9bf595a5d00fedc562c71ff84bc8051b2f,official_race_marker_verified,1200,flat,turf,,right,,Class2,0.0,0,1200やばけい耶馬渓特別発走14時55分(芝・右)3歳以上、2勝クラス;負担重量は、3歳554歳以上58、牝馬2減賞品
202610020511,2026,小倉,2,5,11,2026-07-11,https://www.jra.go.jp/datafile/seiseki/report/2026/2026-2kokura5.pdf,9c960eeb44eb456e219d402f7acfbe9bf595a5d00fedc562c71ff84bc8051b2f,official_race_marker_verified,1000,flat,dirt,,right,,Maiden,0.0,0,1000ぷさん山ステークス発走15時30分(ダート・右)3歳以上、3勝クラス、除未出走馬および未勝利馬;負担重量は、3歳554歳以上58、牝馬2減山慶南競馬公園馬主協会賞(1着)賞品
202610020512,2026,小倉,2,5,12,2026-07-11,https://www.jra.go.jp/datafile/seiseki/report/2026/2026-2kokura5.pdf,9c960eeb44eb456e219d402f7acfbe9bf595a5d00fedc562c71ff84bc8051b2f,official_race_marker_verified,1200,flat,turf,,right,,Class1,0.0,0,12003歳以上1勝クラス発走16時15分(芝・右)負担重量は、3歳554歳以上58、牝馬2減
202610020601,2026,小倉,2,6,1,2026-07-12,https://www.jra.go.jp/datafile/seiseki/report/2026/2026-2kokura6.pdf,1d033090b511ca402601f6cc4a910bff219a53bea568d15f3fc3b24bccaf36d0,official_race_marker_verified,1200,flat,turf,,right,0.0,Maiden,0.0,0,12003歳未勝利発走9時55分(芝・右)牝;負担重量は、馬齢重量
202610020602,2026,小倉,2,6,2,2026-07-12,https://www.jra.go.jp/datafile/seiseki/report/2026/2026-2kokura6.pdf,1d033090b511ca402601f6cc4a910bff219a53bea568d15f3fc3b24bccaf36d0,official_race_marker_verified,1000,flat,dirt,,right,0.0,Maiden,0.0,0,10003歳未勝利発走10時30分(ダート・右)負担重量は、馬齢重量
202610020603,2026,小倉,2,6,3,2026-07-12,https://www.jra.go.jp/datafile/seiseki/report/2026/2026-2kokura6.pdf,1d033090b511ca402601f6cc4a910bff219a53bea568d15f3fc3b24bccaf36d0,official_race_marker_verified,2000,flat,turf,,right,0.0,Maiden,0.0,0,20003歳未勝利発走11時00分(芝・右)負担重量は、馬齢重量
202610020604,2026,小倉,2,6,4,2026-07-12,https://www.jra.go.jp/datafile/seiseki/report/2026/2026-2kokura6.pdf,1d033090b511ca402601f6cc4a910bff219a53bea568d15f3fc3b24bccaf36d0,official_race_marker_verified,1800,flat,turf,,right,0.0,Maiden,0.0,0,18003歳未勝利発走11時30分(芝・右)負担重量は、馬齢重量
202610020605,2026,小倉,2,6,5,2026-07-12,https://www.jra.go.jp/datafile/seiseki/report/2026/2026-2kokura6.pdf,1d033090b511ca402601f6cc4a910bff219a53bea568d15f3fc3b24bccaf36d0,official_race_marker_verified,2000,flat,turf,,right,0.0,Newcomer,0.0,0,20002歳新馬発走12時20分(芝・右)負担重量は、馬齢重量
202610020606,2026,小倉,2,6,6,2026-07-12,https://www.jra.go.jp/datafile/seiseki/report/2026/2026-2kokura6.pdf,1d033090b511ca402601f6cc4a910bff219a53bea568d15f3fc3b24bccaf36d0,official_race_marker_verified,1200,flat,turf,,right,0.0,Newcomer,0.0,0,12002歳新馬発走12時50分(芝・右)負担重量は、馬齢重量
202610020607,2026,小倉,2,6,7,2026-07-12,https://www.jra.go.jp/datafile/seiseki/report/2026/2026-2kokura6.pdf,1d033090b511ca402601f6cc4a910bff219a53bea568d15f3fc3b24bccaf36d0,official_race_marker_verified,1700,flat,dirt,,right,,Class1,0.0,0,17003歳以上1勝クラス発走13時20分(ダート・右)負担重量は、3歳554歳以上58、牝馬2減
202610020608,2026,小倉,2,6,8,2026-07-12,https://www.jra.go.jp/datafile/seiseki/report/2026/2026-2kokura6.pdf,1d033090b511ca402601f6cc4a910bff219a53bea568d15f3fc3b24bccaf36d0,official_race_marker_verified,1800,flat,turf,,right,,Class1,0.0,0,18003歳以上1勝クラス発走13時50分(芝・右)牝;負担重量は、3歳534歳以上56
202610020609,2026,小倉,2,6,9,2026-07-12,https://www.jra.go.jp/datafile/seiseki/report/2026/2026-2kokura6.pdf,1d033090b511ca402601f6cc4a910bff219a53bea568d15f3fc3b24bccaf36d0,official_race_marker_verified,1700,flat,dirt,,right,,Class2,0.0,0,1700やめ八女特別発走14時20分(ダート・右)3歳以上、2勝クラス;負担重量は、3歳554歳以上58、牝馬2減賞品
202610020610,2026,小倉,2,6,10,2026-07-12,https://www.jra.go.jp/datafile/seiseki/report/2026/2026-2kokura6.pdf,1d033090b511ca402601f6cc4a910bff219a53bea568d15f3fc3b24bccaf36d0,official_race_marker_verified,2000,flat,turf,,right,1.0,Class2,0.0,0,2000西部スポニチ賞発走14時55分(芝・右)3歳以上、2勝クラス;負担重量は、ハンデキャップスポーツニッポン新聞社賞(1着)賞品
202610020611,2026,小倉,2,6,11,2026-07-12,https://www.jra.go.jp/datafile/seiseki/report/2026/2026-2kokura6.pdf,1d033090b511ca402601f6cc4a910bff219a53bea568d15f3fc3b24bccaf36d0,official_race_marker_verified,1700,flat,dirt,,right,,Maiden,0.0,0,1700あそ阿蘇ステークス発走15時30分(ダート・右)3歳以上、除未出走馬および未勝利馬;負担重量は、日本馬:3歳534歳以上57、牝馬2減、収得賞金1600万円超過馬は超過額1200万円毎1増、:3歳534歳以上57、牝馬2減、GI競走1着馬5増、GII競走1着馬3増、GIII競走1着馬1増(ただし2歳時の成績を除く)賞品
202610020612,2026,小倉,2,6,12,2026-07-12,https://www.jra.go.jp/datafile/seiseki/report/2026/2026-2kokura6.pdf,1d033090b511ca402601f6cc4a910bff219a53bea568d15f3fc3b24bccaf36d0,official_race_marker_verified,1200,flat,turf,,right,,Class1,0.0,0,12003歳以上1勝クラス発走16時15分(芝・右)負担重量は、3歳554歳以上58、牝馬2減
202610020701,2026,小倉,2,7,1,2026-07-18,https://www.jra.go.jp/datafile/seiseki/report/2026/2026-2kokura7.pdf,d4c1138d19ed1ef65bf096b23c06da766cd8415c9f57650f224ebb51cae18cd9,official_race_marker_verified,2860,obstacle,,,,,Maiden,0.0,0,2860障害3歳以上未勝利発走9時55分(芝)負担重量は、3歳584歳以上60、牝馬2減
202610020702,2026,小倉,2,7,2,2026-07-18,https://www.jra.go.jp/datafile/seiseki/report/2026/2026-2kokura7.pdf,d4c1138d19ed1ef65bf096b23c06da766cd8415c9f57650f224ebb51cae18cd9,official_race_marker_verified,1800,flat,turf,,right,0.0,Maiden,0.0,0,18002歳未勝利発走10時30分(芝・右)負担重量は、馬齢重量
202610020703,2026,小倉,2,7,3,2026-07-18,https://www.jra.go.jp/datafile/seiseki/report/2026/2026-2kokura7.pdf,d4c1138d19ed1ef65bf096b23c06da766cd8415c9f57650f224ebb51cae18cd9,official_race_marker_verified,1000,flat,dirt,,right,0.0,Maiden,0.0,0,10003歳未勝利発走11時00分(ダート・右)負担重量は、馬齢重量
202610020704,2026,小倉,2,7,4,2026-07-18,https://www.jra.go.jp/datafile/seiseki/report/2026/2026-2kokura7.pdf,d4c1138d19ed1ef65bf096b23c06da766cd8415c9f57650f224ebb51cae18cd9,official_race_marker_verified,3390,obstacle,,,,,,,0,3390ソレイユジャンプステークス発走11時30分(芝)3歳以上;負担重量は、3歳584歳以上60、牝馬2減、J・GI競走1着馬5増、J・GII競走1着馬3増、J・GIII競走1着馬1増、収得賞金400万円以下の馬1減賞品
202610020705,2026,小倉,2,7,5,2026-07-18,https://www.jra.go.jp/datafile/seiseki/report/2026/2026-2kokura7.pdf,d4c1138d19ed1ef65bf096b23c06da766cd8415c9f57650f224ebb51cae18cd9,official_race_marker_verified,1200,flat,turf,,right,0.0,Newcomer,0.0,0,12002歳新馬発走12時20分(芝・右)負担重量は、馬齢重量
202610020706,2026,小倉,2,7,6,2026-07-18,https://www.jra.go.jp/datafile/seiseki/report/2026/2026-2kokura7.pdf,d4c1138d19ed1ef65bf096b23c06da766cd8415c9f57650f224ebb51cae18cd9,official_race_marker_verified,1700,flat,dirt,,right,0.0,Maiden,0.0,0,17003歳未勝利発走12時50分(ダート・右)負担重量は、馬齢重量
202610020707,2026,小倉,2,7,7,2026-07-18,https://www.jra.go.jp/datafile/seiseki/report/2026/2026-2kokura7.pdf,d4c1138d19ed1ef65bf096b23c06da766cd8415c9f57650f224ebb51cae18cd9,official_race_marker_verified,1800,flat,turf,,right,0.0,Maiden,0.0,0,18003歳未勝利発走13時20分(芝・右)負担重量は、馬齢重量
202610020708,2026,小倉,2,7,8,2026-07-18,https://www.jra.go.jp/datafile/seiseki/report/2026/2026-2kokura7.pdf,d4c1138d19ed1ef65bf096b23c06da766cd8415c9f57650f224ebb51cae18cd9,official_race_marker_verified,2000,flat,turf,,right,,Class1,0.0,0,20003歳以上1勝クラス発走13時50分(芝・右)負担重量は、3歳554歳以上58、牝馬2減
202610020709,2026,小倉,2,7,9,2026-07-18,https://www.jra.go.jp/datafile/seiseki/report/2026/2026-2kokura7.pdf,d4c1138d19ed1ef65bf096b23c06da766cd8415c9f57650f224ebb51cae18cd9,official_race_marker_verified,1200,flat,turf,,right,0.0,Maiden,0.0,0,1200ひまわり賞発走14時20分(芝・右)九州産馬、2歳;負担重量は、馬齢重量、収得賞金500万円超過馬2増、未出走馬および未勝利馬2減九州馬主協会会長賞(1着)賞品
202610020710,2026,小倉,2,7,10,2026-07-18,https://www.jra.go.jp/datafile/seiseki/report/2026/2026-2kokura7.pdf,d4c1138d19ed1ef65bf096b23c06da766cd8415c9f57650f224ebb51cae18cd9,official_race_marker_verified,1700,flat,dirt,,right,,Class2,0.0,0,1700くまもとじょう熊本城特別発走14時55分(ダート・右)3歳以上、2勝クラス;負担重量は、3歳554歳以上58、牝馬2減賞品
202610020711,2026,小倉,2,7,11,2026-07-18,https://www.jra.go.jp/datafile/seiseki/report/2026/2026-2kokura7.pdf,d4c1138d19ed1ef65bf096b23c06da766cd8415c9f57650f224ebb51cae18cd9,official_race_marker_verified,1200,flat,turf,,right,,Maiden,0.0,0,1200テレQ杯発走15時30分(芝・右)3歳以上、3勝クラス、除未出走馬および未勝利馬;負担重量は、3歳554歳以上58、牝馬2減テレQ賞(1着)賞品
202610020712,2026,小倉,2,7,12,2026-07-18,https://www.jra.go.jp/datafile/seiseki/report/2026/2026-2kokura7.pdf,d4c1138d19ed1ef65bf096b23c06da766cd8415c9f57650f224ebb51cae18cd9,official_race_marker_verified,1700,flat,dirt,,right,,Class1,0.0,0,17003歳以上1勝クラス発走16時15分(ダート・右)負担重量は、3歳554歳以上58、牝馬2減
202610020801,2026,小倉,2,8,1,2026-07-19,https://www.jra.go.jp/datafile/seiseki/report/2026/2026-2kokura8.pdf,cb32fc44480d30b8a33d0c12a931161378c513fcbbb0d2d39792a251325f5c57,official_race_marker_verified,2860,obstacle,,,,,Maiden,0.0,0,2860障害3歳以上未勝利発走10時05分(芝)負担重量は、3歳584歳以上60、牝馬2減
202610020802,2026,小倉,2,8,2,2026-07-19,https://www.jra.go.jp/datafile/seiseki/report/2026/2026-2kokura8.pdf,cb32fc44480d30b8a33d0c12a931161378c513fcbbb0d2d39792a251325f5c57,official_race_marker_verified,1200,flat,turf,,right,0.0,Maiden,0.0,0,12003歳未勝利発走10時40分(芝・右)負担重量は、馬齢重量
202610020803,2026,小倉,2,8,3,2026-07-19,https://www.jra.go.jp/datafile/seiseki/report/2026/2026-2kokura8.pdf,cb32fc44480d30b8a33d0c12a931161378c513fcbbb0d2d39792a251325f5c57,official_race_marker_verified,1700,flat,dirt,,right,0.0,Maiden,0.0,0,17003歳未勝利発走11時10分(ダート・右)牝;負担重量は、馬齢重量
202610020804,2026,小倉,2,8,4,2026-07-19,https://www.jra.go.jp/datafile/seiseki/report/2026/2026-2kokura8.pdf,cb32fc44480d30b8a33d0c12a931161378c513fcbbb0d2d39792a251325f5c57,official_race_marker_verified,2000,flat,turf,,right,0.0,Maiden,0.0,0,20003歳未勝利発走11時40分(芝・右)負担重量は、馬齢重量
202610020805,2026,小倉,2,8,5,2026-07-19,https://www.jra.go.jp/datafile/seiseki/report/2026/2026-2kokura8.pdf,cb32fc44480d30b8a33d0c12a931161378c513fcbbb0d2d39792a251325f5c57,official_race_marker_verified,1800,flat,turf,,right,0.0,Newcomer,0.0,0,18002歳新馬発走12時30分(芝・右)負担重量は、馬齢重量
202610020806,2026,小倉,2,8,6,2026-07-19,https://www.jra.go.jp/datafile/seiseki/report/2026/2026-2kokura8.pdf,cb32fc44480d30b8a33d0c12a931161378c513fcbbb0d2d39792a251325f5c57,official_race_marker_verified,1700,flat,dirt,,right,0.0,Maiden,0.0,0,17003歳未勝利発走13時00分(ダート・右)負担重量は、馬齢重量
202610020807,2026,小倉,2,8,7,2026-07-19,https://www.jra.go.jp/datafile/seiseki/report/2026/2026-2kokura8.pdf,cb32fc44480d30b8a33d0c12a931161378c513fcbbb0d2d39792a251325f5c57,official_race_marker_verified,1200,flat,turf,,right,,Class1,0.0,0,12003歳以上1勝クラス発走13時30分(芝・右)負担重量は、3歳554歳以上58、牝馬2減
202610020808,2026,小倉,2,8,8,2026-07-19,https://www.jra.go.jp/datafile/seiseki/report/2026/2026-2kokura8.pdf,cb32fc44480d30b8a33d0c12a931161378c513fcbbb0d2d39792a251325f5c57,official_race_marker_verified,1000,flat,dirt,,right,,Class1,0.0,0,10003歳以上1勝クラス発走14時00分(ダート・右)負担重量は、3歳554歳以上58、牝馬2減
202610020809,2026,小倉,2,8,9,2026-07-19,https://www.jra.go.jp/datafile/seiseki/report/2026/2026-2kokura8.pdf,cb32fc44480d30b8a33d0c12a931161378c513fcbbb0d2d39792a251325f5c57,official_race_marker_verified,1800,flat,turf,,right,,Class2,0.0,0,1800しらぬい不知火特別発走14時35分(芝・右)3歳以上、2勝クラス;負担重量は、3歳554歳以上58、牝馬2減賞品
202610020810,2026,小倉,2,8,10,2026-07-19,https://www.jra.go.jp/datafile/seiseki/report/2026/2026-2kokura8.pdf,cb32fc44480d30b8a33d0c12a931161378c513fcbbb0d2d39792a251325f5c57,official_race_marker_verified,1700,flat,dirt,,right,1.0,Maiden,0.0,0,1700みやざき宮崎ステークス発走15時10分(ダート・右)3歳以上、3勝クラス、除未出走馬および未勝利馬;負担重量は、ハンデキャップ賞品
202610020811,2026,小倉,2,8,11,2026-07-19,https://www.jra.go.jp/datafile/seiseki/report/2026/2026-2kokura8.pdf,cb32fc44480d30b8a33d0c12a931161378c513fcbbb0d2d39792a251325f5c57,official_race_marker_verified,2000,flat,turf,,right,1.0,Open,1.0,1,サマー2000シリーズ2000第62回農林水産省賞典小倉記念(GIII)発走15時45分(芝・右)3歳以上、除未出走馬および未勝利馬;負担重量は、ハンデキャップ農林水産大臣賞(1着)賞品
202610020812,2026,小倉,2,8,12,2026-07-19,https://www.jra.go.jp/datafile/seiseki/report/2026/2026-2kokura8.pdf,cb32fc44480d30b8a33d0c12a931161378c513fcbbb0d2d39792a251325f5c57,official_race_marker_verified,1800,flat,turf,,right,,Class1,0.0,0,1800ちくし筑紫特別発走16時30分(芝・右)3歳以上、1勝クラス;負担重量は、3歳554歳以上58、牝馬2減賞品
