race_date,race_id,horse_id,horse_no,horse_name,top3_label,outer_year,p_challenger,p_incumbent
2023-01-07,202307010206,2020110040,1,ヤクシマ,1,2023,0.707085788,0.687150717
2023-01-07,202307010206,2020105895,2,フォルテース,0,2023,0.607951581,0.633886576
2023-01-07,202307010206,2020102331,6,メイショウオトギ,0,2023,0.371163607,0.364273608
2023-01-07,202307010206,2020105534,7,タガノタント,0,2023,0.248708844,0.256904244
2023-01-07,202307010206,2020101217,8,アスクドリームモア,0,2023,0.455238849,0.458465934
2023-01-07,202307010206,2020106451,9,コーヒーカフェ,0,2023,0.031521209,0.037024550
2023-01-08,202306010309,2020102439,1,ニジュウダンサー,1,2023,0.265053451,0.282229364
2023-01-08,202306010309,2020105146,2,モンサンスヴニール,0,2023,0.270579875,0.250170380
2023-01-08,202306010309,2020103885,3,クリノゴッホ,1,2023,0.370035738,0.387236655
2023-01-08,202306010309,2020101262,4,エコロレジーナ,0,2023,0.182574734,0.173934221
2023-01-08,202306010309,2020106973,5,デイドリームビーチ,0,2023,0.090241194,0.094113566
2023-01-08,202306010309,2020106987,6,スムースベルベット,0,2023,0.387315571,0.380639851
2023-01-08,202306010309,2020102640,7,サイモンオリーブ,0,2023,0.372451514,0.380719393
2023-01-08,202306010309,2020105131,8,ロッソランパンテ,0,2023,0.168221399,0.168297678
2023-01-08,202306010309,2020110005,9,ソフィアエール,0,2023,0.248113841,0.261260897
2023-01-08,202306010309,2020105571,10,レイフォール,0,2023,0.168416813,0.180754051
2023-01-08,202306010309,2020100056,11,クールムーア,0,2023,0.339163780,0.344776511
2023-01-08,202306010309,2020103328,12,スプレモフレイバー,1,2023,0.276464850,0.280327916
2023-01-08,202307010312,2017102809,1,ガリレイ,0,2023,0.347694039,0.340774238
2023-01-08,202307010312,2018100008,2,ナサ,0,2023,0.170047626,0.158033058
2023-01-08,202307010312,2018103611,3,デルマカンノン,0,2023,0.189089447,0.183155268
2023-01-08,202307010312,2018104621,4,サトノルーチェ,0,2023,0.386043072,0.397362560
2023-01-08,202307010312,2018106305,5,テーオーディエス,0,2023,0.112627722,0.103458859
2023-01-08,202307010312,2017106222,6,ベッサラビア,0,2023,0.029053036,0.027905507
2023-01-08,202307010312,2019109094,7,ブッシュガーデン,1,2023,0.477335602,0.473609209
2023-01-08,202307010312,2018101573,8,セイレーン,0,2023,0.100295320,0.094260655
2023-01-08,202307010312,2018106391,9,メイショウイジゲン,0,2023,0.071618043,0.079589821
2023-01-08,202307010312,2017102940,10,ワンダーカタリナ,1,2023,0.281096190,0.289941519
2023-01-08,202307010312,2017100416,11,リーゼントフラム,0,2023,0.213683128,0.224462286
2023-01-08,202307010312,2018106837,12,テーオーメアリー,0,2023,0.104759440,0.114722498
2023-01-08,202307010312,2019102522,13,ドグマ,1,2023,0.259268045,0.250909567
2023-01-09,202307010411,2019103782,1,ルピナスリード,0,2023,0.520533204,0.502075791
2023-01-09,202307010411,2016102073,2,ホープフルサイン,1,2023,0.087352134,0.088665046
2023-01-09,202307010411,2019104841,3,カルネアサーダ,1,2023,0.227667779,0.230103165
2023-01-09,202307010411,2016104746,4,スワーヴシャルル,0,2023,0.152099669,0.164396971
2023-01-09,202307010411,2017104172,5,メイショウチタン,0,2023,0.149115071,0.134379983
2023-01-09,202307010411,2016110119,6,ジャスパージャック,0,2023,0.220921159,0.220783293
2023-01-09,202307010411,2016101340,7,アスタールビー,0,2023,0.142831653,0.116661891
2023-01-09,202307010411,2016103415,8,ショウナンバニラ,0,2023,0.059776708,0.068712041
2023-01-09,202307010411,2016104668,9,カリボール,0,2023,0.045436569,0.046555940
2023-01-09,202307010411,2017104852,10,キャプテンドレイク,0,2023,0.113267921,0.103390954
2023-01-09,202307010411,2017103295,11,チェアリングソング,0,2023,0.085349478,0.087231137
2023-01-09,202307010411,2017100240,12,スノーテーラー,0,2023,0.230548784,0.226951048
2023-01-09,202307010411,2016102692,13,ハッピーアワー,0,2023,0.022398993,0.026238689
2023-01-09,202307010411,2018105454,14,グレイイングリーン,0,2023,0.393331140,0.381157458
2023-01-09,202307010411,2017104270,15,トキメキ,1,2023,0.090822153,0.086377837
2023-01-14,202306010511,2017103295,1,チェアリングソング,0,2023,0.085730560,0.097439349
2023-01-14,202306010511,2017104253,2,ジュニパーベリー,1,2023,0.216446161,0.199579179
2023-01-14,202306010511,2015100416,3,ライオンボス,0,2023,0.075413406,0.074615277
2023-01-14,202306010511,2016100298,4,ミニオンペール,0,2023,0.089944936,0.098677523
2023-01-14,202306010511,2017105298,5,ストーンリッジ,1,2023,0.232193530,0.243332788
2023-01-14,202306010511,2015104347,6,ルッジェーロ,0,2023,0.121212080,0.128376901
2023-01-14,202306010511,2017100583,7,ディヴィナシオン,0,2023,0.118200682,0.123448618
2023-01-14,202306010511,2019100765,8,コムストックロード,0,2023,0.356639445,0.345570922
2023-01-14,202306010511,2015105850,9,カイザーメランジェ,0,2023,0.051516656,0.049861804
2023-01-14,202306010511,2017103814,10,エレナアヴァンティ,0,2023,0.189819381,0.180258736
2023-01-14,202306010511,2017105661,11,ジュビリーヘッド,1,2023,0.339247286,0.335682958
2023-01-14,202306010511,2017106387,12,スマートリアン,0,2023,0.138224363,0.154313460
2023-01-14,202306010511,2018110045,13,ショックアクション,0,2023,0.041916139,0.039021034
2023-01-14,202306010511,2015104699,14,フレッチア,0,2023,0.226333365,0.225635722
2023-01-14,202306010511,2016103730,15,ザイツィンガー,0,2023,0.041271374,0.040489856
2023-01-14,202306010511,2017100437,16,インターミッション,0,2023,0.161609903,0.195714235
2023-01-14,202310010102,2020100909,1,ジューンオレンジ,1,2023,0.291241854,0.304183781
2023-01-14,202310010102,2020106537,3,ウィルオブラガー,0,2023,0.113517940,0.101957701
2023-01-14,202310010102,2020103056,4,ヴァルダリス,0,2023,0.316309959,0.320996612
2023-01-14,202310010102,2020105310,5,イースターエッグ,1,2023,0.247155964,0.258351475
2023-01-14,202310010102,2020105757,8,グスタール,0,2023,0.411107838,0.399401367
2023-01-14,202310010102,2020100167,9,ケサランパサラン,0,2023,0.111984938,0.120594449
2023-01-14,202310010102,2020104349,12,キースケデシュ,0,2023,0.101013124,0.106788047
2023-01-14,202310010102,2020106121,16,カッテミル,0,2023,0.319915026,0.331120074
2023-01-14,202310010102,2020101852,17,ニードレストゥセイ,0,2023,0.202846304,0.201181144
2023-01-14,202310010112,2018105239,1,プラウドルック,0,2023,0.112622224,0.109881483
2023-01-14,202310010112,2019107075,2,ブランデーロック,1,2023,0.369661093,0.355516016
2023-01-14,202310010112,2018105231,3,ラヴォルタ,0,2023,0.322813451,0.315700591
2023-01-14,202310010112,2019104078,4,メイショウグラニー,1,2023,0.115625091,0.113640219
2023-01-14,202310010112,2019100772,5,ポルタフォルトゥナ,1,2023,0.267724246,0.264246970
2023-01-14,202310010112,2018100773,6,ユナイテッドハーツ,0,2023,0.101857193,0.093238443
2023-01-14,202310010112,2018106200,8,メイショウヒゾッコ,0,2023,0.022769202,0.021746391
2023-01-14,202310010112,2019104818,9,メイケイバートン,0,2023,0.355363071,0.341990918
2023-01-14,202310010112,2019104693,10,ポメランチェ,0,2023,0.093789719,0.084135212
2023-01-14,202310010112,2018100480,11,デルマヤクシ,0,2023,0.084413968,0.081725031
2023-01-14,202310010112,2019101743,12,タムロキュラムン,0,2023,0.129808947,0.125503287
2023-01-14,202310010112,2016100059,13,アランチオーネ,0,2023,0.010143809,0.008837213
2023-01-14,202310010112,2019103656,14,コイニオチテ,0,2023,0.046616197,0.038453653
2023-01-14,202310010112,2019102041,15,アドヴァイス,0,2023,0.109039769,0.095118865
2023-01-14,202310010112,2019100604,16,ヤマニンアンフィル,0,2023,0.234458759,0.248169750
2023-01-14,202310010112,2019100666,17,イラーレ,0,2023,0.520036936,0.595866323
2023-01-14,202310010112,2018103063,18,フィルムスコア,0,2023,0.166294292,0.164067149
2023-01-15,202306010609,2019104470,1,キミワクイーン,1,2023,0.579913139,0.580667078
2023-01-15,202306010609,2018100756,2,シュアーヴアリア,0,2023,0.271527141,0.276439637
2023-01-15,202306010609,2017100461,3,ワンスカイ,0,2023,0.405690074,0.409461081
2023-01-15,202306010609,2017100511,4,アールクインダム,0,2023,0.184661970,0.177679256
2023-01-15,202306010609,2017101693,5,コスモカルナック,1,2023,0.393147022,0.381558448
2023-01-15,202306010609,2017102946,6,オシリスブレイン,1,2023,0.171595395,0.152425170
2023-01-15,202306010609,2018103932,7,フミロア,0,2023,0.091468766,0.097959876
2023-01-15,202306010609,2019101763,8,グランアリエル,0,2023,0.288632303,0.279364586
2023-01-15,202306010609,2017100969,9,ショウナンバービー,0,2023,0.202406839,0.204386875
2023-01-15,202306010609,2018100650,10,ゼログラヴィティ,0,2023,0.362436354,0.341429740
2023-01-15,202306010609,2016101956,11,オルダージュ,0,2023,0.080306143,0.072656140
2023-01-15,202306010612,2017101571,1,サイヤダンサー,1,2023,0.374017090,0.349357694
2023-01-15,202306010612,2018105874,2,ルルローズ,0,2023,0.507408023,0.502042770
2023-01-15,202306010612,2017102095,3,セルレア,0,2023,0.224319816,0.243505120
2023-01-15,202306010612,2019104451,4,ビーオンザマーチ,1,2023,0.231846020,0.218964934
2023-01-15,202306010612,2017101919,5,コスモカッティーボ,0,2023,0.049352836,0.051764388
2023-01-15,202306010612,2019100210,6,ウインバグース,1,2023,0.708124340,0.701694667
2023-01-15,202306010612,2019103806,7,ベルウッドブラボー,0,2023,0.514326274,0.522386789
2023-01-15,202306010612,2019103136,8,シゲルファンノユメ,0,2023,0.340437144,0.344485015
2023-01-15,202306010612,2016106316,9,ミモザイエロー,0,2023,0.099312440,0.096742935
2023-01-15,202306010612,2017104234,10,スズノヤマト,0,2023,0.136667311,0.135145649
2023-01-15,202310010202,2020109130,1,ベルボールドナイン,0,2023,0.133401096,0.145423800
2023-01-15,202310010202,2020104500,3,アシリパ,0,2023,0.024839118,0.022442307
2023-01-15,202310010202,2020102377,4,サンタアナテソーロ,1,2023,0.352856755,0.368928194
2023-01-15,202310010202,2020103962,11,ステークホルダー,1,2023,0.430567205,0.437965274
2023-01-15,202310010209,2019104697,1,ショウナンマッハ,0,2023,0.160839960,0.152393922
2023-01-15,202310010209,2019100652,2,ハギノモーリス,0,2023,0.191908300,0.193293154
2023-01-15,202310010209,2019103010,3,オードゥメール,0,2023,0.171529472,0.186841160
2023-01-15,202310010209,2019103065,4,ゼットレヨン,0,2023,0.067622803,0.088360347
2023-01-15,202310010209,2019104772,5,セリノーフォス,0,2023,0.179097876,0.188819081
2023-01-15,202310010209,2018105873,6,ミキノバスドラム,0,2023,0.052731670,0.053059321
2023-01-15,202310010209,2019100751,7,マイネルレノン,0,2023,0.354111016,0.385650992
2023-01-15,202310010209,2019105050,8,メルヴィル,0,2023,0.350041658,0.405380726
2023-01-15,202310010209,2018110001,9,ジュストコル,0,2023,0.275812387,0.296490520
2023-01-15,202310010209,2017105126,10,チャイカ,0,2023,0.126335010,0.126753479
2023-01-15,202310010209,2019104386,11,トーセンサンダー,1,2023,0.258568704,0.265469402
2023-01-15,202310010209,2019104915,12,バンデルオーラ,1,2023,0.324570209,0.338661730
2023-01-15,202310010209,2018100636,13,ステラダイヤ,0,2023,0.080871031,0.088368028
2023-01-15,202310010209,2017100519,14,サクセスハーモニー,0,2023,0.017430043,0.019058470
2023-01-15,202310010209,2019100214,15,ウインモナーク,1,2023,0.239662468,0.255397052
2023-01-15,202310010209,2018103296,16,サニーオーシャン,0,2023,0.031352405,0.033374716
2023-01-15,202310010209,2019102436,17,ミズノコキュウ,0,2023,0.135904327,0.153946742
2023-01-15,202310010209,2019101917,18,エテルナメンテ,0,2023,0.113599934,0.122287624
2023-01-15,202310010212,2019101899,1,ハーディローズ,0,2023,0.024884585,0.026319548
2023-01-15,202310010212,2019100292,2,ダレモトメラレナイ,1,2023,0.365297884,0.357007742
2023-01-15,202310010212,2016102111,3,ファタリテ,0,2023,0.152735516,0.160457194
2023-01-15,202310010212,2018105965,4,エイシンディアデム,0,2023,0.036616839,0.034514122
2023-01-15,202310010212,2019105128,5,プルサティーラ,0,2023,0.280899912,0.270852059
2023-01-15,202310010212,2019100986,6,イチローイチロー,0,2023,0.041569829,0.036613863
2023-01-15,202310010212,2018101951,7,タガノスペルノヴァ,0,2023,0.256370038,0.219404519
2023-01-15,202310010212,2019106596,8,バトルシャイニング,1,2023,0.065682165,0.059070118
2023-01-15,202310010212,2019101313,9,ルクスランページ,0,2023,0.046793569,0.038536895
2023-01-15,202310010212,2019101031,10,サミュエル,0,2023,0.150568947,0.145115748
2023-01-15,202310010212,2018104559,11,ナリタローゼ,0,2023,0.327050984,0.336591095
2023-01-15,202310010212,2019106707,12,クインズコスモス,0,2023,0.351609021,0.379545212
2023-01-15,202310010212,2019109140,13,ヒノクニ,1,2023,0.197064370,0.215348080
2023-01-15,202310010212,2019104686,14,アキバ,0,2023,0.327483624,0.341154814
2023-01-15,202310010212,2017104849,15,ラッシュアップ,0,2023,0.126943931,0.147083834
2023-01-15,202310010212,2017100643,16,ヨンウォニ,0,2023,0.100813136,0.091307476
2023-01-21,202310010309,2020105895,1,フォルテース,0,2023,0.479822338,0.492925018
2023-01-21,202310010309,2020102940,2,ダンシングニードル,0,2023,0.543895900,0.557086885
2023-01-21,202310010309,2020100236,4,ニシノトキメキ,1,2023,0.294484973,0.298839241
2023-01-21,202310010309,2020103261,5,アウクソー,0,2023,0.158924893,0.175276384
2023-01-21,202310010309,2020105400,6,タマモブラックタイ,1,2023,0.246637449,0.229926854
2023-01-21,202310010309,2020104194,7,ルーフ,1,2023,0.490559578,0.492906839
2023-01-21,202310010309,2020103191,8,ブライトサイン,0,2023,0.111412406,0.111488618
2023-01-21,202310010312,2019104356,1,ディオアステリア,1,2023,0.235539466,0.234087765
2023-01-21,202310010312,2019103584,2,オラヴェリタス,0,2023,0.225506589,0.234283432
2023-01-21,202310010312,2018105518,3,ダブルスナッチ,0,2023,0.238558710,0.241913721
2023-01-21,202310010312,2019103200,4,ネイキッドハート,0,2023,0.196215987,0.179750621
2023-01-21,202310010312,2019105526,5,ミッキーチャレンジ,0,2023,0.429988474,0.403372467
2023-01-21,202310010312,2018104471,6,グレイトミッション,0,2023,0.204469457,0.200016752
2023-01-21,202310010312,2019106707,7,クインズコスモス,0,2023,0.208422318,0.206582904
2023-01-21,202310010312,2018101782,8,コスモサンレミ,0,2023,0.150336131,0.142295554
2023-01-21,202310010312,2019101899,9,ハーディローズ,0,2023,0.022581385,0.026061842
2023-01-21,202310010312,2017103309,10,ホウオウエンジェル,0,2023,0.316037893,0.268688947
2023-01-21,202310010312,2019109123,11,ミミグッド,0,2023,0.025925277,0.023256905
2023-01-21,202310010312,2019106086,12,ニホンピロポート,0,2023,0.094227299,0.085315771
2023-01-21,202310010312,2017100643,13,ヨンウォニ,0,2023,0.030637033,0.030691450
2023-01-21,202310010312,2018102585,14,ロードラスター,1,2023,0.201303378,0.193367153
2023-01-21,202310010312,2019103143,15,アスクチャンプガイ,0,2023,0.042973157,0.038829084
2023-01-21,202310010312,2019106596,16,バトルシャイニング,1,2023,0.179475233,0.185466990
2023-01-21,202310010312,2019100667,17,アランヴェリテ,0,2023,0.185344040,0.176353827
2023-01-22,202310010402,2020106971,1,ニジノテンシ,0,2023,0.042971786,0.047586869
2023-01-22,202310010402,2020103607,2,ウインターズテイル,0,2023,0.164173305,0.159178808
2023-01-22,202310010402,2020102294,3,スイープラン,1,2023,0.286290407,0.284783989
2023-01-22,202310010402,2020101802,4,コズミックコール,0,2023,0.131238446,0.134949133
2023-01-22,202310010402,2020104545,7,スマートメイプル,0,2023,0.312507361,0.372370571
2023-01-22,202310010402,2020102840,8,ブーバー,0,2023,0.262855381,0.265381545
2023-01-22,202310010402,2020104087,9,グランツベリー,0,2023,0.230771527,0.219778508
2023-01-22,202310010402,2020103969,10,ヨウシタンレイ,0,2023,0.226378053,0.246798843
2023-01-22,202310010402,2020100504,13,ミレディ,1,2023,0.064975396,0.064397365
2023-01-22,202310010402,2020100210,14,ワタシハマジョ,0,2023,0.025609981,0.023788707
2023-01-22,202310010402,2020103094,17,バロックダンス,0,2023,0.404037625,0.404273212
2023-01-22,202310010402,2020101763,18,トーホウフランゴ,1,2023,0.200050026,0.201927111
2023-01-22,202310010406,2020106395,1,エイユーマックス,0,2023,0.137779102,0.138901711
2023-01-22,202310010406,2020104175,3,カシノインディード,0,2023,0.192012966,0.199080229
2023-01-22,202310010406,2020104758,7,ゴコウサス,0,2023,0.327210337,0.330387175
2023-01-22,202310010406,2020100329,8,テセラフィリア,0,2023,0.012455060,0.013062366
2023-01-22,202310010406,2020106055,9,アナザームーン,0,2023,0.069493584,0.068486430
2023-01-22,202310010406,2020106149,12,アスキーアート,1,2023,0.031846784,0.035898488
2023-01-22,202310010406,2020100441,13,ハナサキポプラ,0,2023,0.077005304,0.077584311
2023-01-22,202310010406,2020103775,14,サトノラピス,0,2023,0.044682723,0.045204047
2023-01-22,202310010406,2020106537,15,ウィルオブラガー,0,2023,0.186544836,0.174793899
2023-01-22,202310010406,2020101492,17,シンリンゲンカイ,0,2023,0.260543615,0.241314039
2023-01-22,202310010409,2019101032,1,ユキヤナギ,0,2023,0.072549313,0.081377849
2023-01-22,202310010409,2019105241,2,ビップシュプリーム,1,2023,0.348792225,0.339946866
2023-01-22,202310010409,2018106601,3,テセウス,0,2023,0.256065816,0.228914514
2023-01-22,202310010409,2018102069,4,ラナキラ,0,2023,0.344883889,0.354068518
2023-01-22,202310010409,2017101991,5,テンジュイン,0,2023,0.300163507,0.303360790
2023-01-22,202310010409,2019104995,6,ショウナンナウシカ,0,2023,0.051876970,0.056626402
2023-01-22,202310010409,2019102009,7,クランシリーニー,0,2023,0.122185051,0.126800925
2023-01-22,202310010409,2019106682,8,ロックユアハート,0,2023,0.194262356,0.187888712
2023-01-22,202310010409,2019102456,9,ナバロン,0,2023,0.224729702,0.230845809
2023-01-22,202310010409,2019101262,10,ショウナンアメリア,0,2023,0.183716238,0.180164546
2023-01-22,202310010409,2019100292,11,ダレモトメラレナイ,1,2023,0.452324808,0.461676985
2023-01-22,202310010409,2019101031,12,サミュエル,1,2023,0.101565234,0.102353923
2023-01-28,202310010502,2020101966,1,ダイシンベスパ,0,2023,0.163788736,0.168219462
2023-01-28,202310010502,2020100120,2,レジーナルージュ,0,2023,0.054882009,0.055739470
2023-01-28,202310010502,2020102257,6,モズメルベイユ,0,2023,0.153680727,0.158108667
2023-01-28,202310010502,2020105787,9,アントルメグラッセ,0,2023,0.169799075,0.170092911
2023-01-28,202310010502,2020106121,10,カッテミル,0,2023,0.437209517,0.458836675
2023-01-28,202310010502,2020104741,11,オリビアミノル,0,2023,0.153085291,0.166934326
2023-01-28,202310010502,2020103962,13,ステークホルダー,1,2023,0.585988998,0.589212418
2023-01-28,202310010502,2020101124,15,ビービータンバム,0,2023,0.090448968,0.091308385
2023-01-28,202310010502,2020102468,16,トーセンサウダージ,0,2023,0.290361285,0.299259335
2023-01-28,202310010511,2018106455,1,メイショウハボタン,1,2023,0.232297674,0.217553705
2023-01-28,202310010511,2018104534,2,アスクキングコング,0,2023,0.213354871,0.172336102
2023-01-28,202310010511,2017101919,3,コスモカッティーボ,0,2023,0.039861180,0.044285722
2023-01-28,202310010511,2017102940,4,ワンダーカタリナ,0,2023,0.294185698,0.274843186
2023-01-28,202310010511,2019109094,5,ブッシュガーデン,0,2023,0.405061066,0.392688781
2023-01-28,202310010511,2019109140,6,ヒノクニ,0,2023,0.146313637,0.143651277
2023-01-28,202310010511,2019104108,7,エナジーグラン,1,2023,0.294157177,0.289652884
2023-01-28,202310010511,2019104386,8,トーセンサンダー,0,2023,0.314024121,0.325389951
2023-01-28,202310010511,2017100416,9,リーゼントフラム,0,2023,0.157136336,0.161878467
2023-01-28,202310010511,2018102491,10,メイショウエニシア,0,2023,0.106813796,0.095226862
2023-01-28,202310010511,2018100808,11,アラモードバイオ,0,2023,0.173602715,0.188425303
2023-01-28,202310010511,2018104239,12,クープドクール,0,2023,0.066682197,0.062059753
2023-01-28,202310010511,2018101964,13,アルムファーツリー,1,2023,0.100460559,0.092479281
2023-01-28,202310010511,2019100214,14,ウインモナーク,0,2023,0.503765106,0.474480957
2023-01-28,202310010511,2018103296,15,サニーオーシャン,0,2023,0.038654037,0.049536698
2023-01-28,202310010511,2019103562,16,ダテボレアス,0,2023,0.154449299,0.146345764
2023-01-28,202310010511,2019102856,17,トーホウラビアン,0,2023,0.142745346,0.127535298
2023-01-28,202310010511,2018106391,18,メイショウイジゲン,0,2023,0.063030750,0.057100259
2023-01-28,202310010512,2019105493,1,トーホウデュラン,0,2023,0.269464761,0.267256796
2023-01-28,202310010512,2017101991,2,テンジュイン,0,2023,0.258752763,0.240104720
2023-01-28,202310010512,2017104895,4,ダノンカオス,1,2023,0.185745969,0.176607177
2023-01-28,202310010512,2019105412,5,プリモカリーナ,0,2023,0.334587663,0.313566715
2023-01-28,202310010512,2019104493,6,メリトクラシー,0,2023,0.047972113,0.050054472
2023-01-28,202310010512,2018100773,7,ユナイテッドハーツ,0,2023,0.130030409,0.128636837
2023-01-28,202310010512,2019103814,8,スカイトレイル,0,2023,0.065635562,0.063562483
2023-01-28,202310010512,2018100618,9,トーホウジュナール,1,2023,0.210820958,0.222588181
2023-01-28,202310010512,2017103023,10,スウィートメリナ,0,2023,0.048482958,0.050365914
2023-01-28,202310010512,2018106200,11,メイショウヒゾッコ,0,2023,0.046225317,0.041316595
2023-01-28,202310010512,2019101262,12,ショウナンアメリア,1,2023,0.163955212,0.174227968
2023-01-28,202310010512,2019104824,13,タイニープライド,0,2023,0.124559000,0.113205485
2023-01-28,202310010512,2018106366,14,センドハーマイラブ,0,2023,0.169330239,0.150012925
2023-01-28,202310010512,2019100666,15,イラーレ,0,2023,0.475892693,0.473964453
2023-01-28,202310010512,2018105201,16,デイトンウェイ,0,2023,0.072025038,0.068545610
2023-01-28,202310010512,2019105130,17,プラソン,0,2023,0.121973194,0.119644977
2023-01-28,202310010512,2017104849,18,ラッシュアップ,0,2023,0.104802065,0.122209772
2023-01-29,202307011011,2017105541,1,シャインガーネット,0,2023,0.169249699,0.170271814
2023-01-29,202307011011,2019103753,2,ナムラクレア,1,2023,0.448818982,0.428104877
2023-01-29,202307011011,2016104787,3,グルーヴィット,0,2023,0.142719880,0.156859070
2023-01-29,202307011011,2016103143,4,エイティーンガール,0,2023,0.071119554,0.080435961
2023-01-29,202307011011,2018100032,5,シゲルピンクルビー,0,2023,0.171101585,0.177428856
2023-01-29,202307011011,2018104029,6,レイハリア,0,2023,0.102276988,0.097152360
2023-01-29,202307011011,2016110152,7,マリアズハート,0,2023,0.145707756,0.139335662
2023-01-29,202307011011,2019110020,8,マッドクール,1,2023,0.503219962,0.510729432
2023-01-29,202307011011,2016102197,9,ファストフォース,1,2023,0.127389580,0.128519773
2023-01-29,202307011011,2016103415,10,ショウナンバニラ,0,2023,0.066454038,0.064101696
2023-01-29,202307011011,2019103422,11,テイエムスパーダ,0,2023,0.175390065,0.183665544
2023-01-29,202307011011,2015105850,12,カイザーメランジェ,0,2023,0.028932160,0.030987922
2023-01-29,202307011011,2015101028,13,キルロード,0,2023,0.304091632,0.295166969
2023-01-29,202307011011,2019100213,14,ウインマーベル,0,2023,0.389408201,0.409840316
2023-01-29,202307011011,2019106526,15,トウシンマカオ,0,2023,0.271619052,0.277567297
2023-01-29,202310010602,2020105031,3,シュハリ,0,2023,0.054542854,0.056158535
2023-01-29,202310010602,2020100347,4,クリノリアルレディ,0,2023,0.027270798,0.032165870
2023-01-29,202310010602,2020100312,7,リュウノステルス,0,2023,0.038113080,0.044145852
2023-01-29,202310010602,2020109067,10,リサリサ,1,2023,0.252052844,0.245564297
2023-01-29,202310010602,2020105757,12,グスタール,1,2023,0.422470123,0.409848034
2023-01-29,202310010602,2020104349,13,キースケデシュ,0,2023,0.145055160,0.144113362
2023-01-29,202310010602,2020106263,15,ピンポンマム,0,2023,0.301651806,0.288119286
2023-01-29,202310010602,2020103588,17,マテンロウナイト,0,2023,0.073371224,0.083847135
2023-01-29,202310010608,2017103309,1,ホウオウエンジェル,1,2023,0.410242856,0.370726645
2023-01-29,202310010608,2018110123,2,オリンピックデイ,0,2023,0.411767423,0.411247969
2023-01-29,202310010608,2019110067,3,マスキエッタ,0,2023,0.150671065,0.169217572
2023-01-29,202310010608,2016102111,4,ファタリテ,0,2023,0.105595171,0.097243428
2023-01-29,202310010608,2018104330,5,ランスオブミューズ,0,2023,0.157078877,0.158168405
2023-01-29,202310010608,2017103973,6,タツオウカケンラン,0,2023,0.051202241,0.046614002
2023-01-29,202310010608,2018106443,7,クレイジーリッチ,0,2023,0.056408826,0.054776642
2023-01-29,202310010608,2018106601,8,テセウス,0,2023,0.186927557,0.185627103
2023-01-29,202310010608,2017100169,9,ソルトキャピタル,0,2023,0.175172329,0.179957747
2023-01-29,202310010608,2019100643,11,エクロール,0,2023,0.150065839,0.150839657
2023-01-29,202310010608,2019104002,12,タイキバンディエラ,0,2023,0.160609275,0.158741370
2023-01-29,202310010608,2019106194,13,コーリングユー,1,2023,0.296104908,0.294595152
2023-01-29,202310010608,2018105965,14,エイシンディアデム,0,2023,0.057658236,0.055688925
2023-01-29,202310010608,2019103360,15,ジョーブリッランテ,1,2023,0.105537087,0.111403607
2023-01-29,202310010611,2017106264,1,ビアイ,0,2023,0.124012820,0.116783418
2023-01-29,202310010611,2018104936,2,ジャカランダレーン,0,2023,0.117203802,0.120684005
2023-01-29,202310010611,2019101903,3,ブレスレスリー,0,2023,0.377354592,0.330586493
2023-01-29,202310010611,2017110041,4,サトノジヴェルニー,0,2023,0.094100893,0.098046824
2023-01-29,202310010611,2017103895,5,テーオーマルクス,0,2023,0.032213777,0.028802082
2023-01-29,202310010611,2018103084,6,カバーガール,0,2023,0.086104639,0.087334692
2023-01-29,202310010611,2017101248,7,コスモアンジュ,0,2023,0.089096099,0.095314257
2023-01-29,202310010611,2019102576,8,クリノマジン,1,2023,0.245512381,0.242104754
2023-01-29,202310010611,2019106184,9,カフジテトラゴン,0,2023,0.280646652,0.272534043
2023-01-29,202310010611,2018106389,10,メイショウツツジ,0,2023,0.116655193,0.122854166
2023-01-29,202310010611,2017104138,11,グランレイ,1,2023,0.213971853,0.195433348
2023-01-29,202310010611,2019102522,12,ドグマ,0,2023,0.293631226,0.319187552
2023-01-29,202310010611,2018104949,13,フォイアーロート,0,2023,0.091531694,0.092612997
2023-01-29,202310010611,2018105223,14,モンファボリ,0,2023,0.124914512,0.135095865
2023-01-29,202310010611,2016101153,15,ダノンシティ,0,2023,0.067751296,0.059809685
2023-01-29,202310010611,2017104067,16,タマモティータイム,0,2023,0.136551395,0.128478333
2023-01-29,202310010611,2018100652,17,ファイアダンサー,0,2023,0.233410209,0.229004219
2023-01-29,202310010611,2018101452,18,スンリ,1,2023,0.220381588,0.209916726
2023-02-04,202310010709,2020101217,1,アスクドリームモア,1,2023,0.207968548,0.219795734
2023-02-04,202310010709,2020103267,3,アトモストリミッツ,0,2023,0.242127895,0.248320788
2023-02-04,202310010709,2020102132,4,トレンディスター,1,2023,0.350256950,0.367700905
2023-02-04,202310010709,2020103284,5,トールキン,1,2023,0.224407807,0.242208764
2023-02-04,202310010709,2020101262,6,エコロレジーナ,0,2023,0.278274298,0.295404166
2023-02-04,202310010709,2020102049,8,ハウピア,0,2023,0.208767265,0.211497828
2023-02-04,202310010709,2020109134,9,セロンテソーロ,0,2023,0.080646507,0.069405213
2023-02-04,202310010709,2020106343,10,ユカリプレリュード,0,2023,0.295876503,0.304798990
2023-02-04,202310010709,2020100909,11,ジューンオレンジ,0,2023,0.363083720,0.363007426
2023-02-04,202310010709,2020103962,12,ステークホルダー,0,2023,0.501739264,0.507992923
2023-02-04,202310010709,2020106737,13,メイショウコギク,0,2023,0.212724224,0.228091955
2023-02-04,202310010712,2019104078,1,メイショウグラニー,1,2023,0.260082364,0.250183344
2023-02-04,202310010712,2019104356,2,ディオアステリア,1,2023,0.338033915,0.325344831
2023-02-04,202310010712,2019102240,3,マメコ,0,2023,0.299100727,0.275002241
2023-02-04,202310010712,2018104762,4,キャニオニング,0,2023,0.109240003,0.118327476
2023-02-04,202310010712,2018102669,5,スズノナデシコ,1,2023,0.201789126,0.201871410
2023-02-04,202310010712,2019105105,6,ヴィルチュオーズ,0,2023,0.028185472,0.032697286
2023-02-04,202310010712,2019106510,7,ユキノエリザベス,0,2023,0.095765963,0.080775663
2023-02-04,202310010712,2019101743,8,タムロキュラムン,0,2023,0.099723190,0.108954839
2023-02-04,202310010712,2019102062,9,ハルカナネガイ,0,2023,0.139455825,0.124194100
2023-02-04,202310010712,2018105444,10,レインボークラウド,0,2023,0.058561973,0.061126679
2023-02-04,202310010712,2019104549,11,テンメジャーガール,0,2023,0.201020300,0.198888153
2023-02-04,202310010712,2019104943,12,コルカノン,0,2023,0.115793407,0.120389000
2023-02-04,202310010712,2019100593,13,フラッシュアーク,0,2023,0.157142863,0.153929085
2023-02-04,202310010712,2019106028,14,ピースキーパー,0,2023,0.227020174,0.230748683
2023-02-04,202310010712,2019100772,15,ポルタフォルトゥナ,0,2023,0.335841089,0.316466331
2023-02-04,202310010712,2018104745,16,シゲルオテンバ,0,2023,0.099256150,0.090947658
2023-02-04,202310010712,2017105132,17,パラティーノヒル,0,2023,0.015159141,0.014408376
2023-02-04,202310010712,2018102069,18,ラナキラ,0,2023,0.224268809,0.214047477
2023-02-05,202307011212,2017102178,1,メルテッドハニー,0,2023,0.125209451,0.132018462
2023-02-05,202307011212,2017100416,2,リーゼントフラム,1,2023,0.295843273,0.290929228
2023-02-05,202307011212,2018109052,3,エコロデイジー,1,2023,0.411344647,0.434960485
2023-02-05,202307011212,2018102551,4,エスジープリンセス,0,2023,0.271221578,0.279522032
2023-02-05,202307011212,2018101573,5,セイレーン,0,2023,0.255764693,0.249474257
2023-02-05,202307011212,2015102013,6,クリノカサット,0,2023,0.019738374,0.017667968
2023-02-05,202307011212,2019101917,7,エテルナメンテ,0,2023,0.396304160,0.426091194
2023-02-05,202307011212,2018106305,8,テーオーディエス,0,2023,0.136973873,0.136329502
2023-02-05,202307011212,2017102095,9,セルレア,0,2023,0.270677865,0.259644449
2023-02-05,202307011212,2019100210,10,ウインバグース,1,2023,0.644397020,0.646606982
2023-02-05,202307011212,2016102801,11,ロングファイナリー,0,2023,0.080390580,0.094118185
2023-02-05,202310010806,2020104987,1,サンライズサラー,0,2023,0.486406088,0.470092773
2023-02-05,202310010806,2020106149,2,アスキーアート,0,2023,0.136409834,0.133408397
2023-02-05,202310010806,2020105310,3,イースターエッグ,0,2023,0.314354539,0.295789927
2023-02-05,202310010806,2020102377,7,サンタアナテソーロ,0,2023,0.331355184,0.351756006
2023-02-05,202310010806,2020102488,8,トーセンエスクード,1,2023,0.604503393,0.599644005
2023-02-05,202310010806,2020100372,9,ハイネス,0,2023,0.082028963,0.092702009
2023-02-05,202310010806,2020103870,11,ウィズアットダンス,0,2023,0.078732155,0.077324100
2023-02-05,202310010806,2020104175,14,カシノインディード,0,2023,0.182563365,0.179648697
2023-02-05,202310010806,2020100210,17,ワタシハマジョ,0,2023,0.013585223,0.012583853
2023-02-05,202310010809,2018101951,1,タガノスペルノヴァ,1,2023,0.100630641,0.103919610
2023-02-05,202310010809,2017104453,2,マイネルチューダ,0,2023,0.138760597,0.137340859
2023-02-05,202310010809,2016100930,3,パルフェアンジュ,0,2023,0.028377928,0.028508551
2023-02-05,202310010809,2019106589,4,タマモテラコッタ,0,2023,0.124019682,0.123348705
2023-02-05,202310010809,2019103360,5,ジョーブリッランテ,0,2023,0.173270732,0.172945231
2023-02-05,202310010809,2019101005,6,タイセイブリリオ,1,2023,0.227253884,0.206679210
2023-02-05,202310010809,2019104930,7,スクリーンショット,0,2023,0.188740388,0.194314331
2023-02-05,202310010809,2019105297,8,ニューノーマル,0,2023,0.086209029,0.094295017
2023-02-05,202310010809,2019104995,9,ショウナンナウシカ,0,2023,0.065614574,0.068040527
2023-02-05,202310010809,2019105526,10,ミッキーチャレンジ,0,2023,0.455073088,0.464321256
2023-02-05,202310010809,2019105241,11,ビップシュプリーム,0,2023,0.298857719,0.299796283
2023-02-05,202310010809,2019107016,12,ウナギノボリ,0,2023,0.092521094,0.097985178
2023-02-05,202310010809,2019100604,13,ヤマニンアンフィル,1,2023,0.196990758,0.201172858
2023-02-05,202310010809,2017104724,14,エヴァジョーネ,0,2023,0.050392743,0.052780360
2023-02-05,202310010809,2019104361,15,テーオースパロー,0,2023,0.149593964,0.152720854
2023-02-05,202310010809,2019100910,16,ゼンノテンバ,0,2023,0.182421595,0.177412570
2023-02-05,202310010809,2018105518,17,ダブルスナッチ,0,2023,0.230566129,0.220534056
2023-02-05,202310010809,2019103193,18,トリップトゥムーン,0,2023,0.263441205,0.251792341
2023-02-11,202310020106,2020100167,1,ケサランパサラン,0,2023,0.098034985,0.103273287
2023-02-11,202310020106,2020105757,2,グスタール,0,2023,0.464046329,0.449871689
2023-02-11,202310020106,2020102328,4,メーテルコート,0,2023,0.255713791,0.272033513
2023-02-11,202310020106,2020102074,5,スクリプタム,0,2023,0.041489203,0.040911451
2023-02-11,202310020106,2020104349,6,キースケデシュ,0,2023,0.128284305,0.116276257
2023-02-11,202310020106,2020101700,9,テイエムクリエイト,0,2023,0.112668045,0.112942062
2023-02-11,202310020106,2020100605,10,マーレイン,0,2023,0.073475540,0.077580146
2023-02-11,202310020106,2020101372,11,クリノエンジェル,0,2023,0.080828540,0.088307291
2023-02-11,202310020106,2020103159,13,クリノアグレッシブ,0,2023,0.140426964,0.157859981
2023-02-11,202310020106,2020104758,14,ゴコウサス,1,2023,0.554434776,0.545514345
2023-02-11,202310020106,2020101966,15,ダイシンベスパ,0,2023,0.102082148,0.098642312
2023-02-11,202310020106,2020104613,16,タツダイヤモンド,1,2023,0.396608740,0.402179092
2023-02-11,202310020106,2020103949,17,シャコンヌ,0,2023,0.036433708,0.043545056
2023-02-11,202310020106,2020106484,18,ミルレーヴ,0,2023,0.060729649,0.050065719
2023-02-11,202310020110,2019100751,1,マイネルレノン,1,2023,0.401200682,0.378080755
2023-02-11,202310020110,2017105126,2,チャイカ,0,2023,0.064708598,0.060587555
2023-02-11,202310020110,2019110065,3,コンクパール,0,2023,0.234575093,0.239735827
2023-02-11,202310020110,2018105873,4,ミキノバスドラム,0,2023,0.062606670,0.069279835
2023-02-11,202310020110,2018102585,5,ロードラスター,0,2023,0.260613143,0.277501464
2023-02-11,202310020110,2019100898,6,タッカーシルバー,0,2023,0.264297217,0.263839692
2023-02-11,202310020110,2018104534,7,アスクキングコング,0,2023,0.229256094,0.217695385
2023-02-11,202310020110,2019102751,8,ジューンヨシツネ,0,2023,0.132764250,0.128610343
2023-02-11,202310020110,2018100623,9,ミラクル,0,2023,0.080747329,0.076482706
2023-02-11,202310020110,2017104718,10,カレンヒメ,1,2023,0.105781421,0.114277393
2023-02-11,202310020110,2017102940,11,ワンダーカタリナ,0,2023,0.180016071,0.182758123
2023-02-11,202310020110,2018106391,12,メイショウイジゲン,0,2023,0.073014878,0.077229984
2023-02-11,202310020110,2019102436,13,ミズノコキュウ,0,2023,0.104652405,0.097134583
2023-02-11,202310020110,2018110001,14,ジュストコル,0,2023,0.300406814,0.314822286
2023-02-11,202310020110,2019105806,15,ドロップオブライト,1,2023,0.189748898,0.186578795
2023-02-11,202310020110,2017101919,16,コスモカッティーボ,0,2023,0.053983022,0.052814692
2023-02-11,202310020110,2019104697,17,ショウナンマッハ,0,2023,0.197130248,0.183942065
2023-02-11,202310020110,2018104260,18,マイトレジャーフジ,0,2023,0.027820470,0.028928731
2023-02-12,202310020202,2020101304,2,ラブスレンダー,0,2023,0.311111420,0.291798770
2023-02-12,202310020202,2020101492,4,シンリンゲンカイ,1,2023,0.312648088,0.290182441
2023-02-12,202310020202,2020109067,6,リサリサ,1,2023,0.417944103,0.415848613
2023-02-12,202310020202,2020100504,8,ミレディ,1,2023,0.126619264,0.121409968
2023-02-12,202310020202,2020104751,10,ゼットカレン,0,2023,0.442518741,0.462383300
2023-02-12,202310020202,2020103283,11,エルディアナ,0,2023,0.331205577,0.338570952
2023-02-12,202310020202,2020104350,14,スピルクリスティ,0,2023,0.021951530,0.022401828
2023-02-12,202310020202,2020100347,16,クリノリアルレディ,0,2023,0.031750653,0.031549286
2023-02-12,202310020206,2019101562,1,デフィデリ,0,2023,0.320538163,0.292809248
2023-02-12,202310020206,2018104663,2,タウゼントシェーン,0,2023,0.332362682,0.297147125
2023-02-12,202310020206,2018110136,3,プリファードラン,0,2023,0.189261839,0.172226638
2023-02-12,202310020206,2017103309,4,ホウオウエンジェル,0,2023,0.389418036,0.371314704
2023-02-12,202310020206,2019105587,5,ドラゴンゴクウ,0,2023,0.056691453,0.053826518
2023-02-12,202310020206,2019104147,7,シーズアクイーン,0,2023,0.022461748,0.019375740
2023-02-12,202310020206,2019102540,8,クリーンジーニアス,0,2023,0.226781413,0.233262718
2023-02-12,202310020206,2019100666,9,イラーレ,0,2023,0.471593857,0.502645791
2023-02-12,202310020206,2019105128,10,プルサティーラ,0,2023,0.144585624,0.158621147
2023-02-12,202310020206,2018104559,11,ナリタローゼ,1,2023,0.264205426,0.262302339
2023-02-12,202310020206,2018104077,12,グリュレーヴ,0,2023,0.091856875,0.095268898
2023-02-12,202310020206,2019105940,13,アリシアン,0,2023,0.226715878,0.208302081
2023-02-12,202310020206,2015105401,14,スターライトキス,0,2023,0.049774777,0.049336698
2023-02-12,202310020206,2019102041,15,アドヴァイス,1,2023,0.124176100,0.121682011
2023-02-12,202310020206,2019104498,16,インプロバイザー,1,2023,0.254288703,0.252006143
2023-02-12,202310020206,2019105538,17,カメハメハタイム,0,2023,0.055110712,0.048231408
2023-02-12,202310020206,2019103915,18,メイショウツガミネ,0,2023,0.024429318,0.023395892
2023-02-12,202310020211,2019106151,1,ヤマトコウセイ,0,2023,0.213333726,0.233608902
2023-02-12,202310020211,2017103005,2,ロードベイリーフ,0,2023,0.107741065,0.105095401
2023-02-12,202310020211,2018104041,3,マウンテンムスメ,0,2023,0.173857644,0.193667248
2023-02-12,202310020211,2017105272,4,リレーションシップ,0,2023,0.188638493,0.186718240
2023-02-12,202310020211,2016102032,5,メイショウケイメイ,0,2023,0.028415482,0.028848115
2023-02-12,202310020211,2017105443,6,ビップウインク,0,2023,0.103300318,0.106998175
2023-02-12,202310020211,2017101765,7,レジェーロ,0,2023,0.152164742,0.175050616
2023-02-12,202310020211,2019104841,8,カルネアサーダ,0,2023,0.279971272,0.307988018
2023-02-12,202310020211,2019106186,9,ダークペイジ,0,2023,0.276538938,0.268227309
2023-02-12,202310020211,2017100367,10,サトノファビュラス,0,2023,0.118182458,0.122363694
2023-02-12,202310020211,2018104331,11,ヴァトレニ,1,2023,0.269023091,0.242735088
2023-02-12,202310020211,2017104852,12,キャプテンドレイク,1,2023,0.124888338,0.108784810
2023-02-12,202310020211,2018102595,13,ロードマックス,0,2023,0.142585739,0.121179037
2023-02-12,202310020211,2015105276,14,シセイヒテン,0,2023,0.051613349,0.054410636
2023-02-12,202310020211,2017104253,15,ジュニパーベリー,0,2023,0.168516487,0.190797344
2023-02-12,202310020211,2017110172,16,ハリーバローズ,0,2023,0.185019791,0.180826783
2023-02-12,202310020211,2017105298,17,ストーンリッジ,1,2023,0.174386695,0.158416510
2023-02-12,202310020211,2016104668,18,カリボール,0,2023,0.049556930,0.051791217
2023-02-18,202310020306,2020106055,1,アナザームーン,0,2023,0.057997704,0.058734309
2023-02-18,202310020306,2020101027,3,アスクエブリーワン,0,2023,0.112601243,0.113046460
2023-02-18,202310020306,2020106149,4,アスキーアート,0,2023,0.129940659,0.136630177
2023-02-18,202310020306,2020103869,6,ミスファイト,0,2023,0.063738510,0.060805064
2023-02-18,202310020306,2020106263,7,ピンポンマム,0,2023,0.156652406,0.149384186
2023-02-18,202310020306,2020102257,8,モズメルベイユ,0,2023,0.142718181,0.151053175
2023-02-18,202310020306,2020102294,9,スイープラン,0,2023,0.435263276,0.432354510
2023-02-18,202310020306,2020102879,12,スプレンディダ,0,2023,0.360131502,0.340124309
2023-02-18,202310020306,2020104175,16,カシノインディード,0,2023,0.296455830,0.276699424
2023-02-18,202310020306,2020106462,18,カイラシ,0,2023,0.057341404,0.056769736
2023-02-18,202310020311,2019103562,1,ダテボレアス,0,2023,0.359677225,0.373027772
2023-02-18,202310020311,2019104525,2,ラキエータ,0,2023,0.154017538,0.170666829
2023-02-18,202310020311,2018101573,3,セイレーン,0,2023,0.131820589,0.130895302
2023-02-18,202310020311,2016101180,4,ヴィクトワールメイ,0,2023,0.021772152,0.023181673
2023-02-18,202310020311,2018104621,5,サトノルーチェ,0,2023,0.208932951,0.199769378
2023-02-18,202310020311,2017101767,6,ベンガン,0,2023,0.259581506,0.239996955
2023-02-18,202310020311,2018106455,7,メイショウハボタン,0,2023,0.255237997,0.276349455
2023-02-18,202310020311,2018101964,8,アルムファーツリー,0,2023,0.115080185,0.106422417
2023-02-18,202310020311,2018104250,9,ケリアテソーロ,0,2023,0.076880440,0.084459394
2023-02-18,202310020311,2017106087,10,メイショウゲンセン,1,2023,0.121369563,0.114944071
2023-02-18,202310020311,2019104078,11,メイショウグラニー,1,2023,0.237937331,0.234513968
2023-02-18,202310020311,2019104772,12,セリノーフォス,0,2023,0.120477825,0.105566822
2023-02-18,202310020311,2019101262,13,ショウナンアメリア,1,2023,0.209957346,0.204010218
2023-02-18,202310020311,2019103136,14,シゲルファンノユメ,0,2023,0.131767213,0.146374345
2023-02-18,202310020311,2018101679,15,カシノフォワード,0,2023,0.099276885,0.107968621
2023-02-18,202310020311,2018106152,16,ルルルージュ,0,2023,0.092945509,0.093398444
2023-02-18,202310020311,2019103563,17,アスターディゴン,0,2023,0.155064702,0.148549631
2023-02-18,202310020311,2019101005,18,タイセイブリリオ,0,2023,0.209684834,0.214308918
2023-02-19,202310020402,2020101770,1,トリプルウイナー,0,2023,0.308307707,0.303051412
2023-02-19,202310020402,2020106821,3,ピースフルナイト,0,2023,0.581870496,0.575801075
2023-02-19,202310020402,2020101961,5,ショウナンダグラス,0,2023,0.224234417,0.213065609
2023-02-19,202310020402,2020104598,7,ショウナンアウリイ,0,2023,0.101881012,0.096025236
2023-02-19,202310020402,2020101724,12,サーフライド,0,2023,0.031669967,0.034526784
2023-02-19,202310020402,2020101371,16,クリノビッグママ,0,2023,0.047789302,0.049787115
2023-02-19,202310020402,2020104079,18,キラールージュ,0,2023,0.026153317,0.029586781
2023-02-19,202310020408,2018104324,1,モンストルシチー,0,2023,0.050069615,0.047678906
2023-02-19,202310020408,2017103023,2,スウィートメリナ,0,2023,0.067004502,0.069114313
2023-02-19,202310020408,2019105507,3,リヴォリ,0,2023,0.563205719,0.568620563
2023-02-19,202310020408,2019103814,4,スカイトレイル,0,2023,0.083060890,0.097480118
2023-02-19,202310020408,2019105044,5,アドマイヤラヴィ,1,2023,0.358022124,0.382572353
2023-02-19,202310020408,2017104895,6,ダノンカオス,1,2023,0.266681194,0.255349100
2023-02-19,202310020408,2018103805,7,ソニックムーヴ,0,2023,0.191397622,0.191826090
2023-02-19,202310020408,2016102111,8,ファタリテ,0,2023,0.078784190,0.069612168
2023-02-19,202310020408,2019106086,9,ニホンピロポート,0,2023,0.053485982,0.056467064
2023-02-19,202310020408,2019105738,10,ピンクセイラー,0,2023,0.199742705,0.178700969
2023-02-19,202310020408,2017103973,11,タツオウカケンラン,0,2023,0.076433785,0.078701794
2023-02-19,202310020408,2017101991,12,テンジュイン,0,2023,0.115868852,0.130046368
2023-02-19,202310020408,2019101032,13,ユキヤナギ,0,2023,0.085206360,0.087290518
2023-02-19,202310020408,2017101448,14,ウインアステロイド,1,2023,0.165583581,0.168873370
2023-02-19,202310020408,2018100618,15,トーホウジュナール,0,2023,0.439989209,0.482813358
2023-02-19,202310020408,2019104943,16,コルカノン,0,2023,0.150035471,0.155824855
2023-02-19,202310020408,2019105493,17,トーホウデュラン,0,2023,0.155624986,0.155084208
2023-02-19,202310020408,2017103328,18,ウインドラブリーナ,0,2023,0.024099810,0.016344588
2023-02-19,202310020412,2018103262,1,オールマイフレンズ,0,2023,0.035484578,0.039341297
2023-02-19,202310020412,2017103323,2,ミーハディビーナ,0,2023,0.038244173,0.038774032
2023-02-19,202310020412,2018104627,3,アーダレイ,0,2023,0.080230176,0.079101935
2023-02-19,202310020412,2018104471,4,グレイトミッション,0,2023,0.185801864,0.170544118
2023-02-19,202310020412,2019105249,5,マリーナドンナ,0,2023,0.087598227,0.088881247
2023-02-19,202310020412,2018103200,6,バーニングパワー,0,2023,0.202671155,0.203672245
2023-02-19,202310020412,2018106200,7,メイショウヒゾッコ,0,2023,0.088979356,0.087312743
2023-02-19,202310020412,2018106366,8,センドハーマイラブ,0,2023,0.117933713,0.130412877
2023-02-19,202310020412,2019105915,9,グッドグロウス,1,2023,0.262311757,0.252948582
2023-02-19,202310020412,2018105201,10,デイトンウェイ,0,2023,0.174053788,0.194797218
2023-02-19,202310020412,2019100986,11,イチローイチロー,0,2023,0.033320442,0.037328418
2023-02-19,202310020412,2017106776,12,デロリス,0,2023,0.041897513,0.040278014
2023-02-19,202310020412,2019101708,13,フローレンスハニー,0,2023,0.247665539,0.268643945
2023-02-19,202310020412,2019103897,14,ハピネスアゲン,1,2023,0.454253584,0.459488004
2023-02-19,202310020412,2019104002,15,タイキバンディエラ,0,2023,0.224083722,0.210507631
2023-02-19,202310020412,2018106601,16,テセウス,0,2023,0.105532765,0.109628066
2023-02-19,202310020412,2019102147,17,フォレクラフト,1,2023,0.094358042,0.090280607
2023-02-19,202310020412,2019103584,18,オラヴェリタス,0,2023,0.208325922,0.225567013
2023-02-25,202310020502,2020106706,1,タリア,0,2023,0.278329641,0.261652023
2023-02-25,202310020502,2020106263,2,ピンポンマム,0,2023,0.163325399,0.167444155
2023-02-25,202310020502,2020105485,3,ニシノカナン,0,2023,0.092775114,0.103242502
2023-02-25,202310020502,2020101798,5,オータムクイーン,1,2023,0.075992599,0.085230596
2023-02-25,202310020502,2020100986,6,メローラ,0,2023,0.090808943,0.089671366
2023-02-25,202310020502,2020105310,7,イースターエッグ,0,2023,0.272033185,0.265242666
2023-02-25,202310020502,2020101007,9,マテンロウナスカ,0,2023,0.021317663,0.021787440
2023-02-25,202310020502,2020104825,10,スカプラリオ,1,2023,0.045415308,0.048681397
2023-02-25,202310020502,2020100467,11,グランデスパーダ,0,2023,0.020324519,0.020397322
2023-02-25,202310020502,2020104758,12,ゴコウサス,0,2023,0.521902382,0.527822554
2023-02-25,202310020502,2020101492,13,シンリンゲンカイ,0,2023,0.302192062,0.316825211
2023-02-25,202310020502,2020102971,14,サトノグレイト,1,2023,0.426387846,0.410970330
2023-02-25,202310020502,2020101304,15,ラブスレンダー,0,2023,0.224287495,0.218037695
2023-02-25,202310020509,2020102132,1,トレンディスター,0,2023,0.402475208,0.404624999
2023-02-25,202310020509,2020110114,2,スリーアイランド,0,2023,0.526435375,0.527950883
2023-02-25,202310020509,2020106343,3,ユカリプレリュード,0,2023,0.270145446,0.271386296
2023-02-25,202310020509,2020101214,5,ミヤジトレヴ,0,2023,0.088387445,0.088476315
2023-02-25,202310020509,2020106737,7,メイショウコギク,0,2023,0.206699714,0.232561409
2023-02-25,202310020509,2020107094,9,ルイス,0,2023,0.099440977,0.090746343
2023-02-25,202310020509,2020105400,10,タマモブラックタイ,1,2023,0.288076788,0.304764479
2023-02-25,202310020509,2020100958,11,ミシェラドラータ,0,2023,0.142345175,0.152642384
2023-02-25,202310020509,2020106784,13,カナ,0,2023,0.013804917,0.013568019
2023-02-25,202310020509,2020100236,14,ニシノトキメキ,0,2023,0.209911138,0.221869007
2023-02-25,202310020509,2020109067,15,リサリサ,1,2023,0.294097185,0.304305941
2023-02-25,202310020512,2019102068,1,シャウビンダー,0,2023,0.208067164,0.188526466
2023-02-25,202310020512,2019100593,2,フラッシュアーク,0,2023,0.208562553,0.223417372
2023-02-25,202310020512,2019104356,3,ディオアステリア,0,2023,0.460984707,0.447696954
2023-02-25,202310020512,2019104361,4,テーオースパロー,0,2023,0.171763748,0.183271974
2023-02-25,202310020512,2015105401,5,スターライトキス,0,2023,0.038148694,0.036821079
2023-02-25,202310020512,2019102240,6,マメコ,1,2023,0.306767195,0.286930323
2023-02-25,202310020512,2018102053,7,ドリームアゲイン,0,2023,0.057003651,0.059849489
2023-02-25,202310020512,2018106584,8,シュアーウィナー,0,2023,0.011454917,0.012408467
2023-02-25,202310020512,2019101469,9,アルティマボス,0,2023,0.011296304,0.012288314
2023-02-25,202310020512,2019103897,11,ハピネスアゲン,1,2023,0.500959456,0.516833723
2023-02-25,202310020512,2019105587,12,ドラゴンゴクウ,0,2023,0.059218738,0.054839633
2023-02-25,202310020512,2018104938,13,ヴェールクレール,0,2023,0.274863005,0.295660675
2023-02-25,202310020512,2018104780,14,ミエノベルル,0,2023,0.059228599,0.053966735
2023-02-25,202310020512,2018100480,15,デルマヤクシ,0,2023,0.078407966,0.084908418
2023-02-25,202310020512,2018102669,16,スズノナデシコ,1,2023,0.378191561,0.392740965
2023-02-25,202310020512,2018104663,17,タウゼントシェーン,0,2023,0.264583766,0.256688803
2023-02-25,202310020512,2017101991,18,テンジュイン,0,2023,0.094200566,0.087605141
2023-02-26,202309010610,2020103284,1,トールキン,0,2023,0.217187136,0.201941073
2023-02-26,202309010610,2020103703,2,コーパスクリスティ,0,2023,0.383470386,0.365583837
2023-02-26,202309010610,2020101419,3,ブーケファロス,1,2023,0.206161126,0.178128332
2023-02-26,202309010610,2020100896,4,ビッグシーザー,1,2023,0.463117212,0.474432558
2023-02-26,202309010610,2020104954,5,ウメムスビ,0,2023,0.280310780,0.278112411
2023-02-26,202309010610,2020100815,7,ミルトクレイモー,0,2023,0.419952571,0.439353585
2023-02-26,202309010610,2020104674,8,バレリーナ,0,2023,0.399123579,0.397871494
2023-02-26,202309010610,2020103892,9,オメガシンフォニー,1,2023,0.171921447,0.185291708
2023-02-26,202309010610,2020100484,10,アームズレイン,0,2023,0.132773936,0.125456333
2023-02-26,202310020602,2020100504,4,ミレディ,0,2023,0.202376828,0.192460135
2023-02-26,202310020602,2020104983,5,マルプリ,0,2023,0.537212849,0.530197859
2023-02-26,202310020602,2020102599,6,リトルミム,1,2023,0.100655042,0.098142356
2023-02-26,202310020602,2020103588,7,マテンロウナイト,0,2023,0.085357644,0.093577005
2023-02-26,202310020602,2020101992,8,ライクアフラワー,1,2023,0.436416388,0.453076303
2023-02-26,202310020602,2020106777,9,セレッソデアモール,0,2023,0.282225341,0.276908636
2023-02-26,202310020602,2020103159,10,クリノアグレッシブ,0,2023,0.157339618,0.182957202
2023-02-26,202310020602,2020105370,13,ナックブライアン,0,2023,0.036261361,0.035711549
2023-02-26,202310020602,2020103068,15,フェアリープト,0,2023,0.129514784,0.118848920
2023-02-26,202310020602,2020100819,16,ヘイワ,0,2023,0.080387093,0.074179091
2023-02-26,202310020602,2020100891,17,ヨドノルーキー,0,2023,0.109981023,0.133104146
2023-02-26,202310020602,2020104399,18,コロネット,0,2023,0.056579433,0.055062328
2023-02-26,202310020606,2018110123,1,オリンピックデイ,0,2023,0.424356580,0.411156684
2023-02-26,202310020606,2019102041,2,アドヴァイス,0,2023,0.155570894,0.158803537
2023-02-26,202310020606,2018105144,3,チカリヨン,0,2023,0.170451134,0.171026811
2023-02-26,202310020606,2019110001,4,ショウナンハクラク,0,2023,0.152762219,0.159354746
2023-02-26,202310020606,2018100406,5,ヴィントミューレ,0,2023,0.128206164,0.126729608
2023-02-26,202310020606,2019106194,6,コーリングユー,1,2023,0.322393924,0.346351027
2023-02-26,202310020606,2018100757,7,スズアンジー,0,2023,0.021337733,0.017285241
2023-02-26,202310020606,2018105444,8,レインボークラウド,0,2023,0.070990995,0.076768011
2023-02-26,202310020606,2018101951,9,タガノスペルノヴァ,0,2023,0.172116399,0.162587807
2023-02-26,202310020606,2019100772,10,ポルタフォルトゥナ,0,2023,0.327185154,0.314800918
2023-02-26,202310020606,2018104559,11,ナリタローゼ,0,2023,0.286480635,0.260573536
2023-02-26,202310020606,2018106200,12,メイショウヒゾッコ,0,2023,0.078584120,0.076697916
2023-02-26,202310020606,2019101744,13,カグラマツリウタ,0,2023,0.050066207,0.050591391
2023-02-26,202310020606,2019104448,14,ファムスパーブ,0,2023,0.114755064,0.093593642
2023-02-26,202310020606,2019110042,15,スーリールダンジュ,1,2023,0.342559785,0.371621370
2023-02-26,202310020606,2019102192,16,アリビオ,0,2023,0.037740603,0.032270592
2023-02-26,202310020606,2017101448,17,ウインアステロイド,0,2023,0.144051820,0.150143892
2023-02-26,202310020606,2019110064,18,グランアプロウソ,1,2023,0.177122444,0.153008863
2023-02-26,202310020611,2018106388,1,メイショウホシアイ,0,2023,0.404261678,0.419565409
2023-02-26,202310020611,2015104270,2,オメガラヴィサン,0,2023,0.144486994,0.147127658
2023-02-26,202310020611,2017106264,3,ビアイ,0,2023,0.085734710,0.086656898
2023-02-26,202310020611,2019102576,4,クリノマジン,0,2023,0.358136177,0.360771537
2023-02-26,202310020611,2018105112,5,フォドラ,0,2023,0.037772521,0.038038209
2023-02-26,202310020611,2018106389,6,メイショウツツジ,0,2023,0.100700058,0.099769779
2023-02-26,202310020611,2016105211,7,オースミカテドラル,0,2023,0.030738339,0.028149510
2023-02-26,202310020611,2017104138,8,グランレイ,1,2023,0.228639930,0.235270470
2023-02-26,202310020611,2018105306,9,インフィナイト,0,2023,0.196331695,0.219271168
2023-02-26,202310020611,2018106345,10,スズカマクフィ,0,2023,0.132541448,0.129126966
2023-02-26,202310020611,2019104108,11,エナジーグラン,1,2023,0.468293130,0.515294433
2023-02-26,202310020611,2017100452,12,ルクルト,1,2023,0.102670796,0.107126199
2023-02-26,202310020611,2019101903,13,ブレスレスリー,0,2023,0.291366279,0.278634936
2023-02-26,202310020611,2017106137,14,グレイトゲイナー,0,2023,0.091937594,0.087099418
2023-02-26,202310020611,2018102831,15,ジャストザビアンカ,0,2023,0.139856994,0.151288703
2023-02-26,202310020611,2018100530,16,スイートクラウン,0,2023,0.086785242,0.083415009
2023-02-26,202310020611,2016101153,17,ダノンシティ,0,2023,0.083110623,0.075646520
2023-03-04,202306020311,2017100583,1,ディヴィナシオン,1,2023,0.047037326,0.048649780
2023-03-04,202306020311,2016106453,2,ナランフレグ,0,2023,0.189402774,0.201023668
2023-03-04,202306020311,2019100438,3,グラスミヤラビ,0,2023,0.157438651,0.148378149
2023-03-04,202306020311,2018102595,4,ロードマックス,0,2023,0.126822889,0.107723340
2023-03-04,202306020311,2018110120,5,ジャズエチュード,0,2023,0.147613004,0.164915368
2023-03-04,202306020311,2017105661,6,ジュビリーヘッド,0,2023,0.342835635,0.316776782
2023-03-04,202306020311,2017100381,7,オパールシャルム,0,2023,0.180282831,0.187586084
2023-03-04,202306020311,2015105850,8,カイザーメランジェ,0,2023,0.032398656,0.038500492
2023-03-04,202306020311,2017100434,9,ヴェントヴォーチェ,1,2023,0.195064485,0.188322082
2023-03-04,202306020311,2018104029,10,レイハリア,0,2023,0.096980870,0.084008761
2023-03-04,202306020311,2019104470,11,キミワクイーン,0,2023,0.325347096,0.304417759
2023-03-04,202306020311,2018100184,12,タイムトゥヘヴン,0,2023,0.174380094,0.194193542
2023-03-04,202306020311,2019102979,13,エイシンスポッター,1,2023,0.239807606,0.230744764
2023-03-04,202306020311,2018101452,14,スンリ,0,2023,0.215145648,0.205043048
2023-03-04,202306020311,2016110119,15,ジャスパージャック,0,2023,0.148266017,0.143977329
2023-03-04,202306020311,2016110152,16,マリアズハート,0,2023,0.172816217,0.151062369
2023-03-04,202309010712,2019109094,1,ブッシュガーデン,0,2023,0.258420438,0.282530427
2023-03-04,202309010712,2019105915,2,グッドグロウス,0,2023,0.250379622,0.274009705
2023-03-04,202309010712,2019100751,3,マイネルレノン,0,2023,0.306852281,0.303193003
2023-03-04,202309010712,2019103236,4,テイエムヒマラヤ,0,2023,0.111557364,0.119866967
2023-03-04,202309010712,2017101767,5,ベンガン,0,2023,0.242367476,0.234398276
2023-03-04,202309010712,2018100025,6,シゲルカチョウ,1,2023,0.233506426,0.271710753
2023-03-04,202309010712,2019110066,7,エンジェルシリカ,0,2023,0.187210187,0.189241230
2023-03-04,202309010712,2018100433,8,ブロンズレッド,0,2023,0.047779284,0.041681550
2023-03-04,202309010712,2018106305,9,テーオーディエス,0,2023,0.046752661,0.042286612
2023-03-04,202309010712,2019110107,10,ジャスパークローネ,0,2023,0.132799670,0.145962134
2023-03-04,202309010712,2019100210,11,ウインバグース,0,2023,0.271105170,0.291514426
2023-03-04,202309010712,2019104498,12,インプロバイザー,1,2023,0.273768634,0.310724407
2023-03-04,202309010712,2017104718,13,カレンヒメ,0,2023,0.160042405,0.133283585
2023-03-04,202309010712,2018102491,14,メイショウエニシア,0,2023,0.076458074,0.081051670
2023-03-04,202309010712,2019101005,15,タイセイブリリオ,0,2023,0.196805015,0.214794010
2023-03-04,202309010712,2019104260,16,メイショウクリフト,1,2023,0.108317040,0.109379396
2023-03-11,202306020510,2018103932,1,フミロア,0,2023,0.071128353,0.064168744
2023-03-11,202306020510,2018100650,2,ゼログラヴィティ,0,2023,0.184233993,0.169290885
2023-03-11,202306020510,2017101693,3,コスモカルナック,0,2023,0.345981479,0.358783990
2023-03-11,202306020510,2017106087,4,メイショウゲンセン,1,2023,0.166211396,0.158762857
2023-03-11,202306020510,2019105775,5,ホウオウノーサイド,0,2023,0.278205901,0.263107032
2023-03-11,202306020510,2019105463,6,レディバランタイン,1,2023,0.105408221,0.109296046
2023-03-11,202306020510,2019101763,7,グランアリエル,0,2023,0.105610006,0.100838646
2023-03-11,202306020510,2019105452,8,ミッキーハーモニー,0,2023,0.337651759,0.356254429
2023-03-11,202306020510,2019105237,9,スリーパーダ,0,2023,0.229435802,0.217186600
2023-03-11,202306020510,2017106240,10,アビエルト,0,2023,0.132896006,0.141278476
2023-03-11,202306020510,2017102946,11,オシリスブレイン,0,2023,0.147881523,0.137089029
2023-03-11,202306020510,2018106077,12,イルクオーレ,1,2023,0.216711789,0.198330626
2023-03-11,202306020510,2018103926,13,ショウナンラスボス,0,2023,0.335911423,0.305452853
2023-03-11,202306020510,2016104227,14,ジョニーズララバイ,0,2023,0.039584599,0.040768556
2023-03-11,202306020510,2018110037,15,ブルースピリット,0,2023,0.130603641,0.123702221
2023-03-11,202306020510,2018104347,16,ユキノファラオ,0,2023,0.075208284,0.061717130
2023-03-11,202306020512,2019100053,1,アレクサンドラ,0,2023,0.054432996,0.053086277
2023-03-11,202306020512,2019109140,2,ヒノクニ,0,2023,0.124903083,0.125911266
2023-03-11,202306020512,2019107075,3,ブランデーロック,0,2023,0.342508525,0.357743174
2023-03-11,202306020512,2019104962,4,ウィリン,1,2023,0.340408623,0.322522610
2023-03-11,202306020512,2018101679,5,カシノフォワード,0,2023,0.167913407,0.163866118
2023-03-11,202306020512,2018103485,6,ジャガード,0,2023,0.038400434,0.044775244
2023-03-11,202306020512,2019105238,7,フリートオブフット,0,2023,0.259325355,0.260818660
2023-03-11,202306020512,2018103902,8,サウンドブライアン,0,2023,0.041413814,0.042961471
2023-03-11,202306020512,2017101777,9,ヤマニンプティパ,0,2023,0.152364135,0.168338984
2023-03-11,202306020512,2014100050,10,スズノフブキ,0,2023,0.035421409,0.039001834
2023-03-11,202306020512,2019101270,11,ヨール,1,2023,0.340487480,0.309279650
2023-03-11,202306020512,2018101964,12,アルムファーツリー,0,2023,0.113930613,0.116016865
2023-03-11,202306020512,2019104386,13,トーセンサンダー,0,2023,0.239469796,0.229630575
2023-03-11,202306020512,2017101919,14,コスモカッティーボ,0,2023,0.083166540,0.080632858
2023-03-11,202306020512,2019103136,15,シゲルファンノユメ,0,2023,0.177515909,0.196047544
2023-03-11,202306020512,2018104765,16,イズンシーラブリー,1,2023,0.387812018,0.412666738
2023-03-12,202306020607,2020107176,2,ワックスフラワー,1,2023,0.370448649,0.379013538
2023-03-12,202306020607,2020100741,3,ノーブルラン,0,2023,0.565230072,0.570377231
2023-03-12,202306020607,2020106970,4,スングリダンダン,0,2023,0.047180235,0.039335988
2023-03-12,202306020607,2020102121,5,シルバーレイズ,0,2023,0.224098951,0.235096917
2023-03-12,202306020607,2020101195,6,ゴルトリッチ,0,2023,0.322350502,0.315706372
2023-03-12,202306020607,2020106963,7,アンタノバラード,1,2023,0.642160654,0.627988338
2023-03-12,202306020607,2020103721,8,レイカットスルー,0,2023,0.425866574,0.401179850
2023-03-12,202306020607,2020103093,9,プレジャークルーズ,0,2023,0.208492637,0.207075939
2023-03-12,202306020607,2020101262,10,エコロレジーナ,0,2023,0.340851128,0.380490333
2023-03-12,202306020607,2020100347,11,クリノリアルレディ,1,2023,0.071524590,0.078476764
2023-03-12,202306020607,2020103885,12,クリノゴッホ,0,2023,0.340026408,0.326793700
2023-03-18,202307020305,2020104242,2,スマイルモネ,0,2023,0.076028049,0.088030033
2023-03-18,202307020305,2020104841,3,カリンパニ,0,2023,0.119873889,0.130236134
2023-03-18,202307020305,2020105075,4,マルヨクレハ,0,2023,0.066115126,0.073684603
2023-03-18,202307020305,2020104825,5,スカプラリオ,1,2023,0.223709673,0.243236274
2023-03-18,202307020305,2020101992,8,ライクアフラワー,0,2023,0.592496037,0.596125782
2023-03-18,202307020305,2020101798,9,オータムクイーン,1,2023,0.240119621,0.198674738
2023-03-18,202307020305,2020103873,14,メルクーア,0,2023,0.080985956,0.089276873
2023-03-18,202307020305,2020106289,16,エイシンテムジン,0,2023,0.210916117,0.199519292
2023-03-18,202309011110,2018100570,1,セリシア,0,2023,0.130760714,0.133914635
2023-03-18,202309011110,2018104700,2,ランドオブリバティ,0,2023,0.326210737,0.335475266
2023-03-18,202309011110,2018103086,3,ヴァーチャリティ,0,2023,0.204205886,0.204619512
2023-03-18,202309011110,2018100652,4,ファイアダンサー,0,2023,0.241472617,0.253789246
2023-03-18,202309011110,2017100511,5,アールクインダム,0,2023,0.093140706,0.100105748
2023-03-18,202309011110,2018104949,6,フォイアーロート,0,2023,0.048325542,0.052732322
2023-03-18,202309011110,2017103895,7,テーオーマルクス,0,2023,0.024128513,0.029800216
2023-03-18,202309011110,2018105306,8,インフィナイト,1,2023,0.236641228,0.210484624
2023-03-18,202309011110,2019102576,9,クリノマジン,1,2023,0.290331542,0.275927395
2023-03-18,202309011110,2018106055,10,ヨシノイースター,1,2023,0.469524056,0.465581298
2023-03-18,202309011110,2017103105,11,グッドマックス,0,2023,0.068195604,0.075679466
2023-03-18,202309011110,2018103084,12,カバーガール,0,2023,0.089790799,0.081304528
2023-03-18,202309011110,2019104976,13,ミスボニータ,0,2023,0.290668249,0.284684271
2023-03-18,202309011110,2017106137,14,グレイトゲイナー,0,2023,0.152074814,0.144927487
2023-03-18,202309011110,2019105459,15,ソウテン,0,2023,0.434583098,0.404909939
2023-03-18,202309011110,2018104936,16,ジャカランダレーン,0,2023,0.109471358,0.109655246
2023-03-19,202309011206,2020107170,1,マインインパクト,0,2023,0.059266157,0.069523819
2023-03-19,202309011206,2020102027,2,カミーロ,0,2023,0.366405189,0.397840291
2023-03-19,202309011206,2020105951,4,ヴェンチュラムーン,1,2023,0.641268432,0.643348575
2023-03-19,202309011206,2020106944,5,ネイキッド,0,2023,0.325604379,0.333566517
2023-03-19,202309011206,2020101503,6,カンチェンジュンガ,0,2023,0.437030494,0.427002013
2023-03-19,202309011206,2020104970,7,アパラージタ,0,2023,0.028375557,0.030827951
2023-03-19,202309011206,2020110114,9,スリーアイランド,1,2023,0.573378265,0.584916711
2023-03-25,202306030105,2020105293,1,ペインティトブルー,0,2023,0.155868083,0.168908149
2023-03-25,202306030105,2020100971,2,ヴォーノハート,0,2023,0.259398371,0.264027566
2023-03-25,202306030105,2020106987,3,スムースベルベット,1,2023,0.464163452,0.452582955
2023-03-25,202306030105,2020106970,4,スングリダンダン,0,2023,0.081450649,0.090886071
2023-03-25,202306030105,2020106451,5,コーヒーカフェ,0,2023,0.037520543,0.043536983
2023-03-25,202306030105,2020102140,6,アンビバレント,1,2023,0.191686437,0.170788899
2023-03-25,202306030105,2020103885,7,クリノゴッホ,0,2023,0.626357794,0.617063463
2023-03-25,202306030105,2020106963,9,アンタノバラード,1,2023,0.751987815,0.775994003
2023-03-25,202306030105,2020106750,10,シルヴァーゴースト,0,2023,0.343036383,0.362128109
2023-03-26,202306030212,2019102922,1,ゼンカイテン,0,2023,0.080208696,0.079485968
2023-03-26,202306030212,2018101679,2,カシノフォワード,0,2023,0.212102398,0.186867788
2023-03-26,202306030212,2019110042,3,スーリールダンジュ,0,2023,0.674608946,0.718955159
2023-03-26,202306030212,2018100433,4,ブロンズレッド,0,2023,0.122384191,0.128022194
2023-03-26,202306030212,2018104765,5,イズンシーラブリー,1,2023,0.626364589,0.607501090
2023-03-26,202306030212,2018103498,6,アイルビーザワン,1,2023,0.074453391,0.073928833
2023-03-26,202306030212,2019109140,7,ヒノクニ,0,2023,0.270995706,0.269204110
2023-03-26,202306030212,2019102761,8,グレタ,0,2023,0.081151582,0.070275776
2023-03-26,202306030212,2017100660,9,ポピュラーソング,0,2023,0.151538640,0.131309912
2023-03-26,202306030212,2018105004,10,アップリバー,0,2023,0.237643465,0.238310590
2023-03-26,202306030212,2019100053,11,アレクサンドラ,0,2023,0.071798213,0.071898155
2023-03-26,202306030212,2018103485,12,ジャガード,0,2023,0.053863786,0.053706028
2023-03-26,202306030212,2018100097,13,スマートルシーダ,1,2023,0.209242821,0.235435620
2023-03-26,202307020608,2018103933,1,テーオーエルサ,0,2023,0.029810395,0.032524433
2023-03-26,202307020608,2018100480,2,デルマヤクシ,1,2023,0.295794189,0.299936503
2023-03-26,202307020608,2019106863,3,ショウナンラタン,0,2023,0.206900135,0.232640117
2023-03-26,202307020608,2018105212,4,エターナルピース,0,2023,0.143612355,0.137541786
2023-03-26,202307020608,2019101998,5,サンマルクレイジー,0,2023,0.075483702,0.074295394
2023-03-26,202307020608,2018103512,6,ホウオウジュレップ,0,2023,0.128911108,0.126189500
2023-03-26,202307020608,2019103612,7,エメラルアポロン,0,2023,0.019854389,0.025541307
2023-03-26,202307020608,2019105105,8,ヴィルチュオーズ,0,2023,0.031810924,0.031644430
2023-03-26,202307020608,2018102669,9,スズノナデシコ,0,2023,0.549081981,0.570425034
2023-03-26,202307020608,2018104780,10,ミエノベルル,0,2023,0.087771103,0.085713558
2023-03-26,202307020608,2019103814,11,スカイトレイル,0,2023,0.115946673,0.136286080
2023-03-26,202307020608,2019102240,12,マメコ,1,2023,0.381450087,0.399973363
2023-03-26,202307020608,2018104559,13,ナリタローゼ,0,2023,0.499370724,0.514132559
2023-03-26,202307020608,2019100604,14,ヤマニンアンフィル,1,2023,0.325477034,0.308679253
2023-03-26,202307020608,2018106145,15,アコルダール,0,2023,0.048891194,0.046305176
2023-03-26,202307020608,2019105412,16,プリモカリーナ,0,2023,0.335055619,0.346474618
2023-03-26,202307020608,2018104077,17,グリュレーヴ,0,2023,0.033020720,0.030653933
2023-03-26,202307020608,2018106701,18,ルヴァンノワール,0,2023,0.153243884,0.182017580
2023-03-26,202307020611,2015104364,1,トゥラヴェスーラ,1,2023,0.087555155,0.095648766
2023-03-26,202307020611,2019102788,2,ウォーターナビレラ,0,2023,0.130138114,0.156556889
2023-03-26,202307020611,2015101028,3,キルロード,0,2023,0.144761547,0.129187346
2023-03-26,202307020611,2018105610,4,ダディーズビビッド,0,2023,0.294865042,0.259746253
2023-03-26,202307020611,2018105069,5,メイケイエール,0,2023,0.242151707,0.241894081
2023-03-26,202307020611,2016106453,6,ナランフレグ,0,2023,0.135555685,0.127843991
2023-03-26,202307020611,2017100434,7,ヴェントヴォーチェ,0,2023,0.279461622,0.254436284
2023-03-26,202307020611,2017110144,8,ロータスランド,0,2023,0.269332230,0.236130953
2023-03-26,202307020611,2017100583,9,ディヴィナシオン,0,2023,0.062713347,0.063188270
2023-03-26,202307020611,2017100381,10,オパールシャルム,0,2023,0.099550761,0.092254758
2023-03-26,202307020611,2018105204,11,ピクシーナイト,0,2023,0.290293455,0.327683359
2023-03-26,202307020611,2019105126,12,アグリ,0,2023,0.425791115,0.411208540
2023-03-26,202307020611,2016102197,13,ファストフォース,1,2023,0.119894557,0.112044744
2023-03-26,202307020611,2019106526,14,トウシンマカオ,0,2023,0.187720999,0.197326794
2023-03-26,202307020611,2019103753,15,ナムラクレア,1,2023,0.377955049,0.349138707
2023-03-26,202307020611,2018104934,16,グレナディアガーズ,0,2023,0.236336425,0.211375624
2023-03-26,202307020611,2017101121,17,ボンボヤージ,0,2023,0.057758622,0.054841377
2023-03-26,202307020611,2019100213,18,ウインマーベル,0,2023,0.306607693,0.291143298
2023-04-01,202309020310,2018101103,1,クリノキララ,0,2023,0.120577633,0.122475564
2023-04-01,202309020310,2017105126,2,チャイカ,1,2023,0.096280120,0.101482525
2023-04-01,202309020310,2017102940,3,ワンダーカタリナ,0,2023,0.271316081,0.251433700
2023-04-01,202309020310,2018106305,4,テーオーディエス,0,2023,0.090496622,0.085201845
2023-04-01,202309020310,2019104260,5,メイショウクリフト,1,2023,0.689706326,0.711105227
2023-04-01,202309020310,2019110066,6,エンジェルシリカ,0,2023,0.233123139,0.250964165
2023-04-01,202309020310,2018101573,7,セイレーン,0,2023,0.181508601,0.161327407
2023-04-01,202309020310,2019103714,8,メイショウソラフネ,1,2023,0.659692943,0.622552574
2023-04-01,202309020310,2017101777,9,ヤマニンプティパ,0,2023,0.296084702,0.326895952
2023-04-01,202309020310,2019109094,10,ブッシュガーデン,0,2023,0.534250975,0.500200808
2023-04-08,202303010102,2020101863,2,コパカバーナビーチ,0,2023,0.255315751,0.241511375
2023-04-08,202303010102,2020105299,7,リアライズ,0,2023,0.273290604,0.276366174
2023-04-08,202303010102,2020106966,8,ピンクジン,0,2023,0.165739402,0.172213554
2023-04-08,202303010102,2020100347,9,クリノリアルレディ,0,2023,0.135673121,0.129651815
2023-04-08,202303010102,2020105365,10,ドーバーホーク,1,2023,0.535179794,0.537200868
2023-04-08,202303010102,2020106979,11,ベベ,0,2023,0.067752786,0.061461285
2023-04-08,202303010102,2020106777,14,セレッソデアモール,1,2023,0.249223098,0.245065540
2023-04-08,202303010110,2018103205,1,クムシラコ,0,2023,0.129733950,0.114938244
2023-04-08,202303010110,2018100373,2,アップストリーム,0,2023,0.125139937,0.123926759
2023-04-08,202303010110,2019109146,3,イールテソーロ,0,2023,0.168015555,0.141963765
2023-04-08,202303010110,2017101571,4,サイヤダンサー,1,2023,0.253760874,0.259489238
2023-04-08,202303010110,2019102922,5,ゼンカイテン,0,2023,0.127633825,0.127722144
2023-04-08,202303010110,2019103010,6,オードゥメール,1,2023,0.305408478,0.309085071
2023-04-08,202303010110,2019105050,7,メルヴィル,0,2023,0.362487733,0.362657040
2023-04-08,202303010110,2018103296,8,サニーオーシャン,0,2023,0.072536752,0.069263205
2023-04-08,202303010110,2018105163,9,ドナウエレン,0,2023,0.212977543,0.205498010
2023-04-08,202303010110,2019107075,10,ブランデーロック,0,2023,0.290313095,0.266933441
2023-04-08,202303010110,2018101232,11,ヒヤ,0,2023,0.061594948,0.059591956
2023-04-08,202303010110,2019100214,12,ウインモナーク,0,2023,0.477668494,0.510047317
2023-04-08,202303010110,2017103020,13,ダンツイノーバ,1,2023,0.043770004,0.042230960
2023-04-08,202303010110,2017105070,14,チャーミングアクト,0,2023,0.197018191,0.181346819
2023-04-08,202303010110,2019103120,15,リトス,0,2023,0.167010427,0.164389431
2023-04-08,202303010110,2018100636,16,ステラダイヤ,0,2023,0.113970645,0.126942188
2023-04-08,202303010112,2019104930,1,スクリーンショット,0,2023,0.197551891,0.210842907
2023-04-08,202303010112,2019110051,2,シュガーフロート,1,2023,0.290455699,0.308836550
2023-04-08,202303010112,2019101743,3,タムロキュラムン,0,2023,0.127783209,0.136952758
2023-04-08,202303010112,2019110001,4,ショウナンハクラク,1,2023,0.143182978,0.145248443
2023-04-08,202303010112,2018105231,5,ラヴォルタ,0,2023,0.301133603,0.322261810
2023-04-08,202303010112,2018100772,7,ハイライフ,0,2023,0.042497512,0.035493817
2023-04-08,202303010112,2019100667,8,アランヴェリテ,0,2023,0.215909198,0.216544762
2023-04-08,202303010112,2019103673,9,バーニングアイズ,0,2023,0.127586052,0.110717371
2023-04-08,202303010112,2018104471,10,グレイトミッション,0,2023,0.106667623,0.097024284
2023-04-08,202303010112,2018100593,11,タイガーリリー,0,2023,0.235134140,0.262093484
2023-04-08,202303010112,2016104403,12,マロリン,0,2023,0.036869779,0.039143216
2023-04-08,202303010112,2019104871,13,ウェストファリア,0,2023,0.118049353,0.121616952
2023-04-08,202303010112,2019106596,14,バトルシャイニング,0,2023,0.414024323,0.444158673
2023-04-08,202303010112,2018106701,15,ルヴァンノワール,0,2023,0.161596611,0.152658641
2023-04-08,202303010112,2018105201,16,デイトンウェイ,1,2023,0.220494196,0.218106702
2023-04-08,202306030510,2019105459,1,ソウテン,0,2023,0.456849784,0.436089545
2023-04-08,202306030510,2018103498,2,アイルビーザワン,0,2023,0.165375054,0.164724186
2023-04-08,202306030510,2018110035,3,シュバルツカイザー,1,2023,0.120222628,0.135436758
2023-04-08,202306030510,2017100416,4,リーゼントフラム,0,2023,0.102826215,0.109139659
2023-04-08,202306030510,2019104915,5,バンデルオーラ,0,2023,0.306351185,0.292657256
2023-04-08,202306030510,2019102522,6,ドグマ,0,2023,0.295580924,0.293460906
2023-04-08,202306030510,2019106102,7,アネゴハダ,0,2023,0.395925939,0.418795586
2023-04-08,202306030510,2019105775,8,ホウオウノーサイド,0,2023,0.310654700,0.300816953
2023-04-08,202306030510,2019101903,9,ブレスレスリー,0,2023,0.282338917,0.312134594
2023-04-08,202306030510,2018106055,10,ヨシノイースター,1,2023,0.356732488,0.423852026
2023-04-08,202306030510,2017102838,11,ハーモニーマゼラン,1,2023,0.139384404,0.174937218
2023-04-08,202306030510,2019104962,12,ウィリン,0,2023,0.452550918,0.498231739
2023-04-08,202306030510,2019104451,13,ビーオンザマーチ,0,2023,0.137004405,0.150356278
2023-04-08,202309020506,2020102702,1,ストリンジェンド,0,2023,0.204739660,0.197318286
2023-04-08,202309020506,2020101503,2,カンチェンジュンガ,1,2023,0.374760866,0.411706269
2023-04-08,202309020506,2020102963,3,ベルビューポイント,1,2023,0.572212458,0.571630418
2023-04-08,202309020506,2020102640,4,サイモンオリーブ,0,2023,0.150985986,0.171157464
2023-04-08,202309020506,2020106944,5,ネイキッド,0,2023,0.240531683,0.257620394
2023-04-08,202309020506,2020100530,8,フォルティーナ,0,2023,0.138356134,0.120294832
2023-04-08,202309020506,2020101031,9,アスクエピソード,0,2023,0.425626665,0.437858313
2023-04-08,202309020506,2020106409,10,ペプチドハドソン,0,2023,0.209808737,0.213148862
2023-04-09,202303010205,2020101715,1,リーリオブランコ,1,2023,0.500966728,0.481225312
2023-04-09,202303010205,2020100482,2,イルルージュ,0,2023,0.149778128,0.154186860
2023-04-09,202303010205,2020102299,5,アシャカタカ,1,2023,0.374787688,0.386774987
2023-04-09,202303010205,2020103096,10,リュバンスリーズ,0,2023,0.057825856,0.056209527
2023-04-09,202303010205,2020104837,13,ライトブラーヴ,0,2023,0.136872157,0.135709360
2023-04-09,202303010205,2020105075,14,マルヨクレハ,0,2023,0.185112134,0.180227906
2023-04-09,202303010205,2020103898,15,イグニション,0,2023,0.233207390,0.221432149
2023-04-09,202303010208,2017106776,2,デロリス,0,2023,0.067782156,0.069928952
2023-04-09,202303010208,2019105738,3,ピンクセイラー,0,2023,0.183199361,0.193193987
2023-04-09,202303010208,2019105267,4,スリールサンセール,0,2023,0.247551456,0.256311059
2023-04-09,202303010208,2019103360,5,ジョーブリッランテ,0,2023,0.305200160,0.271761000
2023-04-09,202303010208,2019101185,6,サザンステート,0,2023,0.334994942,0.326726079
2023-04-09,202303010208,2018106612,7,オリアメンディ,0,2023,0.089275748,0.087165639
2023-04-09,202303010208,2018105257,8,ダノンジェネラル,0,2023,0.065778270,0.084077485
2023-04-09,202303010208,2018104364,9,メルジーナ,0,2023,0.074123323,0.072188623
2023-04-09,202303010208,2019106598,10,プロティオスミノル,0,2023,0.207247704,0.203154966
2023-04-09,202303010208,2017101448,11,ウインアステロイド,1,2023,0.273367375,0.274943888
2023-04-09,202303010208,2017105132,12,パラティーノヒル,0,2023,0.048915148,0.043346092
2023-04-09,202303010208,2018105518,13,ダブルスナッチ,1,2023,0.381741226,0.402782500
2023-04-09,202303010208,2019101032,14,ユキヤナギ,0,2023,0.062800333,0.068238273
2023-04-09,202303010208,2019102456,15,ナバロン,1,2023,0.445009738,0.462585956
2023-04-09,202303010211,2017104852,1,キャプテンドレイク,0,2023,0.194388688,0.225106642
2023-04-09,202303010211,2017103295,2,チェアリングソング,0,2023,0.180693612,0.162876830
2023-04-09,202303010211,2018105296,3,モントライゼ,0,2023,0.249851942,0.271346122
2023-04-09,202303010211,2017105298,4,ストーンリッジ,0,2023,0.237081677,0.268563360
2023-04-09,202303010211,2016104983,5,トップオブメジャー,0,2023,0.135522917,0.135701001
2023-04-09,202303010211,2017104253,6,ジュニパーベリー,0,2023,0.234881014,0.243523940
2023-04-09,202303010211,2017110123,7,ヴィズサクセス,1,2023,0.146694809,0.157913923
2023-04-09,202303010211,2017106720,8,サンライズオネスト,1,2023,0.142605469,0.133858308
2023-04-09,202303010211,2017100367,9,サトノファビュラス,0,2023,0.101255849,0.093984440
2023-04-09,202303010211,2015104347,10,ルッジェーロ,0,2023,0.107145272,0.121198446
2023-04-09,202303010211,2017106387,11,スマートリアン,1,2023,0.152839020,0.182084247
2023-04-09,202303010211,2014101827,12,クリノライメイ,0,2023,0.031261560,0.023433013
2023-04-09,202303010211,2017105443,13,ビップウインク,0,2023,0.114306942,0.103951514
2023-04-09,202303010211,2014102625,14,ダイメイフジ,0,2023,0.059395056,0.063044183
2023-04-09,202303010211,2018110045,15,ショックアクション,0,2023,0.094862230,0.091775753
2023-04-09,202303010211,2016103415,16,ショウナンバニラ,0,2023,0.070111945,0.068786494
2023-04-09,202306030607,2020104203,1,スピードオブライト,1,2023,0.822423100,0.826832473
2023-04-09,202306030607,2020102298,2,トレブランシュ,0,2023,0.712140024,0.700756729
2023-04-09,202306030607,2020106623,3,ゴキゲンサン,0,2023,0.461992562,0.459061354
2023-04-09,202306030607,2020102121,5,シルバーレイズ,0,2023,0.077417448,0.081703693
2023-04-09,202306030607,2020103885,6,クリノゴッホ,0,2023,0.319634318,0.299397737
2023-04-09,202306030607,2020105144,7,ニシキギミッチー,0,2023,0.158812672,0.130370021
2023-04-09,202306030607,2020102488,8,トーセンエスクード,1,2023,0.667793512,0.695397615
2023-04-15,202303010302,2020105562,1,パルフュメ,1,2023,0.213978633,0.216046691
2023-04-15,202303010302,2020101171,2,ビスケット,0,2023,0.019559883,0.019437239
2023-04-15,202303010302,2020101966,3,ダイシンベスパ,0,2023,0.105722368,0.100208528
2023-04-15,202303010302,2020106706,4,タリア,1,2023,0.578987300,0.571662843
2023-04-15,202303010302,2020106121,7,カッテミル,0,2023,0.316706747,0.335196942
2023-04-15,202303010302,2020103467,10,ナリサ,0,2023,0.204564586,0.203277603
2023-04-15,202303010302,2020101770,12,トリプルウイナー,1,2023,0.317304522,0.315951735
2023-04-15,202303010302,2020103908,13,ロンスアンドロンス,0,2023,0.055521227,0.051594298
2023-04-15,202303010302,2020100441,14,ハナサキポプラ,0,2023,0.073836572,0.079862535
2023-04-15,202303010305,2020100424,1,コノハナミカミ,0,2023,0.074074663,0.080689013
2023-04-15,202303010305,2020104825,3,スカプラリオ,1,2023,0.526103437,0.532350540
2023-04-15,202303010305,2020100580,4,ソルエストレーラ,1,2023,0.303385288,0.282799810
2023-04-15,202303010305,2020100279,5,テリオスノア,0,2023,0.129614815,0.129959971
2023-04-15,202303010305,2020105426,10,ベストバディ,0,2023,0.367924362,0.338286966
2023-04-15,202303010305,2020106336,12,ゴレイジョウ,0,2023,0.026745321,0.025293995
2023-04-15,202303010305,2020103152,16,ショウナンアキーム,0,2023,0.182472929,0.178224653
2023-04-15,202303010309,2020100390,1,リトルウインディー,1,2023,0.293105960,0.291035116
2023-04-15,202303010309,2020100305,3,セイウンスイート,1,2023,0.052103594,0.053727753
2023-04-15,202303010309,2020104942,4,シルフィードレーヴ,0,2023,0.213095129,0.226709425
2023-04-15,202303010309,2020106750,5,シルヴァーゴースト,0,2023,0.201246634,0.192620724
2023-04-15,202303010309,2020105298,6,ノースディーバ,0,2023,0.101201661,0.097741827
2023-04-15,202303010309,2020109067,8,リサリサ,1,2023,0.285775989,0.298318803
2023-04-15,202303010309,2020102971,9,サトノグレイト,0,2023,0.413385451,0.400650084
2023-04-15,202303010309,2020106987,10,スムースベルベット,0,2023,0.242329136,0.239512354
2023-04-15,202303010309,2020102940,11,ダンシングニードル,0,2023,0.106565177,0.127002478
2023-04-15,202303010309,2020101556,12,オーサムサンライズ,0,2023,0.146064416,0.137644097
2023-04-15,202303010309,2020105897,13,ソアラ,0,2023,0.083066009,0.079135187
2023-04-15,202303010309,2020104301,14,メアリー,0,2023,0.148239747,0.166227311
2023-04-15,202303010309,2020103885,15,クリノゴッホ,0,2023,0.086730674,0.087679304
2023-04-15,202306030708,2019110107,1,ジャスパークローネ,1,2023,0.351759464,0.386214703
2023-04-15,202306030708,2018102585,2,ロードラスター,1,2023,0.306546569,0.293175399
2023-04-15,202306030708,2018103205,3,クムシラコ,1,2023,0.087512441,0.085240506
2023-04-15,202306030708,2019100898,4,タッカーシルバー,0,2023,0.344060510,0.342086673
2023-04-15,202306030708,2018104765,5,イズンシーラブリー,0,2023,0.510869384,0.525076449
2023-04-15,202306030708,2019104386,6,トーセンサンダー,0,2023,0.193291962,0.190718770
2023-04-15,202306030708,2018102643,7,フェイマスダンディ,0,2023,0.056823216,0.058550116
2023-04-15,202306030708,2019102436,8,ミズノコキュウ,0,2023,0.182887211,0.179210797
2023-04-15,202306030708,2019102761,9,グレタ,0,2023,0.088459834,0.089418992
2023-04-15,202306030708,2019103563,10,アスターディゴン,0,2023,0.225098044,0.216773480
2023-04-15,202306030708,2018105004,11,アップリバー,0,2023,0.193721160,0.192143634
2023-04-15,202306030708,2018103485,12,ジャガード,0,2023,0.036013141,0.037306227
2023-04-15,202306030708,2018105874,13,ルルローズ,0,2023,0.356424838,0.366062075
2023-04-15,202306030708,2017100660,14,ポピュラーソング,0,2023,0.121469192,0.117215224
2023-04-15,202306030708,2018101679,15,カシノフォワード,0,2023,0.084632047,0.089011297
2023-04-15,202306030708,2015103867,16,ウメタロウ,0,2023,0.025272995,0.024834570
2023-04-16,202303010407,2017101559,1,アトムヴェローチェ,0,2023,0.031412650,0.029036647
2023-04-16,202303010407,2019101833,2,ウインクルシャープ,0,2023,0.221478224,0.204160675
2023-04-16,202303010407,2018105447,3,インプレストサマー,0,2023,0.054534730,0.057866879
2023-04-16,202303010407,2019102215,4,サク,0,2023,0.149693459,0.140462235
2023-04-16,202303010407,2019104538,5,マンクスホップ,0,2023,0.104718857,0.100475818
2023-04-16,202303010407,2018102069,6,ラナキラ,0,2023,0.337876737,0.343116105
2023-04-16,202303010407,2019103054,7,クイーンオブチェコ,0,2023,0.061682902,0.050479796
2023-04-16,202303010407,2019104686,8,アキバ,0,2023,0.281041443,0.278809398
2023-04-16,202303010407,2019105144,9,スクルトゥーラ,0,2023,0.129978627,0.120717838
2023-04-16,202303010407,2019102240,10,マメコ,1,2023,0.378708303,0.371065915
2023-04-16,202303010407,2018103620,11,ロゼクラン,1,2023,0.463810056,0.474354267
2023-04-16,202303010407,2018106717,12,プロトサマニ,0,2023,0.092374131,0.090490937
2023-04-16,202303010407,2019104549,13,テンメジャーガール,1,2023,0.273669571,0.280211776
2023-04-16,202303010407,2018104908,14,アルジェントステラ,0,2023,0.122017764,0.126095206
2023-04-16,202303010407,2019100910,15,ゼンノテンバ,0,2023,0.240496650,0.233375296
2023-04-16,202303010407,2019106565,16,メイショウソウゲツ,0,2023,0.180013597,0.192281112
2023-04-16,202303010409,2018100480,1,デルマヤクシ,0,2023,0.339884341,0.333777994
2023-04-16,202303010409,2019105412,2,プリモカリーナ,1,2023,0.354331106,0.369791329
2023-04-16,202303010409,2019103193,3,トリップトゥムーン,1,2023,0.255717337,0.236688033
2023-04-16,202303010409,2019110043,4,バーニーフォールズ,0,2023,0.187139183,0.166644186
2023-04-16,202303010409,2019101562,5,デフィデリ,0,2023,0.294850796,0.294039786
2023-04-16,202303010409,2019103584,6,オラヴェリタス,0,2023,0.148566380,0.138107270
2023-04-16,202303010409,2019102041,7,アドヴァイス,1,2023,0.245735481,0.260211498
2023-04-16,202303010409,2018110123,8,オリンピックデイ,0,2023,0.308379799,0.309693396
2023-04-16,202303010409,2017103023,9,スウィートメリナ,0,2023,0.043342780,0.037133023
2023-04-16,202303010409,2018110113,10,ヒトヨギリ,0,2023,0.062049456,0.055049606
2023-04-16,202303010409,2017103309,11,ホウオウエンジェル,0,2023,0.296323925,0.335351199
2023-04-16,202303010409,2018106145,12,アコルダール,0,2023,0.058578480,0.054089930
2023-04-16,202303010409,2019102768,13,ヌーシャテル,0,2023,0.062939994,0.058228180
2023-04-16,202303010409,2019106179,14,ハートホイップ,0,2023,0.104257822,0.114120685
2023-04-16,202303010409,2019100593,15,フラッシュアーク,0,2023,0.312249631,0.315907896
2023-04-16,202303010409,2018100593,16,タイガーリリー,0,2023,0.200169057,0.198553830
2023-04-16,202306030810,2019104470,1,キミワクイーン,1,2023,0.319315046,0.326573014
2023-04-16,202306030810,2016102073,2,ホープフルサイン,0,2023,0.125566512,0.154112786
2023-04-16,202306030810,2018103929,3,ビューティフルデイ,0,2023,0.369687140,0.378487885
2023-04-16,202306030810,2019105463,4,レディバランタイン,1,2023,0.156698123,0.146903008
2023-04-16,202306030810,2019103782,5,ルピナスリード,0,2023,0.328671753,0.339066595
2023-04-16,202306030810,2017105661,6,ジュビリーヘッド,0,2023,0.369825780,0.364065319
2023-04-16,202306030810,2015105850,7,カイザーメランジェ,0,2023,0.069396622,0.077975959
2023-04-16,202306030810,2016110119,8,ジャスパージャック,0,2023,0.142354503,0.139910072
2023-04-16,202306030810,2019104911,9,プルパレイ,0,2023,0.124099515,0.123640113
2023-04-16,202306030810,2019110020,10,マッドクール,1,2023,0.485226214,0.512393892
2023-04-16,202306030810,2017104270,11,トキメキ,0,2023,0.170164719,0.169166416
2023-04-16,202306030810,2019100765,12,コムストックロード,0,2023,0.135306612,0.135044709
2023-04-16,202306030810,2016100298,13,ミニオンペール,0,2023,0.061422735,0.065966055
2023-04-16,202306030810,2018104029,14,レイハリア,0,2023,0.108058341,0.109912634
2023-04-16,202306030810,2016104668,15,カリボール,0,2023,0.044759635,0.044501889
2023-04-16,202306030810,2018105366,16,レッドベルオーブ,0,2023,0.169466600,0.155699223
2023-04-22,202303010502,2020104868,2,シンコッチョウ,0,2023,0.161084130,0.149510503
2023-04-22,202303010502,2020100370,4,フェリキタス,0,2023,0.324575096,0.311725348
2023-04-22,202303010502,2020106979,7,ベベ,0,2023,0.148331210,0.138167888
2023-04-22,202303010502,2020103898,8,イグニション,0,2023,0.368068904,0.388985276
2023-04-22,202303010502,2020103949,9,シャコンヌ,0,2023,0.096878424,0.099298410
2023-04-22,202303010502,2020101372,10,クリノエンジェル,1,2023,0.220902458,0.199201092
2023-04-22,202303010502,2020104983,11,マルプリ,1,2023,0.546256304,0.545386910
2023-04-22,202303010502,2020104976,12,ブロックバスター,0,2023,0.203469902,0.177748591
2023-04-22,202303010502,2020101954,13,リアルガチ,0,2023,0.043336194,0.047572855
2023-04-22,202303010502,2020105212,15,シェイクオンイット,1,2023,0.174537107,0.176806286
2023-04-22,202303010502,2020106644,16,モノセーラス,0,2023,0.330923587,0.341195107
2023-04-22,202303010509,2019100292,1,ダレモトメラレナイ,0,2023,0.425166667,0.395499617
2023-04-22,202303010509,2017101448,2,ウインアステロイド,0,2023,0.344234586,0.334041148
2023-04-22,202303010509,2017105132,3,パラティーノヒル,0,2023,0.041149795,0.043411508
2023-04-22,202303010509,2018105201,4,デイトンウェイ,0,2023,0.349001676,0.351151049
2023-04-22,202303010509,2018100618,5,トーホウジュナール,0,2023,0.517649293,0.499119163
2023-04-22,202303010509,2019105499,6,ガーデンアイル,0,2023,0.161775410,0.174555078
2023-04-22,202303010509,2019104361,7,テーオースパロー,1,2023,0.168815359,0.185655519
2023-04-22,202303010509,2018105518,8,ダブルスナッチ,1,2023,0.372945607,0.391943604
2023-04-22,202303010509,2018105257,9,ダノンジェネラル,0,2023,0.085172825,0.084248468
2023-04-22,202303010509,2018105144,10,チカリヨン,0,2023,0.282547355,0.261636019
2023-04-22,202303010509,2019105940,11,アリシアン,0,2023,0.171092182,0.173327461
2023-04-22,202303010509,2019103612,12,エメラルアポロン,0,2023,0.034041632,0.032265663
2023-04-22,202303010509,2019102147,13,フォレクラフト,1,2023,0.282253116,0.310478717
2023-04-22,202308010103,2020102294,1,スイープラン,1,2023,0.345634878,0.353408337
2023-04-22,202308010103,2020101759,2,トーホウビエント,0,2023,0.238004327,0.222650602
2023-04-22,202308010103,2020106425,3,キミニオクル,0,2023,0.097507179,0.098681137
2023-04-22,202308010103,2020104545,4,スマートメイプル,1,2023,0.399845779,0.383874953
2023-04-22,202308010103,2020101384,5,ファニーボーイ,0,2023,0.036718749,0.039448056
2023-04-22,202308010103,2020100034,6,ミランダ,0,2023,0.092596129,0.098670550
2023-04-22,202308010103,2020109090,10,テイケイヴィエント,0,2023,0.132951364,0.152638242
2023-04-22,202308010103,2020103056,11,ヴァルダリス,0,2023,0.342239916,0.329379499
2023-04-22,202308010103,2020102050,13,サンポーニャ,1,2023,0.208177224,0.195967138
2023-04-22,202308010103,2020102297,14,マロンアルジャン,0,2023,0.057551119,0.053349178
2023-04-22,202308010103,2020103588,15,マテンロウナイト,0,2023,0.146667913,0.135599136
2023-04-22,202308010103,2020102749,16,プライムトゥーレ,0,2023,0.090972178,0.092718579
2023-04-22,202308010103,2020100735,17,ファイブレイナ,0,2023,0.242882669,0.243371964
2023-04-22,202308010103,2020102963,18,ベルビューポイント,0,2023,0.609106660,0.599954128
2023-04-23,202303010602,2020103870,1,ウィズアットダンス,0,2023,0.088297181,0.098867796
2023-04-23,202303010602,2020106330,2,ラウラーナ,1,2023,0.418087929,0.401555717
2023-04-23,202303010602,2020100482,5,イルルージュ,0,2023,0.170024008,0.179102227
2023-04-23,202303010602,2020105310,7,イースターエッグ,0,2023,0.265170962,0.264795274
2023-04-23,202303010602,2020105867,8,ネオアリシア,1,2023,0.393658668,0.393051982
2023-04-23,202303010602,2020104911,11,キュベリン,1,2023,0.146844238,0.137509197
2023-04-23,202303010602,2020101715,16,リーリオブランコ,0,2023,0.390091747,0.397545815
2023-04-23,202303010607,2020103883,2,レイレフア,0,2023,0.133959457,0.135817349
2023-04-23,202303010607,2020106055,3,アナザームーン,0,2023,0.222089097,0.237468734
2023-04-23,202303010607,2020101692,5,ラガープリンセス,0,2023,0.042019889,0.046203110
2023-04-23,202303010607,2020100167,6,ケサランパサラン,0,2023,0.141773060,0.133983940
2023-04-23,202303010607,2020106495,7,サンスレッド,0,2023,0.299374700,0.305704027
2023-04-23,202303010607,2020105485,11,ニシノカナン,0,2023,0.230649203,0.216881663
2023-04-23,202303010607,2020101863,13,コパカバーナビーチ,1,2023,0.403080881,0.400629550
2023-04-23,202303010611,2019109094,1,ブッシュガーデン,1,2023,0.255500138,0.256358117
2023-04-23,202303010611,2019105060,2,アンクロワ,0,2023,0.222754583,0.228015348
2023-04-23,202303010611,2019103562,3,ダテボレアス,0,2023,0.220343113,0.207351536
2023-04-23,202303010611,2017101571,4,サイヤダンサー,0,2023,0.272631288,0.267254084
2023-04-23,202303010611,2019103120,5,リトス,0,2023,0.140439659,0.145073041
2023-04-23,202303010611,2017103020,6,ダンツイノーバ,0,2023,0.096967824,0.106335342
2023-04-23,202303010611,2019101917,7,エテルナメンテ,0,2023,0.133846894,0.141494796
2023-04-23,202303010611,2019110001,8,ショウナンハクラク,1,2023,0.219129369,0.219202876
2023-04-23,202303010611,2017104895,9,ダノンカオス,0,2023,0.157980442,0.162487596
2023-04-23,202303010611,2018100097,10,スマートルシーダ,0,2023,0.181134358,0.184301212
2023-04-23,202303010611,2019100751,11,マイネルレノン,1,2023,0.370886862,0.368046880
2023-04-23,202303010611,2017104258,12,セイラブミー,0,2023,0.053491428,0.053759046
2023-04-23,202303010611,2017104234,13,スズノヤマト,0,2023,0.060592793,0.066751063
2023-04-23,202303010611,2019101262,14,ショウナンアメリア,0,2023,0.302224785,0.277739644
2023-04-23,202303010611,2017101767,15,ベンガン,0,2023,0.239725992,0.266819000
2023-04-23,202303010611,2017105126,16,チャイカ,0,2023,0.083780259,0.085881189
2023-04-29,202304010109,2020110005,2,ソフィアエール,0,2023,0.105058543,0.114597678
2023-04-29,202304010109,2020100236,3,ニシノトキメキ,0,2023,0.119514771,0.114940241
2023-04-29,202304010109,2020110114,4,スリーアイランド,0,2023,0.324293584,0.341832250
2023-04-29,202304010109,2020101052,5,ルーラルハピネス,1,2023,0.231568038,0.233290672
2023-04-29,202304010109,2020100056,6,クールムーア,0,2023,0.107598931,0.102188803
2023-04-29,202304010109,2020101763,7,トーホウフランゴ,1,2023,0.110641249,0.114593163
2023-04-29,202304010109,2020102537,9,チカポコ,0,2023,0.052784521,0.051256057
2023-04-29,202304010109,2020104613,10,タツダイヤモンド,1,2023,0.283505589,0.270749599
2023-04-29,202304010109,2020106343,11,ユカリプレリュード,0,2023,0.144829318,0.150498629
2023-04-29,202304010109,2020110145,12,スモーキンビリー,0,2023,0.152453765,0.165151015
2023-04-29,202304010109,2020104942,13,シルフィードレーヴ,0,2023,0.153178319,0.140039548
2023-04-29,202304010109,2020100305,14,セイウンスイート,0,2023,0.087482251,0.085890532
2023-04-29,202304010109,2020103962,15,ステークホルダー,0,2023,0.243604824,0.276831090
2023-04-29,202304010109,2020100702,16,ジューンアース,0,2023,0.111089073,0.108921349
2023-04-29,202308010311,2018106389,1,メイショウツツジ,0,2023,0.127673790,0.147350460
2023-04-29,202308010311,2018104949,2,フォイアーロート,0,2023,0.091578379,0.082769521
2023-04-29,202308010311,2018103926,4,ショウナンラスボス,0,2023,0.253295958,0.288630635
2023-04-29,202308010311,2019105452,5,ミッキーハーモニー,0,2023,0.350116491,0.348516077
2023-04-29,202308010311,2018102270,6,ケイサンフリーゼ,0,2023,0.055222541,0.065240286
2023-04-29,202308010311,2018106077,7,イルクオーレ,1,2023,0.264927417,0.262221187
2023-04-29,202308010311,2017106137,8,グレイトゲイナー,0,2023,0.056116633,0.060557004
2023-04-29,202308010311,2018100570,9,セリシア,1,2023,0.150058821,0.150528207
2023-04-29,202308010311,2016105797,10,コスモエスパーダ,0,2023,0.071355961,0.076726213
2023-04-29,202308010311,2019102742,11,クレア,0,2023,0.096713454,0.103221029
2023-04-29,202308010311,2019101700,12,サトノレーヴ,1,2023,0.298028618,0.339684159
2023-04-29,202308010311,2019100791,13,シナモンスティック,0,2023,0.079507791,0.074878328
2023-04-29,202308010311,2019105237,14,スリーパーダ,0,2023,0.156281233,0.176162899
2023-04-29,202308010311,2015103357,15,メイショウドウドウ,0,2023,0.114161111,0.109869182
2023-04-29,202308010311,2019105806,16,ドロップオブライト,0,2023,0.320095450,0.326604873
2023-04-29,202308010311,2018110035,17,シュバルツカイザー,0,2023,0.129859835,0.141745150
2023-04-29,202308010311,2018104347,18,ユキノファラオ,0,2023,0.078165650,0.069616154
2023-04-30,202304010212,2019105738,1,ピンクセイラー,0,2023,0.163366556,0.172669545
2023-04-30,202304010212,2019105044,2,アドマイヤラヴィ,1,2023,0.447041005,0.457774073
2023-04-30,202304010212,2019103193,3,トリップトゥムーン,0,2023,0.226812512,0.218469381
2023-04-30,202304010212,2019100578,4,クインズプリーズ,0,2023,0.115623973,0.113168761
2023-04-30,202304010212,2017103328,5,ウインドラブリーナ,0,2023,0.038841348,0.035797149
2023-04-30,202304010212,2019103584,6,オラヴェリタス,0,2023,0.087935008,0.081636868
2023-04-30,202304010212,2019101743,7,タムロキュラムン,0,2023,0.081760533,0.088186532
2023-04-30,202304010212,2019100755,9,アラクレ,0,2023,0.190778539,0.199290290
2023-04-30,202304010212,2017101559,10,アトムヴェローチェ,0,2023,0.020019306,0.018861249
2023-04-30,202304010212,2018110149,11,コスモアディラート,0,2023,0.286311567,0.308827549
2023-04-30,202304010212,2018104663,12,タウゼントシェーン,1,2023,0.288732708,0.275960177
2023-04-30,202304010212,2019101562,13,デフィデリ,0,2023,0.105968051,0.120396338
2023-04-30,202304010212,2019110051,14,シュガーフロート,0,2023,0.432890803,0.442139328
2023-04-30,202304010212,2018100406,15,ヴィントミューレ,1,2023,0.119235925,0.119098395
2023-05-06,202304010306,2020104626,1,クツワファミリー,0,2023,0.209635049,0.198584259
2023-05-06,202304010306,2020100897,2,ルソレイユ,0,2023,0.324799448,0.319327921
2023-05-06,202304010306,2020103038,3,キャルキューレ,0,2023,0.341732144,0.355882168
2023-05-06,202304010306,2020103844,4,フリントロック,1,2023,0.354008257,0.363813430
2023-05-06,202304010306,2020104377,6,レッツプロミス,0,2023,0.067250147,0.067079142
2023-05-06,202304010306,2020102050,7,サンポーニャ,1,2023,0.359212428,0.353556305
2023-05-06,202304010306,2020104545,9,スマートメイプル,0,2023,0.461641103,0.465628326
2023-05-06,202304010306,2020103761,10,カンタベリースワン,0,2023,0.018372437,0.018160176
2023-05-06,202304010306,2020105365,11,ドーバーホーク,1,2023,0.626685798,0.642469525
2023-05-06,202304010306,2020106055,12,アナザームーン,0,2023,0.246803790,0.254038453
2023-05-06,202304010306,2020104598,14,ショウナンアウリイ,0,2023,0.086227700,0.078547798
2023-05-06,202304010306,2020105562,16,パルフュメ,0,2023,0.263429195,0.280801922
2023-05-07,202308010611,2017104852,1,キャプテンドレイク,0,2023,0.194444701,0.174846888
2023-05-07,202308010611,2017100240,2,スノーテーラー,1,2023,0.156995028,0.144304350
2023-05-07,202308010611,2019100765,3,コムストックロード,0,2023,0.088745207,0.091096312
2023-05-07,202308010611,2018104331,4,ヴァトレニ,0,2023,0.234533146,0.230632350
2023-05-07,202308010611,2017105272,5,リレーションシップ,0,2023,0.110727161,0.117361993
2023-05-07,202308010611,2018100394,6,サトノラムセス,0,2023,0.312379450,0.289659500
2023-05-07,202308010611,2015104699,7,フレッチア,0,2023,0.098667286,0.096018188
2023-05-07,202308010611,2018106055,8,ヨシノイースター,0,2023,0.394781142,0.428074479
2023-05-07,202308010611,2017100091,9,スマートクラージュ,1,2023,0.236810997,0.258985996
2023-05-07,202308010611,2015100822,10,タイセイアベニール,0,2023,0.090766571,0.076133549
2023-05-07,202308010611,2017103005,11,ロードベイリーフ,0,2023,0.078462891,0.088637233
2023-05-07,202308010611,2017105443,12,ビップウインク,0,2023,0.070262223,0.071154289
2023-05-07,202308010611,2016104983,13,トップオブメジャー,0,2023,0.046209101,0.047164999
2023-05-07,202308010611,2019102979,14,エイシンスポッター,1,2023,0.322778940,0.310446382
2023-05-07,202308010611,2017106387,15,スマートリアン,0,2023,0.238937438,0.220491871
2023-05-07,202308010611,2019102576,16,クリノマジン,0,2023,0.248281866,0.235447600
2023-05-07,202308010611,2016104787,17,グルーヴィット,0,2023,0.062127426,0.057253100
2023-05-07,202308010611,2017106720,18,サンライズオネスト,0,2023,0.132463515,0.120401785
2023-05-13,202308010707,2019102106,1,ブリュットミレジメ,0,2023,0.176542714,0.198074177
2023-05-13,202308010707,2019104361,2,テーオースパロー,1,2023,0.265882790,0.270530105
2023-05-13,202308010707,2019102856,3,トーホウラビアン,0,2023,0.104475878,0.106197990
2023-05-13,202308010707,2018101573,4,セイレーン,0,2023,0.100373156,0.096589580
2023-05-13,202308010707,2018106391,5,メイショウイジゲン,0,2023,0.065388322,0.068456091
2023-05-13,202308010707,2019102041,6,アドヴァイス,1,2023,0.387610137,0.387220442
2023-05-13,202308010707,2018110001,7,ジュストコル,0,2023,0.358965039,0.388921678
2023-05-13,202308010707,2018103368,8,メイショウカイト,0,2023,0.082396001,0.085945360
2023-05-13,202308010707,2018103181,9,シゲルセンム,0,2023,0.149718016,0.144366771
2023-05-13,202308010707,2018102585,10,ロードラスター,0,2023,0.305557728,0.314693272
2023-05-13,202308010707,2019109140,11,ヒノクニ,0,2023,0.100856848,0.101283252
2023-05-13,202308010707,2017105070,12,チャーミングアクト,0,2023,0.170973301,0.158503711
2023-05-13,202308010707,2019100168,13,ベジェサ,0,2023,0.113561906,0.118258700
2023-05-13,202308010707,2019109094,14,ブッシュガーデン,1,2023,0.432492137,0.427816600
2023-05-13,202308010707,2019103136,15,シゲルファンノユメ,0,2023,0.133839563,0.136141658
2023-05-13,202308010707,2019103208,16,オステリア,0,2023,0.080250449,0.093401581
2023-05-14,202304010612,2019103577,1,ツキニホエル,0,2023,0.078013301,0.073905930
2023-05-14,202304010612,2019102147,2,フォレクラフト,0,2023,0.446736455,0.458099633
2023-05-14,202304010612,2019102303,3,アイムファイン,0,2023,0.088367715,0.082349814
2023-05-14,202304010612,2018105201,4,デイトンウェイ,0,2023,0.387856871,0.390505970
2023-05-14,202304010612,2019101031,5,サミュエル,0,2023,0.186033055,0.168980941
2023-05-14,202304010612,2019100709,6,マイネルヘリテージ,0,2023,0.033178430,0.033977050
2023-05-14,202304010612,2018101825,7,ショウユアセルフ,0,2023,0.099524371,0.097794525
2023-05-14,202304010612,2018103103,8,ブラックハート,0,2023,0.159705728,0.173673809
2023-05-14,202304010612,2019104002,9,タイキバンディエラ,0,2023,0.277585208,0.255550623
2023-05-14,202304010612,2019103200,10,ネイキッドハート,0,2023,0.082516566,0.071293756
2023-05-14,202304010612,2019104549,11,テンメジャーガール,1,2023,0.312728345,0.300483316
2023-05-14,202304010612,2019101562,12,デフィデリ,1,2023,0.139988482,0.147343189
2023-05-14,202304010612,2018100406,13,ヴィントミューレ,1,2023,0.279708385,0.292189628
2023-05-14,202304010612,2018100480,14,デルマヤクシ,0,2023,0.262137353,0.297815442
2023-05-14,202304010612,2018104561,15,エンブレムコード,0,2023,0.136878476,0.136620671
2023-05-14,202308010808,2019103814,1,スカイトレイル,1,2023,0.246422544,0.260302484
2023-05-14,202308010808,2019101708,2,フローレンスハニー,1,2023,0.415964842,0.436138958
2023-05-14,202308010808,2019103673,3,バーニングアイズ,0,2023,0.115934670,0.120012157
2023-05-14,202308010808,2018103200,4,バーニングパワー,0,2023,0.336171061,0.322784692
2023-05-14,202308010808,2019103584,5,オラヴェリタス,0,2023,0.134222418,0.129802123
2023-05-14,202308010808,2019105241,6,ビップシュプリーム,1,2023,0.400151044,0.382801503
2023-05-14,202308010808,2019101743,7,タムロキュラムン,0,2023,0.114384174,0.130076334
2023-05-14,202308010808,2019100666,8,イラーレ,0,2023,0.456929445,0.421271473
2023-05-14,202308010808,2019102320,9,サイモンカーチス,0,2023,0.180143341,0.165447667
2023-05-14,202308010808,2019102137,10,シロン,0,2023,0.082944885,0.077543870
2023-05-14,202308010808,2018105198,11,エリカシャンス,0,2023,0.108954884,0.104376189
2023-05-14,202308010808,2018106200,12,メイショウヒゾッコ,0,2023,0.116661429,0.122397333
2023-05-14,202308010808,2018102053,13,ドリームアゲイン,0,2023,0.134542108,0.144981667
2023-05-20,202304010711,2019103137,1,ロサロッサーナ,0,2023,0.233618841,0.250022650
2023-05-20,202304010711,2018109052,2,エコロデイジー,0,2023,0.237260640,0.218409538
2023-05-20,202304010711,2018104621,3,サトノルーチェ,0,2023,0.304804236,0.308370769
2023-05-20,202304010711,2017100660,4,ポピュラーソング,0,2023,0.070550516,0.059463121
2023-05-20,202304010711,2019105238,5,フリートオブフット,0,2023,0.364552051,0.337202191
2023-05-20,202304010711,2018100433,6,ブロンズレッド,0,2023,0.070571952,0.066625655
2023-05-20,202304010711,2018105873,7,ミキノバスドラム,0,2023,0.045098450,0.046456382
2023-05-20,202304010711,2017101571,8,サイヤダンサー,0,2023,0.301638007,0.274853468
2023-05-20,202304010711,2018105163,9,ドナウエレン,0,2023,0.243525073,0.230339810
2023-05-20,202304010711,2017103020,10,ダンツイノーバ,1,2023,0.256285787,0.238506019
2023-05-20,202304010711,2017104895,11,ダノンカオス,0,2023,0.197940722,0.180783466
2023-05-20,202304010711,2018100636,12,ステラダイヤ,0,2023,0.128134057,0.119885996
2023-05-20,202304010711,2019100751,13,マイネルレノン,1,2023,0.471889019,0.463626474
2023-05-20,202304010711,2019109146,14,イールテソーロ,0,2023,0.156506240,0.143044487
2023-05-20,202304010711,2016101650,15,モメチョッタ,0,2023,0.055401612,0.055159174
2023-05-20,202304010711,2019101270,16,ヨール,1,2023,0.366562665,0.353039801
2023-05-20,202308010904,2020102297,2,マロンアルジャン,0,2023,0.054037005,0.057726894
2023-05-20,202308010904,2020106401,4,ナリタシン,1,2023,0.253554583,0.258803904
2023-05-20,202308010904,2020106895,5,ロッソジュリア,0,2023,0.488428146,0.495904654
2023-05-20,202308010904,2020106821,7,ピースフルナイト,1,2023,0.457221091,0.463671178
2023-05-20,202308010904,2020100239,8,ティーティースター,0,2023,0.062053055,0.064107843
2023-05-20,202308010904,2020101138,9,グレーターホープ,0,2023,0.231179774,0.241224915
2023-05-20,202308010904,2020104758,10,ゴコウサス,1,2023,0.325832367,0.302126318
2023-05-20,202308010904,2020101759,11,トーホウビエント,0,2023,0.077115528,0.072971888
2023-05-20,202308010904,2020104151,12,ヒルデブランド,0,2023,0.151121169,0.150545582
2023-05-20,202308010904,2020102041,13,ラインガウディ,0,2023,0.070822887,0.065446310
2023-05-20,202308010904,2020101798,14,オータムクイーン,0,2023,0.276781589,0.253213763
2023-05-20,202308010904,2020103588,15,マテンロウナイト,0,2023,0.075114049,0.070679694
2023-05-20,202308010904,2020104242,17,スマイルモネ,0,2023,0.071296521,0.075479612
2023-05-20,202308010904,2020106866,18,サトノアダマス,0,2023,0.215928763,0.205268785
2023-05-21,202304010802,2020106055,3,アナザームーン,0,2023,0.277206331,0.287905812
2023-05-21,202304010802,2020106701,4,ウィズアウト,0,2023,0.128935307,0.130965874
2023-05-21,202304010802,2020105967,7,ティリア,0,2023,0.052344639,0.052985743
2023-05-21,202304010802,2020102080,8,ベッラフロー,0,2023,0.366799712,0.373841137
2023-05-21,202304010802,2020106644,9,モノセーラス,1,2023,0.280064046,0.299177319
2023-05-21,202304010802,2020101304,12,ラブスレンダー,0,2023,0.458435357,0.453760862
2023-05-21,202304010802,2020100084,14,レッドカメリア,0,2023,0.048541382,0.042146824
2023-05-21,202304010802,2020104545,15,スマートメイプル,1,2023,0.398584068,0.384030133
2023-05-21,202304010802,2020101027,16,アスクエブリーワン,0,2023,0.059517056,0.059701513
2023-05-21,202308011006,2020101262,1,エコロレジーナ,0,2023,0.239528000,0.248339787
2023-05-21,202308011006,2020104942,2,シルフィードレーヴ,1,2023,0.233654246,0.235553041
2023-05-21,202308011006,2020102599,3,リトルミム,0,2023,0.235677898,0.240550995
2023-05-21,202308011006,2020100795,4,ベルタソ,0,2023,0.188361302,0.188395649
2023-05-21,202308011006,2020100702,5,ジューンアース,0,2023,0.331546009,0.343099803
2023-05-21,202308011006,2020105897,7,ソアラ,0,2023,0.103647403,0.107785583
2023-05-21,202308011006,2020101763,9,トーホウフランゴ,1,2023,0.224479958,0.212539986
2023-05-21,202308011006,2020103079,11,デイズオブドリーム,0,2023,0.177068815,0.182869956
2023-05-21,202308011006,2020102537,12,チカポコ,0,2023,0.043717895,0.039619166
2023-05-21,202308011006,2020102294,13,スイープラン,1,2023,0.254605800,0.286791533
2023-05-27,202308011111,2020106851,1,ルガル,1,2023,0.390844196,0.387773216
2023-05-27,202308011111,2020100896,2,ビッグシーザー,1,2023,0.326965809,0.305013865
2023-05-27,202308011111,2020106901,3,メイショウピース,0,2023,0.100604855,0.120085694
2023-05-27,202308011111,2020103284,4,トールキン,0,2023,0.083871260,0.078848511
2023-05-27,202308011111,2020110007,5,ペースセッティング,0,2023,0.245765314,0.254197598
2023-05-27,202308011111,2020110040,6,ヤクシマ,0,2023,0.137831807,0.121412963
2023-05-27,202308011111,2020100484,7,アームズレイン,0,2023,0.176505715,0.174926847
2023-05-27,202308011111,2020102140,8,アンビバレント,0,2023,0.141222015,0.133805096
2023-05-27,202308011111,2020103703,9,コーパスクリスティ,0,2023,0.070404604,0.060391061
2023-05-27,202308011111,2020101503,10,カンチェンジュンガ,0,2023,0.163984671,0.158868358
2023-05-27,202308011111,2020104083,11,テラステラ,0,2023,0.250517011,0.222122028
2023-05-27,202308011111,2020103643,12,エレガントムーン,0,2023,0.110691205,0.097049125
2023-05-27,202308011111,2020104613,13,タツダイヤモンド,0,2023,0.252999276,0.248053774
2023-05-27,202308011111,2020101590,14,トラベログ,0,2023,0.214662269,0.199915946
2023-05-27,202308011111,2020102764,15,モズメイメイ,1,2023,0.287587672,0.279463589
2023-05-27,202308011111,2020101419,17,ブーケファロス,0,2023,0.085079201,0.068909809
2023-05-27,202308011111,2020105400,18,タマモブラックタイ,0,2023,0.305405706,0.309276640
2023-06-03,202309030110,2020100815,1,ミルトクレイモー,1,2023,0.238884553,0.244268522
2023-06-03,202309030110,2020104203,2,スピードオブライト,0,2023,0.523578405,0.566315114
2023-06-03,202309030110,2018105163,3,ドナウエレン,0,2023,0.238233030,0.253400326
2023-06-03,202309030110,2018103902,4,サウンドブライアン,0,2023,0.100602262,0.092583053
2023-06-03,202309030110,2018102091,5,ウルトラソニック,0,2023,0.115485497,0.110997848
2023-06-03,202309030110,2020101543,6,グランテスト,0,2023,0.315875232,0.313853949
2023-06-03,202309030110,2019101005,7,タイセイブリリオ,1,2023,0.163115904,0.165588632
2023-06-03,202309030110,2018104663,8,タウゼントシェーン,0,2023,0.198220029,0.185404718
2023-06-03,202309030110,2019109094,9,ブッシュガーデン,1,2023,0.258777440,0.267361760
2023-06-03,202309030110,2017103020,10,ダンツイノーバ,0,2023,0.189376816,0.185458183
2023-06-03,202309030110,2018103181,11,シゲルセンム,0,2023,0.159953684,0.180316821
2023-06-03,202309030110,2020102630,12,アルーリングビュー,0,2023,0.345378280,0.316411525
2023-06-03,202309030110,2019102456,13,ナバロン,0,2023,0.210952967,0.232682556
2023-06-03,202309030110,2020104942,14,シルフィードレーヴ,0,2023,0.159922004,0.155820727
2023-06-03,202309030110,2020105250,15,ビルカール,0,2023,0.058148019,0.059513196
2023-06-04,202309030212,2020102599,1,リトルミム,0,2023,0.285242409,0.313415319
2023-06-04,202309030212,2020106722,2,クインズエルサ,0,2023,0.566573501,0.590714753
2023-06-04,202309030212,2018103200,3,バーニングパワー,0,2023,0.123681240,0.138392225
2023-06-04,202309030212,2019104738,4,サウンドクレア,1,2023,0.044216398,0.040896278
2023-06-04,202309030212,2019100666,5,イラーレ,1,2023,0.604779303,0.615841091
2023-06-04,202309030212,2018102053,6,ドリームアゲイン,0,2023,0.070800766,0.080018461
2023-06-04,202309030212,2019106598,7,プロティオスミノル,1,2023,0.156928584,0.168058813
2023-06-04,202309030212,2020106821,8,ピースフルナイト,0,2023,0.566722989,0.548787355
2023-06-04,202309030212,2017100654,9,プリンスオブジオン,0,2023,0.042034298,0.047300935
2023-06-04,202309030212,2019101203,10,カレンラファータ,0,2023,0.075154543,0.083097212
2023-06-04,202309030212,2017101991,11,テンジュイン,0,2023,0.223452851,0.195785493
2023-06-04,202309030212,2019100943,12,サードフォース,0,2023,0.028634725,0.035251945
2023-06-04,202309030212,2020101372,13,クリノエンジェル,0,2023,0.219307989,0.204285756
2023-06-04,202309030212,2018106200,14,メイショウヒゾッコ,0,2023,0.088116840,0.090616688
2023-06-10,202302010101,2020102879,1,スプレンディダ,1,2023,0.408846110,0.425992906
2023-06-10,202302010101,2020105791,2,アフターグロウ,1,2023,0.594457388,0.618205845
2023-06-10,202302010101,2020103949,3,シャコンヌ,0,2023,0.111660793,0.135309041
2023-06-10,202302010101,2020106121,5,カッテミル,0,2023,0.203095466,0.218530685
2023-06-10,202302010101,2020104758,6,ゴコウサス,0,2023,0.464494765,0.450231880
2023-06-10,202302010101,2020105711,7,ホワイトキャンバス,0,2023,0.064697027,0.061302569
2023-06-10,202302010101,2020106679,9,プリティジェニー,0,2023,0.031513937,0.028727779
2023-06-10,202302010101,2020104087,11,グランツベリー,0,2023,0.156322867,0.152010754
2023-06-10,202302010101,2020101122,12,シエロエスティーボ,1,2023,0.374137998,0.362777114
2023-06-10,202302010101,2020102360,13,クリノグローリー,0,2023,0.158645779,0.150337383
2023-06-10,202302010101,2020102877,14,エルフォルク,0,2023,0.076839946,0.072953656
2023-06-10,202302010111,2019103120,1,リトス,0,2023,0.307693988,0.312155306
2023-06-10,202302010111,2017104895,2,ダノンカオス,0,2023,0.265527487,0.240719989
2023-06-10,202302010111,2018101964,3,アルムファーツリー,0,2023,0.083081633,0.076495491
2023-06-10,202302010111,2019103442,4,クラリティスケール,1,2023,0.230903208,0.231983066
2023-06-10,202302010111,2020104674,5,バレリーナ,0,2023,0.324007779,0.337113231
2023-06-10,202302010111,2019102273,6,モリノドリーム,1,2023,0.309960723,0.316722840
2023-06-10,202302010111,2018102021,7,ヤマニンルリュール,0,2023,0.152157292,0.159889981
2023-06-10,202302010111,2020106406,8,クリダーム,0,2023,0.278047740,0.287039876
2023-06-10,202302010111,2019100898,9,タッカーシルバー,0,2023,0.239471495,0.247407809
2023-06-10,202302010111,2020107176,10,ワックスフラワー,1,2023,0.340886831,0.333917409
2023-06-10,202302010111,2019101262,11,ショウナンアメリア,0,2023,0.329434872,0.330068678
2023-06-10,202302010111,2019104386,12,トーセンサンダー,0,2023,0.180187508,0.175518796
2023-06-10,202302010111,2018102491,13,メイショウエニシア,0,2023,0.103337668,0.119931526
2023-06-10,202309030303,2020100906,1,フライングブレード,1,2023,0.277604699,0.305191129
2023-06-10,202309030303,2020106644,3,モノセーラス,0,2023,0.513205469,0.523288071
2023-06-10,202309030303,2020105484,4,ニシノコウダイ,1,2023,0.308950663,0.327301562
2023-06-10,202309030303,2020103418,6,インクルードダイヤ,0,2023,0.250416666,0.239176556
2023-06-10,202309030303,2020106401,7,ナリタシン,0,2023,0.448702097,0.452158242
2023-06-10,202309030303,2020100167,11,ケサランパサラン,0,2023,0.163890690,0.160859138
2023-06-10,202309030303,2020105497,13,シュガープラム,0,2023,0.037745271,0.031695478
2023-06-10,202309030303,2020109066,15,ノリノリ,0,2023,0.068686642,0.065691762
2023-06-10,202309030303,2020103681,16,リッスンアップ,0,2023,0.350742072,0.319677442
2023-06-10,202309030311,2017100197,1,ホッコーアカツキ,0,2023,0.076810658,0.067618601
2023-06-10,202309030311,2018104949,2,フォイアーロート,0,2023,0.053722326,0.055072743
2023-06-10,202309030311,2019103605,3,ペプチドヤマト,1,2023,0.211897105,0.205687225
2023-06-10,202309030311,2017103105,4,グッドマックス,0,2023,0.069717586,0.075708412
2023-06-10,202309030311,2016104227,5,ジョニーズララバイ,0,2023,0.063056588,0.062336344
2023-06-10,202309030311,2015103357,6,メイショウドウドウ,0,2023,0.252528280,0.220159993
2023-06-10,202309030311,2017106137,7,グレイトゲイナー,0,2023,0.123444416,0.149725810
2023-06-10,202309030311,2019105237,8,スリーパーダ,1,2023,0.176208749,0.165581062
2023-06-10,202309030311,2017106087,9,メイショウゲンセン,1,2023,0.207894504,0.225004122
2023-06-10,202309030311,2019100751,10,マイネルレノン,0,2023,0.422282934,0.456452727
2023-06-10,202309030311,2017106264,11,ビアイ,0,2023,0.027999928,0.025863208
2023-06-10,202309030311,2017106240,12,アビエルト,0,2023,0.119720846,0.145499110
2023-06-10,202309030311,2019105658,13,オタルエバー,0,2023,0.346248448,0.416760921
2023-06-10,202309030311,2018100025,14,シゲルカチョウ,0,2023,0.275488138,0.277109951
2023-06-10,202309030311,2016105734,15,サンキューユウガ,0,2023,0.276498407,0.283570439
2023-06-10,202309030311,2017102603,16,テイエムイダテン,0,2023,0.058775831,0.055949405
2023-06-11,202302010201,2020106966,2,ピンクジン,1,2023,0.283444434,0.274626970
2023-06-11,202302010201,2020100441,3,ハナサキポプラ,0,2023,0.078712776,0.092133395
2023-06-11,202302010201,2020104983,4,マルプリ,1,2023,0.681527019,0.643631816
2023-06-11,202302010201,2020104241,5,アパラギ,0,2023,0.184957519,0.190186605
2023-06-11,202302010201,2020104885,8,グラスミラー,1,2023,0.099434234,0.097418047
2023-06-11,202302010201,2020103873,9,メルクーア,0,2023,0.061875958,0.064603373
2023-06-11,202302010201,2020101554,10,シーギリア,0,2023,0.168583125,0.179902807
2023-06-11,202302010201,2020100351,11,モルフェブーケ,0,2023,0.146221995,0.143289596
2023-06-11,202302010201,2020103345,13,ノヴィアル,0,2023,0.102210179,0.100081414
2023-06-11,202302010201,2020103898,15,イグニション,0,2023,0.242749497,0.248896539
2023-06-11,202302010201,2020102772,16,ヴェラグエリエロ,0,2023,0.103876106,0.111532345
2023-06-11,202302010208,2019100772,2,ポルタフォルトゥナ,0,2023,0.281105518,0.299449235
2023-06-11,202302010208,2019104693,3,ポメランチェ,0,2023,0.148150623,0.140565574
2023-06-11,202302010208,2020100151,4,スクルプトーリス,0,2023,0.227972165,0.232439876
2023-06-11,202302010208,2019110051,5,シュガーフロート,0,2023,0.517569602,0.535756826
2023-06-11,202302010208,2019105738,6,ピンクセイラー,0,2023,0.168673471,0.176415026
2023-06-11,202302010208,2017103309,7,ホウオウエンジェル,0,2023,0.250793546,0.302790940
2023-06-11,202302010208,2020110114,8,スリーアイランド,1,2023,0.353039324,0.383355975
2023-06-11,202302010208,2020103735,9,ランフリーバンクス,1,2023,0.211385489,0.245399356
2023-06-11,202302010208,2019105241,11,ビップシュプリーム,1,2023,0.496069342,0.480167687
2023-06-11,202302010211,2019106526,1,トウシンマカオ,1,2023,0.259276718,0.245549515
2023-06-11,202302010211,2018104029,2,レイハリア,0,2023,0.114391305,0.114122532
2023-06-11,202302010211,2018106504,3,サトノアイ,0,2023,0.127989188,0.123514459
2023-06-11,202302010211,2015105850,4,カイザーメランジェ,0,2023,0.107033432,0.124883585
2023-06-11,202302010211,2017110123,5,ヴィズサクセス,0,2023,0.222586155,0.229782894
2023-06-11,202302010211,2019102788,6,ウォーターナビレラ,0,2023,0.224937484,0.189857513
2023-06-11,202302010211,2017105661,7,ジュビリーヘッド,1,2023,0.381444842,0.364360541
2023-06-11,202302010211,2020101678,8,リバーラ,0,2023,0.289575994,0.278235495
2023-06-11,202302010211,2017100583,9,ディヴィナシオン,0,2023,0.082337163,0.074545629
2023-06-11,202302010211,2018103105,10,テイエムトッキュウ,0,2023,0.215591997,0.235966310
2023-06-11,202302010211,2019110107,11,ジャスパークローネ,0,2023,0.238689095,0.267400086
2023-06-11,202302010211,2020102564,12,ムーンプローブ,0,2023,0.222294614,0.186545596
2023-06-11,202302010211,2020103589,13,ブトンドール,0,2023,0.296067327,0.282196760
2023-06-11,202302010211,2018104331,14,ヴァトレニ,0,2023,0.276025206,0.266891629
2023-06-11,202302010211,2019104470,15,キミワクイーン,1,2023,0.285334826,0.317853421
2023-06-11,202302010211,2019104841,16,カルネアサーダ,0,2023,0.186474577,0.215659574
2023-06-17,202302010301,2020101839,1,サティンボディス,0,2023,0.322121352,0.312011987
2023-06-17,202302010301,2020102208,2,マテンロウアネモス,1,2023,0.623906910,0.621881306
2023-06-17,202302010301,2020102080,3,ベッラフロー,0,2023,0.470026553,0.480022818
2023-06-17,202302010301,2020103531,4,フローラルハニー,0,2023,0.045767568,0.048914947
2023-06-17,202302010301,2020104088,5,ランドオブラヴ,1,2023,0.104538329,0.109192133
2023-06-17,202302010301,2020106980,6,ドライカプチーノ,0,2023,0.081215285,0.073115423
2023-06-17,202302010301,2020105892,7,ヴァルトラウテ,0,2023,0.109495260,0.110595599
2023-06-17,202302010301,2020106149,9,アスキーアート,0,2023,0.179215491,0.169345856
2023-06-17,202302010301,2020101863,10,コパカバーナビーチ,0,2023,0.338701785,0.352317005
2023-06-17,202302010301,2020100347,11,クリノリアルレディ,1,2023,0.191429108,0.198414430
2023-06-17,202302010301,2020102057,13,ジンフィンドール,0,2023,0.143175915,0.135899529
2023-06-17,202302010301,2020101171,15,ビスケット,0,2023,0.034411386,0.034542441
2023-06-17,202302010309,2019105350,1,シタン,1,2023,0.377173752,0.374015421
2023-06-17,202302010309,2020103735,2,ランフリーバンクス,0,2023,0.539561689,0.555695832
2023-06-17,202302010309,2020110005,3,ソフィアエール,0,2023,0.140570387,0.146282569
2023-06-17,202302010309,2019105241,4,ビップシュプリーム,0,2023,0.589975953,0.551560402
2023-06-17,202302010309,2019105412,5,プリモカリーナ,1,2023,0.390209347,0.410448968
2023-06-17,202302010309,2019101032,6,ユキヤナギ,0,2023,0.021899747,0.021629363
2023-06-17,202302010309,2019110106,7,オカンモシャチョウ,0,2023,0.046932019,0.043556020
2023-06-17,202302010309,2019102768,8,ヌーシャテル,0,2023,0.028294794,0.026733031
2023-06-17,202302010309,2019103584,9,オラヴェリタス,0,2023,0.141554207,0.140569091
2023-06-17,202302010309,2020100909,10,ジューンオレンジ,1,2023,0.509671330,0.559933424
2023-06-17,202302010309,2017106588,11,ハリウッドヒルズ,0,2023,0.569022715,0.534905910
2023-06-17,202302010311,2018101573,1,セイレーン,0,2023,0.071026772,0.070184775
2023-06-17,202302010311,2019101679,2,ヴィアドロローサ,1,2023,0.130719021,0.142880544
2023-06-17,202302010311,2019100168,3,ベジェサ,0,2023,0.103182308,0.111250028
2023-06-17,202302010311,2020107176,4,ワックスフラワー,0,2023,0.521497607,0.531739593
2023-06-17,202302010311,2019103442,5,クラリティスケール,0,2023,0.528418541,0.515250266
2023-06-17,202302010311,2018105004,6,アップリバー,1,2023,0.195197299,0.209777653
2023-06-17,202302010311,2019101262,7,ショウナンアメリア,0,2023,0.323910415,0.309628606
2023-06-17,202302010311,2019109146,8,イールテソーロ,0,2023,0.300586194,0.322742134
2023-06-17,202302010311,2020104954,9,ウメムスビ,0,2023,0.176976770,0.178266048
2023-06-17,202302010311,2018103296,10,サニーオーシャン,0,2023,0.083328612,0.078343898
2023-06-17,202302010311,2017100660,11,ポピュラーソング,0,2023,0.082687072,0.082415856
2023-06-17,202302010311,2017103886,12,ラキ,0,2023,0.060973939,0.060589369
2023-06-17,202302010311,2018104267,13,ユキノフラッシュ,0,2023,0.204476595,0.229603782
2023-06-17,202302010311,2019104386,14,トーセンサンダー,0,2023,0.280131310,0.255540192
2023-06-17,202302010311,2020100686,15,ジョリダム,1,2023,0.265439063,0.264365852
2023-06-18,202302010402,2020100897,1,ルソレイユ,0,2023,0.247891590,0.245957941
2023-06-18,202302010402,2020103283,2,エルディアナ,0,2023,0.296045691,0.299069345
2023-06-18,202302010402,2020101992,3,ライクアフラワー,0,2023,0.229242489,0.227967143
2023-06-18,202302010402,2020103481,4,カズボニファシオ,0,2023,0.225717977,0.223443195
2023-06-18,202302010402,2020110051,5,ザングウィル,1,2023,0.382653385,0.386521339
2023-06-18,202302010402,2020101122,6,シエロエスティーボ,0,2023,0.486385792,0.483575761
2023-06-18,202302010402,2020103844,7,フリントロック,0,2023,0.313079864,0.308523476
2023-06-18,202302010402,2020100124,9,アイアンランラン,0,2023,0.018081577,0.020219879
2023-06-18,202302010402,2020100286,10,ルリイロ,0,2023,0.304143310,0.293082535
2023-06-18,202302010402,2020105561,11,ケイアイクビラ,1,2023,0.587981045,0.571728230
2023-06-18,202302010402,2020104787,12,コンフルエンス,0,2023,0.056324013,0.056534871
2023-06-18,202302010402,2020103870,13,ウィズアットダンス,0,2023,0.095270663,0.084908299
2023-06-18,202302010402,2020101606,14,アイリーンテーラー,0,2023,0.112310767,0.107022807
2023-06-18,202302010402,2020100154,15,ソニックライト,1,2023,0.377548516,0.367411673
2023-06-18,202302010402,2020106712,16,ファルマリン,0,2023,0.124859996,0.131132543
2023-06-18,202302010408,2018105357,1,ラピカズマ,0,2023,0.280397892,0.336843193
2023-06-18,202302010408,2018104559,3,ナリタローゼ,0,2023,0.235093102,0.267670631
2023-06-18,202302010408,2020104973,4,トゥービートライン,0,2023,0.268789530,0.274532378
2023-06-18,202302010408,2018104471,5,グレイトミッション,0,2023,0.075966991,0.071586825
2023-06-18,202302010408,2020102299,6,アシャカタカ,0,2023,0.295708179,0.305713385
2023-06-18,202302010408,2020103356,7,クファシル,0,2023,0.279884696,0.288068563
2023-06-18,202302010408,2020100151,8,スクルプトーリス,0,2023,0.179400802,0.166982099
2023-06-18,202302010408,2019100911,9,エヴリーサンクス,0,2023,0.060093574,0.058409378
2023-06-18,202302010408,2020101378,10,アイヲツグモノ,0,2023,0.246438816,0.258014977
2023-06-18,202302010408,2018106613,11,プルスウルトラ,1,2023,0.320814103,0.341284841
2023-06-18,202302010408,2019106179,12,ハートホイップ,0,2023,0.131917715,0.155572802
2023-06-18,202302010408,2018100772,13,ハイライフ,1,2023,0.055015191,0.046722367
2023-06-18,202302010408,2019106103,14,モウショウ,0,2023,0.089685477,0.099217258
2023-06-18,202302010408,2018103063,15,フィルムスコア,1,2023,0.053176526,0.041195229
2023-06-18,202302010408,2019106596,16,バトルシャイニング,0,2023,0.326476455,0.356132954
2023-06-18,202302010411,2018103498,1,アイルビーザワン,0,2023,0.130863503,0.116075739
2023-06-18,202302010411,2018110035,2,シュバルツカイザー,1,2023,0.224682033,0.212372795
2023-06-18,202302010411,2019103010,3,オードゥメール,0,2023,0.290625244,0.290323138
2023-06-18,202302010411,2018103926,4,ショウナンラスボス,0,2023,0.181040466,0.181134641
2023-06-18,202302010411,2018110037,5,ブルースピリット,1,2023,0.222150803,0.266063571
2023-06-18,202302010411,2019100659,6,レベレンシア,0,2023,0.337544054,0.351045579
2023-06-18,202302010411,2019102522,7,ドグマ,0,2023,0.212081954,0.213758156
2023-06-18,202302010411,2018100756,8,シュアーヴアリア,0,2023,0.120394498,0.115610026
2023-06-18,202302010411,2018103086,9,ヴァーチャリティ,0,2023,0.065280005,0.056818426
2023-06-18,202302010411,2018106077,10,イルクオーレ,0,2023,0.297281146,0.308012009
2023-06-18,202302010411,2019106184,11,カフジテトラゴン,1,2023,0.166269019,0.156567082
2023-06-18,202302010411,2019105806,12,ドロップオブライト,0,2023,0.283457577,0.290968299
2023-06-18,202302010411,2019104518,13,アイヴォリードレス,0,2023,0.118427403,0.134773061
2023-06-18,202302010411,2017104873,14,エグレムニ,0,2023,0.073574670,0.066141099
2023-06-18,202302010411,2018105112,15,フォドラ,0,2023,0.046312831,0.043389764
2023-06-18,202302010411,2018106837,16,テーオーメアリー,0,2023,0.127673566,0.132497430
2023-06-18,202302010412,2020100997,1,マルモリディライト,0,2023,0.206343815,0.233710170
2023-06-18,202302010412,2018106717,2,プロトサマニ,0,2023,0.171447337,0.172140509
2023-06-18,202302010412,2019106713,3,クインズグレイト,0,2023,0.094603278,0.110868692
2023-06-18,202302010412,2017103309,4,ホウオウエンジェル,0,2023,0.227846637,0.237826720
2023-06-18,202302010412,2020103191,5,ブライトサイン,0,2023,0.086752184,0.083830312
2023-06-18,202302010412,2020100105,6,エイシンフェンサー,1,2023,0.271159917,0.278401613
2023-06-18,202302010412,2020100121,7,イイヒニナル,0,2023,0.237302899,0.240540907
2023-06-18,202302010412,2020103267,8,アトモストリミッツ,0,2023,0.165541410,0.163580850
2023-06-18,202302010412,2018104938,9,ヴェールクレール,0,2023,0.318899214,0.357664108
2023-06-18,202302010412,2020101848,10,バロットボックス,0,2023,0.096986756,0.088915542
2023-06-18,202302010412,2019105765,11,ハウファアイルゴー,0,2023,0.114493772,0.104565896
2023-06-18,202302010412,2020105145,12,カワキタマックス,0,2023,0.228569731,0.230613887
2023-06-18,202302010412,2018102669,13,スズノナデシコ,1,2023,0.254667103,0.281455100
2023-06-18,202302010412,2019100772,14,ポルタフォルトゥナ,1,2023,0.171384171,0.152100369
2023-06-18,202302010412,2019105258,15,オルコス,0,2023,0.099947892,0.088757157
2023-06-24,202302010503,2020106930,2,シャーンゴッセ,0,2023,0.313226044,0.301668048
2023-06-24,202302010503,2020101770,3,トリプルウイナー,0,2023,0.283756614,0.261756748
2023-06-24,202302010503,2020104516,4,サクラトップクリス,0,2023,0.182538942,0.179505259
2023-06-24,202302010503,2020102438,5,マジカルフラワー,0,2023,0.057053171,0.059533939
2023-06-24,202302010503,2020102718,6,オルフェスト,1,2023,0.389899969,0.380537152
2023-06-24,202302010503,2020101791,7,ヴァイキングムーン,0,2023,0.108475588,0.108717024
2023-06-24,202302010503,2020104241,9,アパラギ,0,2023,0.140928656,0.140716255
2023-06-24,202302010503,2020106966,11,ピンクジン,0,2023,0.290823162,0.278848708
2023-06-24,202302010503,2020103873,12,メルクーア,0,2023,0.061380465,0.060769022
2023-06-24,202302010503,2020101229,13,レディメローラ,1,2023,0.266201168,0.262907058
2023-06-24,202302010503,2020100580,14,ソルエストレーラ,0,2023,0.189529568,0.206020266
2023-06-24,202302010503,2020104758,15,ゴコウサス,0,2023,0.388584048,0.380477458
2023-06-24,202302010503,2020100759,16,アルマロクザン,1,2023,0.514772594,0.523467243
2023-06-24,202302010507,2018104938,1,ヴェールクレール,1,2023,0.641245902,0.632616758
2023-06-24,202302010507,2018102669,2,スズノナデシコ,1,2023,0.618386209,0.624286354
2023-06-24,202302010507,2020104163,3,エメラダ,0,2023,0.027420264,0.033180192
2023-06-24,202302010507,2020100286,4,ルリイロ,0,2023,0.311161399,0.320067197
2023-06-24,202302010507,2020105892,5,ヴァルトラウテ,0,2023,0.156962544,0.167284966
2023-06-24,202302010507,2019105738,6,ピンクセイラー,0,2023,0.273760349,0.254448533
2023-06-24,202302010507,2019106103,7,モウショウ,1,2023,0.206214741,0.179246873
2023-06-24,202302010507,2020104086,8,ウェンダヴズクライ,0,2023,0.035981577,0.039360132
2023-06-24,202302010507,2020102879,9,スプレンディダ,0,2023,0.620861232,0.621537864
2023-06-24,202302010507,2019106596,10,バトルシャイニング,0,2023,0.388795525,0.387429506
2023-06-24,202302010507,2019105258,11,オルコス,0,2023,0.181319326,0.168062314
2023-06-24,202302010511,2018106504,1,サトノアイ,0,2023,0.184608221,0.189024508
2023-06-24,202302010511,2018105366,2,レッドベルオーブ,0,2023,0.187129691,0.194536015
2023-06-24,202302010511,2020102672,3,メイクアスナッチ,0,2023,0.523046613,0.518368304
2023-06-24,202302010511,2016104983,4,トップオブメジャー,0,2023,0.032412156,0.032147169
2023-06-24,202302010511,2018110045,5,ショックアクション,0,2023,0.077359267,0.081724107
2023-06-24,202302010511,2015104347,6,ルッジェーロ,0,2023,0.095666029,0.111404024
2023-06-24,202302010511,2017104552,7,ベイビーボス,0,2023,0.057039794,0.060287409
2023-06-24,202302010511,2018102155,8,マイネルジェロディ,1,2023,0.073481299,0.087173387
2023-06-24,202302010511,2016102534,9,イーサンパンサー,0,2023,0.075762831,0.073993251
2023-06-24,202302010511,2019104841,10,カルネアサーダ,1,2023,0.347469866,0.317498267
2023-06-24,202302010511,2018104041,11,マウンテンムスメ,0,2023,0.249970675,0.233866602
2023-06-24,202302010511,2018102595,12,ロードマックス,0,2023,0.175890923,0.175577357
2023-06-24,202302010511,2015105850,13,カイザーメランジェ,0,2023,0.167979017,0.192248806
2023-06-24,202302010511,2019102238,14,クロジシジョー,0,2023,0.158761948,0.182742372
2023-06-24,202302010511,2018101343,15,ゾンニッヒ,1,2023,0.491235346,0.485963404
2023-06-24,202302010511,2018104945,16,ルークズネスト,0,2023,0.148678660,0.156729847
2023-06-25,202302010601,2020101034,1,アイアンムーン,1,2023,0.739507854,0.748210609
2023-06-25,202302010601,2020106330,2,ラウラーナ,0,2023,0.405498594,0.392806292
2023-06-25,202302010601,2020102360,4,クリノグローリー,0,2023,0.105087668,0.105772130
2023-06-25,202302010601,2020103345,5,ノヴィアル,0,2023,0.102530934,0.102057531
2023-06-25,202302010601,2020106149,6,アスキーアート,0,2023,0.166488007,0.158782259
2023-06-25,202302010601,2020102826,7,カリーナベローチェ,0,2023,0.296344668,0.289882541
2023-06-25,202302010601,2020104415,8,スピニングマーリン,1,2023,0.126180470,0.126612723
2023-06-25,202302010601,2020106622,9,ガンバリーレ,0,2023,0.033318903,0.029871309
2023-06-25,202302010601,2020101870,10,ラブコ,0,2023,0.122873336,0.119377539
2023-06-25,202302010601,2020104885,11,グラスミラー,0,2023,0.226858780,0.238331392
2023-06-25,202302010601,2020102958,12,コンスピキュアス,0,2023,0.185702324,0.189691305
2023-06-25,202302010601,2020100891,13,ヨドノルーキー,1,2023,0.057114292,0.055854276
2023-06-25,202302010601,2020104909,14,レゼルノワール,0,2023,0.115641899,0.106180556
2023-06-25,202302010601,2020103904,15,イスラデルノルテ,0,2023,0.155384600,0.151847109
2023-06-25,202302010601,2020104604,16,ソルトベール,0,2023,0.101300731,0.091570958
2023-06-25,202302010610,2019102436,1,ミズノコキュウ,1,2023,0.283737361,0.272947669
2023-06-25,202302010610,2017103886,2,ラキ,0,2023,0.071850963,0.078657672
2023-06-25,202302010610,2019105317,3,トップキャスト,0,2023,0.060422044,0.055868197
2023-06-25,202302010610,2018104765,4,イズンシーラブリー,0,2023,0.389391154,0.383155823
2023-06-25,202302010610,2019103120,6,リトス,0,2023,0.289930075,0.314816415
2023-06-25,202302010610,2020107176,7,ワックスフラワー,0,2023,0.485812038,0.485217899
2023-06-25,202302010610,2018101964,8,アルムファーツリー,0,2023,0.140808478,0.141652286
2023-06-25,202302010610,2018102491,9,メイショウエニシア,1,2023,0.136817932,0.156766668
2023-06-25,202302010610,2018106152,10,ルルルージュ,0,2023,0.143439919,0.124550767
2023-06-25,202302010610,2020100909,11,ジューンオレンジ,0,2023,0.580986857,0.593444765
2023-06-25,202302010610,2019104549,12,テンメジャーガール,0,2023,0.408045292,0.393415570
2023-06-25,202302010610,2020104674,13,バレリーナ,0,2023,0.224178508,0.245216608
2023-06-25,202302010612,2017106588,1,ハリウッドヒルズ,0,2023,0.533682525,0.500546932
2023-06-25,202302010612,2019102137,2,シロン,1,2023,0.171074286,0.182099849
2023-06-25,202302010612,2017101624,3,クリノヴィンセント,0,2023,0.065776996,0.051725738
2023-06-25,202302010612,2019106179,4,ハートホイップ,0,2023,0.212680951,0.223277897
2023-06-25,202302010612,2020101378,5,アイヲツグモノ,0,2023,0.344130188,0.343510807
2023-06-25,202302010612,2019110051,6,シュガーフロート,0,2023,0.523827732,0.512491643
2023-06-25,202302010612,2020100997,7,マルモリディライト,0,2023,0.271884441,0.295919091
2023-06-25,202302010612,2018104471,8,グレイトミッション,0,2023,0.082129762,0.085309684
2023-06-25,202302010612,2020103844,9,フリントロック,1,2023,0.242563099,0.234670818
2023-06-25,202302010612,2020100151,10,スクルプトーリス,1,2023,0.226338059,0.243532062
2023-06-25,202302010612,2019103584,11,オラヴェリタス,0,2023,0.096819483,0.084136114
2023-06-25,202302010612,2019110106,12,オカンモシャチョウ,0,2023,0.072781943,0.064223140
2023-06-25,202302010612,2020110094,13,ニトロジャーニー,0,2023,0.094538152,0.086467989
2023-07-01,202302020109,2018105357,1,ラピカズマ,0,2023,0.460068524,0.482250243
2023-07-01,202302020109,2019105241,2,ビップシュプリーム,1,2023,0.555710018,0.551476419
2023-07-01,202302020109,2019106194,3,コーリングユー,1,2023,0.528567493,0.512681067
2023-07-01,202302020109,2019110106,4,オカンモシャチョウ,0,2023,0.051898982,0.050437357
2023-07-01,202302020109,2017103309,5,ホウオウエンジェル,0,2023,0.190992981,0.181613550
2023-07-01,202302020109,2020104086,6,ウェンダヴズクライ,0,2023,0.025825044,0.026228335
2023-07-01,202302020109,2020101031,7,アスクエピソード,1,2023,0.408213109,0.392936140
2023-07-01,202302020109,2018103063,8,フィルムスコア,0,2023,0.167326063,0.160053879
2023-07-01,202302020109,2020103191,9,ブライトサイン,0,2023,0.077734202,0.076842971
2023-07-01,202302020109,2020103962,10,ステークホルダー,0,2023,0.350651026,0.377261639
2023-07-01,202302020109,2019102320,11,サイモンカーチス,0,2023,0.031424403,0.032044102
2023-07-01,202302020109,2019101860,12,スピリットワールド,0,2023,0.405790865,0.416286975
2023-07-01,202302020111,2019103010,1,オードゥメール,0,2023,0.283877909,0.300834268
2023-07-01,202302020111,2019106184,2,カフジテトラゴン,1,2023,0.303914964,0.305685848
2023-07-01,202302020111,2014100555,3,ヤマニンペダラーダ,0,2023,0.027709683,0.030469347
2023-07-01,202302020111,2016100507,4,ヒロノトウリョウ,0,2023,0.032468200,0.033223223
2023-07-01,202302020111,2018100377,5,タイセイグラシア,0,2023,0.038225148,0.037771437
2023-07-01,202302020111,2018105004,6,アップリバー,0,2023,0.184795648,0.192187577
2023-07-01,202302020111,2018103932,7,フミロア,0,2023,0.151561216,0.157187209
2023-07-01,202302020111,2019101763,8,グランアリエル,0,2023,0.083937638,0.088834807
2023-07-01,202302020111,2019102273,9,モリノドリーム,1,2023,0.370144427,0.399866313
2023-07-01,202302020111,2018104949,10,フォイアーロート,0,2023,0.060097098,0.063464552
2023-07-01,202302020111,2017104873,11,エグレムニ,0,2023,0.112825662,0.109210014
2023-07-01,202302020111,2018110037,12,ブルースピリット,0,2023,0.381862044,0.335784525
2023-07-01,202302020111,2018105306,13,インフィナイト,0,2023,0.136701137,0.155808598
2023-07-01,202302020111,2019105806,14,ドロップオブライト,1,2023,0.296632409,0.293004364
2023-07-01,202302020111,2019102522,15,ドグマ,0,2023,0.109654903,0.106480338
2023-07-01,202302020111,2018106077,16,イルクオーレ,0,2023,0.318641245,0.279007643
2023-07-01,202307030110,2019103233,1,ニシノデフィレ,0,2023,0.371446311,0.401159346
2023-07-01,202307030110,2018104322,2,プレジールミノル,1,2023,0.104826316,0.092102915
2023-07-01,202307030110,2019105176,3,グレナデンシロップ,0,2023,0.227680147,0.201286137
2023-07-01,202307030110,2018109052,4,エコロデイジー,0,2023,0.129881397,0.121486165
2023-07-01,202307030110,2019100604,5,ヤマニンアンフィル,1,2023,0.556567729,0.528487802
2023-07-01,202307030110,2017101767,6,ベンガン,0,2023,0.391374618,0.404734731
2023-07-01,202307030110,2019103562,7,ダテボレアス,0,2023,0.246858522,0.240854725
2023-07-01,202307030110,2017101777,8,ヤマニンプティパ,0,2023,0.143460020,0.189255491
2023-07-01,202307030110,2019101005,9,タイセイブリリオ,1,2023,0.401782542,0.441607893
2023-07-01,202307030110,2017105192,10,カーフライターク,0,2023,0.093613371,0.098126575
2023-07-01,202307030110,2019104697,11,ショウナンマッハ,0,2023,0.108869486,0.110003471
2023-07-02,202302020203,2020106895,1,ロッソジュリア,0,2023,0.427845001,0.408406854
2023-07-02,202302020203,2020105707,2,アイワナアイドル,0,2023,0.061219048,0.065440461
2023-07-02,202302020203,2020106664,3,インセプション,0,2023,0.059014153,0.057791054
2023-07-02,202302020203,2020106330,4,ラウラーナ,1,2023,0.418382108,0.403305560
2023-07-02,202302020203,2020103159,5,クリノアグレッシブ,0,2023,0.079200774,0.081601553
2023-07-02,202302020203,2020107170,6,マインインパクト,0,2023,0.047674201,0.046853304
2023-07-02,202302020203,2020101171,7,ビスケット,0,2023,0.097297952,0.098996744
2023-07-02,202302020203,2020105791,8,アフターグロウ,0,2023,0.541268170,0.530774236
2023-07-02,202302020203,2020110122,9,ルージュナディア,0,2023,0.202876225,0.188583076
2023-07-02,202302020203,2020101536,10,アイリスバローズ,0,2023,0.179061458,0.166408554
2023-07-02,202302020203,2020102208,11,マテンロウアネモス,1,2023,0.539350271,0.549076974
2023-07-02,202302020203,2020103799,12,マロンドレ,0,2023,0.121450312,0.124447122
2023-07-02,202302020203,2020103949,15,シャコンヌ,0,2023,0.073171191,0.081559822
2023-07-02,202302020203,2020103038,16,キャルキューレ,0,2023,0.161534801,0.158300847
2023-07-02,202302020210,2019102456,1,ナバロン,0,2023,0.286633551,0.259661794
2023-07-02,202302020210,2019100168,2,ベジェサ,0,2023,0.053578805,0.061967332
2023-07-02,202302020210,2019102436,3,ミズノコキュウ,0,2023,0.332160205,0.307189196
2023-07-02,202302020210,2020100105,4,エイシンフェンサー,1,2023,0.467169106,0.457975656
2023-07-02,202302020210,2020103892,5,オメガシンフォニー,1,2023,0.411804467,0.394482166
2023-07-02,202302020210,2020110114,6,スリーアイランド,1,2023,0.525375366,0.511427701
2023-07-02,202302020210,2019104361,7,テーオースパロー,0,2023,0.448694348,0.447324961
2023-07-02,202302020210,2019110042,8,スーリールダンジュ,0,2023,0.471691132,0.484655410
2023-07-02,202302020210,2018102021,9,ヤマニンルリュール,0,2023,0.087315321,0.090227939
2023-07-02,202303020202,2020103365,2,ウィズダムハート,1,2023,0.133409545,0.138806522
2023-07-02,202303020202,2020104465,4,ウラヌス,0,2023,0.111801744,0.092081487
2023-07-02,202303020202,2020104824,6,シンデレラスマイル,0,2023,0.287349224,0.285749167
2023-07-02,202303020202,2020100726,7,シティウォリアー,1,2023,0.108369865,0.114334017
2023-07-02,202303020202,2020105426,8,ベストバディ,0,2023,0.308536381,0.275518537
2023-07-02,202303020202,2020101845,9,フライウィズミー,0,2023,0.645133913,0.659075856
2023-07-02,202303020202,2020105787,12,アントルメグラッセ,0,2023,0.049082659,0.039063800
2023-07-02,202303020202,2020101956,13,ジェイエルトランス,0,2023,0.415783972,0.429270208
2023-07-02,202303020202,2020101564,16,テルテ,0,2023,0.102003500,0.104998484
2023-07-02,202303020212,2020100124,1,アイアンランラン,0,2023,0.026110832,0.030282028
2023-07-02,202303020212,2018105051,2,サトノブラーヴ,0,2023,0.389717191,0.443846256
2023-07-02,202303020212,2019100709,3,マイネルヘリテージ,0,2023,0.186349615,0.201454327
2023-07-02,202303020212,2019105420,4,シウン,0,2023,0.084865980,0.100338265
2023-07-02,202303020212,2020101195,5,ゴルトリッチ,0,2023,0.366737217,0.314490736
2023-07-02,202303020212,2020103885,6,クリノゴッホ,0,2023,0.174937069,0.171553940
2023-07-02,202303020212,2020104960,7,トロピカルヒーロー,0,2023,0.270755231,0.292075038
2023-07-02,202303020212,2019104764,8,ジェットグリッター,0,2023,0.147328869,0.173419759
2023-07-02,202303020212,2020100305,9,セイウンスイート,0,2023,0.280925512,0.307628602
2023-07-02,202303020212,2020103093,10,プレジャークルーズ,1,2023,0.162471816,0.158989683
2023-07-02,202303020212,2019104930,11,スクリーンショット,0,2023,0.243828058,0.201699197
2023-07-02,202303020212,2019102518,12,シエラプリンセサ,0,2023,0.123198479,0.143725812
2023-07-02,202303020212,2018105965,13,エイシンディアデム,0,2023,0.033279702,0.025237467
2023-07-02,202303020212,2019104143,14,ミュージアムピース,1,2023,0.135139301,0.155560046
2023-07-02,202303020212,2019103320,15,プレヴォール,0,2023,0.057495952,0.043499008
2023-07-02,202303020212,2018110149,16,コスモアディラート,1,2023,0.500694752,0.537001014
2023-07-02,202307030208,2019103673,1,バーニングアイズ,0,2023,0.054676935,0.060359467
2023-07-02,202307030208,2018106145,2,アコルダール,0,2023,0.063826948,0.056230690
2023-07-02,202307030208,2020104164,3,アネモス,0,2023,0.217977464,0.217934147
2023-07-02,202307030208,2019105044,4,アドマイヤラヴィ,1,2023,0.531657696,0.568136811
2023-07-02,202307030208,2019102068,5,シャウビンダー,1,2023,0.113033310,0.113875389
2023-07-02,202307030208,2020106737,6,メイショウコギク,0,2023,0.166251674,0.159281179
2023-07-02,202307030208,2020106722,7,クインズエルサ,0,2023,0.428995579,0.431217372
2023-07-02,202307030208,2020101925,8,アイヤナ,0,2023,0.118175358,0.109098382
2023-07-02,202307030208,2016102111,9,ファタリテ,0,2023,0.042191718,0.042809833
2023-07-02,202307030208,2018100618,10,トーホウジュナール,0,2023,0.333407521,0.347425133
2023-07-02,202307030208,2020102971,11,サトノグレイト,0,2023,0.233384281,0.205221266
2023-07-02,202307030208,2019104738,12,サウンドクレア,1,2023,0.137266591,0.148108363
2023-07-02,202307030208,2019102786,13,ウォータールグラン,0,2023,0.073951811,0.077797651
2023-07-02,202307030208,2019103360,14,ジョーブリッランテ,0,2023,0.147792250,0.133904129
2023-07-02,202307030208,2019101313,15,ルクスランページ,0,2023,0.039255731,0.040110007
2023-07-02,202307030208,2019103123,16,エリカフェリーチェ,0,2023,0.093472384,0.090719163
2023-07-02,202307030208,2019103638,17,ヴァンダービルト,0,2023,0.085337676,0.083045326
2023-07-02,202307030208,2020104825,18,スカプラリオ,0,2023,0.268396437,0.282564491
2023-07-02,202307030211,2018106055,1,ヨシノイースター,0,2023,0.418543339,0.395593882
2023-07-02,202307030211,2015100822,2,タイセイアベニール,0,2023,0.042960521,0.044575728
2023-07-02,202307030211,2019102979,3,エイシンスポッター,0,2023,0.491336972,0.502382874
2023-07-02,202307030211,2016105734,4,サンキューユウガ,1,2023,0.307629317,0.271813154
2023-07-02,202307030211,2019103422,5,テイエムスパーダ,0,2023,0.143201590,0.129525185
2023-07-02,202307030211,2017100091,6,スマートクラージュ,1,2023,0.351787865,0.373159587
2023-07-02,202307030211,2017106240,7,アビエルト,0,2023,0.053774722,0.057509013
2023-07-02,202307030211,2019110020,8,マッドクール,0,2023,0.535531640,0.520036697
2023-07-02,202307030211,2015104364,9,トゥラヴェスーラ,0,2023,0.119914986,0.116837993
2023-07-02,202307030211,2019110107,10,ジャスパークローネ,1,2023,0.240222886,0.217099220
2023-07-02,202307030211,2017100583,11,ディヴィナシオン,0,2023,0.090064585,0.082639560
2023-07-02,202307030211,2017106720,12,サンライズオネスト,0,2023,0.141955301,0.132755801
2023-07-08,202302020310,2019102456,1,ナバロン,0,2023,0.422220677,0.428058594
2023-07-08,202302020310,2019103136,2,シゲルファンノユメ,1,2023,0.235266820,0.226272270
2023-07-08,202302020310,2018104765,3,イズンシーラブリー,1,2023,0.642974973,0.655324221
2023-07-08,202302020310,2017103886,4,ラキ,0,2023,0.178613096,0.197006524
2023-07-08,202302020310,2018103296,5,サニーオーシャン,0,2023,0.088168688,0.093940839
2023-07-08,202302020310,2019105317,6,トップキャスト,0,2023,0.107234888,0.094025366
2023-07-08,202302020310,2018101964,7,アルムファーツリー,0,2023,0.164771751,0.169417068
2023-07-08,202302020310,2019101819,8,センタースリール,0,2023,0.133469865,0.116975345
2023-07-08,202302020310,2019104525,9,ラキエータ,1,2023,0.440333188,0.444537669
2023-07-08,202302020312,2018104908,1,アルジェントステラ,0,2023,0.224812359,0.250400066
2023-07-08,202302020312,2019102320,2,サイモンカーチス,0,2023,0.075848721,0.079746872
2023-07-08,202302020312,2019106103,3,モウショウ,0,2023,0.441181242,0.435142070
2023-07-08,202302020312,2020102049,4,ハウピア,0,2023,0.046864677,0.045320105
2023-07-08,202302020312,2018104559,5,ナリタローゼ,1,2023,0.311700493,0.344987690
2023-07-08,202302020312,2018100772,6,ハイライフ,0,2023,0.201611042,0.224359527
2023-07-08,202302020312,2019103584,7,オラヴェリタス,0,2023,0.087716520,0.081398360
2023-07-08,202302020312,2018100480,8,デルマヤクシ,0,2023,0.260222584,0.272614062
2023-07-08,202302020312,2020105561,9,ケイアイクビラ,0,2023,0.624258578,0.647634208
2023-07-08,202302020312,2020102718,10,オルフェスト,1,2023,0.595171571,0.595351934
2023-07-08,202302020312,2020100151,11,スクルプトーリス,1,2023,0.373948574,0.363691300
2023-07-08,202303020309,2020106771,1,トモジャシーマ,1,2023,0.516391098,0.520697236
2023-07-08,202303020309,2019105817,2,ホウオウカグヤ,0,2023,0.088223815,0.073623128
2023-07-08,202303020309,2020101052,3,ルーラルハピネス,1,2023,0.450893760,0.430452138
2023-07-08,202303020309,2020105803,4,マイネルラッシュ,0,2023,0.472691000,0.461932987
2023-07-08,202303020309,2019100292,5,ダレモトメラレナイ,1,2023,0.373254418,0.350067586
2023-07-08,202303020309,2018102069,7,ラナキラ,0,2023,0.249787211,0.248440698
2023-07-08,202303020309,2019101562,8,デフィデリ,0,2023,0.236266762,0.210107073
2023-07-08,202303020309,2018100406,9,ヴィントミューレ,0,2023,0.311529517,0.302476794
2023-07-08,202303020309,2020104960,10,トロピカルヒーロー,0,2023,0.132236958,0.150353208
2023-07-08,202303020309,2019101998,11,サンマルクレイジー,0,2023,0.115582399,0.111262165
2023-07-08,202303020309,2017101448,12,ウインアステロイド,0,2023,0.168278649,0.197104678
2023-07-08,202303020309,2019101793,13,クイーンドライヴ,0,2023,0.032384135,0.031501357
2023-07-08,202307030307,2020103588,1,マテンロウナイト,0,2023,0.124290317,0.136251479
2023-07-08,202307030307,2020102846,2,アズワンウイッシュ,0,2023,0.021536961,0.023872325
2023-07-08,202307030307,2020104598,3,ショウナンアウリイ,0,2023,0.055388667,0.058636282
2023-07-08,202307030307,2020100800,4,イナウィンク,0,2023,0.109333515,0.103601135
2023-07-08,202307030307,2020102142,5,バズッチ,0,2023,0.075176783,0.072529159
2023-07-08,202307030307,2020105299,6,リアライズ,1,2023,0.224226028,0.212265268
2023-07-08,202307030307,2020102041,8,ラインガウディ,1,2023,0.144405201,0.143794790
2023-07-08,202307030307,2020105356,9,ミヅキ,0,2023,0.122718967,0.133469418
2023-07-08,202307030307,2020100370,10,フェリキタス,0,2023,0.329493076,0.325580955
2023-07-08,202307030307,2020110086,11,ロスマリンブルー,0,2023,0.106190182,0.103333667
2023-07-08,202307030307,2020103587,12,ブルジュドバイ,0,2023,0.232403427,0.221190900
2023-07-08,202307030307,2020101642,14,ジューンフリーダム,0,2023,0.091434143,0.085670635
2023-07-08,202307030307,2020100906,15,フライングブレード,1,2023,0.391496271,0.389378399
2023-07-08,202307030307,2020100925,17,ダイゴショウリュウ,0,2023,0.103182688,0.114463218
2023-07-08,202307030307,2020100155,18,ダノンプレジャー,0,2023,0.087445222,0.082390577
2023-07-09,202302020404,2020106147,1,プロパルジョン,0,2023,0.041847669,0.049213491
2023-07-09,202302020404,2020100891,2,ヨドノルーキー,0,2023,0.168566957,0.157941833
2023-07-09,202302020404,2020100154,3,ソニックライト,1,2023,0.525154650,0.526686609
2023-07-09,202302020404,2020105782,4,マルメラーダ,1,2023,0.476275384,0.506430626
2023-07-09,202302020404,2020104088,6,ランドオブラヴ,1,2023,0.228778541,0.263129711
2023-07-09,202302020404,2020102080,7,ベッラフロー,0,2023,0.264350563,0.263989508
2023-07-09,202302020404,2020106966,9,ピンクジン,0,2023,0.308492452,0.314837009
2023-07-09,202302020404,2020101770,10,トリプルウイナー,0,2023,0.245787948,0.271193743
2023-07-09,202302020404,2020100580,11,ソルエストレーラ,0,2023,0.408401370,0.365184873
2023-07-09,202302020404,2020100342,12,メージャーテソーロ,0,2023,0.199664369,0.211937487
2023-07-09,202302020404,2020104241,13,アパラギ,0,2023,0.055287100,0.062796742
2023-07-09,202302020404,2020105187,15,ウインジュルネ,0,2023,0.218537152,0.273438752
2023-07-09,202302020404,2020109092,16,ジャパンノウレッジ,0,2023,0.119367942,0.127384976
2023-07-09,202302020412,2019105241,1,ビップシュプリーム,0,2023,0.670002699,0.688279092
2023-07-09,202302020412,2018104471,2,グレイトミッション,0,2023,0.103448994,0.131588817
2023-07-09,202302020412,2019104475,3,ツヴァイシュテルネ,0,2023,0.122664399,0.129773572
2023-07-09,202302020412,2019105350,4,シタン,0,2023,0.572913527,0.603226721
2023-07-09,202302020412,2020105145,5,カワキタマックス,0,2023,0.245640352,0.275041312
2023-07-09,202302020412,2018104762,6,キャニオニング,0,2023,0.092886843,0.097186118
2023-07-09,202302020412,2019105738,7,ピンクセイラー,1,2023,0.275343090,0.310374707
2023-07-09,202302020412,2020104163,8,エメラダ,0,2023,0.050509300,0.046390325
2023-07-09,202302020412,2020100121,9,イイヒニナル,1,2023,0.223688722,0.189930961
2023-07-09,202302020412,2020109061,10,コンチトーホク,0,2023,0.298158467,0.291469067
2023-07-09,202302020412,2019100772,11,ポルタフォルトゥナ,1,2023,0.391589701,0.446783274
2023-07-09,202303020403,2020106587,2,レオプルミエール,1,2023,0.169189155,0.165737808
2023-07-09,202303020403,2020100215,3,サラサグッドワーク,0,2023,0.177161977,0.174389169
2023-07-09,202303020403,2020106361,6,ニシノレールガン,0,2023,0.153664723,0.139230162
2023-07-09,202303020403,2020102211,8,ヤマタケアオイバラ,0,2023,0.120542191,0.124178395
2023-07-09,202303020403,2020101002,9,ゲンパチジャンヌ,0,2023,0.169707954,0.178884313
2023-07-09,202303020403,2020102322,11,ベルエト,0,2023,0.068698809,0.063915677
2023-07-09,202303020403,2020105053,13,シルバーステラ,0,2023,0.323870689,0.320704073
2023-07-09,202303020403,2020102684,14,ティックルハート,1,2023,0.359839022,0.357225031
2023-07-09,202303020403,2020103863,15,ボールドライ,0,2023,0.040899485,0.042001948
2023-07-09,202303020403,2020105293,16,ペインティトブルー,0,2023,0.122130290,0.121324040
2023-07-09,202303020412,2019106870,1,カジュフェイス,0,2023,0.110993639,0.108445622
2023-07-09,202303020412,2019102922,2,ゼンカイテン,0,2023,0.200173184,0.173317179
2023-07-09,202303020412,2019101270,3,ヨール,0,2023,0.407231390,0.390102357
2023-07-09,202303020412,2015103867,4,ウメタロウ,0,2023,0.027607623,0.024345612
2023-07-09,202303020412,2020104203,5,スピードオブライト,0,2023,0.499942780,0.519114256
2023-07-09,202303020412,2020101590,6,トラベログ,1,2023,0.515860558,0.521168888
2023-07-09,202303020412,2020100607,7,サンティーテソーロ,1,2023,0.498468697,0.525251627
2023-07-09,202303020412,2019100755,8,アラクレ,0,2023,0.234808534,0.255504727
2023-07-09,202303020412,2019104498,10,インプロバイザー,0,2023,0.240356550,0.242518276
2023-07-09,202303020412,2020101419,11,ブーケファロス,1,2023,0.417390704,0.390317112
2023-07-09,202303020412,2018102585,12,ロードラスター,0,2023,0.276969343,0.262381852
2023-07-09,202303020412,2018106613,13,プルスウルトラ,0,2023,0.312070966,0.269913137
2023-07-09,202303020412,2018100373,14,アップストリーム,0,2023,0.107026674,0.111853056
2023-07-15,202302020503,2020102958,1,コンスピキュアス,0,2023,0.143896654,0.140336365
2023-07-15,202302020503,2020104824,2,シンデレラスマイル,1,2023,0.344538838,0.363255709
2023-07-15,202302020503,2020103799,4,マロンドレ,0,2023,0.268849850,0.259692103
2023-07-15,202302020503,2020100759,5,アルマロクザン,1,2023,0.599082887,0.583777785
2023-07-15,202302020503,2020100673,6,ヒルノピレネー,0,2023,0.243938446,0.233833432
2023-07-15,202302020503,2020106712,7,ファルマリン,0,2023,0.178210363,0.161391541
2023-07-15,202302020503,2020101536,8,アイリスバローズ,0,2023,0.186129272,0.172888443
2023-07-15,202302020503,2020104333,9,ハーツファンタジア,0,2023,0.078441791,0.082386956
2023-07-15,202302020503,2020106895,10,ロッソジュリア,0,2023,0.219015926,0.231936172
2023-07-15,202302020503,2020104758,11,ゴコウサス,0,2023,0.360415876,0.349483728
2023-07-15,202302020503,2020103243,13,ハイアーレルム,0,2023,0.127493992,0.120569274
2023-07-15,202302020503,2020101992,14,ライクアフラワー,0,2023,0.218264073,0.203400016
2023-07-15,202302020503,2020101171,15,ビスケット,1,2023,0.136871025,0.128396392
2023-07-15,202302020503,2020100441,16,ハナサキポプラ,0,2023,0.126215771,0.130771920
2023-07-15,202302020508,2020100997,1,マルモリディライト,0,2023,0.459394753,0.425867558
2023-07-15,202302020508,2020105145,2,カワキタマックス,0,2023,0.301909357,0.285942644
2023-07-15,202302020508,2020101378,3,アイヲツグモノ,0,2023,0.368324548,0.334396571
2023-07-15,202302020508,2019102068,4,シャウビンダー,0,2023,0.234760791,0.241003811
2023-07-15,202302020508,2019106565,5,メイショウソウゲツ,0,2023,0.450259775,0.427380800
2023-07-15,202302020508,2019103790,6,ミツカネムーン,0,2023,0.033375621,0.028733589
2023-07-15,202302020508,2020106330,7,ラウラーナ,1,2023,0.552080810,0.561023235
2023-07-15,202302020508,2019104871,8,ウェストファリア,0,2023,0.070298098,0.063196890
2023-07-15,202302020508,2020104086,9,ウェンダヴズクライ,0,2023,0.052559130,0.043820497
2023-07-15,202302020508,2018102053,10,ドリームアゲイン,0,2023,0.087766692,0.069797575
2023-07-15,202302020508,2019103200,11,ネイキッドハート,0,2023,0.120673448,0.114424996
2023-07-15,202302020508,2018105518,12,ダブルスナッチ,1,2023,0.326843828,0.340194315
2023-07-15,202302020508,2020102591,13,メリオルヴィータ,0,2023,0.168798611,0.180455938
2023-07-15,202302020508,2018104762,14,キャニオニング,1,2023,0.077043839,0.064428113
2023-07-15,202303020508,2020106987,1,スムースベルベット,0,2023,0.434304148,0.428004980
2023-07-15,202303020508,2019102892,2,プランタニエール,0,2023,0.041721929,0.042204089
2023-07-15,202303020508,2018106145,3,アコルダール,0,2023,0.190831631,0.205978826
2023-07-15,202303020508,2020103365,4,ウィズダムハート,0,2023,0.341404408,0.350899041
2023-07-15,202303020508,2020101262,5,エコロレジーナ,0,2023,0.329152912,0.332822412
2023-07-15,202303020508,2019106028,6,ピースキーパー,0,2023,0.361922175,0.353239179
2023-07-15,202303020508,2018100593,7,タイガーリリー,0,2023,0.158651203,0.147146106
2023-07-15,202303020508,2019102518,8,シエラプリンセサ,0,2023,0.130818665,0.144389868
2023-07-15,202303020508,2018104561,9,エンブレムコード,0,2023,0.318308562,0.321771264
2023-07-15,202303020508,2019100207,10,ラッピングカラーズ,0,2023,0.097242810,0.091929652
2023-07-15,202303020508,2019104738,11,サウンドクレア,1,2023,0.516935945,0.546691656
2023-07-15,202303020508,2019105940,13,アリシアン,0,2023,0.115841992,0.106965080
2023-07-15,202303020508,2020100347,14,クリノリアルレディ,1,2023,0.343812257,0.360130638
2023-07-15,202303020508,2019102303,15,アイムファイン,1,2023,0.080902062,0.081285410
2023-07-15,202303020511,2019110102,1,デュガ,1,2023,0.262088597,0.304084718
2023-07-15,202303020511,2019104962,2,ウィリン,0,2023,0.550945997,0.602395654
2023-07-15,202303020511,2017106264,4,ビアイ,1,2023,0.121704780,0.109157622
2023-07-15,202303020511,2017106137,5,グレイトゲイナー,0,2023,0.160337836,0.152733490
2023-07-15,202303020511,2019102041,6,アドヴァイス,0,2023,0.511639118,0.515417576
2023-07-15,202303020511,2016100507,7,ヒロノトウリョウ,0,2023,0.068968527,0.052811552
2023-07-15,202303020511,2019110001,8,ショウナンハクラク,0,2023,0.513220847,0.492387205
2023-07-15,202303020511,2019101005,9,タイセイブリリオ,0,2023,0.484691590,0.529786646
2023-07-15,202303020511,2019105658,10,オタルエバー,1,2023,0.331377923,0.371196866
2023-07-15,202303020511,2019104451,11,ビーオンザマーチ,0,2023,0.175106421,0.190628350
2023-07-16,202302020603,2020109092,1,ジャパンノウレッジ,0,2023,0.128763601,0.120383844
2023-07-16,202302020603,2020100901,2,ローザ,0,2023,0.128396347,0.128270462
2023-07-16,202302020603,2020103283,3,エルディアナ,0,2023,0.247495249,0.245119035
2023-07-16,202302020603,2020102826,4,カリーナベローチェ,0,2023,0.182777584,0.194422260
2023-07-16,202302020603,2020106407,5,ライブリームーラン,1,2023,0.244558185,0.259809971
2023-07-16,202302020603,2020103844,7,フリントロック,1,2023,0.282141984,0.317463964
2023-07-16,202302020603,2020101229,8,レディメローラ,0,2023,0.285536826,0.288060635
2023-07-16,202302020603,2020102208,9,マテンロウアネモス,0,2023,0.592012703,0.547022343
2023-07-16,202302020603,2020106149,10,アスキーアート,0,2023,0.092975035,0.094433635
2023-07-16,202302020603,2020105892,11,ヴァルトラウテ,0,2023,0.055387318,0.053343050
2023-07-16,202302020603,2020107170,12,マインインパクト,0,2023,0.050022520,0.044717390
2023-07-16,202302020603,2020101385,13,ブラックフラミンゴ,0,2023,0.234795198,0.254815102
2023-07-16,202302020603,2020103613,14,ポルトロッソ,0,2023,0.030394156,0.026002219
2023-07-16,202302020603,2020102889,15,ベアサッチャー,0,2023,0.090829261,0.082516052
2023-07-16,202302020603,2020105791,16,アフターグロウ,1,2023,0.373221308,0.365919083
2023-07-16,202302020608,2020100882,1,フレンドキング,0,2023,0.015871512,0.019546814
2023-07-16,202302020608,2018100480,2,デルマヤクシ,1,2023,0.265199304,0.280839473
2023-07-16,202302020608,2019103584,3,オラヴェリタス,0,2023,0.070709936,0.073695377
2023-07-16,202302020608,2018100772,4,ハイライフ,0,2023,0.102404378,0.089924462
2023-07-16,202302020608,2019100437,5,バブアルシャムス,0,2023,0.066125415,0.062690102
2023-07-16,202302020608,2019106179,6,ハートホイップ,0,2023,0.297367513,0.292199582
2023-07-16,202302020608,2020100056,7,クールムーア,1,2023,0.235106066,0.233011812
2023-07-16,202302020608,2020102080,8,ベッラフロー,0,2023,0.286332130,0.305205911
2023-07-16,202302020608,2019101100,9,キーチズカンパニー,0,2023,0.122553058,0.112565488
2023-07-16,202302020608,2019105338,10,グランプレジール,0,2023,0.232103020,0.267113686
2023-07-16,202302020608,2020100516,11,マイクロモザイク,0,2023,0.208583906,0.210574329
2023-07-16,202302020608,2019105738,12,ピンクセイラー,1,2023,0.339983344,0.325204968
2023-07-16,202302020608,2020103962,13,ステークホルダー,0,2023,0.350488722,0.345179588
2023-07-16,202302020612,2019110042,1,スーリールダンジュ,0,2023,0.442556262,0.417832643
2023-07-16,202302020612,2020101031,2,アスクエピソード,0,2023,0.487018824,0.503148317
2023-07-16,202302020612,2018103296,3,サニーオーシャン,0,2023,0.060895078,0.064386666
2023-07-16,202302020612,2019104361,4,テーオースパロー,0,2023,0.381316394,0.362965763
2023-07-16,202302020612,2019103442,5,クラリティスケール,0,2023,0.287136972,0.298811495
2023-07-16,202302020612,2017104895,6,ダノンカオス,0,2023,0.062154751,0.068882115
2023-07-16,202302020612,2019101679,7,ヴィアドロローサ,1,2023,0.190762192,0.200725600
2023-07-16,202302020612,2018101964,8,アルムファーツリー,0,2023,0.076430723,0.082251683
2023-07-16,202302020612,2018102669,9,スズノナデシコ,1,2023,0.411833316,0.394247830
2023-07-16,202302020612,2018100141,10,シャークスポット,0,2023,0.260188669,0.321692556
2023-07-16,202302020612,2019103136,11,シゲルファンノユメ,0,2023,0.216910362,0.214088827
2023-07-16,202302020612,2019104386,12,トーセンサンダー,0,2023,0.164612755,0.157912552
2023-07-16,202302020612,2018100097,13,スマートルシーダ,1,2023,0.177883103,0.169740647
2023-07-16,202303020603,2020106587,2,レオプルミエール,1,2023,0.330523938,0.326178998
2023-07-16,202303020603,2020103003,3,ピンポイントドロー,0,2023,0.372854948,0.398967594
2023-07-16,202303020603,2020103072,4,フジマサメジャー,0,2023,0.138759166,0.141948625
2023-07-16,202303020603,2020104487,6,スマイリングウェイ,0,2023,0.049567029,0.040781688
2023-07-16,202303020603,2020104028,7,フェアムーン,0,2023,0.097702689,0.114076532
2023-07-16,202303020603,2020103698,10,エリカソレイユ,0,2023,0.345427454,0.347589076
2023-07-16,202303020603,2020106055,11,アナザームーン,1,2023,0.236363530,0.239120036
2023-07-16,202303020603,2020102619,13,エリアントゥス,0,2023,0.080544397,0.087711312
2023-07-16,202303020603,2020103884,14,ホウオウアリシア,0,2023,0.199596912,0.220596746
2023-07-16,202303020603,2020104626,15,クツワファミリー,0,2023,0.156479701,0.156682298
2023-07-16,202303020603,2020100289,16,シルバーダイヤ,1,2023,0.092375606,0.087913133
2023-07-16,202303020611,2018102360,1,メディーヴァル,0,2023,0.125736743,0.106461585
2023-07-16,202303020611,2017103005,2,ロードベイリーフ,0,2023,0.126702145,0.130431563
2023-07-16,202303020611,2019104108,3,エナジーグラン,0,2023,0.429527223,0.458627343
2023-07-16,202303020611,2017105272,4,リレーションシップ,0,2023,0.168455258,0.172375754
2023-07-16,202303020611,2019100765,5,コムストックロード,1,2023,0.136167943,0.127015576
2023-07-16,202303020611,2019100438,6,グラスミヤラビ,0,2023,0.181024015,0.187075377
2023-07-16,202303020611,2019105237,7,スリーパーダ,0,2023,0.267384291,0.250088513
2023-07-16,202303020611,2017105298,8,ストーンリッジ,1,2023,0.224229172,0.201219335
2023-07-16,202303020611,2015105276,9,シセイヒテン,0,2023,0.049904563,0.052661102
2023-07-16,202303020611,2017103295,10,チェアリングソング,0,2023,0.125077546,0.130972743
2023-07-16,202303020611,2019102576,11,クリノマジン,0,2023,0.286676437,0.268521756
2023-07-16,202303020611,2019104524,12,スカイコップス,0,2023,0.084119491,0.065855466
2023-07-16,202303020611,2017106387,13,スマートリアン,1,2023,0.156180337,0.152703285
2023-07-16,202303020611,2019100791,14,シナモンスティック,0,2023,0.384320110,0.340980262
2023-07-16,202303020611,2018104885,15,アスコルターレ,0,2023,0.047471434,0.037480749
2023-07-16,202303020611,2017100367,16,サトノファビュラス,0,2023,0.069632493,0.062267620
2023-07-16,202307030612,2020105534,2,タガノタント,0,2023,0.103102759,0.116815880
2023-07-16,202307030612,2019102786,3,ウォータールグラン,1,2023,0.132658273,0.146952882
2023-07-16,202307030612,2020101763,4,トーホウフランゴ,1,2023,0.221298635,0.212674692
2023-07-16,202307030612,2018100618,5,トーホウジュナール,0,2023,0.399141967,0.420678467
2023-07-16,202307030612,2020101217,6,アスクドリームモア,0,2023,0.399291426,0.416464001
2023-07-16,202307030612,2019103193,7,トリップトゥムーン,0,2023,0.232453674,0.238453194
2023-07-16,202307030612,2020102971,8,サトノグレイト,1,2023,0.286635935,0.282102346
2023-07-16,202307030612,2019103360,9,ジョーブリッランテ,0,2023,0.135286093,0.127233073
2023-07-16,202307030612,2020104478,10,アルルカン,0,2023,0.152337551,0.148667544
2023-07-16,202307030612,2019104169,11,メイショウタイゲイ,0,2023,0.100210257,0.098526098
2023-07-16,202307030612,2018103928,12,グラティトゥー,0,2023,0.036512069,0.040099084
2023-07-16,202307030612,2020106722,13,クインズエルサ,0,2023,0.317407578,0.313265324
2023-07-16,202307030612,2017101991,14,テンジュイン,0,2023,0.109265879,0.099007539
2023-07-22,202301010107,2020102321,1,テーオーヴァイナー,0,2023,0.104094513,0.102647819
2023-07-22,202301010107,2020100441,2,ハナサキポプラ,0,2023,0.230088875,0.206824869
2023-07-22,202301010107,2019106194,3,コーリングユー,1,2023,0.567645073,0.601245284
2023-07-22,202301010107,2019102747,4,マキアージュ,0,2023,0.144860327,0.163040310
2023-07-22,202301010107,2017103309,5,ホウオウエンジェル,1,2023,0.214484304,0.211995080
2023-07-22,202301010107,2018103063,6,フィルムスコア,0,2023,0.117789209,0.101115927
2023-07-22,202301010107,2019102320,7,サイモンカーチス,0,2023,0.054868430,0.046088796
2023-07-22,202301010107,2018105231,8,ラヴォルタ,0,2023,0.223623201,0.243382275
2023-07-22,202301010107,2019101100,9,キーチズカンパニー,0,2023,0.088444307,0.082337640
2023-07-22,202301010107,2019102240,10,マメコ,0,2023,0.276972085,0.285793334
2023-07-22,202301010107,2018105814,11,マケルナマサムネ,0,2023,0.205777466,0.185454383
2023-07-22,202301010107,2018100480,12,デルマヤクシ,1,2023,0.234699711,0.233039722
2023-07-22,202301010107,2020106712,13,ファルマリン,0,2023,0.095347248,0.096920043
2023-07-22,202301010107,2020102049,14,ハウピア,0,2023,0.024865650,0.025849329
2023-07-22,202301010107,2018105201,15,デイトンウェイ,0,2023,0.280756801,0.298154116
2023-07-22,202301010107,2019104693,16,ポメランチェ,0,2023,0.120220453,0.136788025
2023-07-22,202301010111,2018105223,1,モンファボリ,0,2023,0.166722164,0.170151815
2023-07-22,202301010111,2018100756,2,シュアーヴアリア,0,2023,0.114669740,0.120382816
2023-07-22,202301010111,2018110037,3,ブルースピリット,1,2023,0.330883652,0.327630818
2023-07-22,202301010111,2019105846,4,ブライトオンベイス,1,2023,0.179348990,0.163707227
2023-07-22,202301010111,2019105806,5,ドロップオブライト,0,2023,0.296705514,0.292068452
2023-07-22,202301010111,2017104873,6,エグレムニ,0,2023,0.056441803,0.055524014
2023-07-22,202301010111,2018104949,7,フォイアーロート,0,2023,0.044153027,0.047018401
2023-07-22,202301010111,2018102491,8,メイショウエニシア,0,2023,0.130499870,0.121289119
2023-07-22,202301010111,2019104525,10,ラキエータ,0,2023,0.177663460,0.188026652
2023-07-22,202301010111,2019106184,11,カフジテトラゴン,0,2023,0.323655188,0.311608881
2023-07-22,202301010111,2018105004,12,アップリバー,0,2023,0.157076374,0.144489288
2023-07-22,202301010111,2019110031,13,エクセトラ,1,2023,0.353848070,0.341440380
2023-07-22,202301010111,2019103010,14,オードゥメール,0,2023,0.241045699,0.236814126
2023-07-22,202301010111,2019100659,15,レベレンシア,0,2023,0.283753544,0.272129297
2023-07-22,202303020703,2020103804,2,ボールズピラミッド,0,2023,0.328715116,0.304930449
2023-07-22,202303020703,2020104968,4,ワレハカゼノコ,0,2023,0.218264893,0.213083327
2023-07-22,202303020703,2020104646,5,ショーウェイコ,1,2023,0.045318838,0.043472450
2023-07-22,202303020703,2020100721,7,アンナプルナ,0,2023,0.243754044,0.241664454
2023-07-22,202303020703,2020100295,8,メリトリオ,1,2023,0.320166200,0.301832557
2023-07-22,202303020703,2020104922,9,トラファルガー,0,2023,0.041785765,0.040160432
2023-07-22,202303020703,2020110096,10,シールテソーロ,0,2023,0.281472266,0.263061643
2023-07-22,202303020703,2020100215,11,サラサグッドワーク,0,2023,0.234694853,0.231414720
2023-07-22,202303020703,2020100119,12,クーラント,0,2023,0.058728151,0.050454695
2023-07-22,202303020703,2020102102,15,デルマネコダマシ,0,2023,0.112210654,0.083290957
2023-07-22,202303020703,2020103038,16,キャルキューレ,0,2023,0.371457577,0.349868149
2023-07-22,202303020710,2019104697,1,ショウナンマッハ,0,2023,0.172758847,0.169910565
2023-07-22,202303020710,2017101777,2,ヤマニンプティパ,0,2023,0.109348886,0.103035264
2023-07-22,202303020710,2017104258,3,セイラブミー,0,2023,0.043652356,0.044090774
2023-07-22,202303020710,2019100604,4,ヤマニンアンフィル,0,2023,0.544070065,0.526002049
2023-07-22,202303020710,2019103897,5,ハピネスアゲン,1,2023,0.373608470,0.369367599
2023-07-22,202303020710,2019100898,6,タッカーシルバー,0,2023,0.119845942,0.123932570
2023-07-22,202303020710,2019103246,7,ゲンパチレオニダス,0,2023,0.140367076,0.136869729
2023-07-22,202303020710,2019101917,8,エテルナメンテ,0,2023,0.229717538,0.229935199
2023-07-22,202303020710,2017101767,9,ベンガン,0,2023,0.168826297,0.174103320
2023-07-22,202303020710,2020106015,10,バグラダス,0,2023,0.356807411,0.340163648
2023-07-22,202303020710,2019103562,11,ダテボレアス,0,2023,0.112350181,0.121825561
2023-07-22,202303020710,2019103261,12,ニシノラーナ,0,2023,0.149753049,0.134996176
2023-07-22,202303020710,2019105238,13,フリートオブフット,1,2023,0.358736515,0.338733077
2023-07-22,202303020710,2020101419,14,ブーケファロス,1,2023,0.614758492,0.569848299
2023-07-22,202303020710,2018103920,15,ノックオンウッド,0,2023,0.112987116,0.109939300
2023-07-23,202301010203,2020105731,1,パーペチュアル,0,2023,0.141143158,0.146145463
2023-07-23,202301010203,2020100726,3,シティウォリアー,0,2023,0.189685807,0.197247609
2023-07-23,202301010203,2020100269,4,ハクサンクロユリ,0,2023,0.081301235,0.087892435
2023-07-23,202301010203,2020102877,5,エルフォルク,0,2023,0.087182641,0.091485769
2023-07-23,202301010203,2020106170,6,ケイティベガ,0,2023,0.049182951,0.044698387
2023-07-23,202301010203,2020101034,7,アイアンムーン,0,2023,0.702778757,0.718476713
2023-07-23,202301010203,2020103681,8,リッスンアップ,0,2023,0.190572962,0.188462436
2023-07-23,202301010203,2020106289,9,エイシンテムジン,0,2023,0.187691420,0.185056478
2023-07-23,202301010203,2020104351,10,ブランディー,1,2023,0.060712103,0.061906353
2023-07-23,202301010203,2020106649,11,サトノドゥーチェ,0,2023,0.169929326,0.163469598
2023-07-23,202301010203,2020100239,12,ティーティースター,0,2023,0.090563230,0.080677979
2023-07-23,202301010203,2020101863,13,コパカバーナビーチ,1,2023,0.186787054,0.177043125
2023-07-23,202301010203,2020106407,14,ライブリームーラン,1,2023,0.621638417,0.607773960
2023-07-23,202301010203,2020104604,15,ソルトベール,0,2023,0.246208265,0.265527308
2023-07-23,202301010203,2020103251,16,クワイエットドーン,0,2023,0.050060149,0.050592709
2023-07-23,202301010209,2020100686,1,ジョリダム,0,2023,0.436836451,0.454794884
2023-07-23,202301010209,2019100168,2,ベジェサ,0,2023,0.100559667,0.112185009
2023-07-23,202301010209,2019102436,3,ミズノコキュウ,1,2023,0.400444895,0.408683896
2023-07-23,202301010209,2018101573,4,セイレーン,0,2023,0.092437133,0.093349740
2023-07-23,202301010209,2019104549,5,テンメジャーガール,0,2023,0.525149167,0.529018581
2023-07-23,202301010209,2019102137,6,シロン,1,2023,0.315647840,0.307360440
2023-07-23,202301010209,2018104559,8,ナリタローゼ,0,2023,0.324918896,0.344265640
2023-07-23,202301010209,2020100105,9,エイシンフェンサー,1,2023,0.572207212,0.587163866
2023-07-23,202301010209,2019100772,10,ポルタフォルトゥナ,0,2023,0.381115556,0.450585514
2023-07-23,202301010211,2018105366,1,レッドベルオーブ,1,2023,0.162903637,0.150207683
2023-07-23,202301010211,2019102788,2,ウォーターナビレラ,0,2023,0.230951265,0.224398881
2023-07-23,202301010211,2016100298,3,ミニオンペール,0,2023,0.146552190,0.159524605
2023-07-23,202301010211,2018110035,4,シュバルツカイザー,1,2023,0.377601594,0.343326688
2023-07-23,202301010211,2015104699,5,フレッチア,0,2023,0.055739060,0.057001755
2023-07-23,202301010211,2018103515,6,カンティーユ,1,2023,0.239683777,0.263589829
2023-07-23,202301010211,2018110045,7,ショックアクション,0,2023,0.116143472,0.109870315
2023-07-23,202301010211,2018104041,8,マウンテンムスメ,0,2023,0.131973416,0.129382342
2023-07-23,202301010211,2016102534,9,イーサンパンサー,0,2023,0.067256823,0.059803206
2023-07-23,202301010211,2018102155,10,マイネルジェロディ,0,2023,0.119507104,0.106996447
2023-07-23,202301010211,2015105850,11,カイザーメランジェ,0,2023,0.084323145,0.086591117
2023-07-23,202301010211,2017100240,12,スノーテーラー,0,2023,0.144245192,0.153751224
2023-07-23,202301010211,2017110123,13,ヴィズサクセス,0,2023,0.214671671,0.215374380
2023-07-23,202301010211,2019104841,14,カルネアサーダ,0,2023,0.326983869,0.355175436
2023-07-23,202301010211,2018102595,15,ロードマックス,0,2023,0.125896618,0.114477113
2023-07-23,202301010211,2019103782,16,ルピナスリード,0,2023,0.095859081,0.081414983
2023-07-23,202303020812,2020103885,1,クリノゴッホ,0,2023,0.212316796,0.226399511
2023-07-23,202303020812,2019106339,2,フォールロワ,0,2023,0.061626364,0.059706919
2023-07-23,202303020812,2020101195,3,ゴルトリッチ,0,2023,0.167729542,0.173199832
2023-07-23,202303020812,2020106987,4,スムースベルベット,1,2023,0.300847232,0.295205951
2023-07-23,202303020812,2018100593,5,タイガーリリー,1,2023,0.098730214,0.107265845
2023-07-23,202303020812,2017101448,6,ウインアステロイド,0,2023,0.206765950,0.205861479
2023-07-23,202303020812,2019100709,7,マイネルヘリテージ,0,2023,0.063906230,0.065124162
2023-07-23,202303020812,2020100736,8,ビッグボーンリタ,0,2023,0.179106563,0.169251978
2023-07-23,202303020812,2020103609,9,トラネスハープ,0,2023,0.167829841,0.173668355
2023-07-23,202303020812,2020109102,10,サウザンサニー,1,2023,0.410895288,0.396699339
2023-07-23,202303020812,2020103366,12,スティルディマーレ,0,2023,0.388120115,0.383894503
2023-07-23,202303020812,2019101562,13,デフィデリ,0,2023,0.289611191,0.275749952
2023-07-23,202303020812,2018110149,14,コスモアディラート,0,2023,0.423637629,0.445580631
2023-07-23,202307030804,2020104151,2,ヒルデブランド,0,2023,0.148254856,0.164925098
2023-07-23,202307030804,2020102041,4,ラインガウディ,0,2023,0.247941598,0.271682709
2023-07-23,202307030804,2020102738,5,エールレヴリー,0,2023,0.356458515,0.356117129
2023-07-23,202307030804,2020100523,6,ジョーシーゲル,0,2023,0.152770460,0.151209310
2023-07-23,202307030804,2020100605,9,マーレイン,0,2023,0.078750141,0.080633625
2023-07-23,202307030804,2020105867,11,ネオアリシア,0,2023,0.339639932,0.354222268
2023-07-23,202307030804,2020102946,12,カゼノオト,0,2023,0.123273790,0.130002141
2023-07-23,202307030804,2020100370,13,フェリキタス,1,2023,0.318022817,0.303141952
2023-07-23,202307030804,2020105299,14,リアライズ,1,2023,0.274834901,0.276589543
2023-07-23,202307030804,2020100442,15,エイシンゼクウ,0,2023,0.069947720,0.076696061
2023-07-23,202307030804,2020103588,16,マテンロウナイト,1,2023,0.201317340,0.194467381
2023-07-30,202301010408,2019101860,1,スピリットワールド,0,2023,0.455963612,0.456472993
2023-07-30,202301010408,2020105561,2,ケイアイクビラ,0,2023,0.468725830,0.460703731
2023-07-30,202301010408,2018104938,3,ヴェールクレール,0,2023,0.416082591,0.421573550
2023-07-30,202301010408,2020102545,5,マテンロウプラウド,1,2023,0.179580241,0.181374967
2023-07-30,202301010408,2019103193,6,トリップトゥムーン,1,2023,0.295267254,0.301758528
2023-07-30,202301010408,2016102446,7,ワンダーヘイルネス,0,2023,0.075079702,0.071767725
2023-07-30,202301010408,2020102121,8,シルバーレイズ,0,2023,0.088849530,0.093374223
2023-07-30,202301010408,2020103218,9,フミサウンド,0,2023,0.301774174,0.311648756
2023-07-30,202301010408,2019104475,10,ツヴァイシュテルネ,0,2023,0.129796296,0.127831101
2023-07-30,202301010408,2020100151,11,スクルプトーリス,1,2023,0.396661639,0.379474193
2023-07-30,202301010408,2018105201,12,デイトンウェイ,0,2023,0.324280173,0.345572114
2023-08-05,202301010503,2020100154,1,ソニックライト,0,2023,0.479938447,0.469443619
2023-08-05,202301010503,2020100759,2,アルマロクザン,1,2023,0.480463266,0.480433315
2023-08-05,202301010503,2020100504,4,ミレディ,0,2023,0.259024829,0.244311690
2023-08-05,202301010503,2020104626,5,クツワファミリー,0,2023,0.067531012,0.061753783
2023-08-05,202301010503,2020104758,6,ゴコウサス,0,2023,0.124780297,0.124657497
2023-08-05,202301010503,2020105791,8,アフターグロウ,0,2023,0.353154302,0.336236864
2023-08-05,202301010503,2020101171,9,ビスケット,0,2023,0.119166546,0.120181151
2023-08-05,202301010503,2020102208,10,マテンロウアネモス,1,2023,0.336441249,0.338297039
2023-08-05,202301010503,2020106055,11,アナザームーン,0,2023,0.130349249,0.129857957
2023-08-05,202301010503,2020103243,12,ハイアーレルム,0,2023,0.081113100,0.073892996
2023-08-05,202301010503,2020106149,13,アスキーアート,1,2023,0.168949381,0.162236705
2023-08-05,202301010503,2020101770,14,トリプルウイナー,0,2023,0.184465319,0.176874325
2023-08-05,202301010503,2020101863,15,コパカバーナビーチ,0,2023,0.155502856,0.166775525
2023-08-05,202301010503,2020104351,16,ブランディー,0,2023,0.103789382,0.096448995
2023-08-05,202304020307,2020106587,2,レオプルミエール,0,2023,0.458009958,0.468796194
2023-08-05,202304020307,2020106432,3,ワンダーフルーリ,0,2023,0.033018176,0.038618535
2023-08-05,202304020307,2020110001,4,ポテンザ,0,2023,0.199838296,0.217055544
2023-08-05,202304020307,2020102684,5,ティックルハート,0,2023,0.456575066,0.445623398
2023-08-05,202304020307,2020106142,7,カフェカズショコラ,0,2023,0.049520109,0.052830171
2023-08-05,202304020307,2020101376,8,テイエムクリッパー,0,2023,0.038175996,0.036021184
2023-08-05,202304020307,2020106337,10,ダンツクリスタル,1,2023,0.477030158,0.483940095
2023-08-05,202304020307,2020104566,11,ニホンピロソラーナ,0,2023,0.164727286,0.166250035
2023-08-05,202304020307,2020106302,12,マリブコーク,0,2023,0.188261285,0.185047403
2023-08-05,202304020307,2020102738,13,エールレヴリー,1,2023,0.441347361,0.466763705
2023-08-05,202304020307,2020102819,14,アイソラシー,1,2023,0.248219073,0.279645979
2023-08-05,202304020307,2020104646,16,ショーウェイコ,0,2023,0.161740288,0.153348446
2023-08-05,202304020307,2020106699,17,ベルサーナ,0,2023,0.060029056,0.052881818
2023-08-05,202304020307,2020106902,18,メイショウエース,0,2023,0.075727642,0.068329372
2023-08-06,202301010610,2019104386,1,トーセンサンダー,0,2023,0.347282588,0.358770609
2023-08-06,202301010610,2019104361,2,テーオースパロー,1,2023,0.228328288,0.230683193
2023-08-06,202301010610,2020101031,3,アスクエピソード,0,2023,0.563971221,0.544864833
2023-08-06,202301010610,2020102140,4,アンビバレント,1,2023,0.283781767,0.304258376
2023-08-06,202301010610,2019110130,5,ルヴェルジェ,0,2023,0.154271871,0.132693991
2023-08-06,202301010610,2018103330,6,マサカウマザンマイ,0,2023,0.060809597,0.056468897
2023-08-06,202301010610,2018103485,7,ジャガード,0,2023,0.066403292,0.068598293
2023-08-06,202301010610,2018100141,8,シャークスポット,1,2023,0.393215954,0.389639676
2023-08-06,202301010610,2017102809,9,ガリレイ,0,2023,0.213440374,0.230878949
2023-08-06,202301010610,2019101679,10,ヴィアドロローサ,0,2023,0.465358764,0.477870256
2023-08-06,202301010610,2020100056,11,クールムーア,0,2023,0.342144102,0.341702282
2023-08-06,202301010612,2020106821,1,ピースフルナイト,0,2023,0.345096171,0.342864513
2023-08-06,202301010612,2020106706,2,タリア,1,2023,0.271832436,0.271995991
2023-08-06,202301010612,2020100347,3,クリノリアルレディ,0,2023,0.253693432,0.281039715
2023-08-06,202301010612,2018105518,4,ダブルスナッチ,0,2023,0.363519371,0.360921383
2023-08-06,202301010612,2020102568,5,ワイアウ,0,2023,0.053970151,0.053542331
2023-08-06,202301010612,2020101372,6,クリノエンジェル,0,2023,0.084681541,0.085381381
2023-08-06,202301010612,2020100121,7,イイヒニナル,0,2023,0.109178729,0.103717469
2023-08-06,202301010612,2020100289,8,シルバーダイヤ,0,2023,0.186903685,0.180642009
2023-08-06,202301010612,2017103309,9,ホウオウエンジェル,1,2023,0.240571260,0.227804959
2023-08-06,202301010612,2019102935,10,プラティナマリア,0,2023,0.058461234,0.050611917
2023-08-06,202301010612,2020102591,11,メリオルヴィータ,0,2023,0.200881585,0.183378652
2023-08-06,202301010612,2018104762,12,キャニオニング,0,2023,0.107307382,0.111046910
2023-08-06,202301010612,2020103735,13,ランフリーバンクス,0,2023,0.389583319,0.367083162
2023-08-06,202301010612,2019106194,14,コーリングユー,1,2023,0.552279294,0.527231097
2023-08-06,202301010612,2019103200,15,ネイキッドハート,0,2023,0.074700408,0.071673840
2023-08-06,202301010612,2020101378,16,アイヲツグモノ,0,2023,0.062075023,0.060037207
2023-08-12,202301020112,2020102121,1,シルバーレイズ,0,2023,0.134679884,0.158355996
2023-08-12,202301020112,2019102320,2,サイモンカーチス,0,2023,0.059530623,0.058411583
2023-08-12,202301020112,2020109102,3,サウザンサニー,1,2023,0.433601260,0.415666014
2023-08-12,202301020112,2018105201,4,デイトンウェイ,0,2023,0.316349983,0.329010248
2023-08-12,202301020112,2018105096,5,レッドフランカー,0,2023,0.154476717,0.143103361
2023-08-12,202301020112,2020103218,6,フミサウンド,1,2023,0.190613300,0.196148381
2023-08-12,202301020112,2020103670,7,ショウナンハクウン,0,2023,0.172652513,0.167777866
2023-08-12,202301020112,2020102321,8,テーオーヴァイナー,0,2023,0.071175404,0.069073699
2023-08-12,202301020112,2018105357,9,ラピカズマ,0,2023,0.340374976,0.325942189
2023-08-12,202301020112,2019105715,10,セキテイホノオー,0,2023,0.137789771,0.140414014
2023-08-12,202301020112,2020105365,11,ドーバーホーク,1,2023,0.360394090,0.377644300
2023-08-12,202301020112,2020100741,12,ノーブルラン,0,2023,0.120807149,0.108824447
2023-08-12,202301020112,2019101743,13,タムロキュラムン,0,2023,0.059413634,0.057484884
2023-08-12,202301020112,2019103790,14,ミツカネムーン,0,2023,0.042593393,0.048489865
2023-08-12,202301020112,2019103193,15,トリップトゥムーン,0,2023,0.395535409,0.398317426
2023-08-12,202301020112,2019102747,16,マキアージュ,1,2023,0.234646112,0.217529371
2023-08-12,202310030112,2019109096,1,ダイヤモンドフジ,1,2023,0.148254275,0.142780319
2023-08-12,202310030112,2019104686,2,アキバ,0,2023,0.190975130,0.185811937
2023-08-12,202310030112,2020105484,3,ニシノコウダイ,0,2023,0.182984114,0.172133818
2023-08-12,202310030112,2018106200,4,メイショウヒゾッコ,0,2023,0.061075844,0.055328779
2023-08-12,202310030112,2020102294,5,スイープラン,0,2023,0.238809288,0.243322805
2023-08-12,202310030112,2018101951,6,タガノスペルノヴァ,0,2023,0.071143068,0.059992678
2023-08-12,202310030112,2020106777,7,セレッソデアモール,0,2023,0.201130435,0.203124940
2023-08-12,202310030112,2020101897,8,レッドヒルシューズ,1,2023,0.127088472,0.151197404
2023-08-12,202310030112,2020101556,9,オーサムサンライズ,0,2023,0.068019964,0.059778772
2023-08-12,202310030112,2019106099,10,ラブリアージェ,0,2023,0.032920524,0.031777300
2023-08-12,202310030112,2019110051,11,シュガーフロート,0,2023,0.289213687,0.294028133
2023-08-12,202310030112,2020100725,12,シンプリーオーサム,0,2023,0.354241818,0.338851422
2023-08-12,202310030112,2016102111,13,ファタリテ,0,2023,0.023023257,0.026537150
2023-08-12,202310030112,2019106598,14,プロティオスミノル,0,2023,0.119035810,0.115270287
2023-08-12,202310030112,2019102147,15,フォレクラフト,0,2023,0.261317074,0.251948565
2023-08-12,202310030112,2020101763,16,トーホウフランゴ,0,2023,0.253153235,0.272484004
2023-08-12,202310030112,2020102971,17,サトノグレイト,0,2023,0.211477563,0.190627202
2023-08-12,202310030112,2018100736,18,アンフィニドール,1,2023,0.291224182,0.280726165
2023-08-13,202301020211,2019103782,1,ルピナスリード,0,2023,0.050355334,0.063407294
2023-08-13,202301020211,2019102238,2,クロジシジョー,0,2023,0.227423728,0.207373351
2023-08-13,202301020211,2017110123,3,ヴィズサクセス,0,2023,0.262287170,0.253926396
2023-08-13,202301020211,2017101183,4,レッドライデン,0,2023,0.027829204,0.028721552
2023-08-13,202301020211,2015100822,5,タイセイアベニール,0,2023,0.074493192,0.084031433
2023-08-13,202301020211,2016100298,6,ミニオンペール,0,2023,0.141257823,0.130386814
2023-08-13,202301020211,2018106504,7,サトノアイ,1,2023,0.127554759,0.122507401
2023-08-13,202301020211,2019100765,8,コムストックロード,0,2023,0.190338135,0.178939462
2023-08-13,202301020211,2019100791,9,シナモンスティック,1,2023,0.374379247,0.373724282
2023-08-13,202301020211,2018102155,10,マイネルジェロディ,0,2023,0.120406233,0.113836080
2023-08-13,202301020211,2019110031,11,エクセトラ,0,2023,0.421162993,0.431391060
2023-08-13,202301020211,2017104852,12,キャプテンドレイク,0,2023,0.156708121,0.163562134
2023-08-13,202301020211,2018105366,13,レッドベルオーブ,0,2023,0.201504380,0.184344724
2023-08-13,202301020211,2018102595,14,ロードマックス,0,2023,0.105587423,0.117542930
2023-08-13,202301020211,2019104841,15,カルネアサーダ,1,2023,0.307836622,0.335038602
2023-08-13,202310030202,2020100523,1,ジョーシーゲル,0,2023,0.338752806,0.328978717
2023-08-13,202310030202,2020104726,2,マカーリオ,1,2023,0.067662753,0.077584274
2023-08-13,202310030202,2020106866,3,サトノアダマス,0,2023,0.256798089,0.251711071
2023-08-13,202310030202,2020101516,4,オミコシ,0,2023,0.120981142,0.130689606
2023-08-13,202310030202,2020106394,5,オンリーラヴ,0,2023,0.079937883,0.075400233
2023-08-13,202310030202,2020103491,6,ディオファントス,0,2023,0.304643363,0.299176961
2023-08-13,202310030202,2020110039,7,ユハンヌス,1,2023,0.510774553,0.528326392
2023-08-13,202310030202,2020106736,8,メイショウタイジュ,0,2023,0.119882524,0.119925961
2023-08-13,202310030202,2020106401,9,ナリタシン,0,2023,0.291242123,0.288295627
2023-08-13,202310030202,2020106511,10,メイショウヒナギク,0,2023,0.069347277,0.064640917
2023-08-13,202310030202,2020105497,11,シュガープラム,0,2023,0.037652481,0.041913614
2023-08-13,202310030202,2020106644,12,モノセーラス,0,2023,0.231575310,0.240663245
2023-08-13,202310030202,2020103431,15,ドウフォルス,1,2023,0.166037172,0.158863232
2023-08-13,202310030202,2020103112,16,ヒットザフロント,0,2023,0.175109372,0.170167357
2023-08-13,202310030202,2020104236,17,ニトウリュウ,0,2023,0.035001174,0.032103848
2023-08-13,202310030202,2020100370,18,フェリキタス,0,2023,0.461510807,0.471546888
2023-08-19,202301020303,2020102050,1,サンポーニャ,1,2023,0.284570158,0.271664590
2023-08-19,202301020303,2020101863,2,コパカバーナビーチ,0,2023,0.292975932,0.290730923
2023-08-19,202301020303,2020106462,3,カイラシ,0,2023,0.019780725,0.021109445
2023-08-19,202301020303,2020106149,4,アスキーアート,0,2023,0.331324786,0.321702361
2023-08-19,202301020303,2020104241,5,アパラギ,0,2023,0.053457554,0.052418374
2023-08-19,202301020303,2020100286,6,ルリイロ,0,2023,0.111844763,0.112815261
2023-08-19,202301020303,2020102545,7,マテンロウプラウド,1,2023,0.231546775,0.233871251
2023-08-19,202301020303,2020105426,9,ベストバディ,0,2023,0.157800287,0.150578052
2023-08-19,202301020303,2020106712,10,ファルマリン,0,2023,0.166073099,0.184012517
2023-08-19,202301020303,2020101610,11,ルージュアズライト,0,2023,0.157355219,0.152210325
2023-08-19,202301020303,2020105791,12,アフターグロウ,0,2023,0.441637337,0.428004444
2023-08-19,202301020303,2020100759,13,アルマロクザン,1,2023,0.512245953,0.495256662
2023-08-19,202301020303,2020103949,14,シャコンヌ,0,2023,0.036663327,0.033781372
2023-08-19,202301020303,2020100726,15,シティウォリアー,0,2023,0.243130133,0.226654768
2023-08-19,202301020303,2020110048,16,ウィンザーロア,0,2023,0.257762939,0.251757264
2023-08-19,202310030304,2020109092,1,ジャパンノウレッジ,1,2023,0.155233473,0.152861729
2023-08-19,202310030304,2020103752,3,アスターフラッペ,0,2023,0.192508712,0.204063341
2023-08-19,202310030304,2020102777,4,ヴゼットマシェリ,0,2023,0.095785089,0.122846089
2023-08-19,202310030304,2020103443,6,ユレマー,0,2023,0.163548931,0.159434155
2023-08-19,202310030304,2020100411,7,ジャストザヴァルス,0,2023,0.037454687,0.039930623
2023-08-19,202310030304,2020101792,8,プロスペリダード,1,2023,0.613791287,0.574514329
2023-08-19,202310030304,2020103418,9,インクルードダイヤ,0,2023,0.378875226,0.359366745
2023-08-19,202310030304,2020100486,10,フェネストラ,0,2023,0.294495374,0.333889514
2023-08-19,202310030304,2020101798,11,オータムクイーン,0,2023,0.245249331,0.262904793
2023-08-19,202310030304,2020103631,14,ゴレアドール,1,2023,0.276264817,0.267346680
2023-08-19,202310030304,2020104780,15,ラホーヤストーム,0,2023,0.025906691,0.023774240
2023-08-19,202310030304,2020106337,16,ダンツクリスタル,0,2023,0.497770578,0.494202018
2023-08-19,202310030304,2020105289,17,メリーコッカー,0,2023,0.192173406,0.177274972
2023-08-19,202310030311,2019101903,1,ブレスレスリー,1,2023,0.288218409,0.298974097
2023-08-19,202310030311,2019105658,2,オタルエバー,0,2023,0.409286767,0.408792228
2023-08-19,202310030311,2019103605,3,ペプチドヤマト,0,2023,0.417701453,0.413324803
2023-08-19,202310030311,2018100025,4,シゲルカチョウ,0,2023,0.271052033,0.274298459
2023-08-19,202310030311,2018102649,5,タツリュウオー,0,2023,0.154566646,0.178431839
2023-08-19,202310030311,2018100570,6,セリシア,0,2023,0.292521566,0.293651611
2023-08-19,202310030311,2018103406,7,トーホウディアス,0,2023,0.277531624,0.215236232
2023-08-19,202310030311,2017104138,8,グランレイ,0,2023,0.319670469,0.318270952
2023-08-19,202310030311,2017106087,9,メイショウゲンセン,1,2023,0.461728215,0.446824580
2023-08-19,202310030311,2018106389,10,メイショウツツジ,0,2023,0.077565335,0.077004917
2023-08-19,202310030311,2019100581,11,ヒルノローザンヌ,1,2023,0.080432981,0.086441137
2023-08-20,202301020410,2018102021,1,ヤマニンルリュール,0,2023,0.105806164,0.108814746
2023-08-20,202301020410,2020104942,2,シルフィードレーヴ,1,2023,0.205305383,0.191636115
2023-08-20,202301020410,2018104765,3,イズンシーラブリー,0,2023,0.373269498,0.366880804
2023-08-20,202301020410,2018104559,4,ナリタローゼ,0,2023,0.357436329,0.373401523
2023-08-20,202301020410,2020104674,5,バレリーナ,0,2023,0.085141584,0.090947717
2023-08-20,202301020410,2019103897,6,ハピネスアゲン,1,2023,0.413365096,0.410470247
2023-08-20,202301020410,2020106330,7,ラウラーナ,0,2023,0.356508702,0.339594245
2023-08-20,202301020410,2019105317,8,トップキャスト,0,2023,0.049502391,0.049691685
2023-08-20,202301020410,2020106706,9,タリア,0,2023,0.466686726,0.469282359
2023-08-20,202301020410,2019100170,10,デルマカミーラ,0,2023,0.098027006,0.106796101
2023-08-20,202301020410,2019102436,11,ミズノコキュウ,0,2023,0.291494071,0.316349030
2023-08-20,202301020410,2019104328,12,タカラマドンナ,0,2023,0.064970441,0.057858668
2023-08-20,202301020410,2020107176,13,ワックスフラワー,1,2023,0.270268649,0.284725755
2023-08-20,202301020410,2019101819,14,センタースリール,0,2023,0.059937254,0.057182096
2023-08-20,202310030404,2020103587,1,ブルジュドバイ,0,2023,0.220742390,0.231582418
2023-08-20,202310030404,2020101911,2,モズキラー,0,2023,0.067455269,0.085001051
2023-08-20,202310030404,2020104320,3,アジュールブルー,0,2023,0.164331719,0.173372552
2023-08-20,202310030404,2020103894,4,ホウオウマーメイド,0,2023,0.197348833,0.195311338
2023-08-20,202310030404,2020105186,5,ウインルベライト,0,2023,0.084522769,0.092842899
2023-08-20,202310030404,2020100800,6,イナウィンク,0,2023,0.084873334,0.084481686
2023-08-20,202310030404,2020100441,7,ハナサキポプラ,0,2023,0.111770704,0.108887956
2023-08-20,202310030404,2020100715,8,タイセイサーマル,0,2023,0.096348435,0.089137658
2023-08-20,202310030404,2020101872,9,デイトナモード,1,2023,0.404976666,0.424895287
2023-08-20,202310030404,2020104347,10,スプル,0,2023,0.324804723,0.322630197
2023-08-20,202310030404,2020107145,11,プリモカヴァロ,0,2023,0.080181189,0.081023030
2023-08-20,202310030404,2020104598,12,ショウナンアウリイ,0,2023,0.044828411,0.045253083
2023-08-20,202310030404,2020105299,13,リアライズ,1,2023,0.379878968,0.359889239
2023-08-20,202310030404,2020102983,14,グレイコード,0,2023,0.146052003,0.152859598
2023-08-20,202310030404,2020102271,15,コスモグングニール,0,2023,0.352966785,0.323535532
2023-08-20,202310030404,2020104756,16,タマモメガジョッキ,1,2023,0.074011378,0.075452261
2023-08-20,202310030404,2020104566,17,ニホンピロソラーナ,0,2023,0.158746853,0.151478454
2023-08-20,202310030404,2020103665,18,モンテコルノ,0,2023,0.102182992,0.098645404
2023-08-20,202310030407,2018100618,1,トーホウジュナール,1,2023,0.356887698,0.351277858
2023-08-20,202310030407,2020104523,2,マイネルフォーコン,0,2023,0.178266451,0.188181475
2023-08-20,202310030407,2020106737,3,メイショウコギク,0,2023,0.270050049,0.270148098
2023-08-20,202310030407,2017101991,4,テンジュイン,0,2023,0.101457395,0.101082407
2023-08-20,202310030407,2018100862,5,クリノビックリバゴ,0,2023,0.016934898,0.014037251
2023-08-20,202310030407,2020100736,6,ビッグボーンリタ,0,2023,0.087160222,0.089280114
2023-08-20,202310030407,2019104818,7,メイケイバートン,0,2023,0.400466472,0.395721525
2023-08-20,202310030407,2020106944,8,ネイキッド,0,2023,0.109556042,0.110098973
2023-08-20,202310030407,2019104686,9,アキバ,0,2023,0.354997754,0.354715347
2023-08-20,202310030407,2020100784,10,アントニオヒロキ,0,2023,0.051028192,0.049490537
2023-08-20,202310030407,2020103969,11,ヨウシタンレイ,1,2023,0.186207265,0.180387259
2023-08-20,202310030407,2019102062,12,ハルカナネガイ,0,2023,0.093159109,0.102523066
2023-08-20,202310030407,2020102027,13,カミーロ,0,2023,0.231671289,0.235655606
2023-08-20,202310030407,2020101897,14,レッドヒルシューズ,1,2023,0.383888543,0.361821085
2023-08-20,202310030407,2020105497,15,シュガープラム,0,2023,0.033222489,0.029733567
2023-08-20,202310030407,2019106596,16,バトルシャイニング,0,2023,0.186334044,0.181097910
2023-08-20,202310030409,2019103233,1,ニシノデフィレ,0,2023,0.234902129,0.239061370
2023-08-20,202310030409,2017105192,2,カーフライターク,0,2023,0.089834124,0.079356365
2023-08-20,202310030409,2019105915,3,グッドグロウス,0,2023,0.210249871,0.193993390
2023-08-20,202310030409,2020103284,4,トールキン,0,2023,0.289297730,0.260435522
2023-08-20,202310030409,2018104621,5,サトノルーチェ,1,2023,0.173657238,0.184000671
2023-08-20,202310030409,2016102801,6,ロングファイナリー,0,2023,0.047911730,0.055666499
2023-08-20,202310030409,2019104260,7,メイショウクリフト,0,2023,0.328055680,0.323231399
2023-08-20,202310030409,2018106391,8,メイショウイジゲン,0,2023,0.051740076,0.054080643
2023-08-20,202310030409,2019100210,9,ウインバグース,0,2023,0.197529063,0.188216731
2023-08-20,202310030409,2018101964,10,アルムファーツリー,0,2023,0.047156692,0.044272818
2023-08-20,202310030409,2019104697,11,ショウナンマッハ,1,2023,0.127897829,0.133016691
2023-08-20,202310030409,2020110090,12,ティニア,0,2023,0.366988301,0.354552299
2023-08-20,202310030409,2019101917,13,エテルナメンテ,0,2023,0.129248530,0.120733887
2023-08-20,202310030409,2018106455,14,メイショウハボタン,0,2023,0.183245853,0.150543839
2023-08-20,202310030409,2019105044,15,アドマイヤラヴィ,1,2023,0.514668643,0.542909503
2023-08-20,202310030409,2017100922,16,フチサンメルチャン,0,2023,0.054356042,0.049665026
2023-08-20,202310030411,2017105298,1,ストーンリッジ,1,2023,0.204958439,0.192758754
2023-08-20,202310030411,2017101121,2,ボンボヤージ,0,2023,0.046125192,0.048960697
2023-08-20,202310030411,2018105259,3,スティクス,0,2023,0.135871291,0.126760617
2023-08-20,202310030411,2016105734,4,サンキューユウガ,0,2023,0.237241313,0.247387514
2023-08-20,202310030411,2019104108,5,エナジーグラン,0,2023,0.373601019,0.361461073
2023-08-20,202310030411,2018103238,6,リプレーザ,0,2023,0.105720967,0.103688471
2023-08-20,202310030411,2019102576,7,クリノマジン,0,2023,0.176909521,0.166439906
2023-08-20,202310030411,2017101765,8,レジェーロ,0,2023,0.094982311,0.092236832
2023-08-20,202310030411,2019105394,9,ママコチャ,1,2023,0.410616904,0.420564413
2023-08-20,202310030411,2017103005,10,ロードベイリーフ,0,2023,0.114970587,0.105221562
2023-08-20,202310030411,2015104364,11,トゥラヴェスーラ,0,2023,0.087049067,0.097827874
2023-08-20,202310030411,2019103422,12,テイエムスパーダ,0,2023,0.084509388,0.088628493
2023-08-20,202310030411,2019110102,13,デュガ,0,2023,0.170818046,0.180604249
2023-08-20,202310030411,2020101588,14,ロンドンプラン,0,2023,0.389377326,0.382604271
2023-08-20,202310030411,2019110107,15,ジャスパークローネ,1,2023,0.238763228,0.228312388
2023-08-20,202310030411,2017106387,16,スマートリアン,0,2023,0.160164073,0.143572003
2023-08-20,202310030411,2018100032,17,シゲルピンクルビー,0,2023,0.081831805,0.080542646
2023-08-20,202310030411,2020102764,18,モズメイメイ,0,2023,0.440543801,0.405440360
2023-08-26,202301020501,2021105902,5,ココシャンパーニュ,0,2023,0.511086881,0.461237103
2023-08-26,202301020501,2021103771,8,センタービット,0,2023,0.022529595,0.021852711
2023-08-26,202301020501,2021102343,11,ラシェンテ,0,2023,0.196934745,0.196218923
2023-08-26,202301020510,2019104361,1,テーオースパロー,0,2023,0.296286643,0.280321121
2023-08-26,202301020510,2018101573,2,セイレーン,0,2023,0.076810911,0.084580675
2023-08-26,202301020510,2018106552,3,メイショウフンケイ,0,2023,0.154349551,0.155528098
2023-08-26,202301020510,2020106706,4,タリア,1,2023,0.297337323,0.286503583
2023-08-26,202301020510,2018100097,5,スマートルシーダ,0,2023,0.335281730,0.333852738
2023-08-26,202301020510,2018105873,6,ミキノバスドラム,0,2023,0.023379739,0.021650141
2023-08-26,202301020510,2019106119,7,ユウグロスファクタ,0,2023,0.050389696,0.045553487
2023-08-26,202301020510,2020102140,8,アンビバレント,0,2023,0.368909150,0.332176834
2023-08-26,202301020510,2018103296,9,サニーオーシャン,0,2023,0.054597210,0.060865261
2023-08-26,202301020510,2017102809,10,ガリレイ,1,2023,0.191600025,0.183555007
2023-08-26,202301020510,2019104386,11,トーセンサンダー,0,2023,0.173624709,0.182724252
2023-08-26,202301020510,2019102827,12,サンダビューク,0,2023,0.072309747,0.066637710
2023-08-26,202301020510,2020100686,13,ジョリダム,0,2023,0.297901392,0.296948820
2023-08-26,202301020510,2020105365,14,ドーバーホーク,1,2023,0.506117761,0.480673999
2023-08-26,202304030507,2020106232,2,ネモフィラ,0,2023,0.124004811,0.113943771
2023-08-26,202304030507,2020104410,3,ニシノクラウディア,0,2023,0.322375178,0.330451310
2023-08-26,202304030507,2020104624,4,カドノユトリ,1,2023,0.156311139,0.155252546
2023-08-26,202304030507,2020101725,5,エルカリエンテ,0,2023,0.348336458,0.351249069
2023-08-26,202304030507,2020106699,7,ベルサーナ,1,2023,0.220403120,0.199773476
2023-08-26,202304030507,2020104465,8,ウラヌス,0,2023,0.096539408,0.090485297
2023-08-26,202304030507,2020103675,10,ピコデモンターニャ,0,2023,0.162059143,0.153156906
2023-08-26,202304030507,2020100878,11,ハクサンセーブル,0,2023,0.134803355,0.132455364
2023-08-26,202304030507,2020100267,12,ハクサンミューズ,0,2023,0.044288851,0.035817467
2023-08-26,202304030507,2020104516,13,サクラトップクリス,0,2023,0.197195277,0.215914831
2023-08-26,202304030507,2020105817,14,アルムダウン,0,2023,0.102698833,0.101768717
2023-08-26,202304030507,2020102819,15,アイソラシー,1,2023,0.485996813,0.489800125
2023-08-26,202304030507,2020103898,16,イグニション,0,2023,0.165996119,0.151416093
2023-08-26,202304030507,2020103883,17,レイレフア,0,2023,0.028517902,0.023102820
2023-08-26,202304030507,2020106097,18,ユーメイドマイデイ,0,2023,0.112732552,0.098241687
2023-08-26,202304030512,2020103530,1,イコノスタシス,1,2023,0.577738583,0.589631975
2023-08-26,202304030512,2019104059,2,スマートオリーブ,0,2023,0.244200289,0.256281823
2023-08-26,202304030512,2018105515,3,パノティア,0,2023,0.314384073,0.326979280
2023-08-26,202304030512,2019105765,4,ハウファアイルゴー,1,2023,0.159506798,0.152275994
2023-08-26,202304030512,2020104911,5,キュベリン,0,2023,0.251457185,0.261691421
2023-08-26,202304030512,2019102892,6,プランタニエール,0,2023,0.020903107,0.018929297
2023-08-26,202304030512,2020104342,7,キガン,0,2023,0.531900108,0.543656111
2023-08-26,202304030512,2020101093,8,ショッキングブルー,0,2023,0.251340240,0.243498072
2023-08-26,202304030512,2018105257,9,ダノンジェネラル,0,2023,0.082145713,0.082614489
2023-08-26,202304030512,2019102775,11,ヤマニンパニータ,0,2023,0.134012923,0.136154488
2023-08-26,202304030512,2020106750,12,シルヴァーゴースト,0,2023,0.100295559,0.099757932
2023-08-26,202304030512,2020100558,13,グレイスカリヨン,0,2023,0.169160292,0.171927944
2023-08-26,202304030512,2020106343,14,ユカリプレリュード,0,2023,0.160753921,0.165407598
2023-08-26,202310030507,2020106203,2,メイショウフラム,0,2023,0.259850889,0.254242271
2023-08-26,202310030507,2020106193,5,レイジングウェイブ,0,2023,0.011796939,0.013410086
2023-08-26,202310030507,2020100523,6,ジョーシーゲル,0,2023,0.395654351,0.389009386
2023-08-26,202310030507,2020102846,9,アズワンウイッシュ,0,2023,0.017649135,0.017858395
2023-08-26,202310030507,2020104726,10,マカーリオ,0,2023,0.250813603,0.252958089
2023-08-26,202310030507,2020104780,12,ラホーヤストーム,0,2023,0.081230104,0.077872507
2023-08-26,202310030507,2020103418,13,インクルードダイヤ,1,2023,0.308582902,0.308818370
2023-08-26,202310030507,2020103493,14,カリブルヌス,0,2023,0.086227022,0.088621631
2023-08-26,202310030507,2020105299,15,リアライズ,1,2023,0.577812314,0.556879342
2023-08-26,202310030507,2020101121,16,ハッピーアズラリー,1,2023,0.322095275,0.332543164
2023-08-26,202310030507,2020106644,18,モノセーラス,0,2023,0.240935802,0.242489025
2023-08-26,202310030512,2018101951,1,タガノスペルノヴァ,0,2023,0.196238667,0.216909304
2023-08-26,202310030512,2020102980,2,ルージュアウラ,0,2023,0.131810725,0.155386999
2023-08-26,202310030512,2020101763,3,トーホウフランゴ,1,2023,0.472671777,0.480686814
2023-08-26,202310030512,2016102111,4,ファタリテ,0,2023,0.040959880,0.041663609
2023-08-26,202310030512,2020105534,5,タガノタント,0,2023,0.189879611,0.198197201
2023-08-26,202310030512,2020105568,6,ハクサンパイオニア,1,2023,0.194143087,0.209602311
2023-08-26,202310030512,2019104568,8,ビレッジスター,0,2023,0.111095242,0.120298155
2023-08-26,202310030512,2020100519,9,ジョーイルムシュ,0,2023,0.245704234,0.217274040
2023-08-26,202310030512,2019104169,10,メイショウタイゲイ,0,2023,0.148538232,0.146677956
2023-08-26,202310030512,2020106882,11,シャングリラ,0,2023,0.301763415,0.347904056
2023-08-26,202310030512,2020105484,12,ニシノコウダイ,1,2023,0.289239824,0.279083490
2023-08-26,202310030512,2019106028,13,ピースキーパー,0,2023,0.217344880,0.235381112
2023-08-27,202301020609,2019106194,1,コーリングユー,0,2023,0.494537830,0.473384589
2023-08-27,202301020609,2020102718,2,オルフェスト,0,2023,0.304913282,0.327976882
2023-08-27,202301020609,2019102747,3,マキアージュ,0,2023,0.218628049,0.239145830
2023-08-27,202301020609,2020100347,4,クリノリアルレディ,0,2023,0.185577437,0.203167364
2023-08-27,202301020609,2020103844,5,フリントロック,0,2023,0.258121490,0.257214755
2023-08-27,202301020609,2019104897,6,デルマゴモリー,0,2023,0.039635606,0.028181227
2023-08-27,202301020609,2018104762,7,キャニオニング,0,2023,0.093773447,0.088917509
2023-08-27,202301020609,2018104908,8,アルジェントステラ,0,2023,0.118921898,0.105470210
2023-08-27,202301020609,2020100121,9,イイヒニナル,1,2023,0.138681144,0.142352283
2023-08-27,202301020609,2018102053,10,ドリームアゲイン,0,2023,0.049434423,0.038959838
2023-08-27,202301020609,2020102049,11,ハウピア,0,2023,0.019189155,0.019178407
2023-08-27,202301020609,2020103608,12,アイリッシュパール,0,2023,0.232305676,0.241480172
2023-08-27,202301020609,2020104983,13,マルプリ,1,2023,0.297307014,0.273984224
2023-08-27,202301020609,2020102879,14,スプレンディダ,0,2023,0.130285844,0.136608243
2023-08-27,202301020609,2017103309,15,ホウオウエンジェル,1,2023,0.146786898,0.169723347
2023-08-27,202301020609,2020106821,16,ピースフルナイト,0,2023,0.237918004,0.259675801
2023-08-27,202301020611,2019102788,1,ウォーターナビレラ,0,2023,0.100583419,0.102864496
2023-08-27,202301020611,2016106453,2,ナランフレグ,0,2023,0.106792681,0.107008249
2023-08-27,202301020611,2018105366,3,レッドベルオーブ,0,2023,0.194443643,0.192324936
2023-08-27,202301020611,2019104470,4,キミワクイーン,0,2023,0.356444985,0.317718446
2023-08-27,202301020611,2019100213,5,ウインマーベル,0,2023,0.347770065,0.355131269
2023-08-27,202301020611,2015100822,6,タイセイアベニール,0,2023,0.056809254,0.048291497
2023-08-27,202301020611,2015105850,7,カイザーメランジェ,0,2023,0.035365984,0.042362336
2023-08-27,202301020611,2019100791,8,シナモンスティック,1,2023,0.368928134,0.336135536
2023-08-27,202301020611,2017105661,9,ジュビリーヘッド,0,2023,0.242690414,0.266546935
2023-08-27,202301020611,2018101343,10,ゾンニッヒ,0,2023,0.421941042,0.403270841
2023-08-27,202301020611,2018104331,11,ヴァトレニ,0,2023,0.288414061,0.260556310
2023-08-27,202301020611,2019106526,12,トウシンマカオ,1,2023,0.216251090,0.194908485
2023-08-27,202301020611,2018104029,13,レイハリア,0,2023,0.079726599,0.090319186
2023-08-27,202301020611,2019103753,14,ナムラクレア,1,2023,0.418214470,0.390768558
2023-08-27,202301020611,2018106504,15,サトノアイ,0,2023,0.153910011,0.158130541
2023-08-27,202301020611,2018110035,16,シュバルツカイザー,0,2023,0.335489571,0.316929847
2023-08-27,202310030601,2021102963,4,フタバ,0,2023,0.605345011,0.619621098
2023-08-27,202310030601,2021101604,6,マクッテソフィア,0,2023,0.249638125,0.260170877
2023-08-27,202310030601,2021103982,13,ダイメイイチョウ,0,2023,0.518969715,0.489590704
2023-09-02,202301020701,2021100678,4,ヒデシンイメル,0,2023,0.637036860,0.654591262
2023-09-02,202301020701,2021102057,8,サノノリッチ,0,2023,0.095952645,0.116361715
2023-09-02,202301020709,2020104954,1,ウメムスビ,0,2023,0.109384693,0.114386037
2023-09-02,202301020709,2019100170,2,デルマカミーラ,0,2023,0.101755381,0.116219550
2023-09-02,202301020709,2019103136,3,シゲルファンノユメ,0,2023,0.249585211,0.245816156
2023-09-02,202301020709,2018103485,4,ジャガード,0,2023,0.078590162,0.076065272
2023-09-02,202301020709,2019102456,5,ナバロン,0,2023,0.096170373,0.106909566
2023-09-02,202301020709,2017104895,6,ダノンカオス,0,2023,0.063741326,0.058521923
2023-09-02,202301020709,2020106330,7,ラウラーナ,1,2023,0.289544642,0.289070219
2023-09-02,202301020709,2020100056,8,クールムーア,1,2023,0.339415908,0.327122092
2023-09-02,202301020709,2020101031,9,アスクエピソード,0,2023,0.394421637,0.387653410
2023-09-02,202301020709,2019101819,10,センタースリール,0,2023,0.125162646,0.105654992
2023-09-02,202301020709,2019107075,11,ブランデーロック,0,2023,0.114920244,0.119368680
2023-09-02,202301020709,2017102809,12,ガリレイ,0,2023,0.247853398,0.209915042
2023-09-02,202301020709,2020104942,13,シルフィードレーヴ,0,2023,0.305292726,0.276896775
2023-09-02,202301020709,2018100097,14,スマートルシーダ,1,2023,0.268724114,0.267329484
2023-09-02,202301020709,2019103897,15,ハピネスアゲン,0,2023,0.391005576,0.363370359
2023-09-02,202301020709,2019101262,16,ショウナンアメリア,0,2023,0.191918999,0.173273697
2023-09-02,202310030703,2020109088,1,カシノフェリクス,0,2023,0.015619973,0.016403487
2023-09-02,202310030703,2020100715,2,タイセイサーマル,0,2023,0.155537888,0.148234129
2023-09-02,202310030703,2020106512,3,メイショウミチロク,0,2023,0.059028152,0.061600007
2023-09-02,202310030703,2020101121,4,ハッピーアズラリー,1,2023,0.433868945,0.434279084
2023-09-02,202310030703,2020101229,6,レディメローラ,1,2023,0.201008245,0.196169421
2023-09-02,202310030703,2020100542,7,ワンダーカラフル,0,2023,0.140801370,0.150494248
2023-09-02,202310030703,2020102813,8,ミエノリュウセイ,0,2023,0.063925549,0.060311973
2023-09-02,202310030703,2020103431,9,ドウフォルス,0,2023,0.442712158,0.439911783
2023-09-02,202310030703,2020106902,10,メイショウエース,0,2023,0.094866797,0.090902984
2023-09-02,202310030703,2020105299,11,リアライズ,0,2023,0.577706993,0.550072491
2023-09-02,202310030703,2020109092,12,ジャパンノウレッジ,1,2023,0.155038282,0.157394305
2023-09-02,202310030703,2020104756,13,タマモメガジョッキ,0,2023,0.122378595,0.124333292
2023-09-02,202310030703,2020103631,14,ゴレアドール,0,2023,0.369627208,0.385509521
2023-09-02,202310030703,2020104726,15,マカーリオ,0,2023,0.278836578,0.271164656
2023-09-02,202310030703,2020103510,17,イストロス,0,2023,0.183666915,0.177041665
2023-09-02,202310030703,2020100523,18,ジョーシーゲル,0,2023,0.232392937,0.217035279
2023-09-02,202310030707,2019100572,1,ビーナスローズ,1,2023,0.171939686,0.192018315
2023-09-02,202310030707,2019103813,2,レガーミ,0,2023,0.230926082,0.230543673
2023-09-02,202310030707,2020102639,3,カンフーダンス,0,2023,0.168885380,0.159214064
2023-09-02,202310030707,2019102062,4,ハルカナネガイ,0,2023,0.147875100,0.157148927
2023-09-02,202310030707,2020100795,5,ベルタソ,0,2023,0.142616555,0.142747074
2023-09-02,202310030707,2019106099,6,ラブリアージェ,0,2023,0.096548207,0.088758528
2023-09-02,202310030707,2019106028,7,ピースキーパー,0,2023,0.135287285,0.128577918
2023-09-02,202310030707,2020105497,8,シュガープラム,0,2023,0.014575488,0.016300788
2023-09-02,202310030707,2018106145,9,アコルダール,0,2023,0.165288597,0.158486739
2023-09-02,202310030707,2019102240,10,マメコ,1,2023,0.304361850,0.326948017
2023-09-02,202310030707,2019101203,11,カレンラファータ,0,2023,0.072408520,0.070435926
2023-09-02,202310030707,2018100813,12,アイヴォリーアイ,0,2023,0.109275855,0.105595350
2023-09-02,202310030707,2019106086,13,ニホンピロポート,0,2023,0.111163042,0.095232740
2023-09-02,202310030707,2020101827,14,バースクライ,1,2023,0.464496404,0.436865121
2023-09-02,202310030707,2018100618,15,トーホウジュナール,0,2023,0.378593415,0.391329437
2023-09-02,202310030707,2019105265,16,アエリーゾ,0,2023,0.108060181,0.103606582
2023-09-02,202310030707,2020100713,17,イザベラフジン,0,2023,0.023090195,0.020694692
2023-09-02,202310030707,2019103123,18,エリカフェリーチェ,0,2023,0.078546785,0.075468197
2023-09-02,202310030711,2018100570,1,セリシア,0,2023,0.246244490,0.253433675
2023-09-02,202310030711,2019101903,2,ブレスレスリー,0,2023,0.348143309,0.368160129
2023-09-02,202310030711,2018106389,3,メイショウツツジ,0,2023,0.045117214,0.043023333
2023-09-02,202310030711,2018102491,4,メイショウエニシア,0,2023,0.149460405,0.142569244
2023-09-02,202310030711,2017104138,5,グランレイ,1,2023,0.216688007,0.237352744
2023-09-02,202310030711,2019106102,6,アネゴハダ,0,2023,0.352683187,0.344177157
2023-09-02,202310030711,2019110001,7,ショウナンハクラク,0,2023,0.358706266,0.343138188
2023-09-02,202310030711,2017104873,8,エグレムニ,0,2023,0.106711023,0.097999543
2023-09-02,202310030711,2017106264,9,ビアイ,0,2023,0.069406651,0.069045648
2023-09-02,202310030711,2019103714,10,メイショウソラフネ,0,2023,0.479411751,0.447156221
2023-09-02,202310030711,2019104915,11,バンデルオーラ,1,2023,0.183572203,0.201494619
2023-09-02,202310030711,2018103406,12,トーホウディアス,0,2023,0.270618439,0.249372214
2023-09-02,202310030711,2018102649,13,タツリュウオー,1,2023,0.099449649,0.091528468
2023-09-03,202301020804,2020105426,1,ベストバディ,0,2023,0.221773162,0.214106500
2023-09-03,202301020804,2020104087,2,グランツベリー,1,2023,0.145597592,0.154617801
2023-09-03,202301020804,2020103789,3,コウソクカナ,0,2023,0.118128113,0.126419082
2023-09-03,202301020804,2020105803,4,マイネルラッシュ,1,2023,0.460252434,0.455367446
2023-09-03,202301020804,2020105791,6,アフターグロウ,0,2023,0.460941106,0.458627641
2023-09-03,202301020804,2020103700,7,ルージュミシェル,0,2023,0.289913654,0.295682162
2023-09-03,202301020804,2020103681,8,リッスンアップ,0,2023,0.097478926,0.101162918
2023-09-03,202301020804,2020106487,9,フューチャーアゲン,0,2023,0.065996893,0.069661714
2023-09-03,202301020804,2020105892,10,ヴァルトラウテ,0,2023,0.067845173,0.065385759
2023-09-03,202301020804,2020103382,11,トラミナー,1,2023,0.615762055,0.598535478
2023-09-03,202301020804,2020105731,12,パーペチュアル,0,2023,0.067658015,0.073762737
2023-09-03,202301020804,2020103617,13,レディエンフェイス,0,2023,0.144158289,0.138052806
2023-09-03,202301020804,2020100669,14,カグヤ,0,2023,0.031642750,0.031451207
2023-09-03,202301020804,2020105059,16,エルフサイエン,0,2023,0.087252229,0.086113751
2023-09-03,202301020806,2020102208,1,マテンロウアネモス,0,2023,0.339361995,0.346444160
2023-09-03,202301020806,2019105350,2,シタン,0,2023,0.117298491,0.113143139
2023-09-03,202301020806,2020103962,3,ステークホルダー,0,2023,0.236784607,0.250976205
2023-09-03,202301020806,2020103218,4,フミサウンド,0,2023,0.328965366,0.322128713
2023-09-03,202301020806,2020103365,5,ウィズダムハート,0,2023,0.204703107,0.194162950
2023-09-03,202301020806,2020104346,6,イミュータブル,0,2023,0.141350538,0.136434048
2023-09-03,202301020806,2020103238,7,オックスリップ,0,2023,0.261742711,0.277053565
2023-09-03,202301020806,2020109102,8,サウザンサニー,1,2023,0.326142251,0.318273753
2023-09-03,202301020806,2019105241,9,ビップシュプリーム,0,2023,0.267787755,0.259087950
2023-09-03,202301020806,2019101266,10,ザアトム,0,2023,0.106072262,0.100549899
2023-09-03,202301020806,2019104095,11,トータルリコール,0,2023,0.093943760,0.100684054
2023-09-03,202301020806,2020102535,12,トーセントラム,1,2023,0.130863130,0.145207688
2023-09-03,202301020806,2020109061,13,コンチトーホク,0,2023,0.074517801,0.072912328
2023-09-03,202301020806,2018102053,14,ドリームアゲイン,1,2023,0.085743718,0.076318391
2023-09-03,202301020806,2019103790,15,ミツカネムーン,0,2023,0.055574100,0.053790953
2023-09-03,202301020806,2019102747,16,マキアージュ,0,2023,0.276994258,0.289751619
2023-09-03,202301020809,2021105175,2,セントキルダ,0,2023,0.206472546,0.209622204
2023-09-03,202301020809,2021106666,5,レイニングキャット,0,2023,0.174725115,0.170401067
2023-09-03,202301020809,2021102775,11,レガテアドール,1,2023,0.206795081,0.190317646
2023-09-03,202310030802,2021104316,7,ボビーニクビッタケ,0,2023,0.147933662,0.154556885
2023-09-03,202310030802,2021101613,12,オーブラボー,0,2023,0.026863409,0.028965330
2023-09-03,202310030807,2020101195,1,ゴルトリッチ,0,2023,0.095457941,0.111801788
2023-09-03,202310030807,2018106200,2,メイショウヒゾッコ,0,2023,0.084547527,0.075782470
2023-09-03,202310030807,2018103063,3,フィルムスコア,0,2023,0.126097873,0.139207616
2023-09-03,202310030807,2020104825,4,スカプラリオ,0,2023,0.272772402,0.262108773
2023-09-03,202310030807,2018110113,5,ヒトヨギリ,0,2023,0.078387931,0.076966509
2023-09-03,202310030807,2020101879,6,マイド,0,2023,0.400953203,0.398332089
2023-09-03,202310030807,2020100784,7,アントニオヒロキ,0,2023,0.051483810,0.057891812
2023-09-03,202310030807,2020106644,8,モノセーラス,0,2023,0.153504074,0.153626263
2023-09-03,202310030807,2020105484,9,ニシノコウダイ,0,2023,0.310963362,0.309476316
2023-09-03,202310030807,2019104818,10,メイケイバートン,0,2023,0.197344273,0.206937104
2023-09-03,202310030807,2019109096,11,ダイヤモンドフジ,0,2023,0.351707429,0.335194498
2023-09-03,202310030807,2018103200,12,バーニングパワー,0,2023,0.044310827,0.049488183
2023-09-03,202310030807,2017101991,13,テンジュイン,0,2023,0.107981980,0.104441993
2023-09-03,202310030807,2020103969,14,ヨウシタンレイ,0,2023,0.236548126,0.230553508
2023-09-03,202310030807,2020103270,15,ダミエ,1,2023,0.171100840,0.160289779
2023-09-03,202310030807,2020106561,16,ニシノベストワン,0,2023,0.073769398,0.069672927
2023-09-03,202310030807,2020100725,17,シンプリーオーサム,1,2023,0.230009243,0.240559444
2023-09-03,202310030807,2020101763,18,トーホウフランゴ,1,2023,0.346894115,0.321071595
2023-09-03,202310030809,2018104534,1,アスクキングコング,0,2023,0.137198910,0.121697068
2023-09-03,202310030809,2018103902,2,サウンドブライアン,0,2023,0.101540297,0.094895549
2023-09-03,202310030809,2018110001,3,ジュストコル,0,2023,0.153782189,0.143099636
2023-09-03,202310030809,2019100666,4,イラーレ,0,2023,0.405877411,0.362313360
2023-09-03,202310030809,2018106455,5,メイショウハボタン,0,2023,0.149755374,0.154400811
2023-09-03,202310030809,2020100815,6,ミルトクレイモー,0,2023,0.325724006,0.295164257
2023-09-03,202310030809,2017100922,7,フチサンメルチャン,0,2023,0.043972764,0.044597343
2023-09-03,202310030809,2020101503,8,カンチェンジュンガ,0,2023,0.333688587,0.302065909
2023-09-03,202310030809,2018101964,9,アルムファーツリー,0,2023,0.070042655,0.082924500
2023-09-03,202310030809,2019104498,10,インプロバイザー,0,2023,0.188005254,0.167321533
2023-09-03,202310030809,2019100210,11,ウインバグース,0,2023,0.257009655,0.234514654
2023-09-03,202310030809,2019101917,12,エテルナメンテ,1,2023,0.104133189,0.104406051
2023-09-03,202310030809,2019109146,13,イールテソーロ,0,2023,0.130525082,0.123447746
2023-09-03,202310030809,2018104322,14,プレジールミノル,1,2023,0.073754415,0.063782156
2023-09-03,202310030809,2017103020,15,ダンツイノーバ,0,2023,0.146875322,0.150206670
2023-09-03,202310030809,2018106391,16,メイショウイジゲン,0,2023,0.045556948,0.044890605
2023-09-03,202310030809,2018102585,17,ロードラスター,1,2023,0.154180095,0.168797240
2023-09-09,202306040110,2020101590,1,トラベログ,0,2023,0.560385942,0.575330615
2023-09-09,202306040110,2019104697,2,ショウナンマッハ,0,2023,0.423317075,0.446510553
2023-09-09,202306040110,2018105873,3,ミキノバスドラム,0,2023,0.063691355,0.056920752
2023-09-09,202306040110,2020103044,4,リラックス,0,2023,0.449740469,0.415346742
2023-09-09,202306040110,2018103296,5,サニーオーシャン,0,2023,0.105758622,0.112594716
2023-09-09,202306040110,2019104386,6,トーセンサンダー,1,2023,0.314260155,0.336269051
2023-09-09,202306040110,2019100652,7,ハギノモーリス,1,2023,0.176616982,0.183880419
2023-09-09,202306040110,2020103093,8,プレジャークルーズ,0,2023,0.276414275,0.292186677
2023-09-09,202306040110,2020106706,9,タリア,1,2023,0.368217975,0.356696278
2023-09-09,202306040110,2019100898,10,タッカーシルバー,0,2023,0.154472336,0.164047509
2023-09-10,202306040210,2020100607,1,サンティーテソーロ,1,2023,0.500008881,0.516266167
2023-09-10,202306040210,2020110133,2,フロムダスク,0,2023,0.352147251,0.406388193
2023-09-10,202306040210,2019100450,3,ファロロジー,1,2023,0.425459445,0.471043795
2023-09-10,202306040210,2019104976,4,ミスボニータ,0,2023,0.205515370,0.215881199
2023-09-10,202306040210,2018103205,5,クムシラコ,0,2023,0.143299520,0.139719248
2023-09-10,202306040210,2019109094,6,ブッシュガーデン,1,2023,0.255538046,0.277974039
2023-09-10,202306040210,2019105398,7,フォラブリューテ,0,2023,0.087932773,0.067518897
2023-09-10,202306040210,2018100756,8,シュアーヴアリア,0,2023,0.305792421,0.275705934
2023-09-10,202306040210,2019104451,9,ビーオンザマーチ,0,2023,0.110913560,0.129239038
2023-09-10,202306040210,2017102838,10,ハーモニーマゼラン,0,2023,0.425453812,0.441471398
2023-09-10,202306040210,2018106077,11,イルクオーレ,0,2023,0.288848758,0.297514737
2023-09-10,202306040210,2019100653,12,ハギノメーテル,0,2023,0.202928260,0.218406960
2023-09-10,202309040211,2020101588,1,ロンドンプラン,0,2023,0.195745915,0.180584043
2023-09-10,202309040211,2018104331,2,ヴァトレニ,0,2023,0.240696669,0.240431502
2023-09-10,202309040211,2017101765,3,レジェーロ,0,2023,0.093347579,0.095981106
2023-09-10,202309040211,2020101533,4,ドルチェモア,0,2023,0.225818932,0.240945056
2023-09-10,202309040211,2019110105,5,ジャングロ,0,2023,0.427589506,0.395615667
2023-09-10,202309040211,2020100896,6,ビッグシーザー,0,2023,0.464138329,0.456735045
2023-09-10,202309040211,2019102979,7,エイシンスポッター,0,2023,0.353611082,0.343140930
2023-09-10,202309040211,2019105126,8,アグリ,1,2023,0.448556811,0.487468183
2023-09-10,202309040211,2017101121,9,ボンボヤージ,0,2023,0.054594651,0.059842441
2023-09-10,202309040211,2018105204,10,ピクシーナイト,0,2023,0.226241365,0.240902513
2023-09-10,202309040211,2019103422,11,テイエムスパーダ,1,2023,0.112916119,0.113796920
2023-09-10,202309040211,2020103589,12,ブトンドール,0,2023,0.177216068,0.171733409
2023-09-10,202309040211,2017100583,13,ディヴィナシオン,0,2023,0.072017170,0.077408098
2023-09-10,202309040211,2017100091,14,スマートクラージュ,1,2023,0.412051052,0.368190736
2023-09-10,202309040211,2019102273,15,モリノドリーム,0,2023,0.244287893,0.237556353
2023-09-16,202306040303,2021103101,1,マケタラアカン,0,2023,0.336845040,0.392369509
2023-09-16,202306040303,2021100638,3,アマルフィレモン,0,2023,0.150266439,0.144158438
2023-09-16,202306040303,2021100015,5,キラン,0,2023,0.330224782,0.354041040
2023-09-16,202306040303,2021109120,6,カシノディーバ,0,2023,0.148058236,0.154241368
2023-09-16,202306040303,2021103771,7,センタービット,0,2023,0.046280012,0.048990358
2023-09-17,202306040412,2020103885,1,クリノゴッホ,0,2023,0.183436304,0.188988358
2023-09-17,202306040412,2018101455,2,マルス,0,2023,0.018140953,0.018398298
2023-09-17,202306040412,2020102299,3,アシャカタカ,0,2023,0.214874685,0.215053692
2023-09-17,202306040412,2019105715,4,セキテイホノオー,0,2023,0.332237929,0.312052101
2023-09-17,202306040412,2019106339,5,フォールロワ,0,2023,0.055918131,0.054542433
2023-09-17,202306040412,2020103670,6,ショウナンハクウン,1,2023,0.130924985,0.137564167
2023-09-17,202306040412,2019105738,7,ピンクセイラー,1,2023,0.351119161,0.354709774
2023-09-17,202306040412,2019104624,8,エコログロリアス,0,2023,0.123367630,0.121536717
2023-09-17,202306040412,2018105257,9,ダノンジェネラル,0,2023,0.119255573,0.122896612
2023-09-17,202306040412,2019101562,10,デフィデリ,0,2023,0.133461669,0.132151738
2023-09-17,202306040412,2020101093,11,ショッキングブルー,0,2023,0.143578917,0.131669894
2023-09-17,202306040412,2019104059,12,スマートオリーブ,0,2023,0.173675150,0.167220756
2023-09-17,202306040412,2019105131,14,レーヌデゼトワール,0,2023,0.113827109,0.109422170
2023-09-17,202306040412,2019105338,15,グランプレジール,1,2023,0.168923005,0.175332114
2023-09-17,202306040412,2018105515,16,パノティア,0,2023,0.191569313,0.187873706
2023-09-17,202309040407,2019101743,1,タムロキュラムン,0,2023,0.075018801,0.066395715
2023-09-17,202309040407,2020103422,2,ジュエルピーチ,0,2023,0.435467631,0.426729620
2023-09-17,202309040407,2019103193,3,トリップトゥムーン,0,2023,0.383993745,0.374195158
2023-09-17,202309040407,2018106145,4,アコルダール,0,2023,0.132836491,0.131816357
2023-09-17,202309040407,2019102068,5,シャウビンダー,0,2023,0.216169685,0.216097444
2023-09-17,202309040407,2020103270,6,ダミエ,0,2023,0.248610541,0.248294830
2023-09-17,202309040407,2020103007,7,エンファサイズ,0,2023,0.153631315,0.164459139
2023-09-17,202309040407,2019102223,8,モズジャックポット,0,2023,0.055415314,0.054617841
2023-09-17,202309040407,2018101951,9,タガノスペルノヴァ,0,2023,0.120106488,0.120716095
2023-09-17,202309040407,2020100736,10,ビッグボーンリタ,0,2023,0.091894373,0.087518193
2023-09-17,202309040407,2019102240,11,マメコ,1,2023,0.201672748,0.202224448
2023-09-17,202309040407,2019105265,12,アエリーゾ,1,2023,0.124214813,0.134998620
2023-09-17,202309040407,2020101792,13,プロスペリダード,1,2023,0.579259217,0.574052036
2023-09-17,202309040407,2020101195,14,ゴルトリッチ,0,2023,0.140153214,0.134181425
2023-09-17,202309040407,2017110112,15,コンバットマーチ,0,2023,0.013641980,0.011350530
2023-09-17,202309040407,2018102053,16,ドリームアゲイン,0,2023,0.138603121,0.137424171
2023-09-23,202306040604,2019101100,1,キーチズカンパニー,0,2023,0.059892796,0.059680786
2023-09-23,202306040604,2020104437,2,ジャーニーメモリー,0,2023,0.216475576,0.201709896
2023-09-23,202306040604,2018104872,3,アクアマリンブルー,1,2023,0.097399518,0.082323804
2023-09-23,202306040604,2020104983,4,マルプリ,0,2023,0.608972073,0.630306661
2023-09-23,202306040604,2020103593,5,リックスター,0,2023,0.448347837,0.434428245
2023-09-23,202306040604,2020104088,6,ランドオブラヴ,1,2023,0.234205619,0.219905168
2023-09-23,202306040604,2019102303,7,アイムファイン,0,2023,0.086483642,0.092772059
2023-09-23,202306040604,2019105940,8,アリシアン,0,2023,0.094937347,0.087803692
2023-09-23,202306040604,2019106637,9,アポロルタ,0,2023,0.167856902,0.167006046
2023-09-23,202306040604,2019101605,10,エンギダルマ,0,2023,0.121762834,0.123634517
2023-09-23,202306040604,2017105940,11,ジェラペッシュ,0,2023,0.017964998,0.017716654
2023-09-23,202306040604,2019104764,12,ジェットグリッター,0,2023,0.086522803,0.081434004
2023-09-23,202306040604,2019102747,13,マキアージュ,0,2023,0.248067066,0.255767941
2023-09-23,202306040604,2018102069,14,ラナキラ,1,2023,0.178598031,0.185473010
2023-09-23,202306040604,2019105765,15,ハウファアイルゴー,0,2023,0.108128220,0.112799682
2023-09-23,202306040604,2018100094,16,ナムラシベラ,0,2023,0.117305323,0.124740072
2023-09-23,202306040609,2021105054,1,モンシュマン,0,2023,0.249704406,0.248057902
2023-09-23,202306040609,2021105122,3,マスクオールウィン,1,2023,0.471098334,0.468665272
2023-09-23,202306040609,2021103323,6,オーキッドロマンス,1,2023,0.308507472,0.302556932
2023-09-23,202306040609,2021100359,7,スカイキャンバス,0,2023,0.641398847,0.647349000
2023-09-23,202306040609,2021105175,10,セントキルダ,0,2023,0.164202407,0.154423356
2023-09-23,202309040602,2021110056,7,エコロガイア,1,2023,0.690309942,0.707707703
2023-09-23,202309040610,2018103611,1,デルマカンノン,0,2023,0.097298868,0.097080573
2023-09-23,202309040610,2019104498,2,インプロバイザー,0,2023,0.133096248,0.149737671
2023-09-23,202309040610,2017100922,3,フチサンメルチャン,0,2023,0.068314739,0.076776683
2023-09-23,202309040610,2018104534,4,アスクキングコング,0,2023,0.127497941,0.113988943
2023-09-23,202309040610,2020101763,5,トーホウフランゴ,0,2023,0.279878169,0.279518753
2023-09-23,202309040610,2020101827,6,バースクライ,1,2023,0.432325244,0.430643708
2023-09-23,202309040610,2019101917,7,エテルナメンテ,0,2023,0.118644007,0.122737713
2023-09-23,202309040610,2020102630,8,アルーリングビュー,1,2023,0.197558299,0.189783946
2023-09-23,202309040610,2020101543,9,グランテスト,1,2023,0.250973046,0.247616529
2023-09-23,202309040610,2019104697,10,ショウナンマッハ,0,2023,0.263454258,0.254123688
2023-09-23,202309040610,2019100604,11,ヤマニンアンフィル,0,2023,0.178349659,0.190433502
2023-09-23,202309040610,2017102940,12,ワンダーカタリナ,0,2023,0.129848167,0.136063591
2023-09-23,202309040610,2018104322,13,プレジールミノル,0,2023,0.218429103,0.237360105
2023-09-23,202309040610,2018100480,14,デルマヤクシ,0,2023,0.156135187,0.183378413
2023-09-23,202309040610,2018106391,15,メイショウイジゲン,0,2023,0.048592560,0.050466802
2023-09-23,202309040610,2019102856,16,トーホウラビアン,0,2023,0.117220230,0.102168597
2023-09-24,202306040702,2021106000,3,キチロクサクラ,0,2023,0.080353312,0.080210529
2023-09-24,202306040702,2021105872,8,ベアゴーゴー,0,2023,0.651988864,0.665926397
2023-09-24,202306040702,2021104689,10,リネンワルツ,1,2023,0.605890751,0.624308765
2023-09-24,202309040710,2016104227,1,ジョニーズララバイ,0,2023,0.064613953,0.070710838
2023-09-24,202309040710,2019100652,2,ハギノモーリス,0,2023,0.341429651,0.339690238
2023-09-24,202309040710,2020110133,3,フロムダスク,0,2023,0.278456658,0.295863718
2023-09-24,202309040710,2019105806,4,ドロップオブライト,1,2023,0.347196460,0.325402498
2023-09-24,202309040710,2018104949,5,フォイアーロート,0,2023,0.057833757,0.055063952
2023-09-24,202309040710,2017106137,6,グレイトゲイナー,1,2023,0.102460429,0.115046374
2023-09-24,202309040710,2019100581,7,ヒルノローザンヌ,0,2023,0.117757298,0.110979237
2023-09-24,202309040710,2017103105,8,グッドマックス,0,2023,0.044527423,0.044959817
2023-09-24,202309040710,2018102491,9,メイショウエニシア,1,2023,0.169363931,0.163897440
2023-09-24,202309040710,2019110001,10,ショウナンハクラク,0,2023,0.286254138,0.283387333
2023-09-24,202309040710,2018100570,11,セリシア,0,2023,0.075037800,0.086270534
2023-09-24,202309040710,2020101419,12,ブーケファロス,0,2023,0.502715707,0.517676651
2023-09-24,202309040710,2019103714,13,メイショウソラフネ,0,2023,0.423062205,0.421234667
2023-09-24,202309040710,2020110040,14,ヤクシマ,0,2023,0.199506685,0.197636455
2023-09-24,202309040710,2019106102,15,アネゴハダ,0,2023,0.171745315,0.154662654
2023-09-24,202309040710,2018102649,16,タツリュウオー,0,2023,0.108444743,0.111496739
2023-09-30,202306040802,2021101398,2,ミニマルデザイン,1,2023,0.385988295,0.424567670
2023-09-30,202306040802,2021106440,10,アララララ,1,2023,0.297081113,0.293213069
2023-09-30,202306040802,2021100438,14,ミルタンドレス,0,2023,0.483325958,0.492428035
2023-09-30,202306040810,2019100666,1,イラーレ,1,2023,0.437971026,0.414631873
2023-09-30,202306040810,2018103485,2,ジャガード,0,2023,0.047090273,0.045274865
2023-09-30,202306040810,2020103044,3,リラックス,0,2023,0.397124738,0.374088556
2023-09-30,202306040810,2019105238,4,フリートオブフット,0,2023,0.171130255,0.168129861
2023-09-30,202306040810,2020106706,5,タリア,1,2023,0.206066713,0.214973271
2023-09-30,202306040810,2017103123,6,ヤマニンプレシオサ,0,2023,0.029339507,0.030315854
2023-09-30,202306040810,2019100755,7,アラクレ,0,2023,0.124436989,0.122740813
2023-09-30,202306040810,2019105738,8,ピンクセイラー,0,2023,0.266614825,0.284995347
2023-09-30,202306040810,2019101270,9,ヨール,1,2023,0.206645399,0.185353100
2023-09-30,202306040810,2020106987,10,スムースベルベット,0,2023,0.203244269,0.209353611
2023-09-30,202306040810,2019107075,11,ブランデーロック,0,2023,0.163708165,0.142926291
2023-09-30,202306040810,2019105476,12,コラリン,0,2023,0.219279468,0.231166452
2023-09-30,202306040810,2020104613,13,タツダイヤモンド,0,2023,0.268627435,0.251026988
2023-09-30,202306040810,2020102535,14,トーセントラム,0,2023,0.208776191,0.210844249
2023-09-30,202306040810,2020101897,15,レッドヒルシューズ,0,2023,0.306396514,0.284334540
2023-09-30,202306040810,2018103920,16,ノックオンウッド,0,2023,0.114853323,0.108851410
2023-10-01,202306040911,2019103753,1,ナムラクレア,1,2023,0.459178060,0.468518585
2023-10-01,202306040911,2019103422,2,テイエムスパーダ,0,2023,0.206627503,0.211596251
2023-10-01,202306040911,2018105204,3,ピクシーナイト,0,2023,0.169425607,0.169330373
2023-10-01,202306040911,2016106453,4,ナランフレグ,0,2023,0.061515283,0.071827710
2023-10-01,202306040911,2019100213,5,ウインマーベル,0,2023,0.205375567,0.194730312
2023-10-01,202306040911,2019105394,6,ママコチャ,1,2023,0.440772623,0.441991687
2023-10-01,202306040911,2018105061,7,オールアットワンス,0,2023,0.239149317,0.244683281
2023-10-01,202306040911,2018105069,8,メイケイエール,0,2023,0.100067802,0.091958418
2023-10-01,202306040911,2019105126,9,アグリ,0,2023,0.433329970,0.429086030
2023-10-01,202306040911,2019110020,10,マッドクール,1,2023,0.422536880,0.413507402
2023-10-01,202306040911,2017105661,11,ジュビリーヘッド,0,2023,0.265893281,0.242362052
2023-10-01,202306040911,2020101533,12,ドルチェモア,0,2023,0.068293028,0.068182670
2023-10-01,202306040911,2019110107,13,ジャスパークローネ,0,2023,0.254312664,0.262860358
2023-10-01,202306040911,2019102979,14,エイシンスポッター,0,2023,0.260913491,0.240824476
2023-10-01,202306040911,2019104470,15,キミワクイーン,0,2023,0.311943114,0.302467734
2023-10-01,202306040911,2020102764,16,モズメイメイ,0,2023,0.195636407,0.197829649
2023-10-08,202308020201,2021104316,2,ボビーニクビッタケ,1,2023,0.272415221,0.282178015
2023-10-08,202308020201,2021107204,8,アオイエクラタン,0,2023,0.024157999,0.020561827
2023-10-08,202308020211,2018102360,1,メディーヴァル,0,2023,0.096712455,0.083020084
2023-10-08,202308020211,2020100896,2,ビッグシーザー,0,2023,0.523632109,0.513350189
2023-10-08,202308020211,2020105400,3,タマモブラックタイ,0,2023,0.369263202,0.353918701
2023-10-08,202308020211,2017100583,4,ディヴィナシオン,1,2023,0.099640816,0.110788286
2023-10-08,202308020211,2019105237,5,スリーパーダ,0,2023,0.164051503,0.148630589
2023-10-08,202308020211,2020102660,6,シングザットソング,1,2023,0.278743982,0.262813032
2023-10-08,202308020211,2017104270,7,トキメキ,0,2023,0.125793830,0.129587606
2023-10-08,202308020211,2016110119,8,ジャスパージャック,0,2023,0.077642068,0.077391639
2023-10-08,202308020211,2018101452,9,スンリ,0,2023,0.129263625,0.115518704
2023-10-08,202308020211,2019102576,10,クリノマジン,0,2023,0.100872181,0.102227464
2023-10-08,202308020211,2020102564,11,ムーンプローブ,0,2023,0.170994624,0.159619987
2023-10-08,202308020211,2015100822,12,タイセイアベニール,0,2023,0.119026706,0.111752979
2023-10-08,202308020211,2017106087,13,メイショウゲンセン,1,2023,0.212337419,0.205199942
2023-10-08,202308020211,2017101121,14,ボンボヤージ,0,2023,0.098909631,0.106566153
2023-10-08,202308020211,2019100450,15,ファロロジー,0,2023,0.205670416,0.211246997
2023-10-08,202308020211,2015105850,16,カイザーメランジェ,0,2023,0.016772306,0.018537205
2023-10-08,202308020211,2019110105,17,ジャングロ,0,2023,0.304585636,0.290562898
2023-10-08,202308020211,2015103616,18,メイショウオーパス,0,2023,0.044181034,0.037682950
2023-10-14,202304040109,2018100618,1,トーホウジュナール,0,2023,0.325218111,0.325291276
2023-10-14,202304040109,2019101032,3,ユキヤナギ,0,2023,0.032815732,0.034656413
2023-10-14,202304040109,2020102738,4,エールレヴリー,1,2023,0.401194781,0.376426607
2023-10-14,202304040109,2018102069,5,ラナキラ,1,2023,0.280995429,0.284625798
2023-10-14,202304040109,2020102299,6,アシャカタカ,0,2023,0.171032757,0.156654522
2023-10-14,202304040109,2019102068,7,シャウビンダー,0,2023,0.255501986,0.261875063
2023-10-14,202304040109,2018105357,8,ラピカズマ,0,2023,0.254658788,0.242202729
2023-10-14,202304040109,2018104561,9,エンブレムコード,0,2023,0.180626571,0.194206551
2023-10-14,202304040109,2020103670,10,ショウナンハクウン,0,2023,0.233969972,0.224997520
2023-10-14,202304040109,2020103578,11,ロッククリーク,0,2023,0.101332434,0.104577072
2023-10-14,202304040109,2020104478,13,アルルカン,0,2023,0.088850960,0.088793784
2023-10-14,202304040109,2020100305,14,セイウンスイート,0,2023,0.056579575,0.061389405
2023-10-14,202304040109,2019104002,15,タイキバンディエラ,0,2023,0.071879014,0.066075094
2023-10-14,202304040109,2019105412,16,プリモカリーナ,1,2023,0.269707829,0.264480889
2023-10-14,202304040109,2020101517,17,ソノママソノママ,0,2023,0.255420834,0.227318123
2023-10-14,202304040109,2020103885,18,クリノゴッホ,0,2023,0.197806597,0.189374372
2023-10-15,202304040201,2021106000,2,キチロクサクラ,0,2023,0.041854199,0.039795797
2023-10-15,202304040201,2021106440,3,アララララ,1,2023,0.475100815,0.477467954
2023-10-15,202304040201,2021100272,5,ミッレマンドルリ,0,2023,0.030126367,0.028980134
2023-10-15,202304040201,2021103571,6,プレイフォーエフ,0,2023,0.163530320,0.171712354
2023-10-21,202304040311,2019105658,1,オタルエバー,1,2023,0.257149607,0.278898805
2023-10-21,202304040311,2020100607,2,サンティーテソーロ,0,2023,0.411556691,0.424488306
2023-10-21,202304040311,2017100461,3,ワンスカイ,0,2023,0.122774526,0.107752956
2023-10-21,202304040311,2015103357,4,メイショウドウドウ,0,2023,0.040799122,0.046426408
2023-10-21,202304040311,2019102041,5,アドヴァイス,0,2023,0.125577942,0.121876478
2023-10-21,202304040311,2020100443,6,エイシンエイト,1,2023,0.252605587,0.240253896
2023-10-21,202304040311,2018100756,7,シュアーヴアリア,0,2023,0.117726892,0.117563725
2023-10-21,202304040311,2018106077,8,イルクオーレ,0,2023,0.137723178,0.136412039
2023-10-21,202304040311,2017106240,9,アビエルト,0,2023,0.068670623,0.068361282
2023-10-21,202304040311,2018105004,10,アップリバー,0,2023,0.102334313,0.118371852
2023-10-21,202304040311,2019104525,11,ラキエータ,0,2023,0.126794904,0.121186376
2023-10-21,202304040311,2019101903,12,ブレスレスリー,1,2023,0.272305220,0.274574220
2023-10-21,202304040311,2018103205,13,クムシラコ,0,2023,0.072507404,0.070167139
2023-10-21,202304040311,2017103105,14,グッドマックス,0,2023,0.049922381,0.046131551
2023-10-21,202304040311,2019104962,15,ウィリン,0,2023,0.144264162,0.153386295
2023-10-21,202304040311,2019101005,16,タイセイブリリオ,0,2023,0.135100901,0.132201999
2023-10-21,202304040311,2019109094,17,ブッシュガーデン,0,2023,0.175078526,0.182751805
2023-10-21,202304040311,2018102585,18,ロードラスター,0,2023,0.158428341,0.156216606
2023-10-22,202308020709,2020101543,1,グランテスト,1,2023,0.414259255,0.391966581
2023-10-22,202308020709,2019103562,2,ダテボレアス,0,2023,0.180111498,0.182004347
2023-10-22,202308020709,2018104633,3,テーオーダヴィンチ,0,2023,0.349580735,0.366938114
2023-10-22,202308020709,2019100666,4,イラーレ,1,2023,0.500577629,0.482435346
2023-10-22,202308020709,2019104738,5,サウンドクレア,0,2023,0.257526070,0.252709866
2023-10-22,202308020709,2020100815,6,ミルトクレイモー,1,2023,0.181206003,0.172037020
2023-10-22,202308020709,2018103902,7,サウンドブライアン,0,2023,0.063778259,0.060847446
2023-10-22,202308020709,2020105568,8,ハクサンパイオニア,0,2023,0.205912828,0.209463775
2023-10-22,202308020709,2019102856,9,トーホウラビアン,0,2023,0.104528010,0.099197797
2023-10-22,202308020709,2018100736,10,アンフィニドール,0,2023,0.239468843,0.248908266
2023-10-22,202308020709,2018104663,11,タウゼントシェーン,0,2023,0.217793435,0.240025476
2023-10-22,202308020709,2020104613,12,タツダイヤモンド,0,2023,0.140327990,0.132013410
2023-10-22,202308020709,2020104954,13,ウメムスビ,0,2023,0.079033270,0.084147371
2023-10-22,202308020709,2018103611,14,デルマカンノン,0,2023,0.062756568,0.064678811
2023-10-22,202308020709,2019100292,15,ダレモトメラレナイ,0,2023,0.139561743,0.130783454
2023-10-22,202308020709,2020110090,16,ティニア,0,2023,0.184432998,0.177050561
2023-10-28,202304040510,2019105050,1,メルヴィル,0,2023,0.181319013,0.181435898
2023-10-28,202304040510,2018100378,2,ディアナグラン,0,2023,0.179976061,0.178603217
2023-10-28,202304040510,2020100258,3,セイウンダマシイ,0,2023,0.138060391,0.141014084
2023-10-28,202304040510,2019101270,4,ヨール,0,2023,0.341840297,0.320578337
2023-10-28,202304040510,2019105766,5,アメトリーチェ,1,2023,0.032657087,0.033169314
2023-10-28,202304040510,2019104549,6,テンメジャーガール,0,2023,0.089948699,0.084998474
2023-10-28,202304040510,2020102738,7,エールレヴリー,1,2023,0.401758790,0.391737729
2023-10-28,202304040510,2019100755,8,アラクレ,0,2023,0.114464656,0.120736890
2023-10-28,202304040510,2019104361,9,テーオースパロー,0,2023,0.244398236,0.225791678
2023-10-28,202304040510,2019100604,10,ヤマニンアンフィル,0,2023,0.128203779,0.118419766
2023-10-28,202304040510,2020102140,11,アンビバレント,0,2023,0.135949627,0.131796896
2023-10-28,202304040510,2017101777,12,ヤマニンプティパ,0,2023,0.036801632,0.034207158
2023-10-28,202304040510,2019101262,13,ショウナンアメリア,0,2023,0.220170602,0.230958328
2023-10-28,202304040510,2019100214,14,ウインモナーク,1,2023,0.203903019,0.209834486
2023-10-28,202304040510,2020103044,15,リラックス,0,2023,0.334477484,0.338432372
2023-10-28,202304040510,2018103620,16,ロゼクラン,0,2023,0.146903545,0.164680392
2023-10-28,202304040510,2020105895,17,フォルテース,0,2023,0.204131767,0.211609572
2023-10-28,202304040510,2019100593,18,フラッシュアーク,0,2023,0.184785187,0.193168551
2023-11-04,202303030108,2020104087,1,グランツベリー,1,2023,0.314681351,0.311978012
2023-11-04,202303030108,2020104437,2,ジャーニーメモリー,0,2023,0.183020830,0.192953855
2023-11-04,202303030108,2020106914,3,イコサン,1,2023,0.302511871,0.281707495
2023-11-04,202303030108,2018100406,4,ヴィントミューレ,0,2023,0.341639102,0.342880100
2023-11-04,202303030108,2018104938,5,ヴェールクレール,1,2023,0.332511157,0.333895028
2023-11-04,202303030108,2020103885,6,クリノゴッホ,0,2023,0.172496825,0.191938221
2023-11-04,202303030108,2020100295,7,メリトリオ,0,2023,0.348236352,0.342293590
2023-11-04,202303030108,2020101798,8,オータムクイーン,0,2023,0.123368010,0.129201099
2023-11-04,202303030108,2018104762,9,キャニオニング,0,2023,0.055290923,0.055967443
2023-11-04,202303030108,2019101032,10,ユキヤナギ,0,2023,0.032176107,0.030873705
2023-11-04,202303030108,2018105357,11,ラピカズマ,0,2023,0.226785824,0.243811682
2023-11-04,202303030108,2018104908,12,アルジェントステラ,0,2023,0.096668705,0.084409595
2023-11-04,202303030108,2019104720,13,クロンヌドラレーヌ,0,2023,0.072203577,0.073707648
2023-11-04,202303030112,2020103238,1,オックスリップ,0,2023,0.391333878,0.405648977
2023-11-04,202303030112,2018104872,2,アクアマリンブルー,0,2023,0.391378731,0.417308003
2023-11-04,202303030112,2018103125,3,モラトリアム,1,2023,0.386255652,0.372070968
2023-11-04,202303030112,2020105131,4,ロッソランパンテ,0,2023,0.075700648,0.065145373
2023-11-04,202303030112,2019100677,5,ビヨンドザタイム,0,2023,0.301903307,0.296102345
2023-11-04,202303030112,2017103309,6,ホウオウエンジェル,0,2023,0.373840541,0.345743090
2023-11-04,202303030112,2019104818,7,メイケイバートン,1,2023,0.422142059,0.426178068
2023-11-04,202303030112,2020104824,8,シンデレラスマイル,0,2023,0.319552958,0.314341784
2023-11-04,202303030112,2019104764,9,ジェットグリッター,0,2023,0.098008059,0.094652057
2023-11-04,202303030112,2020100906,10,フライングブレード,1,2023,0.458297610,0.463344216
2023-11-04,202303030112,2020100305,11,セイウンスイート,0,2023,0.084905729,0.088155583
2023-11-05,202303030202,2021110023,2,エクストラバック,1,2023,0.381900281,0.376616716
2023-11-05,202303030202,2021106440,5,アララララ,1,2023,0.424171537,0.445809871
2023-11-05,202303030202,2021102095,7,アクアファースト,0,2023,0.158991605,0.145436019
2023-11-05,202303030202,2021100321,8,メイボウコウシ,0,2023,0.028161539,0.025575330
2023-11-05,202303030202,2021103571,10,プレイフォーエフ,0,2023,0.107563011,0.106124200
2023-11-05,202303030202,2021100287,15,ミルミル,0,2023,0.186032221,0.187924072
2023-11-05,202303030208,2019101562,1,デフィデリ,1,2023,0.243094370,0.238142505
2023-11-05,202303030208,2019101998,2,サンマルクレイジー,0,2023,0.203999639,0.207263023
2023-11-05,202303030208,2019101833,3,ウインクルシャープ,0,2023,0.213078216,0.198930979
2023-11-05,202303030208,2019102240,5,マメコ,1,2023,0.384487480,0.403408855
2023-11-05,202303030208,2018100593,6,タイガーリリー,0,2023,0.239208043,0.258978665
2023-11-05,202303030208,2020103340,7,スーパーアグリ,0,2023,0.375631869,0.333636969
2023-11-05,202303030208,2020103670,8,ショウナンハクウン,0,2023,0.242011517,0.237479821
2023-11-05,202303030208,2020100500,9,ヴィエンヌ,0,2023,0.387303174,0.395911038
2023-11-05,202303030208,2018100096,10,キトゥンズマーチ,0,2023,0.112837426,0.118579283
2023-11-05,202303030208,2020101378,11,アイヲツグモノ,0,2023,0.054152466,0.058225144
2023-11-05,202303030208,2017101448,12,ウインアステロイド,0,2023,0.143390730,0.156752139
2023-11-05,202303030208,2020105484,13,ニシノコウダイ,1,2023,0.271032780,0.271355093
2023-11-05,202303030211,2019104108,1,エナジーグラン,0,2023,0.331625521,0.347665727
2023-11-05,202303030211,2017105272,2,リレーションシップ,0,2023,0.149779394,0.150928497
2023-11-05,202303030211,2015103616,3,メイショウオーパス,0,2023,0.049859378,0.044419743
2023-11-05,202303030211,2018110035,4,シュバルツカイザー,0,2023,0.451795399,0.445369393
2023-11-05,202303030211,2018101452,5,スンリ,0,2023,0.194411963,0.185935065
2023-11-05,202303030211,2018105296,6,モントライゼ,0,2023,0.132509410,0.143296883
2023-11-05,202303030211,2018100040,7,アビッグチア,0,2023,0.118550301,0.139660209
2023-11-05,202303030211,2019100765,8,コムストックロード,0,2023,0.266540170,0.280207157
2023-11-05,202303030211,2019100450,9,ファロロジー,1,2023,0.244030192,0.279712915
2023-11-05,202303030211,2017100583,10,ディヴィナシオン,0,2023,0.153339535,0.146021843
2023-11-05,202303030211,2017106137,11,グレイトゲイナー,1,2023,0.152851224,0.161583319
2023-11-05,202303030211,2016104787,12,グルーヴィット,0,2023,0.053664878,0.048149247
2023-11-05,202303030211,2018100032,13,シゲルピンクルビー,0,2023,0.132585540,0.140705988
2023-11-05,202303030211,2019104915,14,バンデルオーラ,0,2023,0.219236881,0.194172800
2023-11-05,202303030211,2017104852,15,キャプテンドレイク,0,2023,0.132610828,0.133868501
2023-11-05,202303030211,2017106720,16,サンライズオネスト,1,2023,0.173731238,0.182136998
2023-11-05,202308030201,2021103505,7,ウエストチェリー,0,2023,0.049206462,0.048852228
2023-11-05,202308030201,2021104316,9,ボビーニクビッタケ,0,2023,0.352128029,0.358911455
2023-11-05,202308030210,2019110001,1,ショウナンハクラク,1,2023,0.221680447,0.238042548
2023-11-05,202308030210,2015103357,2,メイショウドウドウ,0,2023,0.052626207,0.057939194
2023-11-05,202308030210,2020110133,3,フロムダスク,0,2023,0.139016315,0.165408880
2023-11-05,202308030210,2020101419,4,ブーケファロス,1,2023,0.401841551,0.371181875
2023-11-05,202308030210,2019100581,5,ヒルノローザンヌ,0,2023,0.093000092,0.091260940
2023-11-05,202308030210,2019102106,6,ブリュットミレジメ,0,2023,0.253412098,0.291260868
2023-11-05,202308030210,2018102491,7,メイショウエニシア,0,2023,0.171124607,0.174250901
2023-11-05,202308030210,2019102041,8,アドヴァイス,0,2023,0.195999786,0.200873435
2023-11-05,202308030210,2019101903,9,ブレスレスリー,0,2023,0.428704381,0.440281510
2023-11-05,202308030210,2017103105,10,グッドマックス,0,2023,0.082105011,0.082367688
2023-11-05,202308030210,2019102327,11,ケデシュ,0,2023,0.155885488,0.133311063
2023-11-05,202308030210,2018103021,12,タイセイシェダル,0,2023,0.284254342,0.258381099
2023-11-05,202308030210,2019109094,13,ブッシュガーデン,1,2023,0.209402904,0.219807640
2023-11-05,202308030210,2018106077,14,イルクオーレ,0,2023,0.379339546,0.369033366
2023-11-05,202308030210,2017105054,15,リヴェール,0,2023,0.069621190,0.063397877
2023-11-05,202308030210,2018105306,16,インフィナイト,0,2023,0.071284540,0.079248674
2023-11-05,202308030210,2018100025,17,シゲルカチョウ,0,2023,0.074291393,0.071844891
2023-11-05,202308030210,2016104227,18,ジョニーズララバイ,0,2023,0.049405694,0.050192695
2023-11-11,202303030303,2021103898,2,リケアリラ,0,2023,0.064693943,0.063514605
2023-11-11,202303030303,2021103548,9,フォカッチャ,0,2023,0.225264892,0.227022931
2023-11-11,202303030303,2021103101,11,マケタラアカン,0,2023,0.309658498,0.287398785
2023-11-11,202303030303,2021106352,13,パイナップルソーダ,0,2023,0.020438198,0.017943878
2023-11-11,202303030303,2021105297,15,マースフルガール,0,2023,0.543236077,0.555199444
2023-11-11,202303030306,2020102599,1,リトルミム,0,2023,0.082792707,0.082590990
2023-11-11,202303030306,2018102069,2,ラナキラ,1,2023,0.431649923,0.442293435
2023-11-11,202303030306,2020102208,3,マテンロウアネモス,0,2023,0.404325992,0.384728283
2023-11-11,202303030306,2019100197,4,ウインエイムハイ,0,2023,0.148214042,0.141141504
2023-11-11,202303030306,2020104983,5,マルプリ,1,2023,0.498550385,0.456483632
2023-11-11,202303030306,2020102294,6,スイープラン,0,2023,0.260881603,0.261962235
2023-11-11,202303030306,2020102971,7,サトノグレイト,0,2023,0.312228650,0.294184595
2023-11-11,202303030306,2020104415,8,スピニングマーリン,0,2023,0.198133633,0.211797014
2023-11-11,202303030306,2019103200,9,ネイキッドハート,0,2023,0.093800016,0.094290763
2023-11-11,202303030306,2020104824,10,シンデレラスマイル,0,2023,0.217709497,0.210187465
2023-11-11,202303030306,2020100736,11,ビッグボーンリタ,1,2023,0.096041694,0.090765841
2023-11-11,202303030306,2018105386,12,カフジヴィオレッタ,0,2023,0.082769245,0.068283349
2023-11-11,202303030306,2019101998,13,サンマルクレイジー,0,2023,0.063952431,0.060588144
2023-11-11,202303030306,2018105121,14,ソナトリーチェ,0,2023,0.112056032,0.102230534
2023-11-11,202303030306,2019102510,15,アップフルーク,0,2023,0.075406089,0.080874749
2023-11-11,202303030306,2020103418,16,インクルードダイヤ,0,2023,0.254196048,0.251468897
2023-11-11,202303030310,2019100168,1,ベジェサ,0,2023,0.072130747,0.063665047
2023-11-11,202303030310,2019103806,2,ベルウッドブラボー,0,2023,0.136498839,0.140127778
2023-11-11,202303030310,2019101874,3,コズミックフロスト,0,2023,0.265210003,0.266828835
2023-11-11,202303030310,2017104234,4,スズノヤマト,0,2023,0.053663775,0.051208470
2023-11-11,202303030310,2018104322,5,プレジールミノル,0,2023,0.205856845,0.230547264
2023-11-11,202303030310,2019100214,6,ウインモナーク,1,2023,0.222708806,0.251105130
2023-11-11,202303030310,2019104697,7,ショウナンマッハ,0,2023,0.245707631,0.268218517
2023-11-11,202303030310,2020110090,8,ティニア,0,2023,0.225941986,0.220898777
2023-11-11,202303030310,2018100433,9,ブロンズレッド,1,2023,0.077189945,0.065276176
2023-11-11,202303030310,2019100132,10,ペイシャカレン,0,2023,0.158408716,0.154145733
2023-11-11,202303030310,2020103093,11,プレジャークルーズ,0,2023,0.150279433,0.164276898
2023-11-11,202303030310,2019105175,12,ステイトダイアデム,0,2023,0.296365708,0.318624794
2023-11-11,202303030310,2017101767,13,ベンガン,0,2023,0.216314360,0.239487633
2023-11-11,202303030310,2019103897,14,ハピネスアゲン,1,2023,0.353863597,0.325558692
2023-11-11,202303030310,2018103296,15,サニーオーシャン,0,2023,0.053564977,0.054868754
2023-11-11,202303030310,2020106330,16,ラウラーナ,0,2023,0.327194840,0.308699965
2023-11-11,202303030312,2020103079,1,デイズオブドリーム,0,2023,0.147603035,0.133814052
2023-11-11,202303030312,2020106777,2,セレッソデアモール,0,2023,0.401427239,0.357139945
2023-11-11,202303030312,2019105765,3,ハウファアイルゴー,0,2023,0.104165040,0.110105895
2023-11-11,202303030312,2019101253,4,ショウナンナダル,0,2023,0.162843004,0.160573974
2023-11-11,202303030312,2018106612,5,オリアメンディ,0,2023,0.096596070,0.096254893
2023-11-11,202303030312,2020103530,6,イコノスタシス,0,2023,0.397888094,0.412028790
2023-11-11,202303030312,2019102147,7,フォレクラフト,1,2023,0.110071786,0.111477159
2023-11-11,202303030312,2018100593,8,タイガーリリー,0,2023,0.200335026,0.208891034
2023-11-11,202303030312,2019101631,9,ヴァルドマルヌ,0,2023,0.057383779,0.050227392
2023-11-11,202303030312,2019105412,10,プリモカリーナ,1,2023,0.531551540,0.533273816
2023-11-11,202303030312,2020101517,11,ソノママソノママ,0,2023,0.221570805,0.209316745
2023-11-11,202303030312,2020103311,12,エナジーチャイム,0,2023,0.112998798,0.109279029
2023-11-11,202303030312,2019104764,14,ジェットグリッター,0,2023,0.047561243,0.048034526
2023-11-12,202303030407,2020102591,1,メリオルヴィータ,0,2023,0.145441487,0.142323390
2023-11-12,202303030407,2020104825,2,スカプラリオ,1,2023,0.199846864,0.195732698
2023-11-12,202303030407,2019106637,3,アポロルタ,1,2023,0.153875262,0.158045441
2023-11-12,202303030407,2018105257,4,ダノンジェネラル,0,2023,0.185308322,0.183406249
2023-11-12,202303030407,2019102303,6,アイムファイン,0,2023,0.335602254,0.323340058
2023-11-12,202303030407,2019106707,7,クインズコスモス,0,2023,0.316564947,0.321429491
2023-11-12,202303030407,2019101037,8,エシェロン,0,2023,0.053424511,0.049047776
2023-11-12,202303030407,2020101195,9,ゴルトリッチ,0,2023,0.212005496,0.220472082
2023-11-12,202303030407,2020103670,10,ショウナンハクウン,0,2023,0.256801397,0.262705773
2023-11-12,202303030407,2020106750,11,シルヴァーゴースト,0,2023,0.170958355,0.167869881
2023-11-12,202303030407,2019102068,12,シャウビンダー,0,2023,0.316746086,0.299809188
2023-11-12,202303030407,2018105201,13,デイトンウェイ,0,2023,0.190541431,0.214957759
2023-11-12,202303030407,2020100305,14,セイウンスイート,0,2023,0.091446519,0.086676486
2023-11-12,202303030407,2019104007,15,タイキマクスウェル,0,2023,0.054290026,0.055921327
2023-11-12,202303030409,2021102775,2,レガテアドール,0,2023,0.281614631,0.269216895
2023-11-12,202303030409,2021100895,3,サフランヒーロー,0,2023,0.309226096,0.272859156
2023-11-12,202303030409,2021105057,4,オンザヴィーナス,0,2023,0.329445988,0.324571997
2023-11-12,202303030409,2021106722,7,マーゴットファブ,0,2023,0.124132559,0.117492586
2023-11-12,202303030409,2021101905,9,キョウエイカンセ,0,2023,0.104031056,0.088238567
2023-11-12,202303030409,2021100782,10,ドナヴィーナス,0,2023,0.270248502,0.270366728
2023-11-12,202303030409,2021100610,13,アサギリ,0,2023,0.114655897,0.116668589
2023-11-12,202303030409,2021110027,14,エトヴプレ,1,2023,0.337199897,0.325934708
2023-11-18,202303030508,2020106495,1,サンスレッド,0,2023,0.074250840,0.067239784
2023-11-18,202303030508,2020109102,2,サウザンサニー,1,2023,0.433967799,0.401860356
2023-11-18,202303030508,2018104762,3,キャニオニング,0,2023,0.034109678,0.038457286
2023-11-18,202303030508,2018100406,4,ヴィントミューレ,1,2023,0.325258881,0.342801303
2023-11-18,202303030508,2020100289,5,シルバーダイヤ,0,2023,0.174945384,0.171828225
2023-11-18,202303030508,2019102303,6,アイムファイン,0,2023,0.289781362,0.285755396
2023-11-18,202303030508,2019104568,7,ビレッジスター,0,2023,0.133938745,0.121360704
2023-11-18,202303030508,2018104938,8,ヴェールクレール,1,2023,0.322865456,0.325140297
2023-11-18,202303030508,2018103103,9,ブラックハート,0,2023,0.065183237,0.065514021
2023-11-18,202303030508,2018104872,10,アクアマリンブルー,0,2023,0.236197397,0.253225565
2023-11-18,202303030508,2020106407,11,ライブリームーラン,0,2023,0.460480273,0.437019795
2023-11-18,202303030508,2020105484,12,ニシノコウダイ,0,2023,0.249612570,0.239400372
2023-11-18,202303030508,2020103270,13,ダミエ,0,2023,0.340818226,0.333850861
2023-11-18,202303030508,2017105132,14,パラティーノヒル,0,2023,0.026147293,0.025764676
2023-11-18,202303030508,2020101378,15,アイヲツグモノ,0,2023,0.062942117,0.060163863
2023-11-18,202303030508,2019103193,16,トリップトゥムーン,0,2023,0.125494391,0.131425649
2023-11-18,202303030511,2018104347,1,ユキノファラオ,0,2023,0.102711856,0.094124041
2023-11-18,202303030511,2017100416,2,リーゼントフラム,0,2023,0.060859099,0.053255495
2023-11-18,202303030511,2020100443,3,エイシンエイト,0,2023,0.318454325,0.321442544
2023-11-18,202303030511,2018100652,4,ファイアダンサー,1,2023,0.151843667,0.170211673
2023-11-18,202303030511,2018103926,5,ショウナンラスボス,0,2023,0.109527037,0.123151131
2023-11-18,202303030511,2019103010,6,オードゥメール,0,2023,0.090006471,0.082937501
2023-11-18,202303030511,2020100056,7,クールムーア,0,2023,0.295309663,0.281755239
2023-11-18,202303030511,2020100105,8,エイシンフェンサー,1,2023,0.221531168,0.216272742
2023-11-18,202303030511,2019105044,9,アドマイヤラヴィ,0,2023,0.359545141,0.346212417
2023-11-18,202303030511,2018106389,10,メイショウツツジ,1,2023,0.031472437,0.034202788
2023-11-18,202303030511,2020105365,11,ドーバーホーク,0,2023,0.393898964,0.386375517
2023-11-18,202303030511,2018105223,12,モンファボリ,0,2023,0.088254042,0.097040102
2023-11-18,202303030511,2019105452,13,ミッキーハーモニー,0,2023,0.243931204,0.221390024
2023-11-18,202303030511,2018102669,14,スズノナデシコ,0,2023,0.224499390,0.255037636
2023-11-18,202303030511,2019105766,15,アメトリーチェ,0,2023,0.071245961,0.070171162
2023-11-18,202303030511,2018102831,16,ジャストザビアンカ,0,2023,0.056525424,0.052752998
2023-11-19,202303030606,2021105696,1,ステイチューンド,1,2023,0.395809829,0.378294438
2023-11-19,202303030606,2021105060,6,メイザーキック,0,2023,0.492670834,0.502769768
2023-11-19,202303030606,2021102057,7,サノノリッチ,0,2023,0.047303829,0.043012917
2023-11-19,202303030606,2021101279,8,シャインヴィーナス,1,2023,0.416829139,0.424304813
2023-11-19,202303030606,2021107373,9,ティキー,0,2023,0.189870894,0.196815431
2023-11-19,202303030612,2019106290,1,プリティーメモリー,0,2023,0.195127621,0.204524130
2023-11-19,202303030612,2020104983,2,マルプリ,1,2023,0.510575354,0.500275731
2023-11-19,202303030612,2019104143,3,ミュージアムピース,0,2023,0.302398235,0.300563782
2023-11-19,202303030612,2020100906,4,フライングブレード,1,2023,0.496055722,0.491955966
2023-11-19,202303030612,2018105523,5,シュライエン,0,2023,0.169745222,0.150918886
2023-11-19,202303030612,2019101562,6,デフィデリ,0,2023,0.300514877,0.310711384
2023-11-19,202303030612,2019104002,7,タイキバンディエラ,0,2023,0.064819045,0.065985873
2023-11-19,202303030612,2018102580,8,ティフォーザ,0,2023,0.033746611,0.027718389
2023-11-19,202303030612,2020101184,9,シャイニースイフト,0,2023,0.585783243,0.549975097
2023-11-19,202303030612,2018101804,10,グローリアスカペラ,0,2023,0.133305654,0.137764707
2023-11-19,202303030612,2018101215,11,クリノヴァニラ,0,2023,0.029645117,0.028015673
2023-11-19,202303030612,2017100169,12,ソルトキャピタル,0,2023,0.055779919,0.046991389
2023-11-19,202303030612,2019106503,13,ソレントフレイバー,1,2023,0.257147372,0.262524158
2023-11-19,202303030612,2020102507,14,トーセンサマンサ,0,2023,0.116825223,0.111003876
2023-11-19,202303030612,2020103218,15,フミサウンド,0,2023,0.382542372,0.361581624
2023-11-19,202303030612,2020102299,16,アシャカタカ,0,2023,0.114343964,0.117158763
2023-11-19,202308030601,2021102914,7,モズトキキ,1,2023,0.297344774,0.315085173
2023-11-19,202308030601,2021102952,10,オベイユアマスター,1,2023,0.154339492,0.163586289
2023-11-19,202308030601,2021100401,12,ニシノミニョンヌ,0,2023,0.207731649,0.202795595
2023-11-19,202308030601,2021109149,15,カシノフロイデ,0,2023,0.073182009,0.069060825
2023-11-25,202308030712,2018104621,1,サトノルーチェ,0,2023,0.157967895,0.170076117
2023-11-25,202308030712,2019105738,2,ピンクセイラー,0,2023,0.125116214,0.124996126
2023-11-25,202308030712,2020101763,3,トーホウフランゴ,0,2023,0.124362960,0.127846003
2023-11-25,202308030712,2018100097,4,スマートルシーダ,0,2023,0.186732963,0.178096756
2023-11-25,202308030712,2020104613,5,タツダイヤモンド,0,2023,0.057262074,0.064402163
2023-11-25,202308030712,2020110090,6,ティニア,1,2023,0.149673924,0.152852476
2023-11-25,202308030712,2020101897,7,レッドヒルシューズ,0,2023,0.342328519,0.315930426
2023-11-25,202308030712,2020100121,8,イイヒニナル,0,2023,0.218905449,0.191216558
2023-11-25,202308030712,2019105412,9,プリモカリーナ,0,2023,0.263034791,0.268663615
2023-11-25,202308030712,2019104361,10,テーオースパロー,0,2023,0.196593821,0.183345839
2023-11-25,202308030712,2019102240,11,マメコ,1,2023,0.331012547,0.316653162
2023-11-25,202308030712,2018102091,12,ウルトラソニック,0,2023,0.097839430,0.107003160
2023-11-25,202308030712,2017102809,13,ガリレイ,1,2023,0.075148813,0.079278380
2023-11-25,202308030712,2020103284,14,トールキン,0,2023,0.115988068,0.111039594
2023-11-25,202308030712,2018100480,15,デルマヤクシ,0,2023,0.061785992,0.067193471
2023-11-25,202308030712,2019104721,16,ピラティス,0,2023,0.196391895,0.160916924
2023-11-25,202308030712,2019104078,17,メイショウグラニー,0,2023,0.143161520,0.141659588
2023-11-25,202308030712,2019104818,18,メイケイバートン,0,2023,0.162816912,0.148535967
2023-11-26,202308030812,2019104915,1,バンデルオーラ,0,2023,0.143013626,0.136560187
2023-11-26,202308030812,2020100896,2,ビッグシーザー,0,2023,0.259234220,0.292573482
2023-11-26,202308030812,2020102660,3,シングザットソング,0,2023,0.268547237,0.273614585
2023-11-26,202308030812,2017106387,4,スマートリアン,0,2023,0.237416372,0.235470384
2023-11-26,202308030812,2019104470,5,キミワクイーン,0,2023,0.246228814,0.250655979
2023-11-26,202308030812,2019102979,6,エイシンスポッター,1,2023,0.192559764,0.173798174
2023-11-26,202308030812,2019110001,7,ショウナンハクラク,0,2023,0.248687282,0.254320711
2023-11-26,202308030812,2017105661,8,ジュビリーヘッド,0,2023,0.189907640,0.182160661
2023-11-26,202308030812,2017106137,9,グレイトゲイナー,0,2023,0.137388468,0.132160619
2023-11-26,202308030812,2020106851,10,ルガル,1,2023,0.501765966,0.477963537
2023-11-26,202308030812,2018110035,11,シュバルツカイザー,0,2023,0.309799135,0.305888474
2023-11-26,202308030812,2020102764,12,モズメイメイ,0,2023,0.162527427,0.173010379
2023-11-26,202308030812,2016104787,13,グルーヴィット,0,2023,0.030350896,0.030518308
2023-11-26,202308030812,2017100583,14,ディヴィナシオン,0,2023,0.068617687,0.070002541
2023-11-26,202308030812,2019110031,15,エクセトラ,0,2023,0.242048129,0.218871012
2023-11-26,202308030812,2018104331,16,ヴァトレニ,0,2023,0.160040215,0.175158843
2023-11-26,202308030812,2019106526,17,トウシンマカオ,1,2023,0.287967026,0.299133390
2023-11-26,202308030812,2015104364,18,トゥラヴェスーラ,0,2023,0.062288363,0.063600667
2023-12-02,202306050112,2020106910,1,エッセレンチ,0,2023,0.412089914,0.401078314
2023-12-02,202306050112,2018103485,2,ジャガード,0,2023,0.114951819,0.102355279
2023-12-02,202306050112,2019102456,3,ナバロン,0,2023,0.096734226,0.099471815
2023-12-02,202306050112,2019103120,4,リトス,1,2023,0.088138737,0.088925414
2023-12-02,202306050112,2019100292,5,ダレモトメラレナイ,0,2023,0.176833481,0.172372743
2023-12-02,202306050112,2019104868,6,ブルトンクール,0,2023,0.086610265,0.086512141
2023-12-02,202306050112,2019101262,7,ショウナンアメリア,0,2023,0.187543869,0.186165676
2023-12-02,202306050112,2019106076,8,ケイアイオメガ,0,2023,0.272457182,0.297171503
2023-12-02,202306050112,2018100636,9,ステラダイヤ,0,2023,0.167810425,0.152383387
2023-12-02,202306050112,2018103957,10,ココリホウオウ,0,2023,0.314098746,0.334221333
2023-12-02,202306050112,2018105874,11,ルルローズ,0,2023,0.159995466,0.149886787
2023-12-02,202306050112,2019105238,12,フリートオブフット,0,2023,0.196631595,0.206651464
2023-12-02,202306050112,2019103897,13,ハピネスアゲン,1,2023,0.508224368,0.499899656
2023-12-02,202306050112,2019101626,14,ピンクマクフィー,1,2023,0.252395988,0.257907003
2023-12-02,202306050112,2018100433,15,ブロンズレッド,0,2023,0.148473114,0.146365821
2023-12-02,202307040104,2021102519,7,ミックスアップ,0,2023,0.024796309,0.024804855
2023-12-02,202307040104,2021107169,8,ネムレスクイーン,0,2023,0.359883398,0.369597465
2023-12-02,202309050109,2021107058,1,ピューロマジック,1,2023,0.607268393,0.630094945
2023-12-02,202309050109,2021105358,2,アスティスプマンテ,0,2023,0.484530568,0.516331017
2023-12-02,202309050109,2021106854,3,ハピアーザンエバー,0,2023,0.326989025,0.343398541
2023-12-02,202309050109,2021100782,4,ドナヴィーナス,0,2023,0.378519744,0.382417858
2023-12-02,202309050109,2021105753,5,フェンダー,0,2023,0.267022550,0.289897829
2023-12-02,202309050109,2021109123,7,ユメカナウケン,0,2023,0.363551706,0.367282599
2023-12-02,202309050109,2021105054,8,モンシュマン,1,2023,0.275790542,0.278487235
2023-12-02,202309050109,2021104140,9,グレースルージュ,0,2023,0.329791725,0.301540524
2023-12-02,202309050109,2021110132,10,ジャスパーノワール,1,2023,0.410736591,0.371634245
2023-12-03,202306050209,2019103010,1,オードゥメール,1,2023,0.060435597,0.061476130
2023-12-03,202306050209,2019109094,2,ブッシュガーデン,0,2023,0.261093557,0.260654390
2023-12-03,202306050209,2019101903,3,ブレスレスリー,0,2023,0.270382434,0.305940807
2023-12-03,202306050209,2018100756,4,シュアーヴアリア,0,2023,0.079562843,0.082334213
2023-12-03,202306050209,2020101827,5,バースクライ,1,2023,0.321593642,0.340896726
2023-12-03,202306050209,2020100056,6,クールムーア,0,2023,0.172140881,0.183450803
2023-12-03,202306050209,2020100607,7,サンティーテソーロ,0,2023,0.248590767,0.242472962
2023-12-03,202306050209,2020106706,8,タリア,0,2023,0.316233814,0.315708399
2023-12-03,202306050209,2018104347,9,ユキノファラオ,0,2023,0.068501458,0.069278724
2023-12-03,202306050209,2018105183,10,インテグリフォリア,0,2023,0.196099266,0.213812292
2023-12-03,202306050209,2018110037,11,ブルースピリット,0,2023,0.178734481,0.201925889
2023-12-03,202306050209,2020101419,12,ブーケファロス,0,2023,0.228997722,0.220809743
2023-12-03,202306050209,2019100214,13,ウインモナーク,0,2023,0.290640533,0.302861214
2023-12-03,202306050209,2017103105,14,グッドマックス,0,2023,0.042520341,0.041239820
2023-12-03,202306050209,2020100443,15,エイシンエイト,1,2023,0.174547359,0.179706454
2023-12-03,202306050211,2017106720,1,サンライズオネスト,0,2023,0.227494627,0.199584067
2023-12-03,202306050211,2018103515,2,カンティーユ,1,2023,0.507234037,0.547627389
2023-12-03,202306050211,2017100367,3,サトノファビュラス,0,2023,0.223697618,0.229621649
2023-12-03,202306050211,2018110050,4,サマートゥリスト,0,2023,0.467053413,0.470375121
2023-12-03,202306050211,2017103005,5,ロードベイリーフ,1,2023,0.150584102,0.137604862
2023-12-03,202306050211,2017106087,6,メイショウゲンセン,0,2023,0.386034548,0.374997467
2023-12-03,202306050211,2015100822,7,タイセイアベニール,0,2023,0.110089958,0.100395948
2023-12-03,202306050211,2019105658,8,オタルエバー,1,2023,0.431082726,0.418033957
2023-12-03,202306050211,2019100765,9,コムストックロード,0,2023,0.209257245,0.195856348
2023-12-03,202306050211,2016110119,10,ジャスパージャック,0,2023,0.081605390,0.075612448
2023-12-03,202306050211,2019100450,11,ファロロジー,0,2023,0.242781922,0.211122692
2023-12-09,202306050307,2020104796,1,ホイッスルソング,0,2023,0.205550253,0.205339640
2023-12-09,202306050307,2019106503,2,ソレントフレイバー,0,2023,0.332573354,0.332343817
2023-12-09,202306050307,2020109102,3,サウザンサニー,1,2023,0.514733672,0.502626598
2023-12-09,202306050307,2019106637,4,アポロルタ,0,2023,0.129986793,0.133798361
2023-12-09,202306050307,2020103844,5,フリントロック,0,2023,0.189003602,0.176187053
2023-12-09,202306050307,2019103517,6,ディージェーサン,0,2023,0.195193559,0.196294025
2023-12-09,202306050307,2020102299,7,アシャカタカ,1,2023,0.131518573,0.149020776
2023-12-09,202306050307,2020102934,8,ディナトセレーネ,0,2023,0.118955895,0.112075679
2023-12-09,202306050307,2020103365,9,ウィズダムハート,0,2023,0.087346926,0.091666557
2023-12-09,202306050307,2019104143,10,ミュージアムピース,0,2023,0.206030384,0.200190663
2023-12-09,202306050307,2020101967,11,ダイシンヤマト,1,2023,0.383891433,0.409053862
2023-12-09,202306050307,2017103309,12,ホウオウエンジェル,0,2023,0.180775732,0.175463185
2023-12-09,202306050307,2018102069,13,ラナキラ,0,2023,0.347404152,0.372908235
2023-12-09,202306050307,2018100094,15,ナムラシベラ,0,2023,0.097955607,0.112917222
2023-12-09,202306050309,2021106178,1,シュシュトディエス,0,2023,0.373254299,0.392711699
2023-12-09,202306050309,2021110021,2,スピリットガイド,1,2023,0.624355733,0.630721748
2023-12-09,202306050309,2021106440,4,アララララ,1,2023,0.518473208,0.493449211
2023-12-09,202306050309,2021102254,6,コルルディ,0,2023,0.306424558,0.326043189
2023-12-09,202306050309,2021101905,8,キョウエイカンセ,0,2023,0.212427169,0.197551757
2023-12-09,202306050309,2021105122,9,マスクオールウィン,1,2023,0.585301578,0.536134005
2023-12-09,202306050309,2021106939,10,タイセイフェスタ,0,2023,0.301146805,0.320936680
2023-12-09,202306050309,2021100356,11,クールベイビー,0,2023,0.254648268,0.247019321
2023-12-09,202307040312,2017105132,1,パラティーノヒル,0,2023,0.031234890,0.030954810
2023-12-09,202307040312,2018105357,2,ラピカズマ,0,2023,0.153692096,0.148438841
2023-12-09,202307040312,2018105231,3,ラヴォルタ,1,2023,0.239839554,0.236237735
2023-12-09,202307040312,2020100906,4,フライングブレード,1,2023,0.572505355,0.590051055
2023-12-09,202307040312,2020103578,5,ロッククリーク,0,2023,0.122295924,0.128228068
2023-12-09,202307040312,2018100618,6,トーホウジュナール,0,2023,0.240385368,0.243027598
2023-12-09,202307040312,2019106707,7,クインズコスモス,0,2023,0.342060298,0.366291732
2023-12-09,202307040312,2020102229,8,リシャールケリー,1,2023,0.095879249,0.104976423
2023-12-09,202307040312,2019101998,9,サンマルクレイジー,0,2023,0.091568992,0.098463163
2023-12-09,202307040312,2019105389,10,フィオリーカズマ,0,2023,0.073595345,0.080342144
2023-12-09,202307040312,2018106701,11,ルヴァンノワール,0,2023,0.116285846,0.135403275
2023-12-09,202307040312,2019106194,12,コーリングユー,0,2023,0.348647475,0.344232976
2023-12-09,202307040312,2020104905,13,ハクサンミニョン,0,2023,0.288691700,0.297186941
2023-12-09,202307040312,2019101032,14,ユキヤナギ,0,2023,0.024524456,0.023527389
2023-12-09,202307040312,2020103588,15,マテンロウナイト,0,2023,0.204036623,0.203179389
2023-12-09,202309050312,2020105568,1,ハクサンパイオニア,1,2023,0.245878354,0.215922579
2023-12-09,202309050312,2018100097,2,スマートルシーダ,0,2023,0.440285087,0.445554554
2023-12-09,202309050312,2020104674,3,バレリーナ,0,2023,0.134848386,0.130349234
2023-12-09,202309050312,2020101792,4,プロスペリダード,1,2023,0.608975232,0.609590054
2023-12-09,202309050312,2018103620,5,ロゼクラン,0,2023,0.234655410,0.250395805
2023-12-09,202309050312,2020101031,6,アスクエピソード,1,2023,0.397465587,0.388800114
2023-12-09,202309050312,2019100210,7,ウインバグース,0,2023,0.366630107,0.343503773
2023-12-09,202309050312,2018103902,8,サウンドブライアン,0,2023,0.150314137,0.143370986
2023-12-09,202309050312,2020101763,9,トーホウフランゴ,0,2023,0.284960419,0.299672037
2023-12-09,202309050312,2018103611,10,デルマカンノン,0,2023,0.080474466,0.081137128
2023-12-09,202309050312,2018100480,11,デルマヤクシ,0,2023,0.091328464,0.094183460
2023-12-09,202309050312,2017104128,12,バーンパッション,0,2023,0.027826017,0.033176068
2023-12-10,202306050402,2021100015,1,キラン,0,2023,0.159246624,0.150763854
2023-12-10,202306050402,2021107068,2,ミスサン,0,2023,0.109357759,0.108343869
2023-12-10,202306050402,2021101252,3,マリノバレリーナ,0,2023,0.346040249,0.363357633
2023-12-10,202306050402,2021104002,4,ドリームチェイサー,0,2023,0.034635678,0.033946101
2023-12-10,202306050402,2021101394,5,モンレーヴ,1,2023,0.392160833,0.385718524
2023-12-10,202306050402,2021101867,6,モノノフノミチ,0,2023,0.082942739,0.079920560
2023-12-10,202306050402,2021101398,10,ミニマルデザイン,1,2023,0.372028977,0.351934463
2023-12-10,202306050402,2021109112,14,アツヒメ,0,2023,0.097352825,0.093180902
2023-12-10,202306050402,2021109011,15,スノーピーコック,0,2023,0.060521420,0.055638175
2023-12-10,202307040411,2018102649,1,タツリュウオー,0,2023,0.135455415,0.124742530
2023-12-10,202307040411,2019104525,2,ラキエータ,0,2023,0.475217193,0.515769541
2023-12-10,202307040411,2014103963,3,ヨドノビクトリー,0,2023,0.055174161,0.056091141
2023-12-10,202307040411,2017106240,4,アビエルト,1,2023,0.191392675,0.209803358
2023-12-10,202307040411,2018102491,5,メイショウエニシア,1,2023,0.514097035,0.451504916
2023-12-10,202307040411,2018102585,6,ロードラスター,0,2023,0.357474715,0.345210373
2023-12-10,202307040411,2019105806,7,ドロップオブライト,1,2023,0.660506666,0.630041301
2023-12-10,202307040411,2019100581,8,ヒルノローザンヌ,0,2023,0.096421048,0.110721052
2023-12-10,202307040411,2018106389,9,メイショウツツジ,0,2023,0.098934919,0.077818386
2023-12-10,202309050403,2021102952,1,オベイユアマスター,1,2023,0.381804705,0.377331644
2023-12-10,202309050403,2021102875,2,イズジョーゴモリー,0,2023,0.072127432,0.085841350
2023-12-10,202309050403,2021100401,5,ニシノミニョンヌ,0,2023,0.315942675,0.304657191
2023-12-10,202309050403,2021109151,6,ウエルカムキリシマ,0,2023,0.273850292,0.284846783
2023-12-10,202309050403,2021105696,8,ステイチューンド,1,2023,0.619319737,0.635676742
2023-12-10,202309050403,2021102377,10,ヴェッターホルン,0,2023,0.177033380,0.173161179
2023-12-10,202309050403,2021104096,13,ミッキージャスミン,0,2023,0.401255190,0.406717479
2023-12-16,202307040510,2021101023,1,アイファーバトル,0,2023,0.361144513,0.373653471
2023-12-16,202307040510,2021110132,2,ジャスパーノワール,1,2023,0.579696238,0.580478787
2023-12-16,202307040510,2021109157,3,テイエムチュララン,0,2023,0.350837588,0.358307004
2023-12-16,202307040510,2021104006,5,クリスアーサー,1,2023,0.533921838,0.522241712
2023-12-16,202307040510,2021106395,6,ハッピーサプライズ,0,2023,0.045880280,0.048805345
2023-12-16,202307040510,2021105111,7,レーザーショー,0,2023,0.178565219,0.168772787
2023-12-16,202307040510,2021110027,8,エトヴプレ,0,2023,0.598293960,0.610976636
2023-12-16,202307040510,2021100899,9,ビッグドリーム,1,2023,0.515840590,0.475353658
2023-12-16,202309050511,2019105237,1,スリーパーダ,1,2023,0.307859927,0.292312950
2023-12-16,202309050511,2016102073,2,ホープフルサイン,1,2023,0.071741000,0.072049364
2023-12-16,202309050511,2016104668,3,カリボール,0,2023,0.021079089,0.021753848
2023-12-16,202309050511,2019102576,4,クリノマジン,0,2023,0.198367164,0.201749802
2023-12-16,202309050511,2019104841,5,カルネアサーダ,1,2023,0.139679983,0.150740340
2023-12-16,202309050511,2018106388,6,メイショウホシアイ,0,2023,0.429607421,0.460103869
2023-12-16,202309050511,2018100040,7,アビッグチア,0,2023,0.119818658,0.113640621
2023-12-16,202309050511,2018106055,8,ヨシノイースター,0,2023,0.344687313,0.318654925
2023-12-16,202309050511,2018101452,9,スンリ,0,2023,0.081517152,0.090513892
2023-12-16,202309050511,2016110119,10,ジャスパージャック,0,2023,0.112044208,0.094107203
2023-12-16,202309050511,2020102564,11,ムーンプローブ,0,2023,0.216616094,0.216302633
2023-12-16,202309050511,2018102360,12,メディーヴァル,0,2023,0.079815038,0.066689640
2023-12-16,202309050511,2018106504,13,サトノアイ,0,2023,0.115559064,0.125762939
2023-12-16,202309050511,2017104852,14,キャプテンドレイク,0,2023,0.127995238,0.117677905
2023-12-16,202309050511,2018104331,15,ヴァトレニ,0,2023,0.272019535,0.263775289
2023-12-16,202309050511,2019104108,16,エナジーグラン,0,2023,0.349093914,0.332599282
2023-12-17,202307040610,2017101767,1,ベンガン,0,2023,0.291039884,0.299150556
2023-12-17,202307040610,2018103181,2,シゲルセンム,0,2023,0.143279806,0.125056490
2023-12-17,202307040610,2020101492,3,シンリンゲンカイ,0,2023,0.268524885,0.249110535
2023-12-17,202307040610,2018104663,4,タウゼントシェーン,1,2023,0.162774444,0.160790443
2023-12-17,202307040610,2020101262,5,エコロレジーナ,0,2023,0.199803218,0.202118099
2023-12-17,202307040610,2020100736,6,ビッグボーンリタ,0,2023,0.133046821,0.134496018
2023-12-17,202307040610,2018105873,7,ミキノバスドラム,0,2023,0.019616956,0.020191204
2023-12-17,202307040610,2017101991,8,テンジュイン,1,2023,0.102732912,0.126054615
2023-12-17,202307040610,2018109052,9,エコロデイジー,0,2023,0.221260086,0.234740034
2023-12-17,202307040610,2020104942,10,シルフィードレーヴ,0,2023,0.151415586,0.145936683
2023-12-17,202307040610,2019105050,11,メルヴィル,0,2023,0.195149481,0.187519386
2023-12-17,202307040610,2018106455,12,メイショウハボタン,0,2023,0.076848991,0.090557106
2023-12-17,202307040610,2017102809,13,ガリレイ,1,2023,0.345591456,0.340636164
2023-12-17,202307040610,2018105163,14,ドナウエレン,0,2023,0.240441918,0.248640224
2023-12-17,202307040610,2018103920,15,ノックオンウッド,0,2023,0.085327290,0.082569636
2023-12-17,202307040610,2019105224,16,テキサスフィズ,0,2023,0.037093952,0.035108380
2023-12-23,202306050712,2020104088,1,ランドオブラヴ,0,2023,0.379943997,0.368365377
2023-12-23,202306050712,2020104203,2,スピードオブライト,1,2023,0.252090394,0.253330052
2023-12-23,202306050712,2020105568,3,ハクサンパイオニア,0,2023,0.217893526,0.199858919
2023-12-23,202306050712,2017104234,4,スズノヤマト,0,2023,0.071144864,0.065649278
2023-12-23,202306050712,2019103897,5,ハピネスアゲン,0,2023,0.475476593,0.464428753
2023-12-23,202306050712,2020101763,6,トーホウフランゴ,0,2023,0.059198376,0.060737960
2023-12-23,202306050712,2020102535,7,トーセントラム,0,2023,0.161979660,0.147101179
2023-12-23,202306050712,2020104613,8,タツダイヤモンド,1,2023,0.222883418,0.233449653
2023-12-23,202306050712,2019101270,9,ヨール,0,2023,0.328743726,0.309593856
2023-12-23,202306050712,2019102436,10,ミズノコキュウ,1,2023,0.203097254,0.167878196
2023-12-23,202306050712,2018105873,11,ミキノバスドラム,0,2023,0.017770708,0.018474137
2023-12-23,202306050712,2019102456,12,ナバロン,0,2023,0.059579588,0.057976462
2023-12-23,202306050712,2019105738,13,ピンクセイラー,0,2023,0.170633614,0.157130316
2023-12-23,202306050712,2018103296,14,サニーオーシャン,0,2023,0.056889687,0.062901966
2023-12-23,202306050712,2019105476,15,コラリン,0,2023,0.191262692,0.191065639
2023-12-23,202306050712,2019103120,16,リトス,0,2023,0.172456846,0.168533713
2023-12-24,202306050803,2021100272,1,ミッレマンドルリ,0,2023,0.037423536,0.046086930
2023-12-24,202306050803,2021100016,2,ポリトナリティー,0,2023,0.108746789,0.109546535
2023-12-24,202306050803,2021105833,3,カリーシ,1,2023,0.778371751,0.774712026
2023-12-24,202306050803,2021107068,7,ミスサン,0,2023,0.110829048,0.110313460
2023-12-28,202309050902,2021102377,1,ヴェッターホルン,0,2023,0.135544762,0.142607838
2023-12-28,202309050902,2021103493,2,イリスアスール,1,2023,0.696777463,0.707594395
2023-12-28,202309050902,2021105696,3,ステイチューンド,1,2023,0.705642641,0.700394928
2023-12-28,202309050902,2021100698,8,ヴィーケン,0,2023,0.118890263,0.118380390
2023-12-28,202309050902,2021106540,9,タガノエクレール,0,2023,0.158244982,0.165628791
2023-12-28,202309050902,2021100898,12,テンドウ,0,2023,0.239816755,0.259281158
2023-12-28,202309050902,2021102875,13,イズジョーゴモリー,0,2023,0.069232695,0.079172716
2023-12-28,202309050902,2021101100,14,ルクスアドラー,0,2023,0.466016442,0.488210350
2023-12-28,202309050912,2018102491,1,メイショウエニシア,0,2023,0.268103987,0.261032045
2023-12-28,202309050912,2019105139,2,スコールユニバンス,1,2023,0.169599548,0.175647318
2023-12-28,202309050912,2020100105,3,エイシンフェンサー,0,2023,0.401630998,0.416588187
2023-12-28,202309050912,2019101903,4,ブレスレスリー,0,2023,0.327347249,0.350715399
2023-12-28,202309050912,2020100815,5,ミルトクレイモー,1,2023,0.331776917,0.314737231
2023-12-28,202309050912,2020101792,6,プロスペリダード,0,2023,0.533119500,0.555515766
2023-12-28,202309050912,2017106240,7,アビエルト,0,2023,0.106964469,0.122457772
2023-12-28,202309050912,2019100751,8,マイネルレノン,0,2023,0.255658299,0.237763122
2023-12-28,202309050912,2015103357,9,メイショウドウドウ,0,2023,0.061355088,0.057832316
2023-12-28,202309050912,2016101956,10,オルダージュ,0,2023,0.056054160,0.048559532
2023-12-28,202309050912,2017104873,11,エグレムニ,0,2023,0.037857942,0.038479500
2023-12-28,202309050912,2019103898,12,スーサンアッシャー,1,2023,0.173966989,0.177154720
2023-12-28,202309050912,2019106102,13,アネゴハダ,0,2023,0.125031039,0.117861085
2023-12-28,202309050912,2017102603,14,テイエムイダテン,0,2023,0.026749685,0.029542046
2023-12-28,202309050912,2019100653,15,ハギノメーテル,0,2023,0.118946128,0.116576813
2023-12-28,202309050912,2018103205,16,クムシラコ,0,2023,0.037952587,0.034498438
2024-01-06,202406010107,2021105057,1,オンザヴィーナス,0,2024,0.307258099,0.311252683
2024-01-06,202406010107,2021106440,3,アララララ,1,2024,0.432531595,0.456795543
2024-01-06,202406010107,2021110021,5,スピリットガイド,1,2024,0.462837428,0.480921179
2024-01-06,202406010107,2021102669,7,ステラシティ,0,2024,0.129488871,0.119021527
2024-01-06,202406010107,2021100356,9,クールベイビー,0,2024,0.186322883,0.182020277
2024-01-06,202406010107,2021101394,10,モンレーヴ,0,2024,0.328644365,0.381013989
2024-01-06,202406010107,2021106939,11,タイセイフェスタ,0,2024,0.215044364,0.229491487
2024-01-06,202406010107,2021101905,13,キョウエイカンセ,0,2024,0.098531179,0.087319374
2024-01-06,202408010106,2021105312,1,ルージュレベッカ,0,2024,0.459590822,0.461568266
2024-01-06,202408010106,2021107058,2,ピューロマジック,1,2024,0.781706214,0.791779816
2024-01-06,202408010106,2021101598,3,アンクルクロス,1,2024,0.655874014,0.638354957
2024-01-06,202408010106,2021105435,4,アナベルエクラ,0,2024,0.084302656,0.094954237
2024-01-06,202408010106,2021100653,5,アガシ,0,2024,0.377527833,0.382702589
2024-01-06,202408010106,2021105175,6,セントキルダ,0,2024,0.297530323,0.301800698
2024-01-06,202408010106,2021110033,7,パッシングシャワー,1,2024,0.527220666,0.509264469
2024-01-06,202408010106,2021106395,8,ハッピーサプライズ,0,2024,0.082973137,0.088572256
2024-01-06,202408010106,2021105018,9,プレパラシオン,0,2024,0.020422628,0.022289500
2024-01-07,202408010212,2020104674,1,バレリーナ,0,2024,0.133359149,0.123939410
2024-01-07,202408010212,2018100736,2,アンフィニドール,1,2024,0.243529454,0.255694926
2024-01-07,202408010212,2020104087,3,グランツベリー,0,2024,0.378094524,0.349306703
2024-01-07,202408010212,2017104234,4,スズノヤマト,0,2024,0.052611250,0.044447124
2024-01-07,202408010212,2019100666,5,イラーレ,1,2024,0.351023436,0.356847674
2024-01-07,202408010212,2017101767,6,ベンガン,0,2024,0.142689079,0.145546213
2024-01-07,202408010212,2018100097,7,スマートルシーダ,0,2024,0.214436576,0.216299489
2024-01-07,202408010212,2017101991,8,テンジュイン,0,2024,0.115616620,0.105084755
2024-01-07,202408010212,2020102738,9,エールレヴリー,0,2024,0.344713151,0.350919008
2024-01-07,202408010212,2020100736,10,ビッグボーンリタ,0,2024,0.130346075,0.140961349
2024-01-07,202408010212,2018102281,11,キタノエクスプレス,1,2024,0.081343539,0.069484212
2024-01-07,202408010212,2017102809,12,ガリレイ,0,2024,0.285948426,0.287784159
2024-01-08,202406010311,2017106137,1,グレイトゲイナー,1,2024,0.187091425,0.180082530
2024-01-08,202406010311,2019100791,2,シナモンスティック,0,2024,0.357761204,0.357836127
2024-01-08,202406010311,2018100652,3,ファイアダンサー,0,2024,0.111380190,0.135314673
2024-01-08,202406010311,2018100040,4,アビッグチア,1,2024,0.141323268,0.149286270
2024-01-08,202406010311,2019105775,5,ホウオウノーサイド,0,2024,0.151895985,0.152762219
2024-01-08,202406010311,2020101588,6,ロンドンプラン,0,2024,0.219286457,0.229252338
2024-01-08,202406010311,2015104699,7,フレッチア,0,2024,0.085177675,0.085791424
2024-01-08,202406010311,2019100450,8,ファロロジー,0,2024,0.142762184,0.147186607
2024-01-08,202406010311,2017100583,9,ディヴィナシオン,0,2024,0.070864901,0.066194780
2024-01-08,202406010311,2017103005,10,ロードベイリーフ,0,2024,0.115226790,0.116521031
2024-01-08,202406010311,2020101678,11,リバーラ,0,2024,0.143247679,0.157567307
2024-01-08,202406010311,2019102273,12,モリノドリーム,0,2024,0.276061118,0.284329861
2024-01-08,202406010311,2019100765,13,コムストックロード,0,2024,0.093822472,0.094297975
2024-01-08,202406010311,2017106720,14,サンライズオネスト,0,2024,0.140088618,0.133281261
2024-01-08,202406010311,2018110035,15,シュバルツカイザー,1,2024,0.261865348,0.248231292
2024-01-08,202406010311,2020104056,16,オールパルフェ,0,2024,0.086566627,0.093663678
2024-01-13,202406010412,2020106987,1,スムースベルベット,1,2024,0.254612654,0.255011320
2024-01-13,202406010412,2018105874,2,ルルローズ,0,2024,0.076689638,0.075432539
2024-01-13,202406010412,2019104675,3,アップストローク,0,2024,0.307975203,0.349051833
2024-01-13,202406010412,2020101262,4,エコロレジーナ,1,2024,0.207303211,0.205471233
2024-01-13,202406010412,2019103063,5,カイタロー,0,2024,0.121796921,0.128820360
2024-01-13,202406010412,2018100593,6,タイガーリリー,0,2024,0.129784256,0.146388099
2024-01-13,202406010412,2019102436,7,ミズノコキュウ,0,2024,0.365064174,0.365930617
2024-01-13,202406010412,2019105738,8,ピンクセイラー,1,2024,0.134338468,0.137017936
2024-01-13,202406010412,2020104613,9,タツダイヤモンド,0,2024,0.418014079,0.447596580
2024-01-13,202406010412,2016110104,10,デュアルキャリアー,0,2024,0.044900898,0.047851328
2024-01-13,202406010412,2018103957,11,ココリホウオウ,0,2024,0.334866703,0.347188115
2024-01-13,202406010412,2018103206,12,クオンタム,0,2024,0.019232119,0.022848640
2024-01-13,202406010412,2020106963,13,アンタノバラード,0,2024,0.423035651,0.419538140
2024-01-13,202406010412,2020100258,14,セイウンダマシイ,0,2024,0.126355454,0.123298116
2024-01-13,202406010412,2018103485,15,ジャガード,0,2024,0.073419087,0.067349553
2024-01-13,202408010411,2014102625,1,ダイメイフジ,0,2024,0.066246025,0.092498496
2024-01-13,202408010411,2018100394,2,サトノラムセス,0,2024,0.061291862,0.069514118
2024-01-13,202408010411,2017101121,3,ボンボヤージ,0,2024,0.090113267,0.111668423
2024-01-13,202408010411,2017104852,4,キャプテンドレイク,0,2024,0.062028784,0.075293660
2024-01-13,202408010411,2019100153,5,カワキタレブリー,0,2024,0.120458312,0.110834353
2024-01-13,202408010411,2018101343,6,ゾンニッヒ,1,2024,0.307407916,0.328619510
2024-01-13,202408010411,2020100896,7,ビッグシーザー,1,2024,0.346812159,0.389749706
2024-01-13,202408010411,2017103005,8,ロードベイリーフ,0,2024,0.113693543,0.097143032
2024-01-13,202408010411,2019102576,9,クリノマジン,0,2024,0.159561127,0.163398921
2024-01-13,202408010411,2018105366,10,レッドベルオーブ,0,2024,0.130159318,0.129429162
2024-01-13,202408010411,2019103714,11,メイショウソラフネ,1,2024,0.309879005,0.354499787
2024-01-13,202408010411,2019105775,12,ホウオウノーサイド,0,2024,0.185936034,0.177964494
2024-01-13,202408010411,2018102360,13,メディーヴァル,0,2024,0.066642754,0.065478772
2024-01-13,202408010411,2019110031,14,エクセトラ,0,2024,0.193687022,0.191022322
2024-01-13,202408010411,2019110001,15,ショウナンハクラク,0,2024,0.241750225,0.236869380
2024-01-13,202408010411,2019104841,16,カルネアサーダ,0,2024,0.266533047,0.268605649
2024-01-13,202408010411,2019105139,17,スコールユニバンス,0,2024,0.172326133,0.165702179
2024-01-13,202410010110,2019110042,1,スーリールダンジュ,0,2024,0.265085131,0.269573778
2024-01-13,202410010110,2019103233,2,ニシノデフィレ,0,2024,0.356100440,0.321127146
2024-01-13,202410010110,2020101503,3,カンチェンジュンガ,0,2024,0.318404943,0.304258466
2024-01-13,202410010110,2018110001,4,ジュストコル,1,2024,0.167420477,0.142668158
2024-01-13,202410010110,2020104087,5,グランツベリー,0,2024,0.509056389,0.516464055
2024-01-13,202410010110,2019101270,6,ヨール,0,2024,0.396740496,0.430287689
2024-01-13,202410010110,2020105568,7,ハクサンパイオニア,0,2024,0.307245940,0.311654657
2024-01-13,202410010110,2017103020,8,ダンツイノーバ,1,2024,0.086871251,0.087266102
2024-01-13,202410010110,2020102140,9,アンビバレント,0,2024,0.157382905,0.171400189
2024-01-13,202410010110,2018104559,10,ナリタローゼ,0,2024,0.247394472,0.252021879
2024-01-13,202410010110,2018106455,11,メイショウハボタン,1,2024,0.170209125,0.146304071
2024-01-13,202410010112,2019106290,1,プリティーメモリー,0,2024,0.174212262,0.165284410
2024-01-13,202410010112,2017103309,2,ホウオウエンジェル,0,2024,0.230236545,0.212035328
2024-01-13,202410010112,2020103608,3,アイリッシュパール,0,2024,0.175732657,0.157149076
2024-01-13,202410010112,2019105487,4,アドマイヤジェイ,1,2024,0.419257492,0.409390122
2024-01-13,202410010112,2020102294,5,スイープラン,0,2024,0.212964088,0.222351238
2024-01-13,202410010112,2020104911,6,キュベリン,0,2024,0.198883697,0.197523251
2024-01-13,202410010112,2018105201,7,デイトンウェイ,0,2024,0.096466467,0.094961941
2024-01-13,202410010112,2020103721,8,レイカットスルー,0,2024,0.034806207,0.034730028
2024-01-13,202410010112,2019102068,9,シャウビンダー,0,2024,0.283154994,0.288801044
2024-01-13,202410010112,2020102881,10,プリンスノット,0,2024,0.081441015,0.083778553
2024-01-13,202410010112,2020103962,11,ステークホルダー,0,2024,0.164310679,0.167698741
2024-01-13,202410010112,2020101229,12,レディメローラ,0,2024,0.265473932,0.238226995
2024-01-13,202410010112,2019101032,13,ユキヤナギ,0,2024,0.013656437,0.011544005
2024-01-13,202410010112,2019104686,14,アキバ,0,2024,0.104452156,0.098408259
2024-01-13,202410010112,2018104762,15,キャニオニング,1,2024,0.034372345,0.036752015
2024-01-13,202410010112,2019101743,16,タムロキュラムン,0,2024,0.072341546,0.068124361
2024-01-13,202410010112,2020103698,17,エリカソレイユ,0,2024,0.055763770,0.053625200
2024-01-13,202410010112,2019104356,18,ディオアステリア,1,2024,0.218719676,0.225402996
2024-01-14,202406010509,2019104962,1,ウィリン,0,2024,0.168656200,0.166596755
2024-01-14,202406010509,2020104203,2,スピードオブライト,0,2024,0.332491189,0.337747157
2024-01-14,202406010509,2019106102,3,アネゴハダ,1,2024,0.245947152,0.256348997
2024-01-14,202406010509,2018100756,4,シュアーヴアリア,0,2024,0.070659295,0.088858679
2024-01-14,202406010509,2020100056,5,クールムーア,0,2024,0.132924110,0.131469846
2024-01-14,202406010509,2020100815,6,ミルトクレイモー,0,2024,0.421727121,0.421559095
2024-01-14,202406010509,2018106077,7,イルクオーレ,1,2024,0.289834708,0.287457854
2024-01-14,202406010509,2018103926,8,ショウナンラスボス,1,2024,0.174215108,0.187167883
2024-01-14,202406010509,2019105766,9,アメトリーチェ,0,2024,0.107469350,0.104476385
2024-01-14,202406010509,2020106706,10,タリア,0,2024,0.334544957,0.341760427
2024-01-14,202406010509,2020101419,11,ブーケファロス,0,2024,0.204290271,0.220983461
2024-01-14,202406010509,2019105452,12,ミッキーハーモニー,0,2024,0.320566326,0.315015554
2024-01-14,202406010509,2019101819,13,センタースリール,0,2024,0.084782958,0.105659895
2024-01-14,202406010509,2018104347,14,ユキノファラオ,1,2024,0.113014244,0.095264129
2024-01-14,202410010202,2021100460,1,カワカミガンビエ,0,2024,0.251508951,0.227571607
2024-01-14,202410010202,2021105098,2,ディーエストッキー,0,2024,0.589006305,0.600294709
2024-01-14,202410010202,2021104847,3,アクロスザシーズ,0,2024,0.041342225,0.048453718
2024-01-14,202410010202,2021106216,4,ウインラグラス,1,2024,0.058464710,0.061326575
2024-01-14,202410010202,2021100016,8,ポリトナリティー,0,2024,0.202871859,0.188544616
2024-01-14,202410010202,2021106617,9,クリーゲリン,0,2024,0.186205402,0.170316845
2024-01-14,202410010202,2021103052,13,サニイアール,0,2024,0.247791022,0.248545423
2024-01-14,202410010202,2021104057,16,サクラリゲル,0,2024,0.035525113,0.041291162
2024-01-14,202410010206,2021104060,2,ノーブルビーチ,0,2024,0.073268257,0.073376931
2024-01-14,202410010206,2021101891,4,スパークルジョイ,0,2024,0.235925108,0.225663275
2024-01-14,202410010206,2021110072,5,メティエダール,1,2024,0.641768157,0.632076085
2024-01-14,202410010206,2021110023,8,エクストラバック,0,2024,0.305642009,0.306632817
2024-01-14,202410010206,2021104044,9,イマジンレノン,0,2024,0.031254154,0.044034172
2024-01-14,202410010206,2021103548,10,フォカッチャ,0,2024,0.141315401,0.133509055
2024-01-14,202410010206,2021103722,14,スリーロマンス,0,2024,0.060740627,0.057307187
2024-01-14,202410010206,2021101837,15,ダイシンオリーブ,0,2024,0.120664425,0.132036790
2024-01-14,202410010206,2021100912,17,カナアミデスマッチ,0,2024,0.284909219,0.285310298
2024-01-14,202410010212,2020103309,1,ビップクロエ,0,2024,0.080234289,0.074133925
2024-01-14,202410010212,2020106593,2,ジークシュベルト,0,2024,0.103895210,0.103821144
2024-01-14,202410010212,2018103200,3,バーニングパワー,0,2024,0.096058570,0.094347052
2024-01-14,202410010212,2018101951,4,タガノスペルノヴァ,0,2024,0.112690851,0.123002134
2024-01-14,202410010212,2020101247,5,ミネヒメ,0,2024,0.144915253,0.134627059
2024-01-14,202410010212,2020104824,6,シンデレラスマイル,0,2024,0.143818885,0.144166067
2024-01-14,202410010212,2020103885,7,クリノゴッホ,0,2024,0.102053702,0.102212675
2024-01-14,202410010212,2019102747,8,マキアージュ,0,2024,0.191926032,0.223902807
2024-01-14,202410010212,2020100347,9,クリノリアルレディ,0,2024,0.084367186,0.078685857
2024-01-14,202410010212,2017101448,10,ウインアステロイド,1,2024,0.068321131,0.067993388
2024-01-14,202410010212,2020101575,11,サザーランド,0,2024,0.243427634,0.265851766
2024-01-14,202410010212,2020102271,12,コスモグングニール,1,2024,0.125785053,0.130915582
2024-01-14,202410010212,2020100500,13,ヴィエンヌ,0,2024,0.325321406,0.342487544
2024-01-14,202410010212,2019105232,14,ルージュルミナス,0,2024,0.121834010,0.115216270
2024-01-14,202410010212,2020102488,15,トーセンエスクード,0,2024,0.466071576,0.424617052
2024-01-14,202410010212,2020100289,16,シルバーダイヤ,0,2024,0.179918706,0.184268206
2024-01-14,202410010212,2020105484,17,ニシノコウダイ,1,2024,0.214645013,0.216931328
2024-01-20,202410010302,2021101605,1,エルプロフェッサー,0,2024,0.260577351,0.253722697
2024-01-20,202410010302,2021107133,5,オーヴァーザトップ,0,2024,0.473826438,0.463501096
2024-01-20,202410010302,2021103548,6,フォカッチャ,0,2024,0.111992903,0.126146242
2024-01-20,202410010302,2021100243,8,セイウンティーダ,0,2024,0.237333775,0.216872379
2024-01-20,202410010302,2021102377,9,ヴェッターホルン,0,2024,0.089626849,0.090988427
2024-01-20,202410010302,2021101075,10,ヴェルディッキオ,0,2024,0.021067889,0.023743631
2024-01-20,202410010302,2021104033,11,マルジェラ,0,2024,0.038841665,0.042470206
2024-01-20,202410010302,2021105527,12,ゴージャスゴールド,0,2024,0.058367889,0.054857034
2024-01-20,202410010302,2021102914,13,モズトキキ,1,2024,0.434705973,0.446447819
2024-01-20,202410010302,2021100912,14,カナアミデスマッチ,0,2024,0.270709425,0.283650279
2024-01-20,202410010302,2021107068,15,ミスサン,0,2024,0.153221115,0.156499580
2024-01-20,202410010312,2019102775,1,ヤマニンパニータ,0,2024,0.074492320,0.078439355
2024-01-20,202410010312,2020104415,2,スピニングマーリン,0,2024,0.137623981,0.129240930
2024-01-20,202410010312,2018106200,3,メイショウヒゾッコ,0,2024,0.046147469,0.044506513
2024-01-20,202410010312,2020103969,4,ヨウシタンレイ,0,2024,0.154178336,0.154931799
2024-01-20,202410010312,2020100305,5,セイウンスイート,0,2024,0.078106195,0.073533908
2024-01-20,202410010312,2018105523,6,シュライエン,0,2024,0.167950273,0.172573641
2024-01-20,202410010312,2020103238,7,オックスリップ,1,2024,0.169424012,0.149002090
2024-01-20,202410010312,2018105386,8,カフジヴィオレッタ,0,2024,0.109824523,0.108289704
2024-01-20,202410010312,2020102050,9,サンポーニャ,1,2024,0.338376641,0.304485202
2024-01-20,202410010312,2019103813,10,レガーミ,0,2024,0.082289025,0.079774469
2024-01-20,202410010312,2018100618,11,トーホウジュナール,0,2024,0.212976903,0.219026595
2024-01-20,202410010312,2020100347,12,クリノリアルレディ,0,2024,0.091490977,0.098845385
2024-01-20,202410010312,2019101031,13,サミュエル,0,2024,0.096490592,0.102609880
2024-01-20,202410010312,2019105265,14,アエリーゾ,0,2024,0.105970353,0.121720940
2024-01-20,202410010312,2020104545,15,スマートメイプル,0,2024,0.202483848,0.183566824
2024-01-20,202410010312,2019104874,16,フルティージャ,0,2024,0.043379087,0.041818414
2024-01-20,202410010312,2020102718,17,オルフェスト,1,2024,0.188891172,0.179332539
2024-01-21,202410010407,2021104175,2,グッドムード,0,2024,0.032823145,0.039313670
2024-01-21,202410010407,2021105033,3,カーモス,0,2024,0.423335016,0.419100195
2024-01-21,202410010407,2021101825,9,ナムライリス,0,2024,0.243598089,0.257573634
2024-01-21,202410010407,2021106679,11,コトブキボタン,0,2024,0.029219050,0.032085065
2024-01-21,202410010409,2019101276,1,ブルーグロット,0,2024,0.294049919,0.295820534
2024-01-21,202410010409,2019104560,2,ヘレンキムゼー,0,2024,0.179321602,0.177847698
2024-01-21,202410010409,2020104796,3,ホイッスルソング,0,2024,0.120623946,0.131793663
2024-01-21,202410010409,2020110068,4,エイムインライフ,0,2024,0.103343278,0.113566935
2024-01-21,202410010409,2020101265,5,オコジュ,0,2024,0.097744837,0.091750391
2024-01-21,202410010409,2019110127,6,サトノプリエール,0,2024,0.211570904,0.212186530
2024-01-21,202410010409,2020100295,7,メリトリオ,0,2024,0.258352458,0.221601367
2024-01-21,202410010409,2020106821,8,ピースフルナイト,0,2024,0.220904261,0.204974011
2024-01-21,202410010409,2020102229,9,リシャールケリー,0,2024,0.176581979,0.187495083
2024-01-21,202410010409,2020105492,10,ニシノピウモッソ,1,2024,0.290216923,0.298910588
2024-01-21,202410010409,2020103422,11,ジュエルピーチ,0,2024,0.201915294,0.208655089
2024-01-21,202410010409,2019101643,12,バシレウスシチー,1,2024,0.171724111,0.182721868
2024-01-21,202410010409,2019102306,13,ラッキーミーティア,0,2024,0.070146777,0.070118636
2024-01-21,202410010409,2020103721,14,レイカットスルー,0,2024,0.060462885,0.064181238
2024-01-21,202410010409,2020102488,15,トーセンエスクード,1,2024,0.600344121,0.608733833
2024-01-27,202410010506,2021102386,1,セブンスリーローズ,0,2024,0.079180315,0.076004408
2024-01-27,202410010506,2021103048,2,レギウス,0,2024,0.074781291,0.077072844
2024-01-27,202410010506,2021104165,3,ロッキンドア,0,2024,0.029382639,0.035636272
2024-01-27,202410010506,2021103052,4,サニイアール,1,2024,0.412101626,0.397287965
2024-01-27,202410010506,2021103982,6,ダイメイイチョウ,0,2024,0.193718255,0.193868384
2024-01-27,202410010506,2021100016,7,ポリトナリティー,0,2024,0.243981987,0.248673126
2024-01-27,202410010506,2021106049,8,リケアオランジュ,0,2024,0.136384487,0.138663575
2024-01-27,202410010506,2021106549,10,タガノアミカル,0,2024,0.142019048,0.140347302
2024-01-27,202410010506,2021103556,11,レアグリフォン,0,2024,0.195923895,0.196701437
2024-01-27,202410010506,2021106008,13,プラビータ,0,2024,0.183469936,0.192675948
2024-01-27,202410010506,2021101064,14,ノイヤー,1,2024,0.503842950,0.514197469
2024-01-27,202410010511,2020105568,1,ハクサンパイオニア,0,2024,0.513991475,0.519184887
2024-01-27,202410010511,2020101503,2,カンチェンジュンガ,1,2024,0.214202315,0.231687307
2024-01-27,202410010511,2017101767,3,ベンガン,1,2024,0.356826514,0.305649161
2024-01-27,202410010511,2019103233,4,ニシノデフィレ,0,2024,0.229245797,0.222730741
2024-01-27,202410010511,2019102856,5,トーホウラビアン,0,2024,0.262058675,0.238360748
2024-01-27,202410010511,2018103296,6,サニーオーシャン,0,2024,0.074713588,0.072560795
2024-01-27,202410010511,2018106455,7,メイショウハボタン,0,2024,0.410022914,0.369977117
2024-01-27,202410010511,2020103284,8,トールキン,1,2024,0.399628401,0.387801528
2024-01-27,202410010511,2019102436,9,ミズノコキュウ,0,2024,0.362053156,0.331895620
2024-01-27,202410010511,2020103482,10,スカイロケット,0,2024,0.362492591,0.373510510
2024-01-27,202410010512,2019103008,1,ロードリライアブル,0,2024,0.153370485,0.162728205
2024-01-27,202410010512,2020100347,2,クリノリアルレディ,0,2024,0.149316967,0.144773155
2024-01-27,202410010512,2020102881,3,プリンスノット,0,2024,0.139131501,0.148011073
2024-01-27,202410010512,2020104415,4,スピニングマーリン,0,2024,0.060366999,0.065100424
2024-01-27,202410010512,2020102294,5,スイープラン,0,2024,0.352254331,0.331948370
2024-01-27,202410010512,2020103885,6,クリノゴッホ,0,2024,0.117452092,0.108401597
2024-01-27,202410010512,2020104824,7,シンデレラスマイル,0,2024,0.192566514,0.209685817
2024-01-27,202410010512,2020100295,8,メリトリオ,0,2024,0.158991501,0.165488899
2024-01-27,202410010512,2020103588,9,マテンロウナイト,0,2024,0.154261470,0.155407444
2024-01-27,202410010512,2020101247,10,ミネヒメ,0,2024,0.195296377,0.198447809
2024-01-27,202410010512,2019106290,11,プリティーメモリー,0,2024,0.085466899,0.088117465
2024-01-27,202410010512,2020102507,12,トーセンサマンサ,0,2024,0.079840496,0.072895728
2024-01-27,202410010512,2019102147,13,フォレクラフト,0,2024,0.223685235,0.212825999
2024-01-27,202410010512,2019104356,14,ディオアステリア,1,2024,0.386351228,0.393877804
2024-01-27,202410010512,2020102971,15,サトノグレイト,1,2024,0.236917734,0.246086404
2024-01-27,202410010512,2020101195,16,ゴルトリッチ,1,2024,0.120927051,0.119549625
2024-01-27,202410010512,2019103123,17,エリカフェリーチェ,0,2024,0.065215096,0.069696330
2024-01-27,202410010512,2019102068,18,シャウビンダー,0,2024,0.240280375,0.242413819
2024-01-28,202408020211,2015105850,1,カイザーメランジェ,0,2024,0.028260643,0.029563658
2024-01-28,202408020211,2020101678,2,リバーラ,0,2024,0.168793038,0.171281457
2024-01-28,202408020211,2016102073,3,ホープフルサイン,0,2024,0.045146875,0.048145577
2024-01-28,202408020211,2020106851,4,ルガル,1,2024,0.497401804,0.488530159
2024-01-28,202408020211,2019105439,5,エターナルタイム,1,2024,0.349528760,0.384831786
2024-01-28,202408020211,2018100394,6,サトノラムセス,0,2024,0.051482763,0.047954444
2024-01-28,202408020211,2020100909,7,ジューンオレンジ,0,2024,0.209719688,0.194730371
2024-01-28,202408020211,2017100583,8,ディヴィナシオン,0,2024,0.063407987,0.062282842
2024-01-28,202408020211,2019105087,9,サンライズロナウド,0,2024,0.212477341,0.215123028
2024-01-28,202408020211,2019100153,10,カワキタレブリー,0,2024,0.056245785,0.046939250
2024-01-28,202408020211,2017106720,11,サンライズオネスト,0,2024,0.125361800,0.108218066
2024-01-28,202408020211,2019103714,12,メイショウソラフネ,0,2024,0.306924820,0.291522920
2024-01-28,202408020211,2019105126,13,アグリ,1,2024,0.401058614,0.400199234
2024-01-28,202408020211,2019103422,14,テイエムスパーダ,0,2024,0.110840060,0.113628939
2024-01-28,202408020211,2020101827,15,バースクライ,0,2024,0.322857201,0.331347048
2024-01-28,202408020211,2015104364,16,トゥラヴェスーラ,0,2024,0.072042331,0.092057869
2024-01-28,202408020211,2019105658,17,オタルエバー,0,2024,0.309742600,0.320742220
2024-01-28,202408020211,2019110001,18,ショウナンハクラク,0,2024,0.132733330,0.137755036
2024-01-28,202410010602,2021104060,1,ノーブルビーチ,0,2024,0.114840575,0.118332580
2024-01-28,202410010602,2021107133,2,オーヴァーザトップ,0,2024,0.453883469,0.445622623
2024-01-28,202410010602,2021100460,3,カワカミガンビエ,0,2024,0.422236294,0.406314403
2024-01-28,202410010602,2021101223,4,クィーンズハット,1,2024,0.062645592,0.070649028
2024-01-28,202410010602,2021106617,5,クリーゲリン,0,2024,0.219184771,0.224971220
2024-01-28,202410010602,2021101891,6,スパークルジョイ,0,2024,0.327749759,0.311599404
2024-01-28,202410010602,2021103897,7,ショウナンラジョア,0,2024,0.112250470,0.107635245
2024-01-28,202410010602,2021104057,8,サクラリゲル,0,2024,0.067526646,0.063749745
2024-01-28,202410010602,2021101769,12,ドレッド,0,2024,0.278192908,0.278327942
2024-01-28,202410010602,2021104933,13,カントゥータ,0,2024,0.165546939,0.159978241
2024-01-28,202410010602,2021100228,16,クリノカグヤ,0,2024,0.045314331,0.044578474
2024-01-28,202410010608,2020105131,1,ロッソランパンテ,0,2024,0.042785112,0.039456189
2024-01-28,202410010608,2020106546,2,セイウンシリウス,0,2024,0.325548828,0.332924813
2024-01-28,202410010608,2020105492,3,ニシノピウモッソ,1,2024,0.629843950,0.623109698
2024-01-28,202410010608,2020105892,4,ヴァルトラウテ,1,2024,0.105661854,0.108001955
2024-01-28,202410010608,2019101276,5,ブルーグロット,0,2024,0.199414030,0.208811507
2024-01-28,202410010608,2019105191,6,コナブラック,1,2024,0.206222519,0.194118112
2024-01-28,202410010608,2018100772,7,ハイライフ,0,2024,0.040349010,0.037607815
2024-01-28,202410010608,2018101951,8,タガノスペルノヴァ,0,2024,0.187592924,0.197976127
2024-01-28,202410010608,2020101265,9,オコジュ,0,2024,0.221666113,0.209428340
2024-01-28,202410010608,2020104796,10,ホイッスルソング,0,2024,0.176530227,0.177818179
2024-01-28,202410010608,2020105836,11,ゴールドレコーダー,0,2024,0.167009860,0.180842474
2024-01-28,202410010608,2020103962,12,ステークホルダー,0,2024,0.325714469,0.349423081
2024-01-28,202410010608,2017101448,13,ウインアステロイド,0,2024,0.157074735,0.138083041
2024-01-28,202410010608,2020102640,14,サイモンオリーブ,0,2024,0.156077027,0.165267617
2024-01-28,202410010611,2017104138,1,グランレイ,0,2024,0.179397672,0.183229506
2024-01-28,202410010611,2018102669,2,スズノナデシコ,0,2024,0.215249032,0.240957946
2024-01-28,202410010611,2020110114,3,スリーアイランド,0,2024,0.248079911,0.235840797
2024-01-28,202410010611,2019100666,4,イラーレ,0,2024,0.390337378,0.387932807
2024-01-28,202410010611,2020102132,5,トレンディスター,0,2024,0.134935349,0.126793712
2024-01-28,202410010611,2018102585,6,ロードラスター,0,2024,0.123508103,0.130295351
2024-01-28,202410010611,2019105044,7,アドマイヤラヴィ,0,2024,0.336641997,0.336969674
2024-01-28,202410010611,2018106345,8,スズカマクフィ,0,2024,0.025639530,0.027062867
2024-01-28,202410010611,2017103020,9,ダンツイノーバ,0,2024,0.088506624,0.083381891
2024-01-28,202410010611,2018101145,10,アジアノジュンシン,0,2024,0.066820398,0.065708622
2024-01-28,202410010611,2020110040,11,ヤクシマ,1,2024,0.114753440,0.125365332
2024-01-28,202410010611,2019101626,12,ピンクマクフィー,1,2024,0.140620530,0.150895178
2024-01-28,202410010611,2019100652,13,ハギノモーリス,1,2024,0.164878547,0.172629595
2024-01-28,202410010611,2020110133,14,フロムダスク,0,2024,0.064397737,0.061818536
2024-01-28,202410010611,2018102649,15,タツリュウオー,0,2024,0.046680059,0.055175852
2024-01-28,202410010611,2018100025,16,シゲルカチョウ,0,2024,0.086542800,0.093344823
2024-01-28,202410010611,2016104227,17,ジョニーズララバイ,0,2024,0.040824238,0.037074976
2024-01-28,202410010611,2019102041,18,アドヴァイス,0,2024,0.066372640,0.075665206
2024-02-03,202408020308,2019102786,1,ウォータールグラン,0,2024,0.268342316,0.282794267
2024-02-03,202408020308,2020104194,2,ルーフ,0,2024,0.519296229,0.500657082
2024-02-03,202408020308,2020102940,3,ダンシングニードル,0,2024,0.157697633,0.152240098
2024-02-03,202408020308,2020102738,4,エールレヴリー,0,2024,0.362169653,0.352200001
2024-02-03,202408020308,2018103611,5,デルマカンノン,0,2024,0.193999603,0.191478059
2024-02-03,202408020308,2020101543,6,グランテスト,1,2024,0.385297984,0.385719299
2024-02-03,202408020308,2019105141,7,ヴァンルーラー,0,2024,0.203731820,0.183333993
2024-02-03,202408020308,2018100736,8,アンフィニドール,1,2024,0.332428664,0.322072536
2024-02-03,202408020308,2018102281,9,キタノエクスプレス,1,2024,0.321349114,0.310754061
2024-02-03,202408020308,2019105915,10,グッドグロウス,0,2024,0.066659540,0.066351458
2024-02-03,202408020308,2018101964,11,アルムファーツリー,0,2024,0.058208767,0.059415005
2024-02-03,202408020308,2019103806,12,ベルウッドブラボー,0,2024,0.197180778,0.218956038
2024-02-03,202410010709,2021102562,1,パルプフィクション,0,2024,0.177081987,0.165648729
2024-02-03,202410010709,2021105068,2,クリノハレルヤ,1,2024,0.504162073,0.465028226
2024-02-03,202410010709,2021105312,3,ルージュレベッカ,0,2024,0.131939203,0.139105454
2024-02-03,202410010709,2021105175,5,セントキルダ,0,2024,0.119061440,0.128693819
2024-02-03,202410010709,2021102433,6,アートフォーム,0,2024,0.291150659,0.280977637
2024-02-03,202410010709,2021109114,7,アイタカ,0,2024,0.325277865,0.310077816
2024-02-03,202410010709,2021104404,9,シュークリーム,0,2024,0.498865038,0.508723497
2024-02-03,202410010709,2021100144,11,ロードトレゾール,1,2024,0.218012899,0.217505470
2024-02-03,202410010709,2021106854,12,ハピアーザンエバー,0,2024,0.206788421,0.232561037
2024-02-04,202410010806,2021103554,1,リルフロスト,0,2024,0.234464213,0.214904085
2024-02-04,202410010806,2021106564,2,ハヤブサソンタクン,0,2024,0.113865249,0.114260383
2024-02-04,202410010806,2021100157,3,ロードトレイル,0,2024,0.565003335,0.566809177
2024-02-04,202410010806,2021102060,4,ルクスルイナール,0,2024,0.138443649,0.135761410
2024-02-04,202410010806,2021104806,5,レオナルドスター,1,2024,0.345710874,0.355784059
2024-02-04,202410010806,2021104989,6,オレンジサファイア,0,2024,0.198485732,0.197354808
2024-02-04,202410010806,2021100015,10,キラン,0,2024,0.039680321,0.039641660
2024-02-04,202410010806,2021106216,11,ウインラグラス,0,2024,0.167556822,0.174837455
2024-02-04,202410010806,2021100522,12,ジョーメッドヴィン,1,2024,0.284100354,0.299166203
2024-02-04,202410010806,2021100181,13,ブラヴォージャパン,0,2024,0.027127236,0.029143171
2024-02-04,202410010806,2021103275,15,メイショウノワキ,0,2024,0.022076126,0.021376697
2024-02-04,202410010806,2021104928,16,トラペジスト,1,2024,0.317625612,0.327688515
2024-02-04,202410010812,2020106737,1,メイショウコギク,1,2024,0.318100274,0.311031401
2024-02-04,202410010812,2019103193,2,トリップトゥムーン,0,2024,0.199432895,0.209099382
2024-02-04,202410010812,2019100936,3,ニシノタマユラ,0,2024,0.168383762,0.164956704
2024-02-04,202410010812,2019101031,4,サミュエル,0,2024,0.308155835,0.318534255
2024-02-04,202410010812,2020100305,5,セイウンスイート,0,2024,0.126091525,0.131106496
2024-02-04,202410010812,2020110068,6,エイムインライフ,0,2024,0.114056021,0.110221714
2024-02-04,202410010812,2018103206,7,クオンタム,0,2024,0.027895544,0.022157293
2024-02-04,202410010812,2020102271,8,コスモグングニール,0,2024,0.268034995,0.265363872
2024-02-04,202410010812,2020102208,9,マテンロウアネモス,0,2024,0.322131872,0.338624805
2024-02-04,202410010812,2020104905,10,ハクサンミニョン,0,2024,0.170821220,0.179830208
2024-02-04,202410010812,2020102934,11,ディナトセレーネ,0,2024,0.169442713,0.174756393
2024-02-04,202410010812,2018110112,12,バラードインミラノ,1,2024,0.196780950,0.196068212
2024-02-04,202410010812,2020104676,13,マイレーヌ,1,2024,0.231933713,0.275942862
2024-02-04,202410010812,2019101133,14,ソングフォーユー,0,2024,0.144607112,0.153373078
2024-02-10,202410020110,2020104825,1,スカプラリオ,0,2024,0.200537562,0.200970843
2024-02-10,202410020110,2020100151,2,スクルプトーリス,0,2024,0.355274945,0.330080271
2024-02-10,202410020110,2018104534,3,アスクキングコング,1,2024,0.207804278,0.213706419
2024-02-10,202410020110,2019101262,4,ショウナンアメリア,0,2024,0.164227128,0.159299269
2024-02-10,202410020110,2018104559,5,ナリタローゼ,0,2024,0.187894791,0.187772930
2024-02-10,202410020110,2018103296,6,サニーオーシャン,1,2024,0.040221244,0.041124102
2024-02-10,202410020110,2019109109,7,ソールズベリー,0,2024,0.075006969,0.073893443
2024-02-10,202410020110,2017101991,8,テンジュイン,0,2024,0.096596092,0.115530252
2024-02-10,202410020110,2019104675,9,アップストローク,1,2024,0.241634354,0.253925234
2024-02-10,202410020110,2019100168,10,ベジェサ,0,2024,0.060366534,0.060459238
2024-02-10,202410020110,2018104621,11,サトノルーチェ,0,2024,0.210739225,0.206872806
2024-02-10,202410020110,2020100686,12,ジョリダム,0,2024,0.135025352,0.128882542
2024-02-10,202410020110,2020106987,13,スムースベルベット,0,2024,0.223217919,0.219638377
2024-02-10,202410020110,2020102971,14,サトノグレイト,0,2024,0.283898264,0.272242486
2024-02-10,202410020112,2018105523,1,シュライエン,0,2024,0.152015120,0.141952068
2024-02-10,202410020112,2020106817,2,タイキバルドル,0,2024,0.151470110,0.153376311
2024-02-10,202410020112,2019104356,3,ディオアステリア,1,2024,0.375629306,0.359399229
2024-02-10,202410020112,2020106131,4,ジオパーククラウン,0,2024,0.109386995,0.118187733
2024-02-10,202410020112,2019100197,5,ウインエイムハイ,0,2024,0.083698519,0.096044756
2024-02-10,202410020112,2019101833,6,ウインクルシャープ,0,2024,0.134647682,0.135025814
2024-02-10,202410020112,2020106882,7,シャングリラ,0,2024,0.064273193,0.071645163
2024-02-10,202410020112,2018106145,8,アコルダール,0,2024,0.040972069,0.045292571
2024-02-10,202410020112,2020103885,9,クリノゴッホ,0,2024,0.132957473,0.134559408
2024-02-10,202410020112,2020103962,10,ステークホルダー,0,2024,0.196320087,0.189355776
2024-02-10,202410020112,2019102672,11,バレル,0,2024,0.179414570,0.175112367
2024-02-10,202410020112,2020100500,12,ヴィエンヌ,0,2024,0.350716949,0.364387482
2024-02-10,202410020112,2019101446,13,ワンリオン,1,2024,0.109133333,0.099886328
2024-02-10,202410020112,2020103418,14,インクルードダイヤ,0,2024,0.209875688,0.188488036
2024-02-10,202410020112,2020102050,15,サンポーニャ,0,2024,0.476204216,0.477665901
2024-02-10,202410020112,2020102229,16,リシャールケリー,1,2024,0.197990850,0.193338126
2024-02-10,202410020112,2018100618,17,トーホウジュナール,0,2024,0.149432749,0.149157003
2024-02-10,202410020112,2020100236,18,ニシノトキメキ,0,2024,0.071704298,0.065734275
2024-02-11,202410020202,2021101474,2,マーメイド,0,2024,0.187732875,0.177058280
2024-02-11,202410020202,2021100362,3,ホウオウドルーリー,1,2024,0.300087333,0.277862757
2024-02-11,202410020202,2021106841,4,デルミオクオーレ,0,2024,0.147099018,0.144330516
2024-02-11,202410020202,2021101769,5,ドレッド,1,2024,0.267015845,0.260758013
2024-02-11,202410020202,2021106679,7,コトブキボタン,0,2024,0.032779753,0.032482244
2024-02-11,202410020202,2021105674,9,ビートメイカー,0,2024,0.101008542,0.103038549
2024-02-11,202410020202,2021102875,11,イズジョーゴモリー,0,2024,0.123320907,0.122321002
2024-02-11,202410020202,2021100196,13,オキャン,0,2024,0.124792032,0.137260392
2024-02-11,202410020202,2021102833,15,メイショウバンリ,0,2024,0.065769784,0.068236083
2024-02-11,202410020202,2021102550,16,メイショウハッブル,0,2024,0.331420481,0.327748716
2024-02-11,202410020202,2021103039,17,ゴーインマイウェイ,0,2024,0.137291715,0.152018026
2024-02-11,202410020206,2021101867,1,モノノフノミチ,0,2024,0.131050035,0.142076880
2024-02-11,202410020206,2021106809,2,コスモララバイ,0,2024,0.625291765,0.615379632
2024-02-11,202410020206,2021104396,3,ムーンセット,0,2024,0.108044967,0.110296540
2024-02-11,202410020206,2021107068,7,ミスサン,0,2024,0.224648535,0.218210757
2024-02-11,202410020206,2021101680,8,プレイソフトリー,1,2024,0.320388317,0.320698082
2024-02-11,202410020206,2021100243,10,セイウンティーダ,1,2024,0.223788217,0.218518168
2024-02-11,202410020206,2021103048,11,レギウス,0,2024,0.152723372,0.154698953
2024-02-11,202410020206,2021105091,16,タイプフェイス,0,2024,0.061170850,0.059361793
2024-02-11,202410020206,2021107133,18,オーヴァーザトップ,0,2024,0.330904156,0.308914304
2024-02-11,202410020211,2018100040,1,アビッグチア,0,2024,0.159124151,0.161064461
2024-02-11,202410020211,2016102534,2,イーサンパンサー,0,2024,0.032758482,0.024577700
2024-02-11,202410020211,2020103589,3,ブトンドール,1,2024,0.102628626,0.106749281
2024-02-11,202410020211,2020101588,4,ロンドンプラン,0,2024,0.162803292,0.172295168
2024-02-11,202410020211,2017110172,5,ハリーバローズ,0,2024,0.098570861,0.093160413
2024-02-11,202410020211,2018104041,6,マウンテンムスメ,0,2024,0.057742395,0.056269106
2024-02-11,202410020211,2017106087,7,メイショウゲンセン,0,2024,0.374348104,0.378352016
2024-02-11,202410020211,2019100450,8,ファロロジー,0,2024,0.192596138,0.197386622
2024-02-11,202410020211,2019105972,9,ジレトール,0,2024,0.130192682,0.120701149
2024-02-11,202410020211,2020105400,10,タマモブラックタイ,0,2024,0.277984947,0.245040223
2024-02-11,202410020211,2020110040,11,ヤクシマ,0,2024,0.288990587,0.262653381
2024-02-11,202410020211,2018106504,12,サトノアイ,0,2024,0.097360350,0.108610161
2024-02-11,202410020211,2018106055,13,ヨシノイースター,1,2024,0.192665219,0.210972443
2024-02-11,202410020211,2016104668,14,カリボール,0,2024,0.024791474,0.027209289
2024-02-11,202410020211,2018101343,15,ゾンニッヒ,1,2024,0.369295359,0.339976460
2024-02-11,202410020211,2018102155,16,マイネルジェロディ,0,2024,0.177163288,0.164264515
2024-02-11,202410020211,2020103276,17,バルサムノート,0,2024,0.239684492,0.267202228
2024-02-11,202410020211,2019104915,18,バンデルオーラ,0,2024,0.175533280,0.167092741
2024-02-17,202410020302,2021107265,2,ドルフィンスクエア,0,2024,0.329169542,0.310479552
2024-02-17,202410020302,2021106216,4,ウインラグラス,1,2024,0.189735547,0.189309612
2024-02-17,202410020302,2021100401,8,ニシノミニョンヌ,0,2024,0.143211037,0.137130335
2024-02-17,202410020302,2021104806,11,レオナルドスター,1,2024,0.394993186,0.399344027
2024-02-17,202410020302,2021101933,12,レディーズナイト,0,2024,0.324959099,0.313444257
2024-02-17,202410020302,2021103119,17,ニシノアヤカゼ,0,2024,0.125324547,0.152124926
2024-02-17,202410020312,2020102591,1,メリオルヴィータ,0,2024,0.078344196,0.085191682
2024-02-17,202410020312,2019110127,2,サトノプリエール,1,2024,0.326897800,0.346444011
2024-02-17,202410020312,2019110122,3,ブラヴィーノ,0,2024,0.038574893,0.036738001
2024-02-17,202410020312,2018100772,4,ハイライフ,0,2024,0.034536034,0.027504886
2024-02-17,202410020312,2019102303,5,アイムファイン,0,2024,0.282690436,0.298991621
2024-02-17,202410020312,2019105765,6,ハウファアイルゴー,0,2024,0.087783873,0.094655655
2024-02-17,202410020312,2020100795,7,ベルタソ,0,2024,0.043133143,0.044159569
2024-02-17,202410020312,2019106333,9,ジャマン,0,2024,0.032093175,0.031465504
2024-02-17,202410020312,2020103588,10,マテンロウナイト,0,2024,0.164304629,0.165933907
2024-02-17,202410020312,2019102068,11,シャウビンダー,1,2024,0.259930521,0.277182311
2024-02-17,202410020312,2020102507,12,トーセンサマンサ,0,2024,0.100644581,0.116008162
2024-02-17,202410020312,2020101195,13,ゴルトリッチ,0,2024,0.279262960,0.315099210
2024-02-17,202410020312,2018110149,14,コスモアディラート,0,2024,0.346619546,0.329723209
2024-02-17,202410020312,2019103876,15,アパショナード,0,2024,0.401478499,0.406404793
2024-02-17,202410020312,2018104938,16,ヴェールクレール,0,2024,0.368262619,0.391808778
2024-02-17,202410020312,2019101643,17,バシレウスシチー,1,2024,0.288427144,0.319433033
2024-02-17,202410020312,2020106336,18,ゴレイジョウ,0,2024,0.067721441,0.078947298
2024-02-18,202410020402,2021106008,6,プラビータ,0,2024,0.268634677,0.254107744
2024-02-18,202410020402,2021100297,7,ブルボンクイーン,1,2024,0.231363922,0.211709335
2024-02-18,202410020402,2021102339,10,ユッカラン,0,2024,0.211646259,0.191442311
2024-02-18,202410020402,2021101064,13,ノイヤー,0,2024,0.518407762,0.529646218
2024-02-18,202410020402,2021102914,14,モズトキキ,1,2024,0.449904442,0.449957401
2024-02-18,202410020402,2021101528,16,クイーンカナロア,0,2024,0.144049048,0.140039161
2024-02-18,202410020402,2021100460,17,カワカミガンビエ,0,2024,0.247898951,0.264003992
2024-02-18,202410020402,2021103052,18,サニイアール,1,2024,0.256561995,0.264568418
2024-02-18,202410020410,2018104559,1,ナリタローゼ,0,2024,0.129325122,0.127757505
2024-02-18,202410020410,2020106330,2,ラウラーナ,1,2024,0.210476369,0.198654830
2024-02-18,202410020410,2020102630,3,アルーリングビュー,1,2024,0.254355341,0.226003841
2024-02-18,202410020410,2019104738,4,サウンドクレア,1,2024,0.115517117,0.129711032
2024-02-18,202410020410,2020101763,5,トーホウフランゴ,0,2024,0.104030110,0.105948672
2024-02-18,202410020410,2018101964,6,アルムファーツリー,0,2024,0.060081061,0.057292815
2024-02-18,202410020410,2020100121,7,イイヒニナル,0,2024,0.130083129,0.115391277
2024-02-18,202410020410,2018106455,8,メイショウハボタン,0,2024,0.161638543,0.171789885
2024-02-18,202410020410,2020102331,9,メイショウオトギ,0,2024,0.066990405,0.053634327
2024-02-18,202410020410,2020104942,10,シルフィードレーヴ,0,2024,0.111493684,0.105262801
2024-02-18,202410020410,2019101270,11,ヨール,0,2024,0.170165509,0.169715807
2024-02-18,202410020410,2020100686,12,ジョリダム,0,2024,0.078939788,0.078991078
2024-02-18,202410020410,2020101492,13,シンリンゲンカイ,0,2024,0.106070846,0.103921764
2024-02-18,202410020410,2019103897,14,ハピネスアゲン,0,2024,0.311650962,0.304225475
2024-02-18,202410020410,2017101991,15,テンジュイン,0,2024,0.041555051,0.046588324
2024-02-18,202410020410,2019105412,16,プリモカリーナ,0,2024,0.215040594,0.231502146
2024-02-18,202410020410,2019100604,17,ヤマニンアンフィル,0,2024,0.158603519,0.138648108
2024-02-18,202410020410,2018100636,18,ステラダイヤ,0,2024,0.118682809,0.117933378
2024-02-18,202410020412,2018105201,1,デイトンウェイ,0,2024,0.120501935,0.135470837
2024-02-18,202410020412,2020101093,2,ショッキングブルー,0,2024,0.129076853,0.123243682
2024-02-18,202410020412,2020105892,3,ヴァルトラウテ,0,2024,0.146687359,0.157021478
2024-02-18,202410020412,2020101229,4,レディメローラ,0,2024,0.256803155,0.245376959
2024-02-18,202410020412,2019103123,5,エリカフェリーチェ,0,2024,0.108522750,0.124748856
2024-02-18,202410020412,2020101378,6,アイヲツグモノ,1,2024,0.068308897,0.070205785
2024-02-18,202410020412,2020104824,7,シンデレラスマイル,0,2024,0.279028088,0.296029449
2024-02-18,202410020412,2019103193,8,トリップトゥムーン,1,2024,0.208818391,0.198991105
2024-02-18,202410020412,2018101951,10,タガノスペルノヴァ,0,2024,0.117580794,0.127779126
2024-02-18,202410020412,2019104657,11,ルールザウイングス,0,2024,0.062124215,0.063476056
2024-02-18,202410020412,2020102934,12,ディナトセレーネ,0,2024,0.103639819,0.098092712
2024-02-18,202410020412,2020102208,13,マテンロウアネモス,0,2024,0.150845960,0.155804500
2024-02-18,202410020412,2019103008,14,ロードリライアブル,0,2024,0.088161737,0.084505998
2024-02-18,202410020412,2017101448,15,ウインアステロイド,1,2024,0.207101449,0.206944495
2024-02-18,202410020412,2019105265,16,アエリーゾ,0,2024,0.147082910,0.159138232
2024-02-18,202410020412,2020101247,17,ミネヒメ,0,2024,0.185995713,0.201638728
2024-02-18,202410020412,2020100741,18,ノーブルラン,0,2024,0.126018018,0.123540796
2024-02-24,202409010112,2019101679,1,ヴィアドロローサ,0,2024,0.161738694,0.142028332
2024-02-24,202409010112,2020104194,2,ルーフ,1,2024,0.623269677,0.657740712
2024-02-24,202409010112,2020104087,3,グランツベリー,0,2024,0.489409775,0.492297858
2024-02-24,202409010112,2020106733,4,ブラーヴ,0,2024,0.075083911,0.073224016
2024-02-24,202409010112,2019100170,5,デルマカミーラ,0,2024,0.068438381,0.065954953
2024-02-24,202409010112,2018102281,6,キタノエクスプレス,1,2024,0.455130726,0.447187066
2024-02-24,202409010112,2019104498,7,インプロバイザー,0,2024,0.223235473,0.222133055
2024-02-24,202409010112,2020100151,8,スクルプトーリス,0,2024,0.495336205,0.499127060
2024-02-24,202409010112,2019102786,9,ウォータールグラン,1,2024,0.250514597,0.301030189
2024-02-24,202409010112,2019104697,10,ショウナンマッハ,0,2024,0.229020178,0.242802501
2024-02-24,202410020502,2021103039,2,ゴーインマイウェイ,1,2024,0.186082542,0.185536876
2024-02-24,202410020502,2021106789,3,コスモマチュアー,0,2024,0.064022943,0.064423375
2024-02-24,202410020502,2021110023,4,エクストラバック,1,2024,0.423393786,0.404135257
2024-02-24,202410020502,2021103092,5,ナムラローズマリー,1,2024,0.600879550,0.593532145
2024-02-24,202410020502,2021100415,6,スウィートリワード,0,2024,0.428221524,0.423800021
2024-02-24,202410020502,2021109052,8,トントンプー,0,2024,0.020843152,0.024538200
2024-02-24,202410020502,2021110032,12,フィクストスター,0,2024,0.088195316,0.089314923
2024-02-24,202410020502,2021105197,13,コーントップス,0,2024,0.035929419,0.031160230
2024-02-24,202410020502,2021102909,15,ホーギー,0,2024,0.054330520,0.055418458
2024-02-24,202410020502,2021102875,17,イズジョーゴモリー,0,2024,0.143901378,0.132921919
2024-02-24,202410020509,2020102271,1,コスモグングニール,0,2024,0.430963159,0.400959551
2024-02-24,202410020509,2020103885,2,クリノゴッホ,0,2024,0.179901496,0.164568737
2024-02-24,202410020509,2019103594,3,レッドアヴァンティ,1,2024,0.437702268,0.411001503
2024-02-24,202410020509,2019102303,4,アイムファイン,0,2024,0.371559620,0.377761304
2024-02-24,202410020509,2020100906,5,フライングブレード,1,2024,0.454463094,0.461537778
2024-02-24,202410020509,2019106194,6,コーリングユー,1,2024,0.399712890,0.409123421
2024-02-24,202410020509,2020105409,7,ディアドコス,0,2024,0.044487383,0.041292831
2024-02-24,202410020509,2020103418,8,インクルードダイヤ,0,2024,0.179739103,0.185158491
2024-02-24,202410020509,2020104346,9,イミュータブル,0,2024,0.117849544,0.109064944
2024-02-24,202410020509,2020103844,10,フリントロック,0,2024,0.166887060,0.158063203
2024-02-24,202410020509,2020101517,11,ソノママソノママ,0,2024,0.099455588,0.107061021
2024-02-24,202410020509,2019100197,12,ウインエイムハイ,0,2024,0.072640449,0.074514903
2024-02-24,202410020509,2020106737,13,メイショウコギク,0,2024,0.276539683,0.253593534
2024-02-24,202410020509,2020105131,14,ロッソランパンテ,0,2024,0.026309440,0.029294884
2024-02-24,202410020512,2019101446,1,ワンリオン,0,2024,0.209108204,0.226107985
2024-02-24,202410020512,2018104872,2,アクアマリンブルー,0,2024,0.148168430,0.158305854
2024-02-24,202410020512,2020101093,3,ショッキングブルー,0,2024,0.050668702,0.050242703
2024-02-24,202410020512,2019107007,4,パワポケビー,0,2024,0.190208450,0.172265172
2024-02-24,202410020512,2019105487,5,アドマイヤジェイ,1,2024,0.494368911,0.488630086
2024-02-24,202410020512,2020104796,6,ホイッスルソング,0,2024,0.156312719,0.161800250
2024-02-24,202410020512,2019106183,7,カフェクロニクル,1,2024,0.087096028,0.088730201
2024-02-24,202410020512,2019103100,8,サルサロッサ,0,2024,0.111913718,0.102963172
2024-02-24,202410020512,2018100241,9,クリノアンビシャス,0,2024,0.037774030,0.042165905
2024-02-24,202410020512,2020101247,10,ミネヒメ,0,2024,0.169785291,0.173515409
2024-02-24,202410020512,2020100295,11,メリトリオ,0,2024,0.224691898,0.223249808
2024-02-24,202410020512,2020103261,12,アウクソー,0,2024,0.076248348,0.069833495
2024-02-24,202410020512,2020102599,13,リトルミム,0,2024,0.213256285,0.207966283
2024-02-24,202410020512,2018106612,14,オリアメンディ,0,2024,0.079879619,0.077109352
2024-02-24,202410020512,2019103659,15,マテンロウボンド,1,2024,0.099668689,0.093771748
2024-02-24,202410020512,2020100741,16,ノーブルラン,0,2024,0.108071484,0.103811204
2024-02-24,202410020512,2020100289,17,シルバーダイヤ,0,2024,0.078666151,0.077655956
2024-02-24,202410020512,2020104905,18,ハクサンミニョン,0,2024,0.110885464,0.110094801
2024-02-25,202409010210,2021104006,1,クリスアーサー,0,2024,0.444550902,0.435519546
2024-02-25,202409010210,2021100899,2,ビッグドリーム,0,2024,0.440954268,0.473008871
2024-02-25,202409010210,2021110021,3,スピリットガイド,1,2024,0.236098185,0.234215036
2024-02-25,202409010210,2021102392,4,ナナオ,1,2024,0.431058377,0.475354642
2024-02-25,202409010210,2021110132,5,ジャスパーノワール,0,2024,0.264688611,0.258026391
2024-02-25,202409010210,2021100161,6,ロードフロンティア,0,2024,0.194116428,0.184300601
2024-02-25,202409010210,2021100139,7,クランフォード,0,2024,0.501322985,0.493399352
2024-02-25,202409010210,2021107058,8,ピューロマジック,1,2024,0.438674331,0.470442712
2024-02-25,202409010210,2021103080,9,ゼルトザーム,0,2024,0.290320426,0.275129080
2024-02-25,202409010210,2021104504,10,ベント,0,2024,0.035305917,0.029752336
2024-02-25,202409010210,2021105771,11,ミルテンベルク,0,2024,0.211406246,0.212711066
2024-02-25,202410020606,2021103116,2,ヤブサメ,1,2024,0.368220180,0.334210187
2024-02-25,202410020606,2021106208,3,リベリアンガール,0,2024,0.091927148,0.102671787
2024-02-25,202410020606,2021104057,5,サクラリゲル,0,2024,0.082234398,0.085508831
2024-02-25,202410020606,2021106879,6,ゴールドジャンパー,0,2024,0.512994826,0.507067621
2024-02-25,202410020606,2021106809,7,コスモララバイ,0,2024,0.607075393,0.616217852
2024-02-25,202410020606,2021103299,9,シアター,1,2024,0.640044510,0.625001788
2024-02-25,202410020606,2021103437,12,ライヴパトラッシュ,0,2024,0.018535480,0.018878888
2024-02-25,202410020606,2021103554,13,リルフロスト,0,2024,0.151271239,0.155674741
2024-02-25,202410020606,2021100015,15,キラン,0,2024,0.038933270,0.040646408
2024-02-25,202410020606,2021102386,16,セブンスリーローズ,0,2024,0.042592011,0.046084888
2024-02-25,202410020611,2017103020,1,ダンツイノーバ,0,2024,0.096287005,0.098019361
2024-02-25,202410020611,2019101626,2,ピンクマクフィー,0,2024,0.329681993,0.316790462
2024-02-25,202410020611,2020101543,3,グランテスト,0,2024,0.370075732,0.370115966
2024-02-25,202410020611,2018106837,4,テーオーメアリー,0,2024,0.116890922,0.128518134
2024-02-25,202410020611,2018103205,5,クムシラコ,0,2024,0.046470240,0.051215734
2024-02-25,202410020611,2018106389,6,メイショウツツジ,0,2024,0.055405594,0.059597444
2024-02-25,202410020611,2019106184,7,カフジテトラゴン,0,2024,0.250450760,0.243220016
2024-02-25,202410020611,2020110114,8,スリーアイランド,0,2024,0.376974493,0.374510944
2024-02-25,202410020611,2017102603,9,テイエムイダテン,0,2024,0.016064458,0.014262413
2024-02-25,202410020611,2018104160,10,ニホンピロタイズ,0,2024,0.116035625,0.087643653
2024-02-25,202410020611,2020101262,11,エコロレジーナ,1,2024,0.212182090,0.180654183
2024-02-25,202410020611,2018103296,12,サニーオーシャン,0,2024,0.049014658,0.048686374
2024-02-25,202410020611,2020100105,13,エイシンフェンサー,1,2024,0.310247451,0.311313927
2024-02-25,202410020611,2017104138,14,グランレイ,0,2024,0.172177628,0.177745342
2024-02-25,202410020611,2018102649,15,タツリュウオー,0,2024,0.037964053,0.038010892
2024-02-25,202410020611,2020101503,16,カンチェンジュンガ,1,2024,0.145923302,0.150407478
2024-02-25,202410020611,2018102491,17,メイショウエニシア,0,2024,0.123660877,0.141055033
2024-03-02,202406020311,2020101827,1,バースクライ,1,2024,0.367514998,0.366827488
2024-03-02,202406020311,2018106055,2,ヨシノイースター,0,2024,0.246600866,0.245059669
2024-03-02,202406020311,2019110001,3,ショウナンハクラク,0,2024,0.152907550,0.171196818
2024-03-02,202406020311,2017106137,4,グレイトゲイナー,0,2024,0.144299686,0.156237841
2024-03-02,202406020311,2019100965,5,マテンロウオリオン,0,2024,0.099704206,0.091319166
2024-03-02,202406020311,2017101121,6,ボンボヤージ,0,2024,0.015413092,0.016383080
2024-03-02,202406020311,2017105661,7,ジュビリーヘッド,0,2024,0.129628062,0.141689718
2024-03-02,202406020311,2020103276,8,バルサムノート,0,2024,0.303025246,0.302922636
2024-03-02,202406020311,2018110035,9,シュバルツカイザー,0,2024,0.190702587,0.182415679
2024-03-02,202406020311,2020100896,10,ビッグシーザー,1,2024,0.408000678,0.397382587
2024-03-02,202406020311,2019104470,11,キミワクイーン,0,2024,0.188348085,0.179620430
2024-03-02,202406020311,2015105850,12,カイザーメランジェ,0,2024,0.034296729,0.040393475
2024-03-02,202406020311,2018105610,13,ダディーズビビッド,0,2024,0.241207540,0.243609011
2024-03-02,202406020311,2019105658,14,オタルエバー,0,2024,0.357061058,0.334028035
2024-03-02,202406020311,2019106526,15,トウシンマカオ,1,2024,0.302762151,0.332064301
2024-03-02,202406020311,2019100791,16,シナモンスティック,0,2024,0.324664026,0.291489094
2024-03-02,202410020702,2021103548,1,フォカッチャ,0,2024,0.094057485,0.097512700
2024-03-02,202410020702,2021105696,2,ステイチューンド,0,2024,0.589135885,0.579015970
2024-03-02,202410020702,2021106564,3,ハヤブサソンタクン,0,2024,0.240882337,0.236592725
2024-03-02,202410020702,2021106789,5,コスモマチュアー,0,2024,0.164927721,0.165980026
2024-03-02,202410020702,2021101197,6,コムダビチュード,0,2024,0.053086892,0.050695315
2024-03-02,202410020702,2021102512,8,クイーンオブリリー,0,2024,0.075360864,0.077204667
2024-03-02,202410020702,2021109134,9,マーティー,0,2024,0.179289654,0.186450839
2024-03-02,202410020702,2021104396,10,ムーンセット,0,2024,0.167069077,0.160637528
2024-03-02,202410020702,2021103119,11,ニシノアヤカゼ,0,2024,0.254670918,0.236021236
2024-03-02,202410020702,2021106208,13,リベリアンガール,0,2024,0.080171004,0.096742533
2024-03-02,202410020702,2021107293,14,ゲッワイエンタン,0,2024,0.034883961,0.040863737
2024-03-02,202410020702,2021103039,16,ゴーインマイウェイ,1,2024,0.378066301,0.389004171
2024-03-02,202410020702,2021100196,17,オキャン,1,2024,0.079406545,0.072815388
2024-03-02,202410020709,2021103493,1,イリスアスール,0,2024,0.665351689,0.636078358
2024-03-02,202410020709,2021100015,2,キラン,0,2024,0.019347804,0.024993379
2024-03-02,202410020709,2021100356,3,クールベイビー,1,2024,0.231050700,0.229011953
2024-03-02,202410020709,2021106648,4,ベネメレンティ,0,2024,0.337148994,0.328505665
2024-03-02,202410020709,2021101598,6,アンクルクロス,1,2024,0.499108106,0.501424074
2024-03-02,202410020709,2021102054,7,ルクスパラディ,0,2024,0.247825339,0.232511610
2024-03-02,202410020709,2021100429,8,テイエムボニータ,0,2024,0.017067229,0.016412536
2024-03-02,202410020709,2021102295,10,チュウワキャリア,0,2024,0.340728283,0.338528395
2024-03-02,202410020709,2021105175,11,セントキルダ,0,2024,0.160786748,0.167361215
2024-03-02,202410020709,2021100248,12,セイウンデセオ,0,2024,0.494887710,0.520900249
2024-03-02,202410020712,2018101982,1,クインズミント,0,2024,0.027174035,0.023266319
2024-03-02,202410020712,2018100772,2,ハイライフ,0,2024,0.083121143,0.075337112
2024-03-02,202410020712,2018100618,3,トーホウジュナール,0,2024,0.209454224,0.211116672
2024-03-02,202410020712,2020100795,4,ベルタソ,0,2024,0.067262471,0.070189647
2024-03-02,202410020712,2020106819,5,アースビート,0,2024,0.058778718,0.063490756
2024-03-02,202410020712,2020103898,6,イグニション,1,2024,0.154201046,0.145525172
2024-03-02,202410020712,2020106849,7,メイショウゴルシ,0,2024,0.038021266,0.040261328
2024-03-02,202410020712,2019100936,8,ニシノタマユラ,0,2024,0.167814791,0.181437954
2024-03-02,202410020712,2020110030,9,ユアデスティニー,0,2024,0.024611417,0.025259225
2024-03-02,202410020712,2020101597,10,サンライズタイソン,0,2024,0.198840857,0.199637920
2024-03-02,202410020712,2020106777,11,セレッソデアモール,0,2024,0.245324716,0.228620723
2024-03-02,202410020712,2020101093,12,ショッキングブルー,0,2024,0.088368274,0.078768373
2024-03-02,202410020712,2018100593,13,タイガーリリー,0,2024,0.138621956,0.154850870
2024-03-02,202410020712,2018110149,14,コスモアディラート,1,2024,0.486654788,0.487039804
2024-03-02,202410020712,2019106194,15,コーリングユー,1,2024,0.567545891,0.547507465
2024-03-02,202410020712,2020100295,16,メリトリオ,0,2024,0.278592318,0.298339427
2024-03-02,202410020712,2020103588,17,マテンロウナイト,0,2024,0.094877511,0.110312246
2024-03-02,202410020712,2019100197,18,ウインエイムハイ,0,2024,0.114826679,0.111205854
2024-03-03,202410020801,2021101766,3,ソルトロック,0,2024,0.244777262,0.236576095
2024-03-03,202410020801,2021102339,4,ユッカラン,0,2024,0.178184286,0.182996839
2024-03-03,202410020801,2021105098,5,ディーエストッキー,1,2024,0.462089419,0.476991534
2024-03-03,202410020801,2021104806,6,レオナルドスター,0,2024,0.526148379,0.564186633
2024-03-03,202410020801,2021104933,8,カントゥータ,0,2024,0.107784599,0.105722725
2024-03-03,202410020801,2021105148,10,ナックアテナ,0,2024,0.172900394,0.165541276
2024-03-03,202410020801,2021105091,11,タイプフェイス,0,2024,0.080623709,0.082433581
2024-03-03,202410020801,2021100522,12,ジョーメッドヴィン,1,2024,0.428640425,0.413433373
2024-03-03,202410020801,2021105069,13,グシチャンノホシ,0,2024,0.039605118,0.035886426
2024-03-03,202410020801,2021103176,15,タイキエルキーオ,0,2024,0.026747270,0.028485132
2024-03-03,202410020801,2021103505,16,ウエストチェリー,0,2024,0.018345639,0.019960592
2024-03-03,202410020801,2021107169,18,ネムレスクイーン,0,2024,0.144178644,0.159273982
2024-03-03,202410020807,2018106145,1,アコルダール,0,2024,0.062032364,0.059318081
2024-03-03,202410020807,2019101446,2,ワンリオン,0,2024,0.252794772,0.251349986
2024-03-03,202410020807,2020101247,3,ミネヒメ,0,2024,0.151328236,0.165352896
2024-03-03,202410020807,2018105357,4,ラピカズマ,0,2024,0.158925861,0.180455565
2024-03-03,202410020807,2020104824,5,シンデレラスマイル,1,2024,0.246731654,0.245305613
2024-03-03,202410020807,2020105836,6,ゴールドレコーダー,0,2024,0.120020114,0.111290812
2024-03-03,202410020807,2020104739,7,ランスオブサウンド,0,2024,0.130783245,0.137883201
2024-03-03,202410020807,2020102377,8,サンタアナテソーロ,0,2024,0.200282961,0.185675532
2024-03-03,202410020807,2020105940,9,ニシノトレンディー,0,2024,0.156130314,0.144694626
2024-03-03,202410020807,2019105376,10,ダノンアーリー,0,2024,0.223026961,0.224671781
2024-03-03,202410020807,2018101951,11,タガノスペルノヴァ,0,2024,0.187548667,0.194622636
2024-03-03,202410020807,2017101448,12,ウインアステロイド,0,2024,0.309888154,0.257609457
2024-03-03,202410020807,2018104872,13,アクアマリンブルー,0,2024,0.068724230,0.069531225
2024-03-03,202410020807,2019104356,14,ディオアステリア,1,2024,0.566190660,0.557343185
2024-03-03,202410020807,2016101650,15,モメチョッタ,0,2024,0.044100791,0.041999288
2024-03-03,202410020807,2018105523,16,シュライエン,1,2024,0.174137756,0.162577003
2024-03-03,202410020810,2018100433,1,ブロンズレッド,0,2024,0.149871320,0.117712542
2024-03-03,202410020810,2019102456,2,ナバロン,0,2024,0.075701438,0.068492182
2024-03-03,202410020810,2019101679,3,ヴィアドロローサ,0,2024,0.109091178,0.104619458
2024-03-03,202410020810,2017104234,4,スズノヤマト,0,2024,0.067290284,0.066455886
2024-03-03,202410020810,2018103902,5,サウンドブライアン,0,2024,0.061889868,0.058163978
2024-03-03,202410020810,2018104534,6,アスクキングコング,0,2024,0.175938353,0.169780225
2024-03-03,202410020810,2017102940,7,ワンダーカタリナ,1,2024,0.061014015,0.059328072
2024-03-03,202410020810,2020100736,8,ビッグボーンリタ,0,2024,0.091637939,0.088695526
2024-03-03,202410020810,2019104675,9,アップストローク,0,2024,0.253524512,0.268740028
2024-03-03,202410020810,2019104738,10,サウンドクレア,0,2024,0.237024277,0.220111638
2024-03-03,202410020810,2019103193,11,トリップトゥムーン,0,2024,0.232545465,0.216440082
2024-03-03,202410020810,2018106552,12,メイショウフンケイ,1,2024,0.069133900,0.063608587
2024-03-03,202410020810,2020104613,13,タツダイヤモンド,1,2024,0.217409045,0.218862146
2024-03-03,202410020810,2017101991,14,テンジュイン,0,2024,0.064858511,0.066396728
2024-03-03,202410020810,2020105484,15,ニシノコウダイ,0,2024,0.329074144,0.320470601
2024-03-03,202410020810,2017102809,16,ガリレイ,0,2024,0.199858040,0.177190349
2024-03-03,202410020810,2020106330,17,ラウラーナ,0,2024,0.438242853,0.423760653
2024-03-03,202410020810,2018100378,18,ディアナグラン,0,2024,0.092409134,0.098313719
2024-03-09,202406020510,2020100607,1,サンティーテソーロ,0,2024,0.224084154,0.253384501
2024-03-09,202406020510,2016101956,2,オルダージュ,0,2024,0.054823939,0.062552176
2024-03-09,202406020510,2019102041,3,アドヴァイス,0,2024,0.160491034,0.174423441
2024-03-09,202406020510,2019103010,4,オードゥメール,0,2024,0.111855000,0.125155807
2024-03-09,202406020510,2018106345,5,スズカマクフィ,0,2024,0.031238753,0.032755043
2024-03-09,202406020510,2019105452,6,ミッキーハーモニー,0,2024,0.226961106,0.224411339
2024-03-09,202406020510,2017102838,7,ハーモニーマゼラン,0,2024,0.133868545,0.136175126
2024-03-09,202406020510,2020104203,8,スピードオブライト,1,2024,0.212808028,0.256026447
2024-03-09,202406020510,2020101792,9,プロスペリダード,1,2024,0.274413377,0.299969584
2024-03-09,202406020510,2018103926,10,ショウナンラスボス,0,2024,0.181779444,0.211659968
2024-03-09,202406020510,2019102240,11,マメコ,0,2024,0.232180163,0.261943787
2024-03-09,202406020510,2019105044,12,アドマイヤラヴィ,0,2024,0.309380919,0.362828702
2024-03-09,202406020510,2018110037,13,ブルースピリット,0,2024,0.174830571,0.191147715
2024-03-09,202406020510,2018104347,14,ユキノファラオ,1,2024,0.107910603,0.110509373
2024-03-09,202406020510,2019105473,15,レッドバロッサ,0,2024,0.033044305,0.040276639
2024-03-09,202406020510,2020105365,16,ドーバーホーク,0,2024,0.191011250,0.190694958
2024-03-09,202406020512,2020109102,1,サウザンサニー,1,2024,0.456284910,0.449266404
2024-03-09,202406020512,2018104765,2,イズンシーラブリー,0,2024,0.296473593,0.297397316
2024-03-09,202406020512,2020103284,3,トールキン,0,2024,0.308917612,0.294015348
2024-03-09,202406020512,2020104983,4,マルプリ,0,2024,0.389834613,0.382968217
2024-03-09,202406020512,2020102391,5,チュウワスプリング,0,2024,0.147516116,0.134720564
2024-03-09,202406020512,2019102436,6,ミズノコキュウ,0,2024,0.213738620,0.211575076
2024-03-09,202406020512,2019104498,7,インプロバイザー,0,2024,0.221443519,0.209719136
2024-03-09,202406020512,2019105738,8,ピンクセイラー,1,2024,0.156077355,0.146625549
2024-03-09,202406020512,2019104697,9,ショウナンマッハ,0,2024,0.135556832,0.139406890
2024-03-09,202406020512,2018103485,10,ジャガード,0,2024,0.064178534,0.062487315
2024-03-09,202406020512,2019104868,11,ブルトンクール,0,2024,0.064425856,0.069452815
2024-03-09,202406020512,2018100378,12,ディアナグラン,0,2024,0.076840267,0.075284019
2024-03-09,202406020512,2020106987,13,スムースベルベット,1,2024,0.325683713,0.322209597
2024-03-10,202406020607,2021106666,1,レイニングキャット,1,2024,0.249891683,0.225010127
2024-03-10,202406020607,2021106440,2,アララララ,1,2024,0.585368395,0.584189475
2024-03-10,202406020607,2021103667,3,クオレス,1,2024,0.367462665,0.359456569
2024-03-10,202406020607,2021100610,4,アサギリ,0,2024,0.073629618,0.075791113
2024-03-10,202406020607,2021105057,5,オンザヴィーナス,0,2024,0.217047155,0.222208917
2024-03-10,202406020607,2021100803,7,ビルカバンバ,0,2024,0.077263325,0.059814040
2024-03-10,202406020607,2021106939,8,タイセイフェスタ,0,2024,0.088388637,0.084607884
2024-03-10,202406020607,2021101279,10,シャインヴィーナス,0,2024,0.394098401,0.384048402
2024-03-10,202406020607,2021101394,11,モンレーヴ,0,2024,0.326091260,0.361418158
2024-03-16,202407010303,2021100196,1,オキャン,0,2024,0.147468910,0.149061024
2024-03-16,202407010303,2021110042,4,サクソフィーナ,1,2024,0.271406204,0.264903396
2024-03-16,202407010303,2021100297,5,ブルボンクイーン,1,2024,0.350786895,0.363503754
2024-03-16,202407010303,2021106729,7,シームレス,0,2024,0.246233091,0.237069085
2024-03-16,202407010303,2021110049,8,アウェイキング,1,2024,0.365222156,0.356880635
2024-03-16,202407010303,2021104096,11,ミッキージャスミン,0,2024,0.112153091,0.119047031
2024-03-16,202407010303,2021100157,12,ロードトレイル,0,2024,0.331038117,0.343590379
2024-03-16,202407010303,2021105289,13,オタルグリーン,0,2024,0.486249149,0.490634531
2024-03-16,202407010303,2021101245,14,カチヌキマリコ,0,2024,0.306823015,0.302550137
2024-03-16,202407010303,2021107079,15,ニシノプリモ,0,2024,0.022399943,0.020752221
2024-03-16,202407010303,2021101154,16,ピエナリオン,0,2024,0.063587956,0.062747486
2024-03-16,202407010303,2021100955,17,プエルトガレラ,0,2024,0.045735516,0.046971366
2024-03-16,202407010303,2021100522,18,ジョーメッドヴィン,0,2024,0.481722295,0.468982011
2024-03-16,202409010706,2021110023,1,エクストラバック,0,2024,0.395557553,0.416269749
2024-03-16,202409010706,2021102461,2,バンドシェル,0,2024,0.405997813,0.402596861
2024-03-16,202409010706,2021103312,3,ロードマイライフ,1,2024,0.495872349,0.532643437
2024-03-16,202409010706,2021106655,4,ロータスワンド,0,2024,0.094199769,0.104585111
2024-03-16,202409010706,2021103493,5,イリスアスール,0,2024,0.521823525,0.519383371
2024-03-16,202409010706,2021106648,6,ベネメレンティ,0,2024,0.200438812,0.214340985
2024-03-16,202409010706,2021105054,7,モンシュマン,1,2024,0.377906978,0.369780689
2024-03-16,202409010706,2021103210,9,メイショウサチダケ,0,2024,0.376855999,0.315935373
2024-03-16,202409010710,2018102585,1,ロードラスター,0,2024,0.113805018,0.118733190
2024-03-16,202409010710,2019100751,2,マイネルレノン,0,2024,0.253648192,0.262462139
2024-03-16,202409010710,2019102786,3,ウォータールグラン,0,2024,0.206228137,0.215743899
2024-03-16,202409010710,2019104525,4,ラキエータ,1,2024,0.145197123,0.146075577
2024-03-16,202409010710,2018103296,5,サニーオーシャン,0,2024,0.103763014,0.106392384
2024-03-16,202409010710,2019105760,6,シュヴェルトライテ,0,2024,0.184854016,0.186398596
2024-03-16,202409010710,2020100105,7,エイシンフェンサー,1,2024,0.362943232,0.388752669
2024-03-16,202409010710,2019105459,8,ソウテン,1,2024,0.149421468,0.164028585
2024-03-16,202409010710,2020100815,10,ミルトクレイモー,0,2024,0.351248384,0.356380969
2024-03-16,202409010710,2018100025,11,シゲルカチョウ,0,2024,0.121262588,0.150340408
2024-03-16,202409010710,2019100653,12,ハギノメーテル,0,2024,0.084101707,0.092884921
2024-03-16,202409010710,2019100652,13,ハギノモーリス,0,2024,0.394728899,0.381737560
2024-03-16,202409010710,2018106552,14,メイショウフンケイ,0,2024,0.114592850,0.113192461
2024-03-16,202409010710,2019109094,15,ブッシュガーデン,0,2024,0.214492455,0.216346025
2024-03-16,202409010710,2017100461,16,ワンスカイ,0,2024,0.063673235,0.053322695
2024-03-23,202406030105,2021105485,1,エリカカリーナ,1,2024,0.599676490,0.569106638
2024-03-23,202406030105,2021100350,2,アレンジャー,1,2024,0.375479788,0.375864416
2024-03-23,202406030105,2021105668,3,バスターコール,0,2024,0.421231449,0.409722865
2024-03-23,202406030105,2021106666,4,レイニングキャット,1,2024,0.271826446,0.296561211
2024-03-23,202406030105,2021100356,5,クールベイビー,0,2024,0.170311853,0.163980410
2024-03-23,202406030105,2021103667,6,クオレス,0,2024,0.506766856,0.516237199
2024-03-23,202406030105,2021100662,8,ベニシア,0,2024,0.125676990,0.103248648
2024-03-23,202406030105,2021100594,10,アンバーニードル,0,2024,0.329537004,0.328908175
2024-03-24,202406030212,2018104534,1,アスクキングコング,0,2024,0.176731884,0.171842501
2024-03-24,202406030212,2019105738,2,ピンクセイラー,0,2024,0.287511319,0.314226151
2024-03-24,202406030212,2020104194,3,ルーフ,1,2024,0.482612938,0.499502689
2024-03-24,202406030212,2020104983,4,マルプリ,0,2024,0.437191218,0.436940134
2024-03-24,202406030212,2019101262,5,ショウナンアメリア,0,2024,0.109501861,0.110238180
2024-03-24,202406030212,2020110090,6,ティニア,0,2024,0.287111849,0.264111996
2024-03-24,202406030212,2018105231,7,ラヴォルタ,0,2024,0.205047265,0.237069458
2024-03-24,202406030212,2017100922,8,フチサンメルチャン,0,2024,0.022213629,0.019634681
2024-03-24,202406030212,2019104356,9,ディオアステリア,0,2024,0.379188091,0.389545619
2024-03-24,202406030212,2019105175,10,ステイトダイアデム,1,2024,0.270326346,0.271138191
2024-03-24,202406030212,2017101767,11,ベンガン,0,2024,0.110150129,0.122478224
2024-03-24,202406030212,2019104386,12,トーセンサンダー,1,2024,0.144149303,0.154817849
2024-03-24,202406030212,2018104765,13,イズンシーラブリー,0,2024,0.239994183,0.250467300
2024-03-24,202407010608,2020102537,1,チカポコ,0,2024,0.035125215,0.030390935
2024-03-24,202407010608,2019109096,2,ダイヤモンドフジ,0,2024,0.319371611,0.329734027
2024-03-24,202407010608,2020102294,3,スイープラン,0,2024,0.253548771,0.260808080
2024-03-24,202407010608,2020100707,4,クレセントウイング,0,2024,0.092760481,0.110225841
2024-03-24,202407010608,2018110149,5,コスモアディラート,1,2024,0.445631325,0.445108771
2024-03-24,202407010608,2020106131,6,ジオパーククラウン,1,2024,0.114360601,0.120084904
2024-03-24,202407010608,2018105357,7,ラピカズマ,0,2024,0.109786138,0.101885676
2024-03-24,202407010608,2018102580,8,ティフォーザ,0,2024,0.025183542,0.025759609
2024-03-24,202407010608,2020102299,9,アシャカタカ,1,2024,0.196660414,0.187976539
2024-03-24,202407010608,2018101951,10,タガノスペルノヴァ,0,2024,0.163431600,0.171662301
2024-03-24,202407010608,2018102069,11,ラナキラ,0,2024,0.216545820,0.208874300
2024-03-24,202407010608,2019102215,12,サク,0,2024,0.422796249,0.448026031
2024-03-24,202407010608,2020103578,13,ロッククリーク,0,2024,0.134462863,0.143996611
2024-03-24,202407010608,2018106145,14,アコルダール,0,2024,0.055947326,0.059090186
2024-03-24,202407010608,2018100593,15,タイガーリリー,0,2024,0.127221018,0.119153246
2024-03-24,202407010608,2020105940,16,ニシノトレンディー,0,2024,0.082721256,0.069129929
2024-03-24,202407010611,2020100896,1,ビッグシーザー,0,2024,0.454585046,0.484795541
2024-03-24,202407010611,2019110020,2,マッドクール,1,2024,0.354314536,0.382250279
2024-03-24,202407010611,2019103753,3,ナムラクレア,1,2024,0.435174584,0.430365652
2024-03-24,202407010611,2020102764,4,モズメイメイ,0,2024,0.118836291,0.119130902
2024-03-24,202407010611,2019106526,5,トウシンマカオ,0,2024,0.261614501,0.287486881
2024-03-24,202407010611,2020106851,6,ルガル,0,2024,0.378442585,0.382103533
2024-03-24,202407010611,2019103422,7,テイエムスパーダ,0,2024,0.080954112,0.085412443
2024-03-24,202407010611,2020102928,8,ソーダズリング,0,2024,0.342428923,0.311345905
2024-03-24,202407010611,2020103075,9,シャンパンカラー,0,2024,0.102264360,0.100427061
2024-03-24,202407010611,2018105069,11,メイケイエール,0,2024,0.126069725,0.133680806
2024-03-24,202407010611,2017110144,12,ロータスランド,0,2024,0.117497131,0.103541441
2024-03-24,202407010611,2017101429,13,ウインカーネリアン,0,2024,0.140521973,0.165401667
2024-03-24,202407010611,2019105394,14,ママコチャ,0,2024,0.414053500,0.423553944
2024-03-24,202407010611,2018104947,15,ディヴィーナ,0,2024,0.279880494,0.239270166
2024-03-24,202407010611,2019100213,16,ウインマーベル,0,2024,0.366791993,0.361158431
2024-03-24,202407010611,2019100965,17,マテンロウオリオン,0,2024,0.046198457,0.046508458
2024-03-24,202407010611,2018110035,18,シュバルツカイザー,0,2024,0.052413955,0.047446404
2024-03-30,202409020310,2018105383,1,カラパタール,0,2024,0.121498495,0.126349211
2024-03-30,202409020310,2018102091,2,ウルトラソニック,0,2024,0.196055785,0.202152476
2024-03-30,202409020310,2019104498,3,インプロバイザー,0,2024,0.404662132,0.399223804
2024-03-30,202409020310,2019104361,4,テーオースパロー,0,2024,0.225638554,0.234356791
2024-03-30,202409020310,2019104697,5,ショウナンマッハ,0,2024,0.113635093,0.121284127
2024-03-30,202409020310,2019103806,6,ベルウッドブラボー,0,2024,0.161168620,0.160978198
2024-03-30,202409020310,2019106076,7,ケイアイオメガ,0,2024,0.294179946,0.292563558
2024-03-30,202409020310,2017102809,8,ガリレイ,1,2024,0.167924225,0.161187962
2024-03-30,202409020310,2019103659,9,マテンロウボンド,0,2024,0.186596289,0.189163968
2024-03-30,202409020310,2020100121,10,イイヒニナル,0,2024,0.169230819,0.156444877
2024-03-30,202409020310,2017102940,11,ワンダーカタリナ,0,2024,0.067053378,0.075604998
2024-03-30,202409020310,2020106901,12,メイショウピース,0,2024,0.129338026,0.115904406
2024-03-30,202409020310,2019105191,13,コナブラック,1,2024,0.359323055,0.338070422
2024-03-30,202409020310,2020104613,14,タツダイヤモンド,1,2024,0.255723327,0.237237871
2024-03-30,202409020310,2017101804,15,サヴァイヴ,0,2024,0.064222448,0.052020527
2024-04-06,202403010102,2021102449,1,ロマンスライト,1,2024,0.145295158,0.149376422
2024-04-06,202403010102,2021100297,4,ブルボンクイーン,1,2024,0.629738152,0.649671912
2024-04-06,202403010102,2021106715,8,ポカポカタイム,0,2024,0.094922110,0.104728989
2024-04-06,202403010102,2021107373,12,ティキー,0,2024,0.181220770,0.180226877
2024-04-06,202403010102,2021103338,13,ネイルンノ,0,2024,0.160055220,0.184357285
2024-04-06,202403010102,2021102107,15,タニセンラッキー,0,2024,0.045101870,0.036709931
2024-04-06,202403010110,2020103238,1,オックスリップ,0,2024,0.311883479,0.284965545
2024-04-06,202403010110,2020105568,2,ハクサンパイオニア,1,2024,0.210433498,0.203887388
2024-04-06,202403010110,2020102391,3,チュウワスプリング,0,2024,0.143778473,0.139972672
2024-04-06,202403010110,2020104088,4,ランドオブラヴ,1,2024,0.299614102,0.290127575
2024-04-06,202403010110,2020102229,5,リシャールケリー,1,2024,0.348712087,0.350134641
2024-04-06,202403010110,2020103634,6,ミスヨコハマ,0,2024,0.095131099,0.093493819
2024-04-06,202403010110,2019100772,7,ポルタフォルトゥナ,0,2024,0.221132115,0.219098851
2024-04-06,202403010110,2019106700,8,ヒロノゴウカイ,0,2024,0.041673664,0.043022025
2024-04-06,202403010110,2020104983,9,マルプリ,0,2024,0.344052881,0.351336122
2024-04-06,202403010110,2019103897,10,ハピネスアゲン,0,2024,0.305287212,0.309203297
2024-04-06,202403010110,2019102456,11,ナバロン,0,2024,0.080659486,0.079793870
2024-04-06,202403010110,2018104534,12,アスクキングコング,0,2024,0.148095205,0.155739516
2024-04-06,202403010110,2020105484,13,ニシノコウダイ,0,2024,0.285381734,0.257125288
2024-04-06,202403010110,2018100406,14,ヴィントミューレ,0,2024,0.210255370,0.224570692
2024-04-06,202403010110,2017100728,15,シャイニーズラン,0,2024,0.021979637,0.020180831
2024-04-06,202403010110,2020103284,16,トールキン,0,2024,0.279692262,0.262183189
2024-04-06,202403010112,2019106637,1,アポロルタ,0,2024,0.159811959,0.154497907
2024-04-06,202403010112,2020105561,2,ケイアイクビラ,0,2024,0.428273827,0.414206922
2024-04-06,202403010112,2019101416,3,エールトゥヘヴン,1,2024,0.407658756,0.418020427
2024-04-06,202403010112,2020106561,4,ニシノベストワン,0,2024,0.079698540,0.081195325
2024-04-06,202403010112,2020103073,5,サウンドレイラ,1,2024,0.562657893,0.576152861
2024-04-06,202403010112,2020102211,6,ヤマタケアオイバラ,0,2024,0.039065573,0.031896949
2024-04-06,202403010112,2020102718,7,オルフェスト,1,2024,0.327257723,0.327182740
2024-04-06,202403010112,2019101133,8,ソングフォーユー,0,2024,0.104756847,0.099521138
2024-04-06,202403010112,2020106407,9,ライブリームーラン,0,2024,0.209871471,0.194541097
2024-04-06,202403010112,2020106131,10,ジオパーククラウン,0,2024,0.335615605,0.323738843
2024-04-06,202403010112,2018105201,11,デイトンウェイ,0,2024,0.142998964,0.142290264
2024-04-06,202403010112,2020104780,12,ラホーヤストーム,0,2024,0.045638427,0.042162765
2024-04-06,202403010112,2020106546,13,セイウンシリウス,0,2024,0.148669094,0.147597477
2024-04-06,202403010112,2020104676,14,マイレーヌ,0,2024,0.298356265,0.311361134
2024-04-06,202403010112,2019110122,15,ブラヴィーノ,0,2024,0.043512110,0.035898894
2024-04-06,202403010112,2020103608,16,アイリッシュパール,0,2024,0.155851483,0.147789732
2024-04-06,202406030510,2018110037,1,ブルースピリット,0,2024,0.201429814,0.190115288
2024-04-06,202406030510,2020100443,2,エイシンエイト,0,2024,0.284212738,0.247706369
2024-04-06,202406030510,2018106389,3,メイショウツツジ,0,2024,0.043971248,0.042291589
2024-04-06,202406030510,2019109094,4,ブッシュガーデン,0,2024,0.129184961,0.128542975
2024-04-06,202406030510,2020104203,5,スピードオブライト,0,2024,0.366484076,0.335625947
2024-04-06,202406030510,2019105452,6,ミッキーハーモニー,0,2024,0.215703651,0.196055993
2024-04-06,202406030510,2019102522,7,ドグマ,1,2024,0.069122009,0.066010788
2024-04-06,202406030510,2018106077,8,イルクオーレ,0,2024,0.206524566,0.198417902
2024-04-06,202406030510,2020101419,9,ブーケファロス,0,2024,0.182100058,0.172918409
2024-04-06,202406030510,2019101626,10,ピンクマクフィー,0,2024,0.255300730,0.230406493
2024-04-06,202406030510,2019100214,11,ウインモナーク,0,2024,0.174854189,0.177247092
2024-04-06,202406030510,2019103010,12,オードゥメール,1,2024,0.119866930,0.115053870
2024-04-06,202406030510,2020101792,13,プロスペリダード,0,2024,0.365972310,0.334724635
2024-04-06,202406030510,2020105365,14,ドーバーホーク,0,2024,0.107413426,0.115009718
2024-04-06,202406030510,2020109102,15,サウザンサニー,1,2024,0.391753256,0.377582133
2024-04-06,202409020506,2021106615,1,キャンシーエンゼル,0,2024,0.519554973,0.520551324
2024-04-06,202409020506,2021105773,2,ジュントネフ,0,2024,0.157074183,0.179592252
2024-04-06,202409020506,2021105812,3,ビップジーニー,0,2024,0.147718161,0.145605966
2024-04-06,202409020506,2021102461,4,バンドシェル,1,2024,0.207697049,0.239759520
2024-04-06,202409020506,2021106586,5,ラブカムーン,0,2024,0.167018354,0.175108209
2024-04-06,202409020506,2021105054,7,モンシュマン,1,2024,0.461831421,0.463732123
2024-04-06,202409020506,2021110049,8,アウェイキング,0,2024,0.527545810,0.502949953
2024-04-06,202409020506,2021104928,9,トラペジスト,0,2024,0.537929416,0.486031324
2024-04-06,202409020506,2021103312,10,ロードマイライフ,1,2024,0.567151606,0.533371270
2024-04-07,202403010202,2021103299,5,シアター,1,2024,0.680576861,0.675966561
2024-04-07,202403010202,2021101601,12,エガオニナッテ,0,2024,0.394198209,0.375223845
2024-04-07,202403010202,2021106729,13,シームレス,0,2024,0.268915147,0.241814420
2024-04-07,202403010202,2021101026,14,エコロアモーレ,1,2024,0.275027305,0.264474720
2024-04-07,202403010202,2021105872,15,ベアゴーゴー,1,2024,0.395925343,0.371420503
2024-04-07,202403010207,2020101195,1,ゴルトリッチ,1,2024,0.263403565,0.258711249
2024-04-07,202403010207,2020104905,2,ハクサンミニョン,0,2024,0.182933643,0.177576795
2024-04-07,202403010207,2020103721,3,レイカットスルー,0,2024,0.092058860,0.091123611
2024-04-07,202403010207,2020101217,4,アスクドリームモア,0,2024,0.478163064,0.501572907
2024-04-07,202403010207,2020101597,5,サンライズタイソン,0,2024,0.136680156,0.139472589
2024-04-07,202403010207,2020104415,6,スピニングマーリン,0,2024,0.076415591,0.073271953
2024-04-07,202403010207,2020103962,7,ステークホルダー,1,2024,0.304426372,0.312830657
2024-04-07,202403010207,2020102934,8,ディナトセレーネ,0,2024,0.175719887,0.187962681
2024-04-07,202403010207,2019102320,9,サイモンカーチス,0,2024,0.034129705,0.037477903
2024-04-07,202403010207,2020101570,10,レッドテンペスト,0,2024,0.328434438,0.363001078
2024-04-07,202403010207,2020102208,11,マテンロウアネモス,1,2024,0.300129920,0.312985748
2024-04-07,202403010207,2019100936,12,ニシノタマユラ,0,2024,0.266755611,0.256873727
2024-04-07,202403010207,2019101643,13,バシレウスシチー,0,2024,0.326083958,0.358049124
2024-04-07,202403010207,2020102387,14,バクレツマホウ,0,2024,0.065012626,0.061597873
2024-04-07,202403010207,2020105892,15,ヴァルトラウテ,0,2024,0.215475544,0.223817512
2024-04-07,202403010207,2018104872,16,アクアマリンブルー,0,2024,0.040171042,0.033046361
2024-04-07,202403010211,2020105154,1,アサカラキング,1,2024,0.539694130,0.567665517
2024-04-07,202403010211,2019104108,2,エナジーグラン,0,2024,0.263646483,0.290985495
2024-04-07,202403010211,2015104699,3,フレッチア,0,2024,0.072206803,0.085113317
2024-04-07,202403010211,2017100367,4,サトノファビュラス,0,2024,0.108327791,0.120290399
2024-04-07,202403010211,2019104911,5,プルパレイ,0,2024,0.060189214,0.063036732
2024-04-07,202403010211,2019102273,6,モリノドリーム,1,2024,0.267075151,0.277334481
2024-04-07,202403010211,2017103005,7,ロードベイリーフ,0,2024,0.095870093,0.086859435
2024-04-07,202403010211,2020104056,8,オールパルフェ,0,2024,0.083795995,0.093834266
2024-04-07,202403010211,2019102576,9,クリノマジン,0,2024,0.191902295,0.210411415
2024-04-07,202403010211,2017106720,10,サンライズオネスト,1,2024,0.196759731,0.206253693
2024-04-07,202403010211,2015105276,11,シセイヒテン,0,2024,0.028523395,0.025771134
2024-04-07,202403010211,2016110119,12,ジャスパージャック,0,2024,0.119920008,0.133471519
2024-04-07,202403010211,2017110123,13,ヴィズサクセス,0,2024,0.090851806,0.082895584
2024-04-07,202403010211,2018100652,14,ファイアダンサー,0,2024,0.259502232,0.268281609
2024-04-07,202403010211,2018101343,15,ゾンニッヒ,0,2024,0.314895779,0.338479996
2024-04-07,202403010211,2018102595,16,ロードマックス,0,2024,0.054872807,0.061120972
2024-04-07,202406030607,2021106939,1,タイセイフェスタ,1,2024,0.153319329,0.149278209
2024-04-07,202406030607,2021104770,2,フォーディアライフ,0,2024,0.142513171,0.151628822
2024-04-07,202406030607,2021102388,3,カイコウ,0,2024,0.223084569,0.240241513
2024-04-07,202406030607,2021104665,4,レザンノワール,0,2024,0.344490767,0.337477863
2024-04-07,202406030607,2021105619,5,スミレファースト,0,2024,0.291995376,0.299431652
2024-04-07,202406030607,2021103667,6,クオレス,1,2024,0.597026348,0.589232445
2024-04-07,202406030607,2021103699,7,フレンドマキ,0,2024,0.030479480,0.032988928
2024-04-07,202406030607,2021110023,8,エクストラバック,1,2024,0.380401462,0.366658628
2024-04-07,202406030607,2021105068,9,クリノハレルヤ,0,2024,0.516003132,0.510825574
2024-04-07,202406030607,2021104481,10,ビアフォーナウ,0,2024,0.278546631,0.282558978
2024-04-07,202406030607,2021103179,11,タイキレヴィン,0,2024,0.167883828,0.168153077
2024-04-07,202406030607,2021106583,12,ユイノコキュウ,0,2024,0.133447021,0.145171329
2024-04-13,202403010302,2021100016,1,ポリトナリティー,0,2024,0.325266719,0.303499222
2024-04-13,202403010302,2021104526,3,タマモラプトル,0,2024,0.036105044,0.038800195
2024-04-13,202403010302,2021100522,5,ジョーメッドヴィン,1,2024,0.590628743,0.593139410
2024-04-13,202403010302,2021101595,7,ヴィヴァクラウン,1,2024,0.645367265,0.679799259
2024-04-13,202403010302,2021105487,10,カウネウス,0,2024,0.356676161,0.404808164
2024-04-13,202403010302,2021103989,12,ヴァスキアン,0,2024,0.040223904,0.038022902
2024-04-13,202403010302,2021105185,13,ナンヨーレギュラー,0,2024,0.027511805,0.036834870
2024-04-13,202403010302,2021100893,15,タカイチミッキー,0,2024,0.110152788,0.133111089
2024-04-13,202403010302,2021102156,16,ワキノルーチェ,0,2024,0.105313912,0.110882595
2024-04-13,202403010305,2021103903,4,ヴァシロペス,1,2024,0.178238168,0.183741242
2024-04-13,202403010305,2021106010,5,ショコラエクレール,0,2024,0.086862214,0.088365622
2024-04-13,202403010305,2021105833,6,カリーシ,1,2024,0.564165294,0.568921745
2024-04-13,202403010305,2021101034,15,ビッグブロック,0,2024,0.034246176,0.038157459
2024-04-13,202403010305,2021102205,16,ドゥグラン,0,2024,0.092837378,0.084597774
2024-04-13,202403010309,2021105894,1,レアリゼアンレーヴ,0,2024,0.198813617,0.199237615
2024-04-13,202403010309,2021106854,2,ハピアーザンエバー,0,2024,0.176468670,0.170637801
2024-04-13,202403010309,2021101223,3,クィーンズハット,0,2024,0.246202394,0.237857774
2024-04-13,202403010309,2021102914,5,モズトキキ,1,2024,0.453746319,0.441716969
2024-04-13,202403010309,2021105358,7,アスティスプマンテ,1,2024,0.275490046,0.258195102
2024-04-13,202403010309,2021100594,8,アンバーニードル,1,2024,0.282554001,0.270447522
2024-04-13,202403010309,2021103552,9,イスラアズール,0,2024,0.180989072,0.171737105
2024-04-13,202403010309,2021100243,10,セイウンティーダ,0,2024,0.266389757,0.255797625
2024-04-13,202403010309,2021102433,11,アートフォーム,0,2024,0.217439473,0.189453855
2024-04-13,202403010309,2021105057,12,オンザヴィーナス,0,2024,0.196701780,0.186942399
2024-04-13,202403010309,2021102952,13,オベイユアマスター,0,2024,0.477308989,0.453379214
2024-04-13,202403010309,2021102388,14,カイコウ,0,2024,0.083068714,0.095091619
2024-04-13,202403010309,2021100060,15,レオエンプレス,0,2024,0.052851737,0.049170699
2024-04-13,202403010309,2021103695,16,ビコーズウイキャン,0,2024,0.046366144,0.048036825
2024-04-13,202406030708,2017101767,1,ベンガン,0,2024,0.166310579,0.141371459
2024-04-13,202406030708,2019105738,2,ピンクセイラー,0,2024,0.270458162,0.274346143
2024-04-13,202406030708,2020110090,3,ティニア,1,2024,0.452639222,0.451687396
2024-04-13,202406030708,2019104675,4,アップストローク,1,2024,0.293111652,0.307854474
2024-04-13,202406030708,2020106987,5,スムースベルベット,0,2024,0.450450778,0.458333880
2024-04-13,202406030708,2018110112,6,バラードインミラノ,0,2024,0.262553394,0.265503764
2024-04-13,202406030708,2019105508,7,ステルナティーア,0,2024,0.140958413,0.123284660
2024-04-13,202406030708,2019104361,8,テーオースパロー,0,2024,0.219918728,0.199245065
2024-04-13,202406030708,2018100097,9,スマートルシーダ,0,2024,0.231143594,0.243858799
2024-04-13,202406030708,2020105484,10,ニシノコウダイ,1,2024,0.311279893,0.289181560
2024-04-13,202406030708,2018103485,11,ジャガード,0,2024,0.050661106,0.042127673
2024-04-13,202406030708,2019103442,12,クラリティスケール,0,2024,0.073472582,0.067608073
2024-04-14,202403010407,2020101586,1,エルフレスアリー,1,2024,0.551596701,0.543180406
2024-04-14,202403010407,2020101378,2,アイヲツグモノ,1,2024,0.215759754,0.227830112
2024-04-14,202403010407,2020104739,3,ランスオブサウンド,1,2024,0.150727704,0.143827096
2024-04-14,202403010407,2018100593,4,タイガーリリー,0,2024,0.211649299,0.218285710
2024-04-14,202403010407,2019105265,5,アエリーゾ,0,2024,0.209706962,0.206998065
2024-04-14,202403010407,2019106290,6,プリティーメモリー,0,2024,0.060569260,0.058808722
2024-04-14,202403010407,2020105836,7,ゴールドレコーダー,0,2024,0.117471084,0.106573150
2024-04-14,202403010407,2018102069,8,ラナキラ,0,2024,0.186503649,0.178497761
2024-04-14,202403010407,2020104824,9,シンデレラスマイル,0,2024,0.307513386,0.292546660
2024-04-14,202403010407,2019102303,10,アイムファイン,0,2024,0.287003011,0.266242146
2024-04-14,202403010407,2020100347,11,クリノリアルレディ,0,2024,0.094179913,0.087002791
2024-04-14,202403010407,2020103915,12,ツインクルトーズ,0,2024,0.111875325,0.098933406
2024-04-14,202403010407,2020102294,13,スイープラン,0,2024,0.289959192,0.260252893
2024-04-14,202403010407,2019106470,14,アイファーマオ,0,2024,0.023241745,0.024652613
2024-04-14,202403010407,2018105386,15,カフジヴィオレッタ,0,2024,0.086796492,0.092887528
2024-04-14,202403010407,2020103196,16,アマギール,0,2024,0.100823596,0.098830141
2024-04-14,202403010409,2020101992,1,ライクアフラワー,0,2024,0.152232036,0.143270090
2024-04-14,202403010409,2020105409,2,ディアドコス,1,2024,0.195734456,0.216907904
2024-04-14,202403010409,2020106963,3,アンタノバラード,0,2024,0.524445713,0.526580691
2024-04-14,202403010409,2020106976,4,クレイプマートル,0,2024,0.123898976,0.104755059
2024-04-14,202403010409,2018103997,5,セイウンダイモス,0,2024,0.052415293,0.044027347
2024-04-14,202403010409,2020102377,6,サンタアナテソーロ,0,2024,0.181071430,0.179784477
2024-04-14,202403010409,2019110122,7,ブラヴィーノ,0,2024,0.100757860,0.102766886
2024-04-14,202403010409,2019103876,8,アパショナード,0,2024,0.334046811,0.343470693
2024-04-14,202403010409,2020100355,9,ナックブレイブ,0,2024,0.098890245,0.093456224
2024-04-14,202403010409,2018110149,10,コスモアディラート,1,2024,0.574804127,0.582096219
2024-04-14,202403010409,2020100673,11,ヒルノピレネー,0,2024,0.164672792,0.157496229
2024-04-14,202403010409,2019106972,12,ロストボール,0,2024,0.044031475,0.044278782
2024-04-14,202403010409,2018101951,13,タガノスペルノヴァ,1,2024,0.202344596,0.191986814
2024-04-14,202403010409,2018105357,14,ラピカズマ,0,2024,0.159718111,0.168821216
2024-04-14,202406030812,2019100791,1,シナモンスティック,0,2024,0.191351280,0.203500345
2024-04-14,202406030812,2017105661,2,ジュビリーヘッド,0,2024,0.101111107,0.086196758
2024-04-14,202406030812,2019105505,3,サーマルウインド,1,2024,0.347693443,0.384845972
2024-04-14,202406030812,2019100153,4,カワキタレブリー,0,2024,0.083201416,0.094899297
2024-04-14,202406030812,2019104915,5,バンデルオーラ,0,2024,0.096795574,0.096918330
2024-04-14,202406030812,2020110040,6,ヤクシマ,0,2024,0.157924175,0.164471224
2024-04-14,202406030812,2019104841,7,カルネアサーダ,0,2024,0.157500684,0.187105983
2024-04-14,202406030812,2019100450,8,ファロロジー,0,2024,0.131257936,0.121894561
2024-04-14,202406030812,2019103714,9,メイショウソラフネ,0,2024,0.244772673,0.249332994
2024-04-14,202406030812,2018106055,10,ヨシノイースター,1,2024,0.265956044,0.283105582
2024-04-14,202406030812,2019105459,11,ソウテン,0,2024,0.141721234,0.138407469
2024-04-14,202406030812,2018104347,12,ユキノファラオ,0,2024,0.215196073,0.203030050
2024-04-14,202406030812,2019101700,13,サトノレーヴ,1,2024,0.525594294,0.506862342
2024-04-14,202406030812,2020101503,14,カンチェンジュンガ,0,2024,0.218095496,0.209924832
2024-04-14,202406030812,2015105850,15,カイザーメランジェ,0,2024,0.018157119,0.019150566
2024-04-14,202406030812,2019110001,16,ショウナンハクラク,0,2024,0.142748550,0.137929335
2024-04-20,202403010502,2021105872,1,ベアゴーゴー,1,2024,0.663587213,0.692554474
2024-04-20,202403010502,2021101682,4,ギルティプレジャー,1,2024,0.305226326,0.303260773
2024-04-20,202403010502,2021102530,5,ジョーヌカレラ,0,2024,0.131963253,0.147811636
2024-04-20,202403010502,2021101662,9,ダンテズセヴン,0,2024,0.058914948,0.064855717
2024-04-20,202403010502,2021110074,10,スリータイガー,1,2024,0.105191194,0.110793076
2024-04-20,202403010502,2021100349,14,キープザナゲット,0,2024,0.029146649,0.032075442
2024-04-20,202403010502,2021101142,15,ユヌブリーズ,0,2024,0.283606142,0.270294994
2024-04-20,202403010509,2020101992,1,ライクアフラワー,1,2024,0.158830792,0.154273257
2024-04-20,202403010509,2020103962,2,ステークホルダー,1,2024,0.319030374,0.311178058
2024-04-20,202403010509,2019105765,3,ハウファアイルゴー,0,2024,0.042046782,0.039591789
2024-04-20,202403010509,2020106963,4,アンタノバラード,0,2024,0.425962567,0.417557150
2024-04-20,202403010509,2019102303,5,アイムファイン,0,2024,0.171922535,0.173250809
2024-04-20,202403010509,2020105409,6,ディアドコス,1,2024,0.273580819,0.275562078
2024-04-20,202403010509,2019101416,7,エールトゥヘヴン,0,2024,0.425329298,0.437511533
2024-04-20,202403010509,2019106637,8,アポロルタ,0,2024,0.202505127,0.194693759
2024-04-20,202403010509,2020106407,9,ライブリームーラン,0,2024,0.216182426,0.224755615
2024-04-20,202403010509,2020106821,10,ピースフルナイト,0,2024,0.123310454,0.124658771
2024-04-20,202403010509,2020104824,11,シンデレラスマイル,0,2024,0.211838707,0.211647585
2024-04-20,202403010509,2017101448,12,ウインアステロイド,0,2024,0.181538045,0.173818618
2024-04-20,202403010509,2020106976,13,クレイプマートル,0,2024,0.080471590,0.072977640
2024-04-20,202403010509,2019106179,14,ハートホイップ,0,2024,0.167362183,0.182170287
2024-04-21,202403010602,2021102277,1,ポトマックテソーロ,1,2024,0.292962223,0.282320976
2024-04-21,202403010602,2021101604,3,マクッテソフィア,0,2024,0.151100293,0.142737463
2024-04-21,202403010602,2021105033,5,カーモス,0,2024,0.281035423,0.267349720
2024-04-21,202403010602,2021105420,7,ランポレッキオ,0,2024,0.134519860,0.130655691
2024-04-21,202403010602,2021103982,11,ダイメイイチョウ,0,2024,0.132085741,0.126133457
2024-04-21,202403010602,2021106101,13,ビルマチーク,0,2024,0.021041613,0.020830588
2024-04-21,202403010602,2021100489,15,シルバヴール,0,2024,0.052534051,0.063350923
2024-04-21,202403010607,2021106208,1,リベリアンガール,0,2024,0.209179953,0.230578497
2024-04-21,202403010607,2021105131,2,ザハーフェル,0,2024,0.097912602,0.099434406
2024-04-21,202403010607,2021100476,4,ファイツオン,1,2024,0.722158074,0.733187497
2024-04-21,202403010607,2021100747,5,メイショウマゴイチ,0,2024,0.399208188,0.373785496
2024-04-21,202403010607,2021102339,7,ユッカラン,0,2024,0.193751112,0.223173589
2024-04-21,202403010607,2021100775,8,ナリタマフディー,0,2024,0.060817998,0.069762953
2024-04-21,202403010607,2021103053,9,ミラルージュ,0,2024,0.065474324,0.069954284
2024-04-21,202403010607,2021103119,10,ニシノアヤカゼ,1,2024,0.221584454,0.220200717
2024-04-21,202403010607,2021102402,12,ルージュエリシア,0,2024,0.083785050,0.073385730
2024-04-21,202403010607,2021106049,13,リケアオランジュ,0,2024,0.207866639,0.216410726
2024-04-21,202403010607,2021106347,14,ピクラリーダ,0,2024,0.071124889,0.063867219
2024-04-21,202403010607,2021106809,15,コスモララバイ,1,2024,0.529517829,0.509783089
2024-04-21,202403010611,2019101262,1,ショウナンアメリア,0,2024,0.143689707,0.133532658
2024-04-21,202403010611,2019104498,2,インプロバイザー,0,2024,0.287746191,0.275657594
2024-04-21,202403010611,2019104386,3,トーセンサンダー,0,2024,0.327308595,0.330786347
2024-04-21,202403010611,2019105191,4,コナブラック,0,2024,0.363417894,0.365643382
2024-04-21,202403010611,2018106455,5,メイショウハボタン,0,2024,0.152427986,0.180425361
2024-04-21,202403010611,2019106700,6,ヒロノゴウカイ,0,2024,0.060423244,0.055452991
2024-04-21,202403010611,2019100772,7,ポルタフォルトゥナ,1,2024,0.198120683,0.200330153
2024-04-21,202403010611,2020102299,8,アシャカタカ,1,2024,0.293843567,0.278995275
2024-04-21,202403010611,2019101270,9,ヨール,0,2024,0.158955276,0.157312602
2024-04-21,202403010611,2018102910,10,ファルヴォーレ,0,2024,0.049871959,0.053470790
2024-04-21,202403010611,2020101195,11,ゴルトリッチ,0,2024,0.245169789,0.242173582
2024-04-21,202403010611,2019103897,12,ハピネスアゲン,0,2024,0.255136281,0.255695969
2024-04-21,202403010611,2020106330,13,ラウラーナ,0,2024,0.156807870,0.144164160
2024-04-21,202403010611,2020102488,14,トーセンエスクード,1,2024,0.337718010,0.328851998
2024-04-21,202403010611,2020106987,15,スムースベルベット,0,2024,0.169451043,0.152829140
2024-04-21,202403010611,2019103193,16,トリップトゥムーン,0,2024,0.160066769,0.147216886
2024-04-27,202404010112,2020102965,1,マルカシャルマン,0,2024,0.164325237,0.157542557
2024-04-27,202404010112,2019103876,2,アパショナード,1,2024,0.337342948,0.344291151
2024-04-27,202404010112,2020100355,3,ナックブレイブ,0,2024,0.136892274,0.126996055
2024-04-27,202404010112,2020104796,4,ホイッスルソング,0,2024,0.311135024,0.344267786
2024-04-27,202404010112,2020101372,5,クリノエンジェル,0,2024,0.191827223,0.190958455
2024-04-27,202404010112,2019102320,6,サイモンカーチス,0,2024,0.047743436,0.046800200
2024-04-27,202404010112,2019110122,7,ブラヴィーノ,0,2024,0.339825273,0.352406085
2024-04-27,202404010112,2020104676,8,マイレーヌ,1,2024,0.660751343,0.648194611
2024-04-27,202404010112,2020102294,9,スイープラン,0,2024,0.452341408,0.439741522
2024-04-27,202404010112,2020103915,10,ツインクルトーズ,1,2024,0.256972164,0.252555788
2024-04-28,202408030410,2020104613,1,タツダイヤモンド,0,2024,0.208108783,0.205416083
2024-04-28,202408030410,2019105044,2,アドマイヤラヴィ,0,2024,0.259306937,0.280447215
2024-04-28,202408030410,2018103926,3,ショウナンラスボス,0,2024,0.150047019,0.181143746
2024-04-28,202408030410,2020100815,4,ミルトクレイモー,1,2024,0.228280470,0.240365669
2024-04-28,202408030410,2020104194,5,ルーフ,0,2024,0.248039126,0.267978847
2024-04-28,202408030410,2020110114,6,スリーアイランド,0,2024,0.251321971,0.270879507
2024-04-28,202408030410,2018100141,7,シャークスポット,0,2024,0.145706609,0.148376077
2024-04-28,202408030410,2018100693,8,ブルーシンフォニー,0,2024,0.126907930,0.115747266
2024-04-28,202408030410,2016104227,9,ジョニーズララバイ,0,2024,0.045882899,0.049660515
2024-04-28,202408030410,2019100751,10,マイネルレノン,1,2024,0.136272848,0.145920321
2024-04-28,202408030410,2019107016,11,ウナギノボリ,0,2024,0.044423901,0.041106854
2024-04-28,202408030410,2019102786,12,ウォータールグラン,0,2024,0.132321045,0.157596797
2024-04-28,202408030410,2018102585,13,ロードラスター,0,2024,0.062044360,0.061934918
2024-04-28,202408030410,2019100652,14,ハギノモーリス,0,2024,0.232393712,0.219622776
2024-04-28,202408030410,2016102801,15,ロングファイナリー,0,2024,0.036249671,0.037461720
2024-04-28,202408030410,2020101543,16,グランテスト,1,2024,0.341043234,0.338151783
2024-04-28,202408030410,2020102630,17,アルーリングビュー,0,2024,0.259267539,0.231068015
2024-04-28,202408030410,2019102522,18,ドグマ,0,2024,0.092338733,0.109902605
2024-05-04,202404010309,2021100243,1,セイウンティーダ,0,2024,0.241088673,0.229401991
2024-05-04,202404010309,2021104404,2,シュークリーム,0,2024,0.139178351,0.141560793
2024-05-04,202404010309,2021102670,3,イサチルシーサイド,0,2024,0.173012719,0.175366670
2024-05-04,202404010309,2021104074,4,ラブディーヴァ,0,2024,0.152581483,0.142285645
2024-05-04,202404010309,2021101905,5,キョウエイカンセ,0,2024,0.070537098,0.069423065
2024-05-04,202404010309,2021101730,6,ピコサン,0,2024,0.230729893,0.243643090
2024-05-04,202404010309,2021100152,7,ベストオブユー,0,2024,0.281288892,0.295232922
2024-05-04,202404010309,2021110049,8,アウェイキング,1,2024,0.364762932,0.368511975
2024-05-04,202404010309,2021103039,9,ゴーインマイウェイ,1,2024,0.280537367,0.267153531
2024-05-04,202404010309,2021104401,10,ヴェサリウス,1,2024,0.145421714,0.141860858
2024-05-04,202404010309,2021101386,11,コールミーメイビー,0,2024,0.017674185,0.016300941
2024-05-04,202404010309,2021100144,12,ロードトレゾール,0,2024,0.171828896,0.182816371
2024-05-04,202404010309,2021104140,13,グレースルージュ,0,2024,0.150022671,0.148957133
2024-05-04,202404010309,2021110153,14,ジェネラーレ,0,2024,0.113290586,0.109461509
2024-05-04,202404010309,2021105068,15,クリノハレルヤ,0,2024,0.222044632,0.229485810
2024-05-04,202404010309,2021104481,16,ビアフォーナウ,0,2024,0.125423864,0.120620117
2024-05-05,202404010402,2021103354,3,メイショウイチリン,0,2024,0.023091786,0.023947202
2024-05-05,202404010402,2021100297,4,ブルボンクイーン,0,2024,0.558123469,0.557270765
2024-05-05,202404010402,2021105033,5,カーモス,0,2024,0.161085129,0.159602687
2024-05-05,202404010402,2021104540,6,スプレムータ,0,2024,0.224868238,0.231940269
2024-05-05,202404010402,2021103516,10,ポジティブスピン,0,2024,0.135553524,0.145463228
2024-05-05,202404010402,2021100777,11,ベニスズメ,0,2024,0.077632718,0.073854953
2024-05-05,202404010402,2021103903,12,ヴァシロペス,0,2024,0.194973201,0.202809334
2024-05-05,202404010402,2021101601,14,エガオニナッテ,1,2024,0.329973847,0.300589800
2024-05-05,202404010402,2021105866,15,ミッキーキャンドル,1,2024,0.493013084,0.459061235
2024-05-05,202408030611,2017100583,1,ディヴィナシオン,0,2024,0.227140531,0.245774090
2024-05-05,202408030611,2020110040,2,ヤクシマ,0,2024,0.295887351,0.310118943
2024-05-05,202408030611,2018102155,3,マイネルジェロディ,0,2024,0.284067392,0.302808881
2024-05-05,202408030611,2018104885,4,アスコルターレ,0,2024,0.040859513,0.034489553
2024-05-05,202408030611,2016104668,5,カリボール,1,2024,0.107072346,0.125105694
2024-05-05,202408030611,2019104911,6,プルパレイ,1,2024,0.090306178,0.095359027
2024-05-05,202408030611,2016110119,7,ジャスパージャック,0,2024,0.085982636,0.083162889
2024-05-05,202408030611,2020103434,8,カルロヴェローチェ,0,2024,0.400601566,0.415599167
2024-05-05,202408030611,2017106720,9,サンライズオネスト,0,2024,0.214083940,0.220127612
2024-05-05,202408030611,2020110155,10,レイベリング,0,2024,0.551014245,0.568877578
2024-05-05,202408030611,2020104056,11,オールパルフェ,0,2024,0.161311805,0.161180243
2024-05-05,202408030611,2017100091,12,スマートクラージュ,0,2024,0.516424060,0.552497804
2024-05-05,202408030611,2019105512,13,ジャスティンスカイ,1,2024,0.277851164,0.267888784
2024-05-11,202408030707,2020104087,1,グランツベリー,0,2024,0.246811807,0.238523498
2024-05-11,202408030707,2019103193,2,トリップトゥムーン,0,2024,0.180102378,0.182148635
2024-05-11,202408030707,2018102281,3,キタノエクスプレス,1,2024,0.432951391,0.435694754
2024-05-11,202408030707,2019102436,4,ミズノコキュウ,0,2024,0.135600120,0.147298425
2024-05-11,202408030707,2019103442,5,クラリティスケール,0,2024,0.079489820,0.082036704
2024-05-11,202408030707,2020103238,6,オックスリップ,1,2024,0.308326900,0.323161393
2024-05-11,202408030707,2017101991,7,テンジュイン,0,2024,0.098220535,0.104094245
2024-05-11,202408030707,2020101897,8,レッドヒルシューズ,0,2024,0.315461069,0.309899360
2024-05-11,202408030707,2020105568,9,ハクサンパイオニア,0,2024,0.245998278,0.236358047
2024-05-11,202408030707,2019106099,10,ラブリアージェ,0,2024,0.072563730,0.071799561
2024-05-11,202408030707,2018103620,11,ロゼクラン,1,2024,0.118667774,0.128116384
2024-05-11,202408030707,2020104825,12,スカプラリオ,0,2024,0.189972371,0.204450563
2024-05-11,202408030707,2018106455,13,メイショウハボタン,0,2024,0.185051829,0.206525177
2024-05-11,202408030707,2018104322,14,プレジールミノル,0,2024,0.068758540,0.081170924
2024-05-12,202404010612,2020103588,1,マテンロウナイト,0,2024,0.206199661,0.200493842
2024-05-12,202404010612,2018100593,2,タイガーリリー,0,2024,0.266513497,0.257365167
2024-05-12,202404010612,2019105322,3,アルファヒディ,0,2024,0.167804092,0.168597147
2024-05-12,202404010612,2020103962,4,ステークホルダー,0,2024,0.436252475,0.439755470
2024-05-12,202404010612,2018100618,5,トーホウジュナール,1,2024,0.166301787,0.178253919
2024-05-12,202404010612,2020100289,6,シルバーダイヤ,0,2024,0.190451086,0.179305196
2024-05-12,202404010612,2020103894,7,ホウオウマーメイド,0,2024,0.242059141,0.237699375
2024-05-12,202404010612,2018105357,8,ラピカズマ,1,2024,0.160362840,0.140929788
2024-05-12,202404010612,2019101865,9,ストームサージ,0,2024,0.044306159,0.048010185
2024-05-12,202404010612,2019103517,10,ディージェーサン,0,2024,0.259130567,0.274187416
2024-05-12,202404010612,2020100355,11,ナックブレイブ,0,2024,0.087948188,0.078956015
2024-05-12,202404010612,2017101448,12,ウインアステロイド,1,2024,0.212941736,0.209369406
2024-05-12,202404010612,2020103883,13,レイレフア,0,2024,0.041823700,0.035363737
2024-05-12,202408030803,2021102165,1,バニッツア,0,2024,0.088865690,0.089588866
2024-05-12,202408030803,2021105500,2,プエルタセクレタ,0,2024,0.202937707,0.200618893
2024-05-12,202408030803,2021100135,3,セブンセコンズ,0,2024,0.168878376,0.175740555
2024-05-12,202408030803,2021110074,5,スリータイガー,0,2024,0.299844652,0.295244843
2024-05-12,202408030803,2021103211,6,メイショウロージー,0,2024,0.123583958,0.122478507
2024-05-12,202408030803,2021100718,7,テキーラワルツ,0,2024,0.118292503,0.118147813
2024-05-12,202408030803,2021100710,8,カネトシショウカ,0,2024,0.160680175,0.168675363
2024-05-12,202408030803,2021103977,9,リチャードバローズ,1,2024,0.591233730,0.585507333
2024-05-12,202408030803,2021105217,10,プルミエプランタン,0,2024,0.240097746,0.239937425
2024-05-12,202408030803,2021104096,11,ミッキージャスミン,1,2024,0.134580761,0.135433540
2024-05-12,202408030803,2021105810,12,ロカブルン,0,2024,0.147735834,0.130218595
2024-05-12,202408030803,2021101601,13,エガオニナッテ,1,2024,0.386868238,0.400226176
2024-05-12,202408030803,2021100233,14,テーオーサファイア,0,2024,0.145372927,0.156841919
2024-05-12,202408030803,2021101604,15,マクッテソフィア,0,2024,0.310417205,0.318503380
2024-05-12,202408030803,2021105563,17,シャドフ,0,2024,0.239118099,0.213951096
2024-05-12,202408030807,2019106333,1,ジャマン,0,2024,0.093061164,0.082135171
2024-05-12,202408030807,2019105265,2,アエリーゾ,1,2024,0.366107941,0.398979366
2024-05-12,202408030807,2019110127,3,サトノプリエール,1,2024,0.339078933,0.375126064
2024-05-12,202408030807,2019100548,4,タガノミア,0,2024,0.470993400,0.457313716
2024-05-12,202408030807,2020105409,5,ディアドコス,1,2024,0.467644602,0.494116277
2024-05-12,202408030807,2020100500,6,ヴィエンヌ,0,2024,0.290068686,0.315890372
2024-05-12,202408030807,2020106737,7,メイショウコギク,0,2024,0.195471242,0.183288917
2024-05-12,202408030807,2019102062,8,ハルカナネガイ,0,2024,0.116088793,0.120601304
2024-05-12,202408030807,2020102646,9,クラックオブドーン,0,2024,0.148165151,0.137936994
2024-05-12,202408030807,2020105892,10,ヴァルトラウテ,0,2024,0.158934504,0.163857073
2024-05-12,202408030807,2019103953,11,シグルドリーヴァ,0,2024,0.194172859,0.192958817
2024-05-12,202408030807,2020105897,12,ソアラ,0,2024,0.044073943,0.045497388
2024-05-12,202408030807,2019105059,13,エレアイム,0,2024,0.111878023,0.122724511
2024-05-12,202408030807,2020106722,14,クインズエルサ,0,2024,0.145155892,0.137022540
2024-05-18,202404010711,2019105175,1,ステイトダイアデム,0,2024,0.243875846,0.247166157
2024-05-18,202404010711,2018110149,2,コスモアディラート,0,2024,0.404430747,0.434960216
2024-05-18,202404010711,2020103915,3,ツインクルトーズ,0,2024,0.194323540,0.194658950
2024-05-18,202404010711,2019104536,4,カイカノキセキ,0,2024,0.134201646,0.121022530
2024-05-18,202404010711,2017101991,5,テンジュイン,0,2024,0.071117297,0.068900481
2024-05-18,202404010711,2019104386,6,トーセンサンダー,0,2024,0.239681587,0.251743168
2024-05-18,202404010711,2019101270,7,ヨール,0,2024,0.246314362,0.264432102
2024-05-18,202404010711,2020102971,8,サトノグレイト,1,2024,0.239633441,0.244652018
2024-05-18,202404010711,2019103897,9,ハピネスアゲン,0,2024,0.258671701,0.270500392
2024-05-18,202404010711,2020100686,10,ジョリダム,0,2024,0.070528440,0.061189897
2024-05-18,202404010711,2019100578,11,クインズプリーズ,1,2024,0.055840813,0.050228059
2024-05-18,202404010711,2019104356,12,ディオアステリア,1,2024,0.235069469,0.243050277
2024-05-18,202404010711,2017102809,13,ガリレイ,0,2024,0.107677892,0.108823918
2024-05-18,202404010711,2018104765,14,イズンシーラブリー,0,2024,0.115389146,0.117424935
2024-05-18,202404010711,2020103898,15,イグニション,0,2024,0.088691525,0.087920882
2024-05-18,202404010711,2019102068,16,シャウビンダー,0,2024,0.155680880,0.149041146
2024-05-19,202404010802,2021103352,1,メイショウテンヨウ,0,2024,0.072016686,0.080614485
2024-05-19,202404010802,2021101142,6,ユヌブリーズ,0,2024,0.151495412,0.152618736
2024-05-19,202404010802,2021101026,7,エコロアモーレ,0,2024,0.465218246,0.487302363
2024-05-19,202404010802,2021104627,10,モズマサニャン,1,2024,0.572218597,0.571357667
2024-05-19,202404010802,2021102833,11,メイショウバンリ,0,2024,0.031661376,0.033171985
2024-05-19,202404010802,2021104589,12,ジーティースピカ,0,2024,0.156741485,0.160652176
2024-05-19,202404010802,2021101769,14,ドレッド,1,2024,0.319839388,0.317218781
2024-05-19,202404010802,2021100438,16,ミルタンドレス,0,2024,0.137685657,0.125510305
2024-05-19,202408031007,2021101102,1,ナムラエデン,1,2024,0.527487159,0.512447834
2024-05-19,202408031007,2021104140,2,グレースルージュ,0,2024,0.283957362,0.297951579
2024-05-19,202408031007,2021100144,3,ロードトレゾール,0,2024,0.407404482,0.403793216
2024-05-19,202408031007,2021100359,5,スカイキャンバス,0,2024,0.445622861,0.495048463
2024-05-19,202408031007,2021101682,7,ギルティプレジャー,0,2024,0.259089470,0.266440570
2024-05-19,202408031007,2021106586,8,ラブカムーン,0,2024,0.154518306,0.157726794
2024-05-19,202408031007,2021102561,9,キーウェーブ,1,2024,0.207557023,0.194848433
2024-05-19,202408031007,2021102164,10,ドランクマン,0,2024,0.102377295,0.104198866
2024-05-19,202408031007,2021110033,11,パッシングシャワー,0,2024,0.245626912,0.232562765
2024-05-25,202408031111,2021102888,1,ナムラアトム,0,2024,0.340937018,0.309606582
2024-05-25,202408031111,2021105054,2,モンシュマン,0,2024,0.187833607,0.182721570
2024-05-25,202408031111,2021100494,3,ガロンヌ,0,2024,0.350140303,0.346907049
2024-05-25,202408031111,2021104908,4,ニコラウス,0,2024,0.269096881,0.233442500
2024-05-25,202408031111,2021102315,5,アスクワンタイム,0,2024,0.063305214,0.057359140
2024-05-25,202408031111,2021103323,6,オーキッドロマンス,0,2024,0.485636771,0.503521383
2024-05-25,202408031111,2021100768,7,ジョーローリット,0,2024,0.066032663,0.063722886
2024-05-25,202408031111,2021102914,8,モズトキキ,0,2024,0.269142896,0.229755178
2024-05-25,202408031111,2021110049,9,アウェイキング,0,2024,0.235044956,0.217863426
2024-05-25,202408031111,2021110027,10,エトヴプレ,0,2024,0.293646783,0.276369005
2024-05-25,202408031111,2021104153,11,エポックヴィーナス,0,2024,0.255311638,0.264831901
2024-05-25,202408031111,2021105242,12,シカゴスティング,0,2024,0.196970373,0.184790567
2024-05-25,202408031111,2021102320,13,ペアポルックス,1,2024,0.375483841,0.358675510
2024-05-25,202408031111,2021102392,14,ナナオ,1,2024,0.217629969,0.210542843
2024-05-25,202408031111,2021104006,15,クリスアーサー,0,2024,0.104200572,0.102594025
2024-05-25,202408031111,2021105485,16,エリカカリーナ,0,2024,0.280100107,0.272770166
2024-05-25,202408031111,2021107058,17,ピューロマジック,1,2024,0.222345769,0.202271193
2024-05-25,202408031111,2021104556,18,カルチャーデイ,0,2024,0.140948221,0.148942083
2024-06-02,202408040209,2021110132,1,ジャスパーノワール,0,2024,0.173426375,0.163393393
2024-06-02,202408040209,2020101284,2,ルクスドヌーヴ,0,2024,0.240544766,0.247501612
2024-06-02,202408040209,2021110021,3,スピリットガイド,0,2024,0.314270109,0.304360181
2024-06-02,202408040209,2019102458,4,ワンダーキサラ,1,2024,0.202498823,0.205003977
2024-06-02,202408040209,2021101523,5,キャプテンネキ,0,2024,0.548403800,0.525811255
2024-06-02,202408040209,2020105568,6,ハクサンパイオニア,0,2024,0.180076912,0.188855737
2024-06-02,202408040209,2018103620,7,ロゼクラン,0,2024,0.184374183,0.195416793
2024-06-02,202408040209,2018100618,8,トーホウジュナール,0,2024,0.149874553,0.152851403
2024-06-02,202408040209,2021105771,9,ミルテンベルク,1,2024,0.206783161,0.201109752
2024-06-02,202408040209,2017102809,10,ガリレイ,0,2024,0.264206678,0.257434756
2024-06-02,202408040209,2020104825,11,スカプラリオ,0,2024,0.148873761,0.160252407
2024-06-02,202408040209,2021100130,12,ロードフォアエース,1,2024,0.311911732,0.317081183
2024-06-02,202408040209,2020100736,13,ビッグボーンリタ,0,2024,0.040781770,0.034275144
2024-06-02,202408040209,2020104942,14,シルフィードレーヴ,0,2024,0.119782977,0.124759302
2024-06-08,202402010101,2021104839,2,プレアデスグループ,1,2024,0.407823801,0.396009237
2024-06-08,202402010101,2021105696,3,ステイチューンド,0,2024,0.220782444,0.216138497
2024-06-08,202402010101,2021102411,4,ルチェッタ,0,2024,0.217039749,0.261774659
2024-06-08,202402010101,2021103092,5,ナムラローズマリー,1,2024,0.578398228,0.559488416
2024-06-08,202402010101,2021103554,6,リルフロスト,0,2024,0.072307028,0.070604473
2024-06-08,202402010101,2021102151,7,モズイージス,0,2024,0.074309990,0.078490995
2024-06-08,202402010101,2021101906,8,フジゴウキャク,0,2024,0.193565503,0.177438438
2024-06-08,202402010101,2021104057,9,サクラリゲル,0,2024,0.138183162,0.154070854
2024-06-08,202402010101,2021105937,11,プレシャスシル,0,2024,0.027720051,0.027773293
2024-06-08,202402010101,2021101100,12,ルクスアドラー,1,2024,0.317295909,0.315551162
2024-06-08,202402010101,2021103277,13,メイショウマサユメ,0,2024,0.151885211,0.134829909
2024-06-08,202402010101,2021101245,14,カチヌキマリコ,0,2024,0.308810532,0.278114527
2024-06-08,202402010101,2021101790,15,ブイキャット,0,2024,0.113134183,0.108223952
2024-06-08,202402010101,2021106925,16,ボナール,0,2024,0.170197189,0.162414208
2024-06-08,202402010111,2020100151,1,スクルプトーリス,0,2024,0.118165769,0.106450945
2024-06-08,202402010111,2019101679,2,ヴィアドロローサ,0,2024,0.190148801,0.205561921
2024-06-08,202402010111,2018104559,3,ナリタローゼ,1,2024,0.246083230,0.238489211
2024-06-08,202402010111,2021106440,4,アララララ,0,2024,0.472510695,0.467185438
2024-06-08,202402010111,2019100772,5,ポルタフォルトゥナ,1,2024,0.229961008,0.253699899
2024-06-08,202402010111,2018100097,6,スマートルシーダ,0,2024,0.191696703,0.183994070
2024-06-08,202402010111,2020103634,7,ミスヨコハマ,0,2024,0.232999980,0.233110860
2024-06-08,202402010111,2021110039,8,コーティアスマナー,1,2024,0.481122851,0.486041009
2024-06-08,202402010111,2019104356,9,ディオアステリア,0,2024,0.370322168,0.390368521
2024-06-08,202402010111,2019104675,10,アップストローク,0,2024,0.224528417,0.223955780
2024-06-08,202402010111,2019101262,11,ショウナンアメリア,0,2024,0.141024232,0.139295235
2024-06-08,202402010111,2019110106,12,オカンモシャチョウ,0,2024,0.080401637,0.083703153
2024-06-08,202402010111,2020102140,13,アンビバレント,0,2024,0.055826999,0.054257605
2024-06-08,202402010111,2020105484,14,ニシノコウダイ,0,2024,0.237858042,0.219674259
2024-06-08,202402010111,2020106795,15,フクノワカバ,0,2024,0.045918640,0.043320552
2024-06-08,202402010111,2020102568,16,ワイアウ,0,2024,0.060770921,0.063755058
2024-06-08,202408040304,2021105217,1,プルミエプランタン,0,2024,0.340150714,0.351656020
2024-06-08,202408040304,2021105046,6,リプレット,0,2024,0.126537383,0.128098026
2024-06-08,202408040304,2021101126,8,クリノローレライ,0,2024,0.038456943,0.043970127
2024-06-08,202408040304,2021101474,9,マーメイド,0,2024,0.214100018,0.219853342
2024-06-08,202408040304,2021106613,10,チェリアーナ,0,2024,0.074479498,0.077251449
2024-06-08,202408040304,2021102164,11,ドランクマン,1,2024,0.241269588,0.247258514
2024-06-08,202408040304,2021104396,13,ムーンセット,0,2024,0.068523794,0.065449037
2024-06-08,202408040304,2021106019,14,キルケロッソ,1,2024,0.142607659,0.146765143
2024-06-08,202408040304,2021105563,15,シャドフ,1,2024,0.327638000,0.324023634
2024-06-08,202408040304,2021101601,17,エガオニナッテ,0,2024,0.427181512,0.430947900
2024-06-08,202408040304,2021102909,18,ホーギー,0,2024,0.040957287,0.045108050
2024-06-09,202402010201,2021104933,1,カントゥータ,0,2024,0.112182461,0.118986994
2024-06-09,202402010201,2021100747,2,メイショウマゴイチ,0,2024,0.316702247,0.299346179
2024-06-09,202402010201,2021110098,3,カフジニホニウム,0,2024,0.347059101,0.375499606
2024-06-09,202402010201,2021102401,4,グランテレーズ,1,2024,0.449301094,0.433857024
2024-06-09,202402010201,2021103025,5,シナモンデイジー,0,2024,0.105017595,0.102090001
2024-06-09,202402010201,2021102686,6,ニシノシャミナード,1,2024,0.269078255,0.255476266
2024-06-09,202402010201,2021105872,8,ベアゴーゴー,1,2024,0.590390205,0.589691520
2024-06-09,202402010201,2021102675,11,ライズガール,0,2024,0.124119461,0.127603993
2024-06-09,202402010201,2021106050,12,フィローシャ,0,2024,0.128018126,0.129875302
2024-06-09,202402010201,2021101064,14,ノイヤー,0,2024,0.285505205,0.275399059
2024-06-09,202402010201,2021104989,16,オレンジサファイア,0,2024,0.115170546,0.111046538
2024-06-09,202402010208,2021105039,1,ゴールドサーベル,0,2024,0.212281600,0.201617703
2024-06-09,202402010208,2019101446,2,ワンリオン,0,2024,0.255424082,0.259595782
2024-06-09,202402010208,2021100359,3,スカイキャンバス,0,2024,0.336644262,0.333762974
2024-06-09,202402010208,2020103356,4,クファシル,1,2024,0.098422199,0.099631898
2024-06-09,202402010208,2020100342,5,メージャーテソーロ,0,2024,0.116496861,0.115621470
2024-06-09,202402010208,2020104340,7,ハッピーパンニャ,0,2024,0.177668527,0.169331834
2024-06-09,202402010208,2020104415,8,スピニングマーリン,0,2024,0.020680673,0.023291957
2024-06-09,202402010208,2021103325,9,カレンナオトメ,0,2024,0.264661103,0.235444695
2024-06-09,202402010208,2021106594,10,ヤマニンアストロン,0,2024,0.375469655,0.367918938
2024-06-09,202402010208,2021100522,11,ジョーメッドヴィン,1,2024,0.420698076,0.413172543
2024-06-09,202402010208,2020105525,12,カツノテンス,0,2024,0.076062828,0.069658816
2024-06-09,202402010208,2019106183,13,カフェクロニクル,0,2024,0.195856303,0.236265466
2024-06-09,202402010211,2020109102,1,サウザンサニー,0,2024,0.414738297,0.433223099
2024-06-09,202402010211,2015105850,2,カイザーメランジェ,0,2024,0.021107713,0.018544877
2024-06-09,202402010211,2020105154,3,アサカラキング,0,2024,0.369003683,0.419413626
2024-06-09,202402010211,2019101700,4,サトノレーヴ,1,2024,0.515571475,0.513261974
2024-06-09,202402010211,2019105658,5,オタルエバー,0,2024,0.166273937,0.178034201
2024-06-09,202402010211,2019100791,6,シナモンスティック,0,2024,0.114919946,0.119190574
2024-06-09,202402010211,2018110035,7,シュバルツカイザー,0,2024,0.092110984,0.086324722
2024-06-09,202402010211,2019104841,8,カルネアサーダ,0,2024,0.232927829,0.232605383
2024-06-09,202402010211,2019104470,9,キミワクイーン,0,2024,0.136147365,0.142076105
2024-06-09,202402010211,2017101423,10,ウイングレイテスト,1,2024,0.159199417,0.162271246
2024-06-09,202402010211,2019105512,11,ジャスティンスカイ,0,2024,0.210525095,0.200421527
2024-06-09,202402010211,2017105661,12,ジュビリーヘッド,0,2024,0.127386987,0.123744935
2024-06-09,202402010211,2020100896,13,ビッグシーザー,1,2024,0.374696493,0.393053740
2024-06-09,202402010211,2020103639,14,セッション,0,2024,0.290914774,0.323368669
2024-06-09,202402010211,2019100965,15,マテンロウオリオン,0,2024,0.057120558,0.062960170
2024-06-09,202402010211,2018101343,16,ゾンニッヒ,0,2024,0.217109591,0.197590142
2024-06-09,202408040412,2021107063,1,イツモニコニコ,1,2024,0.192337856,0.199011266
2024-06-09,202408040412,2020102537,2,チカポコ,0,2024,0.123191066,0.114499785
2024-06-09,202408040412,2018103125,3,モラトリアム,0,2024,0.208794564,0.247259274
2024-06-09,202408040412,2020102271,4,コスモグングニール,0,2024,0.311965883,0.314751476
2024-06-09,202408040412,2020105897,5,ソアラ,0,2024,0.142171308,0.136207566
2024-06-09,202408040412,2021105435,6,アナベルエクラ,0,2024,0.044251841,0.043035917
2024-06-09,202408040412,2019102062,7,ハルカナネガイ,0,2024,0.059122033,0.059735101
2024-06-09,202408040412,2020106777,8,セレッソデアモール,0,2024,0.152129844,0.147009894
2024-06-09,202408040412,2021102461,9,バンドシェル,1,2024,0.508702695,0.520124495
2024-06-09,202408040412,2021100782,10,ドナヴィーナス,0,2024,0.272150218,0.275154322
2024-06-09,202408040412,2021102561,11,キーウェーブ,0,2024,0.230839431,0.204629257
2024-06-09,202408040412,2021101102,12,ナムラエデン,0,2024,0.399247468,0.414159626
2024-06-09,202408040412,2019105265,13,アエリーゾ,1,2024,0.295145184,0.334474385
2024-06-15,202402010301,2021106008,1,プラビータ,0,2024,0.090812422,0.091765292
2024-06-15,202402010301,2021102331,2,シンパティカ,0,2024,0.112159319,0.130432993
2024-06-15,202402010301,2021105297,3,マースフルガール,0,2024,0.251835257,0.244924918
2024-06-15,202402010301,2021110074,4,スリータイガー,0,2024,0.136016905,0.138207763
2024-06-15,202402010301,2021102055,5,グランバイオレット,0,2024,0.052037153,0.053816590
2024-06-15,202402010301,2021106208,6,リベリアンガール,0,2024,0.124778263,0.125284970
2024-06-15,202402010301,2021103052,7,サニイアール,1,2024,0.309136897,0.291442811
2024-06-15,202402010301,2021110042,8,サクソフィーナ,0,2024,0.347338766,0.358643353
2024-06-15,202402010301,2021101136,9,セジールレーヴ,0,2024,0.176544800,0.187537119
2024-06-15,202402010301,2021100775,10,ナリタマフディー,0,2024,0.078981623,0.076007508
2024-06-15,202402010301,2021100016,11,ポリトナリティー,0,2024,0.139920697,0.143469259
2024-06-15,202402010301,2021102402,12,ルージュエリシア,0,2024,0.150081605,0.144291446
2024-06-15,202402010301,2021104015,13,シャイニングキセキ,0,2024,0.103433825,0.094138734
2024-06-15,202402010301,2021100718,14,テキーラワルツ,1,2024,0.140395880,0.141410843
2024-06-15,202402010301,2021101100,15,ルクスアドラー,0,2024,0.388392359,0.391708016
2024-06-15,202402010301,2021100157,16,ロードトレイル,1,2024,0.300277799,0.269246370
2024-06-15,202402010309,2020106963,1,アンタノバラード,0,2024,0.628203928,0.613091350
2024-06-15,202402010309,2020102646,2,クラックオブドーン,0,2024,0.116628379,0.132909700
2024-06-15,202402010309,2021110003,3,アンドアイラヴハー,1,2024,0.783692300,0.791731119
2024-06-15,202402010309,2019101643,4,バシレウスシチー,1,2024,0.545121670,0.537153423
2024-06-15,202402010309,2021103118,5,セイウンサニー,0,2024,0.045292482,0.040352419
2024-06-15,202402010309,2021110099,6,ジューンブレア,1,2024,0.393082261,0.365178913
2024-06-15,202402010309,2019110122,7,ブラヴィーノ,0,2024,0.143700480,0.145687461
2024-06-15,202402010309,2021106666,8,レイニングキャット,0,2024,0.446656913,0.441731185
2024-06-15,202402010311,2019102938,1,ニシノレバンテ,0,2024,0.197601408,0.190962955
2024-06-15,202402010311,2019104386,2,トーセンサンダー,1,2024,0.403790385,0.392044544
2024-06-15,202402010311,2019105508,3,ステルナティーア,0,2024,0.148798481,0.161943734
2024-06-15,202402010311,2020102718,4,オルフェスト,0,2024,0.444446981,0.448637784
2024-06-15,202402010311,2020103898,5,イグニション,0,2024,0.187919796,0.198486239
2024-06-15,202402010311,2019104738,6,サウンドクレア,0,2024,0.172982857,0.156599179
2024-06-15,202402010311,2020105484,7,ニシノコウダイ,1,2024,0.314964950,0.313454092
2024-06-15,202402010311,2019103594,8,レッドアヴァンティ,1,2024,0.527589858,0.540757716
2024-06-15,202402010311,2020102140,9,アンビバレント,0,2024,0.082183585,0.079557642
2024-06-15,202402010311,2019102436,10,ミズノコキュウ,0,2024,0.155686945,0.158350334
2024-06-15,202402010311,2020100686,11,ジョリダム,0,2024,0.122650884,0.130292669
2024-06-15,202402010311,2020104088,12,ランドオブラヴ,0,2024,0.386358470,0.416478157
2024-06-16,202402010402,2021103218,2,モリエヌス,0,2024,0.105394684,0.110021859
2024-06-16,202402010402,2021100698,3,ヴィーケン,0,2024,0.371193767,0.354847044
2024-06-16,202402010402,2021106692,5,ヘキルリ,1,2024,0.189690351,0.196479306
2024-06-16,202402010402,2021105205,6,レッドマーレ,0,2024,0.066323377,0.069414191
2024-06-16,202402010402,2021104627,7,モズマサニャン,0,2024,0.676918507,0.685162783
2024-06-16,202402010402,2021106638,8,シンデレラタイム,0,2024,0.186129391,0.194621772
2024-06-16,202402010402,2021103785,10,ノブアンドホワイト,0,2024,0.150763273,0.150711060
2024-06-16,202402010402,2021106729,12,シームレス,0,2024,0.195165515,0.183242530
2024-06-16,202402010402,2021101769,13,ドレッド,0,2024,0.599548936,0.591615319
2024-06-16,202402010402,2021105303,16,ラインメジャー,0,2024,0.054806285,0.056758583
2024-06-16,202402010408,2019101446,1,ワンリオン,0,2024,0.247468054,0.232682243
2024-06-16,202402010408,2021102718,2,ノボリショウリュウ,0,2024,0.089897990,0.098938257
2024-06-16,202402010408,2020103844,3,フリントロック,0,2024,0.122005202,0.131089702
2024-06-16,202402010408,2020103530,4,イコノスタシス,0,2024,0.316060960,0.315038472
2024-06-16,202402010408,2020100342,5,メージャーテソーロ,0,2024,0.105760261,0.100561157
2024-06-16,202402010408,2018106145,6,アコルダール,0,2024,0.070156358,0.079219297
2024-06-16,202402010408,2021100522,7,ジョーメッドヴィン,1,2024,0.483365983,0.472646087
2024-06-16,202402010408,2021100198,8,ホークレア,1,2024,0.346308917,0.320560396
2024-06-16,202402010408,2021103039,9,ゴーインマイウェイ,0,2024,0.367576569,0.398188114
2024-06-16,202402010408,2020102592,10,アフトクラーティラ,0,2024,0.101325102,0.100666307
2024-06-16,202402010408,2021106854,11,ハピアーザンエバー,0,2024,0.150742054,0.157087743
2024-06-16,202402010408,2019106183,12,カフェクロニクル,0,2024,0.266610950,0.253357470
2024-06-16,202402010408,2020103632,13,スイミーユニバンス,1,2024,0.174190328,0.182830095
2024-06-16,202402010408,2020102321,14,テーオーヴァイナー,0,2024,0.042563185,0.034235984
2024-06-16,202402010411,2020102971,1,サトノグレイト,0,2024,0.407006830,0.401964724
2024-06-16,202402010411,2018103296,2,サニーオーシャン,0,2024,0.077317670,0.075456321
2024-06-16,202402010411,2020100443,3,エイシンエイト,1,2024,0.215988144,0.193127856
2024-06-16,202402010411,2019102041,4,アドヴァイス,0,2024,0.134600505,0.139889643
2024-06-16,202402010411,2020105365,5,ドーバーホーク,1,2024,0.225125328,0.237964809
2024-06-16,202402010411,2019102240,6,マメコ,1,2024,0.286032975,0.304306179
2024-06-16,202402010411,2020101262,7,エコロレジーナ,0,2024,0.133399859,0.129950359
2024-06-16,202402010411,2019109094,8,ブッシュガーデン,0,2024,0.110974468,0.111199319
2024-06-16,202402010411,2020103482,9,スカイロケット,0,2024,0.327851444,0.324630260
2024-06-16,202402010411,2021100210,10,ドナベティ,0,2024,0.428178698,0.354679704
2024-06-16,202402010411,2019104525,11,ラキエータ,0,2024,0.201073200,0.204594269
2024-06-16,202402010411,2018102649,12,タツリュウオー,0,2024,0.065993138,0.076559834
2024-06-16,202402010411,2019103010,13,オードゥメール,0,2024,0.261748195,0.261261076
2024-06-16,202402010411,2019105146,14,ジャスティンエース,0,2024,0.147075132,0.159392670
2024-06-16,202402010411,2018104894,15,トーセンアラン,0,2024,0.019245096,0.015419832
2024-06-16,202402010411,2017100403,16,プライムライン,0,2024,0.061415799,0.061239976
2024-06-16,202402010412,2021101279,1,シャインヴィーナス,0,2024,0.271443188,0.278454632
2024-06-16,202402010412,2021100243,2,セイウンティーダ,0,2024,0.264529824,0.275377512
2024-06-16,202402010412,2019105533,3,ラリベラ,1,2024,0.107384287,0.094049498
2024-06-16,202402010412,2020106888,4,レターマイハート,0,2024,0.082022987,0.074713320
2024-06-16,202402010412,2019106179,5,ハートホイップ,0,2024,0.272041261,0.267390877
2024-06-16,202402010412,2021105821,6,サンディブロンド,0,2024,0.141566008,0.132584706
2024-06-16,202402010412,2021105543,7,コートリーバウ,0,2024,0.125234053,0.111808464
2024-06-16,202402010412,2019100548,8,タガノミア,0,2024,0.312380761,0.320051968
2024-06-16,202402010412,2019101765,9,ビッグパレード,0,2024,0.037532900,0.037624542
2024-06-16,202402010412,2019103517,10,ディージェーサン,0,2024,0.191648126,0.228200689
2024-06-16,202402010412,2019101133,11,ソングフォーユー,0,2024,0.109524995,0.109489575
2024-06-16,202402010412,2021105619,12,スミレファースト,1,2024,0.274511009,0.300095022
2024-06-16,202402010412,2021105202,14,ポエットリー,1,2024,0.447326303,0.471294165
2024-06-22,202402010503,2021105714,1,キアロヴェローチェ,1,2024,0.285491556,0.298192292
2024-06-22,202402010503,2021101595,2,ヴィヴァクラウン,1,2024,0.560188949,0.550580263
2024-06-22,202402010503,2021101427,3,ガーデンプランナー,0,2024,0.313987523,0.282652766
2024-06-22,202402010503,2021102277,4,ポトマックテソーロ,0,2024,0.502143383,0.471170545
2024-06-22,202402010503,2021102401,5,グランテレーズ,1,2024,0.416069299,0.407946378
2024-06-22,202402010503,2021101064,6,ノイヤー,0,2024,0.240820155,0.237357020
2024-06-22,202402010503,2021106638,7,シンデレラタイム,0,2024,0.118876286,0.138714746
2024-06-22,202402010503,2021105487,8,カウネウス,0,2024,0.175869733,0.162339106
2024-06-22,202402010503,2021100016,9,ポリトナリティー,0,2024,0.103978924,0.104614727
2024-06-22,202402010503,2021101097,10,キタノワイオリ,0,2024,0.044581976,0.037984762
2024-06-22,202402010503,2021100698,11,ヴィーケン,0,2024,0.225237846,0.242938668
2024-06-22,202402010503,2021105696,12,ステイチューンド,0,2024,0.232889473,0.254694939
2024-06-22,202402010503,2021103053,13,ミラルージュ,0,2024,0.036774371,0.037899528
2024-06-22,202402010503,2021106050,14,フィローシャ,0,2024,0.111916274,0.109142721
2024-06-22,202402010503,2021107133,15,オーヴァーザトップ,0,2024,0.162279010,0.148955688
2024-06-22,202402010503,2021101769,16,ドレッド,0,2024,0.441629261,0.458807051
2024-06-22,202402010511,2018100394,1,サトノラムセス,0,2024,0.119208641,0.138890490
2024-06-22,202402010511,2018105366,2,レッドベルオーブ,0,2024,0.038461246,0.038286816
2024-06-22,202402010511,2020105574,3,ラビュリントス,0,2024,0.049293105,0.047271132
2024-06-22,202402010511,2020110155,4,レイベリング,0,2024,0.284336746,0.308673650
2024-06-22,202402010511,2019105459,5,ソウテン,0,2024,0.128959075,0.117833972
2024-06-22,202402010511,2019100765,6,コムストックロード,1,2024,0.079673365,0.089039661
2024-06-22,202402010511,2020103589,7,ブトンドール,0,2024,0.145610511,0.148766428
2024-06-22,202402010511,2019102273,8,モリノドリーム,1,2024,0.309173852,0.317676574
2024-06-22,202402010511,2020103434,9,カルロヴェローチェ,0,2024,0.098185159,0.097724810
2024-06-22,202402010511,2018103515,10,カンティーユ,1,2024,0.378721327,0.400394589
2024-06-22,202402010511,2019102576,11,クリノマジン,0,2024,0.144487754,0.151938245
2024-06-22,202402010511,2019102240,12,マメコ,0,2024,0.464946002,0.452350587
2024-06-22,202402010511,2018104347,13,ユキノファラオ,0,2024,0.174033940,0.169267505
2024-06-22,202402010511,2020100896,14,ビッグシーザー,0,2024,0.507319868,0.508039474
2024-06-22,202402010511,2019100153,15,カワキタレブリー,0,2024,0.140692860,0.145583004
2024-06-22,202402010511,2016102534,16,イーサンパンサー,0,2024,0.037592992,0.038022961
2024-06-23,202402010601,2021104839,2,プレアデスグループ,1,2024,0.589374065,0.616906524
2024-06-23,202402010601,2021103917,3,ミルキーメモリー,0,2024,0.076959804,0.073379509
2024-06-23,202402010601,2021101206,4,ラーリア,1,2024,0.497610718,0.478690118
2024-06-23,202402010601,2021103941,5,ジャヴァネ,0,2024,0.123507477,0.130373880
2024-06-23,202402010601,2021103277,6,メイショウマサユメ,0,2024,0.237259030,0.256899148
2024-06-23,202402010601,2021105263,7,バニーホップ,0,2024,0.174841613,0.177145168
2024-06-23,202402010601,2021106347,8,ピクラリーダ,0,2024,0.076352209,0.073179923
2024-06-23,202402010601,2021105682,9,ハイボーン,0,2024,0.485010117,0.482869327
2024-06-23,202402010601,2021105937,12,プレシャスシル,0,2024,0.029587787,0.028053075
2024-06-23,202402010601,2021103025,13,シナモンデイジー,0,2024,0.079823695,0.075380623
2024-06-23,202402010601,2021104315,14,レターフロムパリ,0,2024,0.179350957,0.170267761
2024-06-23,202402010601,2021102686,15,ニシノシャミナード,0,2024,0.382437587,0.404886991
2024-06-23,202402010601,2021103228,16,ドゥザキャッチ,0,2024,0.117330633,0.122934215
2024-06-23,202402010610,2019101679,1,ヴィアドロローサ,0,2024,0.359749049,0.346172988
2024-06-23,202402010610,2021106939,2,タイセイフェスタ,0,2024,0.198460206,0.200981975
2024-06-23,202402010610,2019102938,3,ニシノレバンテ,0,2024,0.170551762,0.157711625
2024-06-23,202402010610,2019100772,4,ポルタフォルトゥナ,0,2024,0.478574663,0.494365305
2024-06-23,202402010610,2019106700,5,ヒロノゴウカイ,0,2024,0.112247676,0.121208310
2024-06-23,202402010610,2019104868,6,ブルトンクール,0,2024,0.049941722,0.055051360
2024-06-23,202402010610,2020103356,7,クファシル,1,2024,0.288767189,0.290174484
2024-06-23,202402010610,2020106623,8,ゴキゲンサン,0,2024,0.195823207,0.175778195
2024-06-23,202402010610,2018100097,9,スマートルシーダ,0,2024,0.237573072,0.223547533
2024-06-23,202402010610,2019105915,10,グッドグロウス,0,2024,0.086617939,0.095907502
2024-06-23,202402010610,2020102568,11,ワイアウ,0,2024,0.151488006,0.151003718
2024-06-23,202402010610,2019104386,12,トーセンサンダー,1,2024,0.388057142,0.404993355
2024-06-23,202402010610,2020100151,13,スクルプトーリス,1,2024,0.234288394,0.222681835
2024-06-23,202402010612,2019101133,1,ソングフォーユー,0,2024,0.287507117,0.294070750
2024-06-23,202402010612,2018106145,2,アコルダール,1,2024,0.136962816,0.150546789
2024-06-23,202402010612,2019102510,3,アップフルーク,0,2024,0.124202959,0.133684412
2024-06-23,202402010612,2021103325,4,カレンナオトメ,0,2024,0.483006179,0.494147927
2024-06-23,202402010612,2021103039,5,ゴーインマイウェイ,0,2024,0.542068779,0.561715543
2024-06-23,202402010612,2020104616,6,パクスロマーナ,0,2024,0.063896306,0.058109786
2024-06-23,202402010612,2020102088,7,イテマエダセン,0,2024,0.036211308,0.039058350
2024-06-23,202402010612,2021106594,8,ヤマニンアストロン,1,2024,0.624098122,0.557682395
2024-06-23,202402010612,2019106179,9,ハートホイップ,1,2024,0.383471400,0.362133503
2024-06-29,202402010709,2019101643,1,バシレウスシチー,1,2024,0.438186824,0.480591089
2024-06-29,202402010709,2020103844,3,フリントロック,0,2024,0.241593510,0.260318816
2024-06-29,202402010709,2020100906,4,フライングブレード,0,2024,0.469882756,0.427571893
2024-06-29,202402010709,2019103517,5,ディージェーサン,0,2024,0.215650290,0.230218455
2024-06-29,202402010709,2019101765,6,ビッグパレード,1,2024,0.069976464,0.062572412
2024-06-29,202402010709,2021104928,7,トラペジスト,0,2024,0.465707064,0.444094807
2024-06-29,202402010709,2021100243,8,セイウンティーダ,0,2024,0.251668632,0.244313449
2024-06-29,202402010709,2021103092,9,ナムラローズマリー,1,2024,0.583766162,0.567573369
2024-06-29,202402010709,2020102646,10,クラックオブドーン,0,2024,0.061918803,0.060258895
2024-06-29,202402010709,2020102321,11,テーオーヴァイナー,0,2024,0.067548752,0.079831548
2024-06-29,202402010711,2019106682,1,ロックユアハート,0,2024,0.052318569,0.043851174
2024-06-29,202402010711,2018103296,2,サニーオーシャン,0,2024,0.047794789,0.049488686
2024-06-29,202402010711,2020102630,3,アルーリングビュー,0,2024,0.296911240,0.285922110
2024-06-29,202402010711,2018104559,4,ナリタローゼ,0,2024,0.238870606,0.241879687
2024-06-29,202402010711,2019105760,5,シュヴェルトライテ,0,2024,0.152242437,0.145018861
2024-06-29,202402010711,2020106406,6,クリダーム,0,2024,0.174020782,0.160193026
2024-06-29,202402010711,2020100443,7,エイシンエイト,0,2024,0.222862527,0.211801738
2024-06-29,202402010711,2020110114,8,スリーアイランド,0,2024,0.183693200,0.184270754
2024-06-29,202402010711,2019105452,9,ミッキーハーモニー,1,2024,0.219778225,0.220358580
2024-06-29,202402010711,2020105365,10,ドーバーホーク,0,2024,0.283012211,0.282602459
2024-06-29,202402010711,2019104697,11,ショウナンマッハ,0,2024,0.150511980,0.153301597
2024-06-29,202402010711,2019103594,12,レッドアヴァンティ,1,2024,0.492963970,0.495525986
2024-06-29,202402010711,2020106706,13,タリア,0,2024,0.096797824,0.104980782
2024-06-29,202402010711,2019100751,14,マイネルレノン,0,2024,0.167708680,0.158964068
2024-06-29,202402010711,2020100105,15,エイシンフェンサー,1,2024,0.188018456,0.170465425
2024-06-29,202402010711,2018100693,16,ブルーシンフォニー,0,2024,0.111163422,0.125576079
2024-06-29,202403020111,2020102299,1,アシャカタカ,0,2024,0.416282475,0.396775097
2024-06-29,202403020111,2019109094,2,ブッシュガーデン,0,2024,0.125147015,0.130643070
2024-06-29,202403020111,2018102281,3,キタノエクスプレス,1,2024,0.490517408,0.504626155
2024-06-29,202403020111,2019105555,4,ヴェールアンレーヴ,0,2024,0.129927993,0.121663831
2024-06-29,202403020111,2019107075,6,ブランデーロック,0,2024,0.078259692,0.079322591
2024-06-29,202403020111,2020101792,7,プロスペリダード,0,2024,0.366917729,0.389673889
2024-06-29,202403020111,2019101626,8,ピンクマクフィー,1,2024,0.224602073,0.242986158
2024-06-29,202403020111,2019100214,9,ウインモナーク,0,2024,0.317754298,0.301817656
2024-06-29,202403020111,2017102838,10,ハーモニーマゼラン,0,2024,0.072396800,0.083485238
2024-06-29,202403020111,2018106552,11,メイショウフンケイ,0,2024,0.107776225,0.121822163
2024-06-29,202403020111,2020101262,12,エコロレジーナ,1,2024,0.142080992,0.158853456
2024-06-29,202403020111,2018100025,13,シゲルカチョウ,0,2024,0.146448880,0.148116261
2024-06-29,202403020111,2019102786,14,ウォータールグラン,0,2024,0.107693925,0.128648087
2024-06-29,202410030103,2021105223,1,ルージュレイナス,0,2024,0.231048867,0.214126110
2024-06-29,202410030103,2021104671,2,ミライハーモニー,0,2024,0.415388495,0.426343203
2024-06-29,202410030103,2021100297,3,ブルボンクイーン,1,2024,0.421834618,0.415597171
2024-06-29,202410030103,2021109059,4,クリノラリマール,0,2024,0.080008827,0.087768659
2024-06-29,202410030103,2021101766,5,ソルトロック,0,2024,0.171512619,0.172772765
2024-06-29,202410030103,2021103982,7,ダイメイイチョウ,0,2024,0.154283032,0.160411537
2024-06-29,202410030103,2021103279,9,メイショウツバメ,0,2024,0.050547674,0.047257882
2024-06-29,202410030103,2021100233,10,テーオーサファイア,0,2024,0.091022491,0.088749036
2024-06-29,202410030103,2021106019,11,キルケロッソ,0,2024,0.215662614,0.205630198
2024-06-29,202410030103,2021101604,12,マクッテソフィア,0,2024,0.165850967,0.165576234
2024-06-29,202410030103,2021105563,13,シャドフ,1,2024,0.391409099,0.385849237
2024-06-29,202410030103,2021102082,14,ルクスリーベン,0,2024,0.031556156,0.032666285
2024-06-29,202410030103,2021104853,15,サクセスカノン,1,2024,0.047928721,0.043784525
2024-06-29,202410030103,2021103933,16,スマートレイヴ,0,2024,0.159051865,0.183277160
2024-06-29,202410030103,2021100401,18,ニシノミニョンヌ,0,2024,0.101755515,0.104221605
2024-06-29,202410030112,2019102062,1,ハルカナネガイ,0,2024,0.053400449,0.058718115
2024-06-29,202410030112,2019106028,2,ピースキーパー,0,2024,0.129530326,0.129137561
2024-06-29,202410030112,2021103299,3,シアター,0,2024,0.656932712,0.616246879
2024-06-29,202410030112,2018103200,4,バーニングパワー,0,2024,0.141537547,0.148687378
2024-06-29,202410030112,2020103979,5,モカラエース,0,2024,0.154708490,0.119063266
2024-06-29,202410030112,2020102591,6,メリオルヴィータ,0,2024,0.035062589,0.042338006
2024-06-29,202410030112,2020101872,7,デイトナモード,1,2024,0.548961639,0.564361334
2024-06-29,202410030112,2021105537,8,ビダーヤ,1,2024,0.705655456,0.685371935
2024-06-29,202410030112,2021102561,9,キーウェーブ,0,2024,0.291891068,0.299024045
2024-06-29,202410030112,2020102271,10,コスモグングニール,1,2024,0.260034531,0.280934364
2024-06-29,202410030112,2020101597,11,サンライズタイソン,0,2024,0.237144276,0.274724126
2024-06-30,202402010803,2021100146,1,セントオブシン,0,2024,0.059579257,0.062957190
2024-06-30,202402010803,2021101100,2,ルクスアドラー,1,2024,0.293626636,0.290170103
2024-06-30,202402010803,2021103052,3,サニイアール,1,2024,0.370990664,0.362779379
2024-06-30,202402010803,2021101357,5,ライズタイガ,0,2024,0.142626971,0.158166379
2024-06-30,202402010803,2021106806,6,コスモバシレウス,0,2024,0.220901549,0.212950543
2024-06-30,202402010803,2021110020,7,ロジカルワーズ,0,2024,0.536335647,0.543450415
2024-06-30,202402010803,2021101245,8,カチヌキマリコ,0,2024,0.228507221,0.220381424
2024-06-30,202402010803,2021105714,9,キアロヴェローチェ,0,2024,0.408639789,0.421550900
2024-06-30,202402010803,2021100775,10,ナリタマフディー,0,2024,0.164495185,0.155248076
2024-06-30,202402010803,2021101617,11,クーリッジテソーロ,0,2024,0.143346056,0.142110556
2024-06-30,202402010803,2021104037,13,テリオスソラ,0,2024,0.214566633,0.201708883
2024-06-30,202402010803,2021105827,14,フェアアイル,1,2024,0.116560481,0.117074594
2024-06-30,202402010803,2021103218,15,モリエヌス,0,2024,0.095850028,0.102836818
2024-06-30,202402010803,2021100718,16,テキーラワルツ,0,2024,0.173826039,0.159656718
2024-06-30,202402010810,2021105606,1,オウバイトウリ,1,2024,0.350726277,0.323883653
2024-06-30,202402010810,2020104088,2,ランドオブラヴ,1,2024,0.308082342,0.315122426
2024-06-30,202402010810,2020106987,3,スムースベルベット,0,2024,0.131426156,0.117210060
2024-06-30,202402010810,2020103634,4,ミスヨコハマ,0,2024,0.253255278,0.245030686
2024-06-30,202402010810,2019101262,6,ショウナンアメリア,0,2024,0.159286574,0.151639894
2024-06-30,202402010810,2020100151,7,スクルプトーリス,0,2024,0.229919016,0.225421146
2024-06-30,202402010810,2020103632,8,スイミーユニバンス,0,2024,0.305452198,0.309605986
2024-06-30,202402010810,2019104868,9,ブルトンクール,0,2024,0.055576090,0.053068139
2024-06-30,202402010810,2018103620,10,ロゼクラン,0,2024,0.154636249,0.152625546
2024-06-30,202402010810,2019105141,11,ヴァンルーラー,0,2024,0.049384266,0.042980328
2024-06-30,202402010810,2019100772,12,ポルタフォルトゥナ,0,2024,0.330066204,0.319929689
2024-06-30,202402010810,2020100686,13,ジョリダム,1,2024,0.105421036,0.099182524
2024-06-30,202402010810,2018106455,14,メイショウハボタン,0,2024,0.169750705,0.209728882
2024-06-30,202402010810,2021104461,15,ガビーズシスター,0,2024,0.234608948,0.239558131
2024-06-30,202402010810,2020103255,16,トゥーテイルズ,0,2024,0.030877087,0.028743431
2024-06-30,202403020203,2021104490,1,エクセルゴールド,1,2024,0.341852546,0.343265742
2024-06-30,202403020203,2021102854,3,ノーブルウィスパー,1,2024,0.302255183,0.284432113
2024-06-30,202403020203,2021100485,4,ランドエース,0,2024,0.086107582,0.091214806
2024-06-30,202403020203,2021106551,11,ダイシンネイビー,1,2024,0.486671120,0.492481351
2024-06-30,202403020203,2021107054,12,ガラクシア,0,2024,0.248749405,0.267812103
2024-06-30,202403020203,2021106632,14,グエンフィヴァル,0,2024,0.219010755,0.208909974
2024-06-30,202403020203,2021101275,15,テートモダン,0,2024,0.512288213,0.511508167
2024-06-30,202403020209,2018100406,1,ヴィントミューレ,1,2024,0.250888795,0.262804359
2024-06-30,202403020209,2020103218,2,フミサウンド,1,2024,0.400352746,0.402642459
2024-06-30,202403020209,2021106440,3,アララララ,0,2024,0.587584496,0.576562583
2024-06-30,202403020209,2021110021,4,スピリットガイド,0,2024,0.311251372,0.345489264
2024-06-30,202403020209,2020100272,5,ニーナブランド,0,2024,0.149432272,0.108252645
2024-06-30,202403020209,2019100755,6,アラクレ,0,2024,0.144394264,0.129788041
2024-06-30,202403020209,2020101195,7,ゴルトリッチ,0,2024,0.456638932,0.384097278
2024-06-30,202403020209,2019102436,8,ミズノコキュウ,1,2024,0.110132761,0.113257110
2024-06-30,202403020212,2020106585,1,ヴォンヌヴォー,0,2024,0.050656062,0.046652395
2024-06-30,202403020212,2021104665,2,レザンノワール,1,2024,0.099280298,0.103639074
2024-06-30,202403020212,2021106724,3,チェルシー,0,2024,0.213391364,0.193017095
2024-06-30,202403020212,2020104545,4,スマートメイプル,0,2024,0.126601651,0.142504126
2024-06-30,202403020212,2020102938,5,ダルタニアン,0,2024,0.180852979,0.193843365
2024-06-30,202403020212,2020103121,6,ダノンゴーイチ,0,2024,0.149761617,0.152359247
2024-06-30,202403020212,2020103962,7,ステークホルダー,1,2024,0.314945072,0.336812019
2024-06-30,202403020212,2021105833,8,カリーシ,0,2024,0.512351155,0.497567683
2024-06-30,202403020212,2021101930,9,ライングッドマン,0,2024,0.171005979,0.168174997
2024-06-30,202403020212,2021101394,10,モンレーヴ,0,2024,0.149841875,0.147361964
2024-06-30,202403020212,2020106976,11,クレイプマートル,0,2024,0.026390456,0.025243774
2024-06-30,202403020212,2018105357,12,ラピカズマ,0,2024,0.158010647,0.192657217
2024-06-30,202403020212,2021100338,13,テセラリアン,1,2024,0.281163663,0.285075456
2024-06-30,202403020212,2018101804,14,グローリアスカペラ,0,2024,0.063387938,0.057177201
2024-06-30,202403020212,2020104501,15,ブラウンウェーブ,0,2024,0.221448466,0.233878806
2024-06-30,202403020212,2020101956,16,ジェイエルトランス,0,2024,0.065357685,0.062819146
2024-06-30,202410030202,2021105098,2,ディーエストッキー,1,2024,0.465115637,0.428806990
2024-06-30,202410030202,2021100710,3,カネトシショウカ,1,2024,0.217985883,0.213465139
2024-06-30,202410030202,2021104806,4,レオナルドスター,0,2024,0.340805590,0.339961320
2024-06-30,202410030202,2021102592,6,スピークイージー,0,2024,0.470385432,0.481895655
2024-06-30,202410030202,2021102875,7,イズジョーゴモリー,0,2024,0.098914340,0.095972084
2024-06-30,202410030202,2021101528,9,クイーンカナロア,0,2024,0.184111938,0.178182170
2024-06-30,202410030202,2021100883,10,ハクサンクリスタル,0,2024,0.232317194,0.230329052
2024-06-30,202410030202,2021105267,11,ラボニータ,0,2024,0.170169607,0.173138514
2024-06-30,202410030202,2021100164,12,ギフトフォーユー,0,2024,0.018600320,0.020755747
2024-06-30,202410030202,2021104529,13,カシノシャンデリア,0,2024,0.021199366,0.021742618
2024-06-30,202410030202,2021102545,16,オーシンピーチ,0,2024,0.100200482,0.106651835
2024-06-30,202410030202,2021101605,17,エルプロフェッサー,1,2024,0.270457774,0.261456341
2024-06-30,202410030202,2021100744,18,ファストチアフル,0,2024,0.030378081,0.032185610
2024-06-30,202410030208,2018100772,1,ハイライフ,0,2024,0.046609607,0.035073247
2024-06-30,202410030208,2021106615,2,キャンシーエンゼル,1,2024,0.324468970,0.306591362
2024-06-30,202410030208,2020100236,3,ニシノトキメキ,0,2024,0.134125069,0.123231806
2024-06-30,202410030208,2021102433,4,アートフォーム,0,2024,0.149465933,0.141657799
2024-06-30,202410030208,2020102537,5,チカポコ,0,2024,0.084587075,0.089917399
2024-06-30,202410030208,2021105358,6,アスティスプマンテ,0,2024,0.378080755,0.359185278
2024-06-30,202410030208,2021104404,7,シュークリーム,0,2024,0.123601928,0.113208957
2024-06-30,202410030208,2020106821,8,ピースフルナイト,0,2024,0.138391063,0.137418211
2024-06-30,202410030208,2020100500,9,ヴィエンヌ,0,2024,0.165052325,0.166795880
2024-06-30,202410030208,2021107063,10,イツモニコニコ,0,2024,0.383607805,0.348007262
2024-06-30,202410030208,2020103084,11,マサハヤヴァンス,0,2024,0.010409595,0.009585082
2024-06-30,202410030208,2021106586,12,ラブカムーン,0,2024,0.172036320,0.185554475
2024-06-30,202410030208,2020103274,13,ロンシャンクイーン,0,2024,0.096424773,0.099844985
2024-06-30,202410030208,2020101229,14,レディメローラ,0,2024,0.130350515,0.123868696
2024-06-30,202410030208,2020101517,15,ソノママソノママ,1,2024,0.085507639,0.081839547
2024-06-30,202410030208,2021109123,16,ユメカナウケン,0,2024,0.154602140,0.148913309
2024-06-30,202410030208,2020103448,17,スマートジェイナ,1,2024,0.280632406,0.288604766
2024-06-30,202410030211,2017100583,1,ディヴィナシオン,0,2024,0.035807684,0.038825508
2024-06-30,202410030211,2019103422,2,テイエムスパーダ,0,2024,0.072214037,0.075860217
2024-06-30,202410030211,2019105505,3,サーマルウインド,0,2024,0.265196115,0.313313931
2024-06-30,202410030211,2020101543,4,グランテスト,0,2024,0.288326621,0.290645987
2024-06-30,202410030211,2019103714,5,メイショウソラフネ,0,2024,0.215042472,0.207573533
2024-06-30,202410030211,2020110040,6,ヤクシマ,0,2024,0.055596653,0.059224222
2024-06-30,202410030211,2020102764,7,モズメイメイ,1,2024,0.090327337,0.075343408
2024-06-30,202410030211,2015104364,8,トゥラヴェスーラ,0,2024,0.063639894,0.074183986
2024-06-30,202410030211,2021102320,9,ペアポルックス,0,2024,0.410167813,0.405967504
2024-06-30,202410030211,2019102979,10,エイシンスポッター,0,2024,0.215784788,0.221053869
2024-06-30,202410030211,2019110107,11,ジャスパークローネ,0,2024,0.266530842,0.284877717
2024-06-30,202410030211,2021107058,12,ピューロマジック,1,2024,0.331891000,0.337781012
2024-06-30,202410030211,2020101503,13,カンチェンジュンガ,0,2024,0.203047618,0.184052482
2024-06-30,202410030211,2021102392,14,ナナオ,0,2024,0.313717544,0.342545450
2024-06-30,202410030211,2019110001,15,ショウナンハクラク,0,2024,0.051082864,0.047149055
2024-06-30,202410030211,2018106055,16,ヨシノイースター,1,2024,0.234877348,0.235999450
2024-06-30,202410030211,2018102360,17,メディーヴァル,0,2024,0.034776755,0.033485930
2024-06-30,202410030211,2020101827,18,バースクライ,0,2024,0.271828532,0.224065572
2024-07-06,202402010910,2021105202,1,ポエットリー,1,2024,0.617770731,0.605230272
2024-07-06,202402010910,2018103620,2,ロゼクラン,1,2024,0.163968652,0.179308206
2024-07-06,202402010910,2019103193,3,トリップトゥムーン,0,2024,0.160044163,0.161148384
2024-07-06,202402010910,2020100121,4,イイヒニナル,0,2024,0.133597046,0.138264671
2024-07-06,202402010910,2020104088,5,ランドオブラヴ,1,2024,0.435018688,0.438240200
2024-07-06,202402010910,2020100151,6,スクルプトーリス,0,2024,0.429863721,0.412696928
2024-07-06,202402010910,2018100097,7,スマートルシーダ,0,2024,0.177115455,0.179951534
2024-07-06,202402010910,2019105915,8,グッドグロウス,0,2024,0.083888292,0.088373274
2024-07-06,202402010910,2020103898,9,イグニション,0,2024,0.322004646,0.300024182
2024-07-06,202402010910,2020105484,10,ニシノコウダイ,0,2024,0.523516059,0.530353546
2024-07-06,202402010912,2018100094,1,ナムラシベラ,0,2024,0.136659220,0.138829261
2024-07-06,202402010912,2021106854,2,ハピアーザンエバー,1,2024,0.379424125,0.401785821
2024-07-06,202402010912,2019105533,3,ラリベラ,0,2024,0.440860033,0.460861683
2024-07-06,202402010912,2019101133,4,ソングフォーユー,1,2024,0.408773184,0.409640014
2024-07-06,202402010912,2021103289,5,レディーエンジェル,0,2024,0.195581123,0.187748820
2024-07-06,202402010912,2021105619,6,スミレファースト,1,2024,0.736414492,0.712517083
2024-07-06,202402010912,2020101029,7,アスクメークシェア,0,2024,0.093779303,0.096898511
2024-07-06,202402010912,2021102963,8,フタバ,0,2024,0.144313917,0.150452152
2024-07-06,202403020309,2021103667,1,クオレス,1,2024,0.528543413,0.509516954
2024-07-06,202403020309,2021103981,2,グレートスピリット,0,2024,0.376329035,0.398481876
2024-07-06,202403020309,2021106395,3,ハッピーサプライズ,0,2024,0.105475053,0.113250628
2024-07-06,202403020309,2020100406,4,トクシーカイザー,0,2024,0.428670347,0.434548706
2024-07-06,202403020309,2021102670,5,イサチルシーサイド,1,2024,0.238450512,0.243605748
2024-07-06,202403020309,2019100936,6,ニシノタマユラ,0,2024,0.304996818,0.287299633
2024-07-06,202403020309,2020103578,7,ロッククリーク,0,2024,0.086720563,0.090707697
2024-07-06,202403020309,2020101992,8,ライクアフラワー,1,2024,0.374181062,0.340655804
2024-07-06,202403020309,2020106345,9,ハローマイラブリー,0,2024,0.205336496,0.186821744
2024-07-06,202410030306,2021103211,1,メイショウロージー,0,2024,0.163586676,0.158529997
2024-07-06,202410030306,2021104645,3,アスセナ,0,2024,0.086648874,0.092692487
2024-07-06,202410030306,2021100679,4,ホワイトリバー,0,2024,0.082626164,0.081772320
2024-07-06,202410030306,2021101933,5,レディーズナイト,0,2024,0.203971520,0.184423774
2024-07-06,202410030306,2021101528,8,クイーンカナロア,0,2024,0.116834231,0.121040918
2024-07-06,202410030306,2021103903,9,ヴァシロペス,0,2024,0.335620046,0.328853309
2024-07-06,202410030306,2021104533,10,フォーレ,0,2024,0.236579135,0.199329123
2024-07-06,202410030306,2021106721,11,タイセイタリスマン,1,2024,0.042216014,0.036801577
2024-07-06,202410030306,2021107214,12,ケイティバトラー,0,2024,0.161653951,0.170688704
2024-07-06,202410030306,2021102425,14,モランゴ,0,2024,0.054116927,0.053579111
2024-07-06,202410030306,2021105456,15,メイケイノヴァ,0,2024,0.080452845,0.078241237
2024-07-07,202402011004,2021106729,1,シームレス,0,2024,0.141345620,0.150050312
2024-07-07,202402011004,2021101677,2,ソルレース,1,2024,0.691550016,0.661032200
2024-07-07,202402011004,2021105033,3,カーモス,0,2024,0.187597290,0.193861589
2024-07-07,202402011004,2021103106,4,サイモンモーニング,0,2024,0.074244268,0.078737400
2024-07-07,202402011004,2021105518,5,ヴェラベレッツァ,0,2024,0.042589318,0.043635491
2024-07-07,202402011004,2021101956,6,イロンデル,0,2024,0.103559107,0.102214776
2024-07-07,202402011004,2021100608,7,ビアメントブラスト,0,2024,0.048556909,0.048076428
2024-07-07,202402011004,2021100476,8,ファイツオン,1,2024,0.433791459,0.436021954
2024-07-07,202402011004,2021103004,9,ヒラボクヒーロー,0,2024,0.115133636,0.125954181
2024-07-07,202402011004,2021104920,10,ジーティーポライト,0,2024,0.179583117,0.175538361
2024-07-07,202402011004,2021105659,11,アムールリーベ,1,2024,0.252029657,0.255963862
2024-07-07,202402011004,2021101206,12,ラーリア,0,2024,0.466607511,0.454033434
2024-07-07,202402011004,2021106804,13,グレンノアラシ,0,2024,0.156985044,0.139094710
2024-07-07,202402011004,2021105231,14,ソルセルリ,0,2024,0.110992372,0.103545666
2024-07-07,202402011004,2021101001,15,ファストフィール,0,2024,0.112120174,0.111312076
2024-07-07,202402011004,2021105830,16,ロンフォン,0,2024,0.538802683,0.530652404
2024-07-07,202402011012,2021106666,1,レイニングキャット,0,2024,0.479216039,0.444316149
2024-07-07,202402011012,2020104616,2,パクスロマーナ,1,2024,0.077444464,0.076731458
2024-07-07,202402011012,2020100355,3,ナックブレイブ,0,2024,0.132427305,0.152502596
2024-07-07,202402011012,2020101639,4,ハッピーロンドン,1,2024,0.326505959,0.321693867
2024-07-07,202402011012,2018105814,5,マケルナマサムネ,0,2024,0.072362639,0.075135916
2024-07-07,202402011012,2020106963,6,アンタノバラード,0,2024,0.573837996,0.564137638
2024-07-07,202402011012,2019101446,7,ワンリオン,0,2024,0.425897390,0.423930854
2024-07-07,202402011012,2020104824,8,シンデレラスマイル,1,2024,0.180687517,0.162356853
2024-07-07,202402011012,2021105696,9,ステイチューンド,0,2024,0.281583518,0.271040976
2024-07-07,202403020407,2021103548,2,フォカッチャ,0,2024,0.108726218,0.109918766
2024-07-07,202403020407,2021103133,4,ドンタカーミ,0,2024,0.084399775,0.096200429
2024-07-07,202403020407,2021104540,6,スプレムータ,0,2024,0.307881951,0.298223674
2024-07-07,202403020407,2021103422,7,ジョブックノワ,0,2024,0.126687095,0.117649160
2024-07-07,202403020407,2021103914,8,ビッグポケット,0,2024,0.190586790,0.187070370
2024-07-07,202403020407,2021104033,9,マルジェラ,0,2024,0.062742025,0.071518943
2024-07-07,202403020407,2021106346,11,ハナマツリ,0,2024,0.138704360,0.132035106
2024-07-07,202403020407,2021105533,13,サトノジール,1,2024,0.164282575,0.162268385
2024-07-07,202403020407,2021104049,15,バイデンテソーロ,1,2024,0.324697077,0.338669688
2024-07-07,202403020407,2021106998,16,ニシノレヴィガータ,0,2024,0.116120137,0.117931351
2024-07-07,202410030410,2019105526,1,ミッキーチャレンジ,1,2024,0.297117740,0.290690690
2024-07-07,202410030410,2020101763,2,トーホウフランゴ,0,2024,0.228144333,0.226726532
2024-07-07,202410030410,2017102940,3,ワンダーカタリナ,0,2024,0.110505290,0.116058618
2024-07-07,202410030410,2020103284,5,トールキン,0,2024,0.188136980,0.166181266
2024-07-07,202410030410,2019102458,6,ワンダーキサラ,1,2024,0.161473647,0.144878149
2024-07-07,202410030410,2019103233,7,ニシノデフィレ,0,2024,0.054299239,0.050139628
2024-07-07,202410030410,2019105238,8,フリートオブフット,0,2024,0.250223666,0.242580935
2024-07-07,202410030410,2021102914,9,モズトキキ,0,2024,0.503135979,0.478219897
2024-07-07,202410030410,2020100736,10,ビッグボーンリタ,0,2024,0.034243301,0.033633027
2024-07-07,202410030410,2020103325,11,プロトポロス,0,2024,0.308025837,0.333082497
2024-07-07,202410030410,2020101897,12,レッドヒルシューズ,1,2024,0.181980103,0.173675776
2024-07-07,202410030410,2020103238,13,オックスリップ,0,2024,0.314516038,0.297281981
2024-07-07,202410030410,2020103499,14,トーホウガレオン,0,2024,0.134404361,0.128757253
2024-07-07,202410030410,2019104498,15,インプロバイザー,0,2024,0.222330973,0.205146626
2024-07-07,202410030412,2020103698,1,エリカソレイユ,0,2024,0.051552933,0.057598028
2024-07-07,202410030412,2020106777,2,セレッソデアモール,0,2024,0.210767776,0.209647655
2024-07-07,202410030412,2020106914,3,イコサン,0,2024,0.484848142,0.491181225
2024-07-07,202410030412,2020101570,4,レッドテンペスト,0,2024,0.287159264,0.287143558
2024-07-07,202410030412,2020102637,5,ヴィヴィッシモ,1,2024,0.642641604,0.646190941
2024-07-07,202410030412,2021101102,6,ナムラエデン,0,2024,0.521886885,0.520060956
2024-07-07,202410030412,2020103256,7,カフジキアッキエレ,1,2024,0.326641321,0.342618436
2024-07-07,202410030412,2019102320,8,サイモンカーチス,0,2024,0.047325891,0.049527608
2024-07-07,202410030412,2021103171,9,タイキヴァンクール,1,2024,0.650818229,0.636993706
2024-07-13,202402011103,2021105297,1,マースフルガール,0,2024,0.229287982,0.215621546
2024-07-13,202402011103,2021102752,2,マニーブルース,0,2024,0.147511631,0.155525133
2024-07-13,202402011103,2021101640,3,ムーンブルー,0,2024,0.074014813,0.082615919
2024-07-13,202402011103,2021100019,4,マサノカナリア,1,2024,0.481560677,0.486459672
2024-07-13,202402011103,2021103707,5,コアクト,0,2024,0.280103385,0.267807692
2024-07-13,202402011103,2021102468,6,ブライティアダイヤ,0,2024,0.192678019,0.194939375
2024-07-13,202402011103,2021102277,7,ポトマックテソーロ,0,2024,0.518142760,0.507366180
2024-07-13,202402011103,2021104989,8,オレンジサファイア,0,2024,0.164721727,0.177437648
2024-07-13,202402011103,2021101067,9,クィーンミツコ,0,2024,0.010059935,0.010810078
2024-07-13,202402011103,2021104746,10,イングリッドローズ,0,2024,0.143506959,0.145892277
2024-07-13,202402011103,2021105820,11,マーシャルテイル,0,2024,0.124710128,0.142122164
2024-07-13,202402011103,2021105659,12,アムールリーベ,1,2024,0.527747691,0.547215521
2024-07-13,202402011103,2021110007,13,イーブンナウ,0,2024,0.249742389,0.208038121
2024-07-13,202402011103,2021105776,14,ピーエムドレミ,1,2024,0.138302967,0.131081089
2024-07-13,202402011103,2021103052,16,サニイアール,0,2024,0.497607529,0.480737835
2024-07-13,202402011111,2022103509,11,シュードタキライト,0,2024,0.234519213,0.248248801
2024-07-13,202402011112,2021101793,1,オオゾラヒバリ,0,2024,0.203156531,0.219862923
2024-07-13,202402011112,2021102963,2,フタバ,0,2024,0.061331533,0.063657075
2024-07-13,202402011112,2020103655,3,ダークブロンド,0,2024,0.238872886,0.231952280
2024-07-13,202402011112,2019103517,4,ディージェーサン,0,2024,0.334605813,0.303996801
2024-07-13,202402011112,2020103556,5,ブルーペクトライト,0,2024,0.069499195,0.075663462
2024-07-13,202402011112,2021105901,6,ジークルーネ,0,2024,0.429826498,0.434286863
2024-07-13,202402011112,2021103325,7,カレンナオトメ,0,2024,0.236175105,0.240819722
2024-07-13,202402011112,2019101765,8,ビッグパレード,0,2024,0.214984074,0.228141189
2024-07-13,202402011112,2021101682,9,ギルティプレジャー,1,2024,0.162145197,0.144170403
2024-07-13,202402011112,2019100548,10,タガノミア,1,2024,0.322808534,0.349931836
2024-07-13,202402011112,2019106179,11,ハートホイップ,1,2024,0.299382836,0.304463267
2024-07-13,202402011112,2020103418,12,インクルードダイヤ,0,2024,0.102704540,0.100195803
2024-07-13,202402011112,2019100097,13,ロザシアニン,0,2024,0.041314442,0.041519884
2024-07-13,202403020509,2018104322,1,プレジールミノル,0,2024,0.053586680,0.049384590
2024-07-13,202403020509,2020104825,2,スカプラリオ,0,2024,0.075719118,0.076049238
2024-07-13,202403020509,2020101378,3,アイヲツグモノ,1,2024,0.148417071,0.145557538
2024-07-13,202403020509,2019101270,4,ヨール,0,2024,0.148007855,0.151774153
2024-07-13,202403020509,2021100338,5,テセラリアン,0,2024,0.431411743,0.454239011
2024-07-13,202403020509,2020104983,6,マルプリ,0,2024,0.146923393,0.172043860
2024-07-13,202403020509,2020106910,7,エッセレンチ,0,2024,0.317999393,0.331704915
2024-07-13,202403020509,2018103430,8,エスパダアスール,0,2024,0.083436124,0.090425827
2024-07-13,202403020509,2018110112,9,バラードインミラノ,0,2024,0.156736657,0.150209859
2024-07-13,202403020509,2019103897,10,ハピネスアゲン,0,2024,0.252444178,0.254167974
2024-07-13,202403020509,2020105157,11,ミルトハンター,0,2024,0.133505374,0.147285298
2024-07-13,202403020509,2020102488,12,トーセンエスクード,1,2024,0.494237393,0.464731455
2024-07-13,202403020509,2019100132,13,ペイシャカレン,0,2024,0.113116853,0.108974338
2024-07-13,202403020509,2019106700,14,ヒロノゴウカイ,0,2024,0.068013154,0.066881008
2024-07-13,202403020509,2019105175,15,ステイトダイアデム,1,2024,0.279592216,0.273628652
2024-07-13,202403020509,2018100480,16,デルマヤクシ,0,2024,0.026671091,0.025947003
2024-07-13,202403020512,2021105057,1,オンザヴィーナス,1,2024,0.222928345,0.224734887
2024-07-13,202403020512,2021104073,2,カピリナ,1,2024,0.342165917,0.344171464
2024-07-13,202403020512,2021100053,3,ミスファントム,1,2024,0.229961827,0.227844611
2024-07-13,202403020512,2018101804,4,グローリアスカペラ,0,2024,0.036678463,0.036070768
2024-07-13,202403020512,2018100593,5,タイガーリリー,0,2024,0.087883510,0.099591129
2024-07-13,202403020512,2019102303,6,アイムファイン,0,2024,0.057427749,0.059499804
2024-07-13,202403020512,2020101586,7,エルフレスアリー,0,2024,0.435453236,0.441781163
2024-07-13,202403020512,2021106298,8,モリノレッドスター,0,2024,0.337350816,0.354935676
2024-07-13,202403020512,2019105469,9,ホーリーエンブレム,0,2024,0.090258144,0.068012416
2024-07-13,202403020512,2019100936,11,ニシノタマユラ,0,2024,0.082981355,0.083174892
2024-07-13,202403020512,2020106585,12,ヴォンヌヴォー,0,2024,0.037180845,0.042755052
2024-07-13,202403020512,2020102819,13,アイソラシー,0,2024,0.124273315,0.101144575
2024-07-13,202403020512,2021106366,15,ロアノークテソーロ,0,2024,0.180146053,0.189571634
2024-07-13,202403020512,2020104676,16,マイレーヌ,0,2024,0.219744101,0.244062901
2024-07-13,202410030503,2021102710,1,エピファドール,0,2024,0.350343645,0.342373759
2024-07-13,202410030503,2021100443,2,エイシンオニキス,1,2024,0.426583171,0.423187017
2024-07-13,202410030503,2021105256,3,メロディアスハード,0,2024,0.200453445,0.184859246
2024-07-13,202410030503,2021105223,4,ルージュレイナス,1,2024,0.382866889,0.345550805
2024-07-13,202410030503,2021104835,5,エクストラドライ,0,2024,0.331122696,0.350741446
2024-07-13,202410030503,2021103215,7,ウィズアリープ,0,2024,0.232955694,0.256242573
2024-07-13,202410030503,2021104572,8,デイトゥリメンバー,0,2024,0.083999544,0.079915181
2024-07-13,202410030503,2021103352,9,メイショウテンヨウ,0,2024,0.087977014,0.091326371
2024-07-13,202410030503,2021100091,10,エイシンボーノ,0,2024,0.074813321,0.075818859
2024-07-13,202410030503,2021106718,12,ダイメイコスズ,0,2024,0.022290783,0.021442104
2024-07-13,202410030503,2021102823,13,ピナクルポイント,0,2024,0.138887793,0.136243314
2024-07-13,202410030503,2021104853,14,サクセスカノン,1,2024,0.173861504,0.177910775
2024-07-13,202410030503,2021106641,15,ハギノインスパイア,0,2024,0.255855232,0.237297505
2024-07-13,202410030503,2021106990,16,ファミリー,0,2024,0.018295024,0.017168073
2024-07-13,202410030503,2021104806,17,レオナルドスター,0,2024,0.324938416,0.309145510
2024-07-13,202410030503,2021104213,18,ブーケドボワ,0,2024,0.163570836,0.176799700
2024-07-13,202410030506,2021103454,2,リオサラ,0,2024,0.123445652,0.122482546
2024-07-13,202410030506,2021102044,3,クリノトパーズ,0,2024,0.056966446,0.062118415
2024-07-13,202410030506,2021102331,4,シンパティカ,0,2024,0.090344027,0.097126454
2024-07-13,202410030506,2021106564,6,ハヤブサソンタクン,0,2024,0.084068216,0.083456822
2024-07-13,202410030506,2021105880,7,レッドエヴァンス,1,2024,0.441416055,0.421086997
2024-07-13,202410030506,2021103933,8,スマートレイヴ,0,2024,0.222617537,0.227901444
2024-07-13,202410030506,2021101766,10,ソルトロック,0,2024,0.289872974,0.290084898
2024-07-13,202410030506,2021103168,11,アングリフ,0,2024,0.099630371,0.108374894
2024-07-13,202410030506,2021101791,12,メイショウソニック,1,2024,0.605691850,0.588405550
2024-07-13,202410030506,2021103903,14,ヴァシロペス,0,2024,0.312958866,0.283527255
2024-07-13,202410030506,2021101455,15,ルージュリリカル,0,2024,0.350418627,0.343000531
2024-07-13,202410030506,2021103844,16,ニホンピロケイ,0,2024,0.145718530,0.147746250
2024-07-13,202410030506,2021102875,17,イズジョーゴモリー,0,2024,0.059355397,0.060444355
2024-07-13,202410030506,2021103249,18,ロビンバローズ,1,2024,0.185497761,0.185477450
2024-07-13,202410030512,2020103588,1,マテンロウナイト,0,2024,0.179637581,0.171142563
2024-07-13,202410030512,2020101229,2,レディメローラ,1,2024,0.212811872,0.217903405
2024-07-13,202410030512,2019109096,3,ダイヤモンドフジ,0,2024,0.461733192,0.439520031
2024-07-13,202410030512,2021104404,5,シュークリーム,0,2024,0.106990293,0.101484217
2024-07-13,202410030512,2021104140,6,グレースルージュ,0,2024,0.196913883,0.205994561
2024-07-13,202410030512,2021106586,7,ラブカムーン,1,2024,0.218892664,0.211221591
2024-07-13,202410030512,2021100643,8,トレンシャリー,0,2024,0.286227256,0.267514527
2024-07-13,202410030512,2021110119,9,サンドロナイト,1,2024,0.555378079,0.555376053
2024-07-13,202410030512,2020106355,10,フェゲフォイア,0,2024,0.291464299,0.263540357
2024-07-13,202410030512,2021109123,11,ユメカナウケン,0,2024,0.180828139,0.153902024
2024-07-14,202402011203,2021105682,1,ハイボーン,0,2024,0.365023166,0.367811769
2024-07-14,202402011203,2021105500,2,プエルタセクレタ,0,2024,0.128740057,0.128624484
2024-07-14,202402011203,2021103271,3,ミッシーフォール,0,2024,0.044024922,0.050755218
2024-07-14,202402011203,2021102686,4,ニシノシャミナード,0,2024,0.341159463,0.340098649
2024-07-14,202402011203,2021105758,6,ゴールデンリープ,0,2024,0.072033770,0.074550681
2024-07-14,202402011203,2021105689,7,エヴァンスウィート,1,2024,0.346581817,0.353125393
2024-07-14,202402011203,2021100718,8,テキーラワルツ,0,2024,0.315517128,0.316758692
2024-07-14,202402011203,2021102411,9,ルチェッタ,0,2024,0.096938193,0.097311266
2024-07-14,202402011203,2021105827,10,フェアアイル,0,2024,0.404121548,0.401946902
2024-07-14,202402011203,2021103322,11,スプリングデイ,1,2024,0.162350938,0.166922599
2024-07-14,202402011203,2021106809,12,コスモララバイ,0,2024,0.306092858,0.288231701
2024-07-14,202402011203,2021101245,15,カチヌキマリコ,0,2024,0.257275492,0.239940941
2024-07-14,202402011203,2021101026,16,エコロアモーレ,0,2024,0.356442720,0.331977814
2024-07-14,202402011208,2020102938,1,ダルタニアン,0,2024,0.342852116,0.334460884
2024-07-14,202402011208,2020101655,2,マンダリンボレロ,0,2024,0.192370504,0.203271970
2024-07-14,202402011208,2020100906,3,フライングブレード,0,2024,0.463963062,0.468385071
2024-07-14,202402011208,2021110004,4,オオタニサーン,0,2024,0.207948312,0.219922438
2024-07-14,202402011208,2020106963,5,アンタノバラード,1,2024,0.357080370,0.355473340
2024-07-14,202402011208,2018106145,6,アコルダール,1,2024,0.105287679,0.112226412
2024-07-14,202402011208,2020104780,7,ラホーヤストーム,1,2024,0.041886210,0.043834202
2024-07-14,202402011208,2021110041,8,ミッドナイトラスタ,0,2024,0.370918691,0.369235426
2024-07-14,202402011208,2018105814,9,マケルナマサムネ,0,2024,0.074082509,0.069123238
2024-07-14,202402011208,2020100355,10,ナックブレイブ,0,2024,0.071493976,0.072245002
2024-07-14,202402011208,2019101446,11,ワンリオン,0,2024,0.362244159,0.350791693
2024-07-14,202402011208,2020104824,12,シンデレラスマイル,0,2024,0.216136023,0.207522213
2024-07-14,202402011208,2021105312,13,ルージュレベッカ,0,2024,0.063637681,0.066001631
2024-07-14,202402011208,2021102388,14,カイコウ,0,2024,0.061816085,0.065987565
2024-07-14,202402011208,2021105397,15,アフィリオン,0,2024,0.108131342,0.105948605
2024-07-14,202402011212,2021106594,1,ヤマニンアストロン,0,2024,0.496405214,0.482631028
2024-07-14,202402011212,2020106330,2,ラウラーナ,1,2024,0.189279675,0.175997466
2024-07-14,202402011212,2020106623,3,ゴキゲンサン,0,2024,0.196306020,0.205010816
2024-07-14,202402011212,2020101195,4,ゴルトリッチ,1,2024,0.390517294,0.380446851
2024-07-14,202402011212,2019105915,5,グッドグロウス,0,2024,0.040864278,0.041316286
2024-07-14,202402011212,2021101457,6,リジル,0,2024,0.552981675,0.532392561
2024-07-14,202402011212,2020102140,7,アンビバレント,0,2024,0.090115488,0.089128010
2024-07-14,202402011212,2019104675,8,アップストローク,0,2024,0.341374427,0.329853147
2024-07-14,202402011212,2019104536,9,カイカノキセキ,1,2024,0.224866822,0.223109037
2024-07-14,202402011212,2021106939,10,タイセイフェスタ,0,2024,0.165327325,0.169999391
2024-07-14,202402011212,2019103193,11,トリップトゥムーン,0,2024,0.129307538,0.117157362
2024-07-14,202402011212,2020102568,12,ワイアウ,0,2024,0.099699371,0.107464045
2024-07-14,202403020607,2021106617,1,クリーゲリン,1,2024,0.160522506,0.158657089
2024-07-14,202403020607,2021100851,3,マオノボルケーノ,0,2024,0.200373963,0.194202766
2024-07-14,202403020607,2021101639,4,ソルトブリーズ,0,2024,0.319691151,0.319841594
2024-07-14,202403020607,2021102126,5,バエル,0,2024,0.292994529,0.288993210
2024-07-14,202403020607,2021102002,6,スカイライト,0,2024,0.192720085,0.203878760
2024-07-14,202403020607,2021100438,7,ミルタンドレス,0,2024,0.228472799,0.213913426
2024-07-14,202403020607,2021107183,8,ペクトラル,0,2024,0.255668640,0.274092615
2024-07-14,202403020607,2021107079,10,ニシノプリモ,0,2024,0.023510722,0.020705136
2024-07-14,202403020607,2021102854,11,ノーブルウィスパー,0,2024,0.331652969,0.334806591
2024-07-14,202403020607,2021103744,14,マンウォル,1,2024,0.391035885,0.403553933
2024-07-14,202403020607,2021101089,15,ハーバービュー,0,2024,0.093286105,0.092457823
2024-07-14,202403020607,2021103542,16,ホウオウマリアン,0,2024,0.076034799,0.082230404
2024-07-14,202403020611,2019110102,1,デュガ,1,2024,0.183026150,0.207956940
2024-07-14,202403020611,2018106504,2,サトノアイ,0,2024,0.082610048,0.098009832
2024-07-14,202403020611,2016104668,3,カリボール,1,2024,0.066193804,0.074069083
2024-07-14,202403020611,2019105439,4,エターナルタイム,1,2024,0.552620709,0.592484593
2024-07-14,202403020611,2019100438,5,グラスミヤラビ,0,2024,0.086303890,0.090796739
2024-07-14,202403020611,2015104699,6,フレッチア,0,2024,0.068347752,0.077920079
2024-07-14,202403020611,2020102502,7,トーセンローリエ,0,2024,0.321585000,0.315712571
2024-07-14,202403020611,2017103005,8,ロードベイリーフ,0,2024,0.069436759,0.066385306
2024-07-14,202403020611,2019104915,9,バンデルオーラ,0,2024,0.109285444,0.110048339
2024-07-14,202403020611,2019104108,10,エナジーグラン,0,2024,0.263943791,0.252431124
2024-07-14,202403020611,2020101419,11,ブーケファロス,0,2024,0.308287770,0.322247416
2024-07-14,202403020611,2019105237,13,スリーパーダ,0,2024,0.187499419,0.179829925
2024-07-14,202403020611,2017106720,14,サンライズオネスト,0,2024,0.219435722,0.228624880
2024-07-14,202403020611,2018100040,15,アビッグチア,0,2024,0.104951061,0.112626523
2024-07-14,202403020611,2017103295,16,チェアリングソング,0,2024,0.091793604,0.096997783
2024-07-14,202410030608,2018103200,1,バーニングパワー,0,2024,0.372638673,0.370983660
2024-07-14,202410030608,2020106821,2,ピースフルナイト,0,2024,0.109358214,0.126734942
2024-07-14,202410030608,2020100236,3,ニシノトキメキ,1,2024,0.269165337,0.276934803
2024-07-14,202410030608,2020101517,4,ソノママソノママ,1,2024,0.351256251,0.361371458
2024-07-14,202410030608,2020102910,5,ハイクライテリア,0,2024,0.063506760,0.065212168
2024-07-14,202410030608,2020102591,6,メリオルヴィータ,0,2024,0.047029149,0.054566819
2024-07-14,202410030608,2021100144,7,ロードトレゾール,1,2024,0.456763804,0.420713842
2024-07-14,202410030608,2021102585,9,ミキノクラップス,0,2024,0.175767228,0.161517069
2024-07-14,202410030611,2018106389,1,メイショウツツジ,0,2024,0.050244298,0.058028176
2024-07-14,202410030611,2019105044,2,アドマイヤラヴィ,0,2024,0.333388120,0.339565814
2024-07-14,202410030611,2019100653,3,ハギノメーテル,0,2024,0.029499948,0.028785519
2024-07-14,202410030611,2019100652,4,ハギノモーリス,0,2024,0.274189591,0.264732093
2024-07-14,202410030611,2020101897,5,レッドヒルシューズ,1,2024,0.267045051,0.239083499
2024-07-14,202410030611,2020101792,6,プロスペリダード,0,2024,0.412576348,0.404257596
2024-07-14,202410030611,2019100581,7,ヒルノローザンヌ,0,2024,0.050356805,0.049163599
2024-07-14,202410030611,2020110133,8,フロムダスク,0,2024,0.257335901,0.264201641
2024-07-14,202410030611,2018102491,9,メイショウエニシア,0,2024,0.115874127,0.113972433
2024-07-14,202410030611,2019101079,10,アスクビギンアゲン,0,2024,0.185324267,0.207045332
2024-07-14,202410030611,2018102585,12,ロードラスター,1,2024,0.062702149,0.069841579
2024-07-14,202410030611,2020104613,13,タツダイヤモンド,1,2024,0.323586553,0.319555402
2024-07-14,202410030611,2017106264,14,ビアイ,0,2024,0.048713848,0.049498178
2024-07-14,202410030611,2017103020,15,ダンツイノーバ,0,2024,0.087683506,0.079599999
2024-07-14,202410030611,2017105574,16,チュウワノキセキ,0,2024,0.050620936,0.051760986
2024-07-14,202410030611,2018103902,17,サウンドブライアン,0,2024,0.111495815,0.120724782
2024-07-14,202410030611,2018110001,18,ジュストコル,0,2024,0.202856362,0.199408457
2024-07-20,202401010107,2020102050,1,サンポーニャ,0,2024,0.413152456,0.416670293
2024-07-20,202401010107,2020103625,2,ゴルデールスカー,0,2024,0.059291158,0.062228329
2024-07-20,202401010107,2019101643,3,バシレウスシチー,1,2024,0.478627861,0.524372578
2024-07-20,202401010107,2019101133,4,ソングフォーユー,1,2024,0.291788369,0.281175852
2024-07-20,202401010107,2021102735,5,ペプチドシュチク,0,2024,0.298892915,0.299719274
2024-07-20,202401010107,2021103299,6,シアター,0,2024,0.630386472,0.641623199
2024-07-20,202401010107,2021103118,7,セイウンサニー,0,2024,0.068421982,0.056963798
2024-07-20,202401010107,2020103292,8,ハレアカラフラ,1,2024,0.251212537,0.239680126
2024-07-20,202401010107,2021100243,9,セイウンティーダ,0,2024,0.249342978,0.235522851
2024-07-20,202401010107,2019106637,10,アポロルタ,0,2024,0.075307757,0.073942021
2024-07-20,202401010107,2020100289,11,シルバーダイヤ,0,2024,0.227795660,0.234692439
2024-07-20,202401010111,2019109094,1,ブッシュガーデン,1,2024,0.163937375,0.172322467
2024-07-20,202401010111,2017100403,2,プライムライン,0,2024,0.074542634,0.063147776
2024-07-20,202401010111,2019104386,3,トーセンサンダー,0,2024,0.324127764,0.294739157
2024-07-20,202401010111,2019105347,4,アバンチュリエ,0,2024,0.111316495,0.103835188
2024-07-20,202401010111,2020105365,5,ドーバーホーク,0,2024,0.319417864,0.310089737
2024-07-20,202401010111,2019105146,6,ジャスティンエース,0,2024,0.148775503,0.141559780
2024-07-20,202401010111,2018102649,7,タツリュウオー,0,2024,0.062990136,0.066084042
2024-07-20,202401010111,2021105606,8,オウバイトウリ,0,2024,0.410902530,0.372412115
2024-07-20,202401010111,2021100210,9,ドナベティ,0,2024,0.309993714,0.284857869
2024-07-20,202401010111,2019102041,10,アドヴァイス,0,2024,0.149538592,0.151497781
2024-07-20,202401010111,2019103010,11,オードゥメール,0,2024,0.244537830,0.237224117
2024-07-20,202401010111,2020102971,12,サトノグレイト,0,2024,0.302891970,0.300951898
2024-07-20,202401010111,2019105446,13,グットディール,0,2024,0.055835698,0.055975538
2024-07-20,202401010111,2019104525,14,ラキエータ,0,2024,0.110902622,0.115851760
2024-07-20,202401010111,2019100751,15,マイネルレノン,1,2024,0.292364925,0.275160640
2024-07-20,202401010111,2020100105,16,エイシンフェンサー,1,2024,0.418813080,0.395615458
2024-07-20,202403020707,2021104217,1,ムチャスグラシアス,1,2024,0.430827498,0.430507809
2024-07-20,202403020707,2021105533,2,サトノジール,0,2024,0.341624707,0.355791092
2024-07-20,202403020707,2021100215,4,コスモホライズン,0,2024,0.152887300,0.160181358
2024-07-20,202403020707,2021101986,6,デルマヴェーダ,1,2024,0.067651898,0.074933723
2024-07-20,202403020707,2021103261,7,ティファニジェンヌ,0,2024,0.146264300,0.146491110
2024-07-20,202403020707,2021101373,8,ロジスクリーン,0,2024,0.088609524,0.103668757
2024-07-20,202403020707,2021106443,10,サンディビーチ,0,2024,0.161564365,0.179259866
2024-07-20,202403020707,2021105031,12,スマイルコレクター,0,2024,0.450667143,0.438671410
2024-07-20,202403020707,2021104540,13,スプレムータ,0,2024,0.300422877,0.296145886
2024-07-20,202403020707,2021102846,14,エターナルローズ,0,2024,0.029575562,0.037214607
2024-07-20,202403020707,2021100485,15,ランドエース,1,2024,0.110355735,0.109599233
2024-07-20,202403020707,2021102283,16,トーマステソーロ,0,2024,0.100607894,0.099787831
2024-07-20,202403020709,2020103507,1,グラニットピーク,0,2024,0.076115608,0.068773210
2024-07-20,202403020709,2021103667,2,クオレス,1,2024,0.648796082,0.651467204
2024-07-20,202403020709,2021104145,3,オセアエクスプレス,0,2024,0.224937141,0.213336021
2024-07-20,202403020709,2020103883,4,レイレフア,0,2024,0.037817530,0.039478097
2024-07-20,202403020709,2021106395,5,ハッピーサプライズ,0,2024,0.099358261,0.091057770
2024-07-20,202403020709,2020102767,6,テンプーシャオン,0,2024,0.292983204,0.307251304
2024-07-20,202403020709,2020102835,7,キャッチザロマンス,0,2024,0.045929596,0.039204016
2024-07-20,202403020709,2019105566,8,バーミリオンクリフ,0,2024,0.232719734,0.228064939
2024-07-20,202403020709,2019103790,9,ミツカネムーン,0,2024,0.082586832,0.089041166
2024-07-20,202403020709,2020103962,10,ステークホルダー,1,2024,0.535247147,0.510622382
2024-07-20,202403020709,2019110122,11,ブラヴィーノ,0,2024,0.082920544,0.079979226
2024-07-20,202403020709,2019101562,12,デフィデリ,0,2024,0.111019425,0.116872102
2024-07-20,202403020709,2020101992,13,ライクアフラワー,1,2024,0.600622535,0.589986145
2024-07-20,202403020709,2021104665,14,レザンノワール,0,2024,0.311722338,0.323843896
2024-07-20,202410030712,2019103876,1,アパショナード,0,2024,0.169049889,0.156611457
2024-07-20,202410030712,2020106777,2,セレッソデアモール,0,2024,0.125210881,0.128802836
2024-07-20,202410030712,2019105265,3,アエリーゾ,0,2024,0.284786999,0.288499206
2024-07-20,202410030712,2019102062,4,ハルカナネガイ,0,2024,0.036665611,0.038150139
2024-07-20,202410030712,2021102561,5,キーウェーブ,0,2024,0.295369893,0.308470786
2024-07-20,202410030712,2020106355,6,フェゲフォイア,0,2024,0.125130862,0.118916668
2024-07-20,202410030712,2018100772,7,ハイライフ,0,2024,0.020173613,0.017795511
2024-07-20,202410030712,2020102326,8,サンライズプルート,0,2024,0.449393570,0.475759238
2024-07-20,202410030712,2020110068,9,エイムインライフ,1,2024,0.078740753,0.072310783
2024-07-20,202410030712,2020102294,10,スイープラン,0,2024,0.114254609,0.116581894
2024-07-20,202410030712,2020101229,11,レディメローラ,1,2024,0.189453691,0.184751362
2024-07-20,202410030712,2020102637,12,ヴィヴィッシモ,0,2024,0.427963555,0.397969574
2024-07-20,202410030712,2021104074,13,ラブディーヴァ,1,2024,0.063451312,0.061509863
2024-07-20,202410030712,2021104673,14,ダディーズアイル,0,2024,0.134113044,0.139631972
2024-07-20,202410030712,2020101121,15,ハッピーアズラリー,0,2024,0.195513770,0.207861736
2024-07-20,202410030712,2020101517,16,ソノママソノママ,0,2024,0.315721691,0.311883211
2024-07-20,202410030712,2019109096,17,ダイヤモンドフジ,0,2024,0.250381768,0.250894040
2024-07-20,202410030712,2020102271,18,コスモグングニール,0,2024,0.208147824,0.230317593
2024-07-21,202401010203,2021105275,1,リュサントノレ,0,2024,0.227739453,0.226672724
2024-07-21,202401010203,2021100476,2,ファイツオン,1,2024,0.450653195,0.455884486
2024-07-21,202401010203,2021110110,3,アールヴヘイム,0,2024,0.070027001,0.062482778
2024-07-21,202401010203,2021110081,4,リーサムギニー,0,2024,0.138591975,0.134392545
2024-07-21,202401010203,2021101956,5,イロンデル,0,2024,0.131161690,0.133246675
2024-07-21,202401010203,2021106019,6,キルケロッソ,0,2024,0.258635432,0.273686200
2024-07-21,202401010203,2021110020,7,ロジカルワーズ,1,2024,0.479046494,0.491195649
2024-07-21,202401010203,2021104037,8,テリオスソラ,0,2024,0.130886823,0.130690277
2024-07-21,202401010203,2021100016,9,ポリトナリティー,0,2024,0.088195145,0.083491184
2024-07-21,202401010203,2021102401,10,グランテレーズ,1,2024,0.426869988,0.443718284
2024-07-21,202401010203,2021100698,11,ヴィーケン,0,2024,0.136324242,0.133319736
2024-07-21,202401010203,2021106806,12,コスモバシレウス,0,2024,0.148421556,0.144262820
2024-07-21,202401010203,2021105915,13,レガシーオブエリザ,0,2024,0.178438559,0.218008190
2024-07-21,202401010203,2021103013,14,ヴェルダージ,0,2024,0.121281967,0.119107932
2024-07-21,202401010203,2021107182,15,カズヴィトシャ,0,2024,0.121767357,0.132491827
2024-07-21,202401010203,2021101398,16,ミニマルデザイン,0,2024,0.278624088,0.296138346
2024-07-21,202401010209,2019102436,1,ミズノコキュウ,0,2024,0.220696732,0.219479039
2024-07-21,202401010209,2019100772,2,ポルタフォルトゥナ,0,2024,0.302354187,0.316698015
2024-07-21,202401010209,2021103092,3,ナムラローズマリー,1,2024,0.588885725,0.597598195
2024-07-21,202401010209,2021105485,4,エリカカリーナ,1,2024,0.549049020,0.571443737
2024-07-21,202401010209,2020100121,5,イイヒニナル,0,2024,0.161324486,0.175446600
2024-07-21,202401010209,2019101262,6,ショウナンアメリア,0,2024,0.107460849,0.101982497
2024-07-21,202401010209,2020100151,7,スクルプトーリス,0,2024,0.204157025,0.210572869
2024-07-21,202401010209,2018106455,8,メイショウハボタン,0,2024,0.134017497,0.146726295
2024-07-21,202401010209,2019100755,9,アラクレ,0,2024,0.088027485,0.083636031
2024-07-21,202401010209,2020100686,10,ジョリダム,0,2024,0.177263066,0.196179077
2024-07-21,202401010209,2020104087,11,グランツベリー,0,2024,0.225348145,0.235527501
2024-07-21,202401010209,2021105242,12,シカゴスティング,1,2024,0.487208456,0.520667553
2024-07-21,202401010211,2020105574,1,ラビュリントス,0,2024,0.077902064,0.079654641
2024-07-21,202401010211,2019104911,3,プルパレイ,1,2024,0.204768598,0.241283417
2024-07-21,202401010211,2018102155,4,マイネルジェロディ,0,2024,0.242431894,0.251501948
2024-07-21,202401010211,2018101343,5,ゾンニッヒ,1,2024,0.506158650,0.494312823
2024-07-21,202401010211,2021105122,6,マスクオールウィン,0,2024,0.388916343,0.347799629
2024-07-21,202401010211,2019102240,7,マメコ,0,2024,0.443095595,0.446948290
2024-07-21,202401010211,2019100791,8,シナモンスティック,1,2024,0.371277332,0.409259290
2024-07-21,202401010211,2019100765,9,コムストックロード,0,2024,0.310719967,0.318456233
2024-07-21,202401010211,2019104841,10,カルネアサーダ,0,2024,0.371404052,0.405216724
2024-07-21,202401010211,2018105366,11,レッドベルオーブ,0,2024,0.046273515,0.034310475
2024-07-21,202410030802,2021102702,1,ウィンカラー,0,2024,0.035751529,0.041470766
2024-07-21,202410030802,2021105217,2,プルミエプランタン,0,2024,0.151115611,0.158983827
2024-07-21,202410030802,2021105098,3,ディーエストッキー,1,2024,0.529677749,0.526985109
2024-07-21,202410030802,2021100710,4,カネトシショウカ,0,2024,0.212403953,0.215714574
2024-07-21,202410030802,2021104589,5,ジーティースピカ,0,2024,0.265136927,0.258016229
2024-07-21,202410030802,2021105563,7,シャドフ,0,2024,0.518393219,0.499160677
2024-07-21,202410030802,2021110089,9,バラン,0,2024,0.088132948,0.086063862
2024-07-21,202410030802,2021105691,10,リルト,0,2024,0.042437464,0.039386295
2024-07-21,202410030802,2021104853,11,サクセスカノン,0,2024,0.237173453,0.244027182
2024-07-21,202410030802,2021106721,12,タイセイタリスマン,0,2024,0.133189157,0.151497528
2024-07-21,202410030802,2021101933,13,レディーズナイト,0,2024,0.208199680,0.193226293
2024-07-21,202410030802,2021101601,14,エガオニナッテ,0,2024,0.292384684,0.285522342
2024-07-21,202410030802,2021105046,15,リプレット,1,2024,0.138741374,0.147051498
2024-07-21,202410030802,2021100804,17,ランブルフィッシュ,0,2024,0.068712711,0.068259768
2024-07-21,202410030810,2020101763,1,トーホウフランゴ,0,2024,0.195348740,0.191246599
2024-07-21,202410030810,2017101767,2,ベンガン,0,2024,0.089878626,0.087172650
2024-07-21,202410030810,2019104361,3,テーオースパロー,1,2024,0.059658647,0.063257515
2024-07-21,202410030810,2020100736,4,ビッグボーンリタ,0,2024,0.030087169,0.033360258
2024-07-21,202410030810,2019104356,5,ディオアステリア,0,2024,0.233494118,0.220705658
2024-07-21,202410030810,2021100899,6,ビッグドリーム,0,2024,0.232683018,0.219488680
2024-07-21,202410030810,2019100210,7,ウインバグース,0,2024,0.115637414,0.119228579
2024-07-21,202410030810,2020100248,8,コスモイグローク,0,2024,0.101006351,0.090784639
2024-07-21,202410030810,2021102461,9,バンドシェル,0,2024,0.297724634,0.275248200
2024-07-21,202410030810,2019105241,10,ビップシュプリーム,0,2024,0.187203825,0.191716120
2024-07-21,202410030810,2021105771,11,ミルテンベルク,1,2024,0.242569208,0.222323567
2024-07-21,202410030810,2020106737,12,メイショウコギク,0,2024,0.112390727,0.115528494
2024-07-21,202410030810,2021101523,13,キャプテンネキ,0,2024,0.281938761,0.270005494
2024-07-21,202410030810,2019102458,14,ワンダーキサラ,1,2024,0.283817083,0.268949211
2024-07-21,202410030810,2019102068,15,シャウビンダー,0,2024,0.162433296,0.162618801
2024-07-21,202410030810,2019105526,16,ミッキーチャレンジ,0,2024,0.389255375,0.383042872
2024-07-21,202410030810,2021102888,17,ナムラアトム,0,2024,0.442398757,0.449935675
2024-07-21,202410030810,2017102940,18,ワンダーカタリナ,0,2024,0.070627451,0.064374700
2024-07-28,202401010408,2021101793,1,オオゾラヒバリ,0,2024,0.217606097,0.221216679
2024-07-28,202401010408,2020103418,2,インクルードダイヤ,0,2024,0.144600362,0.144874036
2024-07-28,202401010408,2021100157,3,ロードトレイル,1,2024,0.365087241,0.352188796
2024-07-28,202401010408,2021105175,4,セントキルダ,0,2024,0.169598326,0.173410937
2024-07-28,202401010408,2019106637,5,アポロルタ,1,2024,0.126074806,0.137136102
2024-07-28,202401010408,2021100522,6,ジョーメッドヴィン,0,2024,0.517449498,0.487708062
2024-07-28,202401010408,2021103289,7,レディーエンジェル,0,2024,0.062555075,0.051173937
2024-07-28,202401010408,2020104824,8,シンデレラスマイル,0,2024,0.237810791,0.258467466
2024-07-28,202401010408,2020104616,10,パクスロマーナ,0,2024,0.208742633,0.207986206
2024-07-28,202401010408,2021100016,11,ポリトナリティー,0,2024,0.046077058,0.045538388
2024-07-28,202401010408,2021106854,12,ハピアーザンエバー,0,2024,0.315090001,0.288011789
2024-07-28,202401010408,2021103052,13,サニイアール,0,2024,0.199877217,0.210039794
2024-07-28,202401010408,2021100187,14,ニシノクラウン,0,2024,0.318280637,0.320683807
2024-08-03,202404020310,2021105165,2,シアーエレガンス,0,2024,0.211034074,0.192695662
2024-08-03,202404020310,2021101852,3,クリノヴァルキリー,0,2024,0.060643826,0.068369083
2024-08-03,202404020310,2021103934,4,スマートヌーメン,0,2024,0.091196448,0.099377565
2024-08-03,202404020310,2021103971,6,ハッピーデービー,1,2024,0.133080885,0.124947302
2024-08-03,202404020310,2021105880,7,レッドエヴァンス,1,2024,0.535545766,0.516093016
2024-08-03,202404020310,2021102854,9,ノーブルウィスパー,0,2024,0.285017580,0.293955892
2024-08-03,202404020310,2021110117,10,イェルマーク,0,2024,0.244548723,0.250850976
2024-08-03,202404020310,2021101126,11,クリノローレライ,0,2024,0.029773666,0.030258665
2024-08-03,202404020310,2021105223,12,ルージュレイナス,0,2024,0.393274367,0.414519459
2024-08-03,202404020310,2021106286,13,セイカアビイロード,0,2024,0.018977510,0.017828094
2024-08-03,202404020310,2021103598,14,ブライトルピナス,0,2024,0.261949867,0.282442212
2024-08-03,202404020310,2021101142,15,ユヌブリーズ,0,2024,0.146781117,0.132502586
2024-08-03,202404020310,2021104170,17,リアリータイト,0,2024,0.022228356,0.018983785
2024-08-04,202401010603,2021103322,1,スプリングデイ,1,2024,0.349281847,0.357573777
2024-08-04,202401010603,2021106584,2,マコトジャーベ,0,2024,0.154287115,0.164083660
2024-08-04,202401010603,2021105275,4,リュサントノレ,0,2024,0.272635221,0.257413447
2024-08-04,202401010603,2021101769,5,ドレッド,0,2024,0.171382010,0.171326324
2024-08-04,202401010603,2021105659,6,アムールリーベ,1,2024,0.495647848,0.488132626
2024-08-04,202401010603,2021103277,7,メイショウマサユメ,0,2024,0.166311964,0.173147574
2024-08-04,202401010603,2021102401,8,グランテレーズ,1,2024,0.469993621,0.463651121
2024-08-04,202401010603,2021106789,9,コスモマチュアー,0,2024,0.038735725,0.040361404
2024-08-04,202401010603,2021102706,11,アルーリングソレル,0,2024,0.015346992,0.014582182
2024-08-04,202401010603,2021106809,12,コスモララバイ,0,2024,0.307463199,0.312664866
2024-08-04,202401010603,2021105830,13,ロンフォン,0,2024,0.430239350,0.432900131
2024-08-04,202401010603,2021102589,14,スマイルアクセス,0,2024,0.113407910,0.126751974
2024-08-04,202401010603,2021105776,15,ピーエムドレミ,0,2024,0.220970809,0.200879961
2024-08-04,202401010603,2021101245,16,カチヌキマリコ,0,2024,0.258476853,0.268514603
2024-08-04,202401010610,2019104536,1,カイカノキセキ,0,2024,0.226659402,0.221144214
2024-08-04,202401010610,2019103193,2,トリップトゥムーン,0,2024,0.155180514,0.161986142
2024-08-04,202401010610,2020106987,3,スムースベルベット,0,2024,0.100830995,0.100229934
2024-08-04,202401010610,2020103632,4,スイミーユニバンス,0,2024,0.238740936,0.242582902
2024-08-04,202401010610,2020102140,5,アンビバレント,0,2024,0.065635905,0.072245397
2024-08-04,202401010610,2019100772,6,ポルタフォルトゥナ,0,2024,0.182228014,0.170071289
2024-08-04,202401010610,2020106623,7,ゴキゲンサン,0,2024,0.107047670,0.107049994
2024-08-04,202401010610,2019105191,8,コナブラック,1,2024,0.164824098,0.168433443
2024-08-04,202401010610,2019102436,9,ミズノコキュウ,1,2024,0.195790797,0.199424610
2024-08-04,202401010610,2020104983,10,マルプリ,1,2024,0.149341762,0.157455280
2024-08-04,202401010610,2020102718,11,オルフェスト,0,2024,0.333194315,0.322672784
2024-08-04,202401010610,2018103620,12,ロゼクラン,0,2024,0.115133151,0.107259363
2024-08-04,202401010610,2020101195,13,ゴルトリッチ,0,2024,0.284354925,0.287832826
2024-08-04,202401010610,2019101679,14,ヴィアドロローサ,0,2024,0.116116554,0.119751416
2024-08-04,202401010610,2021106594,15,ヤマニンアストロン,0,2024,0.297644794,0.269656748
2024-08-04,202401010610,2019104675,16,アップストローク,0,2024,0.169658199,0.199580178
2024-08-04,202401010612,2021104481,1,ビアフォーナウ,0,2024,0.094647646,0.096766263
2024-08-04,202401010612,2020103292,2,ハレアカラフラ,0,2024,0.249349505,0.242723063
2024-08-04,202401010612,2018100094,3,ナムラシベラ,0,2024,0.061023183,0.057540722
2024-08-04,202401010612,2020104676,4,マイレーヌ,0,2024,0.251334250,0.262891501
2024-08-04,202401010612,2020102050,5,サンポーニャ,0,2024,0.271719575,0.284919858
2024-08-04,202401010612,2020104739,6,ランスオブサウンド,1,2024,0.091312915,0.098100640
2024-08-04,202401010612,2021101677,8,ソルレース,1,2024,0.584525943,0.610258579
2024-08-04,202401010612,2020103655,9,ダークブロンド,0,2024,0.122116238,0.105511695
2024-08-04,202401010612,2019101133,10,ソングフォーユー,0,2024,0.296471357,0.315665394
2024-08-04,202401010612,2020102208,11,マテンロウアネモス,0,2024,0.166588962,0.153132111
2024-08-04,202401010612,2021103289,12,レディーエンジェル,0,2024,0.041738775,0.041494958
2024-08-04,202401010612,2019105533,13,ラリベラ,0,2024,0.171196267,0.188416988
2024-08-04,202401010612,2021105872,14,ベアゴーゴー,0,2024,0.473008752,0.501220882
2024-08-04,202401010612,2020105897,16,ソアラ,0,2024,0.062517501,0.067729414
2024-08-10,202401020112,2020100289,1,シルバーダイヤ,0,2024,0.061870832,0.059500925
2024-08-10,202401020112,2021104665,2,レザンノワール,0,2024,0.241308272,0.255751491
2024-08-10,202401020112,2019106637,3,アポロルタ,0,2024,0.275212109,0.282261610
2024-08-10,202401020112,2021101682,4,ギルティプレジャー,0,2024,0.304221421,0.280906796
2024-08-10,202401020112,2021101793,5,オオゾラヒバリ,0,2024,0.111170739,0.109427556
2024-08-10,202401020112,2020100906,6,フライングブレード,0,2024,0.308793068,0.317732334
2024-08-10,202401020112,2021104839,7,プレアデスグループ,0,2024,0.379986852,0.367766351
2024-08-10,202401020112,2020104780,8,ラホーヤストーム,0,2024,0.107164323,0.112913236
2024-08-10,202401020112,2021100187,9,ニシノクラウン,0,2024,0.157170996,0.168868646
2024-08-10,202401020112,2021103535,10,シャインズオンユー,0,2024,0.153555080,0.155769229
2024-08-10,202401020112,2019100548,11,タガノミア,0,2024,0.328059316,0.324101478
2024-08-10,202401020112,2021100522,12,ジョーメッドヴィン,1,2024,0.487332493,0.462601572
2024-08-10,202401020112,2020104739,13,ランスオブサウンド,1,2024,0.215844899,0.216056183
2024-08-10,202401020112,2021102952,14,オベイユアマスター,1,2024,0.106178813,0.115274787
2024-08-10,202401020112,2020102646,15,クラックオブドーン,0,2024,0.037122499,0.038419984
2024-08-10,202401020112,2021104878,16,キングヴァージル,0,2024,0.032453731,0.030936688
2024-08-10,202407020107,2021101791,2,メイショウソニック,0,2024,0.659609616,0.647761941
2024-08-10,202407020107,2021103907,4,ショウナンマリン,1,2024,0.138145596,0.136774793
2024-08-10,202407020107,2021110089,7,バラン,0,2024,0.228987828,0.224214166
2024-08-10,202407020107,2021101013,8,サウンドヴェール,0,2024,0.070544712,0.074107975
2024-08-10,202407020107,2021106613,9,チェリアーナ,0,2024,0.110088810,0.113675624
2024-08-10,202407020107,2021105098,10,ディーエストッキー,1,2024,0.501360416,0.488276750
2024-08-10,202407020107,2021101524,11,ビッグアンサー,0,2024,0.021896586,0.019896120
2024-08-10,202407020107,2021105605,12,アイルドリアン,1,2024,0.093778156,0.091748439
2024-08-10,202407020107,2021101933,14,レディーズナイト,0,2024,0.301670671,0.283973217
2024-08-10,202407020107,2021105046,15,リプレット,0,2024,0.195384294,0.196876153
2024-08-10,202407020107,2021110019,16,アーバンエア,0,2024,0.225915164,0.214681223
2024-08-10,202407020107,2021104806,17,レオナルドスター,0,2024,0.377584547,0.364529043
2024-08-10,202407020107,2021103550,18,キープライジング,0,2024,0.149786726,0.131517217
2024-08-11,202401020211,2019105459,1,ソウテン,0,2024,0.178552464,0.157445505
2024-08-11,202401020211,2019104911,2,プルパレイ,1,2024,0.154642075,0.165061876
2024-08-11,202401020211,2019105452,3,ミッキーハーモニー,0,2024,0.243960097,0.233515888
2024-08-11,202401020211,2018103515,4,カンティーユ,1,2024,0.445500642,0.447932094
2024-08-11,202401020211,2018110035,5,シュバルツカイザー,0,2024,0.117436059,0.121725634
2024-08-11,202401020211,2020102502,6,トーセンローリエ,0,2024,0.327648669,0.319335818
2024-08-11,202401020211,2019104841,7,カルネアサーダ,0,2024,0.139968440,0.139230862
2024-08-11,202401020211,2018100394,8,サトノラムセス,0,2024,0.046521623,0.047309961
2024-08-11,202401020211,2020100105,9,エイシンフェンサー,0,2024,0.401945442,0.407341480
2024-08-11,202401020211,2019100791,10,シナモンスティック,0,2024,0.245049357,0.271244675
2024-08-11,202401020211,2021105774,11,ダノンマッキンリー,0,2024,0.281100631,0.276245594
2024-08-11,202401020211,2020103589,12,ブトンドール,0,2024,0.110290788,0.110289849
2024-08-11,202401020211,2019104470,13,キミワクイーン,1,2024,0.186964869,0.188681513
2024-08-11,202401020211,2019102240,14,マメコ,0,2024,0.277464241,0.310256064
2024-08-11,202401020211,2019102576,15,クリノマジン,0,2024,0.104652196,0.101671599
2024-08-11,202401020211,2019105345,16,サブライムアンセム,0,2024,0.077029444,0.083566599
2024-08-11,202407020212,2019104361,1,テーオースパロー,1,2024,0.182277232,0.184234798
2024-08-11,202407020212,2019100604,2,ヤマニンアンフィル,1,2024,0.445596248,0.435657501
2024-08-11,202407020212,2018104322,3,プレジールミノル,0,2024,0.115436122,0.111763462
2024-08-11,202407020212,2019100578,4,クインズプリーズ,0,2024,0.197105825,0.197052360
2024-08-11,202407020212,2020102738,5,エールレヴリー,0,2024,0.147003144,0.144537538
2024-08-11,202407020212,2021102914,6,モズトキキ,0,2024,0.541028023,0.535715282
2024-08-11,202407020212,2017101991,7,テンジュイン,0,2024,0.125141814,0.110988036
2024-08-11,202407020212,2018103430,8,エスパダアスール,0,2024,0.105563216,0.104814634
2024-08-11,202407020212,2021100144,9,ロードトレゾール,1,2024,0.374386400,0.372839361
2024-08-11,202407020212,2019104498,10,インプロバイザー,0,2024,0.397043288,0.385115951
2024-08-17,202401020303,2021103106,1,サイモンモーニング,0,2024,0.053737439,0.050582085
2024-08-17,202401020303,2021105957,2,グレナマディー,0,2024,0.043115020,0.048811410
2024-08-17,202401020303,2021103941,4,ジャヴァネ,0,2024,0.054933429,0.063352816
2024-08-17,202401020303,2021101245,5,カチヌキマリコ,0,2024,0.362728626,0.376990497
2024-08-17,202401020303,2021103052,6,サニイアール,1,2024,0.375421971,0.361710191
2024-08-17,202401020303,2021105915,7,レガシーオブエリザ,0,2024,0.292659551,0.275303692
2024-08-17,202401020303,2021102821,8,ランガン,0,2024,0.052032333,0.053536147
2024-08-17,202401020303,2021102401,9,グランテレーズ,1,2024,0.628051281,0.585385084
2024-08-17,202401020303,2021103548,10,フォカッチャ,0,2024,0.059295543,0.061815131
2024-08-17,202401020303,2021106718,12,ダイメイコスズ,0,2024,0.089322381,0.078007571
2024-08-17,202401020303,2021105216,14,シーメジャー,0,2024,0.174978673,0.164223894
2024-08-17,202401020303,2021105714,15,キアロヴェローチェ,1,2024,0.273267359,0.301809579
2024-08-17,202401020303,2021101427,16,ガーデンプランナー,0,2024,0.180863187,0.191558182
2024-08-17,202407020301,2022107056,6,テーオーシュターデ,1,2024,0.534946859,0.528522432
2024-08-17,202407020312,2021102726,1,ナリタヴィクトリー,0,2024,0.075176172,0.077429540
2024-08-17,202407020312,2021107214,2,ケイティバトラー,0,2024,0.142432630,0.152940318
2024-08-17,202407020312,2021110014,3,ブライトアゲイン,0,2024,0.069679976,0.067142293
2024-08-17,202407020312,2021105862,4,フェリーニ,0,2024,0.342373610,0.367805183
2024-08-17,202407020312,2020102537,5,チカポコ,0,2024,0.072709039,0.073538274
2024-08-17,202407020312,2018103200,6,バーニングパワー,0,2024,0.165103376,0.163065448
2024-08-17,202407020312,2020106821,7,ピースフルナイト,1,2024,0.068989724,0.073157609
2024-08-17,202407020312,2020107203,8,イツモハラペコ,0,2024,0.077005081,0.077240944
2024-08-17,202407020312,2021103210,9,メイショウサチダケ,0,2024,0.117111005,0.120398022
2024-08-17,202407020312,2021105068,10,クリノハレルヤ,1,2024,0.166796699,0.172826812
2024-08-17,202407020312,2019110127,12,サトノプリエール,0,2024,0.376067072,0.396153629
2024-08-17,202407020312,2021104074,13,ラブディーヴァ,0,2024,0.220877469,0.207462370
2024-08-17,202407020312,2020101372,14,クリノエンジェル,0,2024,0.100753702,0.094685182
2024-08-17,202407020312,2020101229,15,レディメローラ,0,2024,0.383384526,0.429555506
2024-08-17,202407020312,2020106777,16,セレッソデアモール,1,2024,0.204351380,0.226452649
2024-08-17,202407020312,2021105217,17,プルミエプランタン,0,2024,0.090632431,0.088538907
2024-08-17,202407020312,2021106586,18,ラブカムーン,0,2024,0.264366269,0.255308390
2024-08-18,202401020410,2021105242,1,シカゴスティング,1,2024,0.392213464,0.392886639
2024-08-18,202401020410,2019102436,2,ミズノコキュウ,0,2024,0.267868370,0.253063500
2024-08-18,202401020410,2019104738,3,サウンドクレア,0,2024,0.132728532,0.127637252
2024-08-18,202401020410,2021100610,4,アサギリ,0,2024,0.088402666,0.083265588
2024-08-18,202401020410,2020100686,5,ジョリダム,0,2024,0.110799886,0.115503766
2024-08-18,202401020410,2021102562,6,パルプフィクション,0,2024,0.066711299,0.059703887
2024-08-18,202401020410,2020104087,7,グランツベリー,0,2024,0.096393630,0.095427640
2024-08-18,202401020410,2021103005,8,ヒラボクミニー,0,2024,0.329949915,0.308248252
2024-08-18,202401020410,2021105485,9,エリカカリーナ,0,2024,0.421212733,0.417526364
2024-08-18,202401020410,2020104983,10,マルプリ,0,2024,0.159762129,0.148560151
2024-08-18,202401020410,2019103897,11,ハピネスアゲン,0,2024,0.113493688,0.110334970
2024-08-18,202401020410,2020103915,12,ツインクルトーズ,1,2024,0.097371429,0.093434528
2024-08-18,202401020410,2021105619,13,スミレファースト,0,2024,0.278339922,0.249898896
2024-08-18,202401020410,2021103278,14,メイショウミリオレ,0,2024,0.231114730,0.223485857
2024-08-18,202401020410,2020103238,15,オックスリップ,0,2024,0.098172456,0.096323065
2024-08-18,202401020410,2021104073,16,カピリナ,1,2024,0.424040914,0.385176569
2024-08-18,202407020411,2019105806,1,ドロップオブライト,1,2024,0.239226252,0.255156666
2024-08-18,202407020411,2018102281,2,キタノエクスプレス,0,2024,0.251834273,0.280360848
2024-08-18,202407020411,2020101827,3,バースクライ,0,2024,0.212672889,0.213430732
2024-08-18,202407020411,2019105139,4,スコールユニバンス,0,2024,0.057478815,0.069753379
2024-08-18,202407020411,2020101543,5,グランテスト,1,2024,0.262538433,0.271683365
2024-08-18,202407020411,2020105018,6,スズハローム,1,2024,0.195447564,0.191652387
2024-08-18,202407020411,2019105512,7,ジャスティンスカイ,0,2024,0.271795541,0.284831762
2024-08-18,202407020411,2019104057,8,サウンドビバーチェ,0,2024,0.109629959,0.123136066
2024-08-18,202407020411,2020101419,9,ブーケファロス,0,2024,0.183610186,0.181090593
2024-08-18,202407020411,2020110040,10,ヤクシマ,0,2024,0.079178855,0.082158767
2024-08-18,202407020411,2017106137,11,グレイトゲイナー,0,2024,0.154331759,0.144039556
2024-08-18,202407020411,2020101503,12,カンチェンジュンガ,0,2024,0.230814785,0.235112160
2024-08-18,202407020411,2019110001,13,ショウナンハクラク,0,2024,0.088759631,0.090825126
2024-08-18,202407020411,2020101897,14,レッドヒルシューズ,0,2024,0.159290984,0.155889079
2024-08-18,202407020411,2019103714,15,メイショウソラフネ,0,2024,0.250575095,0.246120796
2024-08-18,202407020411,2019105126,16,アグリ,0,2024,0.272876143,0.283079088
2024-08-18,202407020411,2016104668,17,カリボール,0,2024,0.048274174,0.048571441
2024-08-18,202407020411,2019106102,18,アネゴハダ,0,2024,0.129938096,0.130564287
2024-08-24,202401020510,2019101262,1,ショウナンアメリア,0,2024,0.115607783,0.107308418
2024-08-24,202401020510,2020101031,2,アスクエピソード,0,2024,0.210209206,0.219368786
2024-08-24,202401020510,2019101643,3,バシレウスシチー,0,2024,0.490404069,0.520301163
2024-08-24,202401020510,2019104675,4,アップストローク,0,2024,0.200639740,0.232415095
2024-08-24,202401020510,2019101679,5,ヴィアドロローサ,0,2024,0.168696746,0.174524367
2024-08-24,202401020510,2019103193,6,トリップトゥムーン,0,2024,0.127291590,0.127374426
2024-08-24,202401020510,2020100121,7,イイヒニナル,0,2024,0.159733966,0.158394754
2024-08-24,202401020510,2020104087,8,グランツベリー,0,2024,0.124522150,0.126139045
2024-08-24,202401020510,2021110039,9,コーティアスマナー,1,2024,0.454075485,0.423426330
2024-08-24,202401020510,2019104536,10,カイカノキセキ,0,2024,0.234050006,0.240035146
2024-08-24,202401020510,2018104208,11,プリティインピンク,0,2024,0.058414895,0.053305931
2024-08-24,202401020510,2020103238,12,オックスリップ,1,2024,0.186422944,0.201367602
2024-08-24,202401020510,2018106613,13,プルスウルトラ,0,2024,0.094873182,0.090816036
2024-08-24,202401020510,2020103356,14,クファシル,1,2024,0.254574955,0.246942818
2024-08-24,202404030503,2021101875,1,ダンシングウィズ,0,2024,0.022792676,0.024891714
2024-08-24,202404030503,2021105169,2,レジーナデッラネラ,0,2024,0.127072841,0.131331146
2024-08-24,202404030503,2021103062,3,キャンディタフト,0,2024,0.047875628,0.053685997
2024-08-24,202404030503,2021104119,4,トクシーオーディン,0,2024,0.135636553,0.140192568
2024-08-24,202404030503,2021106488,5,ココロオドル,0,2024,0.086961724,0.089243904
2024-08-24,202404030503,2021103549,6,ホウオウフロイト,0,2024,0.044619709,0.050676029
2024-08-24,202404030503,2021102402,7,ルージュエリシア,0,2024,0.145542160,0.144467145
2024-08-24,202404030503,2021101986,8,デルマヴェーダ,1,2024,0.411110282,0.416221499
2024-08-24,202404030503,2021106050,10,フィローシャ,0,2024,0.111651778,0.113890283
2024-08-24,202404030503,2021106638,11,シンデレラタイム,0,2024,0.130142674,0.126773641
2024-08-24,202404030503,2021110042,12,サクソフィーナ,1,2024,0.313831478,0.298355401
2024-08-24,202404030503,2021106617,13,クリーゲリン,0,2024,0.371781796,0.383447796
2024-08-24,202404030503,2021106551,14,ダイシンネイビー,0,2024,0.377191275,0.373705924
2024-08-24,202404030503,2021103284,15,ウォーオブサウンド,0,2024,0.181828275,0.176905066
2024-08-24,202404030503,2021103422,16,ジョブックノワ,1,2024,0.303733170,0.348927587
2024-08-24,202404030503,2021101869,17,パールホワイトイブ,0,2024,0.235503331,0.242651105
2024-08-24,202404030503,2021102288,18,メーオーテソーロ,0,2024,0.101914942,0.098603122
2024-08-25,202401020609,2020104739,1,ランスオブサウンド,0,2024,0.292244494,0.316512704
2024-08-25,202401020609,2021103322,2,スプリングデイ,1,2024,0.433864474,0.453797579
2024-08-25,202401020609,2019105533,3,ラリベラ,0,2024,0.329566658,0.335240930
2024-08-25,202401020609,2021103575,4,アイスリンディ,0,2024,0.084507063,0.080659643
2024-08-25,202401020609,2018100094,5,ナムラシベラ,0,2024,0.083907939,0.082851946
2024-08-25,202401020609,2021105872,6,ベアゴーゴー,1,2024,0.556606054,0.582302570
2024-08-25,202401020609,2020103527,7,メイプルリーフラグ,0,2024,0.022997761,0.019881304
2024-08-25,202401020609,2020104616,8,パクスロマーナ,0,2024,0.236345902,0.244069859
2024-08-25,202401020609,2019100548,9,タガノミア,0,2024,0.289338738,0.287220865
2024-08-25,202401020609,2021105312,10,ルージュレベッカ,0,2024,0.067684688,0.064198442
2024-08-25,202401020609,2020104415,11,スピニングマーリン,0,2024,0.042442825,0.045330245
2024-08-25,202401020609,2020102208,12,マテンロウアネモス,0,2024,0.217425764,0.216957450
2024-08-25,202401020609,2021101924,13,フィオライア,1,2024,0.414394766,0.386389643
2024-08-25,202401020609,2020105897,14,ソアラ,0,2024,0.082572348,0.079642795
2024-08-25,202401020609,2020106888,15,レターマイハート,0,2024,0.079303145,0.067131020
2024-08-25,202401020611,2020104243,1,オオバンブルマイ,1,2024,0.307445645,0.332159251
2024-08-25,202401020611,2019103753,2,ナムラクレア,0,2024,0.402909338,0.401069969
2024-08-25,202401020611,2019104911,3,プルパレイ,0,2024,0.180985868,0.182555422
2024-08-25,202401020611,2019102273,4,モリノドリーム,0,2024,0.308460385,0.283935755
2024-08-25,202401020611,2019100791,5,シナモンスティック,0,2024,0.146967232,0.148319989
2024-08-25,202401020611,2019102979,6,エイシンスポッター,1,2024,0.190491974,0.171734571
2024-08-25,202401020611,2019100965,7,マテンロウオリオン,0,2024,0.058770817,0.060532965
2024-08-25,202401020611,2018101343,8,ゾンニッヒ,0,2024,0.260876834,0.238863006
2024-08-25,202401020611,2021110027,9,エトヴプレ,0,2024,0.353215307,0.316141397
2024-08-25,202401020611,2019101700,10,サトノレーヴ,1,2024,0.460295230,0.486005187
2024-08-25,202401020611,2018110035,11,シュバルツカイザー,0,2024,0.053444531,0.058060650
2024-08-25,202401020611,2020100896,12,ビッグシーザー,0,2024,0.352236569,0.342697084
2024-08-25,202401020611,2017105661,13,ジュビリーヘッド,0,2024,0.068125650,0.066906005
2024-08-25,202401020611,2021105774,14,ダノンマッキンリー,0,2024,0.219529390,0.207419112
2024-08-25,202401020611,2019105658,15,オタルエバー,0,2024,0.143238395,0.136808380
2024-08-25,202401020611,2020103639,16,セッション,0,2024,0.212613657,0.227339014
2024-08-31,202401020701,2022100867,1,オールマイタイム,0,2024,0.041304614,0.049085218
2024-08-31,202401020701,2022102878,5,ナンナンプー,1,2024,0.210300535,0.215667322
2024-08-31,202401020712,2019100772,1,ポルタフォルトゥナ,0,2024,0.190245882,0.198675796
2024-08-31,202401020712,2020102140,2,アンビバレント,0,2024,0.063907087,0.065156296
2024-08-31,202401020712,2021105619,3,スミレファースト,0,2024,0.321622163,0.321083903
2024-08-31,202401020712,2021110039,4,コーティアスマナー,0,2024,0.447803974,0.423979223
2024-08-31,202401020712,2020103898,5,イグニション,0,2024,0.162635520,0.165448695
2024-08-31,202401020712,2018100097,6,スマートルシーダ,0,2024,0.092801005,0.096905604
2024-08-31,202401020712,2020103632,7,スイミーユニバンス,1,2024,0.205874413,0.199734837
2024-08-31,202401020712,2021102735,9,ペプチドシュチク,0,2024,0.144247040,0.156584218
2024-08-31,202401020712,2020102568,10,ワイアウ,0,2024,0.060624182,0.052480105
2024-08-31,202401020712,2019106076,11,ケイアイオメガ,0,2024,0.089919493,0.081764497
2024-08-31,202401020712,2019100593,12,フラッシュアーク,0,2024,0.041590046,0.034957867
2024-08-31,202401020712,2021100157,13,ロードトレイル,0,2024,0.267874718,0.281926095
2024-08-31,202401020712,2018106455,14,メイショウハボタン,0,2024,0.090482764,0.089292154
2024-08-31,202401020712,2020103915,15,ツインクルトーズ,1,2024,0.205643699,0.191967651
2024-08-31,202401020712,2021100522,16,ジョーメッドヴィン,1,2024,0.339615881,0.353045434
2024-08-31,202407020711,2020110133,1,フロムダスク,0,2024,0.116581395,0.119009092
2024-08-31,202407020711,2017100403,2,プライムライン,0,2024,0.047438100,0.037570532
2024-08-31,202407020711,2020104613,3,タツダイヤモンド,0,2024,0.263544172,0.275877595
2024-08-31,202407020711,2019102137,4,シロン,1,2024,0.286979407,0.299461007
2024-08-31,202407020711,2018103296,5,サニーオーシャン,0,2024,0.050982781,0.051848069
2024-08-31,202407020711,2018106389,6,メイショウツツジ,0,2024,0.044711836,0.055430982
2024-08-31,202407020711,2019105760,7,シュヴェルトライテ,0,2024,0.148645014,0.141449451
2024-08-31,202407020711,2018102585,8,ロードラスター,0,2024,0.072190717,0.073557444
2024-08-31,202407020711,2021100130,9,ロードフォアエース,1,2024,0.447144508,0.442846626
2024-08-31,202407020711,2019105347,10,アバンチュリエ,0,2024,0.147781894,0.151707470
2024-08-31,202407020711,2020110090,11,ティニア,1,2024,0.428907931,0.401789516
2024-08-31,202407020711,2020103450,12,ピピオラ,0,2024,0.205668509,0.203055233
2024-08-31,202407020711,2019105555,13,ヴェールアンレーヴ,0,2024,0.086971276,0.072428793
2024-08-31,202407020711,2021110132,14,ジャスパーノワール,0,2024,0.131511733,0.134052947
2024-08-31,202407020711,2017103020,15,ダンツイノーバ,0,2024,0.040394578,0.039794140
2024-08-31,202407020711,2018102491,16,メイショウエニシア,0,2024,0.118514180,0.121777765
2024-08-31,202407020711,2019100604,17,ヤマニンアンフィル,0,2024,0.209936932,0.217067599
2024-08-31,202407020711,2017100461,18,ワンスカイ,0,2024,0.038182527,0.034100566
2024-09-01,202401020804,2021100146,1,セントオブシン,0,2024,0.057090838,0.054951202
2024-09-01,202401020804,2021101402,2,サトノフォルテ,0,2024,0.190220028,0.192012489
2024-09-01,202401020804,2021105830,3,ロンフォン,0,2024,0.339677453,0.332016170
2024-09-01,202401020804,2021102468,4,ブライティアダイヤ,1,2024,0.290044308,0.259042352
2024-09-01,202401020804,2021100226,5,セキテイレア,0,2024,0.147112355,0.144598424
2024-09-01,202401020804,2021102598,6,ラントゥリーダンス,0,2024,0.057311695,0.058510166
2024-09-01,202401020804,2021101921,7,ポムファッジ,0,2024,0.193165883,0.186606586
2024-09-01,202401020804,2021105827,8,フェアアイル,0,2024,0.134867281,0.122330219
2024-09-01,202401020804,2021105714,9,キアロヴェローチェ,1,2024,0.222214550,0.209945887
2024-09-01,202401020804,2021105902,10,ココシャンパーニュ,0,2024,0.384373397,0.403325289
2024-09-01,202401020804,2021103004,11,ヒラボクヒーロー,0,2024,0.066461168,0.065309443
2024-09-01,202401020804,2021100415,12,スウィートリワード,1,2024,0.366242677,0.364672422
2024-09-01,202401020804,2021105659,13,アムールリーベ,0,2024,0.390682429,0.386965394
2024-09-01,202401020804,2021103903,14,ヴァシロペス,0,2024,0.185798407,0.189474225
2024-09-01,202401020804,2021104033,15,マルジェラ,0,2024,0.029499626,0.027959486
2024-09-01,202401020804,2021103052,16,サニイアール,0,2024,0.270488977,0.264002800
2024-09-01,202401020806,2021104665,1,レザンノワール,1,2024,0.394260377,0.396085203
2024-09-01,202401020806,2018100094,2,ナムラシベラ,1,2024,0.121757321,0.113252230
2024-09-01,202401020806,2021105175,3,セントキルダ,0,2024,0.188893706,0.189012304
2024-09-01,202401020806,2020104415,4,スピニングマーリン,0,2024,0.054409817,0.055075277
2024-09-01,202401020806,2021102952,5,オベイユアマスター,0,2024,0.242818162,0.259517431
2024-09-01,202401020806,2021105533,6,サトノジール,0,2024,0.145510018,0.146426871
2024-09-01,202401020806,2021101793,7,オオゾラヒバリ,0,2024,0.143692091,0.146293521
2024-09-01,202401020806,2021105840,8,メネラオス,0,2024,0.082010046,0.073190384
2024-09-01,202401020806,2020103261,9,アウクソー,0,2024,0.049342945,0.048392124
2024-09-01,202401020806,2020100632,10,アイノセンシ,0,2024,0.075003579,0.065932892
2024-09-01,202401020806,2019101644,11,キャンドルベリー,0,2024,0.105010092,0.095738985
2024-09-01,202401020806,2021104004,12,リンクスクードボル,0,2024,0.130371213,0.123033427
2024-09-01,202401020806,2021100678,13,ヒデシンイメル,0,2024,0.263866067,0.287416846
2024-09-01,202401020806,2020100289,14,シルバーダイヤ,1,2024,0.078375667,0.082671270
2024-09-01,202401020806,2017101448,15,ウインアステロイド,0,2024,0.115681909,0.121842861
2024-09-01,202401020806,2021104839,16,プレアデスグループ,0,2024,0.332388043,0.334519684
2024-09-01,202401020809,2022100639,7,ロードヴェルト,0,2024,0.262229472,0.283030570
2024-09-01,202401020809,2022100490,9,モズナナスター,1,2024,0.392317027,0.394186497
2024-09-07,202406040110,2020104088,1,ランドオブラヴ,1,2024,0.475523651,0.471766323
2024-09-07,202406040110,2021102914,3,モズトキキ,1,2024,0.393968463,0.392354161
2024-09-07,202406040110,2021100144,4,ロードトレゾール,0,2024,0.537495494,0.546715856
2024-09-07,202406040110,2019104498,5,インプロバイザー,0,2024,0.192659572,0.202015579
2024-09-07,202406040110,2019104675,6,アップストローク,1,2024,0.263675690,0.282692403
2024-09-07,202406040110,2019106870,7,カジュフェイス,0,2024,0.080122024,0.086480737
2024-09-07,202406040110,2019100755,8,アラクレ,0,2024,0.057648819,0.062466253
2024-09-07,202406040110,2020105409,9,ディアドコス,0,2024,0.422699720,0.358240724
2024-09-07,202406040110,2019104356,10,ディオアステリア,0,2024,0.329128027,0.309984595
2024-09-07,202406040110,2020104496,11,トウシンカーリン,0,2024,0.147935569,0.147867531
2024-09-07,202407030108,2021105435,1,アナベルエクラ,0,2024,0.022157423,0.021326166
2024-09-07,202407030108,2020101635,2,ルクルス,0,2024,0.064814351,0.064251326
2024-09-07,202407030108,2019105487,3,アドマイヤジェイ,1,2024,0.412456453,0.438367665
2024-09-07,202407030108,2020105073,4,ガットネロ,1,2024,0.421188623,0.440815330
2024-09-07,202407030108,2018103200,5,バーニングパワー,0,2024,0.170195505,0.181713715
2024-09-07,202407030108,2019102062,6,ハルカナネガイ,0,2024,0.049082875,0.036651790
2024-09-07,202407030108,2019110127,7,サトノプリエール,1,2024,0.347221702,0.361364067
2024-09-07,202407030108,2020101597,8,サンライズタイソン,0,2024,0.197773665,0.205728248
2024-09-07,202407030108,2020106821,9,ピースフルナイト,0,2024,0.164391398,0.164240316
2024-09-07,202407030108,2019105265,10,アエリーゾ,0,2024,0.243812248,0.242445230
2024-09-07,202407030108,2020103588,11,マテンロウナイト,0,2024,0.079263762,0.078774743
2024-09-07,202407030108,2021105862,12,フェリーニ,0,2024,0.303231150,0.298747510
2024-09-07,202407030108,2020105897,13,ソアラ,0,2024,0.024629967,0.029985152
2024-09-07,202407030108,2020102728,14,ポルトドール,0,2024,0.078812629,0.077631786
2024-09-07,202407030108,2020102537,15,チカポコ,0,2024,0.073577709,0.088359848
2024-09-07,202407030108,2021105604,16,ステラスプレンダー,0,2024,0.202558205,0.200420499
2024-09-07,202407030108,2021102013,17,ソルトクィーン,0,2024,0.460579604,0.456878453
2024-09-07,202407030108,2019103876,18,アパショナード,0,2024,0.181727991,0.170342356
2024-09-08,202406040210,2020110114,1,スリーアイランド,0,2024,0.162621558,0.154426262
2024-09-08,202406040210,2018100693,2,ブルーシンフォニー,0,2024,0.191734090,0.196925253
2024-09-08,202406040210,2020106706,3,タリア,0,2024,0.295697719,0.289654642
2024-09-08,202406040210,2020102299,4,アシャカタカ,1,2024,0.309249640,0.323408186
2024-09-08,202406040210,2019100214,5,ウインモナーク,1,2024,0.305397600,0.296937644
2024-09-08,202406040210,2018110037,6,ブルースピリット,1,2024,0.108426884,0.094449274
2024-09-08,202406040210,2019103594,7,レッドアヴァンティ,0,2024,0.445629120,0.462708443
2024-09-08,202406040210,2019109094,8,ブッシュガーデン,0,2024,0.220116273,0.229632661
2024-09-08,202406040210,2018103926,9,ショウナンラスボス,0,2024,0.305526644,0.276964724
2024-09-08,202406040210,2018100406,10,ヴィントミューレ,0,2024,0.174630702,0.181812793
2024-09-08,202407030211,2020102764,1,モズメイメイ,1,2024,0.192076981,0.169594228
2024-09-08,202407030211,2019106102,2,アネゴハダ,0,2024,0.120410740,0.118037090
2024-09-08,202407030211,2017106137,3,グレイトゲイナー,0,2024,0.134326309,0.127170205
2024-09-08,202407030211,2017105298,4,ストーンリッジ,0,2024,0.153914616,0.149815038
2024-09-08,202407030211,2020109102,5,サウザンサニー,0,2024,0.342620105,0.331019282
2024-09-08,202407030211,2020104702,6,ジョウショーホープ,0,2024,0.302957684,0.271856576
2024-09-08,202407030211,2018106055,7,ヨシノイースター,0,2024,0.292164356,0.337194651
2024-09-08,202407030211,2019104470,8,キミワクイーン,0,2024,0.153907433,0.143245861
2024-09-08,202407030211,2019105452,9,ミッキーハーモニー,0,2024,0.165966764,0.190363973
2024-09-08,202407030211,2019103422,10,テイエムスパーダ,0,2024,0.069306187,0.069979213
2024-09-08,202407030211,2015104364,11,トゥラヴェスーラ,0,2024,0.053252093,0.055528454
2024-09-08,202407030211,2018104750,12,テンハッピーローズ,0,2024,0.195266664,0.176806152
2024-09-08,202407030211,2021107058,13,ピューロマジック,0,2024,0.380913138,0.405094981
2024-09-08,202407030211,2019103034,14,ダノンスコーピオン,0,2024,0.106069960,0.104980677
2024-09-08,202407030211,2020105154,15,アサカラキング,0,2024,0.327794433,0.326667547
2024-09-08,202407030211,2016104668,16,カリボール,0,2024,0.053601805,0.060087148
2024-09-08,202407030211,2019106526,17,トウシンマカオ,1,2024,0.197414219,0.202901438
2024-09-08,202407030211,2019105394,18,ママコチャ,1,2024,0.287756652,0.261993229
2024-09-14,202406040303,2022103549,4,コムーネ,1,2024,0.282393783,0.280642033
2024-09-14,202406040303,2022101936,7,テイオームサシ,0,2024,0.037410568,0.037989367
2024-09-14,202406040303,2022103324,9,シュラフ,1,2024,0.583636105,0.605704427
2024-09-15,202406040412,2021105833,1,カリーシ,1,2024,0.628645003,0.628894210
2024-09-15,202406040412,2020103885,2,クリノゴッホ,0,2024,0.108522594,0.106828742
2024-09-15,202406040412,2018101804,3,グローリアスカペラ,0,2024,0.080831923,0.087529898
2024-09-15,202406040412,2020100632,4,アイノセンシ,1,2024,0.091416135,0.103444055
2024-09-15,202406040412,2020104250,5,マジカルガール,0,2024,0.152298734,0.146912649
2024-09-15,202406040412,2020104796,6,ホイッスルソング,0,2024,0.168095827,0.182276621
2024-09-15,202406040412,2021101905,7,キョウエイカンセ,0,2024,0.077146657,0.083724387
2024-09-15,202406040412,2020101140,8,シルバージュエリー,0,2024,0.256920457,0.250566781
2024-09-15,202406040412,2021102449,9,ロマンスライト,0,2024,0.119204558,0.118819684
2024-09-15,202406040412,2020104291,10,ベリーベリーベリー,0,2024,0.210710764,0.211443022
2024-09-15,202406040412,2020102377,11,サンタアナテソーロ,0,2024,0.075139843,0.071882851
2024-09-15,202406040412,2019110122,12,ブラヴィーノ,0,2024,0.061613195,0.056853727
2024-09-15,202406040412,2021103561,13,ゴールドスター,1,2024,0.240259767,0.245300680
2024-09-15,202406040412,2019101416,14,エールトゥヘヴン,0,2024,0.273616254,0.295958072
2024-09-15,202406040412,2020100355,15,ナックブレイブ,0,2024,0.119511887,0.114537306
2024-09-15,202406040412,2021104896,16,アシセバイラ,0,2024,0.045563802,0.045096211
2024-09-15,202407030403,2022107056,8,テーオーシュターデ,0,2024,0.550197721,0.514103472
2024-09-21,202406040604,2020103962,1,ステークホルダー,1,2024,0.266748637,0.289182037
2024-09-21,202406040604,2021101394,2,モンレーヴ,0,2024,0.137702584,0.140707046
2024-09-21,202406040604,2020100289,3,シルバーダイヤ,0,2024,0.100539573,0.109335020
2024-09-21,202406040604,2021106298,4,モリノレッドスター,1,2024,0.307011932,0.280857742
2024-09-21,202406040604,2020104342,5,キガン,0,2024,0.081100643,0.085265368
2024-09-21,202406040604,2021100594,6,アンバーニードル,0,2024,0.169803604,0.164035112
2024-09-21,202406040604,2021104490,7,エクセルゴールド,0,2024,0.222118527,0.214004368
2024-09-21,202406040604,2021105872,8,ベアゴーゴー,0,2024,0.530811787,0.561600208
2024-09-21,202406040604,2020104477,9,スイーツバイキング,0,2024,0.049423020,0.049057506
2024-09-21,202406040604,2019101416,10,エールトゥヘヴン,0,2024,0.198736191,0.219402522
2024-09-21,202406040604,2021101905,11,キョウエイカンセ,0,2024,0.035978939,0.043624714
2024-09-21,202406040604,2020101586,12,エルフレスアリー,1,2024,0.284786940,0.289377391
2024-09-21,202406040604,2021100053,13,ミスファントム,0,2024,0.242355779,0.220236257
2024-09-21,202406040604,2021104049,14,バイデンテソーロ,0,2024,0.218498304,0.231661543
2024-09-21,202406040604,2020104415,15,スピニングマーリン,0,2024,0.046444505,0.043662921
2024-09-21,202406040609,2022106603,3,モジャーリオ,0,2024,0.228394955,0.238743111
2024-09-21,202406040609,2022106874,4,ナムラトロム,0,2024,0.527144253,0.513300240
2024-09-21,202406040609,2022100490,5,モズナナスター,1,2024,0.571159005,0.604155540
2024-09-21,202406040609,2022103066,7,レイピア,1,2024,0.689617872,0.675012648
2024-09-21,202406040609,2022107120,8,スンシム,0,2024,0.053975973,0.039234173
2024-09-21,202407030610,2020104825,1,スカプラリオ,0,2024,0.047868483,0.043139439
2024-09-21,202407030610,2020103898,2,イグニション,0,2024,0.230920136,0.219354004
2024-09-21,202407030610,2021100522,3,ジョーメッドヴィン,1,2024,0.395897239,0.396903723
2024-09-21,202407030610,2021105039,4,ゴールドサーベル,0,2024,0.132063150,0.125028268
2024-09-21,202407030610,2019100578,5,クインズプリーズ,0,2024,0.093117021,0.079863213
2024-09-21,202407030610,2021101654,6,トーラスシャイン,1,2024,0.294254422,0.304868400
2024-09-21,202407030610,2019105445,7,ワーフデール,0,2024,0.097568773,0.104538150
2024-09-21,202407030610,2021107180,8,ジュンヴァンケット,0,2024,0.434782386,0.438982606
2024-09-21,202407030610,2020103325,9,プロトポロス,0,2024,0.338426799,0.335994005
2024-09-21,202407030610,2018106455,10,メイショウハボタン,0,2024,0.090354338,0.085607544
2024-09-21,202407030610,2018100618,11,トーホウジュナール,0,2024,0.051597446,0.051757812
2024-09-21,202407030610,2019104361,12,テーオースパロー,0,2024,0.165066212,0.150091231
2024-09-21,202407030610,2020102738,13,エールレヴリー,0,2024,0.085505366,0.092139266
2024-09-21,202407030610,2021105295,14,レーヴジーニアル,0,2024,0.362253994,0.382679611
2024-09-21,202407030610,2021101924,15,フィオライア,1,2024,0.452002525,0.437362581
2024-09-21,202407030610,2021103278,16,メイショウミリオレ,0,2024,0.244904131,0.255302936
2024-09-22,202406040702,2022106999,2,ニシノクードクール,1,2024,0.574410975,0.544355690
2024-09-22,202407030710,2019100581,1,ヒルノローザンヌ,0,2024,0.055486660,0.064159892
2024-09-22,202407030710,2020106330,2,ラウラーナ,0,2024,0.095145896,0.111808509
2024-09-22,202407030710,2020103915,3,ツインクルトーズ,1,2024,0.156357035,0.153056383
2024-09-22,202407030710,2020102630,4,アルーリングビュー,0,2024,0.119787477,0.124986276
2024-09-22,202407030710,2019104525,5,ラキエータ,0,2024,0.146938324,0.152054340
2024-09-22,202407030710,2020100815,6,ミルトクレイモー,1,2024,0.209378645,0.213856220
2024-09-22,202407030710,2018103926,7,ショウナンラスボス,0,2024,0.204182908,0.213961780
2024-09-22,202407030710,2019101626,8,ピンクマクフィー,0,2024,0.209368572,0.201518208
2024-09-22,202407030710,2020107176,9,ワックスフラワー,0,2024,0.183845818,0.182833970
2024-09-22,202407030710,2021105202,10,ポエットリー,0,2024,0.255341858,0.243171126
2024-09-22,202407030710,2019103898,11,スーサンアッシャー,0,2024,0.184133813,0.179185480
2024-09-22,202407030710,2021100130,12,ロードフォアエース,1,2024,0.538593650,0.505197585
2024-09-22,202407030710,2018102491,13,メイショウエニシア,0,2024,0.112002127,0.116077743
2024-09-22,202407030710,2018104559,14,ナリタローゼ,0,2024,0.117837787,0.136322767
2024-09-22,202407030710,2019105760,15,シュヴェルトライテ,0,2024,0.086336002,0.094316259
2024-09-22,202407030710,2020105365,16,ドーバーホーク,0,2024,0.200267389,0.193424076
2024-09-22,202407030710,2017100461,17,ワンスカイ,0,2024,0.037990142,0.030172609
2024-09-28,202406040802,2022102621,6,リケアコンパンナ,0,2024,0.031855576,0.035827871
2024-09-28,202406040810,2019105175,1,ステイトダイアデム,0,2024,0.387447238,0.410345674
2024-09-28,202406040810,2019103897,2,ハピネスアゲン,1,2024,0.243582755,0.254395813
2024-09-28,202406040810,2019101266,3,ザアトム,0,2024,0.155379668,0.146670535
2024-09-28,202406040810,2019103806,4,ベルウッドブラボー,0,2024,0.080851659,0.095087312
2024-09-28,202406040810,2020105409,5,ディアドコス,1,2024,0.358549744,0.347205818
2024-09-28,202406040810,2021104665,6,レザンノワール,1,2024,0.382962048,0.393990129
2024-09-28,202406040810,2019106870,7,カジュフェイス,0,2024,0.075693958,0.072921269
2024-09-28,202406040810,2021102670,8,イサチルシーサイド,0,2024,0.227786005,0.222640321
2024-09-28,202406040810,2018100097,9,スマートルシーダ,0,2024,0.154973954,0.155487388
2024-09-28,202406040810,2019100755,10,アラクレ,0,2024,0.069587886,0.063785933
2024-09-28,202406040810,2019104356,11,ディオアステリア,0,2024,0.200226054,0.222115040
2024-09-28,202406040810,2021106939,12,タイセイフェスタ,0,2024,0.079756968,0.074396282
2024-09-28,202406040810,2021100338,13,テセラリアン,0,2024,0.205051273,0.204912901
2024-09-28,202406040810,2019104675,14,アップストローク,0,2024,0.233420298,0.246536508
2024-09-29,202406040911,2020104243,1,オオバンブルマイ,0,2024,0.333739728,0.333423913
2024-09-29,202406040911,2019106526,2,トウシンマカオ,1,2024,0.233621448,0.227070317
2024-09-29,202406040911,2019100213,3,ウインマーベル,0,2024,0.251761407,0.276773423
2024-09-29,202406040911,2019102979,4,エイシンスポッター,0,2024,0.162490636,0.167043000
2024-09-29,202406040911,2019103753,5,ナムラクレア,1,2024,0.370845169,0.388236314
2024-09-29,202406040911,2019105394,6,ママコチャ,0,2024,0.307965130,0.347444028
2024-09-29,202406040911,2019110020,7,マッドクール,0,2024,0.315542191,0.336602181
2024-09-29,202406040911,2020102764,8,モズメイメイ,0,2024,0.253096372,0.205014825
2024-09-29,202406040911,2021107058,10,ピューロマジック,0,2024,0.270352572,0.286056370
2024-09-29,202406040911,2019103034,11,ダノンスコーピオン,0,2024,0.074442022,0.078101404
2024-09-29,202406040911,2019101700,12,サトノレーヴ,0,2024,0.476527780,0.490796089
2024-09-29,202406040911,2020106851,13,ルガル,1,2024,0.239247426,0.223177895
2024-09-29,202406040911,2017100434,15,ヴェントヴォーチェ,0,2024,0.097975507,0.082157813
2024-09-29,202406040911,2017101423,16,ウイングレイテスト,0,2024,0.155360848,0.134352267
2024-10-05,202408050111,2020101419,1,ブーケファロス,0,2024,0.188696757,0.182820112
2024-10-05,202408050111,2021104405,2,セットアップ,0,2024,0.282791257,0.298550218
2024-10-05,202408050111,2018102595,3,ロードマックス,0,2024,0.040585425,0.044678815
2024-10-05,202408050111,2017105097,4,グランデマーレ,0,2024,0.069297962,0.060052544
2024-10-05,202408050111,2019105139,5,スコールユニバンス,0,2024,0.057180498,0.064126149
2024-10-05,202408050111,2020101543,6,グランテスト,0,2024,0.396217078,0.396261096
2024-10-05,202408050111,2021102392,7,ナナオ,0,2024,0.401173562,0.394678593
2024-10-05,202408050111,2021102320,8,ペアポルックス,1,2024,0.281932503,0.292585820
2024-10-05,202408050111,2019105512,9,ジャスティンスカイ,0,2024,0.353250057,0.349790722
2024-10-05,202408050111,2020101503,10,カンチェンジュンガ,0,2024,0.221018806,0.221273750
2024-10-05,202408050111,2019105968,11,チェイスザドリーム,0,2024,0.145945013,0.141431421
2024-10-05,202408050111,2018102281,12,キタノエクスプレス,0,2024,0.347487152,0.321349472
2024-10-05,202408050111,2019103714,13,メイショウソラフネ,1,2024,0.294462562,0.296008199
2024-10-05,202408050111,2020100896,14,ビッグシーザー,1,2024,0.356421083,0.387874663
2024-10-05,202408050111,2019104911,15,プルパレイ,0,2024,0.199379280,0.202425763
2024-10-05,202408050111,2019102273,16,モリノドリーム,0,2024,0.242833465,0.240100771
2024-10-05,202408050111,2016110119,17,ジャスパージャック,0,2024,0.015152508,0.014779484
2024-10-05,202408050111,2019106102,18,アネゴハダ,0,2024,0.103022903,0.101766817
2024-10-12,202404040309,2020103477,1,サトノアルペジオ,0,2024,0.055125523,0.049624331
2024-10-12,202404040309,2020101992,2,ライクアフラワー,1,2024,0.411239386,0.387057185
2024-10-12,202404040309,2020104796,3,ホイッスルソング,0,2024,0.116412155,0.119947679
2024-10-12,202404040309,2021100643,4,トレンシャリー,0,2024,0.078210756,0.091030166
2024-10-12,202404040309,2021105713,5,ヴィントシュティレ,0,2024,0.219421297,0.193479121
2024-10-12,202404040309,2019101446,6,ワンリオン,0,2024,0.161081463,0.168653712
2024-10-12,202404040309,2020102819,7,アイソラシー,0,2024,0.077153541,0.070140496
2024-10-12,202404040309,2021103561,8,ゴールドスター,1,2024,0.377674520,0.366510212
2024-10-12,202404040309,2020102216,10,ジェムステート,0,2024,0.049767900,0.039166830
2024-10-12,202404040309,2019109096,11,ダイヤモンドフジ,0,2024,0.140811071,0.135413438
2024-10-12,202404040309,2021103119,12,ニシノアヤカゼ,0,2024,0.153684527,0.149989575
2024-10-12,202404040309,2021105894,13,レアリゼアンレーヴ,0,2024,0.040934149,0.040588088
2024-10-12,202404040309,2021105794,15,レザンクレール,0,2024,0.198612750,0.195372954
2024-10-12,202404040309,2020103507,16,グラニットピーク,0,2024,0.056337841,0.049476899
2024-10-12,202404040309,2019101765,17,ビッグパレード,0,2024,0.144691423,0.156556904
2024-10-12,202404040309,2021106298,18,モリノレッドスター,1,2024,0.362182915,0.325150043
2024-10-12,202408050312,2021100522,1,ジョーメッドヴィン,0,2024,0.520534754,0.502008080
2024-10-12,202408050312,2020104825,2,スカプラリオ,0,2024,0.062170539,0.067585744
2024-10-12,202408050312,2020106795,3,フクノワカバ,0,2024,0.051471122,0.048201833
2024-10-12,202408050312,2021101598,4,アンクルクロス,0,2024,0.341317713,0.309823960
2024-10-12,202408050312,2020103962,5,ステークホルダー,0,2024,0.432080418,0.410398513
2024-10-12,202408050312,2019106870,6,カジュフェイス,0,2024,0.086050227,0.082289264
2024-10-12,202408050312,2021102461,7,バンドシェル,1,2024,0.272640467,0.252674371
2024-10-12,202408050312,2021106615,8,キャンシーエンゼル,0,2024,0.287459195,0.273271322
2024-10-12,202408050312,2021101654,9,トーラスシャイン,0,2024,0.360778749,0.339765221
2024-10-12,202408050312,2017101767,10,ベンガン,0,2024,0.049225070,0.051165234
2024-10-12,202408050312,2018104322,11,プレジールミノル,0,2024,0.054118648,0.056178015
2024-10-12,202408050312,2020103238,12,オックスリップ,1,2024,0.140641913,0.133633405
2024-10-12,202408050312,2020103284,13,トールキン,0,2024,0.085180998,0.081816025
2024-10-12,202408050312,2021105054,14,モンシュマン,1,2024,0.335869879,0.290782601
2024-10-12,202408050312,2020101763,15,トーホウフランゴ,0,2024,0.149634778,0.152869731
2024-10-12,202408050312,2019103806,16,ベルウッドブラボー,0,2024,0.081255056,0.085645929
2024-10-12,202408050312,2018106455,17,メイショウハボタン,0,2024,0.077954762,0.077106245
2024-10-14,202404040403,2022109054,2,マサウッドテール,0,2024,0.079481706,0.076468766
2024-10-14,202404040403,2022103570,11,シーオン,0,2024,0.109046899,0.107501008
2024-10-14,202404040403,2022107056,13,テーオーシュターデ,0,2024,0.360251129,0.376940906
2024-10-14,202404040403,2022105304,14,エルモッソペンドロ,0,2024,0.218554527,0.229022384
2024-10-19,202404040511,2021110132,1,ジャスパーノワール,1,2024,0.204165578,0.187956363
2024-10-19,202404040511,2019102041,2,アドヴァイス,0,2024,0.133981332,0.149537772
2024-10-19,202404040511,2020101262,3,エコロレジーナ,0,2024,0.104368538,0.106506430
2024-10-19,202404040511,2019100751,4,マイネルレノン,0,2024,0.233254969,0.281003296
2024-10-19,202404040511,2019104697,5,ショウナンマッハ,0,2024,0.054094881,0.050851781
2024-10-19,202404040511,2020101792,7,プロスペリダード,0,2024,0.187682152,0.216310993
2024-10-19,202404040511,2020103915,8,ツインクルトーズ,1,2024,0.247444257,0.249602005
2024-10-19,202404040511,2018110037,9,ブルースピリット,0,2024,0.090359353,0.095742226
2024-10-19,202404040511,2020104613,10,タツダイヤモンド,0,2024,0.206330925,0.205578506
2024-10-19,202404040511,2020100443,11,エイシンエイト,0,2024,0.114179961,0.109248869
2024-10-19,202404040511,2020106706,12,タリア,0,2024,0.115921274,0.129568234
2024-10-19,202404040511,2020105365,13,ドーバーホーク,0,2024,0.111564025,0.100412153
2024-10-19,202404040511,2019102137,14,シロン,1,2024,0.191996783,0.207759976
2024-10-19,202404040511,2020102971,15,サトノグレイト,0,2024,0.216916844,0.217647538
2024-10-19,202404040511,2019105191,16,コナブラック,0,2024,0.125095636,0.140410289
2024-10-19,202404040511,2018103902,17,サウンドブライアン,0,2024,0.068830244,0.080235504
2024-10-19,202404040511,2019103897,18,ハピネスアゲン,0,2024,0.148707151,0.123759806
2024-10-20,202408050602,2022109114,5,レーニス,0,2024,0.552804470,0.606729925
2024-10-20,202408050602,2022104308,8,シカレ,0,2024,0.072269745,0.078402504
2024-10-27,202404040810,2021105619,1,スミレファースト,0,2024,0.292171836,0.275830835
2024-10-27,202404040810,2020101195,2,ゴルトリッチ,0,2024,0.194106430,0.185964063
2024-10-27,202404040810,2018100618,3,トーホウジュナール,0,2024,0.060432743,0.061479405
2024-10-27,202404040810,2020103898,4,イグニション,1,2024,0.177378237,0.168710366
2024-10-27,202404040810,2021104073,5,カピリナ,1,2024,0.421185315,0.430100203
2024-10-27,202404040810,2019102436,6,ミズノコキュウ,0,2024,0.173456952,0.177941561
2024-10-27,202404040810,2019104361,7,テーオースパロー,0,2024,0.134598702,0.129580364
2024-10-27,202404040810,2019105508,8,ステルナティーア,0,2024,0.035713375,0.034181610
2024-10-27,202404040810,2017101991,9,テンジュイン,0,2024,0.027051363,0.024894254
2024-10-27,202404040810,2020102738,10,エールレヴリー,0,2024,0.191247836,0.175434306
2024-10-27,202404040810,2019100210,11,ウインバグース,0,2024,0.079709470,0.069227435
2024-10-27,202404040810,2020105409,12,ディアドコス,1,2024,0.268022001,0.270766854
2024-10-27,202404040810,2018110149,13,コスモアディラート,0,2024,0.223452672,0.251193106
2024-10-27,202404040810,2021100610,14,アサギリ,0,2024,0.084831737,0.087262176
2024-10-27,202404040810,2021105833,15,カリーシ,0,2024,0.472463369,0.468802214
2024-10-27,202404040810,2020103632,16,スイミーユニバンス,0,2024,0.164011732,0.163484082
2024-11-02,202403030102,2022102514,3,ベイビーキッス,1,2024,0.226680458,0.227204934
2024-11-02,202403030102,2022103154,4,カルミネイション,0,2024,0.298949629,0.320488811
2024-11-02,202403030102,2022106741,12,メイリー,0,2024,0.637637436,0.665848017
2024-11-02,202403030112,2020101367,1,ルンナノオクリモノ,0,2024,0.142222419,0.131155938
2024-11-02,202403030112,2020103698,2,エリカソレイユ,1,2024,0.052272573,0.048266739
2024-11-02,202403030112,2020101517,3,ソノママソノママ,1,2024,0.309401155,0.307783276
2024-11-02,202403030112,2020103885,4,クリノゴッホ,0,2024,0.114911556,0.113930203
2024-11-02,202403030112,2020103301,5,エーリチェ,1,2024,0.094480090,0.096084304
2024-11-02,202403030112,2020100592,6,ポケッティーノ,0,2024,0.039643541,0.037830647
2024-11-02,202403030112,2021106323,7,サンライズテラス,0,2024,0.037668761,0.037828263
2024-11-02,202403030112,2020101660,8,ケイパブル,0,2024,0.191671982,0.183470175
2024-11-02,202403030112,2021101279,9,シャインヴィーナス,0,2024,0.185349315,0.183836058
2024-11-02,202403030112,2020101229,10,レディメローラ,0,2024,0.316324532,0.329088598
2024-11-02,202403030112,2020100707,11,クレセントウイング,1,2024,0.067158997,0.067434497
2024-11-02,202403030112,2020106963,12,アンタノバラード,0,2024,0.328653187,0.320509672
2024-11-02,202403030112,2018103200,13,バーニングパワー,0,2024,0.145200640,0.166657627
2024-11-02,202403030112,2021103118,14,セイウンサニー,0,2024,0.145831317,0.143255040
2024-11-02,202403030112,2020101992,15,ライクアフラワー,0,2024,0.502146244,0.509001195
2024-11-02,202403030112,2021104886,16,ドゥーカスコーリ,0,2024,0.225232795,0.221559927
2024-11-03,202403030202,2022100981,5,エイシンパンタレイ,1,2024,0.368655741,0.340891659
2024-11-03,202403030202,2022104197,6,カウンターセブン,1,2024,0.427990288,0.456022054
2024-11-03,202403030202,2022101279,8,エネルゲイア,0,2024,0.313481688,0.299150348
2024-11-03,202403030202,2022102321,10,カーティブヨーク,0,2024,0.186783493,0.186589539
2024-11-03,202403030202,2022101936,12,テイオームサシ,0,2024,0.075654671,0.077055924
2024-11-03,202403030202,2022102621,13,リケアコンパンナ,0,2024,0.074125595,0.076601177
2024-11-03,202403030202,2022103322,15,カパラミプ,0,2024,0.052784067,0.053414952
2024-11-03,202403030208,2019105487,1,アドマイヤジェイ,0,2024,0.484516740,0.488468319
2024-11-03,202403030208,2019101765,2,ビッグパレード,0,2024,0.131393030,0.141546220
2024-11-03,202403030208,2021102561,3,キーウェーブ,0,2024,0.159920722,0.168331221
2024-11-03,202403030208,2019103517,4,ディージェーサン,1,2024,0.120143645,0.132922813
2024-11-03,202403030208,2021100697,5,ケイサンノーブル,0,2024,0.022869619,0.020749399
2024-11-03,202403030208,2021101102,6,ナムラエデン,0,2024,0.246261552,0.242195681
2024-11-03,202403030208,2020106344,7,ローブドゥマリエ,0,2024,0.188833028,0.189821959
2024-11-03,202403030208,2021107063,8,イツモニコニコ,0,2024,0.197843358,0.180505320
2024-11-03,202403030208,2017101448,9,ウインアステロイド,0,2024,0.141000152,0.127622128
2024-11-03,202403030208,2021105092,10,ソングオブライフ,1,2024,0.324433297,0.311863571
2024-11-03,202403030208,2019103876,11,アパショナード,0,2024,0.088835225,0.084982328
2024-11-03,202403030208,2021104490,12,エクセルゴールド,0,2024,0.232166663,0.225034565
2024-11-03,202403030208,2021104074,13,ラブディーヴァ,1,2024,0.102866009,0.096654452
2024-11-03,202403030208,2021103971,14,ハッピーデービー,0,2024,0.145495936,0.139030501
2024-11-03,202403030208,2021105068,15,クリノハレルヤ,0,2024,0.134314239,0.124284573
2024-11-03,202403030208,2021103299,16,シアター,0,2024,0.255449921,0.221788153
2024-11-03,202403030211,2020102672,1,メイクアスナッチ,0,2024,0.130983487,0.139075309
2024-11-03,202403030211,2019105345,2,サブライムアンセム,0,2024,0.144490913,0.147769585
2024-11-03,202403030211,2020106967,3,キタウイング,0,2024,0.101069801,0.105557077
2024-11-03,202403030211,2020105574,4,ラビュリントス,0,2024,0.028325886,0.034175105
2024-11-03,202403030211,2019100450,5,ファロロジー,0,2024,0.104540735,0.108341359
2024-11-03,202403030211,2019105439,6,エターナルタイム,1,2024,0.473592639,0.501453102
2024-11-03,202403030211,2020101588,7,ロンドンプラン,0,2024,0.049363822,0.047827676
2024-11-03,202403030211,2019110102,8,デュガ,0,2024,0.218764573,0.220930934
2024-11-03,202403030211,2017100240,9,スノーテーラー,0,2024,0.151818439,0.112910889
2024-11-03,202403030211,2019104915,10,バンデルオーラ,0,2024,0.116559394,0.112678915
2024-11-03,202403030211,2018102155,11,マイネルジェロディ,0,2024,0.172693431,0.173777625
2024-11-03,202403030211,2019102576,12,クリノマジン,0,2024,0.130871996,0.131825224
2024-11-03,202403030211,2021102320,13,ペアポルックス,0,2024,0.439111561,0.442708820
2024-11-03,202403030211,2019100214,14,ウインモナーク,1,2024,0.315741658,0.289483696
2024-11-03,202403030211,2020101897,15,レッドヒルシューズ,1,2024,0.302303761,0.275825888
2024-11-03,202403030211,2018106504,16,サトノアイ,0,2024,0.056236375,0.052689217
2024-11-03,202408060210,2019102041,1,アドヴァイス,0,2024,0.297720760,0.332041174
2024-11-03,202408060210,2018103902,2,サウンドブライアン,0,2024,0.155626923,0.175407588
2024-11-03,202408060210,2019104697,3,ショウナンマッハ,0,2024,0.132635176,0.148276016
2024-11-03,202408060210,2020102971,4,サトノグレイト,0,2024,0.322458655,0.335314810
2024-11-03,202408060210,2020105539,5,タガノシャーンス,1,2024,0.432276011,0.469497412
2024-11-03,202408060210,2018104559,6,ナリタローゼ,1,2024,0.172355816,0.194456846
2024-11-03,202408060210,2019105044,7,アドマイヤラヴィ,0,2024,0.295696676,0.325783879
2024-11-03,202408060210,2020103356,8,クファシル,1,2024,0.485625207,0.499390751
2024-11-03,202408060210,2019102786,9,ウォータールグラン,0,2024,0.060745906,0.086568341
2024-11-03,202408060210,2019101626,10,ピンクマクフィー,0,2024,0.289999217,0.337217569
2024-11-09,202403030303,2022107225,3,アミグダラ,0,2024,0.236860663,0.226483449
2024-11-09,202403030303,2022107056,5,テーオーシュターデ,1,2024,0.438985169,0.439673454
2024-11-09,202403030303,2022102371,6,ゴーゴーゴウト,0,2024,0.160608232,0.157023102
2024-11-09,202403030303,2022106907,12,ペタルブランシュ,1,2024,0.324590713,0.296218157
2024-11-09,202403030306,2021101682,1,ギルティプレジャー,0,2024,0.198970437,0.200914085
2024-11-09,202403030306,2020100956,2,スーパーマン,1,2024,0.391450614,0.375741512
2024-11-09,202403030306,2020106131,3,ジオパーククラウン,1,2024,0.111548454,0.111221448
2024-11-09,202403030306,2020100084,4,レッドカメリア,1,2024,0.030657133,0.036170177
2024-11-09,202403030306,2019102510,5,アップフルーク,0,2024,0.092601858,0.098064899
2024-11-09,202403030306,2021104137,6,ミエノブラボー,0,2024,0.127235174,0.120545432
2024-11-09,202403030306,2021103119,7,ニシノアヤカゼ,0,2024,0.242057487,0.262625813
2024-11-09,202403030306,2021103552,8,イスラアズール,0,2024,0.040192187,0.035173591
2024-11-09,202403030306,2020100997,9,マルモリディライト,0,2024,0.173191935,0.175280079
2024-11-09,202403030306,2021102401,10,グランテレーズ,0,2024,0.467624128,0.436514080
2024-11-09,202403030306,2021100643,11,トレンシャリー,0,2024,0.136990786,0.138399959
2024-11-09,202403030306,2019105265,12,アエリーゾ,0,2024,0.264433324,0.272395045
2024-11-09,202403030306,2020100800,13,イナウィンク,0,2024,0.033033688,0.039834801
2024-11-09,202403030306,2021106586,14,ラブカムーン,0,2024,0.147546858,0.131115392
2024-11-09,202403030306,2021102468,15,ブライティアダイヤ,0,2024,0.330255896,0.315684319
2024-11-09,202403030306,2020100355,16,ナックブレイブ,0,2024,0.107467361,0.103346236
2024-11-09,202403030310,2020104983,1,マルプリ,0,2024,0.261131048,0.235021099
2024-11-09,202403030310,2020105484,2,ニシノコウダイ,1,2024,0.228055418,0.197405547
2024-11-09,202403030310,2020101872,3,デイトナモード,0,2024,0.295156956,0.289190501
2024-11-09,202403030310,2018103485,4,ジャガード,0,2024,0.039897460,0.042109024
2024-11-09,202403030310,2020106777,5,セレッソデアモール,0,2024,0.203662083,0.190445915
2024-11-09,202403030310,2020110068,6,エイムインライフ,0,2024,0.118184112,0.101494528
2024-11-09,202403030310,2019101643,7,バシレウスシチー,1,2024,0.286342740,0.316697150
2024-11-09,202403030310,2019103193,8,トリップトゥムーン,0,2024,0.063081540,0.072836101
2024-11-09,202403030310,2021100157,9,ロードトレイル,0,2024,0.275904387,0.240777165
2024-11-09,202403030310,2021105054,10,モンシュマン,0,2024,0.442742944,0.412641943
2024-11-09,202403030310,2020101378,11,アイヲツグモノ,0,2024,0.133341208,0.138139993
2024-11-09,202403030310,2020102718,12,オルフェスト,0,2024,0.227208674,0.226857707
2024-11-09,202403030310,2021100243,13,セイウンティーダ,0,2024,0.096641667,0.095772743
2024-11-09,202403030310,2021106440,14,アララララ,0,2024,0.146240443,0.132826596
2024-11-09,202403030310,2021103005,15,ヒラボクミニー,0,2024,0.271710455,0.233108655
2024-11-09,202403030310,2019101270,16,ヨール,1,2024,0.065883912,0.067281455
2024-11-09,202403030312,2019106409,1,サンマルヴァレー,1,2024,0.024402063,0.023905458
2024-11-09,202403030312,2021104140,3,グレースルージュ,0,2024,0.087513447,0.092480302
2024-11-09,202403030312,2020103292,4,ハレアカラフラ,0,2024,0.188161626,0.213678777
2024-11-09,202403030312,2021101576,5,レオテミス,1,2024,0.194748700,0.203906134
2024-11-09,202403030312,2020102208,6,マテンロウアネモス,0,2024,0.315999985,0.305300057
2024-11-09,202403030312,2021104839,7,プレアデスグループ,0,2024,0.197738752,0.196621463
2024-11-09,202403030312,2020106149,8,アスキーアート,0,2024,0.121767499,0.125892833
2024-11-09,202403030312,2021103322,9,スプリングデイ,0,2024,0.328367949,0.304593295
2024-11-09,202403030312,2021102277,10,ポトマックテソーロ,0,2024,0.338693589,0.343277514
2024-11-09,202403030312,2020100236,11,ニシノトキメキ,0,2024,0.161997125,0.156267822
2024-11-09,202403030312,2021103249,12,ロビンバローズ,0,2024,0.169908866,0.184434891
2024-11-09,202403030312,2021105543,13,コートリーバウ,0,2024,0.049884491,0.041151259
2024-11-09,202403030312,2021105358,14,アスティスプマンテ,1,2024,0.286188632,0.288060963
2024-11-09,202403030312,2021100362,15,ホウオウドルーリー,0,2024,0.252563238,0.249126688
2024-11-09,202403030312,2020102640,16,サイモンオリーブ,0,2024,0.135042995,0.152104601
2024-11-10,202403030407,2021106692,1,ヘキルリ,0,2024,0.182846323,0.187025085
2024-11-10,202403030407,2021105150,2,ナファロア,0,2024,0.147311658,0.166241869
2024-11-10,202403030407,2021110014,3,ブライトアゲイン,0,2024,0.102997355,0.112431638
2024-11-10,202403030407,2019109096,4,ダイヤモンドフジ,0,2024,0.242932931,0.229175329
2024-11-10,202403030407,2021103116,5,ヤブサメ,1,2024,0.416627407,0.418286026
2024-11-10,202403030407,2021105880,6,レッドエヴァンス,0,2024,0.492167532,0.516268909
2024-11-10,202403030407,2021105901,7,ジークルーネ,0,2024,0.164669588,0.174012467
2024-11-10,202403030407,2019106503,8,ソレントフレイバー,1,2024,0.177678704,0.195683077
2024-11-10,202403030407,2020104739,9,ランスオブサウンド,0,2024,0.200373322,0.194867447
2024-11-10,202403030407,2019110122,10,ブラヴィーノ,0,2024,0.046044070,0.044488020
2024-11-10,202403030407,2020104250,11,マジカルガール,0,2024,0.084525555,0.082686856
2024-11-10,202403030407,2021105604,12,ステラスプレンダー,0,2024,0.152299285,0.150764927
2024-11-10,202403030407,2021109087,13,ニュージェネラル,0,2024,0.029668709,0.031782210
2024-11-10,202403030407,2021106298,14,モリノレッドスター,0,2024,0.381845564,0.340381712
2024-11-10,202403030407,2021110002,15,ワールドシリーズ,0,2024,0.250811785,0.259888560
2024-11-10,202403030407,2020101586,16,エルフレスアリー,1,2024,0.404030561,0.361926347
2024-11-10,202403030409,2022103066,2,レイピア,1,2024,0.313339382,0.295624584
2024-11-10,202403030409,2022105244,4,ポッドベイダー,1,2024,0.234015778,0.213060960
2024-11-10,202403030409,2022103192,5,オイランブチ,0,2024,0.127061635,0.114243753
2024-11-10,202403030409,2022104698,7,ブルーサンセット,0,2024,0.325257897,0.325608253
2024-11-10,202403030409,2022100639,8,ロードヴェルト,0,2024,0.138129413,0.127380490
2024-11-10,202403030409,2022103324,10,シュラフ,0,2024,0.349791765,0.351408780
2024-11-10,202403030409,2022110112,11,ジャスパーディビネ,0,2024,0.143056184,0.118114956
2024-11-10,202403030409,2022104533,13,チョングク,0,2024,0.055250987,0.050985686
2024-11-10,202403030409,2022104637,14,ホウオウブースター,0,2024,0.228751436,0.210600495
2024-11-10,202403030409,2022104190,15,ラトルシェ,0,2024,0.335807443,0.320913255
2024-11-10,202403030409,2022103549,16,コムーネ,0,2024,0.157251179,0.136830345
2024-11-16,202403030508,2021101793,1,オオゾラヒバリ,0,2024,0.211767018,0.217810929
2024-11-16,202403030508,2019101416,2,エールトゥヘヴン,0,2024,0.344383329,0.336762488
2024-11-16,202403030508,2021105175,3,セントキルダ,0,2024,0.150950104,0.163547173
2024-11-16,202403030508,2020103698,5,エリカソレイユ,0,2024,0.171985015,0.190052956
2024-11-16,202403030508,2021106178,6,シュシュトディエス,0,2024,0.059255514,0.064960428
2024-11-16,202403030508,2020106722,7,クインズエルサ,0,2024,0.074299000,0.063405298
2024-11-16,202403030508,2021103210,8,メイショウサチダケ,0,2024,0.162338212,0.161378637
2024-11-16,202403030508,2020105897,9,ソアラ,0,2024,0.036957718,0.035566203
2024-11-16,202403030508,2021106395,10,ハッピーサプライズ,0,2024,0.031184334,0.032574460
2024-11-16,202403030508,2021105092,11,ソングオブライフ,1,2024,0.513323724,0.519028008
2024-11-16,202403030508,2021100476,12,ファイツオン,1,2024,0.420172691,0.389876813
2024-11-16,202403030508,2020103420,13,セレンディピティ,0,2024,0.269801617,0.291924417
2024-11-16,202403030508,2019105172,14,エスペラント,1,2024,0.096906707,0.094394416
2024-11-16,202403030508,2020100707,15,クレセントウイング,0,2024,0.217484176,0.216029748
2024-11-16,202403030508,2021106854,16,ハピアーザンエバー,0,2024,0.233706847,0.209747463
2024-11-16,202403030511,2019103594,1,レッドアヴァンティ,1,2024,0.427567869,0.428405136
2024-11-16,202403030511,2019104260,2,メイショウクリフト,0,2024,0.087821245,0.094320826
2024-11-16,202403030511,2019104386,3,トーセンサンダー,0,2024,0.221905023,0.234280914
2024-11-16,202403030511,2018106389,4,メイショウツツジ,0,2024,0.058157004,0.073698156
2024-11-16,202403030511,2020102299,5,アシャカタカ,0,2024,0.282925814,0.255410403
2024-11-16,202403030511,2018102491,6,メイショウエニシア,0,2024,0.101820581,0.114334702
2024-11-16,202403030511,2019103897,7,ハピネスアゲン,0,2024,0.240584776,0.242749915
2024-11-16,202403030511,2020102630,8,アルーリングビュー,1,2024,0.081370480,0.077874601
2024-11-16,202403030511,2020103915,9,ツインクルトーズ,0,2024,0.259614021,0.260937899
2024-11-16,202403030511,2021105242,10,シカゴスティング,0,2024,0.413884670,0.351782948
2024-11-16,202403030511,2020110114,11,スリーアイランド,1,2024,0.225715488,0.239510119
2024-11-16,202403030511,2020104613,12,タツダイヤモンド,0,2024,0.204032511,0.186152562
2024-11-16,202403030511,2018102585,13,ロードラスター,0,2024,0.044025782,0.046438739
2024-11-16,202403030511,2021110132,14,ジャスパーノワール,0,2024,0.302169561,0.250516117
2024-11-16,202403030511,2019100653,15,ハギノメーテル,0,2024,0.028700085,0.032160643
2024-11-16,202403030511,2020104203,16,スピードオブライト,0,2024,0.188468948,0.183422789
2024-11-17,202403030606,2022105363,1,ラピッドグロウス,0,2024,0.361828953,0.376700640
2024-11-17,202403030606,2022106969,4,メルシーボクアスク,0,2024,0.552700400,0.558262169
2024-11-17,202403030606,2022104197,10,カウンターセブン,0,2024,0.432050556,0.451663643
2024-11-17,202403030606,2022103947,14,ルクスレゼルヴァ,1,2024,0.238512918,0.253509641
2024-11-17,202403030612,2020106585,1,ヴォンヌヴォー,0,2024,0.024694083,0.024989717
2024-11-17,202403030612,2021102468,2,ブライティアダイヤ,0,2024,0.335271239,0.327449530
2024-11-17,202403030612,2020100084,3,レッドカメリア,0,2024,0.066112444,0.067197017
2024-11-17,202403030612,2021104903,4,ヴェルトラウム,0,2024,0.178244174,0.175659284
2024-11-17,202403030612,2021104490,5,エクセルゴールド,0,2024,0.302316964,0.314675391
2024-11-17,202403030612,2020100956,6,スーパーマン,0,2024,0.309476107,0.310324311
2024-11-17,202403030612,2020100500,7,ヴィエンヌ,0,2024,0.062724240,0.063610978
2024-11-17,202403030612,2020105298,8,ノースディーバ,0,2024,0.177938581,0.198827714
2024-11-17,202403030612,2020101229,9,レディメローラ,0,2024,0.369305074,0.364757419
2024-11-17,202403030612,2021106690,10,ペルフェツィオーネ,0,2024,0.103420757,0.105531961
2024-11-17,202403030612,2021103312,11,ロードマイライフ,1,2024,0.419152081,0.398684680
2024-11-17,202403030612,2021101605,12,エルプロフェッサー,0,2024,0.191248149,0.184347823
2024-11-17,202403030612,2021102433,13,アートフォーム,0,2024,0.170153171,0.173879296
2024-11-17,202403030612,2019106503,14,ソレントフレイバー,1,2024,0.331535131,0.334587812
2024-11-17,202403030612,2021100019,15,マサノカナリア,1,2024,0.182614908,0.166949511
2024-11-17,202403030612,2021103289,16,レディーエンジェル,0,2024,0.062764980,0.060546137
2024-11-17,202408060601,2022104646,5,プレインコート,0,2024,0.143048108,0.138276398
2024-11-17,202408060601,2022101456,6,ダイヤモンド,1,2024,0.438664883,0.421695143
2024-11-17,202408060601,2022103653,9,アスカノソング,0,2024,0.017855261,0.020507133
2024-11-17,202408060601,2022103154,14,カルミネイション,0,2024,0.297039866,0.325523674
2024-11-23,202408060712,2021105833,1,カリーシ,0,2024,0.505205512,0.512146056
2024-11-23,202408060712,2020106737,2,メイショウコギク,0,2024,0.088806264,0.092357434
2024-11-23,202408060712,2021110039,4,コーティアスマナー,0,2024,0.357328117,0.330344915
2024-11-23,202408060712,2018100097,5,スマートルシーダ,0,2024,0.067429341,0.078135230
2024-11-23,202408060712,2019104498,6,インプロバイザー,1,2024,0.072598591,0.080137581
2024-11-23,202408060712,2019101679,7,ヴィアドロローサ,0,2024,0.058719154,0.057062287
2024-11-23,202408060712,2021101598,8,アンクルクロス,1,2024,0.278506935,0.273054987
2024-11-23,202408060712,2021103278,9,メイショウミリオレ,0,2024,0.167875782,0.156361848
2024-11-23,202408060712,2020110068,10,エイムインライフ,0,2024,0.179791614,0.173743442
2024-11-23,202408060712,2020103898,11,イグニション,0,2024,0.175467104,0.182434991
2024-11-23,202408060712,2020102140,12,アンビバレント,0,2024,0.039300162,0.039731994
2024-11-23,202408060712,2021103171,13,タイキヴァンクール,1,2024,0.431312352,0.465070784
2024-11-23,202408060712,2019102458,14,ワンダーキサラ,0,2024,0.268572450,0.290106475
2024-11-23,202408060712,2021102461,15,バンドシェル,0,2024,0.306910157,0.296298981
2024-11-23,202408060712,2019103193,16,トリップトゥムーン,0,2024,0.075394921,0.077523656
2024-11-24,202408060812,2017101429,1,ウインカーネリアン,1,2024,0.189597234,0.193006232
2024-11-24,202408060812,2017100434,2,ヴェントヴォーチェ,1,2024,0.180199832,0.164831474
2024-11-24,202408060812,2020100896,3,ビッグシーザー,1,2024,0.420209736,0.425523818
2024-11-24,202408060812,2019104911,4,プルパレイ,0,2024,0.177532598,0.178118780
2024-11-24,202408060812,2017106137,5,グレイトゲイナー,0,2024,0.067605913,0.071685813
2024-11-24,202408060812,2019105126,6,アグリ,0,2024,0.262442589,0.268238187
2024-11-24,202408060812,2019105806,7,ドロップオブライト,0,2024,0.194212392,0.220700622
2024-11-24,202408060812,2019105345,8,サブライムアンセム,0,2024,0.058398493,0.051675133
2024-11-24,202408060812,2018105366,9,レッドベルオーブ,0,2024,0.029550714,0.032236338
2024-11-24,202408060812,2020101543,10,グランテスト,0,2024,0.308479667,0.356362313
2024-11-24,202408060812,2020101503,11,カンチェンジュンガ,0,2024,0.209229544,0.189843282
2024-11-24,202408060812,2019102979,12,エイシンスポッター,0,2024,0.252781868,0.216790363
2024-11-24,202408060812,2019103422,13,テイエムスパーダ,0,2024,0.057048868,0.066489629
2024-11-24,202408060812,2020102764,14,モズメイメイ,0,2024,0.329497099,0.318813920
2024-11-24,202408060812,2019105968,15,チェイスザドリーム,0,2024,0.106844597,0.106500164
2024-11-24,202408060812,2019102240,16,マメコ,0,2024,0.139893666,0.168521047
2024-11-24,202408060812,2020101897,17,レッドヒルシューズ,0,2024,0.282657236,0.279352337
2024-11-24,202408060812,2016106263,18,ラプタス,0,2024,0.046671711,0.059115589
2024-11-30,202406050112,2021105485,1,エリカカリーナ,0,2024,0.357792884,0.354298800
2024-11-30,202406050112,2021104006,2,クリスアーサー,0,2024,0.190552965,0.194970846
2024-11-30,202406050112,2019105175,3,ステイトダイアデム,0,2024,0.287979722,0.292473078
2024-11-30,202406050112,2020106795,4,フクノワカバ,0,2024,0.065597430,0.065204047
2024-11-30,202406050112,2021100610,5,アサギリ,0,2024,0.064220876,0.060063675
2024-11-30,202406050112,2020104983,6,マルプリ,0,2024,0.304680556,0.299443126
2024-11-30,202406050112,2019101270,7,ヨール,0,2024,0.183619618,0.178063989
2024-11-30,202406050112,2019102747,8,マキアージュ,1,2024,0.065424845,0.067050681
2024-11-30,202406050112,2020103366,9,スティルディマーレ,0,2024,0.152587965,0.143439338
2024-11-30,202406050112,2020106384,10,カイザーブリッツ,0,2024,0.068041295,0.067591079
2024-11-30,202406050112,2019106179,11,ハートホイップ,0,2024,0.162908077,0.208703443
2024-11-30,202406050112,2021100522,12,ジョーメッドヴィン,1,2024,0.374378979,0.383293420
2024-11-30,202406050112,2021104665,13,レザンノワール,0,2024,0.344367504,0.323691577
2024-11-30,202406050112,2020103962,14,ステークホルダー,1,2024,0.297638565,0.311457664
2024-11-30,202406050112,2021100356,15,クールベイビー,0,2024,0.121673368,0.117048167
2024-11-30,202407040104,2022100981,1,エイシンパンタレイ,1,2024,0.447435081,0.462810010
2024-11-30,202407040104,2022105379,2,マギームーン,0,2024,0.203002855,0.197907239
2024-11-30,202407040104,2022101658,8,タケノリッチ,0,2024,0.037362218,0.040572058
2024-11-30,202407040104,2022103497,9,エコロジェイド,0,2024,0.039251827,0.042079587
2024-11-30,202407040104,2022104501,11,パリコレジェンヌ,0,2024,0.257297635,0.244466454
2024-11-30,202407040104,2022104197,14,カウンターセブン,0,2024,0.324743092,0.344074965
2024-11-30,202407040104,2022107056,15,テーオーシュターデ,0,2024,0.357113957,0.378288627
2024-11-30,202407040104,2022103039,16,スネーフリンガ,0,2024,0.188452706,0.200756639
2024-11-30,202407040104,2022101203,17,ゲレル,0,2024,0.206975877,0.212551400
2024-11-30,202408070109,2022101623,1,アブキールベイ,1,2024,0.478059858,0.488426745
2024-11-30,202408070109,2022100837,4,ヒデノブルースカイ,0,2024,0.201058701,0.232616708
2024-11-30,202408070109,2022103947,5,ルクスレゼルヴァ,1,2024,0.315139174,0.368806988
2024-11-30,202408070109,2022104698,6,ブルーサンセット,0,2024,0.468464077,0.490325034
2024-11-30,202408070109,2022104960,7,カルプスペルシュ,0,2024,0.509082854,0.489253640
2024-12-01,202406050209,2021104073,1,カピリナ,1,2024,0.523637533,0.512418926
2024-12-01,202406050209,2020105049,2,ハヤブサジェット,0,2024,0.072133504,0.057366978
2024-12-01,202406050209,2020101262,3,エコロレジーナ,1,2024,0.166839704,0.164164290
2024-12-01,202406050209,2020104088,4,ランドオブラヴ,0,2024,0.378914267,0.375458121
2024-12-01,202406050209,2019102786,5,ウォータールグラン,0,2024,0.070658311,0.080813996
2024-12-01,202406050209,2019103010,6,オードゥメール,0,2024,0.215758175,0.215813354
2024-12-01,202406050209,2019104525,7,ラキエータ,0,2024,0.146970049,0.149132967
2024-12-01,202406050209,2018110037,8,ブルースピリット,0,2024,0.164420173,0.154411227
2024-12-01,202406050209,2019106623,9,クロスマジェスティ,0,2024,0.032888558,0.031094978
2024-12-01,202406050209,2020100443,10,エイシンエイト,0,2024,0.229006395,0.225885525
2024-12-01,202406050209,2020110133,11,フロムダスク,0,2024,0.040916298,0.041146200
2024-12-01,202406050209,2021101924,12,フィオライア,0,2024,0.446576446,0.459198445
2024-12-01,202406050209,2020103238,13,オックスリップ,0,2024,0.322975487,0.304419011
2024-12-01,202406050209,2019100751,14,マイネルレノン,1,2024,0.242341354,0.236621603
2024-12-01,202406050209,2020106330,15,ラウラーナ,0,2024,0.035814293,0.034307215
2024-12-01,202406050209,2020105539,16,タガノシャーンス,0,2024,0.348686516,0.373125196
2024-12-01,202406050211,2020100815,1,ミルトクレイモー,0,2024,0.216158226,0.214212939
2024-12-01,202406050211,2020109102,2,サウザンサニー,0,2024,0.462747753,0.450974047
2024-12-01,202406050211,2021102392,3,ナナオ,1,2024,0.389796138,0.368195683
2024-12-01,202406050211,2019106102,4,アネゴハダ,0,2024,0.181581303,0.171631709
2024-12-01,202406050211,2020105295,5,エエヤン,0,2024,0.114778414,0.114850551
2024-12-01,202406050211,2019105452,6,ミッキーハーモニー,0,2024,0.184517756,0.168000638
2024-12-01,202406050211,2019100214,7,ウインモナーク,1,2024,0.329663903,0.332701713
2024-12-01,202406050211,2020101419,8,ブーケファロス,0,2024,0.271904975,0.258890092
2024-12-01,202406050211,2021102320,9,ペアポルックス,1,2024,0.265728623,0.255407363
2024-12-01,202406050211,2019104470,10,キミワクイーン,0,2024,0.266586185,0.266592711
2024-12-01,202406050211,2021105122,11,マスクオールウィン,0,2024,0.178779483,0.172993407
2024-12-01,202406050211,2018106834,12,テーオーシリウス,0,2024,0.041312620,0.042519186
2024-12-01,202406050211,2020110090,13,ティニア,0,2024,0.276930511,0.258212656
2024-12-01,202406050211,2020105018,14,スズハローム,0,2024,0.395314187,0.386947185
2024-12-01,202406050211,2017110123,15,ヴィズサクセス,0,2024,0.040079892,0.035032675
2024-12-01,202406050211,2017106720,16,サンライズオネスト,0,2024,0.049915791,0.047779851
2024-12-07,202406050309,2022100737,4,セイウンビッグバン,0,2024,0.458554357,0.440813184
2024-12-07,202406050309,2022106999,6,ニシノクードクール,0,2024,0.446626455,0.477187395
2024-12-07,202406050309,2022102621,9,リケアコンパンナ,0,2024,0.050594550,0.044527270
2024-12-07,202406050309,2022106677,10,カガバベル,0,2024,0.152703419,0.148757279
2024-12-07,202406050309,2022103066,11,レイピア,0,2024,0.498997331,0.478284895
2024-12-07,202406050309,2022104533,12,チョングク,0,2024,0.075566098,0.068617947
2024-12-07,202407040312,2021102952,1,オベイユアマスター,0,2024,0.116068289,0.119619645
2024-12-07,202407040312,2020100236,2,ニシノトキメキ,0,2024,0.242152631,0.238365814
2024-12-07,202407040312,2018106581,3,セレッソフレイム,0,2024,0.015188257,0.012503976
2024-12-07,202407040312,2021105605,4,アイルドリアン,1,2024,0.157969624,0.164007798
2024-12-07,202407040312,2019106503,5,ソレントフレイバー,0,2024,0.357110828,0.389048249
2024-12-07,202407040312,2020105298,6,ノースディーバ,0,2024,0.313687176,0.340464830
2024-12-07,202407040312,2019109096,7,ダイヤモンドフジ,0,2024,0.265499771,0.259649903
2024-12-07,202407040312,2020105073,8,ガットネロ,1,2024,0.362388313,0.354881287
2024-12-07,202407040312,2020101069,9,セリオーソ,0,2024,0.065940529,0.071203485
2024-12-07,202407040312,2020100289,10,シルバーダイヤ,1,2024,0.140432581,0.125100881
2024-12-07,202407040312,2020100906,11,フライングブレード,0,2024,0.217383176,0.237700105
2024-12-07,202407040312,2020100707,12,クレセントウイング,0,2024,0.197003514,0.189331442
2024-12-07,202407040312,2021103322,13,スプリングデイ,0,2024,0.303003877,0.284824997
2024-12-07,202407040312,2020100795,14,ベルタソ,0,2024,0.051637188,0.046111625
2024-12-07,202407040312,2020104415,15,スピニングマーリン,0,2024,0.033008963,0.026631473
2024-12-07,202407040312,2021106586,16,ラブカムーン,0,2024,0.064563468,0.065997325
2024-12-07,202407040312,2021101394,17,モンレーヴ,0,2024,0.110724553,0.111687660
2024-12-07,202407040312,2021107369,18,ギヴイットアゴー,0,2024,0.103719279,0.083424181
2024-12-08,202406050402,2022107225,1,アミグダラ,0,2024,0.209966481,0.206557110
2024-12-08,202406050402,2022104068,3,オカゲサン,0,2024,0.339884192,0.329926640
2024-12-08,202406050402,2022106907,8,ペタルブランシュ,0,2024,0.367185891,0.387646347
2024-12-08,202406050402,2022103870,11,ベストヒューマ,0,2024,0.036819633,0.034731563
2024-12-08,202406050402,2022103334,12,タワークライマー,0,2024,0.225402877,0.208699390
2024-12-08,202406050402,2022106818,14,マイネルステラート,1,2024,0.653511465,0.645876765
2024-12-08,202406050402,2022100620,16,シルフレイ,1,2024,0.453472495,0.397443622
2024-12-08,202407040411,2019103898,1,スーサンアッシャー,0,2024,0.230107084,0.232911408
2024-12-08,202407040411,2018106389,2,メイショウツツジ,0,2024,0.066154398,0.069687627
2024-12-08,202407040411,2018103406,3,トーホウディアス,0,2024,0.406805366,0.393551469
2024-12-08,202407040411,2019105555,4,ヴェールアンレーヴ,0,2024,0.158310741,0.165947899
2024-12-08,202407040411,2021101598,5,アンクルクロス,1,2024,0.363408446,0.387108684
2024-12-08,202407040411,2020101792,6,プロスペリダード,0,2024,0.264607936,0.293303192
2024-12-08,202407040411,2019100604,7,ヤマニンアンフィル,1,2024,0.304521263,0.292026997
2024-12-08,202407040411,2020102299,8,アシャカタカ,0,2024,0.201853767,0.189296201
2024-12-08,202407040411,2019101079,9,アスクビギンアゲン,0,2024,0.148795828,0.150963828
2024-12-08,202407040411,2019102041,10,アドヴァイス,0,2024,0.149971679,0.145523056
2024-12-08,202407040411,2020106954,11,タイセイキューティ,0,2024,0.079964384,0.073646873
2024-12-08,202407040411,2020110114,12,スリーアイランド,1,2024,0.413604856,0.417055696
2024-12-08,202407040411,2019105760,13,シュヴェルトライテ,0,2024,0.121950261,0.121709302
2024-12-08,202408070412,2019101643,1,バシレウスシチー,0,2024,0.562826276,0.560814798
2024-12-08,202408070412,2017101991,2,テンジュイン,0,2024,0.030133795,0.032644592
2024-12-08,202408070412,2021106615,3,キャンシーエンゼル,0,2024,0.405363053,0.407571465
2024-12-08,202408070412,2019102458,4,ワンダーキサラ,1,2024,0.479681194,0.485643744
2024-12-08,202408070412,2021102670,5,イサチルシーサイド,1,2024,0.451372504,0.433840603
2024-12-08,202408070412,2021110119,6,サンドロナイト,0,2024,0.448392123,0.458757877
2024-12-08,202408070412,2018104534,7,アスクキングコング,0,2024,0.117886819,0.124320455
2024-12-08,202408070412,2019104498,8,インプロバイザー,1,2024,0.127529204,0.136614978
2024-12-08,202408070412,2019103442,9,クラリティスケール,0,2024,0.049935017,0.053932685
2024-12-08,202408070412,2019102321,10,キングクー,0,2024,0.171709120,0.149060041
2024-12-08,202408070412,2018101951,11,タガノスペルノヴァ,0,2024,0.148708403,0.150740981
2024-12-14,202407040509,2022104920,1,ハイファイスピード,0,2024,0.244049788,0.223824039
2024-12-14,202407040509,2022106874,2,ナムラトロム,0,2024,0.185618564,0.179491132
2024-12-14,202407040509,2022110105,3,アメリカンステージ,1,2024,0.319910318,0.296174645
2024-12-14,202407040509,2022106666,4,ドゥアムール,1,2024,0.354837596,0.340568334
2024-12-14,202407040509,2022106555,5,タガノアンファン,0,2024,0.541349590,0.562399805
2024-12-14,202407040509,2022100639,7,ロードヴェルト,0,2024,0.200529084,0.192618102
2024-12-14,202407040509,2022105244,8,ポッドベイダー,1,2024,0.366166830,0.398110390
2024-12-14,202407040509,2022106418,9,ブラックトルネード,0,2024,0.075968750,0.071804486
2024-12-14,202407040509,2022107258,10,ラブアイミー,0,2024,0.103434712,0.100921363
2024-12-14,202407040509,2022102819,11,ブリッツアロング,0,2024,0.281107694,0.251838118
2024-12-14,202408070503,2022106134,1,スキャットメロディ,0,2024,0.134286985,0.157961637
2024-12-14,202408070503,2022102863,3,プライムクオリティ,0,2024,0.021175109,0.023557546
2024-12-14,202408070503,2022109054,7,マサウッドテール,0,2024,0.103189819,0.094891384
2024-12-14,202408070503,2022104163,8,オンザブルースカイ,1,2024,0.402266383,0.392889231
2024-12-14,202408070503,2022101658,10,タケノリッチ,0,2024,0.122847855,0.135312676
2024-12-14,202408070503,2022100981,11,エイシンパンタレイ,0,2024,0.537628293,0.607027054
2024-12-14,202408070511,2017100367,1,サトノファビュラス,0,2024,0.065870866,0.064870410
2024-12-14,202408070511,2018106388,2,メイショウホシアイ,0,2024,0.161855832,0.159658805
2024-12-14,202408070511,2021104556,3,カルチャーデイ,0,2024,0.122625694,0.131302208
2024-12-14,202408070511,2020101827,4,バースクライ,1,2024,0.147023007,0.142123491
2024-12-14,202408070511,2017100583,5,ディヴィナシオン,0,2024,0.085158169,0.093027465
2024-12-14,202408070511,2020110040,6,ヤクシマ,0,2024,0.083034344,0.085038200
2024-12-14,202408070511,2019105237,7,スリーパーダ,0,2024,0.104756959,0.103464074
2024-12-14,202408070511,2016104668,8,カリボール,0,2024,0.058097847,0.067328215
2024-12-14,202408070511,2018101343,9,ゾンニッヒ,0,2024,0.207158446,0.204040065
2024-12-14,202408070511,2019105459,10,ソウテン,0,2024,0.083073154,0.076029360
2024-12-14,202408070511,2019102137,11,シロン,0,2024,0.268568367,0.248522952
2024-12-14,202408070511,2019103714,12,メイショウソラフネ,1,2024,0.391031802,0.352449030
2024-12-14,202408070511,2021110160,13,ソンシ,1,2024,0.383681983,0.354351789
2024-12-14,202408070511,2020100105,14,エイシンフェンサー,0,2024,0.282937646,0.269008487
2024-12-14,202408070511,2018104041,15,マウンテンムスメ,0,2024,0.130839124,0.123181455
2024-12-14,202408070511,2019105512,16,ジャスティンスカイ,0,2024,0.197963923,0.165429905
2024-12-15,202407040612,2020101031,1,アスクエピソード,1,2024,0.091011882,0.089173317
2024-12-15,202407040612,2021101576,2,レオテミス,1,2024,0.290914446,0.308576405
2024-12-15,202407040612,2021102914,3,モズトキキ,0,2024,0.275959641,0.268251836
2024-12-15,202407040612,2020106407,4,ライブリームーラン,0,2024,0.028580084,0.028751871
2024-12-15,202407040612,2019100578,5,クインズプリーズ,0,2024,0.063331686,0.068251014
2024-12-15,202407040612,2020101872,6,デイトナモード,1,2024,0.232332155,0.253272563
2024-12-15,202407040612,2019105337,7,テーオーアリエス,0,2024,0.020514505,0.020577265
2024-12-15,202407040612,2020106777,8,セレッソデアモール,0,2024,0.217229173,0.215230584
2024-12-15,202407040612,2019103193,9,トリップトゥムーン,0,2024,0.080494508,0.086833388
2024-12-15,202407040612,2019104356,10,ディオアステリア,0,2024,0.181871712,0.193966106
2024-12-15,202407040612,2021100522,11,ジョーメッドヴィン,0,2024,0.385086179,0.353607625
2024-12-15,202407040612,2020101517,12,ソノママソノママ,0,2024,0.277084261,0.285023332
2024-12-15,202407040612,2021100476,13,ファイツオン,0,2024,0.468894809,0.454292625
2024-12-15,202407040612,2021100019,14,マサノカナリア,0,2024,0.158528298,0.160081476
2024-12-15,202407040612,2020102568,15,ワイアウ,0,2024,0.023265161,0.023517542
2024-12-15,202407040612,2021103171,16,タイキヴァンクール,0,2024,0.527163923,0.497536689
2024-12-15,202407040612,2020106131,17,ジオパーククラウン,0,2024,0.120518625,0.116794541
2024-12-15,202407040612,2019100168,18,ベジェサ,0,2024,0.050970405,0.052531734
2024-12-21,202406050712,2018103485,1,ジャガード,0,2024,0.044452086,0.042650267
2024-12-21,202406050712,2021110099,2,ジューンブレア,1,2024,0.286539525,0.290973634
2024-12-21,202406050712,2020103218,3,フミサウンド,0,2024,0.196891204,0.185711056
2024-12-21,202406050712,2019104498,4,インプロバイザー,0,2024,0.150596559,0.148732215
2024-12-21,202406050712,2020106623,5,ゴキゲンサン,0,2024,0.111642040,0.112111121
2024-12-21,202406050712,2021103278,6,メイショウミリオレ,0,2024,0.137975767,0.139091462
2024-12-21,202406050712,2021103005,7,ヒラボクミニー,1,2024,0.304790676,0.303031266
2024-12-21,202406050712,2020105409,8,ディアドコス,0,2024,0.295161635,0.283934891
2024-12-21,202406050712,2021103561,9,ゴールドスター,0,2024,0.454288155,0.426234126
2024-12-21,202406050712,2019100132,10,ペイシャカレン,0,2024,0.081476010,0.079511337
2024-12-21,202406050712,2020102140,11,アンビバレント,0,2024,0.040909380,0.042123903
2024-12-21,202406050712,2018104534,12,アスクキングコング,0,2024,0.095791511,0.091149546
2024-12-21,202406050712,2020104983,13,マルプリ,0,2024,0.213355079,0.219776347
2024-12-21,202406050712,2020101763,14,トーホウフランゴ,1,2024,0.118243605,0.124390416
2024-12-21,202406050712,2020106987,15,スムースベルベット,0,2024,0.075409994,0.069827437
2024-12-21,202406050712,2021103667,16,クオレス,0,2024,0.377057970,0.362992167
2024-12-22,202406050803,2022102878,2,ナンナンプー,0,2024,0.147481903,0.135933176
2024-12-22,202406050803,2022100620,3,シルフレイ,1,2024,0.426113486,0.428965807
2024-12-22,202406050803,2022101426,6,ベルリネッタ,1,2024,0.134863198,0.131998315
2024-12-22,202406050803,2022106907,9,ペタルブランシュ,0,2024,0.252524287,0.267447829
2024-12-22,202406050803,2022107300,11,シンガソング,0,2024,0.243085772,0.208132401
2024-12-22,202406050803,2022107204,14,ニシノヘリオトロプ,0,2024,0.036103625,0.035676196
2024-12-22,202406050803,2022106229,15,ウインイザナミ,0,2024,0.134122819,0.128241584
2024-12-28,202408070912,2020104678,1,オードリーバローズ,1,2024,0.413788557,0.432299972
2024-12-28,202408070912,2019105191,2,コナブラック,0,2024,0.200727239,0.192989364
2024-12-28,202408070912,2018104757,3,ジュノー,0,2024,0.179168463,0.168242753
2024-12-28,202408070912,2020104613,4,タツダイヤモンド,0,2024,0.209179804,0.212612197
2024-12-28,202408070912,2019105347,5,アバンチュリエ,0,2024,0.110955611,0.109374218
2024-12-28,202408070912,2021105242,6,シカゴスティング,0,2024,0.354359806,0.345173210
2024-12-28,202408070912,2020102132,7,トレンディスター,0,2024,0.097230628,0.096780770
2024-12-28,202408070912,2021105202,8,ポエットリー,0,2024,0.226184160,0.217998832
2024-12-28,202408070912,2019101626,9,ピンクマクフィー,0,2024,0.238314703,0.214361668
2024-12-28,202408070912,2018104559,10,ナリタローゼ,0,2024,0.093383387,0.102668621
2024-12-28,202408070912,2018103902,11,サウンドブライアン,0,2024,0.053371970,0.056887444
2024-12-28,202408070912,2021100130,12,ロードフォアエース,1,2024,0.432660460,0.417066842
2024-12-28,202408070912,2020110133,13,フロムダスク,0,2024,0.046076942,0.041663971
2024-12-28,202408070912,2019102786,14,ウォータールグラン,1,2024,0.057105564,0.059291225
2024-12-28,202408070912,2021102888,15,ナムラアトム,0,2024,0.280805409,0.272803754
2024-12-28,202408070912,2021101598,16,アンクルクロス,0,2024,0.406082034,0.391827643
