race_date,race_id,horse_id,horse_no,horse_name,top3_label,field_size,race_class,racecourse,days_since_prev,career_starts,outer_year,incumbent_name,p_incumbent,p_field_size_baseline
2023-01-07,202307010206,2020110040,1,ヤクシマ,1,9,Class1,中京,21.000000000,4,2023,l2_logistic_c0.1,0.611080955,0.333333333
2023-01-07,202307010206,2020105895,2,フォルテース,0,9,Class1,中京,77.000000000,5,2023,l2_logistic_c0.1,0.599358255,0.333333333
2023-01-07,202307010206,2020102331,6,メイショウオトギ,0,9,Class1,中京,28.000000000,4,2023,l2_logistic_c0.1,0.371703920,0.333333333
2023-01-07,202307010206,2020105534,7,タガノタント,0,9,Class1,中京,76.000000000,4,2023,l2_logistic_c0.1,0.221129818,0.333333333
2023-01-07,202307010206,2020101217,8,アスクドリームモア,0,9,Class1,中京,63.000000000,4,2023,l2_logistic_c0.1,0.429982421,0.333333333
2023-01-07,202307010206,2020106451,9,コーヒーカフェ,0,9,Class1,中京,21.000000000,5,2023,l2_logistic_c0.1,0.082521221,0.333333333
2023-01-08,202306010309,2020102439,1,ニジュウダンサー,1,12,Class1,中山,15.000000000,3,2023,l2_logistic_c0.1,0.372619935,0.250000000
2023-01-08,202306010309,2020105146,2,モンサンスヴニール,0,12,Class1,中山,56.000000000,3,2023,l2_logistic_c0.1,0.276140219,0.250000000
2023-01-08,202306010309,2020103885,3,クリノゴッホ,1,12,Class1,中山,29.000000000,6,2023,l2_logistic_c0.1,0.393189148,0.250000000
2023-01-08,202306010309,2020101262,4,エコロレジーナ,0,12,Class1,中山,49.000000000,3,2023,l2_logistic_c0.1,0.329085212,0.250000000
2023-01-08,202306010309,2020106973,5,デイドリームビーチ,0,12,Class1,中山,29.000000000,4,2023,l2_logistic_c0.1,0.133737919,0.250000000
2023-01-08,202306010309,2020106987,6,スムースベルベット,0,12,Class1,中山,22.000000000,4,2023,l2_logistic_c0.1,0.378649171,0.250000000
2023-01-08,202306010309,2020102640,7,サイモンオリーブ,0,12,Class1,中山,29.000000000,4,2023,l2_logistic_c0.1,0.322434454,0.250000000
2023-01-08,202306010309,2020105131,8,ロッソランパンテ,0,12,Class1,中山,64.000000000,5,2023,l2_logistic_c0.1,0.122162788,0.250000000
2023-01-08,202306010309,2020110005,9,ソフィアエール,0,12,Class1,中山,42.000000000,4,2023,l2_logistic_c0.1,0.280247598,0.250000000
2023-01-08,202306010309,2020105571,10,レイフォール,0,12,Class1,中山,15.000000000,6,2023,l2_logistic_c0.1,0.185309655,0.250000000
2023-01-08,202306010309,2020100056,11,クールムーア,0,12,Class1,中山,56.000000000,7,2023,l2_logistic_c0.1,0.358745777,0.250000000
2023-01-08,202306010309,2020103328,12,スプレモフレイバー,1,12,Class1,中山,29.000000000,5,2023,l2_logistic_c0.1,0.357965513,0.250000000
2023-01-08,202307010312,2017102809,1,ガリレイ,0,13,Class2,中京,21.000000000,23,2023,l2_logistic_c0.1,0.338772987,0.230769231
2023-01-08,202307010312,2018100008,2,ナサ,0,13,Class2,中京,21.000000000,19,2023,l2_logistic_c0.1,0.142945823,0.230769231
2023-01-08,202307010312,2018103611,3,デルマカンノン,0,13,Class2,中京,29.000000000,26,2023,l2_logistic_c0.1,0.236861623,0.230769231
2023-01-08,202307010312,2018104621,4,サトノルーチェ,0,13,Class2,中京,21.000000000,13,2023,l2_logistic_c0.1,0.407721738,0.230769231
2023-01-08,202307010312,2018106305,5,テーオーディエス,0,13,Class2,中京,21.000000000,20,2023,l2_logistic_c0.1,0.105065572,0.230769231
2023-01-08,202307010312,2017106222,6,ベッサラビア,0,13,Class2,中京,22.000000000,11,2023,l2_logistic_c0.1,0.053556902,0.230769231
2023-01-08,202307010312,2019109094,7,ブッシュガーデン,1,13,Class2,中京,14.000000000,12,2023,l2_logistic_c0.1,0.539522238,0.230769231
2023-01-08,202307010312,2018101573,8,セイレーン,0,13,Class2,中京,43.000000000,14,2023,l2_logistic_c0.1,0.096213273,0.230769231
2023-01-08,202307010312,2018106391,9,メイショウイジゲン,0,13,Class2,中京,21.000000000,17,2023,l2_logistic_c0.1,0.081825154,0.230769231
2023-01-08,202307010312,2017102940,10,ワンダーカタリナ,1,13,Class2,中京,77.000000000,17,2023,l2_logistic_c0.1,0.268295816,0.230769231
2023-01-08,202307010312,2017100416,11,リーゼントフラム,0,13,Class2,中京,71.000000000,8,2023,l2_logistic_c0.1,0.298363657,0.230769231
2023-01-08,202307010312,2018106837,12,テーオーメアリー,0,13,Class2,中京,21.000000000,17,2023,l2_logistic_c0.1,0.111557590,0.230769231
2023-01-08,202307010312,2019102522,13,ドグマ,1,13,Class2,中京,105.000000000,9,2023,l2_logistic_c0.1,0.318526926,0.230769231
2023-01-09,202307010411,2019103782,1,ルピナスリード,0,15,Open,中京,79.000000000,8,2023,l2_logistic_c0.1,0.407920947,0.200000000
2023-01-09,202307010411,2016102073,2,ホープフルサイン,1,15,Open,中京,344.000000000,29,2023,l2_logistic_c0.1,0.089998638,0.200000000
2023-01-09,202307010411,2019104841,3,カルネアサーダ,1,15,Open,中京,29.000000000,12,2023,l2_logistic_c0.1,0.181020541,0.200000000
2023-01-09,202307010411,2016104746,4,スワーヴシャルル,0,15,Open,中京,71.000000000,20,2023,l2_logistic_c0.1,0.144169097,0.200000000
2023-01-09,202307010411,2017104172,5,メイショウチタン,0,15,Open,中京,16.000000000,27,2023,l2_logistic_c0.1,0.180261700,0.200000000
2023-01-09,202307010411,2016110119,6,ジャスパージャック,0,15,Open,中京,36.000000000,19,2023,l2_logistic_c0.1,0.296368560,0.200000000
2023-01-09,202307010411,2016101340,7,アスタールビー,0,15,Open,中京,23.000000000,25,2023,l2_logistic_c0.1,0.152815577,0.200000000
2023-01-09,202307010411,2016103415,8,ショウナンバニラ,0,15,Open,中京,71.000000000,35,2023,l2_logistic_c0.1,0.095386925,0.200000000
2023-01-09,202307010411,2016104668,9,カリボール,0,15,Open,中京,71.000000000,23,2023,l2_logistic_c0.1,0.080705103,0.200000000
2023-01-09,202307010411,2017104852,10,キャプテンドレイク,0,15,Open,中京,23.000000000,18,2023,l2_logistic_c0.1,0.118459938,0.200000000
2023-01-09,202307010411,2017103295,11,チェアリングソング,0,15,Open,中京,23.000000000,26,2023,l2_logistic_c0.1,0.060111717,0.200000000
2023-01-09,202307010411,2017100240,12,スノーテーラー,0,15,Open,中京,36.000000000,17,2023,l2_logistic_c0.1,0.194007255,0.200000000
2023-01-09,202307010411,2016102692,13,ハッピーアワー,0,15,Open,中京,50.000000000,32,2023,l2_logistic_c0.1,0.040705623,0.200000000
2023-01-09,202307010411,2018105454,14,グレイイングリーン,0,15,Open,中京,57.000000000,14,2023,l2_logistic_c0.1,0.347535203,0.200000000
2023-01-09,202307010411,2017104270,15,トキメキ,1,15,Open,中京,36.000000000,27,2023,l2_logistic_c0.1,0.106709904,0.200000000
2023-01-14,202306010511,2017103295,1,チェアリングソング,0,16,Open,中山,5.000000000,27,2023,l2_logistic_c0.1,0.081287903,0.187500000
2023-01-14,202306010511,2017104253,2,ジュニパーベリー,1,16,Open,中山,76.000000000,25,2023,l2_logistic_c0.1,0.157892456,0.187500000
2023-01-14,202306010511,2015100416,3,ライオンボス,0,16,Open,中山,76.000000000,26,2023,l2_logistic_c0.1,0.138526269,0.187500000
2023-01-14,202306010511,2016100298,4,ミニオンペール,0,16,Open,中山,28.000000000,35,2023,l2_logistic_c0.1,0.109263203,0.187500000
2023-01-14,202306010511,2017105298,5,ストーンリッジ,1,16,Open,中山,62.000000000,17,2023,l2_logistic_c0.1,0.172517574,0.187500000
2023-01-14,202306010511,2015104347,6,ルッジェーロ,0,16,Open,中山,62.000000000,37,2023,l2_logistic_c0.1,0.092764837,0.187500000
2023-01-14,202306010511,2017100583,7,ディヴィナシオン,0,16,Open,中山,41.000000000,38,2023,l2_logistic_c0.1,0.085122189,0.187500000
2023-01-14,202306010511,2019100765,8,コムストックロード,0,16,Open,中山,125.000000000,12,2023,l2_logistic_c0.1,0.230446704,0.187500000
2023-01-14,202306010511,2015105850,9,カイザーメランジェ,0,16,Open,中山,251.000000000,38,2023,l2_logistic_c0.1,0.047297827,0.187500000
2023-01-14,202306010511,2017103814,10,エレナアヴァンティ,0,16,Open,中山,28.000000000,19,2023,l2_logistic_c0.1,0.126936672,0.187500000
2023-01-14,202306010511,2017105661,11,ジュビリーヘッド,1,16,Open,中山,48.000000000,22,2023,l2_logistic_c0.1,0.307703897,0.187500000
2023-01-14,202306010511,2017106387,12,スマートリアン,0,16,Open,中山,97.000000000,21,2023,l2_logistic_c0.1,0.224492780,0.187500000
2023-01-14,202306010511,2018110045,13,ショックアクション,0,16,Open,中山,76.000000000,13,2023,l2_logistic_c0.1,0.066338198,0.187500000
2023-01-14,202306010511,2015104699,14,フレッチア,0,16,Open,中山,41.000000000,22,2023,l2_logistic_c0.1,0.137043210,0.187500000
2023-01-14,202306010511,2016103730,15,ザイツィンガー,0,16,Open,中山,62.000000000,32,2023,l2_logistic_c0.1,0.043400919,0.187500000
2023-01-14,202306010511,2017100437,16,インターミッション,0,16,Open,中山,181.000000000,15,2023,l2_logistic_c0.1,0.104935116,0.187500000
2023-01-14,202310010102,2020100909,1,ジューンオレンジ,1,18,Maiden,小倉,49.000000000,3,2023,l2_logistic_c0.1,0.286018720,0.166666667
2023-01-14,202310010102,2020106537,3,ウィルオブラガー,0,18,Maiden,小倉,139.000000000,4,2023,l2_logistic_c0.1,0.123380799,0.166666667
2023-01-14,202310010102,2020103056,4,ヴァルダリス,0,18,Maiden,小倉,17.000000000,4,2023,l2_logistic_c0.1,0.307951283,0.166666667
2023-01-14,202310010102,2020105310,5,イースターエッグ,1,18,Maiden,小倉,21.000000000,6,2023,l2_logistic_c0.1,0.305021486,0.166666667
2023-01-14,202310010102,2020105757,8,グスタール,0,18,Maiden,小倉,49.000000000,5,2023,l2_logistic_c0.1,0.367472620,0.166666667
2023-01-14,202310010102,2020100167,9,ケサランパサラン,0,18,Maiden,小倉,63.000000000,3,2023,l2_logistic_c0.1,0.115590411,0.166666667
2023-01-14,202310010102,2020104349,12,キースケデシュ,0,18,Maiden,小倉,34.000000000,5,2023,l2_logistic_c0.1,0.147683770,0.166666667
2023-01-14,202310010102,2020106121,16,カッテミル,0,18,Maiden,小倉,56.000000000,5,2023,l2_logistic_c0.1,0.297279263,0.166666667
2023-01-14,202310010102,2020101852,17,ニードレストゥセイ,0,18,Maiden,小倉,34.000000000,3,2023,l2_logistic_c0.1,0.227117866,0.166666667
2023-01-14,202310010112,2018105239,1,プラウドルック,0,18,Class1,小倉,69.000000000,15,2023,l2_logistic_c0.1,0.102916046,0.166666667
2023-01-14,202310010112,2019107075,2,ブランデーロック,1,18,Class1,小倉,35.000000000,24,2023,l2_logistic_c0.1,0.254185996,0.166666667
2023-01-14,202310010112,2018105231,3,ラヴォルタ,0,18,Class1,小倉,62.000000000,8,2023,l2_logistic_c0.1,0.305199913,0.166666667
2023-01-14,202310010112,2019104078,4,メイショウグラニー,1,18,Class1,小倉,90.000000000,8,2023,l2_logistic_c0.1,0.077472374,0.166666667
2023-01-14,202310010112,2019100772,5,ポルタフォルトゥナ,1,18,Class1,小倉,35.000000000,9,2023,l2_logistic_c0.1,0.228207294,0.166666667
2023-01-14,202310010112,2018100773,6,ユナイテッドハーツ,0,18,Class1,小倉,63.000000000,12,2023,l2_logistic_c0.1,0.085982430,0.166666667
2023-01-14,202310010112,2018106200,8,メイショウヒゾッコ,0,18,Class1,小倉,97.000000000,17,2023,l2_logistic_c0.1,0.025790370,0.166666667
2023-01-14,202310010112,2019104818,9,メイケイバートン,0,18,Class1,小倉,84.000000000,10,2023,l2_logistic_c0.1,0.387478337,0.166666667
2023-01-14,202310010112,2019104693,10,ポメランチェ,0,18,Class1,小倉,69.000000000,10,2023,l2_logistic_c0.1,0.063428589,0.166666667
2023-01-14,202310010112,2018100480,11,デルマヤクシ,0,18,Class1,小倉,63.000000000,12,2023,l2_logistic_c0.1,0.105131850,0.166666667
2023-01-14,202310010112,2019101743,12,タムロキュラムン,0,18,Class1,小倉,133.000000000,10,2023,l2_logistic_c0.1,0.068564804,0.166666667
2023-01-14,202310010112,2016100059,13,アランチオーネ,0,18,Class1,小倉,140.000000000,9,2023,l2_logistic_c0.1,0.012266086,0.166666667
2023-01-14,202310010112,2019103656,14,コイニオチテ,0,18,Class1,小倉,83.000000000,6,2023,l2_logistic_c0.1,0.061371458,0.166666667
2023-01-14,202310010112,2019102041,15,アドヴァイス,0,18,Class1,小倉,119.000000000,9,2023,l2_logistic_c0.1,0.082296569,0.166666667
2023-01-14,202310010112,2019100604,16,ヤマニンアンフィル,0,18,Class1,小倉,77.000000000,6,2023,l2_logistic_c0.1,0.207046884,0.166666667
2023-01-14,202310010112,2019100666,17,イラーレ,0,18,Class1,小倉,35.000000000,15,2023,l2_logistic_c0.1,0.551084171,0.166666667
2023-01-14,202310010112,2018103063,18,フィルムスコア,0,18,Class1,小倉,70.000000000,17,2023,l2_logistic_c0.1,0.126807842,0.166666667
2023-01-15,202306010609,2019104470,1,キミワクイーン,1,11,Class3,中山,70.000000000,7,2023,l2_logistic_c0.1,0.580319488,0.272727273
2023-01-15,202306010609,2018100756,2,シュアーヴアリア,0,11,Class3,中山,42.000000000,25,2023,l2_logistic_c0.1,0.318568035,0.272727273
2023-01-15,202306010609,2017100461,3,ワンスカイ,0,11,Class3,中山,18.000000000,15,2023,l2_logistic_c0.1,0.442093748,0.272727273
2023-01-15,202306010609,2017100511,4,アールクインダム,0,11,Class3,中山,7.000000000,18,2023,l2_logistic_c0.1,0.280490238,0.272727273
2023-01-15,202306010609,2017101693,5,コスモカルナック,1,11,Class3,中山,364.000000000,14,2023,l2_logistic_c0.1,0.409445593,0.272727273
2023-01-15,202306010609,2017102946,6,オシリスブレイン,1,11,Class3,中山,42.000000000,24,2023,l2_logistic_c0.1,0.210215694,0.272727273
2023-01-15,202306010609,2018103932,7,フミロア,0,11,Class3,中山,85.000000000,16,2023,l2_logistic_c0.1,0.097707679,0.272727273
2023-01-15,202306010609,2019101763,8,グランアリエル,0,11,Class3,中山,35.000000000,7,2023,l2_logistic_c0.1,0.362657238,0.272727273
2023-01-15,202306010609,2017100969,9,ショウナンバービー,0,11,Class3,中山,42.000000000,23,2023,l2_logistic_c0.1,0.203972433,0.272727273
2023-01-15,202306010609,2018100650,10,ゼログラヴィティ,0,11,Class3,中山,42.000000000,10,2023,l2_logistic_c0.1,0.346458743,0.272727273
2023-01-15,202306010609,2016101956,11,オルダージュ,0,11,Class3,中山,57.000000000,37,2023,l2_logistic_c0.1,0.127518109,0.272727273
2023-01-15,202306010612,2017101571,1,サイヤダンサー,1,10,Class2,中山,21.000000000,23,2023,l2_logistic_c0.1,0.319758281,0.300000000
2023-01-15,202306010612,2018105874,2,ルルローズ,0,10,Class2,中山,56.000000000,10,2023,l2_logistic_c0.1,0.410411636,0.300000000
2023-01-15,202306010612,2017102095,3,セルレア,0,10,Class2,中山,43.000000000,21,2023,l2_logistic_c0.1,0.218229370,0.300000000
2023-01-15,202306010612,2019104451,4,ビーオンザマーチ,1,10,Class2,中山,92.000000000,8,2023,l2_logistic_c0.1,0.248074408,0.300000000
2023-01-15,202306010612,2017101919,5,コスモカッティーボ,0,10,Class2,中山,21.000000000,31,2023,l2_logistic_c0.1,0.056032926,0.300000000
2023-01-15,202306010612,2019100210,6,ウインバグース,1,10,Class2,中山,21.000000000,11,2023,l2_logistic_c0.1,0.585425579,0.300000000
2023-01-15,202306010612,2019103806,7,ベルウッドブラボー,0,10,Class2,中山,42.000000000,10,2023,l2_logistic_c0.1,0.381795785,0.300000000
2023-01-15,202306010612,2019103136,8,シゲルファンノユメ,0,10,Class2,中山,106.000000000,12,2023,l2_logistic_c0.1,0.291137707,0.300000000
2023-01-15,202306010612,2016106316,9,ミモザイエロー,0,10,Class2,中山,22.000000000,45,2023,l2_logistic_c0.1,0.180605304,0.300000000
2023-01-15,202306010612,2017104234,10,スズノヤマト,0,10,Class2,中山,21.000000000,19,2023,l2_logistic_c0.1,0.146244003,0.300000000
2023-01-15,202310010202,2020109130,1,ベルボールドナイン,0,18,Maiden,小倉,126.000000000,3,2023,l2_logistic_c0.1,0.130341832,0.166666667
2023-01-15,202310010202,2020104500,3,アシリパ,0,18,Maiden,小倉,119.000000000,3,2023,l2_logistic_c0.1,0.033111656,0.166666667
2023-01-15,202310010202,2020102377,4,サンタアナテソーロ,1,18,Maiden,小倉,85.000000000,3,2023,l2_logistic_c0.1,0.221666322,0.166666667
2023-01-15,202310010202,2020103962,11,ステークホルダー,1,18,Maiden,小倉,22.000000000,3,2023,l2_logistic_c0.1,0.396785525,0.166666667
2023-01-15,202310010209,2019104697,1,ショウナンマッハ,0,18,Class2,小倉,64.000000000,10,2023,l2_logistic_c0.1,0.195258479,0.166666667
2023-01-15,202310010209,2019100652,2,ハギノモーリス,0,18,Class2,小倉,134.000000000,8,2023,l2_logistic_c0.1,0.289919530,0.166666667
2023-01-15,202310010209,2019103010,3,オードゥメール,0,18,Class2,小倉,106.000000000,10,2023,l2_logistic_c0.1,0.196808379,0.166666667
2023-01-15,202310010209,2019103065,4,ゼットレヨン,0,18,Class2,小倉,28.000000000,7,2023,l2_logistic_c0.1,0.096372475,0.166666667
2023-01-15,202310010209,2019104772,5,セリノーフォス,0,18,Class2,小倉,36.000000000,14,2023,l2_logistic_c0.1,0.174074995,0.166666667
2023-01-15,202310010209,2018105873,6,ミキノバスドラム,0,18,Class2,小倉,28.000000000,14,2023,l2_logistic_c0.1,0.043004102,0.166666667
2023-01-15,202310010209,2019100751,7,マイネルレノン,0,18,Class2,小倉,57.000000000,10,2023,l2_logistic_c0.1,0.403400874,0.166666667
2023-01-15,202310010209,2019105050,8,メルヴィル,0,18,Class2,小倉,71.000000000,9,2023,l2_logistic_c0.1,0.412492901,0.166666667
2023-01-15,202310010209,2018110001,9,ジュストコル,0,18,Class2,小倉,64.000000000,17,2023,l2_logistic_c0.1,0.233470638,0.166666667
2023-01-15,202310010209,2017105126,10,チャイカ,0,18,Class2,小倉,64.000000000,22,2023,l2_logistic_c0.1,0.096573001,0.166666667
2023-01-15,202310010209,2019104386,11,トーセンサンダー,1,18,Class2,小倉,21.000000000,8,2023,l2_logistic_c0.1,0.300959614,0.166666667
2023-01-15,202310010209,2019104915,12,バンデルオーラ,1,18,Class2,小倉,21.000000000,8,2023,l2_logistic_c0.1,0.325833652,0.166666667
2023-01-15,202310010209,2018100636,13,ステラダイヤ,0,18,Class2,小倉,127.000000000,14,2023,l2_logistic_c0.1,0.120742106,0.166666667
2023-01-15,202310010209,2017100519,14,サクセスハーモニー,0,18,Class2,小倉,161.000000000,23,2023,l2_logistic_c0.1,0.018847013,0.166666667
2023-01-15,202310010209,2019100214,15,ウインモナーク,1,18,Class2,小倉,232.000000000,7,2023,l2_logistic_c0.1,0.326601519,0.166666667
2023-01-15,202310010209,2018103296,16,サニーオーシャン,0,18,Class2,小倉,127.000000000,19,2023,l2_logistic_c0.1,0.026032379,0.166666667
2023-01-15,202310010209,2019102436,17,ミズノコキュウ,0,18,Class2,小倉,64.000000000,14,2023,l2_logistic_c0.1,0.135492211,0.166666667
2023-01-15,202310010209,2019101917,18,エテルナメンテ,0,18,Class2,小倉,43.000000000,9,2023,l2_logistic_c0.1,0.147141931,0.166666667
2023-01-15,202310010212,2019101899,1,ハーディローズ,0,16,Class1,小倉,29.000000000,7,2023,l2_logistic_c0.1,0.047819624,0.187500000
2023-01-15,202310010212,2019100292,2,ダレモトメラレナイ,1,16,Class1,小倉,56.000000000,8,2023,l2_logistic_c0.1,0.268781418,0.187500000
2023-01-15,202310010212,2016102111,3,ファタリテ,0,16,Class1,小倉,70.000000000,31,2023,l2_logistic_c0.1,0.082798473,0.187500000
2023-01-15,202310010212,2018105965,4,エイシンディアデム,0,16,Class1,小倉,36.000000000,8,2023,l2_logistic_c0.1,0.065867611,0.187500000
2023-01-15,202310010212,2019105128,5,プルサティーラ,0,16,Class1,小倉,63.000000000,8,2023,l2_logistic_c0.1,0.198317145,0.187500000
2023-01-15,202310010212,2019100986,6,イチローイチロー,0,16,Class1,小倉,133.000000000,9,2023,l2_logistic_c0.1,0.045780507,0.187500000
2023-01-15,202310010212,2018101951,7,タガノスペルノヴァ,0,16,Class1,小倉,197.000000000,14,2023,l2_logistic_c0.1,0.119624030,0.187500000
2023-01-15,202310010212,2019106596,8,バトルシャイニング,1,16,Class1,小倉,148.000000000,8,2023,l2_logistic_c0.1,0.059244590,0.187500000
2023-01-15,202310010212,2019101313,9,ルクスランページ,0,16,Class1,小倉,322.000000000,8,2023,l2_logistic_c0.1,0.051340294,0.187500000
2023-01-15,202310010212,2019101031,10,サミュエル,0,16,Class1,小倉,18.000000000,6,2023,l2_logistic_c0.1,0.140145081,0.187500000
2023-01-15,202310010212,2018104559,11,ナリタローゼ,0,16,Class1,小倉,71.000000000,11,2023,l2_logistic_c0.1,0.275575575,0.187500000
2023-01-15,202310010212,2019106707,12,クインズコスモス,0,16,Class1,小倉,63.000000000,7,2023,l2_logistic_c0.1,0.287946327,0.187500000
2023-01-15,202310010212,2019109140,13,ヒノクニ,1,16,Class1,小倉,29.000000000,15,2023,l2_logistic_c0.1,0.135942812,0.187500000
2023-01-15,202310010212,2019104686,14,アキバ,0,16,Class1,小倉,63.000000000,9,2023,l2_logistic_c0.1,0.248263358,0.187500000
2023-01-15,202310010212,2017104849,15,ラッシュアップ,0,16,Class1,小倉,64.000000000,19,2023,l2_logistic_c0.1,0.118478549,0.187500000
2023-01-15,202310010212,2017100643,16,ヨンウォニ,0,16,Class1,小倉,35.000000000,17,2023,l2_logistic_c0.1,0.079579696,0.187500000
2023-01-21,202310010309,2020105895,1,フォルテース,0,8,Class1,小倉,14.000000000,6,2023,l2_logistic_c0.1,0.676995101,0.375000000
2023-01-21,202310010309,2020102940,2,ダンシングニードル,0,8,Class1,小倉,28.000000000,5,2023,l2_logistic_c0.1,0.729230636,0.375000000
2023-01-21,202310010309,2020100236,4,ニシノトキメキ,1,8,Class1,小倉,35.000000000,4,2023,l2_logistic_c0.1,0.475767819,0.375000000
2023-01-21,202310010309,2020103261,5,アウクソー,0,8,Class1,小倉,69.000000000,3,2023,l2_logistic_c0.1,0.304217257,0.375000000
2023-01-21,202310010309,2020105400,6,タマモブラックタイ,1,8,Class1,小倉,12.000000000,4,2023,l2_logistic_c0.1,0.374723383,0.375000000
2023-01-21,202310010309,2020104194,7,ルーフ,1,8,Class1,小倉,91.000000000,3,2023,l2_logistic_c0.1,0.615389531,0.375000000
2023-01-21,202310010309,2020103191,8,ブライトサイン,0,8,Class1,小倉,28.000000000,4,2023,l2_logistic_c0.1,0.285078095,0.375000000
2023-01-21,202310010312,2019104356,1,ディオアステリア,1,17,Class1,小倉,42.000000000,13,2023,l2_logistic_c0.1,0.244685244,0.176470588
2023-01-21,202310010312,2019103584,2,オラヴェリタス,0,17,Class1,小倉,14.000000000,20,2023,l2_logistic_c0.1,0.224443925,0.176470588
2023-01-21,202310010312,2018105518,3,ダブルスナッチ,0,17,Class1,小倉,406.000000000,8,2023,l2_logistic_c0.1,0.210803786,0.176470588
2023-01-21,202310010312,2019103200,4,ネイキッドハート,0,17,Class1,小倉,77.000000000,6,2023,l2_logistic_c0.1,0.200117235,0.176470588
2023-01-21,202310010312,2019105526,5,ミッキーチャレンジ,0,17,Class1,小倉,83.000000000,7,2023,l2_logistic_c0.1,0.442429527,0.176470588
2023-01-21,202310010312,2018104471,6,グレイトミッション,0,17,Class1,小倉,77.000000000,23,2023,l2_logistic_c0.1,0.144620949,0.176470588
2023-01-21,202310010312,2019106707,7,クインズコスモス,0,17,Class1,小倉,6.000000000,8,2023,l2_logistic_c0.1,0.248161428,0.176470588
2023-01-21,202310010312,2018101782,8,コスモサンレミ,0,17,Class1,小倉,70.000000000,24,2023,l2_logistic_c0.1,0.123657048,0.176470588
2023-01-21,202310010312,2019101899,9,ハーディローズ,0,17,Class1,小倉,6.000000000,8,2023,l2_logistic_c0.1,0.064185624,0.176470588
2023-01-21,202310010312,2017103309,10,ホウオウエンジェル,0,17,Class1,小倉,35.000000000,19,2023,l2_logistic_c0.1,0.213303608,0.176470588
2023-01-21,202310010312,2019109123,11,ミミグッド,0,17,Class1,小倉,245.000000000,7,2023,l2_logistic_c0.1,0.032718368,0.176470588
2023-01-21,202310010312,2019106086,12,ニホンピロポート,0,17,Class1,小倉,245.000000000,9,2023,l2_logistic_c0.1,0.083629890,0.176470588
2023-01-21,202310010312,2017100643,13,ヨンウォニ,0,17,Class1,小倉,6.000000000,18,2023,l2_logistic_c0.1,0.059903602,0.176470588
2023-01-21,202310010312,2018102585,14,ロードラスター,1,17,Class1,小倉,63.000000000,20,2023,l2_logistic_c0.1,0.186145952,0.176470588
2023-01-21,202310010312,2019103143,15,アスクチャンプガイ,0,17,Class1,小倉,98.000000000,4,2023,l2_logistic_c0.1,0.056753161,0.176470588
2023-01-21,202310010312,2019106596,16,バトルシャイニング,1,17,Class1,小倉,6.000000000,9,2023,l2_logistic_c0.1,0.148651022,0.176470588
2023-01-21,202310010312,2019100667,17,アランヴェリテ,0,17,Class1,小倉,69.000000000,16,2023,l2_logistic_c0.1,0.201303208,0.176470588
2023-01-22,202310010402,2020106971,1,ニジノテンシ,0,18,Maiden,小倉,92.000000000,3,2023,l2_logistic_c0.1,0.049426111,0.166666667
2023-01-22,202310010402,2020103607,2,ウインターズテイル,0,18,Maiden,小倉,64.000000000,3,2023,l2_logistic_c0.1,0.111842687,0.166666667
2023-01-22,202310010402,2020102294,3,スイープラン,1,18,Maiden,小倉,25.000000000,4,2023,l2_logistic_c0.1,0.242433132,0.166666667
2023-01-22,202310010402,2020101802,4,コズミックコール,0,18,Maiden,小倉,78.000000000,3,2023,l2_logistic_c0.1,0.121494055,0.166666667
2023-01-22,202310010402,2020104545,7,スマートメイプル,0,18,Maiden,小倉,15.000000000,3,2023,l2_logistic_c0.1,0.276465572,0.166666667
2023-01-22,202310010402,2020102840,8,ブーバー,0,18,Maiden,小倉,64.000000000,3,2023,l2_logistic_c0.1,0.184878426,0.166666667
2023-01-22,202310010402,2020104087,9,グランツベリー,0,18,Maiden,小倉,92.000000000,3,2023,l2_logistic_c0.1,0.173828947,0.166666667
2023-01-22,202310010402,2020103969,10,ヨウシタンレイ,0,18,Maiden,小倉,78.000000000,4,2023,l2_logistic_c0.1,0.150686260,0.166666667
2023-01-22,202310010402,2020100504,13,ミレディ,1,18,Maiden,小倉,98.000000000,3,2023,l2_logistic_c0.1,0.051755104,0.166666667
2023-01-22,202310010402,2020100210,14,ワタシハマジョ,0,18,Maiden,小倉,71.000000000,5,2023,l2_logistic_c0.1,0.029055988,0.166666667
2023-01-22,202310010402,2020103094,17,バロックダンス,0,18,Maiden,小倉,84.000000000,4,2023,l2_logistic_c0.1,0.331521442,0.166666667
2023-01-22,202310010402,2020101763,18,トーホウフランゴ,1,18,Maiden,小倉,25.000000000,3,2023,l2_logistic_c0.1,0.135134398,0.166666667
2023-01-22,202310010406,2020106395,1,エイユーマックス,0,18,Maiden,小倉,77.000000000,3,2023,l2_logistic_c0.1,0.172827318,0.166666667
2023-01-22,202310010406,2020104175,3,カシノインディード,0,18,Maiden,小倉,36.000000000,4,2023,l2_logistic_c0.1,0.241170141,0.166666667
2023-01-22,202310010406,2020104758,7,ゴコウサス,0,18,Maiden,小倉,189.000000000,3,2023,l2_logistic_c0.1,0.353830409,0.166666667
2023-01-22,202310010406,2020100329,8,テセラフィリア,0,18,Maiden,小倉,43.000000000,3,2023,l2_logistic_c0.1,0.030875932,0.166666667
2023-01-22,202310010406,2020106055,9,アナザームーン,0,18,Maiden,小倉,77.000000000,4,2023,l2_logistic_c0.1,0.107038743,0.166666667
2023-01-22,202310010406,2020106149,12,アスキーアート,1,18,Maiden,小倉,56.000000000,4,2023,l2_logistic_c0.1,0.066136166,0.166666667
2023-01-22,202310010406,2020100441,13,ハナサキポプラ,0,18,Maiden,小倉,36.000000000,7,2023,l2_logistic_c0.1,0.119703134,0.166666667
2023-01-22,202310010406,2020103775,14,サトノラピス,0,18,Maiden,小倉,106.000000000,3,2023,l2_logistic_c0.1,0.076806643,0.166666667
2023-01-22,202310010406,2020106537,15,ウィルオブラガー,0,18,Maiden,小倉,8.000000000,5,2023,l2_logistic_c0.1,0.263777614,0.166666667
2023-01-22,202310010406,2020101492,17,シンリンゲンカイ,0,18,Maiden,小倉,64.000000000,4,2023,l2_logistic_c0.1,0.309983644,0.166666667
2023-01-22,202310010409,2019101032,1,ユキヤナギ,0,12,Class1,小倉,49.000000000,15,2023,l2_logistic_c0.1,0.111824418,0.250000000
2023-01-22,202310010409,2019105241,2,ビップシュプリーム,1,12,Class1,小倉,8.000000000,5,2023,l2_logistic_c0.1,0.426685793,0.250000000
2023-01-22,202310010409,2018106601,3,テセウス,0,12,Class1,小倉,63.000000000,26,2023,l2_logistic_c0.1,0.250487229,0.250000000
2023-01-22,202310010409,2018102069,4,ラナキラ,0,12,Class1,小倉,85.000000000,8,2023,l2_logistic_c0.1,0.371245642,0.250000000
2023-01-22,202310010409,2017101991,5,テンジュイン,0,12,Class1,小倉,63.000000000,28,2023,l2_logistic_c0.1,0.330960101,0.250000000
2023-01-22,202310010409,2019104995,6,ショウナンナウシカ,0,12,Class1,小倉,71.000000000,16,2023,l2_logistic_c0.1,0.101100650,0.250000000
2023-01-22,202310010409,2019102009,7,クランシリーニー,0,12,Class1,小倉,70.000000000,9,2023,l2_logistic_c0.1,0.174287698,0.250000000
2023-01-22,202310010409,2019106682,8,ロックユアハート,0,12,Class1,小倉,14.000000000,5,2023,l2_logistic_c0.1,0.289837708,0.250000000
2023-01-22,202310010409,2019102456,9,ナバロン,0,12,Class1,小倉,15.000000000,15,2023,l2_logistic_c0.1,0.353594047,0.250000000
2023-01-22,202310010409,2019101262,10,ショウナンアメリア,0,12,Class1,小倉,49.000000000,10,2023,l2_logistic_c0.1,0.254413587,0.250000000
2023-01-22,202310010409,2019100292,11,ダレモトメラレナイ,1,12,Class1,小倉,7.000000000,9,2023,l2_logistic_c0.1,0.531234667,0.250000000
2023-01-22,202310010409,2019101031,12,サミュエル,1,12,Class1,小倉,7.000000000,7,2023,l2_logistic_c0.1,0.221821198,0.250000000
2023-01-28,202310010502,2020101966,1,ダイシンベスパ,0,16,Maiden,小倉,62.000000000,3,2023,l2_logistic_c0.1,0.166985914,0.187500000
2023-01-28,202310010502,2020100120,2,レジーナルージュ,0,16,Maiden,小倉,35.000000000,4,2023,l2_logistic_c0.1,0.078189117,0.187500000
2023-01-28,202310010502,2020102257,6,モズメルベイユ,0,16,Maiden,小倉,19.000000000,3,2023,l2_logistic_c0.1,0.201698933,0.187500000
2023-01-28,202310010502,2020105787,9,アントルメグラッセ,0,16,Maiden,小倉,48.000000000,5,2023,l2_logistic_c0.1,0.149482789,0.187500000
2023-01-28,202310010502,2020106121,10,カッテミル,0,16,Maiden,小倉,14.000000000,6,2023,l2_logistic_c0.1,0.407160653,0.187500000
2023-01-28,202310010502,2020104741,11,オリビアミノル,0,16,Maiden,小倉,19.000000000,5,2023,l2_logistic_c0.1,0.213291171,0.187500000
2023-01-28,202310010502,2020103962,13,ステークホルダー,1,16,Maiden,小倉,13.000000000,4,2023,l2_logistic_c0.1,0.599355325,0.187500000
2023-01-28,202310010502,2020101124,15,ビービータンバム,0,16,Maiden,小倉,125.000000000,4,2023,l2_logistic_c0.1,0.070871345,0.187500000
2023-01-28,202310010502,2020102468,16,トーセンサウダージ,0,16,Maiden,小倉,13.000000000,9,2023,l2_logistic_c0.1,0.279306240,0.187500000
2023-01-28,202310010511,2018106455,1,メイショウハボタン,1,18,Class2,小倉,41.000000000,26,2023,l2_logistic_c0.1,0.244246851,0.166666667
2023-01-28,202310010511,2018104534,2,アスクキングコング,0,18,Class2,小倉,119.000000000,18,2023,l2_logistic_c0.1,0.268934864,0.166666667
2023-01-28,202310010511,2017101919,3,コスモカッティーボ,0,18,Class2,小倉,13.000000000,32,2023,l2_logistic_c0.1,0.049867175,0.166666667
2023-01-28,202310010511,2017102940,4,ワンダーカタリナ,0,18,Class2,小倉,20.000000000,18,2023,l2_logistic_c0.1,0.245108154,0.166666667
2023-01-28,202310010511,2019109094,5,ブッシュガーデン,0,18,Class2,小倉,20.000000000,13,2023,l2_logistic_c0.1,0.472383959,0.166666667
2023-01-28,202310010511,2019109140,6,ヒノクニ,0,18,Class2,小倉,13.000000000,16,2023,l2_logistic_c0.1,0.166127233,0.166666667
2023-01-28,202310010511,2019104108,7,エナジーグラン,1,18,Class2,小倉,69.000000000,11,2023,l2_logistic_c0.1,0.337308256,0.166666667
2023-01-28,202310010511,2019104386,8,トーセンサンダー,0,18,Class2,小倉,13.000000000,9,2023,l2_logistic_c0.1,0.386571129,0.166666667
2023-01-28,202310010511,2017100416,9,リーゼントフラム,0,18,Class2,小倉,20.000000000,9,2023,l2_logistic_c0.1,0.192339965,0.166666667
2023-01-28,202310010511,2018102491,10,メイショウエニシア,0,18,Class2,小倉,41.000000000,21,2023,l2_logistic_c0.1,0.087291987,0.166666667
2023-01-28,202310010511,2018100808,11,アラモードバイオ,0,18,Class2,小倉,154.000000000,20,2023,l2_logistic_c0.1,0.194986090,0.166666667
2023-01-28,202310010511,2018104239,12,クープドクール,0,18,Class2,小倉,49.000000000,18,2023,l2_logistic_c0.1,0.073407217,0.166666667
2023-01-28,202310010511,2018101964,13,アルムファーツリー,1,18,Class2,小倉,49.000000000,26,2023,l2_logistic_c0.1,0.121276610,0.166666667
2023-01-28,202310010511,2019100214,14,ウインモナーク,0,18,Class2,小倉,13.000000000,8,2023,l2_logistic_c0.1,0.569982689,0.166666667
2023-01-28,202310010511,2018103296,15,サニーオーシャン,0,18,Class2,小倉,13.000000000,20,2023,l2_logistic_c0.1,0.055092913,0.166666667
2023-01-28,202310010511,2019103562,16,ダテボレアス,0,18,Class2,小倉,77.000000000,10,2023,l2_logistic_c0.1,0.239255907,0.166666667
2023-01-28,202310010511,2019102856,17,トーホウラビアン,0,18,Class2,小倉,77.000000000,13,2023,l2_logistic_c0.1,0.174188530,0.166666667
2023-01-28,202310010511,2018106391,18,メイショウイジゲン,0,18,Class2,小倉,20.000000000,18,2023,l2_logistic_c0.1,0.095955607,0.166666667
2023-01-28,202310010512,2019105493,1,トーホウデュラン,0,18,Class1,小倉,49.000000000,9,2023,l2_logistic_c0.1,0.235922365,0.166666667
2023-01-28,202310010512,2017101991,2,テンジュイン,0,18,Class1,小倉,6.000000000,29,2023,l2_logistic_c0.1,0.195684473,0.166666667
2023-01-28,202310010512,2017104895,4,ダノンカオス,1,18,Class1,小倉,21.000000000,15,2023,l2_logistic_c0.1,0.125860271,0.166666667
2023-01-28,202310010512,2019105412,5,プリモカリーナ,0,18,Class1,小倉,70.000000000,6,2023,l2_logistic_c0.1,0.352828176,0.166666667
2023-01-28,202310010512,2019104493,6,メリトクラシー,0,18,Class1,小倉,98.000000000,4,2023,l2_logistic_c0.1,0.024356400,0.166666667
2023-01-28,202310010512,2018100773,7,ユナイテッドハーツ,0,18,Class1,小倉,14.000000000,13,2023,l2_logistic_c0.1,0.116194598,0.166666667
2023-01-28,202310010512,2019103814,8,スカイトレイル,0,18,Class1,小倉,77.000000000,13,2023,l2_logistic_c0.1,0.045291918,0.166666667
2023-01-28,202310010512,2018100618,9,トーホウジュナール,1,18,Class1,小倉,70.000000000,15,2023,l2_logistic_c0.1,0.128836301,0.166666667
2023-01-28,202310010512,2017103023,10,スウィートメリナ,0,18,Class1,小倉,55.000000000,22,2023,l2_logistic_c0.1,0.029576833,0.166666667
2023-01-28,202310010512,2018106200,11,メイショウヒゾッコ,0,18,Class1,小倉,14.000000000,18,2023,l2_logistic_c0.1,0.056749761,0.166666667
2023-01-28,202310010512,2019101262,12,ショウナンアメリア,1,18,Class1,小倉,6.000000000,11,2023,l2_logistic_c0.1,0.168530205,0.166666667
2023-01-28,202310010512,2019104824,13,タイニープライド,0,18,Class1,小倉,84.000000000,9,2023,l2_logistic_c0.1,0.142170772,0.166666667
2023-01-28,202310010512,2018106366,14,センドハーマイラブ,0,18,Class1,小倉,55.000000000,10,2023,l2_logistic_c0.1,0.125794360,0.166666667
2023-01-28,202310010512,2019100666,15,イラーレ,0,18,Class1,小倉,14.000000000,16,2023,l2_logistic_c0.1,0.468252464,0.166666667
2023-01-28,202310010512,2018105201,16,デイトンウェイ,0,18,Class1,小倉,70.000000000,9,2023,l2_logistic_c0.1,0.069949944,0.166666667
2023-01-28,202310010512,2019105130,17,プラソン,0,18,Class1,小倉,63.000000000,17,2023,l2_logistic_c0.1,0.080241012,0.166666667
2023-01-28,202310010512,2017104849,18,ラッシュアップ,0,18,Class1,小倉,13.000000000,20,2023,l2_logistic_c0.1,0.109361298,0.166666667
2023-01-29,202307011011,2017105541,1,シャインガーネット,0,15,Open,中京,56.000000000,16,2023,l2_logistic_c0.1,0.197423888,0.200000000
2023-01-29,202307011011,2019103753,2,ナムラクレア,1,15,Open,中京,119.000000000,10,2023,l2_logistic_c0.1,0.536077877,0.200000000
2023-01-29,202307011011,2016104787,3,グルーヴィット,0,15,Open,中京,43.000000000,20,2023,l2_logistic_c0.1,0.229450516,0.200000000
2023-01-29,202307011011,2016103143,4,エイティーンガール,0,15,Open,中京,63.000000000,29,2023,l2_logistic_c0.1,0.140251358,0.200000000
2023-01-29,202307011011,2018100032,5,シゲルピンクルビー,0,15,Open,中京,154.000000000,12,2023,l2_logistic_c0.1,0.175204577,0.200000000
2023-01-29,202307011011,2018104029,6,レイハリア,0,15,Open,中京,43.000000000,13,2023,l2_logistic_c0.1,0.090738518,0.200000000
2023-01-29,202307011011,2016110152,7,マリアズハート,0,15,Open,中京,63.000000000,23,2023,l2_logistic_c0.1,0.203583454,0.200000000
2023-01-29,202307011011,2019110020,8,マッドクール,1,15,Open,中京,49.000000000,6,2023,l2_logistic_c0.1,0.515421333,0.200000000
2023-01-29,202307011011,2016102197,9,ファストフォース,1,15,Open,中京,43.000000000,23,2023,l2_logistic_c0.1,0.214236288,0.200000000
2023-01-29,202307011011,2016103415,10,ショウナンバニラ,0,15,Open,中京,20.000000000,36,2023,l2_logistic_c0.1,0.092078666,0.200000000
2023-01-29,202307011011,2019103422,11,テイエムスパーダ,0,15,Open,中京,63.000000000,10,2023,l2_logistic_c0.1,0.246542748,0.200000000
2023-01-29,202307011011,2015105850,12,カイザーメランジェ,0,15,Open,中京,15.000000000,39,2023,l2_logistic_c0.1,0.045066979,0.200000000
2023-01-29,202307011011,2015101028,13,キルロード,0,15,Open,中京,63.000000000,27,2023,l2_logistic_c0.1,0.393173309,0.200000000
2023-01-29,202307011011,2019100213,14,ウインマーベル,0,15,Open,中京,119.000000000,13,2023,l2_logistic_c0.1,0.585845394,0.200000000
2023-01-29,202307011011,2019106526,15,トウシンマカオ,0,15,Open,中京,63.000000000,9,2023,l2_logistic_c0.1,0.403667171,0.200000000
2023-01-29,202310010602,2020105031,3,シュハリ,0,18,Maiden,小倉,15.000000000,6,2023,l2_logistic_c0.1,0.056664412,0.166666667
2023-01-29,202310010602,2020100347,4,クリノリアルレディ,0,18,Maiden,小倉,24.000000000,8,2023,l2_logistic_c0.1,0.026518411,0.166666667
2023-01-29,202310010602,2020100312,7,リュウノステルス,0,18,Maiden,小倉,71.000000000,4,2023,l2_logistic_c0.1,0.045166021,0.166666667
2023-01-29,202310010602,2020109067,10,リサリサ,1,18,Maiden,小倉,113.000000000,3,2023,l2_logistic_c0.1,0.189248773,0.166666667
2023-01-29,202310010602,2020105757,12,グスタール,1,18,Maiden,小倉,15.000000000,6,2023,l2_logistic_c0.1,0.325387555,0.166666667
2023-01-29,202310010602,2020104349,13,キースケデシュ,0,18,Maiden,小倉,15.000000000,6,2023,l2_logistic_c0.1,0.138289237,0.166666667
2023-01-29,202310010602,2020106263,15,ピンポンマム,0,18,Maiden,小倉,14.000000000,3,2023,l2_logistic_c0.1,0.280323411,0.166666667
2023-01-29,202310010602,2020103588,17,マテンロウナイト,0,18,Maiden,小倉,32.000000000,3,2023,l2_logistic_c0.1,0.084091518,0.166666667
2023-01-29,202310010608,2017103309,1,ホウオウエンジェル,1,14,Class1,小倉,8.000000000,20,2023,l2_logistic_c0.1,0.380296760,0.214285714
2023-01-29,202310010608,2018110123,2,オリンピックデイ,0,14,Class1,小倉,85.000000000,11,2023,l2_logistic_c0.1,0.469846935,0.214285714
2023-01-29,202310010608,2019110067,3,マスキエッタ,0,14,Class1,小倉,15.000000000,4,2023,l2_logistic_c0.1,0.224949115,0.214285714
2023-01-29,202310010608,2016102111,4,ファタリテ,0,14,Class1,小倉,14.000000000,32,2023,l2_logistic_c0.1,0.094801883,0.214285714
2023-01-29,202310010608,2018104330,5,ランスオブミューズ,0,14,Class1,小倉,71.000000000,10,2023,l2_logistic_c0.1,0.122416517,0.214285714
2023-01-29,202310010608,2017103973,6,タツオウカケンラン,0,14,Class1,小倉,71.000000000,23,2023,l2_logistic_c0.1,0.058338822,0.214285714
2023-01-29,202310010608,2018106443,7,クレイジーリッチ,0,14,Class1,小倉,92.000000000,21,2023,l2_logistic_c0.1,0.061270557,0.214285714
2023-01-29,202310010608,2018106601,8,テセウス,0,14,Class1,小倉,7.000000000,27,2023,l2_logistic_c0.1,0.197065157,0.214285714
2023-01-29,202310010608,2017100169,9,ソルトキャピタル,0,14,Class1,小倉,22.000000000,29,2023,l2_logistic_c0.1,0.173540040,0.214285714
2023-01-29,202310010608,2019100643,11,エクロール,0,14,Class1,小倉,84.000000000,13,2023,l2_logistic_c0.1,0.146866349,0.214285714
2023-01-29,202310010608,2019104002,12,タイキバンディエラ,0,14,Class1,小倉,78.000000000,7,2023,l2_logistic_c0.1,0.178409704,0.214285714
2023-01-29,202310010608,2019106194,13,コーリングユー,1,14,Class1,小倉,147.000000000,6,2023,l2_logistic_c0.1,0.342320180,0.214285714
2023-01-29,202310010608,2018105965,14,エイシンディアデム,0,14,Class1,小倉,14.000000000,9,2023,l2_logistic_c0.1,0.089950750,0.214285714
2023-01-29,202310010608,2019103360,15,ジョーブリッランテ,1,14,Class1,小倉,70.000000000,15,2023,l2_logistic_c0.1,0.082493529,0.214285714
2023-01-29,202310010611,2017106264,1,ビアイ,0,18,Class3,小倉,113.000000000,38,2023,l2_logistic_c0.1,0.112597299,0.166666667
2023-01-29,202310010611,2018104936,2,ジャカランダレーン,0,18,Class3,小倉,56.000000000,13,2023,l2_logistic_c0.1,0.158794992,0.166666667
2023-01-29,202310010611,2019101903,3,ブレスレスリー,0,18,Class3,小倉,84.000000000,11,2023,l2_logistic_c0.1,0.404773906,0.166666667
2023-01-29,202310010611,2017110041,4,サトノジヴェルニー,0,18,Class3,小倉,71.000000000,24,2023,l2_logistic_c0.1,0.108527936,0.166666667
2023-01-29,202310010611,2017103895,5,テーオーマルクス,0,18,Class3,小倉,49.000000000,26,2023,l2_logistic_c0.1,0.043434487,0.166666667
2023-01-29,202310010611,2018103084,6,カバーガール,0,18,Class3,小倉,21.000000000,25,2023,l2_logistic_c0.1,0.106303752,0.166666667
2023-01-29,202310010611,2017101248,7,コスモアンジュ,0,18,Class3,小倉,56.000000000,27,2023,l2_logistic_c0.1,0.105184866,0.166666667
2023-01-29,202310010611,2019102576,8,クリノマジン,1,18,Class3,小倉,32.000000000,12,2023,l2_logistic_c0.1,0.317053406,0.166666667
2023-01-29,202310010611,2019106184,9,カフジテトラゴン,0,18,Class3,小倉,32.000000000,14,2023,l2_logistic_c0.1,0.388297913,0.166666667
2023-01-29,202310010611,2018106389,10,メイショウツツジ,0,18,Class3,小倉,32.000000000,18,2023,l2_logistic_c0.1,0.112832304,0.166666667
2023-01-29,202310010611,2017104138,11,グランレイ,1,18,Class3,小倉,113.000000000,22,2023,l2_logistic_c0.1,0.206257287,0.166666667
2023-01-29,202310010611,2019102522,12,ドグマ,0,18,Class3,小倉,21.000000000,10,2023,l2_logistic_c0.1,0.372905292,0.166666667
2023-01-29,202310010611,2018104949,13,フォイアーロート,0,18,Class3,小倉,32.000000000,22,2023,l2_logistic_c0.1,0.102504643,0.166666667
2023-01-29,202310010611,2018105223,14,モンファボリ,0,18,Class3,小倉,32.000000000,21,2023,l2_logistic_c0.1,0.161832156,0.166666667
2023-01-29,202310010611,2016101153,15,ダノンシティ,0,18,Class3,小倉,71.000000000,32,2023,l2_logistic_c0.1,0.061502823,0.166666667
2023-01-29,202310010611,2017104067,16,タマモティータイム,0,18,Class3,小倉,71.000000000,20,2023,l2_logistic_c0.1,0.130108777,0.166666667
2023-01-29,202310010611,2018100652,17,ファイアダンサー,0,18,Class3,小倉,56.000000000,20,2023,l2_logistic_c0.1,0.234604637,0.166666667
2023-01-29,202310010611,2018101452,18,スンリ,1,18,Class3,小倉,49.000000000,23,2023,l2_logistic_c0.1,0.213776600,0.166666667
2023-02-04,202310010709,2020101217,1,アスクドリームモア,1,13,Class1,小倉,28.000000000,5,2023,l2_logistic_c0.1,0.284829540,0.230769231
2023-02-04,202310010709,2020103267,3,アトモストリミッツ,0,13,Class1,小倉,38.000000000,3,2023,l2_logistic_c0.1,0.396031823,0.230769231
2023-02-04,202310010709,2020102132,4,トレンディスター,1,13,Class1,小倉,49.000000000,3,2023,l2_logistic_c0.1,0.512608949,0.230769231
2023-02-04,202310010709,2020103284,5,トールキン,1,13,Class1,小倉,56.000000000,4,2023,l2_logistic_c0.1,0.352849986,0.230769231
2023-02-04,202310010709,2020101262,6,エコロレジーナ,0,13,Class1,小倉,27.000000000,4,2023,l2_logistic_c0.1,0.403982540,0.230769231
2023-02-04,202310010709,2020102049,8,ハウピア,0,13,Class1,小倉,55.000000000,3,2023,l2_logistic_c0.1,0.278373755,0.230769231
2023-02-04,202310010709,2020109134,9,セロンテソーロ,0,13,Class1,小倉,161.000000000,3,2023,l2_logistic_c0.1,0.132514054,0.230769231
2023-02-04,202310010709,2020106343,10,ユカリプレリュード,0,13,Class1,小倉,20.000000000,3,2023,l2_logistic_c0.1,0.517083382,0.230769231
2023-02-04,202310010709,2020100909,11,ジューンオレンジ,0,13,Class1,小倉,21.000000000,4,2023,l2_logistic_c0.1,0.421257034,0.230769231
2023-02-04,202310010709,2020103962,12,ステークホルダー,0,13,Class1,小倉,7.000000000,5,2023,l2_logistic_c0.1,0.661282710,0.230769231
2023-02-04,202310010709,2020106737,13,メイショウコギク,0,13,Class1,小倉,56.000000000,5,2023,l2_logistic_c0.1,0.298040193,0.230769231
2023-02-04,202310010712,2019104078,1,メイショウグラニー,1,18,Class1,小倉,21.000000000,9,2023,l2_logistic_c0.1,0.318853392,0.166666667
2023-02-04,202310010712,2019104356,2,ディオアステリア,1,18,Class1,小倉,14.000000000,14,2023,l2_logistic_c0.1,0.360783124,0.166666667
2023-02-04,202310010712,2019102240,3,マメコ,0,18,Class1,小倉,76.000000000,7,2023,l2_logistic_c0.1,0.398463876,0.166666667
2023-02-04,202310010712,2018104762,4,キャニオニング,0,18,Class1,小倉,84.000000000,16,2023,l2_logistic_c0.1,0.141895299,0.166666667
2023-02-04,202310010712,2018102669,5,スズノナデシコ,1,18,Class1,小倉,55.000000000,15,2023,l2_logistic_c0.1,0.177800112,0.166666667
2023-02-04,202310010712,2019105105,6,ヴィルチュオーズ,0,18,Class1,小倉,49.000000000,6,2023,l2_logistic_c0.1,0.043372640,0.166666667
2023-02-04,202310010712,2019106510,7,ユキノエリザベス,0,18,Class1,小倉,90.000000000,8,2023,l2_logistic_c0.1,0.088980495,0.166666667
2023-02-04,202310010712,2019101743,8,タムロキュラムン,0,18,Class1,小倉,21.000000000,11,2023,l2_logistic_c0.1,0.142731533,0.166666667
2023-02-04,202310010712,2019102062,9,ハルカナネガイ,0,18,Class1,小倉,154.000000000,9,2023,l2_logistic_c0.1,0.182911874,0.166666667
2023-02-04,202310010712,2018105444,10,レインボークラウド,0,18,Class1,小倉,56.000000000,11,2023,l2_logistic_c0.1,0.076393693,0.166666667
2023-02-04,202310010712,2019104549,11,テンメジャーガール,0,18,Class1,小倉,55.000000000,10,2023,l2_logistic_c0.1,0.195360351,0.166666667
2023-02-04,202310010712,2019104943,12,コルカノン,0,18,Class1,小倉,56.000000000,7,2023,l2_logistic_c0.1,0.129748787,0.166666667
2023-02-04,202310010712,2019100593,13,フラッシュアーク,0,18,Class1,小倉,90.000000000,10,2023,l2_logistic_c0.1,0.204119122,0.166666667
2023-02-04,202310010712,2019106028,14,ピースキーパー,0,18,Class1,小倉,63.000000000,14,2023,l2_logistic_c0.1,0.160639517,0.166666667
2023-02-04,202310010712,2019100772,15,ポルタフォルトゥナ,0,18,Class1,小倉,21.000000000,10,2023,l2_logistic_c0.1,0.326217502,0.166666667
2023-02-04,202310010712,2018104745,16,シゲルオテンバ,0,18,Class1,小倉,76.000000000,15,2023,l2_logistic_c0.1,0.119562177,0.166666667
2023-02-04,202310010712,2017105132,17,パラティーノヒル,0,18,Class1,小倉,84.000000000,32,2023,l2_logistic_c0.1,0.027683216,0.166666667
2023-02-04,202310010712,2018102069,18,ラナキラ,0,18,Class1,小倉,13.000000000,9,2023,l2_logistic_c0.1,0.231012626,0.166666667
2023-02-05,202307011212,2017102178,1,メルテッドハニー,0,11,Class2,中京,14.000000000,42,2023,l2_logistic_c0.1,0.110108363,0.272727273
2023-02-05,202307011212,2017100416,2,リーゼントフラム,1,11,Class2,中京,8.000000000,10,2023,l2_logistic_c0.1,0.232514965,0.272727273
2023-02-05,202307011212,2018109052,3,エコロデイジー,1,11,Class2,中京,21.000000000,13,2023,l2_logistic_c0.1,0.278637682,0.272727273
2023-02-05,202307011212,2018102551,4,エスジープリンセス,0,11,Class2,中京,99.000000000,14,2023,l2_logistic_c0.1,0.151724715,0.272727273
2023-02-05,202307011212,2018101573,5,セイレーン,0,11,Class2,中京,28.000000000,15,2023,l2_logistic_c0.1,0.162575656,0.272727273
2023-02-05,202307011212,2015102013,6,クリノカサット,0,11,Class2,中京,14.000000000,48,2023,l2_logistic_c0.1,0.024047162,0.272727273
2023-02-05,202307011212,2019101917,7,エテルナメンテ,0,11,Class2,中京,21.000000000,10,2023,l2_logistic_c0.1,0.307762113,0.272727273
2023-02-05,202307011212,2018106305,8,テーオーディエス,0,11,Class2,中京,28.000000000,21,2023,l2_logistic_c0.1,0.086304601,0.272727273
2023-02-05,202307011212,2017102095,9,セルレア,0,11,Class2,中京,21.000000000,22,2023,l2_logistic_c0.1,0.158933517,0.272727273
2023-02-05,202307011212,2019100210,10,ウインバグース,1,11,Class2,中京,21.000000000,12,2023,l2_logistic_c0.1,0.551709639,0.272727273
2023-02-05,202307011212,2016102801,11,ロングファイナリー,0,11,Class2,中京,63.000000000,28,2023,l2_logistic_c0.1,0.069622584,0.272727273
2023-02-05,202310010806,2020104987,1,サンライズサラー,0,18,Maiden,小倉,22.000000000,7,2023,l2_logistic_c0.1,0.508294573,0.166666667
2023-02-05,202310010806,2020106149,2,アスキーアート,0,18,Maiden,小倉,14.000000000,5,2023,l2_logistic_c0.1,0.154858975,0.166666667
2023-02-05,202310010806,2020105310,3,イースターエッグ,0,18,Maiden,小倉,22.000000000,7,2023,l2_logistic_c0.1,0.374785884,0.166666667
2023-02-05,202310010806,2020102377,7,サンタアナテソーロ,0,18,Maiden,小倉,21.000000000,4,2023,l2_logistic_c0.1,0.368536102,0.166666667
2023-02-05,202310010806,2020102488,8,トーセンエスクード,1,18,Maiden,小倉,22.000000000,3,2023,l2_logistic_c0.1,0.561828920,0.166666667
2023-02-05,202310010806,2020100372,9,ハイネス,0,18,Maiden,小倉,22.000000000,3,2023,l2_logistic_c0.1,0.126440106,0.166666667
2023-02-05,202310010806,2020103870,11,ウィズアットダンス,0,18,Maiden,小倉,78.000000000,3,2023,l2_logistic_c0.1,0.102931799,0.166666667
2023-02-05,202310010806,2020104175,14,カシノインディード,0,18,Maiden,小倉,14.000000000,5,2023,l2_logistic_c0.1,0.241816471,0.166666667
2023-02-05,202310010806,2020100210,17,ワタシハマジョ,0,18,Maiden,小倉,14.000000000,6,2023,l2_logistic_c0.1,0.040983069,0.166666667
2023-02-05,202310010809,2018101951,1,タガノスペルノヴァ,1,18,Class1,小倉,21.000000000,15,2023,l2_logistic_c0.1,0.126956677,0.166666667
2023-02-05,202310010809,2017104453,2,マイネルチューダ,0,18,Class1,小倉,50.000000000,32,2023,l2_logistic_c0.1,0.146907119,0.166666667
2023-02-05,202310010809,2016100930,3,パルフェアンジュ,0,18,Class1,小倉,28.000000000,21,2023,l2_logistic_c0.1,0.035648901,0.166666667
2023-02-05,202310010809,2019106589,4,タマモテラコッタ,0,18,Class1,小倉,14.000000000,11,2023,l2_logistic_c0.1,0.194185584,0.166666667
2023-02-05,202310010809,2019103360,5,ジョーブリッランテ,0,18,Class1,小倉,7.000000000,16,2023,l2_logistic_c0.1,0.187201609,0.166666667
2023-02-05,202310010809,2019101005,6,タイセイブリリオ,1,18,Class1,小倉,126.000000000,11,2023,l2_logistic_c0.1,0.252368820,0.166666667
2023-02-05,202310010809,2019104930,7,スクリーンショット,0,18,Class1,小倉,29.000000000,14,2023,l2_logistic_c0.1,0.202034492,0.166666667
2023-02-05,202310010809,2019105297,8,ニューノーマル,0,18,Class1,小倉,42.000000000,9,2023,l2_logistic_c0.1,0.078148219,0.166666667
2023-02-05,202310010809,2019104995,9,ショウナンナウシカ,0,18,Class1,小倉,14.000000000,17,2023,l2_logistic_c0.1,0.100747905,0.166666667
2023-02-05,202310010809,2019105526,10,ミッキーチャレンジ,0,18,Class1,小倉,15.000000000,8,2023,l2_logistic_c0.1,0.502779701,0.166666667
2023-02-05,202310010809,2019105241,11,ビップシュプリーム,0,18,Class1,小倉,14.000000000,6,2023,l2_logistic_c0.1,0.373545885,0.166666667
2023-02-05,202310010809,2019107016,12,ウナギノボリ,0,18,Class1,小倉,78.000000000,16,2023,l2_logistic_c0.1,0.149356667,0.166666667
2023-02-05,202310010809,2019100604,13,ヤマニンアンフィル,1,18,Class1,小倉,22.000000000,7,2023,l2_logistic_c0.1,0.251047941,0.166666667
2023-02-05,202310010809,2017104724,14,エヴァジョーネ,0,18,Class1,小倉,21.000000000,15,2023,l2_logistic_c0.1,0.070248206,0.166666667
2023-02-05,202310010809,2019104361,15,テーオースパロー,0,18,Class1,小倉,77.000000000,13,2023,l2_logistic_c0.1,0.135007481,0.166666667
2023-02-05,202310010809,2019100910,16,ゼンノテンバ,0,18,Class1,小倉,21.000000000,9,2023,l2_logistic_c0.1,0.234201851,0.166666667
2023-02-05,202310010809,2018105518,17,ダブルスナッチ,0,18,Class1,小倉,15.000000000,9,2023,l2_logistic_c0.1,0.217583863,0.166666667
2023-02-05,202310010809,2019103193,18,トリップトゥムーン,0,18,Class1,小倉,92.000000000,13,2023,l2_logistic_c0.1,0.273879333,0.166666667
2023-02-11,202310020106,2020100167,1,ケサランパサラン,0,18,Maiden,小倉,28.000000000,4,2023,l2_logistic_c0.1,0.132861158,0.166666667
2023-02-11,202310020106,2020105757,2,グスタール,0,18,Maiden,小倉,13.000000000,7,2023,l2_logistic_c0.1,0.430612630,0.166666667
2023-02-11,202310020106,2020102328,4,メーテルコート,0,18,Maiden,小倉,28.000000000,6,2023,l2_logistic_c0.1,0.255798642,0.166666667
2023-02-11,202310020106,2020102074,5,スクリプタム,0,18,Maiden,小倉,27.000000000,3,2023,l2_logistic_c0.1,0.049877077,0.166666667
2023-02-11,202310020106,2020104349,6,キースケデシュ,0,18,Maiden,小倉,13.000000000,7,2023,l2_logistic_c0.1,0.149750592,0.166666667
2023-02-11,202310020106,2020101700,9,テイエムクリエイト,0,18,Maiden,小倉,27.000000000,4,2023,l2_logistic_c0.1,0.120393600,0.166666667
2023-02-11,202310020106,2020100605,10,マーレイン,0,18,Maiden,小倉,45.000000000,3,2023,l2_logistic_c0.1,0.091650198,0.166666667
2023-02-11,202310020106,2020101372,11,クリノエンジェル,0,18,Maiden,小倉,33.000000000,3,2023,l2_logistic_c0.1,0.090975829,0.166666667
2023-02-11,202310020106,2020103159,13,クリノアグレッシブ,0,18,Maiden,小倉,112.000000000,5,2023,l2_logistic_c0.1,0.109380837,0.166666667
2023-02-11,202310020106,2020104758,14,ゴコウサス,1,18,Maiden,小倉,20.000000000,4,2023,l2_logistic_c0.1,0.378574774,0.166666667
2023-02-11,202310020106,2020101966,15,ダイシンベスパ,0,18,Maiden,小倉,14.000000000,4,2023,l2_logistic_c0.1,0.116810609,0.166666667
2023-02-11,202310020106,2020104613,16,タツダイヤモンド,1,18,Maiden,小倉,20.000000000,3,2023,l2_logistic_c0.1,0.307228555,0.166666667
2023-02-11,202310020106,2020103949,17,シャコンヌ,0,18,Maiden,小倉,91.000000000,6,2023,l2_logistic_c0.1,0.050257938,0.166666667
2023-02-11,202310020106,2020106484,18,ミルレーヴ,0,18,Maiden,小倉,21.000000000,4,2023,l2_logistic_c0.1,0.059159321,0.166666667
2023-02-11,202310020110,2019100751,1,マイネルレノン,1,18,Class2,小倉,27.000000000,11,2023,l2_logistic_c0.1,0.456337894,0.166666667
2023-02-11,202310020110,2017105126,2,チャイカ,0,18,Class2,小倉,27.000000000,23,2023,l2_logistic_c0.1,0.077455413,0.166666667
2023-02-11,202310020110,2019110065,3,コンクパール,0,18,Class2,小倉,195.000000000,10,2023,l2_logistic_c0.1,0.221981528,0.166666667
2023-02-11,202310020110,2018105873,4,ミキノバスドラム,0,18,Class2,小倉,27.000000000,15,2023,l2_logistic_c0.1,0.052927108,0.166666667
2023-02-11,202310020110,2018102585,5,ロードラスター,0,18,Class2,小倉,21.000000000,21,2023,l2_logistic_c0.1,0.260151737,0.166666667
2023-02-11,202310020110,2019100898,6,タッカーシルバー,0,18,Class2,小倉,146.000000000,9,2023,l2_logistic_c0.1,0.326258550,0.166666667
2023-02-11,202310020110,2018104534,7,アスクキングコング,0,18,Class2,小倉,14.000000000,19,2023,l2_logistic_c0.1,0.271082629,0.166666667
2023-02-11,202310020110,2019102751,8,ジューンヨシツネ,0,18,Class2,小倉,97.000000000,11,2023,l2_logistic_c0.1,0.143616566,0.166666667
2023-02-11,202310020110,2018100623,9,ミラクル,0,18,Class2,小倉,27.000000000,23,2023,l2_logistic_c0.1,0.068448039,0.166666667
2023-02-11,202310020110,2017104718,10,カレンヒメ,1,18,Class2,小倉,70.000000000,12,2023,l2_logistic_c0.1,0.117542081,0.166666667
2023-02-11,202310020110,2017102940,11,ワンダーカタリナ,0,18,Class2,小倉,14.000000000,19,2023,l2_logistic_c0.1,0.167191573,0.166666667
2023-02-11,202310020110,2018106391,12,メイショウイジゲン,0,18,Class2,小倉,14.000000000,19,2023,l2_logistic_c0.1,0.113303706,0.166666667
2023-02-11,202310020110,2019102436,13,ミズノコキュウ,0,18,Class2,小倉,27.000000000,15,2023,l2_logistic_c0.1,0.136952501,0.166666667
2023-02-11,202310020110,2018110001,14,ジュストコル,0,18,Class2,小倉,27.000000000,18,2023,l2_logistic_c0.1,0.293679663,0.166666667
2023-02-11,202310020110,2019105806,15,ドロップオブライト,1,18,Class2,小倉,188.000000000,5,2023,l2_logistic_c0.1,0.213030362,0.166666667
2023-02-11,202310020110,2017101919,16,コスモカッティーボ,0,18,Class2,小倉,14.000000000,33,2023,l2_logistic_c0.1,0.056578772,0.166666667
2023-02-11,202310020110,2019104697,17,ショウナンマッハ,0,18,Class2,小倉,27.000000000,11,2023,l2_logistic_c0.1,0.242381544,0.166666667
2023-02-11,202310020110,2018104260,18,マイトレジャーフジ,0,18,Class2,小倉,63.000000000,7,2023,l2_logistic_c0.1,0.045002019,0.166666667
2023-02-12,202310020202,2020101304,2,ラブスレンダー,0,18,Maiden,小倉,50.000000000,5,2023,l2_logistic_c0.1,0.268262911,0.166666667
2023-02-12,202310020202,2020101492,4,シンリンゲンカイ,1,18,Maiden,小倉,21.000000000,5,2023,l2_logistic_c0.1,0.296129820,0.166666667
2023-02-12,202310020202,2020109067,6,リサリサ,1,18,Maiden,小倉,14.000000000,4,2023,l2_logistic_c0.1,0.388694920,0.166666667
2023-02-12,202310020202,2020100504,8,ミレディ,1,18,Maiden,小倉,21.000000000,4,2023,l2_logistic_c0.1,0.111912241,0.166666667
2023-02-12,202310020202,2020104751,10,ゼットカレン,0,18,Maiden,小倉,57.000000000,3,2023,l2_logistic_c0.1,0.370419186,0.166666667
2023-02-12,202310020202,2020103283,11,エルディアナ,0,18,Maiden,小倉,28.000000000,3,2023,l2_logistic_c0.1,0.328940980,0.166666667
2023-02-12,202310020202,2020104350,14,スピルクリスティ,0,18,Maiden,小倉,57.000000000,3,2023,l2_logistic_c0.1,0.034145428,0.166666667
2023-02-12,202310020202,2020100347,16,クリノリアルレディ,0,18,Maiden,小倉,14.000000000,9,2023,l2_logistic_c0.1,0.048600090,0.166666667
2023-02-12,202310020206,2019101562,1,デフィデリ,0,18,Class1,小倉,64.000000000,14,2023,l2_logistic_c0.1,0.271680286,0.166666667
2023-02-12,202310020206,2018104663,2,タウゼントシェーン,0,18,Class1,小倉,57.000000000,16,2023,l2_logistic_c0.1,0.250877524,0.166666667
2023-02-12,202310020206,2018110136,3,プリファードラン,0,18,Class1,小倉,57.000000000,9,2023,l2_logistic_c0.1,0.145725911,0.166666667
2023-02-12,202310020206,2017103309,4,ホウオウエンジェル,0,18,Class1,小倉,14.000000000,21,2023,l2_logistic_c0.1,0.363298197,0.166666667
2023-02-12,202310020206,2019105587,5,ドラゴンゴクウ,0,18,Class1,小倉,64.000000000,12,2023,l2_logistic_c0.1,0.048823828,0.166666667
2023-02-12,202310020206,2019104147,7,シーズアクイーン,0,18,Class1,小倉,84.000000000,11,2023,l2_logistic_c0.1,0.026449927,0.166666667
2023-02-12,202310020206,2019102540,8,クリーンジーニアス,0,18,Class1,小倉,190.000000000,9,2023,l2_logistic_c0.1,0.238444382,0.166666667
2023-02-12,202310020206,2019100666,9,イラーレ,0,18,Class1,小倉,15.000000000,17,2023,l2_logistic_c0.1,0.442877619,0.166666667
2023-02-12,202310020206,2019105128,10,プルサティーラ,0,18,Class1,小倉,28.000000000,9,2023,l2_logistic_c0.1,0.139337223,0.166666667
2023-02-12,202310020206,2018104559,11,ナリタローゼ,1,18,Class1,小倉,28.000000000,12,2023,l2_logistic_c0.1,0.249059685,0.166666667
2023-02-12,202310020206,2018104077,12,グリュレーヴ,0,18,Class1,小倉,189.000000000,14,2023,l2_logistic_c0.1,0.097517137,0.166666667
2023-02-12,202310020206,2019105940,13,アリシアン,0,18,Class1,小倉,84.000000000,10,2023,l2_logistic_c0.1,0.186603247,0.166666667
2023-02-12,202310020206,2015105401,14,スターライトキス,0,18,Class1,小倉,85.000000000,32,2023,l2_logistic_c0.1,0.047136369,0.166666667
2023-02-12,202310020206,2019102041,15,アドヴァイス,1,18,Class1,小倉,29.000000000,10,2023,l2_logistic_c0.1,0.107429312,0.166666667
2023-02-12,202310020206,2019104498,16,インプロバイザー,1,18,Class1,小倉,175.000000000,12,2023,l2_logistic_c0.1,0.254132369,0.166666667
2023-02-12,202310020206,2019105538,17,カメハメハタイム,0,18,Class1,小倉,34.000000000,9,2023,l2_logistic_c0.1,0.099652364,0.166666667
2023-02-12,202310020206,2019103915,18,メイショウツガミネ,0,18,Class1,小倉,105.000000000,5,2023,l2_logistic_c0.1,0.018811818,0.166666667
2023-02-12,202310020211,2019106151,1,ヤマトコウセイ,0,18,Open,小倉,63.000000000,11,2023,l2_logistic_c0.1,0.150743120,0.166666667
2023-02-12,202310020211,2017103005,2,ロードベイリーフ,0,18,Open,小倉,57.000000000,31,2023,l2_logistic_c0.1,0.078751800,0.166666667
2023-02-12,202310020211,2018104041,3,マウンテンムスメ,0,18,Open,小倉,105.000000000,21,2023,l2_logistic_c0.1,0.171947033,0.166666667
2023-02-12,202310020211,2017105272,4,リレーションシップ,0,18,Open,小倉,91.000000000,20,2023,l2_logistic_c0.1,0.112354792,0.166666667
2023-02-12,202310020211,2016102032,5,メイショウケイメイ,0,18,Open,小倉,70.000000000,27,2023,l2_logistic_c0.1,0.022580621,0.166666667
2023-02-12,202310020211,2017105443,6,ビップウインク,0,18,Open,小倉,70.000000000,21,2023,l2_logistic_c0.1,0.077683997,0.166666667
2023-02-12,202310020211,2017101765,7,レジェーロ,0,18,Open,小倉,57.000000000,23,2023,l2_logistic_c0.1,0.116707989,0.166666667
2023-02-12,202310020211,2019104841,8,カルネアサーダ,0,18,Open,小倉,34.000000000,13,2023,l2_logistic_c0.1,0.188956023,0.166666667
2023-02-12,202310020211,2019106186,9,ダークペイジ,0,18,Open,小倉,85.000000000,9,2023,l2_logistic_c0.1,0.252599216,0.166666667
2023-02-12,202310020211,2017100367,10,サトノファビュラス,0,18,Open,小倉,57.000000000,19,2023,l2_logistic_c0.1,0.066339389,0.166666667
2023-02-12,202310020211,2018104331,11,ヴァトレニ,1,18,Open,小倉,57.000000000,17,2023,l2_logistic_c0.1,0.184005423,0.166666667
2023-02-12,202310020211,2017104852,12,キャプテンドレイク,1,18,Open,小倉,34.000000000,19,2023,l2_logistic_c0.1,0.082923984,0.166666667
2023-02-12,202310020211,2018102595,13,ロードマックス,0,18,Open,小倉,168.000000000,13,2023,l2_logistic_c0.1,0.083557546,0.166666667
2023-02-12,202310020211,2015105276,14,シセイヒテン,0,18,Open,小倉,70.000000000,33,2023,l2_logistic_c0.1,0.065907303,0.166666667
2023-02-12,202310020211,2017104253,15,ジュニパーベリー,0,18,Open,小倉,29.000000000,26,2023,l2_logistic_c0.1,0.150393083,0.166666667
2023-02-12,202310020211,2017110172,16,ハリーバローズ,0,18,Open,小倉,70.000000000,19,2023,l2_logistic_c0.1,0.080326135,0.166666667
2023-02-12,202310020211,2017105298,17,ストーンリッジ,1,18,Open,小倉,29.000000000,18,2023,l2_logistic_c0.1,0.138651293,0.166666667
2023-02-12,202310020211,2016104668,18,カリボール,0,18,Open,小倉,34.000000000,24,2023,l2_logistic_c0.1,0.072221945,0.166666667
2023-02-18,202310020306,2020106055,1,アナザームーン,0,18,Maiden,小倉,27.000000000,5,2023,l2_logistic_c0.1,0.116521412,0.166666667
2023-02-18,202310020306,2020101027,3,アスクエブリーワン,0,18,Maiden,小倉,84.000000000,3,2023,l2_logistic_c0.1,0.179805884,0.166666667
2023-02-18,202310020306,2020106149,4,アスキーアート,0,18,Maiden,小倉,13.000000000,6,2023,l2_logistic_c0.1,0.181658184,0.166666667
2023-02-18,202310020306,2020103869,6,ミスファイト,0,18,Maiden,小倉,28.000000000,4,2023,l2_logistic_c0.1,0.110833201,0.166666667
2023-02-18,202310020306,2020106263,7,ピンポンマム,0,18,Maiden,小倉,20.000000000,4,2023,l2_logistic_c0.1,0.239081423,0.166666667
2023-02-18,202310020306,2020102257,8,モズメルベイユ,0,18,Maiden,小倉,21.000000000,4,2023,l2_logistic_c0.1,0.212104379,0.166666667
2023-02-18,202310020306,2020102294,9,スイープラン,0,18,Maiden,小倉,27.000000000,5,2023,l2_logistic_c0.1,0.352589988,0.166666667
2023-02-18,202310020306,2020102879,12,スプレンディダ,0,18,Maiden,小倉,40.000000000,7,2023,l2_logistic_c0.1,0.368524090,0.166666667
2023-02-18,202310020306,2020104175,16,カシノインディード,0,18,Maiden,小倉,13.000000000,6,2023,l2_logistic_c0.1,0.313106651,0.166666667
2023-02-18,202310020306,2020106462,18,カイラシ,0,18,Maiden,小倉,112.000000000,3,2023,l2_logistic_c0.1,0.075910690,0.166666667
2023-02-18,202310020311,2019103562,1,ダテボレアス,0,18,Class2,小倉,21.000000000,11,2023,l2_logistic_c0.1,0.452228943,0.166666667
2023-02-18,202310020311,2019104525,2,ラキエータ,0,18,Class2,小倉,62.000000000,9,2023,l2_logistic_c0.1,0.254092714,0.166666667
2023-02-18,202310020311,2018101573,3,セイレーン,0,18,Class2,小倉,13.000000000,16,2023,l2_logistic_c0.1,0.182300953,0.166666667
2023-02-18,202310020311,2016101180,4,ヴィクトワールメイ,0,18,Class2,小倉,90.000000000,25,2023,l2_logistic_c0.1,0.042782086,0.166666667
2023-02-18,202310020311,2018104621,5,サトノルーチェ,0,18,Class2,小倉,41.000000000,14,2023,l2_logistic_c0.1,0.213527801,0.166666667
2023-02-18,202310020311,2017101767,6,ベンガン,0,18,Class2,小倉,70.000000000,14,2023,l2_logistic_c0.1,0.284543905,0.166666667
2023-02-18,202310020311,2018106455,7,メイショウハボタン,0,18,Class2,小倉,21.000000000,27,2023,l2_logistic_c0.1,0.279792502,0.166666667
2023-02-18,202310020311,2018101964,8,アルムファーツリー,0,18,Class2,小倉,21.000000000,27,2023,l2_logistic_c0.1,0.160651964,0.166666667
2023-02-18,202310020311,2018104250,9,ケリアテソーロ,0,18,Class2,小倉,98.000000000,15,2023,l2_logistic_c0.1,0.112496751,0.166666667
2023-02-18,202310020311,2017106087,10,メイショウゲンセン,1,18,Class2,小倉,146.000000000,12,2023,l2_logistic_c0.1,0.135704733,0.166666667
2023-02-18,202310020311,2019104078,11,メイショウグラニー,1,18,Class2,小倉,14.000000000,10,2023,l2_logistic_c0.1,0.312416818,0.166666667
2023-02-18,202310020311,2019104772,12,セリノーフォス,0,18,Class2,小倉,34.000000000,15,2023,l2_logistic_c0.1,0.112456986,0.166666667
2023-02-18,202310020311,2019101262,13,ショウナンアメリア,1,18,Class2,小倉,21.000000000,12,2023,l2_logistic_c0.1,0.240117383,0.166666667
2023-02-18,202310020311,2019103136,14,シゲルファンノユメ,0,18,Class2,小倉,34.000000000,13,2023,l2_logistic_c0.1,0.162114813,0.166666667
2023-02-18,202310020311,2018101679,15,カシノフォワード,0,18,Class2,小倉,84.000000000,21,2023,l2_logistic_c0.1,0.111817284,0.166666667
2023-02-18,202310020311,2018106152,16,ルルルージュ,0,18,Class2,小倉,112.000000000,13,2023,l2_logistic_c0.1,0.115277418,0.166666667
2023-02-18,202310020311,2019103563,17,アスターディゴン,0,18,Class2,小倉,84.000000000,13,2023,l2_logistic_c0.1,0.205743612,0.166666667
2023-02-18,202310020311,2019101005,18,タイセイブリリオ,0,18,Class2,小倉,13.000000000,12,2023,l2_logistic_c0.1,0.345277190,0.166666667
2023-02-19,202310020402,2020101770,1,トリプルウイナー,0,18,Maiden,小倉,22.000000000,3,2023,l2_logistic_c0.1,0.264240642,0.166666667
2023-02-19,202310020402,2020106821,3,ピースフルナイト,0,18,Maiden,小倉,28.000000000,3,2023,l2_logistic_c0.1,0.513144472,0.166666667
2023-02-19,202310020402,2020101961,5,ショウナンダグラス,0,18,Maiden,小倉,36.000000000,7,2023,l2_logistic_c0.1,0.184465234,0.166666667
2023-02-19,202310020402,2020104598,7,ショウナンアウリイ,0,18,Maiden,小倉,43.000000000,6,2023,l2_logistic_c0.1,0.112972951,0.166666667
2023-02-19,202310020402,2020101724,12,サーフライド,0,18,Maiden,小倉,42.000000000,4,2023,l2_logistic_c0.1,0.044000437,0.166666667
2023-02-19,202310020402,2020101371,16,クリノビッグママ,0,18,Maiden,小倉,21.000000000,5,2023,l2_logistic_c0.1,0.086875822,0.166666667
2023-02-19,202310020402,2020104079,18,キラールージュ,0,18,Maiden,小倉,70.000000000,3,2023,l2_logistic_c0.1,0.030331147,0.166666667
2023-02-19,202310020408,2018104324,1,モンストルシチー,0,18,Class1,小倉,43.000000000,10,2023,l2_logistic_c0.1,0.052455078,0.166666667
2023-02-19,202310020408,2017103023,2,スウィートメリナ,0,18,Class1,小倉,22.000000000,23,2023,l2_logistic_c0.1,0.045908733,0.166666667
2023-02-19,202310020408,2019105507,3,リヴォリ,0,18,Class1,小倉,64.000000000,5,2023,l2_logistic_c0.1,0.465865457,0.166666667
2023-02-19,202310020408,2019103814,4,スカイトレイル,0,18,Class1,小倉,22.000000000,14,2023,l2_logistic_c0.1,0.071046995,0.166666667
2023-02-19,202310020408,2019105044,5,アドマイヤラヴィ,1,18,Class1,小倉,91.000000000,7,2023,l2_logistic_c0.1,0.357132723,0.166666667
2023-02-19,202310020408,2017104895,6,ダノンカオス,1,18,Class1,小倉,22.000000000,16,2023,l2_logistic_c0.1,0.164296629,0.166666667
2023-02-19,202310020408,2018103805,7,ソニックムーヴ,0,18,Class1,小倉,64.000000000,10,2023,l2_logistic_c0.1,0.116321011,0.166666667
2023-02-19,202310020408,2016102111,8,ファタリテ,0,18,Class1,小倉,21.000000000,33,2023,l2_logistic_c0.1,0.047488694,0.166666667
2023-02-19,202310020408,2019106086,9,ニホンピロポート,0,18,Class1,小倉,29.000000000,10,2023,l2_logistic_c0.1,0.049755236,0.166666667
2023-02-19,202310020408,2019105738,10,ピンクセイラー,0,18,Class1,小倉,22.000000000,3,2023,l2_logistic_c0.1,0.143549110,0.166666667
2023-02-19,202310020408,2017103973,11,タツオウカケンラン,0,18,Class1,小倉,21.000000000,24,2023,l2_logistic_c0.1,0.071229852,0.166666667
2023-02-19,202310020408,2017101991,12,テンジュイン,0,18,Class1,小倉,22.000000000,30,2023,l2_logistic_c0.1,0.088573687,0.166666667
2023-02-19,202310020408,2019101032,13,ユキヤナギ,0,18,Class1,小倉,28.000000000,16,2023,l2_logistic_c0.1,0.068104652,0.166666667
2023-02-19,202310020408,2017101448,14,ウインアステロイド,1,18,Class1,小倉,22.000000000,33,2023,l2_logistic_c0.1,0.134002461,0.166666667
2023-02-19,202310020408,2018100618,15,トーホウジュナール,0,18,Class1,小倉,22.000000000,16,2023,l2_logistic_c0.1,0.244568665,0.166666667
2023-02-19,202310020408,2019104943,16,コルカノン,0,18,Class1,小倉,15.000000000,8,2023,l2_logistic_c0.1,0.124822322,0.166666667
2023-02-19,202310020408,2019105493,17,トーホウデュラン,0,18,Class1,小倉,22.000000000,10,2023,l2_logistic_c0.1,0.148316927,0.166666667
2023-02-19,202310020408,2017103328,18,ウインドラブリーナ,0,18,Class1,小倉,335.000000000,18,2023,l2_logistic_c0.1,0.012196482,0.166666667
2023-02-19,202310020412,2018103262,1,オールマイフレンズ,0,18,Class1,小倉,91.000000000,8,2023,l2_logistic_c0.1,0.050069011,0.166666667
2023-02-19,202310020412,2017103323,2,ミーハディビーナ,0,18,Class1,小倉,99.000000000,32,2023,l2_logistic_c0.1,0.033043859,0.166666667
2023-02-19,202310020412,2018104627,3,アーダレイ,0,18,Class1,小倉,43.000000000,14,2023,l2_logistic_c0.1,0.085179407,0.166666667
2023-02-19,202310020412,2018104471,4,グレイトミッション,0,18,Class1,小倉,29.000000000,24,2023,l2_logistic_c0.1,0.130973833,0.166666667
2023-02-19,202310020412,2019105249,5,マリーナドンナ,0,18,Class1,小倉,176.000000000,3,2023,l2_logistic_c0.1,0.154213802,0.166666667
2023-02-19,202310020412,2018103200,6,バーニングパワー,0,18,Class1,小倉,532.000000000,11,2023,l2_logistic_c0.1,0.193801642,0.166666667
2023-02-19,202310020412,2018106200,7,メイショウヒゾッコ,0,18,Class1,小倉,22.000000000,19,2023,l2_logistic_c0.1,0.082357553,0.166666667
2023-02-19,202310020412,2018106366,8,センドハーマイラブ,0,18,Class1,小倉,22.000000000,11,2023,l2_logistic_c0.1,0.141010858,0.166666667
2023-02-19,202310020412,2019105915,9,グッドグロウス,1,18,Class1,小倉,21.000000000,14,2023,l2_logistic_c0.1,0.196332886,0.166666667
2023-02-19,202310020412,2018105201,10,デイトンウェイ,0,18,Class1,小倉,22.000000000,10,2023,l2_logistic_c0.1,0.192629756,0.166666667
2023-02-19,202310020412,2019100986,11,イチローイチロー,0,18,Class1,小倉,35.000000000,10,2023,l2_logistic_c0.1,0.048647150,0.166666667
2023-02-19,202310020412,2017106776,12,デロリス,0,18,Class1,小倉,99.000000000,8,2023,l2_logistic_c0.1,0.041373366,0.166666667
2023-02-19,202310020412,2019101708,13,フローレンスハニー,0,18,Class1,小倉,8.000000000,11,2023,l2_logistic_c0.1,0.290229334,0.166666667
2023-02-19,202310020412,2019103897,14,ハピネスアゲン,1,18,Class1,小倉,64.000000000,10,2023,l2_logistic_c0.1,0.276932928,0.166666667
2023-02-19,202310020412,2019104002,15,タイキバンディエラ,0,18,Class1,小倉,21.000000000,8,2023,l2_logistic_c0.1,0.247133461,0.166666667
2023-02-19,202310020412,2018106601,16,テセウス,0,18,Class1,小倉,21.000000000,28,2023,l2_logistic_c0.1,0.102935033,0.166666667
2023-02-19,202310020412,2019102147,17,フォレクラフト,1,18,Class1,小倉,225.000000000,3,2023,l2_logistic_c0.1,0.104843689,0.166666667
2023-02-19,202310020412,2019103584,18,オラヴェリタス,0,18,Class1,小倉,29.000000000,21,2023,l2_logistic_c0.1,0.159532403,0.166666667
2023-02-25,202310020502,2020106706,1,タリア,0,18,Maiden,小倉,7.000000000,3,2023,l2_logistic_c0.1,0.281803579,0.166666667
2023-02-25,202310020502,2020106263,2,ピンポンマム,0,18,Maiden,小倉,7.000000000,5,2023,l2_logistic_c0.1,0.266962162,0.166666667
2023-02-25,202310020502,2020105485,3,ニシノカナン,0,18,Maiden,小倉,21.000000000,7,2023,l2_logistic_c0.1,0.140250554,0.166666667
2023-02-25,202310020502,2020101798,5,オータムクイーン,1,18,Maiden,小倉,28.000000000,3,2023,l2_logistic_c0.1,0.103271998,0.166666667
2023-02-25,202310020502,2020100986,6,メローラ,0,18,Maiden,小倉,21.000000000,4,2023,l2_logistic_c0.1,0.093930007,0.166666667
2023-02-25,202310020502,2020105310,7,イースターエッグ,0,18,Maiden,小倉,20.000000000,8,2023,l2_logistic_c0.1,0.225652122,0.166666667
2023-02-25,202310020502,2020101007,9,マテンロウナスカ,0,18,Maiden,小倉,51.000000000,3,2023,l2_logistic_c0.1,0.047402332,0.166666667
2023-02-25,202310020502,2020104825,10,スカプラリオ,1,18,Maiden,小倉,20.000000000,3,2023,l2_logistic_c0.1,0.060737873,0.166666667
2023-02-25,202310020502,2020100467,11,グランデスパーダ,0,18,Maiden,小倉,83.000000000,4,2023,l2_logistic_c0.1,0.033814344,0.166666667
2023-02-25,202310020502,2020104758,12,ゴコウサス,0,18,Maiden,小倉,14.000000000,5,2023,l2_logistic_c0.1,0.412460009,0.166666667
2023-02-25,202310020502,2020101492,13,シンリンゲンカイ,0,18,Maiden,小倉,13.000000000,6,2023,l2_logistic_c0.1,0.296588403,0.166666667
2023-02-25,202310020502,2020102971,14,サトノグレイト,1,18,Maiden,小倉,20.000000000,3,2023,l2_logistic_c0.1,0.362653195,0.166666667
2023-02-25,202310020502,2020101304,15,ラブスレンダー,0,18,Maiden,小倉,13.000000000,6,2023,l2_logistic_c0.1,0.229321292,0.166666667
2023-02-25,202310020509,2020102132,1,トレンディスター,0,15,Class1,小倉,21.000000000,4,2023,l2_logistic_c0.1,0.567102437,0.200000000
2023-02-25,202310020509,2020110114,2,スリーアイランド,0,15,Class1,小倉,27.000000000,3,2023,l2_logistic_c0.1,0.565493617,0.200000000
2023-02-25,202310020509,2020106343,3,ユカリプレリュード,0,15,Class1,小倉,21.000000000,4,2023,l2_logistic_c0.1,0.422195433,0.200000000
2023-02-25,202310020509,2020101214,5,ミヤジトレヴ,0,15,Class1,小倉,27.000000000,6,2023,l2_logistic_c0.1,0.172004986,0.200000000
2023-02-25,202310020509,2020106737,7,メイショウコギク,0,15,Class1,小倉,21.000000000,6,2023,l2_logistic_c0.1,0.282711098,0.200000000
2023-02-25,202310020509,2020107094,9,ルイス,0,15,Class1,小倉,21.000000000,3,2023,l2_logistic_c0.1,0.091420384,0.200000000
2023-02-25,202310020509,2020105400,10,タマモブラックタイ,1,15,Class1,小倉,35.000000000,5,2023,l2_logistic_c0.1,0.327299749,0.200000000
2023-02-25,202310020509,2020100958,11,ミシェラドラータ,0,15,Class1,小倉,69.000000000,8,2023,l2_logistic_c0.1,0.207616890,0.200000000
2023-02-25,202310020509,2020106784,13,カナ,0,15,Class1,小倉,13.000000000,3,2023,l2_logistic_c0.1,0.027629834,0.200000000
2023-02-25,202310020509,2020100236,14,ニシノトキメキ,0,15,Class1,小倉,35.000000000,5,2023,l2_logistic_c0.1,0.276964034,0.200000000
2023-02-25,202310020509,2020109067,15,リサリサ,1,15,Class1,小倉,13.000000000,5,2023,l2_logistic_c0.1,0.403111941,0.200000000
2023-02-25,202310020512,2019102068,1,シャウビンダー,0,18,Class1,小倉,104.000000000,9,2023,l2_logistic_c0.1,0.198491940,0.166666667
2023-02-25,202310020512,2019100593,2,フラッシュアーク,0,18,Class1,小倉,21.000000000,11,2023,l2_logistic_c0.1,0.246924470,0.166666667
2023-02-25,202310020512,2019104356,3,ディオアステリア,0,18,Class1,小倉,21.000000000,15,2023,l2_logistic_c0.1,0.389367139,0.166666667
2023-02-25,202310020512,2019104361,4,テーオースパロー,0,18,Class1,小倉,20.000000000,14,2023,l2_logistic_c0.1,0.189732580,0.166666667
2023-02-25,202310020512,2015105401,5,スターライトキス,0,18,Class1,小倉,13.000000000,33,2023,l2_logistic_c0.1,0.064387009,0.166666667
2023-02-25,202310020512,2019102240,6,マメコ,1,18,Class1,小倉,21.000000000,8,2023,l2_logistic_c0.1,0.333212530,0.166666667
2023-02-25,202310020512,2018102053,7,ドリームアゲイン,0,18,Class1,小倉,104.000000000,12,2023,l2_logistic_c0.1,0.095078895,0.166666667
2023-02-25,202310020512,2018106584,8,シュアーウィナー,0,18,Class1,小倉,196.000000000,10,2023,l2_logistic_c0.1,0.038000151,0.166666667
2023-02-25,202310020512,2019101469,9,アルティマボス,0,18,Class1,小倉,14.000000000,9,2023,l2_logistic_c0.1,0.052937799,0.166666667
2023-02-25,202310020512,2019103897,11,ハピネスアゲン,1,18,Class1,小倉,6.000000000,11,2023,l2_logistic_c0.1,0.416823283,0.166666667
2023-02-25,202310020512,2019105587,12,ドラゴンゴクウ,0,18,Class1,小倉,13.000000000,13,2023,l2_logistic_c0.1,0.089269862,0.166666667
2023-02-25,202310020512,2018104938,13,ヴェールクレール,0,18,Class1,小倉,118.000000000,14,2023,l2_logistic_c0.1,0.282053772,0.166666667
2023-02-25,202310020512,2018104780,14,ミエノベルル,0,18,Class1,小倉,111.000000000,14,2023,l2_logistic_c0.1,0.039780478,0.166666667
2023-02-25,202310020512,2018100480,15,デルマヤクシ,0,18,Class1,小倉,42.000000000,13,2023,l2_logistic_c0.1,0.115844994,0.166666667
2023-02-25,202310020512,2018102669,16,スズノナデシコ,1,18,Class1,小倉,21.000000000,16,2023,l2_logistic_c0.1,0.275815927,0.166666667
2023-02-25,202310020512,2018104663,17,タウゼントシェーン,0,18,Class1,小倉,13.000000000,17,2023,l2_logistic_c0.1,0.259931793,0.166666667
2023-02-25,202310020512,2017101991,18,テンジュイン,0,18,Class1,小倉,6.000000000,31,2023,l2_logistic_c0.1,0.105726893,0.166666667
2023-02-26,202309010610,2020103284,1,トールキン,0,10,Open,阪神,22.000000000,5,2023,l2_logistic_c0.1,0.242370637,0.300000000
2023-02-26,202309010610,2020103703,2,コーパスクリスティ,0,10,Open,阪神,70.000000000,3,2023,l2_logistic_c0.1,0.348190694,0.300000000
2023-02-26,202309010610,2020101419,3,ブーケファロス,1,10,Open,阪神,29.000000000,7,2023,l2_logistic_c0.1,0.245922630,0.300000000
2023-02-26,202309010610,2020100896,4,ビッグシーザー,1,10,Open,阪神,71.000000000,5,2023,l2_logistic_c0.1,0.514478770,0.300000000
2023-02-26,202309010610,2020104954,5,ウメムスビ,0,10,Open,阪神,70.000000000,6,2023,l2_logistic_c0.1,0.265893686,0.300000000
2023-02-26,202309010610,2020100815,7,ミルトクレイモー,0,10,Open,阪神,71.000000000,6,2023,l2_logistic_c0.1,0.418885933,0.300000000
2023-02-26,202309010610,2020104674,8,バレリーナ,0,10,Open,阪神,113.000000000,3,2023,l2_logistic_c0.1,0.318018253,0.300000000
2023-02-26,202309010610,2020103892,9,オメガシンフォニー,1,10,Open,阪神,36.000000000,3,2023,l2_logistic_c0.1,0.206792317,0.300000000
2023-02-26,202309010610,2020100484,10,アームズレイン,0,10,Open,阪神,42.000000000,4,2023,l2_logistic_c0.1,0.219682558,0.300000000
2023-02-26,202310020602,2020100504,4,ミレディ,0,18,Maiden,小倉,14.000000000,5,2023,l2_logistic_c0.1,0.166080357,0.166666667
2023-02-26,202310020602,2020104983,5,マルプリ,0,18,Maiden,小倉,7.000000000,3,2023,l2_logistic_c0.1,0.513574576,0.166666667
2023-02-26,202310020602,2020102599,6,リトルミム,1,18,Maiden,小倉,22.000000000,3,2023,l2_logistic_c0.1,0.137233088,0.166666667
2023-02-26,202310020602,2020103588,7,マテンロウナイト,0,18,Maiden,小倉,28.000000000,4,2023,l2_logistic_c0.1,0.130858560,0.166666667
2023-02-26,202310020602,2020101992,8,ライクアフラワー,1,18,Maiden,小倉,21.000000000,3,2023,l2_logistic_c0.1,0.405377131,0.166666667
2023-02-26,202310020602,2020106777,9,セレッソデアモール,0,18,Maiden,小倉,78.000000000,3,2023,l2_logistic_c0.1,0.310778892,0.166666667
2023-02-26,202310020602,2020103159,10,クリノアグレッシブ,0,18,Maiden,小倉,15.000000000,6,2023,l2_logistic_c0.1,0.197156882,0.166666667
2023-02-26,202310020602,2020105370,13,ナックブライアン,0,18,Maiden,小倉,112.000000000,5,2023,l2_logistic_c0.1,0.060899339,0.166666667
2023-02-26,202310020602,2020103068,15,フェアリープト,0,18,Maiden,小倉,21.000000000,4,2023,l2_logistic_c0.1,0.123836434,0.166666667
2023-02-26,202310020602,2020100819,16,ヘイワ,0,18,Maiden,小倉,28.000000000,4,2023,l2_logistic_c0.1,0.117522119,0.166666667
2023-02-26,202310020602,2020100891,17,ヨドノルーキー,0,18,Maiden,小倉,15.000000000,3,2023,l2_logistic_c0.1,0.164895023,0.166666667
2023-02-26,202310020602,2020104399,18,コロネット,0,18,Maiden,小倉,42.000000000,3,2023,l2_logistic_c0.1,0.076301861,0.166666667
2023-02-26,202310020606,2018110123,1,オリンピックデイ,0,18,Class1,小倉,28.000000000,12,2023,l2_logistic_c0.1,0.412125330,0.166666667
2023-02-26,202310020606,2019102041,2,アドヴァイス,0,18,Class1,小倉,14.000000000,11,2023,l2_logistic_c0.1,0.209560381,0.166666667
2023-02-26,202310020606,2018105144,3,チカリヨン,0,18,Class1,小倉,78.000000000,15,2023,l2_logistic_c0.1,0.154694836,0.166666667
2023-02-26,202310020606,2019110001,4,ショウナンハクラク,0,18,Class1,小倉,28.000000000,10,2023,l2_logistic_c0.1,0.202168268,0.166666667
2023-02-26,202310020606,2018100406,5,ヴィントミューレ,0,18,Class1,小倉,155.000000000,9,2023,l2_logistic_c0.1,0.124790246,0.166666667
2023-02-26,202310020606,2019106194,6,コーリングユー,1,18,Class1,小倉,28.000000000,7,2023,l2_logistic_c0.1,0.420633311,0.166666667
2023-02-26,202310020606,2018100757,7,スズアンジー,0,18,Class1,小倉,560.000000000,3,2023,l2_logistic_c0.1,0.045871429,0.166666667
2023-02-26,202310020606,2018105444,8,レインボークラウド,0,18,Class1,小倉,22.000000000,12,2023,l2_logistic_c0.1,0.086085795,0.166666667
2023-02-26,202310020606,2018101951,9,タガノスペルノヴァ,0,18,Class1,小倉,21.000000000,16,2023,l2_logistic_c0.1,0.153615651,0.166666667
2023-02-26,202310020606,2019100772,10,ポルタフォルトゥナ,0,18,Class1,小倉,22.000000000,11,2023,l2_logistic_c0.1,0.292765328,0.166666667
2023-02-26,202310020606,2018104559,11,ナリタローゼ,0,18,Class1,小倉,14.000000000,13,2023,l2_logistic_c0.1,0.295944637,0.166666667
2023-02-26,202310020606,2018106200,12,メイショウヒゾッコ,0,18,Class1,小倉,7.000000000,20,2023,l2_logistic_c0.1,0.093380514,0.166666667
2023-02-26,202310020606,2019101744,13,カグラマツリウタ,0,18,Class1,小倉,49.000000000,7,2023,l2_logistic_c0.1,0.048039767,0.166666667
2023-02-26,202310020606,2019104448,14,ファムスパーブ,0,18,Class1,小倉,176.000000000,6,2023,l2_logistic_c0.1,0.186801085,0.166666667
2023-02-26,202310020606,2019110042,15,スーリールダンジュ,1,18,Class1,小倉,197.000000000,4,2023,l2_logistic_c0.1,0.352072996,0.166666667
2023-02-26,202310020606,2019102192,16,アリビオ,0,18,Class1,小倉,175.000000000,6,2023,l2_logistic_c0.1,0.068263906,0.166666667
2023-02-26,202310020606,2017101448,17,ウインアステロイド,0,18,Class1,小倉,7.000000000,34,2023,l2_logistic_c0.1,0.200108455,0.166666667
2023-02-26,202310020606,2019110064,18,グランアプロウソ,1,18,Class1,小倉,197.000000000,5,2023,l2_logistic_c0.1,0.160288870,0.166666667
2023-02-26,202310020611,2018106388,1,メイショウホシアイ,0,17,Class3,小倉,49.000000000,19,2023,l2_logistic_c0.1,0.445021018,0.176470588
2023-02-26,202310020611,2015104270,2,オメガラヴィサン,0,17,Class3,小倉,84.000000000,28,2023,l2_logistic_c0.1,0.251174057,0.176470588
2023-02-26,202310020611,2017106264,3,ビアイ,0,17,Class3,小倉,28.000000000,39,2023,l2_logistic_c0.1,0.108581402,0.176470588
2023-02-26,202310020611,2019102576,4,クリノマジン,0,17,Class3,小倉,28.000000000,13,2023,l2_logistic_c0.1,0.430828327,0.176470588
2023-02-26,202310020611,2018105112,5,フォドラ,0,17,Class3,小倉,85.000000000,16,2023,l2_logistic_c0.1,0.040479683,0.176470588
2023-02-26,202310020611,2018106389,6,メイショウツツジ,0,17,Class3,小倉,28.000000000,19,2023,l2_logistic_c0.1,0.120352852,0.176470588
2023-02-26,202310020611,2016105211,7,オースミカテドラル,0,17,Class3,小倉,15.000000000,33,2023,l2_logistic_c0.1,0.061393814,0.176470588
2023-02-26,202310020611,2017104138,8,グランレイ,1,17,Class3,小倉,28.000000000,23,2023,l2_logistic_c0.1,0.272581864,0.176470588
2023-02-26,202310020611,2018105306,9,インフィナイト,0,17,Class3,小倉,70.000000000,13,2023,l2_logistic_c0.1,0.248130009,0.176470588
2023-02-26,202310020611,2018106345,10,スズカマクフィ,0,17,Class3,小倉,21.000000000,19,2023,l2_logistic_c0.1,0.133998776,0.176470588
2023-02-26,202310020611,2019104108,11,エナジーグラン,1,17,Class3,小倉,29.000000000,12,2023,l2_logistic_c0.1,0.495456801,0.176470588
2023-02-26,202310020611,2017100452,12,ルクルト,1,17,Class3,小倉,99.000000000,20,2023,l2_logistic_c0.1,0.099330593,0.176470588
2023-02-26,202310020611,2019101903,13,ブレスレスリー,0,17,Class3,小倉,28.000000000,12,2023,l2_logistic_c0.1,0.314321920,0.176470588
2023-02-26,202310020611,2017106137,14,グレイトゲイナー,0,17,Class3,小倉,60.000000000,27,2023,l2_logistic_c0.1,0.095392906,0.176470588
2023-02-26,202310020611,2018102831,15,ジャストザビアンカ,0,17,Class3,小倉,84.000000000,18,2023,l2_logistic_c0.1,0.129909688,0.176470588
2023-02-26,202310020611,2018100530,16,スイートクラウン,0,17,Class3,小倉,155.000000000,12,2023,l2_logistic_c0.1,0.079181037,0.176470588
2023-02-26,202310020611,2016101153,17,ダノンシティ,0,17,Class3,小倉,28.000000000,33,2023,l2_logistic_c0.1,0.094819075,0.176470588
2023-03-04,202306020311,2017100583,1,ディヴィナシオン,1,16,Open,中山,49.000000000,39,2023,l2_logistic_c0.1,0.049043537,0.187500000
2023-03-04,202306020311,2016106453,2,ナランフレグ,0,16,Open,中山,153.000000000,31,2023,l2_logistic_c0.1,0.250751688,0.187500000
2023-03-04,202306020311,2019100438,3,グラスミヤラビ,0,16,Open,中山,21.000000000,16,2023,l2_logistic_c0.1,0.127109456,0.187500000
2023-03-04,202306020311,2018102595,4,ロードマックス,0,16,Open,中山,20.000000000,14,2023,l2_logistic_c0.1,0.158535911,0.187500000
2023-03-04,202306020311,2018110120,5,ジャズエチュード,0,16,Open,中山,125.000000000,10,2023,l2_logistic_c0.1,0.199833602,0.187500000
2023-03-04,202306020311,2017105661,6,ジュビリーヘッド,0,16,Open,中山,49.000000000,23,2023,l2_logistic_c0.1,0.356812259,0.187500000
2023-03-04,202306020311,2017100381,7,オパールシャルム,0,16,Open,中山,70.000000000,28,2023,l2_logistic_c0.1,0.149950796,0.187500000
2023-03-04,202306020311,2015105850,8,カイザーメランジェ,0,16,Open,中山,34.000000000,40,2023,l2_logistic_c0.1,0.038415319,0.187500000
2023-03-04,202306020311,2017100434,9,ヴェントヴォーチェ,1,16,Open,中山,153.000000000,13,2023,l2_logistic_c0.1,0.257726165,0.187500000
2023-03-04,202306020311,2018104029,10,レイハリア,0,16,Open,中山,34.000000000,14,2023,l2_logistic_c0.1,0.055542855,0.187500000
2023-03-04,202306020311,2019104470,11,キミワクイーン,0,16,Open,中山,48.000000000,8,2023,l2_logistic_c0.1,0.314972073,0.187500000
2023-03-04,202306020311,2018100184,12,タイムトゥヘヴン,0,16,Open,中山,27.000000000,20,2023,l2_logistic_c0.1,0.223168094,0.187500000
2023-03-04,202306020311,2019102979,13,エイシンスポッター,1,16,Open,中山,66.000000000,11,2023,l2_logistic_c0.1,0.177592031,0.187500000
2023-03-04,202306020311,2018101452,14,スンリ,0,16,Open,中山,34.000000000,24,2023,l2_logistic_c0.1,0.150890584,0.187500000
2023-03-04,202306020311,2016110119,15,ジャスパージャック,0,16,Open,中山,54.000000000,20,2023,l2_logistic_c0.1,0.217461345,0.187500000
2023-03-04,202306020311,2016110152,16,マリアズハート,0,16,Open,中山,34.000000000,24,2023,l2_logistic_c0.1,0.210883541,0.187500000
2023-03-04,202309010712,2019109094,1,ブッシュガーデン,0,16,Class2,阪神,35.000000000,14,2023,l2_logistic_c0.1,0.393135382,0.187500000
2023-03-04,202309010712,2019105915,2,グッドグロウス,0,16,Class2,阪神,13.000000000,15,2023,l2_logistic_c0.1,0.312729872,0.187500000
2023-03-04,202309010712,2019100751,3,マイネルレノン,0,16,Class2,阪神,21.000000000,12,2023,l2_logistic_c0.1,0.383233819,0.187500000
2023-03-04,202309010712,2019103236,4,テイエムヒマラヤ,0,16,Class2,阪神,13.000000000,11,2023,l2_logistic_c0.1,0.246732175,0.187500000
2023-03-04,202309010712,2017101767,5,ベンガン,0,16,Class2,阪神,14.000000000,15,2023,l2_logistic_c0.1,0.291530910,0.187500000
2023-03-04,202309010712,2018100025,6,シゲルカチョウ,1,16,Class2,阪神,160.000000000,9,2023,l2_logistic_c0.1,0.378873438,0.187500000
2023-03-04,202309010712,2019110066,7,エンジェルシリカ,0,16,Class2,阪神,69.000000000,13,2023,l2_logistic_c0.1,0.204952815,0.187500000
2023-03-04,202309010712,2018100433,8,ブロンズレッド,0,16,Class2,阪神,154.000000000,13,2023,l2_logistic_c0.1,0.043391546,0.187500000
2023-03-04,202309010712,2018106305,9,テーオーディエス,0,16,Class2,阪神,27.000000000,22,2023,l2_logistic_c0.1,0.048809774,0.187500000
2023-03-04,202309010712,2019110107,10,ジャスパークローネ,0,16,Class2,阪神,280.000000000,8,2023,l2_logistic_c0.1,0.233096113,0.187500000
2023-03-04,202309010712,2019100210,11,ウインバグース,0,16,Class2,阪神,27.000000000,13,2023,l2_logistic_c0.1,0.359511014,0.187500000
2023-03-04,202309010712,2019104498,12,インプロバイザー,1,16,Class2,阪神,20.000000000,13,2023,l2_logistic_c0.1,0.322434764,0.187500000
2023-03-04,202309010712,2017104718,13,カレンヒメ,0,16,Class2,阪神,21.000000000,13,2023,l2_logistic_c0.1,0.146640040,0.187500000
2023-03-04,202309010712,2018102491,14,メイショウエニシア,0,16,Class2,阪神,35.000000000,22,2023,l2_logistic_c0.1,0.056929680,0.187500000
2023-03-04,202309010712,2019101005,15,タイセイブリリオ,0,16,Class2,阪神,14.000000000,13,2023,l2_logistic_c0.1,0.297493698,0.187500000
2023-03-04,202309010712,2019104260,16,メイショウクリフト,1,16,Class2,阪神,84.000000000,5,2023,l2_logistic_c0.1,0.148159679,0.187500000
2023-03-11,202306020510,2018103932,1,フミロア,0,16,Class3,中山,55.000000000,17,2023,l2_logistic_c0.1,0.107356992,0.187500000
2023-03-11,202306020510,2018100650,2,ゼログラヴィティ,0,16,Class3,中山,55.000000000,11,2023,l2_logistic_c0.1,0.224146360,0.187500000
2023-03-11,202306020510,2017101693,3,コスモカルナック,0,16,Class3,中山,55.000000000,15,2023,l2_logistic_c0.1,0.429128601,0.187500000
2023-03-11,202306020510,2017106087,4,メイショウゲンセン,1,16,Class3,中山,21.000000000,13,2023,l2_logistic_c0.1,0.205189748,0.187500000
2023-03-11,202306020510,2019105775,5,ホウオウノーサイド,0,16,Class3,中山,76.000000000,10,2023,l2_logistic_c0.1,0.312076816,0.187500000
2023-03-11,202306020510,2019105463,6,レディバランタイン,1,16,Class3,中山,62.000000000,10,2023,l2_logistic_c0.1,0.123486549,0.187500000
2023-03-11,202306020510,2019101763,7,グランアリエル,0,16,Class3,中山,55.000000000,8,2023,l2_logistic_c0.1,0.139527396,0.187500000
2023-03-11,202306020510,2019105452,8,ミッキーハーモニー,0,16,Class3,中山,98.000000000,5,2023,l2_logistic_c0.1,0.464791607,0.187500000
2023-03-11,202306020510,2019105237,9,スリーパーダ,0,16,Class3,中山,73.000000000,7,2023,l2_logistic_c0.1,0.294883751,0.187500000
2023-03-11,202306020510,2017106240,10,アビエルト,0,16,Class3,中山,62.000000000,32,2023,l2_logistic_c0.1,0.222322088,0.187500000
2023-03-11,202306020510,2017102946,11,オシリスブレイン,0,16,Class3,中山,55.000000000,25,2023,l2_logistic_c0.1,0.220515280,0.187500000
2023-03-11,202306020510,2018106077,12,イルクオーレ,1,16,Class3,中山,73.000000000,15,2023,l2_logistic_c0.1,0.272310555,0.187500000
2023-03-11,202306020510,2018103926,13,ショウナンラスボス,0,16,Class3,中山,73.000000000,25,2023,l2_logistic_c0.1,0.363756598,0.187500000
2023-03-11,202306020510,2016104227,14,ジョニーズララバイ,0,16,Class3,中山,90.000000000,30,2023,l2_logistic_c0.1,0.068055070,0.187500000
2023-03-11,202306020510,2018110037,15,ブルースピリット,0,16,Class3,中山,90.000000000,11,2023,l2_logistic_c0.1,0.222038405,0.187500000
2023-03-11,202306020510,2018104347,16,ユキノファラオ,0,16,Class3,中山,62.000000000,19,2023,l2_logistic_c0.1,0.066309795,0.187500000
2023-03-11,202306020512,2019100053,1,アレクサンドラ,0,16,Class2,中山,14.000000000,7,2023,l2_logistic_c0.1,0.050573558,0.187500000
2023-03-11,202306020512,2019109140,2,ヒノクニ,0,16,Class2,中山,42.000000000,17,2023,l2_logistic_c0.1,0.119813669,0.187500000
2023-03-11,202306020512,2019107075,3,ブランデーロック,0,16,Class2,中山,20.000000000,27,2023,l2_logistic_c0.1,0.274675472,0.187500000
2023-03-11,202306020512,2019104962,4,ウィリン,1,16,Class2,中山,147.000000000,5,2023,l2_logistic_c0.1,0.337857919,0.187500000
2023-03-11,202306020512,2018101679,5,カシノフォワード,0,16,Class2,中山,21.000000000,22,2023,l2_logistic_c0.1,0.118870957,0.187500000
2023-03-11,202306020512,2018103485,6,ジャガード,0,16,Class2,中山,140.000000000,19,2023,l2_logistic_c0.1,0.029300303,0.187500000
2023-03-11,202306020512,2019105238,7,フリートオブフット,0,16,Class2,中山,118.000000000,10,2023,l2_logistic_c0.1,0.302053573,0.187500000
2023-03-11,202306020512,2018103902,8,サウンドブライアン,0,16,Class2,中山,13.000000000,21,2023,l2_logistic_c0.1,0.037414258,0.187500000
2023-03-11,202306020512,2017101777,9,ヤマニンプティパ,0,16,Class2,中山,91.000000000,24,2023,l2_logistic_c0.1,0.139837091,0.187500000
2023-03-11,202306020512,2014100050,10,スズノフブキ,0,16,Class2,中山,161.000000000,23,2023,l2_logistic_c0.1,0.033598951,0.187500000
2023-03-11,202306020512,2019101270,11,ヨール,1,16,Class2,中山,76.000000000,9,2023,l2_logistic_c0.1,0.289997003,0.187500000
2023-03-11,202306020512,2018101964,12,アルムファーツリー,0,16,Class2,中山,21.000000000,28,2023,l2_logistic_c0.1,0.107573183,0.187500000
2023-03-11,202306020512,2019104386,13,トーセンサンダー,0,16,Class2,中山,42.000000000,10,2023,l2_logistic_c0.1,0.236571510,0.187500000
2023-03-11,202306020512,2017101919,14,コスモカッティーボ,0,16,Class2,中山,28.000000000,34,2023,l2_logistic_c0.1,0.070410274,0.187500000
2023-03-11,202306020512,2019103136,15,シゲルファンノユメ,0,16,Class2,中山,21.000000000,14,2023,l2_logistic_c0.1,0.175496935,0.187500000
2023-03-11,202306020512,2018104765,16,イズンシーラブリー,1,16,Class2,中山,76.000000000,15,2023,l2_logistic_c0.1,0.336221175,0.187500000
2023-03-12,202306020607,2020107176,2,ワックスフラワー,1,12,Class1,中山,91.000000000,6,2023,l2_logistic_c0.1,0.387656388,0.250000000
2023-03-12,202306020607,2020100741,3,ノーブルラン,0,12,Class1,中山,92.000000000,5,2023,l2_logistic_c0.1,0.465889590,0.250000000
2023-03-12,202306020607,2020106970,4,スングリダンダン,0,12,Class1,中山,14.000000000,6,2023,l2_logistic_c0.1,0.107179329,0.250000000
2023-03-12,202306020607,2020102121,5,シルバーレイズ,0,12,Class1,中山,92.000000000,4,2023,l2_logistic_c0.1,0.240519197,0.250000000
2023-03-12,202306020607,2020101195,6,ゴルトリッチ,0,12,Class1,中山,22.000000000,3,2023,l2_logistic_c0.1,0.328715405,0.250000000
2023-03-12,202306020607,2020106963,7,アンタノバラード,1,12,Class1,中山,36.000000000,6,2023,l2_logistic_c0.1,0.596327190,0.250000000
2023-03-12,202306020607,2020103721,8,レイカットスルー,0,12,Class1,中山,29.000000000,4,2023,l2_logistic_c0.1,0.451557462,0.250000000
2023-03-12,202306020607,2020103093,9,プレジャークルーズ,0,12,Class1,中山,92.000000000,5,2023,l2_logistic_c0.1,0.231708116,0.250000000
2023-03-12,202306020607,2020101262,10,エコロレジーナ,0,12,Class1,中山,36.000000000,5,2023,l2_logistic_c0.1,0.337481974,0.250000000
2023-03-12,202306020607,2020100347,11,クリノリアルレディ,1,12,Class1,中山,14.000000000,11,2023,l2_logistic_c0.1,0.132411834,0.250000000
2023-03-12,202306020607,2020103885,12,クリノゴッホ,0,12,Class1,中山,63.000000000,7,2023,l2_logistic_c0.1,0.354313126,0.250000000
2023-03-18,202307020305,2020104242,2,スマイルモネ,0,18,Maiden,中京,125.000000000,3,2023,l2_logistic_c0.1,0.060918602,0.166666667
2023-03-18,202307020305,2020104841,3,カリンパニ,0,18,Maiden,中京,97.000000000,4,2023,l2_logistic_c0.1,0.130470724,0.166666667
2023-03-18,202307020305,2020105075,4,マルヨクレハ,0,18,Maiden,中京,147.000000000,3,2023,l2_logistic_c0.1,0.096801013,0.166666667
2023-03-18,202307020305,2020104825,5,スカプラリオ,1,18,Maiden,中京,21.000000000,4,2023,l2_logistic_c0.1,0.178437651,0.166666667
2023-03-18,202307020305,2020101992,8,ライクアフラワー,0,18,Maiden,中京,20.000000000,4,2023,l2_logistic_c0.1,0.516542965,0.166666667
2023-03-18,202307020305,2020101798,9,オータムクイーン,1,18,Maiden,中京,21.000000000,4,2023,l2_logistic_c0.1,0.151518141,0.166666667
2023-03-18,202307020305,2020103873,14,メルクーア,0,18,Maiden,中京,97.000000000,3,2023,l2_logistic_c0.1,0.062406203,0.166666667
2023-03-18,202307020305,2020106289,16,エイシンテムジン,0,18,Maiden,中京,27.000000000,3,2023,l2_logistic_c0.1,0.192926976,0.166666667
2023-03-18,202309011110,2018100570,1,セリシア,0,16,Class3,阪神,42.000000000,25,2023,l2_logistic_c0.1,0.165409360,0.187500000
2023-03-18,202309011110,2018104700,2,ランドオブリバティ,0,16,Class3,阪神,35.000000000,15,2023,l2_logistic_c0.1,0.268662130,0.187500000
2023-03-18,202309011110,2018103086,3,ヴァーチャリティ,0,16,Class3,阪神,42.000000000,17,2023,l2_logistic_c0.1,0.183598393,0.187500000
2023-03-18,202309011110,2018100652,4,ファイアダンサー,0,16,Class3,阪神,48.000000000,21,2023,l2_logistic_c0.1,0.217319858,0.187500000
2023-03-18,202309011110,2017100511,5,アールクインダム,0,16,Class3,阪神,62.000000000,19,2023,l2_logistic_c0.1,0.120557752,0.187500000
2023-03-18,202309011110,2018104949,6,フォイアーロート,0,16,Class3,阪神,48.000000000,23,2023,l2_logistic_c0.1,0.068722398,0.187500000
2023-03-18,202309011110,2017103895,7,テーオーマルクス,0,16,Class3,阪神,48.000000000,27,2023,l2_logistic_c0.1,0.034565580,0.187500000
2023-03-18,202309011110,2018105306,8,インフィナイト,1,16,Class3,阪神,20.000000000,14,2023,l2_logistic_c0.1,0.282722262,0.187500000
2023-03-18,202309011110,2019102576,9,クリノマジン,1,16,Class3,阪神,20.000000000,14,2023,l2_logistic_c0.1,0.357557730,0.187500000
2023-03-18,202309011110,2018106055,10,ヨシノイースター,1,16,Class3,阪神,80.000000000,16,2023,l2_logistic_c0.1,0.514693413,0.187500000
2023-03-18,202309011110,2017103105,11,グッドマックス,0,16,Class3,阪神,196.000000000,27,2023,l2_logistic_c0.1,0.074708308,0.187500000
2023-03-18,202309011110,2018103084,12,カバーガール,0,16,Class3,阪神,48.000000000,26,2023,l2_logistic_c0.1,0.075020625,0.187500000
2023-03-18,202309011110,2019104976,13,ミスボニータ,0,16,Class3,阪神,42.000000000,15,2023,l2_logistic_c0.1,0.267853232,0.187500000
2023-03-18,202309011110,2017106137,14,グレイトゲイナー,0,16,Class3,阪神,20.000000000,28,2023,l2_logistic_c0.1,0.121278875,0.187500000
2023-03-18,202309011110,2019105459,15,ソウテン,0,16,Class3,阪神,69.000000000,11,2023,l2_logistic_c0.1,0.418521056,0.187500000
2023-03-18,202309011110,2018104936,16,ジャカランダレーン,0,16,Class3,阪神,48.000000000,14,2023,l2_logistic_c0.1,0.140146970,0.187500000
2023-03-19,202309011206,2020107170,1,マインインパクト,0,9,Class1,阪神,8.000000000,4,2023,l2_logistic_c0.1,0.183921533,0.333333333
2023-03-19,202309011206,2020102027,2,カミーロ,0,9,Class1,阪神,28.000000000,3,2023,l2_logistic_c0.1,0.332466945,0.333333333
2023-03-19,202309011206,2020105951,4,ヴェンチュラムーン,1,9,Class1,阪神,28.000000000,5,2023,l2_logistic_c0.1,0.521358133,0.333333333
2023-03-19,202309011206,2020106944,5,ネイキッド,0,9,Class1,阪神,127.000000000,4,2023,l2_logistic_c0.1,0.325226787,0.333333333
2023-03-19,202309011206,2020101503,6,カンチェンジュンガ,0,9,Class1,阪神,28.000000000,3,2023,l2_logistic_c0.1,0.440417315,0.333333333
2023-03-19,202309011206,2020104970,7,アパラージタ,0,9,Class1,阪神,35.000000000,5,2023,l2_logistic_c0.1,0.064554231,0.333333333
2023-03-19,202309011206,2020110114,9,スリーアイランド,1,9,Class1,阪神,22.000000000,4,2023,l2_logistic_c0.1,0.555971280,0.333333333
2023-03-25,202306030105,2020105293,1,ペインティトブルー,0,11,Class1,中山,7.000000000,4,2023,l2_logistic_c0.1,0.139425638,0.272727273
2023-03-25,202306030105,2020100971,2,ヴォーノハート,0,11,Class1,中山,28.000000000,3,2023,l2_logistic_c0.1,0.228299592,0.272727273
2023-03-25,202306030105,2020106987,3,スムースベルベット,1,11,Class1,中山,13.000000000,7,2023,l2_logistic_c0.1,0.349835069,0.272727273
2023-03-25,202306030105,2020106970,4,スングリダンダン,0,11,Class1,中山,13.000000000,7,2023,l2_logistic_c0.1,0.121390190,0.272727273
2023-03-25,202306030105,2020106451,5,コーヒーカフェ,0,11,Class1,中山,63.000000000,7,2023,l2_logistic_c0.1,0.060811409,0.272727273
2023-03-25,202306030105,2020102140,6,アンビバレント,1,11,Class1,中山,21.000000000,4,2023,l2_logistic_c0.1,0.165565077,0.272727273
2023-03-25,202306030105,2020103885,7,クリノゴッホ,0,11,Class1,中山,13.000000000,8,2023,l2_logistic_c0.1,0.436722586,0.272727273
2023-03-25,202306030105,2020106963,9,アンタノバラード,1,11,Class1,中山,13.000000000,7,2023,l2_logistic_c0.1,0.628932186,0.272727273
2023-03-25,202306030105,2020106750,10,シルヴァーゴースト,0,11,Class1,中山,13.000000000,6,2023,l2_logistic_c0.1,0.243320392,0.272727273
2023-03-26,202306030212,2019102922,1,ゼンカイテン,0,13,Class2,中山,21.000000000,10,2023,l2_logistic_c0.1,0.055796217,0.230769231
2023-03-26,202306030212,2018101679,2,カシノフォワード,0,13,Class2,中山,15.000000000,23,2023,l2_logistic_c0.1,0.110041133,0.230769231
2023-03-26,202306030212,2019110042,3,スーリールダンジュ,0,13,Class2,中山,28.000000000,5,2023,l2_logistic_c0.1,0.549014771,0.230769231
2023-03-26,202306030212,2018100433,4,ブロンズレッド,0,13,Class2,中山,22.000000000,14,2023,l2_logistic_c0.1,0.115477756,0.230769231
2023-03-26,202306030212,2018104765,5,イズンシーラブリー,1,13,Class2,中山,15.000000000,16,2023,l2_logistic_c0.1,0.500374895,0.230769231
2023-03-26,202306030212,2018103498,6,アイルビーザワン,1,13,Class2,中山,113.000000000,16,2023,l2_logistic_c0.1,0.069355092,0.230769231
2023-03-26,202306030212,2019109140,7,ヒノクニ,0,13,Class2,中山,15.000000000,18,2023,l2_logistic_c0.1,0.187385239,0.230769231
2023-03-26,202306030212,2019102761,8,グレタ,0,13,Class2,中山,35.000000000,10,2023,l2_logistic_c0.1,0.099218370,0.230769231
2023-03-26,202306030212,2017100660,9,ポピュラーソング,0,13,Class2,中山,29.000000000,5,2023,l2_logistic_c0.1,0.152702592,0.230769231
2023-03-26,202306030212,2018105004,10,アップリバー,0,13,Class2,中山,76.000000000,22,2023,l2_logistic_c0.1,0.192289431,0.230769231
2023-03-26,202306030212,2019100053,11,アレクサンドラ,0,13,Class2,中山,15.000000000,8,2023,l2_logistic_c0.1,0.056044042,0.230769231
2023-03-26,202306030212,2018103485,12,ジャガード,0,13,Class2,中山,15.000000000,20,2023,l2_logistic_c0.1,0.054940882,0.230769231
2023-03-26,202306030212,2018100097,13,スマートルシーダ,1,13,Class2,中山,120.000000000,15,2023,l2_logistic_c0.1,0.176378472,0.230769231
2023-03-26,202307020608,2018103933,1,テーオーエルサ,0,18,Class1,中京,22.000000000,13,2023,l2_logistic_c0.1,0.045170558,0.166666667
2023-03-26,202307020608,2018100480,2,デルマヤクシ,1,18,Class1,中京,29.000000000,14,2023,l2_logistic_c0.1,0.184358498,0.166666667
2023-03-26,202307020608,2019106863,3,ショウナンラタン,0,18,Class1,中京,36.000000000,10,2023,l2_logistic_c0.1,0.194544328,0.166666667
2023-03-26,202307020608,2018105212,4,エターナルピース,0,18,Class1,中京,316.000000000,4,2023,l2_logistic_c0.1,0.114751678,0.166666667
2023-03-26,202307020608,2019101998,5,サンマルクレイジー,0,18,Class1,中京,105.000000000,7,2023,l2_logistic_c0.1,0.044019087,0.166666667
2023-03-26,202307020608,2018103512,6,ホウオウジュレップ,0,18,Class1,中京,22.000000000,13,2023,l2_logistic_c0.1,0.104809533,0.166666667
2023-03-26,202307020608,2019103612,7,エメラルアポロン,0,18,Class1,中京,21.000000000,4,2023,l2_logistic_c0.1,0.029861533,0.166666667
2023-03-26,202307020608,2019105105,8,ヴィルチュオーズ,0,18,Class1,中京,50.000000000,7,2023,l2_logistic_c0.1,0.044901284,0.166666667
2023-03-26,202307020608,2018102669,9,スズノナデシコ,0,18,Class1,中京,29.000000000,17,2023,l2_logistic_c0.1,0.280133233,0.166666667
2023-03-26,202307020608,2018104780,10,ミエノベルル,0,18,Class1,中京,29.000000000,15,2023,l2_logistic_c0.1,0.050263289,0.166666667
2023-03-26,202307020608,2019103814,11,スカイトレイル,0,18,Class1,中京,35.000000000,15,2023,l2_logistic_c0.1,0.104396073,0.166666667
2023-03-26,202307020608,2019102240,12,マメコ,1,18,Class1,中京,29.000000000,9,2023,l2_logistic_c0.1,0.288020598,0.166666667
2023-03-26,202307020608,2018104559,13,ナリタローゼ,0,18,Class1,中京,28.000000000,14,2023,l2_logistic_c0.1,0.330558246,0.166666667
2023-03-26,202307020608,2019100604,14,ヤマニンアンフィル,1,18,Class1,中京,49.000000000,8,2023,l2_logistic_c0.1,0.251563930,0.166666667
2023-03-26,202307020608,2018106145,15,アコルダール,0,18,Class1,中京,610.000000000,6,2023,l2_logistic_c0.1,0.039810426,0.166666667
2023-03-26,202307020608,2019105412,16,プリモカリーナ,0,18,Class1,中京,57.000000000,7,2023,l2_logistic_c0.1,0.277440756,0.166666667
2023-03-26,202307020608,2018104077,17,グリュレーヴ,0,18,Class1,中京,21.000000000,16,2023,l2_logistic_c0.1,0.039008840,0.166666667
2023-03-26,202307020608,2018106701,18,ルヴァンノワール,0,18,Class1,中京,7.000000000,22,2023,l2_logistic_c0.1,0.143303882,0.166666667
2023-03-26,202307020611,2015104364,1,トゥラヴェスーラ,1,18,Open,中京,92.000000000,26,2023,l2_logistic_c0.1,0.189965172,0.166666667
2023-03-26,202307020611,2019102788,2,ウォーターナビレラ,0,18,Open,中京,36.000000000,10,2023,l2_logistic_c0.1,0.238224304,0.166666667
2023-03-26,202307020611,2015101028,3,キルロード,0,18,Open,中京,56.000000000,28,2023,l2_logistic_c0.1,0.266089799,0.166666667
2023-03-26,202307020611,2018105610,4,ダディーズビビッド,0,18,Open,中京,28.000000000,20,2023,l2_logistic_c0.1,0.327046777,0.166666667
2023-03-26,202307020611,2018105069,5,メイケイエール,0,18,Open,中京,175.000000000,13,2023,l2_logistic_c0.1,0.284131432,0.166666667
2023-03-26,202307020611,2016106453,6,ナランフレグ,0,18,Open,中京,22.000000000,32,2023,l2_logistic_c0.1,0.255766152,0.166666667
2023-03-26,202307020611,2017100434,7,ヴェントヴォーチェ,0,18,Open,中京,22.000000000,14,2023,l2_logistic_c0.1,0.369032306,0.166666667
2023-03-26,202307020611,2017110144,8,ロータスランド,0,18,Open,中京,36.000000000,19,2023,l2_logistic_c0.1,0.398256922,0.166666667
2023-03-26,202307020611,2017100583,9,ディヴィナシオン,0,18,Open,中京,22.000000000,40,2023,l2_logistic_c0.1,0.107048627,0.166666667
2023-03-26,202307020611,2017100381,10,オパールシャルム,0,18,Open,中京,22.000000000,29,2023,l2_logistic_c0.1,0.146835103,0.166666667
2023-03-26,202307020611,2018105204,11,ピクシーナイト,0,18,Open,中京,539.000000000,8,2023,l2_logistic_c0.1,0.476449357,0.166666667
2023-03-26,202307020611,2019105126,12,アグリ,0,18,Open,中京,28.000000000,9,2023,l2_logistic_c0.1,0.507938899,0.166666667
2023-03-26,202307020611,2016102197,13,ファストフォース,1,18,Open,中京,56.000000000,24,2023,l2_logistic_c0.1,0.234863813,0.166666667
2023-03-26,202307020611,2019106526,14,トウシンマカオ,0,18,Open,中京,56.000000000,10,2023,l2_logistic_c0.1,0.334945685,0.166666667
2023-03-26,202307020611,2019103753,15,ナムラクレア,1,18,Open,中京,56.000000000,11,2023,l2_logistic_c0.1,0.519208456,0.166666667
2023-03-26,202307020611,2018104934,16,グレナディアガーズ,0,18,Open,中京,28.000000000,12,2023,l2_logistic_c0.1,0.354088355,0.166666667
2023-03-26,202307020611,2017101121,17,ボンボヤージ,0,18,Open,中京,36.000000000,22,2023,l2_logistic_c0.1,0.103197972,0.166666667
2023-03-26,202307020611,2019100213,18,ウインマーベル,0,18,Open,中京,56.000000000,14,2023,l2_logistic_c0.1,0.462921551,0.166666667
2023-04-01,202309020310,2018101103,1,クリノキララ,0,10,Class2,阪神,86.000000000,17,2023,l2_logistic_c0.1,0.064022556,0.300000000
2023-04-01,202309020310,2017105126,2,チャイカ,1,10,Class2,阪神,35.000000000,25,2023,l2_logistic_c0.1,0.126830965,0.300000000
2023-04-01,202309020310,2017102940,3,ワンダーカタリナ,0,10,Class2,阪神,49.000000000,20,2023,l2_logistic_c0.1,0.237620638,0.300000000
2023-04-01,202309020310,2018106305,4,テーオーディエス,0,10,Class2,阪神,28.000000000,23,2023,l2_logistic_c0.1,0.107438037,0.300000000
2023-04-01,202309020310,2019104260,5,メイショウクリフト,1,10,Class2,阪神,28.000000000,6,2023,l2_logistic_c0.1,0.532830853,0.300000000
2023-04-01,202309020310,2019110066,6,エンジェルシリカ,0,10,Class2,阪神,20.000000000,15,2023,l2_logistic_c0.1,0.282686520,0.300000000
2023-04-01,202309020310,2018101573,7,セイレーン,0,10,Class2,阪神,42.000000000,17,2023,l2_logistic_c0.1,0.206405804,0.300000000
2023-04-01,202309020310,2019103714,8,メイショウソラフネ,1,10,Class2,阪神,14.000000000,9,2023,l2_logistic_c0.1,0.714931603,0.300000000
2023-04-01,202309020310,2017101777,9,ヤマニンプティパ,0,10,Class2,阪神,21.000000000,25,2023,l2_logistic_c0.1,0.307920647,0.300000000
2023-04-01,202309020310,2019109094,10,ブッシュガーデン,0,10,Class2,阪神,28.000000000,15,2023,l2_logistic_c0.1,0.510624494,0.300000000
2023-04-08,202303010102,2020101863,2,コパカバーナビーチ,0,16,Maiden,福島,195.000000000,5,2023,l2_logistic_c0.1,0.295061772,0.187500000
2023-04-08,202303010102,2020105299,7,リアライズ,0,16,Maiden,福島,28.000000000,3,2023,l2_logistic_c0.1,0.345943677,0.187500000
2023-04-08,202303010102,2020106966,8,ピンクジン,0,16,Maiden,福島,133.000000000,8,2023,l2_logistic_c0.1,0.266136144,0.187500000
2023-04-08,202303010102,2020100347,9,クリノリアルレディ,0,16,Maiden,福島,27.000000000,12,2023,l2_logistic_c0.1,0.157237478,0.187500000
2023-04-08,202303010102,2020105365,10,ドーバーホーク,1,16,Maiden,福島,28.000000000,4,2023,l2_logistic_c0.1,0.466235551,0.187500000
2023-04-08,202303010102,2020106979,11,ベベ,0,16,Maiden,福島,119.000000000,11,2023,l2_logistic_c0.1,0.081473512,0.187500000
2023-04-08,202303010102,2020106777,14,セレッソデアモール,1,16,Maiden,福島,27.000000000,5,2023,l2_logistic_c0.1,0.290911430,0.187500000
2023-04-08,202303010110,2018103205,1,クムシラコ,0,16,Class2,福島,104.000000000,25,2023,l2_logistic_c0.1,0.126898688,0.187500000
2023-04-08,202303010110,2018100373,2,アップストリーム,0,16,Class2,福島,76.000000000,16,2023,l2_logistic_c0.1,0.192498609,0.187500000
2023-04-08,202303010110,2019109146,3,イールテソーロ,0,16,Class2,福島,147.000000000,9,2023,l2_logistic_c0.1,0.137115539,0.187500000
2023-04-08,202303010110,2017101571,4,サイヤダンサー,1,16,Class2,福島,83.000000000,24,2023,l2_logistic_c0.1,0.276759403,0.187500000
2023-04-08,202303010110,2019102922,5,ゼンカイテン,0,16,Class2,福島,13.000000000,11,2023,l2_logistic_c0.1,0.114490096,0.187500000
2023-04-08,202303010110,2019103010,6,オードゥメール,1,16,Class2,福島,20.000000000,12,2023,l2_logistic_c0.1,0.271570845,0.187500000
2023-04-08,202303010110,2019105050,7,メルヴィル,0,16,Class2,福島,83.000000000,10,2023,l2_logistic_c0.1,0.457101801,0.187500000
2023-04-08,202303010110,2018103296,8,サニーオーシャン,0,16,Class2,福島,70.000000000,21,2023,l2_logistic_c0.1,0.052326559,0.187500000
2023-04-08,202303010110,2018105163,9,ドナウエレン,0,16,Class2,福島,20.000000000,9,2023,l2_logistic_c0.1,0.247841697,0.187500000
2023-04-08,202303010110,2019107075,10,ブランデーロック,0,16,Class2,福島,28.000000000,28,2023,l2_logistic_c0.1,0.237355702,0.187500000
2023-04-08,202303010110,2018101232,11,ヒヤ,0,16,Class2,福島,105.000000000,17,2023,l2_logistic_c0.1,0.037579918,0.187500000
2023-04-08,202303010110,2019100214,12,ウインモナーク,0,16,Class2,福島,70.000000000,9,2023,l2_logistic_c0.1,0.553285945,0.187500000
2023-04-08,202303010110,2017103020,13,ダンツイノーバ,1,16,Class2,福島,125.000000000,33,2023,l2_logistic_c0.1,0.085506278,0.187500000
2023-04-08,202303010110,2017105070,14,チャーミングアクト,0,16,Class2,福島,27.000000000,14,2023,l2_logistic_c0.1,0.145535119,0.187500000
2023-04-08,202303010110,2019103120,15,リトス,0,16,Class2,福島,83.000000000,15,2023,l2_logistic_c0.1,0.137258023,0.187500000
2023-04-08,202303010110,2018100636,16,ステラダイヤ,0,16,Class2,福島,83.000000000,15,2023,l2_logistic_c0.1,0.127795550,0.187500000
2023-04-08,202303010112,2019104930,1,スクリーンショット,0,16,Class1,福島,62.000000000,15,2023,l2_logistic_c0.1,0.197051572,0.187500000
2023-04-08,202303010112,2019110051,2,シュガーフロート,1,16,Class1,福島,35.000000000,8,2023,l2_logistic_c0.1,0.424849721,0.187500000
2023-04-08,202303010112,2019101743,3,タムロキュラムン,0,16,Class1,福島,41.000000000,13,2023,l2_logistic_c0.1,0.150190632,0.187500000
2023-04-08,202303010112,2019110001,4,ショウナンハクラク,1,16,Class1,福島,41.000000000,11,2023,l2_logistic_c0.1,0.200489069,0.187500000
2023-04-08,202303010112,2018105231,5,ラヴォルタ,0,16,Class1,福島,84.000000000,9,2023,l2_logistic_c0.1,0.332525376,0.187500000
2023-04-08,202303010112,2018100772,7,ハイライフ,0,16,Class1,福島,511.000000000,10,2023,l2_logistic_c0.1,0.051074422,0.187500000
2023-04-08,202303010112,2019100667,8,アランヴェリテ,0,16,Class1,福島,77.000000000,17,2023,l2_logistic_c0.1,0.218559748,0.187500000
2023-04-08,202303010112,2019103673,9,バーニングアイズ,0,16,Class1,福島,139.000000000,9,2023,l2_logistic_c0.1,0.098161419,0.187500000
2023-04-08,202303010112,2018104471,10,グレイトミッション,0,16,Class1,福島,48.000000000,25,2023,l2_logistic_c0.1,0.109337335,0.187500000
2023-04-08,202303010112,2018100593,11,タイガーリリー,0,16,Class1,福島,119.000000000,21,2023,l2_logistic_c0.1,0.223190657,0.187500000
2023-04-08,202303010112,2016104403,12,マロリン,0,16,Class1,福島,70.000000000,24,2023,l2_logistic_c0.1,0.063668710,0.187500000
2023-04-08,202303010112,2019104871,13,ウェストファリア,0,16,Class1,福島,63.000000000,9,2023,l2_logistic_c0.1,0.128298782,0.187500000
2023-04-08,202303010112,2019106596,14,バトルシャイニング,0,16,Class1,福島,41.000000000,12,2023,l2_logistic_c0.1,0.381870169,0.187500000
2023-04-08,202303010112,2018106701,15,ルヴァンノワール,0,16,Class1,福島,13.000000000,23,2023,l2_logistic_c0.1,0.176521493,0.187500000
2023-04-08,202303010112,2018105201,16,デイトンウェイ,1,16,Class1,福島,48.000000000,11,2023,l2_logistic_c0.1,0.235180841,0.187500000
2023-04-08,202306030510,2019105459,1,ソウテン,0,13,Class3,中山,21.000000000,12,2023,l2_logistic_c0.1,0.446176524,0.230769231
2023-04-08,202306030510,2018103498,2,アイルビーザワン,0,13,Class3,中山,13.000000000,17,2023,l2_logistic_c0.1,0.148390526,0.230769231
2023-04-08,202306030510,2018110035,3,シュバルツカイザー,1,13,Class3,中山,133.000000000,11,2023,l2_logistic_c0.1,0.099253939,0.230769231
2023-04-08,202306030510,2017100416,4,リーゼントフラム,0,13,Class3,中山,62.000000000,11,2023,l2_logistic_c0.1,0.146267154,0.230769231
2023-04-08,202306030510,2019104915,5,バンデルオーラ,0,13,Class3,中山,83.000000000,9,2023,l2_logistic_c0.1,0.395070362,0.230769231
2023-04-08,202306030510,2019102522,6,ドグマ,0,13,Class3,中山,69.000000000,11,2023,l2_logistic_c0.1,0.329172439,0.230769231
2023-04-08,202306030510,2019106102,7,アネゴハダ,0,13,Class3,中山,147.000000000,13,2023,l2_logistic_c0.1,0.469799706,0.230769231
2023-04-08,202306030510,2019105775,8,ホウオウノーサイド,0,13,Class3,中山,28.000000000,11,2023,l2_logistic_c0.1,0.315288648,0.230769231
2023-04-08,202306030510,2019101903,9,ブレスレスリー,0,13,Class3,中山,41.000000000,13,2023,l2_logistic_c0.1,0.291182002,0.230769231
2023-04-08,202306030510,2018106055,10,ヨシノイースター,1,13,Class3,中山,21.000000000,17,2023,l2_logistic_c0.1,0.507690916,0.230769231
2023-04-08,202306030510,2017102838,11,ハーモニーマゼラン,1,13,Class3,中山,13.000000000,21,2023,l2_logistic_c0.1,0.247330933,0.230769231
2023-04-08,202306030510,2019104962,12,ウィリン,0,13,Class3,中山,28.000000000,6,2023,l2_logistic_c0.1,0.556120677,0.230769231
2023-04-08,202306030510,2019104451,13,ビーオンザマーチ,0,13,Class3,中山,56.000000000,10,2023,l2_logistic_c0.1,0.172309966,0.230769231
2023-04-08,202309020506,2020102702,1,ストリンジェンド,0,11,Class1,阪神,42.000000000,7,2023,l2_logistic_c0.1,0.170964670,0.272727273
2023-04-08,202309020506,2020101503,2,カンチェンジュンガ,1,11,Class1,阪神,20.000000000,4,2023,l2_logistic_c0.1,0.383424970,0.272727273
2023-04-08,202309020506,2020102963,3,ベルビューポイント,1,11,Class1,阪神,84.000000000,4,2023,l2_logistic_c0.1,0.542770318,0.272727273
2023-04-08,202309020506,2020102640,4,サイモンオリーブ,0,11,Class1,阪神,90.000000000,5,2023,l2_logistic_c0.1,0.131828283,0.272727273
2023-04-08,202309020506,2020106944,5,ネイキッド,0,11,Class1,阪神,20.000000000,5,2023,l2_logistic_c0.1,0.247757232,0.272727273
2023-04-08,202309020506,2020100530,8,フォルティーナ,0,11,Class1,阪神,69.000000000,3,2023,l2_logistic_c0.1,0.155448624,0.272727273
2023-04-08,202309020506,2020101031,9,アスクエピソード,0,11,Class1,阪神,21.000000000,5,2023,l2_logistic_c0.1,0.539795566,0.272727273
2023-04-08,202309020506,2020106409,10,ペプチドハドソン,0,11,Class1,阪神,126.000000000,5,2023,l2_logistic_c0.1,0.246724902,0.272727273
2023-04-09,202303010205,2020101715,1,リーリオブランコ,1,16,Maiden,福島,15.000000000,3,2023,l2_logistic_c0.1,0.393398601,0.187500000
2023-04-09,202303010205,2020100482,2,イルルージュ,0,16,Maiden,福島,147.000000000,3,2023,l2_logistic_c0.1,0.148580669,0.187500000
2023-04-09,202303010205,2020102299,5,アシャカタカ,1,16,Maiden,福島,29.000000000,3,2023,l2_logistic_c0.1,0.343476064,0.187500000
2023-04-09,202303010205,2020103096,10,リュバンスリーズ,0,16,Maiden,福島,92.000000000,5,2023,l2_logistic_c0.1,0.044344366,0.187500000
2023-04-09,202303010205,2020104837,13,ライトブラーヴ,0,16,Maiden,福島,141.000000000,6,2023,l2_logistic_c0.1,0.134720245,0.187500000
2023-04-09,202303010205,2020105075,14,マルヨクレハ,0,16,Maiden,福島,22.000000000,4,2023,l2_logistic_c0.1,0.180574324,0.187500000
2023-04-09,202303010205,2020103898,15,イグニション,0,16,Maiden,福島,21.000000000,4,2023,l2_logistic_c0.1,0.224854744,0.187500000
2023-04-09,202303010208,2017106776,2,デロリス,0,15,Class1,福島,49.000000000,9,2023,l2_logistic_c0.1,0.048288618,0.200000000
2023-04-09,202303010208,2019105738,3,ピンクセイラー,0,15,Class1,福島,49.000000000,4,2023,l2_logistic_c0.1,0.150359949,0.200000000
2023-04-09,202303010208,2019105267,4,スリールサンセール,0,15,Class1,福島,64.000000000,8,2023,l2_logistic_c0.1,0.216959801,0.200000000
2023-04-09,202303010208,2019103360,5,ジョーブリッランテ,0,15,Class1,福島,63.000000000,17,2023,l2_logistic_c0.1,0.171900060,0.200000000
2023-04-09,202303010208,2019101185,6,サザンステート,0,15,Class1,福島,22.000000000,12,2023,l2_logistic_c0.1,0.274949784,0.200000000
2023-04-09,202303010208,2018106612,7,オリアメンディ,0,15,Class1,福島,120.000000000,23,2023,l2_logistic_c0.1,0.071260314,0.200000000
2023-04-09,202303010208,2018105257,8,ダノンジェネラル,0,15,Class1,福島,14.000000000,11,2023,l2_logistic_c0.1,0.141559513,0.200000000
2023-04-09,202303010208,2018104364,9,メルジーナ,0,15,Class1,福島,617.000000000,4,2023,l2_logistic_c0.1,0.066028183,0.200000000
2023-04-09,202303010208,2019106598,10,プロティオスミノル,0,15,Class1,福島,218.000000000,3,2023,l2_logistic_c0.1,0.175457858,0.200000000
2023-04-09,202303010208,2017101448,11,ウインアステロイド,1,15,Class1,福島,42.000000000,35,2023,l2_logistic_c0.1,0.272573328,0.200000000
2023-04-09,202303010208,2017105132,12,パラティーノヒル,0,15,Class1,福島,64.000000000,33,2023,l2_logistic_c0.1,0.055818355,0.200000000
2023-04-09,202303010208,2018105518,13,ダブルスナッチ,1,15,Class1,福島,63.000000000,10,2023,l2_logistic_c0.1,0.308745357,0.200000000
2023-04-09,202303010208,2019101032,14,ユキヤナギ,0,15,Class1,福島,43.000000000,18,2023,l2_logistic_c0.1,0.058340884,0.200000000
2023-04-09,202303010208,2019102456,15,ナバロン,1,15,Class1,福島,22.000000000,17,2023,l2_logistic_c0.1,0.384080421,0.200000000
2023-04-09,202303010211,2017104852,1,キャプテンドレイク,0,16,Open,福島,56.000000000,20,2023,l2_logistic_c0.1,0.159512595,0.187500000
2023-04-09,202303010211,2017103295,2,チェアリングソング,0,16,Open,福島,85.000000000,28,2023,l2_logistic_c0.1,0.104622377,0.187500000
2023-04-09,202303010211,2018105296,3,モントライゼ,0,16,Open,福島,126.000000000,14,2023,l2_logistic_c0.1,0.206895734,0.187500000
2023-04-09,202303010211,2017105298,4,ストーンリッジ,0,16,Open,福島,56.000000000,19,2023,l2_logistic_c0.1,0.244076700,0.187500000
2023-04-09,202303010211,2016104983,5,トップオブメジャー,0,16,Open,福島,288.000000000,19,2023,l2_logistic_c0.1,0.157937063,0.187500000
2023-04-09,202303010211,2017104253,6,ジュニパーベリー,0,16,Open,福島,56.000000000,27,2023,l2_logistic_c0.1,0.208370435,0.187500000
2023-04-09,202303010211,2017110123,7,ヴィズサクセス,1,16,Open,福島,182.000000000,15,2023,l2_logistic_c0.1,0.169883844,0.187500000
2023-04-09,202303010211,2017106720,8,サンライズオネスト,1,16,Open,福島,113.000000000,23,2023,l2_logistic_c0.1,0.125207803,0.187500000
2023-04-09,202303010211,2017100367,9,サトノファビュラス,0,16,Open,福島,56.000000000,20,2023,l2_logistic_c0.1,0.075252459,0.187500000
2023-04-09,202303010211,2015104347,10,ルッジェーロ,0,16,Open,福島,85.000000000,38,2023,l2_logistic_c0.1,0.119815171,0.187500000
2023-04-09,202303010211,2017106387,11,スマートリアン,1,16,Open,福島,85.000000000,22,2023,l2_logistic_c0.1,0.252771613,0.187500000
2023-04-09,202303010211,2014101827,12,クリノライメイ,0,16,Open,福島,910.000000000,28,2023,l2_logistic_c0.1,0.015513966,0.187500000
2023-04-09,202303010211,2017105443,13,ビップウインク,0,16,Open,福島,56.000000000,22,2023,l2_logistic_c0.1,0.091721463,0.187500000
2023-04-09,202303010211,2014102625,14,ダイメイフジ,0,16,Open,福島,106.000000000,62,2023,l2_logistic_c0.1,0.073835604,0.187500000
2023-04-09,202303010211,2018110045,15,ショックアクション,0,16,Open,福島,85.000000000,14,2023,l2_logistic_c0.1,0.113545491,0.187500000
2023-04-09,202303010211,2016103415,16,ショウナンバニラ,0,16,Open,福島,70.000000000,37,2023,l2_logistic_c0.1,0.077572621,0.187500000
2023-04-09,202306030607,2020104203,1,スピードオブライト,1,9,Class1,中山,28.000000000,4,2023,l2_logistic_c0.1,0.856075372,0.333333333
2023-04-09,202306030607,2020102298,2,トレブランシュ,0,9,Class1,中山,64.000000000,3,2023,l2_logistic_c0.1,0.712831902,0.333333333
2023-04-09,202306030607,2020106623,3,ゴキゲンサン,0,9,Class1,中山,22.000000000,4,2023,l2_logistic_c0.1,0.469227521,0.333333333
2023-04-09,202306030607,2020102121,5,シルバーレイズ,0,9,Class1,中山,28.000000000,5,2023,l2_logistic_c0.1,0.176261658,0.333333333
2023-04-09,202306030607,2020103885,6,クリノゴッホ,0,9,Class1,中山,15.000000000,9,2023,l2_logistic_c0.1,0.383213760,0.333333333
2023-04-09,202306030607,2020105144,7,ニシキギミッチー,0,9,Class1,中山,70.000000000,3,2023,l2_logistic_c0.1,0.265057991,0.333333333
2023-04-09,202306030607,2020102488,8,トーセンエスクード,1,9,Class1,中山,63.000000000,4,2023,l2_logistic_c0.1,0.679746911,0.333333333
2023-04-15,202303010302,2020105562,1,パルフュメ,1,16,Maiden,福島,91.000000000,5,2023,l2_logistic_c0.1,0.311994809,0.187500000
2023-04-15,202303010302,2020101171,2,ビスケット,0,16,Maiden,福島,111.000000000,4,2023,l2_logistic_c0.1,0.043931223,0.187500000
2023-04-15,202303010302,2020101966,3,ダイシンベスパ,0,16,Maiden,福島,63.000000000,5,2023,l2_logistic_c0.1,0.156147269,0.187500000
2023-04-15,202303010302,2020106706,4,タリア,1,16,Maiden,福島,21.000000000,5,2023,l2_logistic_c0.1,0.494192047,0.187500000
2023-04-15,202303010302,2020106121,7,カッテミル,0,16,Maiden,福島,77.000000000,7,2023,l2_logistic_c0.1,0.449774496,0.187500000
2023-04-15,202303010302,2020103467,10,ナリサ,0,16,Maiden,福島,20.000000000,4,2023,l2_logistic_c0.1,0.277937204,0.187500000
2023-04-15,202303010302,2020101770,12,トリプルウイナー,1,16,Maiden,福島,28.000000000,5,2023,l2_logistic_c0.1,0.248104679,0.187500000
2023-04-15,202303010302,2020103908,13,ロンスアンドロンス,0,16,Maiden,福島,63.000000000,3,2023,l2_logistic_c0.1,0.086347510,0.187500000
2023-04-15,202303010302,2020100441,14,ハナサキポプラ,0,16,Maiden,福島,83.000000000,8,2023,l2_logistic_c0.1,0.103355976,0.187500000
2023-04-15,202303010305,2020100424,1,コノハナミカミ,0,16,Maiden,福島,100.000000000,3,2023,l2_logistic_c0.1,0.072131585,0.187500000
2023-04-15,202303010305,2020104825,3,スカプラリオ,1,16,Maiden,福島,28.000000000,5,2023,l2_logistic_c0.1,0.372157046,0.187500000
2023-04-15,202303010305,2020100580,4,ソルエストレーラ,1,16,Maiden,福島,100.000000000,3,2023,l2_logistic_c0.1,0.220996082,0.187500000
2023-04-15,202303010305,2020100279,5,テリオスノア,0,16,Maiden,福島,98.000000000,4,2023,l2_logistic_c0.1,0.099845691,0.187500000
2023-04-15,202303010305,2020105426,10,ベストバディ,0,16,Maiden,福島,90.000000000,3,2023,l2_logistic_c0.1,0.357959100,0.187500000
2023-04-15,202303010305,2020106336,12,ゴレイジョウ,0,16,Maiden,福島,69.000000000,6,2023,l2_logistic_c0.1,0.057723121,0.187500000
2023-04-15,202303010305,2020103152,16,ショウナンアキーム,0,16,Maiden,福島,62.000000000,4,2023,l2_logistic_c0.1,0.169193784,0.187500000
2023-04-15,202303010309,2020100390,1,リトルウインディー,1,16,Class1,福島,28.000000000,5,2023,l2_logistic_c0.1,0.485652863,0.187500000
2023-04-15,202303010309,2020100305,3,セイウンスイート,1,16,Class1,福島,91.000000000,6,2023,l2_logistic_c0.1,0.129194379,0.187500000
2023-04-15,202303010309,2020104942,4,シルフィードレーヴ,0,16,Class1,福島,132.000000000,4,2023,l2_logistic_c0.1,0.329468803,0.187500000
2023-04-15,202303010309,2020106750,5,シルヴァーゴースト,0,16,Class1,福島,21.000000000,7,2023,l2_logistic_c0.1,0.216814679,0.187500000
2023-04-15,202303010309,2020105298,6,ノースディーバ,0,16,Class1,福島,90.000000000,5,2023,l2_logistic_c0.1,0.136410142,0.187500000
2023-04-15,202303010309,2020109067,8,リサリサ,1,16,Class1,福島,49.000000000,6,2023,l2_logistic_c0.1,0.403941464,0.187500000
2023-04-15,202303010309,2020102971,9,サトノグレイト,0,16,Class1,福島,28.000000000,5,2023,l2_logistic_c0.1,0.417433648,0.187500000
2023-04-15,202303010309,2020106987,10,スムースベルベット,0,16,Class1,福島,21.000000000,8,2023,l2_logistic_c0.1,0.307563219,0.187500000
2023-04-15,202303010309,2020102940,11,ダンシングニードル,0,16,Class1,福島,84.000000000,6,2023,l2_logistic_c0.1,0.287606680,0.187500000
2023-04-15,202303010309,2020101556,12,オーサムサンライズ,0,16,Class1,福島,84.000000000,3,2023,l2_logistic_c0.1,0.228927561,0.187500000
2023-04-15,202303010309,2020105897,13,ソアラ,0,16,Class1,福島,223.000000000,3,2023,l2_logistic_c0.1,0.190592922,0.187500000
2023-04-15,202303010309,2020104301,14,メアリー,0,16,Class1,福島,196.000000000,3,2023,l2_logistic_c0.1,0.260831624,0.187500000
2023-04-15,202303010309,2020103885,15,クリノゴッホ,0,16,Class1,福島,6.000000000,10,2023,l2_logistic_c0.1,0.153106294,0.187500000
2023-04-15,202306030708,2019110107,1,ジャスパークローネ,1,16,Class2,中山,42.000000000,9,2023,l2_logistic_c0.1,0.422027825,0.187500000
2023-04-15,202306030708,2018102585,2,ロードラスター,1,16,Class2,中山,63.000000000,22,2023,l2_logistic_c0.1,0.198631699,0.187500000
2023-04-15,202306030708,2018103205,3,クムシラコ,1,16,Class2,中山,7.000000000,26,2023,l2_logistic_c0.1,0.127739608,0.187500000
2023-04-15,202306030708,2019100898,4,タッカーシルバー,0,16,Class2,中山,63.000000000,10,2023,l2_logistic_c0.1,0.246187780,0.187500000
2023-04-15,202306030708,2018104765,5,イズンシーラブリー,0,16,Class2,中山,20.000000000,17,2023,l2_logistic_c0.1,0.393402071,0.187500000
2023-04-15,202306030708,2019104386,6,トーセンサンダー,0,16,Class2,中山,35.000000000,11,2023,l2_logistic_c0.1,0.173079419,0.187500000
2023-04-15,202306030708,2018102643,7,フェイマスダンディ,0,16,Class2,中山,41.000000000,11,2023,l2_logistic_c0.1,0.047593893,0.187500000
2023-04-15,202306030708,2019102436,8,ミズノコキュウ,0,16,Class2,中山,63.000000000,16,2023,l2_logistic_c0.1,0.135689459,0.187500000
2023-04-15,202306030708,2019102761,9,グレタ,0,16,Class2,中山,20.000000000,11,2023,l2_logistic_c0.1,0.113174862,0.187500000
2023-04-15,202306030708,2019103563,10,アスターディゴン,0,16,Class2,中山,56.000000000,14,2023,l2_logistic_c0.1,0.201537670,0.187500000
2023-04-15,202306030708,2018105004,11,アップリバー,0,16,Class2,中山,20.000000000,23,2023,l2_logistic_c0.1,0.172976887,0.187500000
2023-04-15,202306030708,2018103485,12,ジャガード,0,16,Class2,中山,20.000000000,21,2023,l2_logistic_c0.1,0.035539988,0.187500000
2023-04-15,202306030708,2018105874,13,ルルローズ,0,16,Class2,中山,70.000000000,12,2023,l2_logistic_c0.1,0.253454590,0.187500000
2023-04-15,202306030708,2017100660,14,ポピュラーソング,0,16,Class2,中山,20.000000000,6,2023,l2_logistic_c0.1,0.122223840,0.187500000
2023-04-15,202306030708,2018101679,15,カシノフォワード,0,16,Class2,中山,20.000000000,24,2023,l2_logistic_c0.1,0.059679781,0.187500000
2023-04-15,202306030708,2015103867,16,ウメタロウ,0,16,Class2,中山,7.000000000,47,2023,l2_logistic_c0.1,0.034827844,0.187500000
2023-04-16,202303010407,2017101559,1,アトムヴェローチェ,0,16,Class1,福島,154.000000000,9,2023,l2_logistic_c0.1,0.034915382,0.187500000
2023-04-16,202303010407,2019101833,2,ウインクルシャープ,0,16,Class1,福島,148.000000000,10,2023,l2_logistic_c0.1,0.131898358,0.187500000
2023-04-16,202303010407,2018105447,3,インプレストサマー,0,16,Class1,福島,188.000000000,6,2023,l2_logistic_c0.1,0.058158532,0.187500000
2023-04-16,202303010407,2019102215,4,サク,0,16,Class1,福島,148.000000000,6,2023,l2_logistic_c0.1,0.164207474,0.187500000
2023-04-16,202303010407,2019104538,5,マンクスホップ,0,16,Class1,福島,92.000000000,9,2023,l2_logistic_c0.1,0.117306538,0.187500000
2023-04-16,202303010407,2018102069,6,ラナキラ,0,16,Class1,福島,71.000000000,10,2023,l2_logistic_c0.1,0.290707373,0.187500000
2023-04-16,202303010407,2019103054,7,クイーンオブチェコ,0,16,Class1,福島,245.000000000,4,2023,l2_logistic_c0.1,0.077870643,0.187500000
2023-04-16,202303010407,2019104686,8,アキバ,0,16,Class1,福島,91.000000000,10,2023,l2_logistic_c0.1,0.229816058,0.187500000
2023-04-16,202303010407,2019105144,9,スクルトゥーラ,0,16,Class1,福島,71.000000000,7,2023,l2_logistic_c0.1,0.134640642,0.187500000
2023-04-16,202303010407,2019102240,10,マメコ,1,16,Class1,福島,21.000000000,10,2023,l2_logistic_c0.1,0.367421675,0.187500000
2023-04-16,202303010407,2018103620,11,ロゼクラン,1,16,Class1,福島,28.000000000,15,2023,l2_logistic_c0.1,0.365880679,0.187500000
2023-04-16,202303010407,2018106717,12,プロトサマニ,0,16,Class1,福島,183.000000000,10,2023,l2_logistic_c0.1,0.081785579,0.187500000
2023-04-16,202303010407,2019104549,13,テンメジャーガール,1,16,Class1,福島,71.000000000,11,2023,l2_logistic_c0.1,0.271391525,0.187500000
2023-04-16,202303010407,2018104908,14,アルジェントステラ,0,16,Class1,福島,91.000000000,10,2023,l2_logistic_c0.1,0.138285879,0.187500000
2023-04-16,202303010407,2019100910,15,ゼンノテンバ,0,16,Class1,福島,70.000000000,10,2023,l2_logistic_c0.1,0.186571863,0.187500000
2023-04-16,202303010407,2019106565,16,メイショウソウゲツ,0,16,Class1,福島,232.000000000,11,2023,l2_logistic_c0.1,0.161098357,0.187500000
2023-04-16,202303010409,2018100480,1,デルマヤクシ,0,16,Class1,福島,21.000000000,15,2023,l2_logistic_c0.1,0.262012763,0.187500000
2023-04-16,202303010409,2019105412,2,プリモカリーナ,1,16,Class1,福島,21.000000000,8,2023,l2_logistic_c0.1,0.384506976,0.187500000
2023-04-16,202303010409,2019103193,3,トリップトゥムーン,1,16,Class1,福島,70.000000000,14,2023,l2_logistic_c0.1,0.269332285,0.187500000
2023-04-16,202303010409,2019110043,4,バーニーフォールズ,0,16,Class1,福島,120.000000000,8,2023,l2_logistic_c0.1,0.158849267,0.187500000
2023-04-16,202303010409,2019101562,5,デフィデリ,0,16,Class1,福島,63.000000000,15,2023,l2_logistic_c0.1,0.242105627,0.187500000
2023-04-16,202303010409,2019103584,6,オラヴェリタス,0,16,Class1,福島,42.000000000,23,2023,l2_logistic_c0.1,0.147861853,0.187500000
2023-04-16,202303010409,2019102041,7,アドヴァイス,1,16,Class1,福島,49.000000000,12,2023,l2_logistic_c0.1,0.234362721,0.187500000
2023-04-16,202303010409,2018110123,8,オリンピックデイ,0,16,Class1,福島,49.000000000,13,2023,l2_logistic_c0.1,0.336106301,0.187500000
2023-04-16,202303010409,2017103023,9,スウィートメリナ,0,16,Class1,福島,56.000000000,24,2023,l2_logistic_c0.1,0.047971408,0.187500000
2023-04-16,202303010409,2018110113,10,ヒトヨギリ,0,16,Class1,福島,246.000000000,7,2023,l2_logistic_c0.1,0.054276616,0.187500000
2023-04-16,202303010409,2017103309,11,ホウオウエンジェル,0,16,Class1,福島,63.000000000,22,2023,l2_logistic_c0.1,0.305117579,0.187500000
2023-04-16,202303010409,2018106145,12,アコルダール,0,16,Class1,福島,21.000000000,7,2023,l2_logistic_c0.1,0.091755983,0.187500000
2023-04-16,202303010409,2019102768,13,ヌーシャテル,0,16,Class1,福島,64.000000000,4,2023,l2_logistic_c0.1,0.063742033,0.187500000
2023-04-16,202303010409,2019106179,14,ハートホイップ,0,16,Class1,福島,57.000000000,7,2023,l2_logistic_c0.1,0.080301493,0.187500000
2023-04-16,202303010409,2019100593,15,フラッシュアーク,0,16,Class1,福島,50.000000000,12,2023,l2_logistic_c0.1,0.308444291,0.187500000
2023-04-16,202303010409,2018100593,16,タイガーリリー,0,16,Class1,福島,8.000000000,22,2023,l2_logistic_c0.1,0.205753297,0.187500000
2023-04-16,202306030810,2019104470,1,キミワクイーン,1,16,Open,中山,43.000000000,9,2023,l2_logistic_c0.1,0.268437266,0.187500000
2023-04-16,202306030810,2016102073,2,ホープフルサイン,0,16,Open,中山,49.000000000,31,2023,l2_logistic_c0.1,0.142599756,0.187500000
2023-04-16,202306030810,2018103929,3,ビューティフルデイ,0,16,Open,中山,182.000000000,12,2023,l2_logistic_c0.1,0.206026197,0.187500000
2023-04-16,202306030810,2019105463,4,レディバランタイン,1,16,Open,中山,36.000000000,11,2023,l2_logistic_c0.1,0.112253489,0.187500000
2023-04-16,202306030810,2019103782,5,ルピナスリード,0,16,Open,中山,57.000000000,10,2023,l2_logistic_c0.1,0.258623380,0.187500000
2023-04-16,202306030810,2017105661,6,ジュビリーヘッド,0,16,Open,中山,43.000000000,24,2023,l2_logistic_c0.1,0.373891727,0.187500000
2023-04-16,202306030810,2015105850,7,カイザーメランジェ,0,16,Open,中山,43.000000000,41,2023,l2_logistic_c0.1,0.071304935,0.187500000
2023-04-16,202306030810,2016110119,8,ジャスパージャック,0,16,Open,中山,43.000000000,21,2023,l2_logistic_c0.1,0.186368415,0.187500000
2023-04-16,202306030810,2019104911,9,プルパレイ,0,16,Open,中山,113.000000000,13,2023,l2_logistic_c0.1,0.085357322,0.187500000
2023-04-16,202306030810,2019110020,10,マッドクール,1,16,Open,中山,77.000000000,7,2023,l2_logistic_c0.1,0.453408132,0.187500000
2023-04-16,202306030810,2017104270,11,トキメキ,0,16,Open,中山,97.000000000,28,2023,l2_logistic_c0.1,0.156037419,0.187500000
2023-04-16,202306030810,2019100765,12,コムストックロード,0,16,Open,中山,57.000000000,14,2023,l2_logistic_c0.1,0.126021545,0.187500000
2023-04-16,202306030810,2016100298,13,ミニオンペール,0,16,Open,中山,92.000000000,36,2023,l2_logistic_c0.1,0.070677501,0.187500000
2023-04-16,202306030810,2018104029,14,レイハリア,0,16,Open,中山,43.000000000,15,2023,l2_logistic_c0.1,0.079842649,0.187500000
2023-04-16,202306030810,2016104668,15,カリボール,0,16,Open,中山,63.000000000,25,2023,l2_logistic_c0.1,0.071258328,0.187500000
2023-04-16,202306030810,2018105366,16,レッドベルオーブ,0,16,Open,中山,56.000000000,13,2023,l2_logistic_c0.1,0.153094250,0.187500000
2023-04-22,202303010502,2020104868,2,シンコッチョウ,0,16,Maiden,福島,13.000000000,3,2023,l2_logistic_c0.1,0.154631204,0.187500000
2023-04-22,202303010502,2020100370,4,フェリキタス,0,16,Maiden,福島,76.000000000,6,2023,l2_logistic_c0.1,0.214166093,0.187500000
2023-04-22,202303010502,2020106979,7,ベベ,0,16,Maiden,福島,14.000000000,12,2023,l2_logistic_c0.1,0.163425353,0.187500000
2023-04-22,202303010502,2020103898,8,イグニション,0,16,Maiden,福島,13.000000000,5,2023,l2_logistic_c0.1,0.397845855,0.187500000
2023-04-22,202303010502,2020103949,9,シャコンヌ,0,16,Maiden,福島,70.000000000,7,2023,l2_logistic_c0.1,0.103326447,0.187500000
2023-04-22,202303010502,2020101372,10,クリノエンジェル,1,16,Maiden,福島,70.000000000,4,2023,l2_logistic_c0.1,0.139452131,0.187500000
2023-04-22,202303010502,2020104983,11,マルプリ,1,16,Maiden,福島,55.000000000,4,2023,l2_logistic_c0.1,0.460993035,0.187500000
2023-04-22,202303010502,2020104976,12,ブロックバスター,0,16,Maiden,福島,56.000000000,3,2023,l2_logistic_c0.1,0.147891339,0.187500000
2023-04-22,202303010502,2020101954,13,リアルガチ,0,16,Maiden,福島,63.000000000,3,2023,l2_logistic_c0.1,0.076044428,0.187500000
2023-04-22,202303010502,2020105212,15,シェイクオンイット,1,16,Maiden,福島,27.000000000,8,2023,l2_logistic_c0.1,0.186133336,0.187500000
2023-04-22,202303010502,2020106644,16,モノセーラス,0,16,Maiden,福島,56.000000000,3,2023,l2_logistic_c0.1,0.238236938,0.187500000
2023-04-22,202303010509,2019100292,1,ダレモトメラレナイ,0,13,Class1,福島,6.000000000,11,2023,l2_logistic_c0.1,0.554519830,0.230769231
2023-04-22,202303010509,2017101448,2,ウインアステロイド,0,13,Class1,福島,13.000000000,36,2023,l2_logistic_c0.1,0.470311499,0.230769231
2023-04-22,202303010509,2017105132,3,パラティーノヒル,0,13,Class1,福島,13.000000000,34,2023,l2_logistic_c0.1,0.076166596,0.230769231
2023-04-22,202303010509,2018105201,4,デイトンウェイ,0,13,Class1,福島,14.000000000,12,2023,l2_logistic_c0.1,0.436048071,0.230769231
2023-04-22,202303010509,2018100618,5,トーホウジュナール,0,13,Class1,福島,62.000000000,17,2023,l2_logistic_c0.1,0.446423924,0.230769231
2023-04-22,202303010509,2019105499,6,ガーデンアイル,0,13,Class1,福島,76.000000000,6,2023,l2_logistic_c0.1,0.136930669,0.230769231
2023-04-22,202303010509,2019104361,7,テーオースパロー,1,13,Class1,福島,56.000000000,15,2023,l2_logistic_c0.1,0.236058175,0.230769231
2023-04-22,202303010509,2018105518,8,ダブルスナッチ,1,13,Class1,福島,13.000000000,11,2023,l2_logistic_c0.1,0.423894869,0.230769231
2023-04-22,202303010509,2018105257,9,ダノンジェネラル,0,13,Class1,福島,13.000000000,12,2023,l2_logistic_c0.1,0.162718937,0.230769231
2023-04-22,202303010509,2018105144,10,チカリヨン,0,13,Class1,福島,55.000000000,16,2023,l2_logistic_c0.1,0.212014103,0.230769231
2023-04-22,202303010509,2019105940,11,アリシアン,0,13,Class1,福島,49.000000000,12,2023,l2_logistic_c0.1,0.222487351,0.230769231
2023-04-22,202303010509,2019103612,12,エメラルアポロン,0,13,Class1,福島,27.000000000,5,2023,l2_logistic_c0.1,0.097130944,0.230769231
2023-04-22,202303010509,2019102147,13,フォレクラフト,1,13,Class1,福島,62.000000000,4,2023,l2_logistic_c0.1,0.361447383,0.230769231
2023-04-22,202308010103,2020102294,1,スイープラン,1,18,Maiden,京都,63.000000000,6,2023,l2_logistic_c0.1,0.220340622,0.166666667
2023-04-22,202308010103,2020101759,2,トーホウビエント,0,18,Maiden,京都,90.000000000,3,2023,l2_logistic_c0.1,0.146069878,0.166666667
2023-04-22,202308010103,2020106425,3,キミニオクル,0,18,Maiden,京都,14.000000000,6,2023,l2_logistic_c0.1,0.094099866,0.166666667
2023-04-22,202308010103,2020104545,4,スマートメイプル,1,18,Maiden,京都,13.000000000,5,2023,l2_logistic_c0.1,0.197888885,0.166666667
2023-04-22,202308010103,2020101384,5,ファニーボーイ,0,18,Maiden,京都,28.000000000,3,2023,l2_logistic_c0.1,0.003522308,0.166666667
2023-04-22,202308010103,2020100034,6,ミランダ,0,18,Maiden,京都,119.000000000,3,2023,l2_logistic_c0.1,0.055028836,0.166666667
2023-04-22,202308010103,2020109090,10,テイケイヴィエント,0,18,Maiden,京都,28.000000000,3,2023,l2_logistic_c0.1,0.069939166,0.166666667
2023-04-22,202308010103,2020103056,11,ヴァルダリス,0,18,Maiden,京都,42.000000000,6,2023,l2_logistic_c0.1,0.181074998,0.166666667
2023-04-22,202308010103,2020102050,13,サンポーニャ,1,18,Maiden,京都,42.000000000,3,2023,l2_logistic_c0.1,0.140095599,0.166666667
2023-04-22,202308010103,2020102297,14,マロンアルジャン,0,18,Maiden,京都,132.000000000,5,2023,l2_logistic_c0.1,0.048041738,0.166666667
2023-04-22,202308010103,2020103588,15,マテンロウナイト,0,18,Maiden,京都,55.000000000,5,2023,l2_logistic_c0.1,0.087503427,0.166666667
2023-04-22,202308010103,2020102749,16,プライムトゥーレ,0,18,Maiden,京都,13.000000000,3,2023,l2_logistic_c0.1,0.068008592,0.166666667
2023-04-22,202308010103,2020100735,17,ファイブレイナ,0,18,Maiden,京都,21.000000000,3,2023,l2_logistic_c0.1,0.180134891,0.166666667
2023-04-22,202308010103,2020102963,18,ベルビューポイント,0,18,Maiden,京都,14.000000000,5,2023,l2_logistic_c0.1,0.447071515,0.166666667
2023-04-23,202303010602,2020103870,1,ウィズアットダンス,0,16,Maiden,福島,77.000000000,4,2023,l2_logistic_c0.1,0.084843613,0.187500000
2023-04-23,202303010602,2020106330,2,ラウラーナ,1,16,Maiden,福島,57.000000000,5,2023,l2_logistic_c0.1,0.354572534,0.187500000
2023-04-23,202303010602,2020100482,5,イルルージュ,0,16,Maiden,福島,8.000000000,5,2023,l2_logistic_c0.1,0.231954711,0.187500000
2023-04-23,202303010602,2020105310,7,イースターエッグ,0,16,Maiden,福島,14.000000000,10,2023,l2_logistic_c0.1,0.235378094,0.187500000
2023-04-23,202303010602,2020105867,8,ネオアリシア,1,16,Maiden,福島,29.000000000,6,2023,l2_logistic_c0.1,0.385001241,0.187500000
2023-04-23,202303010602,2020104911,11,キュベリン,1,16,Maiden,福島,71.000000000,4,2023,l2_logistic_c0.1,0.151931234,0.187500000
2023-04-23,202303010602,2020101715,16,リーリオブランコ,0,16,Maiden,福島,14.000000000,4,2023,l2_logistic_c0.1,0.409875564,0.187500000
2023-04-23,202303010607,2020103883,2,レイレフア,0,16,Maiden,福島,64.000000000,3,2023,l2_logistic_c0.1,0.141002468,0.187500000
2023-04-23,202303010607,2020106055,3,アナザームーン,0,16,Maiden,福島,64.000000000,6,2023,l2_logistic_c0.1,0.172086734,0.187500000
2023-04-23,202303010607,2020101692,5,ラガープリンセス,0,16,Maiden,福島,57.000000000,10,2023,l2_logistic_c0.1,0.050869195,0.187500000
2023-04-23,202303010607,2020100167,6,ケサランパサラン,0,16,Maiden,福島,71.000000000,5,2023,l2_logistic_c0.1,0.115528997,0.187500000
2023-04-23,202303010607,2020106495,7,サンスレッド,0,16,Maiden,福島,71.000000000,3,2023,l2_logistic_c0.1,0.193595590,0.187500000
2023-04-23,202303010607,2020105485,11,ニシノカナン,0,16,Maiden,福島,57.000000000,8,2023,l2_logistic_c0.1,0.177115204,0.187500000
2023-04-23,202303010607,2020101863,13,コパカバーナビーチ,1,16,Maiden,福島,15.000000000,6,2023,l2_logistic_c0.1,0.400668485,0.187500000
2023-04-23,202303010611,2019109094,1,ブッシュガーデン,1,16,Class2,福島,22.000000000,16,2023,l2_logistic_c0.1,0.426217716,0.187500000
2023-04-23,202303010611,2019105060,2,アンクロワ,0,16,Class2,福島,49.000000000,8,2023,l2_logistic_c0.1,0.379620751,0.187500000
2023-04-23,202303010611,2019103562,3,ダテボレアス,0,16,Class2,福島,64.000000000,12,2023,l2_logistic_c0.1,0.310983436,0.187500000
2023-04-23,202303010611,2017101571,4,サイヤダンサー,0,16,Class2,福島,15.000000000,25,2023,l2_logistic_c0.1,0.384268723,0.187500000
2023-04-23,202303010611,2019103120,5,リトス,0,16,Class2,福島,15.000000000,16,2023,l2_logistic_c0.1,0.225632681,0.187500000
2023-04-23,202303010611,2017103020,6,ダンツイノーバ,0,16,Class2,福島,15.000000000,34,2023,l2_logistic_c0.1,0.225416916,0.187500000
2023-04-23,202303010611,2019101917,7,エテルナメンテ,0,16,Class2,福島,77.000000000,11,2023,l2_logistic_c0.1,0.227740787,0.187500000
2023-04-23,202303010611,2019110001,8,ショウナンハクラク,1,16,Class2,福島,15.000000000,12,2023,l2_logistic_c0.1,0.390548686,0.187500000
2023-04-23,202303010611,2017104895,9,ダノンカオス,0,16,Class2,福島,63.000000000,17,2023,l2_logistic_c0.1,0.236596762,0.187500000
2023-04-23,202303010611,2018100097,10,スマートルシーダ,0,16,Class2,福島,28.000000000,16,2023,l2_logistic_c0.1,0.255713726,0.187500000
2023-04-23,202303010611,2019100751,11,マイネルレノン,1,16,Class2,福島,50.000000000,13,2023,l2_logistic_c0.1,0.481045001,0.187500000
2023-04-23,202303010611,2017104258,12,セイラブミー,0,16,Class2,福島,225.000000000,25,2023,l2_logistic_c0.1,0.099769867,0.187500000
2023-04-23,202303010611,2017104234,13,スズノヤマト,0,16,Class2,福島,98.000000000,20,2023,l2_logistic_c0.1,0.095611396,0.187500000
2023-04-23,202303010611,2019101262,14,ショウナンアメリア,0,16,Class2,福島,64.000000000,13,2023,l2_logistic_c0.1,0.328663213,0.187500000
2023-04-23,202303010611,2017101767,15,ベンガン,0,16,Class2,福島,50.000000000,16,2023,l2_logistic_c0.1,0.330832052,0.187500000
2023-04-23,202303010611,2017105126,16,チャイカ,0,16,Class2,福島,22.000000000,26,2023,l2_logistic_c0.1,0.135189727,0.187500000
2023-04-29,202304010109,2020110005,2,ソフィアエール,0,16,Class1,新潟,111.000000000,5,2023,l2_logistic_c0.1,0.172411047,0.187500000
2023-04-29,202304010109,2020100236,3,ニシノトキメキ,0,16,Class1,新潟,48.000000000,7,2023,l2_logistic_c0.1,0.146299824,0.187500000
2023-04-29,202304010109,2020110114,4,スリーアイランド,0,16,Class1,新潟,41.000000000,5,2023,l2_logistic_c0.1,0.448129904,0.187500000
2023-04-29,202304010109,2020101052,5,ルーラルハピネス,1,16,Class1,新潟,49.000000000,3,2023,l2_logistic_c0.1,0.319738195,0.187500000
2023-04-29,202304010109,2020100056,6,クールムーア,0,16,Class1,新潟,77.000000000,10,2023,l2_logistic_c0.1,0.169905638,0.187500000
2023-04-29,202304010109,2020101763,7,トーホウフランゴ,1,16,Class1,新潟,69.000000000,5,2023,l2_logistic_c0.1,0.135446115,0.187500000
2023-04-29,202304010109,2020102537,9,チカポコ,0,16,Class1,新潟,13.000000000,5,2023,l2_logistic_c0.1,0.087218902,0.187500000
2023-04-29,202304010109,2020104613,10,タツダイヤモンド,1,16,Class1,新潟,77.000000000,4,2023,l2_logistic_c0.1,0.354357419,0.187500000
2023-04-29,202304010109,2020106343,11,ユカリプレリュード,0,16,Class1,新潟,63.000000000,5,2023,l2_logistic_c0.1,0.287099801,0.187500000
2023-04-29,202304010109,2020110145,12,スモーキンビリー,0,16,Class1,新潟,98.000000000,4,2023,l2_logistic_c0.1,0.274113636,0.187500000
2023-04-29,202304010109,2020104942,13,シルフィードレーヴ,0,16,Class1,新潟,14.000000000,5,2023,l2_logistic_c0.1,0.241653704,0.187500000
2023-04-29,202304010109,2020100305,14,セイウンスイート,0,16,Class1,新潟,14.000000000,7,2023,l2_logistic_c0.1,0.156034140,0.187500000
2023-04-29,202304010109,2020103962,15,ステークホルダー,0,16,Class1,新潟,84.000000000,6,2023,l2_logistic_c0.1,0.381626627,0.187500000
2023-04-29,202304010109,2020100702,16,ジューンアース,0,16,Class1,新潟,62.000000000,4,2023,l2_logistic_c0.1,0.218315967,0.187500000
2023-04-29,202308010311,2018106389,1,メイショウツツジ,0,18,Class3,京都,27.000000000,21,2023,l2_logistic_c0.1,0.081845149,0.166666667
2023-04-29,202308010311,2018104949,2,フォイアーロート,0,18,Class3,京都,42.000000000,24,2023,l2_logistic_c0.1,0.067933532,0.166666667
2023-04-29,202308010311,2018103926,4,ショウナンラスボス,0,18,Class3,京都,49.000000000,26,2023,l2_logistic_c0.1,0.238242515,0.166666667
2023-04-29,202308010311,2019105452,5,ミッキーハーモニー,0,18,Class3,京都,49.000000000,6,2023,l2_logistic_c0.1,0.330927693,0.166666667
2023-04-29,202308010311,2018102270,6,ケイサンフリーゼ,0,18,Class3,京都,27.000000000,13,2023,l2_logistic_c0.1,0.036082704,0.166666667
2023-04-29,202308010311,2018106077,7,イルクオーレ,1,18,Class3,京都,49.000000000,16,2023,l2_logistic_c0.1,0.257627088,0.166666667
2023-04-29,202308010311,2017106137,8,グレイトゲイナー,0,18,Class3,京都,42.000000000,29,2023,l2_logistic_c0.1,0.055616551,0.166666667
2023-04-29,202308010311,2018100570,9,セリシア,1,18,Class3,京都,42.000000000,26,2023,l2_logistic_c0.1,0.136479648,0.166666667
2023-04-29,202308010311,2016105797,10,コスモエスパーダ,0,18,Class3,京都,34.000000000,38,2023,l2_logistic_c0.1,0.082905378,0.166666667
2023-04-29,202308010311,2019102742,11,クレア,0,18,Class3,京都,62.000000000,8,2023,l2_logistic_c0.1,0.097619386,0.166666667
2023-04-29,202308010311,2019101700,12,サトノレーヴ,1,18,Class3,京都,210.000000000,4,2023,l2_logistic_c0.1,0.374496481,0.166666667
2023-04-29,202308010311,2019100791,13,シナモンスティック,0,18,Class3,京都,168.000000000,13,2023,l2_logistic_c0.1,0.076391623,0.166666667
2023-04-29,202308010311,2019105237,14,スリーパーダ,0,18,Class3,京都,49.000000000,8,2023,l2_logistic_c0.1,0.186505431,0.166666667
2023-04-29,202308010311,2015103357,15,メイショウドウドウ,0,18,Class3,京都,14.000000000,44,2023,l2_logistic_c0.1,0.115762480,0.166666667
2023-04-29,202308010311,2019105806,16,ドロップオブライト,0,18,Class3,京都,42.000000000,8,2023,l2_logistic_c0.1,0.249859421,0.166666667
2023-04-29,202308010311,2018110035,17,シュバルツカイザー,0,18,Class3,京都,21.000000000,12,2023,l2_logistic_c0.1,0.101420601,0.166666667
2023-04-29,202308010311,2018104347,18,ユキノファラオ,0,18,Class3,京都,34.000000000,21,2023,l2_logistic_c0.1,0.060607580,0.166666667
2023-04-30,202304010212,2019105738,1,ピンクセイラー,0,15,Class1,新潟,21.000000000,5,2023,l2_logistic_c0.1,0.188923526,0.200000000
2023-04-30,202304010212,2019105044,2,アドマイヤラヴィ,1,15,Class1,新潟,70.000000000,8,2023,l2_logistic_c0.1,0.437354741,0.200000000
2023-04-30,202304010212,2019103193,3,トリップトゥムーン,0,15,Class1,新潟,14.000000000,15,2023,l2_logistic_c0.1,0.303088982,0.200000000
2023-04-30,202304010212,2019100578,4,クインズプリーズ,0,15,Class1,新潟,84.000000000,4,2023,l2_logistic_c0.1,0.218237117,0.200000000
2023-04-30,202304010212,2017103328,5,ウインドラブリーナ,0,15,Class1,新潟,50.000000000,20,2023,l2_logistic_c0.1,0.051297866,0.200000000
2023-04-30,202304010212,2019103584,6,オラヴェリタス,0,15,Class1,新潟,14.000000000,24,2023,l2_logistic_c0.1,0.166166381,0.200000000
2023-04-30,202304010212,2019101743,7,タムロキュラムン,0,15,Class1,新潟,22.000000000,14,2023,l2_logistic_c0.1,0.101328555,0.200000000
2023-04-30,202304010212,2019100755,9,アラクレ,0,15,Class1,新潟,337.000000000,9,2023,l2_logistic_c0.1,0.234230844,0.200000000
2023-04-30,202304010212,2017101559,10,アトムヴェローチェ,0,15,Class1,新潟,14.000000000,10,2023,l2_logistic_c0.1,0.037948597,0.200000000
2023-04-30,202304010212,2018110149,11,コスモアディラート,0,15,Class1,新潟,316.000000000,10,2023,l2_logistic_c0.1,0.414511963,0.200000000
2023-04-30,202304010212,2018104663,12,タウゼントシェーン,1,15,Class1,新潟,64.000000000,18,2023,l2_logistic_c0.1,0.245873663,0.200000000
2023-04-30,202304010212,2019101562,13,デフィデリ,0,15,Class1,新潟,14.000000000,16,2023,l2_logistic_c0.1,0.165114095,0.200000000
2023-04-30,202304010212,2019110051,14,シュガーフロート,0,15,Class1,新潟,22.000000000,9,2023,l2_logistic_c0.1,0.483096982,0.200000000
2023-04-30,202304010212,2018100406,15,ヴィントミューレ,1,15,Class1,新潟,63.000000000,10,2023,l2_logistic_c0.1,0.132980025,0.200000000
2023-05-06,202304010306,2020104626,1,クツワファミリー,0,16,Maiden,新潟,133.000000000,3,2023,l2_logistic_c0.1,0.194680327,0.187500000
2023-05-06,202304010306,2020100897,2,ルソレイユ,0,16,Maiden,新潟,133.000000000,3,2023,l2_logistic_c0.1,0.311476508,0.187500000
2023-05-06,202304010306,2020103038,3,キャルキューレ,0,16,Maiden,新潟,27.000000000,3,2023,l2_logistic_c0.1,0.244744060,0.187500000
2023-05-06,202304010306,2020103844,4,フリントロック,1,16,Maiden,新潟,27.000000000,3,2023,l2_logistic_c0.1,0.317345553,0.187500000
2023-05-06,202304010306,2020104377,6,レッツプロミス,0,16,Maiden,新潟,91.000000000,5,2023,l2_logistic_c0.1,0.077419706,0.187500000
2023-05-06,202304010306,2020102050,7,サンポーニャ,1,16,Maiden,新潟,14.000000000,4,2023,l2_logistic_c0.1,0.297924705,0.187500000
2023-05-06,202304010306,2020104545,9,スマートメイプル,0,16,Maiden,新潟,14.000000000,6,2023,l2_logistic_c0.1,0.399515664,0.187500000
2023-05-06,202304010306,2020103761,10,カンタベリースワン,0,16,Maiden,新潟,97.000000000,3,2023,l2_logistic_c0.1,0.037304938,0.187500000
2023-05-06,202304010306,2020105365,11,ドーバーホーク,1,16,Maiden,新潟,28.000000000,5,2023,l2_logistic_c0.1,0.503949401,0.187500000
2023-05-06,202304010306,2020106055,12,アナザームーン,0,16,Maiden,新潟,13.000000000,7,2023,l2_logistic_c0.1,0.182520211,0.187500000
2023-05-06,202304010306,2020104598,14,ショウナンアウリイ,0,16,Maiden,新潟,76.000000000,7,2023,l2_logistic_c0.1,0.097881062,0.187500000
2023-05-06,202304010306,2020105562,16,パルフュメ,0,16,Maiden,新潟,21.000000000,6,2023,l2_logistic_c0.1,0.285156022,0.187500000
2023-05-07,202308010611,2017104852,1,キャプテンドレイク,0,18,Open,京都,28.000000000,21,2023,l2_logistic_c0.1,0.142433986,0.166666667
2023-05-07,202308010611,2017100240,2,スノーテーラー,1,18,Open,京都,118.000000000,18,2023,l2_logistic_c0.1,0.106793613,0.166666667
2023-05-07,202308010611,2019100765,3,コムストックロード,0,18,Open,京都,21.000000000,15,2023,l2_logistic_c0.1,0.106443454,0.166666667
2023-05-07,202308010611,2018104331,4,ヴァトレニ,0,18,Open,京都,84.000000000,18,2023,l2_logistic_c0.1,0.239071266,0.166666667
2023-05-07,202308010611,2017105272,5,リレーションシップ,0,18,Open,京都,70.000000000,22,2023,l2_logistic_c0.1,0.121702218,0.166666667
2023-05-07,202308010611,2018100394,6,サトノラムセス,0,18,Open,京都,70.000000000,15,2023,l2_logistic_c0.1,0.248782305,0.166666667
2023-05-07,202308010611,2015104699,7,フレッチア,0,18,Open,京都,113.000000000,23,2023,l2_logistic_c0.1,0.147088481,0.166666667
2023-05-07,202308010611,2018106055,8,ヨシノイースター,0,18,Open,京都,29.000000000,18,2023,l2_logistic_c0.1,0.324417961,0.166666667
2023-05-07,202308010611,2017100091,9,スマートクラージュ,1,18,Open,京都,141.000000000,14,2023,l2_logistic_c0.1,0.283184312,0.166666667
2023-05-07,202308010611,2015100822,10,タイセイアベニール,0,18,Open,京都,238.000000000,44,2023,l2_logistic_c0.1,0.051380469,0.166666667
2023-05-07,202308010611,2017103005,11,ロードベイリーフ,0,18,Open,京都,70.000000000,33,2023,l2_logistic_c0.1,0.114711518,0.166666667
2023-05-07,202308010611,2017105443,12,ビップウインク,0,18,Open,京都,28.000000000,23,2023,l2_logistic_c0.1,0.078323469,0.166666667
2023-05-07,202308010611,2016104983,13,トップオブメジャー,0,18,Open,京都,28.000000000,20,2023,l2_logistic_c0.1,0.066153209,0.166666667
2023-05-07,202308010611,2019102979,14,エイシンスポッター,1,18,Open,京都,64.000000000,12,2023,l2_logistic_c0.1,0.246230938,0.166666667
2023-05-07,202308010611,2017106387,15,スマートリアン,0,18,Open,京都,28.000000000,23,2023,l2_logistic_c0.1,0.221595157,0.166666667
2023-05-07,202308010611,2019102576,16,クリノマジン,0,18,Open,京都,50.000000000,15,2023,l2_logistic_c0.1,0.233549922,0.166666667
2023-05-07,202308010611,2016104787,17,グルーヴィット,0,18,Open,京都,98.000000000,21,2023,l2_logistic_c0.1,0.086907151,0.166666667
2023-05-07,202308010611,2017106720,18,サンライズオネスト,0,18,Open,京都,28.000000000,24,2023,l2_logistic_c0.1,0.134774003,0.166666667
2023-05-13,202308010707,2019102106,1,ブリュットミレジメ,0,16,Class2,京都,14.000000000,8,2023,l2_logistic_c0.1,0.183317893,0.187500000
2023-05-13,202308010707,2019104361,2,テーオースパロー,1,16,Class2,京都,21.000000000,16,2023,l2_logistic_c0.1,0.262267044,0.187500000
2023-05-13,202308010707,2019102856,3,トーホウラビアン,0,16,Class2,京都,105.000000000,14,2023,l2_logistic_c0.1,0.114657971,0.187500000
2023-05-13,202308010707,2018101573,4,セイレーン,0,16,Class2,京都,42.000000000,18,2023,l2_logistic_c0.1,0.080761900,0.187500000
2023-05-13,202308010707,2018106391,5,メイショウイジゲン,0,16,Class2,京都,13.000000000,22,2023,l2_logistic_c0.1,0.111170135,0.187500000
2023-05-13,202308010707,2019102041,6,アドヴァイス,1,16,Class2,京都,27.000000000,13,2023,l2_logistic_c0.1,0.331349410,0.187500000
2023-05-13,202308010707,2018110001,7,ジュストコル,0,16,Class2,京都,28.000000000,20,2023,l2_logistic_c0.1,0.283130686,0.187500000
2023-05-13,202308010707,2018103368,8,メイショウカイト,0,16,Class2,京都,14.000000000,18,2023,l2_logistic_c0.1,0.079942230,0.187500000
2023-05-13,202308010707,2018103181,9,シゲルセンム,0,16,Class2,京都,13.000000000,16,2023,l2_logistic_c0.1,0.147007660,0.187500000
2023-05-13,202308010707,2018102585,10,ロードラスター,0,16,Class2,京都,28.000000000,23,2023,l2_logistic_c0.1,0.282388191,0.187500000
2023-05-13,202308010707,2019109140,11,ヒノクニ,0,16,Class2,京都,48.000000000,19,2023,l2_logistic_c0.1,0.071420795,0.187500000
2023-05-13,202308010707,2017105070,12,チャーミングアクト,0,16,Class2,京都,35.000000000,15,2023,l2_logistic_c0.1,0.128983322,0.187500000
2023-05-13,202308010707,2019100168,13,ベジェサ,0,16,Class2,京都,13.000000000,10,2023,l2_logistic_c0.1,0.099619271,0.187500000
2023-05-13,202308010707,2019109094,14,ブッシュガーデン,1,16,Class2,京都,20.000000000,17,2023,l2_logistic_c0.1,0.375823231,0.187500000
2023-05-13,202308010707,2019103136,15,シゲルファンノユメ,0,16,Class2,京都,63.000000000,15,2023,l2_logistic_c0.1,0.103032064,0.187500000
2023-05-13,202308010707,2019103208,16,オステリア,0,16,Class2,京都,20.000000000,12,2023,l2_logistic_c0.1,0.115362919,0.187500000
2023-05-14,202304010612,2019103577,1,ツキニホエル,0,15,Class1,新潟,71.000000000,10,2023,l2_logistic_c0.1,0.121074798,0.200000000
2023-05-14,202304010612,2019102147,2,フォレクラフト,0,15,Class1,新潟,22.000000000,5,2023,l2_logistic_c0.1,0.386696655,0.200000000
2023-05-14,202304010612,2019102303,3,アイムファイン,0,15,Class1,新潟,190.000000000,12,2023,l2_logistic_c0.1,0.100605797,0.200000000
2023-05-14,202304010612,2018105201,4,デイトンウェイ,0,15,Class1,新潟,22.000000000,13,2023,l2_logistic_c0.1,0.364944868,0.200000000
2023-05-14,202304010612,2019101031,5,サミュエル,0,15,Class1,新潟,112.000000000,8,2023,l2_logistic_c0.1,0.190392086,0.200000000
2023-05-14,202304010612,2019100709,6,マイネルヘリテージ,0,15,Class1,新潟,42.000000000,8,2023,l2_logistic_c0.1,0.067385893,0.200000000
2023-05-14,202304010612,2018101825,7,ショウユアセルフ,0,15,Class1,新潟,56.000000000,6,2023,l2_logistic_c0.1,0.099912930,0.200000000
2023-05-14,202304010612,2018103103,8,ブラックハート,0,15,Class1,新潟,154.000000000,12,2023,l2_logistic_c0.1,0.116701061,0.200000000
2023-05-14,202304010612,2019104002,9,タイキバンディエラ,0,15,Class1,新潟,84.000000000,9,2023,l2_logistic_c0.1,0.262165007,0.200000000
2023-05-14,202304010612,2019103200,10,ネイキッドハート,0,15,Class1,新潟,92.000000000,8,2023,l2_logistic_c0.1,0.077855181,0.200000000
2023-05-14,202304010612,2019104549,11,テンメジャーガール,1,15,Class1,新潟,28.000000000,12,2023,l2_logistic_c0.1,0.299712718,0.200000000
2023-05-14,202304010612,2019101562,12,デフィデリ,1,15,Class1,新潟,14.000000000,17,2023,l2_logistic_c0.1,0.165600682,0.200000000
2023-05-14,202304010612,2018100406,13,ヴィントミューレ,1,15,Class1,新潟,14.000000000,11,2023,l2_logistic_c0.1,0.204144964,0.200000000
2023-05-14,202304010612,2018100480,14,デルマヤクシ,0,15,Class1,新潟,28.000000000,16,2023,l2_logistic_c0.1,0.227923280,0.200000000
2023-05-14,202304010612,2018104561,15,エンブレムコード,0,15,Class1,新潟,15.000000000,17,2023,l2_logistic_c0.1,0.184788821,0.200000000
2023-05-14,202308010808,2019103814,1,スカイトレイル,1,13,Class1,京都,49.000000000,16,2023,l2_logistic_c0.1,0.211530003,0.230769231
2023-05-14,202308010808,2019101708,2,フローレンスハニー,1,13,Class1,京都,57.000000000,13,2023,l2_logistic_c0.1,0.365570611,0.230769231
2023-05-14,202308010808,2019103673,3,バーニングアイズ,0,13,Class1,京都,36.000000000,10,2023,l2_logistic_c0.1,0.046032086,0.230769231
2023-05-14,202308010808,2018103200,4,バーニングパワー,0,13,Class1,京都,84.000000000,12,2023,l2_logistic_c0.1,0.225670182,0.230769231
2023-05-14,202308010808,2019103584,5,オラヴェリタス,0,13,Class1,京都,14.000000000,25,2023,l2_logistic_c0.1,0.136520491,0.230769231
2023-05-14,202308010808,2019105241,6,ビップシュプリーム,1,13,Class1,京都,98.000000000,7,2023,l2_logistic_c0.1,0.306766527,0.230769231
2023-05-14,202308010808,2019101743,7,タムロキュラムン,0,13,Class1,京都,14.000000000,15,2023,l2_logistic_c0.1,0.089313206,0.230769231
2023-05-14,202308010808,2019100666,8,イラーレ,0,13,Class1,京都,91.000000000,18,2023,l2_logistic_c0.1,0.406163864,0.230769231
2023-05-14,202308010808,2019102320,9,サイモンカーチス,0,13,Class1,京都,15.000000000,15,2023,l2_logistic_c0.1,0.129006773,0.230769231
2023-05-14,202308010808,2019102137,10,シロン,0,13,Class1,京都,77.000000000,9,2023,l2_logistic_c0.1,0.086398166,0.230769231
2023-05-14,202308010808,2018105198,11,エリカシャンス,0,13,Class1,京都,147.000000000,8,2023,l2_logistic_c0.1,0.093764815,0.230769231
2023-05-14,202308010808,2018106200,12,メイショウヒゾッコ,0,13,Class1,京都,77.000000000,21,2023,l2_logistic_c0.1,0.074754830,0.230769231
2023-05-14,202308010808,2018102053,13,ドリームアゲイン,0,13,Class1,京都,78.000000000,13,2023,l2_logistic_c0.1,0.100430385,0.230769231
2023-05-20,202304010711,2019103137,1,ロサロッサーナ,0,16,Class2,新潟,14.000000000,14,2023,l2_logistic_c0.1,0.234519969,0.187500000
2023-05-20,202304010711,2018109052,2,エコロデイジー,0,16,Class2,新潟,62.000000000,15,2023,l2_logistic_c0.1,0.204531972,0.187500000
2023-05-20,202304010711,2018104621,3,サトノルーチェ,0,16,Class2,新潟,28.000000000,16,2023,l2_logistic_c0.1,0.278180295,0.187500000
2023-05-20,202304010711,2017100660,4,ポピュラーソング,0,16,Class2,新潟,13.000000000,8,2023,l2_logistic_c0.1,0.075926582,0.187500000
2023-05-20,202304010711,2019105238,5,フリートオブフット,0,16,Class2,新潟,70.000000000,11,2023,l2_logistic_c0.1,0.365127202,0.187500000
2023-05-20,202304010711,2018100433,6,ブロンズレッド,0,16,Class2,新潟,55.000000000,15,2023,l2_logistic_c0.1,0.095704209,0.187500000
2023-05-20,202304010711,2018105873,7,ミキノバスドラム,0,16,Class2,新潟,69.000000000,17,2023,l2_logistic_c0.1,0.033740255,0.187500000
2023-05-20,202304010711,2017101571,8,サイヤダンサー,0,16,Class2,新潟,27.000000000,26,2023,l2_logistic_c0.1,0.300945077,0.187500000
2023-05-20,202304010711,2018105163,9,ドナウエレン,0,16,Class2,新潟,42.000000000,10,2023,l2_logistic_c0.1,0.250845840,0.187500000
2023-05-20,202304010711,2017103020,10,ダンツイノーバ,1,16,Class2,新潟,27.000000000,35,2023,l2_logistic_c0.1,0.248931297,0.187500000
2023-05-20,202304010711,2017104895,11,ダノンカオス,0,16,Class2,新潟,27.000000000,18,2023,l2_logistic_c0.1,0.151090206,0.187500000
2023-05-20,202304010711,2018100636,12,ステラダイヤ,0,16,Class2,新潟,42.000000000,16,2023,l2_logistic_c0.1,0.101283581,0.187500000
2023-05-20,202304010711,2019100751,13,マイネルレノン,1,16,Class2,新潟,27.000000000,14,2023,l2_logistic_c0.1,0.386343429,0.187500000
2023-05-20,202304010711,2019109146,14,イールテソーロ,0,16,Class2,新潟,42.000000000,10,2023,l2_logistic_c0.1,0.144945185,0.187500000
2023-05-20,202304010711,2016101650,15,モメチョッタ,0,16,Class2,新潟,14.000000000,30,2023,l2_logistic_c0.1,0.073691901,0.187500000
2023-05-20,202304010711,2019101270,16,ヨール,1,16,Class2,新潟,28.000000000,11,2023,l2_logistic_c0.1,0.330664811,0.187500000
2023-05-20,202308010904,2020102297,2,マロンアルジャン,0,18,Maiden,京都,28.000000000,6,2023,l2_logistic_c0.1,0.067394991,0.166666667
2023-05-20,202308010904,2020106401,4,ナリタシン,1,18,Maiden,京都,28.000000000,3,2023,l2_logistic_c0.1,0.242108808,0.166666667
2023-05-20,202308010904,2020106895,5,ロッソジュリア,0,18,Maiden,京都,20.000000000,4,2023,l2_logistic_c0.1,0.479298719,0.166666667
2023-05-20,202308010904,2020106821,7,ピースフルナイト,1,18,Maiden,京都,20.000000000,5,2023,l2_logistic_c0.1,0.393352021,0.166666667
2023-05-20,202308010904,2020100239,8,ティーティースター,0,18,Maiden,京都,55.000000000,7,2023,l2_logistic_c0.1,0.088171258,0.166666667
2023-05-20,202308010904,2020101138,9,グレーターホープ,0,18,Maiden,京都,34.000000000,3,2023,l2_logistic_c0.1,0.182846105,0.166666667
2023-05-20,202308010904,2020104758,10,ゴコウサス,1,18,Maiden,京都,84.000000000,6,2023,l2_logistic_c0.1,0.238443752,0.166666667
2023-05-20,202308010904,2020101759,11,トーホウビエント,0,18,Maiden,京都,21.000000000,5,2023,l2_logistic_c0.1,0.100337852,0.166666667
2023-05-20,202308010904,2020104151,12,ヒルデブランド,0,18,Maiden,京都,27.000000000,4,2023,l2_logistic_c0.1,0.145131796,0.166666667
2023-05-20,202308010904,2020102041,13,ラインガウディ,0,18,Maiden,京都,41.000000000,4,2023,l2_logistic_c0.1,0.102253744,0.166666667
2023-05-20,202308010904,2020101798,14,オータムクイーン,0,18,Maiden,京都,63.000000000,5,2023,l2_logistic_c0.1,0.182166720,0.166666667
2023-05-20,202308010904,2020103588,15,マテンロウナイト,0,18,Maiden,京都,28.000000000,6,2023,l2_logistic_c0.1,0.109796789,0.166666667
2023-05-20,202308010904,2020104242,17,スマイルモネ,0,18,Maiden,京都,63.000000000,4,2023,l2_logistic_c0.1,0.064025576,0.166666667
2023-05-20,202308010904,2020106866,18,サトノアダマス,0,18,Maiden,京都,14.000000000,3,2023,l2_logistic_c0.1,0.229640192,0.166666667
2023-05-21,202304010802,2020106055,3,アナザームーン,0,16,Maiden,新潟,15.000000000,8,2023,l2_logistic_c0.1,0.250107824,0.187500000
2023-05-21,202304010802,2020106701,4,ウィズアウト,0,16,Maiden,新潟,91.000000000,3,2023,l2_logistic_c0.1,0.133125244,0.187500000
2023-05-21,202304010802,2020105967,7,ティリア,0,16,Maiden,新潟,99.000000000,6,2023,l2_logistic_c0.1,0.097293848,0.187500000
2023-05-21,202304010802,2020102080,8,ベッラフロー,0,16,Maiden,新潟,99.000000000,6,2023,l2_logistic_c0.1,0.294766975,0.187500000
2023-05-21,202304010802,2020106644,9,モノセーラス,1,16,Maiden,新潟,29.000000000,4,2023,l2_logistic_c0.1,0.276646491,0.187500000
2023-05-21,202304010802,2020101304,12,ラブスレンダー,0,16,Maiden,新潟,22.000000000,8,2023,l2_logistic_c0.1,0.410344176,0.187500000
2023-05-21,202304010802,2020100084,14,レッドカメリア,0,16,Maiden,新潟,7.000000000,6,2023,l2_logistic_c0.1,0.108068648,0.187500000
2023-05-21,202304010802,2020104545,15,スマートメイプル,1,16,Maiden,新潟,15.000000000,7,2023,l2_logistic_c0.1,0.371190267,0.187500000
2023-05-21,202304010802,2020101027,16,アスクエブリーワン,0,16,Maiden,新潟,92.000000000,4,2023,l2_logistic_c0.1,0.092144590,0.187500000
2023-05-21,202308011006,2020101262,1,エコロレジーナ,0,13,Class1,京都,70.000000000,6,2023,l2_logistic_c0.1,0.271082446,0.230769231
2023-05-21,202308011006,2020104942,2,シルフィードレーヴ,1,13,Class1,京都,22.000000000,6,2023,l2_logistic_c0.1,0.281193551,0.230769231
2023-05-21,202308011006,2020102599,3,リトルミム,0,13,Class1,京都,84.000000000,4,2023,l2_logistic_c0.1,0.255660537,0.230769231
2023-05-21,202308011006,2020100795,4,ベルタソ,0,13,Class1,京都,15.000000000,3,2023,l2_logistic_c0.1,0.277866823,0.230769231
2023-05-21,202308011006,2020100702,5,ジューンアース,0,13,Class1,京都,22.000000000,5,2023,l2_logistic_c0.1,0.377917652,0.230769231
2023-05-21,202308011006,2020105897,7,ソアラ,0,13,Class1,京都,36.000000000,4,2023,l2_logistic_c0.1,0.155915630,0.230769231
2023-05-21,202308011006,2020101763,9,トーホウフランゴ,1,13,Class1,京都,22.000000000,6,2023,l2_logistic_c0.1,0.203121401,0.230769231
2023-05-21,202308011006,2020103079,11,デイズオブドリーム,0,13,Class1,京都,84.000000000,6,2023,l2_logistic_c0.1,0.237642298,0.230769231
2023-05-21,202308011006,2020102537,12,チカポコ,0,13,Class1,京都,22.000000000,6,2023,l2_logistic_c0.1,0.066048745,0.230769231
2023-05-21,202308011006,2020102294,13,スイープラン,1,13,Class1,京都,29.000000000,7,2023,l2_logistic_c0.1,0.316609729,0.230769231
2023-05-27,202308011111,2020106851,1,ルガル,1,18,Open,京都,20.000000000,6,2023,l2_logistic_c0.1,0.346119884,0.166666667
2023-05-27,202308011111,2020100896,2,ビッグシーザー,1,18,Open,京都,90.000000000,6,2023,l2_logistic_c0.1,0.412309184,0.166666667
2023-05-27,202308011111,2020106901,3,メイショウピース,0,18,Open,京都,42.000000000,3,2023,l2_logistic_c0.1,0.125925924,0.166666667
2023-05-27,202308011111,2020103284,4,トールキン,0,18,Open,京都,90.000000000,6,2023,l2_logistic_c0.1,0.076040504,0.166666667
2023-05-27,202308011111,2020110007,5,ペースセッティング,0,18,Open,京都,70.000000000,6,2023,l2_logistic_c0.1,0.237052221,0.166666667
2023-05-27,202308011111,2020110040,6,ヤクシマ,0,18,Open,京都,20.000000000,8,2023,l2_logistic_c0.1,0.141276751,0.166666667
2023-05-27,202308011111,2020100484,7,アームズレイン,0,18,Open,京都,70.000000000,6,2023,l2_logistic_c0.1,0.146260950,0.166666667
2023-05-27,202308011111,2020102140,8,アンビバレント,0,18,Open,京都,63.000000000,5,2023,l2_logistic_c0.1,0.112147785,0.166666667
2023-05-27,202308011111,2020103703,9,コーパスクリスティ,0,18,Open,京都,90.000000000,4,2023,l2_logistic_c0.1,0.087215794,0.166666667
2023-05-27,202308011111,2020101503,10,カンチェンジュンガ,0,18,Open,京都,49.000000000,5,2023,l2_logistic_c0.1,0.135788017,0.166666667
2023-05-27,202308011111,2020104083,11,テラステラ,0,18,Open,京都,20.000000000,7,2023,l2_logistic_c0.1,0.318125051,0.166666667
2023-05-27,202308011111,2020103643,12,エレガントムーン,0,18,Open,京都,76.000000000,4,2023,l2_logistic_c0.1,0.096886734,0.166666667
2023-05-27,202308011111,2020104613,13,タツダイヤモンド,0,18,Open,京都,28.000000000,5,2023,l2_logistic_c0.1,0.219438230,0.166666667
2023-05-27,202308011111,2020101590,14,トラベログ,0,18,Open,京都,76.000000000,3,2023,l2_logistic_c0.1,0.178921166,0.166666667
2023-05-27,202308011111,2020102764,15,モズメイメイ,1,18,Open,京都,48.000000000,5,2023,l2_logistic_c0.1,0.342926582,0.166666667
2023-05-27,202308011111,2020101419,17,ブーケファロス,0,18,Open,京都,90.000000000,8,2023,l2_logistic_c0.1,0.088909779,0.166666667
2023-05-27,202308011111,2020105400,18,タマモブラックタイ,0,18,Open,京都,20.000000000,8,2023,l2_logistic_c0.1,0.303996448,0.166666667
2023-06-03,202309030110,2020100815,1,ミルトクレイモー,1,15,Class2,阪神,27.000000000,9,2023,l2_logistic_c0.1,0.474011766,0.200000000
2023-06-03,202309030110,2020104203,2,スピードオブライト,0,15,Class2,阪神,55.000000000,5,2023,l2_logistic_c0.1,0.648741206,0.200000000
2023-06-03,202309030110,2018105163,3,ドナウエレン,0,15,Class2,阪神,14.000000000,11,2023,l2_logistic_c0.1,0.323609891,0.200000000
2023-06-03,202309030110,2018103902,4,サウンドブライアン,0,15,Class2,阪神,34.000000000,24,2023,l2_logistic_c0.1,0.128564551,0.200000000
2023-06-03,202309030110,2018102091,5,ウルトラソニック,0,15,Class2,阪神,7.000000000,14,2023,l2_logistic_c0.1,0.217341913,0.200000000
2023-06-03,202309030110,2020101543,6,グランテスト,0,15,Class2,阪神,76.000000000,3,2023,l2_logistic_c0.1,0.510134298,0.200000000
2023-06-03,202309030110,2019101005,7,タイセイブリリオ,1,15,Class2,阪神,7.000000000,15,2023,l2_logistic_c0.1,0.292129451,0.200000000
2023-06-03,202309030110,2018104663,8,タウゼントシェーン,0,15,Class2,阪神,34.000000000,19,2023,l2_logistic_c0.1,0.266289529,0.200000000
2023-06-03,202309030110,2019109094,9,ブッシュガーデン,1,15,Class2,阪神,21.000000000,18,2023,l2_logistic_c0.1,0.414263269,0.200000000
2023-06-03,202309030110,2017103020,10,ダンツイノーバ,0,15,Class2,阪神,14.000000000,36,2023,l2_logistic_c0.1,0.278005179,0.200000000
2023-06-03,202309030110,2018103181,11,シゲルセンム,0,15,Class2,阪神,21.000000000,17,2023,l2_logistic_c0.1,0.234664843,0.200000000
2023-06-03,202309030110,2020102630,12,アルーリングビュー,0,15,Class2,阪神,35.000000000,4,2023,l2_logistic_c0.1,0.445712650,0.200000000
2023-06-03,202309030110,2019102456,13,ナバロン,0,15,Class2,阪神,55.000000000,18,2023,l2_logistic_c0.1,0.265396090,0.200000000
2023-06-03,202309030110,2020104942,14,シルフィードレーヴ,0,15,Class2,阪神,13.000000000,7,2023,l2_logistic_c0.1,0.279028508,0.200000000
2023-06-03,202309030110,2020105250,15,ビルカール,0,15,Class2,阪神,69.000000000,9,2023,l2_logistic_c0.1,0.094285500,0.200000000
2023-06-04,202309030212,2020102599,1,リトルミム,0,14,Class1,阪神,14.000000000,5,2023,l2_logistic_c0.1,0.281061014,0.214285714
2023-06-04,202309030212,2020106722,2,クインズエルサ,0,14,Class1,阪神,140.000000000,6,2023,l2_logistic_c0.1,0.500847455,0.214285714
2023-06-04,202309030212,2018103200,3,バーニングパワー,0,14,Class1,阪神,21.000000000,13,2023,l2_logistic_c0.1,0.156968787,0.214285714
2023-06-04,202309030212,2019104738,4,サウンドクレア,1,14,Class1,阪神,217.000000000,9,2023,l2_logistic_c0.1,0.078909417,0.214285714
2023-06-04,202309030212,2019100666,5,イラーレ,1,14,Class1,阪神,21.000000000,19,2023,l2_logistic_c0.1,0.545511265,0.214285714
2023-06-04,202309030212,2018102053,6,ドリームアゲイン,0,14,Class1,阪神,21.000000000,14,2023,l2_logistic_c0.1,0.083247623,0.214285714
2023-06-04,202309030212,2019106598,7,プロティオスミノル,1,14,Class1,阪神,35.000000000,5,2023,l2_logistic_c0.1,0.119089461,0.214285714
2023-06-04,202309030212,2020106821,8,ピースフルナイト,0,14,Class1,阪神,15.000000000,6,2023,l2_logistic_c0.1,0.565517480,0.214285714
2023-06-04,202309030212,2017100654,9,プリンスオブジオン,0,14,Class1,阪神,57.000000000,9,2023,l2_logistic_c0.1,0.112066052,0.214285714
2023-06-04,202309030212,2019101203,10,カレンラファータ,0,14,Class1,阪神,22.000000000,9,2023,l2_logistic_c0.1,0.109645586,0.214285714
2023-06-04,202309030212,2017101991,11,テンジュイン,0,14,Class1,阪神,15.000000000,33,2023,l2_logistic_c0.1,0.179688744,0.214285714
2023-06-04,202309030212,2019100943,12,サードフォース,0,14,Class1,阪神,21.000000000,6,2023,l2_logistic_c0.1,0.079759298,0.214285714
2023-06-04,202309030212,2020101372,13,クリノエンジェル,0,14,Class1,阪神,22.000000000,6,2023,l2_logistic_c0.1,0.262549184,0.214285714
2023-06-04,202309030212,2018106200,14,メイショウヒゾッコ,0,14,Class1,阪神,21.000000000,22,2023,l2_logistic_c0.1,0.093294940,0.214285714
2023-06-10,202302010101,2020102879,1,スプレンディダ,1,16,Maiden,函館,28.000000000,9,2023,l2_logistic_c0.1,0.370377793,0.187500000
2023-06-10,202302010101,2020105791,2,アフターグロウ,1,16,Maiden,函館,21.000000000,7,2023,l2_logistic_c0.1,0.468770469,0.187500000
2023-06-10,202302010101,2020103949,3,シャコンヌ,0,16,Maiden,函館,49.000000000,8,2023,l2_logistic_c0.1,0.135544524,0.187500000
2023-06-10,202302010101,2020106121,5,カッテミル,0,16,Maiden,函館,56.000000000,8,2023,l2_logistic_c0.1,0.239268857,0.187500000
2023-06-10,202302010101,2020104758,6,ゴコウサス,0,16,Maiden,函館,21.000000000,7,2023,l2_logistic_c0.1,0.378815022,0.187500000
2023-06-10,202302010101,2020105711,7,ホワイトキャンバス,0,16,Maiden,函館,83.000000000,5,2023,l2_logistic_c0.1,0.100111401,0.187500000
2023-06-10,202302010101,2020106679,9,プリティジェニー,0,16,Maiden,函館,217.000000000,6,2023,l2_logistic_c0.1,0.032872661,0.187500000
2023-06-10,202302010101,2020104087,11,グランツベリー,0,16,Maiden,函館,27.000000000,6,2023,l2_logistic_c0.1,0.146130981,0.187500000
2023-06-10,202302010101,2020101122,12,シエロエスティーボ,1,16,Maiden,函館,48.000000000,5,2023,l2_logistic_c0.1,0.316076981,0.187500000
2023-06-10,202302010101,2020102360,13,クリノグローリー,0,16,Maiden,函館,209.000000000,7,2023,l2_logistic_c0.1,0.172287326,0.187500000
2023-06-10,202302010101,2020102877,14,エルフォルク,0,16,Maiden,函館,48.000000000,4,2023,l2_logistic_c0.1,0.115451878,0.187500000
2023-06-10,202302010111,2019103120,1,リトス,0,13,Class2,函館,48.000000000,17,2023,l2_logistic_c0.1,0.243288594,0.230769231
2023-06-10,202302010111,2017104895,2,ダノンカオス,0,13,Class2,函館,21.000000000,19,2023,l2_logistic_c0.1,0.201693873,0.230769231
2023-06-10,202302010111,2018101964,3,アルムファーツリー,0,13,Class2,函館,34.000000000,32,2023,l2_logistic_c0.1,0.070971344,0.230769231
2023-06-10,202302010111,2019103442,4,クラリティスケール,1,13,Class2,函館,35.000000000,12,2023,l2_logistic_c0.1,0.205113832,0.230769231
2023-06-10,202302010111,2020104674,5,バレリーナ,0,13,Class2,函館,104.000000000,4,2023,l2_logistic_c0.1,0.269147181,0.230769231
2023-06-10,202302010111,2019102273,6,モリノドリーム,1,13,Class2,函館,252.000000000,10,2023,l2_logistic_c0.1,0.354523004,0.230769231
2023-06-10,202302010111,2018102021,7,ヤマニンルリュール,0,13,Class2,函館,111.000000000,17,2023,l2_logistic_c0.1,0.103959000,0.230769231
2023-06-10,202302010111,2020106406,8,クリダーム,0,13,Class2,函館,90.000000000,5,2023,l2_logistic_c0.1,0.201704178,0.230769231
2023-06-10,202302010111,2019100898,9,タッカーシルバー,0,13,Class2,函館,56.000000000,11,2023,l2_logistic_c0.1,0.189548197,0.230769231
2023-06-10,202302010111,2020107176,10,ワックスフラワー,1,13,Class2,函館,90.000000000,7,2023,l2_logistic_c0.1,0.364248830,0.230769231
2023-06-10,202302010111,2019101262,11,ショウナンアメリア,0,13,Class2,函館,48.000000000,14,2023,l2_logistic_c0.1,0.256361408,0.230769231
2023-06-10,202302010111,2019104386,12,トーセンサンダー,0,13,Class2,函館,56.000000000,12,2023,l2_logistic_c0.1,0.167311336,0.230769231
2023-06-10,202302010111,2018102491,13,メイショウエニシア,0,13,Class2,函館,98.000000000,23,2023,l2_logistic_c0.1,0.067508686,0.230769231
2023-06-10,202309030303,2020100906,1,フライングブレード,1,16,Maiden,阪神,69.000000000,6,2023,l2_logistic_c0.1,0.212252513,0.187500000
2023-06-10,202309030303,2020106644,3,モノセーラス,0,16,Maiden,阪神,20.000000000,5,2023,l2_logistic_c0.1,0.338802531,0.187500000
2023-06-10,202309030303,2020105484,4,ニシノコウダイ,1,16,Maiden,阪神,41.000000000,4,2023,l2_logistic_c0.1,0.199379844,0.187500000
2023-06-10,202309030303,2020103418,6,インクルードダイヤ,0,16,Maiden,阪神,105.000000000,4,2023,l2_logistic_c0.1,0.170199369,0.187500000
2023-06-10,202309030303,2020106401,7,ナリタシン,0,16,Maiden,阪神,21.000000000,4,2023,l2_logistic_c0.1,0.336949296,0.187500000
2023-06-10,202309030303,2020100167,11,ケサランパサラン,0,16,Maiden,阪神,48.000000000,6,2023,l2_logistic_c0.1,0.105067241,0.187500000
2023-06-10,202309030303,2020105497,13,シュガープラム,0,16,Maiden,阪神,189.000000000,5,2023,l2_logistic_c0.1,0.034225728,0.187500000
2023-06-10,202309030303,2020109066,15,ノリノリ,0,16,Maiden,阪神,84.000000000,5,2023,l2_logistic_c0.1,0.073351143,0.187500000
2023-06-10,202309030303,2020103681,16,リッスンアップ,0,16,Maiden,阪神,55.000000000,4,2023,l2_logistic_c0.1,0.267416938,0.187500000
2023-06-10,202309030311,2017100197,1,ホッコーアカツキ,0,16,Class3,阪神,20.000000000,24,2023,l2_logistic_c0.1,0.064244071,0.187500000
2023-06-10,202309030311,2018104949,2,フォイアーロート,0,16,Class3,阪神,42.000000000,25,2023,l2_logistic_c0.1,0.060797230,0.187500000
2023-06-10,202309030311,2019103605,3,ペプチドヤマト,1,16,Class3,阪神,34.000000000,15,2023,l2_logistic_c0.1,0.312223930,0.187500000
2023-06-10,202309030311,2017103105,4,グッドマックス,0,16,Class3,阪神,20.000000000,30,2023,l2_logistic_c0.1,0.071686367,0.187500000
2023-06-10,202309030311,2016104227,5,ジョニーズララバイ,0,16,Class3,阪神,91.000000000,31,2023,l2_logistic_c0.1,0.078258506,0.187500000
2023-06-10,202309030311,2015103357,6,メイショウドウドウ,0,16,Class3,阪神,13.000000000,46,2023,l2_logistic_c0.1,0.211256499,0.187500000
2023-06-10,202309030311,2017106137,7,グレイトゲイナー,0,16,Class3,阪神,42.000000000,30,2023,l2_logistic_c0.1,0.132163566,0.187500000
2023-06-10,202309030311,2019105237,8,スリーパーダ,1,16,Class3,阪神,42.000000000,9,2023,l2_logistic_c0.1,0.193764980,0.187500000
2023-06-10,202309030311,2017106087,9,メイショウゲンセン,1,16,Class3,阪神,91.000000000,14,2023,l2_logistic_c0.1,0.241207725,0.187500000
2023-06-10,202309030311,2019100751,10,マイネルレノン,0,16,Class3,阪神,21.000000000,15,2023,l2_logistic_c0.1,0.374207456,0.187500000
2023-06-10,202309030311,2017106264,11,ビアイ,0,16,Class3,阪神,20.000000000,42,2023,l2_logistic_c0.1,0.032916241,0.187500000
2023-06-10,202309030311,2017106240,12,アビエルト,0,16,Class3,阪神,49.000000000,34,2023,l2_logistic_c0.1,0.128928958,0.187500000
2023-06-10,202309030311,2019105658,13,オタルエバー,0,16,Class3,阪神,364.000000000,8,2023,l2_logistic_c0.1,0.401149994,0.187500000
2023-06-10,202309030311,2018100025,14,シゲルカチョウ,0,16,Class3,阪神,69.000000000,11,2023,l2_logistic_c0.1,0.272916968,0.187500000
2023-06-10,202309030311,2016105734,15,サンキューユウガ,0,16,Class3,阪神,20.000000000,16,2023,l2_logistic_c0.1,0.346931877,0.187500000
2023-06-10,202309030311,2017102603,16,テイエムイダテン,0,16,Class3,阪神,13.000000000,24,2023,l2_logistic_c0.1,0.040022842,0.187500000
2023-06-11,202302010201,2020106966,2,ピンクジン,1,16,Maiden,函館,64.000000000,9,2023,l2_logistic_c0.1,0.245917889,0.187500000
2023-06-11,202302010201,2020100441,3,ハナサキポプラ,0,16,Maiden,函館,57.000000000,9,2023,l2_logistic_c0.1,0.103785861,0.187500000
2023-06-11,202302010201,2020104983,4,マルプリ,1,16,Maiden,函館,29.000000000,6,2023,l2_logistic_c0.1,0.526573782,0.187500000
2023-06-11,202302010201,2020104241,5,アパラギ,0,16,Maiden,函館,120.000000000,3,2023,l2_logistic_c0.1,0.195184666,0.187500000
2023-06-11,202302010201,2020104885,8,グラスミラー,1,16,Maiden,函館,29.000000000,4,2023,l2_logistic_c0.1,0.093800174,0.187500000
2023-06-11,202302010201,2020103873,9,メルクーア,0,16,Maiden,函館,85.000000000,4,2023,l2_logistic_c0.1,0.070062116,0.187500000
2023-06-11,202302010201,2020101554,10,シーギリア,0,16,Maiden,函館,63.000000000,3,2023,l2_logistic_c0.1,0.142359051,0.187500000
2023-06-11,202302010201,2020100351,11,モルフェブーケ,0,16,Maiden,函館,63.000000000,4,2023,l2_logistic_c0.1,0.125154361,0.187500000
2023-06-11,202302010201,2020103345,13,ノヴィアル,0,16,Maiden,函館,57.000000000,3,2023,l2_logistic_c0.1,0.106895350,0.187500000
2023-06-11,202302010201,2020103898,15,イグニション,0,16,Maiden,函館,50.000000000,6,2023,l2_logistic_c0.1,0.274687387,0.187500000
2023-06-11,202302010201,2020102772,16,ヴェラグエリエロ,0,16,Maiden,函館,50.000000000,3,2023,l2_logistic_c0.1,0.188282077,0.187500000
2023-06-11,202302010208,2019100772,2,ポルタフォルトゥナ,0,10,Class1,函館,35.000000000,14,2023,l2_logistic_c0.1,0.284244967,0.300000000
2023-06-11,202302010208,2019104693,3,ポメランチェ,0,10,Class1,函館,106.000000000,12,2023,l2_logistic_c0.1,0.098083472,0.300000000
2023-06-11,202302010208,2020100151,4,スクルプトーリス,0,10,Class1,函館,64.000000000,3,2023,l2_logistic_c0.1,0.221924879,0.300000000
2023-06-11,202302010208,2019110051,5,シュガーフロート,0,10,Class1,函館,42.000000000,10,2023,l2_logistic_c0.1,0.562759302,0.300000000
2023-06-11,202302010208,2019105738,6,ピンクセイラー,0,10,Class1,函館,42.000000000,6,2023,l2_logistic_c0.1,0.220956905,0.300000000
2023-06-11,202302010208,2017103309,7,ホウオウエンジェル,0,10,Class1,函館,56.000000000,23,2023,l2_logistic_c0.1,0.276065671,0.300000000
2023-06-11,202302010208,2020110114,8,スリーアイランド,1,10,Class1,函館,43.000000000,6,2023,l2_logistic_c0.1,0.376647763,0.300000000
2023-06-11,202302010208,2020103735,9,ランフリーバンクス,1,10,Class1,函館,91.000000000,5,2023,l2_logistic_c0.1,0.226690106,0.300000000
2023-06-11,202302010208,2019105241,11,ビップシュプリーム,1,10,Class1,函館,28.000000000,8,2023,l2_logistic_c0.1,0.436025422,0.300000000
2023-06-11,202302010211,2019106526,1,トウシンマカオ,1,16,Open,函館,77.000000000,11,2023,l2_logistic_c0.1,0.261011449,0.187500000
2023-06-11,202302010211,2018104029,2,レイハリア,0,16,Open,函館,56.000000000,16,2023,l2_logistic_c0.1,0.063298144,0.187500000
2023-06-11,202302010211,2018106504,3,サトノアイ,0,16,Open,函館,113.000000000,18,2023,l2_logistic_c0.1,0.095962146,0.187500000
2023-06-11,202302010211,2015105850,4,カイザーメランジェ,0,16,Open,函館,56.000000000,42,2023,l2_logistic_c0.1,0.098609295,0.187500000
2023-06-11,202302010211,2017110123,5,ヴィズサクセス,0,16,Open,函館,63.000000000,16,2023,l2_logistic_c0.1,0.205671138,0.187500000
2023-06-11,202302010211,2019102788,6,ウォーターナビレラ,0,16,Open,函館,77.000000000,11,2023,l2_logistic_c0.1,0.150773387,0.187500000
2023-06-11,202302010211,2017105661,7,ジュビリーヘッド,1,16,Open,函館,56.000000000,25,2023,l2_logistic_c0.1,0.308998127,0.187500000
2023-06-11,202302010211,2020101678,8,リバーラ,0,16,Open,函館,91.000000000,5,2023,l2_logistic_c0.1,0.208069205,0.187500000
2023-06-11,202302010211,2017100583,9,ディヴィナシオン,0,16,Open,函館,77.000000000,41,2023,l2_logistic_c0.1,0.066712816,0.187500000
2023-06-11,202302010211,2018103105,10,テイエムトッキュウ,0,16,Open,函館,63.000000000,13,2023,l2_logistic_c0.1,0.202233770,0.187500000
2023-06-11,202302010211,2019110107,11,ジャスパークローネ,0,16,Open,函館,35.000000000,11,2023,l2_logistic_c0.1,0.294072907,0.187500000
2023-06-11,202302010211,2020102564,12,ムーンプローブ,0,16,Open,函館,63.000000000,6,2023,l2_logistic_c0.1,0.153517980,0.187500000
2023-06-11,202302010211,2020103589,13,ブトンドール,0,16,Open,函館,63.000000000,6,2023,l2_logistic_c0.1,0.255973648,0.187500000
2023-06-11,202302010211,2018104331,14,ヴァトレニ,0,16,Open,函館,35.000000000,19,2023,l2_logistic_c0.1,0.185176400,0.187500000
2023-06-11,202302010211,2019104470,15,キミワクイーン,1,16,Open,函館,56.000000000,10,2023,l2_logistic_c0.1,0.227332660,0.187500000
2023-06-11,202302010211,2019104841,16,カルネアサーダ,0,16,Open,函館,63.000000000,15,2023,l2_logistic_c0.1,0.152635901,0.187500000
2023-06-17,202302010301,2020101839,1,サティンボディス,0,16,Maiden,函館,70.000000000,9,2023,l2_logistic_c0.1,0.248080678,0.187500000
2023-06-17,202302010301,2020102208,2,マテンロウアネモス,1,16,Maiden,函館,27.000000000,3,2023,l2_logistic_c0.1,0.452547163,0.187500000
2023-06-17,202302010301,2020102080,3,ベッラフロー,0,16,Maiden,函館,27.000000000,7,2023,l2_logistic_c0.1,0.317243682,0.187500000
2023-06-17,202302010301,2020103531,4,フローラルハニー,0,16,Maiden,函館,83.000000000,7,2023,l2_logistic_c0.1,0.038965900,0.187500000
2023-06-17,202302010301,2020104088,5,ランドオブラヴ,1,16,Maiden,函館,91.000000000,3,2023,l2_logistic_c0.1,0.075547338,0.187500000
2023-06-17,202302010301,2020106980,6,ドライカプチーノ,0,16,Maiden,函館,84.000000000,8,2023,l2_logistic_c0.1,0.073349728,0.187500000
2023-06-17,202302010301,2020105892,7,ヴァルトラウテ,0,16,Maiden,函館,77.000000000,6,2023,l2_logistic_c0.1,0.112188471,0.187500000
2023-06-17,202302010301,2020106149,9,アスキーアート,0,16,Maiden,函館,119.000000000,7,2023,l2_logistic_c0.1,0.160839369,0.187500000
2023-06-17,202302010301,2020101863,10,コパカバーナビーチ,0,16,Maiden,函館,55.000000000,7,2023,l2_logistic_c0.1,0.316115565,0.187500000
2023-06-17,202302010301,2020100347,11,クリノリアルレディ,1,16,Maiden,函館,70.000000000,13,2023,l2_logistic_c0.1,0.118537304,0.187500000
2023-06-17,202302010301,2020102057,13,ジンフィンドール,0,16,Maiden,函館,77.000000000,3,2023,l2_logistic_c0.1,0.118645623,0.187500000
2023-06-17,202302010301,2020101171,15,ビスケット,0,16,Maiden,函館,63.000000000,5,2023,l2_logistic_c0.1,0.043621666,0.187500000
2023-06-17,202302010309,2019105350,1,シタン,1,11,Class1,函館,91.000000000,6,2023,l2_logistic_c0.1,0.366220446,0.272727273
2023-06-17,202302010309,2020103735,2,ランフリーバンクス,0,11,Class1,函館,6.000000000,6,2023,l2_logistic_c0.1,0.424251453,0.272727273
2023-06-17,202302010309,2020110005,3,ソフィアエール,0,11,Class1,函館,49.000000000,6,2023,l2_logistic_c0.1,0.170837020,0.272727273
2023-06-17,202302010309,2019105241,4,ビップシュプリーム,0,11,Class1,函館,6.000000000,9,2023,l2_logistic_c0.1,0.559275396,0.272727273
2023-06-17,202302010309,2019105412,5,プリモカリーナ,1,11,Class1,函館,62.000000000,9,2023,l2_logistic_c0.1,0.422989697,0.272727273
2023-06-17,202302010309,2019101032,6,ユキヤナギ,0,11,Class1,函館,6.000000000,20,2023,l2_logistic_c0.1,0.060521520,0.272727273
2023-06-17,202302010309,2019110106,7,オカンモシャチョウ,0,11,Class1,函館,398.000000000,8,2023,l2_logistic_c0.1,0.086460785,0.272727273
2023-06-17,202302010309,2019102768,8,ヌーシャテル,0,11,Class1,函館,27.000000000,6,2023,l2_logistic_c0.1,0.060490246,0.272727273
2023-06-17,202302010309,2019103584,9,オラヴェリタス,0,11,Class1,函館,34.000000000,26,2023,l2_logistic_c0.1,0.164773124,0.272727273
2023-06-17,202302010309,2020100909,10,ジューンオレンジ,1,11,Class1,函館,69.000000000,7,2023,l2_logistic_c0.1,0.366274093,0.272727273
2023-06-17,202302010309,2017106588,11,ハリウッドヒルズ,0,11,Class1,函館,27.000000000,17,2023,l2_logistic_c0.1,0.563516914,0.272727273
2023-06-17,202302010311,2018101573,1,セイレーン,0,15,Class2,函館,35.000000000,19,2023,l2_logistic_c0.1,0.056841271,0.200000000
2023-06-17,202302010311,2019101679,2,ヴィアドロローサ,1,15,Class2,函館,28.000000000,14,2023,l2_logistic_c0.1,0.081102972,0.200000000
2023-06-17,202302010311,2019100168,3,ベジェサ,0,15,Class2,函館,35.000000000,11,2023,l2_logistic_c0.1,0.064782995,0.200000000
2023-06-17,202302010311,2020107176,4,ワックスフラワー,0,15,Class2,函館,7.000000000,8,2023,l2_logistic_c0.1,0.474688736,0.200000000
2023-06-17,202302010311,2019103442,5,クラリティスケール,0,15,Class2,函館,7.000000000,13,2023,l2_logistic_c0.1,0.328852775,0.200000000
2023-06-17,202302010311,2018105004,6,アップリバー,1,15,Class2,函館,63.000000000,24,2023,l2_logistic_c0.1,0.170554013,0.200000000
2023-06-17,202302010311,2019101262,7,ショウナンアメリア,0,15,Class2,函館,7.000000000,15,2023,l2_logistic_c0.1,0.274419109,0.200000000
2023-06-17,202302010311,2019109146,8,イールテソーロ,0,15,Class2,函館,28.000000000,11,2023,l2_logistic_c0.1,0.231640519,0.200000000
2023-06-17,202302010311,2020104954,9,ウメムスビ,0,15,Class2,函館,91.000000000,8,2023,l2_logistic_c0.1,0.134112621,0.200000000
2023-06-17,202302010311,2018103296,10,サニーオーシャン,0,15,Class2,函館,70.000000000,22,2023,l2_logistic_c0.1,0.054860987,0.200000000
2023-06-17,202302010311,2017100660,11,ポピュラーソング,0,15,Class2,函館,28.000000000,9,2023,l2_logistic_c0.1,0.075411478,0.200000000
2023-06-17,202302010311,2017103886,12,ラキ,0,15,Class2,函館,42.000000000,29,2023,l2_logistic_c0.1,0.052274333,0.200000000
2023-06-17,202302010311,2018104267,13,ユキノフラッシュ,0,15,Class2,函館,357.000000000,15,2023,l2_logistic_c0.1,0.198785699,0.200000000
2023-06-17,202302010311,2019104386,14,トーセンサンダー,0,15,Class2,函館,7.000000000,13,2023,l2_logistic_c0.1,0.231814536,0.200000000
2023-06-17,202302010311,2020100686,15,ジョリダム,1,15,Class2,函館,41.000000000,3,2023,l2_logistic_c0.1,0.209179519,0.200000000
2023-06-18,202302010402,2020100897,1,ルソレイユ,0,16,Maiden,函館,43.000000000,4,2023,l2_logistic_c0.1,0.293570109,0.187500000
2023-06-18,202302010402,2020103283,2,エルディアナ,0,16,Maiden,函館,49.000000000,5,2023,l2_logistic_c0.1,0.337681684,0.187500000
2023-06-18,202302010402,2020101992,3,ライクアフラワー,0,16,Maiden,函館,92.000000000,5,2023,l2_logistic_c0.1,0.237242155,0.187500000
2023-06-18,202302010402,2020103481,4,カズボニファシオ,0,16,Maiden,函館,42.000000000,6,2023,l2_logistic_c0.1,0.315098116,0.187500000
2023-06-18,202302010402,2020110051,5,ザングウィル,1,16,Maiden,函館,91.000000000,5,2023,l2_logistic_c0.1,0.362347938,0.187500000
2023-06-18,202302010402,2020101122,6,シエロエスティーボ,0,16,Maiden,函館,8.000000000,6,2023,l2_logistic_c0.1,0.482710322,0.187500000
2023-06-18,202302010402,2020103844,7,フリントロック,0,16,Maiden,函館,43.000000000,4,2023,l2_logistic_c0.1,0.296807848,0.187500000
2023-06-18,202302010402,2020100124,9,アイアンランラン,0,16,Maiden,函館,71.000000000,3,2023,l2_logistic_c0.1,0.033521893,0.187500000
2023-06-18,202302010402,2020100286,10,ルリイロ,0,16,Maiden,函館,42.000000000,4,2023,l2_logistic_c0.1,0.272861069,0.187500000
2023-06-18,202302010402,2020105561,11,ケイアイクビラ,1,16,Maiden,函館,22.000000000,5,2023,l2_logistic_c0.1,0.483731246,0.187500000
2023-06-18,202302010402,2020104787,12,コンフルエンス,0,16,Maiden,函館,43.000000000,3,2023,l2_logistic_c0.1,0.124277115,0.187500000
2023-06-18,202302010402,2020103870,13,ウィズアットダンス,0,16,Maiden,函館,56.000000000,5,2023,l2_logistic_c0.1,0.117763019,0.187500000
2023-06-18,202302010402,2020101606,14,アイリーンテーラー,0,16,Maiden,函館,50.000000000,6,2023,l2_logistic_c0.1,0.137114223,0.187500000
2023-06-18,202302010402,2020100154,15,ソニックライト,1,16,Maiden,函館,43.000000000,5,2023,l2_logistic_c0.1,0.353708279,0.187500000
2023-06-18,202302010402,2020106712,16,ファルマリン,0,16,Maiden,函館,43.000000000,4,2023,l2_logistic_c0.1,0.166220271,0.187500000
2023-06-18,202302010408,2018105357,1,ラピカズマ,0,16,Class1,函館,287.000000000,20,2023,l2_logistic_c0.1,0.233424863,0.187500000
2023-06-18,202302010408,2018104559,3,ナリタローゼ,0,16,Class1,函館,84.000000000,15,2023,l2_logistic_c0.1,0.188708206,0.187500000
2023-06-18,202302010408,2020104973,4,トゥービートライン,0,16,Class1,函館,8.000000000,4,2023,l2_logistic_c0.1,0.137861670,0.187500000
2023-06-18,202302010408,2018104471,5,グレイトミッション,0,16,Class1,函館,71.000000000,26,2023,l2_logistic_c0.1,0.051453460,0.187500000
2023-06-18,202302010408,2020102299,6,アシャカタカ,0,16,Class1,函館,36.000000000,5,2023,l2_logistic_c0.1,0.303757150,0.187500000
2023-06-18,202302010408,2020103356,7,クファシル,0,16,Class1,函館,71.000000000,3,2023,l2_logistic_c0.1,0.155799739,0.187500000
2023-06-18,202302010408,2020100151,8,スクルプトーリス,0,16,Class1,函館,7.000000000,4,2023,l2_logistic_c0.1,0.121113398,0.187500000
2023-06-18,202302010408,2019100911,9,エヴリーサンクス,0,16,Class1,函館,7.000000000,13,2023,l2_logistic_c0.1,0.052565994,0.187500000
2023-06-18,202302010408,2020101378,10,アイヲツグモノ,0,16,Class1,函館,56.000000000,3,2023,l2_logistic_c0.1,0.162074821,0.187500000
2023-06-18,202302010408,2018106613,11,プルスウルトラ,1,16,Class1,函館,21.000000000,19,2023,l2_logistic_c0.1,0.202213695,0.187500000
2023-06-18,202302010408,2019106179,12,ハートホイップ,0,16,Class1,函館,63.000000000,8,2023,l2_logistic_c0.1,0.069533238,0.187500000
2023-06-18,202302010408,2018100772,13,ハイライフ,1,16,Class1,函館,28.000000000,13,2023,l2_logistic_c0.1,0.041481802,0.187500000
2023-06-18,202302010408,2019106103,14,モウショウ,0,16,Class1,函館,28.000000000,11,2023,l2_logistic_c0.1,0.069731036,0.187500000
2023-06-18,202302010408,2018103063,15,フィルムスコア,1,16,Class1,函館,43.000000000,20,2023,l2_logistic_c0.1,0.031079437,0.187500000
2023-06-18,202302010408,2019106596,16,バトルシャイニング,0,16,Class1,函館,36.000000000,15,2023,l2_logistic_c0.1,0.210495823,0.187500000
2023-06-18,202302010411,2018103498,1,アイルビーザワン,0,16,Class3,函館,71.000000000,18,2023,l2_logistic_c0.1,0.095506672,0.187500000
2023-06-18,202302010411,2018110035,2,シュバルツカイザー,1,16,Class3,函館,50.000000000,13,2023,l2_logistic_c0.1,0.198354972,0.187500000
2023-06-18,202302010411,2019103010,3,オードゥメール,0,16,Class3,函館,71.000000000,13,2023,l2_logistic_c0.1,0.224452296,0.187500000
2023-06-18,202302010411,2018103926,4,ショウナンラスボス,0,16,Class3,函館,50.000000000,27,2023,l2_logistic_c0.1,0.222713710,0.187500000
2023-06-18,202302010411,2018110037,5,ブルースピリット,1,16,Class3,函館,99.000000000,12,2023,l2_logistic_c0.1,0.278799986,0.187500000
2023-06-18,202302010411,2019100659,6,レベレンシア,0,16,Class3,函館,63.000000000,7,2023,l2_logistic_c0.1,0.374721330,0.187500000
2023-06-18,202302010411,2019102522,7,ドグマ,0,16,Class3,函館,71.000000000,12,2023,l2_logistic_c0.1,0.212560002,0.187500000
2023-06-18,202302010411,2018100756,8,シュアーヴアリア,0,16,Class3,函館,57.000000000,29,2023,l2_logistic_c0.1,0.127743558,0.187500000
2023-06-18,202302010411,2018103086,9,ヴァーチャリティ,0,16,Class3,函館,57.000000000,19,2023,l2_logistic_c0.1,0.069903771,0.187500000
2023-06-18,202302010411,2018106077,10,イルクオーレ,0,16,Class3,函館,50.000000000,17,2023,l2_logistic_c0.1,0.381105444,0.187500000
2023-06-18,202302010411,2019106184,11,カフジテトラゴン,1,16,Class3,函館,140.000000000,15,2023,l2_logistic_c0.1,0.210830558,0.187500000
2023-06-18,202302010411,2019105806,12,ドロップオブライト,0,16,Class3,函館,50.000000000,9,2023,l2_logistic_c0.1,0.248688027,0.187500000
2023-06-18,202302010411,2019104518,13,アイヴォリードレス,0,16,Class3,函館,85.000000000,7,2023,l2_logistic_c0.1,0.169904019,0.187500000
2023-06-18,202302010411,2017104873,14,エグレムニ,0,16,Class3,函館,172.000000000,30,2023,l2_logistic_c0.1,0.071670598,0.187500000
2023-06-18,202302010411,2018105112,15,フォドラ,0,16,Class3,函館,112.000000000,17,2023,l2_logistic_c0.1,0.031718632,0.187500000
2023-06-18,202302010411,2018106837,16,テーオーメアリー,0,16,Class3,函館,154.000000000,19,2023,l2_logistic_c0.1,0.123496745,0.187500000
2023-06-18,202302010412,2020100997,1,マルモリディライト,0,15,Class1,函館,98.000000000,8,2023,l2_logistic_c0.1,0.147219111,0.200000000
2023-06-18,202302010412,2018106717,2,プロトサマニ,0,15,Class1,函館,63.000000000,11,2023,l2_logistic_c0.1,0.075182507,0.200000000
2023-06-18,202302010412,2019106713,3,クインズグレイト,0,15,Class1,函館,50.000000000,12,2023,l2_logistic_c0.1,0.100056117,0.200000000
2023-06-18,202302010412,2017103309,4,ホウオウエンジェル,0,15,Class1,函館,7.000000000,24,2023,l2_logistic_c0.1,0.193353392,0.200000000
2023-06-18,202302010412,2020103191,5,ブライトサイン,0,15,Class1,函館,148.000000000,5,2023,l2_logistic_c0.1,0.083625854,0.200000000
2023-06-18,202302010412,2020100105,6,エイシンフェンサー,1,15,Class1,函館,64.000000000,5,2023,l2_logistic_c0.1,0.282465940,0.200000000
2023-06-18,202302010412,2020100121,7,イイヒニナル,0,15,Class1,函館,28.000000000,3,2023,l2_logistic_c0.1,0.208963972,0.200000000
2023-06-18,202302010412,2020103267,8,アトモストリミッツ,0,15,Class1,函館,134.000000000,4,2023,l2_logistic_c0.1,0.150856334,0.200000000
2023-06-18,202302010412,2018104938,9,ヴェールクレール,0,15,Class1,函館,113.000000000,15,2023,l2_logistic_c0.1,0.277800375,0.200000000
2023-06-18,202302010412,2020101848,10,バロットボックス,0,15,Class1,函館,176.000000000,4,2023,l2_logistic_c0.1,0.047689984,0.200000000
2023-06-18,202302010412,2019105765,11,ハウファアイルゴー,0,15,Class1,函館,7.000000000,3,2023,l2_logistic_c0.1,0.126741062,0.200000000
2023-06-18,202302010412,2020105145,12,カワキタマックス,0,15,Class1,函館,91.000000000,3,2023,l2_logistic_c0.1,0.167080947,0.200000000
2023-06-18,202302010412,2018102669,13,スズノナデシコ,1,15,Class1,函館,84.000000000,18,2023,l2_logistic_c0.1,0.211080523,0.200000000
2023-06-18,202302010412,2019100772,14,ポルタフォルトゥナ,1,15,Class1,函館,7.000000000,15,2023,l2_logistic_c0.1,0.164768386,0.200000000
2023-06-18,202302010412,2019105258,15,オルコス,0,15,Class1,函館,71.000000000,11,2023,l2_logistic_c0.1,0.105419188,0.200000000
2023-06-24,202302010503,2020106930,2,シャーンゴッセ,0,16,Maiden,函館,69.000000000,5,2023,l2_logistic_c0.1,0.303230381,0.187500000
2023-06-24,202302010503,2020101770,3,トリプルウイナー,0,16,Maiden,函館,49.000000000,7,2023,l2_logistic_c0.1,0.228491375,0.187500000
2023-06-24,202302010503,2020104516,4,サクラトップクリス,0,16,Maiden,函館,55.000000000,9,2023,l2_logistic_c0.1,0.148727993,0.187500000
2023-06-24,202302010503,2020102438,5,マジカルフラワー,0,16,Maiden,函館,13.000000000,3,2023,l2_logistic_c0.1,0.104003629,0.187500000
2023-06-24,202302010503,2020102718,6,オルフェスト,1,16,Maiden,函館,42.000000000,3,2023,l2_logistic_c0.1,0.381101770,0.187500000
2023-06-24,202302010503,2020101791,7,ヴァイキングムーン,0,16,Maiden,函館,35.000000000,5,2023,l2_logistic_c0.1,0.175763869,0.187500000
2023-06-24,202302010503,2020104241,9,アパラギ,0,16,Maiden,函館,13.000000000,4,2023,l2_logistic_c0.1,0.175111672,0.187500000
2023-06-24,202302010503,2020106966,11,ピンクジン,0,16,Maiden,函館,13.000000000,10,2023,l2_logistic_c0.1,0.288952373,0.187500000
2023-06-24,202302010503,2020103873,12,メルクーア,0,16,Maiden,函館,13.000000000,5,2023,l2_logistic_c0.1,0.086333532,0.187500000
2023-06-24,202302010503,2020101229,13,レディメローラ,1,16,Maiden,函館,14.000000000,3,2023,l2_logistic_c0.1,0.283242894,0.187500000
2023-06-24,202302010503,2020100580,14,ソルエストレーラ,0,16,Maiden,函館,41.000000000,5,2023,l2_logistic_c0.1,0.127901779,0.187500000
2023-06-24,202302010503,2020104758,15,ゴコウサス,0,16,Maiden,函館,14.000000000,8,2023,l2_logistic_c0.1,0.308589484,0.187500000
2023-06-24,202302010503,2020100759,16,アルマロクザン,1,16,Maiden,函館,20.000000000,7,2023,l2_logistic_c0.1,0.447896079,0.187500000
2023-06-24,202302010507,2018104938,1,ヴェールクレール,1,11,Class1,函館,6.000000000,16,2023,l2_logistic_c0.1,0.489661505,0.272727273
2023-06-24,202302010507,2018102669,2,スズノナデシコ,1,11,Class1,函館,6.000000000,19,2023,l2_logistic_c0.1,0.520505705,0.272727273
2023-06-24,202302010507,2020104163,3,エメラダ,0,11,Class1,函館,14.000000000,6,2023,l2_logistic_c0.1,0.035964466,0.272727273
2023-06-24,202302010507,2020100286,4,ルリイロ,0,11,Class1,函館,6.000000000,5,2023,l2_logistic_c0.1,0.331703380,0.272727273
2023-06-24,202302010507,2020105892,5,ヴァルトラウテ,0,11,Class1,函館,7.000000000,7,2023,l2_logistic_c0.1,0.210434599,0.272727273
2023-06-24,202302010507,2019105738,6,ピンクセイラー,0,11,Class1,函館,13.000000000,7,2023,l2_logistic_c0.1,0.223171633,0.272727273
2023-06-24,202302010507,2019106103,7,モウショウ,1,11,Class1,函館,6.000000000,12,2023,l2_logistic_c0.1,0.224605361,0.272727273
2023-06-24,202302010507,2020104086,8,ウェンダヴズクライ,0,11,Class1,函館,178.000000000,5,2023,l2_logistic_c0.1,0.068307743,0.272727273
2023-06-24,202302010507,2020102879,9,スプレンディダ,0,11,Class1,函館,14.000000000,10,2023,l2_logistic_c0.1,0.531726699,0.272727273
2023-06-24,202302010507,2019106596,10,バトルシャイニング,0,11,Class1,函館,6.000000000,16,2023,l2_logistic_c0.1,0.288766936,0.272727273
2023-06-24,202302010507,2019105258,11,オルコス,0,11,Class1,函館,6.000000000,12,2023,l2_logistic_c0.1,0.199936126,0.272727273
2023-06-24,202302010511,2018106504,1,サトノアイ,0,16,Open,函館,13.000000000,19,2023,l2_logistic_c0.1,0.145690388,0.187500000
2023-06-24,202302010511,2018105366,2,レッドベルオーブ,0,16,Open,函館,27.000000000,15,2023,l2_logistic_c0.1,0.136977125,0.187500000
2023-06-24,202302010511,2020102672,3,メイクアスナッチ,0,16,Open,函館,77.000000000,4,2023,l2_logistic_c0.1,0.355974218,0.187500000
2023-06-24,202302010511,2016104983,4,トップオブメジャー,0,16,Open,函館,48.000000000,21,2023,l2_logistic_c0.1,0.029909382,0.187500000
2023-06-24,202302010511,2018110045,5,ショックアクション,0,16,Open,函館,76.000000000,15,2023,l2_logistic_c0.1,0.093215040,0.187500000
2023-06-24,202302010511,2015104347,6,ルッジェーロ,0,16,Open,函館,76.000000000,39,2023,l2_logistic_c0.1,0.082586541,0.187500000
2023-06-24,202302010511,2017104552,7,ベイビーボス,0,16,Open,函館,97.000000000,20,2023,l2_logistic_c0.1,0.043059627,0.187500000
2023-06-24,202302010511,2018102155,8,マイネルジェロディ,1,16,Open,函館,97.000000000,23,2023,l2_logistic_c0.1,0.040339931,0.187500000
2023-06-24,202302010511,2016102534,9,イーサンパンサー,0,16,Open,函館,216.000000000,31,2023,l2_logistic_c0.1,0.032406597,0.187500000
2023-06-24,202302010511,2019104841,10,カルネアサーダ,1,16,Open,函館,13.000000000,16,2023,l2_logistic_c0.1,0.232991384,0.187500000
2023-06-24,202302010511,2018104041,11,マウンテンムスメ,0,16,Open,函館,34.000000000,23,2023,l2_logistic_c0.1,0.148303820,0.187500000
2023-06-24,202302010511,2018102595,12,ロードマックス,0,16,Open,函館,42.000000000,16,2023,l2_logistic_c0.1,0.148224156,0.187500000
2023-06-24,202302010511,2015105850,13,カイザーメランジェ,0,16,Open,函館,13.000000000,43,2023,l2_logistic_c0.1,0.193405587,0.187500000
2023-06-24,202302010511,2019102238,14,クロジシジョー,0,16,Open,函館,49.000000000,18,2023,l2_logistic_c0.1,0.108141967,0.187500000
2023-06-24,202302010511,2018101343,15,ゾンニッヒ,1,16,Open,函館,42.000000000,17,2023,l2_logistic_c0.1,0.440605489,0.187500000
2023-06-24,202302010511,2018104945,16,ルークズネスト,0,16,Open,函館,286.000000000,14,2023,l2_logistic_c0.1,0.125969084,0.187500000
2023-06-25,202302010601,2020101034,1,アイアンムーン,1,16,Maiden,函館,29.000000000,5,2023,l2_logistic_c0.1,0.663456467,0.187500000
2023-06-25,202302010601,2020106330,2,ラウラーナ,0,16,Maiden,函館,36.000000000,7,2023,l2_logistic_c0.1,0.315232383,0.187500000
2023-06-25,202302010601,2020102360,4,クリノグローリー,0,16,Maiden,函館,15.000000000,8,2023,l2_logistic_c0.1,0.164146457,0.187500000
2023-06-25,202302010601,2020103345,5,ノヴィアル,0,16,Maiden,函館,14.000000000,4,2023,l2_logistic_c0.1,0.136034747,0.187500000
2023-06-25,202302010601,2020106149,6,アスキーアート,0,16,Maiden,函館,8.000000000,8,2023,l2_logistic_c0.1,0.227974950,0.187500000
2023-06-25,202302010601,2020102826,7,カリーナベローチェ,0,16,Maiden,函館,56.000000000,5,2023,l2_logistic_c0.1,0.328972407,0.187500000
2023-06-25,202302010601,2020104415,8,スピニングマーリン,1,16,Maiden,函館,14.000000000,3,2023,l2_logistic_c0.1,0.218967257,0.187500000
2023-06-25,202302010601,2020106622,9,ガンバリーレ,0,16,Maiden,函館,42.000000000,5,2023,l2_logistic_c0.1,0.062955136,0.187500000
2023-06-25,202302010601,2020101870,10,ラブコ,0,16,Maiden,函館,42.000000000,5,2023,l2_logistic_c0.1,0.183777266,0.187500000
2023-06-25,202302010601,2020104885,11,グラスミラー,0,16,Maiden,函館,14.000000000,5,2023,l2_logistic_c0.1,0.269756333,0.187500000
2023-06-25,202302010601,2020102958,12,コンスピキュアス,0,16,Maiden,函館,50.000000000,6,2023,l2_logistic_c0.1,0.145631871,0.187500000
2023-06-25,202302010601,2020100891,13,ヨドノルーキー,1,16,Maiden,函館,99.000000000,5,2023,l2_logistic_c0.1,0.077761221,0.187500000
2023-06-25,202302010601,2020104909,14,レゼルノワール,0,16,Maiden,函館,8.000000000,4,2023,l2_logistic_c0.1,0.144523363,0.187500000
2023-06-25,202302010601,2020103904,15,イスラデルノルテ,0,16,Maiden,函館,43.000000000,6,2023,l2_logistic_c0.1,0.158174495,0.187500000
2023-06-25,202302010601,2020104604,16,ソルトベール,0,16,Maiden,函館,8.000000000,3,2023,l2_logistic_c0.1,0.185496219,0.187500000
2023-06-25,202302010610,2019102436,1,ミズノコキュウ,1,13,Class2,函館,71.000000000,17,2023,l2_logistic_c0.1,0.206925210,0.230769231
2023-06-25,202302010610,2017103886,2,ラキ,0,13,Class2,函館,8.000000000,30,2023,l2_logistic_c0.1,0.077550502,0.230769231
2023-06-25,202302010610,2019105317,3,トップキャスト,0,13,Class2,函館,56.000000000,13,2023,l2_logistic_c0.1,0.054072324,0.230769231
2023-06-25,202302010610,2018104765,4,イズンシーラブリー,0,13,Class2,函館,71.000000000,18,2023,l2_logistic_c0.1,0.341198672,0.230769231
2023-06-25,202302010610,2019103120,6,リトス,0,13,Class2,函館,15.000000000,18,2023,l2_logistic_c0.1,0.212326628,0.230769231
2023-06-25,202302010610,2020107176,7,ワックスフラワー,0,13,Class2,函館,8.000000000,9,2023,l2_logistic_c0.1,0.446871614,0.230769231
2023-06-25,202302010610,2018101964,8,アルムファーツリー,0,13,Class2,函館,15.000000000,33,2023,l2_logistic_c0.1,0.111504368,0.230769231
2023-06-25,202302010610,2018102491,9,メイショウエニシア,1,13,Class2,函館,15.000000000,24,2023,l2_logistic_c0.1,0.123793852,0.230769231
2023-06-25,202302010610,2018106152,10,ルルルージュ,0,13,Class2,函館,56.000000000,15,2023,l2_logistic_c0.1,0.107029750,0.230769231
2023-06-25,202302010610,2020100909,11,ジューンオレンジ,0,13,Class2,函館,8.000000000,8,2023,l2_logistic_c0.1,0.426379021,0.230769231
2023-06-25,202302010610,2019104549,12,テンメジャーガール,0,13,Class2,函館,42.000000000,13,2023,l2_logistic_c0.1,0.393553731,0.230769231
2023-06-25,202302010610,2020104674,13,バレリーナ,0,13,Class2,函館,15.000000000,5,2023,l2_logistic_c0.1,0.169062173,0.230769231
2023-06-25,202302010612,2017106588,1,ハリウッドヒルズ,0,13,Class1,函館,8.000000000,18,2023,l2_logistic_c0.1,0.500453248,0.230769231
2023-06-25,202302010612,2019102137,2,シロン,1,13,Class1,函館,42.000000000,10,2023,l2_logistic_c0.1,0.135269477,0.230769231
2023-06-25,202302010612,2017101624,3,クリノヴィンセント,0,13,Class1,函館,15.000000000,23,2023,l2_logistic_c0.1,0.051405486,0.230769231
2023-06-25,202302010612,2019106179,4,ハートホイップ,0,13,Class1,函館,7.000000000,9,2023,l2_logistic_c0.1,0.179583639,0.230769231
2023-06-25,202302010612,2020101378,5,アイヲツグモノ,0,13,Class1,函館,7.000000000,4,2023,l2_logistic_c0.1,0.321155005,0.230769231
2023-06-25,202302010612,2019110051,6,シュガーフロート,0,13,Class1,函館,14.000000000,11,2023,l2_logistic_c0.1,0.500034611,0.230769231
2023-06-25,202302010612,2020100997,7,マルモリディライト,0,13,Class1,函館,7.000000000,9,2023,l2_logistic_c0.1,0.233657271,0.230769231
2023-06-25,202302010612,2018104471,8,グレイトミッション,0,13,Class1,函館,7.000000000,27,2023,l2_logistic_c0.1,0.084043127,0.230769231
2023-06-25,202302010612,2020103844,9,フリントロック,1,13,Class1,函館,7.000000000,5,2023,l2_logistic_c0.1,0.332147004,0.230769231
2023-06-25,202302010612,2020100151,10,スクルプトーリス,1,13,Class1,函館,7.000000000,5,2023,l2_logistic_c0.1,0.190906038,0.230769231
2023-06-25,202302010612,2019103584,11,オラヴェリタス,0,13,Class1,函館,8.000000000,27,2023,l2_logistic_c0.1,0.105155629,0.230769231
2023-06-25,202302010612,2019110106,12,オカンモシャチョウ,0,13,Class1,函館,8.000000000,9,2023,l2_logistic_c0.1,0.097643346,0.230769231
2023-06-25,202302010612,2020110094,13,ニトロジャーニー,0,13,Class1,函館,7.000000000,6,2023,l2_logistic_c0.1,0.165714027,0.230769231
2023-07-01,202302020109,2018105357,1,ラピカズマ,0,12,Class1,函館,13.000000000,21,2023,l2_logistic_c0.1,0.448519336,0.250000000
2023-07-01,202302020109,2019105241,2,ビップシュプリーム,1,12,Class1,函館,14.000000000,10,2023,l2_logistic_c0.1,0.543993211,0.250000000
2023-07-01,202302020109,2019106194,3,コーリングユー,1,12,Class1,函館,69.000000000,9,2023,l2_logistic_c0.1,0.507473842,0.250000000
2023-07-01,202302020109,2019110106,4,オカンモシャチョウ,0,12,Class1,函館,6.000000000,10,2023,l2_logistic_c0.1,0.105496873,0.250000000
2023-07-01,202302020109,2017103309,5,ホウオウエンジェル,0,12,Class1,函館,13.000000000,25,2023,l2_logistic_c0.1,0.222472745,0.250000000
2023-07-01,202302020109,2020104086,6,ウェンダヴズクライ,0,12,Class1,函館,7.000000000,6,2023,l2_logistic_c0.1,0.087257321,0.250000000
2023-07-01,202302020109,2020101031,7,アスクエピソード,1,12,Class1,函館,84.000000000,6,2023,l2_logistic_c0.1,0.459271704,0.250000000
2023-07-01,202302020109,2018103063,8,フィルムスコア,0,12,Class1,函館,13.000000000,21,2023,l2_logistic_c0.1,0.145722380,0.250000000
2023-07-01,202302020109,2020103191,9,ブライトサイン,0,12,Class1,函館,13.000000000,6,2023,l2_logistic_c0.1,0.110085975,0.250000000
2023-07-01,202302020109,2020103962,10,ステークホルダー,0,12,Class1,函館,63.000000000,7,2023,l2_logistic_c0.1,0.422309968,0.250000000
2023-07-01,202302020109,2019102320,11,サイモンカーチス,0,12,Class1,函館,42.000000000,17,2023,l2_logistic_c0.1,0.094107362,0.250000000
2023-07-01,202302020109,2019101860,12,スピリットワールド,0,12,Class1,函館,21.000000000,5,2023,l2_logistic_c0.1,0.534954806,0.250000000
2023-07-01,202302020111,2019103010,1,オードゥメール,0,16,Class3,函館,13.000000000,14,2023,l2_logistic_c0.1,0.253781992,0.187500000
2023-07-01,202302020111,2019106184,2,カフジテトラゴン,1,16,Class3,函館,13.000000000,16,2023,l2_logistic_c0.1,0.338620262,0.187500000
2023-07-01,202302020111,2014100555,3,ヤマニンペダラーダ,0,16,Class3,函館,48.000000000,72,2023,l2_logistic_c0.1,0.026230207,0.187500000
2023-07-01,202302020111,2016100507,4,ヒロノトウリョウ,0,16,Class3,函館,55.000000000,29,2023,l2_logistic_c0.1,0.059752313,0.187500000
2023-07-01,202302020111,2018100377,5,タイセイグラシア,0,16,Class3,函館,55.000000000,22,2023,l2_logistic_c0.1,0.060103716,0.187500000
2023-07-01,202302020111,2018105004,6,アップリバー,0,16,Class3,函館,14.000000000,25,2023,l2_logistic_c0.1,0.240442270,0.187500000
2023-07-01,202302020111,2018103932,7,フミロア,0,16,Class3,函館,41.000000000,19,2023,l2_logistic_c0.1,0.135619130,0.187500000
2023-07-01,202302020111,2019101763,8,グランアリエル,0,16,Class3,函館,55.000000000,10,2023,l2_logistic_c0.1,0.113710066,0.187500000
2023-07-01,202302020111,2019102273,9,モリノドリーム,1,16,Class3,函館,21.000000000,11,2023,l2_logistic_c0.1,0.422988247,0.187500000
2023-07-01,202302020111,2018104949,10,フォイアーロート,0,16,Class3,函館,21.000000000,26,2023,l2_logistic_c0.1,0.075712841,0.187500000
2023-07-01,202302020111,2017104873,11,エグレムニ,0,16,Class3,函館,13.000000000,31,2023,l2_logistic_c0.1,0.129238564,0.187500000
2023-07-01,202302020111,2018110037,12,ブルースピリット,0,16,Class3,函館,13.000000000,13,2023,l2_logistic_c0.1,0.370100437,0.187500000
2023-07-01,202302020111,2018105306,13,インフィナイト,0,16,Class3,函館,105.000000000,15,2023,l2_logistic_c0.1,0.206346771,0.187500000
2023-07-01,202302020111,2019105806,14,ドロップオブライト,1,16,Class3,函館,13.000000000,10,2023,l2_logistic_c0.1,0.309162156,0.187500000
2023-07-01,202302020111,2019102522,15,ドグマ,0,16,Class3,函館,13.000000000,13,2023,l2_logistic_c0.1,0.159301667,0.187500000
2023-07-01,202302020111,2018106077,16,イルクオーレ,0,16,Class3,函館,13.000000000,18,2023,l2_logistic_c0.1,0.290081213,0.187500000
2023-07-01,202307030110,2019103233,1,ニシノデフィレ,0,11,Class2,中京,300.000000000,14,2023,l2_logistic_c0.1,0.299205781,0.272727273
2023-07-01,202307030110,2018104322,2,プレジールミノル,1,11,Class2,中京,6.000000000,23,2023,l2_logistic_c0.1,0.097953751,0.272727273
2023-07-01,202307030110,2019105176,3,グレナデンシロップ,0,11,Class2,中京,125.000000000,12,2023,l2_logistic_c0.1,0.133102601,0.272727273
2023-07-01,202307030110,2018109052,4,エコロデイジー,0,11,Class2,中京,35.000000000,17,2023,l2_logistic_c0.1,0.137709288,0.272727273
2023-07-01,202307030110,2019100604,5,ヤマニンアンフィル,1,11,Class2,中京,77.000000000,10,2023,l2_logistic_c0.1,0.487959909,0.272727273
2023-07-01,202307030110,2017101767,6,ベンガン,0,11,Class2,中京,69.000000000,17,2023,l2_logistic_c0.1,0.335185175,0.272727273
2023-07-01,202307030110,2019103562,7,ダテボレアス,0,11,Class2,中京,69.000000000,13,2023,l2_logistic_c0.1,0.194970547,0.272727273
2023-07-01,202307030110,2017101777,8,ヤマニンプティパ,0,11,Class2,中京,91.000000000,26,2023,l2_logistic_c0.1,0.156185234,0.272727273
2023-07-01,202307030110,2019101005,9,タイセイブリリオ,1,11,Class2,中京,28.000000000,16,2023,l2_logistic_c0.1,0.364316599,0.272727273
2023-07-01,202307030110,2017105192,10,カーフライターク,0,11,Class2,中京,195.000000000,23,2023,l2_logistic_c0.1,0.070353752,0.272727273
2023-07-01,202307030110,2019104697,11,ショウナンマッハ,0,11,Class2,中京,77.000000000,13,2023,l2_logistic_c0.1,0.092651284,0.272727273
2023-07-02,202302020203,2020106895,1,ロッソジュリア,0,16,Maiden,函館,43.000000000,5,2023,l2_logistic_c0.1,0.372583948,0.187500000
2023-07-02,202302020203,2020105707,2,アイワナアイドル,0,16,Maiden,函館,78.000000000,4,2023,l2_logistic_c0.1,0.085386262,0.187500000
2023-07-02,202302020203,2020106664,3,インセプション,0,16,Maiden,函館,119.000000000,4,2023,l2_logistic_c0.1,0.075295510,0.187500000
2023-07-02,202302020203,2020106330,4,ラウラーナ,1,16,Maiden,函館,7.000000000,8,2023,l2_logistic_c0.1,0.350737173,0.187500000
2023-07-02,202302020203,2020103159,5,クリノアグレッシブ,0,16,Maiden,函館,92.000000000,9,2023,l2_logistic_c0.1,0.074316480,0.187500000
2023-07-02,202302020203,2020107170,6,マインインパクト,0,16,Maiden,函館,21.000000000,6,2023,l2_logistic_c0.1,0.078082465,0.187500000
2023-07-02,202302020203,2020101171,7,ビスケット,0,16,Maiden,函館,15.000000000,6,2023,l2_logistic_c0.1,0.112770669,0.187500000
2023-07-02,202302020203,2020105791,8,アフターグロウ,0,16,Maiden,函館,22.000000000,8,2023,l2_logistic_c0.1,0.473367154,0.187500000
2023-07-02,202302020203,2020110122,9,ルージュナディア,0,16,Maiden,函館,35.000000000,4,2023,l2_logistic_c0.1,0.214063439,0.187500000
2023-07-02,202302020203,2020101536,10,アイリスバローズ,0,16,Maiden,函館,85.000000000,4,2023,l2_logistic_c0.1,0.152960777,0.187500000
2023-07-02,202302020203,2020102208,11,マテンロウアネモス,1,16,Maiden,函館,15.000000000,4,2023,l2_logistic_c0.1,0.501281125,0.187500000
2023-07-02,202302020203,2020103799,12,マロンドレ,0,16,Maiden,函館,14.000000000,5,2023,l2_logistic_c0.1,0.174495331,0.187500000
2023-07-02,202302020203,2020103949,15,シャコンヌ,0,16,Maiden,函館,22.000000000,9,2023,l2_logistic_c0.1,0.092592744,0.187500000
2023-07-02,202302020203,2020103038,16,キャルキューレ,0,16,Maiden,函館,57.000000000,4,2023,l2_logistic_c0.1,0.145689465,0.187500000
2023-07-02,202302020210,2019102456,1,ナバロン,0,9,Class2,函館,29.000000000,19,2023,l2_logistic_c0.1,0.359589912,0.333333333
2023-07-02,202302020210,2019100168,2,ベジェサ,0,9,Class2,函館,15.000000000,12,2023,l2_logistic_c0.1,0.121232360,0.333333333
2023-07-02,202302020210,2019102436,3,ミズノコキュウ,0,9,Class2,函館,7.000000000,18,2023,l2_logistic_c0.1,0.457394720,0.333333333
2023-07-02,202302020210,2020100105,4,エイシンフェンサー,1,9,Class2,函館,14.000000000,6,2023,l2_logistic_c0.1,0.571403082,0.333333333
2023-07-02,202302020210,2020103892,5,オメガシンフォニー,1,9,Class2,函館,63.000000000,5,2023,l2_logistic_c0.1,0.429111311,0.333333333
2023-07-02,202302020210,2020110114,6,スリーアイランド,1,9,Class2,函館,21.000000000,7,2023,l2_logistic_c0.1,0.520640000,0.333333333
2023-07-02,202302020210,2019104361,7,テーオースパロー,0,9,Class2,函館,50.000000000,17,2023,l2_logistic_c0.1,0.467510319,0.333333333
2023-07-02,202302020210,2019110042,8,スーリールダンジュ,0,9,Class2,函館,98.000000000,6,2023,l2_logistic_c0.1,0.563174074,0.333333333
2023-07-02,202302020210,2018102021,9,ヤマニンルリュール,0,9,Class2,函館,22.000000000,18,2023,l2_logistic_c0.1,0.186860295,0.333333333
2023-07-02,202303020202,2020103365,2,ウィズダムハート,1,16,Maiden,福島,106.000000000,4,2023,l2_logistic_c0.1,0.102127703,0.187500000
2023-07-02,202303020202,2020104465,4,ウラヌス,0,16,Maiden,福島,127.000000000,5,2023,l2_logistic_c0.1,0.098790656,0.187500000
2023-07-02,202303020202,2020104824,6,シンデレラスマイル,0,16,Maiden,福島,113.000000000,6,2023,l2_logistic_c0.1,0.299303221,0.187500000
2023-07-02,202303020202,2020100726,7,シティウォリアー,1,16,Maiden,福島,99.000000000,4,2023,l2_logistic_c0.1,0.121095236,0.187500000
2023-07-02,202303020202,2020105426,8,ベストバディ,0,16,Maiden,福島,78.000000000,4,2023,l2_logistic_c0.1,0.290599309,0.187500000
2023-07-02,202303020202,2020101845,9,フライウィズミー,0,16,Maiden,福島,14.000000000,8,2023,l2_logistic_c0.1,0.595608636,0.187500000
2023-07-02,202303020202,2020105787,12,アントルメグラッセ,0,16,Maiden,福島,134.000000000,7,2023,l2_logistic_c0.1,0.044136588,0.187500000
2023-07-02,202303020202,2020101956,13,ジェイエルトランス,0,16,Maiden,福島,22.000000000,3,2023,l2_logistic_c0.1,0.333605666,0.187500000
2023-07-02,202303020202,2020101564,16,テルテ,0,16,Maiden,福島,64.000000000,4,2023,l2_logistic_c0.1,0.144371043,0.187500000
2023-07-02,202303020212,2020100124,1,アイアンランラン,0,16,Class1,福島,14.000000000,4,2023,l2_logistic_c0.1,0.054773783,0.187500000
2023-07-02,202303020212,2018105051,2,サトノブラーヴ,0,16,Class1,福島,29.000000000,3,2023,l2_logistic_c0.1,0.324208417,0.187500000
2023-07-02,202303020212,2019100709,3,マイネルヘリテージ,0,16,Class1,福島,29.000000000,10,2023,l2_logistic_c0.1,0.130537348,0.187500000
2023-07-02,202303020212,2019105420,4,シウン,0,16,Class1,福島,22.000000000,14,2023,l2_logistic_c0.1,0.109029301,0.187500000
2023-07-02,202303020212,2020101195,5,ゴルトリッチ,0,16,Class1,福島,99.000000000,5,2023,l2_logistic_c0.1,0.233603907,0.187500000
2023-07-02,202303020212,2020103885,6,クリノゴッホ,0,16,Class1,福島,78.000000000,11,2023,l2_logistic_c0.1,0.132650558,0.187500000
2023-07-02,202303020212,2020104960,7,トロピカルヒーロー,0,16,Class1,福島,70.000000000,15,2023,l2_logistic_c0.1,0.134702906,0.187500000
2023-07-02,202303020212,2019104764,8,ジェットグリッター,0,16,Class1,福島,15.000000000,15,2023,l2_logistic_c0.1,0.142653734,0.187500000
2023-07-02,202303020212,2020100305,9,セイウンスイート,0,16,Class1,福島,64.000000000,8,2023,l2_logistic_c0.1,0.203181549,0.187500000
2023-07-02,202303020212,2020103093,10,プレジャークルーズ,1,16,Class1,福島,50.000000000,7,2023,l2_logistic_c0.1,0.170525083,0.187500000
2023-07-02,202303020212,2019104930,11,スクリーンショット,0,16,Class1,福島,85.000000000,16,2023,l2_logistic_c0.1,0.196739892,0.187500000
2023-07-02,202303020212,2019102518,12,シエラプリンセサ,0,16,Class1,福島,50.000000000,5,2023,l2_logistic_c0.1,0.151288656,0.187500000
2023-07-02,202303020212,2018105965,13,エイシンディアデム,0,16,Class1,福島,98.000000000,14,2023,l2_logistic_c0.1,0.026732766,0.187500000
2023-07-02,202303020212,2019104143,14,ミュージアムピース,1,16,Class1,福島,21.000000000,11,2023,l2_logistic_c0.1,0.134736314,0.187500000
2023-07-02,202303020212,2019103320,15,プレヴォール,0,16,Class1,福島,287.000000000,12,2023,l2_logistic_c0.1,0.022984808,0.187500000
2023-07-02,202303020212,2018110149,16,コスモアディラート,1,16,Class1,福島,63.000000000,11,2023,l2_logistic_c0.1,0.408349342,0.187500000
2023-07-02,202307030208,2019103673,1,バーニングアイズ,0,18,Class1,中京,49.000000000,11,2023,l2_logistic_c0.1,0.036336477,0.166666667
2023-07-02,202307030208,2018106145,2,アコルダール,0,18,Class1,中京,77.000000000,8,2023,l2_logistic_c0.1,0.062968327,0.166666667
2023-07-02,202307030208,2020104164,3,アネモス,0,18,Class1,中京,127.000000000,6,2023,l2_logistic_c0.1,0.186242835,0.166666667
2023-07-02,202307030208,2019105044,4,アドマイヤラヴィ,1,18,Class1,中京,63.000000000,9,2023,l2_logistic_c0.1,0.390246784,0.166666667
2023-07-02,202307030208,2019102068,5,シャウビンダー,1,18,Class1,中京,15.000000000,11,2023,l2_logistic_c0.1,0.117220972,0.166666667
2023-07-02,202307030208,2020106737,6,メイショウコギク,0,18,Class1,中京,127.000000000,7,2023,l2_logistic_c0.1,0.139934269,0.166666667
2023-07-02,202307030208,2020106722,7,クインズエルサ,0,18,Class1,中京,28.000000000,7,2023,l2_logistic_c0.1,0.323201359,0.166666667
2023-07-02,202307030208,2020101925,8,アイヤナ,0,18,Class1,中京,42.000000000,5,2023,l2_logistic_c0.1,0.143584210,0.166666667
2023-07-02,202307030208,2016102111,9,ファタリテ,0,18,Class1,中京,133.000000000,34,2023,l2_logistic_c0.1,0.030479558,0.166666667
2023-07-02,202307030208,2018100618,10,トーホウジュナール,0,18,Class1,中京,71.000000000,18,2023,l2_logistic_c0.1,0.216379209,0.166666667
2023-07-02,202307030208,2020102971,11,サトノグレイト,0,18,Class1,中京,78.000000000,6,2023,l2_logistic_c0.1,0.224004178,0.166666667
2023-07-02,202307030208,2019104738,12,サウンドクレア,1,18,Class1,中京,28.000000000,10,2023,l2_logistic_c0.1,0.116809948,0.166666667
2023-07-02,202307030208,2019102786,13,ウォータールグラン,0,18,Class1,中京,21.000000000,9,2023,l2_logistic_c0.1,0.059625086,0.166666667
2023-07-02,202307030208,2019103360,14,ジョーブリッランテ,0,18,Class1,中京,84.000000000,18,2023,l2_logistic_c0.1,0.095380269,0.166666667
2023-07-02,202307030208,2019101313,15,ルクスランページ,0,18,Class1,中京,57.000000000,10,2023,l2_logistic_c0.1,0.052895535,0.166666667
2023-07-02,202307030208,2019103123,16,エリカフェリーチェ,0,18,Class1,中京,21.000000000,7,2023,l2_logistic_c0.1,0.106106896,0.166666667
2023-07-02,202307030208,2019103638,17,ヴァンダービルト,0,18,Class1,中京,29.000000000,3,2023,l2_logistic_c0.1,0.105412080,0.166666667
2023-07-02,202307030208,2020104825,18,スカプラリオ,0,18,Class1,中京,78.000000000,6,2023,l2_logistic_c0.1,0.321521735,0.166666667
2023-07-02,202307030211,2018106055,1,ヨシノイースター,0,12,Open,中京,56.000000000,19,2023,l2_logistic_c0.1,0.430836731,0.250000000
2023-07-02,202307030211,2015100822,2,タイセイアベニール,0,12,Open,中京,56.000000000,45,2023,l2_logistic_c0.1,0.091803084,0.250000000
2023-07-02,202307030211,2019102979,3,エイシンスポッター,0,12,Open,中京,56.000000000,13,2023,l2_logistic_c0.1,0.489020763,0.250000000
2023-07-02,202307030211,2016105734,4,サンキューユウガ,1,12,Open,中京,22.000000000,17,2023,l2_logistic_c0.1,0.395430530,0.250000000
2023-07-02,202307030211,2019103422,5,テイエムスパーダ,0,12,Open,中京,133.000000000,12,2023,l2_logistic_c0.1,0.131558881,0.250000000
2023-07-02,202307030211,2017100091,6,スマートクラージュ,1,12,Open,中京,56.000000000,15,2023,l2_logistic_c0.1,0.449337027,0.250000000
2023-07-02,202307030211,2017106240,7,アビエルト,0,12,Open,中京,22.000000000,35,2023,l2_logistic_c0.1,0.108574664,0.250000000
2023-07-02,202307030211,2019110020,8,マッドクール,0,12,Open,中京,77.000000000,8,2023,l2_logistic_c0.1,0.699774698,0.250000000
2023-07-02,202307030211,2015104364,9,トゥラヴェスーラ,0,12,Open,中京,50.000000000,28,2023,l2_logistic_c0.1,0.237394968,0.250000000
2023-07-02,202307030211,2019110107,10,ジャスパークローネ,1,12,Open,中京,21.000000000,12,2023,l2_logistic_c0.1,0.330887375,0.250000000
2023-07-02,202307030211,2017100583,11,ディヴィナシオン,0,12,Open,中京,21.000000000,42,2023,l2_logistic_c0.1,0.195068501,0.250000000
2023-07-02,202307030211,2017106720,12,サンライズオネスト,0,12,Open,中京,35.000000000,26,2023,l2_logistic_c0.1,0.261892594,0.250000000
2023-07-08,202302020310,2019102456,1,ナバロン,0,9,Class2,函館,6.000000000,20,2023,l2_logistic_c0.1,0.363175258,0.333333333
2023-07-08,202302020310,2019103136,2,シゲルファンノユメ,1,9,Class2,函館,56.000000000,16,2023,l2_logistic_c0.1,0.177339141,0.333333333
2023-07-08,202302020310,2018104765,3,イズンシーラブリー,1,9,Class2,函館,13.000000000,19,2023,l2_logistic_c0.1,0.512298380,0.333333333
2023-07-08,202302020310,2017103886,4,ラキ,0,9,Class2,函館,13.000000000,31,2023,l2_logistic_c0.1,0.117867431,0.333333333
2023-07-08,202302020310,2018103296,5,サニーオーシャン,0,9,Class2,函館,21.000000000,23,2023,l2_logistic_c0.1,0.081507926,0.333333333
2023-07-08,202302020310,2019105317,6,トップキャスト,0,9,Class2,函館,13.000000000,14,2023,l2_logistic_c0.1,0.097284831,0.333333333
2023-07-08,202302020310,2018101964,7,アルムファーツリー,0,9,Class2,函館,13.000000000,34,2023,l2_logistic_c0.1,0.134063380,0.333333333
2023-07-08,202302020310,2019101819,8,センタースリール,0,9,Class2,函館,27.000000000,17,2023,l2_logistic_c0.1,0.064296643,0.333333333
2023-07-08,202302020310,2019104525,9,ラキエータ,1,9,Class2,函館,77.000000000,11,2023,l2_logistic_c0.1,0.292243026,0.333333333
2023-07-08,202302020312,2018104908,1,アルジェントステラ,0,11,Class1,函館,62.000000000,12,2023,l2_logistic_c0.1,0.220746404,0.272727273
2023-07-08,202302020312,2019102320,2,サイモンカーチス,0,11,Class1,函館,7.000000000,18,2023,l2_logistic_c0.1,0.168118185,0.272727273
2023-07-08,202302020312,2019106103,3,モウショウ,0,11,Class1,函館,14.000000000,13,2023,l2_logistic_c0.1,0.307882467,0.272727273
2023-07-08,202302020312,2020102049,4,ハウピア,0,11,Class1,函館,105.000000000,6,2023,l2_logistic_c0.1,0.046424137,0.272727273
2023-07-08,202302020312,2018104559,5,ナリタローゼ,1,11,Class1,函館,20.000000000,16,2023,l2_logistic_c0.1,0.298445828,0.272727273
2023-07-08,202302020312,2018100772,6,ハイライフ,0,11,Class1,函館,20.000000000,14,2023,l2_logistic_c0.1,0.146496798,0.272727273
2023-07-08,202302020312,2019103584,7,オラヴェリタス,0,11,Class1,函館,13.000000000,28,2023,l2_logistic_c0.1,0.113126449,0.272727273
2023-07-08,202302020312,2018100480,8,デルマヤクシ,0,11,Class1,函館,55.000000000,17,2023,l2_logistic_c0.1,0.201335348,0.272727273
2023-07-08,202302020312,2020105561,9,ケイアイクビラ,0,11,Class1,函館,20.000000000,6,2023,l2_logistic_c0.1,0.616071984,0.272727273
2023-07-08,202302020312,2020102718,10,オルフェスト,1,11,Class1,函館,14.000000000,4,2023,l2_logistic_c0.1,0.534313386,0.272727273
2023-07-08,202302020312,2020100151,11,スクルプトーリス,1,11,Class1,函館,13.000000000,6,2023,l2_logistic_c0.1,0.307897026,0.272727273
2023-07-08,202303020309,2020106771,1,トモジャシーマ,1,13,Class1,福島,20.000000000,3,2023,l2_logistic_c0.1,0.589525003,0.230769231
2023-07-08,202303020309,2019105817,2,ホウオウカグヤ,0,13,Class1,福島,322.000000000,5,2023,l2_logistic_c0.1,0.240178990,0.230769231
2023-07-08,202303020309,2020101052,3,ルーラルハピネス,1,13,Class1,福島,70.000000000,4,2023,l2_logistic_c0.1,0.516138141,0.230769231
2023-07-08,202303020309,2020105803,4,マイネルラッシュ,0,13,Class1,福島,20.000000000,5,2023,l2_logistic_c0.1,0.611724318,0.230769231
2023-07-08,202303020309,2019100292,5,ダレモトメラレナイ,1,13,Class1,福島,77.000000000,12,2023,l2_logistic_c0.1,0.436998959,0.230769231
2023-07-08,202303020309,2018102069,7,ラナキラ,0,13,Class1,福島,83.000000000,11,2023,l2_logistic_c0.1,0.321729961,0.230769231
2023-07-08,202303020309,2019101562,8,デフィデリ,0,13,Class1,福島,55.000000000,18,2023,l2_logistic_c0.1,0.289914315,0.230769231
2023-07-08,202303020309,2018100406,9,ヴィントミューレ,0,13,Class1,福島,55.000000000,12,2023,l2_logistic_c0.1,0.264266347,0.230769231
2023-07-08,202303020309,2020104960,10,トロピカルヒーロー,0,13,Class1,福島,6.000000000,16,2023,l2_logistic_c0.1,0.194469165,0.230769231
2023-07-08,202303020309,2019101998,11,サンマルクレイジー,0,13,Class1,福島,20.000000000,10,2023,l2_logistic_c0.1,0.237920302,0.230769231
2023-07-08,202303020309,2017101448,12,ウインアステロイド,0,13,Class1,福島,77.000000000,37,2023,l2_logistic_c0.1,0.360547251,0.230769231
2023-07-08,202303020309,2019101793,13,クイーンドライヴ,0,13,Class1,福島,20.000000000,9,2023,l2_logistic_c0.1,0.106778437,0.230769231
2023-07-08,202307030307,2020103588,1,マテンロウナイト,0,18,Maiden,中京,49.000000000,7,2023,l2_logistic_c0.1,0.124497289,0.166666667
2023-07-08,202307030307,2020102846,2,アズワンウイッシュ,0,18,Maiden,中京,83.000000000,4,2023,l2_logistic_c0.1,0.033490700,0.166666667
2023-07-08,202307030307,2020104598,3,ショウナンアウリイ,0,18,Maiden,中京,63.000000000,8,2023,l2_logistic_c0.1,0.083374829,0.166666667
2023-07-08,202307030307,2020100800,4,イナウィンク,0,18,Maiden,中京,280.000000000,4,2023,l2_logistic_c0.1,0.084932185,0.166666667
2023-07-08,202307030307,2020102142,5,バズッチ,0,18,Maiden,中京,70.000000000,5,2023,l2_logistic_c0.1,0.105152905,0.166666667
2023-07-08,202307030307,2020105299,6,リアライズ,1,18,Maiden,中京,62.000000000,5,2023,l2_logistic_c0.1,0.157966678,0.166666667
2023-07-08,202307030307,2020102041,8,ラインガウディ,1,18,Maiden,中京,49.000000000,5,2023,l2_logistic_c0.1,0.166192221,0.166666667
2023-07-08,202307030307,2020105356,9,ミヅキ,0,18,Maiden,中京,48.000000000,6,2023,l2_logistic_c0.1,0.169118510,0.166666667
2023-07-08,202307030307,2020100370,10,フェリキタス,0,18,Maiden,中京,20.000000000,9,2023,l2_logistic_c0.1,0.255865340,0.166666667
2023-07-08,202307030307,2020110086,11,ロスマリンブルー,0,18,Maiden,中京,76.000000000,3,2023,l2_logistic_c0.1,0.115254956,0.166666667
2023-07-08,202307030307,2020103587,12,ブルジュドバイ,0,18,Maiden,中京,192.000000000,5,2023,l2_logistic_c0.1,0.208207568,0.166666667
2023-07-08,202307030307,2020101642,14,ジューンフリーダム,0,18,Maiden,中京,55.000000000,4,2023,l2_logistic_c0.1,0.091207999,0.166666667
2023-07-08,202307030307,2020100906,15,フライングブレード,1,18,Maiden,中京,28.000000000,7,2023,l2_logistic_c0.1,0.309737149,0.166666667
2023-07-08,202307030307,2020100925,17,ダイゴショウリュウ,0,18,Maiden,中京,63.000000000,5,2023,l2_logistic_c0.1,0.119080258,0.166666667
2023-07-08,202307030307,2020100155,18,ダノンプレジャー,0,18,Maiden,中京,132.000000000,3,2023,l2_logistic_c0.1,0.094282965,0.166666667
2023-07-09,202302020404,2020106147,1,プロパルジョン,0,15,Maiden,函館,21.000000000,4,2023,l2_logistic_c0.1,0.141766189,0.200000000
2023-07-09,202302020404,2020100891,2,ヨドノルーキー,0,15,Maiden,函館,14.000000000,6,2023,l2_logistic_c0.1,0.198796291,0.200000000
2023-07-09,202302020404,2020100154,3,ソニックライト,1,15,Maiden,函館,21.000000000,6,2023,l2_logistic_c0.1,0.517384885,0.200000000
2023-07-09,202302020404,2020105782,4,マルメラーダ,1,15,Maiden,函館,21.000000000,6,2023,l2_logistic_c0.1,0.476407345,0.200000000
2023-07-09,202302020404,2020104088,6,ランドオブラヴ,1,15,Maiden,函館,22.000000000,4,2023,l2_logistic_c0.1,0.217073580,0.200000000
2023-07-09,202302020404,2020102080,7,ベッラフロー,0,15,Maiden,函館,22.000000000,8,2023,l2_logistic_c0.1,0.282906166,0.200000000
2023-07-09,202302020404,2020106966,9,ピンクジン,0,15,Maiden,函館,15.000000000,11,2023,l2_logistic_c0.1,0.328108131,0.200000000
2023-07-09,202302020404,2020101770,10,トリプルウイナー,0,15,Maiden,函館,15.000000000,8,2023,l2_logistic_c0.1,0.344213874,0.200000000
2023-07-09,202302020404,2020100580,11,ソルエストレーラ,0,15,Maiden,函館,15.000000000,6,2023,l2_logistic_c0.1,0.434745788,0.200000000
2023-07-09,202302020404,2020100342,12,メージャーテソーロ,0,15,Maiden,函館,15.000000000,3,2023,l2_logistic_c0.1,0.304225481,0.200000000
2023-07-09,202302020404,2020104241,13,アパラギ,0,15,Maiden,函館,15.000000000,5,2023,l2_logistic_c0.1,0.150614682,0.200000000
2023-07-09,202302020404,2020105187,15,ウインジュルネ,0,15,Maiden,函館,14.000000000,9,2023,l2_logistic_c0.1,0.367773738,0.200000000
2023-07-09,202302020404,2020109092,16,ジャパンノウレッジ,0,15,Maiden,函館,50.000000000,3,2023,l2_logistic_c0.1,0.233924685,0.200000000
2023-07-09,202302020412,2019105241,1,ビップシュプリーム,0,11,Class1,函館,8.000000000,11,2023,l2_logistic_c0.1,0.617846959,0.272727273
2023-07-09,202302020412,2018104471,2,グレイトミッション,0,11,Class1,函館,14.000000000,28,2023,l2_logistic_c0.1,0.108054436,0.272727273
2023-07-09,202302020412,2019104475,3,ツヴァイシュテルネ,0,11,Class1,函館,106.000000000,10,2023,l2_logistic_c0.1,0.143192317,0.272727273
2023-07-09,202302020412,2019105350,4,シタン,0,11,Class1,函館,22.000000000,7,2023,l2_logistic_c0.1,0.426754426,0.272727273
2023-07-09,202302020412,2020105145,5,カワキタマックス,0,11,Class1,函館,21.000000000,4,2023,l2_logistic_c0.1,0.210320316,0.272727273
2023-07-09,202302020412,2018104762,6,キャニオニング,0,11,Class1,函館,63.000000000,20,2023,l2_logistic_c0.1,0.104442552,0.272727273
2023-07-09,202302020412,2019105738,7,ピンクセイラー,1,11,Class1,函館,15.000000000,8,2023,l2_logistic_c0.1,0.238263991,0.272727273
2023-07-09,202302020412,2020104163,8,エメラダ,0,11,Class1,函館,15.000000000,7,2023,l2_logistic_c0.1,0.040072373,0.272727273
2023-07-09,202302020412,2020100121,9,イイヒニナル,1,11,Class1,函館,21.000000000,4,2023,l2_logistic_c0.1,0.168384826,0.272727273
2023-07-09,202302020412,2020109061,10,コンチトーホク,0,11,Class1,函館,21.000000000,6,2023,l2_logistic_c0.1,0.271855097,0.272727273
2023-07-09,202302020412,2019100772,11,ポルタフォルトゥナ,1,11,Class1,函館,21.000000000,16,2023,l2_logistic_c0.1,0.274700083,0.272727273
2023-07-09,202303020403,2020106587,2,レオプルミエール,1,16,Maiden,福島,57.000000000,3,2023,l2_logistic_c0.1,0.146972854,0.187500000
2023-07-09,202303020403,2020100215,3,サラサグッドワーク,0,16,Maiden,福島,50.000000000,4,2023,l2_logistic_c0.1,0.144512872,0.187500000
2023-07-09,202303020403,2020106361,6,ニシノレールガン,0,16,Maiden,福島,64.000000000,4,2023,l2_logistic_c0.1,0.082631597,0.187500000
2023-07-09,202303020403,2020102211,8,ヤマタケアオイバラ,0,16,Maiden,福島,70.000000000,7,2023,l2_logistic_c0.1,0.093904701,0.187500000
2023-07-09,202303020403,2020101002,9,ゲンパチジャンヌ,0,16,Maiden,福島,56.000000000,3,2023,l2_logistic_c0.1,0.147652682,0.187500000
2023-07-09,202303020403,2020102322,11,ベルエト,0,16,Maiden,福島,112.000000000,4,2023,l2_logistic_c0.1,0.062828840,0.187500000
2023-07-09,202303020403,2020105053,13,シルバーステラ,0,16,Maiden,福島,77.000000000,3,2023,l2_logistic_c0.1,0.327883997,0.187500000
2023-07-09,202303020403,2020102684,14,ティックルハート,1,16,Maiden,福島,85.000000000,4,2023,l2_logistic_c0.1,0.302037572,0.187500000
2023-07-09,202303020403,2020103863,15,ボールドライ,0,16,Maiden,福島,56.000000000,3,2023,l2_logistic_c0.1,0.046062287,0.187500000
2023-07-09,202303020403,2020105293,16,ペインティトブルー,0,16,Maiden,福島,106.000000000,5,2023,l2_logistic_c0.1,0.105958426,0.187500000
2023-07-09,202303020412,2019106870,1,カジュフェイス,0,13,Class2,福島,147.000000000,13,2023,l2_logistic_c0.1,0.101529987,0.230769231
2023-07-09,202303020412,2019102922,2,ゼンカイテン,0,13,Class2,福島,70.000000000,13,2023,l2_logistic_c0.1,0.231785989,0.230769231
2023-07-09,202303020412,2019101270,3,ヨール,0,13,Class2,福島,50.000000000,12,2023,l2_logistic_c0.1,0.529151463,0.230769231
2023-07-09,202303020412,2015103867,4,ウメタロウ,0,13,Class2,福島,7.000000000,49,2023,l2_logistic_c0.1,0.065961048,0.230769231
2023-07-09,202303020412,2020104203,5,スピードオブライト,0,13,Class2,福島,36.000000000,6,2023,l2_logistic_c0.1,0.618702852,0.230769231
2023-07-09,202303020412,2020101590,6,トラベログ,1,13,Class2,福島,43.000000000,4,2023,l2_logistic_c0.1,0.523334023,0.230769231
2023-07-09,202303020412,2020100607,7,サンティーテソーロ,1,13,Class2,福島,63.000000000,6,2023,l2_logistic_c0.1,0.557814190,0.230769231
2023-07-09,202303020412,2019100755,8,アラクレ,0,13,Class2,福島,22.000000000,13,2023,l2_logistic_c0.1,0.262587693,0.230769231
2023-07-09,202303020412,2019104498,10,インプロバイザー,0,13,Class2,福島,70.000000000,15,2023,l2_logistic_c0.1,0.319612347,0.230769231
2023-07-09,202303020412,2020101419,11,ブーケファロス,1,13,Class2,福島,43.000000000,9,2023,l2_logistic_c0.1,0.402522196,0.230769231
2023-07-09,202303020412,2018102585,12,ロードラスター,0,13,Class2,福島,57.000000000,24,2023,l2_logistic_c0.1,0.271608985,0.230769231
2023-07-09,202303020412,2018106613,13,プルスウルトラ,0,13,Class2,福島,21.000000000,20,2023,l2_logistic_c0.1,0.351694041,0.230769231
2023-07-09,202303020412,2018100373,14,アップストリーム,0,13,Class2,福島,78.000000000,18,2023,l2_logistic_c0.1,0.154683797,0.230769231
2023-07-15,202302020503,2020102958,1,コンスピキュアス,0,16,Maiden,函館,20.000000000,7,2023,l2_logistic_c0.1,0.162349751,0.187500000
2023-07-15,202302020503,2020104824,2,シンデレラスマイル,1,16,Maiden,函館,13.000000000,7,2023,l2_logistic_c0.1,0.322874796,0.187500000
2023-07-15,202302020503,2020103799,4,マロンドレ,0,16,Maiden,函館,13.000000000,6,2023,l2_logistic_c0.1,0.233131930,0.187500000
2023-07-15,202302020503,2020100759,5,アルマロクザン,1,16,Maiden,函館,21.000000000,8,2023,l2_logistic_c0.1,0.505883079,0.187500000
2023-07-15,202302020503,2020100673,6,ヒルノピレネー,0,16,Maiden,函館,77.000000000,8,2023,l2_logistic_c0.1,0.199548749,0.187500000
2023-07-15,202302020503,2020106712,7,ファルマリン,0,16,Maiden,函館,27.000000000,5,2023,l2_logistic_c0.1,0.180753874,0.187500000
2023-07-15,202302020503,2020101536,8,アイリスバローズ,0,16,Maiden,函館,13.000000000,5,2023,l2_logistic_c0.1,0.170880215,0.187500000
2023-07-15,202302020503,2020104333,9,ハーツファンタジア,0,16,Maiden,函館,27.000000000,5,2023,l2_logistic_c0.1,0.118255163,0.187500000
2023-07-15,202302020503,2020106895,10,ロッソジュリア,0,16,Maiden,函館,13.000000000,6,2023,l2_logistic_c0.1,0.228468993,0.187500000
2023-07-15,202302020503,2020104758,11,ゴコウサス,0,16,Maiden,函館,21.000000000,9,2023,l2_logistic_c0.1,0.257360374,0.187500000
2023-07-15,202302020503,2020103243,13,ハイアーレルム,0,16,Maiden,函館,35.000000000,4,2023,l2_logistic_c0.1,0.158528753,0.187500000
2023-07-15,202302020503,2020101992,14,ライクアフラワー,0,16,Maiden,函館,27.000000000,6,2023,l2_logistic_c0.1,0.173721898,0.187500000
2023-07-15,202302020503,2020101171,15,ビスケット,1,16,Maiden,函館,13.000000000,7,2023,l2_logistic_c0.1,0.123976639,0.187500000
2023-07-15,202302020503,2020100441,16,ハナサキポプラ,0,16,Maiden,函館,34.000000000,10,2023,l2_logistic_c0.1,0.127264023,0.187500000
2023-07-15,202302020508,2020100997,1,マルモリディライト,0,14,Class1,函館,20.000000000,10,2023,l2_logistic_c0.1,0.359528289,0.214285714
2023-07-15,202302020508,2020105145,2,カワキタマックス,0,14,Class1,函館,6.000000000,5,2023,l2_logistic_c0.1,0.284578534,0.214285714
2023-07-15,202302020508,2020101378,3,アイヲツグモノ,0,14,Class1,函館,20.000000000,5,2023,l2_logistic_c0.1,0.286594434,0.214285714
2023-07-15,202302020508,2019102068,4,シャウビンダー,0,14,Class1,函館,13.000000000,12,2023,l2_logistic_c0.1,0.230226825,0.214285714
2023-07-15,202302020508,2019106565,5,メイショウソウゲツ,0,14,Class1,函館,28.000000000,14,2023,l2_logistic_c0.1,0.356374600,0.214285714
2023-07-15,202302020508,2019103790,6,ミツカネムーン,0,14,Class1,函館,174.000000000,12,2023,l2_logistic_c0.1,0.044956947,0.214285714
2023-07-15,202302020508,2020106330,7,ラウラーナ,1,14,Class1,函館,13.000000000,9,2023,l2_logistic_c0.1,0.453186233,0.214285714
2023-07-15,202302020508,2019104871,8,ウェストファリア,0,14,Class1,函館,42.000000000,11,2023,l2_logistic_c0.1,0.071307564,0.214285714
2023-07-15,202302020508,2020104086,9,ウェンダヴズクライ,0,14,Class1,函館,14.000000000,7,2023,l2_logistic_c0.1,0.078702494,0.214285714
2023-07-15,202302020508,2018102053,10,ドリームアゲイン,0,14,Class1,函館,41.000000000,15,2023,l2_logistic_c0.1,0.085557172,0.214285714
2023-07-15,202302020508,2019103200,11,ネイキッドハート,0,14,Class1,函館,62.000000000,9,2023,l2_logistic_c0.1,0.108891358,0.214285714
2023-07-15,202302020508,2018105518,12,ダブルスナッチ,1,14,Class1,函館,84.000000000,12,2023,l2_logistic_c0.1,0.302321735,0.214285714
2023-07-15,202302020508,2020102591,13,メリオルヴィータ,0,14,Class1,函館,119.000000000,6,2023,l2_logistic_c0.1,0.215437400,0.214285714
2023-07-15,202302020508,2018104762,14,キャニオニング,1,14,Class1,函館,6.000000000,21,2023,l2_logistic_c0.1,0.083617844,0.214285714
2023-07-15,202303020508,2020106987,1,スムースベルベット,0,14,Class1,福島,91.000000000,9,2023,l2_logistic_c0.1,0.381311197,0.214285714
2023-07-15,202303020508,2019102892,2,プランタニエール,0,14,Class1,福島,336.000000000,4,2023,l2_logistic_c0.1,0.046930773,0.214285714
2023-07-15,202303020508,2018106145,3,アコルダール,0,14,Class1,福島,13.000000000,9,2023,l2_logistic_c0.1,0.205495231,0.214285714
2023-07-15,202303020508,2020103365,4,ウィズダムハート,0,14,Class1,福島,13.000000000,5,2023,l2_logistic_c0.1,0.376469390,0.214285714
2023-07-15,202303020508,2020101262,5,エコロレジーナ,0,14,Class1,福島,55.000000000,7,2023,l2_logistic_c0.1,0.260580719,0.214285714
2023-07-15,202303020508,2019106028,6,ピースキーパー,0,14,Class1,福島,6.000000000,20,2023,l2_logistic_c0.1,0.308512154,0.214285714
2023-07-15,202303020508,2018100593,7,タイガーリリー,0,14,Class1,福島,63.000000000,24,2023,l2_logistic_c0.1,0.150070504,0.214285714
2023-07-15,202303020508,2019102518,8,シエラプリンセサ,0,14,Class1,福島,13.000000000,6,2023,l2_logistic_c0.1,0.144477412,0.214285714
2023-07-15,202303020508,2018104561,9,エンブレムコード,0,14,Class1,福島,62.000000000,18,2023,l2_logistic_c0.1,0.238584487,0.214285714
2023-07-15,202303020508,2019100207,10,ラッピングカラーズ,0,14,Class1,福島,56.000000000,6,2023,l2_logistic_c0.1,0.130912249,0.214285714
2023-07-15,202303020508,2019104738,11,サウンドクレア,1,14,Class1,福島,13.000000000,11,2023,l2_logistic_c0.1,0.379871876,0.214285714
2023-07-15,202303020508,2019105940,13,アリシアン,0,14,Class1,福島,69.000000000,14,2023,l2_logistic_c0.1,0.094045243,0.214285714
2023-07-15,202303020508,2020100347,14,クリノリアルレディ,1,14,Class1,福島,28.000000000,14,2023,l2_logistic_c0.1,0.268573935,0.214285714
2023-07-15,202303020508,2019102303,15,アイムファイン,1,14,Class1,福島,62.000000000,13,2023,l2_logistic_c0.1,0.084655044,0.214285714
2023-07-15,202303020511,2019110102,1,デュガ,1,11,Class3,福島,28.000000000,13,2023,l2_logistic_c0.1,0.217428413,0.272727273
2023-07-15,202303020511,2019104962,2,ウィリン,0,11,Class3,福島,98.000000000,7,2023,l2_logistic_c0.1,0.684465667,0.272727273
2023-07-15,202303020511,2017106264,4,ビアイ,1,11,Class3,福島,35.000000000,43,2023,l2_logistic_c0.1,0.129651530,0.272727273
2023-07-15,202303020511,2017106137,5,グレイトゲイナー,0,11,Class3,福島,35.000000000,31,2023,l2_logistic_c0.1,0.195080009,0.272727273
2023-07-15,202303020511,2019102041,6,アドヴァイス,0,11,Class3,福島,63.000000000,14,2023,l2_logistic_c0.1,0.538417604,0.272727273
2023-07-15,202303020511,2016100507,7,ヒロノトウリョウ,0,11,Class3,福島,14.000000000,30,2023,l2_logistic_c0.1,0.067400220,0.272727273
2023-07-15,202303020511,2019110001,8,ショウナンハクラク,0,11,Class3,福島,83.000000000,13,2023,l2_logistic_c0.1,0.531385814,0.272727273
2023-07-15,202303020511,2019101005,9,タイセイブリリオ,0,11,Class3,福島,14.000000000,17,2023,l2_logistic_c0.1,0.540945968,0.272727273
2023-07-15,202303020511,2019105658,10,オタルエバー,1,11,Class3,福島,35.000000000,9,2023,l2_logistic_c0.1,0.375660357,0.272727273
2023-07-15,202303020511,2019104451,11,ビーオンザマーチ,0,11,Class3,福島,98.000000000,11,2023,l2_logistic_c0.1,0.198070895,0.272727273
2023-07-16,202302020603,2020109092,1,ジャパンノウレッジ,0,16,Maiden,函館,7.000000000,4,2023,l2_logistic_c0.1,0.237915031,0.187500000
2023-07-16,202302020603,2020100901,2,ローザ,0,16,Maiden,函館,49.000000000,4,2023,l2_logistic_c0.1,0.125777339,0.187500000
2023-07-16,202302020603,2020103283,3,エルディアナ,0,16,Maiden,函館,28.000000000,6,2023,l2_logistic_c0.1,0.264411147,0.187500000
2023-07-16,202302020603,2020102826,4,カリーナベローチェ,0,16,Maiden,函館,21.000000000,6,2023,l2_logistic_c0.1,0.214744628,0.187500000
2023-07-16,202302020603,2020106407,5,ライブリームーラン,1,16,Maiden,函館,78.000000000,4,2023,l2_logistic_c0.1,0.278119781,0.187500000
2023-07-16,202302020603,2020103844,7,フリントロック,1,16,Maiden,函館,21.000000000,6,2023,l2_logistic_c0.1,0.294966385,0.187500000
2023-07-16,202302020603,2020101229,8,レディメローラ,0,16,Maiden,函館,22.000000000,4,2023,l2_logistic_c0.1,0.322041512,0.187500000
2023-07-16,202302020603,2020102208,9,マテンロウアネモス,0,16,Maiden,函館,14.000000000,5,2023,l2_logistic_c0.1,0.584212400,0.187500000
2023-07-16,202302020603,2020106149,10,アスキーアート,0,16,Maiden,函館,21.000000000,9,2023,l2_logistic_c0.1,0.132680161,0.187500000
2023-07-16,202302020603,2020105892,11,ヴァルトラウテ,0,16,Maiden,函館,22.000000000,8,2023,l2_logistic_c0.1,0.084322331,0.187500000
2023-07-16,202302020603,2020107170,12,マインインパクト,0,16,Maiden,函館,14.000000000,7,2023,l2_logistic_c0.1,0.092006632,0.187500000
2023-07-16,202302020603,2020101385,13,ブラックフラミンゴ,0,16,Maiden,函館,50.000000000,3,2023,l2_logistic_c0.1,0.255734691,0.187500000
2023-07-16,202302020603,2020103613,14,ポルトロッソ,0,16,Maiden,函館,15.000000000,4,2023,l2_logistic_c0.1,0.076703734,0.187500000
2023-07-16,202302020603,2020102889,15,ベアサッチャー,0,16,Maiden,函館,273.000000000,3,2023,l2_logistic_c0.1,0.100855161,0.187500000
2023-07-16,202302020603,2020105791,16,アフターグロウ,1,16,Maiden,函館,14.000000000,9,2023,l2_logistic_c0.1,0.385908401,0.187500000
2023-07-16,202302020608,2020100882,1,フレンドキング,0,13,Class1,函館,7.000000000,12,2023,l2_logistic_c0.1,0.064469815,0.230769231
2023-07-16,202302020608,2018100480,2,デルマヤクシ,1,13,Class1,函館,8.000000000,18,2023,l2_logistic_c0.1,0.258340807,0.230769231
2023-07-16,202302020608,2019103584,3,オラヴェリタス,0,13,Class1,函館,8.000000000,29,2023,l2_logistic_c0.1,0.096533797,0.230769231
2023-07-16,202302020608,2018100772,4,ハイライフ,0,13,Class1,函館,8.000000000,15,2023,l2_logistic_c0.1,0.097588509,0.230769231
2023-07-16,202302020608,2019100437,5,バブアルシャムス,0,13,Class1,函館,8.000000000,5,2023,l2_logistic_c0.1,0.145328868,0.230769231
2023-07-16,202302020608,2019106179,6,ハートホイップ,0,13,Class1,函館,21.000000000,10,2023,l2_logistic_c0.1,0.281567161,0.230769231
2023-07-16,202302020608,2020100056,7,クールムーア,1,13,Class1,函館,64.000000000,12,2023,l2_logistic_c0.1,0.287024104,0.230769231
2023-07-16,202302020608,2020102080,8,ベッラフロー,0,13,Class1,函館,7.000000000,9,2023,l2_logistic_c0.1,0.268694498,0.230769231
2023-07-16,202302020608,2019101100,9,キーチズカンパニー,0,13,Class1,函館,57.000000000,10,2023,l2_logistic_c0.1,0.188125027,0.230769231
2023-07-16,202302020608,2019105338,10,グランプレジール,0,13,Class1,函館,434.000000000,4,2023,l2_logistic_c0.1,0.262492142,0.230769231
2023-07-16,202302020608,2020100516,11,マイクロモザイク,0,13,Class1,函館,84.000000000,4,2023,l2_logistic_c0.1,0.247017382,0.230769231
2023-07-16,202302020608,2019105738,12,ピンクセイラー,1,13,Class1,函館,7.000000000,9,2023,l2_logistic_c0.1,0.285749205,0.230769231
2023-07-16,202302020608,2020103962,13,ステークホルダー,0,13,Class1,函館,15.000000000,8,2023,l2_logistic_c0.1,0.393709130,0.230769231
2023-07-16,202302020612,2019110042,1,スーリールダンジュ,0,13,Class2,函館,14.000000000,7,2023,l2_logistic_c0.1,0.505877825,0.230769231
2023-07-16,202302020612,2020101031,2,アスクエピソード,0,13,Class2,函館,15.000000000,7,2023,l2_logistic_c0.1,0.607205198,0.230769231
2023-07-16,202302020612,2018103296,3,サニーオーシャン,0,13,Class2,函館,8.000000000,24,2023,l2_logistic_c0.1,0.141956702,0.230769231
2023-07-16,202302020612,2019104361,4,テーオースパロー,0,13,Class2,函館,14.000000000,18,2023,l2_logistic_c0.1,0.370470375,0.230769231
2023-07-16,202302020612,2019103442,5,クラリティスケール,0,13,Class2,函館,29.000000000,14,2023,l2_logistic_c0.1,0.273982327,0.230769231
2023-07-16,202302020612,2017104895,6,ダノンカオス,0,13,Class2,函館,36.000000000,20,2023,l2_logistic_c0.1,0.114164078,0.230769231
2023-07-16,202302020612,2019101679,7,ヴィアドロローサ,1,13,Class2,函館,29.000000000,15,2023,l2_logistic_c0.1,0.168053523,0.230769231
2023-07-16,202302020612,2018101964,8,アルムファーツリー,0,13,Class2,函館,8.000000000,35,2023,l2_logistic_c0.1,0.153070327,0.230769231
2023-07-16,202302020612,2018102669,9,スズノナデシコ,1,13,Class2,函館,22.000000000,20,2023,l2_logistic_c0.1,0.468250877,0.230769231
2023-07-16,202302020612,2018100141,10,シャークスポット,0,13,Class2,函館,141.000000000,18,2023,l2_logistic_c0.1,0.281915483,0.230769231
2023-07-16,202302020612,2019103136,11,シゲルファンノユメ,0,13,Class2,函館,8.000000000,17,2023,l2_logistic_c0.1,0.210118982,0.230769231
2023-07-16,202302020612,2019104386,12,トーセンサンダー,0,13,Class2,函館,29.000000000,14,2023,l2_logistic_c0.1,0.256648614,0.230769231
2023-07-16,202302020612,2018100097,13,スマートルシーダ,1,13,Class2,函館,84.000000000,17,2023,l2_logistic_c0.1,0.205921557,0.230769231
2023-07-16,202303020603,2020106587,2,レオプルミエール,1,16,Maiden,福島,7.000000000,4,2023,l2_logistic_c0.1,0.286594823,0.187500000
2023-07-16,202303020603,2020103003,3,ピンポイントドロー,0,16,Maiden,福島,21.000000000,8,2023,l2_logistic_c0.1,0.324119426,0.187500000
2023-07-16,202303020603,2020103072,4,フジマサメジャー,0,16,Maiden,福島,99.000000000,5,2023,l2_logistic_c0.1,0.113277126,0.187500000
2023-07-16,202303020603,2020104487,6,スマイリングウェイ,0,16,Maiden,福島,57.000000000,5,2023,l2_logistic_c0.1,0.064747421,0.187500000
2023-07-16,202303020603,2020104028,7,フェアムーン,0,16,Maiden,福島,42.000000000,4,2023,l2_logistic_c0.1,0.112165768,0.187500000
2023-07-16,202303020603,2020103698,10,エリカソレイユ,0,16,Maiden,福島,56.000000000,3,2023,l2_logistic_c0.1,0.307681287,0.187500000
2023-07-16,202303020603,2020106055,11,アナザームーン,1,16,Maiden,福島,56.000000000,9,2023,l2_logistic_c0.1,0.221052594,0.187500000
2023-07-16,202303020603,2020102619,13,エリアントゥス,0,16,Maiden,福島,85.000000000,5,2023,l2_logistic_c0.1,0.059958458,0.187500000
2023-07-16,202303020603,2020103884,14,ホウオウアリシア,0,16,Maiden,福島,63.000000000,3,2023,l2_logistic_c0.1,0.171587668,0.187500000
2023-07-16,202303020603,2020104626,15,クツワファミリー,0,16,Maiden,福島,50.000000000,5,2023,l2_logistic_c0.1,0.129756540,0.187500000
2023-07-16,202303020603,2020100289,16,シルバーダイヤ,1,16,Maiden,福島,217.000000000,5,2023,l2_logistic_c0.1,0.113315744,0.187500000
2023-07-16,202303020611,2018102360,1,メディーヴァル,0,16,Open,福島,42.000000000,25,2023,l2_logistic_c0.1,0.087770918,0.187500000
2023-07-16,202303020611,2017103005,2,ロードベイリーフ,0,16,Open,福島,70.000000000,34,2023,l2_logistic_c0.1,0.152635135,0.187500000
2023-07-16,202303020611,2019104108,3,エナジーグラン,0,16,Open,福島,140.000000000,13,2023,l2_logistic_c0.1,0.410216578,0.187500000
2023-07-16,202303020611,2017105272,4,リレーションシップ,0,16,Open,福島,70.000000000,23,2023,l2_logistic_c0.1,0.158413751,0.187500000
2023-07-16,202303020611,2019100765,5,コムストックロード,1,16,Open,福島,21.000000000,18,2023,l2_logistic_c0.1,0.127958696,0.187500000
2023-07-16,202303020611,2019100438,6,グラスミヤラビ,0,16,Open,福島,21.000000000,19,2023,l2_logistic_c0.1,0.133856294,0.187500000
2023-07-16,202303020611,2019105237,7,スリーパーダ,0,16,Open,福島,36.000000000,10,2023,l2_logistic_c0.1,0.211743126,0.187500000
2023-07-16,202303020611,2017105298,8,ストーンリッジ,1,16,Open,福島,21.000000000,21,2023,l2_logistic_c0.1,0.227981048,0.187500000
2023-07-16,202303020611,2015105276,9,シセイヒテン,0,16,Open,福島,154.000000000,34,2023,l2_logistic_c0.1,0.078108830,0.187500000
2023-07-16,202303020611,2017103295,10,チェアリングソング,0,16,Open,福島,56.000000000,30,2023,l2_logistic_c0.1,0.102745077,0.187500000
2023-07-16,202303020611,2019102576,11,クリノマジン,0,16,Open,福島,70.000000000,16,2023,l2_logistic_c0.1,0.229296187,0.187500000
2023-07-16,202303020611,2019104524,12,スカイコップス,0,16,Open,福島,358.000000000,5,2023,l2_logistic_c0.1,0.109748142,0.187500000
2023-07-16,202303020611,2017106387,13,スマートリアン,1,16,Open,福島,70.000000000,24,2023,l2_logistic_c0.1,0.172327631,0.187500000
2023-07-16,202303020611,2019100791,14,シナモンスティック,0,16,Open,福島,22.000000000,16,2023,l2_logistic_c0.1,0.330790487,0.187500000
2023-07-16,202303020611,2018104885,15,アスコルターレ,0,16,Open,福島,351.000000000,13,2023,l2_logistic_c0.1,0.039877085,0.187500000
2023-07-16,202303020611,2017100367,16,サトノファビュラス,0,16,Open,福島,98.000000000,21,2023,l2_logistic_c0.1,0.046086110,0.187500000
2023-07-16,202307030612,2020105534,2,タガノタント,0,14,Class1,中京,169.000000000,6,2023,l2_logistic_c0.1,0.118764856,0.214285714
2023-07-16,202307030612,2019102786,3,ウォータールグラン,1,14,Class1,中京,14.000000000,10,2023,l2_logistic_c0.1,0.192621658,0.214285714
2023-07-16,202307030612,2020101763,4,トーホウフランゴ,1,14,Class1,中京,56.000000000,7,2023,l2_logistic_c0.1,0.215568274,0.214285714
2023-07-16,202307030612,2018100618,5,トーホウジュナール,0,14,Class1,中京,14.000000000,19,2023,l2_logistic_c0.1,0.338543159,0.214285714
2023-07-16,202307030612,2020101217,6,アスクドリームモア,0,14,Class1,中京,22.000000000,8,2023,l2_logistic_c0.1,0.361908613,0.214285714
2023-07-16,202307030612,2019103193,7,トリップトゥムーン,0,14,Class1,中京,77.000000000,16,2023,l2_logistic_c0.1,0.229882318,0.214285714
2023-07-16,202307030612,2020102971,8,サトノグレイト,1,14,Class1,中京,14.000000000,7,2023,l2_logistic_c0.1,0.333071456,0.214285714
2023-07-16,202307030612,2019103360,9,ジョーブリッランテ,0,14,Class1,中京,14.000000000,19,2023,l2_logistic_c0.1,0.151419864,0.214285714
2023-07-16,202307030612,2020104478,10,アルルカン,0,14,Class1,中京,14.000000000,9,2023,l2_logistic_c0.1,0.202839956,0.214285714
2023-07-16,202307030612,2019104169,11,メイショウタイゲイ,0,14,Class1,中京,22.000000000,15,2023,l2_logistic_c0.1,0.127804499,0.214285714
2023-07-16,202307030612,2018103928,12,グラティトゥー,0,14,Class1,中京,91.000000000,10,2023,l2_logistic_c0.1,0.072938299,0.214285714
2023-07-16,202307030612,2020106722,13,クインズエルサ,0,14,Class1,中京,14.000000000,8,2023,l2_logistic_c0.1,0.309773152,0.214285714
2023-07-16,202307030612,2017101991,14,テンジュイン,0,14,Class1,中京,42.000000000,34,2023,l2_logistic_c0.1,0.098133449,0.214285714
2023-07-22,202301010107,2020102321,1,テーオーヴァイナー,0,16,Class1,札幌,84.000000000,3,2023,l2_logistic_c0.1,0.110150971,0.187500000
2023-07-22,202301010107,2020100441,2,ハナサキポプラ,0,16,Class1,札幌,7.000000000,11,2023,l2_logistic_c0.1,0.196212783,0.187500000
2023-07-22,202301010107,2019106194,3,コーリングユー,1,16,Class1,札幌,21.000000000,10,2023,l2_logistic_c0.1,0.385558685,0.187500000
2023-07-22,202301010107,2019102747,4,マキアージュ,0,16,Class1,札幌,76.000000000,15,2023,l2_logistic_c0.1,0.100459815,0.187500000
2023-07-22,202301010107,2017103309,5,ホウオウエンジェル,1,16,Class1,札幌,21.000000000,26,2023,l2_logistic_c0.1,0.169692319,0.187500000
2023-07-22,202301010107,2018103063,6,フィルムスコア,0,16,Class1,札幌,21.000000000,22,2023,l2_logistic_c0.1,0.079982799,0.187500000
2023-07-22,202301010107,2019102320,7,サイモンカーチス,0,16,Class1,札幌,14.000000000,19,2023,l2_logistic_c0.1,0.064807451,0.187500000
2023-07-22,202301010107,2018105231,8,ラヴォルタ,0,16,Class1,札幌,77.000000000,11,2023,l2_logistic_c0.1,0.232555540,0.187500000
2023-07-22,202301010107,2019101100,9,キーチズカンパニー,0,16,Class1,札幌,6.000000000,11,2023,l2_logistic_c0.1,0.116874362,0.187500000
2023-07-22,202301010107,2019102240,10,マメコ,0,16,Class1,札幌,97.000000000,11,2023,l2_logistic_c0.1,0.347591443,0.187500000
2023-07-22,202301010107,2018105814,11,マケルナマサムネ,0,16,Class1,札幌,42.000000000,21,2023,l2_logistic_c0.1,0.183823565,0.187500000
2023-07-22,202301010107,2018100480,12,デルマヤクシ,1,16,Class1,札幌,6.000000000,19,2023,l2_logistic_c0.1,0.178497532,0.187500000
2023-07-22,202301010107,2020106712,13,ファルマリン,0,16,Class1,札幌,7.000000000,6,2023,l2_logistic_c0.1,0.136136778,0.187500000
2023-07-22,202301010107,2020102049,14,ハウピア,0,16,Class1,札幌,14.000000000,7,2023,l2_logistic_c0.1,0.032111306,0.187500000
2023-07-22,202301010107,2018105201,15,デイトンウェイ,0,16,Class1,札幌,69.000000000,14,2023,l2_logistic_c0.1,0.229837389,0.187500000
2023-07-22,202301010107,2019104693,16,ポメランチェ,0,16,Class1,札幌,41.000000000,13,2023,l2_logistic_c0.1,0.069490670,0.187500000
2023-07-22,202301010111,2018105223,1,モンファボリ,0,15,Class3,札幌,174.000000000,22,2023,l2_logistic_c0.1,0.190703941,0.200000000
2023-07-22,202301010111,2018100756,2,シュアーヴアリア,0,15,Class3,札幌,34.000000000,30,2023,l2_logistic_c0.1,0.161837132,0.200000000
2023-07-22,202301010111,2018110037,3,ブルースピリット,1,15,Class3,札幌,21.000000000,14,2023,l2_logistic_c0.1,0.308952216,0.200000000
2023-07-22,202301010111,2019105846,4,ブライトオンベイス,1,15,Class3,札幌,55.000000000,12,2023,l2_logistic_c0.1,0.235138992,0.200000000
2023-07-22,202301010111,2019105806,5,ドロップオブライト,0,15,Class3,札幌,21.000000000,11,2023,l2_logistic_c0.1,0.350311958,0.200000000
2023-07-22,202301010111,2017104873,6,エグレムニ,0,15,Class3,札幌,21.000000000,32,2023,l2_logistic_c0.1,0.103122258,0.200000000
2023-07-22,202301010111,2018104949,7,フォイアーロート,0,15,Class3,札幌,21.000000000,27,2023,l2_logistic_c0.1,0.072270062,0.200000000
2023-07-22,202301010111,2018102491,8,メイショウエニシア,0,15,Class3,札幌,27.000000000,25,2023,l2_logistic_c0.1,0.128470924,0.200000000
2023-07-22,202301010111,2019104525,10,ラキエータ,0,15,Class3,札幌,14.000000000,12,2023,l2_logistic_c0.1,0.231443365,0.200000000
2023-07-22,202301010111,2019106184,11,カフジテトラゴン,0,15,Class3,札幌,21.000000000,17,2023,l2_logistic_c0.1,0.333671458,0.200000000
2023-07-22,202301010111,2018105004,12,アップリバー,0,15,Class3,札幌,21.000000000,26,2023,l2_logistic_c0.1,0.246999633,0.200000000
2023-07-22,202301010111,2019110031,13,エクセトラ,1,15,Class3,札幌,69.000000000,13,2023,l2_logistic_c0.1,0.388362337,0.200000000
2023-07-22,202301010111,2019103010,14,オードゥメール,0,15,Class3,札幌,21.000000000,15,2023,l2_logistic_c0.1,0.222759236,0.200000000
2023-07-22,202301010111,2019100659,15,レベレンシア,0,15,Class3,札幌,34.000000000,8,2023,l2_logistic_c0.1,0.354512376,0.200000000
2023-07-22,202303020703,2020103804,2,ボールズピラミッド,0,16,Maiden,福島,41.000000000,5,2023,l2_logistic_c0.1,0.262537554,0.187500000
2023-07-22,202303020703,2020104968,4,ワレハカゼノコ,0,16,Maiden,福島,34.000000000,3,2023,l2_logistic_c0.1,0.244766865,0.187500000
2023-07-22,202303020703,2020104646,5,ショーウェイコ,1,16,Maiden,福島,76.000000000,3,2023,l2_logistic_c0.1,0.064582008,0.187500000
2023-07-22,202303020703,2020100721,7,アンナプルナ,0,16,Maiden,福島,49.000000000,4,2023,l2_logistic_c0.1,0.210639393,0.187500000
2023-07-22,202303020703,2020100295,8,メリトリオ,1,16,Maiden,福島,20.000000000,3,2023,l2_logistic_c0.1,0.313297659,0.187500000
2023-07-22,202303020703,2020104922,9,トラファルガー,0,16,Maiden,福島,112.000000000,4,2023,l2_logistic_c0.1,0.077232939,0.187500000
2023-07-22,202303020703,2020110096,10,シールテソーロ,0,16,Maiden,福島,13.000000000,3,2023,l2_logistic_c0.1,0.313183441,0.187500000
2023-07-22,202303020703,2020100215,11,サラサグッドワーク,0,16,Maiden,福島,13.000000000,5,2023,l2_logistic_c0.1,0.263107308,0.187500000
2023-07-22,202303020703,2020100119,12,クーラント,0,16,Maiden,福島,62.000000000,4,2023,l2_logistic_c0.1,0.083435418,0.187500000
2023-07-22,202303020703,2020102102,15,デルマネコダマシ,0,16,Maiden,福島,49.000000000,6,2023,l2_logistic_c0.1,0.114856063,0.187500000
2023-07-22,202303020703,2020103038,16,キャルキューレ,0,16,Maiden,福島,20.000000000,5,2023,l2_logistic_c0.1,0.348259244,0.187500000
2023-07-22,202303020710,2019104697,1,ショウナンマッハ,0,15,Class2,福島,21.000000000,14,2023,l2_logistic_c0.1,0.174023849,0.200000000
2023-07-22,202303020710,2017101777,2,ヤマニンプティパ,0,15,Class2,福島,21.000000000,27,2023,l2_logistic_c0.1,0.172175572,0.200000000
2023-07-22,202303020710,2017104258,3,セイラブミー,0,15,Class2,福島,90.000000000,26,2023,l2_logistic_c0.1,0.065301095,0.200000000
2023-07-22,202303020710,2019100604,4,ヤマニンアンフィル,0,15,Class2,福島,21.000000000,11,2023,l2_logistic_c0.1,0.515151596,0.200000000
2023-07-22,202303020710,2019103897,5,ハピネスアゲン,1,15,Class2,福島,91.000000000,13,2023,l2_logistic_c0.1,0.380900918,0.200000000
2023-07-22,202303020710,2019100898,6,タッカーシルバー,0,15,Class2,福島,42.000000000,12,2023,l2_logistic_c0.1,0.143886637,0.200000000
2023-07-22,202303020710,2019103246,7,ゲンパチレオニダス,0,15,Class2,福島,49.000000000,14,2023,l2_logistic_c0.1,0.155864170,0.200000000
2023-07-22,202303020710,2019101917,8,エテルナメンテ,0,15,Class2,福島,90.000000000,12,2023,l2_logistic_c0.1,0.242425271,0.200000000
2023-07-22,202303020710,2017101767,9,ベンガン,0,15,Class2,福島,21.000000000,18,2023,l2_logistic_c0.1,0.207707206,0.200000000
2023-07-22,202303020710,2020106015,10,バグラダス,0,15,Class2,福島,105.000000000,6,2023,l2_logistic_c0.1,0.459305709,0.200000000
2023-07-22,202303020710,2019103562,11,ダテボレアス,0,15,Class2,福島,21.000000000,14,2023,l2_logistic_c0.1,0.148658976,0.200000000
2023-07-22,202303020710,2019103261,12,ニシノラーナ,0,15,Class2,福島,20.000000000,12,2023,l2_logistic_c0.1,0.146715282,0.200000000
2023-07-22,202303020710,2019105238,13,フリートオブフット,1,15,Class2,福島,63.000000000,12,2023,l2_logistic_c0.1,0.298359887,0.200000000
2023-07-22,202303020710,2020101419,14,ブーケファロス,1,15,Class2,福島,13.000000000,10,2023,l2_logistic_c0.1,0.570155382,0.200000000
2023-07-22,202303020710,2018103920,15,ノックオンウッド,0,15,Class2,福島,133.000000000,10,2023,l2_logistic_c0.1,0.142720889,0.200000000
2023-07-23,202301010203,2020105731,1,パーペチュアル,0,16,Maiden,札幌,49.000000000,10,2023,l2_logistic_c0.1,0.133118773,0.187500000
2023-07-23,202301010203,2020100726,3,シティウォリアー,0,16,Maiden,札幌,21.000000000,5,2023,l2_logistic_c0.1,0.173977888,0.187500000
2023-07-23,202301010203,2020100269,4,ハクサンクロユリ,0,16,Maiden,札幌,14.000000000,3,2023,l2_logistic_c0.1,0.127358341,0.187500000
2023-07-23,202301010203,2020102877,5,エルフォルク,0,16,Maiden,札幌,43.000000000,5,2023,l2_logistic_c0.1,0.120300341,0.187500000
2023-07-23,202301010203,2020106170,6,ケイティベガ,0,16,Maiden,札幌,36.000000000,9,2023,l2_logistic_c0.1,0.075050768,0.187500000
2023-07-23,202301010203,2020101034,7,アイアンムーン,0,16,Maiden,札幌,28.000000000,6,2023,l2_logistic_c0.1,0.639883555,0.187500000
2023-07-23,202301010203,2020103681,8,リッスンアップ,0,16,Maiden,札幌,43.000000000,5,2023,l2_logistic_c0.1,0.224167612,0.187500000
2023-07-23,202301010203,2020106289,9,エイシンテムジン,0,16,Maiden,札幌,28.000000000,5,2023,l2_logistic_c0.1,0.185408096,0.187500000
2023-07-23,202301010203,2020104351,10,ブランディー,1,16,Maiden,札幌,78.000000000,7,2023,l2_logistic_c0.1,0.101522426,0.187500000
2023-07-23,202301010203,2020106649,11,サトノドゥーチェ,0,16,Maiden,札幌,49.000000000,3,2023,l2_logistic_c0.1,0.188341782,0.187500000
2023-07-23,202301010203,2020100239,12,ティーティースター,0,16,Maiden,札幌,64.000000000,8,2023,l2_logistic_c0.1,0.133374753,0.187500000
2023-07-23,202301010203,2020101863,13,コパカバーナビーチ,1,16,Maiden,札幌,15.000000000,9,2023,l2_logistic_c0.1,0.182142307,0.187500000
2023-07-23,202301010203,2020106407,14,ライブリームーラン,1,16,Maiden,札幌,7.000000000,5,2023,l2_logistic_c0.1,0.446179765,0.187500000
2023-07-23,202301010203,2020104604,15,ソルトベール,0,16,Maiden,札幌,28.000000000,4,2023,l2_logistic_c0.1,0.173813462,0.187500000
2023-07-23,202301010203,2020103251,16,クワイエットドーン,0,16,Maiden,札幌,71.000000000,5,2023,l2_logistic_c0.1,0.091992675,0.187500000
2023-07-23,202301010209,2020100686,1,ジョリダム,0,9,Class2,札幌,36.000000000,4,2023,l2_logistic_c0.1,0.347480167,0.333333333
2023-07-23,202301010209,2019100168,2,ベジェサ,0,9,Class2,札幌,21.000000000,13,2023,l2_logistic_c0.1,0.127445769,0.333333333
2023-07-23,202301010209,2019102436,3,ミズノコキュウ,1,9,Class2,札幌,21.000000000,19,2023,l2_logistic_c0.1,0.350541497,0.333333333
2023-07-23,202301010209,2018101573,4,セイレーン,0,9,Class2,札幌,36.000000000,20,2023,l2_logistic_c0.1,0.102817043,0.333333333
2023-07-23,202301010209,2019104549,5,テンメジャーガール,0,9,Class2,札幌,28.000000000,14,2023,l2_logistic_c0.1,0.404958119,0.333333333
2023-07-23,202301010209,2019102137,6,シロン,1,9,Class2,札幌,28.000000000,11,2023,l2_logistic_c0.1,0.297832014,0.333333333
2023-07-23,202301010209,2018104559,8,ナリタローゼ,0,9,Class2,札幌,15.000000000,17,2023,l2_logistic_c0.1,0.306296074,0.333333333
2023-07-23,202301010209,2020100105,9,エイシンフェンサー,1,9,Class2,札幌,21.000000000,7,2023,l2_logistic_c0.1,0.441039117,0.333333333
2023-07-23,202301010209,2019100772,10,ポルタフォルトゥナ,0,9,Class2,札幌,14.000000000,17,2023,l2_logistic_c0.1,0.280028420,0.333333333
2023-07-23,202301010211,2018105366,1,レッドベルオーブ,1,16,Open,札幌,29.000000000,16,2023,l2_logistic_c0.1,0.158777661,0.187500000
2023-07-23,202301010211,2019102788,2,ウォーターナビレラ,0,16,Open,札幌,42.000000000,12,2023,l2_logistic_c0.1,0.172254104,0.187500000
2023-07-23,202301010211,2016100298,3,ミニオンペール,0,16,Open,札幌,63.000000000,38,2023,l2_logistic_c0.1,0.114260666,0.187500000
2023-07-23,202301010211,2018110035,4,シュバルツカイザー,1,16,Open,札幌,35.000000000,14,2023,l2_logistic_c0.1,0.253740707,0.187500000
2023-07-23,202301010211,2015104699,5,フレッチア,0,16,Open,札幌,77.000000000,24,2023,l2_logistic_c0.1,0.077919522,0.187500000
2023-07-23,202301010211,2018103515,6,カンティーユ,1,16,Open,札幌,231.000000000,3,2023,l2_logistic_c0.1,0.299082812,0.187500000
2023-07-23,202301010211,2018110045,7,ショックアクション,0,16,Open,札幌,29.000000000,16,2023,l2_logistic_c0.1,0.119323916,0.187500000
2023-07-23,202301010211,2018104041,8,マウンテンムスメ,0,16,Open,札幌,29.000000000,24,2023,l2_logistic_c0.1,0.095689340,0.187500000
2023-07-23,202301010211,2016102534,9,イーサンパンサー,0,16,Open,札幌,29.000000000,32,2023,l2_logistic_c0.1,0.056019500,0.187500000
2023-07-23,202301010211,2018102155,10,マイネルジェロディ,0,16,Open,札幌,29.000000000,24,2023,l2_logistic_c0.1,0.080959226,0.187500000
2023-07-23,202301010211,2015105850,11,カイザーメランジェ,0,16,Open,札幌,29.000000000,44,2023,l2_logistic_c0.1,0.112750258,0.187500000
2023-07-23,202301010211,2017100240,12,スノーテーラー,0,16,Open,札幌,77.000000000,19,2023,l2_logistic_c0.1,0.122495451,0.187500000
2023-07-23,202301010211,2017110123,13,ヴィズサクセス,0,16,Open,札幌,42.000000000,17,2023,l2_logistic_c0.1,0.170492670,0.187500000
2023-07-23,202301010211,2019104841,14,カルネアサーダ,0,16,Open,札幌,29.000000000,17,2023,l2_logistic_c0.1,0.263512192,0.187500000
2023-07-23,202301010211,2018102595,15,ロードマックス,0,16,Open,札幌,29.000000000,17,2023,l2_logistic_c0.1,0.118174863,0.187500000
2023-07-23,202301010211,2019103782,16,ルピナスリード,0,16,Open,札幌,98.000000000,11,2023,l2_logistic_c0.1,0.116227881,0.187500000
2023-07-23,202303020812,2020103885,1,クリノゴッホ,0,13,Class1,福島,21.000000000,12,2023,l2_logistic_c0.1,0.216538855,0.230769231
2023-07-23,202303020812,2019106339,2,フォールロワ,0,13,Class1,福島,49.000000000,7,2023,l2_logistic_c0.1,0.140910934,0.230769231
2023-07-23,202303020812,2020101195,3,ゴルトリッチ,0,13,Class1,福島,21.000000000,6,2023,l2_logistic_c0.1,0.234226811,0.230769231
2023-07-23,202303020812,2020106987,4,スムースベルベット,1,13,Class1,福島,8.000000000,10,2023,l2_logistic_c0.1,0.374926133,0.230769231
2023-07-23,202303020812,2018100593,5,タイガーリリー,1,13,Class1,福島,8.000000000,25,2023,l2_logistic_c0.1,0.140722452,0.230769231
2023-07-23,202303020812,2017101448,6,ウインアステロイド,0,13,Class1,福島,15.000000000,38,2023,l2_logistic_c0.1,0.321593572,0.230769231
2023-07-23,202303020812,2019100709,7,マイネルヘリテージ,0,13,Class1,福島,21.000000000,11,2023,l2_logistic_c0.1,0.138011275,0.230769231
2023-07-23,202303020812,2020100736,8,ビッグボーンリタ,0,13,Class1,福島,78.000000000,4,2023,l2_logistic_c0.1,0.254028015,0.230769231
2023-07-23,202303020812,2020103609,9,トラネスハープ,0,13,Class1,福島,8.000000000,8,2023,l2_logistic_c0.1,0.167404212,0.230769231
2023-07-23,202303020812,2020109102,10,サウザンサニー,1,13,Class1,福島,105.000000000,4,2023,l2_logistic_c0.1,0.364060237,0.230769231
2023-07-23,202303020812,2020103366,12,スティルディマーレ,0,13,Class1,福島,64.000000000,7,2023,l2_logistic_c0.1,0.457631905,0.230769231
2023-07-23,202303020812,2019101562,13,デフィデリ,0,13,Class1,福島,15.000000000,19,2023,l2_logistic_c0.1,0.295240547,0.230769231
2023-07-23,202303020812,2018110149,14,コスモアディラート,0,13,Class1,福島,21.000000000,12,2023,l2_logistic_c0.1,0.506368876,0.230769231
2023-07-23,202307030804,2020104151,2,ヒルデブランド,0,18,Maiden,中京,64.000000000,5,2023,l2_logistic_c0.1,0.159942162,0.166666667
2023-07-23,202307030804,2020102041,4,ラインガウディ,0,18,Maiden,中京,15.000000000,6,2023,l2_logistic_c0.1,0.228672618,0.166666667
2023-07-23,202307030804,2020102738,5,エールレヴリー,0,18,Maiden,中京,71.000000000,3,2023,l2_logistic_c0.1,0.290686735,0.166666667
2023-07-23,202307030804,2020100523,6,ジョーシーゲル,0,18,Maiden,中京,21.000000000,5,2023,l2_logistic_c0.1,0.174838836,0.166666667
2023-07-23,202307030804,2020100605,9,マーレイン,0,18,Maiden,中京,70.000000000,6,2023,l2_logistic_c0.1,0.098192668,0.166666667
2023-07-23,202307030804,2020105867,11,ネオアリシア,0,18,Maiden,中京,71.000000000,8,2023,l2_logistic_c0.1,0.330736594,0.166666667
2023-07-23,202307030804,2020102946,12,カゼノオト,0,18,Maiden,中京,21.000000000,3,2023,l2_logistic_c0.1,0.127794866,0.166666667
2023-07-23,202307030804,2020100370,13,フェリキタス,1,18,Maiden,中京,15.000000000,10,2023,l2_logistic_c0.1,0.256731176,0.166666667
2023-07-23,202307030804,2020105299,14,リアライズ,1,18,Maiden,中京,15.000000000,6,2023,l2_logistic_c0.1,0.224306522,0.166666667
2023-07-23,202307030804,2020100442,15,エイシンゼクウ,0,18,Maiden,中京,71.000000000,4,2023,l2_logistic_c0.1,0.086687866,0.166666667
2023-07-23,202307030804,2020103588,16,マテンロウナイト,1,18,Maiden,中京,15.000000000,8,2023,l2_logistic_c0.1,0.155946003,0.166666667
2023-07-30,202301010408,2019101860,1,スピリットワールド,0,12,Class1,札幌,29.000000000,6,2023,l2_logistic_c0.1,0.493918360,0.250000000
2023-07-30,202301010408,2020105561,2,ケイアイクビラ,0,12,Class1,札幌,22.000000000,7,2023,l2_logistic_c0.1,0.493522761,0.250000000
2023-07-30,202301010408,2018104938,3,ヴェールクレール,0,12,Class1,札幌,36.000000000,17,2023,l2_logistic_c0.1,0.406154470,0.250000000
2023-07-30,202301010408,2020102545,5,マテンロウプラウド,1,12,Class1,札幌,29.000000000,4,2023,l2_logistic_c0.1,0.233351873,0.250000000
2023-07-30,202301010408,2019103193,6,トリップトゥムーン,1,12,Class1,札幌,14.000000000,17,2023,l2_logistic_c0.1,0.352190420,0.250000000
2023-07-30,202301010408,2016102446,7,ワンダーヘイルネス,0,12,Class1,札幌,78.000000000,21,2023,l2_logistic_c0.1,0.076572765,0.250000000
2023-07-30,202301010408,2020102121,8,シルバーレイズ,0,12,Class1,札幌,112.000000000,6,2023,l2_logistic_c0.1,0.112627018,0.250000000
2023-07-30,202301010408,2020103218,9,フミサウンド,0,12,Class1,札幌,85.000000000,4,2023,l2_logistic_c0.1,0.327906553,0.250000000
2023-07-30,202301010408,2019104475,10,ツヴァイシュテルネ,0,12,Class1,札幌,21.000000000,11,2023,l2_logistic_c0.1,0.207991161,0.250000000
2023-07-30,202301010408,2020100151,11,スクルプトーリス,1,12,Class1,札幌,22.000000000,7,2023,l2_logistic_c0.1,0.335562201,0.250000000
2023-07-30,202301010408,2018105201,12,デイトンウェイ,0,12,Class1,札幌,8.000000000,15,2023,l2_logistic_c0.1,0.387676457,0.250000000
2023-08-05,202301010503,2020100154,1,ソニックライト,0,16,Maiden,札幌,27.000000000,7,2023,l2_logistic_c0.1,0.455191583,0.187500000
2023-08-05,202301010503,2020100759,2,アルマロクザン,1,16,Maiden,札幌,21.000000000,9,2023,l2_logistic_c0.1,0.487576548,0.187500000
2023-08-05,202301010503,2020100504,4,ミレディ,0,16,Maiden,札幌,160.000000000,6,2023,l2_logistic_c0.1,0.258919582,0.187500000
2023-08-05,202301010503,2020104626,5,クツワファミリー,0,16,Maiden,札幌,20.000000000,6,2023,l2_logistic_c0.1,0.160555968,0.187500000
2023-08-05,202301010503,2020104758,6,ゴコウサス,0,16,Maiden,札幌,21.000000000,10,2023,l2_logistic_c0.1,0.222727990,0.187500000
2023-08-05,202301010503,2020105791,8,アフターグロウ,0,16,Maiden,札幌,20.000000000,10,2023,l2_logistic_c0.1,0.398388347,0.187500000
2023-08-05,202301010503,2020101171,9,ビスケット,0,16,Maiden,札幌,21.000000000,8,2023,l2_logistic_c0.1,0.177626860,0.187500000
2023-08-05,202301010503,2020102208,10,マテンロウアネモス,1,16,Maiden,札幌,20.000000000,6,2023,l2_logistic_c0.1,0.447233853,0.187500000
2023-08-05,202301010503,2020106055,11,アナザームーン,0,16,Maiden,札幌,20.000000000,10,2023,l2_logistic_c0.1,0.176030742,0.187500000
2023-08-05,202301010503,2020103243,12,ハイアーレルム,0,16,Maiden,札幌,21.000000000,5,2023,l2_logistic_c0.1,0.144876149,0.187500000
2023-08-05,202301010503,2020106149,13,アスキーアート,1,16,Maiden,札幌,20.000000000,10,2023,l2_logistic_c0.1,0.191557520,0.187500000
2023-08-05,202301010503,2020101770,14,トリプルウイナー,0,16,Maiden,札幌,27.000000000,9,2023,l2_logistic_c0.1,0.251213718,0.187500000
2023-08-05,202301010503,2020101863,15,コパカバーナビーチ,0,16,Maiden,札幌,13.000000000,10,2023,l2_logistic_c0.1,0.217242262,0.187500000
2023-08-05,202301010503,2020104351,16,ブランディー,0,16,Maiden,札幌,13.000000000,8,2023,l2_logistic_c0.1,0.135896310,0.187500000
2023-08-05,202304020307,2020106587,2,レオプルミエール,0,18,Maiden,新潟,20.000000000,5,2023,l2_logistic_c0.1,0.314532949,0.166666667
2023-08-05,202304020307,2020106432,3,ワンダーフルーリ,0,18,Maiden,新潟,55.000000000,4,2023,l2_logistic_c0.1,0.063743841,0.166666667
2023-08-05,202304020307,2020110001,4,ポテンザ,0,18,Maiden,新潟,48.000000000,4,2023,l2_logistic_c0.1,0.183115640,0.166666667
2023-08-05,202304020307,2020102684,5,ティックルハート,0,18,Maiden,新潟,27.000000000,5,2023,l2_logistic_c0.1,0.326720697,0.166666667
2023-08-05,202304020307,2020106142,7,カフェカズショコラ,0,18,Maiden,新潟,49.000000000,3,2023,l2_logistic_c0.1,0.080086758,0.166666667
2023-08-05,202304020307,2020101376,8,テイエムクリッパー,0,18,Maiden,新潟,133.000000000,3,2023,l2_logistic_c0.1,0.049694256,0.166666667
2023-08-05,202304020307,2020106337,10,ダンツクリスタル,1,18,Maiden,新潟,14.000000000,8,2023,l2_logistic_c0.1,0.372131148,0.166666667
2023-08-05,202304020307,2020104566,11,ニホンピロソラーナ,0,18,Maiden,新潟,84.000000000,3,2023,l2_logistic_c0.1,0.179117507,0.166666667
2023-08-05,202304020307,2020106302,12,マリブコーク,0,18,Maiden,新潟,55.000000000,5,2023,l2_logistic_c0.1,0.197235104,0.166666667
2023-08-05,202304020307,2020102738,13,エールレヴリー,1,18,Maiden,新潟,13.000000000,4,2023,l2_logistic_c0.1,0.363709182,0.166666667
2023-08-05,202304020307,2020102819,14,アイソラシー,1,18,Maiden,新潟,49.000000000,3,2023,l2_logistic_c0.1,0.213589150,0.166666667
2023-08-05,202304020307,2020104646,16,ショーウェイコ,0,18,Maiden,新潟,14.000000000,4,2023,l2_logistic_c0.1,0.108076016,0.166666667
2023-08-05,202304020307,2020106699,17,ベルサーナ,0,18,Maiden,新潟,98.000000000,4,2023,l2_logistic_c0.1,0.078635778,0.166666667
2023-08-05,202304020307,2020106902,18,メイショウエース,0,18,Maiden,新潟,62.000000000,7,2023,l2_logistic_c0.1,0.114218509,0.166666667
2023-08-06,202301010610,2019104386,1,トーセンサンダー,0,11,Class2,札幌,21.000000000,15,2023,l2_logistic_c0.1,0.348356846,0.272727273
2023-08-06,202301010610,2019104361,2,テーオースパロー,1,11,Class2,札幌,21.000000000,19,2023,l2_logistic_c0.1,0.280410679,0.272727273
2023-08-06,202301010610,2020101031,3,アスクエピソード,0,11,Class2,札幌,21.000000000,8,2023,l2_logistic_c0.1,0.544263007,0.272727273
2023-08-06,202301010610,2020102140,4,アンビバレント,1,11,Class2,札幌,71.000000000,6,2023,l2_logistic_c0.1,0.231790995,0.272727273
2023-08-06,202301010610,2019110130,5,ルヴェルジェ,0,11,Class2,札幌,8.000000000,12,2023,l2_logistic_c0.1,0.237484337,0.272727273
2023-08-06,202301010610,2018103330,6,マサカウマザンマイ,0,11,Class2,札幌,14.000000000,33,2023,l2_logistic_c0.1,0.077260464,0.272727273
2023-08-06,202301010610,2018103485,7,ジャガード,0,11,Class2,札幌,113.000000000,22,2023,l2_logistic_c0.1,0.080868777,0.272727273
2023-08-06,202301010610,2018100141,8,シャークスポット,1,11,Class2,札幌,21.000000000,19,2023,l2_logistic_c0.1,0.309288586,0.272727273
2023-08-06,202301010610,2017102809,9,ガリレイ,0,11,Class2,札幌,210.000000000,24,2023,l2_logistic_c0.1,0.235824401,0.272727273
2023-08-06,202301010610,2019101679,10,ヴィアドロローサ,0,11,Class2,札幌,21.000000000,16,2023,l2_logistic_c0.1,0.382466156,0.272727273
2023-08-06,202301010610,2020100056,11,クールムーア,0,11,Class2,札幌,21.000000000,13,2023,l2_logistic_c0.1,0.368127142,0.272727273
2023-08-06,202301010612,2020106821,1,ピースフルナイト,0,16,Class1,札幌,63.000000000,7,2023,l2_logistic_c0.1,0.360011678,0.187500000
2023-08-06,202301010612,2020106706,2,タリア,1,16,Class1,札幌,113.000000000,6,2023,l2_logistic_c0.1,0.369040911,0.187500000
2023-08-06,202301010612,2020100347,3,クリノリアルレディ,0,16,Class1,札幌,22.000000000,15,2023,l2_logistic_c0.1,0.246638004,0.187500000
2023-08-06,202301010612,2018105518,4,ダブルスナッチ,0,16,Class1,札幌,22.000000000,13,2023,l2_logistic_c0.1,0.236979004,0.187500000
2023-08-06,202301010612,2020102568,5,ワイアウ,0,16,Class1,札幌,78.000000000,5,2023,l2_logistic_c0.1,0.058470572,0.187500000
2023-08-06,202301010612,2020101372,6,クリノエンジェル,0,16,Class1,札幌,63.000000000,7,2023,l2_logistic_c0.1,0.117377302,0.187500000
2023-08-06,202301010612,2020100121,7,イイヒニナル,0,16,Class1,札幌,28.000000000,5,2023,l2_logistic_c0.1,0.123296519,0.187500000
2023-08-06,202301010612,2020100289,8,シルバーダイヤ,0,16,Class1,札幌,21.000000000,6,2023,l2_logistic_c0.1,0.189888547,0.187500000
2023-08-06,202301010612,2017103309,9,ホウオウエンジェル,1,16,Class1,札幌,15.000000000,27,2023,l2_logistic_c0.1,0.227773978,0.187500000
2023-08-06,202301010612,2019102935,10,プラティナマリア,0,16,Class1,札幌,70.000000000,9,2023,l2_logistic_c0.1,0.045583227,0.187500000
2023-08-06,202301010612,2020102591,11,メリオルヴィータ,0,16,Class1,札幌,22.000000000,7,2023,l2_logistic_c0.1,0.205179226,0.187500000
2023-08-06,202301010612,2018104762,12,キャニオニング,0,16,Class1,札幌,22.000000000,22,2023,l2_logistic_c0.1,0.100099419,0.187500000
2023-08-06,202301010612,2020103735,13,ランフリーバンクス,0,16,Class1,札幌,50.000000000,7,2023,l2_logistic_c0.1,0.236510701,0.187500000
2023-08-06,202301010612,2019106194,14,コーリングユー,1,16,Class1,札幌,15.000000000,11,2023,l2_logistic_c0.1,0.395590117,0.187500000
2023-08-06,202301010612,2019103200,15,ネイキッドハート,0,16,Class1,札幌,22.000000000,10,2023,l2_logistic_c0.1,0.091150067,0.187500000
2023-08-06,202301010612,2020101378,16,アイヲツグモノ,0,16,Class1,札幌,22.000000000,6,2023,l2_logistic_c0.1,0.088747244,0.187500000
2023-08-12,202301020112,2020102121,1,シルバーレイズ,0,16,Class1,札幌,13.000000000,7,2023,l2_logistic_c0.1,0.169026760,0.187500000
2023-08-12,202301020112,2019102320,2,サイモンカーチス,0,16,Class1,札幌,21.000000000,20,2023,l2_logistic_c0.1,0.081609714,0.187500000
2023-08-12,202301020112,2020109102,3,サウザンサニー,1,16,Class1,札幌,20.000000000,5,2023,l2_logistic_c0.1,0.372569222,0.187500000
2023-08-12,202301020112,2018105201,4,デイトンウェイ,0,16,Class1,札幌,13.000000000,16,2023,l2_logistic_c0.1,0.255042681,0.187500000
2023-08-12,202301020112,2018105096,5,レッドフランカー,0,16,Class1,札幌,56.000000000,16,2023,l2_logistic_c0.1,0.109510236,0.187500000
2023-08-12,202301020112,2020103218,6,フミサウンド,1,16,Class1,札幌,13.000000000,5,2023,l2_logistic_c0.1,0.225752068,0.187500000
2023-08-12,202301020112,2020103670,7,ショウナンハクウン,0,16,Class1,札幌,20.000000000,6,2023,l2_logistic_c0.1,0.197706604,0.187500000
2023-08-12,202301020112,2020102321,8,テーオーヴァイナー,0,16,Class1,札幌,21.000000000,4,2023,l2_logistic_c0.1,0.088435907,0.187500000
2023-08-12,202301020112,2018105357,9,ラピカズマ,0,16,Class1,札幌,42.000000000,22,2023,l2_logistic_c0.1,0.263769672,0.187500000
2023-08-12,202301020112,2019105715,10,セキテイホノオー,0,16,Class1,札幌,475.000000000,6,2023,l2_logistic_c0.1,0.180415656,0.187500000
2023-08-12,202301020112,2020105365,11,ドーバーホーク,1,16,Class1,札幌,98.000000000,6,2023,l2_logistic_c0.1,0.429872106,0.187500000
2023-08-12,202301020112,2020100741,12,ノーブルラン,0,16,Class1,札幌,14.000000000,7,2023,l2_logistic_c0.1,0.161377133,0.187500000
2023-08-12,202301020112,2019101743,13,タムロキュラムン,0,16,Class1,札幌,90.000000000,16,2023,l2_logistic_c0.1,0.056767536,0.187500000
2023-08-12,202301020112,2019103790,14,ミツカネムーン,0,16,Class1,札幌,28.000000000,13,2023,l2_logistic_c0.1,0.060101729,0.187500000
2023-08-12,202301020112,2019103193,15,トリップトゥムーン,0,16,Class1,札幌,13.000000000,18,2023,l2_logistic_c0.1,0.266703989,0.187500000
2023-08-12,202301020112,2019102747,16,マキアージュ,1,16,Class1,札幌,21.000000000,16,2023,l2_logistic_c0.1,0.169984526,0.187500000
2023-08-12,202310030112,2019109096,1,ダイヤモンドフジ,1,18,Class1,小倉,343.000000000,8,2023,l2_logistic_c0.1,0.256097860,0.166666667
2023-08-12,202310030112,2019104686,2,アキバ,0,18,Class1,小倉,118.000000000,11,2023,l2_logistic_c0.1,0.249109487,0.166666667
2023-08-12,202310030112,2020105484,3,ニシノコウダイ,0,18,Class1,小倉,63.000000000,5,2023,l2_logistic_c0.1,0.274125669,0.166666667
2023-08-12,202310030112,2018106200,4,メイショウヒゾッコ,0,18,Class1,小倉,56.000000000,24,2023,l2_logistic_c0.1,0.060926352,0.166666667
2023-08-12,202310030112,2020102294,5,スイープラン,0,18,Class1,小倉,83.000000000,8,2023,l2_logistic_c0.1,0.320579418,0.166666667
2023-08-12,202310030112,2018101951,6,タガノスペルノヴァ,0,18,Class1,小倉,167.000000000,17,2023,l2_logistic_c0.1,0.100226109,0.166666667
2023-08-12,202310030112,2020106777,7,セレッソデアモール,0,18,Class1,小倉,126.000000000,6,2023,l2_logistic_c0.1,0.332709999,0.166666667
2023-08-12,202310030112,2020101897,8,レッドヒルシューズ,1,18,Class1,小倉,56.000000000,7,2023,l2_logistic_c0.1,0.156437186,0.166666667
2023-08-12,202310030112,2020101556,9,オーサムサンライズ,0,18,Class1,小倉,119.000000000,4,2023,l2_logistic_c0.1,0.099248987,0.166666667
2023-08-12,202310030112,2019106099,10,ラブリアージェ,0,18,Class1,小倉,336.000000000,8,2023,l2_logistic_c0.1,0.067615434,0.166666667
2023-08-12,202310030112,2019110051,11,シュガーフロート,0,18,Class1,小倉,48.000000000,12,2023,l2_logistic_c0.1,0.364356225,0.166666667
2023-08-12,202310030112,2020100725,12,シンプリーオーサム,0,18,Class1,小倉,105.000000000,3,2023,l2_logistic_c0.1,0.461148762,0.166666667
2023-08-12,202310030112,2016102111,13,ファタリテ,0,18,Class1,小倉,41.000000000,35,2023,l2_logistic_c0.1,0.030412831,0.166666667
2023-08-12,202310030112,2019106598,14,プロティオスミノル,0,18,Class1,小倉,56.000000000,7,2023,l2_logistic_c0.1,0.167488120,0.166666667
2023-08-12,202310030112,2019102147,15,フォレクラフト,0,18,Class1,小倉,90.000000000,6,2023,l2_logistic_c0.1,0.288833166,0.166666667
2023-08-12,202310030112,2020101763,16,トーホウフランゴ,0,18,Class1,小倉,27.000000000,8,2023,l2_logistic_c0.1,0.242751650,0.166666667
2023-08-12,202310030112,2020102971,17,サトノグレイト,0,18,Class1,小倉,27.000000000,8,2023,l2_logistic_c0.1,0.307383881,0.166666667
2023-08-12,202310030112,2018100736,18,アンフィニドール,1,18,Class1,小倉,20.000000000,15,2023,l2_logistic_c0.1,0.294841514,0.166666667
2023-08-13,202301020211,2019103782,1,ルピナスリード,0,15,Open,札幌,21.000000000,12,2023,l2_logistic_c0.1,0.102549312,0.200000000
2023-08-13,202301020211,2019102238,2,クロジシジョー,0,15,Open,札幌,50.000000000,19,2023,l2_logistic_c0.1,0.123507484,0.200000000
2023-08-13,202301020211,2017110123,3,ヴィズサクセス,0,15,Open,札幌,21.000000000,18,2023,l2_logistic_c0.1,0.210689722,0.200000000
2023-08-13,202301020211,2017101183,4,レッドライデン,0,15,Open,札幌,127.000000000,27,2023,l2_logistic_c0.1,0.030727338,0.200000000
2023-08-13,202301020211,2015100822,5,タイセイアベニール,0,15,Open,札幌,42.000000000,46,2023,l2_logistic_c0.1,0.095742258,0.200000000
2023-08-13,202301020211,2016100298,6,ミニオンペール,0,15,Open,札幌,21.000000000,39,2023,l2_logistic_c0.1,0.113947411,0.200000000
2023-08-13,202301020211,2018106504,7,サトノアイ,1,15,Open,札幌,50.000000000,20,2023,l2_logistic_c0.1,0.113475305,0.200000000
2023-08-13,202301020211,2019100765,8,コムストックロード,0,15,Open,札幌,28.000000000,19,2023,l2_logistic_c0.1,0.137282406,0.200000000
2023-08-13,202301020211,2019100791,9,シナモンスティック,1,15,Open,札幌,28.000000000,17,2023,l2_logistic_c0.1,0.286941364,0.200000000
2023-08-13,202301020211,2018102155,10,マイネルジェロディ,0,15,Open,札幌,21.000000000,25,2023,l2_logistic_c0.1,0.100189845,0.200000000
2023-08-13,202301020211,2019110031,11,エクセトラ,0,15,Open,札幌,22.000000000,14,2023,l2_logistic_c0.1,0.319406085,0.200000000
2023-08-13,202301020211,2017104852,12,キャプテンドレイク,0,15,Open,札幌,98.000000000,22,2023,l2_logistic_c0.1,0.139134519,0.200000000
2023-08-13,202301020211,2018105366,13,レッドベルオーブ,0,15,Open,札幌,21.000000000,17,2023,l2_logistic_c0.1,0.175634140,0.200000000
2023-08-13,202301020211,2018102595,14,ロードマックス,0,15,Open,札幌,21.000000000,18,2023,l2_logistic_c0.1,0.101112233,0.200000000
2023-08-13,202301020211,2019104841,15,カルネアサーダ,1,15,Open,札幌,21.000000000,18,2023,l2_logistic_c0.1,0.206615504,0.200000000
2023-08-13,202310030202,2020100523,1,ジョーシーゲル,0,18,Maiden,小倉,21.000000000,6,2023,l2_logistic_c0.1,0.261100395,0.166666667
2023-08-13,202310030202,2020104726,2,マカーリオ,1,18,Maiden,小倉,84.000000000,5,2023,l2_logistic_c0.1,0.058876501,0.166666667
2023-08-13,202310030202,2020106866,3,サトノアダマス,0,18,Maiden,小倉,85.000000000,4,2023,l2_logistic_c0.1,0.245275931,0.166666667
2023-08-13,202310030202,2020101516,4,オミコシ,0,18,Maiden,小倉,78.000000000,3,2023,l2_logistic_c0.1,0.097253900,0.166666667
2023-08-13,202310030202,2020106394,5,オンリーラヴ,0,18,Maiden,小倉,56.000000000,3,2023,l2_logistic_c0.1,0.092268680,0.166666667
2023-08-13,202310030202,2020103491,6,ディオファントス,0,18,Maiden,小倉,50.000000000,7,2023,l2_logistic_c0.1,0.292325037,0.166666667
2023-08-13,202310030202,2020110039,7,ユハンヌス,1,18,Maiden,小倉,28.000000000,4,2023,l2_logistic_c0.1,0.393788864,0.166666667
2023-08-13,202310030202,2020106736,8,メイショウタイジュ,0,18,Maiden,小倉,71.000000000,3,2023,l2_logistic_c0.1,0.112640233,0.166666667
2023-08-13,202310030202,2020106401,9,ナリタシン,0,18,Maiden,小倉,64.000000000,5,2023,l2_logistic_c0.1,0.267380078,0.166666667
2023-08-13,202310030202,2020106511,10,メイショウヒナギク,0,18,Maiden,小倉,43.000000000,3,2023,l2_logistic_c0.1,0.078105116,0.166666667
2023-08-13,202310030202,2020105497,11,シュガープラム,0,18,Maiden,小倉,64.000000000,6,2023,l2_logistic_c0.1,0.046582295,0.166666667
2023-08-13,202310030202,2020106644,12,モノセーラス,0,18,Maiden,小倉,64.000000000,6,2023,l2_logistic_c0.1,0.207297131,0.166666667
2023-08-13,202310030202,2020103431,15,ドウフォルス,1,18,Maiden,小倉,57.000000000,6,2023,l2_logistic_c0.1,0.134324777,0.166666667
2023-08-13,202310030202,2020103112,16,ヒットザフロント,0,18,Maiden,小倉,15.000000000,5,2023,l2_logistic_c0.1,0.141610296,0.166666667
2023-08-13,202310030202,2020104236,17,ニトウリュウ,0,18,Maiden,小倉,91.000000000,3,2023,l2_logistic_c0.1,0.044545282,0.166666667
2023-08-13,202310030202,2020100370,18,フェリキタス,0,18,Maiden,小倉,21.000000000,11,2023,l2_logistic_c0.1,0.353154466,0.166666667
2023-08-19,202301020303,2020102050,1,サンポーニャ,1,16,Maiden,札幌,105.000000000,5,2023,l2_logistic_c0.1,0.309936603,0.187500000
2023-08-19,202301020303,2020101863,2,コパカバーナビーチ,0,16,Maiden,札幌,14.000000000,11,2023,l2_logistic_c0.1,0.304154921,0.187500000
2023-08-19,202301020303,2020106462,3,カイラシ,0,16,Maiden,札幌,69.000000000,5,2023,l2_logistic_c0.1,0.051948337,0.187500000
2023-08-19,202301020303,2020106149,4,アスキーアート,0,16,Maiden,札幌,14.000000000,11,2023,l2_logistic_c0.1,0.287113854,0.187500000
2023-08-19,202301020303,2020104241,5,アパラギ,0,16,Maiden,札幌,41.000000000,6,2023,l2_logistic_c0.1,0.090618775,0.187500000
2023-08-19,202301020303,2020100286,6,ルリイロ,0,16,Maiden,札幌,56.000000000,6,2023,l2_logistic_c0.1,0.146520893,0.187500000
2023-08-19,202301020303,2020102545,7,マテンロウプラウド,1,16,Maiden,札幌,20.000000000,5,2023,l2_logistic_c0.1,0.225700782,0.187500000
2023-08-19,202301020303,2020105426,9,ベストバディ,0,16,Maiden,札幌,48.000000000,5,2023,l2_logistic_c0.1,0.182150804,0.187500000
2023-08-19,202301020303,2020106712,10,ファルマリン,0,16,Maiden,札幌,28.000000000,7,2023,l2_logistic_c0.1,0.181903971,0.187500000
2023-08-19,202301020303,2020101610,11,ルージュアズライト,0,16,Maiden,札幌,70.000000000,4,2023,l2_logistic_c0.1,0.184214225,0.187500000
2023-08-19,202301020303,2020105791,12,アフターグロウ,0,16,Maiden,札幌,14.000000000,11,2023,l2_logistic_c0.1,0.396404774,0.187500000
2023-08-19,202301020303,2020100759,13,アルマロクザン,1,16,Maiden,札幌,14.000000000,10,2023,l2_logistic_c0.1,0.519454205,0.187500000
2023-08-19,202301020303,2020103949,14,シャコンヌ,0,16,Maiden,札幌,48.000000000,10,2023,l2_logistic_c0.1,0.067019102,0.187500000
2023-08-19,202301020303,2020100726,15,シティウォリアー,0,16,Maiden,札幌,27.000000000,6,2023,l2_logistic_c0.1,0.197060066,0.187500000
2023-08-19,202301020303,2020110048,16,ウィンザーロア,0,16,Maiden,札幌,77.000000000,5,2023,l2_logistic_c0.1,0.235131787,0.187500000
2023-08-19,202310030304,2020109092,1,ジャパンノウレッジ,1,18,Maiden,小倉,34.000000000,5,2023,l2_logistic_c0.1,0.155866889,0.166666667
2023-08-19,202310030304,2020103752,3,アスターフラッペ,0,18,Maiden,小倉,42.000000000,3,2023,l2_logistic_c0.1,0.218710255,0.166666667
2023-08-19,202310030304,2020102777,4,ヴゼットマシェリ,0,18,Maiden,小倉,97.000000000,5,2023,l2_logistic_c0.1,0.130127247,0.166666667
2023-08-19,202310030304,2020103443,6,ユレマー,0,18,Maiden,小倉,55.000000000,4,2023,l2_logistic_c0.1,0.169101715,0.166666667
2023-08-19,202310030304,2020100411,7,ジャストザヴァルス,0,18,Maiden,小倉,112.000000000,4,2023,l2_logistic_c0.1,0.047099360,0.166666667
2023-08-19,202310030304,2020101792,8,プロスペリダード,1,18,Maiden,小倉,62.000000000,8,2023,l2_logistic_c0.1,0.543916274,0.166666667
2023-08-19,202310030304,2020103418,9,インクルードダイヤ,0,18,Maiden,小倉,48.000000000,6,2023,l2_logistic_c0.1,0.319208694,0.166666667
2023-08-19,202310030304,2020100486,10,フェネストラ,0,18,Maiden,小倉,48.000000000,8,2023,l2_logistic_c0.1,0.257952675,0.166666667
2023-08-19,202310030304,2020101798,11,オータムクイーン,0,18,Maiden,小倉,48.000000000,8,2023,l2_logistic_c0.1,0.189609506,0.166666667
2023-08-19,202310030304,2020103631,14,ゴレアドール,1,18,Maiden,小倉,70.000000000,3,2023,l2_logistic_c0.1,0.206173454,0.166666667
2023-08-19,202310030304,2020104780,15,ラホーヤストーム,0,18,Maiden,小倉,104.000000000,5,2023,l2_logistic_c0.1,0.041587374,0.166666667
2023-08-19,202310030304,2020106337,16,ダンツクリスタル,0,18,Maiden,小倉,14.000000000,9,2023,l2_logistic_c0.1,0.401377150,0.166666667
2023-08-19,202310030304,2020105289,17,メリーコッカー,0,18,Maiden,小倉,56.000000000,6,2023,l2_logistic_c0.1,0.174754299,0.166666667
2023-08-19,202310030311,2019101903,1,ブレスレスリー,1,11,Class3,小倉,133.000000000,14,2023,l2_logistic_c0.1,0.356739944,0.272727273
2023-08-19,202310030311,2019105658,2,オタルエバー,0,11,Class3,小倉,35.000000000,10,2023,l2_logistic_c0.1,0.489956120,0.272727273
2023-08-19,202310030311,2019103605,3,ペプチドヤマト,0,11,Class3,小倉,70.000000000,16,2023,l2_logistic_c0.1,0.451049742,0.272727273
2023-08-19,202310030311,2018100025,4,シゲルカチョウ,0,11,Class3,小倉,70.000000000,12,2023,l2_logistic_c0.1,0.312164561,0.272727273
2023-08-19,202310030311,2018102649,5,タツリュウオー,0,11,Class3,小倉,329.000000000,21,2023,l2_logistic_c0.1,0.174589046,0.272727273
2023-08-19,202310030311,2018100570,6,セリシア,0,11,Class3,小倉,83.000000000,28,2023,l2_logistic_c0.1,0.337864947,0.272727273
2023-08-19,202310030311,2018103406,7,トーホウディアス,0,11,Class3,小倉,28.000000000,26,2023,l2_logistic_c0.1,0.422194454,0.272727273
2023-08-19,202310030311,2017104138,8,グランレイ,0,11,Class3,小倉,83.000000000,25,2023,l2_logistic_c0.1,0.361969801,0.272727273
2023-08-19,202310030311,2017106087,9,メイショウゲンセン,1,11,Class3,小倉,70.000000000,15,2023,l2_logistic_c0.1,0.559121540,0.272727273
2023-08-19,202310030311,2018106389,10,メイショウツツジ,0,11,Class3,小倉,112.000000000,22,2023,l2_logistic_c0.1,0.103518973,0.272727273
2023-08-19,202310030311,2019100581,11,ヒルノローザンヌ,1,11,Class3,小倉,62.000000000,20,2023,l2_logistic_c0.1,0.149331235,0.272727273
2023-08-20,202301020410,2018102021,1,ヤマニンルリュール,0,14,Class2,札幌,49.000000000,19,2023,l2_logistic_c0.1,0.088695144,0.214285714
2023-08-20,202301020410,2020104942,2,シルフィードレーヴ,1,14,Class2,札幌,78.000000000,8,2023,l2_logistic_c0.1,0.211674875,0.214285714
2023-08-20,202301020410,2018104765,3,イズンシーラブリー,0,14,Class2,札幌,43.000000000,20,2023,l2_logistic_c0.1,0.329030054,0.214285714
2023-08-20,202301020410,2018104559,4,ナリタローゼ,0,14,Class2,札幌,28.000000000,18,2023,l2_logistic_c0.1,0.294508161,0.214285714
2023-08-20,202301020410,2020104674,5,バレリーナ,0,14,Class2,札幌,56.000000000,6,2023,l2_logistic_c0.1,0.087348416,0.214285714
2023-08-20,202301020410,2019103897,6,ハピネスアゲン,1,14,Class2,札幌,29.000000000,14,2023,l2_logistic_c0.1,0.377403006,0.214285714
2023-08-20,202301020410,2020106330,7,ラウラーナ,0,14,Class2,札幌,36.000000000,10,2023,l2_logistic_c0.1,0.342854295,0.214285714
2023-08-20,202301020410,2019105317,8,トップキャスト,0,14,Class2,札幌,22.000000000,16,2023,l2_logistic_c0.1,0.057146213,0.214285714
2023-08-20,202301020410,2020106706,9,タリア,0,14,Class2,札幌,14.000000000,7,2023,l2_logistic_c0.1,0.487707666,0.214285714
2023-08-20,202301020410,2019100170,10,デルマカミーラ,0,14,Class2,札幌,22.000000000,11,2023,l2_logistic_c0.1,0.169549280,0.214285714
2023-08-20,202301020410,2019102436,11,ミズノコキュウ,0,14,Class2,札幌,28.000000000,20,2023,l2_logistic_c0.1,0.246758176,0.214285714
2023-08-20,202301020410,2019104328,12,タカラマドンナ,0,14,Class2,札幌,7.000000000,14,2023,l2_logistic_c0.1,0.108209588,0.214285714
2023-08-20,202301020410,2020107176,13,ワックスフラワー,1,14,Class2,札幌,56.000000000,10,2023,l2_logistic_c0.1,0.238184418,0.214285714
2023-08-20,202301020410,2019101819,14,センタースリール,0,14,Class2,札幌,43.000000000,18,2023,l2_logistic_c0.1,0.052521195,0.214285714
2023-08-20,202310030404,2020103587,1,ブルジュドバイ,0,18,Maiden,小倉,43.000000000,6,2023,l2_logistic_c0.1,0.226412997,0.166666667
2023-08-20,202310030404,2020101911,2,モズキラー,0,18,Maiden,小倉,28.000000000,3,2023,l2_logistic_c0.1,0.099591267,0.166666667
2023-08-20,202310030404,2020104320,3,アジュールブルー,0,18,Maiden,小倉,35.000000000,4,2023,l2_logistic_c0.1,0.163393108,0.166666667
2023-08-20,202310030404,2020103894,4,ホウオウマーメイド,0,18,Maiden,小倉,35.000000000,4,2023,l2_logistic_c0.1,0.190487415,0.166666667
2023-08-20,202310030404,2020105186,5,ウインルベライト,0,18,Maiden,小倉,42.000000000,3,2023,l2_logistic_c0.1,0.090146475,0.166666667
2023-08-20,202310030404,2020100800,6,イナウィンク,0,18,Maiden,小倉,43.000000000,5,2023,l2_logistic_c0.1,0.125603188,0.166666667
2023-08-20,202310030404,2020100441,7,ハナサキポプラ,0,18,Maiden,小倉,29.000000000,12,2023,l2_logistic_c0.1,0.102794935,0.166666667
2023-08-20,202310030404,2020100715,8,タイセイサーマル,0,18,Maiden,小倉,56.000000000,5,2023,l2_logistic_c0.1,0.100718142,0.166666667
2023-08-20,202310030404,2020101872,9,デイトナモード,1,18,Maiden,小倉,8.000000000,7,2023,l2_logistic_c0.1,0.388023814,0.166666667
2023-08-20,202310030404,2020104347,10,スプル,0,18,Maiden,小倉,35.000000000,7,2023,l2_logistic_c0.1,0.271946912,0.166666667
2023-08-20,202310030404,2020107145,11,プリモカヴァロ,0,18,Maiden,小倉,78.000000000,4,2023,l2_logistic_c0.1,0.092712817,0.166666667
2023-08-20,202310030404,2020104598,12,ショウナンアウリイ,0,18,Maiden,小倉,43.000000000,9,2023,l2_logistic_c0.1,0.065871258,0.166666667
2023-08-20,202310030404,2020105299,13,リアライズ,1,18,Maiden,小倉,28.000000000,7,2023,l2_logistic_c0.1,0.292678825,0.166666667
2023-08-20,202310030404,2020102983,14,グレイコード,0,18,Maiden,小倉,35.000000000,3,2023,l2_logistic_c0.1,0.162995969,0.166666667
2023-08-20,202310030404,2020102271,15,コスモグングニール,0,18,Maiden,小倉,35.000000000,8,2023,l2_logistic_c0.1,0.265436679,0.166666667
2023-08-20,202310030404,2020104756,16,タマモメガジョッキ,1,18,Maiden,小倉,29.000000000,10,2023,l2_logistic_c0.1,0.080548300,0.166666667
2023-08-20,202310030404,2020104566,17,ニホンピロソラーナ,0,18,Maiden,小倉,15.000000000,4,2023,l2_logistic_c0.1,0.195051095,0.166666667
2023-08-20,202310030404,2020103665,18,モンテコルノ,0,18,Maiden,小倉,71.000000000,6,2023,l2_logistic_c0.1,0.122529632,0.166666667
2023-08-20,202310030407,2018100618,1,トーホウジュナール,1,16,Class1,小倉,35.000000000,20,2023,l2_logistic_c0.1,0.229789487,0.187500000
2023-08-20,202310030407,2020104523,2,マイネルフォーコン,0,16,Class1,小倉,28.000000000,10,2023,l2_logistic_c0.1,0.209916774,0.187500000
2023-08-20,202310030407,2020106737,3,メイショウコギク,0,16,Class1,小倉,28.000000000,9,2023,l2_logistic_c0.1,0.272601236,0.187500000
2023-08-20,202310030407,2017101991,4,テンジュイン,0,16,Class1,小倉,35.000000000,35,2023,l2_logistic_c0.1,0.104531127,0.187500000
2023-08-20,202310030407,2018100862,5,クリノビックリバゴ,0,16,Class1,小倉,260.000000000,6,2023,l2_logistic_c0.1,0.032465522,0.187500000
2023-08-20,202310030407,2020100736,6,ビッグボーンリタ,0,16,Class1,小倉,28.000000000,5,2023,l2_logistic_c0.1,0.158857586,0.187500000
2023-08-20,202310030407,2019104818,7,メイケイバートン,0,16,Class1,小倉,28.000000000,12,2023,l2_logistic_c0.1,0.362786506,0.187500000
2023-08-20,202310030407,2020106944,8,ネイキッド,0,16,Class1,小倉,134.000000000,6,2023,l2_logistic_c0.1,0.147429108,0.187500000
2023-08-20,202310030407,2019104686,9,アキバ,0,16,Class1,小倉,8.000000000,12,2023,l2_logistic_c0.1,0.379633104,0.187500000
2023-08-20,202310030407,2020100784,10,アントニオヒロキ,0,16,Class1,小倉,28.000000000,7,2023,l2_logistic_c0.1,0.049971636,0.187500000
2023-08-20,202310030407,2020103969,11,ヨウシタンレイ,1,16,Class1,小倉,36.000000000,8,2023,l2_logistic_c0.1,0.141793601,0.187500000
2023-08-20,202310030407,2019102062,12,ハルカナネガイ,0,16,Class1,小倉,28.000000000,14,2023,l2_logistic_c0.1,0.107546776,0.187500000
2023-08-20,202310030407,2020102027,13,カミーロ,0,16,Class1,小倉,28.000000000,5,2023,l2_logistic_c0.1,0.210578610,0.187500000
2023-08-20,202310030407,2020101897,14,レッドヒルシューズ,1,16,Class1,小倉,8.000000000,8,2023,l2_logistic_c0.1,0.329394184,0.187500000
2023-08-20,202310030407,2020105497,15,シュガープラム,0,16,Class1,小倉,7.000000000,7,2023,l2_logistic_c0.1,0.070829877,0.187500000
2023-08-20,202310030407,2019106596,16,バトルシャイニング,0,16,Class1,小倉,49.000000000,18,2023,l2_logistic_c0.1,0.184738991,0.187500000
2023-08-20,202310030409,2019103233,1,ニシノデフィレ,0,16,Class2,小倉,50.000000000,15,2023,l2_logistic_c0.1,0.273999976,0.187500000
2023-08-20,202310030409,2017105192,2,カーフライターク,0,16,Class2,小倉,50.000000000,24,2023,l2_logistic_c0.1,0.079289130,0.187500000
2023-08-20,202310030409,2019105915,3,グッドグロウス,0,16,Class2,小倉,169.000000000,16,2023,l2_logistic_c0.1,0.231877082,0.187500000
2023-08-20,202310030409,2020103284,4,トールキン,0,16,Class2,小倉,85.000000000,7,2023,l2_logistic_c0.1,0.297504955,0.187500000
2023-08-20,202310030409,2018104621,5,サトノルーチェ,1,16,Class2,小倉,92.000000000,17,2023,l2_logistic_c0.1,0.189513907,0.187500000
2023-08-20,202310030409,2016102801,6,ロングファイナリー,0,16,Class2,小倉,113.000000000,33,2023,l2_logistic_c0.1,0.086333419,0.187500000
2023-08-20,202310030409,2019104260,7,メイショウクリフト,0,16,Class2,小倉,112.000000000,8,2023,l2_logistic_c0.1,0.272768365,0.187500000
2023-08-20,202310030409,2018106391,8,メイショウイジゲン,0,16,Class2,小倉,99.000000000,23,2023,l2_logistic_c0.1,0.086680694,0.187500000
2023-08-20,202310030409,2019100210,9,ウインバグース,0,16,Class2,小倉,169.000000000,14,2023,l2_logistic_c0.1,0.303173936,0.187500000
2023-08-20,202310030409,2018101964,10,アルムファーツリー,0,16,Class2,小倉,35.000000000,36,2023,l2_logistic_c0.1,0.060822257,0.187500000
2023-08-20,202310030409,2019104697,11,ショウナンマッハ,1,16,Class2,小倉,29.000000000,15,2023,l2_logistic_c0.1,0.132579801,0.187500000
2023-08-20,202310030409,2020110090,12,ティニア,0,16,Class2,小倉,35.000000000,6,2023,l2_logistic_c0.1,0.369529886,0.187500000
2023-08-20,202310030409,2019101917,13,エテルナメンテ,0,16,Class2,小倉,29.000000000,13,2023,l2_logistic_c0.1,0.140095704,0.187500000
2023-08-20,202310030409,2018106455,14,メイショウハボタン,0,16,Class2,小倉,154.000000000,30,2023,l2_logistic_c0.1,0.192461347,0.187500000
2023-08-20,202310030409,2019105044,15,アドマイヤラヴィ,1,16,Class2,小倉,49.000000000,10,2023,l2_logistic_c0.1,0.549725892,0.187500000
2023-08-20,202310030409,2017100922,16,フチサンメルチャン,0,16,Class2,小倉,14.000000000,23,2023,l2_logistic_c0.1,0.098014732,0.187500000
2023-08-20,202310030411,2017105298,1,ストーンリッジ,1,18,Open,小倉,35.000000000,22,2023,l2_logistic_c0.1,0.199575767,0.166666667
2023-08-20,202310030411,2017101121,2,ボンボヤージ,0,18,Open,小倉,147.000000000,23,2023,l2_logistic_c0.1,0.068080779,0.166666667
2023-08-20,202310030411,2018105259,3,スティクス,0,18,Open,小倉,21.000000000,19,2023,l2_logistic_c0.1,0.107101704,0.166666667
2023-08-20,202310030411,2016105734,4,サンキューユウガ,0,18,Open,小倉,49.000000000,18,2023,l2_logistic_c0.1,0.290432066,0.166666667
2023-08-20,202310030411,2019104108,5,エナジーグラン,0,18,Open,小倉,35.000000000,14,2023,l2_logistic_c0.1,0.266131905,0.166666667
2023-08-20,202310030411,2018103238,6,リプレーザ,0,18,Open,小倉,64.000000000,13,2023,l2_logistic_c0.1,0.079708215,0.166666667
2023-08-20,202310030411,2019102576,7,クリノマジン,0,18,Open,小倉,35.000000000,17,2023,l2_logistic_c0.1,0.139125024,0.166666667
2023-08-20,202310030411,2017101765,8,レジェーロ,0,18,Open,小倉,21.000000000,26,2023,l2_logistic_c0.1,0.103542237,0.166666667
2023-08-20,202310030411,2019105394,9,ママコチャ,1,18,Open,小倉,84.000000000,11,2023,l2_logistic_c0.1,0.421036877,0.166666667
2023-08-20,202310030411,2017103005,10,ロードベイリーフ,0,18,Open,小倉,21.000000000,36,2023,l2_logistic_c0.1,0.143293130,0.166666667
2023-08-20,202310030411,2015104364,11,トゥラヴェスーラ,0,18,Open,小倉,49.000000000,29,2023,l2_logistic_c0.1,0.179597859,0.166666667
2023-08-20,202310030411,2019103422,12,テイエムスパーダ,0,18,Open,小倉,49.000000000,13,2023,l2_logistic_c0.1,0.095083131,0.166666667
2023-08-20,202310030411,2019110102,13,デュガ,0,18,Open,小倉,36.000000000,14,2023,l2_logistic_c0.1,0.104598681,0.166666667
2023-08-20,202310030411,2020101588,14,ロンドンプラン,0,18,Open,小倉,288.000000000,3,2023,l2_logistic_c0.1,0.255939719,0.166666667
2023-08-20,202310030411,2019110107,15,ジャスパークローネ,1,18,Open,小倉,49.000000000,13,2023,l2_logistic_c0.1,0.267219265,0.166666667
2023-08-20,202310030411,2017106387,16,スマートリアン,0,18,Open,小倉,35.000000000,25,2023,l2_logistic_c0.1,0.165550526,0.166666667
2023-08-20,202310030411,2018100032,17,シゲルピンクルビー,0,18,Open,小倉,183.000000000,14,2023,l2_logistic_c0.1,0.112311881,0.166666667
2023-08-20,202310030411,2020102764,18,モズメイメイ,0,18,Open,小倉,85.000000000,6,2023,l2_logistic_c0.1,0.476562053,0.166666667
2023-08-26,202301020501,2021105902,5,ココシャンパーニュ,0,11,Maiden,札幌,41.000000000,3,2023,l2_logistic_c0.1,0.470841820,0.272727273
2023-08-26,202301020501,2021103771,8,センタービット,0,11,Maiden,札幌,20.000000000,3,2023,l2_logistic_c0.1,0.051577486,0.272727273
2023-08-26,202301020501,2021102343,11,ラシェンテ,0,11,Maiden,札幌,7.000000000,3,2023,l2_logistic_c0.1,0.265781116,0.272727273
2023-08-26,202301020510,2019104361,1,テーオースパロー,0,14,Class2,札幌,20.000000000,20,2023,l2_logistic_c0.1,0.301629536,0.214285714
2023-08-26,202301020510,2018101573,2,セイレーン,0,14,Class2,札幌,34.000000000,21,2023,l2_logistic_c0.1,0.082308030,0.214285714
2023-08-26,202301020510,2018106552,3,メイショウフンケイ,0,14,Class2,札幌,13.000000000,25,2023,l2_logistic_c0.1,0.195391505,0.214285714
2023-08-26,202301020510,2020106706,4,タリア,1,14,Class2,札幌,6.000000000,8,2023,l2_logistic_c0.1,0.457146137,0.214285714
2023-08-26,202301020510,2018100097,5,スマートルシーダ,0,14,Class2,札幌,41.000000000,18,2023,l2_logistic_c0.1,0.261663356,0.214285714
2023-08-26,202301020510,2018105873,6,ミキノバスドラム,0,14,Class2,札幌,20.000000000,21,2023,l2_logistic_c0.1,0.044082593,0.214285714
2023-08-26,202301020510,2019106119,7,ユウグロスファクタ,0,14,Class2,札幌,13.000000000,12,2023,l2_logistic_c0.1,0.084472472,0.214285714
2023-08-26,202301020510,2020102140,8,アンビバレント,0,14,Class2,札幌,20.000000000,7,2023,l2_logistic_c0.1,0.387981218,0.214285714
2023-08-26,202301020510,2018103296,9,サニーオーシャン,0,14,Class2,札幌,41.000000000,25,2023,l2_logistic_c0.1,0.062942896,0.214285714
2023-08-26,202301020510,2017102809,10,ガリレイ,1,14,Class2,札幌,20.000000000,25,2023,l2_logistic_c0.1,0.200839620,0.214285714
2023-08-26,202301020510,2019104386,11,トーセンサンダー,0,14,Class2,札幌,20.000000000,16,2023,l2_logistic_c0.1,0.205339768,0.214285714
2023-08-26,202301020510,2019102827,12,サンダビューク,0,14,Class2,札幌,20.000000000,18,2023,l2_logistic_c0.1,0.120840957,0.214285714
2023-08-26,202301020510,2020100686,13,ジョリダム,0,14,Class2,札幌,28.000000000,6,2023,l2_logistic_c0.1,0.222027467,0.214285714
2023-08-26,202301020510,2020105365,14,ドーバーホーク,1,14,Class2,札幌,14.000000000,7,2023,l2_logistic_c0.1,0.566890186,0.214285714
2023-08-26,202304030507,2020106232,2,ネモフィラ,0,18,Maiden,新潟,132.000000000,3,2023,l2_logistic_c0.1,0.093756421,0.166666667
2023-08-26,202304030507,2020104410,3,ニシノクラウディア,0,18,Maiden,新潟,13.000000000,5,2023,l2_logistic_c0.1,0.234545135,0.166666667
2023-08-26,202304030507,2020104624,4,カドノユトリ,1,18,Maiden,新潟,6.000000000,5,2023,l2_logistic_c0.1,0.182881744,0.166666667
2023-08-26,202304030507,2020101725,5,エルカリエンテ,0,18,Maiden,新潟,13.000000000,5,2023,l2_logistic_c0.1,0.232460860,0.166666667
2023-08-26,202304030507,2020106699,7,ベルサーナ,1,18,Maiden,新潟,21.000000000,5,2023,l2_logistic_c0.1,0.155303696,0.166666667
2023-08-26,202304030507,2020104465,8,ウラヌス,0,18,Maiden,新潟,55.000000000,6,2023,l2_logistic_c0.1,0.116931845,0.166666667
2023-08-26,202304030507,2020103675,10,ピコデモンターニャ,0,18,Maiden,新潟,55.000000000,3,2023,l2_logistic_c0.1,0.112188383,0.166666667
2023-08-26,202304030507,2020100878,11,ハクサンセーブル,0,18,Maiden,新潟,48.000000000,4,2023,l2_logistic_c0.1,0.116440069,0.166666667
2023-08-26,202304030507,2020100267,12,ハクサンミューズ,0,18,Maiden,新潟,98.000000000,5,2023,l2_logistic_c0.1,0.052408254,0.166666667
2023-08-26,202304030507,2020104516,13,サクラトップクリス,0,18,Maiden,新潟,63.000000000,10,2023,l2_logistic_c0.1,0.120032608,0.166666667
2023-08-26,202304030507,2020105817,14,アルムダウン,0,18,Maiden,新潟,13.000000000,4,2023,l2_logistic_c0.1,0.108159359,0.166666667
2023-08-26,202304030507,2020102819,15,アイソラシー,1,18,Maiden,新潟,21.000000000,4,2023,l2_logistic_c0.1,0.302286315,0.166666667
2023-08-26,202304030507,2020103898,16,イグニション,0,18,Maiden,新潟,62.000000000,8,2023,l2_logistic_c0.1,0.131642104,0.166666667
2023-08-26,202304030507,2020103883,17,レイレフア,0,18,Maiden,新潟,119.000000000,5,2023,l2_logistic_c0.1,0.030149810,0.166666667
2023-08-26,202304030507,2020106097,18,ユーメイドマイデイ,0,18,Maiden,新潟,13.000000000,7,2023,l2_logistic_c0.1,0.142108960,0.166666667
2023-08-26,202304030512,2020103530,1,イコノスタシス,1,14,Class1,新潟,63.000000000,7,2023,l2_logistic_c0.1,0.406092778,0.214285714
2023-08-26,202304030512,2019104059,2,スマートオリーブ,0,14,Class1,新潟,48.000000000,12,2023,l2_logistic_c0.1,0.231323488,0.214285714
2023-08-26,202304030512,2018105515,3,パノティア,0,14,Class1,新潟,69.000000000,18,2023,l2_logistic_c0.1,0.239789205,0.214285714
2023-08-26,202304030512,2019105765,4,ハウファアイルゴー,1,14,Class1,新潟,69.000000000,4,2023,l2_logistic_c0.1,0.136140928,0.214285714
2023-08-26,202304030512,2020104911,5,キュベリン,0,14,Class1,新潟,125.000000000,5,2023,l2_logistic_c0.1,0.252213120,0.214285714
2023-08-26,202304030512,2019102892,6,プランタニエール,0,14,Class1,新潟,42.000000000,5,2023,l2_logistic_c0.1,0.025584094,0.214285714
2023-08-26,202304030512,2020104342,7,キガン,0,14,Class1,新潟,7.000000000,6,2023,l2_logistic_c0.1,0.343546077,0.214285714
2023-08-26,202304030512,2020101093,8,ショッキングブルー,0,14,Class1,新潟,314.000000000,4,2023,l2_logistic_c0.1,0.233485256,0.214285714
2023-08-26,202304030512,2018105257,9,ダノンジェネラル,0,14,Class1,新潟,126.000000000,13,2023,l2_logistic_c0.1,0.100080286,0.214285714
2023-08-26,202304030512,2019102775,11,ヤマニンパニータ,0,14,Class1,新潟,13.000000000,7,2023,l2_logistic_c0.1,0.175771921,0.214285714
2023-08-26,202304030512,2020106750,12,シルヴァーゴースト,0,14,Class1,新潟,13.000000000,10,2023,l2_logistic_c0.1,0.096211242,0.214285714
2023-08-26,202304030512,2020100558,13,グレイスカリヨン,0,14,Class1,新潟,77.000000000,3,2023,l2_logistic_c0.1,0.166667310,0.214285714
2023-08-26,202304030512,2020106343,14,ユカリプレリュード,0,14,Class1,新潟,105.000000000,7,2023,l2_logistic_c0.1,0.194796830,0.214285714
2023-08-26,202310030507,2020106203,2,メイショウフラム,0,18,Maiden,小倉,41.000000000,5,2023,l2_logistic_c0.1,0.264433830,0.166666667
2023-08-26,202310030507,2020106193,5,レイジングウェイブ,0,18,Maiden,小倉,62.000000000,3,2023,l2_logistic_c0.1,0.048680705,0.166666667
2023-08-26,202310030507,2020100523,6,ジョーシーゲル,0,18,Maiden,小倉,13.000000000,7,2023,l2_logistic_c0.1,0.381009755,0.166666667
2023-08-26,202310030507,2020102846,9,アズワンウイッシュ,0,18,Maiden,小倉,49.000000000,5,2023,l2_logistic_c0.1,0.041820950,0.166666667
2023-08-26,202310030507,2020104726,10,マカーリオ,0,18,Maiden,小倉,13.000000000,6,2023,l2_logistic_c0.1,0.232765894,0.166666667
2023-08-26,202310030507,2020104780,12,ラホーヤストーム,0,18,Maiden,小倉,7.000000000,6,2023,l2_logistic_c0.1,0.109930854,0.166666667
2023-08-26,202310030507,2020103418,13,インクルードダイヤ,1,18,Maiden,小倉,7.000000000,7,2023,l2_logistic_c0.1,0.320248717,0.166666667
2023-08-26,202310030507,2020103493,14,カリブルヌス,0,18,Maiden,小倉,41.000000000,4,2023,l2_logistic_c0.1,0.101105626,0.166666667
2023-08-26,202310030507,2020105299,15,リアライズ,1,18,Maiden,小倉,6.000000000,8,2023,l2_logistic_c0.1,0.537271052,0.166666667
2023-08-26,202310030507,2020101121,16,ハッピーアズラリー,1,18,Maiden,小倉,48.000000000,6,2023,l2_logistic_c0.1,0.222476390,0.166666667
2023-08-26,202310030507,2020106644,18,モノセーラス,0,18,Maiden,小倉,13.000000000,7,2023,l2_logistic_c0.1,0.242405188,0.166666667
2023-08-26,202310030512,2018101951,1,タガノスペルノヴァ,0,14,Class1,小倉,14.000000000,18,2023,l2_logistic_c0.1,0.230557488,0.214285714
2023-08-26,202310030512,2020102980,2,ルージュアウラ,0,14,Class1,小倉,7.000000000,3,2023,l2_logistic_c0.1,0.259126397,0.214285714
2023-08-26,202310030512,2020101763,3,トーホウフランゴ,1,14,Class1,小倉,14.000000000,9,2023,l2_logistic_c0.1,0.409508033,0.214285714
2023-08-26,202310030512,2016102111,4,ファタリテ,0,14,Class1,小倉,14.000000000,36,2023,l2_logistic_c0.1,0.050848080,0.214285714
2023-08-26,202310030512,2020105534,5,タガノタント,0,14,Class1,小倉,41.000000000,7,2023,l2_logistic_c0.1,0.230839509,0.214285714
2023-08-26,202310030512,2020105568,6,ハクサンパイオニア,1,14,Class1,小倉,49.000000000,12,2023,l2_logistic_c0.1,0.262355058,0.214285714
2023-08-26,202310030512,2019104568,8,ビレッジスター,0,14,Class1,小倉,14.000000000,13,2023,l2_logistic_c0.1,0.165712925,0.214285714
2023-08-26,202310030512,2020100519,9,ジョーイルムシュ,0,14,Class1,小倉,28.000000000,7,2023,l2_logistic_c0.1,0.289296028,0.214285714
2023-08-26,202310030512,2019104169,10,メイショウタイゲイ,0,14,Class1,小倉,41.000000000,16,2023,l2_logistic_c0.1,0.120774891,0.214285714
2023-08-26,202310030512,2020106882,11,シャングリラ,0,14,Class1,小倉,34.000000000,7,2023,l2_logistic_c0.1,0.281084149,0.214285714
2023-08-26,202310030512,2020105484,12,ニシノコウダイ,1,14,Class1,小倉,14.000000000,6,2023,l2_logistic_c0.1,0.296602881,0.214285714
2023-08-26,202310030512,2019106028,13,ピースキーパー,0,14,Class1,小倉,42.000000000,21,2023,l2_logistic_c0.1,0.210771815,0.214285714
2023-08-27,202301020609,2019106194,1,コーリングユー,0,16,Class1,札幌,21.000000000,12,2023,l2_logistic_c0.1,0.447493569,0.187500000
2023-08-27,202301020609,2020102718,2,オルフェスト,0,16,Class1,札幌,50.000000000,5,2023,l2_logistic_c0.1,0.355244486,0.187500000
2023-08-27,202301020609,2019102747,3,マキアージュ,0,16,Class1,札幌,15.000000000,17,2023,l2_logistic_c0.1,0.256677908,0.187500000
2023-08-27,202301020609,2020100347,4,クリノリアルレディ,0,16,Class1,札幌,21.000000000,16,2023,l2_logistic_c0.1,0.188215060,0.187500000
2023-08-27,202301020609,2020103844,5,フリントロック,0,16,Class1,札幌,42.000000000,7,2023,l2_logistic_c0.1,0.286067612,0.187500000
2023-08-27,202301020609,2019104897,6,デルマゴモリー,0,16,Class1,札幌,400.000000000,5,2023,l2_logistic_c0.1,0.057391829,0.187500000
2023-08-27,202301020609,2018104762,7,キャニオニング,0,16,Class1,札幌,21.000000000,23,2023,l2_logistic_c0.1,0.103442206,0.187500000
2023-08-27,202301020609,2018104908,8,アルジェントステラ,0,16,Class1,札幌,50.000000000,13,2023,l2_logistic_c0.1,0.161361434,0.187500000
2023-08-27,202301020609,2020100121,9,イイヒニナル,1,16,Class1,札幌,21.000000000,6,2023,l2_logistic_c0.1,0.182478457,0.187500000
2023-08-27,202301020609,2018102053,10,ドリームアゲイン,0,16,Class1,札幌,43.000000000,16,2023,l2_logistic_c0.1,0.053585204,0.187500000
2023-08-27,202301020609,2020102049,11,ハウピア,0,16,Class1,札幌,36.000000000,8,2023,l2_logistic_c0.1,0.030005789,0.187500000
2023-08-27,202301020609,2020103608,12,アイリッシュパール,0,16,Class1,札幌,49.000000000,3,2023,l2_logistic_c0.1,0.292697871,0.187500000
2023-08-27,202301020609,2020104983,13,マルプリ,1,16,Class1,札幌,77.000000000,7,2023,l2_logistic_c0.1,0.399965616,0.187500000
2023-08-27,202301020609,2020102879,14,スプレンディダ,0,16,Class1,札幌,64.000000000,11,2023,l2_logistic_c0.1,0.169100723,0.187500000
2023-08-27,202301020609,2017103309,15,ホウオウエンジェル,1,16,Class1,札幌,21.000000000,28,2023,l2_logistic_c0.1,0.189675765,0.187500000
2023-08-27,202301020609,2020106821,16,ピースフルナイト,0,16,Class1,札幌,21.000000000,8,2023,l2_logistic_c0.1,0.283526353,0.187500000
2023-08-27,202301020611,2019102788,1,ウォーターナビレラ,0,16,Open,札幌,35.000000000,13,2023,l2_logistic_c0.1,0.165627515,0.187500000
2023-08-27,202301020611,2016106453,2,ナランフレグ,0,16,Open,札幌,84.000000000,34,2023,l2_logistic_c0.1,0.146417783,0.187500000
2023-08-27,202301020611,2018105366,3,レッドベルオーブ,0,16,Open,札幌,14.000000000,18,2023,l2_logistic_c0.1,0.275768280,0.187500000
2023-08-27,202301020611,2019104470,4,キミワクイーン,0,16,Open,札幌,77.000000000,11,2023,l2_logistic_c0.1,0.377517065,0.187500000
2023-08-27,202301020611,2019100213,5,ウインマーベル,0,16,Open,札幌,106.000000000,16,2023,l2_logistic_c0.1,0.436519685,0.187500000
2023-08-27,202301020611,2015100822,6,タイセイアベニール,0,16,Open,札幌,14.000000000,47,2023,l2_logistic_c0.1,0.079703569,0.187500000
2023-08-27,202301020611,2015105850,7,カイザーメランジェ,0,16,Open,札幌,35.000000000,45,2023,l2_logistic_c0.1,0.071872720,0.187500000
2023-08-27,202301020611,2019100791,8,シナモンスティック,1,16,Open,札幌,14.000000000,18,2023,l2_logistic_c0.1,0.393949140,0.187500000
2023-08-27,202301020611,2017105661,9,ジュビリーヘッド,0,16,Open,札幌,77.000000000,26,2023,l2_logistic_c0.1,0.353968657,0.187500000
2023-08-27,202301020611,2018101343,10,ゾンニッヒ,0,16,Open,札幌,64.000000000,18,2023,l2_logistic_c0.1,0.463979235,0.187500000
2023-08-27,202301020611,2018104331,11,ヴァトレニ,0,16,Open,札幌,77.000000000,20,2023,l2_logistic_c0.1,0.251805328,0.187500000
2023-08-27,202301020611,2019106526,12,トウシンマカオ,1,16,Open,札幌,77.000000000,12,2023,l2_logistic_c0.1,0.261839210,0.187500000
2023-08-27,202301020611,2018104029,13,レイハリア,0,16,Open,札幌,77.000000000,17,2023,l2_logistic_c0.1,0.070386086,0.187500000
2023-08-27,202301020611,2019103753,14,ナムラクレア,1,16,Open,札幌,105.000000000,13,2023,l2_logistic_c0.1,0.465220347,0.187500000
2023-08-27,202301020611,2018106504,15,サトノアイ,0,16,Open,札幌,14.000000000,21,2023,l2_logistic_c0.1,0.184026690,0.187500000
2023-08-27,202301020611,2018110035,16,シュバルツカイザー,0,16,Open,札幌,35.000000000,15,2023,l2_logistic_c0.1,0.272392579,0.187500000
2023-08-27,202310030601,2021102963,4,フタバ,0,13,Maiden,小倉,14.000000000,3,2023,l2_logistic_c0.1,0.573013815,0.230769231
2023-08-27,202310030601,2021101604,6,マクッテソフィア,0,13,Maiden,小倉,14.000000000,3,2023,l2_logistic_c0.1,0.300572638,0.230769231
2023-08-27,202310030601,2021103982,13,ダイメイイチョウ,0,13,Maiden,小倉,21.000000000,3,2023,l2_logistic_c0.1,0.445540617,0.230769231
2023-09-02,202301020701,2021100678,4,ヒデシンイメル,0,8,Maiden,札幌,14.000000000,3,2023,l2_logistic_c0.1,0.547930668,0.375000000
2023-09-02,202301020701,2021102057,8,サノノリッチ,0,8,Maiden,札幌,6.000000000,3,2023,l2_logistic_c0.1,0.198827883,0.375000000
2023-09-02,202301020709,2020104954,1,ウメムスビ,0,16,Class2,札幌,77.000000000,9,2023,l2_logistic_c0.1,0.089742945,0.187500000
2023-09-02,202301020709,2019100170,2,デルマカミーラ,0,16,Class2,札幌,13.000000000,12,2023,l2_logistic_c0.1,0.144534115,0.187500000
2023-09-02,202301020709,2019103136,3,シゲルファンノユメ,0,16,Class2,札幌,48.000000000,18,2023,l2_logistic_c0.1,0.180984893,0.187500000
2023-09-02,202301020709,2018103485,4,ジャガード,0,16,Class2,札幌,27.000000000,23,2023,l2_logistic_c0.1,0.085596536,0.187500000
2023-09-02,202301020709,2019102456,5,ナバロン,0,16,Class2,札幌,56.000000000,21,2023,l2_logistic_c0.1,0.132056459,0.187500000
2023-09-02,202301020709,2017104895,6,ダノンカオス,0,16,Class2,札幌,48.000000000,21,2023,l2_logistic_c0.1,0.058216766,0.187500000
2023-09-02,202301020709,2020106330,7,ラウラーナ,1,16,Class2,札幌,13.000000000,11,2023,l2_logistic_c0.1,0.333713355,0.187500000
2023-09-02,202301020709,2020100056,8,クールムーア,1,16,Class2,札幌,27.000000000,14,2023,l2_logistic_c0.1,0.336775253,0.187500000
2023-09-02,202301020709,2020101031,9,アスクエピソード,0,16,Class2,札幌,27.000000000,9,2023,l2_logistic_c0.1,0.351060497,0.187500000
2023-09-02,202301020709,2019101819,10,センタースリール,0,16,Class2,札幌,13.000000000,19,2023,l2_logistic_c0.1,0.105833429,0.187500000
2023-09-02,202301020709,2019107075,11,ブランデーロック,0,16,Class2,札幌,21.000000000,32,2023,l2_logistic_c0.1,0.099749824,0.187500000
2023-09-02,202301020709,2017102809,12,ガリレイ,0,16,Class2,札幌,7.000000000,26,2023,l2_logistic_c0.1,0.214937909,0.187500000
2023-09-02,202301020709,2020104942,13,シルフィードレーヴ,0,16,Class2,札幌,13.000000000,9,2023,l2_logistic_c0.1,0.253955511,0.187500000
2023-09-02,202301020709,2018100097,14,スマートルシーダ,1,16,Class2,札幌,7.000000000,19,2023,l2_logistic_c0.1,0.212000385,0.187500000
2023-09-02,202301020709,2019103897,15,ハピネスアゲン,0,16,Class2,札幌,13.000000000,15,2023,l2_logistic_c0.1,0.370222435,0.187500000
2023-09-02,202301020709,2019101262,16,ショウナンアメリア,0,16,Class2,札幌,77.000000000,16,2023,l2_logistic_c0.1,0.165028188,0.187500000
2023-09-02,202310030703,2020109088,1,カシノフェリクス,0,18,Maiden,小倉,98.000000000,5,2023,l2_logistic_c0.1,0.052957889,0.166666667
2023-09-02,202310030703,2020100715,2,タイセイサーマル,0,18,Maiden,小倉,13.000000000,6,2023,l2_logistic_c0.1,0.225320296,0.166666667
2023-09-02,202310030703,2020106512,3,メイショウミチロク,0,18,Maiden,小倉,77.000000000,5,2023,l2_logistic_c0.1,0.097724388,0.166666667
2023-09-02,202310030703,2020101121,4,ハッピーアズラリー,1,18,Maiden,小倉,7.000000000,7,2023,l2_logistic_c0.1,0.403150456,0.166666667
2023-09-02,202310030703,2020101229,6,レディメローラ,1,18,Maiden,小倉,48.000000000,5,2023,l2_logistic_c0.1,0.246535491,0.166666667
2023-09-02,202310030703,2020100542,7,ワンダーカラフル,0,18,Maiden,小倉,42.000000000,9,2023,l2_logistic_c0.1,0.164534328,0.166666667
2023-09-02,202310030703,2020102813,8,ミエノリュウセイ,0,18,Maiden,小倉,42.000000000,5,2023,l2_logistic_c0.1,0.112723024,0.166666667
2023-09-02,202310030703,2020103431,9,ドウフォルス,0,18,Maiden,小倉,20.000000000,7,2023,l2_logistic_c0.1,0.373908663,0.166666667
2023-09-02,202310030703,2020106902,10,メイショウエース,0,18,Maiden,小倉,28.000000000,8,2023,l2_logistic_c0.1,0.174697924,0.166666667
2023-09-02,202310030703,2020105299,11,リアライズ,0,18,Maiden,小倉,7.000000000,9,2023,l2_logistic_c0.1,0.546503086,0.166666667
2023-09-02,202310030703,2020109092,12,ジャパンノウレッジ,1,18,Maiden,小倉,14.000000000,6,2023,l2_logistic_c0.1,0.164903851,0.166666667
2023-09-02,202310030703,2020104756,13,タマモメガジョッキ,0,18,Maiden,小倉,13.000000000,11,2023,l2_logistic_c0.1,0.166253523,0.166666667
2023-09-02,202310030703,2020103631,14,ゴレアドール,0,18,Maiden,小倉,14.000000000,4,2023,l2_logistic_c0.1,0.280343952,0.166666667
2023-09-02,202310030703,2020104726,15,マカーリオ,0,18,Maiden,小倉,7.000000000,7,2023,l2_logistic_c0.1,0.267569858,0.166666667
2023-09-02,202310030703,2020103510,17,イストロス,0,18,Maiden,小倉,34.000000000,8,2023,l2_logistic_c0.1,0.194549200,0.166666667
2023-09-02,202310030703,2020100523,18,ジョーシーゲル,0,18,Maiden,小倉,7.000000000,8,2023,l2_logistic_c0.1,0.304721114,0.166666667
2023-09-02,202310030707,2019100572,1,ビーナスローズ,1,18,Class1,小倉,41.000000000,7,2023,l2_logistic_c0.1,0.168892772,0.166666667
2023-09-02,202310030707,2019103813,2,レガーミ,0,18,Class1,小倉,14.000000000,14,2023,l2_logistic_c0.1,0.182531646,0.166666667
2023-09-02,202310030707,2020102639,3,カンフーダンス,0,18,Class1,小倉,196.000000000,5,2023,l2_logistic_c0.1,0.197902007,0.166666667
2023-09-02,202310030707,2019102062,4,ハルカナネガイ,0,18,Class1,小倉,13.000000000,15,2023,l2_logistic_c0.1,0.118842146,0.166666667
2023-09-02,202310030707,2020100795,5,ベルタソ,0,18,Class1,小倉,104.000000000,4,2023,l2_logistic_c0.1,0.134730780,0.166666667
2023-09-02,202310030707,2019106099,6,ラブリアージェ,0,18,Class1,小倉,21.000000000,9,2023,l2_logistic_c0.1,0.132067802,0.166666667
2023-09-02,202310030707,2019106028,7,ピースキーパー,0,18,Class1,小倉,7.000000000,22,2023,l2_logistic_c0.1,0.131924946,0.166666667
2023-09-02,202310030707,2020105497,8,シュガープラム,0,18,Class1,小倉,13.000000000,8,2023,l2_logistic_c0.1,0.038827797,0.166666667
2023-09-02,202310030707,2018106145,9,アコルダール,0,18,Class1,小倉,49.000000000,10,2023,l2_logistic_c0.1,0.112495998,0.166666667
2023-09-02,202310030707,2019102240,10,マメコ,1,18,Class1,小倉,27.000000000,13,2023,l2_logistic_c0.1,0.208705927,0.166666667
2023-09-02,202310030707,2019101203,11,カレンラファータ,0,18,Class1,小倉,90.000000000,10,2023,l2_logistic_c0.1,0.078277998,0.166666667
2023-09-02,202310030707,2018100813,12,アイヴォリーアイ,0,18,Class1,小倉,49.000000000,17,2023,l2_logistic_c0.1,0.093021243,0.166666667
2023-09-02,202310030707,2019106086,13,ニホンピロポート,0,18,Class1,小倉,175.000000000,12,2023,l2_logistic_c0.1,0.083243608,0.166666667
2023-09-02,202310030707,2020101827,14,バースクライ,1,18,Class1,小倉,98.000000000,5,2023,l2_logistic_c0.1,0.328202150,0.166666667
2023-09-02,202310030707,2018100618,15,トーホウジュナール,0,18,Class1,小倉,13.000000000,21,2023,l2_logistic_c0.1,0.240340364,0.166666667
2023-09-02,202310030707,2019105265,16,アエリーゾ,0,18,Class1,小倉,56.000000000,13,2023,l2_logistic_c0.1,0.097158573,0.166666667
2023-09-02,202310030707,2020100713,17,イザベラフジン,0,18,Class1,小倉,27.000000000,4,2023,l2_logistic_c0.1,0.026697629,0.166666667
2023-09-02,202310030707,2019103123,18,エリカフェリーチェ,0,18,Class1,小倉,62.000000000,8,2023,l2_logistic_c0.1,0.082482172,0.166666667
2023-09-02,202310030711,2018100570,1,セリシア,0,13,Class3,小倉,14.000000000,29,2023,l2_logistic_c0.1,0.283609482,0.230769231
2023-09-02,202310030711,2019101903,2,ブレスレスリー,0,13,Class3,小倉,14.000000000,15,2023,l2_logistic_c0.1,0.481477300,0.230769231
2023-09-02,202310030711,2018106389,3,メイショウツツジ,0,13,Class3,小倉,14.000000000,23,2023,l2_logistic_c0.1,0.083326512,0.230769231
2023-09-02,202310030711,2018102491,4,メイショウエニシア,0,13,Class3,小倉,42.000000000,26,2023,l2_logistic_c0.1,0.205219687,0.230769231
2023-09-02,202310030711,2017104138,5,グランレイ,1,13,Class3,小倉,14.000000000,26,2023,l2_logistic_c0.1,0.348666237,0.230769231
2023-09-02,202310030711,2019106102,6,アネゴハダ,0,13,Class3,小倉,97.000000000,15,2023,l2_logistic_c0.1,0.412071367,0.230769231
2023-09-02,202310030711,2019110001,7,ショウナンハクラク,0,13,Class3,小倉,49.000000000,14,2023,l2_logistic_c0.1,0.400984568,0.230769231
2023-09-02,202310030711,2017104873,8,エグレムニ,0,13,Class3,小倉,42.000000000,33,2023,l2_logistic_c0.1,0.159374333,0.230769231
2023-09-02,202310030711,2017106264,9,ビアイ,0,13,Class3,小倉,21.000000000,45,2023,l2_logistic_c0.1,0.126484927,0.230769231
2023-09-02,202310030711,2019103714,10,メイショウソラフネ,0,13,Class3,小倉,154.000000000,10,2023,l2_logistic_c0.1,0.646880814,0.230769231
2023-09-02,202310030711,2019104915,11,バンデルオーラ,1,13,Class3,小倉,34.000000000,12,2023,l2_logistic_c0.1,0.258418282,0.230769231
2023-09-02,202310030711,2018103406,12,トーホウディアス,0,13,Class3,小倉,14.000000000,27,2023,l2_logistic_c0.1,0.442049186,0.230769231
2023-09-02,202310030711,2018102649,13,タツリュウオー,1,13,Class3,小倉,14.000000000,22,2023,l2_logistic_c0.1,0.163004233,0.230769231
2023-09-03,202301020804,2020105426,1,ベストバディ,0,16,Maiden,札幌,15.000000000,6,2023,l2_logistic_c0.1,0.266062675,0.187500000
2023-09-03,202301020804,2020104087,2,グランツベリー,1,16,Maiden,札幌,7.000000000,11,2023,l2_logistic_c0.1,0.158709344,0.187500000
2023-09-03,202301020804,2020103789,3,コウソクカナ,0,16,Maiden,札幌,42.000000000,5,2023,l2_logistic_c0.1,0.102320523,0.187500000
2023-09-03,202301020804,2020105803,4,マイネルラッシュ,1,16,Maiden,札幌,8.000000000,7,2023,l2_logistic_c0.1,0.458849096,0.187500000
2023-09-03,202301020804,2020105791,6,アフターグロウ,0,16,Maiden,札幌,15.000000000,12,2023,l2_logistic_c0.1,0.423011067,0.187500000
2023-09-03,202301020804,2020103700,7,ルージュミシェル,0,16,Maiden,札幌,29.000000000,9,2023,l2_logistic_c0.1,0.231689550,0.187500000
2023-09-03,202301020804,2020103681,8,リッスンアップ,0,16,Maiden,札幌,42.000000000,6,2023,l2_logistic_c0.1,0.172428701,0.187500000
2023-09-03,202301020804,2020106487,9,フューチャーアゲン,0,16,Maiden,札幌,8.000000000,9,2023,l2_logistic_c0.1,0.109908703,0.187500000
2023-09-03,202301020804,2020105892,10,ヴァルトラウテ,0,16,Maiden,札幌,49.000000000,9,2023,l2_logistic_c0.1,0.104268097,0.187500000
2023-09-03,202301020804,2020103382,11,トラミナー,1,16,Maiden,札幌,8.000000000,5,2023,l2_logistic_c0.1,0.583120627,0.187500000
2023-09-03,202301020804,2020105731,12,パーペチュアル,0,16,Maiden,札幌,42.000000000,11,2023,l2_logistic_c0.1,0.078715702,0.187500000
2023-09-03,202301020804,2020103617,13,レディエンフェイス,0,16,Maiden,札幌,8.000000000,6,2023,l2_logistic_c0.1,0.242230958,0.187500000
2023-09-03,202301020804,2020100669,14,カグヤ,0,16,Maiden,札幌,85.000000000,4,2023,l2_logistic_c0.1,0.032105995,0.187500000
2023-09-03,202301020804,2020105059,16,エルフサイエン,0,16,Maiden,札幌,43.000000000,5,2023,l2_logistic_c0.1,0.122419200,0.187500000
2023-09-03,202301020806,2020102208,1,マテンロウアネモス,0,16,Class1,札幌,29.000000000,7,2023,l2_logistic_c0.1,0.471880278,0.187500000
2023-09-03,202301020806,2019105350,2,シタン,0,16,Class1,札幌,56.000000000,8,2023,l2_logistic_c0.1,0.131868263,0.187500000
2023-09-03,202301020806,2020103962,3,ステークホルダー,0,16,Class1,札幌,49.000000000,9,2023,l2_logistic_c0.1,0.320037776,0.187500000
2023-09-03,202301020806,2020103218,4,フミサウンド,0,16,Class1,札幌,22.000000000,6,2023,l2_logistic_c0.1,0.350640647,0.187500000
2023-09-03,202301020806,2020103365,5,ウィズダムハート,0,16,Class1,札幌,50.000000000,6,2023,l2_logistic_c0.1,0.226943599,0.187500000
2023-09-03,202301020806,2020104346,6,イミュータブル,0,16,Class1,札幌,22.000000000,10,2023,l2_logistic_c0.1,0.223698316,0.187500000
2023-09-03,202301020806,2020103238,7,オックスリップ,0,16,Class1,札幌,29.000000000,5,2023,l2_logistic_c0.1,0.332327341,0.187500000
2023-09-03,202301020806,2020109102,8,サウザンサニー,1,16,Class1,札幌,22.000000000,6,2023,l2_logistic_c0.1,0.315552495,0.187500000
2023-09-03,202301020806,2019105241,9,ビップシュプリーム,0,16,Class1,札幌,56.000000000,12,2023,l2_logistic_c0.1,0.229841537,0.187500000
2023-09-03,202301020806,2019101266,10,ザアトム,0,16,Class1,札幌,28.000000000,11,2023,l2_logistic_c0.1,0.169685735,0.187500000
2023-09-03,202301020806,2019104095,11,トータルリコール,0,16,Class1,札幌,287.000000000,9,2023,l2_logistic_c0.1,0.133169241,0.187500000
2023-09-03,202301020806,2020102535,12,トーセントラム,1,16,Class1,札幌,7.000000000,18,2023,l2_logistic_c0.1,0.218181469,0.187500000
2023-09-03,202301020806,2020109061,13,コンチトーホク,0,16,Class1,札幌,29.000000000,8,2023,l2_logistic_c0.1,0.095538724,0.187500000
2023-09-03,202301020806,2018102053,14,ドリームアゲイン,1,16,Class1,札幌,7.000000000,17,2023,l2_logistic_c0.1,0.100458283,0.187500000
2023-09-03,202301020806,2019103790,15,ミツカネムーン,0,16,Class1,札幌,22.000000000,14,2023,l2_logistic_c0.1,0.087966326,0.187500000
2023-09-03,202301020806,2019102747,16,マキアージュ,0,16,Class1,札幌,7.000000000,18,2023,l2_logistic_c0.1,0.256473397,0.187500000
2023-09-03,202301020809,2021105175,2,セントキルダ,0,14,Open,札幌,57.000000000,3,2023,l2_logistic_c0.1,0.196390447,0.214285714
2023-09-03,202301020809,2021106666,5,レイニングキャット,0,14,Open,札幌,21.000000000,3,2023,l2_logistic_c0.1,0.155846941,0.214285714
2023-09-03,202301020809,2021102775,11,レガテアドール,1,14,Open,札幌,50.000000000,3,2023,l2_logistic_c0.1,0.173756577,0.214285714
2023-09-03,202310030802,2021104316,7,ボビーニクビッタケ,0,14,Maiden,小倉,7.000000000,3,2023,l2_logistic_c0.1,0.302944646,0.214285714
2023-09-03,202310030802,2021101613,12,オーブラボー,0,14,Maiden,小倉,22.000000000,3,2023,l2_logistic_c0.1,0.080370320,0.214285714
2023-09-03,202310030807,2020101195,1,ゴルトリッチ,0,18,Class1,小倉,42.000000000,7,2023,l2_logistic_c0.1,0.155167628,0.166666667
2023-09-03,202310030807,2018106200,2,メイショウヒゾッコ,0,18,Class1,小倉,22.000000000,25,2023,l2_logistic_c0.1,0.090107154,0.166666667
2023-09-03,202310030807,2018103063,3,フィルムスコア,0,18,Class1,小倉,43.000000000,23,2023,l2_logistic_c0.1,0.121351638,0.166666667
2023-09-03,202310030807,2020104825,4,スカプラリオ,0,18,Class1,小倉,63.000000000,7,2023,l2_logistic_c0.1,0.334300451,0.166666667
2023-09-03,202310030807,2018110113,5,ヒトヨギリ,0,18,Class1,小倉,140.000000000,8,2023,l2_logistic_c0.1,0.067461961,0.166666667
2023-09-03,202310030807,2020101879,6,マイド,0,18,Class1,小倉,8.000000000,3,2023,l2_logistic_c0.1,0.440474833,0.166666667
2023-09-03,202310030807,2020100784,7,アントニオヒロキ,0,18,Class1,小倉,14.000000000,8,2023,l2_logistic_c0.1,0.066656016,0.166666667
2023-09-03,202310030807,2020106644,8,モノセーラス,0,18,Class1,小倉,8.000000000,8,2023,l2_logistic_c0.1,0.203720513,0.166666667
2023-09-03,202310030807,2020105484,9,ニシノコウダイ,0,18,Class1,小倉,8.000000000,7,2023,l2_logistic_c0.1,0.334550181,0.166666667
2023-09-03,202310030807,2019104818,10,メイケイバートン,0,18,Class1,小倉,14.000000000,13,2023,l2_logistic_c0.1,0.297828428,0.166666667
2023-09-03,202310030807,2019109096,11,ダイヤモンドフジ,0,18,Class1,小倉,22.000000000,9,2023,l2_logistic_c0.1,0.436700806,0.166666667
2023-09-03,202310030807,2018103200,12,バーニングパワー,0,18,Class1,小倉,91.000000000,14,2023,l2_logistic_c0.1,0.072795111,0.166666667
2023-09-03,202310030807,2017101991,13,テンジュイン,0,18,Class1,小倉,14.000000000,36,2023,l2_logistic_c0.1,0.102876424,0.166666667
2023-09-03,202310030807,2020103969,14,ヨウシタンレイ,0,18,Class1,小倉,14.000000000,9,2023,l2_logistic_c0.1,0.194377703,0.166666667
2023-09-03,202310030807,2020103270,15,ダミエ,1,18,Class1,小倉,42.000000000,6,2023,l2_logistic_c0.1,0.161001660,0.166666667
2023-09-03,202310030807,2020106561,16,ニシノベストワン,0,18,Class1,小倉,105.000000000,7,2023,l2_logistic_c0.1,0.127870754,0.166666667
2023-09-03,202310030807,2020100725,17,シンプリーオーサム,1,18,Class1,小倉,22.000000000,4,2023,l2_logistic_c0.1,0.307654033,0.166666667
2023-09-03,202310030807,2020101763,18,トーホウフランゴ,1,18,Class1,小倉,8.000000000,10,2023,l2_logistic_c0.1,0.310398385,0.166666667
2023-09-03,202310030809,2018104534,1,アスクキングコング,0,17,Class2,小倉,190.000000000,21,2023,l2_logistic_c0.1,0.152306508,0.176470588
2023-09-03,202310030809,2018103902,2,サウンドブライアン,0,17,Class2,小倉,49.000000000,27,2023,l2_logistic_c0.1,0.147626614,0.176470588
2023-09-03,202310030809,2018110001,3,ジュストコル,0,17,Class2,小倉,113.000000000,21,2023,l2_logistic_c0.1,0.181305549,0.176470588
2023-09-03,202310030809,2019100666,4,イラーレ,0,17,Class2,小倉,91.000000000,20,2023,l2_logistic_c0.1,0.449544947,0.176470588
2023-09-03,202310030809,2018106455,5,メイショウハボタン,0,17,Class2,小倉,14.000000000,31,2023,l2_logistic_c0.1,0.202787927,0.176470588
2023-09-03,202310030809,2020100815,6,ミルトクレイモー,0,17,Class2,小倉,92.000000000,10,2023,l2_logistic_c0.1,0.440689399,0.176470588
2023-09-03,202310030809,2017100922,7,フチサンメルチャン,0,17,Class2,小倉,14.000000000,24,2023,l2_logistic_c0.1,0.084447303,0.176470588
2023-09-03,202310030809,2020101503,8,カンチェンジュンガ,0,17,Class2,小倉,99.000000000,6,2023,l2_logistic_c0.1,0.307907250,0.176470588
2023-09-03,202310030809,2018101964,9,アルムファーツリー,0,17,Class2,小倉,14.000000000,37,2023,l2_logistic_c0.1,0.092413033,0.176470588
2023-09-03,202310030809,2019104498,10,インプロバイザー,0,17,Class2,小倉,56.000000000,16,2023,l2_logistic_c0.1,0.205867100,0.176470588
2023-09-03,202310030809,2019100210,11,ウインバグース,0,17,Class2,小倉,14.000000000,15,2023,l2_logistic_c0.1,0.377874265,0.176470588
2023-09-03,202310030809,2019101917,12,エテルナメンテ,1,17,Class2,小倉,14.000000000,14,2023,l2_logistic_c0.1,0.146439854,0.176470588
2023-09-03,202310030809,2019109146,13,イールテソーロ,0,17,Class2,小倉,78.000000000,12,2023,l2_logistic_c0.1,0.145420704,0.176470588
2023-09-03,202310030809,2018104322,14,プレジールミノル,1,17,Class2,小倉,35.000000000,25,2023,l2_logistic_c0.1,0.088872621,0.176470588
2023-09-03,202310030809,2017103020,15,ダンツイノーバ,0,17,Class2,小倉,92.000000000,37,2023,l2_logistic_c0.1,0.202310354,0.176470588
2023-09-03,202310030809,2018106391,16,メイショウイジゲン,0,17,Class2,小倉,14.000000000,24,2023,l2_logistic_c0.1,0.078627905,0.176470588
2023-09-03,202310030809,2018102585,17,ロードラスター,1,17,Class2,小倉,56.000000000,25,2023,l2_logistic_c0.1,0.197790447,0.176470588
2023-09-09,202306040110,2020101590,1,トラベログ,0,10,Class2,中山,62.000000000,5,2023,l2_logistic_c0.1,0.489879772,0.300000000
2023-09-09,202306040110,2019104697,2,ショウナンマッハ,0,10,Class2,中山,20.000000000,16,2023,l2_logistic_c0.1,0.339322242,0.300000000
2023-09-09,202306040110,2018105873,3,ミキノバスドラム,0,10,Class2,中山,14.000000000,22,2023,l2_logistic_c0.1,0.057184007,0.300000000
2023-09-09,202306040110,2020103044,4,リラックス,0,10,Class2,中山,70.000000000,7,2023,l2_logistic_c0.1,0.460775170,0.300000000
2023-09-09,202306040110,2018103296,5,サニーオーシャン,0,10,Class2,中山,14.000000000,26,2023,l2_logistic_c0.1,0.100340513,0.300000000
2023-09-09,202306040110,2019104386,6,トーセンサンダー,1,10,Class2,中山,14.000000000,17,2023,l2_logistic_c0.1,0.228574808,0.300000000
2023-09-09,202306040110,2019100652,7,ハギノモーリス,1,10,Class2,中山,237.000000000,9,2023,l2_logistic_c0.1,0.293179347,0.300000000
2023-09-09,202306040110,2020103093,8,プレジャークルーズ,0,10,Class2,中山,69.000000000,8,2023,l2_logistic_c0.1,0.227984804,0.300000000
2023-09-09,202306040110,2020106706,9,タリア,1,10,Class2,中山,14.000000000,9,2023,l2_logistic_c0.1,0.409208765,0.300000000
2023-09-09,202306040110,2019100898,10,タッカーシルバー,0,10,Class2,中山,49.000000000,13,2023,l2_logistic_c0.1,0.149303011,0.300000000
2023-09-10,202306040210,2020100607,1,サンティーテソーロ,1,12,Class3,中山,63.000000000,7,2023,l2_logistic_c0.1,0.504915174,0.250000000
2023-09-10,202306040210,2020110133,2,フロムダスク,0,12,Class3,中山,126.000000000,6,2023,l2_logistic_c0.1,0.217803418,0.250000000
2023-09-10,202306040210,2019100450,3,ファロロジー,1,12,Class3,中山,36.000000000,18,2023,l2_logistic_c0.1,0.302950905,0.250000000
2023-09-10,202306040210,2019104976,4,ミスボニータ,0,12,Class3,中山,112.000000000,17,2023,l2_logistic_c0.1,0.178196336,0.250000000
2023-09-10,202306040210,2018103205,5,クムシラコ,0,12,Class3,中山,29.000000000,29,2023,l2_logistic_c0.1,0.197240207,0.250000000
2023-09-10,202306040210,2019109094,6,ブッシュガーデン,1,12,Class3,中山,29.000000000,20,2023,l2_logistic_c0.1,0.327633383,0.250000000
2023-09-10,202306040210,2019105398,7,フォラブリューテ,0,12,Class3,中山,168.000000000,9,2023,l2_logistic_c0.1,0.073551758,0.250000000
2023-09-10,202306040210,2018100756,8,シュアーヴアリア,0,12,Class3,中山,50.000000000,31,2023,l2_logistic_c0.1,0.170577323,0.250000000
2023-09-10,202306040210,2019104451,9,ビーオンザマーチ,0,12,Class3,中山,57.000000000,12,2023,l2_logistic_c0.1,0.110721430,0.250000000
2023-09-10,202306040210,2017102838,10,ハーモニーマゼラン,0,12,Class3,中山,29.000000000,25,2023,l2_logistic_c0.1,0.561306712,0.250000000
2023-09-10,202306040210,2018106077,11,イルクオーレ,0,12,Class3,中山,71.000000000,19,2023,l2_logistic_c0.1,0.302801585,0.250000000
2023-09-10,202306040210,2019100653,12,ハギノメーテル,0,12,Class3,中山,36.000000000,12,2023,l2_logistic_c0.1,0.190648269,0.250000000
2023-09-10,202309040211,2020101588,1,ロンドンプラン,0,15,Open,阪神,21.000000000,4,2023,l2_logistic_c0.1,0.318448839,0.200000000
2023-09-10,202309040211,2018104331,2,ヴァトレニ,0,15,Open,阪神,14.000000000,21,2023,l2_logistic_c0.1,0.290430323,0.200000000
2023-09-10,202309040211,2017101765,3,レジェーロ,0,15,Open,阪神,21.000000000,27,2023,l2_logistic_c0.1,0.158327191,0.200000000
2023-09-10,202309040211,2020101533,4,ドルチェモア,0,15,Open,阪神,98.000000000,6,2023,l2_logistic_c0.1,0.245934599,0.200000000
2023-09-10,202309040211,2019110105,5,ジャングロ,0,15,Open,阪神,42.000000000,10,2023,l2_logistic_c0.1,0.590473610,0.200000000
2023-09-10,202309040211,2020100896,6,ビッグシーザー,0,15,Open,阪神,106.000000000,7,2023,l2_logistic_c0.1,0.555956782,0.200000000
2023-09-10,202309040211,2019102979,7,エイシンスポッター,0,15,Open,阪神,70.000000000,14,2023,l2_logistic_c0.1,0.321557938,0.200000000
2023-09-10,202309040211,2019105126,8,アグリ,1,15,Open,阪神,168.000000000,10,2023,l2_logistic_c0.1,0.593603012,0.200000000
2023-09-10,202309040211,2017101121,9,ボンボヤージ,0,15,Open,阪神,21.000000000,24,2023,l2_logistic_c0.1,0.093922010,0.200000000
2023-09-10,202309040211,2018105204,10,ピクシーナイト,0,15,Open,阪神,120.000000000,10,2023,l2_logistic_c0.1,0.360238990,0.200000000
2023-09-10,202309040211,2019103422,11,テイエムスパーダ,1,15,Open,阪神,21.000000000,14,2023,l2_logistic_c0.1,0.116578803,0.200000000
2023-09-10,202309040211,2020103589,12,ブトンドール,0,15,Open,阪神,91.000000000,7,2023,l2_logistic_c0.1,0.281937818,0.200000000
2023-09-10,202309040211,2017100583,13,ディヴィナシオン,0,15,Open,阪神,70.000000000,43,2023,l2_logistic_c0.1,0.108722946,0.200000000
2023-09-10,202309040211,2017100091,14,スマートクラージュ,1,15,Open,阪神,70.000000000,16,2023,l2_logistic_c0.1,0.377063546,0.200000000
2023-09-10,202309040211,2019102273,15,モリノドリーム,0,15,Open,阪神,71.000000000,12,2023,l2_logistic_c0.1,0.228054513,0.200000000
2023-09-16,202306040303,2021103101,1,マケタラアカン,0,12,Maiden,中山,13.000000000,3,2023,l2_logistic_c0.1,0.372136363,0.250000000
2023-09-16,202306040303,2021100638,3,アマルフィレモン,0,12,Maiden,中山,21.000000000,3,2023,l2_logistic_c0.1,0.107079907,0.250000000
2023-09-16,202306040303,2021100015,5,キラン,0,12,Maiden,中山,20.000000000,3,2023,l2_logistic_c0.1,0.277767257,0.250000000
2023-09-16,202306040303,2021109120,6,カシノディーバ,0,12,Maiden,中山,21.000000000,3,2023,l2_logistic_c0.1,0.129637219,0.250000000
2023-09-16,202306040303,2021103771,7,センタービット,0,12,Maiden,中山,21.000000000,4,2023,l2_logistic_c0.1,0.052024046,0.250000000
2023-09-17,202306040412,2020103885,1,クリノゴッホ,0,16,Class1,中山,56.000000000,13,2023,l2_logistic_c0.1,0.173230138,0.187500000
2023-09-17,202306040412,2018101455,2,マルス,0,16,Class1,中山,91.000000000,22,2023,l2_logistic_c0.1,0.025090219,0.187500000
2023-09-17,202306040412,2020102299,3,アシャカタカ,0,16,Class1,中山,91.000000000,6,2023,l2_logistic_c0.1,0.150440887,0.187500000
2023-09-17,202306040412,2019105715,4,セキテイホノオー,0,16,Class1,中山,36.000000000,7,2023,l2_logistic_c0.1,0.295485145,0.187500000
2023-09-17,202306040412,2019106339,5,フォールロワ,0,16,Class1,中山,56.000000000,8,2023,l2_logistic_c0.1,0.083403258,0.187500000
2023-09-17,202306040412,2020103670,6,ショウナンハクウン,1,16,Class1,中山,36.000000000,7,2023,l2_logistic_c0.1,0.142125249,0.187500000
2023-09-17,202306040412,2019105738,7,ピンクセイラー,1,16,Class1,中山,63.000000000,10,2023,l2_logistic_c0.1,0.207412325,0.187500000
2023-09-17,202306040412,2019104624,8,エコログロリアス,0,16,Class1,中山,43.000000000,11,2023,l2_logistic_c0.1,0.077306108,0.187500000
2023-09-17,202306040412,2018105257,9,ダノンジェネラル,0,16,Class1,中山,22.000000000,14,2023,l2_logistic_c0.1,0.135865990,0.187500000
2023-09-17,202306040412,2019101562,10,デフィデリ,0,16,Class1,中山,56.000000000,20,2023,l2_logistic_c0.1,0.097748251,0.187500000
2023-09-17,202306040412,2020101093,11,ショッキングブルー,0,16,Class1,中山,22.000000000,5,2023,l2_logistic_c0.1,0.125632849,0.187500000
2023-09-17,202306040412,2019104059,12,スマートオリーブ,0,16,Class1,中山,22.000000000,13,2023,l2_logistic_c0.1,0.130725299,0.187500000
2023-09-17,202306040412,2019105131,14,レーヌデゼトワール,0,16,Class1,中山,455.000000000,4,2023,l2_logistic_c0.1,0.108522045,0.187500000
2023-09-17,202306040412,2019105338,15,グランプレジール,1,16,Class1,中山,63.000000000,5,2023,l2_logistic_c0.1,0.192770028,0.187500000
2023-09-17,202306040412,2018105515,16,パノティア,0,16,Class1,中山,22.000000000,19,2023,l2_logistic_c0.1,0.181532813,0.187500000
2023-09-17,202309040407,2019101743,1,タムロキュラムン,0,16,Class1,阪神,36.000000000,17,2023,l2_logistic_c0.1,0.061834616,0.187500000
2023-09-17,202309040407,2020103422,2,ジュエルピーチ,0,16,Class1,阪神,189.000000000,3,2023,l2_logistic_c0.1,0.392320779,0.187500000
2023-09-17,202309040407,2019103193,3,トリップトゥムーン,0,16,Class1,阪神,36.000000000,19,2023,l2_logistic_c0.1,0.283753894,0.187500000
2023-09-17,202309040407,2018106145,4,アコルダール,0,16,Class1,阪神,15.000000000,11,2023,l2_logistic_c0.1,0.158735215,0.187500000
2023-09-17,202309040407,2019102068,5,シャウビンダー,0,16,Class1,阪神,64.000000000,13,2023,l2_logistic_c0.1,0.172796037,0.187500000
2023-09-17,202309040407,2020103270,6,ダミエ,0,16,Class1,阪神,14.000000000,7,2023,l2_logistic_c0.1,0.227771553,0.187500000
2023-09-17,202309040407,2020103007,7,エンファサイズ,0,16,Class1,阪神,211.000000000,3,2023,l2_logistic_c0.1,0.186047868,0.187500000
2023-09-17,202309040407,2019102223,8,モズジャックポット,0,16,Class1,阪神,92.000000000,10,2023,l2_logistic_c0.1,0.052427549,0.187500000
2023-09-17,202309040407,2018101951,9,タガノスペルノヴァ,0,16,Class1,阪神,22.000000000,19,2023,l2_logistic_c0.1,0.137241621,0.187500000
2023-09-17,202309040407,2020100736,10,ビッグボーンリタ,0,16,Class1,阪神,28.000000000,6,2023,l2_logistic_c0.1,0.136402165,0.187500000
2023-09-17,202309040407,2019102240,11,マメコ,1,16,Class1,阪神,15.000000000,14,2023,l2_logistic_c0.1,0.253250928,0.187500000
2023-09-17,202309040407,2019105265,12,アエリーゾ,1,16,Class1,阪神,15.000000000,14,2023,l2_logistic_c0.1,0.133217460,0.187500000
2023-09-17,202309040407,2020101792,13,プロスペリダード,1,16,Class1,阪神,29.000000000,9,2023,l2_logistic_c0.1,0.560922866,0.187500000
2023-09-17,202309040407,2020101195,14,ゴルトリッチ,0,16,Class1,阪神,14.000000000,8,2023,l2_logistic_c0.1,0.175678040,0.187500000
2023-09-17,202309040407,2017110112,15,コンバットマーチ,0,16,Class1,阪神,28.000000000,25,2023,l2_logistic_c0.1,0.028062472,0.187500000
2023-09-17,202309040407,2018102053,16,ドリームアゲイン,0,16,Class1,阪神,14.000000000,18,2023,l2_logistic_c0.1,0.118091267,0.187500000
2023-09-23,202306040604,2019101100,1,キーチズカンパニー,0,16,Class1,中山,49.000000000,13,2023,l2_logistic_c0.1,0.067187647,0.187500000
2023-09-23,202306040604,2020104437,2,ジャーニーメモリー,0,16,Class1,中山,188.000000000,7,2023,l2_logistic_c0.1,0.262160357,0.187500000
2023-09-23,202306040604,2018104872,3,アクアマリンブルー,1,16,Class1,中山,308.000000000,8,2023,l2_logistic_c0.1,0.086849594,0.187500000
2023-09-23,202306040604,2020104983,4,マルプリ,0,16,Class1,中山,27.000000000,8,2023,l2_logistic_c0.1,0.526907752,0.187500000
2023-09-23,202306040604,2020103593,5,リックスター,0,16,Class1,中山,146.000000000,4,2023,l2_logistic_c0.1,0.446544747,0.187500000
2023-09-23,202306040604,2020104088,6,ランドオブラヴ,1,16,Class1,中山,76.000000000,5,2023,l2_logistic_c0.1,0.282147633,0.187500000
2023-09-23,202306040604,2019102303,7,アイムファイン,0,16,Class1,中山,56.000000000,15,2023,l2_logistic_c0.1,0.103564528,0.187500000
2023-09-23,202306040604,2019105940,8,アリシアン,0,16,Class1,中山,70.000000000,15,2023,l2_logistic_c0.1,0.086683825,0.187500000
2023-09-23,202306040604,2019106637,9,アポロルタ,0,16,Class1,中山,20.000000000,10,2023,l2_logistic_c0.1,0.229362894,0.187500000
2023-09-23,202306040604,2019101605,10,エンギダルマ,0,16,Class1,中山,202.000000000,10,2023,l2_logistic_c0.1,0.158367055,0.187500000
2023-09-23,202306040604,2017105940,11,ジェラペッシュ,0,16,Class1,中山,195.000000000,34,2023,l2_logistic_c0.1,0.022449945,0.187500000
2023-09-23,202306040604,2019104764,12,ジェットグリッター,0,16,Class1,中山,83.000000000,16,2023,l2_logistic_c0.1,0.090235262,0.187500000
2023-09-23,202306040604,2019102747,13,マキアージュ,0,16,Class1,中山,20.000000000,19,2023,l2_logistic_c0.1,0.259125938,0.187500000
2023-09-23,202306040604,2018102069,14,ラナキラ,1,16,Class1,中山,77.000000000,12,2023,l2_logistic_c0.1,0.167022761,0.187500000
2023-09-23,202306040604,2019105765,15,ハウファアイルゴー,0,16,Class1,中山,28.000000000,5,2023,l2_logistic_c0.1,0.138758037,0.187500000
2023-09-23,202306040604,2018100094,16,ナムラシベラ,0,16,Class1,中山,749.000000000,4,2023,l2_logistic_c0.1,0.130683395,0.187500000
2023-09-23,202306040609,2021105054,1,モンシュマン,0,10,Open,中山,20.000000000,3,2023,l2_logistic_c0.1,0.265785697,0.300000000
2023-09-23,202306040609,2021105122,3,マスクオールウィン,1,10,Open,中山,48.000000000,3,2023,l2_logistic_c0.1,0.347374404,0.300000000
2023-09-23,202306040609,2021103323,6,オーキッドロマンス,1,10,Open,中山,69.000000000,3,2023,l2_logistic_c0.1,0.245306698,0.300000000
2023-09-23,202306040609,2021100359,7,スカイキャンバス,0,10,Open,中山,20.000000000,3,2023,l2_logistic_c0.1,0.528544606,0.300000000
2023-09-23,202306040609,2021105175,10,セントキルダ,0,10,Open,中山,20.000000000,4,2023,l2_logistic_c0.1,0.201531536,0.300000000
2023-09-23,202309040602,2021110056,7,エコロガイア,1,10,Maiden,阪神,20.000000000,3,2023,l2_logistic_c0.1,0.542354940,0.300000000
2023-09-23,202309040610,2018103611,1,デルマカンノン,0,16,Class2,阪神,28.000000000,33,2023,l2_logistic_c0.1,0.109007657,0.187500000
2023-09-23,202309040610,2019104498,2,インプロバイザー,0,16,Class2,阪神,20.000000000,17,2023,l2_logistic_c0.1,0.160435268,0.187500000
2023-09-23,202309040610,2017100922,3,フチサンメルチャン,0,16,Class2,阪神,20.000000000,25,2023,l2_logistic_c0.1,0.149062273,0.187500000
2023-09-23,202309040610,2018104534,4,アスクキングコング,0,16,Class2,阪神,20.000000000,22,2023,l2_logistic_c0.1,0.151868107,0.187500000
2023-09-23,202309040610,2020101763,5,トーホウフランゴ,0,16,Class2,阪神,20.000000000,11,2023,l2_logistic_c0.1,0.311442490,0.187500000
2023-09-23,202309040610,2020101827,6,バースクライ,1,16,Class2,阪神,21.000000000,6,2023,l2_logistic_c0.1,0.509689556,0.187500000
2023-09-23,202309040610,2019101917,7,エテルナメンテ,0,16,Class2,阪神,20.000000000,15,2023,l2_logistic_c0.1,0.174333130,0.187500000
2023-09-23,202309040610,2020102630,8,アルーリングビュー,1,16,Class2,阪神,112.000000000,5,2023,l2_logistic_c0.1,0.279913733,0.187500000
2023-09-23,202309040610,2020101543,9,グランテスト,1,16,Class2,阪神,112.000000000,4,2023,l2_logistic_c0.1,0.412595718,0.187500000
2023-09-23,202309040610,2019104697,10,ショウナンマッハ,0,16,Class2,阪神,14.000000000,17,2023,l2_logistic_c0.1,0.315469031,0.187500000
2023-09-23,202309040610,2019100604,11,ヤマニンアンフィル,0,16,Class2,阪神,63.000000000,12,2023,l2_logistic_c0.1,0.238664077,0.187500000
2023-09-23,202309040610,2017102940,12,ワンダーカタリナ,0,16,Class2,阪神,20.000000000,28,2023,l2_logistic_c0.1,0.173930947,0.187500000
2023-09-23,202309040610,2018104322,13,プレジールミノル,0,16,Class2,阪神,20.000000000,26,2023,l2_logistic_c0.1,0.218631055,0.187500000
2023-09-23,202309040610,2018100480,14,デルマヤクシ,0,16,Class2,阪神,63.000000000,20,2023,l2_logistic_c0.1,0.174650192,0.187500000
2023-09-23,202309040610,2018106391,15,メイショウイジゲン,0,16,Class2,阪神,20.000000000,25,2023,l2_logistic_c0.1,0.112091805,0.187500000
2023-09-23,202309040610,2019102856,16,トーホウラビアン,0,16,Class2,阪神,133.000000000,15,2023,l2_logistic_c0.1,0.121646919,0.187500000
2023-09-24,202306040702,2021106000,3,キチロクサクラ,0,10,Maiden,中山,36.000000000,3,2023,l2_logistic_c0.1,0.110091217,0.300000000
2023-09-24,202306040702,2021105872,8,ベアゴーゴー,0,10,Maiden,中山,29.000000000,3,2023,l2_logistic_c0.1,0.642394490,0.300000000
2023-09-24,202306040702,2021104689,10,リネンワルツ,1,10,Maiden,中山,22.000000000,3,2023,l2_logistic_c0.1,0.420073944,0.300000000
2023-09-24,202309040710,2016104227,1,ジョニーズララバイ,0,16,Class3,阪神,106.000000000,32,2023,l2_logistic_c0.1,0.053555624,0.187500000
2023-09-24,202309040710,2019100652,2,ハギノモーリス,0,16,Class3,阪神,15.000000000,10,2023,l2_logistic_c0.1,0.394369412,0.187500000
2023-09-24,202309040710,2020110133,3,フロムダスク,0,16,Class3,阪神,14.000000000,7,2023,l2_logistic_c0.1,0.254422223,0.187500000
2023-09-24,202309040710,2019105806,4,ドロップオブライト,1,16,Class3,阪神,64.000000000,12,2023,l2_logistic_c0.1,0.343139565,0.187500000
2023-09-24,202309040710,2018104949,5,フォイアーロート,0,16,Class3,阪神,64.000000000,28,2023,l2_logistic_c0.1,0.052207357,0.187500000
2023-09-24,202309040710,2017106137,6,グレイトゲイナー,1,16,Class3,阪神,71.000000000,32,2023,l2_logistic_c0.1,0.115594663,0.187500000
2023-09-24,202309040710,2019100581,7,ヒルノローザンヌ,0,16,Class3,阪神,36.000000000,21,2023,l2_logistic_c0.1,0.114675750,0.187500000
2023-09-24,202309040710,2017103105,8,グッドマックス,0,16,Class3,阪神,106.000000000,31,2023,l2_logistic_c0.1,0.051782661,0.187500000
2023-09-24,202309040710,2018102491,9,メイショウエニシア,1,16,Class3,阪神,22.000000000,27,2023,l2_logistic_c0.1,0.142319287,0.187500000
2023-09-24,202309040710,2019110001,10,ショウナンハクラク,0,16,Class3,阪神,22.000000000,15,2023,l2_logistic_c0.1,0.261754496,0.187500000
2023-09-24,202309040710,2018100570,11,セリシア,0,16,Class3,阪神,22.000000000,30,2023,l2_logistic_c0.1,0.088041449,0.187500000
2023-09-24,202309040710,2020101419,12,ブーケファロス,0,16,Class3,阪神,64.000000000,11,2023,l2_logistic_c0.1,0.455093029,0.187500000
2023-09-24,202309040710,2019103714,13,メイショウソラフネ,0,16,Class3,阪神,22.000000000,11,2023,l2_logistic_c0.1,0.406966813,0.187500000
2023-09-24,202309040710,2020110040,14,ヤクシマ,0,16,Class3,阪神,120.000000000,9,2023,l2_logistic_c0.1,0.171601407,0.187500000
2023-09-24,202309040710,2019106102,15,アネゴハダ,0,16,Class3,阪神,22.000000000,16,2023,l2_logistic_c0.1,0.185931274,0.187500000
2023-09-24,202309040710,2018102649,16,タツリュウオー,0,16,Class3,阪神,22.000000000,23,2023,l2_logistic_c0.1,0.093143267,0.187500000
2023-09-30,202306040802,2021101398,2,ミニマルデザイン,1,16,Maiden,中山,14.000000000,3,2023,l2_logistic_c0.1,0.352285806,0.187500000
2023-09-30,202306040802,2021106440,10,アララララ,1,16,Maiden,中山,48.000000000,3,2023,l2_logistic_c0.1,0.184120358,0.187500000
2023-09-30,202306040802,2021100438,14,ミルタンドレス,0,16,Maiden,中山,55.000000000,3,2023,l2_logistic_c0.1,0.300287626,0.187500000
2023-09-30,202306040810,2019100666,1,イラーレ,1,16,Class2,中山,27.000000000,21,2023,l2_logistic_c0.1,0.395438342,0.187500000
2023-09-30,202306040810,2018103485,2,ジャガード,0,16,Class2,中山,28.000000000,24,2023,l2_logistic_c0.1,0.067108777,0.187500000
2023-09-30,202306040810,2020103044,3,リラックス,0,16,Class2,中山,21.000000000,8,2023,l2_logistic_c0.1,0.393757400,0.187500000
2023-09-30,202306040810,2019105238,4,フリートオブフット,0,16,Class2,中山,70.000000000,13,2023,l2_logistic_c0.1,0.206035855,0.187500000
2023-09-30,202306040810,2020106706,5,タリア,1,16,Class2,中山,21.000000000,10,2023,l2_logistic_c0.1,0.342208950,0.187500000
2023-09-30,202306040810,2017103123,6,ヤマニンプレシオサ,0,16,Class2,中山,104.000000000,37,2023,l2_logistic_c0.1,0.045411738,0.187500000
2023-09-30,202306040810,2019100755,7,アラクレ,0,16,Class2,中山,83.000000000,14,2023,l2_logistic_c0.1,0.164100866,0.187500000
2023-09-30,202306040810,2019105738,8,ピンクセイラー,0,16,Class2,中山,13.000000000,11,2023,l2_logistic_c0.1,0.281203180,0.187500000
2023-09-30,202306040810,2019101270,9,ヨール,1,16,Class2,中山,83.000000000,13,2023,l2_logistic_c0.1,0.282001037,0.187500000
2023-09-30,202306040810,2020106987,10,スムースベルベット,0,16,Class2,中山,69.000000000,11,2023,l2_logistic_c0.1,0.221701153,0.187500000
2023-09-30,202306040810,2019107075,11,ブランデーロック,0,16,Class2,中山,28.000000000,33,2023,l2_logistic_c0.1,0.119123011,0.187500000
2023-09-30,202306040810,2019105476,12,コラリン,0,16,Class2,中山,490.000000000,6,2023,l2_logistic_c0.1,0.251412805,0.187500000
2023-09-30,202306040810,2020104613,13,タツダイヤモンド,0,16,Class2,中山,126.000000000,6,2023,l2_logistic_c0.1,0.277152303,0.187500000
2023-09-30,202306040810,2020102535,14,トーセントラム,0,16,Class2,中山,27.000000000,19,2023,l2_logistic_c0.1,0.262837207,0.187500000
2023-09-30,202306040810,2020101897,15,レッドヒルシューズ,0,16,Class2,中山,41.000000000,9,2023,l2_logistic_c0.1,0.348266972,0.187500000
2023-09-30,202306040810,2018103920,16,ノックオンウッド,0,16,Class2,中山,70.000000000,11,2023,l2_logistic_c0.1,0.136423296,0.187500000
2023-10-01,202306040911,2019103753,1,ナムラクレア,1,16,Open,中山,35.000000000,14,2023,l2_logistic_c0.1,0.522200967,0.187500000
2023-10-01,202306040911,2019103422,2,テイエムスパーダ,0,16,Open,中山,21.000000000,15,2023,l2_logistic_c0.1,0.275280445,0.187500000
2023-10-01,202306040911,2018105204,3,ピクシーナイト,0,16,Open,中山,21.000000000,11,2023,l2_logistic_c0.1,0.316572111,0.187500000
2023-10-01,202306040911,2016106453,4,ナランフレグ,0,16,Open,中山,35.000000000,35,2023,l2_logistic_c0.1,0.130084595,0.187500000
2023-10-01,202306040911,2019100213,5,ウインマーベル,0,16,Open,中山,35.000000000,17,2023,l2_logistic_c0.1,0.269596679,0.187500000
2023-10-01,202306040911,2019105394,6,ママコチャ,1,16,Open,中山,42.000000000,12,2023,l2_logistic_c0.1,0.436156248,0.187500000
2023-10-01,202306040911,2018105061,7,オールアットワンス,0,16,Open,中山,63.000000000,11,2023,l2_logistic_c0.1,0.319187818,0.187500000
2023-10-01,202306040911,2018105069,8,メイケイエール,0,16,Open,中山,119.000000000,15,2023,l2_logistic_c0.1,0.114191947,0.187500000
2023-10-01,202306040911,2019105126,9,アグリ,0,16,Open,中山,21.000000000,11,2023,l2_logistic_c0.1,0.568275207,0.187500000
2023-10-01,202306040911,2019110020,10,マッドクール,1,16,Open,中山,91.000000000,9,2023,l2_logistic_c0.1,0.441922915,0.187500000
2023-10-01,202306040911,2017105661,11,ジュビリーヘッド,0,16,Open,中山,35.000000000,27,2023,l2_logistic_c0.1,0.350884755,0.187500000
2023-10-01,202306040911,2020101533,12,ドルチェモア,0,16,Open,中山,21.000000000,7,2023,l2_logistic_c0.1,0.121994920,0.187500000
2023-10-01,202306040911,2019110107,13,ジャスパークローネ,0,16,Open,中山,42.000000000,14,2023,l2_logistic_c0.1,0.421511484,0.187500000
2023-10-01,202306040911,2019102979,14,エイシンスポッター,0,16,Open,中山,21.000000000,15,2023,l2_logistic_c0.1,0.284505238,0.187500000
2023-10-01,202306040911,2019104470,15,キミワクイーン,0,16,Open,中山,35.000000000,12,2023,l2_logistic_c0.1,0.362969502,0.187500000
2023-10-01,202306040911,2020102764,16,モズメイメイ,0,16,Open,中山,42.000000000,7,2023,l2_logistic_c0.1,0.359016231,0.187500000
2023-10-08,202308020201,2021104316,2,ボビーニクビッタケ,1,12,Maiden,京都,35.000000000,4,2023,l2_logistic_c0.1,0.193490377,0.250000000
2023-10-08,202308020201,2021107204,8,アオイエクラタン,0,12,Maiden,京都,49.000000000,3,2023,l2_logistic_c0.1,0.062288757,0.250000000
2023-10-08,202308020211,2018102360,1,メディーヴァル,0,18,Open,京都,70.000000000,27,2023,l2_logistic_c0.1,0.087819277,0.166666667
2023-10-08,202308020211,2020100896,2,ビッグシーザー,0,18,Open,京都,28.000000000,8,2023,l2_logistic_c0.1,0.456962176,0.166666667
2023-10-08,202308020211,2020105400,3,タマモブラックタイ,0,18,Open,京都,134.000000000,9,2023,l2_logistic_c0.1,0.310601825,0.166666667
2023-10-08,202308020211,2017100583,4,ディヴィナシオン,1,18,Open,京都,28.000000000,44,2023,l2_logistic_c0.1,0.096594873,0.166666667
2023-10-08,202308020211,2019105237,5,スリーパーダ,0,18,Open,京都,84.000000000,11,2023,l2_logistic_c0.1,0.118341078,0.166666667
2023-10-08,202308020211,2020102660,6,シングザットソング,1,18,Open,京都,42.000000000,7,2023,l2_logistic_c0.1,0.222183368,0.166666667
2023-10-08,202308020211,2017104270,7,トキメキ,0,18,Open,京都,70.000000000,31,2023,l2_logistic_c0.1,0.152186346,0.166666667
2023-10-08,202308020211,2016110119,8,ジャスパージャック,0,18,Open,京都,175.000000000,22,2023,l2_logistic_c0.1,0.084788704,0.166666667
2023-10-08,202308020211,2018101452,9,スンリ,0,18,Open,京都,218.000000000,25,2023,l2_logistic_c0.1,0.118353682,0.166666667
2023-10-08,202308020211,2019102576,10,クリノマジン,0,18,Open,京都,49.000000000,18,2023,l2_logistic_c0.1,0.070200188,0.166666667
2023-10-08,202308020211,2020102564,11,ムーンプローブ,0,18,Open,京都,119.000000000,7,2023,l2_logistic_c0.1,0.143558993,0.166666667
2023-10-08,202308020211,2015100822,12,タイセイアベニール,0,18,Open,京都,42.000000000,48,2023,l2_logistic_c0.1,0.068864121,0.166666667
2023-10-08,202308020211,2017106087,13,メイショウゲンセン,1,18,Open,京都,50.000000000,16,2023,l2_logistic_c0.1,0.210302387,0.166666667
2023-10-08,202308020211,2017101121,14,ボンボヤージ,0,18,Open,京都,28.000000000,25,2023,l2_logistic_c0.1,0.107268601,0.166666667
2023-10-08,202308020211,2019100450,15,ファロロジー,0,18,Open,京都,28.000000000,19,2023,l2_logistic_c0.1,0.157240586,0.166666667
2023-10-08,202308020211,2015105850,16,カイザーメランジェ,0,18,Open,京都,42.000000000,46,2023,l2_logistic_c0.1,0.019854698,0.166666667
2023-10-08,202308020211,2019110105,17,ジャングロ,0,18,Open,京都,28.000000000,11,2023,l2_logistic_c0.1,0.356981961,0.166666667
2023-10-08,202308020211,2015103616,18,メイショウオーパス,0,18,Open,京都,113.000000000,43,2023,l2_logistic_c0.1,0.044419667,0.166666667
2023-10-14,202304040109,2018100618,1,トーホウジュナール,0,17,Class1,新潟,20.000000000,23,2023,l2_logistic_c0.1,0.244608445,0.176470588
2023-10-14,202304040109,2019101032,3,ユキヤナギ,0,17,Class1,新潟,119.000000000,21,2023,l2_logistic_c0.1,0.043465002,0.176470588
2023-10-14,202304040109,2020102738,4,エールレヴリー,1,17,Class1,新潟,70.000000000,5,2023,l2_logistic_c0.1,0.414768626,0.176470588
2023-10-14,202304040109,2018102069,5,ラナキラ,1,17,Class1,新潟,21.000000000,13,2023,l2_logistic_c0.1,0.227601114,0.176470588
2023-10-14,202304040109,2020102299,6,アシャカタカ,0,17,Class1,新潟,27.000000000,7,2023,l2_logistic_c0.1,0.194359889,0.176470588
2023-10-14,202304040109,2019102068,7,シャウビンダー,0,17,Class1,新潟,27.000000000,14,2023,l2_logistic_c0.1,0.236927972,0.176470588
2023-10-14,202304040109,2018105357,8,ラピカズマ,0,17,Class1,新潟,63.000000000,23,2023,l2_logistic_c0.1,0.164834126,0.176470588
2023-10-14,202304040109,2018104561,9,エンブレムコード,0,17,Class1,新潟,91.000000000,19,2023,l2_logistic_c0.1,0.180749004,0.176470588
2023-10-14,202304040109,2020103670,10,ショウナンハクウン,0,17,Class1,新潟,27.000000000,8,2023,l2_logistic_c0.1,0.236279111,0.176470588
2023-10-14,202304040109,2020103578,11,ロッククリーク,0,17,Class1,新潟,83.000000000,4,2023,l2_logistic_c0.1,0.144247763,0.176470588
2023-10-14,202304040109,2020104478,13,アルルカン,0,17,Class1,新潟,90.000000000,10,2023,l2_logistic_c0.1,0.092400100,0.176470588
2023-10-14,202304040109,2020100305,14,セイウンスイート,0,17,Class1,新潟,41.000000000,11,2023,l2_logistic_c0.1,0.089169660,0.176470588
2023-10-14,202304040109,2019104002,15,タイキバンディエラ,0,17,Class1,新潟,77.000000000,11,2023,l2_logistic_c0.1,0.079676105,0.176470588
2023-10-14,202304040109,2019105412,16,プリモカリーナ,1,17,Class1,新潟,119.000000000,10,2023,l2_logistic_c0.1,0.296263427,0.176470588
2023-10-14,202304040109,2020101517,17,ソノママソノママ,0,17,Class1,新潟,90.000000000,3,2023,l2_logistic_c0.1,0.247937566,0.176470588
2023-10-14,202304040109,2020103885,18,クリノゴッホ,0,17,Class1,新潟,27.000000000,14,2023,l2_logistic_c0.1,0.204769259,0.176470588
2023-10-15,202304040201,2021106000,2,キチロクサクラ,0,11,Maiden,新潟,21.000000000,4,2023,l2_logistic_c0.1,0.137250089,0.272727273
2023-10-15,202304040201,2021106440,3,アララララ,1,11,Maiden,新潟,15.000000000,4,2023,l2_logistic_c0.1,0.540573196,0.272727273
2023-10-15,202304040201,2021100272,5,ミッレマンドルリ,0,11,Maiden,新潟,21.000000000,3,2023,l2_logistic_c0.1,0.105967929,0.272727273
2023-10-15,202304040201,2021103571,6,プレイフォーエフ,0,11,Maiden,新潟,70.000000000,4,2023,l2_logistic_c0.1,0.161945406,0.272727273
2023-10-21,202304040311,2019105658,1,オタルエバー,1,18,Class3,新潟,63.000000000,11,2023,l2_logistic_c0.1,0.291533684,0.166666667
2023-10-21,202304040311,2020100607,2,サンティーテソーロ,0,18,Class3,新潟,41.000000000,8,2023,l2_logistic_c0.1,0.452637480,0.166666667
2023-10-21,202304040311,2017100461,3,ワンスカイ,0,18,Class3,新潟,56.000000000,21,2023,l2_logistic_c0.1,0.104121348,0.166666667
2023-10-21,202304040311,2015103357,4,メイショウドウドウ,0,18,Class3,新潟,119.000000000,48,2023,l2_logistic_c0.1,0.076046977,0.166666667
2023-10-21,202304040311,2019102041,5,アドヴァイス,0,18,Class3,新潟,70.000000000,16,2023,l2_logistic_c0.1,0.170644557,0.166666667
2023-10-21,202304040311,2020100443,6,エイシンエイト,1,18,Class3,新潟,91.000000000,3,2023,l2_logistic_c0.1,0.228057815,0.166666667
2023-10-21,202304040311,2018100756,7,シュアーヴアリア,0,18,Class3,新潟,41.000000000,32,2023,l2_logistic_c0.1,0.104713140,0.166666667
2023-10-21,202304040311,2018106077,8,イルクオーレ,0,18,Class3,新潟,41.000000000,20,2023,l2_logistic_c0.1,0.176481953,0.166666667
2023-10-21,202304040311,2017106240,9,アビエルト,0,18,Class3,新潟,70.000000000,37,2023,l2_logistic_c0.1,0.093597694,0.166666667
2023-10-21,202304040311,2018105004,10,アップリバー,0,18,Class3,新潟,91.000000000,27,2023,l2_logistic_c0.1,0.175432321,0.166666667
2023-10-21,202304040311,2019104525,11,ラキエータ,0,18,Class3,新潟,91.000000000,13,2023,l2_logistic_c0.1,0.118391322,0.166666667
2023-10-21,202304040311,2019101903,12,ブレスレスリー,1,18,Class3,新潟,49.000000000,16,2023,l2_logistic_c0.1,0.249447279,0.166666667
2023-10-21,202304040311,2018103205,13,クムシラコ,0,18,Class3,新潟,41.000000000,30,2023,l2_logistic_c0.1,0.107336482,0.166666667
2023-10-21,202304040311,2017103105,14,グッドマックス,0,18,Class3,新潟,27.000000000,32,2023,l2_logistic_c0.1,0.053494041,0.166666667
2023-10-21,202304040311,2019104962,15,ウィリン,0,18,Class3,新潟,98.000000000,8,2023,l2_logistic_c0.1,0.260801576,0.166666667
2023-10-21,202304040311,2019101005,16,タイセイブリリオ,0,18,Class3,新潟,98.000000000,18,2023,l2_logistic_c0.1,0.192215203,0.166666667
2023-10-21,202304040311,2019109094,17,ブッシュガーデン,0,18,Class3,新潟,41.000000000,21,2023,l2_logistic_c0.1,0.239166532,0.166666667
2023-10-21,202304040311,2018102585,18,ロードラスター,0,18,Class3,新潟,48.000000000,26,2023,l2_logistic_c0.1,0.174488798,0.166666667
2023-10-22,202308020709,2020101543,1,グランテスト,1,16,Class2,京都,29.000000000,5,2023,l2_logistic_c0.1,0.457909382,0.187500000
2023-10-22,202308020709,2019103562,2,ダテボレアス,0,16,Class2,京都,28.000000000,16,2023,l2_logistic_c0.1,0.182358600,0.187500000
2023-10-22,202308020709,2018104633,3,テーオーダヴィンチ,0,16,Class2,京都,119.000000000,17,2023,l2_logistic_c0.1,0.383867206,0.187500000
2023-10-22,202308020709,2019100666,4,イラーレ,1,16,Class2,京都,22.000000000,22,2023,l2_logistic_c0.1,0.409650381,0.187500000
2023-10-22,202308020709,2019104738,5,サウンドクレア,0,16,Class2,京都,99.000000000,12,2023,l2_logistic_c0.1,0.320750088,0.187500000
2023-10-22,202308020709,2020100815,6,ミルトクレイモー,1,16,Class2,京都,49.000000000,11,2023,l2_logistic_c0.1,0.289527313,0.187500000
2023-10-22,202308020709,2018103902,7,サウンドブライアン,0,16,Class2,京都,49.000000000,28,2023,l2_logistic_c0.1,0.094063957,0.187500000
2023-10-22,202308020709,2020105568,8,ハクサンパイオニア,0,16,Class2,京都,57.000000000,13,2023,l2_logistic_c0.1,0.232926159,0.187500000
2023-10-22,202308020709,2019102856,9,トーホウラビアン,0,16,Class2,京都,29.000000000,16,2023,l2_logistic_c0.1,0.087007632,0.187500000
2023-10-22,202308020709,2018100736,10,アンフィニドール,0,16,Class2,京都,71.000000000,16,2023,l2_logistic_c0.1,0.253388617,0.187500000
2023-10-22,202308020709,2018104663,11,タウゼントシェーン,0,16,Class2,京都,22.000000000,21,2023,l2_logistic_c0.1,0.214751347,0.187500000
2023-10-22,202308020709,2020104613,12,タツダイヤモンド,0,16,Class2,京都,22.000000000,7,2023,l2_logistic_c0.1,0.170911921,0.187500000
2023-10-22,202308020709,2020104954,13,ウメムスビ,0,16,Class2,京都,50.000000000,10,2023,l2_logistic_c0.1,0.069997280,0.187500000
2023-10-22,202308020709,2018103611,14,デルマカンノン,0,16,Class2,京都,29.000000000,34,2023,l2_logistic_c0.1,0.066883752,0.187500000
2023-10-22,202308020709,2019100292,15,ダレモトメラレナイ,0,16,Class2,京都,77.000000000,14,2023,l2_logistic_c0.1,0.186249368,0.187500000
2023-10-22,202308020709,2020110090,16,ティニア,0,16,Class2,京都,63.000000000,7,2023,l2_logistic_c0.1,0.222287739,0.187500000
2023-10-28,202304040510,2019105050,1,メルヴィル,0,18,Class2,新潟,203.000000000,11,2023,l2_logistic_c0.1,0.285129644,0.166666667
2023-10-28,202304040510,2018100378,2,ディアナグラン,0,18,Class2,新潟,14.000000000,14,2023,l2_logistic_c0.1,0.226722895,0.166666667
2023-10-28,202304040510,2020100258,3,セイウンダマシイ,0,18,Class2,新潟,69.000000000,13,2023,l2_logistic_c0.1,0.250874342,0.166666667
2023-10-28,202304040510,2019101270,4,ヨール,0,18,Class2,新潟,28.000000000,14,2023,l2_logistic_c0.1,0.343554576,0.166666667
2023-10-28,202304040510,2019105766,5,アメトリーチェ,1,18,Class2,新潟,49.000000000,11,2023,l2_logistic_c0.1,0.036275608,0.166666667
2023-10-28,202304040510,2019104549,6,テンメジャーガール,0,18,Class2,新潟,77.000000000,17,2023,l2_logistic_c0.1,0.095466823,0.166666667
2023-10-28,202304040510,2020102738,7,エールレヴリー,1,18,Class2,新潟,14.000000000,6,2023,l2_logistic_c0.1,0.451032594,0.166666667
2023-10-28,202304040510,2019100755,8,アラクレ,0,18,Class2,新潟,28.000000000,15,2023,l2_logistic_c0.1,0.152321148,0.166666667
2023-10-28,202304040510,2019104361,9,テーオースパロー,0,18,Class2,新潟,63.000000000,21,2023,l2_logistic_c0.1,0.199167638,0.166666667
2023-10-28,202304040510,2019100604,10,ヤマニンアンフィル,0,18,Class2,新潟,35.000000000,13,2023,l2_logistic_c0.1,0.158741873,0.166666667
2023-10-28,202304040510,2020102140,11,アンビバレント,0,18,Class2,新潟,63.000000000,8,2023,l2_logistic_c0.1,0.111292871,0.166666667
2023-10-28,202304040510,2017101777,12,ヤマニンプティパ,0,18,Class2,新潟,98.000000000,28,2023,l2_logistic_c0.1,0.043936351,0.166666667
2023-10-28,202304040510,2019101262,13,ショウナンアメリア,0,18,Class2,新潟,56.000000000,17,2023,l2_logistic_c0.1,0.235273732,0.166666667
2023-10-28,202304040510,2019100214,14,ウインモナーク,1,18,Class2,新潟,20.000000000,11,2023,l2_logistic_c0.1,0.254606038,0.166666667
2023-10-28,202304040510,2020103044,15,リラックス,0,18,Class2,新潟,28.000000000,9,2023,l2_logistic_c0.1,0.287057517,0.166666667
2023-10-28,202304040510,2018103620,16,ロゼクラン,0,18,Class2,新潟,195.000000000,16,2023,l2_logistic_c0.1,0.196503785,0.166666667
2023-10-28,202304040510,2020105895,17,フォルテース,0,18,Class2,新潟,13.000000000,10,2023,l2_logistic_c0.1,0.305782011,0.166666667
2023-10-28,202304040510,2019100593,18,フラッシュアーク,0,18,Class2,新潟,55.000000000,18,2023,l2_logistic_c0.1,0.243739687,0.166666667
2023-11-04,202303030108,2020104087,1,グランツベリー,1,13,Class1,福島,62.000000000,12,2023,l2_logistic_c0.1,0.239700873,0.230769231
2023-11-04,202303030108,2020104437,2,ジャーニーメモリー,0,13,Class1,福島,20.000000000,9,2023,l2_logistic_c0.1,0.241851002,0.230769231
2023-11-04,202303030108,2020106914,3,イコサン,1,13,Class1,福島,252.000000000,7,2023,l2_logistic_c0.1,0.428977535,0.230769231
2023-11-04,202303030108,2018100406,4,ヴィントミューレ,0,13,Class1,福島,119.000000000,13,2023,l2_logistic_c0.1,0.314576207,0.230769231
2023-11-04,202303030108,2018104938,5,ヴェールクレール,1,13,Class1,福島,97.000000000,18,2023,l2_logistic_c0.1,0.299720688,0.230769231
2023-11-04,202303030108,2020103885,6,クリノゴッホ,0,13,Class1,福島,21.000000000,15,2023,l2_logistic_c0.1,0.200518032,0.230769231
2023-11-04,202303030108,2020100295,7,メリトリオ,0,13,Class1,福島,20.000000000,6,2023,l2_logistic_c0.1,0.435797322,0.230769231
2023-11-04,202303030108,2020101798,8,オータムクイーン,0,13,Class1,福島,42.000000000,11,2023,l2_logistic_c0.1,0.177665116,0.230769231
2023-11-04,202303030108,2018104762,9,キャニオニング,0,13,Class1,福島,14.000000000,26,2023,l2_logistic_c0.1,0.078675512,0.230769231
2023-11-04,202303030108,2019101032,10,ユキヤナギ,0,13,Class1,福島,21.000000000,22,2023,l2_logistic_c0.1,0.065178751,0.230769231
2023-11-04,202303030108,2018105357,11,ラピカズマ,0,13,Class1,福島,21.000000000,24,2023,l2_logistic_c0.1,0.244650958,0.230769231
2023-11-04,202303030108,2018104908,12,アルジェントステラ,0,13,Class1,福島,69.000000000,14,2023,l2_logistic_c0.1,0.140504030,0.230769231
2023-11-04,202303030108,2019104720,13,クロンヌドラレーヌ,0,13,Class1,福島,63.000000000,18,2023,l2_logistic_c0.1,0.092740759,0.230769231
2023-11-04,202303030112,2020103238,1,オックスリップ,0,11,Class1,福島,27.000000000,7,2023,l2_logistic_c0.1,0.424135081,0.272727273
2023-11-04,202303030112,2018104872,2,アクアマリンブルー,0,11,Class1,福島,20.000000000,10,2023,l2_logistic_c0.1,0.349968098,0.272727273
2023-11-04,202303030112,2018103125,3,モラトリアム,1,11,Class1,福島,27.000000000,19,2023,l2_logistic_c0.1,0.379708233,0.272727273
2023-11-04,202303030112,2020105131,4,ロッソランパンテ,0,11,Class1,福島,34.000000000,10,2023,l2_logistic_c0.1,0.104735007,0.272727273
2023-11-04,202303030112,2019100677,5,ビヨンドザタイム,0,11,Class1,福島,13.000000000,11,2023,l2_logistic_c0.1,0.493164959,0.272727273
2023-11-04,202303030112,2017103309,6,ホウオウエンジェル,0,11,Class1,福島,69.000000000,29,2023,l2_logistic_c0.1,0.365616850,0.272727273
2023-11-04,202303030112,2019104818,7,メイケイバートン,1,11,Class1,福島,62.000000000,14,2023,l2_logistic_c0.1,0.459187082,0.272727273
2023-11-04,202303030112,2020104824,8,シンデレラスマイル,0,11,Class1,福島,49.000000000,9,2023,l2_logistic_c0.1,0.349003905,0.272727273
2023-11-04,202303030112,2019104764,9,ジェットグリッター,0,11,Class1,福島,26.000000000,18,2023,l2_logistic_c0.1,0.181728205,0.272727273
2023-11-04,202303030112,2020100906,10,フライングブレード,1,11,Class1,福島,119.000000000,8,2023,l2_logistic_c0.1,0.480791732,0.272727273
2023-11-04,202303030112,2020100305,11,セイウンスイート,0,11,Class1,福島,21.000000000,12,2023,l2_logistic_c0.1,0.135968028,0.272727273
2023-11-05,202303030202,2021110023,2,エクストラバック,1,16,Maiden,福島,15.000000000,3,2023,l2_logistic_c0.1,0.432501253,0.187500000
2023-11-05,202303030202,2021106440,5,アララララ,1,16,Maiden,福島,21.000000000,5,2023,l2_logistic_c0.1,0.519965822,0.187500000
2023-11-05,202303030202,2021102095,7,アクアファースト,0,16,Maiden,福島,56.000000000,3,2023,l2_logistic_c0.1,0.144449735,0.187500000
2023-11-05,202303030202,2021100321,8,メイボウコウシ,0,16,Maiden,福島,50.000000000,3,2023,l2_logistic_c0.1,0.051614230,0.187500000
2023-11-05,202303030202,2021103571,10,プレイフォーエフ,0,16,Maiden,福島,21.000000000,5,2023,l2_logistic_c0.1,0.125146751,0.187500000
2023-11-05,202303030202,2021100287,15,ミルミル,0,16,Maiden,福島,21.000000000,3,2023,l2_logistic_c0.1,0.255144973,0.187500000
2023-11-05,202303030208,2019101562,1,デフィデリ,1,13,Class1,福島,15.000000000,22,2023,l2_logistic_c0.1,0.243174276,0.230769231
2023-11-05,202303030208,2019101998,2,サンマルクレイジー,0,13,Class1,福島,15.000000000,12,2023,l2_logistic_c0.1,0.188109621,0.230769231
2023-11-05,202303030208,2019101833,3,ウインクルシャープ,0,13,Class1,福島,203.000000000,11,2023,l2_logistic_c0.1,0.191591107,0.230769231
2023-11-05,202303030208,2019102240,5,マメコ,1,13,Class1,福島,49.000000000,15,2023,l2_logistic_c0.1,0.459396220,0.230769231
2023-11-05,202303030208,2018100593,6,タイガーリリー,0,13,Class1,福島,84.000000000,27,2023,l2_logistic_c0.1,0.237164669,0.230769231
2023-11-05,202303030208,2020103340,7,スーパーアグリ,0,13,Class1,福島,232.000000000,5,2023,l2_logistic_c0.1,0.328889016,0.230769231
2023-11-05,202303030208,2020103670,8,ショウナンハクウン,0,13,Class1,福島,22.000000000,9,2023,l2_logistic_c0.1,0.317657391,0.230769231
2023-11-05,202303030208,2020100500,9,ヴィエンヌ,0,13,Class1,福島,259.000000000,3,2023,l2_logistic_c0.1,0.402990508,0.230769231
2023-11-05,202303030208,2018100096,10,キトゥンズマーチ,0,13,Class1,福島,21.000000000,23,2023,l2_logistic_c0.1,0.149841161,0.230769231
2023-11-05,202303030208,2020101378,11,アイヲツグモノ,0,13,Class1,福島,91.000000000,7,2023,l2_logistic_c0.1,0.073402626,0.230769231
2023-11-05,202303030208,2017101448,12,ウインアステロイド,0,13,Class1,福島,105.000000000,39,2023,l2_logistic_c0.1,0.199396501,0.230769231
2023-11-05,202303030208,2020105484,13,ニシノコウダイ,1,13,Class1,福島,14.000000000,9,2023,l2_logistic_c0.1,0.306476080,0.230769231
2023-11-05,202303030211,2019104108,1,エナジーグラン,0,16,Open,福島,21.000000000,16,2023,l2_logistic_c0.1,0.327582460,0.187500000
2023-11-05,202303030211,2017105272,2,リレーションシップ,0,16,Open,福島,112.000000000,24,2023,l2_logistic_c0.1,0.132464639,0.187500000
2023-11-05,202303030211,2015103616,3,メイショウオーパス,0,16,Open,福島,28.000000000,44,2023,l2_logistic_c0.1,0.068642907,0.187500000
2023-11-05,202303030211,2018110035,4,シュバルツカイザー,0,16,Open,福島,70.000000000,16,2023,l2_logistic_c0.1,0.387713854,0.187500000
2023-11-05,202303030211,2018101452,5,スンリ,0,16,Open,福島,28.000000000,26,2023,l2_logistic_c0.1,0.159510845,0.187500000
2023-11-05,202303030211,2018105296,6,モントライゼ,0,16,Open,福島,133.000000000,17,2023,l2_logistic_c0.1,0.150200900,0.187500000
2023-11-05,202303030211,2018100040,7,アビッグチア,0,16,Open,福島,336.000000000,15,2023,l2_logistic_c0.1,0.120497304,0.187500000
2023-11-05,202303030211,2019100765,8,コムストックロード,0,16,Open,福島,84.000000000,20,2023,l2_logistic_c0.1,0.205795336,0.187500000
2023-11-05,202303030211,2019100450,9,ファロロジー,1,16,Open,福島,28.000000000,20,2023,l2_logistic_c0.1,0.207636456,0.187500000
2023-11-05,202303030211,2017100583,10,ディヴィナシオン,0,16,Open,福島,28.000000000,45,2023,l2_logistic_c0.1,0.109078934,0.187500000
2023-11-05,202303030211,2017106137,11,グレイトゲイナー,1,16,Open,福島,42.000000000,33,2023,l2_logistic_c0.1,0.126609209,0.187500000
2023-11-05,202303030211,2016104787,12,グルーヴィット,0,16,Open,福島,161.000000000,23,2023,l2_logistic_c0.1,0.056418347,0.187500000
2023-11-05,202303030211,2018100032,13,シゲルピンクルビー,0,16,Open,福島,21.000000000,16,2023,l2_logistic_c0.1,0.158030408,0.187500000
2023-11-05,202303030211,2019104915,14,バンデルオーラ,0,16,Open,福島,64.000000000,13,2023,l2_logistic_c0.1,0.142664064,0.187500000
2023-11-05,202303030211,2017104852,15,キャプテンドレイク,0,16,Open,福島,84.000000000,23,2023,l2_logistic_c0.1,0.137790089,0.187500000
2023-11-05,202303030211,2017106720,16,サンライズオネスト,1,16,Open,福島,126.000000000,27,2023,l2_logistic_c0.1,0.182149924,0.187500000
2023-11-05,202308030201,2021103505,7,ウエストチェリー,0,14,Maiden,京都,14.000000000,3,2023,l2_logistic_c0.1,0.079626299,0.214285714
2023-11-05,202308030201,2021104316,9,ボビーニクビッタケ,0,14,Maiden,京都,28.000000000,5,2023,l2_logistic_c0.1,0.288309545,0.214285714
2023-11-05,202308030210,2019110001,1,ショウナンハクラク,1,18,Class3,京都,42.000000000,16,2023,l2_logistic_c0.1,0.198781082,0.166666667
2023-11-05,202308030210,2015103357,2,メイショウドウドウ,0,18,Class3,京都,15.000000000,49,2023,l2_logistic_c0.1,0.071645798,0.166666667
2023-11-05,202308030210,2020110133,3,フロムダスク,0,18,Class3,京都,42.000000000,8,2023,l2_logistic_c0.1,0.103549327,0.166666667
2023-11-05,202308030210,2020101419,4,ブーケファロス,1,18,Class3,京都,42.000000000,12,2023,l2_logistic_c0.1,0.257870170,0.166666667
2023-11-05,202308030210,2019100581,5,ヒルノローザンヌ,0,18,Class3,京都,42.000000000,22,2023,l2_logistic_c0.1,0.064955557,0.166666667
2023-11-05,202308030210,2019102106,6,ブリュットミレジメ,0,18,Class3,京都,22.000000000,13,2023,l2_logistic_c0.1,0.184947839,0.166666667
2023-11-05,202308030210,2018102491,7,メイショウエニシア,0,18,Class3,京都,42.000000000,28,2023,l2_logistic_c0.1,0.127695003,0.166666667
2023-11-05,202308030210,2019102041,8,アドヴァイス,0,18,Class3,京都,15.000000000,17,2023,l2_logistic_c0.1,0.195778738,0.166666667
2023-11-05,202308030210,2019101903,9,ブレスレスリー,0,18,Class3,京都,15.000000000,17,2023,l2_logistic_c0.1,0.308300879,0.166666667
2023-11-05,202308030210,2017103105,10,グッドマックス,0,18,Class3,京都,15.000000000,33,2023,l2_logistic_c0.1,0.076456991,0.166666667
2023-11-05,202308030210,2019102327,11,ケデシュ,0,18,Class3,京都,106.000000000,14,2023,l2_logistic_c0.1,0.134646325,0.166666667
2023-11-05,202308030210,2018103021,12,タイセイシェダル,0,18,Class3,京都,14.000000000,24,2023,l2_logistic_c0.1,0.216314959,0.166666667
2023-11-05,202308030210,2019109094,13,ブッシュガーデン,1,18,Class3,京都,15.000000000,22,2023,l2_logistic_c0.1,0.211237291,0.166666667
2023-11-05,202308030210,2018106077,14,イルクオーレ,0,18,Class3,京都,15.000000000,21,2023,l2_logistic_c0.1,0.271534069,0.166666667
2023-11-05,202308030210,2017105054,15,リヴェール,0,18,Class3,京都,106.000000000,22,2023,l2_logistic_c0.1,0.059116811,0.166666667
2023-11-05,202308030210,2018105306,16,インフィナイト,0,18,Class3,京都,64.000000000,17,2023,l2_logistic_c0.1,0.038392126,0.166666667
2023-11-05,202308030210,2018100025,17,シゲルカチョウ,0,18,Class3,京都,78.000000000,13,2023,l2_logistic_c0.1,0.054920468,0.166666667
2023-11-05,202308030210,2016104227,18,ジョニーズララバイ,0,18,Class3,京都,42.000000000,33,2023,l2_logistic_c0.1,0.044378646,0.166666667
2023-11-11,202303030303,2021103898,2,リケアリラ,0,16,Maiden,福島,35.000000000,5,2023,l2_logistic_c0.1,0.063019462,0.187500000
2023-11-11,202303030303,2021103548,9,フォカッチャ,0,16,Maiden,福島,21.000000000,3,2023,l2_logistic_c0.1,0.186624926,0.187500000
2023-11-11,202303030303,2021103101,11,マケタラアカン,0,16,Maiden,福島,56.000000000,4,2023,l2_logistic_c0.1,0.252789016,0.187500000
2023-11-11,202303030303,2021106352,13,パイナップルソーダ,0,16,Maiden,福島,55.000000000,3,2023,l2_logistic_c0.1,0.024528606,0.187500000
2023-11-11,202303030303,2021105297,15,マースフルガール,0,16,Maiden,福島,14.000000000,4,2023,l2_logistic_c0.1,0.427539223,0.187500000
2023-11-11,202303030306,2020102599,1,リトルミム,0,16,Class1,福島,20.000000000,8,2023,l2_logistic_c0.1,0.107121557,0.187500000
2023-11-11,202303030306,2018102069,2,ラナキラ,1,16,Class1,福島,28.000000000,14,2023,l2_logistic_c0.1,0.305357441,0.187500000
2023-11-11,202303030306,2020102208,3,マテンロウアネモス,0,16,Class1,福島,69.000000000,8,2023,l2_logistic_c0.1,0.415378152,0.187500000
2023-11-11,202303030306,2019100197,4,ウインエイムハイ,0,16,Class1,福島,14.000000000,15,2023,l2_logistic_c0.1,0.195208916,0.187500000
2023-11-11,202303030306,2020104983,5,マルプリ,1,16,Class1,福島,49.000000000,9,2023,l2_logistic_c0.1,0.428640897,0.187500000
2023-11-11,202303030306,2020102294,6,スイープラン,0,16,Class1,福島,6.000000000,10,2023,l2_logistic_c0.1,0.262609066,0.187500000
2023-11-11,202303030306,2020102971,7,サトノグレイト,0,16,Class1,福島,91.000000000,9,2023,l2_logistic_c0.1,0.262434462,0.187500000
2023-11-11,202303030306,2020104415,8,スピニングマーリン,0,16,Class1,福島,21.000000000,5,2023,l2_logistic_c0.1,0.199010942,0.187500000
2023-11-11,202303030306,2019103200,9,ネイキッドハート,0,16,Class1,福島,27.000000000,12,2023,l2_logistic_c0.1,0.104532131,0.187500000
2023-11-11,202303030306,2020104824,10,シンデレラスマイル,0,16,Class1,福島,7.000000000,10,2023,l2_logistic_c0.1,0.265026957,0.187500000
2023-11-11,202303030306,2020100736,11,ビッグボーンリタ,1,16,Class1,福島,28.000000000,8,2023,l2_logistic_c0.1,0.132371705,0.187500000
2023-11-11,202303030306,2018105386,12,カフジヴィオレッタ,0,16,Class1,福島,48.000000000,16,2023,l2_logistic_c0.1,0.072625176,0.187500000
2023-11-11,202303030306,2019101998,13,サンマルクレイジー,0,16,Class1,福島,6.000000000,13,2023,l2_logistic_c0.1,0.094412534,0.187500000
2023-11-11,202303030306,2018105121,14,ソナトリーチェ,0,16,Class1,福島,27.000000000,18,2023,l2_logistic_c0.1,0.070998345,0.187500000
2023-11-11,202303030306,2019102510,15,アップフルーク,0,16,Class1,福島,13.000000000,7,2023,l2_logistic_c0.1,0.090028990,0.187500000
2023-11-11,202303030306,2020103418,16,インクルードダイヤ,0,16,Class1,福島,77.000000000,8,2023,l2_logistic_c0.1,0.275046952,0.187500000
2023-11-11,202303030310,2019100168,1,ベジェサ,0,16,Class2,福島,111.000000000,14,2023,l2_logistic_c0.1,0.076922446,0.187500000
2023-11-11,202303030310,2019103806,2,ベルウッドブラボー,0,16,Class2,福島,140.000000000,14,2023,l2_logistic_c0.1,0.152287998,0.187500000
2023-11-11,202303030310,2019101874,3,コズミックフロスト,0,16,Class2,福島,69.000000000,17,2023,l2_logistic_c0.1,0.328425761,0.187500000
2023-11-11,202303030310,2017104234,4,スズノヤマト,0,16,Class2,福島,202.000000000,21,2023,l2_logistic_c0.1,0.051972046,0.187500000
2023-11-11,202303030310,2018104322,5,プレジールミノル,0,16,Class2,福島,28.000000000,28,2023,l2_logistic_c0.1,0.319964765,0.187500000
2023-11-11,202303030310,2019100214,6,ウインモナーク,1,16,Class2,福島,14.000000000,12,2023,l2_logistic_c0.1,0.371748519,0.187500000
2023-11-11,202303030310,2019104697,7,ショウナンマッハ,0,16,Class2,福島,28.000000000,19,2023,l2_logistic_c0.1,0.280951249,0.187500000
2023-11-11,202303030310,2020110090,8,ティニア,0,16,Class2,福島,20.000000000,8,2023,l2_logistic_c0.1,0.332150757,0.187500000
2023-11-11,202303030310,2018100433,9,ブロンズレッド,1,16,Class2,福島,175.000000000,16,2023,l2_logistic_c0.1,0.088727081,0.187500000
2023-11-11,202303030310,2019100132,10,ペイシャカレン,0,16,Class2,福島,28.000000000,15,2023,l2_logistic_c0.1,0.245888692,0.187500000
2023-11-11,202303030310,2020103093,11,プレジャークルーズ,0,16,Class2,福島,63.000000000,9,2023,l2_logistic_c0.1,0.182896146,0.187500000
2023-11-11,202303030310,2019105175,12,ステイトダイアデム,0,16,Class2,福島,77.000000000,3,2023,l2_logistic_c0.1,0.435935817,0.187500000
2023-11-11,202303030310,2017101767,13,ベンガン,0,16,Class2,福島,69.000000000,21,2023,l2_logistic_c0.1,0.254069688,0.187500000
2023-11-11,202303030310,2019103897,14,ハピネスアゲン,1,16,Class2,福島,70.000000000,16,2023,l2_logistic_c0.1,0.339644113,0.187500000
2023-11-11,202303030310,2018103296,15,サニーオーシャン,0,16,Class2,福島,63.000000000,27,2023,l2_logistic_c0.1,0.056915330,0.187500000
2023-11-11,202303030310,2020106330,16,ラウラーナ,0,16,Class2,福島,70.000000000,12,2023,l2_logistic_c0.1,0.326046544,0.187500000
2023-11-11,202303030312,2020103079,1,デイズオブドリーム,0,14,Class1,福島,56.000000000,8,2023,l2_logistic_c0.1,0.185840215,0.214285714
2023-11-11,202303030312,2020106777,2,セレッソデアモール,0,14,Class1,福島,91.000000000,7,2023,l2_logistic_c0.1,0.507616028,0.214285714
2023-11-11,202303030312,2019105765,3,ハウファアイルゴー,0,14,Class1,福島,49.000000000,6,2023,l2_logistic_c0.1,0.169127488,0.214285714
2023-11-11,202303030312,2019101253,4,ショウナンナダル,0,14,Class1,福島,153.000000000,10,2023,l2_logistic_c0.1,0.259213388,0.214285714
2023-11-11,202303030312,2018106612,5,オリアメンディ,0,14,Class1,福島,14.000000000,30,2023,l2_logistic_c0.1,0.203586478,0.214285714
2023-11-11,202303030312,2020103530,6,イコノスタシス,0,14,Class1,福島,77.000000000,8,2023,l2_logistic_c0.1,0.412545077,0.214285714
2023-11-11,202303030312,2019102147,7,フォレクラフト,1,14,Class1,福島,56.000000000,9,2023,l2_logistic_c0.1,0.161630601,0.214285714
2023-11-11,202303030312,2018100593,8,タイガーリリー,0,14,Class1,福島,6.000000000,28,2023,l2_logistic_c0.1,0.254564651,0.214285714
2023-11-11,202303030312,2019101631,9,ヴァルドマルヌ,0,14,Class1,福島,84.000000000,14,2023,l2_logistic_c0.1,0.066377990,0.214285714
2023-11-11,202303030312,2019105412,10,プリモカリーナ,1,14,Class1,福島,28.000000000,11,2023,l2_logistic_c0.1,0.499993921,0.214285714
2023-11-11,202303030312,2020101517,11,ソノママソノママ,0,14,Class1,福島,28.000000000,4,2023,l2_logistic_c0.1,0.288243778,0.214285714
2023-11-11,202303030312,2020103311,12,エナジーチャイム,0,14,Class1,福島,76.000000000,6,2023,l2_logistic_c0.1,0.131937853,0.214285714
2023-11-11,202303030312,2019104764,14,ジェットグリッター,0,14,Class1,福島,7.000000000,19,2023,l2_logistic_c0.1,0.111228063,0.214285714
2023-11-12,202303030407,2020102591,1,メリオルヴィータ,0,15,Class1,福島,35.000000000,9,2023,l2_logistic_c0.1,0.141719704,0.200000000
2023-11-12,202303030407,2020104825,2,スカプラリオ,1,15,Class1,福島,28.000000000,10,2023,l2_logistic_c0.1,0.166525562,0.200000000
2023-11-12,202303030407,2019106637,3,アポロルタ,1,15,Class1,福島,15.000000000,13,2023,l2_logistic_c0.1,0.232657854,0.200000000
2023-11-12,202303030407,2018105257,4,ダノンジェネラル,0,15,Class1,福島,56.000000000,15,2023,l2_logistic_c0.1,0.157945743,0.200000000
2023-11-12,202303030407,2019102303,6,アイムファイン,0,15,Class1,福島,28.000000000,17,2023,l2_logistic_c0.1,0.258617206,0.200000000
2023-11-12,202303030407,2019106707,7,クインズコスモス,0,15,Class1,福島,15.000000000,13,2023,l2_logistic_c0.1,0.351385801,0.200000000
2023-11-12,202303030407,2019101037,8,エシェロン,0,15,Class1,福島,189.000000000,14,2023,l2_logistic_c0.1,0.049549452,0.200000000
2023-11-12,202303030407,2020101195,9,ゴルトリッチ,0,15,Class1,福島,56.000000000,9,2023,l2_logistic_c0.1,0.213313250,0.200000000
2023-11-12,202303030407,2020103670,10,ショウナンハクウン,0,15,Class1,福島,7.000000000,10,2023,l2_logistic_c0.1,0.255538868,0.200000000
2023-11-12,202303030407,2020106750,11,シルヴァーゴースト,0,15,Class1,福島,78.000000000,11,2023,l2_logistic_c0.1,0.143293029,0.200000000
2023-11-12,202303030407,2019102068,12,シャウビンダー,0,15,Class1,福島,29.000000000,15,2023,l2_logistic_c0.1,0.267095488,0.200000000
2023-11-12,202303030407,2018105201,13,デイトンウェイ,0,15,Class1,福島,92.000000000,17,2023,l2_logistic_c0.1,0.143138040,0.200000000
2023-11-12,202303030407,2020100305,14,セイウンスイート,0,15,Class1,福島,8.000000000,13,2023,l2_logistic_c0.1,0.109139973,0.200000000
2023-11-12,202303030407,2019104007,15,タイキマクスウェル,0,15,Class1,福島,7.000000000,14,2023,l2_logistic_c0.1,0.057368600,0.200000000
2023-11-12,202303030409,2021102775,2,レガテアドール,0,15,Open,福島,28.000000000,5,2023,l2_logistic_c0.1,0.336151437,0.200000000
2023-11-12,202303030409,2021100895,3,サフランヒーロー,0,15,Open,福島,50.000000000,3,2023,l2_logistic_c0.1,0.289568530,0.200000000
2023-11-12,202303030409,2021105057,4,オンザヴィーナス,0,15,Open,福島,50.000000000,3,2023,l2_logistic_c0.1,0.373910077,0.200000000
2023-11-12,202303030409,2021106722,7,マーゴットファブ,0,15,Open,福島,42.000000000,4,2023,l2_logistic_c0.1,0.163128825,0.200000000
2023-11-12,202303030409,2021101905,9,キョウエイカンセ,0,15,Open,福島,57.000000000,3,2023,l2_logistic_c0.1,0.133835211,0.200000000
2023-11-12,202303030409,2021100782,10,ドナヴィーナス,0,15,Open,福島,70.000000000,3,2023,l2_logistic_c0.1,0.299029690,0.200000000
2023-11-12,202303030409,2021100610,13,アサギリ,0,15,Open,福島,21.000000000,3,2023,l2_logistic_c0.1,0.162271836,0.200000000
2023-11-12,202303030409,2021110027,14,エトヴプレ,1,15,Open,福島,50.000000000,3,2023,l2_logistic_c0.1,0.378027634,0.200000000
2023-11-18,202303030508,2020106495,1,サンスレッド,0,16,Class1,福島,83.000000000,8,2023,l2_logistic_c0.1,0.124268251,0.187500000
2023-11-18,202303030508,2020109102,2,サウザンサニー,1,16,Class1,福島,76.000000000,7,2023,l2_logistic_c0.1,0.536267177,0.187500000
2023-11-18,202303030508,2018104762,3,キャニオニング,0,16,Class1,福島,14.000000000,27,2023,l2_logistic_c0.1,0.071967461,0.187500000
2023-11-18,202303030508,2018100406,4,ヴィントミューレ,1,16,Class1,福島,14.000000000,14,2023,l2_logistic_c0.1,0.304269644,0.187500000
2023-11-18,202303030508,2020100289,5,シルバーダイヤ,0,16,Class1,福島,104.000000000,7,2023,l2_logistic_c0.1,0.226186749,0.187500000
2023-11-18,202303030508,2019102303,6,アイムファイン,0,16,Class1,福島,6.000000000,18,2023,l2_logistic_c0.1,0.336152969,0.187500000
2023-11-18,202303030508,2019104568,7,ビレッジスター,0,16,Class1,福島,21.000000000,16,2023,l2_logistic_c0.1,0.234122409,0.187500000
2023-11-18,202303030508,2018104938,8,ヴェールクレール,1,16,Class1,福島,14.000000000,19,2023,l2_logistic_c0.1,0.316764757,0.187500000
2023-11-18,202303030508,2018103103,9,ブラックハート,0,16,Class1,福島,188.000000000,13,2023,l2_logistic_c0.1,0.105808928,0.187500000
2023-11-18,202303030508,2018104872,10,アクアマリンブルー,0,16,Class1,福島,14.000000000,11,2023,l2_logistic_c0.1,0.264907040,0.187500000
2023-11-18,202303030508,2020106407,11,ライブリームーラン,0,16,Class1,福島,118.000000000,6,2023,l2_logistic_c0.1,0.468471492,0.187500000
2023-11-18,202303030508,2020105484,12,ニシノコウダイ,0,16,Class1,福島,13.000000000,10,2023,l2_logistic_c0.1,0.346441804,0.187500000
2023-11-18,202303030508,2020103270,13,ダミエ,0,16,Class1,福島,55.000000000,9,2023,l2_logistic_c0.1,0.352876157,0.187500000
2023-11-18,202303030508,2017105132,14,パラティーノヒル,0,16,Class1,福島,104.000000000,41,2023,l2_logistic_c0.1,0.037949510,0.187500000
2023-11-18,202303030508,2020101378,15,アイヲツグモノ,0,16,Class1,福島,13.000000000,8,2023,l2_logistic_c0.1,0.095708876,0.187500000
2023-11-18,202303030508,2019103193,16,トリップトゥムーン,0,16,Class1,福島,62.000000000,20,2023,l2_logistic_c0.1,0.163616108,0.187500000
2023-11-18,202303030511,2018104347,1,ユキノファラオ,0,16,Class3,福島,203.000000000,22,2023,l2_logistic_c0.1,0.146962774,0.187500000
2023-11-18,202303030511,2017100416,2,リーゼントフラム,0,16,Class3,福島,98.000000000,13,2023,l2_logistic_c0.1,0.116802254,0.187500000
2023-11-18,202303030511,2020100443,3,エイシンエイト,0,16,Class3,福島,28.000000000,4,2023,l2_logistic_c0.1,0.397993378,0.187500000
2023-11-18,202303030511,2018100652,4,ファイアダンサー,1,16,Class3,福島,20.000000000,26,2023,l2_logistic_c0.1,0.207115732,0.187500000
2023-11-18,202303030511,2018103926,5,ショウナンラスボス,0,16,Class3,福島,153.000000000,28,2023,l2_logistic_c0.1,0.191308437,0.187500000
2023-11-18,202303030511,2019103010,6,オードゥメール,0,16,Class3,福島,119.000000000,16,2023,l2_logistic_c0.1,0.165589757,0.187500000
2023-11-18,202303030511,2020100056,7,クールムーア,0,16,Class3,福島,77.000000000,15,2023,l2_logistic_c0.1,0.434450283,0.187500000
2023-11-18,202303030511,2020100105,8,エイシンフェンサー,1,16,Class3,福島,118.000000000,8,2023,l2_logistic_c0.1,0.385867196,0.187500000
2023-11-18,202303030511,2019105044,9,アドマイヤラヴィ,0,16,Class3,福島,90.000000000,11,2023,l2_logistic_c0.1,0.597126240,0.187500000
2023-11-18,202303030511,2018106389,10,メイショウツツジ,1,16,Class3,福島,77.000000000,24,2023,l2_logistic_c0.1,0.043626452,0.187500000
2023-11-18,202303030511,2020105365,11,ドーバーホーク,0,16,Class3,福島,35.000000000,9,2023,l2_logistic_c0.1,0.446964493,0.187500000
2023-11-18,202303030511,2018105223,12,モンファボリ,0,16,Class3,福島,77.000000000,24,2023,l2_logistic_c0.1,0.176187715,0.187500000
2023-11-18,202303030511,2019105452,13,ミッキーハーモニー,0,16,Class3,福島,203.000000000,7,2023,l2_logistic_c0.1,0.317395242,0.187500000
2023-11-18,202303030511,2018102669,14,スズノナデシコ,0,16,Class3,福島,125.000000000,21,2023,l2_logistic_c0.1,0.381102443,0.187500000
2023-11-18,202303030511,2019105766,15,アメトリーチェ,0,16,Class3,福島,21.000000000,12,2023,l2_logistic_c0.1,0.122204954,0.187500000
2023-11-18,202303030511,2018102831,16,ジャストザビアンカ,0,16,Class3,福島,195.000000000,20,2023,l2_logistic_c0.1,0.098916136,0.187500000
2023-11-19,202303030606,2021105696,1,ステイチューンド,1,15,Maiden,福島,14.000000000,3,2023,l2_logistic_c0.1,0.482392554,0.200000000
2023-11-19,202303030606,2021105060,6,メイザーキック,0,15,Maiden,福島,15.000000000,5,2023,l2_logistic_c0.1,0.539655951,0.200000000
2023-11-19,202303030606,2021102057,7,サノノリッチ,0,15,Maiden,福島,78.000000000,4,2023,l2_logistic_c0.1,0.077543061,0.200000000
2023-11-19,202303030606,2021101279,8,シャインヴィーナス,1,15,Maiden,福島,8.000000000,3,2023,l2_logistic_c0.1,0.540405880,0.200000000
2023-11-19,202303030606,2021107373,9,ティキー,0,15,Maiden,福島,29.000000000,3,2023,l2_logistic_c0.1,0.293146095,0.200000000
2023-11-19,202303030612,2019106290,1,プリティーメモリー,0,16,Class1,福島,477.000000000,8,2023,l2_logistic_c0.1,0.270079258,0.187500000
2023-11-19,202303030612,2020104983,2,マルプリ,1,16,Class1,福島,8.000000000,10,2023,l2_logistic_c0.1,0.504899098,0.187500000
2023-11-19,202303030612,2019104143,3,ミュージアムピース,0,16,Class1,福島,41.000000000,13,2023,l2_logistic_c0.1,0.283882798,0.187500000
2023-11-19,202303030612,2020100906,4,フライングブレード,1,16,Class1,福島,15.000000000,9,2023,l2_logistic_c0.1,0.563942251,0.187500000
2023-11-19,202303030612,2018105523,5,シュライエン,0,16,Class1,福島,29.000000000,19,2023,l2_logistic_c0.1,0.204295318,0.187500000
2023-11-19,202303030612,2019101562,6,デフィデリ,0,16,Class1,福島,14.000000000,23,2023,l2_logistic_c0.1,0.280925102,0.187500000
2023-11-19,202303030612,2019104002,7,タイキバンディエラ,0,16,Class1,福島,36.000000000,12,2023,l2_logistic_c0.1,0.094560363,0.187500000
2023-11-19,202303030612,2018102580,8,ティフォーザ,0,16,Class1,福島,35.000000000,14,2023,l2_logistic_c0.1,0.063296066,0.187500000
2023-11-19,202303030612,2020101184,9,シャイニースイフト,0,16,Class1,福島,21.000000000,10,2023,l2_logistic_c0.1,0.627790123,0.187500000
2023-11-19,202303030612,2018101804,10,グローリアスカペラ,0,16,Class1,福島,700.000000000,12,2023,l2_logistic_c0.1,0.143411682,0.187500000
2023-11-19,202303030612,2018101215,11,クリノヴァニラ,0,16,Class1,福島,22.000000000,15,2023,l2_logistic_c0.1,0.056402322,0.187500000
2023-11-19,202303030612,2017100169,12,ソルトキャピタル,0,16,Class1,福島,120.000000000,35,2023,l2_logistic_c0.1,0.065988581,0.187500000
2023-11-19,202303030612,2019106503,13,ソレントフレイバー,1,16,Class1,福島,21.000000000,18,2023,l2_logistic_c0.1,0.305818857,0.187500000
2023-11-19,202303030612,2020102507,14,トーセンサマンサ,0,16,Class1,福島,28.000000000,8,2023,l2_logistic_c0.1,0.146699433,0.187500000
2023-11-19,202303030612,2020103218,15,フミサウンド,0,16,Class1,福島,21.000000000,8,2023,l2_logistic_c0.1,0.396978913,0.187500000
2023-11-19,202303030612,2020102299,16,アシャカタカ,0,16,Class1,福島,36.000000000,8,2023,l2_logistic_c0.1,0.154125264,0.187500000
2023-11-19,202308030601,2021102914,7,モズトキキ,1,15,Maiden,京都,22.000000000,3,2023,l2_logistic_c0.1,0.296400495,0.200000000
2023-11-19,202308030601,2021102952,10,オベイユアマスター,1,15,Maiden,京都,14.000000000,3,2023,l2_logistic_c0.1,0.213989118,0.200000000
2023-11-19,202308030601,2021100401,12,ニシノミニョンヌ,0,15,Maiden,京都,63.000000000,3,2023,l2_logistic_c0.1,0.168145525,0.200000000
2023-11-19,202308030601,2021109149,15,カシノフロイデ,0,15,Maiden,京都,85.000000000,3,2023,l2_logistic_c0.1,0.115445899,0.200000000
2023-11-25,202308030712,2018104621,1,サトノルーチェ,0,18,Class2,京都,97.000000000,18,2023,l2_logistic_c0.1,0.199807501,0.166666667
2023-11-25,202308030712,2019105738,2,ピンクセイラー,0,18,Class2,京都,56.000000000,12,2023,l2_logistic_c0.1,0.183881889,0.166666667
2023-11-25,202308030712,2020101763,3,トーホウフランゴ,0,18,Class2,京都,63.000000000,12,2023,l2_logistic_c0.1,0.204771078,0.166666667
2023-11-25,202308030712,2018100097,4,スマートルシーダ,0,18,Class2,京都,84.000000000,20,2023,l2_logistic_c0.1,0.220538230,0.166666667
2023-11-25,202308030712,2020104613,5,タツダイヤモンド,0,18,Class2,京都,14.000000000,9,2023,l2_logistic_c0.1,0.135953039,0.166666667
2023-11-25,202308030712,2020110090,6,ティニア,1,18,Class2,京都,14.000000000,9,2023,l2_logistic_c0.1,0.300864568,0.166666667
2023-11-25,202308030712,2020101897,7,レッドヒルシューズ,0,18,Class2,京都,14.000000000,11,2023,l2_logistic_c0.1,0.484369712,0.166666667
2023-11-25,202308030712,2020100121,8,イイヒニナル,0,18,Class2,京都,90.000000000,7,2023,l2_logistic_c0.1,0.303771195,0.166666667
2023-11-25,202308030712,2019105412,9,プリモカリーナ,0,18,Class2,京都,14.000000000,12,2023,l2_logistic_c0.1,0.345945195,0.166666667
2023-11-25,202308030712,2019104361,10,テーオースパロー,0,18,Class2,京都,28.000000000,22,2023,l2_logistic_c0.1,0.266687268,0.166666667
2023-11-25,202308030712,2019102240,11,マメコ,1,18,Class2,京都,20.000000000,16,2023,l2_logistic_c0.1,0.380914801,0.166666667
2023-11-25,202308030712,2018102091,12,ウルトラソニック,0,18,Class2,京都,14.000000000,18,2023,l2_logistic_c0.1,0.177902644,0.166666667
2023-11-25,202308030712,2017102809,13,ガリレイ,1,18,Class2,京都,84.000000000,27,2023,l2_logistic_c0.1,0.147806906,0.166666667
2023-11-25,202308030712,2020103284,14,トールキン,0,18,Class2,京都,97.000000000,8,2023,l2_logistic_c0.1,0.158469023,0.166666667
2023-11-25,202308030712,2018100480,15,デルマヤクシ,0,18,Class2,京都,63.000000000,21,2023,l2_logistic_c0.1,0.089811077,0.166666667
2023-11-25,202308030712,2019104721,16,ピラティス,0,18,Class2,京都,132.000000000,12,2023,l2_logistic_c0.1,0.238750360,0.166666667
2023-11-25,202308030712,2019104078,17,メイショウグラニー,0,18,Class2,京都,280.000000000,11,2023,l2_logistic_c0.1,0.230975668,0.166666667
2023-11-25,202308030712,2019104818,18,メイケイバートン,0,18,Class2,京都,21.000000000,15,2023,l2_logistic_c0.1,0.255026046,0.166666667
2023-11-26,202308030812,2019104915,1,バンデルオーラ,0,18,Open,京都,21.000000000,14,2023,l2_logistic_c0.1,0.158807342,0.166666667
2023-11-26,202308030812,2020100896,2,ビッグシーザー,0,18,Open,京都,49.000000000,9,2023,l2_logistic_c0.1,0.328755039,0.166666667
2023-11-26,202308030812,2020102660,3,シングザットソング,0,18,Open,京都,49.000000000,8,2023,l2_logistic_c0.1,0.245439134,0.166666667
2023-11-26,202308030812,2017106387,4,スマートリアン,0,18,Open,京都,29.000000000,27,2023,l2_logistic_c0.1,0.253604440,0.166666667
2023-11-26,202308030812,2019104470,5,キミワクイーン,0,18,Open,京都,56.000000000,13,2023,l2_logistic_c0.1,0.285149967,0.166666667
2023-11-26,202308030812,2019102979,6,エイシンスポッター,1,18,Open,京都,56.000000000,16,2023,l2_logistic_c0.1,0.215358883,0.166666667
2023-11-26,202308030812,2019110001,7,ショウナンハクラク,0,18,Open,京都,21.000000000,17,2023,l2_logistic_c0.1,0.220368900,0.166666667
2023-11-26,202308030812,2017105661,8,ジュビリーヘッド,0,18,Open,京都,56.000000000,28,2023,l2_logistic_c0.1,0.236607909,0.166666667
2023-11-26,202308030812,2017106137,9,グレイトゲイナー,0,18,Open,京都,21.000000000,34,2023,l2_logistic_c0.1,0.139125925,0.166666667
2023-11-26,202308030812,2020106851,10,ルガル,1,18,Open,京都,29.000000000,9,2023,l2_logistic_c0.1,0.487065779,0.166666667
2023-11-26,202308030812,2018110035,11,シュバルツカイザー,0,18,Open,京都,21.000000000,17,2023,l2_logistic_c0.1,0.284520198,0.166666667
2023-11-26,202308030812,2020102764,12,モズメイメイ,0,18,Open,京都,56.000000000,8,2023,l2_logistic_c0.1,0.280836937,0.166666667
2023-11-26,202308030812,2016104787,13,グルーヴィット,0,18,Open,京都,21.000000000,24,2023,l2_logistic_c0.1,0.047446245,0.166666667
2023-11-26,202308030812,2017100583,14,ディヴィナシオン,0,18,Open,京都,21.000000000,46,2023,l2_logistic_c0.1,0.073942816,0.166666667
2023-11-26,202308030812,2019110031,15,エクセトラ,0,18,Open,京都,29.000000000,16,2023,l2_logistic_c0.1,0.223396965,0.166666667
2023-11-26,202308030812,2018104331,16,ヴァトレニ,0,18,Open,京都,77.000000000,22,2023,l2_logistic_c0.1,0.188918352,0.166666667
2023-11-26,202308030812,2019106526,17,トウシンマカオ,1,18,Open,京都,29.000000000,14,2023,l2_logistic_c0.1,0.313354460,0.166666667
2023-11-26,202308030812,2015104364,18,トゥラヴェスーラ,0,18,Open,京都,98.000000000,30,2023,l2_logistic_c0.1,0.148225605,0.166666667
2023-12-02,202306050112,2020106910,1,エッセレンチ,0,16,Class2,中山,13.000000000,8,2023,l2_logistic_c0.1,0.379332146,0.187500000
2023-12-02,202306050112,2018103485,2,ジャガード,0,16,Class2,中山,63.000000000,25,2023,l2_logistic_c0.1,0.082667934,0.187500000
2023-12-02,202306050112,2019102456,3,ナバロン,0,16,Class2,中山,21.000000000,23,2023,l2_logistic_c0.1,0.072965695,0.187500000
2023-12-02,202306050112,2019103120,4,リトス,1,16,Class2,中山,49.000000000,20,2023,l2_logistic_c0.1,0.089351522,0.187500000
2023-12-02,202306050112,2019100292,5,ダレモトメラレナイ,0,16,Class2,中山,41.000000000,15,2023,l2_logistic_c0.1,0.130907636,0.187500000
2023-12-02,202306050112,2019104868,6,ブルトンクール,0,16,Class2,中山,21.000000000,13,2023,l2_logistic_c0.1,0.088641770,0.187500000
2023-12-02,202306050112,2019101262,7,ショウナンアメリア,0,16,Class2,中山,35.000000000,18,2023,l2_logistic_c0.1,0.142900950,0.187500000
2023-12-02,202306050112,2019106076,8,ケイアイオメガ,0,16,Class2,中山,455.000000000,5,2023,l2_logistic_c0.1,0.227009372,0.187500000
2023-12-02,202306050112,2018100636,9,ステラダイヤ,0,16,Class2,中山,49.000000000,19,2023,l2_logistic_c0.1,0.152619942,0.187500000
2023-12-02,202306050112,2018103957,10,ココリホウオウ,0,16,Class2,中山,182.000000000,21,2023,l2_logistic_c0.1,0.278894793,0.187500000
2023-12-02,202306050112,2018105874,11,ルルローズ,0,16,Class2,中山,27.000000000,17,2023,l2_logistic_c0.1,0.109999839,0.187500000
2023-12-02,202306050112,2019105238,12,フリートオブフット,0,16,Class2,中山,63.000000000,14,2023,l2_logistic_c0.1,0.132382142,0.187500000
2023-12-02,202306050112,2019103897,13,ハピネスアゲン,1,16,Class2,中山,21.000000000,17,2023,l2_logistic_c0.1,0.359724353,0.187500000
2023-12-02,202306050112,2019101626,14,ピンクマクフィー,1,16,Class2,中山,35.000000000,12,2023,l2_logistic_c0.1,0.213079365,0.187500000
2023-12-02,202306050112,2018100433,15,ブロンズレッド,0,16,Class2,中山,21.000000000,17,2023,l2_logistic_c0.1,0.093881302,0.187500000
2023-12-02,202307040104,2021102519,7,ミックスアップ,0,12,Maiden,中京,13.000000000,3,2023,l2_logistic_c0.1,0.071789886,0.250000000
2023-12-02,202307040104,2021107169,8,ネムレスクイーン,0,12,Maiden,中京,13.000000000,3,2023,l2_logistic_c0.1,0.411233008,0.250000000
2023-12-02,202309050109,2021107058,1,ピューロマジック,1,10,Class1,阪神,28.000000000,4,2023,l2_logistic_c0.1,0.610691070,0.300000000
2023-12-02,202309050109,2021105358,2,アスティスプマンテ,0,10,Class1,阪神,13.000000000,3,2023,l2_logistic_c0.1,0.599983937,0.300000000
2023-12-02,202309050109,2021106854,3,ハピアーザンエバー,0,10,Class1,阪神,21.000000000,3,2023,l2_logistic_c0.1,0.446432603,0.300000000
2023-12-02,202309050109,2021100782,4,ドナヴィーナス,0,10,Class1,阪神,20.000000000,4,2023,l2_logistic_c0.1,0.497931715,0.300000000
2023-12-02,202309050109,2021105753,5,フェンダー,0,10,Class1,阪神,13.000000000,5,2023,l2_logistic_c0.1,0.453432620,0.300000000
2023-12-02,202309050109,2021109123,7,ユメカナウケン,0,10,Class1,阪神,98.000000000,3,2023,l2_logistic_c0.1,0.577137912,0.300000000
2023-12-02,202309050109,2021105054,8,モンシュマン,1,10,Class1,阪神,70.000000000,4,2023,l2_logistic_c0.1,0.441292718,0.300000000
2023-12-02,202309050109,2021104140,9,グレースルージュ,0,10,Class1,阪神,27.000000000,3,2023,l2_logistic_c0.1,0.454096433,0.300000000
2023-12-02,202309050109,2021110132,10,ジャスパーノワール,1,10,Class1,阪神,28.000000000,3,2023,l2_logistic_c0.1,0.495904522,0.300000000
2023-12-03,202306050209,2019103010,1,オードゥメール,1,15,Class3,中山,15.000000000,17,2023,l2_logistic_c0.1,0.112028811,0.200000000
2023-12-03,202306050209,2019109094,2,ブッシュガーデン,0,15,Class3,中山,28.000000000,23,2023,l2_logistic_c0.1,0.359575198,0.200000000
2023-12-03,202306050209,2019101903,3,ブレスレスリー,0,15,Class3,中山,28.000000000,18,2023,l2_logistic_c0.1,0.417371086,0.200000000
2023-12-03,202306050209,2018100756,4,シュアーヴアリア,0,15,Class3,中山,43.000000000,33,2023,l2_logistic_c0.1,0.149465656,0.200000000
2023-12-03,202306050209,2020101827,5,バースクライ,1,15,Class3,中山,71.000000000,7,2023,l2_logistic_c0.1,0.479954122,0.200000000
2023-12-03,202306050209,2020100056,6,クールムーア,0,15,Class3,中山,15.000000000,16,2023,l2_logistic_c0.1,0.290317124,0.200000000
2023-12-03,202306050209,2020100607,7,サンティーテソーロ,0,15,Class3,中山,43.000000000,9,2023,l2_logistic_c0.1,0.478654880,0.200000000
2023-12-03,202306050209,2020106706,8,タリア,0,15,Class3,中山,64.000000000,11,2023,l2_logistic_c0.1,0.455348465,0.200000000
2023-12-03,202306050209,2018104347,9,ユキノファラオ,0,15,Class3,中山,15.000000000,23,2023,l2_logistic_c0.1,0.093925014,0.200000000
2023-12-03,202306050209,2018105183,10,インテグリフォリア,0,15,Class3,中山,50.000000000,8,2023,l2_logistic_c0.1,0.295774544,0.200000000
2023-12-03,202306050209,2018110037,11,ブルースピリット,0,15,Class3,中山,134.000000000,15,2023,l2_logistic_c0.1,0.233776902,0.200000000
2023-12-03,202306050209,2020101419,12,ブーケファロス,0,15,Class3,中山,28.000000000,13,2023,l2_logistic_c0.1,0.312643389,0.200000000
2023-12-03,202306050209,2019100214,13,ウインモナーク,0,15,Class3,中山,22.000000000,13,2023,l2_logistic_c0.1,0.389442184,0.200000000
2023-12-03,202306050209,2017103105,14,グッドマックス,0,15,Class3,中山,28.000000000,34,2023,l2_logistic_c0.1,0.065326271,0.200000000
2023-12-03,202306050209,2020100443,15,エイシンエイト,1,15,Class3,中山,15.000000000,5,2023,l2_logistic_c0.1,0.292433127,0.200000000
2023-12-03,202306050211,2017106720,1,サンライズオネスト,0,11,Open,中山,28.000000000,28,2023,l2_logistic_c0.1,0.268732244,0.272727273
2023-12-03,202306050211,2018103515,2,カンティーユ,1,11,Open,中山,133.000000000,4,2023,l2_logistic_c0.1,0.552424590,0.272727273
2023-12-03,202306050211,2017100367,3,サトノファビュラス,0,11,Open,中山,35.000000000,24,2023,l2_logistic_c0.1,0.256139419,0.272727273
2023-12-03,202306050211,2018110050,4,サマートゥリスト,0,11,Open,中山,21.000000000,13,2023,l2_logistic_c0.1,0.454212691,0.272727273
2023-12-03,202306050211,2017103005,5,ロードベイリーフ,1,11,Open,中山,35.000000000,38,2023,l2_logistic_c0.1,0.247169635,0.272727273
2023-12-03,202306050211,2017106087,6,メイショウゲンセン,0,11,Open,中山,56.000000000,17,2023,l2_logistic_c0.1,0.404254211,0.272727273
2023-12-03,202306050211,2015100822,7,タイセイアベニール,0,11,Open,中山,21.000000000,50,2023,l2_logistic_c0.1,0.106492521,0.272727273
2023-12-03,202306050211,2019105658,8,オタルエバー,1,11,Open,中山,43.000000000,12,2023,l2_logistic_c0.1,0.380719250,0.272727273
2023-12-03,202306050211,2019100765,9,コムストックロード,0,11,Open,中山,28.000000000,21,2023,l2_logistic_c0.1,0.189078199,0.272727273
2023-12-03,202306050211,2016110119,10,ジャスパージャック,0,11,Open,中山,35.000000000,24,2023,l2_logistic_c0.1,0.156173467,0.272727273
2023-12-03,202306050211,2019100450,11,ファロロジー,0,11,Open,中山,28.000000000,21,2023,l2_logistic_c0.1,0.221167259,0.272727273
2023-12-09,202306050307,2020104796,1,ホイッスルソング,0,14,Class1,中山,61.000000000,4,2023,l2_logistic_c0.1,0.249586708,0.214285714
2023-12-09,202306050307,2019106503,2,ソレントフレイバー,0,14,Class1,中山,20.000000000,19,2023,l2_logistic_c0.1,0.321983546,0.214285714
2023-12-09,202306050307,2020109102,3,サウザンサニー,1,14,Class1,中山,21.000000000,8,2023,l2_logistic_c0.1,0.512811313,0.214285714
2023-12-09,202306050307,2019106637,4,アポロルタ,0,14,Class1,中山,27.000000000,14,2023,l2_logistic_c0.1,0.175998974,0.214285714
2023-12-09,202306050307,2020103844,5,フリントロック,0,14,Class1,中山,104.000000000,8,2023,l2_logistic_c0.1,0.195987464,0.214285714
2023-12-09,202306050307,2019103517,6,ディージェーサン,0,14,Class1,中山,28.000000000,16,2023,l2_logistic_c0.1,0.308386035,0.214285714
2023-12-09,202306050307,2020102299,7,アシャカタカ,1,14,Class1,中山,20.000000000,9,2023,l2_logistic_c0.1,0.225250992,0.214285714
2023-12-09,202306050307,2020102934,8,ディナトセレーネ,0,14,Class1,中山,42.000000000,8,2023,l2_logistic_c0.1,0.163683585,0.214285714
2023-12-09,202306050307,2020103365,9,ウィズダムハート,0,14,Class1,中山,97.000000000,7,2023,l2_logistic_c0.1,0.128468457,0.214285714
2023-12-09,202306050307,2019104143,10,ミュージアムピース,0,14,Class1,中山,20.000000000,14,2023,l2_logistic_c0.1,0.244390757,0.214285714
2023-12-09,202306050307,2020101967,11,ダイシンヤマト,1,14,Class1,中山,21.000000000,8,2023,l2_logistic_c0.1,0.427739755,0.214285714
2023-12-09,202306050307,2017103309,12,ホウオウエンジェル,0,14,Class1,中山,35.000000000,30,2023,l2_logistic_c0.1,0.194756489,0.214285714
2023-12-09,202306050307,2018102069,13,ラナキラ,0,14,Class1,中山,28.000000000,15,2023,l2_logistic_c0.1,0.332690816,0.214285714
2023-12-09,202306050307,2018100094,15,ナムラシベラ,0,14,Class1,中山,77.000000000,5,2023,l2_logistic_c0.1,0.152935872,0.214285714
2023-12-09,202306050309,2021106178,1,シュシュトディエス,0,11,Class1,中山,20.000000000,3,2023,l2_logistic_c0.1,0.419127317,0.272727273
2023-12-09,202306050309,2021110021,2,スピリットガイド,1,11,Class1,中山,49.000000000,4,2023,l2_logistic_c0.1,0.531628829,0.272727273
2023-12-09,202306050309,2021106440,4,アララララ,1,11,Class1,中山,34.000000000,6,2023,l2_logistic_c0.1,0.635475416,0.272727273
2023-12-09,202306050309,2021102254,6,コルルディ,0,11,Class1,中山,20.000000000,3,2023,l2_logistic_c0.1,0.289518517,0.272727273
2023-12-09,202306050309,2021101905,8,キョウエイカンセ,0,11,Class1,中山,27.000000000,4,2023,l2_logistic_c0.1,0.308253680,0.272727273
2023-12-09,202306050309,2021105122,9,マスクオールウィン,1,11,Class1,中山,77.000000000,4,2023,l2_logistic_c0.1,0.561624246,0.272727273
2023-12-09,202306050309,2021106939,10,タイセイフェスタ,0,11,Class1,中山,7.000000000,3,2023,l2_logistic_c0.1,0.438312942,0.272727273
2023-12-09,202306050309,2021100356,11,クールベイビー,0,11,Class1,中山,27.000000000,3,2023,l2_logistic_c0.1,0.307637974,0.272727273
2023-12-09,202307040312,2017105132,1,パラティーノヒル,0,15,Class1,中京,7.000000000,43,2023,l2_logistic_c0.1,0.031061021,0.200000000
2023-12-09,202307040312,2018105357,2,ラピカズマ,0,15,Class1,中京,35.000000000,25,2023,l2_logistic_c0.1,0.114103297,0.200000000
2023-12-09,202307040312,2018105231,3,ラヴォルタ,1,15,Class1,中京,61.000000000,13,2023,l2_logistic_c0.1,0.168165783,0.200000000
2023-12-09,202307040312,2020100906,4,フライングブレード,1,15,Class1,中京,20.000000000,10,2023,l2_logistic_c0.1,0.526391673,0.200000000
2023-12-09,202307040312,2020103578,5,ロッククリーク,0,15,Class1,中京,56.000000000,5,2023,l2_logistic_c0.1,0.139951459,0.200000000
2023-12-09,202307040312,2018100618,6,トーホウジュナール,0,15,Class1,中京,56.000000000,24,2023,l2_logistic_c0.1,0.158408843,0.200000000
2023-12-09,202307040312,2019106707,7,クインズコスモス,0,15,Class1,中京,27.000000000,14,2023,l2_logistic_c0.1,0.311838342,0.200000000
2023-12-09,202307040312,2020102229,8,リシャールケリー,1,15,Class1,中京,55.000000000,5,2023,l2_logistic_c0.1,0.074012023,0.200000000
2023-12-09,202307040312,2019101998,9,サンマルクレイジー,0,15,Class1,中京,28.000000000,14,2023,l2_logistic_c0.1,0.093549550,0.200000000
2023-12-09,202307040312,2019105389,10,フィオリーカズマ,0,15,Class1,中京,6.000000000,10,2023,l2_logistic_c0.1,0.061519387,0.200000000
2023-12-09,202307040312,2018106701,11,ルヴァンノワール,0,15,Class1,中京,202.000000000,25,2023,l2_logistic_c0.1,0.135049638,0.200000000
2023-12-09,202307040312,2019106194,12,コーリングユー,0,15,Class1,中京,104.000000000,13,2023,l2_logistic_c0.1,0.325638529,0.200000000
2023-12-09,202307040312,2020104905,13,ハクサンミニョン,0,15,Class1,中京,6.000000000,4,2023,l2_logistic_c0.1,0.268063399,0.200000000
2023-12-09,202307040312,2019101032,14,ユキヤナギ,0,15,Class1,中京,35.000000000,23,2023,l2_logistic_c0.1,0.025937514,0.200000000
2023-12-09,202307040312,2020103588,15,マテンロウナイト,0,15,Class1,中京,139.000000000,9,2023,l2_logistic_c0.1,0.168592555,0.200000000
2023-12-09,202309050312,2020105568,1,ハクサンパイオニア,1,12,Class2,阪神,6.000000000,15,2023,l2_logistic_c0.1,0.249168118,0.250000000
2023-12-09,202309050312,2018100097,2,スマートルシーダ,0,12,Class2,阪神,14.000000000,21,2023,l2_logistic_c0.1,0.341276231,0.250000000
2023-12-09,202309050312,2020104674,3,バレリーナ,0,12,Class2,阪神,111.000000000,7,2023,l2_logistic_c0.1,0.132278952,0.250000000
2023-12-09,202309050312,2020101792,4,プロスペリダード,1,12,Class2,阪神,83.000000000,10,2023,l2_logistic_c0.1,0.664339312,0.250000000
2023-12-09,202309050312,2018103620,5,ロゼクラン,0,12,Class2,阪神,6.000000000,19,2023,l2_logistic_c0.1,0.254366228,0.250000000
2023-12-09,202309050312,2020101031,6,アスクエピソード,1,12,Class2,阪神,98.000000000,10,2023,l2_logistic_c0.1,0.404034301,0.250000000
2023-12-09,202309050312,2019100210,7,ウインバグース,0,12,Class2,阪神,6.000000000,18,2023,l2_logistic_c0.1,0.349763249,0.250000000
2023-12-09,202309050312,2018103902,8,サウンドブライアン,0,12,Class2,阪神,48.000000000,29,2023,l2_logistic_c0.1,0.128648364,0.250000000
2023-12-09,202309050312,2020101763,9,トーホウフランゴ,0,12,Class2,阪神,14.000000000,13,2023,l2_logistic_c0.1,0.214390919,0.250000000
2023-12-09,202309050312,2018103611,10,デルマカンノン,0,12,Class2,阪神,48.000000000,35,2023,l2_logistic_c0.1,0.080698366,0.250000000
2023-12-09,202309050312,2018100480,11,デルマヤクシ,0,12,Class2,阪神,14.000000000,22,2023,l2_logistic_c0.1,0.094975404,0.250000000
2023-12-09,202309050312,2017104128,12,バーンパッション,0,12,Class2,阪神,14.000000000,37,2023,l2_logistic_c0.1,0.045750318,0.250000000
2023-12-10,202306050402,2021100015,1,キラン,0,16,Maiden,中山,50.000000000,5,2023,l2_logistic_c0.1,0.175412722,0.187500000
2023-12-10,202306050402,2021107068,2,ミスサン,0,16,Maiden,中山,36.000000000,4,2023,l2_logistic_c0.1,0.124426334,0.187500000
2023-12-10,202306050402,2021101252,3,マリノバレリーナ,0,16,Maiden,中山,21.000000000,3,2023,l2_logistic_c0.1,0.292250459,0.187500000
2023-12-10,202306050402,2021104002,4,ドリームチェイサー,0,16,Maiden,中山,92.000000000,4,2023,l2_logistic_c0.1,0.065278057,0.187500000
2023-12-10,202306050402,2021101394,5,モンレーヴ,1,16,Maiden,中山,77.000000000,3,2023,l2_logistic_c0.1,0.419392454,0.187500000
2023-12-10,202306050402,2021101867,6,モノノフノミチ,0,16,Maiden,中山,84.000000000,4,2023,l2_logistic_c0.1,0.094114771,0.187500000
2023-12-10,202306050402,2021101398,10,ミニマルデザイン,1,16,Maiden,中山,71.000000000,4,2023,l2_logistic_c0.1,0.328429275,0.187500000
2023-12-10,202306050402,2021109112,14,アツヒメ,0,16,Maiden,中山,105.000000000,3,2023,l2_logistic_c0.1,0.118979936,0.187500000
2023-12-10,202306050402,2021109011,15,スノーピーコック,0,16,Maiden,中山,112.000000000,4,2023,l2_logistic_c0.1,0.074410150,0.187500000
2023-12-10,202307040411,2018102649,1,タツリュウオー,0,9,Class3,中京,77.000000000,24,2023,l2_logistic_c0.1,0.171467754,0.333333333
2023-12-10,202307040411,2019104525,2,ラキエータ,0,9,Class3,中京,50.000000000,14,2023,l2_logistic_c0.1,0.375263987,0.333333333
2023-12-10,202307040411,2014103963,3,ヨドノビクトリー,0,9,Class3,中京,203.000000000,40,2023,l2_logistic_c0.1,0.048882664,0.333333333
2023-12-10,202307040411,2017106240,4,アビエルト,1,9,Class3,中京,50.000000000,38,2023,l2_logistic_c0.1,0.234125875,0.333333333
2023-12-10,202307040411,2018102491,5,メイショウエニシア,1,9,Class3,中京,35.000000000,29,2023,l2_logistic_c0.1,0.409235541,0.333333333
2023-12-10,202307040411,2018102585,6,ロードラスター,0,9,Class3,中京,50.000000000,27,2023,l2_logistic_c0.1,0.314366784,0.333333333
2023-12-10,202307040411,2019105806,7,ドロップオブライト,1,9,Class3,中京,64.000000000,14,2023,l2_logistic_c0.1,0.572243779,0.333333333
2023-12-10,202307040411,2019100581,8,ヒルノローザンヌ,0,9,Class3,中京,14.000000000,24,2023,l2_logistic_c0.1,0.146309320,0.333333333
2023-12-10,202307040411,2018106389,9,メイショウツツジ,0,9,Class3,中京,22.000000000,25,2023,l2_logistic_c0.1,0.121359780,0.333333333
2023-12-10,202309050403,2021102952,1,オベイユアマスター,1,13,Maiden,阪神,21.000000000,4,2023,l2_logistic_c0.1,0.354286128,0.230769231
2023-12-10,202309050403,2021102875,2,イズジョーゴモリー,0,13,Maiden,阪神,14.000000000,3,2023,l2_logistic_c0.1,0.105844355,0.230769231
2023-12-10,202309050403,2021100401,5,ニシノミニョンヌ,0,13,Maiden,阪神,21.000000000,4,2023,l2_logistic_c0.1,0.261627940,0.230769231
2023-12-10,202309050403,2021109151,6,ウエルカムキリシマ,0,13,Maiden,阪神,106.000000000,3,2023,l2_logistic_c0.1,0.272407274,0.230769231
2023-12-10,202309050403,2021105696,8,ステイチューンド,1,13,Maiden,阪神,21.000000000,4,2023,l2_logistic_c0.1,0.558475771,0.230769231
2023-12-10,202309050403,2021102377,10,ヴェッターホルン,0,13,Maiden,阪神,15.000000000,3,2023,l2_logistic_c0.1,0.229585624,0.230769231
2023-12-10,202309050403,2021104096,13,ミッキージャスミン,0,13,Maiden,阪神,21.000000000,3,2023,l2_logistic_c0.1,0.367957426,0.230769231
2023-12-16,202307040510,2021101023,1,アイファーバトル,0,9,Open,中京,28.000000000,6,2023,l2_logistic_c0.1,0.282066094,0.333333333
2023-12-16,202307040510,2021110132,2,ジャスパーノワール,1,9,Open,中京,14.000000000,4,2023,l2_logistic_c0.1,0.526345693,0.333333333
2023-12-16,202307040510,2021109157,3,テイエムチュララン,0,9,Open,中京,35.000000000,4,2023,l2_logistic_c0.1,0.273436030,0.333333333
2023-12-16,202307040510,2021104006,5,クリスアーサー,1,9,Open,中京,34.000000000,3,2023,l2_logistic_c0.1,0.342997477,0.333333333
2023-12-16,202307040510,2021106395,6,ハッピーサプライズ,0,9,Open,中京,13.000000000,5,2023,l2_logistic_c0.1,0.085986441,0.333333333
2023-12-16,202307040510,2021105111,7,レーザーショー,0,9,Open,中京,13.000000000,4,2023,l2_logistic_c0.1,0.284953561,0.333333333
2023-12-16,202307040510,2021110027,8,エトヴプレ,0,9,Open,中京,34.000000000,4,2023,l2_logistic_c0.1,0.530591263,0.333333333
2023-12-16,202307040510,2021100899,9,ビッグドリーム,1,9,Open,中京,84.000000000,3,2023,l2_logistic_c0.1,0.399510540,0.333333333
2023-12-16,202309050511,2019105237,1,スリーパーダ,1,16,Open,阪神,69.000000000,12,2023,l2_logistic_c0.1,0.176504755,0.187500000
2023-12-16,202309050511,2016102073,2,ホープフルサイン,1,16,Open,阪神,34.000000000,35,2023,l2_logistic_c0.1,0.065412932,0.187500000
2023-12-16,202309050511,2016104668,3,カリボール,0,16,Open,阪神,98.000000000,29,2023,l2_logistic_c0.1,0.016201549,0.187500000
2023-12-16,202309050511,2019102576,4,クリノマジン,0,16,Open,阪神,69.000000000,19,2023,l2_logistic_c0.1,0.115694447,0.187500000
2023-12-16,202309050511,2019104841,5,カルネアサーダ,1,16,Open,阪神,70.000000000,20,2023,l2_logistic_c0.1,0.119622588,0.187500000
2023-12-16,202309050511,2018106388,6,メイショウホシアイ,0,16,Open,阪神,34.000000000,24,2023,l2_logistic_c0.1,0.352005674,0.187500000
2023-12-16,202309050511,2018100040,7,アビッグチア,0,16,Open,阪神,41.000000000,16,2023,l2_logistic_c0.1,0.084289305,0.187500000
2023-12-16,202309050511,2018106055,8,ヨシノイースター,0,16,Open,阪神,167.000000000,20,2023,l2_logistic_c0.1,0.234019631,0.187500000
2023-12-16,202309050511,2018101452,9,スンリ,0,16,Open,阪神,41.000000000,27,2023,l2_logistic_c0.1,0.078293573,0.187500000
2023-12-16,202309050511,2016110119,10,ジャスパージャック,0,16,Open,阪神,13.000000000,25,2023,l2_logistic_c0.1,0.132872146,0.187500000
2023-12-16,202309050511,2020102564,11,ムーンプローブ,0,16,Open,阪神,34.000000000,9,2023,l2_logistic_c0.1,0.133550842,0.187500000
2023-12-16,202309050511,2018102360,12,メディーヴァル,0,16,Open,阪神,48.000000000,29,2023,l2_logistic_c0.1,0.083882701,0.187500000
2023-12-16,202309050511,2018106504,13,サトノアイ,0,16,Open,阪神,111.000000000,22,2023,l2_logistic_c0.1,0.105871154,0.187500000
2023-12-16,202309050511,2017104852,14,キャプテンドレイク,0,16,Open,阪神,41.000000000,24,2023,l2_logistic_c0.1,0.094877675,0.187500000
2023-12-16,202309050511,2018104331,15,ヴァトレニ,0,16,Open,阪神,20.000000000,23,2023,l2_logistic_c0.1,0.193714562,0.187500000
2023-12-16,202309050511,2019104108,16,エナジーグラン,0,16,Open,阪神,41.000000000,17,2023,l2_logistic_c0.1,0.255886901,0.187500000
2023-12-17,202307040610,2017101767,1,ベンガン,0,16,Class2,中京,36.000000000,22,2023,l2_logistic_c0.1,0.267886656,0.187500000
2023-12-17,202307040610,2018103181,2,シゲルセンム,0,16,Class2,中京,14.000000000,19,2023,l2_logistic_c0.1,0.101912853,0.187500000
2023-12-17,202307040610,2020101492,3,シンリンゲンカイ,0,16,Class2,中京,29.000000000,13,2023,l2_logistic_c0.1,0.194985089,0.187500000
2023-12-17,202307040610,2018104663,4,タウゼントシェーン,1,16,Class2,中京,56.000000000,22,2023,l2_logistic_c0.1,0.154284585,0.187500000
2023-12-17,202307040610,2020101262,5,エコロレジーナ,0,16,Class2,中京,56.000000000,12,2023,l2_logistic_c0.1,0.171905460,0.187500000
2023-12-17,202307040610,2020100736,6,ビッグボーンリタ,0,16,Class2,中京,36.000000000,9,2023,l2_logistic_c0.1,0.135223777,0.187500000
2023-12-17,202307040610,2018105873,7,ミキノバスドラム,0,16,Class2,中京,99.000000000,23,2023,l2_logistic_c0.1,0.026269824,0.187500000
2023-12-17,202307040610,2017101991,8,テンジュイン,1,16,Class2,中京,50.000000000,39,2023,l2_logistic_c0.1,0.120979635,0.187500000
2023-12-17,202307040610,2018109052,9,エコロデイジー,0,16,Class2,中京,127.000000000,20,2023,l2_logistic_c0.1,0.148009251,0.187500000
2023-12-17,202307040610,2020104942,10,シルフィードレーヴ,0,16,Class2,中京,106.000000000,10,2023,l2_logistic_c0.1,0.125453127,0.187500000
2023-12-17,202307040610,2019105050,11,メルヴィル,0,16,Class2,中京,50.000000000,12,2023,l2_logistic_c0.1,0.202686594,0.187500000
2023-12-17,202307040610,2018106455,12,メイショウハボタン,0,16,Class2,中京,28.000000000,34,2023,l2_logistic_c0.1,0.087967556,0.187500000
2023-12-17,202307040610,2017102809,13,ガリレイ,1,16,Class2,中京,22.000000000,28,2023,l2_logistic_c0.1,0.231797083,0.187500000
2023-12-17,202307040610,2018105163,14,ドナウエレン,0,16,Class2,中京,28.000000000,13,2023,l2_logistic_c0.1,0.193341729,0.187500000
2023-12-17,202307040610,2018103920,15,ノックオンウッド,0,16,Class2,中京,78.000000000,12,2023,l2_logistic_c0.1,0.082927552,0.187500000
2023-12-17,202307040610,2019105224,16,テキサスフィズ,0,16,Class2,中京,57.000000000,11,2023,l2_logistic_c0.1,0.020452552,0.187500000
2023-12-23,202306050712,2020104088,1,ランドオブラヴ,0,16,Class2,中山,91.000000000,6,2023,l2_logistic_c0.1,0.411888335,0.187500000
2023-12-23,202306050712,2020104203,2,スピードオブライト,1,16,Class2,中山,167.000000000,7,2023,l2_logistic_c0.1,0.300376214,0.187500000
2023-12-23,202306050712,2020105568,3,ハクサンパイオニア,0,16,Class2,中山,14.000000000,16,2023,l2_logistic_c0.1,0.200082853,0.187500000
2023-12-23,202306050712,2017104234,4,スズノヤマト,0,16,Class2,中山,42.000000000,22,2023,l2_logistic_c0.1,0.054926191,0.187500000
2023-12-23,202306050712,2019103897,5,ハピネスアゲン,0,16,Class2,中山,21.000000000,18,2023,l2_logistic_c0.1,0.435183389,0.187500000
2023-12-23,202306050712,2020101763,6,トーホウフランゴ,0,16,Class2,中山,14.000000000,14,2023,l2_logistic_c0.1,0.093724963,0.187500000
2023-12-23,202306050712,2020102535,7,トーセントラム,0,16,Class2,中山,84.000000000,20,2023,l2_logistic_c0.1,0.184665829,0.187500000
2023-12-23,202306050712,2020104613,8,タツダイヤモンド,1,16,Class2,中山,28.000000000,10,2023,l2_logistic_c0.1,0.247879169,0.187500000
2023-12-23,202306050712,2019101270,9,ヨール,0,16,Class2,中山,56.000000000,15,2023,l2_logistic_c0.1,0.331022901,0.187500000
2023-12-23,202306050712,2019102436,10,ミズノコキュウ,1,16,Class2,中山,125.000000000,21,2023,l2_logistic_c0.1,0.185011253,0.187500000
2023-12-23,202306050712,2018105873,11,ミキノバスドラム,0,16,Class2,中山,6.000000000,24,2023,l2_logistic_c0.1,0.037780538,0.187500000
2023-12-23,202306050712,2019102456,12,ナバロン,0,16,Class2,中山,21.000000000,24,2023,l2_logistic_c0.1,0.097859229,0.187500000
2023-12-23,202306050712,2019105738,13,ピンクセイラー,0,16,Class2,中山,28.000000000,13,2023,l2_logistic_c0.1,0.125695845,0.187500000
2023-12-23,202306050712,2018103296,14,サニーオーシャン,0,16,Class2,中山,42.000000000,28,2023,l2_logistic_c0.1,0.052382533,0.187500000
2023-12-23,202306050712,2019105476,15,コラリン,0,16,Class2,中山,84.000000000,7,2023,l2_logistic_c0.1,0.182895723,0.187500000
2023-12-23,202306050712,2019103120,16,リトス,0,16,Class2,中山,21.000000000,21,2023,l2_logistic_c0.1,0.162989989,0.187500000
2023-12-24,202306050803,2021100272,1,ミッレマンドルリ,0,16,Maiden,中山,70.000000000,4,2023,l2_logistic_c0.1,0.063238028,0.187500000
2023-12-24,202306050803,2021100016,2,ポリトナリティー,0,16,Maiden,中山,84.000000000,3,2023,l2_logistic_c0.1,0.151102024,0.187500000
2023-12-24,202306050803,2021105833,3,カリーシ,1,16,Maiden,中山,22.000000000,4,2023,l2_logistic_c0.1,0.725914631,0.187500000
2023-12-24,202306050803,2021107068,7,ミスサン,0,16,Maiden,中山,14.000000000,5,2023,l2_logistic_c0.1,0.182500226,0.187500000
2023-12-28,202309050902,2021102377,1,ヴェッターホルン,0,14,Maiden,阪神,18.000000000,4,2023,l2_logistic_c0.1,0.166374025,0.214285714
2023-12-28,202309050902,2021103493,2,イリスアスール,1,14,Maiden,阪神,26.000000000,3,2023,l2_logistic_c0.1,0.636695248,0.214285714
2023-12-28,202309050902,2021105696,3,ステイチューンド,1,14,Maiden,阪神,18.000000000,5,2023,l2_logistic_c0.1,0.560942236,0.214285714
2023-12-28,202309050902,2021100698,8,ヴィーケン,0,14,Maiden,阪神,11.000000000,4,2023,l2_logistic_c0.1,0.140616383,0.214285714
2023-12-28,202309050902,2021106540,9,タガノエクレール,0,14,Maiden,阪神,117.000000000,4,2023,l2_logistic_c0.1,0.136772909,0.214285714
2023-12-28,202309050902,2021100898,12,テンドウ,0,14,Maiden,阪神,18.000000000,3,2023,l2_logistic_c0.1,0.233522723,0.214285714
2023-12-28,202309050902,2021102875,13,イズジョーゴモリー,0,14,Maiden,阪神,18.000000000,4,2023,l2_logistic_c0.1,0.078376889,0.214285714
2023-12-28,202309050902,2021101100,14,ルクスアドラー,0,14,Maiden,阪神,18.000000000,4,2023,l2_logistic_c0.1,0.435829257,0.214285714
2023-12-28,202309050912,2018102491,1,メイショウエニシア,0,16,Class3,阪神,18.000000000,30,2023,l2_logistic_c0.1,0.272346887,0.187500000
2023-12-28,202309050912,2019105139,2,スコールユニバンス,1,16,Class3,阪神,26.000000000,24,2023,l2_logistic_c0.1,0.299549007,0.187500000
2023-12-28,202309050912,2020100105,3,エイシンフェンサー,0,16,Class3,阪神,40.000000000,9,2023,l2_logistic_c0.1,0.380714791,0.187500000
2023-12-28,202309050912,2019101903,4,ブレスレスリー,0,16,Class3,阪神,25.000000000,19,2023,l2_logistic_c0.1,0.301778700,0.187500000
2023-12-28,202309050912,2020100815,5,ミルトクレイモー,1,16,Class3,阪神,67.000000000,12,2023,l2_logistic_c0.1,0.384751739,0.187500000
2023-12-28,202309050912,2020101792,6,プロスペリダード,0,16,Class3,阪神,19.000000000,11,2023,l2_logistic_c0.1,0.639785382,0.187500000
2023-12-28,202309050912,2017106240,7,アビエルト,0,16,Class3,阪神,18.000000000,39,2023,l2_logistic_c0.1,0.133812778,0.187500000
2023-12-28,202309050912,2019100751,8,マイネルレノン,0,16,Class3,阪神,201.000000000,16,2023,l2_logistic_c0.1,0.226725925,0.187500000
2023-12-28,202309050912,2015103357,9,メイショウドウドウ,0,16,Class3,阪神,32.000000000,51,2023,l2_logistic_c0.1,0.072024398,0.187500000
2023-12-28,202309050912,2016101956,10,オルダージュ,0,16,Class3,阪神,347.000000000,38,2023,l2_logistic_c0.1,0.057280728,0.187500000
2023-12-28,202309050912,2017104873,11,エグレムニ,0,16,Class3,阪神,117.000000000,34,2023,l2_logistic_c0.1,0.053006159,0.187500000
2023-12-28,202309050912,2019103898,12,スーサンアッシャー,1,16,Class3,阪神,32.000000000,14,2023,l2_logistic_c0.1,0.231104967,0.187500000
2023-12-28,202309050912,2019106102,13,アネゴハダ,0,16,Class3,阪神,26.000000000,18,2023,l2_logistic_c0.1,0.146164229,0.187500000
2023-12-28,202309050912,2017102603,14,テイエムイダテン,0,16,Class3,阪神,201.000000000,25,2023,l2_logistic_c0.1,0.023493760,0.187500000
2023-12-28,202309050912,2019100653,15,ハギノメーテル,0,16,Class3,阪神,47.000000000,15,2023,l2_logistic_c0.1,0.121267393,0.187500000
2023-12-28,202309050912,2018103205,16,クムシラコ,0,16,Class3,阪神,60.000000000,32,2023,l2_logistic_c0.1,0.058627870,0.187500000
2024-01-06,202406010107,2021105057,1,オンザヴィーナス,0,13,Class1,中山,55.000000000,4,2024,l2_logistic_c0.1,0.376685288,0.230769231
2024-01-06,202406010107,2021106440,3,アララララ,1,13,Class1,中山,28.000000000,7,2024,l2_logistic_c0.1,0.595349179,0.230769231
2024-01-06,202406010107,2021110021,5,スピリットガイド,1,13,Class1,中山,28.000000000,5,2024,l2_logistic_c0.1,0.513545736,0.230769231
2024-01-06,202406010107,2021102669,7,ステラシティ,0,13,Class1,中山,27.000000000,3,2024,l2_logistic_c0.1,0.219696494,0.230769231
2024-01-06,202406010107,2021100356,9,クールベイビー,0,13,Class1,中山,28.000000000,4,2024,l2_logistic_c0.1,0.192022259,0.230769231
2024-01-06,202406010107,2021101394,10,モンレーヴ,0,13,Class1,中山,27.000000000,4,2024,l2_logistic_c0.1,0.448037411,0.230769231
2024-01-06,202406010107,2021106939,11,タイセイフェスタ,0,13,Class1,中山,28.000000000,4,2024,l2_logistic_c0.1,0.276149298,0.230769231
2024-01-06,202406010107,2021101905,13,キョウエイカンセ,0,13,Class1,中山,14.000000000,6,2024,l2_logistic_c0.1,0.218677165,0.230769231
2024-01-06,202408010106,2021105312,1,ルージュレベッカ,0,10,Class1,京都,28.000000000,3,2024,l2_logistic_c0.1,0.345359474,0.300000000
2024-01-06,202408010106,2021107058,2,ピューロマジック,1,10,Class1,京都,35.000000000,5,2024,l2_logistic_c0.1,0.696002835,0.300000000
2024-01-06,202408010106,2021101598,3,アンクルクロス,1,10,Class1,京都,14.000000000,6,2024,l2_logistic_c0.1,0.569528400,0.300000000
2024-01-06,202408010106,2021105435,4,アナベルエクラ,0,10,Class1,京都,14.000000000,5,2024,l2_logistic_c0.1,0.183265892,0.300000000
2024-01-06,202408010106,2021100653,5,アガシ,0,10,Class1,京都,83.000000000,4,2024,l2_logistic_c0.1,0.321121724,0.300000000
2024-01-06,202408010106,2021105175,6,セントキルダ,0,10,Class1,京都,105.000000000,5,2024,l2_logistic_c0.1,0.274571063,0.300000000
2024-01-06,202408010106,2021110033,7,パッシングシャワー,1,10,Class1,京都,98.000000000,3,2024,l2_logistic_c0.1,0.371528980,0.300000000
2024-01-06,202408010106,2021106395,8,ハッピーサプライズ,0,10,Class1,京都,21.000000000,6,2024,l2_logistic_c0.1,0.167187568,0.300000000
2024-01-06,202408010106,2021105018,9,プレパラシオン,0,10,Class1,京都,9.000000000,4,2024,l2_logistic_c0.1,0.059989015,0.300000000
2024-01-07,202408010212,2020104674,1,バレリーナ,0,12,Class2,京都,29.000000000,8,2024,l2_logistic_c0.1,0.188206046,0.250000000
2024-01-07,202408010212,2018100736,2,アンフィニドール,1,12,Class2,京都,77.000000000,17,2024,l2_logistic_c0.1,0.327735571,0.250000000
2024-01-07,202408010212,2020104087,3,グランツベリー,0,12,Class2,京都,64.000000000,13,2024,l2_logistic_c0.1,0.380753538,0.250000000
2024-01-07,202408010212,2017104234,4,スズノヤマト,0,12,Class2,京都,15.000000000,23,2024,l2_logistic_c0.1,0.080535179,0.250000000
2024-01-07,202408010212,2019100666,5,イラーレ,1,12,Class2,京都,77.000000000,23,2024,l2_logistic_c0.1,0.471141813,0.250000000
2024-01-07,202408010212,2017101767,6,ベンガン,0,12,Class2,京都,21.000000000,23,2024,l2_logistic_c0.1,0.300484686,0.250000000
2024-01-07,202408010212,2018100097,7,スマートルシーダ,0,12,Class2,京都,29.000000000,22,2024,l2_logistic_c0.1,0.298336878,0.250000000
2024-01-07,202408010212,2017101991,8,テンジュイン,0,12,Class2,京都,21.000000000,40,2024,l2_logistic_c0.1,0.187324905,0.250000000
2024-01-07,202408010212,2020102738,9,エールレヴリー,0,12,Class2,京都,71.000000000,7,2024,l2_logistic_c0.1,0.458124782,0.250000000
2024-01-07,202408010212,2020100736,10,ビッグボーンリタ,0,12,Class2,京都,21.000000000,10,2024,l2_logistic_c0.1,0.213690144,0.250000000
2024-01-07,202408010212,2018102281,11,キタノエクスプレス,1,12,Class2,京都,239.000000000,12,2024,l2_logistic_c0.1,0.136178100,0.250000000
2024-01-07,202408010212,2017102809,12,ガリレイ,0,12,Class2,京都,21.000000000,29,2024,l2_logistic_c0.1,0.351134037,0.250000000
2024-01-08,202406010311,2017106137,1,グレイトゲイナー,1,16,Open,中山,43.000000000,35,2024,l2_logistic_c0.1,0.198247521,0.187500000
2024-01-08,202406010311,2019100791,2,シナモンスティック,0,16,Open,中山,134.000000000,19,2024,l2_logistic_c0.1,0.383979933,0.187500000
2024-01-08,202406010311,2018100652,3,ファイアダンサー,0,16,Open,中山,51.000000000,27,2024,l2_logistic_c0.1,0.081175810,0.187500000
2024-01-08,202406010311,2018100040,4,アビッグチア,1,16,Open,中山,23.000000000,17,2024,l2_logistic_c0.1,0.123823546,0.187500000
2024-01-08,202406010311,2019105775,5,ホウオウノーサイド,0,16,Open,中山,197.000000000,14,2024,l2_logistic_c0.1,0.081280960,0.187500000
2024-01-08,202406010311,2020101588,6,ロンドンプラン,0,16,Open,中山,85.000000000,6,2024,l2_logistic_c0.1,0.197831189,0.187500000
2024-01-08,202406010311,2015104699,7,フレッチア,0,16,Open,中山,107.000000000,26,2024,l2_logistic_c0.1,0.054629425,0.187500000
2024-01-08,202406010311,2019100450,8,ファロロジー,0,16,Open,中山,36.000000000,22,2024,l2_logistic_c0.1,0.111903392,0.187500000
2024-01-08,202406010311,2017100583,9,ディヴィナシオン,0,16,Open,中山,43.000000000,47,2024,l2_logistic_c0.1,0.064771014,0.187500000
2024-01-08,202406010311,2017103005,10,ロードベイリーフ,0,16,Open,中山,36.000000000,39,2024,l2_logistic_c0.1,0.145970563,0.187500000
2024-01-08,202406010311,2020101678,11,リバーラ,0,16,Open,中山,211.000000000,6,2024,l2_logistic_c0.1,0.131617232,0.187500000
2024-01-08,202406010311,2019102273,12,モリノドリーム,0,16,Open,中山,120.000000000,13,2024,l2_logistic_c0.1,0.209893914,0.187500000
2024-01-08,202406010311,2019100765,13,コムストックロード,0,16,Open,中山,36.000000000,22,2024,l2_logistic_c0.1,0.065292394,0.187500000
2024-01-08,202406010311,2017106720,14,サンライズオネスト,0,16,Open,中山,36.000000000,29,2024,l2_logistic_c0.1,0.157124451,0.187500000
2024-01-08,202406010311,2018110035,15,シュバルツカイザー,1,16,Open,中山,43.000000000,18,2024,l2_logistic_c0.1,0.163259502,0.187500000
2024-01-08,202406010311,2020104056,16,オールパルフェ,0,16,Open,中山,22.000000000,9,2024,l2_logistic_c0.1,0.102353033,0.187500000
2024-01-13,202406010412,2020106987,1,スムースベルベット,1,15,Class2,中山,55.000000000,13,2024,l2_logistic_c0.1,0.197331303,0.200000000
2024-01-13,202406010412,2018105874,2,ルルローズ,0,15,Class2,中山,42.000000000,18,2024,l2_logistic_c0.1,0.081902656,0.200000000
2024-01-13,202406010412,2019104675,3,アップストローク,0,15,Class2,中山,55.000000000,20,2024,l2_logistic_c0.1,0.303780127,0.200000000
2024-01-13,202406010412,2020101262,4,エコロレジーナ,1,15,Class2,中山,27.000000000,13,2024,l2_logistic_c0.1,0.153376149,0.200000000
2024-01-13,202406010412,2019103063,5,カイタロー,0,15,Class2,中山,84.000000000,10,2024,l2_logistic_c0.1,0.085547597,0.200000000
2024-01-13,202406010412,2018100593,6,タイガーリリー,0,15,Class2,中山,63.000000000,29,2024,l2_logistic_c0.1,0.118940162,0.200000000
2024-01-13,202406010412,2019102436,7,ミズノコキュウ,0,15,Class2,中山,21.000000000,22,2024,l2_logistic_c0.1,0.316359458,0.200000000
2024-01-13,202406010412,2019105738,8,ピンクセイラー,1,15,Class2,中山,21.000000000,14,2024,l2_logistic_c0.1,0.103903665,0.200000000
2024-01-13,202406010412,2020104613,9,タツダイヤモンド,0,15,Class2,中山,21.000000000,11,2024,l2_logistic_c0.1,0.392479940,0.200000000
2024-01-13,202406010412,2016110104,10,デュアルキャリアー,0,15,Class2,中山,69.000000000,18,2024,l2_logistic_c0.1,0.038882884,0.200000000
2024-01-13,202406010412,2018103957,11,ココリホウオウ,0,15,Class2,中山,42.000000000,22,2024,l2_logistic_c0.1,0.294127224,0.200000000
2024-01-13,202406010412,2018103206,12,クオンタム,0,15,Class2,中山,5.000000000,37,2024,l2_logistic_c0.1,0.061092423,0.200000000
2024-01-13,202406010412,2020106963,13,アンタノバラード,0,15,Class2,中山,62.000000000,14,2024,l2_logistic_c0.1,0.345765603,0.200000000
2024-01-13,202406010412,2020100258,14,セイウンダマシイ,0,15,Class2,中山,69.000000000,15,2024,l2_logistic_c0.1,0.122198791,0.200000000
2024-01-13,202406010412,2018103485,15,ジャガード,0,15,Class2,中山,42.000000000,26,2024,l2_logistic_c0.1,0.071266309,0.200000000
2024-01-13,202408010411,2014102625,1,ダイメイフジ,0,17,Open,京都,265.000000000,64,2024,l2_logistic_c0.1,0.063269635,0.176470588
2024-01-13,202408010411,2018100394,2,サトノラムセス,0,17,Open,京都,139.000000000,19,2024,l2_logistic_c0.1,0.065152427,0.176470588
2024-01-13,202408010411,2017101121,3,ボンボヤージ,0,17,Open,京都,97.000000000,26,2024,l2_logistic_c0.1,0.117233420,0.176470588
2024-01-13,202408010411,2017104852,4,キャプテンドレイク,0,17,Open,京都,28.000000000,25,2024,l2_logistic_c0.1,0.082127514,0.176470588
2024-01-13,202408010411,2019100153,5,カワキタレブリー,0,17,Open,京都,49.000000000,19,2024,l2_logistic_c0.1,0.112306078,0.176470588
2024-01-13,202408010411,2018101343,6,ゾンニッヒ,1,17,Open,京都,139.000000000,19,2024,l2_logistic_c0.1,0.349203950,0.176470588
2024-01-13,202408010411,2020100896,7,ビッグシーザー,1,17,Open,京都,48.000000000,10,2024,l2_logistic_c0.1,0.314471171,0.176470588
2024-01-13,202408010411,2017103005,8,ロードベイリーフ,0,17,Open,京都,5.000000000,40,2024,l2_logistic_c0.1,0.146457686,0.176470588
2024-01-13,202408010411,2019102576,9,クリノマジン,0,17,Open,京都,28.000000000,20,2024,l2_logistic_c0.1,0.162555670,0.176470588
2024-01-13,202408010411,2018105366,10,レッドベルオーブ,0,17,Open,京都,139.000000000,19,2024,l2_logistic_c0.1,0.122872418,0.176470588
2024-01-13,202408010411,2019103714,11,メイショウソラフネ,1,17,Open,京都,77.000000000,14,2024,l2_logistic_c0.1,0.263833142,0.176470588
2024-01-13,202408010411,2019105775,12,ホウオウノーサイド,0,17,Open,京都,5.000000000,15,2024,l2_logistic_c0.1,0.128202441,0.176470588
2024-01-13,202408010411,2018102360,13,メディーヴァル,0,17,Open,京都,28.000000000,30,2024,l2_logistic_c0.1,0.061472491,0.176470588
2024-01-13,202408010411,2019110031,14,エクセトラ,0,17,Open,京都,48.000000000,17,2024,l2_logistic_c0.1,0.202678372,0.176470588
2024-01-13,202408010411,2019110001,15,ショウナンハクラク,0,17,Open,京都,48.000000000,18,2024,l2_logistic_c0.1,0.176024805,0.176470588
2024-01-13,202408010411,2019104841,16,カルネアサーダ,0,17,Open,京都,28.000000000,21,2024,l2_logistic_c0.1,0.214885487,0.176470588
2024-01-13,202408010411,2019105139,17,スコールユニバンス,0,17,Open,京都,16.000000000,25,2024,l2_logistic_c0.1,0.168984567,0.176470588
2024-01-13,202410010110,2019110042,1,スーリールダンジュ,0,11,Class2,小倉,41.000000000,9,2024,l2_logistic_c0.1,0.289424193,0.272727273
2024-01-13,202410010110,2019103233,2,ニシノデフィレ,0,11,Class2,小倉,146.000000000,16,2024,l2_logistic_c0.1,0.284037037,0.272727273
2024-01-13,202410010110,2020101503,3,カンチェンジュンガ,0,11,Class2,小倉,132.000000000,7,2024,l2_logistic_c0.1,0.304046583,0.272727273
2024-01-13,202410010110,2018110001,4,ジュストコル,1,11,Class2,小倉,76.000000000,25,2024,l2_logistic_c0.1,0.180942132,0.272727273
2024-01-13,202410010110,2020104087,5,グランツベリー,0,11,Class2,小倉,6.000000000,14,2024,l2_logistic_c0.1,0.512952599,0.272727273
2024-01-13,202410010110,2019101270,6,ヨール,0,11,Class2,小倉,21.000000000,16,2024,l2_logistic_c0.1,0.368462001,0.272727273
2024-01-13,202410010110,2020105568,7,ハクサンパイオニア,0,11,Class2,小倉,21.000000000,17,2024,l2_logistic_c0.1,0.336335237,0.272727273
2024-01-13,202410010110,2017103020,8,ダンツイノーバ,1,11,Class2,小倉,105.000000000,39,2024,l2_logistic_c0.1,0.158274266,0.272727273
2024-01-13,202410010110,2020102140,9,アンビバレント,0,11,Class2,小倉,77.000000000,9,2024,l2_logistic_c0.1,0.122000606,0.272727273
2024-01-13,202410010110,2018104559,10,ナリタローゼ,0,11,Class2,小倉,146.000000000,19,2024,l2_logistic_c0.1,0.272798872,0.272727273
2024-01-13,202410010110,2018106455,11,メイショウハボタン,1,11,Class2,小倉,27.000000000,35,2024,l2_logistic_c0.1,0.198934416,0.272727273
2024-01-13,202410010112,2019106290,1,プリティーメモリー,0,18,Class1,小倉,55.000000000,9,2024,l2_logistic_c0.1,0.151224531,0.166666667
2024-01-13,202410010112,2017103309,2,ホウオウエンジェル,0,18,Class1,小倉,35.000000000,31,2024,l2_logistic_c0.1,0.199043379,0.166666667
2024-01-13,202410010112,2020103608,3,アイリッシュパール,0,18,Class1,小倉,139.000000000,4,2024,l2_logistic_c0.1,0.185986244,0.166666667
2024-01-13,202410010112,2019105487,4,アドマイヤジェイ,1,18,Class1,小倉,41.000000000,9,2024,l2_logistic_c0.1,0.340932650,0.166666667
2024-01-13,202410010112,2020102294,5,スイープラン,0,18,Class1,小倉,63.000000000,11,2024,l2_logistic_c0.1,0.162067962,0.166666667
2024-01-13,202410010112,2020104911,6,キュベリン,0,18,Class1,小倉,77.000000000,8,2024,l2_logistic_c0.1,0.183354843,0.166666667
2024-01-13,202410010112,2018105201,7,デイトンウェイ,0,18,Class1,小倉,62.000000000,18,2024,l2_logistic_c0.1,0.076009905,0.166666667
2024-01-13,202410010112,2020103721,8,レイカットスルー,0,18,Class1,小倉,55.000000000,9,2024,l2_logistic_c0.1,0.039432316,0.166666667
2024-01-13,202410010112,2019102068,9,シャウビンダー,0,18,Class1,小倉,62.000000000,16,2024,l2_logistic_c0.1,0.184063445,0.166666667
2024-01-13,202410010112,2020102881,10,プリンスノット,0,18,Class1,小倉,28.000000000,6,2024,l2_logistic_c0.1,0.083991678,0.166666667
2024-01-13,202410010112,2020103962,11,ステークホルダー,0,18,Class1,小倉,90.000000000,11,2024,l2_logistic_c0.1,0.122230821,0.166666667
2024-01-13,202410010112,2020101229,12,レディメローラ,0,18,Class1,小倉,133.000000000,6,2024,l2_logistic_c0.1,0.240658115,0.166666667
2024-01-13,202410010112,2019101032,13,ユキヤナギ,0,18,Class1,小倉,35.000000000,24,2024,l2_logistic_c0.1,0.018227485,0.166666667
2024-01-13,202410010112,2019104686,14,アキバ,0,18,Class1,小倉,70.000000000,14,2024,l2_logistic_c0.1,0.081228734,0.166666667
2024-01-13,202410010112,2018104762,15,キャニオニング,1,18,Class1,小倉,56.000000000,28,2024,l2_logistic_c0.1,0.040087391,0.166666667
2024-01-13,202410010112,2019101743,16,タムロキュラムン,0,18,Class1,小倉,118.000000000,18,2024,l2_logistic_c0.1,0.049005929,0.166666667
2024-01-13,202410010112,2020103698,17,エリカソレイユ,0,18,Class1,小倉,140.000000000,5,2024,l2_logistic_c0.1,0.099513463,0.166666667
2024-01-13,202410010112,2019104356,18,ディオアステリア,1,18,Class1,小倉,322.000000000,16,2024,l2_logistic_c0.1,0.176546899,0.166666667
2024-01-14,202406010509,2019104962,1,ウィリン,0,14,Class3,中山,85.000000000,9,2024,l2_logistic_c0.1,0.177281206,0.214285714
2024-01-14,202406010509,2020104203,2,スピードオブライト,0,14,Class3,中山,22.000000000,8,2024,l2_logistic_c0.1,0.389411885,0.214285714
2024-01-14,202406010509,2019106102,3,アネゴハダ,1,14,Class3,中山,17.000000000,19,2024,l2_logistic_c0.1,0.244182807,0.214285714
2024-01-14,202406010509,2018100756,4,シュアーヴアリア,0,14,Class3,中山,42.000000000,34,2024,l2_logistic_c0.1,0.093790620,0.214285714
2024-01-14,202406010509,2020100056,5,クールムーア,0,14,Class3,中山,42.000000000,17,2024,l2_logistic_c0.1,0.153565209,0.214285714
2024-01-14,202406010509,2020100815,6,ミルトクレイモー,0,14,Class3,中山,17.000000000,13,2024,l2_logistic_c0.1,0.426123184,0.214285714
2024-01-14,202406010509,2018106077,7,イルクオーレ,1,14,Class3,中山,70.000000000,22,2024,l2_logistic_c0.1,0.283780754,0.214285714
2024-01-14,202406010509,2018103926,8,ショウナンラスボス,1,14,Class3,中山,57.000000000,29,2024,l2_logistic_c0.1,0.174350950,0.214285714
2024-01-14,202406010509,2019105766,9,アメトリーチェ,0,14,Class3,中山,57.000000000,13,2024,l2_logistic_c0.1,0.063327564,0.214285714
2024-01-14,202406010509,2020106706,10,タリア,0,14,Class3,中山,42.000000000,12,2024,l2_logistic_c0.1,0.320886373,0.214285714
2024-01-14,202406010509,2020101419,11,ブーケファロス,0,14,Class3,中山,42.000000000,14,2024,l2_logistic_c0.1,0.257327150,0.214285714
2024-01-14,202406010509,2019105452,12,ミッキーハーモニー,0,14,Class3,中山,57.000000000,8,2024,l2_logistic_c0.1,0.247274733,0.214285714
2024-01-14,202406010509,2019101819,13,センタースリール,0,14,Class3,中山,112.000000000,21,2024,l2_logistic_c0.1,0.111551201,0.214285714
2024-01-14,202406010509,2018104347,14,ユキノファラオ,1,14,Class3,中山,42.000000000,24,2024,l2_logistic_c0.1,0.090200803,0.214285714
2024-01-14,202410010202,2021100460,1,カワカミガンビエ,0,18,Maiden,小倉,17.000000000,3,2024,l2_logistic_c0.1,0.236078689,0.166666667
2024-01-14,202410010202,2021105098,2,ディーエストッキー,0,18,Maiden,小倉,28.000000000,4,2024,l2_logistic_c0.1,0.442240622,0.166666667
2024-01-14,202410010202,2021104847,3,アクロスザシーズ,0,18,Maiden,小倉,119.000000000,3,2024,l2_logistic_c0.1,0.049862882,0.166666667
2024-01-14,202410010202,2021106216,4,ウインラグラス,1,18,Maiden,小倉,42.000000000,4,2024,l2_logistic_c0.1,0.093100985,0.166666667
2024-01-14,202410010202,2021100016,8,ポリトナリティー,0,18,Maiden,小倉,21.000000000,4,2024,l2_logistic_c0.1,0.192134954,0.166666667
2024-01-14,202410010202,2021106617,9,クリーゲリン,0,18,Maiden,小倉,56.000000000,3,2024,l2_logistic_c0.1,0.220794888,0.166666667
2024-01-14,202410010202,2021103052,13,サニイアール,0,18,Maiden,小倉,147.000000000,3,2024,l2_logistic_c0.1,0.203062119,0.166666667
2024-01-14,202410010202,2021104057,16,サクラリゲル,0,18,Maiden,小倉,49.000000000,4,2024,l2_logistic_c0.1,0.036367758,0.166666667
2024-01-14,202410010206,2021104060,2,ノーブルビーチ,0,17,Maiden,小倉,64.000000000,3,2024,l2_logistic_c0.1,0.118105749,0.176470588
2024-01-14,202410010206,2021101891,4,スパークルジョイ,0,17,Maiden,小倉,85.000000000,3,2024,l2_logistic_c0.1,0.238934174,0.176470588
2024-01-14,202410010206,2021110072,5,メティエダール,1,17,Maiden,小倉,21.000000000,3,2024,l2_logistic_c0.1,0.620375376,0.176470588
2024-01-14,202410010206,2021110023,8,エクストラバック,0,17,Maiden,小倉,70.000000000,4,2024,l2_logistic_c0.1,0.364219461,0.176470588
2024-01-14,202410010206,2021104044,9,イマジンレノン,0,17,Maiden,小倉,78.000000000,3,2024,l2_logistic_c0.1,0.064332512,0.176470588
2024-01-14,202410010206,2021103548,10,フォカッチャ,0,17,Maiden,小倉,64.000000000,4,2024,l2_logistic_c0.1,0.145220438,0.176470588
2024-01-14,202410010206,2021103722,14,スリーロマンス,0,17,Maiden,小倉,64.000000000,3,2024,l2_logistic_c0.1,0.062742157,0.176470588
2024-01-14,202410010206,2021101837,15,ダイシンオリーブ,0,17,Maiden,小倉,29.000000000,3,2024,l2_logistic_c0.1,0.136113258,0.176470588
2024-01-14,202410010206,2021100912,17,カナアミデスマッチ,0,17,Maiden,小倉,85.000000000,3,2024,l2_logistic_c0.1,0.232063990,0.176470588
2024-01-14,202410010212,2020103309,1,ビップクロエ,0,17,Class1,小倉,35.000000000,7,2024,l2_logistic_c0.1,0.068970433,0.176470588
2024-01-14,202410010212,2020106593,2,ジークシュベルト,0,17,Class1,小倉,29.000000000,9,2024,l2_logistic_c0.1,0.096942679,0.176470588
2024-01-14,202410010212,2018103200,3,バーニングパワー,0,17,Class1,小倉,28.000000000,18,2024,l2_logistic_c0.1,0.080685157,0.176470588
2024-01-14,202410010212,2018101951,4,タガノスペルノヴァ,0,17,Class1,小倉,119.000000000,20,2024,l2_logistic_c0.1,0.087722430,0.176470588
2024-01-14,202410010212,2020101247,5,ミネヒメ,0,17,Class1,小倉,133.000000000,6,2024,l2_logistic_c0.1,0.221434996,0.176470588
2024-01-14,202410010212,2020104824,6,シンデレラスマイル,0,17,Class1,小倉,64.000000000,11,2024,l2_logistic_c0.1,0.142634188,0.176470588
2024-01-14,202410010212,2020103885,7,クリノゴッホ,0,17,Class1,小倉,71.000000000,16,2024,l2_logistic_c0.1,0.065509855,0.176470588
2024-01-14,202410010212,2019102747,8,マキアージュ,0,17,Class1,小倉,35.000000000,22,2024,l2_logistic_c0.1,0.149627096,0.176470588
2024-01-14,202410010212,2020100347,9,クリノリアルレディ,0,17,Class1,小倉,140.000000000,17,2024,l2_logistic_c0.1,0.089076385,0.176470588
2024-01-14,202410010212,2017101448,10,ウインアステロイド,1,17,Class1,小倉,70.000000000,40,2024,l2_logistic_c0.1,0.073407484,0.176470588
2024-01-14,202410010212,2020101575,11,サザーランド,0,17,Class1,小倉,29.000000000,7,2024,l2_logistic_c0.1,0.189230939,0.176470588
2024-01-14,202410010212,2020102271,12,コスモグングニール,1,17,Class1,小倉,147.000000000,9,2024,l2_logistic_c0.1,0.123141833,0.176470588
2024-01-14,202410010212,2020100500,13,ヴィエンヌ,0,17,Class1,小倉,70.000000000,4,2024,l2_logistic_c0.1,0.225683753,0.176470588
2024-01-14,202410010212,2019105232,14,ルージュルミナス,0,17,Class1,小倉,70.000000000,8,2024,l2_logistic_c0.1,0.073888322,0.176470588
2024-01-14,202410010212,2020102488,15,トーセンエスクード,0,17,Class1,小倉,85.000000000,8,2024,l2_logistic_c0.1,0.433817353,0.176470588
2024-01-14,202410010212,2020100289,16,シルバーダイヤ,0,17,Class1,小倉,57.000000000,8,2024,l2_logistic_c0.1,0.192615064,0.176470588
2024-01-14,202410010212,2020105484,17,ニシノコウダイ,1,17,Class1,小倉,57.000000000,11,2024,l2_logistic_c0.1,0.204234726,0.176470588
2024-01-20,202410010302,2021101605,1,エルプロフェッサー,0,16,Maiden,小倉,104.000000000,3,2024,l2_logistic_c0.1,0.286727140,0.187500000
2024-01-20,202410010302,2021107133,5,オーヴァーザトップ,0,16,Maiden,小倉,90.000000000,3,2024,l2_logistic_c0.1,0.406206974,0.187500000
2024-01-20,202410010302,2021103548,6,フォカッチャ,0,16,Maiden,小倉,6.000000000,5,2024,l2_logistic_c0.1,0.223570704,0.187500000
2024-01-20,202410010302,2021100243,8,セイウンティーダ,0,16,Maiden,小倉,91.000000000,4,2024,l2_logistic_c0.1,0.241954209,0.187500000
2024-01-20,202410010302,2021102377,9,ヴェッターホルン,0,16,Maiden,小倉,23.000000000,5,2024,l2_logistic_c0.1,0.150235353,0.187500000
2024-01-20,202410010302,2021101075,10,ヴェルディッキオ,0,16,Maiden,小倉,6.000000000,4,2024,l2_logistic_c0.1,0.096173126,0.187500000
2024-01-20,202410010302,2021104033,11,マルジェラ,0,16,Maiden,小倉,112.000000000,4,2024,l2_logistic_c0.1,0.046553945,0.187500000
2024-01-20,202410010302,2021105527,12,ゴージャスゴールド,0,16,Maiden,小倉,48.000000000,4,2024,l2_logistic_c0.1,0.085000287,0.187500000
2024-01-20,202410010302,2021102914,13,モズトキキ,1,16,Maiden,小倉,62.000000000,4,2024,l2_logistic_c0.1,0.401054544,0.187500000
2024-01-20,202410010302,2021100912,14,カナアミデスマッチ,0,16,Maiden,小倉,6.000000000,4,2024,l2_logistic_c0.1,0.292405464,0.187500000
2024-01-20,202410010302,2021107068,15,ミスサン,0,16,Maiden,小倉,27.000000000,6,2024,l2_logistic_c0.1,0.180759758,0.187500000
2024-01-20,202410010312,2019102775,1,ヤマニンパニータ,0,17,Class1,小倉,147.000000000,8,2024,l2_logistic_c0.1,0.084565881,0.176470588
2024-01-20,202410010312,2020104415,2,スピニングマーリン,0,17,Class1,小倉,70.000000000,6,2024,l2_logistic_c0.1,0.133475813,0.176470588
2024-01-20,202410010312,2018106200,3,メイショウヒゾッコ,0,17,Class1,小倉,126.000000000,27,2024,l2_logistic_c0.1,0.037392613,0.176470588
2024-01-20,202410010312,2020103969,4,ヨウシタンレイ,0,17,Class1,小倉,97.000000000,11,2024,l2_logistic_c0.1,0.091836681,0.176470588
2024-01-20,202410010312,2020100305,5,セイウンスイート,0,17,Class1,小倉,69.000000000,14,2024,l2_logistic_c0.1,0.092214071,0.176470588
2024-01-20,202410010312,2018105523,6,シュライエン,0,17,Class1,小倉,62.000000000,20,2024,l2_logistic_c0.1,0.157521767,0.176470588
2024-01-20,202410010312,2020103238,7,オックスリップ,1,17,Class1,小倉,77.000000000,8,2024,l2_logistic_c0.1,0.183330580,0.176470588
2024-01-20,202410010312,2018105386,8,カフジヴィオレッタ,0,17,Class1,小倉,70.000000000,17,2024,l2_logistic_c0.1,0.096036888,0.176470588
2024-01-20,202410010312,2020102050,9,サンポーニャ,1,17,Class1,小倉,154.000000000,6,2024,l2_logistic_c0.1,0.404801305,0.176470588
2024-01-20,202410010312,2019103813,10,レガーミ,0,17,Class1,小倉,104.000000000,16,2024,l2_logistic_c0.1,0.076080489,0.176470588
2024-01-20,202410010312,2018100618,11,トーホウジュナール,0,17,Class1,小倉,42.000000000,25,2024,l2_logistic_c0.1,0.151668035,0.176470588
2024-01-20,202410010312,2020100347,12,クリノリアルレディ,0,17,Class1,小倉,6.000000000,18,2024,l2_logistic_c0.1,0.076537470,0.176470588
2024-01-20,202410010312,2019101031,13,サミュエル,0,17,Class1,小倉,153.000000000,11,2024,l2_logistic_c0.1,0.122603355,0.176470588
2024-01-20,202410010312,2019105265,14,アエリーゾ,0,17,Class1,小倉,104.000000000,16,2024,l2_logistic_c0.1,0.123262312,0.176470588
2024-01-20,202410010312,2020104545,15,スマートメイプル,0,17,Class1,小倉,84.000000000,10,2024,l2_logistic_c0.1,0.159627405,0.176470588
2024-01-20,202410010312,2019104874,16,フルティージャ,0,17,Class1,小倉,518.000000000,7,2024,l2_logistic_c0.1,0.078041729,0.176470588
2024-01-20,202410010312,2020102718,17,オルフェスト,1,17,Class1,小倉,97.000000000,7,2024,l2_logistic_c0.1,0.196616644,0.176470588
2024-01-21,202410010407,2021104175,2,グッドムード,0,18,Maiden,小倉,104.000000000,3,2024,l2_logistic_c0.1,0.058316417,0.166666667
2024-01-21,202410010407,2021105033,3,カーモス,0,18,Maiden,小倉,85.000000000,3,2024,l2_logistic_c0.1,0.346099534,0.166666667
2024-01-21,202410010407,2021101825,9,ナムライリス,0,18,Maiden,小倉,92.000000000,4,2024,l2_logistic_c0.1,0.225698156,0.166666667
2024-01-21,202410010407,2021106679,11,コトブキボタン,0,18,Maiden,小倉,43.000000000,3,2024,l2_logistic_c0.1,0.040675857,0.166666667
2024-01-21,202410010409,2019101276,1,ブルーグロット,0,15,Class1,小倉,29.000000000,4,2024,l2_logistic_c0.1,0.319349461,0.200000000
2024-01-21,202410010409,2019104560,2,ヘレンキムゼー,0,15,Class1,小倉,35.000000000,3,2024,l2_logistic_c0.1,0.209235467,0.200000000
2024-01-21,202410010409,2020104796,3,ホイッスルソング,0,15,Class1,小倉,43.000000000,5,2024,l2_logistic_c0.1,0.172252223,0.200000000
2024-01-21,202410010409,2020110068,4,エイムインライフ,0,15,Class1,小倉,98.000000000,5,2024,l2_logistic_c0.1,0.176205796,0.200000000
2024-01-21,202410010409,2020101265,5,オコジュ,0,15,Class1,小倉,7.000000000,16,2024,l2_logistic_c0.1,0.149884034,0.200000000
2024-01-21,202410010409,2019110127,6,サトノプリエール,0,15,Class1,小倉,505.000000000,6,2024,l2_logistic_c0.1,0.248164651,0.200000000
2024-01-21,202410010409,2020100295,7,メリトリオ,0,15,Class1,小倉,78.000000000,7,2024,l2_logistic_c0.1,0.268139305,0.200000000
2024-01-21,202410010409,2020106821,8,ピースフルナイト,0,15,Class1,小倉,91.000000000,10,2024,l2_logistic_c0.1,0.206791481,0.200000000
2024-01-21,202410010409,2020102229,9,リシャールケリー,0,15,Class1,小倉,43.000000000,6,2024,l2_logistic_c0.1,0.132749277,0.200000000
2024-01-21,202410010409,2020105492,10,ニシノピウモッソ,1,15,Class1,小倉,84.000000000,11,2024,l2_logistic_c0.1,0.299777791,0.200000000
2024-01-21,202410010409,2020103422,11,ジュエルピーチ,0,15,Class1,小倉,126.000000000,4,2024,l2_logistic_c0.1,0.185111799,0.200000000
2024-01-21,202410010409,2019101643,12,バシレウスシチー,1,15,Class1,小倉,8.000000000,4,2024,l2_logistic_c0.1,0.185807121,0.200000000
2024-01-21,202410010409,2019102306,13,ラッキーミーティア,0,15,Class1,小倉,125.000000000,7,2024,l2_logistic_c0.1,0.078428487,0.200000000
2024-01-21,202410010409,2020103721,14,レイカットスルー,0,15,Class1,小倉,8.000000000,10,2024,l2_logistic_c0.1,0.094184435,0.200000000
2024-01-21,202410010409,2020102488,15,トーセンエスクード,1,15,Class1,小倉,7.000000000,9,2024,l2_logistic_c0.1,0.547647409,0.200000000
2024-01-27,202410010506,2021102386,1,セブンスリーローズ,0,14,Maiden,小倉,77.000000000,4,2024,l2_logistic_c0.1,0.071191141,0.214285714
2024-01-27,202410010506,2021103048,2,レギウス,0,14,Maiden,小倉,13.000000000,3,2024,l2_logistic_c0.1,0.097364087,0.214285714
2024-01-27,202410010506,2021104165,3,ロッキンドア,0,14,Maiden,小倉,7.000000000,4,2024,l2_logistic_c0.1,0.070059011,0.214285714
2024-01-27,202410010506,2021103052,4,サニイアール,1,14,Maiden,小倉,13.000000000,4,2024,l2_logistic_c0.1,0.301088840,0.214285714
2024-01-27,202410010506,2021103982,6,ダイメイイチョウ,0,14,Maiden,小倉,41.000000000,8,2024,l2_logistic_c0.1,0.136999138,0.214285714
2024-01-27,202410010506,2021100016,7,ポリトナリティー,0,14,Maiden,小倉,13.000000000,5,2024,l2_logistic_c0.1,0.258652907,0.214285714
2024-01-27,202410010506,2021106049,8,リケアオランジュ,0,14,Maiden,小倉,13.000000000,4,2024,l2_logistic_c0.1,0.165836711,0.214285714
2024-01-27,202410010506,2021106549,10,タガノアミカル,0,14,Maiden,小倉,30.000000000,3,2024,l2_logistic_c0.1,0.134775606,0.214285714
2024-01-27,202410010506,2021103556,11,レアグリフォン,0,14,Maiden,小倉,34.000000000,3,2024,l2_logistic_c0.1,0.221305217,0.214285714
2024-01-27,202410010506,2021106008,13,プラビータ,0,14,Maiden,小倉,19.000000000,7,2024,l2_logistic_c0.1,0.208688623,0.214285714
2024-01-27,202410010506,2021101064,14,ノイヤー,1,14,Maiden,小倉,41.000000000,4,2024,l2_logistic_c0.1,0.452866660,0.214285714
2024-01-27,202410010511,2020105568,1,ハクサンパイオニア,0,10,Class2,小倉,14.000000000,18,2024,l2_logistic_c0.1,0.479447054,0.300000000
2024-01-27,202410010511,2020101503,2,カンチェンジュンガ,1,10,Class2,小倉,14.000000000,8,2024,l2_logistic_c0.1,0.319332010,0.300000000
2024-01-27,202410010511,2017101767,3,ベンガン,1,10,Class2,小倉,20.000000000,24,2024,l2_logistic_c0.1,0.397954051,0.300000000
2024-01-27,202410010511,2019103233,4,ニシノデフィレ,0,10,Class2,小倉,14.000000000,17,2024,l2_logistic_c0.1,0.193771712,0.300000000
2024-01-27,202410010511,2019102856,5,トーホウラビアン,0,10,Class2,小倉,97.000000000,17,2024,l2_logistic_c0.1,0.182875319,0.300000000
2024-01-27,202410010511,2018103296,6,サニーオーシャン,0,10,Class2,小倉,35.000000000,29,2024,l2_logistic_c0.1,0.087001292,0.300000000
2024-01-27,202410010511,2018106455,7,メイショウハボタン,0,10,Class2,小倉,14.000000000,36,2024,l2_logistic_c0.1,0.345489714,0.300000000
2024-01-27,202410010511,2020103284,8,トールキン,1,10,Class2,小倉,63.000000000,9,2024,l2_logistic_c0.1,0.350980699,0.300000000
2024-01-27,202410010511,2019102436,9,ミズノコキュウ,0,10,Class2,小倉,14.000000000,23,2024,l2_logistic_c0.1,0.342202503,0.300000000
2024-01-27,202410010511,2020103482,10,スカイロケット,0,10,Class2,小倉,91.000000000,6,2024,l2_logistic_c0.1,0.346676956,0.300000000
2024-01-27,202410010512,2019103008,1,ロードリライアブル,0,18,Class1,小倉,14.000000000,14,2024,l2_logistic_c0.1,0.173551262,0.166666667
2024-01-27,202410010512,2020100347,2,クリノリアルレディ,0,18,Class1,小倉,7.000000000,19,2024,l2_logistic_c0.1,0.088973957,0.166666667
2024-01-27,202410010512,2020102881,3,プリンスノット,0,18,Class1,小倉,14.000000000,7,2024,l2_logistic_c0.1,0.187384155,0.166666667
2024-01-27,202410010512,2020104415,4,スピニングマーリン,0,18,Class1,小倉,7.000000000,7,2024,l2_logistic_c0.1,0.093488912,0.166666667
2024-01-27,202410010512,2020102294,5,スイープラン,0,18,Class1,小倉,14.000000000,12,2024,l2_logistic_c0.1,0.266673822,0.166666667
2024-01-27,202410010512,2020103885,6,クリノゴッホ,0,18,Class1,小倉,13.000000000,17,2024,l2_logistic_c0.1,0.091693889,0.166666667
2024-01-27,202410010512,2020104824,7,シンデレラスマイル,0,18,Class1,小倉,13.000000000,12,2024,l2_logistic_c0.1,0.215415845,0.166666667
2024-01-27,202410010512,2020100295,8,メリトリオ,0,18,Class1,小倉,6.000000000,8,2024,l2_logistic_c0.1,0.182933796,0.166666667
2024-01-27,202410010512,2020103588,9,マテンロウナイト,0,18,Class1,小倉,49.000000000,10,2024,l2_logistic_c0.1,0.151418555,0.166666667
2024-01-27,202410010512,2020101247,10,ミネヒメ,0,18,Class1,小倉,13.000000000,7,2024,l2_logistic_c0.1,0.252909572,0.166666667
2024-01-27,202410010512,2019106290,11,プリティーメモリー,0,18,Class1,小倉,14.000000000,10,2024,l2_logistic_c0.1,0.114333997,0.166666667
2024-01-27,202410010512,2020102507,12,トーセンサマンサ,0,18,Class1,小倉,69.000000000,9,2024,l2_logistic_c0.1,0.085413106,0.166666667
2024-01-27,202410010512,2019102147,13,フォレクラフト,0,18,Class1,小倉,63.000000000,11,2024,l2_logistic_c0.1,0.131445278,0.166666667
2024-01-27,202410010512,2019104356,14,ディオアステリア,1,18,Class1,小倉,14.000000000,17,2024,l2_logistic_c0.1,0.296905168,0.166666667
2024-01-27,202410010512,2020102971,15,サトノグレイト,1,18,Class1,小倉,77.000000000,10,2024,l2_logistic_c0.1,0.175234984,0.166666667
2024-01-27,202410010512,2020101195,16,ゴルトリッチ,1,18,Class1,小倉,76.000000000,10,2024,l2_logistic_c0.1,0.122833388,0.166666667
2024-01-27,202410010512,2019103123,17,エリカフェリーチェ,0,18,Class1,小倉,83.000000000,10,2024,l2_logistic_c0.1,0.065597494,0.166666667
2024-01-27,202410010512,2019102068,18,シャウビンダー,0,18,Class1,小倉,14.000000000,17,2024,l2_logistic_c0.1,0.197682871,0.166666667
2024-01-28,202408020211,2015105850,1,カイザーメランジェ,0,18,Open,京都,49.000000000,49,2024,l2_logistic_c0.1,0.028281676,0.166666667
2024-01-28,202408020211,2020101678,2,リバーラ,0,18,Open,京都,20.000000000,7,2024,l2_logistic_c0.1,0.164585012,0.166666667
2024-01-28,202408020211,2016102073,3,ホープフルサイン,0,18,Open,京都,43.000000000,36,2024,l2_logistic_c0.1,0.064473981,0.166666667
2024-01-28,202408020211,2020106851,4,ルガル,1,18,Open,京都,63.000000000,10,2024,l2_logistic_c0.1,0.474291328,0.166666667
2024-01-28,202408020211,2019105439,5,エターナルタイム,1,18,Open,京都,99.000000000,8,2024,l2_logistic_c0.1,0.327583027,0.166666667
2024-01-28,202408020211,2018100394,6,サトノラムセス,0,18,Open,京都,15.000000000,20,2024,l2_logistic_c0.1,0.085662106,0.166666667
2024-01-28,202408020211,2020100909,7,ジューンオレンジ,0,18,Open,京都,106.000000000,11,2024,l2_logistic_c0.1,0.202997913,0.166666667
2024-01-28,202408020211,2017100583,8,ディヴィナシオン,0,18,Open,京都,20.000000000,48,2024,l2_logistic_c0.1,0.065962300,0.166666667
2024-01-28,202408020211,2019105087,9,サンライズロナウド,0,18,Open,京都,21.000000000,15,2024,l2_logistic_c0.1,0.212081645,0.166666667
2024-01-28,202408020211,2019100153,10,カワキタレブリー,0,18,Open,京都,15.000000000,20,2024,l2_logistic_c0.1,0.078501988,0.166666667
2024-01-28,202408020211,2017106720,11,サンライズオネスト,0,18,Open,京都,20.000000000,30,2024,l2_logistic_c0.1,0.204593981,0.166666667
2024-01-28,202408020211,2019103714,12,メイショウソラフネ,0,18,Open,京都,15.000000000,15,2024,l2_logistic_c0.1,0.293034369,0.166666667
2024-01-28,202408020211,2019105126,13,アグリ,1,18,Open,京都,36.000000000,13,2024,l2_logistic_c0.1,0.393841976,0.166666667
2024-01-28,202408020211,2019103422,14,テイエムスパーダ,0,18,Open,京都,119.000000000,16,2024,l2_logistic_c0.1,0.134404745,0.166666667
2024-01-28,202408020211,2020101827,15,バースクライ,0,18,Open,京都,56.000000000,8,2024,l2_logistic_c0.1,0.291531829,0.166666667
2024-01-28,202408020211,2015104364,16,トゥラヴェスーラ,0,18,Open,京都,63.000000000,31,2024,l2_logistic_c0.1,0.175146835,0.166666667
2024-01-28,202408020211,2019105658,17,オタルエバー,0,18,Open,京都,56.000000000,13,2024,l2_logistic_c0.1,0.282871396,0.166666667
2024-01-28,202408020211,2019110001,18,ショウナンハクラク,0,18,Open,京都,15.000000000,19,2024,l2_logistic_c0.1,0.144049053,0.166666667
2024-01-28,202410010602,2021104060,1,ノーブルビーチ,0,16,Maiden,小倉,14.000000000,4,2024,l2_logistic_c0.1,0.154650972,0.187500000
2024-01-28,202410010602,2021107133,2,オーヴァーザトップ,0,16,Maiden,小倉,8.000000000,4,2024,l2_logistic_c0.1,0.399366136,0.187500000
2024-01-28,202410010602,2021100460,3,カワカミガンビエ,0,16,Maiden,小倉,14.000000000,4,2024,l2_logistic_c0.1,0.358817798,0.187500000
2024-01-28,202410010602,2021101223,4,クィーンズハット,1,16,Maiden,小倉,35.000000000,3,2024,l2_logistic_c0.1,0.111786969,0.187500000
2024-01-28,202410010602,2021106617,5,クリーゲリン,0,16,Maiden,小倉,14.000000000,4,2024,l2_logistic_c0.1,0.286852077,0.187500000
2024-01-28,202410010602,2021101891,6,スパークルジョイ,0,16,Maiden,小倉,14.000000000,4,2024,l2_logistic_c0.1,0.301008217,0.187500000
2024-01-28,202410010602,2021103897,7,ショウナンラジョア,0,16,Maiden,小倉,50.000000000,4,2024,l2_logistic_c0.1,0.126296328,0.187500000
2024-01-28,202410010602,2021104057,8,サクラリゲル,0,16,Maiden,小倉,14.000000000,5,2024,l2_logistic_c0.1,0.086650535,0.187500000
2024-01-28,202410010602,2021101769,12,ドレッド,0,16,Maiden,小倉,70.000000000,3,2024,l2_logistic_c0.1,0.231881603,0.187500000
2024-01-28,202410010602,2021104933,13,カントゥータ,0,16,Maiden,小倉,98.000000000,3,2024,l2_logistic_c0.1,0.182225937,0.187500000
2024-01-28,202410010602,2021100228,16,クリノカグヤ,0,16,Maiden,小倉,20.000000000,3,2024,l2_logistic_c0.1,0.051563320,0.187500000
2024-01-28,202410010608,2020105131,1,ロッソランパンテ,0,14,Class1,小倉,85.000000000,11,2024,l2_logistic_c0.1,0.059074188,0.214285714
2024-01-28,202410010608,2020106546,2,セイウンシリウス,0,14,Class1,小倉,31.000000000,6,2024,l2_logistic_c0.1,0.270318490,0.214285714
2024-01-28,202410010608,2020105492,3,ニシノピウモッソ,1,14,Class1,小倉,7.000000000,12,2024,l2_logistic_c0.1,0.571270470,0.214285714
2024-01-28,202410010608,2020105892,4,ヴァルトラウテ,1,14,Class1,小倉,147.000000000,10,2024,l2_logistic_c0.1,0.090525519,0.214285714
2024-01-28,202410010608,2019101276,5,ブルーグロット,0,14,Class1,小倉,7.000000000,5,2024,l2_logistic_c0.1,0.207409195,0.214285714
2024-01-28,202410010608,2019105191,6,コナブラック,1,14,Class1,小倉,22.000000000,12,2024,l2_logistic_c0.1,0.194145648,0.214285714
2024-01-28,202410010608,2018100772,7,ハイライフ,0,14,Class1,小倉,15.000000000,19,2024,l2_logistic_c0.1,0.041737254,0.214285714
2024-01-28,202410010608,2018101951,8,タガノスペルノヴァ,0,14,Class1,小倉,14.000000000,21,2024,l2_logistic_c0.1,0.125751932,0.214285714
2024-01-28,202410010608,2020101265,9,オコジュ,0,14,Class1,小倉,7.000000000,17,2024,l2_logistic_c0.1,0.165932458,0.214285714
2024-01-28,202410010608,2020104796,10,ホイッスルソング,0,14,Class1,小倉,7.000000000,6,2024,l2_logistic_c0.1,0.180564060,0.214285714
2024-01-28,202410010608,2020105836,11,ゴールドレコーダー,0,14,Class1,小倉,7.000000000,7,2024,l2_logistic_c0.1,0.164292877,0.214285714
2024-01-28,202410010608,2020103962,12,ステークホルダー,0,14,Class1,小倉,15.000000000,12,2024,l2_logistic_c0.1,0.242693467,0.214285714
2024-01-28,202410010608,2017101448,13,ウインアステロイド,0,14,Class1,小倉,14.000000000,41,2024,l2_logistic_c0.1,0.142958499,0.214285714
2024-01-28,202410010608,2020102640,14,サイモンオリーブ,0,14,Class1,小倉,15.000000000,11,2024,l2_logistic_c0.1,0.130353725,0.214285714
2024-01-28,202410010611,2017104138,1,グランレイ,0,18,Class3,小倉,113.000000000,28,2024,l2_logistic_c0.1,0.167129517,0.166666667
2024-01-28,202410010611,2018102669,2,スズノナデシコ,0,18,Class3,小倉,71.000000000,22,2024,l2_logistic_c0.1,0.198495520,0.166666667
2024-01-28,202410010611,2020110114,3,スリーアイランド,0,18,Class3,小倉,210.000000000,8,2024,l2_logistic_c0.1,0.297906821,0.166666667
2024-01-28,202410010611,2019100666,4,イラーレ,0,18,Class3,小倉,21.000000000,24,2024,l2_logistic_c0.1,0.374071855,0.166666667
2024-01-28,202410010611,2020102132,5,トレンディスター,0,18,Class3,小倉,91.000000000,8,2024,l2_logistic_c0.1,0.266072162,0.166666667
2024-01-28,202410010611,2018102585,6,ロードラスター,0,18,Class3,小倉,49.000000000,28,2024,l2_logistic_c0.1,0.133154863,0.166666667
2024-01-28,202410010611,2019105044,7,アドマイヤラヴィ,0,18,Class3,小倉,71.000000000,12,2024,l2_logistic_c0.1,0.437010857,0.166666667
2024-01-28,202410010611,2018106345,8,スズカマクフィ,0,18,Class3,小倉,50.000000000,25,2024,l2_logistic_c0.1,0.021971312,0.166666667
2024-01-28,202410010611,2017103020,9,ダンツイノーバ,0,18,Class3,小倉,15.000000000,40,2024,l2_logistic_c0.1,0.138427722,0.166666667
2024-01-28,202410010611,2018101145,10,アジアノジュンシン,0,18,Class3,小倉,91.000000000,18,2024,l2_logistic_c0.1,0.067314540,0.166666667
2024-01-28,202410010611,2020110040,11,ヤクシマ,1,18,Class3,小倉,57.000000000,12,2024,l2_logistic_c0.1,0.124210193,0.166666667
2024-01-28,202410010611,2019101626,12,ピンクマクフィー,1,18,Class3,小倉,57.000000000,13,2024,l2_logistic_c0.1,0.170721300,0.166666667
2024-01-28,202410010611,2019100652,13,ハギノモーリス,1,18,Class3,小倉,126.000000000,11,2024,l2_logistic_c0.1,0.217920882,0.166666667
2024-01-28,202410010611,2020110133,14,フロムダスク,0,18,Class3,小倉,84.000000000,9,2024,l2_logistic_c0.1,0.074363168,0.166666667
2024-01-28,202410010611,2018102649,15,タツリュウオー,0,18,Class3,小倉,49.000000000,25,2024,l2_logistic_c0.1,0.045910995,0.166666667
2024-01-28,202410010611,2018100025,16,シゲルカチョウ,0,18,Class3,小倉,84.000000000,14,2024,l2_logistic_c0.1,0.087634115,0.166666667
2024-01-28,202410010611,2016104227,17,ジョニーズララバイ,0,18,Class3,小倉,84.000000000,34,2024,l2_logistic_c0.1,0.054682014,0.166666667
2024-01-28,202410010611,2019102041,18,アドヴァイス,0,18,Class3,小倉,84.000000000,18,2024,l2_logistic_c0.1,0.095447800,0.166666667
2024-02-03,202408020308,2019102786,1,ウォータールグラン,0,12,Class2,京都,20.000000000,12,2024,l2_logistic_c0.1,0.304572047,0.250000000
2024-02-03,202408020308,2020104194,2,ルーフ,0,12,Class2,京都,328.000000000,5,2024,l2_logistic_c0.1,0.622412038,0.250000000
2024-02-03,202408020308,2020102940,3,ダンシングニードル,0,12,Class2,京都,112.000000000,11,2024,l2_logistic_c0.1,0.238312419,0.250000000
2024-02-03,202408020308,2020102738,4,エールレヴリー,0,12,Class2,京都,27.000000000,8,2024,l2_logistic_c0.1,0.365170743,0.250000000
2024-02-03,202408020308,2018103611,5,デルマカンノン,0,12,Class2,京都,13.000000000,38,2024,l2_logistic_c0.1,0.231239139,0.250000000
2024-02-03,202408020308,2020101543,6,グランテスト,1,12,Class2,京都,104.000000000,6,2024,l2_logistic_c0.1,0.496628551,0.250000000
2024-02-03,202408020308,2019105141,7,ヴァンルーラー,0,12,Class2,京都,20.000000000,20,2024,l2_logistic_c0.1,0.276866203,0.250000000
2024-02-03,202408020308,2018100736,8,アンフィニドール,1,12,Class2,京都,27.000000000,18,2024,l2_logistic_c0.1,0.314533905,0.250000000
2024-02-03,202408020308,2018102281,9,キタノエクスプレス,1,12,Class2,京都,27.000000000,13,2024,l2_logistic_c0.1,0.298491534,0.250000000
2024-02-03,202408020308,2019105915,10,グッドグロウス,0,12,Class2,京都,27.000000000,20,2024,l2_logistic_c0.1,0.073653548,0.250000000
2024-02-03,202408020308,2018101964,11,アルムファーツリー,0,12,Class2,京都,112.000000000,40,2024,l2_logistic_c0.1,0.087822880,0.250000000
2024-02-03,202408020308,2019103806,12,ベルウッドブラボー,0,12,Class2,京都,13.000000000,18,2024,l2_logistic_c0.1,0.322906578,0.250000000
2024-02-03,202410010709,2021102562,1,パルプフィクション,0,12,Class1,小倉,14.000000000,4,2024,l2_logistic_c0.1,0.314150008,0.250000000
2024-02-03,202410010709,2021105068,2,クリノハレルヤ,1,12,Class1,小倉,21.000000000,4,2024,l2_logistic_c0.1,0.513145930,0.250000000
2024-02-03,202410010709,2021105312,3,ルージュレベッカ,0,12,Class1,小倉,28.000000000,4,2024,l2_logistic_c0.1,0.191573397,0.250000000
2024-02-03,202410010709,2021105175,5,セントキルダ,0,12,Class1,小倉,28.000000000,6,2024,l2_logistic_c0.1,0.205745242,0.250000000
2024-02-03,202410010709,2021102433,6,アートフォーム,0,12,Class1,小倉,83.000000000,3,2024,l2_logistic_c0.1,0.374513939,0.250000000
2024-02-03,202410010709,2021109114,7,アイタカ,0,12,Class1,小倉,28.000000000,3,2024,l2_logistic_c0.1,0.477138414,0.250000000
2024-02-03,202410010709,2021104404,9,シュークリーム,0,12,Class1,小倉,14.000000000,3,2024,l2_logistic_c0.1,0.588528569,0.250000000
2024-02-03,202410010709,2021100144,11,ロードトレゾール,1,12,Class1,小倉,14.000000000,3,2024,l2_logistic_c0.1,0.309614433,0.250000000
2024-02-03,202410010709,2021106854,12,ハピアーザンエバー,0,12,Class1,小倉,63.000000000,4,2024,l2_logistic_c0.1,0.285376094,0.250000000
2024-02-04,202410010806,2021103554,1,リルフロスト,0,18,Maiden,小倉,84.000000000,6,2024,l2_logistic_c0.1,0.132637647,0.166666667
2024-02-04,202410010806,2021106564,2,ハヤブサソンタクン,0,18,Maiden,小倉,49.000000000,7,2024,l2_logistic_c0.1,0.121902700,0.166666667
2024-02-04,202410010806,2021100157,3,ロードトレイル,0,18,Maiden,小倉,21.000000000,3,2024,l2_logistic_c0.1,0.479636788,0.166666667
2024-02-04,202410010806,2021102060,4,ルクスルイナール,0,18,Maiden,小倉,49.000000000,3,2024,l2_logistic_c0.1,0.115200716,0.166666667
2024-02-04,202410010806,2021104806,5,レオナルドスター,1,18,Maiden,小倉,21.000000000,3,2024,l2_logistic_c0.1,0.369912048,0.166666667
2024-02-04,202410010806,2021104989,6,オレンジサファイア,0,18,Maiden,小倉,14.000000000,3,2024,l2_logistic_c0.1,0.168952544,0.166666667
2024-02-04,202410010806,2021100015,10,キラン,0,18,Maiden,小倉,56.000000000,6,2024,l2_logistic_c0.1,0.051277602,0.166666667
2024-02-04,202410010806,2021106216,11,ウインラグラス,0,18,Maiden,小倉,21.000000000,5,2024,l2_logistic_c0.1,0.144091313,0.166666667
2024-02-04,202410010806,2021100522,12,ジョーメッドヴィン,1,18,Maiden,小倉,15.000000000,3,2024,l2_logistic_c0.1,0.232945091,0.166666667
2024-02-04,202410010806,2021100181,13,ブラヴォージャパン,0,18,Maiden,小倉,21.000000000,4,2024,l2_logistic_c0.1,0.045368629,0.166666667
2024-02-04,202410010806,2021103275,15,メイショウノワキ,0,18,Maiden,小倉,56.000000000,3,2024,l2_logistic_c0.1,0.035434182,0.166666667
2024-02-04,202410010806,2021104928,16,トラペジスト,1,18,Maiden,小倉,21.000000000,4,2024,l2_logistic_c0.1,0.267208129,0.166666667
2024-02-04,202410010812,2020106737,1,メイショウコギク,1,14,Class1,小倉,22.000000000,13,2024,l2_logistic_c0.1,0.232584365,0.214285714
2024-02-04,202410010812,2019103193,2,トリップトゥムーン,0,14,Class1,小倉,78.000000000,21,2024,l2_logistic_c0.1,0.149774343,0.214285714
2024-02-04,202410010812,2019100936,3,ニシノタマユラ,0,14,Class1,小倉,406.000000000,13,2024,l2_logistic_c0.1,0.107800041,0.214285714
2024-02-04,202410010812,2019101031,4,サミュエル,0,14,Class1,小倉,15.000000000,12,2024,l2_logistic_c0.1,0.293745219,0.214285714
2024-02-04,202410010812,2020100305,5,セイウンスイート,0,14,Class1,小倉,15.000000000,15,2024,l2_logistic_c0.1,0.119367281,0.214285714
2024-02-04,202410010812,2020110068,6,エイムインライフ,0,14,Class1,小倉,14.000000000,6,2024,l2_logistic_c0.1,0.175789340,0.214285714
2024-02-04,202410010812,2018103206,7,クオンタム,0,14,Class1,小倉,22.000000000,38,2024,l2_logistic_c0.1,0.055574830,0.214285714
2024-02-04,202410010812,2020102271,8,コスモグングニール,0,14,Class1,小倉,21.000000000,10,2024,l2_logistic_c0.1,0.270720087,0.214285714
2024-02-04,202410010812,2020102208,9,マテンロウアネモス,0,14,Class1,小倉,49.000000000,11,2024,l2_logistic_c0.1,0.227806333,0.214285714
2024-02-04,202410010812,2020104905,10,ハクサンミニョン,0,14,Class1,小倉,57.000000000,5,2024,l2_logistic_c0.1,0.162479579,0.214285714
2024-02-04,202410010812,2020102934,11,ディナトセレーネ,0,14,Class1,小倉,57.000000000,9,2024,l2_logistic_c0.1,0.151667269,0.214285714
2024-02-04,202410010812,2018110112,12,バラードインミラノ,1,14,Class1,小倉,14.000000000,12,2024,l2_logistic_c0.1,0.197030227,0.214285714
2024-02-04,202410010812,2020104676,13,マイレーヌ,1,14,Class1,小倉,14.000000000,14,2024,l2_logistic_c0.1,0.295524489,0.214285714
2024-02-04,202410010812,2019101133,14,ソングフォーユー,0,14,Class1,小倉,518.000000000,11,2024,l2_logistic_c0.1,0.096027394,0.214285714
2024-02-10,202410020110,2020104825,1,スカプラリオ,0,14,Class2,小倉,90.000000000,11,2024,l2_logistic_c0.1,0.205449615,0.214285714
2024-02-10,202410020110,2020100151,2,スクルプトーリス,0,14,Class2,小倉,195.000000000,8,2024,l2_logistic_c0.1,0.344727605,0.214285714
2024-02-10,202410020110,2018104534,3,アスクキングコング,1,14,Class2,小倉,91.000000000,26,2024,l2_logistic_c0.1,0.183091825,0.214285714
2024-02-10,202410020110,2019101262,4,ショウナンアメリア,0,14,Class2,小倉,70.000000000,19,2024,l2_logistic_c0.1,0.127357380,0.214285714
2024-02-10,202410020110,2018104559,5,ナリタローゼ,0,14,Class2,小倉,28.000000000,20,2024,l2_logistic_c0.1,0.166756206,0.214285714
2024-02-10,202410020110,2018103296,6,サニーオーシャン,1,14,Class2,小倉,14.000000000,30,2024,l2_logistic_c0.1,0.053991047,0.214285714
2024-02-10,202410020110,2019109109,7,ソールズベリー,0,14,Class2,小倉,14.000000000,19,2024,l2_logistic_c0.1,0.080050975,0.214285714
2024-02-10,202410020110,2017101991,8,テンジュイン,0,14,Class2,小倉,34.000000000,41,2024,l2_logistic_c0.1,0.119319614,0.214285714
2024-02-10,202410020110,2019104675,9,アップストローク,1,14,Class2,小倉,28.000000000,21,2024,l2_logistic_c0.1,0.296681467,0.214285714
2024-02-10,202410020110,2019100168,10,ベジェサ,0,14,Class2,小倉,91.000000000,15,2024,l2_logistic_c0.1,0.057613221,0.214285714
2024-02-10,202410020110,2018104621,11,サトノルーチェ,0,14,Class2,小倉,77.000000000,19,2024,l2_logistic_c0.1,0.185933988,0.214285714
2024-02-10,202410020110,2020100686,12,ジョリダム,0,14,Class2,小倉,77.000000000,9,2024,l2_logistic_c0.1,0.177494088,0.214285714
2024-02-10,202410020110,2020106987,13,スムースベルベット,0,14,Class2,小倉,28.000000000,14,2024,l2_logistic_c0.1,0.215931418,0.214285714
2024-02-10,202410020110,2020102971,14,サトノグレイト,0,14,Class2,小倉,14.000000000,11,2024,l2_logistic_c0.1,0.281259952,0.214285714
2024-02-10,202410020112,2018105523,1,シュライエン,0,18,Class1,小倉,21.000000000,21,2024,l2_logistic_c0.1,0.175940185,0.166666667
2024-02-10,202410020112,2020106817,2,タイキバルドル,0,18,Class1,小倉,70.000000000,4,2024,l2_logistic_c0.1,0.149227641,0.166666667
2024-02-10,202410020112,2019104356,3,ディオアステリア,1,18,Class1,小倉,14.000000000,18,2024,l2_logistic_c0.1,0.334807943,0.166666667
2024-02-10,202410020112,2020106131,4,ジオパーククラウン,0,18,Class1,小倉,14.000000000,7,2024,l2_logistic_c0.1,0.184803345,0.166666667
2024-02-10,202410020112,2019100197,5,ウインエイムハイ,0,18,Class1,小倉,91.000000000,16,2024,l2_logistic_c0.1,0.089735216,0.166666667
2024-02-10,202410020112,2019101833,6,ウインクルシャープ,0,18,Class1,小倉,97.000000000,12,2024,l2_logistic_c0.1,0.118134518,0.166666667
2024-02-10,202410020112,2020106882,7,シャングリラ,0,18,Class1,小倉,14.000000000,10,2024,l2_logistic_c0.1,0.091536400,0.166666667
2024-02-10,202410020112,2018106145,8,アコルダール,0,18,Class1,小倉,56.000000000,14,2024,l2_logistic_c0.1,0.048249489,0.166666667
2024-02-10,202410020112,2020103885,9,クリノゴッホ,0,18,Class1,小倉,14.000000000,18,2024,l2_logistic_c0.1,0.153382868,0.166666667
2024-02-10,202410020112,2020103962,10,ステークホルダー,0,18,Class1,小倉,13.000000000,13,2024,l2_logistic_c0.1,0.230796218,0.166666667
2024-02-10,202410020112,2019102672,11,バレル,0,18,Class1,小倉,69.000000000,16,2024,l2_logistic_c0.1,0.172087113,0.166666667
2024-02-10,202410020112,2020100500,12,ヴィエンヌ,0,18,Class1,小倉,27.000000000,5,2024,l2_logistic_c0.1,0.258521133,0.166666667
2024-02-10,202410020112,2019101446,13,ワンリオン,1,18,Class1,小倉,55.000000000,18,2024,l2_logistic_c0.1,0.090765623,0.166666667
2024-02-10,202410020112,2020103418,14,インクルードダイヤ,0,18,Class1,小倉,91.000000000,9,2024,l2_logistic_c0.1,0.186678645,0.166666667
2024-02-10,202410020112,2020102050,15,サンポーニャ,0,18,Class1,小倉,21.000000000,7,2024,l2_logistic_c0.1,0.476118252,0.166666667
2024-02-10,202410020112,2020102229,16,リシャールケリー,1,18,Class1,小倉,20.000000000,7,2024,l2_logistic_c0.1,0.182666921,0.166666667
2024-02-10,202410020112,2018100618,17,トーホウジュナール,0,18,Class1,小倉,21.000000000,26,2024,l2_logistic_c0.1,0.133737974,0.166666667
2024-02-10,202410020112,2020100236,18,ニシノトキメキ,0,18,Class1,小倉,90.000000000,9,2024,l2_logistic_c0.1,0.060947982,0.166666667
2024-02-11,202410020202,2021101474,2,マーメイド,0,18,Maiden,小倉,56.000000000,4,2024,l2_logistic_c0.1,0.121548199,0.166666667
2024-02-11,202410020202,2021100362,3,ホウオウドルーリー,1,18,Maiden,小倉,28.000000000,4,2024,l2_logistic_c0.1,0.250719699,0.166666667
2024-02-11,202410020202,2021106841,4,デルミオクオーレ,0,18,Maiden,小倉,35.000000000,3,2024,l2_logistic_c0.1,0.117049248,0.166666667
2024-02-11,202410020202,2021101769,5,ドレッド,1,18,Maiden,小倉,14.000000000,4,2024,l2_logistic_c0.1,0.298302240,0.166666667
2024-02-11,202410020202,2021106679,7,コトブキボタン,0,18,Maiden,小倉,21.000000000,4,2024,l2_logistic_c0.1,0.052427081,0.166666667
2024-02-11,202410020202,2021105674,9,ビートメイカー,0,18,Maiden,小倉,71.000000000,3,2024,l2_logistic_c0.1,0.091121586,0.166666667
2024-02-11,202410020202,2021102875,11,イズジョーゴモリー,0,18,Maiden,小倉,45.000000000,5,2024,l2_logistic_c0.1,0.111300798,0.166666667
2024-02-11,202410020202,2021100196,13,オキャン,0,18,Maiden,小倉,34.000000000,4,2024,l2_logistic_c0.1,0.121293536,0.166666667
2024-02-11,202410020202,2021102833,15,メイショウバンリ,0,18,Maiden,小倉,29.000000000,3,2024,l2_logistic_c0.1,0.065636689,0.166666667
2024-02-11,202410020202,2021102550,16,メイショウハッブル,0,18,Maiden,小倉,22.000000000,3,2024,l2_logistic_c0.1,0.282588057,0.166666667
2024-02-11,202410020202,2021103039,17,ゴーインマイウェイ,0,18,Maiden,小倉,49.000000000,3,2024,l2_logistic_c0.1,0.132323103,0.166666667
2024-02-11,202410020206,2021101867,1,モノノフノミチ,0,18,Maiden,小倉,21.000000000,6,2024,l2_logistic_c0.1,0.132429559,0.166666667
2024-02-11,202410020206,2021106809,2,コスモララバイ,0,18,Maiden,小倉,14.000000000,3,2024,l2_logistic_c0.1,0.553180582,0.166666667
2024-02-11,202410020206,2021104396,3,ムーンセット,0,18,Maiden,小倉,45.000000000,3,2024,l2_logistic_c0.1,0.141739873,0.166666667
2024-02-11,202410020206,2021107068,7,ミスサン,0,18,Maiden,小倉,22.000000000,7,2024,l2_logistic_c0.1,0.183552078,0.166666667
2024-02-11,202410020206,2021101680,8,プレイソフトリー,1,18,Maiden,小倉,28.000000000,3,2024,l2_logistic_c0.1,0.302158356,0.166666667
2024-02-11,202410020206,2021100243,10,セイウンティーダ,1,18,Maiden,小倉,22.000000000,5,2024,l2_logistic_c0.1,0.201762566,0.166666667
2024-02-11,202410020206,2021103048,11,レギウス,0,18,Maiden,小倉,15.000000000,4,2024,l2_logistic_c0.1,0.144101826,0.166666667
2024-02-11,202410020206,2021105091,16,タイプフェイス,0,18,Maiden,小倉,78.000000000,4,2024,l2_logistic_c0.1,0.075561239,0.166666667
2024-02-11,202410020206,2021107133,18,オーヴァーザトップ,0,18,Maiden,小倉,14.000000000,5,2024,l2_logistic_c0.1,0.279712729,0.166666667
2024-02-11,202410020211,2018100040,1,アビッグチア,0,18,Open,小倉,34.000000000,18,2024,l2_logistic_c0.1,0.123211540,0.166666667
2024-02-11,202410020211,2016102534,2,イーサンパンサー,0,18,Open,小倉,56.000000000,38,2024,l2_logistic_c0.1,0.017717887,0.166666667
2024-02-11,202410020211,2020103589,3,ブトンドール,1,18,Open,小倉,56.000000000,9,2024,l2_logistic_c0.1,0.097925811,0.166666667
2024-02-11,202410020211,2020101588,4,ロンドンプラン,0,18,Open,小倉,34.000000000,7,2024,l2_logistic_c0.1,0.135391729,0.166666667
2024-02-11,202410020211,2017110172,5,ハリーバローズ,0,18,Open,小倉,364.000000000,20,2024,l2_logistic_c0.1,0.074948964,0.166666667
2024-02-11,202410020211,2018104041,6,マウンテンムスメ,0,18,Open,小倉,105.000000000,27,2024,l2_logistic_c0.1,0.049700634,0.166666667
2024-02-11,202410020211,2017106087,7,メイショウゲンセン,0,18,Open,小倉,70.000000000,18,2024,l2_logistic_c0.1,0.305243451,0.166666667
2024-02-11,202410020211,2019100450,8,ファロロジー,0,18,Open,小倉,34.000000000,23,2024,l2_logistic_c0.1,0.128279783,0.166666667
2024-02-11,202410020211,2019105972,9,ジレトール,0,18,Open,小倉,56.000000000,17,2024,l2_logistic_c0.1,0.069330150,0.166666667
2024-02-11,202410020211,2020105400,10,タマモブラックタイ,0,18,Open,小倉,106.000000000,11,2024,l2_logistic_c0.1,0.248311147,0.166666667
2024-02-11,202410020211,2020110040,11,ヤクシマ,0,18,Open,小倉,14.000000000,13,2024,l2_logistic_c0.1,0.172274655,0.166666667
2024-02-11,202410020211,2018106504,12,サトノアイ,0,18,Open,小倉,57.000000000,23,2024,l2_logistic_c0.1,0.076529148,0.166666667
2024-02-11,202410020211,2018106055,13,ヨシノイースター,1,18,Open,小倉,57.000000000,21,2024,l2_logistic_c0.1,0.134867102,0.166666667
2024-02-11,202410020211,2016104668,14,カリボール,0,18,Open,小倉,57.000000000,30,2024,l2_logistic_c0.1,0.031138459,0.166666667
2024-02-11,202410020211,2018101343,15,ゾンニッヒ,1,18,Open,小倉,29.000000000,20,2024,l2_logistic_c0.1,0.328206497,0.166666667
2024-02-11,202410020211,2018102155,16,マイネルジェロディ,0,18,Open,小倉,182.000000000,26,2024,l2_logistic_c0.1,0.131407390,0.166666667
2024-02-11,202410020211,2020103276,17,バルサムノート,0,18,Open,小倉,71.000000000,9,2024,l2_logistic_c0.1,0.188685276,0.166666667
2024-02-11,202410020211,2019104915,18,バンデルオーラ,0,18,Open,小倉,77.000000000,15,2024,l2_logistic_c0.1,0.103540164,0.166666667
2024-02-17,202410020302,2021107265,2,ドルフィンスクエア,0,18,Maiden,小倉,90.000000000,3,2024,l2_logistic_c0.1,0.282421926,0.166666667
2024-02-17,202410020302,2021106216,4,ウインラグラス,1,18,Maiden,小倉,13.000000000,6,2024,l2_logistic_c0.1,0.173555203,0.166666667
2024-02-17,202410020302,2021100401,8,ニシノミニョンヌ,0,18,Maiden,小倉,69.000000000,5,2024,l2_logistic_c0.1,0.134535861,0.166666667
2024-02-17,202410020302,2021104806,11,レオナルドスター,1,18,Maiden,小倉,13.000000000,4,2024,l2_logistic_c0.1,0.461733475,0.166666667
2024-02-17,202410020302,2021101933,12,レディーズナイト,0,18,Maiden,小倉,77.000000000,3,2024,l2_logistic_c0.1,0.275514520,0.166666667
2024-02-17,202410020302,2021103119,17,ニシノアヤカゼ,0,18,Maiden,小倉,63.000000000,5,2024,l2_logistic_c0.1,0.193505438,0.166666667
2024-02-17,202410020312,2020102591,1,メリオルヴィータ,0,18,Class1,小倉,97.000000000,10,2024,l2_logistic_c0.1,0.077081763,0.166666667
2024-02-17,202410020312,2019110127,2,サトノプリエール,1,18,Class1,小倉,27.000000000,7,2024,l2_logistic_c0.1,0.272204713,0.166666667
2024-02-17,202410020312,2019110122,3,ブラヴィーノ,0,18,Class1,小倉,77.000000000,9,2024,l2_logistic_c0.1,0.029763825,0.166666667
2024-02-17,202410020312,2018100772,4,ハイライフ,0,18,Class1,小倉,20.000000000,20,2024,l2_logistic_c0.1,0.031897052,0.166666667
2024-02-17,202410020312,2019102303,5,アイムファイン,0,18,Class1,小倉,91.000000000,19,2024,l2_logistic_c0.1,0.227647101,0.166666667
2024-02-17,202410020312,2019105765,6,ハウファアイルゴー,0,18,Class1,小倉,98.000000000,7,2024,l2_logistic_c0.1,0.082115683,0.166666667
2024-02-17,202410020312,2020100795,7,ベルタソ,0,18,Class1,小倉,51.000000000,7,2024,l2_logistic_c0.1,0.042882979,0.166666667
2024-02-17,202410020312,2019106333,9,ジャマン,0,18,Class1,小倉,126.000000000,12,2024,l2_logistic_c0.1,0.028453100,0.166666667
2024-02-17,202410020312,2020103588,10,マテンロウナイト,0,18,Class1,小倉,21.000000000,11,2024,l2_logistic_c0.1,0.113295419,0.166666667
2024-02-17,202410020312,2019102068,11,シャウビンダー,1,18,Class1,小倉,21.000000000,18,2024,l2_logistic_c0.1,0.186959691,0.166666667
2024-02-17,202410020312,2020102507,12,トーセンサマンサ,0,18,Class1,小倉,21.000000000,10,2024,l2_logistic_c0.1,0.107119969,0.166666667
2024-02-17,202410020312,2020101195,13,ゴルトリッチ,0,18,Class1,小倉,21.000000000,11,2024,l2_logistic_c0.1,0.179581326,0.166666667
2024-02-17,202410020312,2018110149,14,コスモアディラート,0,18,Class1,小倉,209.000000000,13,2024,l2_logistic_c0.1,0.289180061,0.166666667
2024-02-17,202410020312,2019103876,15,アパショナード,0,18,Class1,小倉,63.000000000,16,2024,l2_logistic_c0.1,0.233362405,0.166666667
2024-02-17,202410020312,2018104938,16,ヴェールクレール,0,18,Class1,小倉,21.000000000,22,2024,l2_logistic_c0.1,0.269333803,0.166666667
2024-02-17,202410020312,2019101643,17,バシレウスシチー,1,18,Class1,小倉,27.000000000,5,2024,l2_logistic_c0.1,0.203614266,0.166666667
2024-02-17,202410020312,2020106336,18,ゴレイジョウ,0,18,Class1,小倉,40.000000000,10,2024,l2_logistic_c0.1,0.062431691,0.166666667
2024-02-18,202410020402,2021106008,6,プラビータ,0,18,Maiden,小倉,22.000000000,8,2024,l2_logistic_c0.1,0.226038525,0.166666667
2024-02-18,202410020402,2021100297,7,ブルボンクイーン,1,18,Maiden,小倉,70.000000000,4,2024,l2_logistic_c0.1,0.183628581,0.166666667
2024-02-18,202410020402,2021102339,10,ユッカラン,0,18,Maiden,小倉,70.000000000,3,2024,l2_logistic_c0.1,0.132170101,0.166666667
2024-02-18,202410020402,2021101064,13,ノイヤー,0,18,Maiden,小倉,22.000000000,5,2024,l2_logistic_c0.1,0.433934374,0.166666667
2024-02-18,202410020402,2021102914,14,モズトキキ,1,18,Maiden,小倉,29.000000000,5,2024,l2_logistic_c0.1,0.427916171,0.166666667
2024-02-18,202410020402,2021101528,16,クイーンカナロア,0,18,Maiden,小倉,28.000000000,3,2024,l2_logistic_c0.1,0.158993459,0.166666667
2024-02-18,202410020402,2021100460,17,カワカミガンビエ,0,18,Maiden,小倉,21.000000000,5,2024,l2_logistic_c0.1,0.277615950,0.166666667
2024-02-18,202410020402,2021103052,18,サニイアール,1,18,Maiden,小倉,22.000000000,5,2024,l2_logistic_c0.1,0.233603466,0.166666667
2024-02-18,202410020410,2018104559,1,ナリタローゼ,0,18,Class2,小倉,8.000000000,21,2024,l2_logistic_c0.1,0.151399167,0.166666667
2024-02-18,202410020410,2020106330,2,ラウラーナ,1,18,Class2,小倉,99.000000000,13,2024,l2_logistic_c0.1,0.262841795,0.166666667
2024-02-18,202410020410,2020102630,3,アルーリングビュー,1,18,Class2,小倉,77.000000000,8,2024,l2_logistic_c0.1,0.317074130,0.166666667
2024-02-18,202410020410,2019104738,4,サウンドクレア,1,18,Class2,小倉,119.000000000,13,2024,l2_logistic_c0.1,0.185432964,0.166666667
2024-02-18,202410020410,2020101763,5,トーホウフランゴ,0,18,Class2,小倉,57.000000000,15,2024,l2_logistic_c0.1,0.099712045,0.166666667
2024-02-18,202410020410,2018101964,6,アルムファーツリー,0,18,Class2,小倉,15.000000000,41,2024,l2_logistic_c0.1,0.096246933,0.166666667
2024-02-18,202410020410,2020100121,7,イイヒニナル,0,18,Class2,小倉,85.000000000,8,2024,l2_logistic_c0.1,0.216581033,0.166666667
2024-02-18,202410020410,2018106455,8,メイショウハボタン,0,18,Class2,小倉,22.000000000,37,2024,l2_logistic_c0.1,0.181311971,0.166666667
2024-02-18,202410020410,2020102331,9,メイショウオトギ,0,18,Class2,小倉,92.000000000,11,2024,l2_logistic_c0.1,0.132989668,0.166666667
2024-02-18,202410020410,2020104942,10,シルフィードレーヴ,0,18,Class2,小倉,63.000000000,11,2024,l2_logistic_c0.1,0.130757752,0.166666667
2024-02-18,202410020410,2019101270,11,ヨール,0,18,Class2,小倉,36.000000000,17,2024,l2_logistic_c0.1,0.203545335,0.166666667
2024-02-18,202410020410,2020100686,12,ジョリダム,0,18,Class2,小倉,8.000000000,10,2024,l2_logistic_c0.1,0.171149990,0.166666667
2024-02-18,202410020410,2020101492,13,シンリンゲンカイ,0,18,Class2,小倉,63.000000000,14,2024,l2_logistic_c0.1,0.097796079,0.166666667
2024-02-18,202410020410,2019103897,14,ハピネスアゲン,0,18,Class2,小倉,57.000000000,19,2024,l2_logistic_c0.1,0.275210319,0.166666667
2024-02-18,202410020410,2017101991,15,テンジュイン,0,18,Class2,小倉,8.000000000,42,2024,l2_logistic_c0.1,0.083255102,0.166666667
2024-02-18,202410020410,2019105412,16,プリモカリーナ,0,18,Class2,小倉,85.000000000,13,2024,l2_logistic_c0.1,0.286079566,0.166666667
2024-02-18,202410020410,2019100604,17,ヤマニンアンフィル,0,18,Class2,小倉,91.000000000,15,2024,l2_logistic_c0.1,0.176888423,0.166666667
2024-02-18,202410020410,2018100636,18,ステラダイヤ,0,18,Class2,小倉,78.000000000,20,2024,l2_logistic_c0.1,0.144907904,0.166666667
2024-02-18,202410020412,2018105201,1,デイトンウェイ,0,17,Class1,小倉,36.000000000,19,2024,l2_logistic_c0.1,0.086219323,0.176470588
2024-02-18,202410020412,2020101093,2,ショッキングブルー,0,17,Class1,小倉,154.000000000,6,2024,l2_logistic_c0.1,0.086697007,0.176470588
2024-02-18,202410020412,2020105892,3,ヴァルトラウテ,0,17,Class1,小倉,21.000000000,11,2024,l2_logistic_c0.1,0.177852159,0.176470588
2024-02-18,202410020412,2020101229,4,レディメローラ,0,17,Class1,小倉,36.000000000,7,2024,l2_logistic_c0.1,0.207523407,0.176470588
2024-02-18,202410020412,2019103123,5,エリカフェリーチェ,0,17,Class1,小倉,22.000000000,11,2024,l2_logistic_c0.1,0.152122143,0.176470588
2024-02-18,202410020412,2020101378,6,アイヲツグモノ,1,17,Class1,小倉,92.000000000,9,2024,l2_logistic_c0.1,0.074176557,0.176470588
2024-02-18,202410020412,2020104824,7,シンデレラスマイル,0,17,Class1,小倉,22.000000000,13,2024,l2_logistic_c0.1,0.228508823,0.176470588
2024-02-18,202410020412,2019103193,8,トリップトゥムーン,1,17,Class1,小倉,14.000000000,22,2024,l2_logistic_c0.1,0.175223385,0.176470588
2024-02-18,202410020412,2018101951,10,タガノスペルノヴァ,0,17,Class1,小倉,21.000000000,22,2024,l2_logistic_c0.1,0.107048861,0.176470588
2024-02-18,202410020412,2019104657,11,ルールザウイングス,0,17,Class1,小倉,28.000000000,11,2024,l2_logistic_c0.1,0.085590119,0.176470588
2024-02-18,202410020412,2020102934,12,ディナトセレーネ,0,17,Class1,小倉,14.000000000,10,2024,l2_logistic_c0.1,0.117669655,0.176470588
2024-02-18,202410020412,2020102208,13,マテンロウアネモス,0,17,Class1,小倉,14.000000000,12,2024,l2_logistic_c0.1,0.159067997,0.176470588
2024-02-18,202410020412,2019103008,14,ロードリライアブル,0,17,Class1,小倉,22.000000000,15,2024,l2_logistic_c0.1,0.089722855,0.176470588
2024-02-18,202410020412,2017101448,15,ウインアステロイド,1,17,Class1,小倉,21.000000000,42,2024,l2_logistic_c0.1,0.185205962,0.176470588
2024-02-18,202410020412,2019105265,16,アエリーゾ,0,17,Class1,小倉,29.000000000,17,2024,l2_logistic_c0.1,0.128098838,0.176470588
2024-02-18,202410020412,2020101247,17,ミネヒメ,0,17,Class1,小倉,22.000000000,8,2024,l2_logistic_c0.1,0.193834639,0.176470588
2024-02-18,202410020412,2020100741,18,ノーブルラン,0,17,Class1,小倉,91.000000000,13,2024,l2_logistic_c0.1,0.093729878,0.176470588
2024-02-24,202409010112,2019101679,1,ヴィアドロローサ,0,10,Class2,阪神,153.000000000,18,2024,l2_logistic_c0.1,0.089819297,0.300000000
2024-02-24,202409010112,2020104194,2,ルーフ,1,10,Class2,阪神,21.000000000,6,2024,l2_logistic_c0.1,0.534804183,0.300000000
2024-02-24,202409010112,2020104087,3,グランツベリー,0,10,Class2,阪神,42.000000000,15,2024,l2_logistic_c0.1,0.267337004,0.300000000
2024-02-24,202409010112,2020106733,4,ブラーヴ,0,10,Class2,阪神,20.000000000,20,2024,l2_logistic_c0.1,0.055678111,0.300000000
2024-02-24,202409010112,2019100170,5,デルマカミーラ,0,10,Class2,阪神,21.000000000,14,2024,l2_logistic_c0.1,0.066954838,0.300000000
2024-02-24,202409010112,2018102281,6,キタノエクスプレス,1,10,Class2,阪神,21.000000000,14,2024,l2_logistic_c0.1,0.278626892,0.300000000
2024-02-24,202409010112,2019104498,7,インプロバイザー,0,10,Class2,阪神,154.000000000,18,2024,l2_logistic_c0.1,0.154006386,0.300000000
2024-02-24,202409010112,2020100151,8,スクルプトーリス,0,10,Class2,阪神,14.000000000,9,2024,l2_logistic_c0.1,0.277580425,0.300000000
2024-02-24,202409010112,2019102786,9,ウォータールグラン,1,10,Class2,阪神,21.000000000,13,2024,l2_logistic_c0.1,0.204376401,0.300000000
2024-02-24,202409010112,2019104697,10,ショウナンマッハ,0,10,Class2,阪神,105.000000000,20,2024,l2_logistic_c0.1,0.170050309,0.300000000
2024-02-24,202410020502,2021103039,2,ゴーインマイウェイ,1,18,Maiden,小倉,13.000000000,4,2024,l2_logistic_c0.1,0.231578903,0.166666667
2024-02-24,202410020502,2021106789,3,コスモマチュアー,0,18,Maiden,小倉,76.000000000,4,2024,l2_logistic_c0.1,0.104305025,0.166666667
2024-02-24,202410020502,2021110023,4,エクストラバック,1,18,Maiden,小倉,41.000000000,5,2024,l2_logistic_c0.1,0.382488073,0.166666667
2024-02-24,202410020502,2021103092,5,ナムラローズマリー,1,18,Maiden,小倉,41.000000000,3,2024,l2_logistic_c0.1,0.578598251,0.166666667
2024-02-24,202410020502,2021100415,6,スウィートリワード,0,18,Maiden,小倉,13.000000000,3,2024,l2_logistic_c0.1,0.362724953,0.166666667
2024-02-24,202410020502,2021109052,8,トントンプー,0,18,Maiden,小倉,119.000000000,3,2024,l2_logistic_c0.1,0.026947463,0.166666667
2024-02-24,202410020502,2021110032,12,フィクストスター,0,18,Maiden,小倉,90.000000000,3,2024,l2_logistic_c0.1,0.066711072,0.166666667
2024-02-24,202410020502,2021105197,13,コーントップス,0,18,Maiden,小倉,140.000000000,3,2024,l2_logistic_c0.1,0.059022716,0.166666667
2024-02-24,202410020502,2021102909,15,ホーギー,0,18,Maiden,小倉,77.000000000,3,2024,l2_logistic_c0.1,0.083184149,0.166666667
2024-02-24,202410020502,2021102875,17,イズジョーゴモリー,0,18,Maiden,小倉,13.000000000,6,2024,l2_logistic_c0.1,0.155596409,0.166666667
2024-02-24,202410020509,2020102271,1,コスモグングニール,0,14,Class1,小倉,20.000000000,11,2024,l2_logistic_c0.1,0.446558757,0.214285714
2024-02-24,202410020509,2020103885,2,クリノゴッホ,0,14,Class1,小倉,14.000000000,19,2024,l2_logistic_c0.1,0.218687241,0.214285714
2024-02-24,202410020509,2019103594,3,レッドアヴァンティ,1,14,Class1,小倉,21.000000000,8,2024,l2_logistic_c0.1,0.479652617,0.214285714
2024-02-24,202410020509,2019102303,4,アイムファイン,0,14,Class1,小倉,7.000000000,20,2024,l2_logistic_c0.1,0.370418252,0.214285714
2024-02-24,202410020509,2020100906,5,フライングブレード,1,14,Class1,小倉,77.000000000,11,2024,l2_logistic_c0.1,0.535378447,0.214285714
2024-02-24,202410020509,2019106194,6,コーリングユー,1,14,Class1,小倉,47.000000000,15,2024,l2_logistic_c0.1,0.376942450,0.214285714
2024-02-24,202410020509,2020105409,7,ディアドコス,0,14,Class1,小倉,13.000000000,13,2024,l2_logistic_c0.1,0.098550246,0.214285714
2024-02-24,202410020509,2020103418,8,インクルードダイヤ,0,14,Class1,小倉,14.000000000,10,2024,l2_logistic_c0.1,0.222185594,0.214285714
2024-02-24,202410020509,2020104346,9,イミュータブル,0,14,Class1,小倉,118.000000000,12,2024,l2_logistic_c0.1,0.075661292,0.214285714
2024-02-24,202410020509,2020103844,10,フリントロック,0,14,Class1,小倉,77.000000000,9,2024,l2_logistic_c0.1,0.167426478,0.214285714
2024-02-24,202410020509,2020101517,11,ソノママソノママ,0,14,Class1,小倉,14.000000000,6,2024,l2_logistic_c0.1,0.119431988,0.214285714
2024-02-24,202410020509,2019100197,12,ウインエイムハイ,0,14,Class1,小倉,14.000000000,17,2024,l2_logistic_c0.1,0.085491284,0.214285714
2024-02-24,202410020509,2020106737,13,メイショウコギク,0,14,Class1,小倉,20.000000000,14,2024,l2_logistic_c0.1,0.205514025,0.214285714
2024-02-24,202410020509,2020105131,14,ロッソランパンテ,0,14,Class1,小倉,27.000000000,12,2024,l2_logistic_c0.1,0.065587470,0.214285714
2024-02-24,202410020512,2019101446,1,ワンリオン,0,18,Class1,小倉,14.000000000,19,2024,l2_logistic_c0.1,0.148827796,0.166666667
2024-02-24,202410020512,2018104872,2,アクアマリンブルー,0,18,Class1,小倉,98.000000000,12,2024,l2_logistic_c0.1,0.083720849,0.166666667
2024-02-24,202410020512,2020101093,3,ショッキングブルー,0,18,Class1,小倉,6.000000000,7,2024,l2_logistic_c0.1,0.056834658,0.166666667
2024-02-24,202410020512,2019107007,4,パワポケビー,0,18,Class1,小倉,6.000000000,15,2024,l2_logistic_c0.1,0.133509384,0.166666667
2024-02-24,202410020512,2019105487,5,アドマイヤジェイ,1,18,Class1,小倉,42.000000000,10,2024,l2_logistic_c0.1,0.363637283,0.166666667
2024-02-24,202410020512,2020104796,6,ホイッスルソング,0,18,Class1,小倉,27.000000000,7,2024,l2_logistic_c0.1,0.127894692,0.166666667
2024-02-24,202410020512,2019106183,7,カフェクロニクル,1,18,Class1,小倉,6.000000000,5,2024,l2_logistic_c0.1,0.165531467,0.166666667
2024-02-24,202410020512,2019103100,8,サルサロッサ,0,18,Class1,小倉,13.000000000,29,2024,l2_logistic_c0.1,0.127203343,0.166666667
2024-02-24,202410020512,2018100241,9,クリノアンビシャス,0,18,Class1,小倉,70.000000000,19,2024,l2_logistic_c0.1,0.027590857,0.166666667
2024-02-24,202410020512,2020101247,10,ミネヒメ,0,18,Class1,小倉,6.000000000,9,2024,l2_logistic_c0.1,0.134689737,0.166666667
2024-02-24,202410020512,2020100295,11,メリトリオ,0,18,Class1,小倉,28.000000000,9,2024,l2_logistic_c0.1,0.177996829,0.166666667
2024-02-24,202410020512,2020103261,12,アウクソー,0,18,Class1,小倉,63.000000000,8,2024,l2_logistic_c0.1,0.046289736,0.166666667
2024-02-24,202410020512,2020102599,13,リトルミム,0,18,Class1,小倉,14.000000000,10,2024,l2_logistic_c0.1,0.175893239,0.166666667
2024-02-24,202410020512,2018106612,14,オリアメンディ,0,18,Class1,小倉,105.000000000,31,2024,l2_logistic_c0.1,0.079008955,0.166666667
2024-02-24,202410020512,2019103659,15,マテンロウボンド,1,18,Class1,小倉,21.000000000,4,2024,l2_logistic_c0.1,0.113338396,0.166666667
2024-02-24,202410020512,2020100741,16,ノーブルラン,0,18,Class1,小倉,6.000000000,14,2024,l2_logistic_c0.1,0.089000370,0.166666667
2024-02-24,202410020512,2020100289,17,シルバーダイヤ,0,18,Class1,小倉,13.000000000,11,2024,l2_logistic_c0.1,0.064079603,0.166666667
2024-02-24,202410020512,2020104905,18,ハクサンミニョン,0,18,Class1,小倉,20.000000000,6,2024,l2_logistic_c0.1,0.090377408,0.166666667
2024-02-25,202409010210,2021104006,1,クリスアーサー,0,11,Open,阪神,71.000000000,4,2024,l2_logistic_c0.1,0.464326977,0.272727273
2024-02-25,202409010210,2021100899,2,ビッグドリーム,0,11,Open,阪神,36.000000000,5,2024,l2_logistic_c0.1,0.432101481,0.272727273
2024-02-25,202409010210,2021110021,3,スピリットガイド,1,11,Open,阪神,29.000000000,7,2024,l2_logistic_c0.1,0.259562189,0.272727273
2024-02-25,202409010210,2021102392,4,ナナオ,1,11,Open,阪神,77.000000000,5,2024,l2_logistic_c0.1,0.498251927,0.272727273
2024-02-25,202409010210,2021110132,5,ジャスパーノワール,0,11,Open,阪神,29.000000000,6,2024,l2_logistic_c0.1,0.330362578,0.272727273
2024-02-25,202409010210,2021100161,6,ロードフロンティア,0,11,Open,阪神,42.000000000,5,2024,l2_logistic_c0.1,0.224015089,0.272727273
2024-02-25,202409010210,2021100139,7,クランフォード,0,11,Open,阪神,22.000000000,3,2024,l2_logistic_c0.1,0.512056237,0.272727273
2024-02-25,202409010210,2021107058,8,ピューロマジック,1,11,Open,阪神,50.000000000,6,2024,l2_logistic_c0.1,0.471015094,0.272727273
2024-02-25,202409010210,2021103080,9,ゼルトザーム,0,11,Open,阪神,48.000000000,4,2024,l2_logistic_c0.1,0.309619063,0.272727273
2024-02-25,202409010210,2021104504,10,ベント,0,11,Open,阪神,126.000000000,3,2024,l2_logistic_c0.1,0.048769043,0.272727273
2024-02-25,202409010210,2021105771,11,ミルテンベルク,0,11,Open,阪神,70.000000000,4,2024,l2_logistic_c0.1,0.287876252,0.272727273
2024-02-25,202410020606,2021103116,2,ヤブサメ,1,18,Maiden,小倉,22.000000000,3,2024,l2_logistic_c0.1,0.328563849,0.166666667
2024-02-25,202410020606,2021106208,3,リベリアンガール,0,18,Maiden,小倉,15.000000000,3,2024,l2_logistic_c0.1,0.089955050,0.166666667
2024-02-25,202410020606,2021104057,5,サクラリゲル,0,18,Maiden,小倉,28.000000000,6,2024,l2_logistic_c0.1,0.087492288,0.166666667
2024-02-25,202410020606,2021106879,6,ゴールドジャンパー,0,18,Maiden,小倉,28.000000000,3,2024,l2_logistic_c0.1,0.434175081,0.166666667
2024-02-25,202410020606,2021106809,7,コスモララバイ,0,18,Maiden,小倉,14.000000000,4,2024,l2_logistic_c0.1,0.501378820,0.166666667
2024-02-25,202410020606,2021103299,9,シアター,1,18,Maiden,小倉,28.000000000,4,2024,l2_logistic_c0.1,0.441133695,0.166666667
2024-02-25,202410020606,2021103437,12,ライヴパトラッシュ,0,18,Maiden,小倉,15.000000000,3,2024,l2_logistic_c0.1,0.029404738,0.166666667
2024-02-25,202410020606,2021103554,13,リルフロスト,0,18,Maiden,小倉,21.000000000,7,2024,l2_logistic_c0.1,0.112933523,0.166666667
2024-02-25,202410020606,2021100015,15,キラン,0,18,Maiden,小倉,21.000000000,7,2024,l2_logistic_c0.1,0.043266767,0.166666667
2024-02-25,202410020606,2021102386,16,セブンスリーローズ,0,18,Maiden,小倉,29.000000000,5,2024,l2_logistic_c0.1,0.045177588,0.166666667
2024-02-25,202410020611,2017103020,1,ダンツイノーバ,0,17,Class3,小倉,28.000000000,41,2024,l2_logistic_c0.1,0.163475585,0.176470588
2024-02-25,202410020611,2019101626,2,ピンクマクフィー,0,17,Class3,小倉,28.000000000,14,2024,l2_logistic_c0.1,0.383689717,0.176470588
2024-02-25,202410020611,2020101543,3,グランテスト,0,17,Class3,小倉,22.000000000,7,2024,l2_logistic_c0.1,0.474497939,0.176470588
2024-02-25,202410020611,2018106837,4,テーオーメアリー,0,17,Class3,小倉,21.000000000,21,2024,l2_logistic_c0.1,0.139155115,0.176470588
2024-02-25,202410020611,2018103205,5,クムシラコ,0,17,Class3,小倉,59.000000000,33,2024,l2_logistic_c0.1,0.083112717,0.176470588
2024-02-25,202410020611,2018106389,6,メイショウツツジ,0,17,Class3,小倉,77.000000000,26,2024,l2_logistic_c0.1,0.070185621,0.176470588
2024-02-25,202410020611,2019106184,7,カフジテトラゴン,0,17,Class3,小倉,22.000000000,19,2024,l2_logistic_c0.1,0.252213501,0.176470588
2024-02-25,202410020611,2020110114,8,スリーアイランド,0,17,Class3,小倉,28.000000000,9,2024,l2_logistic_c0.1,0.446765234,0.176470588
2024-02-25,202410020611,2017102603,9,テイエムイダテン,0,17,Class3,小倉,21.000000000,27,2024,l2_logistic_c0.1,0.026405215,0.176470588
2024-02-25,202410020611,2018104160,10,ニホンピロタイズ,0,17,Class3,小倉,7.000000000,21,2024,l2_logistic_c0.1,0.187250058,0.176470588
2024-02-25,202410020611,2020101262,11,エコロレジーナ,1,17,Class3,小倉,43.000000000,14,2024,l2_logistic_c0.1,0.219042314,0.176470588
2024-02-25,202410020611,2018103296,12,サニーオーシャン,0,17,Class3,小倉,15.000000000,31,2024,l2_logistic_c0.1,0.071542834,0.176470588
2024-02-25,202410020611,2020100105,13,エイシンフェンサー,1,17,Class3,小倉,59.000000000,10,2024,l2_logistic_c0.1,0.324138816,0.176470588
2024-02-25,202410020611,2017104138,14,グランレイ,0,17,Class3,小倉,28.000000000,29,2024,l2_logistic_c0.1,0.181969584,0.176470588
2024-02-25,202410020611,2018102649,15,タツリュウオー,0,17,Class3,小倉,28.000000000,26,2024,l2_logistic_c0.1,0.063627252,0.176470588
2024-02-25,202410020611,2020101503,16,カンチェンジュンガ,1,17,Class3,小倉,29.000000000,9,2024,l2_logistic_c0.1,0.172521014,0.176470588
2024-02-25,202410020611,2018102491,17,メイショウエニシア,0,17,Class3,小倉,59.000000000,31,2024,l2_logistic_c0.1,0.178294620,0.176470588
2024-03-02,202406020311,2020101827,1,バースクライ,1,16,Open,中山,34.000000000,9,2024,l2_logistic_c0.1,0.348934227,0.187500000
2024-03-02,202406020311,2018106055,2,ヨシノイースター,0,16,Open,中山,20.000000000,22,2024,l2_logistic_c0.1,0.216277297,0.187500000
2024-03-02,202406020311,2019110001,3,ショウナンハクラク,0,16,Open,中山,34.000000000,20,2024,l2_logistic_c0.1,0.176590916,0.187500000
2024-03-02,202406020311,2017106137,4,グレイトゲイナー,0,16,Open,中山,54.000000000,36,2024,l2_logistic_c0.1,0.228909676,0.187500000
2024-03-02,202406020311,2019100965,5,マテンロウオリオン,0,16,Open,中山,56.000000000,16,2024,l2_logistic_c0.1,0.144582711,0.187500000
2024-03-02,202406020311,2017101121,6,ボンボヤージ,0,16,Open,中山,14.000000000,28,2024,l2_logistic_c0.1,0.029497667,0.187500000
2024-03-02,202406020311,2017105661,7,ジュビリーヘッド,0,16,Open,中山,97.000000000,29,2024,l2_logistic_c0.1,0.156281008,0.187500000
2024-03-02,202406020311,2020103276,8,バルサムノート,0,16,Open,中山,20.000000000,10,2024,l2_logistic_c0.1,0.288007522,0.187500000
2024-03-02,202406020311,2018110035,9,シュバルツカイザー,0,16,Open,中山,54.000000000,19,2024,l2_logistic_c0.1,0.159534486,0.187500000
2024-03-02,202406020311,2020100896,10,ビッグシーザー,1,16,Open,中山,49.000000000,11,2024,l2_logistic_c0.1,0.354036815,0.187500000
2024-03-02,202406020311,2019104470,11,キミワクイーン,0,16,Open,中山,97.000000000,14,2024,l2_logistic_c0.1,0.172789977,0.187500000
2024-03-02,202406020311,2015105850,12,カイザーメランジェ,0,16,Open,中山,34.000000000,50,2024,l2_logistic_c0.1,0.039453939,0.187500000
2024-03-02,202406020311,2018105610,13,ダディーズビビッド,0,16,Open,中山,70.000000000,23,2024,l2_logistic_c0.1,0.245809763,0.187500000
2024-03-02,202406020311,2019105658,14,オタルエバー,0,16,Open,中山,34.000000000,14,2024,l2_logistic_c0.1,0.253044163,0.187500000
2024-03-02,202406020311,2019106526,15,トウシンマカオ,1,16,Open,中山,97.000000000,15,2024,l2_logistic_c0.1,0.328757556,0.187500000
2024-03-02,202406020311,2019100791,16,シナモンスティック,0,16,Open,中山,54.000000000,20,2024,l2_logistic_c0.1,0.247299183,0.187500000
2024-03-02,202410020702,2021103548,1,フォカッチャ,0,18,Maiden,小倉,42.000000000,6,2024,l2_logistic_c0.1,0.111001797,0.166666667
2024-03-02,202410020702,2021105696,2,ステイチューンド,0,18,Maiden,小倉,65.000000000,6,2024,l2_logistic_c0.1,0.478786504,0.166666667
2024-03-02,202410020702,2021106564,3,ハヤブサソンタクン,0,18,Maiden,小倉,27.000000000,8,2024,l2_logistic_c0.1,0.209870163,0.166666667
2024-03-02,202410020702,2021106789,5,コスモマチュアー,0,18,Maiden,小倉,7.000000000,5,2024,l2_logistic_c0.1,0.182634555,0.166666667
2024-03-02,202410020702,2021101197,6,コムダビチュード,0,18,Maiden,小倉,97.000000000,7,2024,l2_logistic_c0.1,0.081108343,0.166666667
2024-03-02,202410020702,2021102512,8,クイーンオブリリー,0,18,Maiden,小倉,27.000000000,4,2024,l2_logistic_c0.1,0.083753274,0.166666667
2024-03-02,202410020702,2021109134,9,マーティー,0,18,Maiden,小倉,28.000000000,3,2024,l2_logistic_c0.1,0.120970181,0.166666667
2024-03-02,202410020702,2021104396,10,ムーンセット,0,18,Maiden,小倉,20.000000000,4,2024,l2_logistic_c0.1,0.155487091,0.166666667
2024-03-02,202410020702,2021103119,11,ニシノアヤカゼ,0,18,Maiden,小倉,14.000000000,6,2024,l2_logistic_c0.1,0.268343978,0.166666667
2024-03-02,202410020702,2021106208,13,リベリアンガール,0,18,Maiden,小倉,6.000000000,4,2024,l2_logistic_c0.1,0.127527921,0.166666667
2024-03-02,202410020702,2021107293,14,ゲッワイエンタン,0,18,Maiden,小倉,83.000000000,4,2024,l2_logistic_c0.1,0.035933753,0.166666667
2024-03-02,202410020702,2021103039,16,ゴーインマイウェイ,1,18,Maiden,小倉,7.000000000,5,2024,l2_logistic_c0.1,0.375417287,0.166666667
2024-03-02,202410020702,2021100196,17,オキャン,1,18,Maiden,小倉,20.000000000,5,2024,l2_logistic_c0.1,0.093876120,0.166666667
2024-03-02,202410020709,2021103493,1,イリスアスール,0,13,Class1,小倉,65.000000000,4,2024,l2_logistic_c0.1,0.649160791,0.230769231
2024-03-02,202410020709,2021100015,2,キラン,0,13,Class1,小倉,6.000000000,8,2024,l2_logistic_c0.1,0.053759086,0.230769231
2024-03-02,202410020709,2021100356,3,クールベイビー,1,13,Class1,小倉,14.000000000,6,2024,l2_logistic_c0.1,0.239235608,0.230769231
2024-03-02,202410020709,2021106648,4,ベネメレンティ,0,13,Class1,小倉,28.000000000,3,2024,l2_logistic_c0.1,0.362444972,0.230769231
2024-03-02,202410020709,2021101598,6,アンクルクロス,1,13,Class1,小倉,14.000000000,8,2024,l2_logistic_c0.1,0.497655415,0.230769231
2024-03-02,202410020709,2021102054,7,ルクスパラディ,0,13,Class1,小倉,111.000000000,3,2024,l2_logistic_c0.1,0.282716469,0.230769231
2024-03-02,202410020709,2021100429,8,テイエムボニータ,0,13,Class1,小倉,7.000000000,3,2024,l2_logistic_c0.1,0.062711302,0.230769231
2024-03-02,202410020709,2021102295,10,チュウワキャリア,0,13,Class1,小倉,77.000000000,3,2024,l2_logistic_c0.1,0.396731321,0.230769231
2024-03-02,202410020709,2021105175,11,セントキルダ,0,13,Class1,小倉,28.000000000,7,2024,l2_logistic_c0.1,0.193835116,0.230769231
2024-03-02,202410020709,2021100248,12,セイウンデセオ,0,13,Class1,小倉,49.000000000,5,2024,l2_logistic_c0.1,0.423047364,0.230769231
2024-03-02,202410020712,2018101982,1,クインズミント,0,18,Class1,小倉,48.000000000,6,2024,l2_logistic_c0.1,0.038200584,0.166666667
2024-03-02,202410020712,2018100772,2,ハイライフ,0,18,Class1,小倉,14.000000000,21,2024,l2_logistic_c0.1,0.046370629,0.166666667
2024-03-02,202410020712,2018100618,3,トーホウジュナール,0,18,Class1,小倉,21.000000000,27,2024,l2_logistic_c0.1,0.145552152,0.166666667
2024-03-02,202410020712,2020100795,4,ベルタソ,0,18,Class1,小倉,14.000000000,8,2024,l2_logistic_c0.1,0.077031933,0.166666667
2024-03-02,202410020712,2020106819,5,アースビート,0,18,Class1,小倉,195.000000000,6,2024,l2_logistic_c0.1,0.040682290,0.166666667
2024-03-02,202410020712,2020103898,6,イグニション,1,18,Class1,小倉,28.000000000,10,2024,l2_logistic_c0.1,0.103033187,0.166666667
2024-03-02,202410020712,2020106849,7,メイショウゴルシ,0,18,Class1,小倉,28.000000000,6,2024,l2_logistic_c0.1,0.047284894,0.166666667
2024-03-02,202410020712,2019100936,8,ニシノタマユラ,0,18,Class1,小倉,27.000000000,14,2024,l2_logistic_c0.1,0.146047596,0.166666667
2024-03-02,202410020712,2020110030,9,ユアデスティニー,0,18,Class1,小倉,14.000000000,3,2024,l2_logistic_c0.1,0.042502371,0.166666667
2024-03-02,202410020712,2020101597,10,サンライズタイソン,0,18,Class1,小倉,41.000000000,7,2024,l2_logistic_c0.1,0.150345382,0.166666667
2024-03-02,202410020712,2020106777,11,セレッソデアモール,0,18,Class1,小倉,112.000000000,8,2024,l2_logistic_c0.1,0.218209806,0.166666667
2024-03-02,202410020712,2020101093,12,ショッキングブルー,0,18,Class1,小倉,7.000000000,8,2024,l2_logistic_c0.1,0.066607907,0.166666667
2024-03-02,202410020712,2018100593,13,タイガーリリー,0,18,Class1,小倉,49.000000000,30,2024,l2_logistic_c0.1,0.085065929,0.166666667
2024-03-02,202410020712,2018110149,14,コスモアディラート,1,18,Class1,小倉,14.000000000,14,2024,l2_logistic_c0.1,0.404749955,0.166666667
2024-03-02,202410020712,2019106194,15,コーリングユー,1,18,Class1,小倉,7.000000000,16,2024,l2_logistic_c0.1,0.414523480,0.166666667
2024-03-02,202410020712,2020100295,16,メリトリオ,0,18,Class1,小倉,7.000000000,10,2024,l2_logistic_c0.1,0.216392355,0.166666667
2024-03-02,202410020712,2020103588,17,マテンロウナイト,0,18,Class1,小倉,14.000000000,12,2024,l2_logistic_c0.1,0.089533677,0.166666667
2024-03-02,202410020712,2019100197,18,ウインエイムハイ,0,18,Class1,小倉,7.000000000,18,2024,l2_logistic_c0.1,0.082336764,0.166666667
2024-03-03,202410020801,2021101766,3,ソルトロック,0,18,Maiden,小倉,55.000000000,5,2024,l2_logistic_c0.1,0.198790208,0.166666667
2024-03-03,202410020801,2021102339,4,ユッカラン,0,18,Maiden,小倉,14.000000000,4,2024,l2_logistic_c0.1,0.158806150,0.166666667
2024-03-03,202410020801,2021105098,5,ディーエストッキー,1,18,Maiden,小倉,49.000000000,5,2024,l2_logistic_c0.1,0.407801524,0.166666667
2024-03-03,202410020801,2021104806,6,レオナルドスター,0,18,Maiden,小倉,15.000000000,5,2024,l2_logistic_c0.1,0.573468660,0.166666667
2024-03-03,202410020801,2021104933,8,カントゥータ,0,18,Maiden,小倉,35.000000000,4,2024,l2_logistic_c0.1,0.110235940,0.166666667
2024-03-03,202410020801,2021105148,10,ナックアテナ,0,18,Maiden,小倉,50.000000000,5,2024,l2_logistic_c0.1,0.177171519,0.166666667
2024-03-03,202410020801,2021105091,11,タイプフェイス,0,18,Maiden,小倉,21.000000000,5,2024,l2_logistic_c0.1,0.095815615,0.166666667
2024-03-03,202410020801,2021100522,12,ジョーメッドヴィン,1,18,Maiden,小倉,28.000000000,4,2024,l2_logistic_c0.1,0.322795538,0.166666667
2024-03-03,202410020801,2021105069,13,グシチャンノホシ,0,18,Maiden,小倉,49.000000000,3,2024,l2_logistic_c0.1,0.056685835,0.166666667
2024-03-03,202410020801,2021103176,15,タイキエルキーオ,0,18,Maiden,小倉,183.000000000,3,2024,l2_logistic_c0.1,0.039560001,0.166666667
2024-03-03,202410020801,2021103505,16,ウエストチェリー,0,18,Maiden,小倉,119.000000000,4,2024,l2_logistic_c0.1,0.031737766,0.166666667
2024-03-03,202410020801,2021107169,18,ネムレスクイーン,0,18,Maiden,小倉,14.000000000,6,2024,l2_logistic_c0.1,0.196152158,0.166666667
2024-03-03,202410020807,2018106145,1,アコルダール,0,16,Class1,小倉,22.000000000,15,2024,l2_logistic_c0.1,0.077830069,0.187500000
2024-03-03,202410020807,2019101446,2,ワンリオン,0,16,Class1,小倉,8.000000000,20,2024,l2_logistic_c0.1,0.236693716,0.187500000
2024-03-03,202410020807,2020101247,3,ミネヒメ,0,16,Class1,小倉,8.000000000,10,2024,l2_logistic_c0.1,0.156121165,0.187500000
2024-03-03,202410020807,2018105357,4,ラピカズマ,0,16,Class1,小倉,85.000000000,26,2024,l2_logistic_c0.1,0.158934222,0.187500000
2024-03-03,202410020807,2020104824,5,シンデレラスマイル,1,16,Class1,小倉,14.000000000,14,2024,l2_logistic_c0.1,0.218843638,0.187500000
2024-03-03,202410020807,2020105836,6,ゴールドレコーダー,0,16,Class1,小倉,35.000000000,8,2024,l2_logistic_c0.1,0.127688888,0.187500000
2024-03-03,202410020807,2020104739,7,ランスオブサウンド,0,16,Class1,小倉,36.000000000,5,2024,l2_logistic_c0.1,0.163324800,0.187500000
2024-03-03,202410020807,2020102377,8,サンタアナテソーロ,0,16,Class1,小倉,133.000000000,10,2024,l2_logistic_c0.1,0.150559876,0.187500000
2024-03-03,202410020807,2020105940,9,ニシノトレンディー,0,16,Class1,小倉,113.000000000,10,2024,l2_logistic_c0.1,0.120975660,0.187500000
2024-03-03,202410020807,2019105376,10,ダノンアーリー,0,16,Class1,小倉,42.000000000,22,2024,l2_logistic_c0.1,0.128559581,0.187500000
2024-03-03,202410020807,2018101951,11,タガノスペルノヴァ,0,16,Class1,小倉,14.000000000,23,2024,l2_logistic_c0.1,0.158741674,0.187500000
2024-03-03,202410020807,2017101448,12,ウインアステロイド,0,16,Class1,小倉,14.000000000,43,2024,l2_logistic_c0.1,0.289649320,0.187500000
2024-03-03,202410020807,2018104872,13,アクアマリンブルー,0,16,Class1,小倉,8.000000000,13,2024,l2_logistic_c0.1,0.067573248,0.187500000
2024-03-03,202410020807,2019104356,14,ディオアステリア,1,16,Class1,小倉,22.000000000,19,2024,l2_logistic_c0.1,0.415840504,0.187500000
2024-03-03,202410020807,2016101650,15,モメチョッタ,0,16,Class1,小倉,7.000000000,35,2024,l2_logistic_c0.1,0.085218170,0.187500000
2024-03-03,202410020807,2018105523,16,シュライエン,1,16,Class1,小倉,22.000000000,22,2024,l2_logistic_c0.1,0.207091724,0.187500000
2024-03-03,202410020810,2018100433,1,ブロンズレッド,0,18,Class2,小倉,92.000000000,18,2024,l2_logistic_c0.1,0.108077647,0.166666667
2024-03-03,202410020810,2019102456,2,ナバロン,0,18,Class2,小倉,71.000000000,25,2024,l2_logistic_c0.1,0.126329573,0.166666667
2024-03-03,202410020810,2019101679,3,ヴィアドロローサ,0,18,Class2,小倉,8.000000000,19,2024,l2_logistic_c0.1,0.127861040,0.166666667
2024-03-03,202410020810,2017104234,4,スズノヤマト,0,18,Class2,小倉,56.000000000,24,2024,l2_logistic_c0.1,0.059385937,0.166666667
2024-03-03,202410020810,2018103902,5,サウンドブライアン,0,18,Class2,小倉,70.000000000,31,2024,l2_logistic_c0.1,0.071673305,0.166666667
2024-03-03,202410020810,2018104534,6,アスクキングコング,0,18,Class2,小倉,22.000000000,27,2024,l2_logistic_c0.1,0.187773373,0.166666667
2024-03-03,202410020810,2017102940,7,ワンダーカタリナ,1,18,Class2,小倉,91.000000000,32,2024,l2_logistic_c0.1,0.071940553,0.166666667
2024-03-03,202410020810,2020100736,8,ビッグボーンリタ,0,18,Class2,小倉,56.000000000,11,2024,l2_logistic_c0.1,0.120146391,0.166666667
2024-03-03,202410020810,2019104675,9,アップストローク,0,18,Class2,小倉,22.000000000,22,2024,l2_logistic_c0.1,0.295954026,0.166666667
2024-03-03,202410020810,2019104738,10,サウンドクレア,0,18,Class2,小倉,14.000000000,14,2024,l2_logistic_c0.1,0.271861695,0.166666667
2024-03-03,202410020810,2019103193,11,トリップトゥムーン,0,18,Class2,小倉,14.000000000,23,2024,l2_logistic_c0.1,0.266067539,0.166666667
2024-03-03,202410020810,2018106552,12,メイショウフンケイ,1,18,Class2,小倉,99.000000000,28,2024,l2_logistic_c0.1,0.062682800,0.166666667
2024-03-03,202410020810,2020104613,13,タツダイヤモンド,1,18,Class2,小倉,50.000000000,12,2024,l2_logistic_c0.1,0.214500435,0.166666667
2024-03-03,202410020810,2017101991,14,テンジュイン,0,18,Class2,小倉,14.000000000,43,2024,l2_logistic_c0.1,0.102210920,0.166666667
2024-03-03,202410020810,2020105484,15,ニシノコウダイ,0,18,Class2,小倉,49.000000000,12,2024,l2_logistic_c0.1,0.319798267,0.166666667
2024-03-03,202410020810,2017102809,16,ガリレイ,0,18,Class2,小倉,56.000000000,30,2024,l2_logistic_c0.1,0.210079434,0.166666667
2024-03-03,202410020810,2020106330,17,ラウラーナ,0,18,Class2,小倉,14.000000000,14,2024,l2_logistic_c0.1,0.367075861,0.166666667
2024-03-03,202410020810,2018100378,18,ディアナグラン,0,18,Class2,小倉,127.000000000,15,2024,l2_logistic_c0.1,0.145782098,0.166666667
2024-03-09,202406020510,2020100607,1,サンティーテソーロ,0,16,Class3,中山,97.000000000,10,2024,l2_logistic_c0.1,0.258918740,0.187500000
2024-03-09,202406020510,2016101956,2,オルダージュ,0,16,Class3,中山,55.000000000,40,2024,l2_logistic_c0.1,0.022644491,0.187500000
2024-03-09,202406020510,2019102041,3,アドヴァイス,0,16,Class3,中山,41.000000000,19,2024,l2_logistic_c0.1,0.133542916,0.187500000
2024-03-09,202406020510,2019103010,4,オードゥメール,0,16,Class3,中山,97.000000000,18,2024,l2_logistic_c0.1,0.088249263,0.187500000
2024-03-09,202406020510,2018106345,5,スズカマクフィ,0,16,Class3,中山,41.000000000,26,2024,l2_logistic_c0.1,0.028170222,0.187500000
2024-03-09,202406020510,2019105452,6,ミッキーハーモニー,0,16,Class3,中山,55.000000000,9,2024,l2_logistic_c0.1,0.151918321,0.187500000
2024-03-09,202406020510,2017102838,7,ハーモニーマゼラン,0,16,Class3,中山,91.000000000,27,2024,l2_logistic_c0.1,0.088732781,0.187500000
2024-03-09,202406020510,2020104203,8,スピードオブライト,1,16,Class3,中山,55.000000000,9,2024,l2_logistic_c0.1,0.233935229,0.187500000
2024-03-09,202406020510,2020101792,9,プロスペリダード,1,16,Class3,中山,72.000000000,12,2024,l2_logistic_c0.1,0.408622982,0.187500000
2024-03-09,202406020510,2018103926,10,ショウナンラスボス,0,16,Class3,中山,55.000000000,30,2024,l2_logistic_c0.1,0.188224259,0.187500000
2024-03-09,202406020510,2019102240,11,マメコ,0,16,Class3,中山,105.000000000,17,2024,l2_logistic_c0.1,0.319711888,0.187500000
2024-03-09,202406020510,2019105044,12,アドマイヤラヴィ,0,16,Class3,中山,41.000000000,13,2024,l2_logistic_c0.1,0.335205049,0.187500000
2024-03-09,202406020510,2018110037,13,ブルースピリット,0,16,Class3,中山,97.000000000,16,2024,l2_logistic_c0.1,0.160890742,0.187500000
2024-03-09,202406020510,2018104347,14,ユキノファラオ,1,16,Class3,中山,55.000000000,25,2024,l2_logistic_c0.1,0.082506858,0.187500000
2024-03-09,202406020510,2019105473,15,レッドバロッサ,0,16,Class3,中山,84.000000000,19,2024,l2_logistic_c0.1,0.027523021,0.187500000
2024-03-09,202406020510,2020105365,16,ドーバーホーク,0,16,Class3,中山,112.000000000,10,2024,l2_logistic_c0.1,0.187688814,0.187500000
2024-03-09,202406020512,2020109102,1,サウザンサニー,1,13,Class2,中山,91.000000000,9,2024,l2_logistic_c0.1,0.560518075,0.230769231
2024-03-09,202406020512,2018104765,2,イズンシーラブリー,0,13,Class2,中山,202.000000000,21,2024,l2_logistic_c0.1,0.268329231,0.230769231
2024-03-09,202406020512,2020103284,3,トールキン,0,13,Class2,中山,42.000000000,10,2024,l2_logistic_c0.1,0.295161102,0.230769231
2024-03-09,202406020512,2020104983,4,マルプリ,0,13,Class2,中山,111.000000000,11,2024,l2_logistic_c0.1,0.393360030,0.230769231
2024-03-09,202406020512,2020102391,5,チュウワスプリング,0,13,Class2,中山,14.000000000,8,2024,l2_logistic_c0.1,0.256561136,0.230769231
2024-03-09,202406020512,2019102436,6,ミズノコキュウ,0,13,Class2,中山,42.000000000,24,2024,l2_logistic_c0.1,0.213368360,0.230769231
2024-03-09,202406020512,2019104498,7,インプロバイザー,0,13,Class2,中山,14.000000000,19,2024,l2_logistic_c0.1,0.252387419,0.230769231
2024-03-09,202406020512,2019105738,8,ピンクセイラー,1,13,Class2,中山,56.000000000,15,2024,l2_logistic_c0.1,0.120488322,0.230769231
2024-03-09,202406020512,2019104697,9,ショウナンマッハ,0,13,Class2,中山,14.000000000,21,2024,l2_logistic_c0.1,0.135443245,0.230769231
2024-03-09,202406020512,2018103485,10,ジャガード,0,13,Class2,中山,56.000000000,27,2024,l2_logistic_c0.1,0.099804886,0.230769231
2024-03-09,202406020512,2019104868,11,ブルトンクール,0,13,Class2,中山,98.000000000,14,2024,l2_logistic_c0.1,0.089758835,0.230769231
2024-03-09,202406020512,2018100378,12,ディアナグラン,0,13,Class2,中山,6.000000000,16,2024,l2_logistic_c0.1,0.124602836,0.230769231
2024-03-09,202406020512,2020106987,13,スムースベルベット,1,13,Class2,中山,28.000000000,15,2024,l2_logistic_c0.1,0.278757248,0.230769231
2024-03-10,202406020607,2021106666,1,レイニングキャット,1,11,Class1,中山,189.000000000,4,2024,l2_logistic_c0.1,0.296713655,0.272727273
2024-03-10,202406020607,2021106440,2,アララララ,1,11,Class1,中山,64.000000000,8,2024,l2_logistic_c0.1,0.668094790,0.272727273
2024-03-10,202406020607,2021103667,3,クオレス,1,11,Class1,中山,162.000000000,3,2024,l2_logistic_c0.1,0.489135375,0.272727273
2024-03-10,202406020607,2021100610,4,アサギリ,0,11,Class1,中山,29.000000000,7,2024,l2_logistic_c0.1,0.149847860,0.272727273
2024-03-10,202406020607,2021105057,5,オンザヴィーナス,0,11,Class1,中山,64.000000000,5,2024,l2_logistic_c0.1,0.283740490,0.272727273
2024-03-10,202406020607,2021100803,7,ビルカバンバ,0,11,Class1,中山,14.000000000,3,2024,l2_logistic_c0.1,0.145809249,0.272727273
2024-03-10,202406020607,2021106939,8,タイセイフェスタ,0,11,Class1,中山,29.000000000,6,2024,l2_logistic_c0.1,0.172757913,0.272727273
2024-03-10,202406020607,2021101279,10,シャインヴィーナス,0,11,Class1,中山,112.000000000,4,2024,l2_logistic_c0.1,0.496961128,0.272727273
2024-03-10,202406020607,2021101394,11,モンレーヴ,0,11,Class1,中山,64.000000000,5,2024,l2_logistic_c0.1,0.352693704,0.272727273
2024-03-16,202407010303,2021100196,1,オキャン,0,18,Maiden,中京,14.000000000,6,2024,l2_logistic_c0.1,0.138250037,0.166666667
2024-03-16,202407010303,2021110042,4,サクソフィーナ,1,18,Maiden,中京,49.000000000,3,2024,l2_logistic_c0.1,0.245180640,0.166666667
2024-03-16,202407010303,2021100297,5,ブルボンクイーン,1,18,Maiden,中京,27.000000000,5,2024,l2_logistic_c0.1,0.335791505,0.166666667
2024-03-16,202407010303,2021106729,7,シームレス,0,18,Maiden,中京,62.000000000,4,2024,l2_logistic_c0.1,0.244291881,0.166666667
2024-03-16,202407010303,2021110049,8,アウェイキング,1,18,Maiden,中京,132.000000000,3,2024,l2_logistic_c0.1,0.377352712,0.166666667
2024-03-16,202407010303,2021104096,11,ミッキージャスミン,0,18,Maiden,中京,97.000000000,4,2024,l2_logistic_c0.1,0.147662926,0.166666667
2024-03-16,202407010303,2021100157,12,ロードトレイル,0,18,Maiden,中京,41.000000000,4,2024,l2_logistic_c0.1,0.380331777,0.166666667
2024-03-16,202407010303,2021105289,13,オタルグリーン,0,18,Maiden,中京,62.000000000,3,2024,l2_logistic_c0.1,0.330111844,0.166666667
2024-03-16,202407010303,2021101245,14,カチヌキマリコ,0,18,Maiden,中京,63.000000000,4,2024,l2_logistic_c0.1,0.285629867,0.166666667
2024-03-16,202407010303,2021107079,15,ニシノプリモ,0,18,Maiden,中京,34.000000000,3,2024,l2_logistic_c0.1,0.048700892,0.166666667
2024-03-16,202407010303,2021101154,16,ピエナリオン,0,18,Maiden,中京,13.000000000,3,2024,l2_logistic_c0.1,0.123056795,0.166666667
2024-03-16,202407010303,2021100955,17,プエルトガレラ,0,18,Maiden,中京,42.000000000,3,2024,l2_logistic_c0.1,0.076361808,0.166666667
2024-03-16,202407010303,2021100522,18,ジョーメッドヴィン,0,18,Maiden,中京,13.000000000,5,2024,l2_logistic_c0.1,0.368616653,0.166666667
2024-03-16,202409010706,2021110023,1,エクストラバック,0,10,Class1,阪神,21.000000000,6,2024,l2_logistic_c0.1,0.544486620,0.300000000
2024-03-16,202409010706,2021102461,2,バンドシェル,0,10,Class1,阪神,90.000000000,3,2024,l2_logistic_c0.1,0.564548226,0.300000000
2024-03-16,202409010706,2021103312,3,ロードマイライフ,1,10,Class1,阪神,56.000000000,4,2024,l2_logistic_c0.1,0.609373349,0.300000000
2024-03-16,202409010706,2021106655,4,ロータスワンド,0,10,Class1,阪神,63.000000000,5,2024,l2_logistic_c0.1,0.163542294,0.300000000
2024-03-16,202409010706,2021103493,5,イリスアスール,0,10,Class1,阪神,14.000000000,5,2024,l2_logistic_c0.1,0.649832578,0.300000000
2024-03-16,202409010706,2021106648,6,ベネメレンティ,0,10,Class1,阪神,14.000000000,4,2024,l2_logistic_c0.1,0.375609018,0.300000000
2024-03-16,202409010706,2021105054,7,モンシュマン,1,10,Class1,阪神,84.000000000,6,2024,l2_logistic_c0.1,0.458709352,0.300000000
2024-03-16,202409010706,2021103210,9,メイショウサチダケ,0,10,Class1,阪神,68.000000000,3,2024,l2_logistic_c0.1,0.544183306,0.300000000
2024-03-16,202409010710,2018102585,1,ロードラスター,0,15,Class3,阪神,48.000000000,29,2024,l2_logistic_c0.1,0.125140687,0.200000000
2024-03-16,202409010710,2019100751,2,マイネルレノン,0,15,Class3,阪神,41.000000000,18,2024,l2_logistic_c0.1,0.200873051,0.200000000
2024-03-16,202409010710,2019102786,3,ウォータールグラン,0,15,Class3,阪神,21.000000000,14,2024,l2_logistic_c0.1,0.228387712,0.200000000
2024-03-16,202409010710,2019104525,4,ラキエータ,1,15,Class3,阪神,97.000000000,15,2024,l2_logistic_c0.1,0.117448964,0.200000000
2024-03-16,202409010710,2018103296,5,サニーオーシャン,0,15,Class3,阪神,20.000000000,32,2024,l2_logistic_c0.1,0.095200710,0.200000000
2024-03-16,202409010710,2019105760,6,シュヴェルトライテ,0,15,Class3,阪神,35.000000000,16,2024,l2_logistic_c0.1,0.239451431,0.200000000
2024-03-16,202409010710,2020100105,7,エイシンフェンサー,1,15,Class3,阪神,20.000000000,11,2024,l2_logistic_c0.1,0.353930850,0.200000000
2024-03-16,202409010710,2019105459,8,ソウテン,1,15,Class3,阪神,90.000000000,17,2024,l2_logistic_c0.1,0.137892165,0.200000000
2024-03-16,202409010710,2020100815,10,ミルトクレイモー,0,15,Class3,阪神,62.000000000,14,2024,l2_logistic_c0.1,0.339595104,0.200000000
2024-03-16,202409010710,2018100025,11,シゲルカチョウ,0,15,Class3,阪神,48.000000000,15,2024,l2_logistic_c0.1,0.154076323,0.200000000
2024-03-16,202409010710,2019100653,12,ハギノメーテル,0,15,Class3,阪神,41.000000000,18,2024,l2_logistic_c0.1,0.061311884,0.200000000
2024-03-16,202409010710,2019100652,13,ハギノモーリス,0,15,Class3,阪神,48.000000000,12,2024,l2_logistic_c0.1,0.384601778,0.200000000
2024-03-16,202409010710,2018106552,14,メイショウフンケイ,0,15,Class3,阪神,13.000000000,29,2024,l2_logistic_c0.1,0.131774812,0.200000000
2024-03-16,202409010710,2019109094,15,ブッシュガーデン,0,15,Class3,阪神,104.000000000,24,2024,l2_logistic_c0.1,0.228316836,0.200000000
2024-03-16,202409010710,2017100461,16,ワンスカイ,0,15,Class3,阪神,69.000000000,24,2024,l2_logistic_c0.1,0.060504267,0.200000000
2024-03-23,202406030105,2021105485,1,エリカカリーナ,1,10,Class1,中山,56.000000000,3,2024,l2_logistic_c0.1,0.603415128,0.300000000
2024-03-23,202406030105,2021100350,2,アレンジャー,1,10,Class1,中山,56.000000000,7,2024,l2_logistic_c0.1,0.473662241,0.300000000
2024-03-23,202406030105,2021105668,3,バスターコール,0,10,Class1,中山,42.000000000,4,2024,l2_logistic_c0.1,0.487703275,0.300000000
2024-03-23,202406030105,2021106666,4,レイニングキャット,1,10,Class1,中山,13.000000000,5,2024,l2_logistic_c0.1,0.497225279,0.300000000
2024-03-23,202406030105,2021100356,5,クールベイビー,0,10,Class1,中山,21.000000000,7,2024,l2_logistic_c0.1,0.231423550,0.300000000
2024-03-23,202406030105,2021103667,6,クオレス,0,10,Class1,中山,13.000000000,4,2024,l2_logistic_c0.1,0.674910770,0.300000000
2024-03-23,202406030105,2021100662,8,ベニシア,0,10,Class1,中山,20.000000000,4,2024,l2_logistic_c0.1,0.226925392,0.300000000
2024-03-23,202406030105,2021100594,10,アンバーニードル,0,10,Class1,中山,126.000000000,5,2024,l2_logistic_c0.1,0.375216339,0.300000000
2024-03-24,202406030212,2018104534,1,アスクキングコング,0,13,Class2,中山,21.000000000,28,2024,l2_logistic_c0.1,0.230408025,0.230769231
2024-03-24,202406030212,2019105738,2,ピンクセイラー,0,13,Class2,中山,15.000000000,16,2024,l2_logistic_c0.1,0.281815228,0.230769231
2024-03-24,202406030212,2020104194,3,ルーフ,1,13,Class2,中山,29.000000000,7,2024,l2_logistic_c0.1,0.528297612,0.230769231
2024-03-24,202406030212,2020104983,4,マルプリ,0,13,Class2,中山,15.000000000,12,2024,l2_logistic_c0.1,0.478803248,0.230769231
2024-03-24,202406030212,2019101262,5,ショウナンアメリア,0,13,Class2,中山,22.000000000,21,2024,l2_logistic_c0.1,0.107766104,0.230769231
2024-03-24,202406030212,2020110090,6,ティニア,0,13,Class2,中山,120.000000000,10,2024,l2_logistic_c0.1,0.403662749,0.230769231
2024-03-24,202406030212,2018105231,7,ラヴォルタ,0,13,Class2,中山,50.000000000,15,2024,l2_logistic_c0.1,0.230052873,0.230769231
2024-03-24,202406030212,2017100922,8,フチサンメルチャン,0,13,Class2,中山,22.000000000,29,2024,l2_logistic_c0.1,0.051002087,0.230769231
2024-03-24,202406030212,2019104356,9,ディオアステリア,0,13,Class2,中山,21.000000000,20,2024,l2_logistic_c0.1,0.451668216,0.230769231
2024-03-24,202406030212,2019105175,10,ステイトダイアデム,1,13,Class2,中山,50.000000000,5,2024,l2_logistic_c0.1,0.312485422,0.230769231
2024-03-24,202406030212,2017101767,11,ベンガン,0,13,Class2,中山,57.000000000,25,2024,l2_logistic_c0.1,0.247768654,0.230769231
2024-03-24,202406030212,2019104386,12,トーセンサンダー,1,13,Class2,中山,197.000000000,18,2024,l2_logistic_c0.1,0.162940788,0.230769231
2024-03-24,202406030212,2018104765,13,イズンシーラブリー,0,13,Class2,中山,15.000000000,22,2024,l2_logistic_c0.1,0.268765808,0.230769231
2024-03-24,202407010608,2020102537,1,チカポコ,0,16,Class1,中京,308.000000000,7,2024,l2_logistic_c0.1,0.040876627,0.187500000
2024-03-24,202407010608,2019109096,2,ダイヤモンドフジ,0,16,Class1,中京,203.000000000,10,2024,l2_logistic_c0.1,0.355291733,0.187500000
2024-03-24,202407010608,2020102294,3,スイープラン,0,16,Class1,中京,57.000000000,13,2024,l2_logistic_c0.1,0.203263533,0.187500000
2024-03-24,202407010608,2020100707,4,クレセントウイング,0,16,Class1,中京,92.000000000,8,2024,l2_logistic_c0.1,0.098373357,0.187500000
2024-03-24,202407010608,2018110149,5,コスモアディラート,1,16,Class1,中京,22.000000000,15,2024,l2_logistic_c0.1,0.453995232,0.187500000
2024-03-24,202407010608,2020106131,6,ジオパーククラウン,1,16,Class1,中京,43.000000000,8,2024,l2_logistic_c0.1,0.188031327,0.187500000
2024-03-24,202407010608,2018105357,7,ラピカズマ,0,16,Class1,中京,21.000000000,27,2024,l2_logistic_c0.1,0.101814673,0.187500000
2024-03-24,202407010608,2018102580,8,ティフォーザ,0,16,Class1,中京,126.000000000,15,2024,l2_logistic_c0.1,0.043689435,0.187500000
2024-03-24,202407010608,2020102299,9,アシャカタカ,1,16,Class1,中京,106.000000000,10,2024,l2_logistic_c0.1,0.203745989,0.187500000
2024-03-24,202407010608,2018101951,10,タガノスペルノヴァ,0,16,Class1,中京,21.000000000,24,2024,l2_logistic_c0.1,0.161478664,0.187500000
2024-03-24,202407010608,2018102069,11,ラナキラ,0,16,Class1,中京,106.000000000,16,2024,l2_logistic_c0.1,0.168497007,0.187500000
2024-03-24,202407010608,2019102215,12,サク,0,16,Class1,中京,15.000000000,15,2024,l2_logistic_c0.1,0.332284004,0.187500000
2024-03-24,202407010608,2020103578,13,ロッククリーク,0,16,Class1,中京,106.000000000,6,2024,l2_logistic_c0.1,0.145621943,0.187500000
2024-03-24,202407010608,2018106145,14,アコルダール,0,16,Class1,中京,21.000000000,16,2024,l2_logistic_c0.1,0.074892485,0.187500000
2024-03-24,202407010608,2018100593,15,タイガーリリー,0,16,Class1,中京,22.000000000,31,2024,l2_logistic_c0.1,0.138802508,0.187500000
2024-03-24,202407010608,2020105940,16,ニシノトレンディー,0,16,Class1,中京,21.000000000,11,2024,l2_logistic_c0.1,0.068171126,0.187500000
2024-03-24,202407010611,2020100896,1,ビッグシーザー,0,18,Open,中京,22.000000000,12,2024,l2_logistic_c0.1,0.535898007,0.166666667
2024-03-24,202407010611,2019110020,2,マッドクール,1,18,Open,中京,175.000000000,10,2024,l2_logistic_c0.1,0.432428151,0.166666667
2024-03-24,202407010611,2019103753,3,ナムラクレア,1,18,Open,中京,36.000000000,16,2024,l2_logistic_c0.1,0.528054419,0.166666667
2024-03-24,202407010611,2020102764,4,モズメイメイ,0,18,Open,中京,36.000000000,10,2024,l2_logistic_c0.1,0.157900772,0.166666667
2024-03-24,202407010611,2019106526,5,トウシンマカオ,0,18,Open,中京,22.000000000,16,2024,l2_logistic_c0.1,0.390644832,0.166666667
2024-03-24,202407010611,2020106851,6,ルガル,0,18,Open,中京,56.000000000,11,2024,l2_logistic_c0.1,0.502732069,0.166666667
2024-03-24,202407010611,2019103422,7,テイエムスパーダ,0,18,Open,中京,56.000000000,17,2024,l2_logistic_c0.1,0.122664088,0.166666667
2024-03-24,202407010611,2020102928,8,ソーダズリング,0,18,Open,中京,36.000000000,8,2024,l2_logistic_c0.1,0.414413740,0.166666667
2024-03-24,202407010611,2020103075,9,シャンパンカラー,0,18,Open,中京,35.000000000,7,2024,l2_logistic_c0.1,0.175232333,0.166666667
2024-03-24,202407010611,2018105069,11,メイケイエール,0,18,Open,中京,36.000000000,17,2024,l2_logistic_c0.1,0.163881922,0.166666667
2024-03-24,202407010611,2017110144,12,ロータスランド,0,18,Open,中京,36.000000000,25,2024,l2_logistic_c0.1,0.272831480,0.166666667
2024-03-24,202407010611,2017101429,13,ウインカーネリアン,0,18,Open,中京,49.000000000,23,2024,l2_logistic_c0.1,0.405584891,0.166666667
2024-03-24,202407010611,2019105394,14,ママコチャ,0,18,Open,中京,92.000000000,14,2024,l2_logistic_c0.1,0.518474484,0.166666667
2024-03-24,202407010611,2018104947,15,ディヴィーナ,0,18,Open,中京,133.000000000,18,2024,l2_logistic_c0.1,0.397589528,0.166666667
2024-03-24,202407010611,2019100213,16,ウインマーベル,0,18,Open,中京,28.000000000,21,2024,l2_logistic_c0.1,0.459875205,0.166666667
2024-03-24,202407010611,2019100965,17,マテンロウオリオン,0,18,Open,中京,22.000000000,17,2024,l2_logistic_c0.1,0.092969435,0.166666667
2024-03-24,202407010611,2018110035,18,シュバルツカイザー,0,18,Open,中京,22.000000000,20,2024,l2_logistic_c0.1,0.077795598,0.166666667
2024-03-30,202409020310,2018105383,1,カラパタール,0,15,Class2,阪神,35.000000000,15,2024,l2_logistic_c0.1,0.130286551,0.200000000
2024-03-30,202409020310,2018102091,2,ウルトラソニック,0,15,Class2,阪神,20.000000000,20,2024,l2_logistic_c0.1,0.140867040,0.200000000
2024-03-30,202409020310,2019104498,3,インプロバイザー,0,15,Class2,阪神,21.000000000,20,2024,l2_logistic_c0.1,0.347624020,0.200000000
2024-03-30,202409020310,2019104361,4,テーオースパロー,0,15,Class2,阪神,126.000000000,23,2024,l2_logistic_c0.1,0.220197078,0.200000000
2024-03-30,202409020310,2019104697,5,ショウナンマッハ,0,15,Class2,阪神,21.000000000,22,2024,l2_logistic_c0.1,0.122075734,0.200000000
2024-03-30,202409020310,2019103806,6,ベルウッドブラボー,0,15,Class2,阪神,56.000000000,19,2024,l2_logistic_c0.1,0.145173961,0.200000000
2024-03-30,202409020310,2019106076,7,ケイアイオメガ,0,15,Class2,阪神,62.000000000,9,2024,l2_logistic_c0.1,0.208558056,0.200000000
2024-03-30,202409020310,2017102809,8,ガリレイ,1,15,Class2,阪神,13.000000000,32,2024,l2_logistic_c0.1,0.195102844,0.200000000
2024-03-30,202409020310,2019103659,9,マテンロウボンド,0,15,Class2,阪神,35.000000000,5,2024,l2_logistic_c0.1,0.198210895,0.200000000
2024-03-30,202409020310,2020100121,10,イイヒニナル,0,15,Class2,阪神,41.000000000,9,2024,l2_logistic_c0.1,0.166992822,0.200000000
2024-03-30,202409020310,2017102940,11,ワンダーカタリナ,0,15,Class2,阪神,27.000000000,33,2024,l2_logistic_c0.1,0.077675139,0.200000000
2024-03-30,202409020310,2020106901,12,メイショウピース,0,15,Class2,阪神,146.000000000,7,2024,l2_logistic_c0.1,0.139818105,0.200000000
2024-03-30,202409020310,2019105191,13,コナブラック,1,15,Class2,阪神,28.000000000,14,2024,l2_logistic_c0.1,0.289023600,0.200000000
2024-03-30,202409020310,2020104613,14,タツダイヤモンド,1,15,Class2,阪神,27.000000000,13,2024,l2_logistic_c0.1,0.208207504,0.200000000
2024-03-30,202409020310,2017101804,15,サヴァイヴ,0,15,Class2,阪神,13.000000000,46,2024,l2_logistic_c0.1,0.088528955,0.200000000
2024-04-06,202403010102,2021102449,1,ロマンスライト,1,16,Maiden,福島,126.000000000,3,2024,l2_logistic_c0.1,0.179301355,0.187500000
2024-04-06,202403010102,2021100297,4,ブルボンクイーン,1,16,Maiden,福島,21.000000000,6,2024,l2_logistic_c0.1,0.556981551,0.187500000
2024-04-06,202403010102,2021106715,8,ポカポカタイム,0,16,Maiden,福島,111.000000000,3,2024,l2_logistic_c0.1,0.116786990,0.187500000
2024-04-06,202403010102,2021107373,12,ティキー,0,16,Maiden,福島,118.000000000,5,2024,l2_logistic_c0.1,0.167411693,0.187500000
2024-04-06,202403010102,2021103338,13,ネイルンノ,0,16,Maiden,福島,20.000000000,8,2024,l2_logistic_c0.1,0.208593733,0.187500000
2024-04-06,202403010102,2021102107,15,タニセンラッキー,0,16,Maiden,福島,112.000000000,5,2024,l2_logistic_c0.1,0.059441659,0.187500000
2024-04-06,202403010110,2020103238,1,オックスリップ,0,16,Class2,福島,77.000000000,9,2024,l2_logistic_c0.1,0.380096068,0.187500000
2024-04-06,202403010110,2020105568,2,ハクサンパイオニア,1,16,Class2,福島,70.000000000,19,2024,l2_logistic_c0.1,0.219768155,0.187500000
2024-04-06,202403010110,2020102391,3,チュウワスプリング,0,16,Class2,福島,28.000000000,9,2024,l2_logistic_c0.1,0.181537009,0.187500000
2024-04-06,202403010110,2020104088,4,ランドオブラヴ,1,16,Class2,福島,105.000000000,7,2024,l2_logistic_c0.1,0.390339137,0.187500000
2024-04-06,202403010110,2020102229,5,リシャールケリー,1,16,Class2,福島,56.000000000,8,2024,l2_logistic_c0.1,0.376436179,0.187500000
2024-04-06,202403010110,2020103634,6,ミスヨコハマ,0,16,Class2,福島,27.000000000,18,2024,l2_logistic_c0.1,0.150144274,0.187500000
2024-04-06,202403010110,2019100772,7,ポルタフォルトゥナ,0,16,Class2,福島,258.000000000,18,2024,l2_logistic_c0.1,0.205409340,0.187500000
2024-04-06,202403010110,2019106700,8,ヒロノゴウカイ,0,16,Class2,福島,21.000000000,21,2024,l2_logistic_c0.1,0.053385636,0.187500000
2024-04-06,202403010110,2020104983,9,マルプリ,0,16,Class2,福島,13.000000000,13,2024,l2_logistic_c0.1,0.382568040,0.187500000
2024-04-06,202403010110,2019103897,10,ハピネスアゲン,0,16,Class2,福島,48.000000000,20,2024,l2_logistic_c0.1,0.316520192,0.187500000
2024-04-06,202403010110,2019102456,11,ナバロン,0,16,Class2,福島,34.000000000,26,2024,l2_logistic_c0.1,0.145515575,0.187500000
2024-04-06,202403010110,2018104534,12,アスクキングコング,0,16,Class2,福島,13.000000000,29,2024,l2_logistic_c0.1,0.211260723,0.187500000
2024-04-06,202403010110,2020105484,13,ニシノコウダイ,0,16,Class2,福島,34.000000000,13,2024,l2_logistic_c0.1,0.346790514,0.187500000
2024-04-06,202403010110,2018100406,14,ヴィントミューレ,0,16,Class2,福島,140.000000000,15,2024,l2_logistic_c0.1,0.228444181,0.187500000
2024-04-06,202403010110,2017100728,15,シャイニーズラン,0,16,Class2,福島,822.000000000,15,2024,l2_logistic_c0.1,0.039652725,0.187500000
2024-04-06,202403010110,2020103284,16,トールキン,0,16,Class2,福島,28.000000000,11,2024,l2_logistic_c0.1,0.289050684,0.187500000
2024-04-06,202403010112,2019106637,1,アポロルタ,0,16,Class1,福島,119.000000000,15,2024,l2_logistic_c0.1,0.158665769,0.187500000
2024-04-06,202403010112,2020105561,2,ケイアイクビラ,0,16,Class1,福島,112.000000000,12,2024,l2_logistic_c0.1,0.439867705,0.187500000
2024-04-06,202403010112,2019101416,3,エールトゥヘヴン,1,16,Class1,福島,27.000000000,15,2024,l2_logistic_c0.1,0.399541245,0.187500000
2024-04-06,202403010112,2020106561,4,ニシノベストワン,0,16,Class1,福島,189.000000000,9,2024,l2_logistic_c0.1,0.053732387,0.187500000
2024-04-06,202403010112,2020103073,5,サウンドレイラ,1,16,Class1,福島,28.000000000,9,2024,l2_logistic_c0.1,0.492871075,0.187500000
2024-04-06,202403010112,2020102211,6,ヤマタケアオイバラ,0,16,Class1,福島,224.000000000,9,2024,l2_logistic_c0.1,0.051691746,0.187500000
2024-04-06,202403010112,2020102718,7,オルフェスト,1,16,Class1,福島,77.000000000,8,2024,l2_logistic_c0.1,0.351850384,0.187500000
2024-04-06,202403010112,2019101133,8,ソングフォーユー,0,16,Class1,福島,62.000000000,12,2024,l2_logistic_c0.1,0.087206092,0.187500000
2024-04-06,202403010112,2020106407,9,ライブリームーラン,0,16,Class1,福島,111.000000000,9,2024,l2_logistic_c0.1,0.191962025,0.187500000
2024-04-06,202403010112,2020106131,10,ジオパーククラウン,0,16,Class1,福島,13.000000000,9,2024,l2_logistic_c0.1,0.334892720,0.187500000
2024-04-06,202403010112,2018105201,11,デイトンウェイ,0,16,Class1,福島,48.000000000,20,2024,l2_logistic_c0.1,0.105125005,0.187500000
2024-04-06,202403010112,2020104780,12,ラホーヤストーム,0,16,Class1,福島,63.000000000,9,2024,l2_logistic_c0.1,0.052053606,0.187500000
2024-04-06,202403010112,2020106546,13,セイウンシリウス,0,16,Class1,福島,69.000000000,7,2024,l2_logistic_c0.1,0.126271292,0.187500000
2024-04-06,202403010112,2020104676,14,マイレーヌ,0,16,Class1,福島,62.000000000,15,2024,l2_logistic_c0.1,0.250857126,0.187500000
2024-04-06,202403010112,2019110122,15,ブラヴィーノ,0,16,Class1,福島,49.000000000,10,2024,l2_logistic_c0.1,0.037095851,0.187500000
2024-04-06,202403010112,2020103608,16,アイリッシュパール,0,16,Class1,福島,84.000000000,5,2024,l2_logistic_c0.1,0.148436359,0.187500000
2024-04-06,202406030510,2018110037,1,ブルースピリット,0,15,Class3,中山,28.000000000,17,2024,l2_logistic_c0.1,0.253555006,0.200000000
2024-04-06,202406030510,2020100443,2,エイシンエイト,0,15,Class3,中山,125.000000000,6,2024,l2_logistic_c0.1,0.378173053,0.200000000
2024-04-06,202406030510,2018106389,3,メイショウツツジ,0,15,Class3,中山,41.000000000,27,2024,l2_logistic_c0.1,0.076209718,0.200000000
2024-04-06,202406030510,2019109094,4,ブッシュガーデン,0,15,Class3,中山,21.000000000,25,2024,l2_logistic_c0.1,0.249111744,0.200000000
2024-04-06,202406030510,2020104203,5,スピードオブライト,0,15,Class3,中山,28.000000000,10,2024,l2_logistic_c0.1,0.490584008,0.200000000
2024-04-06,202406030510,2019105452,6,ミッキーハーモニー,0,15,Class3,中山,28.000000000,10,2024,l2_logistic_c0.1,0.234159407,0.200000000
2024-04-06,202406030510,2019102522,7,ドグマ,1,15,Class3,中山,62.000000000,16,2024,l2_logistic_c0.1,0.099189901,0.200000000
2024-04-06,202406030510,2018106077,8,イルクオーレ,0,15,Class3,中山,56.000000000,24,2024,l2_logistic_c0.1,0.280875332,0.200000000
2024-04-06,202406030510,2020101419,9,ブーケファロス,0,15,Class3,中山,83.000000000,15,2024,l2_logistic_c0.1,0.275439387,0.200000000
2024-04-06,202406030510,2019101626,10,ピンクマクフィー,0,15,Class3,中山,41.000000000,15,2024,l2_logistic_c0.1,0.353109580,0.200000000
2024-04-06,202406030510,2019100214,11,ウインモナーク,0,15,Class3,中山,125.000000000,14,2024,l2_logistic_c0.1,0.273527151,0.200000000
2024-04-06,202406030510,2019103010,12,オードゥメール,1,15,Class3,中山,28.000000000,19,2024,l2_logistic_c0.1,0.150183966,0.200000000
2024-04-06,202406030510,2020101792,13,プロスペリダード,0,15,Class3,中山,28.000000000,13,2024,l2_logistic_c0.1,0.520250888,0.200000000
2024-04-06,202406030510,2020105365,14,ドーバーホーク,0,15,Class3,中山,28.000000000,11,2024,l2_logistic_c0.1,0.256272635,0.200000000
2024-04-06,202406030510,2020109102,15,サウザンサニー,1,15,Class3,中山,28.000000000,10,2024,l2_logistic_c0.1,0.550304794,0.200000000
2024-04-06,202409020506,2021106615,1,キャンシーエンゼル,0,10,Class1,阪神,63.000000000,4,2024,l2_logistic_c0.1,0.565230962,0.300000000
2024-04-06,202409020506,2021105773,2,ジュントネフ,0,10,Class1,阪神,14.000000000,4,2024,l2_logistic_c0.1,0.433350840,0.300000000
2024-04-06,202409020506,2021105812,3,ビップジーニー,0,10,Class1,阪神,14.000000000,3,2024,l2_logistic_c0.1,0.419842599,0.300000000
2024-04-06,202409020506,2021102461,4,バンドシェル,1,10,Class1,阪神,21.000000000,4,2024,l2_logistic_c0.1,0.559780650,0.300000000
2024-04-06,202409020506,2021106586,5,ラブカムーン,0,10,Class1,阪神,34.000000000,3,2024,l2_logistic_c0.1,0.243471422,0.300000000
2024-04-06,202409020506,2021105054,7,モンシュマン,1,10,Class1,阪神,21.000000000,7,2024,l2_logistic_c0.1,0.558388582,0.300000000
2024-04-06,202409020506,2021110049,8,アウェイキング,0,10,Class1,阪神,21.000000000,4,2024,l2_logistic_c0.1,0.616116608,0.300000000
2024-04-06,202409020506,2021104928,9,トラペジスト,0,10,Class1,阪神,62.000000000,5,2024,l2_logistic_c0.1,0.602308027,0.300000000
2024-04-06,202409020506,2021103312,10,ロードマイライフ,1,10,Class1,阪神,21.000000000,5,2024,l2_logistic_c0.1,0.668777954,0.300000000
2024-04-07,202403010202,2021103299,5,シアター,1,16,Maiden,福島,29.000000000,6,2024,l2_logistic_c0.1,0.609229318,0.187500000
2024-04-07,202403010202,2021101601,12,エガオニナッテ,0,16,Maiden,福島,29.000000000,3,2024,l2_logistic_c0.1,0.422236139,0.187500000
2024-04-07,202403010202,2021106729,13,シームレス,0,16,Maiden,福島,22.000000000,5,2024,l2_logistic_c0.1,0.315141442,0.187500000
2024-04-07,202403010202,2021101026,14,エコロアモーレ,1,16,Maiden,福島,15.000000000,4,2024,l2_logistic_c0.1,0.369520987,0.187500000
2024-04-07,202403010202,2021105872,15,ベアゴーゴー,1,16,Maiden,福島,196.000000000,4,2024,l2_logistic_c0.1,0.464230947,0.187500000
2024-04-07,202403010207,2020101195,1,ゴルトリッチ,1,16,Class1,福島,50.000000000,12,2024,l2_logistic_c0.1,0.218568164,0.187500000
2024-04-07,202403010207,2020104905,2,ハクサンミニョン,0,16,Class1,福島,43.000000000,7,2024,l2_logistic_c0.1,0.138116601,0.187500000
2024-04-07,202403010207,2020103721,3,レイカットスルー,0,16,Class1,福島,77.000000000,11,2024,l2_logistic_c0.1,0.094280559,0.187500000
2024-04-07,202403010207,2020101217,4,アスクドリームモア,0,16,Class1,福島,21.000000000,12,2024,l2_logistic_c0.1,0.396984726,0.187500000
2024-04-07,202403010207,2020101597,5,サンライズタイソン,0,16,Class1,福島,36.000000000,8,2024,l2_logistic_c0.1,0.145361464,0.187500000
2024-04-07,202403010207,2020104415,6,スピニングマーリン,0,16,Class1,福島,71.000000000,8,2024,l2_logistic_c0.1,0.097884517,0.187500000
2024-04-07,202403010207,2020103962,7,ステークホルダー,1,16,Class1,福島,57.000000000,14,2024,l2_logistic_c0.1,0.232342059,0.187500000
2024-04-07,202403010207,2020102934,8,ディナトセレーネ,0,16,Class1,福島,49.000000000,11,2024,l2_logistic_c0.1,0.195078349,0.187500000
2024-04-07,202403010207,2019102320,9,サイモンカーチス,0,16,Class1,福島,15.000000000,27,2024,l2_logistic_c0.1,0.038949135,0.187500000
2024-04-07,202403010207,2020101570,10,レッドテンペスト,0,16,Class1,福島,21.000000000,9,2024,l2_logistic_c0.1,0.275145351,0.187500000
2024-04-07,202403010207,2020102208,11,マテンロウアネモス,1,16,Class1,福島,49.000000000,13,2024,l2_logistic_c0.1,0.210026978,0.187500000
2024-04-07,202403010207,2019100936,12,ニシノタマユラ,0,16,Class1,福島,36.000000000,15,2024,l2_logistic_c0.1,0.230941920,0.187500000
2024-04-07,202403010207,2019101643,13,バシレウスシチー,0,16,Class1,福島,50.000000000,6,2024,l2_logistic_c0.1,0.350236632,0.187500000
2024-04-07,202403010207,2020102387,14,バクレツマホウ,0,16,Class1,福島,127.000000000,3,2024,l2_logistic_c0.1,0.067374791,0.187500000
2024-04-07,202403010207,2020105892,15,ヴァルトラウテ,0,16,Class1,福島,49.000000000,12,2024,l2_logistic_c0.1,0.161788000,0.187500000
2024-04-07,202403010207,2018104872,16,アクアマリンブルー,0,16,Class1,福島,35.000000000,14,2024,l2_logistic_c0.1,0.036969094,0.187500000
2024-04-07,202403010211,2020105154,1,アサカラキング,1,16,Open,福島,42.000000000,11,2024,l2_logistic_c0.1,0.572827437,0.187500000
2024-04-07,202403010211,2019104108,2,エナジーグラン,0,16,Open,福島,113.000000000,18,2024,l2_logistic_c0.1,0.258319158,0.187500000
2024-04-07,202403010211,2015104699,3,フレッチア,0,16,Open,福島,90.000000000,27,2024,l2_logistic_c0.1,0.126140900,0.187500000
2024-04-07,202403010211,2017100367,4,サトノファビュラス,0,16,Open,福島,126.000000000,25,2024,l2_logistic_c0.1,0.152234492,0.187500000
2024-04-07,202403010211,2019104911,5,プルパレイ,0,16,Open,福島,85.000000000,18,2024,l2_logistic_c0.1,0.057980327,0.187500000
2024-04-07,202403010211,2019102273,6,モリノドリーム,1,16,Open,福島,90.000000000,14,2024,l2_logistic_c0.1,0.262196482,0.187500000
2024-04-07,202403010211,2017103005,7,ロードベイリーフ,0,16,Open,福島,85.000000000,41,2024,l2_logistic_c0.1,0.118798902,0.187500000
2024-04-07,202403010211,2020104056,8,オールパルフェ,0,16,Open,福島,90.000000000,10,2024,l2_logistic_c0.1,0.092448500,0.187500000
2024-04-07,202403010211,2019102576,9,クリノマジン,0,16,Open,福島,85.000000000,21,2024,l2_logistic_c0.1,0.225005644,0.187500000
2024-04-07,202403010211,2017106720,10,サンライズオネスト,1,16,Open,福島,70.000000000,31,2024,l2_logistic_c0.1,0.267444081,0.187500000
2024-04-07,202403010211,2015105276,11,シセイヒテン,0,16,Open,福島,161.000000000,36,2024,l2_logistic_c0.1,0.034066923,0.187500000
2024-04-07,202403010211,2016110119,12,ジャスパージャック,0,16,Open,福島,113.000000000,26,2024,l2_logistic_c0.1,0.110895206,0.187500000
2024-04-07,202403010211,2017110123,13,ヴィズサクセス,0,16,Open,福島,238.000000000,19,2024,l2_logistic_c0.1,0.114460163,0.187500000
2024-04-07,202403010211,2018100652,14,ファイアダンサー,0,16,Open,福島,90.000000000,28,2024,l2_logistic_c0.1,0.182325721,0.187500000
2024-04-07,202403010211,2018101343,15,ゾンニッヒ,0,16,Open,福島,56.000000000,21,2024,l2_logistic_c0.1,0.361700968,0.187500000
2024-04-07,202403010211,2018102595,16,ロードマックス,0,16,Open,福島,238.000000000,19,2024,l2_logistic_c0.1,0.083993530,0.187500000
2024-04-07,202406030607,2021106939,1,タイセイフェスタ,1,13,Class1,中山,28.000000000,7,2024,l2_logistic_c0.1,0.178722188,0.230769231
2024-04-07,202406030607,2021104770,2,フォーディアライフ,0,13,Class1,中山,14.000000000,8,2024,l2_logistic_c0.1,0.168219027,0.230769231
2024-04-07,202406030607,2021102388,3,カイコウ,0,13,Class1,中山,57.000000000,4,2024,l2_logistic_c0.1,0.191610474,0.230769231
2024-04-07,202406030607,2021104665,4,レザンノワール,0,13,Class1,中山,28.000000000,3,2024,l2_logistic_c0.1,0.286815322,0.230769231
2024-04-07,202406030607,2021105619,5,スミレファースト,0,13,Class1,中山,78.000000000,4,2024,l2_logistic_c0.1,0.298370414,0.230769231
2024-04-07,202406030607,2021103667,6,クオレス,1,13,Class1,中山,15.000000000,5,2024,l2_logistic_c0.1,0.593346361,0.230769231
2024-04-07,202406030607,2021103699,7,フレンドマキ,0,13,Class1,中山,71.000000000,5,2024,l2_logistic_c0.1,0.041800061,0.230769231
2024-04-07,202406030607,2021110023,8,エクストラバック,1,13,Class1,中山,22.000000000,7,2024,l2_logistic_c0.1,0.353129304,0.230769231
2024-04-07,202406030607,2021105068,9,クリノハレルヤ,0,13,Class1,中山,64.000000000,5,2024,l2_logistic_c0.1,0.475408626,0.230769231
2024-04-07,202406030607,2021104481,10,ビアフォーナウ,0,13,Class1,中山,64.000000000,3,2024,l2_logistic_c0.1,0.235887834,0.230769231
2024-04-07,202406030607,2021103179,11,タイキレヴィン,0,13,Class1,中山,64.000000000,4,2024,l2_logistic_c0.1,0.139976634,0.230769231
2024-04-07,202406030607,2021106583,12,ユイノコキュウ,0,13,Class1,中山,29.000000000,3,2024,l2_logistic_c0.1,0.107584071,0.230769231
2024-04-13,202403010302,2021100016,1,ポリトナリティー,0,16,Maiden,福島,77.000000000,6,2024,l2_logistic_c0.1,0.325342986,0.187500000
2024-04-13,202403010302,2021104526,3,タマモラプトル,0,16,Maiden,福島,84.000000000,3,2024,l2_logistic_c0.1,0.049824515,0.187500000
2024-04-13,202403010302,2021100522,5,ジョーメッドヴィン,1,16,Maiden,福島,28.000000000,6,2024,l2_logistic_c0.1,0.539064871,0.187500000
2024-04-13,202403010302,2021101595,7,ヴィヴァクラウン,1,16,Maiden,福島,27.000000000,9,2024,l2_logistic_c0.1,0.607716324,0.187500000
2024-04-13,202403010302,2021105487,10,カウネウス,0,16,Maiden,福島,91.000000000,3,2024,l2_logistic_c0.1,0.382057694,0.187500000
2024-04-13,202403010302,2021103989,12,ヴァスキアン,0,16,Maiden,福島,139.000000000,3,2024,l2_logistic_c0.1,0.038760652,0.187500000
2024-04-13,202403010302,2021105185,13,ナンヨーレギュラー,0,16,Maiden,福島,90.000000000,6,2024,l2_logistic_c0.1,0.082181567,0.187500000
2024-04-13,202403010302,2021100893,15,タカイチミッキー,0,16,Maiden,福島,112.000000000,3,2024,l2_logistic_c0.1,0.168135661,0.187500000
2024-04-13,202403010302,2021102156,16,ワキノルーチェ,0,16,Maiden,福島,98.000000000,3,2024,l2_logistic_c0.1,0.123068856,0.187500000
2024-04-13,202403010305,2021103903,4,ヴァシロペス,1,16,Maiden,福島,76.000000000,6,2024,l2_logistic_c0.1,0.156088061,0.187500000
2024-04-13,202403010305,2021106010,5,ショコラエクレール,0,16,Maiden,福島,83.000000000,6,2024,l2_logistic_c0.1,0.098671585,0.187500000
2024-04-13,202403010305,2021105833,6,カリーシ,1,16,Maiden,福島,111.000000000,5,2024,l2_logistic_c0.1,0.652402985,0.187500000
2024-04-13,202403010305,2021101034,15,ビッグブロック,0,16,Maiden,福島,76.000000000,3,2024,l2_logistic_c0.1,0.051536946,0.187500000
2024-04-13,202403010305,2021102205,16,ドゥグラン,0,16,Maiden,福島,77.000000000,4,2024,l2_logistic_c0.1,0.083535991,0.187500000
2024-04-13,202403010309,2021105894,1,レアリゼアンレーヴ,0,16,Class1,福島,112.000000000,3,2024,l2_logistic_c0.1,0.261569644,0.187500000
2024-04-13,202403010309,2021106854,2,ハピアーザンエバー,0,16,Class1,福島,70.000000000,5,2024,l2_logistic_c0.1,0.236084582,0.187500000
2024-04-13,202403010309,2021101223,3,クィーンズハット,0,16,Class1,福島,56.000000000,5,2024,l2_logistic_c0.1,0.246140477,0.187500000
2024-04-13,202403010309,2021102914,5,モズトキキ,1,16,Class1,福島,55.000000000,6,2024,l2_logistic_c0.1,0.552426896,0.187500000
2024-04-13,202403010309,2021105358,7,アスティスプマンテ,1,16,Class1,福島,70.000000000,5,2024,l2_logistic_c0.1,0.270611031,0.187500000
2024-04-13,202403010309,2021100594,8,アンバーニードル,1,16,Class1,福島,21.000000000,6,2024,l2_logistic_c0.1,0.332281603,0.187500000
2024-04-13,202403010309,2021103552,9,イスラアズール,0,16,Class1,福島,98.000000000,3,2024,l2_logistic_c0.1,0.261244418,0.187500000
2024-04-13,202403010309,2021100243,10,セイウンティーダ,0,16,Class1,福島,62.000000000,6,2024,l2_logistic_c0.1,0.347092560,0.187500000
2024-04-13,202403010309,2021102433,11,アートフォーム,0,16,Class1,福島,70.000000000,4,2024,l2_logistic_c0.1,0.272651536,0.187500000
2024-04-13,202403010309,2021105057,12,オンザヴィーナス,0,16,Class1,福島,34.000000000,6,2024,l2_logistic_c0.1,0.251660632,0.187500000
2024-04-13,202403010309,2021102952,13,オベイユアマスター,0,16,Class1,福島,21.000000000,6,2024,l2_logistic_c0.1,0.450221046,0.187500000
2024-04-13,202403010309,2021102388,14,カイコウ,0,16,Class1,福島,6.000000000,5,2024,l2_logistic_c0.1,0.188051182,0.187500000
2024-04-13,202403010309,2021100060,15,レオエンプレス,0,16,Class1,福島,27.000000000,5,2024,l2_logistic_c0.1,0.082192287,0.187500000
2024-04-13,202403010309,2021103695,16,ビコーズウイキャン,0,16,Class1,福島,63.000000000,3,2024,l2_logistic_c0.1,0.142337632,0.187500000
2024-04-13,202406030708,2017101767,1,ベンガン,0,12,Class2,中山,20.000000000,26,2024,l2_logistic_c0.1,0.212168278,0.250000000
2024-04-13,202406030708,2019105738,2,ピンクセイラー,0,12,Class2,中山,20.000000000,17,2024,l2_logistic_c0.1,0.222009664,0.250000000
2024-04-13,202406030708,2020110090,3,ティニア,1,12,Class2,中山,20.000000000,11,2024,l2_logistic_c0.1,0.471269380,0.250000000
2024-04-13,202406030708,2019104675,4,アップストローク,1,12,Class2,中山,41.000000000,23,2024,l2_logistic_c0.1,0.287731142,0.250000000
2024-04-13,202406030708,2020106987,5,スムースベルベット,0,12,Class2,中山,35.000000000,16,2024,l2_logistic_c0.1,0.404429058,0.250000000
2024-04-13,202406030708,2018110112,6,バラードインミラノ,0,12,Class2,中山,69.000000000,13,2024,l2_logistic_c0.1,0.278817920,0.250000000
2024-04-13,202406030708,2019105508,7,ステルナティーア,0,12,Class2,中山,27.000000000,9,2024,l2_logistic_c0.1,0.164435534,0.250000000
2024-04-13,202406030708,2019104361,8,テーオースパロー,0,12,Class2,中山,14.000000000,24,2024,l2_logistic_c0.1,0.247218330,0.250000000
2024-04-13,202406030708,2018100097,9,スマートルシーダ,0,12,Class2,中山,97.000000000,23,2024,l2_logistic_c0.1,0.241375356,0.250000000
2024-04-13,202406030708,2020105484,10,ニシノコウダイ,1,12,Class2,中山,7.000000000,14,2024,l2_logistic_c0.1,0.354704619,0.250000000
2024-04-13,202406030708,2018103485,11,ジャガード,0,12,Class2,中山,35.000000000,28,2024,l2_logistic_c0.1,0.085186758,0.250000000
2024-04-13,202406030708,2019103442,12,クラリティスケール,0,12,Class2,中山,27.000000000,19,2024,l2_logistic_c0.1,0.071429156,0.250000000
2024-04-14,202403010407,2020101586,1,エルフレスアリー,1,16,Class1,福島,155.000000000,3,2024,l2_logistic_c0.1,0.546868011,0.187500000
2024-04-14,202403010407,2020101378,2,アイヲツグモノ,1,16,Class1,福島,56.000000000,10,2024,l2_logistic_c0.1,0.172688890,0.187500000
2024-04-14,202403010407,2020104739,3,ランスオブサウンド,1,16,Class1,福島,42.000000000,6,2024,l2_logistic_c0.1,0.142649708,0.187500000
2024-04-14,202403010407,2018100593,4,タイガーリリー,0,16,Class1,福島,21.000000000,32,2024,l2_logistic_c0.1,0.170769419,0.187500000
2024-04-14,202403010407,2019105265,5,アエリーゾ,0,16,Class1,福島,56.000000000,18,2024,l2_logistic_c0.1,0.148691728,0.187500000
2024-04-14,202403010407,2019106290,6,プリティーメモリー,0,16,Class1,福島,78.000000000,11,2024,l2_logistic_c0.1,0.064214574,0.187500000
2024-04-14,202403010407,2020105836,7,ゴールドレコーダー,0,16,Class1,福島,42.000000000,9,2024,l2_logistic_c0.1,0.112903425,0.187500000
2024-04-14,202403010407,2018102069,8,ラナキラ,0,16,Class1,福島,21.000000000,17,2024,l2_logistic_c0.1,0.150194803,0.187500000
2024-04-14,202403010407,2020104824,9,シンデレラスマイル,0,16,Class1,福島,42.000000000,15,2024,l2_logistic_c0.1,0.222240947,0.187500000
2024-04-14,202403010407,2019102303,10,アイムファイン,0,16,Class1,福島,50.000000000,21,2024,l2_logistic_c0.1,0.188744649,0.187500000
2024-04-14,202403010407,2020100347,11,クリノリアルレディ,0,16,Class1,福島,63.000000000,21,2024,l2_logistic_c0.1,0.077215566,0.187500000
2024-04-14,202403010407,2020103915,12,ツインクルトーズ,0,16,Class1,福島,8.000000000,13,2024,l2_logistic_c0.1,0.121404372,0.187500000
2024-04-14,202403010407,2020102294,13,スイープラン,0,16,Class1,福島,21.000000000,14,2024,l2_logistic_c0.1,0.235143873,0.187500000
2024-04-14,202403010407,2019106470,14,アイファーマオ,0,16,Class1,福島,211.000000000,4,2024,l2_logistic_c0.1,0.026589645,0.187500000
2024-04-14,202403010407,2018105386,15,カフジヴィオレッタ,0,16,Class1,福島,85.000000000,18,2024,l2_logistic_c0.1,0.101611548,0.187500000
2024-04-14,202403010407,2020103196,16,アマギール,0,16,Class1,福島,71.000000000,3,2024,l2_logistic_c0.1,0.122700643,0.187500000
2024-04-14,202403010409,2020101992,1,ライクアフラワー,0,14,Class1,福島,231.000000000,8,2024,l2_logistic_c0.1,0.131085956,0.214285714
2024-04-14,202403010409,2020105409,2,ディアドコス,1,14,Class1,福島,50.000000000,14,2024,l2_logistic_c0.1,0.178982033,0.214285714
2024-04-14,202403010409,2020106963,3,アンタノバラード,0,14,Class1,福島,14.000000000,16,2024,l2_logistic_c0.1,0.486605630,0.214285714
2024-04-14,202403010409,2020106976,4,クレイプマートル,0,14,Class1,福島,274.000000000,10,2024,l2_logistic_c0.1,0.132830600,0.214285714
2024-04-14,202403010409,2018103997,5,セイウンダイモス,0,14,Class1,福島,189.000000000,18,2024,l2_logistic_c0.1,0.058490977,0.214285714
2024-04-14,202403010409,2020102377,6,サンタアナテソーロ,0,14,Class1,福島,42.000000000,11,2024,l2_logistic_c0.1,0.145790230,0.214285714
2024-04-14,202403010409,2019110122,7,ブラヴィーノ,0,14,Class1,福島,8.000000000,11,2024,l2_logistic_c0.1,0.132494254,0.214285714
2024-04-14,202403010409,2019103876,8,アパショナード,0,14,Class1,福島,57.000000000,17,2024,l2_logistic_c0.1,0.275780511,0.214285714
2024-04-14,202403010409,2020100355,9,ナックブレイブ,0,14,Class1,福島,301.000000000,6,2024,l2_logistic_c0.1,0.094680778,0.214285714
2024-04-14,202403010409,2018110149,10,コスモアディラート,1,14,Class1,福島,21.000000000,16,2024,l2_logistic_c0.1,0.582568433,0.214285714
2024-04-14,202403010409,2020100673,11,ヒルノピレネー,0,14,Class1,福島,63.000000000,13,2024,l2_logistic_c0.1,0.197813335,0.214285714
2024-04-14,202403010409,2019106972,12,ロストボール,0,14,Class1,福島,21.000000000,9,2024,l2_logistic_c0.1,0.085889888,0.214285714
2024-04-14,202403010409,2018101951,13,タガノスペルノヴァ,1,14,Class1,福島,21.000000000,25,2024,l2_logistic_c0.1,0.234779221,0.214285714
2024-04-14,202403010409,2018105357,14,ラピカズマ,0,14,Class1,福島,21.000000000,28,2024,l2_logistic_c0.1,0.179332502,0.214285714
2024-04-14,202406030812,2019100791,1,シナモンスティック,0,16,Open,中山,43.000000000,21,2024,l2_logistic_c0.1,0.177864293,0.187500000
2024-04-14,202406030812,2017105661,2,ジュビリーヘッド,0,16,Open,中山,43.000000000,30,2024,l2_logistic_c0.1,0.118202990,0.187500000
2024-04-14,202406030812,2019105505,3,サーマルウインド,1,16,Open,中山,120.000000000,12,2024,l2_logistic_c0.1,0.440903597,0.187500000
2024-04-14,202406030812,2019100153,4,カワキタレブリー,0,16,Open,中山,77.000000000,21,2024,l2_logistic_c0.1,0.084868482,0.187500000
2024-04-14,202406030812,2019104915,5,バンデルオーラ,0,16,Open,中山,63.000000000,16,2024,l2_logistic_c0.1,0.083651780,0.187500000
2024-04-14,202406030812,2020110040,6,ヤクシマ,0,16,Open,中山,63.000000000,14,2024,l2_logistic_c0.1,0.131899721,0.187500000
2024-04-14,202406030812,2019104841,7,カルネアサーダ,0,16,Open,中山,92.000000000,22,2024,l2_logistic_c0.1,0.202550263,0.187500000
2024-04-14,202406030812,2019100450,8,ファロロジー,0,16,Open,中山,63.000000000,24,2024,l2_logistic_c0.1,0.096180599,0.187500000
2024-04-14,202406030812,2019103714,9,メイショウソラフネ,0,16,Open,中山,77.000000000,16,2024,l2_logistic_c0.1,0.234070794,0.187500000
2024-04-14,202406030812,2018106055,10,ヨシノイースター,1,16,Open,中山,43.000000000,23,2024,l2_logistic_c0.1,0.263781555,0.187500000
2024-04-14,202406030812,2019105459,11,ソウテン,0,16,Open,中山,29.000000000,18,2024,l2_logistic_c0.1,0.098880071,0.187500000
2024-04-14,202406030812,2018104347,12,ユキノファラオ,0,16,Open,中山,36.000000000,26,2024,l2_logistic_c0.1,0.109670332,0.187500000
2024-04-14,202406030812,2019101700,13,サトノレーヴ,1,16,Open,中山,49.000000000,6,2024,l2_logistic_c0.1,0.469371595,0.187500000
2024-04-14,202406030812,2020101503,14,カンチェンジュンガ,0,16,Open,中山,49.000000000,10,2024,l2_logistic_c0.1,0.137448191,0.187500000
2024-04-14,202406030812,2015105850,15,カイザーメランジェ,0,16,Open,中山,43.000000000,51,2024,l2_logistic_c0.1,0.027678479,0.187500000
2024-04-14,202406030812,2019110001,16,ショウナンハクラク,0,16,Open,中山,43.000000000,21,2024,l2_logistic_c0.1,0.138036066,0.187500000
2024-04-20,202403010502,2021105872,1,ベアゴーゴー,1,16,Maiden,福島,13.000000000,5,2024,l2_logistic_c0.1,0.663257605,0.187500000
2024-04-20,202403010502,2021101682,4,ギルティプレジャー,1,16,Maiden,福島,63.000000000,7,2024,l2_logistic_c0.1,0.162631579,0.187500000
2024-04-20,202403010502,2021102530,5,ジョーヌカレラ,0,16,Maiden,福島,69.000000000,4,2024,l2_logistic_c0.1,0.073733188,0.187500000
2024-04-20,202403010502,2021101662,9,ダンテズセヴン,0,16,Maiden,福島,84.000000000,4,2024,l2_logistic_c0.1,0.041193597,0.187500000
2024-04-20,202403010502,2021110074,10,スリータイガー,1,16,Maiden,福島,168.000000000,3,2024,l2_logistic_c0.1,0.112141874,0.187500000
2024-04-20,202403010502,2021100349,14,キープザナゲット,0,16,Maiden,福島,98.000000000,4,2024,l2_logistic_c0.1,0.040444915,0.187500000
2024-04-20,202403010502,2021101142,15,ユヌブリーズ,0,16,Maiden,福島,13.000000000,3,2024,l2_logistic_c0.1,0.253013641,0.187500000
2024-04-20,202403010509,2020101992,1,ライクアフラワー,1,14,Class1,福島,6.000000000,9,2024,l2_logistic_c0.1,0.224986047,0.214285714
2024-04-20,202403010509,2020103962,2,ステークホルダー,1,14,Class1,福島,13.000000000,15,2024,l2_logistic_c0.1,0.394505654,0.214285714
2024-04-20,202403010509,2019105765,3,ハウファアイルゴー,0,14,Class1,福島,34.000000000,9,2024,l2_logistic_c0.1,0.052029087,0.214285714
2024-04-20,202403010509,2020106963,4,アンタノバラード,0,14,Class1,福島,6.000000000,17,2024,l2_logistic_c0.1,0.517473614,0.214285714
2024-04-20,202403010509,2019102303,5,アイムファイン,0,14,Class1,福島,6.000000000,22,2024,l2_logistic_c0.1,0.240597193,0.214285714
2024-04-20,202403010509,2020105409,6,ディアドコス,1,14,Class1,福島,6.000000000,15,2024,l2_logistic_c0.1,0.345650398,0.214285714
2024-04-20,202403010509,2019101416,7,エールトゥヘヴン,0,14,Class1,福島,14.000000000,16,2024,l2_logistic_c0.1,0.505349421,0.214285714
2024-04-20,202403010509,2019106637,8,アポロルタ,0,14,Class1,福島,14.000000000,16,2024,l2_logistic_c0.1,0.223981913,0.214285714
2024-04-20,202403010509,2020106407,9,ライブリームーラン,0,14,Class1,福島,14.000000000,10,2024,l2_logistic_c0.1,0.282443329,0.214285714
2024-04-20,202403010509,2020106821,10,ピースフルナイト,0,14,Class1,福島,90.000000000,11,2024,l2_logistic_c0.1,0.159901141,0.214285714
2024-04-20,202403010509,2020104824,11,シンデレラスマイル,0,14,Class1,福島,6.000000000,16,2024,l2_logistic_c0.1,0.229745396,0.214285714
2024-04-20,202403010509,2017101448,12,ウインアステロイド,0,14,Class1,福島,48.000000000,44,2024,l2_logistic_c0.1,0.303180648,0.214285714
2024-04-20,202403010509,2020106976,13,クレイプマートル,0,14,Class1,福島,6.000000000,11,2024,l2_logistic_c0.1,0.158304676,0.214285714
2024-04-20,202403010509,2019106179,14,ハートホイップ,0,14,Class1,福島,279.000000000,11,2024,l2_logistic_c0.1,0.220751458,0.214285714
2024-04-21,202403010602,2021102277,1,ポトマックテソーロ,1,16,Maiden,福島,71.000000000,3,2024,l2_logistic_c0.1,0.267071212,0.187500000
2024-04-21,202403010602,2021101604,3,マクッテソフィア,0,16,Maiden,福島,238.000000000,4,2024,l2_logistic_c0.1,0.164982886,0.187500000
2024-04-21,202403010602,2021105033,5,カーモス,0,16,Maiden,福島,91.000000000,4,2024,l2_logistic_c0.1,0.222479341,0.187500000
2024-04-21,202403010602,2021105420,7,ランポレッキオ,0,16,Maiden,福島,70.000000000,3,2024,l2_logistic_c0.1,0.137324134,0.187500000
2024-04-21,202403010602,2021103982,11,ダイメイイチョウ,0,16,Maiden,福島,85.000000000,9,2024,l2_logistic_c0.1,0.134542330,0.187500000
2024-04-21,202403010602,2021106101,13,ビルマチーク,0,16,Maiden,福島,78.000000000,4,2024,l2_logistic_c0.1,0.034237004,0.187500000
2024-04-21,202403010602,2021100489,15,シルバヴール,0,16,Maiden,福島,126.000000000,4,2024,l2_logistic_c0.1,0.096250703,0.187500000
2024-04-21,202403010607,2021106208,1,リベリアンガール,0,15,Maiden,福島,50.000000000,5,2024,l2_logistic_c0.1,0.185689778,0.200000000
2024-04-21,202403010607,2021105131,2,ザハーフェル,0,15,Maiden,福島,70.000000000,3,2024,l2_logistic_c0.1,0.088950753,0.200000000
2024-04-21,202403010607,2021100476,4,ファイツオン,1,15,Maiden,福島,22.000000000,4,2024,l2_logistic_c0.1,0.608778901,0.200000000
2024-04-21,202403010607,2021100747,5,メイショウマゴイチ,0,15,Maiden,福島,56.000000000,3,2024,l2_logistic_c0.1,0.333982249,0.200000000
2024-04-21,202403010607,2021102339,7,ユッカラン,0,15,Maiden,福島,49.000000000,5,2024,l2_logistic_c0.1,0.181956081,0.200000000
2024-04-21,202403010607,2021100775,8,ナリタマフディー,0,15,Maiden,福島,57.000000000,4,2024,l2_logistic_c0.1,0.115483883,0.200000000
2024-04-21,202403010607,2021103053,9,ミラルージュ,0,15,Maiden,福島,77.000000000,3,2024,l2_logistic_c0.1,0.108880917,0.200000000
2024-04-21,202403010607,2021103119,10,ニシノアヤカゼ,1,15,Maiden,福島,50.000000000,7,2024,l2_logistic_c0.1,0.235833009,0.200000000
2024-04-21,202403010607,2021102402,12,ルージュエリシア,0,15,Maiden,福島,57.000000000,6,2024,l2_logistic_c0.1,0.087168437,0.200000000
2024-04-21,202403010607,2021106049,13,リケアオランジュ,0,15,Maiden,福島,56.000000000,7,2024,l2_logistic_c0.1,0.197129063,0.200000000
2024-04-21,202403010607,2021106347,14,ピクラリーダ,0,15,Maiden,福島,56.000000000,4,2024,l2_logistic_c0.1,0.059053418,0.200000000
2024-04-21,202403010607,2021106809,15,コスモララバイ,1,15,Maiden,福島,56.000000000,5,2024,l2_logistic_c0.1,0.459291516,0.200000000
2024-04-21,202403010611,2019101262,1,ショウナンアメリア,0,16,Class2,福島,28.000000000,22,2024,l2_logistic_c0.1,0.153594320,0.187500000
2024-04-21,202403010611,2019104498,2,インプロバイザー,0,16,Class2,福島,22.000000000,21,2024,l2_logistic_c0.1,0.349421919,0.187500000
2024-04-21,202403010611,2019104386,3,トーセンサンダー,0,16,Class2,福島,28.000000000,19,2024,l2_logistic_c0.1,0.336182314,0.187500000
2024-04-21,202403010611,2019105191,4,コナブラック,0,16,Class2,福島,22.000000000,15,2024,l2_logistic_c0.1,0.428586630,0.187500000
2024-04-21,202403010611,2018106455,5,メイショウハボタン,0,16,Class2,福島,63.000000000,38,2024,l2_logistic_c0.1,0.185753591,0.187500000
2024-04-21,202403010611,2019106700,6,ヒロノゴウカイ,0,16,Class2,福島,15.000000000,22,2024,l2_logistic_c0.1,0.079543363,0.187500000
2024-04-21,202403010611,2019100772,7,ポルタフォルトゥナ,1,16,Class2,福島,15.000000000,19,2024,l2_logistic_c0.1,0.239514963,0.187500000
2024-04-21,202403010611,2020102299,8,アシャカタカ,1,16,Class2,福島,28.000000000,11,2024,l2_logistic_c0.1,0.422319200,0.187500000
2024-04-21,202403010611,2019101270,9,ヨール,0,16,Class2,福島,63.000000000,18,2024,l2_logistic_c0.1,0.206169028,0.187500000
2024-04-21,202403010611,2018102910,10,ファルヴォーレ,0,16,Class2,福島,50.000000000,20,2024,l2_logistic_c0.1,0.096153905,0.187500000
2024-04-21,202403010611,2020101195,11,ゴルトリッチ,0,16,Class2,福島,14.000000000,13,2024,l2_logistic_c0.1,0.319022494,0.187500000
2024-04-21,202403010611,2019103897,12,ハピネスアゲン,0,16,Class2,福島,15.000000000,21,2024,l2_logistic_c0.1,0.309542500,0.187500000
2024-04-21,202403010611,2020106330,13,ラウラーナ,0,16,Class2,福島,49.000000000,15,2024,l2_logistic_c0.1,0.200967070,0.187500000
2024-04-21,202403010611,2020102488,14,トーセンエスクード,1,16,Class2,福島,91.000000000,10,2024,l2_logistic_c0.1,0.469076254,0.187500000
2024-04-21,202403010611,2020106987,15,スムースベルベット,0,16,Class2,福島,8.000000000,17,2024,l2_logistic_c0.1,0.230126956,0.187500000
2024-04-21,202403010611,2019103193,16,トリップトゥムーン,0,16,Class2,福島,49.000000000,24,2024,l2_logistic_c0.1,0.192439459,0.187500000
2024-04-27,202404010112,2020102965,1,マルカシャルマン,0,10,Class1,新潟,21.000000000,11,2024,l2_logistic_c0.1,0.153149302,0.300000000
2024-04-27,202404010112,2019103876,2,アパショナード,1,10,Class1,新潟,13.000000000,18,2024,l2_logistic_c0.1,0.274473669,0.300000000
2024-04-27,202404010112,2020100355,3,ナックブレイブ,0,10,Class1,新潟,13.000000000,7,2024,l2_logistic_c0.1,0.122857117,0.300000000
2024-04-27,202404010112,2020104796,4,ホイッスルソング,0,10,Class1,新潟,63.000000000,8,2024,l2_logistic_c0.1,0.235593641,0.300000000
2024-04-27,202404010112,2020101372,5,クリノエンジェル,0,10,Class1,新潟,13.000000000,11,2024,l2_logistic_c0.1,0.159628950,0.300000000
2024-04-27,202404010112,2019102320,6,サイモンカーチス,0,10,Class1,新潟,13.000000000,29,2024,l2_logistic_c0.1,0.063693733,0.300000000
2024-04-27,202404010112,2019110122,7,ブラヴィーノ,0,10,Class1,新潟,13.000000000,12,2024,l2_logistic_c0.1,0.224869194,0.300000000
2024-04-27,202404010112,2020104676,8,マイレーヌ,1,10,Class1,新潟,21.000000000,16,2024,l2_logistic_c0.1,0.434893088,0.300000000
2024-04-27,202404010112,2020102294,9,スイープラン,0,10,Class1,新潟,13.000000000,15,2024,l2_logistic_c0.1,0.289108218,0.300000000
2024-04-27,202404010112,2020103915,10,ツインクルトーズ,1,10,Class1,新潟,13.000000000,14,2024,l2_logistic_c0.1,0.169204880,0.300000000
2024-04-28,202408030410,2020104613,1,タツダイヤモンド,0,18,Class3,京都,29.000000000,14,2024,l2_logistic_c0.1,0.168920637,0.166666667
2024-04-28,202408030410,2019105044,2,アドマイヤラヴィ,0,18,Class3,京都,50.000000000,14,2024,l2_logistic_c0.1,0.278420533,0.166666667
2024-04-28,202408030410,2018103926,3,ショウナンラスボス,0,18,Class3,京都,50.000000000,31,2024,l2_logistic_c0.1,0.233757487,0.166666667
2024-04-28,202408030410,2020100815,4,ミルトクレイモー,1,18,Class3,京都,43.000000000,15,2024,l2_logistic_c0.1,0.256086704,0.166666667
2024-04-28,202408030410,2020104194,5,ルーフ,0,18,Class3,京都,35.000000000,8,2024,l2_logistic_c0.1,0.282409225,0.166666667
2024-04-28,202408030410,2020110114,6,スリーアイランド,0,18,Class3,京都,63.000000000,10,2024,l2_logistic_c0.1,0.288142913,0.166666667
2024-04-28,202408030410,2018100141,7,シャークスポット,0,18,Class3,京都,239.000000000,21,2024,l2_logistic_c0.1,0.132585196,0.166666667
2024-04-28,202408030410,2018100693,8,ブルーシンフォニー,0,18,Class3,京都,28.000000000,24,2024,l2_logistic_c0.1,0.190488939,0.166666667
2024-04-28,202408030410,2016104227,9,ジョニーズララバイ,0,18,Class3,京都,91.000000000,35,2024,l2_logistic_c0.1,0.054335620,0.166666667
2024-04-28,202408030410,2019100751,10,マイネルレノン,1,18,Class3,京都,43.000000000,19,2024,l2_logistic_c0.1,0.150674480,0.166666667
2024-04-28,202408030410,2019107016,11,ウナギノボリ,0,18,Class3,京都,28.000000000,31,2024,l2_logistic_c0.1,0.053420904,0.166666667
2024-04-28,202408030410,2019102786,12,ウォータールグラン,0,18,Class3,京都,28.000000000,16,2024,l2_logistic_c0.1,0.130463719,0.166666667
2024-04-28,202408030410,2018102585,13,ロードラスター,0,18,Class3,京都,43.000000000,30,2024,l2_logistic_c0.1,0.083823706,0.166666667
2024-04-28,202408030410,2019100652,14,ハギノモーリス,0,18,Class3,京都,43.000000000,13,2024,l2_logistic_c0.1,0.207342238,0.166666667
2024-04-28,202408030410,2016102801,15,ロングファイナリー,0,18,Class3,京都,28.000000000,39,2024,l2_logistic_c0.1,0.042290759,0.166666667
2024-04-28,202408030410,2020101543,16,グランテスト,1,18,Class3,京都,63.000000000,8,2024,l2_logistic_c0.1,0.351812775,0.166666667
2024-04-28,202408030410,2020102630,17,アルーリングビュー,0,18,Class3,京都,70.000000000,9,2024,l2_logistic_c0.1,0.282882597,0.166666667
2024-04-28,202408030410,2019102522,18,ドグマ,0,18,Class3,京都,22.000000000,17,2024,l2_logistic_c0.1,0.128889646,0.166666667
2024-05-04,202404010309,2021100243,1,セイウンティーダ,0,16,Class1,新潟,21.000000000,7,2024,l2_logistic_c0.1,0.321926446,0.187500000
2024-05-04,202404010309,2021104404,2,シュークリーム,0,16,Class1,新潟,91.000000000,4,2024,l2_logistic_c0.1,0.228533376,0.187500000
2024-05-04,202404010309,2021102670,3,イサチルシーサイド,0,16,Class1,新潟,98.000000000,4,2024,l2_logistic_c0.1,0.239363951,0.187500000
2024-05-04,202404010309,2021104074,4,ラブディーヴァ,0,16,Class1,新潟,98.000000000,3,2024,l2_logistic_c0.1,0.233576753,0.187500000
2024-05-04,202404010309,2021101905,5,キョウエイカンセ,0,16,Class1,新潟,13.000000000,8,2024,l2_logistic_c0.1,0.128138515,0.187500000
2024-05-04,202404010309,2021101730,6,ピコサン,0,16,Class1,新潟,244.000000000,3,2024,l2_logistic_c0.1,0.386769522,0.187500000
2024-05-04,202404010309,2021100152,7,ベストオブユー,0,16,Class1,新潟,34.000000000,5,2024,l2_logistic_c0.1,0.341921109,0.187500000
2024-05-04,202404010309,2021110049,8,アウェイキング,1,16,Class1,新潟,28.000000000,5,2024,l2_logistic_c0.1,0.419103042,0.187500000
2024-05-04,202404010309,2021103039,9,ゴーインマイウェイ,1,16,Class1,新潟,63.000000000,6,2024,l2_logistic_c0.1,0.330611457,0.187500000
2024-05-04,202404010309,2021104401,10,ヴェサリウス,1,16,Class1,新潟,28.000000000,3,2024,l2_logistic_c0.1,0.213109049,0.187500000
2024-05-04,202404010309,2021101386,11,コールミーメイビー,0,16,Class1,新潟,63.000000000,3,2024,l2_logistic_c0.1,0.038363494,0.187500000
2024-05-04,202404010309,2021100144,12,ロードトレゾール,0,16,Class1,新潟,91.000000000,4,2024,l2_logistic_c0.1,0.280812252,0.187500000
2024-05-04,202404010309,2021104140,13,グレースルージュ,0,16,Class1,新潟,105.000000000,5,2024,l2_logistic_c0.1,0.207735854,0.187500000
2024-05-04,202404010309,2021110153,14,ジェネラーレ,0,16,Class1,新潟,91.000000000,5,2024,l2_logistic_c0.1,0.252330409,0.187500000
2024-05-04,202404010309,2021105068,15,クリノハレルヤ,0,16,Class1,新潟,27.000000000,6,2024,l2_logistic_c0.1,0.362138110,0.187500000
2024-05-04,202404010309,2021104481,16,ビアフォーナウ,0,16,Class1,新潟,27.000000000,4,2024,l2_logistic_c0.1,0.168663803,0.187500000
2024-05-05,202404010402,2021103354,3,メイショウイチリン,0,15,Maiden,新潟,84.000000000,3,2024,l2_logistic_c0.1,0.030593367,0.200000000
2024-05-05,202404010402,2021100297,4,ブルボンクイーン,0,15,Maiden,新潟,29.000000000,7,2024,l2_logistic_c0.1,0.567948431,0.200000000
2024-05-05,202404010402,2021105033,5,カーモス,0,15,Maiden,新潟,14.000000000,5,2024,l2_logistic_c0.1,0.246249768,0.200000000
2024-05-05,202404010402,2021104540,6,スプレムータ,0,15,Maiden,新潟,85.000000000,4,2024,l2_logistic_c0.1,0.256583894,0.200000000
2024-05-05,202404010402,2021103516,10,ポジティブスピン,0,15,Maiden,新潟,22.000000000,3,2024,l2_logistic_c0.1,0.180380833,0.200000000
2024-05-05,202404010402,2021100777,11,ベニスズメ,0,15,Maiden,新潟,92.000000000,3,2024,l2_logistic_c0.1,0.077781202,0.200000000
2024-05-05,202404010402,2021103903,12,ヴァシロペス,0,15,Maiden,新潟,22.000000000,7,2024,l2_logistic_c0.1,0.210061714,0.200000000
2024-05-05,202404010402,2021101601,14,エガオニナッテ,1,15,Maiden,新潟,28.000000000,4,2024,l2_logistic_c0.1,0.344361475,0.200000000
2024-05-05,202404010402,2021105866,15,ミッキーキャンドル,1,15,Maiden,新潟,22.000000000,3,2024,l2_logistic_c0.1,0.358498498,0.200000000
2024-05-05,202408030611,2017100583,1,ディヴィナシオン,0,13,Open,京都,98.000000000,49,2024,l2_logistic_c0.1,0.093815613,0.230769231
2024-05-05,202408030611,2020110040,2,ヤクシマ,0,13,Open,京都,21.000000000,15,2024,l2_logistic_c0.1,0.167961442,0.230769231
2024-05-05,202408030611,2018102155,3,マイネルジェロディ,0,13,Open,京都,84.000000000,27,2024,l2_logistic_c0.1,0.229148467,0.230769231
2024-05-05,202408030611,2018104885,4,アスコルターレ,0,13,Open,京都,197.000000000,15,2024,l2_logistic_c0.1,0.025889280,0.230769231
2024-05-05,202408030611,2016104668,5,カリボール,1,13,Open,京都,70.000000000,32,2024,l2_logistic_c0.1,0.088750778,0.230769231
2024-05-05,202408030611,2019104911,6,プルパレイ,1,13,Open,京都,28.000000000,19,2024,l2_logistic_c0.1,0.060924862,0.230769231
2024-05-05,202408030611,2016110119,7,ジャスパージャック,0,13,Open,京都,28.000000000,27,2024,l2_logistic_c0.1,0.081167298,0.230769231
2024-05-05,202408030611,2020103434,8,カルロヴェローチェ,0,13,Open,京都,70.000000000,7,2024,l2_logistic_c0.1,0.275995353,0.230769231
2024-05-05,202408030611,2017106720,9,サンライズオネスト,0,13,Open,京都,28.000000000,32,2024,l2_logistic_c0.1,0.258735880,0.230769231
2024-05-05,202408030611,2020110155,10,レイベリング,0,13,Open,京都,36.000000000,10,2024,l2_logistic_c0.1,0.414104749,0.230769231
2024-05-05,202408030611,2020104056,11,オールパルフェ,0,13,Open,京都,28.000000000,11,2024,l2_logistic_c0.1,0.117565312,0.230769231
2024-05-05,202408030611,2017100091,12,スマートクラージュ,0,13,Open,京都,70.000000000,18,2024,l2_logistic_c0.1,0.449196334,0.230769231
2024-05-05,202408030611,2019105512,13,ジャスティンスカイ,1,13,Open,京都,42.000000000,12,2024,l2_logistic_c0.1,0.220561299,0.230769231
2024-05-11,202408030707,2020104087,1,グランツベリー,0,14,Class2,京都,77.000000000,16,2024,l2_logistic_c0.1,0.163446193,0.214285714
2024-05-11,202408030707,2019103193,2,トリップトゥムーン,0,14,Class2,京都,20.000000000,25,2024,l2_logistic_c0.1,0.191496903,0.214285714
2024-05-11,202408030707,2018102281,3,キタノエクスプレス,1,14,Class2,京都,77.000000000,15,2024,l2_logistic_c0.1,0.341902474,0.214285714
2024-05-11,202408030707,2019102436,4,ミズノコキュウ,0,14,Class2,京都,63.000000000,25,2024,l2_logistic_c0.1,0.139490768,0.214285714
2024-05-11,202408030707,2019103442,5,クラリティスケール,0,14,Class2,京都,28.000000000,20,2024,l2_logistic_c0.1,0.093266694,0.214285714
2024-05-11,202408030707,2020103238,6,オックスリップ,1,14,Class2,京都,35.000000000,10,2024,l2_logistic_c0.1,0.357340311,0.214285714
2024-05-11,202408030707,2017101991,7,テンジュイン,0,14,Class2,京都,69.000000000,44,2024,l2_logistic_c0.1,0.126783013,0.214285714
2024-05-11,202408030707,2020101897,8,レッドヒルシューズ,0,14,Class2,京都,13.000000000,13,2024,l2_logistic_c0.1,0.404637668,0.214285714
2024-05-11,202408030707,2020105568,9,ハクサンパイオニア,0,14,Class2,京都,35.000000000,20,2024,l2_logistic_c0.1,0.200966007,0.214285714
2024-05-11,202408030707,2019106099,10,ラブリアージェ,0,14,Class2,京都,21.000000000,18,2024,l2_logistic_c0.1,0.099313539,0.214285714
2024-05-11,202408030707,2018103620,11,ロゼクラン,1,14,Class2,京都,27.000000000,21,2024,l2_logistic_c0.1,0.106281067,0.214285714
2024-05-11,202408030707,2020104825,12,スカプラリオ,0,14,Class2,京都,13.000000000,13,2024,l2_logistic_c0.1,0.205830259,0.214285714
2024-05-11,202408030707,2018106455,13,メイショウハボタン,0,14,Class2,京都,20.000000000,39,2024,l2_logistic_c0.1,0.186531778,0.214285714
2024-05-11,202408030707,2018104322,14,プレジールミノル,0,14,Class2,京都,13.000000000,30,2024,l2_logistic_c0.1,0.086945389,0.214285714
2024-05-12,202404010612,2020103588,1,マテンロウナイト,0,13,Class1,新潟,71.000000000,13,2024,l2_logistic_c0.1,0.155518045,0.230769231
2024-05-12,202404010612,2018100593,2,タイガーリリー,0,13,Class1,新潟,28.000000000,33,2024,l2_logistic_c0.1,0.210152347,0.230769231
2024-05-12,202404010612,2019105322,3,アルファヒディ,0,13,Class1,新潟,56.000000000,13,2024,l2_logistic_c0.1,0.138836755,0.230769231
2024-05-12,202404010612,2020103962,4,ステークホルダー,0,13,Class1,新潟,22.000000000,16,2024,l2_logistic_c0.1,0.374086445,0.230769231
2024-05-12,202404010612,2018100618,5,トーホウジュナール,1,13,Class1,新潟,71.000000000,28,2024,l2_logistic_c0.1,0.136973959,0.230769231
2024-05-12,202404010612,2020100289,6,シルバーダイヤ,0,13,Class1,新潟,78.000000000,12,2024,l2_logistic_c0.1,0.132593867,0.230769231
2024-05-12,202404010612,2020103894,7,ホウオウマーメイド,0,13,Class1,新潟,28.000000000,6,2024,l2_logistic_c0.1,0.201312612,0.230769231
2024-05-12,202404010612,2018105357,8,ラピカズマ,1,13,Class1,新潟,28.000000000,29,2024,l2_logistic_c0.1,0.147455516,0.230769231
2024-05-12,202404010612,2019101865,9,ストームサージ,0,13,Class1,新潟,7.000000000,15,2024,l2_logistic_c0.1,0.068774618,0.230769231
2024-05-12,202404010612,2019103517,10,ディージェーサン,0,13,Class1,新潟,105.000000000,19,2024,l2_logistic_c0.1,0.197414062,0.230769231
2024-05-12,202404010612,2020100355,11,ナックブレイブ,0,13,Class1,新潟,15.000000000,8,2024,l2_logistic_c0.1,0.065563249,0.230769231
2024-05-12,202404010612,2017101448,12,ウインアステロイド,1,13,Class1,新潟,22.000000000,45,2024,l2_logistic_c0.1,0.315181011,0.230769231
2024-05-12,202404010612,2020103883,13,レイレフア,0,13,Class1,新潟,260.000000000,6,2024,l2_logistic_c0.1,0.044693350,0.230769231
2024-05-12,202408030803,2021102165,1,バニッツア,0,18,Maiden,京都,15.000000000,3,2024,l2_logistic_c0.1,0.119869291,0.166666667
2024-05-12,202408030803,2021105500,2,プエルタセクレタ,0,18,Maiden,京都,113.000000000,5,2024,l2_logistic_c0.1,0.143918192,0.166666667
2024-05-12,202408030803,2021100135,3,セブンセコンズ,0,18,Maiden,京都,78.000000000,3,2024,l2_logistic_c0.1,0.161328185,0.166666667
2024-05-12,202408030803,2021110074,5,スリータイガー,0,18,Maiden,京都,22.000000000,4,2024,l2_logistic_c0.1,0.187311553,0.166666667
2024-05-12,202408030803,2021103211,6,メイショウロージー,0,18,Maiden,京都,64.000000000,4,2024,l2_logistic_c0.1,0.124964316,0.166666667
2024-05-12,202408030803,2021100718,7,テキーラワルツ,0,18,Maiden,京都,22.000000000,3,2024,l2_logistic_c0.1,0.091009697,0.166666667
2024-05-12,202408030803,2021100710,8,カネトシショウカ,0,18,Maiden,京都,21.000000000,7,2024,l2_logistic_c0.1,0.107721423,0.166666667
2024-05-12,202408030803,2021103977,9,リチャードバローズ,1,18,Maiden,京都,49.000000000,6,2024,l2_logistic_c0.1,0.485280624,0.166666667
2024-05-12,202408030803,2021105217,10,プルミエプランタン,0,18,Maiden,京都,28.000000000,6,2024,l2_logistic_c0.1,0.160799264,0.166666667
2024-05-12,202408030803,2021104096,11,ミッキージャスミン,1,18,Maiden,京都,57.000000000,5,2024,l2_logistic_c0.1,0.126434774,0.166666667
2024-05-12,202408030803,2021105810,12,ロカブルン,0,18,Maiden,京都,182.000000000,4,2024,l2_logistic_c0.1,0.125558027,0.166666667
2024-05-12,202408030803,2021101601,13,エガオニナッテ,1,18,Maiden,京都,7.000000000,5,2024,l2_logistic_c0.1,0.370032366,0.166666667
2024-05-12,202408030803,2021100233,14,テーオーサファイア,0,18,Maiden,京都,50.000000000,3,2024,l2_logistic_c0.1,0.114506639,0.166666667
2024-05-12,202408030803,2021101604,15,マクッテソフィア,0,18,Maiden,京都,21.000000000,5,2024,l2_logistic_c0.1,0.235889488,0.166666667
2024-05-12,202408030803,2021105563,17,シャドフ,0,18,Maiden,京都,29.000000000,6,2024,l2_logistic_c0.1,0.188103718,0.166666667
2024-05-12,202408030807,2019106333,1,ジャマン,0,14,Class1,京都,8.000000000,14,2024,l2_logistic_c0.1,0.080434122,0.214285714
2024-05-12,202408030807,2019105265,2,アエリーゾ,1,14,Class1,京都,28.000000000,19,2024,l2_logistic_c0.1,0.248418203,0.214285714
2024-05-12,202408030807,2019110127,3,サトノプリエール,1,14,Class1,京都,85.000000000,8,2024,l2_logistic_c0.1,0.289451139,0.214285714
2024-05-12,202408030807,2019100548,4,タガノミア,0,14,Class1,京都,21.000000000,19,2024,l2_logistic_c0.1,0.386600701,0.214285714
2024-05-12,202408030807,2020105409,5,ディアドコス,1,14,Class1,京都,22.000000000,16,2024,l2_logistic_c0.1,0.351898313,0.214285714
2024-05-12,202408030807,2020100500,6,ヴィエンヌ,0,14,Class1,京都,21.000000000,7,2024,l2_logistic_c0.1,0.246892624,0.214285714
2024-05-12,202408030807,2020106737,7,メイショウコギク,0,14,Class1,京都,78.000000000,15,2024,l2_logistic_c0.1,0.128814338,0.214285714
2024-05-12,202408030807,2019102062,8,ハルカナネガイ,0,14,Class1,京都,21.000000000,17,2024,l2_logistic_c0.1,0.104749702,0.214285714
2024-05-12,202408030807,2020102646,9,クラックオブドーン,0,14,Class1,京都,7.000000000,8,2024,l2_logistic_c0.1,0.151644024,0.214285714
2024-05-12,202408030807,2020105892,10,ヴァルトラウテ,0,14,Class1,京都,35.000000000,13,2024,l2_logistic_c0.1,0.100483701,0.214285714
2024-05-12,202408030807,2019103953,11,シグルドリーヴァ,0,14,Class1,京都,15.000000000,11,2024,l2_logistic_c0.1,0.135239796,0.214285714
2024-05-12,202408030807,2020105897,12,ソアラ,0,14,Class1,京都,203.000000000,9,2024,l2_logistic_c0.1,0.028293171,0.214285714
2024-05-12,202408030807,2019105059,13,エレアイム,0,14,Class1,京都,91.000000000,15,2024,l2_logistic_c0.1,0.075609943,0.214285714
2024-05-12,202408030807,2020106722,14,クインズエルサ,0,14,Class1,京都,301.000000000,9,2024,l2_logistic_c0.1,0.107318845,0.214285714
2024-05-18,202404010711,2019105175,1,ステイトダイアデム,0,16,Class2,新潟,55.000000000,6,2024,l2_logistic_c0.1,0.333990524,0.187500000
2024-05-18,202404010711,2018110149,2,コスモアディラート,0,16,Class2,新潟,34.000000000,17,2024,l2_logistic_c0.1,0.468803966,0.187500000
2024-05-18,202404010711,2020103915,3,ツインクルトーズ,0,16,Class2,新潟,21.000000000,15,2024,l2_logistic_c0.1,0.217067595,0.187500000
2024-05-18,202404010711,2019104536,4,カイカノキセキ,0,16,Class2,新潟,55.000000000,17,2024,l2_logistic_c0.1,0.086368671,0.187500000
2024-05-18,202404010711,2017101991,5,テンジュイン,0,16,Class2,新潟,7.000000000,45,2024,l2_logistic_c0.1,0.175071467,0.187500000
2024-05-18,202404010711,2019104386,6,トーセンサンダー,0,16,Class2,新潟,27.000000000,20,2024,l2_logistic_c0.1,0.230024663,0.187500000
2024-05-18,202404010711,2019101270,7,ヨール,0,16,Class2,新潟,27.000000000,19,2024,l2_logistic_c0.1,0.279784959,0.187500000
2024-05-18,202404010711,2020102971,8,サトノグレイト,1,16,Class2,新潟,69.000000000,13,2024,l2_logistic_c0.1,0.255323024,0.187500000
2024-05-18,202404010711,2019103897,9,ハピネスアゲン,0,16,Class2,新潟,27.000000000,22,2024,l2_logistic_c0.1,0.266516150,0.187500000
2024-05-18,202404010711,2020100686,10,ジョリダム,0,16,Class2,新潟,90.000000000,11,2024,l2_logistic_c0.1,0.121297112,0.187500000
2024-05-18,202404010711,2019100578,11,クインズプリーズ,1,16,Class2,新潟,35.000000000,11,2024,l2_logistic_c0.1,0.096136034,0.187500000
2024-05-18,202404010711,2019104356,12,ディオアステリア,1,16,Class2,新潟,55.000000000,21,2024,l2_logistic_c0.1,0.261216217,0.187500000
2024-05-18,202404010711,2017102809,13,ガリレイ,0,16,Class2,新潟,49.000000000,33,2024,l2_logistic_c0.1,0.172727711,0.187500000
2024-05-18,202404010711,2018104765,14,イズンシーラブリー,0,16,Class2,新潟,55.000000000,23,2024,l2_logistic_c0.1,0.131376926,0.187500000
2024-05-18,202404010711,2020103898,15,イグニション,0,16,Class2,新潟,77.000000000,11,2024,l2_logistic_c0.1,0.142550311,0.187500000
2024-05-18,202404010711,2019102068,16,シャウビンダー,0,16,Class2,新潟,91.000000000,19,2024,l2_logistic_c0.1,0.174594164,0.187500000
2024-05-19,202404010802,2021103352,1,メイショウテンヨウ,0,16,Maiden,新潟,92.000000000,3,2024,l2_logistic_c0.1,0.114617469,0.187500000
2024-05-19,202404010802,2021101142,6,ユヌブリーズ,0,16,Maiden,新潟,29.000000000,4,2024,l2_logistic_c0.1,0.199728903,0.187500000
2024-05-19,202404010802,2021101026,7,エコロアモーレ,0,16,Maiden,新潟,21.000000000,6,2024,l2_logistic_c0.1,0.441601709,0.187500000
2024-05-19,202404010802,2021104627,10,モズマサニャン,1,16,Maiden,新潟,28.000000000,3,2024,l2_logistic_c0.1,0.543166587,0.187500000
2024-05-19,202404010802,2021102833,11,メイショウバンリ,0,16,Maiden,新潟,98.000000000,4,2024,l2_logistic_c0.1,0.045321963,0.187500000
2024-05-19,202404010802,2021104589,12,ジーティースピカ,0,16,Maiden,新潟,21.000000000,4,2024,l2_logistic_c0.1,0.213082112,0.187500000
2024-05-19,202404010802,2021101769,14,ドレッド,1,16,Maiden,新潟,98.000000000,5,2024,l2_logistic_c0.1,0.310243732,0.187500000
2024-05-19,202404010802,2021100438,16,ミルタンドレス,0,16,Maiden,新潟,189.000000000,7,2024,l2_logistic_c0.1,0.145355855,0.187500000
2024-05-19,202408031007,2021101102,1,ナムラエデン,1,11,Class1,京都,21.000000000,8,2024,l2_logistic_c0.1,0.419693849,0.272727273
2024-05-19,202408031007,2021104140,2,グレースルージュ,0,11,Class1,京都,15.000000000,6,2024,l2_logistic_c0.1,0.247848776,0.272727273
2024-05-19,202408031007,2021100144,3,ロードトレゾール,0,11,Class1,京都,15.000000000,5,2024,l2_logistic_c0.1,0.487673697,0.272727273
2024-05-19,202408031007,2021100359,5,スカイキャンバス,0,11,Class1,京都,239.000000000,4,2024,l2_logistic_c0.1,0.407203050,0.272727273
2024-05-19,202408031007,2021101682,7,ギルティプレジャー,0,11,Class1,京都,29.000000000,8,2024,l2_logistic_c0.1,0.225345952,0.272727273
2024-05-19,202408031007,2021106586,8,ラブカムーン,0,11,Class1,京都,43.000000000,4,2024,l2_logistic_c0.1,0.157664926,0.272727273
2024-05-19,202408031007,2021102561,9,キーウェーブ,1,11,Class1,京都,99.000000000,3,2024,l2_logistic_c0.1,0.199836637,0.272727273
2024-05-19,202408031007,2021102164,10,ドランクマン,0,11,Class1,京都,78.000000000,5,2024,l2_logistic_c0.1,0.144681967,0.272727273
2024-05-19,202408031007,2021110033,11,パッシングシャワー,0,11,Class1,京都,126.000000000,5,2024,l2_logistic_c0.1,0.262014298,0.272727273
2024-05-25,202408031111,2021102888,1,ナムラアトム,0,18,Open,京都,70.000000000,4,2024,l2_logistic_c0.1,0.365427026,0.166666667
2024-05-25,202408031111,2021105054,2,モンシュマン,0,18,Open,京都,49.000000000,8,2024,l2_logistic_c0.1,0.212423517,0.166666667
2024-05-25,202408031111,2021100494,3,ガロンヌ,0,18,Open,京都,20.000000000,7,2024,l2_logistic_c0.1,0.396848471,0.166666667
2024-05-25,202408031111,2021104908,4,ニコラウス,0,18,Open,京都,21.000000000,5,2024,l2_logistic_c0.1,0.313808852,0.166666667
2024-05-25,202408031111,2021102315,5,アスクワンタイム,0,18,Open,京都,20.000000000,7,2024,l2_logistic_c0.1,0.116825936,0.166666667
2024-05-25,202408031111,2021103323,6,オーキッドロマンス,0,18,Open,京都,70.000000000,7,2024,l2_logistic_c0.1,0.441516662,0.166666667
2024-05-25,202408031111,2021100768,7,ジョーローリット,0,18,Open,京都,20.000000000,4,2024,l2_logistic_c0.1,0.077707103,0.166666667
2024-05-25,202408031111,2021102914,8,モズトキキ,0,18,Open,京都,42.000000000,7,2024,l2_logistic_c0.1,0.315763562,0.166666667
2024-05-25,202408031111,2021110049,9,アウェイキング,0,18,Open,京都,21.000000000,6,2024,l2_logistic_c0.1,0.253931115,0.166666667
2024-05-25,202408031111,2021110027,10,エトヴプレ,0,18,Open,京都,48.000000000,7,2024,l2_logistic_c0.1,0.366264927,0.166666667
2024-05-25,202408031111,2021104153,11,エポックヴィーナス,0,18,Open,京都,69.000000000,5,2024,l2_logistic_c0.1,0.299621820,0.166666667
2024-05-25,202408031111,2021105242,12,シカゴスティング,0,18,Open,京都,48.000000000,7,2024,l2_logistic_c0.1,0.240178561,0.166666667
2024-05-25,202408031111,2021102320,13,ペアポルックス,1,18,Open,京都,20.000000000,4,2024,l2_logistic_c0.1,0.400084918,0.166666667
2024-05-25,202408031111,2021102392,14,ナナオ,1,18,Open,京都,90.000000000,6,2024,l2_logistic_c0.1,0.329664549,0.166666667
2024-05-25,202408031111,2021104006,15,クリスアーサー,0,18,Open,京都,70.000000000,6,2024,l2_logistic_c0.1,0.145404177,0.166666667
2024-05-25,202408031111,2021105485,16,エリカカリーナ,0,18,Open,京都,63.000000000,4,2024,l2_logistic_c0.1,0.275335808,0.166666667
2024-05-25,202408031111,2021107058,17,ピューロマジック,1,18,Open,京都,90.000000000,7,2024,l2_logistic_c0.1,0.274088812,0.166666667
2024-05-25,202408031111,2021104556,18,カルチャーデイ,0,18,Open,京都,76.000000000,4,2024,l2_logistic_c0.1,0.206844610,0.166666667
2024-06-02,202408040209,2021110132,1,ジャスパーノワール,0,14,Class2,京都,98.000000000,7,2024,l2_logistic_c0.1,0.208569466,0.214285714
2024-06-02,202408040209,2020101284,2,ルクスドヌーヴ,0,14,Class2,京都,140.000000000,10,2024,l2_logistic_c0.1,0.199091211,0.214285714
2024-06-02,202408040209,2021110021,3,スピリットガイド,0,14,Class2,京都,98.000000000,8,2024,l2_logistic_c0.1,0.300396241,0.214285714
2024-06-02,202408040209,2019102458,4,ワンダーキサラ,1,14,Class2,京都,29.000000000,16,2024,l2_logistic_c0.1,0.140983435,0.214285714
2024-06-02,202408040209,2021101523,5,キャプテンネキ,0,14,Class2,京都,78.000000000,5,2024,l2_logistic_c0.1,0.455406584,0.214285714
2024-06-02,202408040209,2020105568,6,ハクサンパイオニア,0,14,Class2,京都,22.000000000,21,2024,l2_logistic_c0.1,0.160393412,0.214285714
2024-06-02,202408040209,2018103620,7,ロゼクラン,0,14,Class2,京都,22.000000000,22,2024,l2_logistic_c0.1,0.126119207,0.214285714
2024-06-02,202408040209,2018100618,8,トーホウジュナール,0,14,Class2,京都,21.000000000,29,2024,l2_logistic_c0.1,0.139677538,0.214285714
2024-06-02,202408040209,2021105771,9,ミルテンベルク,1,14,Class2,京都,78.000000000,6,2024,l2_logistic_c0.1,0.162826544,0.214285714
2024-06-02,202408040209,2017102809,10,ガリレイ,0,14,Class2,京都,15.000000000,34,2024,l2_logistic_c0.1,0.211523809,0.214285714
2024-06-02,202408040209,2020104825,11,スカプラリオ,0,14,Class2,京都,22.000000000,14,2024,l2_logistic_c0.1,0.100638889,0.214285714
2024-06-02,202408040209,2021100130,12,ロードフォアエース,1,14,Class2,京都,63.000000000,6,2024,l2_logistic_c0.1,0.322285700,0.214285714
2024-06-02,202408040209,2020100736,13,ビッグボーンリタ,0,14,Class2,京都,77.000000000,13,2024,l2_logistic_c0.1,0.042574905,0.214285714
2024-06-02,202408040209,2020104942,14,シルフィードレーヴ,0,14,Class2,京都,105.000000000,12,2024,l2_logistic_c0.1,0.089935381,0.214285714
2024-06-08,202402010101,2021104839,2,プレアデスグループ,1,16,Maiden,函館,28.000000000,4,2024,l2_logistic_c0.1,0.325970580,0.187500000
2024-06-08,202402010101,2021105696,3,ステイチューンド,0,16,Maiden,函館,76.000000000,8,2024,l2_logistic_c0.1,0.255151193,0.187500000
2024-06-08,202402010101,2021102411,4,ルチェッタ,0,16,Maiden,函館,125.000000000,3,2024,l2_logistic_c0.1,0.265852911,0.187500000
2024-06-08,202402010101,2021103092,5,ナムラローズマリー,1,16,Maiden,函館,105.000000000,4,2024,l2_logistic_c0.1,0.564325609,0.187500000
2024-06-08,202402010101,2021103554,6,リルフロスト,0,16,Maiden,函館,104.000000000,8,2024,l2_logistic_c0.1,0.077445119,0.187500000
2024-06-08,202402010101,2021102151,7,モズイージス,0,16,Maiden,函館,118.000000000,4,2024,l2_logistic_c0.1,0.116286863,0.187500000
2024-06-08,202402010101,2021101906,8,フジゴウキャク,0,16,Maiden,函館,70.000000000,5,2024,l2_logistic_c0.1,0.225901699,0.187500000
2024-06-08,202402010101,2021104057,9,サクラリゲル,0,16,Maiden,函館,27.000000000,8,2024,l2_logistic_c0.1,0.193767346,0.187500000
2024-06-08,202402010101,2021105937,11,プレシャスシル,0,16,Maiden,函館,98.000000000,5,2024,l2_logistic_c0.1,0.058607984,0.187500000
2024-06-08,202402010101,2021101100,12,ルクスアドラー,1,16,Maiden,函館,163.000000000,5,2024,l2_logistic_c0.1,0.242582922,0.187500000
2024-06-08,202402010101,2021103277,13,メイショウマサユメ,0,16,Maiden,函館,163.000000000,6,2024,l2_logistic_c0.1,0.131238298,0.187500000
2024-06-08,202402010101,2021101245,14,カチヌキマリコ,0,16,Maiden,函館,84.000000000,5,2024,l2_logistic_c0.1,0.325924545,0.187500000
2024-06-08,202402010101,2021101790,15,ブイキャット,0,16,Maiden,函館,76.000000000,4,2024,l2_logistic_c0.1,0.112713313,0.187500000
2024-06-08,202402010101,2021106925,16,ボナール,0,16,Maiden,函館,20.000000000,5,2024,l2_logistic_c0.1,0.200434580,0.187500000
2024-06-08,202402010111,2020100151,1,スクルプトーリス,0,16,Class2,函館,90.000000000,11,2024,l2_logistic_c0.1,0.058885169,0.187500000
2024-06-08,202402010111,2019101679,2,ヴィアドロローサ,0,16,Class2,函館,97.000000000,20,2024,l2_logistic_c0.1,0.118089837,0.187500000
2024-06-08,202402010111,2018104559,3,ナリタローゼ,1,16,Class2,函館,41.000000000,23,2024,l2_logistic_c0.1,0.199471271,0.187500000
2024-06-08,202402010111,2021106440,4,アララララ,0,16,Class2,函館,90.000000000,9,2024,l2_logistic_c0.1,0.474710716,0.187500000
2024-06-08,202402010111,2019100772,5,ポルタフォルトゥナ,1,16,Class2,函館,48.000000000,20,2024,l2_logistic_c0.1,0.175758870,0.187500000
2024-06-08,202402010111,2018100097,6,スマートルシーダ,0,16,Class2,函館,56.000000000,24,2024,l2_logistic_c0.1,0.129042101,0.187500000
2024-06-08,202402010111,2020103634,7,ミスヨコハマ,0,16,Class2,函館,49.000000000,20,2024,l2_logistic_c0.1,0.201435319,0.187500000
2024-06-08,202402010111,2021110039,8,コーティアスマナー,1,16,Class2,函館,34.000000000,6,2024,l2_logistic_c0.1,0.421028118,0.187500000
2024-06-08,202402010111,2019104356,9,ディオアステリア,0,16,Class2,函館,21.000000000,22,2024,l2_logistic_c0.1,0.280986726,0.187500000
2024-06-08,202402010111,2019104675,10,アップストローク,0,16,Class2,函館,35.000000000,25,2024,l2_logistic_c0.1,0.168905851,0.187500000
2024-06-08,202402010111,2019101262,11,ショウナンアメリア,0,16,Class2,函館,48.000000000,23,2024,l2_logistic_c0.1,0.103733384,0.187500000
2024-06-08,202402010111,2019110106,12,オカンモシャチョウ,0,16,Class2,函館,167.000000000,14,2024,l2_logistic_c0.1,0.073162077,0.187500000
2024-06-08,202402010111,2020102140,13,アンビバレント,0,16,Class2,函館,28.000000000,12,2024,l2_logistic_c0.1,0.032121107,0.187500000
2024-06-08,202402010111,2020105484,14,ニシノコウダイ,0,16,Class2,函館,56.000000000,15,2024,l2_logistic_c0.1,0.181516426,0.187500000
2024-06-08,202402010111,2020106795,15,フクノワカバ,0,16,Class2,函館,42.000000000,19,2024,l2_logistic_c0.1,0.022424527,0.187500000
2024-06-08,202402010111,2020102568,16,ワイアウ,0,16,Class2,函館,41.000000000,10,2024,l2_logistic_c0.1,0.033452495,0.187500000
2024-06-08,202408040304,2021105217,1,プルミエプランタン,0,18,Maiden,京都,27.000000000,7,2024,l2_logistic_c0.1,0.212478331,0.166666667
2024-06-08,202408040304,2021105046,6,リプレット,0,18,Maiden,京都,90.000000000,3,2024,l2_logistic_c0.1,0.115836007,0.166666667
2024-06-08,202408040304,2021101126,8,クリノローレライ,0,18,Maiden,京都,90.000000000,3,2024,l2_logistic_c0.1,0.056490844,0.166666667
2024-06-08,202408040304,2021101474,9,マーメイド,0,18,Maiden,京都,55.000000000,7,2024,l2_logistic_c0.1,0.141578655,0.166666667
2024-06-08,202408040304,2021106613,10,チェリアーナ,0,18,Maiden,京都,56.000000000,3,2024,l2_logistic_c0.1,0.073219556,0.166666667
2024-06-08,202408040304,2021102164,11,ドランクマン,1,18,Maiden,京都,20.000000000,6,2024,l2_logistic_c0.1,0.156438551,0.166666667
2024-06-08,202408040304,2021104396,13,ムーンセット,0,18,Maiden,京都,90.000000000,6,2024,l2_logistic_c0.1,0.053236535,0.166666667
2024-06-08,202408040304,2021106019,14,キルケロッソ,1,18,Maiden,京都,14.000000000,4,2024,l2_logistic_c0.1,0.119954761,0.166666667
2024-06-08,202408040304,2021105563,15,シャドフ,1,18,Maiden,京都,27.000000000,7,2024,l2_logistic_c0.1,0.215616773,0.166666667
2024-06-08,202408040304,2021101601,17,エガオニナッテ,0,18,Maiden,京都,27.000000000,6,2024,l2_logistic_c0.1,0.325451419,0.166666667
2024-06-08,202408040304,2021102909,18,ホーギー,0,18,Maiden,京都,105.000000000,4,2024,l2_logistic_c0.1,0.061225202,0.166666667
2024-06-09,202402010201,2021104933,1,カントゥータ,0,16,Maiden,函館,98.000000000,5,2024,l2_logistic_c0.1,0.098638485,0.187500000
2024-06-09,202402010201,2021100747,2,メイショウマゴイチ,0,16,Maiden,函館,29.000000000,5,2024,l2_logistic_c0.1,0.262880441,0.187500000
2024-06-09,202402010201,2021110098,3,カフジニホニウム,0,16,Maiden,函館,22.000000000,5,2024,l2_logistic_c0.1,0.294177074,0.187500000
2024-06-09,202402010201,2021102401,4,グランテレーズ,1,16,Maiden,函館,29.000000000,3,2024,l2_logistic_c0.1,0.392162699,0.187500000
2024-06-09,202402010201,2021103025,5,シナモンデイジー,0,16,Maiden,函館,99.000000000,3,2024,l2_logistic_c0.1,0.128689602,0.187500000
2024-06-09,202402010201,2021102686,6,ニシノシャミナード,1,16,Maiden,函館,84.000000000,4,2024,l2_logistic_c0.1,0.304545415,0.187500000
2024-06-09,202402010201,2021105872,8,ベアゴーゴー,1,16,Maiden,函館,28.000000000,7,2024,l2_logistic_c0.1,0.554186616,0.187500000
2024-06-09,202402010201,2021102675,11,ライズガール,0,16,Maiden,函館,105.000000000,3,2024,l2_logistic_c0.1,0.173993962,0.187500000
2024-06-09,202402010201,2021106050,12,フィローシャ,0,16,Maiden,函館,28.000000000,4,2024,l2_logistic_c0.1,0.207945450,0.187500000
2024-06-09,202402010201,2021101064,14,ノイヤー,0,16,Maiden,函館,112.000000000,6,2024,l2_logistic_c0.1,0.274058995,0.187500000
2024-06-09,202402010201,2021104989,16,オレンジサファイア,0,16,Maiden,函館,126.000000000,4,2024,l2_logistic_c0.1,0.129124250,0.187500000
2024-06-09,202402010208,2021105039,1,ゴールドサーベル,0,13,Class1,函館,22.000000000,6,2024,l2_logistic_c0.1,0.221134275,0.230769231
2024-06-09,202402010208,2019101446,2,ワンリオン,0,13,Class1,函館,98.000000000,21,2024,l2_logistic_c0.1,0.233748934,0.230769231
2024-06-09,202402010208,2021100359,3,スカイキャンバス,0,13,Class1,函館,21.000000000,5,2024,l2_logistic_c0.1,0.386726441,0.230769231
2024-06-09,202402010208,2020103356,4,クファシル,1,13,Class1,函館,231.000000000,6,2024,l2_logistic_c0.1,0.121902150,0.230769231
2024-06-09,202402010208,2020100342,5,メージャーテソーロ,0,13,Class1,函館,21.000000000,5,2024,l2_logistic_c0.1,0.185442130,0.230769231
2024-06-09,202402010208,2020104340,7,ハッピーパンニャ,0,13,Class1,函館,22.000000000,11,2024,l2_logistic_c0.1,0.208388148,0.230769231
2024-06-09,202402010208,2020104415,8,スピニングマーリン,0,13,Class1,函館,28.000000000,11,2024,l2_logistic_c0.1,0.049674337,0.230769231
2024-06-09,202402010208,2021103325,9,カレンナオトメ,0,13,Class1,函館,99.000000000,9,2024,l2_logistic_c0.1,0.200506575,0.230769231
2024-06-09,202402010208,2021106594,10,ヤマニンアストロン,0,13,Class1,函館,91.000000000,4,2024,l2_logistic_c0.1,0.364806598,0.230769231
2024-06-09,202402010208,2021100522,11,ジョーメッドヴィン,1,13,Class1,函館,57.000000000,7,2024,l2_logistic_c0.1,0.442300002,0.230769231
2024-06-09,202402010208,2020105525,12,カツノテンス,0,13,Class1,函館,28.000000000,13,2024,l2_logistic_c0.1,0.063775845,0.230769231
2024-06-09,202402010208,2019106183,13,カフェクロニクル,0,13,Class1,函館,106.000000000,6,2024,l2_logistic_c0.1,0.255803036,0.230769231
2024-06-09,202402010211,2020109102,1,サウザンサニー,0,16,Open,函館,64.000000000,11,2024,l2_logistic_c0.1,0.367362290,0.187500000
2024-06-09,202402010211,2015105850,2,カイザーメランジェ,0,16,Open,函館,21.000000000,53,2024,l2_logistic_c0.1,0.028551537,0.187500000
2024-06-09,202402010211,2020105154,3,アサカラキング,0,16,Open,函館,63.000000000,12,2024,l2_logistic_c0.1,0.454505935,0.187500000
2024-06-09,202402010211,2019101700,4,サトノレーヴ,1,16,Open,函館,56.000000000,7,2024,l2_logistic_c0.1,0.511368506,0.187500000
2024-06-09,202402010211,2019105658,5,オタルエバー,0,16,Open,函館,99.000000000,15,2024,l2_logistic_c0.1,0.192705677,0.187500000
2024-06-09,202402010211,2019100791,6,シナモンスティック,0,16,Open,函館,56.000000000,22,2024,l2_logistic_c0.1,0.109714009,0.187500000
2024-06-09,202402010211,2018110035,7,シュバルツカイザー,0,16,Open,函館,77.000000000,21,2024,l2_logistic_c0.1,0.100503957,0.187500000
2024-06-09,202402010211,2019104841,8,カルネアサーダ,0,16,Open,函館,56.000000000,23,2024,l2_logistic_c0.1,0.267085847,0.187500000
2024-06-09,202402010211,2019104470,9,キミワクイーン,0,16,Open,函館,71.000000000,16,2024,l2_logistic_c0.1,0.131013610,0.187500000
2024-06-09,202402010211,2017101423,10,ウイングレイテスト,1,16,Open,函館,169.000000000,33,2024,l2_logistic_c0.1,0.403608848,0.187500000
2024-06-09,202402010211,2019105512,11,ジャスティンスカイ,0,16,Open,函館,35.000000000,13,2024,l2_logistic_c0.1,0.234571587,0.187500000
2024-06-09,202402010211,2017105661,12,ジュビリーヘッド,0,16,Open,函館,56.000000000,31,2024,l2_logistic_c0.1,0.125121191,0.187500000
2024-06-09,202402010211,2020100896,13,ビッグシーザー,1,16,Open,函館,77.000000000,13,2024,l2_logistic_c0.1,0.377677264,0.187500000
2024-06-09,202402010211,2020103639,14,セッション,0,16,Open,函館,49.000000000,11,2024,l2_logistic_c0.1,0.355882860,0.187500000
2024-06-09,202402010211,2019100965,15,マテンロウオリオン,0,16,Open,函館,77.000000000,18,2024,l2_logistic_c0.1,0.065631927,0.187500000
2024-06-09,202402010211,2018101343,16,ゾンニッヒ,0,16,Open,函館,63.000000000,22,2024,l2_logistic_c0.1,0.245622271,0.187500000
2024-06-09,202408040412,2021107063,1,イツモニコニコ,1,13,Class1,京都,99.000000000,5,2024,l2_logistic_c0.1,0.181744637,0.230769231
2024-06-09,202408040412,2020102537,2,チカポコ,0,13,Class1,京都,77.000000000,8,2024,l2_logistic_c0.1,0.081824023,0.230769231
2024-06-09,202408040412,2018103125,3,モラトリアム,0,13,Class1,京都,218.000000000,20,2024,l2_logistic_c0.1,0.229533068,0.230769231
2024-06-09,202408040412,2020102271,4,コスモグングニール,0,13,Class1,京都,106.000000000,12,2024,l2_logistic_c0.1,0.330316270,0.230769231
2024-06-09,202408040412,2020105897,5,ソアラ,0,13,Class1,京都,28.000000000,10,2024,l2_logistic_c0.1,0.106638769,0.230769231
2024-06-09,202408040412,2021105435,6,アナベルエクラ,0,13,Class1,京都,15.000000000,7,2024,l2_logistic_c0.1,0.062558410,0.230769231
2024-06-09,202408040412,2019102062,7,ハルカナネガイ,0,13,Class1,京都,28.000000000,18,2024,l2_logistic_c0.1,0.045033505,0.230769231
2024-06-09,202408040412,2020106777,8,セレッソデアモール,0,13,Class1,京都,85.000000000,10,2024,l2_logistic_c0.1,0.111440093,0.230769231
2024-06-09,202408040412,2021102461,9,バンドシェル,1,13,Class1,京都,64.000000000,5,2024,l2_logistic_c0.1,0.366552572,0.230769231
2024-06-09,202408040412,2021100782,10,ドナヴィーナス,0,13,Class1,京都,29.000000000,6,2024,l2_logistic_c0.1,0.245042864,0.230769231
2024-06-09,202408040412,2021102561,11,キーウェーブ,0,13,Class1,京都,21.000000000,4,2024,l2_logistic_c0.1,0.182795977,0.230769231
2024-06-09,202408040412,2021101102,12,ナムラエデン,0,13,Class1,京都,21.000000000,9,2024,l2_logistic_c0.1,0.329369774,0.230769231
2024-06-09,202408040412,2019105265,13,アエリーゾ,1,13,Class1,京都,28.000000000,20,2024,l2_logistic_c0.1,0.246642759,0.230769231
2024-06-15,202402010301,2021106008,1,プラビータ,0,16,Maiden,函館,28.000000000,11,2024,l2_logistic_c0.1,0.079810089,0.187500000
2024-06-15,202402010301,2021102331,2,シンパティカ,0,16,Maiden,函館,34.000000000,3,2024,l2_logistic_c0.1,0.180289842,0.187500000
2024-06-15,202402010301,2021105297,3,マースフルガール,0,16,Maiden,函館,48.000000000,8,2024,l2_logistic_c0.1,0.216995619,0.187500000
2024-06-15,202402010301,2021110074,4,スリータイガー,0,16,Maiden,函館,34.000000000,5,2024,l2_logistic_c0.1,0.152905465,0.187500000
2024-06-15,202402010301,2021102055,5,グランバイオレット,0,16,Maiden,函館,55.000000000,4,2024,l2_logistic_c0.1,0.097071897,0.187500000
2024-06-15,202402010301,2021106208,6,リベリアンガール,0,16,Maiden,函館,55.000000000,6,2024,l2_logistic_c0.1,0.169970312,0.187500000
2024-06-15,202402010301,2021103052,7,サニイアール,1,16,Maiden,函館,70.000000000,7,2024,l2_logistic_c0.1,0.270125425,0.187500000
2024-06-15,202402010301,2021110042,8,サクソフィーナ,0,16,Maiden,函館,55.000000000,5,2024,l2_logistic_c0.1,0.357037297,0.187500000
2024-06-15,202402010301,2021101136,9,セジールレーヴ,0,16,Maiden,函館,6.000000000,3,2024,l2_logistic_c0.1,0.278336923,0.187500000
2024-06-15,202402010301,2021100775,10,ナリタマフディー,0,16,Maiden,函館,55.000000000,5,2024,l2_logistic_c0.1,0.109569822,0.187500000
2024-06-15,202402010301,2021100016,11,ポリトナリティー,0,16,Maiden,函館,48.000000000,8,2024,l2_logistic_c0.1,0.164702002,0.187500000
2024-06-15,202402010301,2021102402,12,ルージュエリシア,0,16,Maiden,函館,35.000000000,8,2024,l2_logistic_c0.1,0.176034138,0.187500000
2024-06-15,202402010301,2021104015,13,シャイニングキセキ,0,16,Maiden,函館,84.000000000,4,2024,l2_logistic_c0.1,0.142085597,0.187500000
2024-06-15,202402010301,2021100718,14,テキーラワルツ,1,16,Maiden,函館,34.000000000,4,2024,l2_logistic_c0.1,0.163778839,0.187500000
2024-06-15,202402010301,2021101100,15,ルクスアドラー,0,16,Maiden,函館,7.000000000,6,2024,l2_logistic_c0.1,0.371815865,0.187500000
2024-06-15,202402010301,2021100157,16,ロードトレイル,1,16,Maiden,函館,91.000000000,5,2024,l2_logistic_c0.1,0.326052676,0.187500000
2024-06-15,202402010309,2020106963,1,アンタノバラード,0,8,Class1,函館,27.000000000,19,2024,l2_logistic_c0.1,0.491588527,0.375000000
2024-06-15,202402010309,2020102646,2,クラックオブドーン,0,8,Class1,函館,34.000000000,9,2024,l2_logistic_c0.1,0.222573310,0.375000000
2024-06-15,202402010309,2021110003,3,アンドアイラヴハー,1,8,Class1,函館,42.000000000,4,2024,l2_logistic_c0.1,0.759121747,0.375000000
2024-06-15,202402010309,2019101643,4,バシレウスシチー,1,8,Class1,函館,69.000000000,7,2024,l2_logistic_c0.1,0.470358220,0.375000000
2024-06-15,202402010309,2021103118,5,セイウンサニー,0,8,Class1,函館,90.000000000,4,2024,l2_logistic_c0.1,0.052347258,0.375000000
2024-06-15,202402010309,2021110099,6,ジューンブレア,1,8,Class1,函館,63.000000000,4,2024,l2_logistic_c0.1,0.341020701,0.375000000
2024-06-15,202402010309,2019110122,7,ブラヴィーノ,0,8,Class1,函館,49.000000000,13,2024,l2_logistic_c0.1,0.149710899,0.375000000
2024-06-15,202402010309,2021106666,8,レイニングキャット,0,8,Class1,函館,84.000000000,6,2024,l2_logistic_c0.1,0.432978582,0.375000000
2024-06-15,202402010311,2019102938,1,ニシノレバンテ,0,12,Class2,函館,56.000000000,20,2024,l2_logistic_c0.1,0.094812989,0.250000000
2024-06-15,202402010311,2019104386,2,トーセンサンダー,1,12,Class2,函館,28.000000000,21,2024,l2_logistic_c0.1,0.270271326,0.250000000
2024-06-15,202402010311,2019105508,3,ステルナティーア,0,12,Class2,函館,63.000000000,10,2024,l2_logistic_c0.1,0.127140428,0.250000000
2024-06-15,202402010311,2020102718,4,オルフェスト,0,12,Class2,函館,70.000000000,9,2024,l2_logistic_c0.1,0.463837014,0.250000000
2024-06-15,202402010311,2020103898,5,イグニション,0,12,Class2,函館,28.000000000,12,2024,l2_logistic_c0.1,0.233253945,0.250000000
2024-06-15,202402010311,2019104738,6,サウンドクレア,0,12,Class2,函館,104.000000000,15,2024,l2_logistic_c0.1,0.136046379,0.250000000
2024-06-15,202402010311,2020105484,7,ニシノコウダイ,1,12,Class2,函館,7.000000000,16,2024,l2_logistic_c0.1,0.296035598,0.250000000
2024-06-15,202402010311,2019103594,8,レッドアヴァンティ,1,12,Class2,函館,49.000000000,10,2024,l2_logistic_c0.1,0.494637598,0.250000000
2024-06-15,202402010311,2020102140,9,アンビバレント,0,12,Class2,函館,7.000000000,13,2024,l2_logistic_c0.1,0.077295042,0.250000000
2024-06-15,202402010311,2019102436,10,ミズノコキュウ,0,12,Class2,函館,35.000000000,26,2024,l2_logistic_c0.1,0.140816121,0.250000000
2024-06-15,202402010311,2020100686,11,ジョリダム,0,12,Class2,函館,28.000000000,12,2024,l2_logistic_c0.1,0.132358479,0.250000000
2024-06-15,202402010311,2020104088,12,ランドオブラヴ,0,12,Class2,函館,70.000000000,8,2024,l2_logistic_c0.1,0.392375117,0.250000000
2024-06-16,202402010402,2021103218,2,モリエヌス,0,16,Maiden,函館,28.000000000,5,2024,l2_logistic_c0.1,0.116737792,0.187500000
2024-06-16,202402010402,2021100698,3,ヴィーケン,0,16,Maiden,函館,42.000000000,11,2024,l2_logistic_c0.1,0.281186701,0.187500000
2024-06-16,202402010402,2021106692,5,ヘキルリ,1,16,Maiden,函館,85.000000000,3,2024,l2_logistic_c0.1,0.155982003,0.187500000
2024-06-16,202402010402,2021105205,6,レッドマーレ,0,16,Maiden,函館,8.000000000,4,2024,l2_logistic_c0.1,0.093510240,0.187500000
2024-06-16,202402010402,2021104627,7,モズマサニャン,0,16,Maiden,函館,28.000000000,4,2024,l2_logistic_c0.1,0.582179114,0.187500000
2024-06-16,202402010402,2021106638,8,シンデレラタイム,0,16,Maiden,函館,21.000000000,3,2024,l2_logistic_c0.1,0.196681423,0.187500000
2024-06-16,202402010402,2021103785,10,ノブアンドホワイト,0,16,Maiden,函館,49.000000000,3,2024,l2_logistic_c0.1,0.140787269,0.187500000
2024-06-16,202402010402,2021106729,12,シームレス,0,16,Maiden,函館,70.000000000,6,2024,l2_logistic_c0.1,0.198224884,0.187500000
2024-06-16,202402010402,2021101769,13,ドレッド,0,16,Maiden,函館,28.000000000,6,2024,l2_logistic_c0.1,0.508240090,0.187500000
2024-06-16,202402010402,2021105303,16,ラインメジャー,0,16,Maiden,函館,7.000000000,3,2024,l2_logistic_c0.1,0.089714588,0.187500000
2024-06-16,202402010408,2019101446,1,ワンリオン,0,14,Class1,函館,7.000000000,22,2024,l2_logistic_c0.1,0.233566937,0.214285714
2024-06-16,202402010408,2021102718,2,ノボリショウリュウ,0,14,Class1,函館,49.000000000,4,2024,l2_logistic_c0.1,0.142393423,0.214285714
2024-06-16,202402010408,2020103844,3,フリントロック,0,14,Class1,函館,8.000000000,12,2024,l2_logistic_c0.1,0.151756919,0.214285714
2024-06-16,202402010408,2020103530,4,イコノスタシス,0,14,Class1,函館,99.000000000,10,2024,l2_logistic_c0.1,0.317562355,0.214285714
2024-06-16,202402010408,2020100342,5,メージャーテソーロ,0,14,Class1,函館,7.000000000,6,2024,l2_logistic_c0.1,0.195277724,0.214285714
2024-06-16,202402010408,2018106145,6,アコルダール,0,14,Class1,函館,84.000000000,17,2024,l2_logistic_c0.1,0.108672163,0.214285714
2024-06-16,202402010408,2021100522,7,ジョーメッドヴィン,1,14,Class1,函館,7.000000000,8,2024,l2_logistic_c0.1,0.538713690,0.214285714
2024-06-16,202402010408,2021100198,8,ホークレア,1,14,Class1,函館,92.000000000,3,2024,l2_logistic_c0.1,0.428807357,0.214285714
2024-06-16,202402010408,2021103039,9,ゴーインマイウェイ,0,14,Class1,函館,22.000000000,8,2024,l2_logistic_c0.1,0.417133154,0.214285714
2024-06-16,202402010408,2020102592,10,アフトクラーティラ,0,14,Class1,函館,85.000000000,8,2024,l2_logistic_c0.1,0.096173372,0.214285714
2024-06-16,202402010408,2021106854,11,ハピアーザンエバー,0,14,Class1,函館,64.000000000,6,2024,l2_logistic_c0.1,0.139893804,0.214285714
2024-06-16,202402010408,2019106183,12,カフェクロニクル,0,14,Class1,函館,7.000000000,7,2024,l2_logistic_c0.1,0.230538045,0.214285714
2024-06-16,202402010408,2020103632,13,スイミーユニバンス,1,14,Class1,函館,141.000000000,6,2024,l2_logistic_c0.1,0.214788266,0.214285714
2024-06-16,202402010408,2020102321,14,テーオーヴァイナー,0,14,Class1,函館,147.000000000,8,2024,l2_logistic_c0.1,0.038023513,0.214285714
2024-06-16,202402010411,2020102971,1,サトノグレイト,0,16,Class3,函館,29.000000000,14,2024,l2_logistic_c0.1,0.297913582,0.187500000
2024-06-16,202402010411,2018103296,2,サニーオーシャン,0,16,Class3,函館,92.000000000,33,2024,l2_logistic_c0.1,0.049928262,0.187500000
2024-06-16,202402010411,2020100443,3,エイシンエイト,1,16,Class3,函館,71.000000000,7,2024,l2_logistic_c0.1,0.208761968,0.187500000
2024-06-16,202402010411,2019102041,4,アドヴァイス,0,16,Class3,函館,70.000000000,21,2024,l2_logistic_c0.1,0.092049621,0.187500000
2024-06-16,202402010411,2020105365,5,ドーバーホーク,1,16,Class3,函館,71.000000000,12,2024,l2_logistic_c0.1,0.255958173,0.187500000
2024-06-16,202402010411,2019102240,6,マメコ,1,16,Class3,函館,99.000000000,18,2024,l2_logistic_c0.1,0.273512351,0.187500000
2024-06-16,202402010411,2020101262,7,エコロレジーナ,0,16,Class3,函館,42.000000000,16,2024,l2_logistic_c0.1,0.156009247,0.187500000
2024-06-16,202402010411,2019109094,8,ブッシュガーデン,0,16,Class3,函館,71.000000000,26,2024,l2_logistic_c0.1,0.121738078,0.187500000
2024-06-16,202402010411,2020103482,9,スカイロケット,0,16,Class3,函館,63.000000000,10,2024,l2_logistic_c0.1,0.240175926,0.187500000
2024-06-16,202402010411,2021100210,10,ドナベティ,0,16,Class3,函館,98.000000000,6,2024,l2_logistic_c0.1,0.386996129,0.187500000
2024-06-16,202402010411,2019104525,11,ラキエータ,0,16,Class3,函館,92.000000000,16,2024,l2_logistic_c0.1,0.153382736,0.187500000
2024-06-16,202402010411,2018102649,12,タツリュウオー,0,16,Class3,函館,112.000000000,27,2024,l2_logistic_c0.1,0.064640022,0.187500000
2024-06-16,202402010411,2019103010,13,オードゥメール,0,16,Class3,函館,71.000000000,20,2024,l2_logistic_c0.1,0.163998998,0.187500000
2024-06-16,202402010411,2019105146,14,ジャスティンエース,0,16,Class3,函館,77.000000000,18,2024,l2_logistic_c0.1,0.144547088,0.187500000
2024-06-16,202402010411,2018104894,15,トーセンアラン,0,16,Class3,函館,56.000000000,23,2024,l2_logistic_c0.1,0.013153032,0.187500000
2024-06-16,202402010411,2017100403,16,プライムライン,0,16,Class3,函館,182.000000000,13,2024,l2_logistic_c0.1,0.053610761,0.187500000
2024-06-16,202402010412,2021101279,1,シャインヴィーナス,0,14,Class1,函館,98.000000000,5,2024,l2_logistic_c0.1,0.282318170,0.214285714
2024-06-16,202402010412,2021100243,2,セイウンティーダ,0,14,Class1,函館,43.000000000,8,2024,l2_logistic_c0.1,0.255366865,0.214285714
2024-06-16,202402010412,2019105533,3,ラリベラ,1,14,Class1,函館,42.000000000,13,2024,l2_logistic_c0.1,0.078965215,0.214285714
2024-06-16,202402010412,2020106888,4,レターマイハート,0,14,Class1,函館,154.000000000,7,2024,l2_logistic_c0.1,0.112759133,0.214285714
2024-06-16,202402010412,2019106179,5,ハートホイップ,0,14,Class1,函館,57.000000000,12,2024,l2_logistic_c0.1,0.204046807,0.214285714
2024-06-16,202402010412,2021105821,6,サンディブロンド,0,14,Class1,函館,162.000000000,3,2024,l2_logistic_c0.1,0.168034842,0.214285714
2024-06-16,202402010412,2021105543,7,コートリーバウ,0,14,Class1,函館,105.000000000,7,2024,l2_logistic_c0.1,0.105256113,0.214285714
2024-06-16,202402010412,2019100548,8,タガノミア,0,14,Class1,函館,35.000000000,20,2024,l2_logistic_c0.1,0.276403009,0.214285714
2024-06-16,202402010412,2019101765,9,ビッグパレード,0,14,Class1,函館,8.000000000,5,2024,l2_logistic_c0.1,0.062962089,0.214285714
2024-06-16,202402010412,2019103517,10,ディージェーサン,0,14,Class1,函館,35.000000000,20,2024,l2_logistic_c0.1,0.192555745,0.214285714
2024-06-16,202402010412,2019101133,11,ソングフォーユー,0,14,Class1,函館,29.000000000,14,2024,l2_logistic_c0.1,0.088538923,0.214285714
2024-06-16,202402010412,2021105619,12,スミレファースト,1,14,Class1,函館,70.000000000,5,2024,l2_logistic_c0.1,0.236576257,0.214285714
2024-06-16,202402010412,2021105202,14,ポエットリー,1,14,Class1,函館,49.000000000,6,2024,l2_logistic_c0.1,0.341159192,0.214285714
2024-06-22,202402010503,2021105714,1,キアロヴェローチェ,1,16,Maiden,函館,257.000000000,3,2024,l2_logistic_c0.1,0.292510523,0.187500000
2024-06-22,202402010503,2021101595,2,ヴィヴァクラウン,1,16,Maiden,函館,28.000000000,12,2024,l2_logistic_c0.1,0.520281675,0.187500000
2024-06-22,202402010503,2021101427,3,ガーデンプランナー,0,16,Maiden,函館,35.000000000,8,2024,l2_logistic_c0.1,0.297170061,0.187500000
2024-06-22,202402010503,2021102277,4,ポトマックテソーロ,0,16,Maiden,函館,41.000000000,5,2024,l2_logistic_c0.1,0.441068718,0.187500000
2024-06-22,202402010503,2021102401,5,グランテレーズ,1,16,Maiden,函館,13.000000000,4,2024,l2_logistic_c0.1,0.485127711,0.187500000
2024-06-22,202402010503,2021101064,6,ノイヤー,0,16,Maiden,函館,13.000000000,7,2024,l2_logistic_c0.1,0.322306680,0.187500000
2024-06-22,202402010503,2021106638,7,シンデレラタイム,0,16,Maiden,函館,6.000000000,4,2024,l2_logistic_c0.1,0.233475513,0.187500000
2024-06-22,202402010503,2021105487,8,カウネウス,0,16,Maiden,函館,56.000000000,5,2024,l2_logistic_c0.1,0.181081762,0.187500000
2024-06-22,202402010503,2021100016,9,ポリトナリティー,0,16,Maiden,函館,7.000000000,9,2024,l2_logistic_c0.1,0.166456442,0.187500000
2024-06-22,202402010503,2021101097,10,キタノワイオリ,0,16,Maiden,函館,14.000000000,3,2024,l2_logistic_c0.1,0.084865649,0.187500000
2024-06-22,202402010503,2021100698,11,ヴィーケン,0,16,Maiden,函館,6.000000000,12,2024,l2_logistic_c0.1,0.271733679,0.187500000
2024-06-22,202402010503,2021105696,12,ステイチューンド,0,16,Maiden,函館,14.000000000,9,2024,l2_logistic_c0.1,0.269196590,0.187500000
2024-06-22,202402010503,2021103053,13,ミラルージュ,0,16,Maiden,函館,62.000000000,4,2024,l2_logistic_c0.1,0.064430077,0.187500000
2024-06-22,202402010503,2021106050,14,フィローシャ,0,16,Maiden,函館,13.000000000,5,2024,l2_logistic_c0.1,0.204273825,0.187500000
2024-06-22,202402010503,2021107133,15,オーヴァーザトップ,0,16,Maiden,函館,28.000000000,8,2024,l2_logistic_c0.1,0.195174216,0.187500000
2024-06-22,202402010503,2021101769,16,ドレッド,0,16,Maiden,函館,6.000000000,7,2024,l2_logistic_c0.1,0.428771235,0.187500000
2024-06-22,202402010511,2018100394,1,サトノラムセス,0,16,Open,函館,84.000000000,22,2024,l2_logistic_c0.1,0.096785476,0.187500000
2024-06-22,202402010511,2018105366,2,レッドベルオーブ,0,16,Open,函館,84.000000000,22,2024,l2_logistic_c0.1,0.023698041,0.187500000
2024-06-22,202402010511,2020105574,3,ラビュリントス,0,16,Open,函館,412.000000000,3,2024,l2_logistic_c0.1,0.072211602,0.187500000
2024-06-22,202402010511,2020110155,4,レイベリング,0,16,Open,函館,48.000000000,11,2024,l2_logistic_c0.1,0.297412485,0.187500000
2024-06-22,202402010511,2019105459,5,ソウテン,0,16,Open,函館,69.000000000,19,2024,l2_logistic_c0.1,0.104691309,0.187500000
2024-06-22,202402010511,2019100765,6,コムストックロード,1,16,Open,函館,126.000000000,24,2024,l2_logistic_c0.1,0.071054725,0.187500000
2024-06-22,202402010511,2020103589,7,ブトンドール,0,16,Open,函館,132.000000000,10,2024,l2_logistic_c0.1,0.116017989,0.187500000
2024-06-22,202402010511,2019102273,8,モリノドリーム,1,16,Open,函館,76.000000000,15,2024,l2_logistic_c0.1,0.275171764,0.187500000
2024-06-22,202402010511,2020103434,9,カルロヴェローチェ,0,16,Open,函館,48.000000000,8,2024,l2_logistic_c0.1,0.107183929,0.187500000
2024-06-22,202402010511,2018103515,10,カンティーユ,1,16,Open,函館,202.000000000,5,2024,l2_logistic_c0.1,0.396747891,0.187500000
2024-06-22,202402010511,2019102576,11,クリノマジン,0,16,Open,函館,76.000000000,22,2024,l2_logistic_c0.1,0.129807501,0.187500000
2024-06-22,202402010511,2019102240,12,マメコ,0,16,Open,函館,6.000000000,19,2024,l2_logistic_c0.1,0.278536314,0.187500000
2024-06-22,202402010511,2018104347,13,ユキノファラオ,0,16,Open,函館,69.000000000,27,2024,l2_logistic_c0.1,0.086592956,0.187500000
2024-06-22,202402010511,2020100896,14,ビッグシーザー,0,16,Open,函館,13.000000000,14,2024,l2_logistic_c0.1,0.532171278,0.187500000
2024-06-22,202402010511,2019100153,15,カワキタレブリー,0,16,Open,函館,69.000000000,22,2024,l2_logistic_c0.1,0.137172466,0.187500000
2024-06-22,202402010511,2016102534,16,イーサンパンサー,0,16,Open,函館,132.000000000,39,2024,l2_logistic_c0.1,0.022129860,0.187500000
2024-06-23,202402010601,2021104839,2,プレアデスグループ,1,16,Maiden,函館,15.000000000,5,2024,l2_logistic_c0.1,0.504977538,0.187500000
2024-06-23,202402010601,2021103917,3,ミルキーメモリー,0,16,Maiden,函館,15.000000000,5,2024,l2_logistic_c0.1,0.085143967,0.187500000
2024-06-23,202402010601,2021101206,4,ラーリア,1,16,Maiden,函館,56.000000000,3,2024,l2_logistic_c0.1,0.396990440,0.187500000
2024-06-23,202402010601,2021103941,5,ジャヴァネ,0,16,Maiden,函館,15.000000000,3,2024,l2_logistic_c0.1,0.157154192,0.187500000
2024-06-23,202402010601,2021103277,6,メイショウマサユメ,0,16,Maiden,函館,15.000000000,7,2024,l2_logistic_c0.1,0.218552884,0.187500000
2024-06-23,202402010601,2021105263,7,バニーホップ,0,16,Maiden,函館,56.000000000,4,2024,l2_logistic_c0.1,0.182713689,0.187500000
2024-06-23,202402010601,2021106347,8,ピクラリーダ,0,16,Maiden,函館,63.000000000,5,2024,l2_logistic_c0.1,0.064434667,0.187500000
2024-06-23,202402010601,2021105682,9,ハイボーン,0,16,Maiden,函館,56.000000000,3,2024,l2_logistic_c0.1,0.395698370,0.187500000
2024-06-23,202402010601,2021105937,12,プレシャスシル,0,16,Maiden,函館,15.000000000,6,2024,l2_logistic_c0.1,0.043702324,0.187500000
2024-06-23,202402010601,2021103025,13,シナモンデイジー,0,16,Maiden,函館,14.000000000,4,2024,l2_logistic_c0.1,0.087338217,0.187500000
2024-06-23,202402010601,2021104315,14,レターフロムパリ,0,16,Maiden,函館,42.000000000,3,2024,l2_logistic_c0.1,0.234585554,0.187500000
2024-06-23,202402010601,2021102686,15,ニシノシャミナード,0,16,Maiden,函館,14.000000000,5,2024,l2_logistic_c0.1,0.394026431,0.187500000
2024-06-23,202402010601,2021103228,16,ドゥザキャッチ,0,16,Maiden,函館,71.000000000,3,2024,l2_logistic_c0.1,0.155623982,0.187500000
2024-06-23,202402010610,2019101679,1,ヴィアドロローサ,0,13,Class2,函館,15.000000000,21,2024,l2_logistic_c0.1,0.300327947,0.230769231
2024-06-23,202402010610,2021106939,2,タイセイフェスタ,0,13,Class2,函館,77.000000000,8,2024,l2_logistic_c0.1,0.190275431,0.230769231
2024-06-23,202402010610,2019102938,3,ニシノレバンテ,0,13,Class2,函館,8.000000000,21,2024,l2_logistic_c0.1,0.120870201,0.230769231
2024-06-23,202402010610,2019100772,4,ポルタフォルトゥナ,0,13,Class2,函館,15.000000000,21,2024,l2_logistic_c0.1,0.382277595,0.230769231
2024-06-23,202402010610,2019106700,5,ヒロノゴウカイ,0,13,Class2,函館,63.000000000,23,2024,l2_logistic_c0.1,0.081734567,0.230769231
2024-06-23,202402010610,2019104868,6,ブルトンクール,0,13,Class2,函館,106.000000000,15,2024,l2_logistic_c0.1,0.061838754,0.230769231
2024-06-23,202402010610,2020103356,7,クファシル,1,13,Class2,函館,14.000000000,7,2024,l2_logistic_c0.1,0.220142023,0.230769231
2024-06-23,202402010610,2020106623,8,ゴキゲンサン,0,13,Class2,函館,98.000000000,9,2024,l2_logistic_c0.1,0.135564767,0.230769231
2024-06-23,202402010610,2018100097,9,スマートルシーダ,0,13,Class2,函館,15.000000000,25,2024,l2_logistic_c0.1,0.153999000,0.230769231
2024-06-23,202402010610,2019105915,10,グッドグロウス,0,13,Class2,函館,7.000000000,22,2024,l2_logistic_c0.1,0.065465583,0.230769231
2024-06-23,202402010610,2020102568,11,ワイアウ,0,13,Class2,函館,15.000000000,11,2024,l2_logistic_c0.1,0.125639828,0.230769231
2024-06-23,202402010610,2019104386,12,トーセンサンダー,1,13,Class2,函館,8.000000000,22,2024,l2_logistic_c0.1,0.317425255,0.230769231
2024-06-23,202402010610,2020100151,13,スクルプトーリス,1,13,Class2,函館,15.000000000,12,2024,l2_logistic_c0.1,0.142986444,0.230769231
2024-06-23,202402010612,2019101133,1,ソングフォーユー,0,9,Class1,函館,7.000000000,15,2024,l2_logistic_c0.1,0.246087241,0.333333333
2024-06-23,202402010612,2018106145,2,アコルダール,1,9,Class1,函館,7.000000000,18,2024,l2_logistic_c0.1,0.194661685,0.333333333
2024-06-23,202402010612,2019102510,3,アップフルーク,0,9,Class1,函館,8.000000000,12,2024,l2_logistic_c0.1,0.188869014,0.333333333
2024-06-23,202402010612,2021103325,4,カレンナオトメ,0,9,Class1,函館,14.000000000,10,2024,l2_logistic_c0.1,0.335931642,0.333333333
2024-06-23,202402010612,2021103039,5,ゴーインマイウェイ,0,9,Class1,函館,7.000000000,9,2024,l2_logistic_c0.1,0.493552315,0.333333333
2024-06-23,202402010612,2020104616,6,パクスロマーナ,0,9,Class1,函館,8.000000000,3,2024,l2_logistic_c0.1,0.181767767,0.333333333
2024-06-23,202402010612,2020102088,7,イテマエダセン,0,9,Class1,函館,8.000000000,5,2024,l2_logistic_c0.1,0.107039502,0.333333333
2024-06-23,202402010612,2021106594,8,ヤマニンアストロン,1,9,Class1,函館,14.000000000,5,2024,l2_logistic_c0.1,0.408408775,0.333333333
2024-06-23,202402010612,2019106179,9,ハートホイップ,1,9,Class1,函館,7.000000000,13,2024,l2_logistic_c0.1,0.294329174,0.333333333
2024-06-29,202402010709,2019101643,1,バシレウスシチー,1,11,Class1,函館,14.000000000,8,2024,l2_logistic_c0.1,0.481342230,0.272727273
2024-06-29,202402010709,2020103844,3,フリントロック,0,11,Class1,函館,13.000000000,13,2024,l2_logistic_c0.1,0.262767436,0.272727273
2024-06-29,202402010709,2020100906,4,フライングブレード,0,11,Class1,函館,126.000000000,12,2024,l2_logistic_c0.1,0.524343816,0.272727273
2024-06-29,202402010709,2019103517,5,ディージェーサン,0,11,Class1,函館,13.000000000,21,2024,l2_logistic_c0.1,0.245349058,0.272727273
2024-06-29,202402010709,2019101765,6,ビッグパレード,1,11,Class1,函館,13.000000000,6,2024,l2_logistic_c0.1,0.140962443,0.272727273
2024-06-29,202402010709,2021104928,7,トラペジスト,0,11,Class1,函館,84.000000000,6,2024,l2_logistic_c0.1,0.384623870,0.272727273
2024-06-29,202402010709,2021100243,8,セイウンティーダ,0,11,Class1,函館,13.000000000,9,2024,l2_logistic_c0.1,0.224526014,0.272727273
2024-06-29,202402010709,2021103092,9,ナムラローズマリー,1,11,Class1,函館,21.000000000,5,2024,l2_logistic_c0.1,0.644762876,0.272727273
2024-06-29,202402010709,2020102646,10,クラックオブドーン,0,11,Class1,函館,14.000000000,10,2024,l2_logistic_c0.1,0.122299824,0.272727273
2024-06-29,202402010709,2020102321,11,テーオーヴァイナー,0,11,Class1,函館,13.000000000,9,2024,l2_logistic_c0.1,0.096265998,0.272727273
2024-06-29,202402010711,2019106682,1,ロックユアハート,0,16,Class3,函館,55.000000000,15,2024,l2_logistic_c0.1,0.041241469,0.187500000
2024-06-29,202402010711,2018103296,2,サニーオーシャン,0,16,Class3,函館,13.000000000,34,2024,l2_logistic_c0.1,0.049806247,0.187500000
2024-06-29,202402010711,2020102630,3,アルーリングビュー,0,16,Class3,函館,62.000000000,10,2024,l2_logistic_c0.1,0.348573466,0.187500000
2024-06-29,202402010711,2018104559,4,ナリタローゼ,0,16,Class3,函館,21.000000000,24,2024,l2_logistic_c0.1,0.274064412,0.187500000
2024-06-29,202402010711,2019105760,5,シュヴェルトライテ,0,16,Class3,函館,70.000000000,18,2024,l2_logistic_c0.1,0.153186540,0.187500000
2024-06-29,202402010711,2020106406,6,クリダーム,0,16,Class3,函館,55.000000000,8,2024,l2_logistic_c0.1,0.237971653,0.187500000
2024-06-29,202402010711,2020100443,7,エイシンエイト,0,16,Class3,函館,13.000000000,8,2024,l2_logistic_c0.1,0.267301286,0.187500000
2024-06-29,202402010711,2020110114,8,スリーアイランド,0,16,Class3,函館,62.000000000,11,2024,l2_logistic_c0.1,0.221832978,0.187500000
2024-06-29,202402010711,2019105452,9,ミッキーハーモニー,1,16,Class3,函館,84.000000000,11,2024,l2_logistic_c0.1,0.176141315,0.187500000
2024-06-29,202402010711,2020105365,10,ドーバーホーク,0,16,Class3,函館,13.000000000,13,2024,l2_logistic_c0.1,0.322896088,0.187500000
2024-06-29,202402010711,2019104697,11,ショウナンマッハ,0,16,Class3,函館,62.000000000,24,2024,l2_logistic_c0.1,0.184898335,0.187500000
2024-06-29,202402010711,2019103594,12,レッドアヴァンティ,1,16,Class3,函館,14.000000000,11,2024,l2_logistic_c0.1,0.478720673,0.187500000
2024-06-29,202402010711,2020106706,13,タリア,0,16,Class3,函館,55.000000000,15,2024,l2_logistic_c0.1,0.140941219,0.187500000
2024-06-29,202402010711,2019100751,14,マイネルレノン,0,16,Class3,函館,62.000000000,20,2024,l2_logistic_c0.1,0.177078283,0.187500000
2024-06-29,202402010711,2020100105,15,エイシンフェンサー,1,16,Class3,函館,83.000000000,13,2024,l2_logistic_c0.1,0.302835844,0.187500000
2024-06-29,202402010711,2018100693,16,ブルーシンフォニー,0,16,Class3,函館,62.000000000,25,2024,l2_logistic_c0.1,0.234968131,0.187500000
2024-06-29,202403020111,2020102299,1,アシャカタカ,0,14,Class3,福島,69.000000000,12,2024,l2_logistic_c0.1,0.477227112,0.214285714
2024-06-29,202403020111,2019109094,2,ブッシュガーデン,0,14,Class3,福島,13.000000000,27,2024,l2_logistic_c0.1,0.178688209,0.214285714
2024-06-29,202403020111,2018102281,3,キタノエクスプレス,1,14,Class3,福島,49.000000000,16,2024,l2_logistic_c0.1,0.381347970,0.214285714
2024-06-29,202403020111,2019105555,4,ヴェールアンレーヴ,0,14,Class3,福島,14.000000000,17,2024,l2_logistic_c0.1,0.134488679,0.214285714
2024-06-29,202403020111,2019107075,6,ブランデーロック,0,14,Class3,福島,7.000000000,47,2024,l2_logistic_c0.1,0.103376388,0.214285714
2024-06-29,202403020111,2020101792,7,プロスペリダード,0,14,Class3,福島,84.000000000,14,2024,l2_logistic_c0.1,0.465970685,0.214285714
2024-06-29,202403020111,2019101626,8,ピンクマクフィー,1,14,Class3,福島,84.000000000,16,2024,l2_logistic_c0.1,0.247137051,0.214285714
2024-06-29,202403020111,2019100214,9,ウインモナーク,0,14,Class3,福島,41.000000000,16,2024,l2_logistic_c0.1,0.288593523,0.214285714
2024-06-29,202403020111,2017102838,10,ハーモニーマゼラン,0,14,Class3,福島,55.000000000,29,2024,l2_logistic_c0.1,0.154501128,0.214285714
2024-06-29,202403020111,2018106552,11,メイショウフンケイ,0,14,Class3,福島,105.000000000,30,2024,l2_logistic_c0.1,0.123063222,0.214285714
2024-06-29,202403020111,2020101262,12,エコロレジーナ,1,14,Class3,福島,13.000000000,17,2024,l2_logistic_c0.1,0.130011952,0.214285714
2024-06-29,202403020111,2018100025,13,シゲルカチョウ,0,14,Class3,福島,105.000000000,16,2024,l2_logistic_c0.1,0.173037502,0.214285714
2024-06-29,202403020111,2019102786,14,ウォータールグラン,0,14,Class3,福島,62.000000000,17,2024,l2_logistic_c0.1,0.104905831,0.214285714
2024-06-29,202410030103,2021105223,1,ルージュレイナス,0,18,Maiden,小倉,62.000000000,5,2024,l2_logistic_c0.1,0.216997795,0.166666667
2024-06-29,202410030103,2021104671,2,ミライハーモニー,0,18,Maiden,小倉,69.000000000,3,2024,l2_logistic_c0.1,0.459837101,0.166666667
2024-06-29,202410030103,2021100297,3,ブルボンクイーン,1,18,Maiden,小倉,55.000000000,8,2024,l2_logistic_c0.1,0.412032628,0.166666667
2024-06-29,202410030103,2021109059,4,クリノラリマール,0,18,Maiden,小倉,83.000000000,4,2024,l2_logistic_c0.1,0.075791749,0.166666667
2024-06-29,202410030103,2021101766,5,ソルトロック,0,18,Maiden,小倉,118.000000000,6,2024,l2_logistic_c0.1,0.183131753,0.166666667
2024-06-29,202410030103,2021103982,7,ダイメイイチョウ,0,18,Maiden,小倉,69.000000000,10,2024,l2_logistic_c0.1,0.142592749,0.166666667
2024-06-29,202410030103,2021103279,9,メイショウツバメ,0,18,Maiden,小倉,69.000000000,3,2024,l2_logistic_c0.1,0.066746805,0.166666667
2024-06-29,202410030103,2021100233,10,テーオーサファイア,0,18,Maiden,小倉,48.000000000,4,2024,l2_logistic_c0.1,0.096247575,0.166666667
2024-06-29,202410030103,2021106019,11,キルケロッソ,0,18,Maiden,小倉,21.000000000,5,2024,l2_logistic_c0.1,0.210817828,0.166666667
2024-06-29,202410030103,2021101604,12,マクッテソフィア,0,18,Maiden,小倉,48.000000000,6,2024,l2_logistic_c0.1,0.181661767,0.166666667
2024-06-29,202410030103,2021105563,13,シャドフ,1,18,Maiden,小倉,21.000000000,8,2024,l2_logistic_c0.1,0.318832204,0.166666667
2024-06-29,202410030103,2021102082,14,ルクスリーベン,0,18,Maiden,小倉,119.000000000,4,2024,l2_logistic_c0.1,0.040139959,0.166666667
2024-06-29,202410030103,2021104853,15,サクセスカノン,1,18,Maiden,小倉,98.000000000,8,2024,l2_logistic_c0.1,0.053758488,0.166666667
2024-06-29,202410030103,2021103933,16,スマートレイヴ,0,18,Maiden,小倉,132.000000000,3,2024,l2_logistic_c0.1,0.210929741,0.166666667
2024-06-29,202410030103,2021100401,18,ニシノミニョンヌ,0,18,Maiden,小倉,70.000000000,7,2024,l2_logistic_c0.1,0.102762455,0.166666667
2024-06-29,202410030112,2019102062,1,ハルカナネガイ,0,11,Class1,小倉,20.000000000,19,2024,l2_logistic_c0.1,0.072311020,0.272727273
2024-06-29,202410030112,2019106028,2,ピースキーパー,0,11,Class1,小倉,84.000000000,28,2024,l2_logistic_c0.1,0.140754339,0.272727273
2024-06-29,202410030112,2021103299,3,シアター,0,11,Class1,小倉,83.000000000,7,2024,l2_logistic_c0.1,0.694580579,0.272727273
2024-06-29,202410030112,2018103200,4,バーニングパワー,0,11,Class1,小倉,69.000000000,22,2024,l2_logistic_c0.1,0.153238739,0.272727273
2024-06-29,202410030112,2020103979,5,モカラエース,0,11,Class1,小倉,70.000000000,16,2024,l2_logistic_c0.1,0.075761517,0.272727273
2024-06-29,202410030112,2020102591,6,メリオルヴィータ,0,11,Class1,小倉,41.000000000,12,2024,l2_logistic_c0.1,0.078833145,0.272727273
2024-06-29,202410030112,2020101872,7,デイトナモード,1,11,Class1,小倉,27.000000000,11,2024,l2_logistic_c0.1,0.496551990,0.272727273
2024-06-29,202410030112,2021105537,8,ビダーヤ,1,11,Class1,小倉,13.000000000,6,2024,l2_logistic_c0.1,0.751634211,0.272727273
2024-06-29,202410030112,2021102561,9,キーウェーブ,0,11,Class1,小倉,20.000000000,5,2024,l2_logistic_c0.1,0.303650098,0.272727273
2024-06-29,202410030112,2020102271,10,コスモグングニール,1,11,Class1,小倉,20.000000000,13,2024,l2_logistic_c0.1,0.347154589,0.272727273
2024-06-29,202410030112,2020101597,11,サンライズタイソン,0,11,Class1,小倉,55.000000000,10,2024,l2_logistic_c0.1,0.324142449,0.272727273
2024-06-30,202402010803,2021100146,1,セントオブシン,0,16,Maiden,函館,63.000000000,4,2024,l2_logistic_c0.1,0.129054849,0.187500000
2024-06-30,202402010803,2021101100,2,ルクスアドラー,1,16,Maiden,函館,15.000000000,7,2024,l2_logistic_c0.1,0.360573603,0.187500000
2024-06-30,202402010803,2021103052,3,サニイアール,1,16,Maiden,函館,15.000000000,8,2024,l2_logistic_c0.1,0.394791687,0.187500000
2024-06-30,202402010803,2021101357,5,ライズタイガ,0,16,Maiden,函館,78.000000000,3,2024,l2_logistic_c0.1,0.162878554,0.187500000
2024-06-30,202402010803,2021106806,6,コスモバシレウス,0,16,Maiden,函館,210.000000000,3,2024,l2_logistic_c0.1,0.327104956,0.187500000
2024-06-30,202402010803,2021110020,7,ロジカルワーズ,0,16,Maiden,函館,15.000000000,3,2024,l2_logistic_c0.1,0.520699406,0.187500000
2024-06-30,202402010803,2021101245,8,カチヌキマリコ,0,16,Maiden,函館,22.000000000,6,2024,l2_logistic_c0.1,0.329307924,0.187500000
2024-06-30,202402010803,2021105714,9,キアロヴェローチェ,0,16,Maiden,函館,8.000000000,4,2024,l2_logistic_c0.1,0.429599315,0.187500000
2024-06-30,202402010803,2021100775,10,ナリタマフディー,0,16,Maiden,函館,15.000000000,6,2024,l2_logistic_c0.1,0.182969416,0.187500000
2024-06-30,202402010803,2021101617,11,クーリッジテソーロ,0,16,Maiden,函館,14.000000000,6,2024,l2_logistic_c0.1,0.313176428,0.187500000
2024-06-30,202402010803,2021104037,13,テリオスソラ,0,16,Maiden,函館,14.000000000,3,2024,l2_logistic_c0.1,0.211009996,0.187500000
2024-06-30,202402010803,2021105827,14,フェアアイル,1,16,Maiden,函館,127.000000000,4,2024,l2_logistic_c0.1,0.156864559,0.187500000
2024-06-30,202402010803,2021103218,15,モリエヌス,0,16,Maiden,函館,14.000000000,6,2024,l2_logistic_c0.1,0.159306747,0.187500000
2024-06-30,202402010803,2021100718,16,テキーラワルツ,0,16,Maiden,函館,15.000000000,5,2024,l2_logistic_c0.1,0.218989641,0.187500000
2024-06-30,202402010810,2021105606,1,オウバイトウリ,1,15,Class2,函館,91.000000000,8,2024,l2_logistic_c0.1,0.242525862,0.200000000
2024-06-30,202402010810,2020104088,2,ランドオブラヴ,1,15,Class2,函館,15.000000000,9,2024,l2_logistic_c0.1,0.273732316,0.200000000
2024-06-30,202402010810,2020106987,3,スムースベルベット,0,15,Class2,函館,70.000000000,18,2024,l2_logistic_c0.1,0.103640604,0.200000000
2024-06-30,202402010810,2020103634,4,ミスヨコハマ,0,15,Class2,函館,22.000000000,21,2024,l2_logistic_c0.1,0.219595147,0.200000000
2024-06-30,202402010810,2019101262,6,ショウナンアメリア,0,15,Class2,函館,22.000000000,24,2024,l2_logistic_c0.1,0.140497052,0.200000000
2024-06-30,202402010810,2020100151,7,スクルプトーリス,0,15,Class2,函館,7.000000000,13,2024,l2_logistic_c0.1,0.202280801,0.200000000
2024-06-30,202402010810,2020103632,8,スイミーユニバンス,0,15,Class2,函館,14.000000000,7,2024,l2_logistic_c0.1,0.277906121,0.200000000
2024-06-30,202402010810,2019104868,9,ブルトンクール,0,15,Class2,函館,7.000000000,16,2024,l2_logistic_c0.1,0.094528635,0.200000000
2024-06-30,202402010810,2018103620,10,ロゼクラン,0,15,Class2,函館,28.000000000,23,2024,l2_logistic_c0.1,0.119947560,0.200000000
2024-06-30,202402010810,2019105141,11,ヴァンルーラー,0,15,Class2,函館,21.000000000,24,2024,l2_logistic_c0.1,0.048552500,0.200000000
2024-06-30,202402010810,2019100772,12,ポルタフォルトゥナ,0,15,Class2,函館,7.000000000,22,2024,l2_logistic_c0.1,0.267211459,0.200000000
2024-06-30,202402010810,2020100686,13,ジョリダム,1,15,Class2,函館,15.000000000,13,2024,l2_logistic_c0.1,0.097926182,0.200000000
2024-06-30,202402010810,2018106455,14,メイショウハボタン,0,15,Class2,函館,50.000000000,40,2024,l2_logistic_c0.1,0.151755128,0.200000000
2024-06-30,202402010810,2021104461,15,ガビーズシスター,0,15,Class2,函館,119.000000000,4,2024,l2_logistic_c0.1,0.193918920,0.200000000
2024-06-30,202402010810,2020103255,16,トゥーテイルズ,0,15,Class2,函館,8.000000000,14,2024,l2_logistic_c0.1,0.061521108,0.200000000
2024-06-30,202403020203,2021104490,1,エクセルゴールド,1,16,Maiden,福島,127.000000000,6,2024,l2_logistic_c0.1,0.375836577,0.187500000
2024-06-30,202403020203,2021102854,3,ノーブルウィスパー,1,16,Maiden,福島,99.000000000,4,2024,l2_logistic_c0.1,0.297991327,0.187500000
2024-06-30,202403020203,2021100485,4,ランドエース,0,16,Maiden,福島,64.000000000,3,2024,l2_logistic_c0.1,0.091691153,0.187500000
2024-06-30,202403020203,2021106551,11,ダイシンネイビー,1,16,Maiden,福島,21.000000000,7,2024,l2_logistic_c0.1,0.440263848,0.187500000
2024-06-30,202403020203,2021107054,12,ガラクシア,0,16,Maiden,福島,63.000000000,5,2024,l2_logistic_c0.1,0.189323017,0.187500000
2024-06-30,202403020203,2021106632,14,グエンフィヴァル,0,16,Maiden,福島,78.000000000,3,2024,l2_logistic_c0.1,0.201790035,0.187500000
2024-06-30,202403020203,2021101275,15,テートモダン,0,16,Maiden,福島,154.000000000,3,2024,l2_logistic_c0.1,0.468816018,0.187500000
2024-06-30,202403020209,2018100406,1,ヴィントミューレ,1,8,Class2,福島,85.000000000,16,2024,l2_logistic_c0.1,0.327383849,0.375000000
2024-06-30,202403020209,2020103218,2,フミサウンド,1,8,Class2,福島,14.000000000,13,2024,l2_logistic_c0.1,0.474607343,0.375000000
2024-06-30,202403020209,2021106440,3,アララララ,0,8,Class2,福島,22.000000000,10,2024,l2_logistic_c0.1,0.689051276,0.375000000
2024-06-30,202403020209,2021110021,4,スピリットガイド,0,8,Class2,福島,28.000000000,9,2024,l2_logistic_c0.1,0.450074281,0.375000000
2024-06-30,202403020209,2020100272,5,ニーナブランド,0,8,Class2,福島,119.000000000,7,2024,l2_logistic_c0.1,0.199333588,0.375000000
2024-06-30,202403020209,2019100755,6,アラクレ,0,8,Class2,福島,224.000000000,17,2024,l2_logistic_c0.1,0.219942890,0.375000000
2024-06-30,202403020209,2020101195,7,ゴルトリッチ,0,8,Class2,福島,70.000000000,14,2024,l2_logistic_c0.1,0.452872268,0.375000000
2024-06-30,202403020209,2019102436,8,ミズノコキュウ,1,8,Class2,福島,15.000000000,27,2024,l2_logistic_c0.1,0.206590208,0.375000000
2024-06-30,202403020212,2020106585,1,ヴォンヌヴォー,0,16,Class1,福島,106.000000000,15,2024,l2_logistic_c0.1,0.070112306,0.187500000
2024-06-30,202403020212,2021104665,2,レザンノワール,1,16,Class1,福島,84.000000000,4,2024,l2_logistic_c0.1,0.142698118,0.187500000
2024-06-30,202403020212,2021106724,3,チェルシー,0,16,Class1,福島,99.000000000,5,2024,l2_logistic_c0.1,0.225230996,0.187500000
2024-06-30,202403020212,2020104545,4,スマートメイプル,0,16,Class1,福島,56.000000000,13,2024,l2_logistic_c0.1,0.098172783,0.187500000
2024-06-30,202403020212,2020102938,5,ダルタニアン,0,16,Class1,福島,141.000000000,5,2024,l2_logistic_c0.1,0.231735985,0.187500000
2024-06-30,202403020212,2020103121,6,ダノンゴーイチ,0,16,Class1,福島,57.000000000,4,2024,l2_logistic_c0.1,0.130069295,0.187500000
2024-06-30,202403020212,2020103962,7,ステークホルダー,1,16,Class1,福島,49.000000000,17,2024,l2_logistic_c0.1,0.307926158,0.187500000
2024-06-30,202403020212,2021105833,8,カリーシ,0,16,Class1,福島,78.000000000,6,2024,l2_logistic_c0.1,0.600522617,0.187500000
2024-06-30,202403020212,2021101930,9,ライングッドマン,0,16,Class1,福島,70.000000000,8,2024,l2_logistic_c0.1,0.144032509,0.187500000
2024-06-30,202403020212,2021101394,10,モンレーヴ,0,16,Class1,福島,14.000000000,9,2024,l2_logistic_c0.1,0.142809086,0.187500000
2024-06-30,202403020212,2020106976,11,クレイプマートル,0,16,Class1,福島,71.000000000,12,2024,l2_logistic_c0.1,0.049907386,0.187500000
2024-06-30,202403020212,2018105357,12,ラピカズマ,0,16,Class1,福島,49.000000000,30,2024,l2_logistic_c0.1,0.192944677,0.187500000
2024-06-30,202403020212,2021100338,13,テセラリアン,1,16,Class1,福島,78.000000000,3,2024,l2_logistic_c0.1,0.393372697,0.187500000
2024-06-30,202403020212,2018101804,14,グローリアスカペラ,0,16,Class1,福島,224.000000000,13,2024,l2_logistic_c0.1,0.085522710,0.187500000
2024-06-30,202403020212,2020104501,15,ブラウンウェーブ,0,16,Class1,福島,505.000000000,4,2024,l2_logistic_c0.1,0.222216284,0.187500000
2024-06-30,202403020212,2020101956,16,ジェイエルトランス,0,16,Class1,福島,126.000000000,5,2024,l2_logistic_c0.1,0.070316628,0.187500000
2024-06-30,202410030202,2021105098,2,ディーエストッキー,1,18,Maiden,小倉,99.000000000,7,2024,l2_logistic_c0.1,0.451496445,0.166666667
2024-06-30,202410030202,2021100710,3,カネトシショウカ,1,18,Maiden,小倉,49.000000000,8,2024,l2_logistic_c0.1,0.154534498,0.166666667
2024-06-30,202410030202,2021104806,4,レオナルドスター,0,18,Maiden,小倉,15.000000000,8,2024,l2_logistic_c0.1,0.289296874,0.166666667
2024-06-30,202410030202,2021102592,6,スピークイージー,0,18,Maiden,小倉,22.000000000,3,2024,l2_logistic_c0.1,0.387610066,0.166666667
2024-06-30,202410030202,2021102875,7,イズジョーゴモリー,0,18,Maiden,小倉,49.000000000,8,2024,l2_logistic_c0.1,0.087829610,0.166666667
2024-06-30,202410030202,2021101528,9,クイーンカナロア,0,18,Maiden,小倉,43.000000000,6,2024,l2_logistic_c0.1,0.133870658,0.166666667
2024-06-30,202410030202,2021100883,10,ハクサンクリスタル,0,18,Maiden,小倉,36.000000000,4,2024,l2_logistic_c0.1,0.219246737,0.166666667
2024-06-30,202410030202,2021105267,11,ラボニータ,0,18,Maiden,小倉,35.000000000,4,2024,l2_logistic_c0.1,0.135456705,0.166666667
2024-06-30,202410030202,2021100164,12,ギフトフォーユー,0,18,Maiden,小倉,126.000000000,3,2024,l2_logistic_c0.1,0.041548631,0.166666667
2024-06-30,202410030202,2021104529,13,カシノシャンデリア,0,18,Maiden,小倉,7.000000000,4,2024,l2_logistic_c0.1,0.036127841,0.166666667
2024-06-30,202410030202,2021102545,16,オーシンピーチ,0,18,Maiden,小倉,43.000000000,3,2024,l2_logistic_c0.1,0.117188146,0.166666667
2024-06-30,202410030202,2021101605,17,エルプロフェッサー,1,18,Maiden,小倉,42.000000000,9,2024,l2_logistic_c0.1,0.196552307,0.166666667
2024-06-30,202410030202,2021100744,18,ファストチアフル,0,18,Maiden,小倉,113.000000000,4,2024,l2_logistic_c0.1,0.040249500,0.166666667
2024-06-30,202410030208,2018100772,1,ハイライフ,0,17,Class1,小倉,105.000000000,23,2024,l2_logistic_c0.1,0.033095953,0.176470588
2024-06-30,202410030208,2021106615,2,キャンシーエンゼル,1,17,Class1,小倉,85.000000000,5,2024,l2_logistic_c0.1,0.305894977,0.176470588
2024-06-30,202410030208,2020100236,3,ニシノトキメキ,0,17,Class1,小倉,141.000000000,10,2024,l2_logistic_c0.1,0.119673894,0.176470588
2024-06-30,202410030208,2021102433,4,アートフォーム,0,17,Class1,小倉,78.000000000,5,2024,l2_logistic_c0.1,0.175811230,0.176470588
2024-06-30,202410030208,2020102537,5,チカポコ,0,17,Class1,小倉,21.000000000,9,2024,l2_logistic_c0.1,0.089303920,0.176470588
2024-06-30,202410030208,2021105358,6,アスティスプマンテ,0,17,Class1,小倉,78.000000000,6,2024,l2_logistic_c0.1,0.294525381,0.176470588
2024-06-30,202410030208,2021104404,7,シュークリーム,0,17,Class1,小倉,57.000000000,5,2024,l2_logistic_c0.1,0.107513860,0.176470588
2024-06-30,202410030208,2020106821,8,ピースフルナイト,0,17,Class1,小倉,71.000000000,12,2024,l2_logistic_c0.1,0.110552122,0.176470588
2024-06-30,202410030208,2020100500,9,ヴィエンヌ,0,17,Class1,小倉,49.000000000,8,2024,l2_logistic_c0.1,0.170192833,0.176470588
2024-06-30,202410030208,2021107063,10,イツモニコニコ,0,17,Class1,小倉,21.000000000,6,2024,l2_logistic_c0.1,0.256960897,0.176470588
2024-06-30,202410030208,2020103084,11,マサハヤヴァンス,0,17,Class1,小倉,43.000000000,7,2024,l2_logistic_c0.1,0.040581596,0.176470588
2024-06-30,202410030208,2021106586,12,ラブカムーン,0,17,Class1,小倉,42.000000000,5,2024,l2_logistic_c0.1,0.169949473,0.176470588
2024-06-30,202410030208,2020103274,13,ロンシャンクイーン,0,17,Class1,小倉,70.000000000,11,2024,l2_logistic_c0.1,0.091120179,0.176470588
2024-06-30,202410030208,2020101229,14,レディメローラ,0,17,Class1,小倉,133.000000000,8,2024,l2_logistic_c0.1,0.101532987,0.176470588
2024-06-30,202410030208,2020101517,15,ソノママソノママ,1,17,Class1,小倉,127.000000000,7,2024,l2_logistic_c0.1,0.083104795,0.176470588
2024-06-30,202410030208,2021109123,16,ユメカナウケン,0,17,Class1,小倉,162.000000000,6,2024,l2_logistic_c0.1,0.126599245,0.176470588
2024-06-30,202410030208,2020103448,17,スマートジェイナ,1,17,Class1,小倉,14.000000000,4,2024,l2_logistic_c0.1,0.290854701,0.176470588
2024-06-30,202410030211,2017100583,1,ディヴィナシオン,0,18,Open,小倉,42.000000000,51,2024,l2_logistic_c0.1,0.066499371,0.166666667
2024-06-30,202410030211,2019103422,2,テイエムスパーダ,0,18,Open,小倉,98.000000000,18,2024,l2_logistic_c0.1,0.069780290,0.166666667
2024-06-30,202410030211,2019105505,3,サーマルウインド,0,18,Open,小倉,77.000000000,13,2024,l2_logistic_c0.1,0.406946536,0.166666667
2024-06-30,202410030211,2020101543,4,グランテスト,0,18,Open,小倉,63.000000000,9,2024,l2_logistic_c0.1,0.284906788,0.166666667
2024-06-30,202410030211,2019103714,5,メイショウソラフネ,0,18,Open,小倉,77.000000000,17,2024,l2_logistic_c0.1,0.246672770,0.166666667
2024-06-30,202410030211,2020110040,6,ヤクシマ,0,18,Open,小倉,35.000000000,17,2024,l2_logistic_c0.1,0.057947587,0.166666667
2024-06-30,202410030211,2020102764,7,モズメイメイ,1,18,Open,小倉,98.000000000,11,2024,l2_logistic_c0.1,0.112504070,0.166666667
2024-06-30,202410030211,2015104364,8,トゥラヴェスーラ,0,18,Open,小倉,154.000000000,32,2024,l2_logistic_c0.1,0.147866792,0.166666667
2024-06-30,202410030211,2021102320,9,ペアポルックス,0,18,Open,小倉,36.000000000,5,2024,l2_logistic_c0.1,0.500367587,0.166666667
2024-06-30,202410030211,2019102979,10,エイシンスポッター,0,18,Open,小倉,35.000000000,20,2024,l2_logistic_c0.1,0.211839790,0.166666667
2024-06-30,202410030211,2019110107,11,ジャスパークローネ,0,18,Open,小倉,273.000000000,15,2024,l2_logistic_c0.1,0.454903680,0.166666667
2024-06-30,202410030211,2021107058,12,ピューロマジック,1,18,Open,小倉,36.000000000,8,2024,l2_logistic_c0.1,0.430029091,0.166666667
2024-06-30,202410030211,2020101503,13,カンチェンジュンガ,0,18,Open,小倉,77.000000000,11,2024,l2_logistic_c0.1,0.182145567,0.166666667
2024-06-30,202410030211,2021102392,14,ナナオ,0,18,Open,小倉,36.000000000,7,2024,l2_logistic_c0.1,0.389329782,0.166666667
2024-06-30,202410030211,2019110001,15,ショウナンハクラク,0,18,Open,小倉,42.000000000,23,2024,l2_logistic_c0.1,0.063372073,0.166666667
2024-06-30,202410030211,2018106055,16,ヨシノイースター,1,18,Open,小倉,77.000000000,24,2024,l2_logistic_c0.1,0.300187591,0.166666667
2024-06-30,202410030211,2018102360,17,メディーヴァル,0,18,Open,小倉,42.000000000,34,2024,l2_logistic_c0.1,0.037153437,0.166666667
2024-06-30,202410030211,2020101827,18,バースクライ,0,18,Open,小倉,120.000000000,10,2024,l2_logistic_c0.1,0.279770446,0.166666667
2024-07-06,202402010910,2021105202,1,ポエットリー,1,10,Class2,函館,20.000000000,7,2024,l2_logistic_c0.1,0.545552789,0.300000000
2024-07-06,202402010910,2018103620,2,ロゼクラン,1,10,Class2,函館,6.000000000,24,2024,l2_logistic_c0.1,0.216032655,0.300000000
2024-07-06,202402010910,2019103193,3,トリップトゥムーン,0,10,Class2,函館,56.000000000,26,2024,l2_logistic_c0.1,0.174877241,0.300000000
2024-07-06,202402010910,2020100121,4,イイヒニナル,0,10,Class2,函館,98.000000000,10,2024,l2_logistic_c0.1,0.132485754,0.300000000
2024-07-06,202402010910,2020104088,5,ランドオブラヴ,1,10,Class2,函館,6.000000000,10,2024,l2_logistic_c0.1,0.430994933,0.300000000
2024-07-06,202402010910,2020100151,6,スクルプトーリス,0,10,Class2,函館,6.000000000,14,2024,l2_logistic_c0.1,0.362855048,0.300000000
2024-07-06,202402010910,2018100097,7,スマートルシーダ,0,10,Class2,函館,13.000000000,26,2024,l2_logistic_c0.1,0.198449568,0.300000000
2024-07-06,202402010910,2019105915,8,グッドグロウス,0,10,Class2,函館,13.000000000,23,2024,l2_logistic_c0.1,0.093548114,0.300000000
2024-07-06,202402010910,2020103898,9,イグニション,0,10,Class2,函館,21.000000000,13,2024,l2_logistic_c0.1,0.338459304,0.300000000
2024-07-06,202402010910,2020105484,10,ニシノコウダイ,0,10,Class2,函館,21.000000000,17,2024,l2_logistic_c0.1,0.405467624,0.300000000
2024-07-06,202402010912,2018100094,1,ナムラシベラ,0,8,Class1,函館,14.000000000,8,2024,l2_logistic_c0.1,0.153257554,0.375000000
2024-07-06,202402010912,2021106854,2,ハピアーザンエバー,1,8,Class1,函館,20.000000000,7,2024,l2_logistic_c0.1,0.324166117,0.375000000
2024-07-06,202402010912,2019105533,3,ラリベラ,0,8,Class1,函館,20.000000000,14,2024,l2_logistic_c0.1,0.330679794,0.375000000
2024-07-06,202402010912,2019101133,4,ソングフォーユー,1,8,Class1,函館,13.000000000,16,2024,l2_logistic_c0.1,0.314439324,0.375000000
2024-07-06,202402010912,2021103289,5,レディーエンジェル,0,8,Class1,函館,76.000000000,5,2024,l2_logistic_c0.1,0.143089965,0.375000000
2024-07-06,202402010912,2021105619,6,スミレファースト,1,8,Class1,函館,20.000000000,6,2024,l2_logistic_c0.1,0.483894687,0.375000000
2024-07-06,202402010912,2020101029,7,アスクメークシェア,0,8,Class1,函館,209.000000000,6,2024,l2_logistic_c0.1,0.129326992,0.375000000
2024-07-06,202402010912,2021102963,8,フタバ,0,8,Class1,函館,6.000000000,13,2024,l2_logistic_c0.1,0.139381831,0.375000000
2024-07-06,202403020309,2021103667,1,クオレス,1,9,Class1,福島,90.000000000,6,2024,l2_logistic_c0.1,0.660341682,0.333333333
2024-07-06,202403020309,2021103981,2,グレートスピリット,0,9,Class1,福島,7.000000000,4,2024,l2_logistic_c0.1,0.539314966,0.333333333
2024-07-06,202403020309,2021106395,3,ハッピーサプライズ,0,9,Class1,福島,97.000000000,9,2024,l2_logistic_c0.1,0.199788449,0.333333333
2024-07-06,202403020309,2020100406,4,トクシーカイザー,0,9,Class1,福島,20.000000000,10,2024,l2_logistic_c0.1,0.525156141,0.333333333
2024-07-06,202403020309,2021102670,5,イサチルシーサイド,1,9,Class1,福島,63.000000000,5,2024,l2_logistic_c0.1,0.314523124,0.333333333
2024-07-06,202403020309,2019100936,6,ニシノタマユラ,0,9,Class1,福島,90.000000000,16,2024,l2_logistic_c0.1,0.314986278,0.333333333
2024-07-06,202403020309,2020103578,7,ロッククリーク,0,9,Class1,福島,62.000000000,8,2024,l2_logistic_c0.1,0.155238370,0.333333333
2024-07-06,202403020309,2020101992,8,ライクアフラワー,1,9,Class1,福島,77.000000000,10,2024,l2_logistic_c0.1,0.356016718,0.333333333
2024-07-06,202403020309,2020106345,9,ハローマイラブリー,0,9,Class1,福島,63.000000000,11,2024,l2_logistic_c0.1,0.304060376,0.333333333
2024-07-06,202410030306,2021103211,1,メイショウロージー,0,17,Maiden,小倉,55.000000000,5,2024,l2_logistic_c0.1,0.202708741,0.176470588
2024-07-06,202410030306,2021104645,3,アスセナ,0,17,Maiden,小倉,41.000000000,3,2024,l2_logistic_c0.1,0.145589197,0.176470588
2024-07-06,202410030306,2021100679,4,ホワイトリバー,0,17,Maiden,小倉,14.000000000,9,2024,l2_logistic_c0.1,0.120760667,0.176470588
2024-07-06,202410030306,2021101933,5,レディーズナイト,0,17,Maiden,小倉,83.000000000,5,2024,l2_logistic_c0.1,0.190960299,0.176470588
2024-07-06,202410030306,2021101528,8,クイーンカナロア,0,17,Maiden,小倉,6.000000000,7,2024,l2_logistic_c0.1,0.191142156,0.176470588
2024-07-06,202410030306,2021103903,9,ヴァシロペス,0,17,Maiden,小倉,49.000000000,9,2024,l2_logistic_c0.1,0.351211175,0.176470588
2024-07-06,202410030306,2021104533,10,フォーレ,0,17,Maiden,小倉,20.000000000,6,2024,l2_logistic_c0.1,0.255380094,0.176470588
2024-07-06,202410030306,2021106721,11,タイセイタリスマン,1,17,Maiden,小倉,76.000000000,10,2024,l2_logistic_c0.1,0.075019104,0.176470588
2024-07-06,202410030306,2021107214,12,ケイティバトラー,0,17,Maiden,小倉,27.000000000,3,2024,l2_logistic_c0.1,0.166714745,0.176470588
2024-07-06,202410030306,2021102425,14,モランゴ,0,17,Maiden,小倉,35.000000000,3,2024,l2_logistic_c0.1,0.083224676,0.176470588
2024-07-06,202410030306,2021105456,15,メイケイノヴァ,0,17,Maiden,小倉,14.000000000,4,2024,l2_logistic_c0.1,0.133993780,0.176470588
2024-07-07,202402011004,2021106729,1,シームレス,0,16,Maiden,函館,21.000000000,7,2024,l2_logistic_c0.1,0.199354475,0.187500000
2024-07-07,202402011004,2021101677,2,ソルレース,1,16,Maiden,函館,43.000000000,6,2024,l2_logistic_c0.1,0.653546214,0.187500000
2024-07-07,202402011004,2021105033,3,カーモス,0,16,Maiden,函館,63.000000000,6,2024,l2_logistic_c0.1,0.170066699,0.187500000
2024-07-07,202402011004,2021103106,4,サイモンモーニング,0,16,Maiden,函館,28.000000000,7,2024,l2_logistic_c0.1,0.127696528,0.187500000
2024-07-07,202402011004,2021105518,5,ヴェラベレッツァ,0,16,Maiden,函館,49.000000000,4,2024,l2_logistic_c0.1,0.099996188,0.187500000
2024-07-07,202402011004,2021101956,6,イロンデル,0,16,Maiden,函館,21.000000000,3,2024,l2_logistic_c0.1,0.155844607,0.187500000
2024-07-07,202402011004,2021100608,7,ビアメントブラスト,0,16,Maiden,函館,64.000000000,4,2024,l2_logistic_c0.1,0.057340621,0.187500000
2024-07-07,202402011004,2021100476,8,ファイツオン,1,16,Maiden,函館,77.000000000,5,2024,l2_logistic_c0.1,0.476790096,0.187500000
2024-07-07,202402011004,2021103004,9,ヒラボクヒーロー,0,16,Maiden,函館,22.000000000,4,2024,l2_logistic_c0.1,0.163942982,0.187500000
2024-07-07,202402011004,2021104920,10,ジーティーポライト,0,16,Maiden,函館,106.000000000,3,2024,l2_logistic_c0.1,0.197372846,0.187500000
2024-07-07,202402011004,2021105659,11,アムールリーベ,1,16,Maiden,函館,21.000000000,3,2024,l2_logistic_c0.1,0.269937440,0.187500000
2024-07-07,202402011004,2021101206,12,ラーリア,0,16,Maiden,函館,14.000000000,4,2024,l2_logistic_c0.1,0.446668151,0.187500000
2024-07-07,202402011004,2021106804,13,グレンノアラシ,0,16,Maiden,函館,35.000000000,5,2024,l2_logistic_c0.1,0.165040351,0.187500000
2024-07-07,202402011004,2021105231,14,ソルセルリ,0,16,Maiden,函館,57.000000000,5,2024,l2_logistic_c0.1,0.117786603,0.187500000
2024-07-07,202402011004,2021101001,15,ファストフィール,0,16,Maiden,函館,21.000000000,3,2024,l2_logistic_c0.1,0.206316349,0.187500000
2024-07-07,202402011004,2021105830,16,ロンフォン,0,16,Maiden,函館,21.000000000,7,2024,l2_logistic_c0.1,0.386456644,0.187500000
2024-07-07,202402011012,2021106666,1,レイニングキャット,0,9,Class1,函館,15.000000000,8,2024,l2_logistic_c0.1,0.382411717,0.333333333
2024-07-07,202402011012,2020104616,2,パクスロマーナ,1,9,Class1,函館,14.000000000,4,2024,l2_logistic_c0.1,0.193434607,0.333333333
2024-07-07,202402011012,2020100355,3,ナックブレイブ,0,9,Class1,函館,56.000000000,9,2024,l2_logistic_c0.1,0.158227866,0.333333333
2024-07-07,202402011012,2020101639,4,ハッピーロンドン,1,9,Class1,函館,36.000000000,7,2024,l2_logistic_c0.1,0.383846461,0.333333333
2024-07-07,202402011012,2018105814,5,マケルナマサムネ,0,9,Class1,函館,15.000000000,33,2024,l2_logistic_c0.1,0.142051410,0.333333333
2024-07-07,202402011012,2020106963,6,アンタノバラード,0,9,Class1,函館,15.000000000,21,2024,l2_logistic_c0.1,0.437656229,0.333333333
2024-07-07,202402011012,2019101446,7,ワンリオン,0,9,Class1,函館,15.000000000,24,2024,l2_logistic_c0.1,0.302872475,0.333333333
2024-07-07,202402011012,2020104824,8,シンデレラスマイル,1,9,Class1,函館,78.000000000,17,2024,l2_logistic_c0.1,0.150663682,0.333333333
2024-07-07,202402011012,2021105696,9,ステイチューンド,0,9,Class1,函館,15.000000000,10,2024,l2_logistic_c0.1,0.276935641,0.333333333
2024-07-07,202403020407,2021103548,2,フォカッチャ,0,16,Maiden,福島,56.000000000,8,2024,l2_logistic_c0.1,0.089400554,0.187500000
2024-07-07,202403020407,2021103133,4,ドンタカーミ,0,16,Maiden,福島,98.000000000,5,2024,l2_logistic_c0.1,0.050460063,0.187500000
2024-07-07,202403020407,2021104540,6,スプレムータ,0,16,Maiden,福島,63.000000000,5,2024,l2_logistic_c0.1,0.277974785,0.187500000
2024-07-07,202403020407,2021103422,7,ジョブックノワ,0,16,Maiden,福島,84.000000000,8,2024,l2_logistic_c0.1,0.116693120,0.187500000
2024-07-07,202403020407,2021103914,8,ビッグポケット,0,16,Maiden,福島,50.000000000,7,2024,l2_logistic_c0.1,0.126652773,0.187500000
2024-07-07,202403020407,2021104033,9,マルジェラ,0,16,Maiden,福島,77.000000000,7,2024,l2_logistic_c0.1,0.076514111,0.187500000
2024-07-07,202403020407,2021106346,11,ハナマツリ,0,16,Maiden,福島,85.000000000,3,2024,l2_logistic_c0.1,0.110785386,0.187500000
2024-07-07,202403020407,2021105533,13,サトノジール,1,16,Maiden,福島,113.000000000,3,2024,l2_logistic_c0.1,0.147600045,0.187500000
2024-07-07,202403020407,2021104049,15,バイデンテソーロ,1,16,Maiden,福島,22.000000000,7,2024,l2_logistic_c0.1,0.280669915,0.187500000
2024-07-07,202403020407,2021106998,16,ニシノレヴィガータ,0,16,Maiden,福島,85.000000000,7,2024,l2_logistic_c0.1,0.091574595,0.187500000
2024-07-07,202410030410,2019105526,1,ミッキーチャレンジ,1,15,Class2,小倉,239.000000000,11,2024,l2_logistic_c0.1,0.385590332,0.200000000
2024-07-07,202410030410,2020101763,2,トーホウフランゴ,0,15,Class2,小倉,43.000000000,20,2024,l2_logistic_c0.1,0.283754147,0.200000000
2024-07-07,202410030410,2017102940,3,ワンダーカタリナ,0,15,Class2,小倉,43.000000000,36,2024,l2_logistic_c0.1,0.152824119,0.200000000
2024-07-07,202410030410,2020103284,5,トールキン,0,15,Class2,小倉,92.000000000,12,2024,l2_logistic_c0.1,0.248039703,0.200000000
2024-07-07,202410030410,2019102458,6,ワンダーキサラ,1,15,Class2,小倉,35.000000000,17,2024,l2_logistic_c0.1,0.188079976,0.200000000
2024-07-07,202410030410,2019103233,7,ニシノデフィレ,0,15,Class2,小倉,162.000000000,18,2024,l2_logistic_c0.1,0.055627268,0.200000000
2024-07-07,202410030410,2019105238,8,フリートオブフット,0,15,Class2,小倉,64.000000000,18,2024,l2_logistic_c0.1,0.228564892,0.200000000
2024-07-07,202410030410,2021102914,9,モズトキキ,0,15,Class2,小倉,43.000000000,8,2024,l2_logistic_c0.1,0.514575546,0.200000000
2024-07-07,202410030410,2020100736,10,ビッグボーンリタ,0,15,Class2,小倉,35.000000000,14,2024,l2_logistic_c0.1,0.061574286,0.200000000
2024-07-07,202410030410,2020103325,11,プロトポロス,0,15,Class2,小倉,547.000000000,3,2024,l2_logistic_c0.1,0.451259811,0.200000000
2024-07-07,202410030410,2020101897,12,レッドヒルシューズ,1,15,Class2,小倉,57.000000000,14,2024,l2_logistic_c0.1,0.219097993,0.200000000
2024-07-07,202410030410,2020103238,13,オックスリップ,0,15,Class2,小倉,57.000000000,11,2024,l2_logistic_c0.1,0.344397496,0.200000000
2024-07-07,202410030410,2020103499,14,トーホウガレオン,0,15,Class2,小倉,8.000000000,16,2024,l2_logistic_c0.1,0.212407962,0.200000000
2024-07-07,202410030410,2019104498,15,インプロバイザー,0,15,Class2,小倉,77.000000000,22,2024,l2_logistic_c0.1,0.240245330,0.200000000
2024-07-07,202410030412,2020103698,1,エリカソレイユ,0,9,Class1,小倉,64.000000000,7,2024,l2_logistic_c0.1,0.117892522,0.333333333
2024-07-07,202410030412,2020106777,2,セレッソデアモール,0,9,Class1,小倉,28.000000000,11,2024,l2_logistic_c0.1,0.268843331,0.333333333
2024-07-07,202410030412,2020106914,3,イコサン,0,9,Class1,小倉,246.000000000,8,2024,l2_logistic_c0.1,0.545721416,0.333333333
2024-07-07,202410030412,2020101570,4,レッドテンペスト,0,9,Class1,小倉,91.000000000,10,2024,l2_logistic_c0.1,0.293856322,0.333333333
2024-07-07,202410030412,2020102637,5,ヴィヴィッシモ,1,9,Class1,小倉,63.000000000,8,2024,l2_logistic_c0.1,0.566841476,0.333333333
2024-07-07,202410030412,2021101102,6,ナムラエデン,0,9,Class1,小倉,28.000000000,10,2024,l2_logistic_c0.1,0.480827957,0.333333333
2024-07-07,202410030412,2020103256,7,カフジキアッキエレ,1,9,Class1,小倉,28.000000000,6,2024,l2_logistic_c0.1,0.345432922,0.333333333
2024-07-07,202410030412,2019102320,8,サイモンカーチス,0,9,Class1,小倉,71.000000000,30,2024,l2_logistic_c0.1,0.074720981,0.333333333
2024-07-07,202410030412,2021103171,9,タイキヴァンクール,1,9,Class1,小倉,85.000000000,7,2024,l2_logistic_c0.1,0.587127181,0.333333333
2024-07-13,202402011103,2021105297,1,マースフルガール,0,16,Maiden,函館,28.000000000,9,2024,l2_logistic_c0.1,0.211334218,0.187500000
2024-07-13,202402011103,2021102752,2,マニーブルース,0,16,Maiden,函館,91.000000000,9,2024,l2_logistic_c0.1,0.113567070,0.187500000
2024-07-13,202402011103,2021101640,3,ムーンブルー,0,16,Maiden,函館,28.000000000,5,2024,l2_logistic_c0.1,0.130587351,0.187500000
2024-07-13,202402011103,2021100019,4,マサノカナリア,1,16,Maiden,函館,28.000000000,7,2024,l2_logistic_c0.1,0.375206817,0.187500000
2024-07-13,202402011103,2021103707,5,コアクト,0,16,Maiden,函館,20.000000000,3,2024,l2_logistic_c0.1,0.192567540,0.187500000
2024-07-13,202402011103,2021102468,6,ブライティアダイヤ,0,16,Maiden,函館,27.000000000,3,2024,l2_logistic_c0.1,0.221502338,0.187500000
2024-07-13,202402011103,2021102277,7,ポトマックテソーロ,0,16,Maiden,函館,21.000000000,6,2024,l2_logistic_c0.1,0.496123364,0.187500000
2024-07-13,202402011103,2021104989,8,オレンジサファイア,0,16,Maiden,函館,34.000000000,5,2024,l2_logistic_c0.1,0.182353442,0.187500000
2024-07-13,202402011103,2021101067,9,クィーンミツコ,0,16,Maiden,函館,27.000000000,6,2024,l2_logistic_c0.1,0.029284784,0.187500000
2024-07-13,202402011103,2021104746,10,イングリッドローズ,0,16,Maiden,函館,35.000000000,4,2024,l2_logistic_c0.1,0.186540402,0.187500000
2024-07-13,202402011103,2021105820,11,マーシャルテイル,0,16,Maiden,函館,7.000000000,5,2024,l2_logistic_c0.1,0.184568921,0.187500000
2024-07-13,202402011103,2021105659,12,アムールリーベ,1,16,Maiden,函館,6.000000000,4,2024,l2_logistic_c0.1,0.407820853,0.187500000
2024-07-13,202402011103,2021110007,13,イーブンナウ,0,16,Maiden,函館,27.000000000,6,2024,l2_logistic_c0.1,0.172497675,0.187500000
2024-07-13,202402011103,2021105776,14,ピーエムドレミ,1,16,Maiden,函館,49.000000000,5,2024,l2_logistic_c0.1,0.148387725,0.187500000
2024-07-13,202402011103,2021103052,16,サニイアール,0,16,Maiden,函館,13.000000000,9,2024,l2_logistic_c0.1,0.385139122,0.187500000
2024-07-13,202402011111,2022103509,11,シュードタキライト,0,14,Open,函館,13.000000000,3,2024,l2_logistic_c0.1,0.323085228,0.214285714
2024-07-13,202402011112,2021101793,1,オオゾラヒバリ,0,13,Class1,函館,21.000000000,9,2024,l2_logistic_c0.1,0.263168216,0.230769231
2024-07-13,202402011112,2021102963,2,フタバ,0,13,Class1,函館,7.000000000,14,2024,l2_logistic_c0.1,0.070862699,0.230769231
2024-07-13,202402011112,2020103655,3,ダークブロンド,0,13,Class1,函館,125.000000000,12,2024,l2_logistic_c0.1,0.216336273,0.230769231
2024-07-13,202402011112,2019103517,4,ディージェーサン,0,13,Class1,函館,14.000000000,22,2024,l2_logistic_c0.1,0.314730925,0.230769231
2024-07-13,202402011112,2020103556,5,ブルーペクトライト,0,13,Class1,函館,6.000000000,12,2024,l2_logistic_c0.1,0.105901585,0.230769231
2024-07-13,202402011112,2021105901,6,ジークルーネ,0,13,Class1,函館,70.000000000,3,2024,l2_logistic_c0.1,0.323050147,0.230769231
2024-07-13,202402011112,2021103325,7,カレンナオトメ,0,13,Class1,函館,20.000000000,11,2024,l2_logistic_c0.1,0.204797520,0.230769231
2024-07-13,202402011112,2019101765,8,ビッグパレード,0,13,Class1,函館,14.000000000,7,2024,l2_logistic_c0.1,0.209370447,0.230769231
2024-07-13,202402011112,2021101682,9,ギルティプレジャー,1,13,Class1,函館,55.000000000,9,2024,l2_logistic_c0.1,0.104272477,0.230769231
2024-07-13,202402011112,2019100548,10,タガノミア,1,13,Class1,函館,27.000000000,21,2024,l2_logistic_c0.1,0.293985094,0.230769231
2024-07-13,202402011112,2019106179,11,ハートホイップ,1,13,Class1,函館,20.000000000,14,2024,l2_logistic_c0.1,0.221336836,0.230769231
2024-07-13,202402011112,2020103418,12,インクルードダイヤ,0,13,Class1,函館,62.000000000,13,2024,l2_logistic_c0.1,0.101081850,0.230769231
2024-07-13,202402011112,2019100097,13,ロザシアニン,0,13,Class1,函館,7.000000000,9,2024,l2_logistic_c0.1,0.093298225,0.230769231
2024-07-13,202403020509,2018104322,1,プレジールミノル,0,16,Class2,福島,42.000000000,32,2024,l2_logistic_c0.1,0.056166565,0.187500000
2024-07-13,202403020509,2020104825,2,スカプラリオ,0,16,Class2,福島,41.000000000,15,2024,l2_logistic_c0.1,0.081649471,0.187500000
2024-07-13,202403020509,2020101378,3,アイヲツグモノ,1,16,Class2,福島,90.000000000,11,2024,l2_logistic_c0.1,0.164420347,0.187500000
2024-07-13,202403020509,2019101270,4,ヨール,0,16,Class2,福島,56.000000000,20,2024,l2_logistic_c0.1,0.144071103,0.187500000
2024-07-13,202403020509,2021100338,5,テセラリアン,0,16,Class2,福島,13.000000000,4,2024,l2_logistic_c0.1,0.492065558,0.187500000
2024-07-13,202403020509,2020104983,6,マルプリ,0,16,Class2,福島,56.000000000,15,2024,l2_logistic_c0.1,0.120631301,0.187500000
2024-07-13,202403020509,2020106910,7,エッセレンチ,0,16,Class2,福島,146.000000000,10,2024,l2_logistic_c0.1,0.340513699,0.187500000
2024-07-13,202403020509,2018103430,8,エスパダアスール,0,16,Class2,福島,42.000000000,21,2024,l2_logistic_c0.1,0.099436491,0.187500000
2024-07-13,202403020509,2018110112,9,バラードインミラノ,0,16,Class2,福島,70.000000000,15,2024,l2_logistic_c0.1,0.136820683,0.187500000
2024-07-13,202403020509,2019103897,10,ハピネスアゲン,0,16,Class2,福島,56.000000000,23,2024,l2_logistic_c0.1,0.186444795,0.187500000
2024-07-13,202403020509,2020105157,11,ミルトハンター,0,16,Class2,福島,21.000000000,16,2024,l2_logistic_c0.1,0.122469956,0.187500000
2024-07-13,202403020509,2020102488,12,トーセンエスクード,1,16,Class2,福島,83.000000000,11,2024,l2_logistic_c0.1,0.514282373,0.187500000
2024-07-13,202403020509,2019100132,13,ペイシャカレン,0,16,Class2,福島,55.000000000,19,2024,l2_logistic_c0.1,0.132532097,0.187500000
2024-07-13,202403020509,2019106700,14,ヒロノゴウカイ,0,16,Class2,福島,20.000000000,24,2024,l2_logistic_c0.1,0.064050768,0.187500000
2024-07-13,202403020509,2019105175,15,ステイトダイアデム,1,16,Class2,福島,56.000000000,7,2024,l2_logistic_c0.1,0.310289648,0.187500000
2024-07-13,202403020509,2018100480,16,デルマヤクシ,0,16,Class2,福島,217.000000000,23,2024,l2_logistic_c0.1,0.025964427,0.187500000
2024-07-13,202403020512,2021105057,1,オンザヴィーナス,1,16,Class1,福島,49.000000000,8,2024,l2_logistic_c0.1,0.231490300,0.187500000
2024-07-13,202403020512,2021104073,2,カピリナ,1,16,Class1,福島,62.000000000,5,2024,l2_logistic_c0.1,0.357158208,0.187500000
2024-07-13,202403020512,2021100053,3,ミスファントム,1,16,Class1,福島,21.000000000,7,2024,l2_logistic_c0.1,0.296813561,0.187500000
2024-07-13,202403020512,2018101804,4,グローリアスカペラ,0,16,Class1,福島,13.000000000,14,2024,l2_logistic_c0.1,0.065535632,0.187500000
2024-07-13,202403020512,2018100593,5,タイガーリリー,0,16,Class1,福島,56.000000000,35,2024,l2_logistic_c0.1,0.143611519,0.187500000
2024-07-13,202403020512,2019102303,6,アイムファイン,0,16,Class1,福島,84.000000000,23,2024,l2_logistic_c0.1,0.092037722,0.187500000
2024-07-13,202403020512,2020101586,7,エルフレスアリー,0,16,Class1,福島,90.000000000,4,2024,l2_logistic_c0.1,0.590187811,0.187500000
2024-07-13,202403020512,2021106298,8,モリノレッドスター,0,16,Class1,福島,49.000000000,6,2024,l2_logistic_c0.1,0.431291719,0.187500000
2024-07-13,202403020512,2019105469,9,ホーリーエンブレム,0,16,Class1,福島,76.000000000,14,2024,l2_logistic_c0.1,0.125352865,0.187500000
2024-07-13,202403020512,2019100936,11,ニシノタマユラ,0,16,Class1,福島,7.000000000,17,2024,l2_logistic_c0.1,0.126017031,0.187500000
2024-07-13,202403020512,2020106585,12,ヴォンヌヴォー,0,16,Class1,福島,13.000000000,16,2024,l2_logistic_c0.1,0.073843675,0.187500000
2024-07-13,202403020512,2020102819,13,アイソラシー,0,16,Class1,福島,126.000000000,7,2024,l2_logistic_c0.1,0.159906503,0.187500000
2024-07-13,202403020512,2021106366,15,ロアノークテソーロ,0,16,Class1,福島,27.000000000,7,2024,l2_logistic_c0.1,0.242186270,0.187500000
2024-07-13,202403020512,2020104676,16,マイレーヌ,0,16,Class1,福島,55.000000000,18,2024,l2_logistic_c0.1,0.269219820,0.187500000
2024-07-13,202410030503,2021102710,1,エピファドール,0,18,Maiden,小倉,20.000000000,6,2024,l2_logistic_c0.1,0.292488725,0.166666667
2024-07-13,202410030503,2021100443,2,エイシンオニキス,1,18,Maiden,小倉,48.000000000,3,2024,l2_logistic_c0.1,0.326793311,0.166666667
2024-07-13,202410030503,2021105256,3,メロディアスハード,0,18,Maiden,小倉,286.000000000,3,2024,l2_logistic_c0.1,0.220085432,0.166666667
2024-07-13,202410030503,2021105223,4,ルージュレイナス,1,18,Maiden,小倉,14.000000000,6,2024,l2_logistic_c0.1,0.280116185,0.166666667
2024-07-13,202410030503,2021104835,5,エクストラドライ,0,18,Maiden,小倉,35.000000000,3,2024,l2_logistic_c0.1,0.322037610,0.166666667
2024-07-13,202410030503,2021103215,7,ウィズアリープ,0,18,Maiden,小倉,119.000000000,3,2024,l2_logistic_c0.1,0.206327202,0.166666667
2024-07-13,202410030503,2021104572,8,デイトゥリメンバー,0,18,Maiden,小倉,98.000000000,3,2024,l2_logistic_c0.1,0.087663794,0.166666667
2024-07-13,202410030503,2021103352,9,メイショウテンヨウ,0,18,Maiden,小倉,55.000000000,4,2024,l2_logistic_c0.1,0.100818495,0.166666667
2024-07-13,202410030503,2021100091,10,エイシンボーノ,0,18,Maiden,小倉,49.000000000,3,2024,l2_logistic_c0.1,0.078794592,0.166666667
2024-07-13,202410030503,2021106718,12,ダイメイコスズ,0,18,Maiden,小倉,35.000000000,3,2024,l2_logistic_c0.1,0.024968463,0.166666667
2024-07-13,202410030503,2021102823,13,ピナクルポイント,0,18,Maiden,小倉,161.000000000,3,2024,l2_logistic_c0.1,0.179506602,0.166666667
2024-07-13,202410030503,2021104853,14,サクセスカノン,1,18,Maiden,小倉,14.000000000,9,2024,l2_logistic_c0.1,0.168357323,0.166666667
2024-07-13,202410030503,2021106641,15,ハギノインスパイア,0,18,Maiden,小倉,28.000000000,5,2024,l2_logistic_c0.1,0.198051177,0.166666667
2024-07-13,202410030503,2021106990,16,ファミリー,0,18,Maiden,小倉,147.000000000,4,2024,l2_logistic_c0.1,0.038390061,0.166666667
2024-07-13,202410030503,2021104806,17,レオナルドスター,0,18,Maiden,小倉,13.000000000,9,2024,l2_logistic_c0.1,0.299344447,0.166666667
2024-07-13,202410030503,2021104213,18,ブーケドボワ,0,18,Maiden,小倉,125.000000000,4,2024,l2_logistic_c0.1,0.139851087,0.166666667
2024-07-13,202410030506,2021103454,2,リオサラ,0,18,Maiden,小倉,62.000000000,4,2024,l2_logistic_c0.1,0.128303823,0.166666667
2024-07-13,202410030506,2021102044,3,クリノトパーズ,0,18,Maiden,小倉,28.000000000,6,2024,l2_logistic_c0.1,0.090381086,0.166666667
2024-07-13,202410030506,2021102331,4,シンパティカ,0,18,Maiden,小倉,28.000000000,4,2024,l2_logistic_c0.1,0.135297779,0.166666667
2024-07-13,202410030506,2021106564,6,ハヤブサソンタクン,0,18,Maiden,小倉,133.000000000,9,2024,l2_logistic_c0.1,0.151307486,0.166666667
2024-07-13,202410030506,2021105880,7,レッドエヴァンス,1,18,Maiden,小倉,28.000000000,7,2024,l2_logistic_c0.1,0.366312540,0.166666667
2024-07-13,202410030506,2021103933,8,スマートレイヴ,0,18,Maiden,小倉,14.000000000,4,2024,l2_logistic_c0.1,0.283250273,0.166666667
2024-07-13,202410030506,2021101766,10,ソルトロック,0,18,Maiden,小倉,14.000000000,7,2024,l2_logistic_c0.1,0.313244042,0.166666667
2024-07-13,202410030506,2021103168,11,アングリフ,0,18,Maiden,小倉,63.000000000,3,2024,l2_logistic_c0.1,0.135914184,0.166666667
2024-07-13,202410030506,2021101791,12,メイショウソニック,1,18,Maiden,小倉,28.000000000,6,2024,l2_logistic_c0.1,0.531012176,0.166666667
2024-07-13,202410030506,2021103903,14,ヴァシロペス,0,18,Maiden,小倉,7.000000000,10,2024,l2_logistic_c0.1,0.300810837,0.166666667
2024-07-13,202410030506,2021101455,15,ルージュリリカル,0,18,Maiden,小倉,56.000000000,4,2024,l2_logistic_c0.1,0.278162367,0.166666667
2024-07-13,202410030506,2021103844,16,ニホンピロケイ,0,18,Maiden,小倉,21.000000000,4,2024,l2_logistic_c0.1,0.171503041,0.166666667
2024-07-13,202410030506,2021102875,17,イズジョーゴモリー,0,18,Maiden,小倉,13.000000000,9,2024,l2_logistic_c0.1,0.083993253,0.166666667
2024-07-13,202410030506,2021103249,18,ロビンバローズ,1,18,Maiden,小倉,56.000000000,4,2024,l2_logistic_c0.1,0.229555337,0.166666667
2024-07-13,202410030512,2020103588,1,マテンロウナイト,0,11,Class1,小倉,27.000000000,15,2024,l2_logistic_c0.1,0.139044283,0.272727273
2024-07-13,202410030512,2020101229,2,レディメローラ,1,11,Class1,小倉,13.000000000,9,2024,l2_logistic_c0.1,0.183530449,0.272727273
2024-07-13,202410030512,2019109096,3,ダイヤモンドフジ,0,11,Class1,小倉,111.000000000,11,2024,l2_logistic_c0.1,0.414732659,0.272727273
2024-07-13,202410030512,2021104404,5,シュークリーム,0,11,Class1,小倉,13.000000000,6,2024,l2_logistic_c0.1,0.125416317,0.272727273
2024-07-13,202410030512,2021104140,6,グレースルージュ,0,11,Class1,小倉,55.000000000,7,2024,l2_logistic_c0.1,0.130511977,0.272727273
2024-07-13,202410030512,2021106586,7,ラブカムーン,1,11,Class1,小倉,13.000000000,6,2024,l2_logistic_c0.1,0.182497745,0.272727273
2024-07-13,202410030512,2021100643,8,トレンシャリー,0,11,Class1,小倉,223.000000000,3,2024,l2_logistic_c0.1,0.169704754,0.272727273
2024-07-13,202410030512,2021110119,9,サンドロナイト,1,11,Class1,小倉,69.000000000,3,2024,l2_logistic_c0.1,0.602618954,0.272727273
2024-07-13,202410030512,2020106355,10,フェゲフォイア,0,11,Class1,小倉,27.000000000,7,2024,l2_logistic_c0.1,0.249420615,0.272727273
2024-07-13,202410030512,2021109123,11,ユメカナウケン,0,11,Class1,小倉,13.000000000,7,2024,l2_logistic_c0.1,0.141571204,0.272727273
2024-07-14,202402011203,2021105682,1,ハイボーン,0,16,Maiden,函館,21.000000000,4,2024,l2_logistic_c0.1,0.415122181,0.187500000
2024-07-14,202402011203,2021105500,2,プエルタセクレタ,0,16,Maiden,函館,63.000000000,6,2024,l2_logistic_c0.1,0.145854923,0.187500000
2024-07-14,202402011203,2021103271,3,ミッシーフォール,0,16,Maiden,函館,78.000000000,3,2024,l2_logistic_c0.1,0.079491240,0.187500000
2024-07-14,202402011203,2021102686,4,ニシノシャミナード,0,16,Maiden,函館,21.000000000,6,2024,l2_logistic_c0.1,0.360133701,0.187500000
2024-07-14,202402011203,2021105758,6,ゴールデンリープ,0,16,Maiden,函館,78.000000000,3,2024,l2_logistic_c0.1,0.146928238,0.187500000
2024-07-14,202402011203,2021105689,7,エヴァンスウィート,1,16,Maiden,函館,63.000000000,5,2024,l2_logistic_c0.1,0.383080936,0.187500000
2024-07-14,202402011203,2021100718,8,テキーラワルツ,0,16,Maiden,函館,14.000000000,6,2024,l2_logistic_c0.1,0.316038129,0.187500000
2024-07-14,202402011203,2021102411,9,ルチェッタ,0,16,Maiden,函館,36.000000000,4,2024,l2_logistic_c0.1,0.145622379,0.187500000
2024-07-14,202402011203,2021105827,10,フェアアイル,0,16,Maiden,函館,14.000000000,5,2024,l2_logistic_c0.1,0.388814613,0.187500000
2024-07-14,202402011203,2021103322,11,スプリングデイ,1,16,Maiden,函館,50.000000000,3,2024,l2_logistic_c0.1,0.224233800,0.187500000
2024-07-14,202402011203,2021106809,12,コスモララバイ,0,16,Maiden,函館,64.000000000,7,2024,l2_logistic_c0.1,0.280928067,0.187500000
2024-07-14,202402011203,2021101245,15,カチヌキマリコ,0,16,Maiden,函館,14.000000000,7,2024,l2_logistic_c0.1,0.319424356,0.187500000
2024-07-14,202402011203,2021101026,16,エコロアモーレ,0,16,Maiden,函館,56.000000000,7,2024,l2_logistic_c0.1,0.307940560,0.187500000
2024-07-14,202402011208,2020102938,1,ダルタニアン,0,15,Class1,函館,14.000000000,6,2024,l2_logistic_c0.1,0.401582390,0.200000000
2024-07-14,202402011208,2020101655,2,マンダリンボレロ,0,15,Class1,函館,28.000000000,17,2024,l2_logistic_c0.1,0.165047341,0.200000000
2024-07-14,202402011208,2020100906,3,フライングブレード,0,15,Class1,函館,15.000000000,13,2024,l2_logistic_c0.1,0.443840224,0.200000000
2024-07-14,202402011208,2021110004,4,オオタニサーン,0,15,Class1,函館,28.000000000,3,2024,l2_logistic_c0.1,0.315474081,0.200000000
2024-07-14,202402011208,2020106963,5,アンタノバラード,1,15,Class1,函館,7.000000000,22,2024,l2_logistic_c0.1,0.316934877,0.200000000
2024-07-14,202402011208,2018106145,6,アコルダール,1,15,Class1,函館,21.000000000,19,2024,l2_logistic_c0.1,0.115516488,0.200000000
2024-07-14,202402011208,2020104780,7,ラホーヤストーム,1,15,Class1,函館,56.000000000,11,2024,l2_logistic_c0.1,0.060106402,0.200000000
2024-07-14,202402011208,2021110041,8,ミッドナイトラスタ,0,15,Class1,函館,15.000000000,3,2024,l2_logistic_c0.1,0.374065098,0.200000000
2024-07-14,202402011208,2018105814,9,マケルナマサムネ,0,15,Class1,函館,7.000000000,34,2024,l2_logistic_c0.1,0.096983063,0.200000000
2024-07-14,202402011208,2020100355,10,ナックブレイブ,0,15,Class1,函館,7.000000000,10,2024,l2_logistic_c0.1,0.121281162,0.200000000
2024-07-14,202402011208,2019101446,11,ワンリオン,0,15,Class1,函館,7.000000000,25,2024,l2_logistic_c0.1,0.242347091,0.200000000
2024-07-14,202402011208,2020104824,12,シンデレラスマイル,0,15,Class1,函館,7.000000000,18,2024,l2_logistic_c0.1,0.156280827,0.200000000
2024-07-14,202402011208,2021105312,13,ルージュレベッカ,0,15,Class1,函館,162.000000000,5,2024,l2_logistic_c0.1,0.073811662,0.200000000
2024-07-14,202402011208,2021102388,14,カイコウ,0,15,Class1,函館,92.000000000,6,2024,l2_logistic_c0.1,0.082378635,0.200000000
2024-07-14,202402011208,2021105397,15,アフィリオン,0,15,Class1,函館,71.000000000,4,2024,l2_logistic_c0.1,0.124361547,0.200000000
2024-07-14,202402011212,2021106594,1,ヤマニンアストロン,0,12,Class2,函館,21.000000000,6,2024,l2_logistic_c0.1,0.411762143,0.250000000
2024-07-14,202402011212,2020106330,2,ラウラーナ,1,12,Class2,函館,84.000000000,16,2024,l2_logistic_c0.1,0.158544764,0.250000000
2024-07-14,202402011212,2020106623,3,ゴキゲンサン,0,12,Class2,函館,21.000000000,10,2024,l2_logistic_c0.1,0.195980946,0.250000000
2024-07-14,202402011212,2020101195,4,ゴルトリッチ,1,12,Class2,函館,14.000000000,15,2024,l2_logistic_c0.1,0.357649895,0.250000000
2024-07-14,202402011212,2019105915,5,グッドグロウス,0,12,Class2,函館,8.000000000,24,2024,l2_logistic_c0.1,0.072550250,0.250000000
2024-07-14,202402011212,2021101457,6,リジル,0,12,Class2,函館,70.000000000,6,2024,l2_logistic_c0.1,0.478546612,0.250000000
2024-07-14,202402011212,2020102140,7,アンビバレント,0,12,Class2,函館,29.000000000,14,2024,l2_logistic_c0.1,0.093926047,0.250000000
2024-07-14,202402011212,2019104675,8,アップストローク,0,12,Class2,函館,36.000000000,26,2024,l2_logistic_c0.1,0.273887903,0.250000000
2024-07-14,202402011212,2019104536,9,カイカノキセキ,1,12,Class2,函館,21.000000000,19,2024,l2_logistic_c0.1,0.127231660,0.250000000
2024-07-14,202402011212,2021106939,10,タイセイフェスタ,0,12,Class2,函館,21.000000000,9,2024,l2_logistic_c0.1,0.163813706,0.250000000
2024-07-14,202402011212,2019103193,11,トリップトゥムーン,0,12,Class2,函館,8.000000000,27,2024,l2_logistic_c0.1,0.145552596,0.250000000
2024-07-14,202402011212,2020102568,12,ワイアウ,0,12,Class2,函館,21.000000000,12,2024,l2_logistic_c0.1,0.098896870,0.250000000
2024-07-14,202403020607,2021106617,1,クリーゲリン,1,16,Maiden,福島,63.000000000,8,2024,l2_logistic_c0.1,0.118297874,0.187500000
2024-07-14,202403020607,2021100851,3,マオノボルケーノ,0,16,Maiden,福島,63.000000000,3,2024,l2_logistic_c0.1,0.226891848,0.187500000
2024-07-14,202403020607,2021101639,4,ソルトブリーズ,0,16,Maiden,福島,182.000000000,6,2024,l2_logistic_c0.1,0.426700628,0.187500000
2024-07-14,202403020607,2021102126,5,バエル,0,16,Maiden,福島,56.000000000,5,2024,l2_logistic_c0.1,0.260521972,0.187500000
2024-07-14,202403020607,2021102002,6,スカイライト,0,16,Maiden,福島,57.000000000,5,2024,l2_logistic_c0.1,0.211610740,0.187500000
2024-07-14,202403020607,2021100438,7,ミルタンドレス,0,16,Maiden,福島,56.000000000,8,2024,l2_logistic_c0.1,0.187916647,0.187500000
2024-07-14,202403020607,2021107183,8,ペクトラル,0,16,Maiden,福島,49.000000000,4,2024,l2_logistic_c0.1,0.266442550,0.187500000
2024-07-14,202403020607,2021107079,10,ニシノプリモ,0,16,Maiden,福島,57.000000000,5,2024,l2_logistic_c0.1,0.046164562,0.187500000
2024-07-14,202403020607,2021102854,11,ノーブルウィスパー,0,16,Maiden,福島,14.000000000,5,2024,l2_logistic_c0.1,0.332475934,0.187500000
2024-07-14,202403020607,2021103744,14,マンウォル,1,16,Maiden,福島,22.000000000,5,2024,l2_logistic_c0.1,0.311019320,0.187500000
2024-07-14,202403020607,2021101089,15,ハーバービュー,0,16,Maiden,福島,84.000000000,3,2024,l2_logistic_c0.1,0.092014932,0.187500000
2024-07-14,202403020607,2021103542,16,ホウオウマリアン,0,16,Maiden,福島,42.000000000,3,2024,l2_logistic_c0.1,0.086262422,0.187500000
2024-07-14,202403020611,2019110102,1,デュガ,1,16,Open,福島,140.000000000,19,2024,l2_logistic_c0.1,0.137791074,0.187500000
2024-07-14,202403020611,2018106504,2,サトノアイ,0,16,Open,福島,49.000000000,26,2024,l2_logistic_c0.1,0.078778202,0.187500000
2024-07-14,202403020611,2016104668,3,カリボール,1,16,Open,福島,70.000000000,33,2024,l2_logistic_c0.1,0.080992723,0.187500000
2024-07-14,202403020611,2019105439,4,エターナルタイム,1,16,Open,福島,168.000000000,9,2024,l2_logistic_c0.1,0.473873128,0.187500000
2024-07-14,202403020611,2019100438,5,グラスミヤラビ,0,16,Open,福島,126.000000000,21,2024,l2_logistic_c0.1,0.057217022,0.187500000
2024-07-14,202403020611,2015104699,6,フレッチア,0,16,Open,福島,98.000000000,28,2024,l2_logistic_c0.1,0.112961993,0.187500000
2024-07-14,202403020611,2020102502,7,トーセンローリエ,0,16,Open,福島,49.000000000,10,2024,l2_logistic_c0.1,0.244816190,0.187500000
2024-07-14,202403020611,2017103005,8,ロードベイリーフ,0,16,Open,福島,56.000000000,43,2024,l2_logistic_c0.1,0.111139565,0.187500000
2024-07-14,202403020611,2019104915,9,バンデルオーラ,0,16,Open,福島,91.000000000,17,2024,l2_logistic_c0.1,0.072576404,0.187500000
2024-07-14,202403020611,2019104108,10,エナジーグラン,0,16,Open,福島,49.000000000,20,2024,l2_logistic_c0.1,0.131951297,0.187500000
2024-07-14,202403020611,2020101419,11,ブーケファロス,0,16,Open,福島,56.000000000,18,2024,l2_logistic_c0.1,0.254515995,0.187500000
2024-07-14,202403020611,2019105237,13,スリーパーダ,0,16,Open,福島,56.000000000,15,2024,l2_logistic_c0.1,0.133796190,0.187500000
2024-07-14,202403020611,2017106720,14,サンライズオネスト,0,16,Open,福島,70.000000000,33,2024,l2_logistic_c0.1,0.197901682,0.187500000
2024-07-14,202403020611,2018100040,15,アビッグチア,0,16,Open,福島,56.000000000,21,2024,l2_logistic_c0.1,0.091667681,0.187500000
2024-07-14,202403020611,2017103295,16,チェアリングソング,0,16,Open,福島,322.000000000,33,2024,l2_logistic_c0.1,0.029646781,0.187500000
2024-07-14,202410030608,2018103200,1,バーニングパワー,0,9,Class1,小倉,15.000000000,23,2024,l2_logistic_c0.1,0.321855036,0.333333333
2024-07-14,202410030608,2020106821,2,ピースフルナイト,0,9,Class1,小倉,14.000000000,13,2024,l2_logistic_c0.1,0.213456711,0.333333333
2024-07-14,202410030608,2020100236,3,ニシノトキメキ,1,9,Class1,小倉,14.000000000,11,2024,l2_logistic_c0.1,0.299399693,0.333333333
2024-07-14,202410030608,2020101517,4,ソノママソノママ,1,9,Class1,小倉,14.000000000,8,2024,l2_logistic_c0.1,0.379072816,0.333333333
2024-07-14,202410030608,2020102910,5,ハイクライテリア,0,9,Class1,小倉,358.000000000,4,2024,l2_logistic_c0.1,0.131858459,0.333333333
2024-07-14,202410030608,2020102591,6,メリオルヴィータ,0,9,Class1,小倉,15.000000000,13,2024,l2_logistic_c0.1,0.108791924,0.333333333
2024-07-14,202410030608,2021100144,7,ロードトレゾール,1,9,Class1,小倉,56.000000000,6,2024,l2_logistic_c0.1,0.499122084,0.333333333
2024-07-14,202410030608,2021102585,9,ミキノクラップス,0,9,Class1,小倉,7.000000000,3,2024,l2_logistic_c0.1,0.355505046,0.333333333
2024-07-14,202410030611,2018106389,1,メイショウツツジ,0,18,Class3,小倉,99.000000000,28,2024,l2_logistic_c0.1,0.041097050,0.166666667
2024-07-14,202410030611,2019105044,2,アドマイヤラヴィ,0,18,Class3,小倉,77.000000000,15,2024,l2_logistic_c0.1,0.348626236,0.166666667
2024-07-14,202410030611,2019100653,3,ハギノメーテル,0,18,Class3,小倉,36.000000000,22,2024,l2_logistic_c0.1,0.030634958,0.166666667
2024-07-14,202410030611,2019100652,4,ハギノモーリス,0,18,Class3,小倉,77.000000000,14,2024,l2_logistic_c0.1,0.209765965,0.166666667
2024-07-14,202410030611,2020101897,5,レッドヒルシューズ,1,18,Class3,小倉,7.000000000,15,2024,l2_logistic_c0.1,0.317729071,0.166666667
2024-07-14,202410030611,2020101792,6,プロスペリダード,0,18,Class3,小倉,15.000000000,15,2024,l2_logistic_c0.1,0.405965272,0.166666667
2024-07-14,202410030611,2019100581,7,ヒルノローザンヌ,0,18,Class3,小倉,22.000000000,26,2024,l2_logistic_c0.1,0.051227070,0.166666667
2024-07-14,202410030611,2020110133,8,フロムダスク,0,18,Class3,小倉,29.000000000,13,2024,l2_logistic_c0.1,0.230146631,0.166666667
2024-07-14,202410030611,2018102491,9,メイショウエニシア,0,18,Class3,小倉,70.000000000,33,2024,l2_logistic_c0.1,0.119303120,0.166666667
2024-07-14,202410030611,2019101079,10,アスクビギンアゲン,0,18,Class3,小倉,22.000000000,19,2024,l2_logistic_c0.1,0.184347141,0.166666667
2024-07-14,202410030611,2018102585,12,ロードラスター,1,18,Class3,小倉,77.000000000,31,2024,l2_logistic_c0.1,0.062653717,0.166666667
2024-07-14,202410030611,2020104613,13,タツダイヤモンド,1,18,Class3,小倉,49.000000000,16,2024,l2_logistic_c0.1,0.264903170,0.166666667
2024-07-14,202410030611,2017106264,14,ビアイ,0,18,Class3,小倉,22.000000000,51,2024,l2_logistic_c0.1,0.050570533,0.166666667
2024-07-14,202410030611,2017103020,15,ダンツイノーバ,0,18,Class3,小倉,140.000000000,42,2024,l2_logistic_c0.1,0.105283882,0.166666667
2024-07-14,202410030611,2017105574,16,チュウワノキセキ,0,18,Class3,小倉,22.000000000,38,2024,l2_logistic_c0.1,0.101964604,0.166666667
2024-07-14,202410030611,2018103902,17,サウンドブライアン,0,18,Class3,小倉,49.000000000,34,2024,l2_logistic_c0.1,0.125053914,0.166666667
2024-07-14,202410030611,2018110001,18,ジュストコル,0,18,Class3,小倉,21.000000000,28,2024,l2_logistic_c0.1,0.173301967,0.166666667
2024-07-20,202401010107,2020102050,1,サンポーニャ,0,11,Class1,札幌,161.000000000,8,2024,l2_logistic_c0.1,0.453728504,0.272727273
2024-07-20,202401010107,2020103625,2,ゴルデールスカー,0,11,Class1,札幌,14.000000000,16,2024,l2_logistic_c0.1,0.131818555,0.272727273
2024-07-20,202401010107,2019101643,3,バシレウスシチー,1,11,Class1,札幌,21.000000000,9,2024,l2_logistic_c0.1,0.448840262,0.272727273
2024-07-20,202401010107,2019101133,4,ソングフォーユー,1,11,Class1,札幌,14.000000000,17,2024,l2_logistic_c0.1,0.246505680,0.272727273
2024-07-20,202401010107,2021102735,5,ペプチドシュチク,0,11,Class1,札幌,224.000000000,5,2024,l2_logistic_c0.1,0.373390043,0.272727273
2024-07-20,202401010107,2021103299,6,シアター,0,11,Class1,札幌,21.000000000,8,2024,l2_logistic_c0.1,0.564731197,0.272727273
2024-07-20,202401010107,2021103118,7,セイウンサニー,0,11,Class1,札幌,28.000000000,6,2024,l2_logistic_c0.1,0.071861656,0.272727273
2024-07-20,202401010107,2020103292,8,ハレアカラフラ,1,11,Class1,札幌,76.000000000,8,2024,l2_logistic_c0.1,0.288720804,0.272727273
2024-07-20,202401010107,2021100243,9,セイウンティーダ,0,11,Class1,札幌,21.000000000,10,2024,l2_logistic_c0.1,0.220485195,0.272727273
2024-07-20,202401010107,2019106637,10,アポロルタ,0,11,Class1,札幌,91.000000000,17,2024,l2_logistic_c0.1,0.093618915,0.272727273
2024-07-20,202401010107,2020100289,11,シルバーダイヤ,0,11,Class1,札幌,69.000000000,13,2024,l2_logistic_c0.1,0.179295741,0.272727273
2024-07-20,202401010111,2019109094,1,ブッシュガーデン,1,16,Class3,札幌,21.000000000,28,2024,l2_logistic_c0.1,0.199472772,0.187500000
2024-07-20,202401010111,2017100403,2,プライムライン,0,16,Class3,札幌,34.000000000,14,2024,l2_logistic_c0.1,0.055785553,0.187500000
2024-07-20,202401010111,2019104386,3,トーセンサンダー,0,16,Class3,札幌,27.000000000,23,2024,l2_logistic_c0.1,0.284013021,0.187500000
2024-07-20,202401010111,2019105347,4,アバンチュリエ,0,16,Class3,札幌,35.000000000,18,2024,l2_logistic_c0.1,0.143020743,0.187500000
2024-07-20,202401010111,2020105365,5,ドーバーホーク,0,16,Class3,札幌,21.000000000,14,2024,l2_logistic_c0.1,0.329474353,0.187500000
2024-07-20,202401010111,2019105146,6,ジャスティンエース,0,16,Class3,札幌,34.000000000,19,2024,l2_logistic_c0.1,0.139533144,0.187500000
2024-07-20,202401010111,2018102649,7,タツリュウオー,0,16,Class3,札幌,34.000000000,28,2024,l2_logistic_c0.1,0.078790217,0.187500000
2024-07-20,202401010111,2021105606,8,オウバイトウリ,0,16,Class3,札幌,20.000000000,9,2024,l2_logistic_c0.1,0.302055064,0.187500000
2024-07-20,202401010111,2021100210,9,ドナベティ,0,16,Class3,札幌,34.000000000,7,2024,l2_logistic_c0.1,0.276920674,0.187500000
2024-07-20,202401010111,2019102041,10,アドヴァイス,0,16,Class3,札幌,34.000000000,22,2024,l2_logistic_c0.1,0.134370432,0.187500000
2024-07-20,202401010111,2019103010,11,オードゥメール,0,16,Class3,札幌,34.000000000,21,2024,l2_logistic_c0.1,0.174766081,0.187500000
2024-07-20,202401010111,2020102971,12,サトノグレイト,0,16,Class3,札幌,34.000000000,15,2024,l2_logistic_c0.1,0.270798244,0.187500000
2024-07-20,202401010111,2019105446,13,グットディール,0,16,Class3,札幌,41.000000000,21,2024,l2_logistic_c0.1,0.048644328,0.187500000
2024-07-20,202401010111,2019104525,14,ラキエータ,0,16,Class3,札幌,34.000000000,17,2024,l2_logistic_c0.1,0.087785706,0.187500000
2024-07-20,202401010111,2019100751,15,マイネルレノン,1,16,Class3,札幌,21.000000000,21,2024,l2_logistic_c0.1,0.248597594,0.187500000
2024-07-20,202401010111,2020100105,16,エイシンフェンサー,1,16,Class3,札幌,21.000000000,14,2024,l2_logistic_c0.1,0.398944991,0.187500000
2024-07-20,202403020707,2021104217,1,ムチャスグラシアス,1,15,Maiden,福島,20.000000000,3,2024,l2_logistic_c0.1,0.488739281,0.200000000
2024-07-20,202403020707,2021105533,2,サトノジール,0,15,Maiden,福島,13.000000000,4,2024,l2_logistic_c0.1,0.332963662,0.200000000
2024-07-20,202403020707,2021100215,4,コスモホライズン,0,15,Maiden,福島,105.000000000,3,2024,l2_logistic_c0.1,0.230781519,0.200000000
2024-07-20,202403020707,2021101986,6,デルマヴェーダ,1,15,Maiden,福島,97.000000000,5,2024,l2_logistic_c0.1,0.092860137,0.200000000
2024-07-20,202403020707,2021103261,7,ティファニジェンヌ,0,15,Maiden,福島,70.000000000,3,2024,l2_logistic_c0.1,0.267273834,0.200000000
2024-07-20,202403020707,2021101373,8,ロジスクリーン,0,15,Maiden,福島,62.000000000,3,2024,l2_logistic_c0.1,0.148672093,0.200000000
2024-07-20,202403020707,2021106443,10,サンディビーチ,0,15,Maiden,福島,34.000000000,11,2024,l2_logistic_c0.1,0.146783256,0.200000000
2024-07-20,202403020707,2021105031,12,スマイルコレクター,0,15,Maiden,福島,56.000000000,5,2024,l2_logistic_c0.1,0.460478608,0.200000000
2024-07-20,202403020707,2021104540,13,スプレムータ,0,15,Maiden,福島,13.000000000,6,2024,l2_logistic_c0.1,0.330582597,0.200000000
2024-07-20,202403020707,2021102846,14,エターナルローズ,0,15,Maiden,福島,98.000000000,3,2024,l2_logistic_c0.1,0.078079349,0.200000000
2024-07-20,202403020707,2021100485,15,ランドエース,1,15,Maiden,福島,20.000000000,4,2024,l2_logistic_c0.1,0.152571707,0.200000000
2024-07-20,202403020707,2021102283,16,トーマステソーロ,0,15,Maiden,福島,35.000000000,5,2024,l2_logistic_c0.1,0.155946080,0.200000000
2024-07-20,202403020709,2020103507,1,グラニットピーク,0,14,Class1,福島,28.000000000,7,2024,l2_logistic_c0.1,0.127937385,0.214285714
2024-07-20,202403020709,2021103667,2,クオレス,1,14,Class1,福島,14.000000000,7,2024,l2_logistic_c0.1,0.655246097,0.214285714
2024-07-20,202403020709,2021104145,3,オセアエクスプレス,0,14,Class1,福島,55.000000000,6,2024,l2_logistic_c0.1,0.249279640,0.214285714
2024-07-20,202403020709,2020103883,4,レイレフア,0,14,Class1,福島,69.000000000,7,2024,l2_logistic_c0.1,0.058819887,0.214285714
2024-07-20,202403020709,2021106395,5,ハッピーサプライズ,0,14,Class1,福島,14.000000000,10,2024,l2_logistic_c0.1,0.158088504,0.214285714
2024-07-20,202403020709,2020102767,6,テンプーシャオン,0,14,Class1,福島,62.000000000,10,2024,l2_logistic_c0.1,0.276195769,0.214285714
2024-07-20,202403020709,2020102835,7,キャッチザロマンス,0,14,Class1,福島,391.000000000,4,2024,l2_logistic_c0.1,0.076830616,0.214285714
2024-07-20,202403020709,2019105566,8,バーミリオンクリフ,0,14,Class1,福島,70.000000000,13,2024,l2_logistic_c0.1,0.225371224,0.214285714
2024-07-20,202403020709,2019103790,9,ミツカネムーン,0,14,Class1,福島,285.000000000,16,2024,l2_logistic_c0.1,0.105559945,0.214285714
2024-07-20,202403020709,2020103962,10,ステークホルダー,1,14,Class1,福島,20.000000000,18,2024,l2_logistic_c0.1,0.425810227,0.214285714
2024-07-20,202403020709,2019110122,11,ブラヴィーノ,0,14,Class1,福島,35.000000000,14,2024,l2_logistic_c0.1,0.078013168,0.214285714
2024-07-20,202403020709,2019101562,12,デフィデリ,0,14,Class1,福島,140.000000000,25,2024,l2_logistic_c0.1,0.139551370,0.214285714
2024-07-20,202403020709,2020101992,13,ライクアフラワー,1,14,Class1,福島,14.000000000,11,2024,l2_logistic_c0.1,0.498952078,0.214285714
2024-07-20,202403020709,2021104665,14,レザンノワール,0,14,Class1,福島,20.000000000,5,2024,l2_logistic_c0.1,0.283389592,0.214285714
2024-07-20,202410030712,2019103876,1,アパショナード,0,18,Class1,小倉,62.000000000,20,2024,l2_logistic_c0.1,0.161169318,0.166666667
2024-07-20,202410030712,2020106777,2,セレッソデアモール,0,18,Class1,小倉,13.000000000,12,2024,l2_logistic_c0.1,0.129120655,0.166666667
2024-07-20,202410030712,2019105265,3,アエリーゾ,0,18,Class1,小倉,41.000000000,21,2024,l2_logistic_c0.1,0.221744480,0.166666667
2024-07-20,202410030712,2019102062,4,ハルカナネガイ,0,18,Class1,小倉,21.000000000,20,2024,l2_logistic_c0.1,0.035546767,0.166666667
2024-07-20,202410030712,2021102561,5,キーウェーブ,0,18,Class1,小倉,21.000000000,6,2024,l2_logistic_c0.1,0.239805898,0.166666667
2024-07-20,202410030712,2020106355,6,フェゲフォイア,0,18,Class1,小倉,7.000000000,8,2024,l2_logistic_c0.1,0.169932241,0.166666667
2024-07-20,202410030712,2018100772,7,ハイライフ,0,18,Class1,小倉,20.000000000,24,2024,l2_logistic_c0.1,0.021916231,0.166666667
2024-07-20,202410030712,2020102326,8,サンライズプルート,0,18,Class1,小倉,28.000000000,12,2024,l2_logistic_c0.1,0.445197860,0.166666667
2024-07-20,202410030712,2020110068,9,エイムインライフ,1,18,Class1,小倉,70.000000000,9,2024,l2_logistic_c0.1,0.086122351,0.166666667
2024-07-20,202410030712,2020102294,10,スイープラン,0,18,Class1,小倉,84.000000000,16,2024,l2_logistic_c0.1,0.093412597,0.166666667
2024-07-20,202410030712,2020101229,11,レディメローラ,1,18,Class1,小倉,7.000000000,10,2024,l2_logistic_c0.1,0.169067732,0.166666667
2024-07-20,202410030712,2020102637,12,ヴィヴィッシモ,0,18,Class1,小倉,13.000000000,9,2024,l2_logistic_c0.1,0.369529023,0.166666667
2024-07-20,202410030712,2021104074,13,ラブディーヴァ,1,18,Class1,小倉,55.000000000,5,2024,l2_logistic_c0.1,0.054238479,0.166666667
2024-07-20,202410030712,2021104673,14,ダディーズアイル,0,18,Class1,小倉,70.000000000,7,2024,l2_logistic_c0.1,0.171515346,0.166666667
2024-07-20,202410030712,2020101121,15,ハッピーアズラリー,0,18,Class1,小倉,48.000000000,13,2024,l2_logistic_c0.1,0.172939144,0.166666667
2024-07-20,202410030712,2020101517,16,ソノママソノママ,0,18,Class1,小倉,6.000000000,9,2024,l2_logistic_c0.1,0.283476811,0.166666667
2024-07-20,202410030712,2019109096,17,ダイヤモンドフジ,0,18,Class1,小倉,7.000000000,12,2024,l2_logistic_c0.1,0.294209050,0.166666667
2024-07-20,202410030712,2020102271,18,コスモグングニール,0,18,Class1,小倉,21.000000000,14,2024,l2_logistic_c0.1,0.222170295,0.166666667
2024-07-21,202401010203,2021105275,1,リュサントノレ,0,16,Maiden,札幌,133.000000000,4,2024,l2_logistic_c0.1,0.224536292,0.187500000
2024-07-21,202401010203,2021100476,2,ファイツオン,1,16,Maiden,札幌,14.000000000,6,2024,l2_logistic_c0.1,0.581903932,0.187500000
2024-07-21,202401010203,2021110110,3,アールヴヘイム,0,16,Maiden,札幌,21.000000000,3,2024,l2_logistic_c0.1,0.090377568,0.187500000
2024-07-21,202401010203,2021110081,4,リーサムギニー,0,16,Maiden,札幌,21.000000000,3,2024,l2_logistic_c0.1,0.200950463,0.187500000
2024-07-21,202401010203,2021101956,5,イロンデル,0,16,Maiden,札幌,14.000000000,4,2024,l2_logistic_c0.1,0.184706917,0.187500000
2024-07-21,202401010203,2021106019,6,キルケロッソ,0,16,Maiden,札幌,22.000000000,6,2024,l2_logistic_c0.1,0.302280594,0.187500000
2024-07-21,202401010203,2021110020,7,ロジカルワーズ,1,16,Maiden,札幌,21.000000000,4,2024,l2_logistic_c0.1,0.425104431,0.187500000
2024-07-21,202401010203,2021104037,8,テリオスソラ,0,16,Maiden,札幌,21.000000000,4,2024,l2_logistic_c0.1,0.190573732,0.187500000
2024-07-21,202401010203,2021100016,9,ポリトナリティー,0,16,Maiden,札幌,29.000000000,10,2024,l2_logistic_c0.1,0.113930138,0.187500000
2024-07-21,202401010203,2021102401,10,グランテレーズ,1,16,Maiden,札幌,29.000000000,5,2024,l2_logistic_c0.1,0.385956636,0.187500000
2024-07-21,202401010203,2021100698,11,ヴィーケン,0,16,Maiden,札幌,29.000000000,13,2024,l2_logistic_c0.1,0.170157303,0.187500000
2024-07-21,202401010203,2021106806,12,コスモバシレウス,0,16,Maiden,札幌,21.000000000,4,2024,l2_logistic_c0.1,0.236473415,0.187500000
2024-07-21,202401010203,2021105915,13,レガシーオブエリザ,0,16,Maiden,札幌,217.000000000,3,2024,l2_logistic_c0.1,0.171116602,0.187500000
2024-07-21,202401010203,2021103013,14,ヴェルダージ,0,16,Maiden,札幌,147.000000000,4,2024,l2_logistic_c0.1,0.184900753,0.187500000
2024-07-21,202401010203,2021107182,15,カズヴィトシャ,0,16,Maiden,札幌,49.000000000,9,2024,l2_logistic_c0.1,0.114178963,0.187500000
2024-07-21,202401010203,2021101398,16,ミニマルデザイン,0,16,Maiden,札幌,224.000000000,5,2024,l2_logistic_c0.1,0.288827608,0.187500000
2024-07-21,202401010209,2019102436,1,ミズノコキュウ,0,12,Class2,札幌,21.000000000,28,2024,l2_logistic_c0.1,0.180237739,0.250000000
2024-07-21,202401010209,2019100772,2,ポルタフォルトゥナ,0,12,Class2,札幌,21.000000000,23,2024,l2_logistic_c0.1,0.254257884,0.250000000
2024-07-21,202401010209,2021103092,3,ナムラローズマリー,1,12,Class2,札幌,22.000000000,6,2024,l2_logistic_c0.1,0.638661009,0.250000000
2024-07-21,202401010209,2021105485,4,エリカカリーナ,1,12,Class2,札幌,57.000000000,5,2024,l2_logistic_c0.1,0.446408582,0.250000000
2024-07-21,202401010209,2020100121,5,イイヒニナル,0,12,Class2,札幌,15.000000000,11,2024,l2_logistic_c0.1,0.146283299,0.250000000
2024-07-21,202401010209,2019101262,6,ショウナンアメリア,0,12,Class2,札幌,21.000000000,25,2024,l2_logistic_c0.1,0.117617541,0.250000000
2024-07-21,202401010209,2020100151,7,スクルプトーリス,0,12,Class2,札幌,15.000000000,15,2024,l2_logistic_c0.1,0.160024424,0.250000000
2024-07-21,202401010209,2018106455,8,メイショウハボタン,0,12,Class2,札幌,21.000000000,41,2024,l2_logistic_c0.1,0.133584280,0.250000000
2024-07-21,202401010209,2019100755,9,アラクレ,0,12,Class2,札幌,21.000000000,18,2024,l2_logistic_c0.1,0.082005393,0.250000000
2024-07-21,202401010209,2020100686,10,ジョリダム,0,12,Class2,札幌,21.000000000,14,2024,l2_logistic_c0.1,0.147699665,0.250000000
2024-07-21,202401010209,2020104087,11,グランツベリー,0,12,Class2,札幌,71.000000000,17,2024,l2_logistic_c0.1,0.148800082,0.250000000
2024-07-21,202401010209,2021105242,12,シカゴスティング,1,12,Class2,札幌,57.000000000,8,2024,l2_logistic_c0.1,0.379387200,0.250000000
2024-07-21,202401010211,2020105574,1,ラビュリントス,0,10,Open,札幌,29.000000000,4,2024,l2_logistic_c0.1,0.097401407,0.300000000
2024-07-21,202401010211,2019104911,3,プルパレイ,1,10,Open,札幌,71.000000000,21,2024,l2_logistic_c0.1,0.130698506,0.300000000
2024-07-21,202401010211,2018102155,4,マイネルジェロディ,0,10,Open,札幌,77.000000000,28,2024,l2_logistic_c0.1,0.193494957,0.300000000
2024-07-21,202401010211,2018101343,5,ゾンニッヒ,1,10,Open,札幌,42.000000000,23,2024,l2_logistic_c0.1,0.385337761,0.300000000
2024-07-21,202401010211,2021105122,6,マスクオールウィン,0,10,Open,札幌,77.000000000,8,2024,l2_logistic_c0.1,0.293822115,0.300000000
2024-07-21,202401010211,2019102240,7,マメコ,0,10,Open,札幌,29.000000000,20,2024,l2_logistic_c0.1,0.295501587,0.300000000
2024-07-21,202401010211,2019100791,8,シナモンスティック,1,10,Open,札幌,42.000000000,23,2024,l2_logistic_c0.1,0.202257980,0.300000000
2024-07-21,202401010211,2019100765,9,コムストックロード,0,10,Open,札幌,29.000000000,25,2024,l2_logistic_c0.1,0.179428007,0.300000000
2024-07-21,202401010211,2019104841,10,カルネアサーダ,0,10,Open,札幌,42.000000000,24,2024,l2_logistic_c0.1,0.257540856,0.300000000
2024-07-21,202401010211,2018105366,11,レッドベルオーブ,0,10,Open,札幌,29.000000000,23,2024,l2_logistic_c0.1,0.041649562,0.300000000
2024-07-21,202410030802,2021102702,1,ウィンカラー,0,18,Maiden,小倉,50.000000000,5,2024,l2_logistic_c0.1,0.055518917,0.166666667
2024-07-21,202410030802,2021105217,2,プルミエプランタン,0,18,Maiden,小倉,43.000000000,8,2024,l2_logistic_c0.1,0.202976860,0.166666667
2024-07-21,202410030802,2021105098,3,ディーエストッキー,1,18,Maiden,小倉,21.000000000,8,2024,l2_logistic_c0.1,0.549255894,0.166666667
2024-07-21,202410030802,2021100710,4,カネトシショウカ,0,18,Maiden,小倉,21.000000000,9,2024,l2_logistic_c0.1,0.222290935,0.166666667
2024-07-21,202410030802,2021104589,5,ジーティースピカ,0,18,Maiden,小倉,63.000000000,5,2024,l2_logistic_c0.1,0.246928380,0.166666667
2024-07-21,202410030802,2021105563,7,シャドフ,0,18,Maiden,小倉,22.000000000,9,2024,l2_logistic_c0.1,0.506517488,0.166666667
2024-07-21,202410030802,2021110089,9,バラン,0,18,Maiden,小倉,64.000000000,7,2024,l2_logistic_c0.1,0.129056249,0.166666667
2024-07-21,202410030802,2021105691,10,リルト,0,18,Maiden,小倉,63.000000000,3,2024,l2_logistic_c0.1,0.075563816,0.166666667
2024-07-21,202410030802,2021104853,11,サクセスカノン,0,18,Maiden,小倉,8.000000000,10,2024,l2_logistic_c0.1,0.260178268,0.166666667
2024-07-21,202410030802,2021106721,12,タイセイタリスマン,0,18,Maiden,小倉,15.000000000,11,2024,l2_logistic_c0.1,0.138885120,0.166666667
2024-07-21,202410030802,2021101933,13,レディーズナイト,0,18,Maiden,小倉,15.000000000,6,2024,l2_logistic_c0.1,0.233702634,0.166666667
2024-07-21,202410030802,2021101601,14,エガオニナッテ,0,18,Maiden,小倉,43.000000000,7,2024,l2_logistic_c0.1,0.231244315,0.166666667
2024-07-21,202410030802,2021105046,15,リプレット,1,18,Maiden,小倉,43.000000000,4,2024,l2_logistic_c0.1,0.169375515,0.166666667
2024-07-21,202410030802,2021100804,17,ランブルフィッシュ,0,18,Maiden,小倉,70.000000000,7,2024,l2_logistic_c0.1,0.140855127,0.166666667
2024-07-21,202410030810,2020101763,1,トーホウフランゴ,0,18,Class2,小倉,14.000000000,21,2024,l2_logistic_c0.1,0.257976501,0.166666667
2024-07-21,202410030810,2017101767,2,ベンガン,0,18,Class2,小倉,99.000000000,27,2024,l2_logistic_c0.1,0.124291755,0.166666667
2024-07-21,202410030810,2019104361,3,テーオースパロー,1,18,Class2,小倉,99.000000000,25,2024,l2_logistic_c0.1,0.080104492,0.166666667
2024-07-21,202410030810,2020100736,4,ビッグボーンリタ,0,18,Class2,小倉,14.000000000,15,2024,l2_logistic_c0.1,0.061390406,0.166666667
2024-07-21,202410030810,2019104356,5,ディオアステリア,0,18,Class2,小倉,43.000000000,23,2024,l2_logistic_c0.1,0.261613656,0.166666667
2024-07-21,202410030810,2021100899,6,ビッグドリーム,0,18,Class2,小倉,147.000000000,6,2024,l2_logistic_c0.1,0.336578521,0.166666667
2024-07-21,202410030810,2019100210,7,ウインバグース,0,18,Class2,小倉,85.000000000,22,2024,l2_logistic_c0.1,0.170758927,0.166666667
2024-07-21,202410030810,2020100248,8,コスモイグローク,0,18,Class2,小倉,14.000000000,3,2024,l2_logistic_c0.1,0.155027527,0.166666667
2024-07-21,202410030810,2021102461,9,バンドシェル,0,18,Class2,小倉,42.000000000,6,2024,l2_logistic_c0.1,0.342986511,0.166666667
2024-07-21,202410030810,2019105241,10,ビップシュプリーム,0,18,Class2,小倉,91.000000000,18,2024,l2_logistic_c0.1,0.213718244,0.166666667
2024-07-21,202410030810,2021105771,11,ミルテンベルク,1,18,Class2,小倉,49.000000000,7,2024,l2_logistic_c0.1,0.249922754,0.166666667
2024-07-21,202410030810,2020106737,12,メイショウコギク,0,18,Class2,小倉,49.000000000,17,2024,l2_logistic_c0.1,0.121033761,0.166666667
2024-07-21,202410030810,2021101523,13,キャプテンネキ,0,18,Class2,小倉,49.000000000,6,2024,l2_logistic_c0.1,0.309756835,0.166666667
2024-07-21,202410030810,2019102458,14,ワンダーキサラ,1,18,Class2,小倉,14.000000000,18,2024,l2_logistic_c0.1,0.258728429,0.166666667
2024-07-21,202410030810,2019102068,15,シャウビンダー,0,18,Class2,小倉,64.000000000,20,2024,l2_logistic_c0.1,0.145313705,0.166666667
2024-07-21,202410030810,2019105526,16,ミッキーチャレンジ,0,18,Class2,小倉,14.000000000,12,2024,l2_logistic_c0.1,0.402768847,0.166666667
2024-07-21,202410030810,2021102888,17,ナムラアトム,0,18,Class2,小倉,57.000000000,5,2024,l2_logistic_c0.1,0.516333585,0.166666667
2024-07-21,202410030810,2017102940,18,ワンダーカタリナ,0,18,Class2,小倉,14.000000000,37,2024,l2_logistic_c0.1,0.101063649,0.166666667
2024-07-28,202401010408,2021101793,1,オオゾラヒバリ,0,14,Class1,札幌,15.000000000,10,2024,l2_logistic_c0.1,0.209248508,0.214285714
2024-07-28,202401010408,2020103418,2,インクルードダイヤ,0,14,Class1,札幌,15.000000000,14,2024,l2_logistic_c0.1,0.119616251,0.214285714
2024-07-28,202401010408,2021100157,3,ロードトレイル,1,14,Class1,札幌,43.000000000,6,2024,l2_logistic_c0.1,0.415066645,0.214285714
2024-07-28,202401010408,2021105175,4,セントキルダ,0,14,Class1,札幌,7.000000000,9,2024,l2_logistic_c0.1,0.220842480,0.214285714
2024-07-28,202401010408,2019106637,5,アポロルタ,1,14,Class1,札幌,8.000000000,18,2024,l2_logistic_c0.1,0.184051138,0.214285714
2024-07-28,202401010408,2021100522,6,ジョーメッドヴィン,0,14,Class1,札幌,42.000000000,9,2024,l2_logistic_c0.1,0.505004893,0.214285714
2024-07-28,202401010408,2021103289,7,レディーエンジェル,0,14,Class1,札幌,22.000000000,6,2024,l2_logistic_c0.1,0.086416808,0.214285714
2024-07-28,202401010408,2020104824,8,シンデレラスマイル,0,14,Class1,札幌,14.000000000,19,2024,l2_logistic_c0.1,0.204406787,0.214285714
2024-07-28,202401010408,2020104616,10,パクスロマーナ,0,14,Class1,札幌,21.000000000,5,2024,l2_logistic_c0.1,0.189319721,0.214285714
2024-07-28,202401010408,2021100016,11,ポリトナリティー,0,14,Class1,札幌,7.000000000,11,2024,l2_logistic_c0.1,0.094402532,0.214285714
2024-07-28,202401010408,2021106854,12,ハピアーザンエバー,0,14,Class1,札幌,22.000000000,8,2024,l2_logistic_c0.1,0.280292451,0.214285714
2024-07-28,202401010408,2021103052,13,サニイアール,0,14,Class1,札幌,7.000000000,11,2024,l2_logistic_c0.1,0.257648550,0.214285714
2024-07-28,202401010408,2021100187,14,ニシノクラウン,0,14,Class1,札幌,336.000000000,4,2024,l2_logistic_c0.1,0.176374212,0.214285714
2024-08-03,202404020310,2021105165,2,シアーエレガンス,0,18,Maiden,新潟,56.000000000,4,2024,l2_logistic_c0.1,0.130567792,0.166666667
2024-08-03,202404020310,2021101852,3,クリノヴァルキリー,0,18,Maiden,新潟,34.000000000,3,2024,l2_logistic_c0.1,0.077049967,0.166666667
2024-08-03,202404020310,2021103934,4,スマートヌーメン,0,18,Maiden,新潟,48.000000000,7,2024,l2_logistic_c0.1,0.103798481,0.166666667
2024-08-03,202404020310,2021103971,6,ハッピーデービー,1,18,Maiden,新潟,20.000000000,3,2024,l2_logistic_c0.1,0.138771603,0.166666667
2024-08-03,202404020310,2021105880,7,レッドエヴァンス,1,18,Maiden,新潟,21.000000000,8,2024,l2_logistic_c0.1,0.395983347,0.166666667
2024-08-03,202404020310,2021102854,9,ノーブルウィスパー,0,18,Maiden,新潟,20.000000000,6,2024,l2_logistic_c0.1,0.255030393,0.166666667
2024-08-03,202404020310,2021110117,10,イェルマーク,0,18,Maiden,新潟,27.000000000,3,2024,l2_logistic_c0.1,0.190733752,0.166666667
2024-08-03,202404020310,2021101126,11,クリノローレライ,0,18,Maiden,新潟,56.000000000,4,2024,l2_logistic_c0.1,0.048339929,0.166666667
2024-08-03,202404020310,2021105223,12,ルージュレイナス,0,18,Maiden,新潟,21.000000000,7,2024,l2_logistic_c0.1,0.311501298,0.166666667
2024-08-03,202404020310,2021106286,13,セイカアビイロード,0,18,Maiden,新潟,98.000000000,4,2024,l2_logistic_c0.1,0.022576160,0.166666667
2024-08-03,202404020310,2021103598,14,ブライトルピナス,0,18,Maiden,新潟,28.000000000,5,2024,l2_logistic_c0.1,0.216193139,0.166666667
2024-08-03,202404020310,2021101142,15,ユヌブリーズ,0,18,Maiden,新潟,76.000000000,5,2024,l2_logistic_c0.1,0.128650610,0.166666667
2024-08-03,202404020310,2021104170,17,リアリータイト,0,18,Maiden,新潟,41.000000000,5,2024,l2_logistic_c0.1,0.039850570,0.166666667
2024-08-04,202401010603,2021103322,1,スプリングデイ,1,16,Maiden,札幌,21.000000000,4,2024,l2_logistic_c0.1,0.402475648,0.187500000
2024-08-04,202401010603,2021106584,2,マコトジャーベ,0,16,Maiden,札幌,99.000000000,3,2024,l2_logistic_c0.1,0.247573205,0.187500000
2024-08-04,202401010603,2021105275,4,リュサントノレ,0,16,Maiden,札幌,14.000000000,5,2024,l2_logistic_c0.1,0.377804844,0.187500000
2024-08-04,202401010603,2021101769,5,ドレッド,0,16,Maiden,札幌,43.000000000,8,2024,l2_logistic_c0.1,0.247763245,0.187500000
2024-08-04,202401010603,2021105659,6,アムールリーベ,1,16,Maiden,札幌,22.000000000,5,2024,l2_logistic_c0.1,0.456304864,0.187500000
2024-08-04,202401010603,2021103277,7,メイショウマサユメ,0,16,Maiden,札幌,42.000000000,8,2024,l2_logistic_c0.1,0.215422764,0.187500000
2024-08-04,202401010603,2021102401,8,グランテレーズ,1,16,Maiden,札幌,14.000000000,6,2024,l2_logistic_c0.1,0.508280700,0.187500000
2024-08-04,202401010603,2021106789,9,コスモマチュアー,0,16,Maiden,札幌,155.000000000,6,2024,l2_logistic_c0.1,0.089316765,0.187500000
2024-08-04,202401010603,2021102706,11,アルーリングソレル,0,16,Maiden,札幌,49.000000000,3,2024,l2_logistic_c0.1,0.050083165,0.187500000
2024-08-04,202401010603,2021106809,12,コスモララバイ,0,16,Maiden,札幌,21.000000000,8,2024,l2_logistic_c0.1,0.315942925,0.187500000
2024-08-04,202401010603,2021105830,13,ロンフォン,0,16,Maiden,札幌,28.000000000,8,2024,l2_logistic_c0.1,0.355752715,0.187500000
2024-08-04,202401010603,2021102589,14,スマイルアクセス,0,16,Maiden,札幌,50.000000000,5,2024,l2_logistic_c0.1,0.170898235,0.187500000
2024-08-04,202401010603,2021105776,15,ピーエムドレミ,0,16,Maiden,札幌,22.000000000,6,2024,l2_logistic_c0.1,0.240535846,0.187500000
2024-08-04,202401010603,2021101245,16,カチヌキマリコ,0,16,Maiden,札幌,21.000000000,8,2024,l2_logistic_c0.1,0.325435821,0.187500000
2024-08-04,202401010610,2019104536,1,カイカノキセキ,0,16,Class2,札幌,21.000000000,20,2024,l2_logistic_c0.1,0.179455663,0.187500000
2024-08-04,202401010610,2019103193,2,トリップトゥムーン,0,16,Class2,札幌,21.000000000,28,2024,l2_logistic_c0.1,0.138541958,0.187500000
2024-08-04,202401010610,2020106987,3,スムースベルベット,0,16,Class2,札幌,35.000000000,19,2024,l2_logistic_c0.1,0.098123018,0.187500000
2024-08-04,202401010610,2020103632,4,スイミーユニバンス,0,16,Class2,札幌,35.000000000,8,2024,l2_logistic_c0.1,0.261114391,0.187500000
2024-08-04,202401010610,2020102140,5,アンビバレント,0,16,Class2,札幌,21.000000000,15,2024,l2_logistic_c0.1,0.099124461,0.187500000
2024-08-04,202401010610,2019100772,6,ポルタフォルトゥナ,0,16,Class2,札幌,14.000000000,24,2024,l2_logistic_c0.1,0.221794327,0.187500000
2024-08-04,202401010610,2020106623,7,ゴキゲンサン,0,16,Class2,札幌,21.000000000,11,2024,l2_logistic_c0.1,0.134905608,0.187500000
2024-08-04,202401010610,2019105191,8,コナブラック,1,16,Class2,札幌,105.000000000,16,2024,l2_logistic_c0.1,0.197389072,0.187500000
2024-08-04,202401010610,2019102436,9,ミズノコキュウ,1,16,Class2,札幌,14.000000000,29,2024,l2_logistic_c0.1,0.183575973,0.187500000
2024-08-04,202401010610,2020104983,10,マルプリ,1,16,Class2,札幌,22.000000000,16,2024,l2_logistic_c0.1,0.127564486,0.187500000
2024-08-04,202401010610,2020102718,11,オルフェスト,0,16,Class2,札幌,50.000000000,10,2024,l2_logistic_c0.1,0.349296263,0.187500000
2024-08-04,202401010610,2018103620,12,ロゼクラン,0,16,Class2,札幌,29.000000000,25,2024,l2_logistic_c0.1,0.090197940,0.187500000
2024-08-04,202401010610,2020101195,13,ゴルトリッチ,0,16,Class2,札幌,21.000000000,16,2024,l2_logistic_c0.1,0.225637616,0.187500000
2024-08-04,202401010610,2019101679,14,ヴィアドロローサ,0,16,Class2,札幌,42.000000000,22,2024,l2_logistic_c0.1,0.106372022,0.187500000
2024-08-04,202401010610,2021106594,15,ヤマニンアストロン,0,16,Class2,札幌,21.000000000,7,2024,l2_logistic_c0.1,0.242229347,0.187500000
2024-08-04,202401010610,2019104675,16,アップストローク,0,16,Class2,札幌,21.000000000,27,2024,l2_logistic_c0.1,0.192110756,0.187500000
2024-08-04,202401010612,2021104481,1,ビアフォーナウ,0,15,Class1,札幌,92.000000000,5,2024,l2_logistic_c0.1,0.147149111,0.200000000
2024-08-04,202401010612,2020103292,2,ハレアカラフラ,0,15,Class1,札幌,15.000000000,9,2024,l2_logistic_c0.1,0.291572517,0.200000000
2024-08-04,202401010612,2018100094,3,ナムラシベラ,0,15,Class1,札幌,29.000000000,9,2024,l2_logistic_c0.1,0.060884325,0.200000000
2024-08-04,202401010612,2020104676,4,マイレーヌ,0,15,Class1,札幌,22.000000000,19,2024,l2_logistic_c0.1,0.265829121,0.200000000
2024-08-04,202401010612,2020102050,5,サンポーニャ,0,15,Class1,札幌,15.000000000,9,2024,l2_logistic_c0.1,0.273409417,0.200000000
2024-08-04,202401010612,2020104739,6,ランスオブサウンド,1,15,Class1,札幌,84.000000000,8,2024,l2_logistic_c0.1,0.099876800,0.200000000
2024-08-04,202401010612,2021101677,8,ソルレース,1,15,Class1,札幌,28.000000000,7,2024,l2_logistic_c0.1,0.604518292,0.200000000
2024-08-04,202401010612,2020103655,9,ダークブロンド,0,15,Class1,札幌,22.000000000,13,2024,l2_logistic_c0.1,0.112080109,0.200000000
2024-08-04,202401010612,2019101133,10,ソングフォーユー,0,15,Class1,札幌,15.000000000,18,2024,l2_logistic_c0.1,0.215476381,0.200000000
2024-08-04,202401010612,2020102208,11,マテンロウアネモス,0,15,Class1,札幌,78.000000000,16,2024,l2_logistic_c0.1,0.166356558,0.200000000
2024-08-04,202401010612,2021103289,12,レディーエンジェル,0,15,Class1,札幌,7.000000000,7,2024,l2_logistic_c0.1,0.070328405,0.200000000
2024-08-04,202401010612,2019105533,13,ラリベラ,0,15,Class1,札幌,29.000000000,15,2024,l2_logistic_c0.1,0.159899228,0.200000000
2024-08-04,202401010612,2021105872,14,ベアゴーゴー,0,15,Class1,札幌,56.000000000,8,2024,l2_logistic_c0.1,0.527938425,0.200000000
2024-08-04,202401010612,2020105897,16,ソアラ,0,15,Class1,札幌,56.000000000,11,2024,l2_logistic_c0.1,0.068261765,0.200000000
2024-08-10,202401020112,2020100289,1,シルバーダイヤ,0,16,Class1,札幌,14.000000000,15,2024,l2_logistic_c0.1,0.106034520,0.187500000
2024-08-10,202401020112,2021104665,2,レザンノワール,0,16,Class1,札幌,21.000000000,6,2024,l2_logistic_c0.1,0.228023186,0.187500000
2024-08-10,202401020112,2019106637,3,アポロルタ,0,16,Class1,札幌,13.000000000,19,2024,l2_logistic_c0.1,0.198659057,0.187500000
2024-08-10,202401020112,2021101682,4,ギルティプレジャー,0,16,Class1,札幌,28.000000000,10,2024,l2_logistic_c0.1,0.194650530,0.187500000
2024-08-10,202401020112,2021101793,5,オオゾラヒバリ,0,16,Class1,札幌,13.000000000,11,2024,l2_logistic_c0.1,0.097815365,0.187500000
2024-08-10,202401020112,2020100906,6,フライングブレード,0,16,Class1,札幌,27.000000000,14,2024,l2_logistic_c0.1,0.273066617,0.187500000
2024-08-10,202401020112,2021104839,7,プレアデスグループ,0,16,Class1,札幌,48.000000000,6,2024,l2_logistic_c0.1,0.442789822,0.187500000
2024-08-10,202401020112,2020104780,8,ラホーヤストーム,0,16,Class1,札幌,27.000000000,12,2024,l2_logistic_c0.1,0.113018558,0.187500000
2024-08-10,202401020112,2021100187,9,ニシノクラウン,0,16,Class1,札幌,13.000000000,5,2024,l2_logistic_c0.1,0.131347161,0.187500000
2024-08-10,202401020112,2021103535,10,シャインズオンユー,0,16,Class1,札幌,77.000000000,6,2024,l2_logistic_c0.1,0.157401375,0.187500000
2024-08-10,202401020112,2019100548,11,タガノミア,0,16,Class1,札幌,28.000000000,22,2024,l2_logistic_c0.1,0.240104793,0.187500000
2024-08-10,202401020112,2021100522,12,ジョーメッドヴィン,1,16,Class1,札幌,13.000000000,10,2024,l2_logistic_c0.1,0.389776634,0.187500000
2024-08-10,202401020112,2020104739,13,ランスオブサウンド,1,16,Class1,札幌,6.000000000,9,2024,l2_logistic_c0.1,0.235195016,0.187500000
2024-08-10,202401020112,2021102952,14,オベイユアマスター,1,16,Class1,札幌,84.000000000,9,2024,l2_logistic_c0.1,0.132421225,0.187500000
2024-08-10,202401020112,2020102646,15,クラックオブドーン,0,16,Class1,札幌,42.000000000,11,2024,l2_logistic_c0.1,0.057925806,0.187500000
2024-08-10,202401020112,2021104878,16,キングヴァージル,0,16,Class1,札幌,13.000000000,5,2024,l2_logistic_c0.1,0.040954521,0.187500000
2024-08-10,202407020107,2021101791,2,メイショウソニック,0,18,Maiden,中京,28.000000000,7,2024,l2_logistic_c0.1,0.568428766,0.166666667
2024-08-10,202407020107,2021103907,4,ショウナンマリン,1,18,Maiden,中京,70.000000000,4,2024,l2_logistic_c0.1,0.088878659,0.166666667
2024-08-10,202407020107,2021110089,7,バラン,0,18,Maiden,中京,20.000000000,8,2024,l2_logistic_c0.1,0.178633827,0.166666667
2024-08-10,202407020107,2021101013,8,サウンドヴェール,0,18,Maiden,中京,63.000000000,6,2024,l2_logistic_c0.1,0.109452103,0.166666667
2024-08-10,202407020107,2021106613,9,チェリアーナ,0,18,Maiden,中京,63.000000000,4,2024,l2_logistic_c0.1,0.112463131,0.166666667
2024-08-10,202407020107,2021105098,10,ディーエストッキー,1,18,Maiden,中京,20.000000000,9,2024,l2_logistic_c0.1,0.466306480,0.166666667
2024-08-10,202407020107,2021101524,11,ビッグアンサー,0,18,Maiden,中京,62.000000000,4,2024,l2_logistic_c0.1,0.028304980,0.166666667
2024-08-10,202407020107,2021105605,12,アイルドリアン,1,18,Maiden,中京,56.000000000,3,2024,l2_logistic_c0.1,0.096695911,0.166666667
2024-08-10,202407020107,2021101933,14,レディーズナイト,0,18,Maiden,中京,20.000000000,7,2024,l2_logistic_c0.1,0.247264358,0.166666667
2024-08-10,202407020107,2021105046,15,リプレット,0,18,Maiden,中京,20.000000000,5,2024,l2_logistic_c0.1,0.180425600,0.166666667
2024-08-10,202407020107,2021110019,16,アーバンエア,0,18,Maiden,中京,70.000000000,3,2024,l2_logistic_c0.1,0.214845951,0.166666667
2024-08-10,202407020107,2021104806,17,レオナルドスター,0,18,Maiden,中京,28.000000000,10,2024,l2_logistic_c0.1,0.338551455,0.166666667
2024-08-10,202407020107,2021103550,18,キープライジング,0,18,Maiden,中京,90.000000000,6,2024,l2_logistic_c0.1,0.107034677,0.166666667
2024-08-11,202401020211,2019105459,1,ソウテン,0,16,Open,札幌,50.000000000,20,2024,l2_logistic_c0.1,0.111334144,0.187500000
2024-08-11,202401020211,2019104911,2,プルパレイ,1,16,Open,札幌,21.000000000,22,2024,l2_logistic_c0.1,0.120499055,0.187500000
2024-08-11,202401020211,2019105452,3,ミッキーハーモニー,0,16,Open,札幌,43.000000000,12,2024,l2_logistic_c0.1,0.139959487,0.187500000
2024-08-11,202401020211,2018103515,4,カンティーユ,1,16,Open,札幌,50.000000000,6,2024,l2_logistic_c0.1,0.454517486,0.187500000
2024-08-11,202401020211,2018110035,5,シュバルツカイザー,0,16,Open,札幌,63.000000000,22,2024,l2_logistic_c0.1,0.087206286,0.187500000
2024-08-11,202401020211,2020102502,6,トーセンローリエ,0,16,Open,札幌,28.000000000,11,2024,l2_logistic_c0.1,0.245299500,0.187500000
2024-08-11,202401020211,2019104841,7,カルネアサーダ,0,16,Open,札幌,21.000000000,25,2024,l2_logistic_c0.1,0.107440460,0.187500000
2024-08-11,202401020211,2018100394,8,サトノラムセス,0,16,Open,札幌,50.000000000,23,2024,l2_logistic_c0.1,0.047750237,0.187500000
2024-08-11,202401020211,2020100105,9,エイシンフェンサー,0,16,Open,札幌,22.000000000,15,2024,l2_logistic_c0.1,0.305174744,0.187500000
2024-08-11,202401020211,2019100791,10,シナモンスティック,0,16,Open,札幌,21.000000000,24,2024,l2_logistic_c0.1,0.229243593,0.187500000
2024-08-11,202401020211,2021105774,11,ダノンマッキンリー,0,16,Open,札幌,98.000000000,6,2024,l2_logistic_c0.1,0.237882918,0.187500000
2024-08-11,202401020211,2020103589,12,ブトンドール,0,16,Open,札幌,50.000000000,11,2024,l2_logistic_c0.1,0.087128495,0.187500000
2024-08-11,202401020211,2019104470,13,キミワクイーン,1,16,Open,札幌,63.000000000,17,2024,l2_logistic_c0.1,0.140279147,0.187500000
2024-08-11,202401020211,2019102240,14,マメコ,0,16,Open,札幌,21.000000000,21,2024,l2_logistic_c0.1,0.247404487,0.187500000
2024-08-11,202401020211,2019102576,15,クリノマジン,0,16,Open,札幌,50.000000000,23,2024,l2_logistic_c0.1,0.077729844,0.187500000
2024-08-11,202401020211,2019105345,16,サブライムアンセム,0,16,Open,札幌,49.000000000,20,2024,l2_logistic_c0.1,0.065067135,0.187500000
2024-08-11,202407020212,2019104361,1,テーオースパロー,1,10,Class2,中京,21.000000000,26,2024,l2_logistic_c0.1,0.204526462,0.300000000
2024-08-11,202407020212,2019100604,2,ヤマニンアンフィル,1,10,Class2,中京,49.000000000,19,2024,l2_logistic_c0.1,0.341777740,0.300000000
2024-08-11,202407020212,2018104322,3,プレジールミノル,0,10,Class2,中京,29.000000000,33,2024,l2_logistic_c0.1,0.137480844,0.300000000
2024-08-11,202407020212,2019100578,4,クインズプリーズ,0,10,Class2,中京,15.000000000,13,2024,l2_logistic_c0.1,0.180975498,0.300000000
2024-08-11,202407020212,2020102738,5,エールレヴリー,0,10,Class2,中京,140.000000000,11,2024,l2_logistic_c0.1,0.102973055,0.300000000
2024-08-11,202407020212,2021102914,6,モズトキキ,0,10,Class2,中京,35.000000000,9,2024,l2_logistic_c0.1,0.410280959,0.300000000
2024-08-11,202407020212,2017101991,7,テンジュイン,0,10,Class2,中京,7.000000000,47,2024,l2_logistic_c0.1,0.212129107,0.300000000
2024-08-11,202407020212,2018103430,8,エスパダアスール,0,10,Class2,中京,29.000000000,22,2024,l2_logistic_c0.1,0.071805985,0.300000000
2024-08-11,202407020212,2021100144,9,ロードトレゾール,1,10,Class2,中京,28.000000000,7,2024,l2_logistic_c0.1,0.420309588,0.300000000
2024-08-11,202407020212,2019104498,10,インプロバイザー,0,10,Class2,中京,35.000000000,23,2024,l2_logistic_c0.1,0.281975671,0.300000000
2024-08-17,202401020303,2021103106,1,サイモンモーニング,0,16,Maiden,札幌,41.000000000,8,2024,l2_logistic_c0.1,0.076361844,0.187500000
2024-08-17,202401020303,2021105957,2,グレナマディー,0,16,Maiden,札幌,49.000000000,3,2024,l2_logistic_c0.1,0.082974247,0.187500000
2024-08-17,202401020303,2021103941,4,ジャヴァネ,0,16,Maiden,札幌,34.000000000,5,2024,l2_logistic_c0.1,0.087801002,0.187500000
2024-08-17,202401020303,2021101245,5,カチヌキマリコ,0,16,Maiden,札幌,13.000000000,9,2024,l2_logistic_c0.1,0.345703343,0.187500000
2024-08-17,202401020303,2021103052,6,サニイアール,1,16,Maiden,札幌,20.000000000,12,2024,l2_logistic_c0.1,0.317457584,0.187500000
2024-08-17,202401020303,2021105915,7,レガシーオブエリザ,0,16,Maiden,札幌,27.000000000,4,2024,l2_logistic_c0.1,0.261987283,0.187500000
2024-08-17,202401020303,2021102821,8,ランガン,0,16,Maiden,札幌,153.000000000,3,2024,l2_logistic_c0.1,0.068154546,0.187500000
2024-08-17,202401020303,2021102401,9,グランテレーズ,1,16,Maiden,札幌,13.000000000,7,2024,l2_logistic_c0.1,0.547939523,0.187500000
2024-08-17,202401020303,2021103548,10,フォカッチャ,0,16,Maiden,札幌,41.000000000,9,2024,l2_logistic_c0.1,0.061433904,0.187500000
2024-08-17,202401020303,2021106718,12,ダイメイコスズ,0,16,Maiden,札幌,35.000000000,4,2024,l2_logistic_c0.1,0.073228252,0.187500000
2024-08-17,202401020303,2021105216,14,シーメジャー,0,16,Maiden,札幌,49.000000000,8,2024,l2_logistic_c0.1,0.156244427,0.187500000
2024-08-17,202401020303,2021105714,15,キアロヴェローチェ,1,16,Maiden,札幌,7.000000000,6,2024,l2_logistic_c0.1,0.309358445,0.187500000
2024-08-17,202401020303,2021101427,16,ガーデンプランナー,0,16,Maiden,札幌,41.000000000,10,2024,l2_logistic_c0.1,0.140132279,0.187500000
2024-08-17,202407020301,2022107056,6,テーオーシュターデ,1,10,Maiden,中京,34.000000000,3,2024,l2_logistic_c0.1,0.356619622,0.300000000
2024-08-17,202407020312,2021102726,1,ナリタヴィクトリー,0,18,Class1,中京,27.000000000,4,2024,l2_logistic_c0.1,0.042970699,0.166666667
2024-08-17,202407020312,2021107214,2,ケイティバトラー,0,18,Class1,中京,42.000000000,4,2024,l2_logistic_c0.1,0.112797169,0.166666667
2024-08-17,202407020312,2021110014,3,ブライトアゲイン,0,18,Class1,中京,146.000000000,8,2024,l2_logistic_c0.1,0.060287257,0.166666667
2024-08-17,202407020312,2021105862,4,フェリーニ,0,18,Class1,中京,56.000000000,7,2024,l2_logistic_c0.1,0.240499104,0.166666667
2024-08-17,202407020312,2020102537,5,チカポコ,0,18,Class1,中京,48.000000000,10,2024,l2_logistic_c0.1,0.047773083,0.166666667
2024-08-17,202407020312,2018103200,6,バーニングパワー,0,18,Class1,中京,34.000000000,24,2024,l2_logistic_c0.1,0.094413012,0.166666667
2024-08-17,202407020312,2020106821,7,ピースフルナイト,1,18,Class1,中京,34.000000000,14,2024,l2_logistic_c0.1,0.055438728,0.166666667
2024-08-17,202407020312,2020107203,8,イツモハラペコ,0,18,Class1,中京,125.000000000,19,2024,l2_logistic_c0.1,0.046026870,0.166666667
2024-08-17,202407020312,2021103210,9,メイショウサチダケ,0,18,Class1,中京,132.000000000,5,2024,l2_logistic_c0.1,0.078889494,0.166666667
2024-08-17,202407020312,2021105068,10,クリノハレルヤ,1,18,Class1,中京,35.000000000,8,2024,l2_logistic_c0.1,0.132250099,0.166666667
2024-08-17,202407020312,2019110127,12,サトノプリエール,0,18,Class1,中京,76.000000000,10,2024,l2_logistic_c0.1,0.256414540,0.166666667
2024-08-17,202407020312,2021104074,13,ラブディーヴァ,0,18,Class1,中京,28.000000000,6,2024,l2_logistic_c0.1,0.130840645,0.166666667
2024-08-17,202407020312,2020101372,14,クリノエンジェル,0,18,Class1,中京,112.000000000,12,2024,l2_logistic_c0.1,0.070563885,0.166666667
2024-08-17,202407020312,2020101229,15,レディメローラ,0,18,Class1,中京,28.000000000,11,2024,l2_logistic_c0.1,0.243683068,0.166666667
2024-08-17,202407020312,2020106777,16,セレッソデアモール,1,18,Class1,中京,28.000000000,13,2024,l2_logistic_c0.1,0.137808655,0.166666667
2024-08-17,202407020312,2021105217,17,プルミエプランタン,0,18,Class1,中京,27.000000000,9,2024,l2_logistic_c0.1,0.086033307,0.166666667
2024-08-17,202407020312,2021106586,18,ラブカムーン,0,18,Class1,中京,35.000000000,7,2024,l2_logistic_c0.1,0.128318401,0.166666667
2024-08-18,202401020410,2021105242,1,シカゴスティング,1,16,Class2,札幌,28.000000000,9,2024,l2_logistic_c0.1,0.490273631,0.187500000
2024-08-18,202401020410,2019102436,2,ミズノコキュウ,0,16,Class2,札幌,14.000000000,30,2024,l2_logistic_c0.1,0.308479131,0.187500000
2024-08-18,202401020410,2019104738,3,サウンドクレア,0,16,Class2,札幌,64.000000000,16,2024,l2_logistic_c0.1,0.170339755,0.187500000
2024-08-18,202401020410,2021100610,4,アサギリ,0,16,Class2,札幌,14.000000000,10,2024,l2_logistic_c0.1,0.290160359,0.187500000
2024-08-18,202401020410,2020100686,5,ジョリダム,0,16,Class2,札幌,28.000000000,15,2024,l2_logistic_c0.1,0.172177762,0.187500000
2024-08-18,202401020410,2021102562,6,パルプフィクション,0,16,Class2,札幌,42.000000000,7,2024,l2_logistic_c0.1,0.178852229,0.187500000
2024-08-18,202401020410,2020104087,7,グランツベリー,0,16,Class2,札幌,28.000000000,18,2024,l2_logistic_c0.1,0.131333545,0.187500000
2024-08-18,202401020410,2021103005,8,ヒラボクミニー,0,16,Class2,札幌,14.000000000,3,2024,l2_logistic_c0.1,0.398945162,0.187500000
2024-08-18,202401020410,2021105485,9,エリカカリーナ,0,16,Class2,札幌,28.000000000,6,2024,l2_logistic_c0.1,0.488722659,0.187500000
2024-08-18,202401020410,2020104983,10,マルプリ,0,16,Class2,札幌,14.000000000,17,2024,l2_logistic_c0.1,0.216531155,0.187500000
2024-08-18,202401020410,2019103897,11,ハピネスアゲン,0,16,Class2,札幌,36.000000000,24,2024,l2_logistic_c0.1,0.180189555,0.187500000
2024-08-18,202401020410,2020103915,12,ツインクルトーズ,1,16,Class2,札幌,92.000000000,16,2024,l2_logistic_c0.1,0.150346243,0.187500000
2024-08-18,202401020410,2021105619,13,スミレファースト,0,16,Class2,札幌,43.000000000,7,2024,l2_logistic_c0.1,0.383065017,0.187500000
2024-08-18,202401020410,2021103278,14,メイショウミリオレ,0,16,Class2,札幌,91.000000000,3,2024,l2_logistic_c0.1,0.307421221,0.187500000
2024-08-18,202401020410,2020103238,15,オックスリップ,0,16,Class2,札幌,42.000000000,12,2024,l2_logistic_c0.1,0.150229722,0.187500000
2024-08-18,202401020410,2021104073,16,カピリナ,1,16,Class2,札幌,36.000000000,6,2024,l2_logistic_c0.1,0.370583513,0.187500000
2024-08-18,202407020411,2019105806,1,ドロップオブライト,1,18,Open,中京,56.000000000,19,2024,l2_logistic_c0.1,0.234871071,0.166666667
2024-08-18,202407020411,2018102281,2,キタノエクスプレス,0,18,Open,中京,50.000000000,17,2024,l2_logistic_c0.1,0.230339733,0.166666667
2024-08-18,202407020411,2020101827,3,バースクライ,0,18,Open,中京,49.000000000,11,2024,l2_logistic_c0.1,0.307403264,0.166666667
2024-08-18,202407020411,2019105139,4,スコールユニバンス,0,18,Open,中京,56.000000000,30,2024,l2_logistic_c0.1,0.069491736,0.166666667
2024-08-18,202407020411,2020101543,5,グランテスト,1,18,Open,中京,49.000000000,10,2024,l2_logistic_c0.1,0.244128083,0.166666667
2024-08-18,202407020411,2020105018,6,スズハローム,1,18,Open,中京,99.000000000,11,2024,l2_logistic_c0.1,0.220260808,0.166666667
2024-08-18,202407020411,2019105512,7,ジャスティンスカイ,0,18,Open,中京,70.000000000,14,2024,l2_logistic_c0.1,0.223309270,0.166666667
2024-08-18,202407020411,2019104057,8,サウンドビバーチェ,0,18,Open,中京,98.000000000,14,2024,l2_logistic_c0.1,0.139014890,0.166666667
2024-08-18,202407020411,2020101419,9,ブーケファロス,0,18,Open,中京,35.000000000,19,2024,l2_logistic_c0.1,0.184403318,0.166666667
2024-08-18,202407020411,2020110040,10,ヤクシマ,0,18,Open,中京,49.000000000,18,2024,l2_logistic_c0.1,0.075838417,0.166666667
2024-08-18,202407020411,2017106137,11,グレイトゲイナー,0,18,Open,中京,21.000000000,38,2024,l2_logistic_c0.1,0.149815355,0.166666667
2024-08-18,202407020411,2020101503,12,カンチェンジュンガ,0,18,Open,中京,49.000000000,12,2024,l2_logistic_c0.1,0.200933279,0.166666667
2024-08-18,202407020411,2019110001,13,ショウナンハクラク,0,18,Open,中京,49.000000000,24,2024,l2_logistic_c0.1,0.087429369,0.166666667
2024-08-18,202407020411,2020101897,14,レッドヒルシューズ,0,18,Open,中京,35.000000000,16,2024,l2_logistic_c0.1,0.137928559,0.166666667
2024-08-18,202407020411,2019103714,15,メイショウソラフネ,0,18,Open,中京,49.000000000,18,2024,l2_logistic_c0.1,0.202976049,0.166666667
2024-08-18,202407020411,2019105126,16,アグリ,0,18,Open,中京,203.000000000,14,2024,l2_logistic_c0.1,0.332067987,0.166666667
2024-08-18,202407020411,2016104668,17,カリボール,0,18,Open,中京,35.000000000,34,2024,l2_logistic_c0.1,0.073036959,0.166666667
2024-08-18,202407020411,2019106102,18,アネゴハダ,0,18,Open,中京,99.000000000,21,2024,l2_logistic_c0.1,0.105777292,0.166666667
2024-08-24,202401020510,2019101262,1,ショウナンアメリア,0,14,Class2,札幌,34.000000000,26,2024,l2_logistic_c0.1,0.120557608,0.214285714
2024-08-24,202401020510,2020101031,2,アスクエピソード,0,14,Class2,札幌,14.000000000,18,2024,l2_logistic_c0.1,0.245936697,0.214285714
2024-08-24,202401020510,2019101643,3,バシレウスシチー,0,14,Class2,札幌,35.000000000,10,2024,l2_logistic_c0.1,0.503342268,0.214285714
2024-08-24,202401020510,2019104675,4,アップストローク,0,14,Class2,札幌,20.000000000,28,2024,l2_logistic_c0.1,0.219065597,0.214285714
2024-08-24,202401020510,2019101679,5,ヴィアドロローサ,0,14,Class2,札幌,20.000000000,23,2024,l2_logistic_c0.1,0.164487434,0.214285714
2024-08-24,202401020510,2019103193,6,トリップトゥムーン,0,14,Class2,札幌,20.000000000,29,2024,l2_logistic_c0.1,0.109188413,0.214285714
2024-08-24,202401020510,2020100121,7,イイヒニナル,0,14,Class2,札幌,34.000000000,12,2024,l2_logistic_c0.1,0.116843811,0.214285714
2024-08-24,202401020510,2020104087,8,グランツベリー,0,14,Class2,札幌,6.000000000,19,2024,l2_logistic_c0.1,0.132504208,0.214285714
2024-08-24,202401020510,2021110039,9,コーティアスマナー,1,14,Class2,札幌,77.000000000,7,2024,l2_logistic_c0.1,0.475675632,0.214285714
2024-08-24,202401020510,2019104536,10,カイカノキセキ,0,14,Class2,札幌,20.000000000,21,2024,l2_logistic_c0.1,0.192268114,0.214285714
2024-08-24,202401020510,2018104208,11,プリティインピンク,0,14,Class2,札幌,13.000000000,39,2024,l2_logistic_c0.1,0.087010500,0.214285714
2024-08-24,202401020510,2020103238,12,オックスリップ,1,14,Class2,札幌,6.000000000,13,2024,l2_logistic_c0.1,0.157435776,0.214285714
2024-08-24,202401020510,2018106613,13,プルスウルトラ,0,14,Class2,札幌,28.000000000,25,2024,l2_logistic_c0.1,0.085016141,0.214285714
2024-08-24,202401020510,2020103356,14,クファシル,1,14,Class2,札幌,62.000000000,8,2024,l2_logistic_c0.1,0.230654316,0.214285714
2024-08-24,202404030503,2021101875,1,ダンシングウィズ,0,18,Maiden,新潟,55.000000000,3,2024,l2_logistic_c0.1,0.048950545,0.166666667
2024-08-24,202404030503,2021105169,2,レジーナデッラネラ,0,18,Maiden,新潟,6.000000000,6,2024,l2_logistic_c0.1,0.230664787,0.166666667
2024-08-24,202404030503,2021103062,3,キャンディタフト,0,18,Maiden,新潟,55.000000000,4,2024,l2_logistic_c0.1,0.079049967,0.166666667
2024-08-24,202404030503,2021104119,4,トクシーオーディン,0,18,Maiden,新潟,63.000000000,3,2024,l2_logistic_c0.1,0.190322585,0.166666667
2024-08-24,202404030503,2021106488,5,ココロオドル,0,18,Maiden,新潟,14.000000000,7,2024,l2_logistic_c0.1,0.144989813,0.166666667
2024-08-24,202404030503,2021103549,6,ホウオウフロイト,0,18,Maiden,新潟,55.000000000,10,2024,l2_logistic_c0.1,0.080639635,0.166666667
2024-08-24,202404030503,2021102402,7,ルージュエリシア,0,18,Maiden,新潟,70.000000000,9,2024,l2_logistic_c0.1,0.146763839,0.166666667
2024-08-24,202404030503,2021101986,8,デルマヴェーダ,1,18,Maiden,新潟,14.000000000,7,2024,l2_logistic_c0.1,0.366748837,0.166666667
2024-08-24,202404030503,2021106050,10,フィローシャ,0,18,Maiden,新潟,63.000000000,6,2024,l2_logistic_c0.1,0.145146140,0.166666667
2024-08-24,202404030503,2021106638,11,シンデレラタイム,0,18,Maiden,新潟,63.000000000,5,2024,l2_logistic_c0.1,0.145547776,0.166666667
2024-08-24,202404030503,2021110042,12,サクソフィーナ,1,18,Maiden,新潟,70.000000000,6,2024,l2_logistic_c0.1,0.295639480,0.166666667
2024-08-24,202404030503,2021106617,13,クリーゲリン,0,18,Maiden,新潟,14.000000000,10,2024,l2_logistic_c0.1,0.314789161,0.166666667
2024-08-24,202404030503,2021106551,14,ダイシンネイビー,0,18,Maiden,新潟,55.000000000,8,2024,l2_logistic_c0.1,0.358427702,0.166666667
2024-08-24,202404030503,2021103284,15,ウォーオブサウンド,0,18,Maiden,新潟,125.000000000,3,2024,l2_logistic_c0.1,0.211071565,0.166666667
2024-08-24,202404030503,2021103422,16,ジョブックノワ,1,18,Maiden,新潟,6.000000000,11,2024,l2_logistic_c0.1,0.317000107,0.166666667
2024-08-24,202404030503,2021101869,17,パールホワイトイブ,0,18,Maiden,新潟,63.000000000,6,2024,l2_logistic_c0.1,0.225359152,0.166666667
2024-08-24,202404030503,2021102288,18,メーオーテソーロ,0,18,Maiden,新潟,14.000000000,6,2024,l2_logistic_c0.1,0.124176215,0.166666667
2024-08-25,202401020609,2020104739,1,ランスオブサウンド,0,15,Class1,札幌,15.000000000,10,2024,l2_logistic_c0.1,0.326428515,0.200000000
2024-08-25,202401020609,2021103322,2,スプリングデイ,1,15,Class1,札幌,21.000000000,5,2024,l2_logistic_c0.1,0.433974913,0.200000000
2024-08-25,202401020609,2019105533,3,ラリベラ,0,15,Class1,札幌,21.000000000,16,2024,l2_logistic_c0.1,0.291961619,0.200000000
2024-08-25,202401020609,2021103575,4,アイスリンディ,0,15,Class1,札幌,36.000000000,9,2024,l2_logistic_c0.1,0.069386983,0.200000000
2024-08-25,202401020609,2018100094,5,ナムラシベラ,0,15,Class1,札幌,21.000000000,10,2024,l2_logistic_c0.1,0.105116153,0.200000000
2024-08-25,202401020609,2021105872,6,ベアゴーゴー,1,15,Class1,札幌,21.000000000,9,2024,l2_logistic_c0.1,0.600844668,0.200000000
2024-08-25,202401020609,2020103527,7,メイプルリーフラグ,0,15,Class1,札幌,29.000000000,6,2024,l2_logistic_c0.1,0.057824414,0.200000000
2024-08-25,202401020609,2020104616,8,パクスロマーナ,0,15,Class1,札幌,28.000000000,6,2024,l2_logistic_c0.1,0.206708531,0.200000000
2024-08-25,202401020609,2019100548,9,タガノミア,0,15,Class1,札幌,15.000000000,23,2024,l2_logistic_c0.1,0.249372371,0.200000000
2024-08-25,202401020609,2021105312,10,ルージュレベッカ,0,15,Class1,札幌,42.000000000,6,2024,l2_logistic_c0.1,0.084543589,0.200000000
2024-08-25,202401020609,2020104415,11,スピニングマーリン,0,15,Class1,札幌,77.000000000,12,2024,l2_logistic_c0.1,0.048778398,0.200000000
2024-08-25,202401020609,2020102208,12,マテンロウアネモス,0,15,Class1,札幌,21.000000000,17,2024,l2_logistic_c0.1,0.196422520,0.200000000
2024-08-25,202401020609,2021101924,13,フィオライア,1,15,Class1,札幌,77.000000000,3,2024,l2_logistic_c0.1,0.508107245,0.200000000
2024-08-25,202401020609,2020105897,14,ソアラ,0,15,Class1,札幌,21.000000000,12,2024,l2_logistic_c0.1,0.086015552,0.200000000
2024-08-25,202401020609,2020106888,15,レターマイハート,0,15,Class1,札幌,70.000000000,8,2024,l2_logistic_c0.1,0.080257198,0.200000000
2024-08-25,202401020611,2020104243,1,オオバンブルマイ,1,16,Open,札幌,476.000000000,5,2024,l2_logistic_c0.1,0.441286002,0.187500000
2024-08-25,202401020611,2019103753,2,ナムラクレア,0,16,Open,札幌,154.000000000,17,2024,l2_logistic_c0.1,0.527078002,0.187500000
2024-08-25,202401020611,2019104911,3,プルパレイ,0,16,Open,札幌,14.000000000,23,2024,l2_logistic_c0.1,0.204117049,0.187500000
2024-08-25,202401020611,2019102273,4,モリノドリーム,0,16,Open,札幌,64.000000000,16,2024,l2_logistic_c0.1,0.367383890,0.187500000
2024-08-25,202401020611,2019100791,5,シナモンスティック,0,16,Open,札幌,14.000000000,25,2024,l2_logistic_c0.1,0.174261442,0.187500000
2024-08-25,202401020611,2019102979,6,エイシンスポッター,1,16,Open,札幌,56.000000000,21,2024,l2_logistic_c0.1,0.213553873,0.187500000
2024-08-25,202401020611,2019100965,7,マテンロウオリオン,0,16,Open,札幌,77.000000000,19,2024,l2_logistic_c0.1,0.076963485,0.187500000
2024-08-25,202401020611,2018101343,8,ゾンニッヒ,0,16,Open,札幌,35.000000000,24,2024,l2_logistic_c0.1,0.316687612,0.187500000
2024-08-25,202401020611,2021110027,9,エトヴプレ,0,16,Open,札幌,92.000000000,8,2024,l2_logistic_c0.1,0.466802140,0.187500000
2024-08-25,202401020611,2019101700,10,サトノレーヴ,1,16,Open,札幌,77.000000000,8,2024,l2_logistic_c0.1,0.563387277,0.187500000
2024-08-25,202401020611,2018110035,11,シュバルツカイザー,0,16,Open,札幌,14.000000000,23,2024,l2_logistic_c0.1,0.081708591,0.187500000
2024-08-25,202401020611,2020100896,12,ビッグシーザー,0,16,Open,札幌,64.000000000,15,2024,l2_logistic_c0.1,0.373795305,0.187500000
2024-08-25,202401020611,2017105661,13,ジュビリーヘッド,0,16,Open,札幌,77.000000000,32,2024,l2_logistic_c0.1,0.111374059,0.187500000
2024-08-25,202401020611,2021105774,14,ダノンマッキンリー,0,16,Open,札幌,14.000000000,7,2024,l2_logistic_c0.1,0.286990710,0.187500000
2024-08-25,202401020611,2019105658,15,オタルエバー,0,16,Open,札幌,77.000000000,16,2024,l2_logistic_c0.1,0.193613606,0.187500000
2024-08-25,202401020611,2020103639,16,セッション,0,16,Open,札幌,77.000000000,12,2024,l2_logistic_c0.1,0.278996019,0.187500000
2024-08-31,202401020701,2022100867,1,オールマイタイム,0,13,Maiden,札幌,7.000000000,4,2024,l2_logistic_c0.1,0.079952164,0.230769231
2024-08-31,202401020701,2022102878,5,ナンナンプー,1,13,Maiden,札幌,7.000000000,3,2024,l2_logistic_c0.1,0.220483182,0.230769231
2024-08-31,202401020712,2019100772,1,ポルタフォルトゥナ,0,16,Class2,札幌,27.000000000,25,2024,l2_logistic_c0.1,0.205157675,0.187500000
2024-08-31,202401020712,2020102140,2,アンビバレント,0,16,Class2,札幌,27.000000000,16,2024,l2_logistic_c0.1,0.081518190,0.187500000
2024-08-31,202401020712,2021105619,3,スミレファースト,0,16,Class2,札幌,13.000000000,8,2024,l2_logistic_c0.1,0.374282183,0.187500000
2024-08-31,202401020712,2021110039,4,コーティアスマナー,0,16,Class2,札幌,7.000000000,8,2024,l2_logistic_c0.1,0.516520382,0.187500000
2024-08-31,202401020712,2020103898,5,イグニション,0,16,Class2,札幌,56.000000000,14,2024,l2_logistic_c0.1,0.179094037,0.187500000
2024-08-31,202401020712,2018100097,6,スマートルシーダ,0,16,Class2,札幌,56.000000000,27,2024,l2_logistic_c0.1,0.109394099,0.187500000
2024-08-31,202401020712,2020103632,7,スイミーユニバンス,1,16,Class2,札幌,27.000000000,9,2024,l2_logistic_c0.1,0.232765781,0.187500000
2024-08-31,202401020712,2021102735,9,ペプチドシュチク,0,16,Class2,札幌,6.000000000,7,2024,l2_logistic_c0.1,0.265480484,0.187500000
2024-08-31,202401020712,2020102568,10,ワイアウ,0,16,Class2,札幌,48.000000000,13,2024,l2_logistic_c0.1,0.064353854,0.187500000
2024-08-31,202401020712,2019106076,11,ケイアイオメガ,0,16,Class2,札幌,126.000000000,12,2024,l2_logistic_c0.1,0.062066948,0.187500000
2024-08-31,202401020712,2019100593,12,フラッシュアーク,0,16,Class2,札幌,27.000000000,23,2024,l2_logistic_c0.1,0.051483749,0.187500000
2024-08-31,202401020712,2021100157,13,ロードトレイル,0,16,Class2,札幌,34.000000000,7,2024,l2_logistic_c0.1,0.361678521,0.187500000
2024-08-31,202401020712,2018106455,14,メイショウハボタン,0,16,Class2,札幌,41.000000000,42,2024,l2_logistic_c0.1,0.076414698,0.187500000
2024-08-31,202401020712,2020103915,15,ツインクルトーズ,1,16,Class2,札幌,13.000000000,17,2024,l2_logistic_c0.1,0.183042322,0.187500000
2024-08-31,202401020712,2021100522,16,ジョーメッドヴィン,1,16,Class2,札幌,21.000000000,11,2024,l2_logistic_c0.1,0.359448002,0.187500000
2024-08-31,202407020711,2020110133,1,フロムダスク,0,18,Class3,中京,48.000000000,14,2024,l2_logistic_c0.1,0.140220164,0.166666667
2024-08-31,202407020711,2017100403,2,プライムライン,0,18,Class3,中京,42.000000000,15,2024,l2_logistic_c0.1,0.037713471,0.166666667
2024-08-31,202407020711,2020104613,3,タツダイヤモンド,0,18,Class3,中京,48.000000000,17,2024,l2_logistic_c0.1,0.271481188,0.166666667
2024-08-31,202407020711,2019102137,4,シロン,1,18,Class3,中京,34.000000000,17,2024,l2_logistic_c0.1,0.269224939,0.166666667
2024-08-31,202407020711,2018103296,5,サニーオーシャン,0,18,Class3,中京,34.000000000,36,2024,l2_logistic_c0.1,0.036262442,0.166666667
2024-08-31,202407020711,2018106389,6,メイショウツツジ,0,18,Class3,中京,48.000000000,29,2024,l2_logistic_c0.1,0.046458859,0.166666667
2024-08-31,202407020711,2019105760,7,シュヴェルトライテ,0,18,Class3,中京,63.000000000,19,2024,l2_logistic_c0.1,0.138425192,0.166666667
2024-08-31,202407020711,2018102585,8,ロードラスター,0,18,Class3,中京,48.000000000,32,2024,l2_logistic_c0.1,0.071509928,0.166666667
2024-08-31,202407020711,2021100130,9,ロードフォアエース,1,18,Class3,中京,90.000000000,7,2024,l2_logistic_c0.1,0.414473756,0.166666667
2024-08-31,202407020711,2019105347,10,アバンチュリエ,0,18,Class3,中京,42.000000000,19,2024,l2_logistic_c0.1,0.112011738,0.166666667
2024-08-31,202407020711,2020110090,11,ティニア,1,18,Class3,中京,14.000000000,14,2024,l2_logistic_c0.1,0.374353812,0.166666667
2024-08-31,202407020711,2020103450,12,ピピオラ,0,18,Class3,中京,70.000000000,12,2024,l2_logistic_c0.1,0.156086562,0.166666667
2024-08-31,202407020711,2019105555,13,ヴェールアンレーヴ,0,18,Class3,中京,63.000000000,18,2024,l2_logistic_c0.1,0.058959652,0.166666667
2024-08-31,202407020711,2021110132,14,ジャスパーノワール,0,18,Class3,中京,27.000000000,9,2024,l2_logistic_c0.1,0.168082032,0.166666667
2024-08-31,202407020711,2017103020,15,ダンツイノーバ,0,18,Class3,中京,48.000000000,43,2024,l2_logistic_c0.1,0.054119679,0.166666667
2024-08-31,202407020711,2018102491,16,メイショウエニシア,0,18,Class3,中京,48.000000000,34,2024,l2_logistic_c0.1,0.106250229,0.166666667
2024-08-31,202407020711,2019100604,17,ヤマニンアンフィル,0,18,Class3,中京,20.000000000,20,2024,l2_logistic_c0.1,0.214313198,0.166666667
2024-08-31,202407020711,2017100461,18,ワンスカイ,0,18,Class3,中京,104.000000000,26,2024,l2_logistic_c0.1,0.051203285,0.166666667
2024-09-01,202401020804,2021100146,1,セントオブシン,0,16,Maiden,札幌,43.000000000,6,2024,l2_logistic_c0.1,0.151384365,0.187500000
2024-09-01,202401020804,2021101402,2,サトノフォルテ,0,16,Maiden,札幌,14.000000000,5,2024,l2_logistic_c0.1,0.317592934,0.187500000
2024-09-01,202401020804,2021105830,3,ロンフォン,0,16,Maiden,札幌,8.000000000,10,2024,l2_logistic_c0.1,0.429027599,0.187500000
2024-09-01,202401020804,2021102468,4,ブライティアダイヤ,1,16,Maiden,札幌,8.000000000,6,2024,l2_logistic_c0.1,0.409006438,0.187500000
2024-09-01,202401020804,2021100226,5,セキテイレア,0,16,Maiden,札幌,21.000000000,6,2024,l2_logistic_c0.1,0.240068734,0.187500000
2024-09-01,202401020804,2021102598,6,ラントゥリーダンス,0,16,Maiden,札幌,8.000000000,6,2024,l2_logistic_c0.1,0.183728063,0.187500000
2024-09-01,202401020804,2021101921,7,ポムファッジ,0,16,Maiden,札幌,15.000000000,3,2024,l2_logistic_c0.1,0.308721330,0.187500000
2024-09-01,202401020804,2021105827,8,フェアアイル,0,16,Maiden,札幌,49.000000000,6,2024,l2_logistic_c0.1,0.224817940,0.187500000
2024-09-01,202401020804,2021105714,9,キアロヴェローチェ,1,16,Maiden,札幌,15.000000000,7,2024,l2_logistic_c0.1,0.378234243,0.187500000
2024-09-01,202401020804,2021105902,10,ココシャンパーニュ,0,16,Maiden,札幌,8.000000000,14,2024,l2_logistic_c0.1,0.435783296,0.187500000
2024-09-01,202401020804,2021103004,11,ヒラボクヒーロー,0,16,Maiden,札幌,56.000000000,5,2024,l2_logistic_c0.1,0.186593899,0.187500000
2024-09-01,202401020804,2021100415,12,スウィートリワード,1,16,Maiden,札幌,8.000000000,10,2024,l2_logistic_c0.1,0.467608912,0.187500000
2024-09-01,202401020804,2021105659,13,アムールリーベ,0,16,Maiden,札幌,28.000000000,6,2024,l2_logistic_c0.1,0.459801508,0.187500000
2024-09-01,202401020804,2021103903,14,ヴァシロペス,0,16,Maiden,札幌,15.000000000,12,2024,l2_logistic_c0.1,0.275233994,0.187500000
2024-09-01,202401020804,2021104033,15,マルジェラ,0,16,Maiden,札幌,56.000000000,8,2024,l2_logistic_c0.1,0.091684126,0.187500000
2024-09-01,202401020804,2021103052,16,サニイアール,0,16,Maiden,札幌,15.000000000,13,2024,l2_logistic_c0.1,0.333130250,0.187500000
2024-09-01,202401020806,2021104665,1,レザンノワール,1,16,Class1,札幌,22.000000000,7,2024,l2_logistic_c0.1,0.269751758,0.187500000
2024-09-01,202401020806,2018100094,2,ナムラシベラ,1,16,Class1,札幌,7.000000000,11,2024,l2_logistic_c0.1,0.098981310,0.187500000
2024-09-01,202401020806,2021105175,3,セントキルダ,0,16,Class1,札幌,35.000000000,10,2024,l2_logistic_c0.1,0.139462782,0.187500000
2024-09-01,202401020806,2020104415,4,スピニングマーリン,0,16,Class1,札幌,7.000000000,13,2024,l2_logistic_c0.1,0.068019680,0.187500000
2024-09-01,202401020806,2021102952,5,オベイユアマスター,0,16,Class1,札幌,22.000000000,10,2024,l2_logistic_c0.1,0.178415104,0.187500000
2024-09-01,202401020806,2021105533,6,サトノジール,0,16,Class1,札幌,43.000000000,5,2024,l2_logistic_c0.1,0.128162667,0.187500000
2024-09-01,202401020806,2021101793,7,オオゾラヒバリ,0,16,Class1,札幌,22.000000000,12,2024,l2_logistic_c0.1,0.086890249,0.187500000
2024-09-01,202401020806,2021105840,8,メネラオス,0,16,Class1,札幌,35.000000000,7,2024,l2_logistic_c0.1,0.058469566,0.187500000
2024-09-01,202401020806,2020103261,9,アウクソー,0,16,Class1,札幌,190.000000000,9,2024,l2_logistic_c0.1,0.030036957,0.187500000
2024-09-01,202401020806,2020100632,10,アイノセンシ,0,16,Class1,札幌,8.000000000,9,2024,l2_logistic_c0.1,0.109680076,0.187500000
2024-09-01,202401020806,2019101644,11,キャンドルベリー,0,16,Class1,札幌,50.000000000,5,2024,l2_logistic_c0.1,0.130557984,0.187500000
2024-09-01,202401020806,2021104004,12,リンクスクードボル,0,16,Class1,札幌,35.000000000,10,2024,l2_logistic_c0.1,0.159891316,0.187500000
2024-09-01,202401020806,2021100678,13,ヒデシンイメル,0,16,Class1,札幌,35.000000000,13,2024,l2_logistic_c0.1,0.195633240,0.187500000
2024-09-01,202401020806,2020100289,14,シルバーダイヤ,1,16,Class1,札幌,22.000000000,16,2024,l2_logistic_c0.1,0.072727456,0.187500000
2024-09-01,202401020806,2017101448,15,ウインアステロイド,0,16,Class1,札幌,112.000000000,46,2024,l2_logistic_c0.1,0.182718458,0.187500000
2024-09-01,202401020806,2021104839,16,プレアデスグループ,0,16,Class1,札幌,22.000000000,7,2024,l2_logistic_c0.1,0.263659276,0.187500000
2024-09-01,202401020809,2022100639,7,ロードヴェルト,0,10,Open,札幌,8.000000000,3,2024,l2_logistic_c0.1,0.382705276,0.300000000
2024-09-01,202401020809,2022100490,9,モズナナスター,1,10,Open,札幌,21.000000000,3,2024,l2_logistic_c0.1,0.410017888,0.300000000
2024-09-07,202406040110,2020104088,1,ランドオブラヴ,1,10,Class2,中山,63.000000000,11,2024,l2_logistic_c0.1,0.352856225,0.300000000
2024-09-07,202406040110,2021102914,3,モズトキキ,1,10,Class2,中山,27.000000000,10,2024,l2_logistic_c0.1,0.397175421,0.300000000
2024-09-07,202406040110,2021100144,4,ロードトレゾール,0,10,Class2,中山,27.000000000,8,2024,l2_logistic_c0.1,0.554017818,0.300000000
2024-09-07,202406040110,2019104498,5,インプロバイザー,0,10,Class2,中山,27.000000000,24,2024,l2_logistic_c0.1,0.219839773,0.300000000
2024-09-07,202406040110,2019104675,6,アップストローク,1,10,Class2,中山,14.000000000,29,2024,l2_logistic_c0.1,0.296642172,0.300000000
2024-09-07,202406040110,2019106870,7,カジュフェイス,0,10,Class2,中山,34.000000000,17,2024,l2_logistic_c0.1,0.140565610,0.300000000
2024-09-07,202406040110,2019100755,8,アラクレ,0,10,Class2,中山,48.000000000,19,2024,l2_logistic_c0.1,0.085191502,0.300000000
2024-09-07,202406040110,2020105409,9,ディアドコス,0,10,Class2,中山,118.000000000,17,2024,l2_logistic_c0.1,0.377063532,0.300000000
2024-09-07,202406040110,2019104356,10,ディオアステリア,0,10,Class2,中山,48.000000000,24,2024,l2_logistic_c0.1,0.284360241,0.300000000
2024-09-07,202406040110,2020104496,11,トウシンカーリン,0,10,Class2,中山,20.000000000,10,2024,l2_logistic_c0.1,0.171931166,0.300000000
2024-09-07,202407030108,2021105435,1,アナベルエクラ,0,18,Class1,中京,90.000000000,8,2024,l2_logistic_c0.1,0.037028131,0.166666667
2024-09-07,202407030108,2020101635,2,ルクルス,0,18,Class1,中京,111.000000000,4,2024,l2_logistic_c0.1,0.037218878,0.166666667
2024-09-07,202407030108,2019105487,3,アドマイヤジェイ,1,18,Class1,中京,196.000000000,11,2024,l2_logistic_c0.1,0.364946295,0.166666667
2024-09-07,202407030108,2020105073,4,ガットネロ,1,18,Class1,中京,14.000000000,14,2024,l2_logistic_c0.1,0.429402804,0.166666667
2024-09-07,202407030108,2018103200,5,バーニングパワー,0,18,Class1,中京,21.000000000,25,2024,l2_logistic_c0.1,0.118501424,0.166666667
2024-09-07,202407030108,2019102062,6,ハルカナネガイ,0,18,Class1,中京,49.000000000,21,2024,l2_logistic_c0.1,0.032234620,0.166666667
2024-09-07,202407030108,2019110127,7,サトノプリエール,1,18,Class1,中京,21.000000000,11,2024,l2_logistic_c0.1,0.309757905,0.166666667
2024-09-07,202407030108,2020101597,8,サンライズタイソン,0,18,Class1,中京,70.000000000,11,2024,l2_logistic_c0.1,0.144903366,0.166666667
2024-09-07,202407030108,2020106821,9,ピースフルナイト,0,18,Class1,中京,21.000000000,15,2024,l2_logistic_c0.1,0.126069693,0.166666667
2024-09-07,202407030108,2019105265,10,アエリーゾ,0,18,Class1,中京,49.000000000,22,2024,l2_logistic_c0.1,0.156320718,0.166666667
2024-09-07,202407030108,2020103588,11,マテンロウナイト,0,18,Class1,中京,56.000000000,16,2024,l2_logistic_c0.1,0.070722831,0.166666667
2024-09-07,202407030108,2021105862,12,フェリーニ,0,18,Class1,中京,21.000000000,8,2024,l2_logistic_c0.1,0.291386878,0.166666667
2024-09-07,202407030108,2020105897,13,ソアラ,0,18,Class1,中京,13.000000000,13,2024,l2_logistic_c0.1,0.046489970,0.166666667
2024-09-07,202407030108,2020102728,14,ポルトドール,0,18,Class1,中京,13.000000000,15,2024,l2_logistic_c0.1,0.093118508,0.166666667
2024-09-07,202407030108,2020102537,15,チカポコ,0,18,Class1,中京,21.000000000,11,2024,l2_logistic_c0.1,0.075466502,0.166666667
2024-09-07,202407030108,2021105604,16,ステラスプレンダー,0,18,Class1,中京,14.000000000,4,2024,l2_logistic_c0.1,0.201452751,0.166666667
2024-09-07,202407030108,2021102013,17,ソルトクィーン,0,18,Class1,中京,168.000000000,4,2024,l2_logistic_c0.1,0.446079095,0.166666667
2024-09-07,202407030108,2019103876,18,アパショナード,0,18,Class1,中京,49.000000000,21,2024,l2_logistic_c0.1,0.134451901,0.166666667
2024-09-08,202406040210,2020110114,1,スリーアイランド,0,10,Class3,中山,28.000000000,13,2024,l2_logistic_c0.1,0.268846467,0.300000000
2024-09-08,202406040210,2018100693,2,ブルーシンフォニー,0,10,Class3,中山,71.000000000,26,2024,l2_logistic_c0.1,0.327720063,0.300000000
2024-09-08,202406040210,2020106706,3,タリア,0,10,Class3,中山,28.000000000,17,2024,l2_logistic_c0.1,0.333424481,0.300000000
2024-09-08,202406040210,2020102299,4,アシャカタカ,1,10,Class3,中山,71.000000000,13,2024,l2_logistic_c0.1,0.373482871,0.300000000
2024-09-08,202406040210,2019100214,5,ウインモナーク,1,10,Class3,中山,71.000000000,17,2024,l2_logistic_c0.1,0.311304790,0.300000000
2024-09-08,202406040210,2018110037,6,ブルースピリット,1,10,Class3,中山,112.000000000,19,2024,l2_logistic_c0.1,0.088687597,0.300000000
2024-09-08,202406040210,2019103594,7,レッドアヴァンティ,0,10,Class3,中山,71.000000000,12,2024,l2_logistic_c0.1,0.461668177,0.300000000
2024-09-08,202406040210,2019109094,8,ブッシュガーデン,0,10,Class3,中山,50.000000000,29,2024,l2_logistic_c0.1,0.297502789,0.300000000
2024-09-08,202406040210,2018103926,9,ショウナンラスボス,0,10,Class3,中山,133.000000000,32,2024,l2_logistic_c0.1,0.377989793,0.300000000
2024-09-08,202406040210,2018100406,10,ヴィントミューレ,0,10,Class3,中山,70.000000000,17,2024,l2_logistic_c0.1,0.181298130,0.300000000
2024-09-08,202407030211,2020102764,1,モズメイメイ,1,18,Open,中京,42.000000000,13,2024,l2_logistic_c0.1,0.243400289,0.166666667
2024-09-08,202407030211,2019106102,2,アネゴハダ,0,18,Open,中京,21.000000000,22,2024,l2_logistic_c0.1,0.109406039,0.166666667
2024-09-08,202407030211,2017106137,3,グレイトゲイナー,0,18,Open,中京,21.000000000,39,2024,l2_logistic_c0.1,0.136543239,0.166666667
2024-09-08,202407030211,2017105298,4,ストーンリッジ,0,18,Open,中京,385.000000000,23,2024,l2_logistic_c0.1,0.176150357,0.166666667
2024-09-08,202407030211,2020109102,5,サウザンサニー,0,18,Open,中京,91.000000000,12,2024,l2_logistic_c0.1,0.338869264,0.166666667
2024-09-08,202407030211,2020104702,6,ジョウショーホープ,0,18,Open,中京,78.000000000,16,2024,l2_logistic_c0.1,0.304554284,0.166666667
2024-09-08,202407030211,2018106055,7,ヨシノイースター,0,18,Open,中京,70.000000000,25,2024,l2_logistic_c0.1,0.359674126,0.166666667
2024-09-08,202407030211,2019104470,8,キミワクイーン,0,18,Open,中京,28.000000000,18,2024,l2_logistic_c0.1,0.128811467,0.166666667
2024-09-08,202407030211,2019105452,9,ミッキーハーモニー,0,18,Open,中京,28.000000000,13,2024,l2_logistic_c0.1,0.113310224,0.166666667
2024-09-08,202407030211,2019103422,10,テイエムスパーダ,0,18,Open,中京,42.000000000,20,2024,l2_logistic_c0.1,0.069176988,0.166666667
2024-09-08,202407030211,2015104364,11,トゥラヴェスーラ,0,18,Open,中京,70.000000000,33,2024,l2_logistic_c0.1,0.095314247,0.166666667
2024-09-08,202407030211,2018104750,12,テンハッピーローズ,0,18,Open,中京,119.000000000,24,2024,l2_logistic_c0.1,0.274068913,0.166666667
2024-09-08,202407030211,2021107058,13,ピューロマジック,0,18,Open,中京,70.000000000,9,2024,l2_logistic_c0.1,0.453792718,0.166666667
2024-09-08,202407030211,2019103034,14,ダノンスコーピオン,0,18,Open,中京,98.000000000,15,2024,l2_logistic_c0.1,0.174383965,0.166666667
2024-09-08,202407030211,2020105154,15,アサカラキング,0,18,Open,中京,91.000000000,13,2024,l2_logistic_c0.1,0.358055881,0.166666667
2024-09-08,202407030211,2016104668,16,カリボール,0,18,Open,中京,21.000000000,35,2024,l2_logistic_c0.1,0.090949335,0.166666667
2024-09-08,202407030211,2019106526,17,トウシンマカオ,1,18,Open,中京,120.000000000,18,2024,l2_logistic_c0.1,0.256718986,0.166666667
2024-09-08,202407030211,2019105394,18,ママコチャ,1,18,Open,中京,168.000000000,15,2024,l2_logistic_c0.1,0.414624632,0.166666667
2024-09-14,202406040303,2022103549,4,コムーネ,1,14,Maiden,中山,20.000000000,4,2024,l2_logistic_c0.1,0.235500163,0.214285714
2024-09-14,202406040303,2022101936,7,テイオームサシ,0,14,Maiden,中山,35.000000000,3,2024,l2_logistic_c0.1,0.095632574,0.214285714
2024-09-14,202406040303,2022103324,9,シュラフ,1,14,Maiden,中山,20.000000000,4,2024,l2_logistic_c0.1,0.404304501,0.214285714
2024-09-15,202406040412,2021105833,1,カリーシ,1,16,Class1,中山,77.000000000,7,2024,l2_logistic_c0.1,0.637720049,0.187500000
2024-09-15,202406040412,2020103885,2,クリノゴッホ,0,16,Class1,中山,204.000000000,20,2024,l2_logistic_c0.1,0.082229426,0.187500000
2024-09-15,202406040412,2018101804,3,グローリアスカペラ,0,16,Class1,中山,15.000000000,16,2024,l2_logistic_c0.1,0.106718995,0.187500000
2024-09-15,202406040412,2020100632,4,アイノセンシ,1,16,Class1,中山,14.000000000,10,2024,l2_logistic_c0.1,0.127073648,0.187500000
2024-09-15,202406040412,2020104250,5,マジカルガール,0,16,Class1,中山,50.000000000,7,2024,l2_logistic_c0.1,0.161538245,0.187500000
2024-09-15,202406040412,2020104796,6,ホイッスルソング,0,16,Class1,中山,35.000000000,11,2024,l2_logistic_c0.1,0.142207184,0.187500000
2024-09-15,202406040412,2021101905,7,キョウエイカンセ,0,16,Class1,中山,134.000000000,9,2024,l2_logistic_c0.1,0.092174312,0.187500000
2024-09-15,202406040412,2020101140,8,シルバージュエリー,0,16,Class1,中山,197.000000000,4,2024,l2_logistic_c0.1,0.225639533,0.187500000
2024-09-15,202406040412,2021102449,9,ロマンスライト,0,16,Class1,中山,162.000000000,4,2024,l2_logistic_c0.1,0.132157744,0.187500000
2024-09-15,202406040412,2020104291,10,ベリーベリーベリー,0,16,Class1,中山,28.000000000,12,2024,l2_logistic_c0.1,0.258436674,0.187500000
2024-09-15,202406040412,2020102377,11,サンタアナテソーロ,0,16,Class1,中山,154.000000000,12,2024,l2_logistic_c0.1,0.043571164,0.187500000
2024-09-15,202406040412,2019110122,12,ブラヴィーノ,0,16,Class1,中山,57.000000000,15,2024,l2_logistic_c0.1,0.044333684,0.187500000
2024-09-15,202406040412,2021103561,13,ゴールドスター,1,16,Class1,中山,176.000000000,4,2024,l2_logistic_c0.1,0.292423967,0.187500000
2024-09-15,202406040412,2019101416,14,エールトゥヘヴン,0,16,Class1,中山,91.000000000,19,2024,l2_logistic_c0.1,0.204845670,0.187500000
2024-09-15,202406040412,2020100355,15,ナックブレイブ,0,16,Class1,中山,63.000000000,11,2024,l2_logistic_c0.1,0.102416597,0.187500000
2024-09-15,202406040412,2021104896,16,アシセバイラ,0,16,Class1,中山,64.000000000,6,2024,l2_logistic_c0.1,0.069616113,0.187500000
2024-09-15,202407030403,2022107056,8,テーオーシュターデ,0,8,Maiden,中京,29.000000000,4,2024,l2_logistic_c0.1,0.545358561,0.375000000
2024-09-21,202406040604,2020103962,1,ステークホルダー,1,15,Class1,中山,63.000000000,19,2024,l2_logistic_c0.1,0.308609716,0.200000000
2024-09-21,202406040604,2021101394,2,モンレーヴ,0,15,Class1,中山,83.000000000,10,2024,l2_logistic_c0.1,0.148501645,0.200000000
2024-09-21,202406040604,2020100289,3,シルバーダイヤ,0,15,Class1,中山,20.000000000,17,2024,l2_logistic_c0.1,0.171674932,0.200000000
2024-09-21,202406040604,2021106298,4,モリノレッドスター,1,15,Class1,中山,70.000000000,7,2024,l2_logistic_c0.1,0.414852432,0.200000000
2024-09-21,202406040604,2020104342,5,キガン,0,15,Class1,中山,307.000000000,9,2024,l2_logistic_c0.1,0.138867037,0.200000000
2024-09-21,202406040604,2021100594,6,アンバーニードル,0,15,Class1,中山,161.000000000,7,2024,l2_logistic_c0.1,0.239737156,0.200000000
2024-09-21,202406040604,2021104490,7,エクセルゴールド,0,15,Class1,中山,83.000000000,7,2024,l2_logistic_c0.1,0.338359883,0.200000000
2024-09-21,202406040604,2021105872,8,ベアゴーゴー,0,15,Class1,中山,27.000000000,10,2024,l2_logistic_c0.1,0.573553412,0.200000000
2024-09-21,202406040604,2020104477,9,スイーツバイキング,0,15,Class1,中山,42.000000000,17,2024,l2_logistic_c0.1,0.115795408,0.200000000
2024-09-21,202406040604,2019101416,10,エールトゥヘヴン,0,15,Class1,中山,6.000000000,20,2024,l2_logistic_c0.1,0.283949826,0.200000000
2024-09-21,202406040604,2021101905,11,キョウエイカンセ,0,15,Class1,中山,6.000000000,10,2024,l2_logistic_c0.1,0.105441954,0.200000000
2024-09-21,202406040604,2020101586,12,エルフレスアリー,1,15,Class1,中山,70.000000000,5,2024,l2_logistic_c0.1,0.389493183,0.200000000
2024-09-21,202406040604,2021100053,13,ミスファントム,0,15,Class1,中山,70.000000000,8,2024,l2_logistic_c0.1,0.272256935,0.200000000
2024-09-21,202406040604,2021104049,14,バイデンテソーロ,0,15,Class1,中山,76.000000000,8,2024,l2_logistic_c0.1,0.293078626,0.200000000
2024-09-21,202406040604,2020104415,15,スピニングマーリン,0,15,Class1,中山,20.000000000,14,2024,l2_logistic_c0.1,0.085976912,0.200000000
2024-09-21,202406040609,2022106603,3,モジャーリオ,0,8,Open,中山,27.000000000,3,2024,l2_logistic_c0.1,0.219769074,0.375000000
2024-09-21,202406040609,2022106874,4,ナムラトロム,0,8,Open,中山,48.000000000,3,2024,l2_logistic_c0.1,0.359502694,0.375000000
2024-09-21,202406040609,2022100490,5,モズナナスター,1,8,Open,中山,20.000000000,4,2024,l2_logistic_c0.1,0.465180232,0.375000000
2024-09-21,202406040609,2022103066,7,レイピア,1,8,Open,中山,20.000000000,3,2024,l2_logistic_c0.1,0.501273663,0.375000000
2024-09-21,202406040609,2022107120,8,スンシム,0,8,Open,中山,34.000000000,3,2024,l2_logistic_c0.1,0.076943187,0.375000000
2024-09-21,202407030610,2020104825,1,スカプラリオ,0,16,Class2,中京,70.000000000,16,2024,l2_logistic_c0.1,0.048449951,0.187500000
2024-09-21,202407030610,2020103898,2,イグニション,0,16,Class2,中京,21.000000000,15,2024,l2_logistic_c0.1,0.216859579,0.187500000
2024-09-21,202407030610,2021100522,3,ジョーメッドヴィン,1,16,Class2,中京,21.000000000,12,2024,l2_logistic_c0.1,0.419359263,0.187500000
2024-09-21,202407030610,2021105039,4,ゴールドサーベル,0,16,Class2,中京,91.000000000,8,2024,l2_logistic_c0.1,0.160329272,0.187500000
2024-09-21,202407030610,2019100578,5,クインズプリーズ,0,16,Class2,中京,41.000000000,14,2024,l2_logistic_c0.1,0.073352400,0.187500000
2024-09-21,202407030610,2021101654,6,トーラスシャイン,1,16,Class2,中京,21.000000000,3,2024,l2_logistic_c0.1,0.393226369,0.187500000
2024-09-21,202407030610,2019105445,7,ワーフデール,0,16,Class2,中京,34.000000000,17,2024,l2_logistic_c0.1,0.156888768,0.187500000
2024-09-21,202407030610,2021107180,8,ジュンヴァンケット,0,16,Class2,中京,20.000000000,4,2024,l2_logistic_c0.1,0.452982066,0.187500000
2024-09-21,202407030610,2020103325,9,プロトポロス,0,16,Class2,中京,76.000000000,4,2024,l2_logistic_c0.1,0.417787953,0.187500000
2024-09-21,202407030610,2018106455,10,メイショウハボタン,0,16,Class2,中京,21.000000000,43,2024,l2_logistic_c0.1,0.097096673,0.187500000
2024-09-21,202407030610,2018100618,11,トーホウジュナール,0,16,Class2,中京,111.000000000,30,2024,l2_logistic_c0.1,0.072275151,0.187500000
2024-09-21,202407030610,2019104361,12,テーオースパロー,0,16,Class2,中京,41.000000000,27,2024,l2_logistic_c0.1,0.152773300,0.187500000
2024-09-21,202407030610,2020102738,13,エールレヴリー,0,16,Class2,中京,20.000000000,13,2024,l2_logistic_c0.1,0.100633529,0.187500000
2024-09-21,202407030610,2021105295,14,レーヴジーニアル,0,16,Class2,中京,27.000000000,5,2024,l2_logistic_c0.1,0.397114985,0.187500000
2024-09-21,202407030610,2021101924,15,フィオライア,1,16,Class2,中京,27.000000000,4,2024,l2_logistic_c0.1,0.525963660,0.187500000
2024-09-21,202407030610,2021103278,16,メイショウミリオレ,0,16,Class2,中京,34.000000000,4,2024,l2_logistic_c0.1,0.284675524,0.187500000
2024-09-22,202406040702,2022106999,2,ニシノクードクール,1,10,Maiden,中山,64.000000000,3,2024,l2_logistic_c0.1,0.360563998,0.300000000
2024-09-22,202407030710,2019100581,1,ヒルノローザンヌ,0,17,Class3,中京,36.000000000,28,2024,l2_logistic_c0.1,0.077670126,0.176470588
2024-09-22,202407030710,2020106330,2,ラウラーナ,0,17,Class3,中京,22.000000000,18,2024,l2_logistic_c0.1,0.111872637,0.176470588
2024-09-22,202407030710,2020103915,3,ツインクルトーズ,1,17,Class3,中京,22.000000000,18,2024,l2_logistic_c0.1,0.194379613,0.176470588
2024-09-22,202407030710,2020102630,4,アルーリングビュー,0,17,Class3,中京,22.000000000,12,2024,l2_logistic_c0.1,0.176786609,0.176470588
2024-09-22,202407030710,2019104525,5,ラキエータ,0,17,Class3,中京,64.000000000,18,2024,l2_logistic_c0.1,0.122544227,0.176470588
2024-09-22,202407030710,2020100815,6,ミルトクレイモー,1,17,Class3,中京,42.000000000,18,2024,l2_logistic_c0.1,0.298347478,0.176470588
2024-09-22,202407030710,2018103926,7,ショウナンラスボス,0,17,Class3,中京,14.000000000,33,2024,l2_logistic_c0.1,0.299374250,0.176470588
2024-09-22,202407030710,2019101626,8,ピンクマクフィー,0,17,Class3,中京,85.000000000,17,2024,l2_logistic_c0.1,0.233311146,0.176470588
2024-09-22,202407030710,2020107176,9,ワックスフラワー,0,17,Class3,中京,399.000000000,11,2024,l2_logistic_c0.1,0.235504276,0.176470588
2024-09-22,202407030710,2021105202,10,ポエットリー,0,17,Class3,中京,78.000000000,8,2024,l2_logistic_c0.1,0.333635124,0.176470588
2024-09-22,202407030710,2019103898,11,スーサンアッシャー,0,17,Class3,中京,175.000000000,17,2024,l2_logistic_c0.1,0.215864449,0.176470588
2024-09-22,202407030710,2021100130,12,ロードフォアエース,1,17,Class3,中京,22.000000000,8,2024,l2_logistic_c0.1,0.526069315,0.176470588
2024-09-22,202407030710,2018102491,13,メイショウエニシア,0,17,Class3,中京,22.000000000,35,2024,l2_logistic_c0.1,0.132526749,0.176470588
2024-09-22,202407030710,2018104559,14,ナリタローゼ,0,17,Class3,中京,85.000000000,25,2024,l2_logistic_c0.1,0.154427890,0.176470588
2024-09-22,202407030710,2019105760,15,シュヴェルトライテ,0,17,Class3,中京,22.000000000,20,2024,l2_logistic_c0.1,0.142208011,0.176470588
2024-09-22,202407030710,2020105365,16,ドーバーホーク,0,17,Class3,中京,64.000000000,15,2024,l2_logistic_c0.1,0.193510387,0.176470588
2024-09-22,202407030710,2017100461,17,ワンスカイ,0,17,Class3,中京,22.000000000,27,2024,l2_logistic_c0.1,0.051376086,0.176470588
2024-09-28,202406040802,2022102621,6,リケアコンパンナ,0,13,Maiden,中山,14.000000000,3,2024,l2_logistic_c0.1,0.069963589,0.230769231
2024-09-28,202406040810,2019105175,1,ステイトダイアデム,0,14,Class2,中山,77.000000000,8,2024,l2_logistic_c0.1,0.433295988,0.214285714
2024-09-28,202406040810,2019103897,2,ハピネスアゲン,1,14,Class2,中山,41.000000000,25,2024,l2_logistic_c0.1,0.199300920,0.214285714
2024-09-28,202406040810,2019101266,3,ザアトム,0,14,Class2,中山,20.000000000,19,2024,l2_logistic_c0.1,0.083913240,0.214285714
2024-09-28,202406040810,2019103806,4,ベルウッドブラボー,0,14,Class2,中山,167.000000000,21,2024,l2_logistic_c0.1,0.057953004,0.214285714
2024-09-28,202406040810,2020105409,5,ディアドコス,1,14,Class2,中山,21.000000000,18,2024,l2_logistic_c0.1,0.295599093,0.214285714
2024-09-28,202406040810,2021104665,6,レザンノワール,1,14,Class2,中山,27.000000000,8,2024,l2_logistic_c0.1,0.333674980,0.214285714
2024-09-28,202406040810,2019106870,7,カジュフェイス,0,14,Class2,中山,21.000000000,18,2024,l2_logistic_c0.1,0.071098937,0.214285714
2024-09-28,202406040810,2021102670,8,イサチルシーサイド,0,14,Class2,中山,84.000000000,6,2024,l2_logistic_c0.1,0.204617658,0.214285714
2024-09-28,202406040810,2018100097,9,スマートルシーダ,0,14,Class2,中山,28.000000000,28,2024,l2_logistic_c0.1,0.146734558,0.214285714
2024-09-28,202406040810,2019100755,10,アラクレ,0,14,Class2,中山,21.000000000,20,2024,l2_logistic_c0.1,0.075435979,0.214285714
2024-09-28,202406040810,2019104356,11,ディオアステリア,0,14,Class2,中山,21.000000000,25,2024,l2_logistic_c0.1,0.204415645,0.214285714
2024-09-28,202406040810,2021106939,12,タイセイフェスタ,0,14,Class2,中山,76.000000000,10,2024,l2_logistic_c0.1,0.081778217,0.214285714
2024-09-28,202406040810,2021100338,13,テセラリアン,0,14,Class2,中山,77.000000000,5,2024,l2_logistic_c0.1,0.272250968,0.214285714
2024-09-28,202406040810,2019104675,14,アップストローク,0,14,Class2,中山,21.000000000,30,2024,l2_logistic_c0.1,0.177279857,0.214285714
2024-09-29,202406040911,2020104243,1,オオバンブルマイ,0,16,Open,中山,35.000000000,6,2024,l2_logistic_c0.1,0.475174591,0.187500000
2024-09-29,202406040911,2019106526,2,トウシンマカオ,1,16,Open,中山,21.000000000,19,2024,l2_logistic_c0.1,0.426861840,0.187500000
2024-09-29,202406040911,2019100213,3,ウインマーベル,0,16,Open,中山,141.000000000,23,2024,l2_logistic_c0.1,0.350670181,0.187500000
2024-09-29,202406040911,2019102979,4,エイシンスポッター,0,16,Open,中山,35.000000000,22,2024,l2_logistic_c0.1,0.275353118,0.187500000
2024-09-29,202406040911,2019103753,5,ナムラクレア,1,16,Open,中山,35.000000000,18,2024,l2_logistic_c0.1,0.504637090,0.187500000
2024-09-29,202406040911,2019105394,6,ママコチャ,0,16,Open,中山,21.000000000,16,2024,l2_logistic_c0.1,0.524528316,0.187500000
2024-09-29,202406040911,2019110020,7,マッドクール,0,16,Open,中山,189.000000000,11,2024,l2_logistic_c0.1,0.475642806,0.187500000
2024-09-29,202406040911,2020102764,8,モズメイメイ,0,16,Open,中山,21.000000000,14,2024,l2_logistic_c0.1,0.371575703,0.187500000
2024-09-29,202406040911,2021107058,10,ピューロマジック,0,16,Open,中山,21.000000000,10,2024,l2_logistic_c0.1,0.465256522,0.187500000
2024-09-29,202406040911,2019103034,11,ダノンスコーピオン,0,16,Open,中山,21.000000000,16,2024,l2_logistic_c0.1,0.201349898,0.187500000
2024-09-29,202406040911,2019101700,12,サトノレーヴ,0,16,Open,中山,35.000000000,9,2024,l2_logistic_c0.1,0.601206771,0.187500000
2024-09-29,202406040911,2020106851,13,ルガル,1,16,Open,中山,189.000000000,12,2024,l2_logistic_c0.1,0.344753960,0.187500000
2024-09-29,202406040911,2017100434,15,ヴェントヴォーチェ,0,16,Open,中山,553.000000000,15,2024,l2_logistic_c0.1,0.209219927,0.187500000
2024-09-29,202406040911,2017101423,16,ウイングレイテスト,0,16,Open,中山,63.000000000,35,2024,l2_logistic_c0.1,0.434481992,0.187500000
2024-10-05,202408050111,2020101419,1,ブーケファロス,0,18,Open,京都,48.000000000,20,2024,l2_logistic_c0.1,0.169493852,0.166666667
2024-10-05,202408050111,2021104405,2,セットアップ,0,18,Open,京都,97.000000000,5,2024,l2_logistic_c0.1,0.320486093,0.166666667
2024-10-05,202408050111,2018102595,3,ロードマックス,0,18,Open,京都,132.000000000,22,2024,l2_logistic_c0.1,0.034297919,0.166666667
2024-10-05,202408050111,2017105097,4,グランデマーレ,0,18,Open,京都,55.000000000,20,2024,l2_logistic_c0.1,0.102222704,0.166666667
2024-10-05,202408050111,2019105139,5,スコールユニバンス,0,18,Open,京都,42.000000000,32,2024,l2_logistic_c0.1,0.083923702,0.166666667
2024-10-05,202408050111,2020101543,6,グランテスト,0,18,Open,京都,48.000000000,11,2024,l2_logistic_c0.1,0.290946783,0.166666667
2024-10-05,202408050111,2021102392,7,ナナオ,0,18,Open,京都,97.000000000,8,2024,l2_logistic_c0.1,0.403998196,0.166666667
2024-10-05,202408050111,2021102320,8,ペアポルックス,1,18,Open,京都,97.000000000,6,2024,l2_logistic_c0.1,0.284061231,0.166666667
2024-10-05,202408050111,2019105512,9,ジャスティンスカイ,0,18,Open,京都,48.000000000,15,2024,l2_logistic_c0.1,0.273191047,0.166666667
2024-10-05,202408050111,2020101503,10,カンチェンジュンガ,0,18,Open,京都,48.000000000,13,2024,l2_logistic_c0.1,0.180477463,0.166666667
2024-10-05,202408050111,2019105968,11,チェイスザドリーム,0,18,Open,京都,14.000000000,19,2024,l2_logistic_c0.1,0.131027779,0.166666667
2024-10-05,202408050111,2018102281,12,キタノエクスプレス,0,18,Open,京都,48.000000000,18,2024,l2_logistic_c0.1,0.234860108,0.166666667
2024-10-05,202408050111,2019103714,13,メイショウソラフネ,1,18,Open,京都,48.000000000,19,2024,l2_logistic_c0.1,0.212231357,0.166666667
2024-10-05,202408050111,2020100896,14,ビッグシーザー,1,18,Open,京都,41.000000000,16,2024,l2_logistic_c0.1,0.334791776,0.166666667
2024-10-05,202408050111,2019104911,15,プルパレイ,0,18,Open,京都,41.000000000,24,2024,l2_logistic_c0.1,0.126657149,0.166666667
2024-10-05,202408050111,2019102273,16,モリノドリーム,0,18,Open,京都,41.000000000,17,2024,l2_logistic_c0.1,0.237110621,0.166666667
2024-10-05,202408050111,2016110119,17,ジャスパージャック,0,18,Open,京都,139.000000000,29,2024,l2_logistic_c0.1,0.017547941,0.166666667
2024-10-05,202408050111,2019106102,18,アネゴハダ,0,18,Open,京都,27.000000000,23,2024,l2_logistic_c0.1,0.095935427,0.166666667
2024-10-12,202404040309,2020103477,1,サトノアルペジオ,0,18,Class1,新潟,76.000000000,4,2024,l2_logistic_c0.1,0.077359440,0.166666667
2024-10-12,202404040309,2020101992,2,ライクアフラワー,1,18,Class1,新潟,84.000000000,12,2024,l2_logistic_c0.1,0.363571562,0.166666667
2024-10-12,202404040309,2020104796,3,ホイッスルソング,0,18,Class1,新潟,27.000000000,12,2024,l2_logistic_c0.1,0.152261715,0.166666667
2024-10-12,202404040309,2021100643,4,トレンシャリー,0,18,Class1,新潟,91.000000000,4,2024,l2_logistic_c0.1,0.094535117,0.166666667
2024-10-12,202404040309,2021105713,5,ヴィントシュティレ,0,18,Class1,新潟,146.000000000,6,2024,l2_logistic_c0.1,0.260037864,0.166666667
2024-10-12,202404040309,2019101446,6,ワンリオン,0,18,Class1,新潟,90.000000000,26,2024,l2_logistic_c0.1,0.153281345,0.166666667
2024-10-12,202404040309,2020102819,7,アイソラシー,0,18,Class1,新潟,91.000000000,8,2024,l2_logistic_c0.1,0.102362121,0.166666667
2024-10-12,202404040309,2021103561,8,ゴールドスター,1,18,Class1,新潟,27.000000000,5,2024,l2_logistic_c0.1,0.427360097,0.166666667
2024-10-12,202404040309,2020102216,10,ジェムステート,0,18,Class1,新潟,195.000000000,5,2024,l2_logistic_c0.1,0.056017335,0.166666667
2024-10-12,202404040309,2019109096,11,ダイヤモンドフジ,0,18,Class1,新潟,84.000000000,13,2024,l2_logistic_c0.1,0.165941126,0.166666667
2024-10-12,202404040309,2021103119,12,ニシノアヤカゼ,0,18,Class1,新潟,174.000000000,8,2024,l2_logistic_c0.1,0.198046715,0.166666667
2024-10-12,202404040309,2021105894,13,レアリゼアンレーヴ,0,18,Class1,新潟,83.000000000,5,2024,l2_logistic_c0.1,0.065765199,0.166666667
2024-10-12,202404040309,2021105794,15,レザンクレール,0,18,Class1,新潟,98.000000000,3,2024,l2_logistic_c0.1,0.259179868,0.166666667
2024-10-12,202404040309,2020103507,16,グラニットピーク,0,18,Class1,新潟,84.000000000,8,2024,l2_logistic_c0.1,0.080369311,0.166666667
2024-10-12,202404040309,2019101765,17,ビッグパレード,0,18,Class1,新潟,91.000000000,8,2024,l2_logistic_c0.1,0.172950928,0.166666667
2024-10-12,202404040309,2021106298,18,モリノレッドスター,1,18,Class1,新潟,21.000000000,8,2024,l2_logistic_c0.1,0.399483928,0.166666667
2024-10-12,202408050312,2021100522,1,ジョーメッドヴィン,0,17,Class2,京都,21.000000000,13,2024,l2_logistic_c0.1,0.496586290,0.176470588
2024-10-12,202408050312,2020104825,2,スカプラリオ,0,17,Class2,京都,21.000000000,17,2024,l2_logistic_c0.1,0.075696488,0.176470588
2024-10-12,202408050312,2020106795,3,フクノワカバ,0,17,Class2,京都,69.000000000,21,2024,l2_logistic_c0.1,0.032571499,0.176470588
2024-10-12,202408050312,2021101598,4,アンクルクロス,0,17,Class2,京都,111.000000000,11,2024,l2_logistic_c0.1,0.327689150,0.176470588
2024-10-12,202408050312,2020103962,5,ステークホルダー,0,17,Class2,京都,21.000000000,20,2024,l2_logistic_c0.1,0.385483608,0.176470588
2024-10-12,202408050312,2019106870,6,カジュフェイス,0,17,Class2,京都,14.000000000,19,2024,l2_logistic_c0.1,0.101838775,0.176470588
2024-10-12,202408050312,2021102461,7,バンドシェル,1,17,Class2,京都,83.000000000,7,2024,l2_logistic_c0.1,0.301922160,0.176470588
2024-10-12,202408050312,2021106615,8,キャンシーエンゼル,0,17,Class2,京都,104.000000000,6,2024,l2_logistic_c0.1,0.306742440,0.176470588
2024-10-12,202408050312,2021101654,9,トーラスシャイン,0,17,Class2,京都,21.000000000,4,2024,l2_logistic_c0.1,0.385162216,0.176470588
2024-10-12,202408050312,2017101767,10,ベンガン,0,17,Class2,京都,83.000000000,28,2024,l2_logistic_c0.1,0.080499292,0.176470588
2024-10-12,202408050312,2018104322,11,プレジールミノル,0,17,Class2,京都,62.000000000,34,2024,l2_logistic_c0.1,0.062598092,0.176470588
2024-10-12,202408050312,2020103238,12,オックスリップ,1,17,Class2,京都,49.000000000,14,2024,l2_logistic_c0.1,0.133304278,0.176470588
2024-10-12,202408050312,2020103284,13,トールキン,0,17,Class2,京都,49.000000000,14,2024,l2_logistic_c0.1,0.071423955,0.176470588
2024-10-12,202408050312,2021105054,14,モンシュマン,1,17,Class2,京都,140.000000000,9,2024,l2_logistic_c0.1,0.260898012,0.176470588
2024-10-12,202408050312,2020101763,15,トーホウフランゴ,0,17,Class2,京都,55.000000000,23,2024,l2_logistic_c0.1,0.115787925,0.176470588
2024-10-12,202408050312,2019103806,16,ベルウッドブラボー,0,17,Class2,京都,14.000000000,22,2024,l2_logistic_c0.1,0.103762531,0.176470588
2024-10-12,202408050312,2018106455,17,メイショウハボタン,0,17,Class2,京都,21.000000000,44,2024,l2_logistic_c0.1,0.085133309,0.176470588
2024-10-14,202404040403,2022109054,2,マサウッドテール,0,15,Maiden,新潟,22.000000000,3,2024,l2_logistic_c0.1,0.102600457,0.200000000
2024-10-14,202404040403,2022103570,11,シーオン,0,15,Maiden,新潟,22.000000000,3,2024,l2_logistic_c0.1,0.112341515,0.200000000
2024-10-14,202404040403,2022107056,13,テーオーシュターデ,0,15,Maiden,新潟,29.000000000,5,2024,l2_logistic_c0.1,0.311960152,0.200000000
2024-10-14,202404040403,2022105304,14,エルモッソペンドロ,0,15,Maiden,新潟,29.000000000,3,2024,l2_logistic_c0.1,0.189321954,0.200000000
2024-10-19,202404040511,2021110132,1,ジャスパーノワール,1,17,Class3,新潟,49.000000000,10,2024,l2_logistic_c0.1,0.205470687,0.176470588
2024-10-19,202404040511,2019102041,2,アドヴァイス,0,17,Class3,新潟,91.000000000,23,2024,l2_logistic_c0.1,0.119055606,0.176470588
2024-10-19,202404040511,2020101262,3,エコロレジーナ,0,17,Class3,新潟,69.000000000,19,2024,l2_logistic_c0.1,0.116575163,0.176470588
2024-10-19,202404040511,2019100751,4,マイネルレノン,0,17,Class3,新潟,91.000000000,22,2024,l2_logistic_c0.1,0.296056384,0.176470588
2024-10-19,202404040511,2019104697,5,ショウナンマッハ,0,17,Class3,新潟,69.000000000,27,2024,l2_logistic_c0.1,0.068738213,0.176470588
2024-10-19,202404040511,2020101792,7,プロスペリダード,0,17,Class3,新潟,97.000000000,16,2024,l2_logistic_c0.1,0.271240241,0.176470588
2024-10-19,202404040511,2020103915,8,ツインクルトーズ,1,17,Class3,新潟,27.000000000,19,2024,l2_logistic_c0.1,0.254773780,0.176470588
2024-10-19,202404040511,2018110037,9,ブルースピリット,0,17,Class3,新潟,41.000000000,20,2024,l2_logistic_c0.1,0.081634674,0.176470588
2024-10-19,202404040511,2020104613,10,タツダイヤモンド,0,17,Class3,新潟,49.000000000,18,2024,l2_logistic_c0.1,0.194564818,0.176470588
2024-10-19,202404040511,2020100443,11,エイシンエイト,0,17,Class3,新潟,112.000000000,9,2024,l2_logistic_c0.1,0.115092123,0.176470588
2024-10-19,202404040511,2020106706,12,タリア,0,17,Class3,新潟,41.000000000,18,2024,l2_logistic_c0.1,0.122489592,0.176470588
2024-10-19,202404040511,2020105365,13,ドーバーホーク,0,17,Class3,新潟,27.000000000,16,2024,l2_logistic_c0.1,0.085007362,0.176470588
2024-10-19,202404040511,2019102137,14,シロン,1,17,Class3,新潟,49.000000000,18,2024,l2_logistic_c0.1,0.228735412,0.176470588
2024-10-19,202404040511,2020102971,15,サトノグレイト,0,17,Class3,新潟,91.000000000,16,2024,l2_logistic_c0.1,0.200298515,0.176470588
2024-10-19,202404040511,2019105191,16,コナブラック,0,17,Class3,新潟,76.000000000,17,2024,l2_logistic_c0.1,0.161330737,0.176470588
2024-10-19,202404040511,2018103902,17,サウンドブライアン,0,17,Class3,新潟,63.000000000,36,2024,l2_logistic_c0.1,0.071736514,0.176470588
2024-10-19,202404040511,2019103897,18,ハピネスアゲン,0,17,Class3,新潟,21.000000000,26,2024,l2_logistic_c0.1,0.181806674,0.176470588
2024-10-20,202408050602,2022109114,5,レーニス,0,10,Maiden,京都,14.000000000,5,2024,l2_logistic_c0.1,0.497978081,0.300000000
2024-10-20,202408050602,2022104308,8,シカレ,0,10,Maiden,京都,14.000000000,3,2024,l2_logistic_c0.1,0.098284459,0.300000000
2024-10-27,202404040810,2021105619,1,スミレファースト,0,16,Class2,新潟,57.000000000,9,2024,l2_logistic_c0.1,0.350465202,0.187500000
2024-10-27,202404040810,2020101195,2,ゴルトリッチ,0,16,Class2,新潟,84.000000000,17,2024,l2_logistic_c0.1,0.161935461,0.187500000
2024-10-27,202404040810,2018100618,3,トーホウジュナール,0,16,Class2,新潟,36.000000000,31,2024,l2_logistic_c0.1,0.079321178,0.187500000
2024-10-27,202404040810,2020103898,4,イグニション,1,16,Class2,新潟,36.000000000,16,2024,l2_logistic_c0.1,0.211571637,0.187500000
2024-10-27,202404040810,2021104073,5,カピリナ,1,16,Class2,新潟,70.000000000,7,2024,l2_logistic_c0.1,0.436102565,0.187500000
2024-10-27,202404040810,2019102436,6,ミズノコキュウ,0,16,Class2,新潟,70.000000000,31,2024,l2_logistic_c0.1,0.198007224,0.187500000
2024-10-27,202404040810,2019104361,7,テーオースパロー,0,16,Class2,新潟,36.000000000,28,2024,l2_logistic_c0.1,0.168744835,0.187500000
2024-10-27,202404040810,2019105508,8,ステルナティーア,0,16,Class2,新潟,92.000000000,12,2024,l2_logistic_c0.1,0.059578427,0.187500000
2024-10-27,202404040810,2017101991,9,テンジュイン,0,16,Class2,新潟,15.000000000,49,2024,l2_logistic_c0.1,0.059042699,0.187500000
2024-10-27,202404040810,2020102738,10,エールレヴリー,0,16,Class2,新潟,36.000000000,14,2024,l2_logistic_c0.1,0.237978701,0.187500000
2024-10-27,202404040810,2019100210,11,ウインバグース,0,16,Class2,新潟,98.000000000,23,2024,l2_logistic_c0.1,0.088998660,0.187500000
2024-10-27,202404040810,2020105409,12,ディアドコス,1,16,Class2,新潟,29.000000000,19,2024,l2_logistic_c0.1,0.287248741,0.187500000
2024-10-27,202404040810,2018110149,13,コスモアディラート,0,16,Class2,新潟,162.000000000,18,2024,l2_logistic_c0.1,0.294076716,0.187500000
2024-10-27,202404040810,2021100610,14,アサギリ,0,16,Class2,新潟,70.000000000,11,2024,l2_logistic_c0.1,0.149670002,0.187500000
2024-10-27,202404040810,2021105833,15,カリーシ,0,16,Class2,新潟,42.000000000,8,2024,l2_logistic_c0.1,0.545421003,0.187500000
2024-10-27,202404040810,2020103632,16,スイミーユニバンス,0,16,Class2,新潟,57.000000000,10,2024,l2_logistic_c0.1,0.206904852,0.187500000
2024-11-02,202403030102,2022102514,3,ベイビーキッス,1,16,Maiden,福島,14.000000000,4,2024,l2_logistic_c0.1,0.315209492,0.187500000
2024-11-02,202403030102,2022103154,4,カルミネイション,0,16,Maiden,福島,111.000000000,3,2024,l2_logistic_c0.1,0.317623300,0.187500000
2024-11-02,202403030102,2022106741,12,メイリー,0,16,Maiden,福島,19.000000000,3,2024,l2_logistic_c0.1,0.582507919,0.187500000
2024-11-02,202403030112,2020101367,1,ルンナノオクリモノ,0,16,Class1,福島,266.000000000,3,2024,l2_logistic_c0.1,0.131306967,0.187500000
2024-11-02,202403030112,2020103698,2,エリカソレイユ,1,16,Class1,福島,49.000000000,10,2024,l2_logistic_c0.1,0.048930172,0.187500000
2024-11-02,202403030112,2020101517,3,ソノママソノママ,1,16,Class1,福島,105.000000000,10,2024,l2_logistic_c0.1,0.291590900,0.187500000
2024-11-02,202403030112,2020103885,4,クリノゴッホ,0,16,Class1,福島,48.000000000,21,2024,l2_logistic_c0.1,0.071577992,0.187500000
2024-11-02,202403030112,2020103301,5,エーリチェ,1,16,Class1,福島,427.000000000,3,2024,l2_logistic_c0.1,0.134710320,0.187500000
2024-11-02,202403030112,2020100592,6,ポケッティーノ,0,16,Class1,福島,62.000000000,4,2024,l2_logistic_c0.1,0.100602952,0.187500000
2024-11-02,202403030112,2021106323,7,サンライズテラス,0,16,Class1,福島,182.000000000,4,2024,l2_logistic_c0.1,0.048020577,0.187500000
2024-11-02,202403030112,2020101660,8,ケイパブル,0,16,Class1,福島,13.000000000,3,2024,l2_logistic_c0.1,0.175802037,0.187500000
2024-11-02,202403030112,2021101279,9,シャインヴィーナス,0,16,Class1,福島,139.000000000,6,2024,l2_logistic_c0.1,0.175888221,0.187500000
2024-11-02,202403030112,2020101229,10,レディメローラ,0,16,Class1,福島,77.000000000,12,2024,l2_logistic_c0.1,0.292305378,0.187500000
2024-11-02,202403030112,2020100707,11,クレセントウイング,1,16,Class1,福島,139.000000000,10,2024,l2_logistic_c0.1,0.059458271,0.187500000
2024-11-02,202403030112,2020106963,12,アンタノバラード,0,16,Class1,福島,83.000000000,24,2024,l2_logistic_c0.1,0.267269415,0.187500000
2024-11-02,202403030112,2018103200,13,バーニングパワー,0,16,Class1,福島,56.000000000,26,2024,l2_logistic_c0.1,0.134696902,0.187500000
2024-11-02,202403030112,2021103118,14,セイウンサニー,0,16,Class1,福島,105.000000000,7,2024,l2_logistic_c0.1,0.107077520,0.187500000
2024-11-02,202403030112,2020101992,15,ライクアフラワー,0,16,Class1,福島,21.000000000,13,2024,l2_logistic_c0.1,0.450835656,0.187500000
2024-11-02,202403030112,2021104886,16,ドゥーカスコーリ,0,16,Class1,福島,70.000000000,8,2024,l2_logistic_c0.1,0.240168317,0.187500000
2024-11-03,202403030202,2022100981,5,エイシンパンタレイ,1,15,Maiden,福島,64.000000000,3,2024,l2_logistic_c0.1,0.378893251,0.200000000
2024-11-03,202403030202,2022104197,6,カウンターセブン,1,15,Maiden,福島,49.000000000,3,2024,l2_logistic_c0.1,0.447294532,0.200000000
2024-11-03,202403030202,2022101279,8,エネルゲイア,0,15,Maiden,福島,84.000000000,3,2024,l2_logistic_c0.1,0.331803175,0.200000000
2024-11-03,202403030202,2022102321,10,カーティブヨーク,0,15,Maiden,福島,28.000000000,4,2024,l2_logistic_c0.1,0.241758004,0.200000000
2024-11-03,202403030202,2022101936,12,テイオームサシ,0,15,Maiden,福島,50.000000000,4,2024,l2_logistic_c0.1,0.141143808,0.200000000
2024-11-03,202403030202,2022102621,13,リケアコンパンナ,0,15,Maiden,福島,36.000000000,4,2024,l2_logistic_c0.1,0.139123080,0.200000000
2024-11-03,202403030202,2022103322,15,カパラミプ,0,15,Maiden,福島,15.000000000,3,2024,l2_logistic_c0.1,0.146587900,0.200000000
2024-11-03,202403030208,2019105487,1,アドマイヤジェイ,0,16,Class1,福島,29.000000000,13,2024,l2_logistic_c0.1,0.525932091,0.187500000
2024-11-03,202403030208,2019101765,2,ビッグパレード,0,16,Class1,福島,22.000000000,9,2024,l2_logistic_c0.1,0.200345563,0.187500000
2024-11-03,202403030208,2021102561,3,キーウェーブ,0,16,Class1,福島,106.000000000,7,2024,l2_logistic_c0.1,0.226496392,0.187500000
2024-11-03,202403030208,2019103517,4,ディージェーサン,1,16,Class1,福島,20.000000000,26,2024,l2_logistic_c0.1,0.187380703,0.187500000
2024-11-03,202403030208,2021100697,5,ケイサンノーブル,0,16,Class1,福島,190.000000000,5,2024,l2_logistic_c0.1,0.062255170,0.187500000
2024-11-03,202403030208,2021101102,6,ナムラエデン,0,16,Class1,福島,119.000000000,11,2024,l2_logistic_c0.1,0.316861222,0.187500000
2024-11-03,202403030208,2020106344,7,ローブドゥマリエ,0,16,Class1,福島,85.000000000,9,2024,l2_logistic_c0.1,0.259368545,0.187500000
2024-11-03,202403030208,2021107063,8,イツモニコニコ,0,16,Class1,福島,57.000000000,9,2024,l2_logistic_c0.1,0.248063745,0.187500000
2024-11-03,202403030208,2017101448,9,ウインアステロイド,0,16,Class1,福島,63.000000000,47,2024,l2_logistic_c0.1,0.243131767,0.187500000
2024-11-03,202403030208,2021105092,10,ソングオブライフ,1,16,Class1,福島,22.000000000,3,2024,l2_logistic_c0.1,0.435352241,0.187500000
2024-11-03,202403030208,2019103876,11,アパショナード,0,16,Class1,福島,57.000000000,22,2024,l2_logistic_c0.1,0.124948800,0.187500000
2024-11-03,202403030208,2021104490,12,エクセルゴールド,0,16,Class1,福島,43.000000000,8,2024,l2_logistic_c0.1,0.336056883,0.187500000
2024-11-03,202403030208,2021104074,13,ラブディーヴァ,1,16,Class1,福島,78.000000000,7,2024,l2_logistic_c0.1,0.183191754,0.187500000
2024-11-03,202403030208,2021103971,14,ハッピーデービー,0,16,Class1,福島,92.000000000,4,2024,l2_logistic_c0.1,0.232847899,0.187500000
2024-11-03,202403030208,2021105068,15,クリノハレルヤ,0,16,Class1,福島,78.000000000,9,2024,l2_logistic_c0.1,0.251132016,0.187500000
2024-11-03,202403030208,2021103299,16,シアター,0,16,Class1,福島,106.000000000,9,2024,l2_logistic_c0.1,0.386888164,0.187500000
2024-11-03,202403030211,2020102672,1,メイクアスナッチ,0,16,Open,福島,385.000000000,6,2024,l2_logistic_c0.1,0.128731173,0.187500000
2024-11-03,202403030211,2019105345,2,サブライムアンセム,0,16,Open,福島,84.000000000,21,2024,l2_logistic_c0.1,0.106726846,0.187500000
2024-11-03,202403030211,2020106967,3,キタウイング,0,16,Open,福島,20.000000000,18,2024,l2_logistic_c0.1,0.121822225,0.187500000
2024-11-03,202403030211,2020105574,4,ラビュリントス,0,16,Open,福島,105.000000000,5,2024,l2_logistic_c0.1,0.035389545,0.187500000
2024-11-03,202403030211,2019100450,5,ファロロジー,0,16,Open,福島,203.000000000,25,2024,l2_logistic_c0.1,0.086379888,0.187500000
2024-11-03,202403030211,2019105439,6,エターナルタイム,1,16,Open,福島,112.000000000,10,2024,l2_logistic_c0.1,0.489364592,0.187500000
2024-11-03,202403030211,2020101588,7,ロンドンプラン,0,16,Open,福島,154.000000000,9,2024,l2_logistic_c0.1,0.038405514,0.187500000
2024-11-03,202403030211,2019110102,8,デュガ,0,16,Open,福島,71.000000000,21,2024,l2_logistic_c0.1,0.154883716,0.187500000
2024-11-03,202403030211,2017100240,9,スノーテーラー,0,16,Open,福島,469.000000000,20,2024,l2_logistic_c0.1,0.133974846,0.187500000
2024-11-03,202403030211,2019104915,10,バンデルオーラ,0,16,Open,福島,112.000000000,18,2024,l2_logistic_c0.1,0.080718503,0.187500000
2024-11-03,202403030211,2018102155,11,マイネルジェロディ,0,16,Open,福島,105.000000000,29,2024,l2_logistic_c0.1,0.155086842,0.187500000
2024-11-03,202403030211,2019102576,12,クリノマジン,0,16,Open,福島,84.000000000,24,2024,l2_logistic_c0.1,0.098426867,0.187500000
2024-11-03,202403030211,2021102320,13,ペアポルックス,0,16,Open,福島,29.000000000,7,2024,l2_logistic_c0.1,0.383474357,0.187500000
2024-11-03,202403030211,2019100214,14,ウインモナーク,1,16,Open,福島,56.000000000,18,2024,l2_logistic_c0.1,0.227656034,0.187500000
2024-11-03,202403030211,2020101897,15,レッドヒルシューズ,1,16,Open,福島,77.000000000,17,2024,l2_logistic_c0.1,0.244610102,0.187500000
2024-11-03,202403030211,2018106504,16,サトノアイ,0,16,Open,福島,112.000000000,27,2024,l2_logistic_c0.1,0.049942918,0.187500000
2024-11-03,202408060210,2019102041,1,アドヴァイス,0,10,Class3,京都,15.000000000,24,2024,l2_logistic_c0.1,0.249497283,0.300000000
2024-11-03,202408060210,2018103902,2,サウンドブライアン,0,10,Class3,京都,15.000000000,37,2024,l2_logistic_c0.1,0.156903101,0.300000000
2024-11-03,202408060210,2019104697,3,ショウナンマッハ,0,10,Class3,京都,15.000000000,28,2024,l2_logistic_c0.1,0.103952107,0.300000000
2024-11-03,202408060210,2020102971,4,サトノグレイト,0,10,Class3,京都,15.000000000,17,2024,l2_logistic_c0.1,0.228817041,0.300000000
2024-11-03,202408060210,2020105539,5,タガノシャーンス,1,10,Class3,京都,28.000000000,8,2024,l2_logistic_c0.1,0.304032679,0.300000000
2024-11-03,202408060210,2018104559,6,ナリタローゼ,1,10,Class3,京都,42.000000000,26,2024,l2_logistic_c0.1,0.171803810,0.300000000
2024-11-03,202408060210,2019105044,7,アドマイヤラヴィ,0,10,Class3,京都,84.000000000,17,2024,l2_logistic_c0.1,0.290223200,0.300000000
2024-11-03,202408060210,2020103356,8,クファシル,1,10,Class3,京都,71.000000000,9,2024,l2_logistic_c0.1,0.442101891,0.300000000
2024-11-03,202408060210,2019102786,9,ウォータールグラン,0,10,Class3,京都,98.000000000,19,2024,l2_logistic_c0.1,0.051057162,0.300000000
2024-11-03,202408060210,2019101626,10,ピンクマクフィー,0,10,Class3,京都,42.000000000,18,2024,l2_logistic_c0.1,0.250179479,0.300000000
2024-11-09,202403030303,2022107225,3,アミグダラ,0,16,Maiden,福島,21.000000000,4,2024,l2_logistic_c0.1,0.182488786,0.187500000
2024-11-09,202403030303,2022107056,5,テーオーシュターデ,1,16,Maiden,福島,26.000000000,6,2024,l2_logistic_c0.1,0.371955442,0.187500000
2024-11-09,202403030303,2022102371,6,ゴーゴーゴウト,0,16,Maiden,福島,69.000000000,3,2024,l2_logistic_c0.1,0.142451866,0.187500000
2024-11-09,202403030303,2022106907,12,ペタルブランシュ,1,16,Maiden,福島,34.000000000,4,2024,l2_logistic_c0.1,0.230830692,0.187500000
2024-11-09,202403030306,2021101682,1,ギルティプレジャー,0,16,Class1,福島,20.000000000,12,2024,l2_logistic_c0.1,0.129292992,0.187500000
2024-11-09,202403030306,2020100956,2,スーパーマン,1,16,Class1,福島,27.000000000,10,2024,l2_logistic_c0.1,0.316224558,0.187500000
2024-11-09,202403030306,2020106131,3,ジオパーククラウン,1,16,Class1,福島,63.000000000,13,2024,l2_logistic_c0.1,0.124545873,0.187500000
2024-11-09,202403030306,2020100084,4,レッドカメリア,1,16,Class1,福島,104.000000000,11,2024,l2_logistic_c0.1,0.036796358,0.187500000
2024-11-09,202403030306,2019102510,5,アップフルーク,0,16,Class1,福島,20.000000000,16,2024,l2_logistic_c0.1,0.092240016,0.187500000
2024-11-09,202403030306,2021104137,6,ミエノブラボー,0,16,Class1,福島,21.000000000,10,2024,l2_logistic_c0.1,0.166227381,0.187500000
2024-11-09,202403030306,2021103119,7,ニシノアヤカゼ,0,16,Class1,福島,28.000000000,9,2024,l2_logistic_c0.1,0.259262202,0.187500000
2024-11-09,202403030306,2021103552,8,イスラアズール,0,16,Class1,福島,26.000000000,8,2024,l2_logistic_c0.1,0.076728995,0.187500000
2024-11-09,202403030306,2020100997,9,マルモリディライト,0,16,Class1,福島,20.000000000,19,2024,l2_logistic_c0.1,0.179978414,0.187500000
2024-11-09,202403030306,2021102401,10,グランテレーズ,0,16,Class1,福島,20.000000000,9,2024,l2_logistic_c0.1,0.407028552,0.187500000
2024-11-09,202403030306,2021100643,11,トレンシャリー,0,16,Class1,福島,28.000000000,5,2024,l2_logistic_c0.1,0.160951003,0.187500000
2024-11-09,202403030306,2019105265,12,アエリーゾ,0,16,Class1,福島,63.000000000,23,2024,l2_logistic_c0.1,0.178543202,0.187500000
2024-11-09,202403030306,2020100800,13,イナウィンク,0,16,Class1,福島,21.000000000,8,2024,l2_logistic_c0.1,0.055729020,0.187500000
2024-11-09,202403030306,2021106586,14,ラブカムーン,0,16,Class1,福島,21.000000000,9,2024,l2_logistic_c0.1,0.101402239,0.187500000
2024-11-09,202403030306,2021102468,15,ブライティアダイヤ,0,16,Class1,福島,69.000000000,7,2024,l2_logistic_c0.1,0.362609440,0.187500000
2024-11-09,202403030306,2020100355,16,ナックブレイブ,0,16,Class1,福島,55.000000000,12,2024,l2_logistic_c0.1,0.091527468,0.187500000
2024-11-09,202403030310,2020104983,1,マルプリ,0,16,Class2,福島,83.000000000,18,2024,l2_logistic_c0.1,0.318624977,0.187500000
2024-11-09,202403030310,2020105484,2,ニシノコウダイ,1,16,Class2,福島,126.000000000,18,2024,l2_logistic_c0.1,0.232255469,0.187500000
2024-11-09,202403030310,2020101872,3,デイトナモード,0,16,Class2,福島,133.000000000,12,2024,l2_logistic_c0.1,0.383625760,0.187500000
2024-11-09,202403030310,2018103485,4,ジャガード,0,16,Class2,福島,189.000000000,30,2024,l2_logistic_c0.1,0.045072283,0.187500000
2024-11-09,202403030310,2020106777,5,セレッソデアモール,0,16,Class2,福島,84.000000000,14,2024,l2_logistic_c0.1,0.262141763,0.187500000
2024-11-09,202403030310,2020110068,6,エイムインライフ,0,16,Class2,福島,112.000000000,10,2024,l2_logistic_c0.1,0.209878794,0.187500000
2024-11-09,202403030310,2019101643,7,バシレウスシチー,1,16,Class2,福島,77.000000000,11,2024,l2_logistic_c0.1,0.365647922,0.187500000
2024-11-09,202403030310,2019103193,8,トリップトゥムーン,0,16,Class2,福島,77.000000000,30,2024,l2_logistic_c0.1,0.093533611,0.187500000
2024-11-09,202403030310,2021100157,9,ロードトレイル,0,16,Class2,福島,70.000000000,8,2024,l2_logistic_c0.1,0.369916405,0.187500000
2024-11-09,202403030310,2021105054,10,モンシュマン,0,16,Class2,福島,28.000000000,10,2024,l2_logistic_c0.1,0.417712730,0.187500000
2024-11-09,202403030310,2020101378,11,アイヲツグモノ,0,16,Class2,福島,97.000000000,13,2024,l2_logistic_c0.1,0.211055653,0.187500000
2024-11-09,202403030310,2020102718,12,オルフェスト,0,16,Class2,福島,97.000000000,11,2024,l2_logistic_c0.1,0.347311979,0.187500000
2024-11-09,202403030310,2021100243,13,セイウンティーダ,0,16,Class2,福島,26.000000000,12,2024,l2_logistic_c0.1,0.173345143,0.187500000
2024-11-09,202403030310,2021106440,14,アララララ,0,16,Class2,福島,132.000000000,11,2024,l2_logistic_c0.1,0.237661140,0.187500000
2024-11-09,202403030310,2021103005,15,ヒラボクミニー,0,16,Class2,福島,83.000000000,4,2024,l2_logistic_c0.1,0.290263549,0.187500000
2024-11-09,202403030310,2019101270,16,ヨール,1,16,Class2,福島,97.000000000,22,2024,l2_logistic_c0.1,0.093463379,0.187500000
2024-11-09,202403030312,2019106409,1,サンマルヴァレー,1,16,Class1,福島,167.000000000,11,2024,l2_logistic_c0.1,0.012997215,0.187500000
2024-11-09,202403030312,2021104140,3,グレースルージュ,0,16,Class1,福島,119.000000000,8,2024,l2_logistic_c0.1,0.080712083,0.187500000
2024-11-09,202403030312,2020103292,4,ハレアカラフラ,0,16,Class1,福島,97.000000000,10,2024,l2_logistic_c0.1,0.210914641,0.187500000
2024-11-09,202403030312,2021101576,5,レオテミス,1,16,Class1,福島,90.000000000,7,2024,l2_logistic_c0.1,0.216135699,0.187500000
2024-11-09,202403030312,2020102208,6,マテンロウアネモス,0,16,Class1,福島,20.000000000,19,2024,l2_logistic_c0.1,0.259596527,0.187500000
2024-11-09,202403030312,2021104839,7,プレアデスグループ,0,16,Class1,福島,69.000000000,8,2024,l2_logistic_c0.1,0.205571797,0.187500000
2024-11-09,202403030312,2020106149,8,アスキーアート,0,16,Class1,福島,14.000000000,13,2024,l2_logistic_c0.1,0.151297092,0.187500000
2024-11-09,202403030312,2021103322,9,スプリングデイ,0,16,Class1,福島,76.000000000,6,2024,l2_logistic_c0.1,0.382738252,0.187500000
2024-11-09,202403030312,2021102277,10,ポトマックテソーロ,0,16,Class1,福島,91.000000000,8,2024,l2_logistic_c0.1,0.447790184,0.187500000
2024-11-09,202403030312,2020100236,11,ニシノトキメキ,0,16,Class1,福島,118.000000000,12,2024,l2_logistic_c0.1,0.180977627,0.187500000
2024-11-09,202403030312,2021103249,12,ロビンバローズ,0,16,Class1,福島,119.000000000,5,2024,l2_logistic_c0.1,0.233523081,0.187500000
2024-11-09,202403030312,2021105543,13,コートリーバウ,0,16,Class1,福島,104.000000000,9,2024,l2_logistic_c0.1,0.047816406,0.187500000
2024-11-09,202403030312,2021105358,14,アスティスプマンテ,1,16,Class1,福島,90.000000000,8,2024,l2_logistic_c0.1,0.301142113,0.187500000
2024-11-09,202403030312,2021100362,15,ホウオウドルーリー,0,16,Class1,福島,272.000000000,5,2024,l2_logistic_c0.1,0.309078861,0.187500000
2024-11-09,202403030312,2020102640,16,サイモンオリーブ,0,16,Class1,福島,20.000000000,16,2024,l2_logistic_c0.1,0.206858304,0.187500000
2024-11-10,202403030407,2021106692,1,ヘキルリ,0,16,Class1,福島,36.000000000,5,2024,l2_logistic_c0.1,0.317451890,0.187500000
2024-11-10,202403030407,2021105150,2,ナファロア,0,16,Class1,福島,49.000000000,5,2024,l2_logistic_c0.1,0.273572858,0.187500000
2024-11-10,202403030407,2021110014,3,ブライトアゲイン,0,16,Class1,福島,27.000000000,10,2024,l2_logistic_c0.1,0.262036492,0.187500000
2024-11-10,202403030407,2019109096,4,ダイヤモンドフジ,0,16,Class1,福島,29.000000000,14,2024,l2_logistic_c0.1,0.321613508,0.187500000
2024-11-10,202403030407,2021103116,5,ヤブサメ,1,16,Class1,福島,15.000000000,8,2024,l2_logistic_c0.1,0.500599185,0.187500000
2024-11-10,202403030407,2021105880,6,レッドエヴァンス,0,16,Class1,福島,21.000000000,12,2024,l2_logistic_c0.1,0.597201512,0.187500000
2024-11-10,202403030407,2021105901,7,ジークルーネ,0,16,Class1,福島,120.000000000,4,2024,l2_logistic_c0.1,0.205546106,0.187500000
2024-11-10,202403030407,2019106503,8,ソレントフレイバー,1,16,Class1,福島,175.000000000,21,2024,l2_logistic_c0.1,0.287745390,0.187500000
2024-11-10,202403030407,2020104739,9,ランスオブサウンド,0,16,Class1,福島,27.000000000,12,2024,l2_logistic_c0.1,0.315308443,0.187500000
2024-11-10,202403030407,2019110122,10,ブラヴィーノ,0,16,Class1,福島,27.000000000,17,2024,l2_logistic_c0.1,0.096289065,0.187500000
2024-11-10,202403030407,2020104250,11,マジカルガール,0,16,Class1,福島,56.000000000,8,2024,l2_logistic_c0.1,0.178833100,0.187500000
2024-11-10,202403030407,2021105604,12,ステラスプレンダー,0,16,Class1,福島,64.000000000,5,2024,l2_logistic_c0.1,0.284187164,0.187500000
2024-11-10,202403030407,2021109087,13,ニュージェネラル,0,16,Class1,福島,57.000000000,6,2024,l2_logistic_c0.1,0.055388609,0.187500000
2024-11-10,202403030407,2021106298,14,モリノレッドスター,0,16,Class1,福島,29.000000000,9,2024,l2_logistic_c0.1,0.504745822,0.187500000
2024-11-10,202403030407,2021110002,15,ワールドシリーズ,0,16,Class1,福島,196.000000000,4,2024,l2_logistic_c0.1,0.322733282,0.187500000
2024-11-10,202403030407,2020101586,16,エルフレスアリー,1,16,Class1,福島,50.000000000,6,2024,l2_logistic_c0.1,0.553400918,0.187500000
2024-11-10,202403030409,2022103066,2,レイピア,1,16,Open,福島,50.000000000,4,2024,l2_logistic_c0.1,0.348700387,0.187500000
2024-11-10,202403030409,2022105244,4,ポッドベイダー,1,16,Open,福島,70.000000000,3,2024,l2_logistic_c0.1,0.218556227,0.187500000
2024-11-10,202403030409,2022103192,5,オイランブチ,0,16,Open,福島,71.000000000,3,2024,l2_logistic_c0.1,0.101714049,0.187500000
2024-11-10,202403030409,2022104698,7,ブルーサンセット,0,16,Open,福島,57.000000000,3,2024,l2_logistic_c0.1,0.287249704,0.187500000
2024-11-10,202403030409,2022100639,8,ロードヴェルト,0,16,Open,福島,70.000000000,4,2024,l2_logistic_c0.1,0.130906514,0.187500000
2024-11-10,202403030409,2022103324,10,シュラフ,0,16,Open,福島,35.000000000,6,2024,l2_logistic_c0.1,0.279437853,0.187500000
2024-11-10,202403030409,2022110112,11,ジャスパーディビネ,0,16,Open,福島,28.000000000,3,2024,l2_logistic_c0.1,0.114214427,0.187500000
2024-11-10,202403030409,2022104533,13,チョングク,0,16,Open,福島,64.000000000,5,2024,l2_logistic_c0.1,0.053318651,0.187500000
2024-11-10,202403030409,2022104637,14,ホウオウブースター,0,16,Open,福島,70.000000000,3,2024,l2_logistic_c0.1,0.183178205,0.187500000
2024-11-10,202403030409,2022104190,15,ラトルシェ,0,16,Open,福島,43.000000000,3,2024,l2_logistic_c0.1,0.269260779,0.187500000
2024-11-10,202403030409,2022103549,16,コムーネ,0,16,Open,福島,57.000000000,5,2024,l2_logistic_c0.1,0.159321562,0.187500000
2024-11-16,202403030508,2021101793,1,オオゾラヒバリ,0,15,Class1,福島,76.000000000,13,2024,l2_logistic_c0.1,0.134258307,0.200000000
2024-11-16,202403030508,2019101416,2,エールトゥヘヴン,0,15,Class1,福島,56.000000000,21,2024,l2_logistic_c0.1,0.314191627,0.200000000
2024-11-16,202403030508,2021105175,3,セントキルダ,0,15,Class1,福島,62.000000000,12,2024,l2_logistic_c0.1,0.098249491,0.200000000
2024-11-16,202403030508,2020103698,5,エリカソレイユ,0,15,Class1,福島,14.000000000,11,2024,l2_logistic_c0.1,0.140138415,0.200000000
2024-11-16,202403030508,2021106178,6,シュシュトディエス,0,15,Class1,福島,105.000000000,5,2024,l2_logistic_c0.1,0.063801122,0.200000000
2024-11-16,202403030508,2020106722,7,クインズエルサ,0,15,Class1,福島,188.000000000,10,2024,l2_logistic_c0.1,0.083810324,0.200000000
2024-11-16,202403030508,2021103210,8,メイショウサチダケ,0,15,Class1,福島,76.000000000,7,2024,l2_logistic_c0.1,0.141715338,0.200000000
2024-11-16,202403030508,2020105897,9,ソアラ,0,15,Class1,福島,70.000000000,14,2024,l2_logistic_c0.1,0.059614140,0.200000000
2024-11-16,202403030508,2021106395,10,ハッピーサプライズ,0,15,Class1,福島,70.000000000,12,2024,l2_logistic_c0.1,0.044447721,0.200000000
2024-11-16,202403030508,2021105092,11,ソングオブライフ,1,15,Class1,福島,13.000000000,4,2024,l2_logistic_c0.1,0.511742072,0.200000000
2024-11-16,202403030508,2021100476,12,ファイツオン,1,15,Class1,福島,118.000000000,7,2024,l2_logistic_c0.1,0.596149339,0.200000000
2024-11-16,202403030508,2020103420,13,セレンディピティ,0,15,Class1,福島,69.000000000,9,2024,l2_logistic_c0.1,0.243471352,0.200000000
2024-11-16,202403030508,2019105172,14,エスペラント,1,15,Class1,福島,98.000000000,7,2024,l2_logistic_c0.1,0.115886771,0.200000000
2024-11-16,202403030508,2020100707,15,クレセントウイング,0,15,Class1,福島,14.000000000,11,2024,l2_logistic_c0.1,0.153530024,0.200000000
2024-11-16,202403030508,2021106854,16,ハピアーザンエバー,0,15,Class1,福島,111.000000000,9,2024,l2_logistic_c0.1,0.185045916,0.200000000
2024-11-16,202403030511,2019103594,1,レッドアヴァンティ,1,16,Class3,福島,69.000000000,13,2024,l2_logistic_c0.1,0.424383509,0.187500000
2024-11-16,202403030511,2019104260,2,メイショウクリフト,0,16,Class3,福島,223.000000000,14,2024,l2_logistic_c0.1,0.119778208,0.187500000
2024-11-16,202403030511,2019104386,3,トーセンサンダー,0,16,Class3,福島,119.000000000,24,2024,l2_logistic_c0.1,0.296207921,0.187500000
2024-11-16,202403030511,2018106389,4,メイショウツツジ,0,16,Class3,福島,77.000000000,30,2024,l2_logistic_c0.1,0.076584719,0.187500000
2024-11-16,202403030511,2020102299,5,アシャカタカ,0,16,Class3,福島,69.000000000,14,2024,l2_logistic_c0.1,0.322088680,0.187500000
2024-11-16,202403030511,2018102491,6,メイショウエニシア,0,16,Class3,福島,55.000000000,36,2024,l2_logistic_c0.1,0.139938854,0.187500000
2024-11-16,202403030511,2019103897,7,ハピネスアゲン,0,16,Class3,福島,28.000000000,27,2024,l2_logistic_c0.1,0.268828656,0.187500000
2024-11-16,202403030511,2020102630,8,アルーリングビュー,1,16,Class3,福島,55.000000000,13,2024,l2_logistic_c0.1,0.146458694,0.187500000
2024-11-16,202403030511,2020103915,9,ツインクルトーズ,0,16,Class3,福島,28.000000000,20,2024,l2_logistic_c0.1,0.318876426,0.187500000
2024-11-16,202403030511,2021105242,10,シカゴスティング,0,16,Class3,福島,90.000000000,10,2024,l2_logistic_c0.1,0.488282594,0.187500000
2024-11-16,202403030511,2020110114,11,スリーアイランド,1,16,Class3,福島,69.000000000,14,2024,l2_logistic_c0.1,0.236438303,0.187500000
2024-11-16,202403030511,2020104613,12,タツダイヤモンド,0,16,Class3,福島,28.000000000,19,2024,l2_logistic_c0.1,0.237121895,0.187500000
2024-11-16,202403030511,2018102585,13,ロードラスター,0,16,Class3,福島,77.000000000,33,2024,l2_logistic_c0.1,0.058977423,0.187500000
2024-11-16,202403030511,2021110132,14,ジャスパーノワール,0,16,Class3,福島,28.000000000,11,2024,l2_logistic_c0.1,0.367842818,0.187500000
2024-11-16,202403030511,2019100653,15,ハギノメーテル,0,16,Class3,福島,98.000000000,25,2024,l2_logistic_c0.1,0.046201028,0.187500000
2024-11-16,202403030511,2020104203,16,スピードオブライト,0,16,Class3,福島,154.000000000,12,2024,l2_logistic_c0.1,0.222698460,0.187500000
2024-11-17,202403030606,2022105363,1,ラピッドグロウス,0,16,Maiden,福島,15.000000000,3,2024,l2_logistic_c0.1,0.426929649,0.187500000
2024-11-17,202403030606,2022106969,4,メルシーボクアスク,0,16,Maiden,福島,50.000000000,3,2024,l2_logistic_c0.1,0.530475067,0.187500000
2024-11-17,202403030606,2022104197,10,カウンターセブン,0,16,Maiden,福島,14.000000000,4,2024,l2_logistic_c0.1,0.540808399,0.187500000
2024-11-17,202403030606,2022103947,14,ルクスレゼルヴァ,1,16,Maiden,福島,21.000000000,3,2024,l2_logistic_c0.1,0.276196101,0.187500000
2024-11-17,202403030612,2020106585,1,ヴォンヌヴォー,0,16,Class1,福島,43.000000000,18,2024,l2_logistic_c0.1,0.062838774,0.187500000
2024-11-17,202403030612,2021102468,2,ブライティアダイヤ,0,16,Class1,福島,8.000000000,8,2024,l2_logistic_c0.1,0.413368194,0.187500000
2024-11-17,202403030612,2020100084,3,レッドカメリア,0,16,Class1,福島,8.000000000,12,2024,l2_logistic_c0.1,0.130383920,0.187500000
2024-11-17,202403030612,2021104903,4,ヴェルトラウム,0,16,Class1,福島,78.000000000,7,2024,l2_logistic_c0.1,0.238505147,0.187500000
2024-11-17,202403030612,2021104490,5,エクセルゴールド,0,16,Class1,福島,14.000000000,9,2024,l2_logistic_c0.1,0.427782774,0.187500000
2024-11-17,202403030612,2020100956,6,スーパーマン,0,16,Class1,福島,8.000000000,11,2024,l2_logistic_c0.1,0.426662543,0.187500000
2024-11-17,202403030612,2020100500,7,ヴィエンヌ,0,16,Class1,福島,78.000000000,10,2024,l2_logistic_c0.1,0.109588419,0.187500000
2024-11-17,202403030612,2020105298,8,ノースディーバ,0,16,Class1,福島,22.000000000,18,2024,l2_logistic_c0.1,0.160712044,0.187500000
2024-11-17,202403030612,2020101229,9,レディメローラ,0,16,Class1,福島,15.000000000,13,2024,l2_logistic_c0.1,0.385769889,0.187500000
2024-11-17,202403030612,2021106690,10,ペルフェツィオーネ,0,16,Class1,福島,43.000000000,9,2024,l2_logistic_c0.1,0.198709704,0.187500000
2024-11-17,202403030612,2021103312,11,ロードマイライフ,1,16,Class1,福島,225.000000000,6,2024,l2_logistic_c0.1,0.485056340,0.187500000
2024-11-17,202403030612,2021101605,12,エルプロフェッサー,0,16,Class1,福島,140.000000000,10,2024,l2_logistic_c0.1,0.286080245,0.187500000
2024-11-17,202403030612,2021102433,13,アートフォーム,0,16,Class1,福島,28.000000000,8,2024,l2_logistic_c0.1,0.225477121,0.187500000
2024-11-17,202403030612,2019106503,14,ソレントフレイバー,1,16,Class1,福島,7.000000000,22,2024,l2_logistic_c0.1,0.410436899,0.187500000
2024-11-17,202403030612,2021100019,15,マサノカナリア,1,16,Class1,福島,28.000000000,9,2024,l2_logistic_c0.1,0.225946548,0.187500000
2024-11-17,202403030612,2021103289,16,レディーエンジェル,0,16,Class1,福島,28.000000000,9,2024,l2_logistic_c0.1,0.112314808,0.187500000
2024-11-17,202408060601,2022104646,5,プレインコート,0,18,Maiden,京都,34.000000000,3,2024,l2_logistic_c0.1,0.126764268,0.166666667
2024-11-17,202408060601,2022101456,6,ダイヤモンド,1,18,Maiden,京都,28.000000000,3,2024,l2_logistic_c0.1,0.411845080,0.166666667
2024-11-17,202408060601,2022103653,9,アスカノソング,0,18,Maiden,京都,15.000000000,4,2024,l2_logistic_c0.1,0.047109669,0.166666667
2024-11-17,202408060601,2022103154,14,カルミネイション,0,18,Maiden,京都,15.000000000,4,2024,l2_logistic_c0.1,0.236277388,0.166666667
2024-11-23,202408060712,2021105833,1,カリーシ,0,15,Class2,京都,27.000000000,9,2024,l2_logistic_c0.1,0.562865167,0.200000000
2024-11-23,202408060712,2020106737,2,メイショウコギク,0,15,Class2,京都,13.000000000,20,2024,l2_logistic_c0.1,0.116433940,0.200000000
2024-11-23,202408060712,2021110039,4,コーティアスマナー,0,15,Class2,京都,84.000000000,9,2024,l2_logistic_c0.1,0.429161351,0.200000000
2024-11-23,202408060712,2018100097,5,スマートルシーダ,0,15,Class2,京都,56.000000000,29,2024,l2_logistic_c0.1,0.109534419,0.200000000
2024-11-23,202408060712,2019104498,6,インプロバイザー,1,15,Class2,京都,77.000000000,25,2024,l2_logistic_c0.1,0.118116390,0.200000000
2024-11-23,202408060712,2019101679,7,ヴィアドロローサ,0,15,Class2,京都,91.000000000,24,2024,l2_logistic_c0.1,0.089429278,0.200000000
2024-11-23,202408060712,2021101598,8,アンクルクロス,1,15,Class2,京都,42.000000000,12,2024,l2_logistic_c0.1,0.354207821,0.200000000
2024-11-23,202408060712,2021103278,9,メイショウミリオレ,0,15,Class2,京都,63.000000000,5,2024,l2_logistic_c0.1,0.194870656,0.200000000
2024-11-23,202408060712,2020110068,10,エイムインライフ,0,15,Class2,京都,14.000000000,11,2024,l2_logistic_c0.1,0.243964407,0.200000000
2024-11-23,202408060712,2020103898,11,イグニション,0,15,Class2,京都,27.000000000,17,2024,l2_logistic_c0.1,0.258252120,0.200000000
2024-11-23,202408060712,2020102140,12,アンビバレント,0,15,Class2,京都,84.000000000,17,2024,l2_logistic_c0.1,0.048926519,0.200000000
2024-11-23,202408060712,2021103171,13,タイキヴァンクール,1,15,Class2,京都,139.000000000,8,2024,l2_logistic_c0.1,0.467863645,0.200000000
2024-11-23,202408060712,2019102458,14,ワンダーキサラ,0,15,Class2,京都,125.000000000,19,2024,l2_logistic_c0.1,0.317943250,0.200000000
2024-11-23,202408060712,2021102461,15,バンドシェル,0,15,Class2,京都,42.000000000,8,2024,l2_logistic_c0.1,0.385851127,0.200000000
2024-11-23,202408060712,2019103193,16,トリップトゥムーン,0,15,Class2,京都,14.000000000,31,2024,l2_logistic_c0.1,0.105638035,0.200000000
2024-11-24,202408060812,2017101429,1,ウインカーネリアン,1,18,Open,京都,29.000000000,26,2024,l2_logistic_c0.1,0.321094963,0.166666667
2024-11-24,202408060812,2017100434,2,ヴェントヴォーチェ,1,18,Open,京都,56.000000000,16,2024,l2_logistic_c0.1,0.182388994,0.166666667
2024-11-24,202408060812,2020100896,3,ビッグシーザー,1,18,Open,京都,50.000000000,17,2024,l2_logistic_c0.1,0.369655566,0.166666667
2024-11-24,202408060812,2019104911,4,プルパレイ,0,18,Open,京都,50.000000000,25,2024,l2_logistic_c0.1,0.130041097,0.166666667
2024-11-24,202408060812,2017106137,5,グレイトゲイナー,0,18,Open,京都,77.000000000,40,2024,l2_logistic_c0.1,0.064829519,0.166666667
2024-11-24,202408060812,2019105126,6,アグリ,0,18,Open,京都,29.000000000,16,2024,l2_logistic_c0.1,0.247459727,0.166666667
2024-11-24,202408060812,2019105806,7,ドロップオブライト,0,18,Open,京都,98.000000000,20,2024,l2_logistic_c0.1,0.211201523,0.166666667
2024-11-24,202408060812,2019105345,8,サブライムアンセム,0,18,Open,京都,21.000000000,22,2024,l2_logistic_c0.1,0.060095937,0.166666667
2024-11-24,202408060812,2018105366,9,レッドベルオーブ,0,18,Open,京都,126.000000000,24,2024,l2_logistic_c0.1,0.025097486,0.166666667
2024-11-24,202408060812,2020101543,10,グランテスト,0,18,Open,京都,50.000000000,12,2024,l2_logistic_c0.1,0.290759345,0.166666667
2024-11-24,202408060812,2020101503,11,カンチェンジュンガ,0,18,Open,京都,14.000000000,15,2024,l2_logistic_c0.1,0.120839934,0.166666667
2024-11-24,202408060812,2019102979,12,エイシンスポッター,0,18,Open,京都,56.000000000,23,2024,l2_logistic_c0.1,0.213466682,0.166666667
2024-11-24,202408060812,2019103422,13,テイエムスパーダ,0,18,Open,京都,77.000000000,21,2024,l2_logistic_c0.1,0.062598560,0.166666667
2024-11-24,202408060812,2020102764,14,モズメイメイ,0,18,Open,京都,56.000000000,15,2024,l2_logistic_c0.1,0.246081154,0.166666667
2024-11-24,202408060812,2019105968,15,チェイスザドリーム,0,18,Open,京都,28.000000000,21,2024,l2_logistic_c0.1,0.119142507,0.166666667
2024-11-24,202408060812,2019102240,16,マメコ,0,18,Open,京都,105.000000000,22,2024,l2_logistic_c0.1,0.136131767,0.166666667
2024-11-24,202408060812,2020101897,17,レッドヒルシューズ,0,18,Open,京都,21.000000000,18,2024,l2_logistic_c0.1,0.203895732,0.166666667
2024-11-24,202408060812,2016106263,18,ラプタス,0,18,Open,京都,175.000000000,13,2024,l2_logistic_c0.1,0.078619495,0.166666667
2024-11-30,202406050112,2021105485,1,エリカカリーナ,0,15,Class2,中山,104.000000000,7,2024,l2_logistic_c0.1,0.313486772,0.200000000
2024-11-30,202406050112,2021104006,2,クリスアーサー,0,15,Class2,中山,189.000000000,7,2024,l2_logistic_c0.1,0.152063645,0.200000000
2024-11-30,202406050112,2019105175,3,ステイトダイアデム,0,15,Class2,中山,63.000000000,9,2024,l2_logistic_c0.1,0.271643866,0.200000000
2024-11-30,202406050112,2020106795,4,フクノワカバ,0,15,Class2,中山,49.000000000,22,2024,l2_logistic_c0.1,0.030556114,0.200000000
2024-11-30,202406050112,2021100610,5,アサギリ,0,15,Class2,中山,13.000000000,13,2024,l2_logistic_c0.1,0.098477898,0.200000000
2024-11-30,202406050112,2020104983,6,マルプリ,0,15,Class2,中山,21.000000000,19,2024,l2_logistic_c0.1,0.223054485,0.200000000
2024-11-30,202406050112,2019101270,7,ヨール,0,15,Class2,中山,21.000000000,23,2024,l2_logistic_c0.1,0.189716087,0.200000000
2024-11-30,202406050112,2019102747,8,マキアージュ,1,15,Class2,中山,49.000000000,29,2024,l2_logistic_c0.1,0.079591614,0.200000000
2024-11-30,202406050112,2020103366,9,スティルディマーレ,0,15,Class2,中山,13.000000000,14,2024,l2_logistic_c0.1,0.106916868,0.200000000
2024-11-30,202406050112,2020106384,10,カイザーブリッツ,0,15,Class2,中山,69.000000000,18,2024,l2_logistic_c0.1,0.040073005,0.200000000
2024-11-30,202406050112,2019106179,11,ハートホイップ,0,15,Class2,中山,140.000000000,15,2024,l2_logistic_c0.1,0.143815733,0.200000000
2024-11-30,202406050112,2021100522,12,ジョーメッドヴィン,1,15,Class2,中山,49.000000000,14,2024,l2_logistic_c0.1,0.284143630,0.200000000
2024-11-30,202406050112,2021104665,13,レザンノワール,0,15,Class2,中山,63.000000000,9,2024,l2_logistic_c0.1,0.290352906,0.200000000
2024-11-30,202406050112,2020103962,14,ステークホルダー,1,15,Class2,中山,49.000000000,21,2024,l2_logistic_c0.1,0.329485198,0.200000000
2024-11-30,202406050112,2021100356,15,クールベイビー,0,15,Class2,中山,34.000000000,12,2024,l2_logistic_c0.1,0.158780951,0.200000000
2024-11-30,202407040104,2022100981,1,エイシンパンタレイ,1,17,Maiden,中京,27.000000000,4,2024,l2_logistic_c0.1,0.404778930,0.176470588
2024-11-30,202407040104,2022105379,2,マギームーン,0,17,Maiden,中京,76.000000000,3,2024,l2_logistic_c0.1,0.196309889,0.176470588
2024-11-30,202407040104,2022101658,8,タケノリッチ,0,17,Maiden,中京,13.000000000,3,2024,l2_logistic_c0.1,0.077161490,0.176470588
2024-11-30,202407040104,2022103497,9,エコロジェイド,0,17,Maiden,中京,70.000000000,3,2024,l2_logistic_c0.1,0.057281667,0.176470588
2024-11-30,202407040104,2022104501,11,パリコレジェンヌ,0,17,Maiden,中京,49.000000000,3,2024,l2_logistic_c0.1,0.211587776,0.176470588
2024-11-30,202407040104,2022104197,14,カウンターセブン,0,17,Maiden,中京,13.000000000,5,2024,l2_logistic_c0.1,0.360220337,0.176470588
2024-11-30,202407040104,2022107056,15,テーオーシュターデ,0,17,Maiden,中京,21.000000000,7,2024,l2_logistic_c0.1,0.326386316,0.176470588
2024-11-30,202407040104,2022103039,16,スネーフリンガ,0,17,Maiden,中京,6.000000000,4,2024,l2_logistic_c0.1,0.190978595,0.176470588
2024-11-30,202407040104,2022101203,17,ゲレル,0,17,Maiden,中京,97.000000000,3,2024,l2_logistic_c0.1,0.202149102,0.176470588
2024-11-30,202408070109,2022101623,1,アブキールベイ,1,9,Class1,京都,56.000000000,3,2024,l2_logistic_c0.1,0.495732022,0.333333333
2024-11-30,202408070109,2022100837,4,ヒデノブルースカイ,0,9,Class1,京都,14.000000000,3,2024,l2_logistic_c0.1,0.370232372,0.333333333
2024-11-30,202408070109,2022103947,5,ルクスレゼルヴァ,1,9,Class1,京都,13.000000000,4,2024,l2_logistic_c0.1,0.461713619,0.333333333
2024-11-30,202408070109,2022104698,6,ブルーサンセット,0,9,Class1,京都,20.000000000,4,2024,l2_logistic_c0.1,0.600868830,0.333333333
2024-11-30,202408070109,2022104960,7,カルプスペルシュ,0,9,Class1,京都,28.000000000,3,2024,l2_logistic_c0.1,0.520503522,0.333333333
2024-12-01,202406050209,2021104073,1,カピリナ,1,16,Class3,中山,35.000000000,8,2024,l2_logistic_c0.1,0.479849079,0.187500000
2024-12-01,202406050209,2020105049,2,ハヤブサジェット,0,16,Class3,中山,63.000000000,9,2024,l2_logistic_c0.1,0.032515004,0.187500000
2024-12-01,202406050209,2020101262,3,エコロレジーナ,1,16,Class3,中山,43.000000000,20,2024,l2_logistic_c0.1,0.131552758,0.187500000
2024-12-01,202406050209,2020104088,4,ランドオブラヴ,0,16,Class3,中山,85.000000000,12,2024,l2_logistic_c0.1,0.306731286,0.187500000
2024-12-01,202406050209,2019102786,5,ウォータールグラン,0,16,Class3,中山,28.000000000,20,2024,l2_logistic_c0.1,0.062464523,0.187500000
2024-12-01,202406050209,2019103010,6,オードゥメール,0,16,Class3,中山,134.000000000,22,2024,l2_logistic_c0.1,0.183773669,0.187500000
2024-12-01,202406050209,2019104525,7,ラキエータ,0,16,Class3,中山,70.000000000,19,2024,l2_logistic_c0.1,0.111991206,0.187500000
2024-12-01,202406050209,2018110037,8,ブルースピリット,0,16,Class3,中山,43.000000000,21,2024,l2_logistic_c0.1,0.130157030,0.187500000
2024-12-01,202406050209,2019106623,9,クロスマジェスティ,0,16,Class3,中山,210.000000000,20,2024,l2_logistic_c0.1,0.047907848,0.187500000
2024-12-01,202406050209,2020100443,10,エイシンエイト,0,16,Class3,中山,43.000000000,10,2024,l2_logistic_c0.1,0.203994318,0.187500000
2024-12-01,202406050209,2020110133,11,フロムダスク,0,16,Class3,中山,42.000000000,16,2024,l2_logistic_c0.1,0.044105124,0.187500000
2024-12-01,202406050209,2021101924,12,フィオライア,0,16,Class3,中山,71.000000000,5,2024,l2_logistic_c0.1,0.511581451,0.187500000
2024-12-01,202406050209,2020103238,13,オックスリップ,0,16,Class3,中山,50.000000000,15,2024,l2_logistic_c0.1,0.228853269,0.187500000
2024-12-01,202406050209,2019100751,14,マイネルレノン,1,16,Class3,中山,43.000000000,23,2024,l2_logistic_c0.1,0.220194949,0.187500000
2024-12-01,202406050209,2020106330,15,ラウラーナ,0,16,Class3,中山,35.000000000,20,2024,l2_logistic_c0.1,0.036974738,0.187500000
2024-12-01,202406050209,2020105539,16,タガノシャーンス,0,16,Class3,中山,28.000000000,9,2024,l2_logistic_c0.1,0.310449710,0.187500000
2024-12-01,202406050211,2020100815,1,ミルトクレイモー,0,16,Open,中山,35.000000000,20,2024,l2_logistic_c0.1,0.260978382,0.187500000
2024-12-01,202406050211,2020109102,2,サウザンサニー,0,16,Open,中山,84.000000000,13,2024,l2_logistic_c0.1,0.407586515,0.187500000
2024-12-01,202406050211,2021102392,3,ナナオ,1,16,Open,中山,57.000000000,9,2024,l2_logistic_c0.1,0.374948519,0.187500000
2024-12-01,202406050211,2019106102,4,アネゴハダ,0,16,Open,中山,57.000000000,24,2024,l2_logistic_c0.1,0.133441450,0.187500000
2024-12-01,202406050211,2020105295,5,エエヤン,0,16,Open,中山,63.000000000,14,2024,l2_logistic_c0.1,0.121792587,0.187500000
2024-12-01,202406050211,2019105452,6,ミッキーハーモニー,0,16,Open,中山,84.000000000,14,2024,l2_logistic_c0.1,0.082920195,0.187500000
2024-12-01,202406050211,2019100214,7,ウインモナーク,1,16,Open,中山,28.000000000,19,2024,l2_logistic_c0.1,0.260265135,0.187500000
2024-12-01,202406050211,2020101419,8,ブーケファロス,0,16,Open,中山,57.000000000,21,2024,l2_logistic_c0.1,0.192008335,0.187500000
2024-12-01,202406050211,2021102320,9,ペアポルックス,1,16,Open,中山,28.000000000,8,2024,l2_logistic_c0.1,0.267489181,0.187500000
2024-12-01,202406050211,2019104470,10,キミワクイーン,0,16,Open,中山,84.000000000,19,2024,l2_logistic_c0.1,0.194636796,0.187500000
2024-12-01,202406050211,2021105122,11,マスクオールウィン,0,16,Open,中山,21.000000000,11,2024,l2_logistic_c0.1,0.188641864,0.187500000
2024-12-01,202406050211,2018106834,12,テーオーシリウス,0,16,Open,中山,50.000000000,30,2024,l2_logistic_c0.1,0.049172299,0.187500000
2024-12-01,202406050211,2020110090,13,ティニア,0,16,Open,中山,21.000000000,16,2024,l2_logistic_c0.1,0.180904380,0.187500000
2024-12-01,202406050211,2020105018,14,スズハローム,0,16,Open,中山,36.000000000,13,2024,l2_logistic_c0.1,0.341078592,0.187500000
2024-12-01,202406050211,2017110123,15,ヴィズサクセス,0,16,Open,中山,238.000000000,20,2024,l2_logistic_c0.1,0.054475598,0.187500000
2024-12-01,202406050211,2017106720,16,サンライズオネスト,0,16,Open,中山,99.000000000,35,2024,l2_logistic_c0.1,0.079697348,0.187500000
2024-12-07,202406050309,2022100737,4,セイウンビッグバン,0,13,Class1,中山,48.000000000,3,2024,l2_logistic_c0.1,0.572535077,0.230769231
2024-12-07,202406050309,2022106999,6,ニシノクードクール,0,13,Class1,中山,35.000000000,5,2024,l2_logistic_c0.1,0.489835215,0.230769231
2024-12-07,202406050309,2022102621,9,リケアコンパンナ,0,13,Class1,中山,34.000000000,5,2024,l2_logistic_c0.1,0.165194254,0.230769231
2024-12-07,202406050309,2022106677,10,カガバベル,0,13,Class1,中山,35.000000000,4,2024,l2_logistic_c0.1,0.175926392,0.230769231
2024-12-07,202406050309,2022103066,11,レイピア,0,13,Class1,中山,27.000000000,5,2024,l2_logistic_c0.1,0.657498706,0.230769231
2024-12-07,202406050309,2022104533,12,チョングク,0,13,Class1,中山,27.000000000,6,2024,l2_logistic_c0.1,0.187120790,0.230769231
2024-12-07,202407040312,2021102952,1,オベイユアマスター,0,18,Class1,中京,97.000000000,11,2024,l2_logistic_c0.1,0.140275141,0.166666667
2024-12-07,202407040312,2020100236,2,ニシノトキメキ,0,18,Class1,中京,28.000000000,13,2024,l2_logistic_c0.1,0.220831380,0.166666667
2024-12-07,202407040312,2018106581,3,セレッソフレイム,0,18,Class1,中京,636.000000000,21,2024,l2_logistic_c0.1,0.014797524,0.166666667
2024-12-07,202407040312,2021105605,4,アイルドリアン,1,18,Class1,中京,119.000000000,4,2024,l2_logistic_c0.1,0.177743518,0.166666667
2024-12-07,202407040312,2019106503,5,ソレントフレイバー,0,18,Class1,中京,20.000000000,23,2024,l2_logistic_c0.1,0.327545992,0.166666667
2024-12-07,202407040312,2020105298,6,ノースディーバ,0,18,Class1,中京,20.000000000,19,2024,l2_logistic_c0.1,0.275419876,0.166666667
2024-12-07,202407040312,2019109096,7,ダイヤモンドフジ,0,18,Class1,中京,27.000000000,15,2024,l2_logistic_c0.1,0.237660085,0.166666667
2024-12-07,202407040312,2020105073,8,ガットネロ,1,18,Class1,中京,91.000000000,15,2024,l2_logistic_c0.1,0.453506559,0.166666667
2024-12-07,202407040312,2020101069,9,セリオーソ,0,18,Class1,中京,90.000000000,10,2024,l2_logistic_c0.1,0.091705191,0.166666667
2024-12-07,202407040312,2020100289,10,シルバーダイヤ,1,18,Class1,中京,77.000000000,18,2024,l2_logistic_c0.1,0.145086435,0.166666667
2024-12-07,202407040312,2020100906,11,フライングブレード,0,18,Class1,中京,119.000000000,15,2024,l2_logistic_c0.1,0.184826718,0.166666667
2024-12-07,202407040312,2020100707,12,クレセントウイング,0,18,Class1,中京,21.000000000,12,2024,l2_logistic_c0.1,0.144472451,0.166666667
2024-12-07,202407040312,2021103322,13,スプリングデイ,0,18,Class1,中京,28.000000000,7,2024,l2_logistic_c0.1,0.352731685,0.166666667
2024-12-07,202407040312,2020100795,14,ベルタソ,0,18,Class1,中京,280.000000000,9,2024,l2_logistic_c0.1,0.066335616,0.166666667
2024-12-07,202407040312,2020104415,15,スピニングマーリン,0,18,Class1,中京,77.000000000,15,2024,l2_logistic_c0.1,0.043974268,0.166666667
2024-12-07,202407040312,2021106586,16,ラブカムーン,0,18,Class1,中京,28.000000000,10,2024,l2_logistic_c0.1,0.082893841,0.166666667
2024-12-07,202407040312,2021101394,17,モンレーヴ,0,18,Class1,中京,77.000000000,11,2024,l2_logistic_c0.1,0.131009418,0.166666667
2024-12-07,202407040312,2021107369,18,ギヴイットアゴー,0,18,Class1,中京,265.000000000,4,2024,l2_logistic_c0.1,0.100456446,0.166666667
2024-12-08,202406050402,2022107225,1,アミグダラ,0,16,Maiden,中山,29.000000000,5,2024,l2_logistic_c0.1,0.181066278,0.187500000
2024-12-08,202406050402,2022104068,3,オカゲサン,0,16,Maiden,中山,63.000000000,3,2024,l2_logistic_c0.1,0.275527449,0.187500000
2024-12-08,202406050402,2022106907,8,ペタルブランシュ,0,16,Maiden,中山,29.000000000,5,2024,l2_logistic_c0.1,0.332841108,0.187500000
2024-12-08,202406050402,2022103870,11,ベストヒューマ,0,16,Maiden,中山,63.000000000,4,2024,l2_logistic_c0.1,0.049557607,0.187500000
2024-12-08,202406050402,2022103334,12,タワークライマー,0,16,Maiden,中山,98.000000000,3,2024,l2_logistic_c0.1,0.189650332,0.187500000
2024-12-08,202406050402,2022106818,14,マイネルステラート,1,16,Maiden,中山,21.000000000,3,2024,l2_logistic_c0.1,0.439156015,0.187500000
2024-12-08,202406050402,2022100620,16,シルフレイ,1,16,Maiden,中山,77.000000000,3,2024,l2_logistic_c0.1,0.336838329,0.187500000
2024-12-08,202407040411,2019103898,1,スーサンアッシャー,0,13,Class3,中京,77.000000000,18,2024,l2_logistic_c0.1,0.211272519,0.230769231
2024-12-08,202407040411,2018106389,2,メイショウツツジ,0,13,Class3,中京,22.000000000,31,2024,l2_logistic_c0.1,0.063473081,0.230769231
2024-12-08,202407040411,2018103406,3,トーホウディアス,0,13,Class3,中京,63.000000000,34,2024,l2_logistic_c0.1,0.417684759,0.230769231
2024-12-08,202407040411,2019105555,4,ヴェールアンレーヴ,0,13,Class3,中京,99.000000000,19,2024,l2_logistic_c0.1,0.175491850,0.230769231
2024-12-08,202407040411,2021101598,5,アンクルクロス,1,13,Class3,中京,15.000000000,13,2024,l2_logistic_c0.1,0.422609220,0.230769231
2024-12-08,202407040411,2020101792,6,プロスペリダード,0,13,Class3,中京,50.000000000,17,2024,l2_logistic_c0.1,0.257259702,0.230769231
2024-12-08,202407040411,2019100604,7,ヤマニンアンフィル,1,13,Class3,中京,99.000000000,21,2024,l2_logistic_c0.1,0.338704501,0.230769231
2024-12-08,202407040411,2020102299,8,アシャカタカ,0,13,Class3,中京,22.000000000,15,2024,l2_logistic_c0.1,0.210740908,0.230769231
2024-12-08,202407040411,2019101079,9,アスクビギンアゲン,0,13,Class3,中京,147.000000000,20,2024,l2_logistic_c0.1,0.170641654,0.230769231
2024-12-08,202407040411,2019102041,10,アドヴァイス,0,13,Class3,中京,35.000000000,25,2024,l2_logistic_c0.1,0.142185176,0.230769231
2024-12-08,202407040411,2020106954,11,タイセイキューティ,0,13,Class3,中京,55.000000000,12,2024,l2_logistic_c0.1,0.092837381,0.230769231
2024-12-08,202407040411,2020110114,12,スリーアイランド,1,13,Class3,中京,22.000000000,15,2024,l2_logistic_c0.1,0.350447709,0.230769231
2024-12-08,202407040411,2019105760,13,シュヴェルトライテ,0,13,Class3,中京,8.000000000,22,2024,l2_logistic_c0.1,0.171909297,0.230769231
2024-12-08,202408070412,2019101643,1,バシレウスシチー,0,11,Class2,京都,29.000000000,12,2024,l2_logistic_c0.1,0.537620478,0.272727273
2024-12-08,202408070412,2017101991,2,テンジュイン,0,11,Class2,京都,42.000000000,50,2024,l2_logistic_c0.1,0.052947015,0.272727273
2024-12-08,202408070412,2021106615,3,キャンシーエンゼル,0,11,Class2,京都,57.000000000,7,2024,l2_logistic_c0.1,0.404499485,0.272727273
2024-12-08,202408070412,2019102458,4,ワンダーキサラ,1,11,Class2,京都,15.000000000,20,2024,l2_logistic_c0.1,0.514053141,0.272727273
2024-12-08,202408070412,2021102670,5,イサチルシーサイド,1,11,Class2,京都,28.000000000,8,2024,l2_logistic_c0.1,0.491474932,0.272727273
2024-12-08,202408070412,2021110119,6,サンドロナイト,0,11,Class2,京都,148.000000000,4,2024,l2_logistic_c0.1,0.573396298,0.272727273
2024-12-08,202408070412,2018104534,7,アスクキングコング,0,11,Class2,京都,225.000000000,31,2024,l2_logistic_c0.1,0.152618469,0.272727273
2024-12-08,202408070412,2019104498,8,インプロバイザー,1,11,Class2,京都,15.000000000,26,2024,l2_logistic_c0.1,0.208504413,0.272727273
2024-12-08,202408070412,2019103442,9,クラリティスケール,0,11,Class2,京都,211.000000000,21,2024,l2_logistic_c0.1,0.076194043,0.272727273
2024-12-08,202408070412,2019102321,10,キングクー,0,11,Class2,京都,14.000000000,20,2024,l2_logistic_c0.1,0.186118958,0.272727273
2024-12-08,202408070412,2018101951,11,タガノスペルノヴァ,0,11,Class2,京都,49.000000000,27,2024,l2_logistic_c0.1,0.235658159,0.272727273
2024-12-14,202407040509,2022104920,1,ハイファイスピード,0,11,Open,中京,42.000000000,3,2024,l2_logistic_c0.1,0.218984188,0.272727273
2024-12-14,202407040509,2022106874,2,ナムラトロム,0,11,Open,中京,84.000000000,4,2024,l2_logistic_c0.1,0.239510373,0.272727273
2024-12-14,202407040509,2022110105,3,アメリカンステージ,1,11,Open,中京,6.000000000,5,2024,l2_logistic_c0.1,0.363959755,0.272727273
2024-12-14,202407040509,2022106666,4,ドゥアムール,1,11,Open,中京,153.000000000,3,2024,l2_logistic_c0.1,0.303427118,0.272727273
2024-12-14,202407040509,2022106555,5,タガノアンファン,0,11,Open,中京,14.000000000,3,2024,l2_logistic_c0.1,0.527944766,0.272727273
2024-12-14,202407040509,2022100639,7,ロードヴェルト,0,11,Open,中京,34.000000000,5,2024,l2_logistic_c0.1,0.234081417,0.272727273
2024-12-14,202407040509,2022105244,8,ポッドベイダー,1,11,Open,中京,34.000000000,4,2024,l2_logistic_c0.1,0.402315697,0.272727273
2024-12-14,202407040509,2022106418,9,ブラックトルネード,0,11,Open,中京,13.000000000,5,2024,l2_logistic_c0.1,0.104113947,0.272727273
2024-12-14,202407040509,2022107258,10,ラブアイミー,0,11,Open,中京,34.000000000,3,2024,l2_logistic_c0.1,0.171922574,0.272727273
2024-12-14,202407040509,2022102819,11,ブリッツアロング,0,11,Open,中京,56.000000000,4,2024,l2_logistic_c0.1,0.198430873,0.272727273
2024-12-14,202408070503,2022106134,1,スキャットメロディ,0,15,Maiden,京都,13.000000000,3,2024,l2_logistic_c0.1,0.170339249,0.200000000
2024-12-14,202408070503,2022102863,3,プライムクオリティ,0,15,Maiden,京都,6.000000000,4,2024,l2_logistic_c0.1,0.060774519,0.200000000
2024-12-14,202408070503,2022109054,7,マサウッドテール,0,15,Maiden,京都,61.000000000,4,2024,l2_logistic_c0.1,0.104088714,0.200000000
2024-12-14,202408070503,2022104163,8,オンザブルースカイ,1,15,Maiden,京都,20.000000000,4,2024,l2_logistic_c0.1,0.348257211,0.200000000
2024-12-14,202408070503,2022101658,10,タケノリッチ,0,15,Maiden,京都,14.000000000,4,2024,l2_logistic_c0.1,0.137563667,0.200000000
2024-12-14,202408070503,2022100981,11,エイシンパンタレイ,0,15,Maiden,京都,14.000000000,5,2024,l2_logistic_c0.1,0.540323350,0.200000000
2024-12-14,202408070511,2017100367,1,サトノファビュラス,0,16,Open,京都,48.000000000,28,2024,l2_logistic_c0.1,0.102506183,0.187500000
2024-12-14,202408070511,2018106388,2,メイショウホシアイ,0,16,Open,京都,112.000000000,27,2024,l2_logistic_c0.1,0.170290587,0.187500000
2024-12-14,202408070511,2021104556,3,カルチャーデイ,0,16,Open,京都,61.000000000,6,2024,l2_logistic_c0.1,0.118898928,0.187500000
2024-12-14,202408070511,2020101827,4,バースクライ,1,16,Open,京都,49.000000000,13,2024,l2_logistic_c0.1,0.199717982,0.187500000
2024-12-14,202408070511,2017100583,5,ディヴィナシオン,0,16,Open,京都,112.000000000,54,2024,l2_logistic_c0.1,0.098425435,0.187500000
2024-12-14,202408070511,2020110040,6,ヤクシマ,0,16,Open,京都,48.000000000,21,2024,l2_logistic_c0.1,0.077764075,0.187500000
2024-12-14,202408070511,2019105237,7,スリーパーダ,0,16,Open,京都,61.000000000,17,2024,l2_logistic_c0.1,0.071807950,0.187500000
2024-12-14,202408070511,2016104668,8,カリボール,0,16,Open,京都,97.000000000,36,2024,l2_logistic_c0.1,0.072816303,0.187500000
2024-12-14,202408070511,2018101343,9,ゾンニッヒ,0,16,Open,京都,111.000000000,25,2024,l2_logistic_c0.1,0.213238833,0.187500000
2024-12-14,202408070511,2019105459,10,ソウテン,0,16,Open,京都,125.000000000,21,2024,l2_logistic_c0.1,0.085988743,0.187500000
2024-12-14,202408070511,2019102137,11,シロン,0,16,Open,京都,56.000000000,19,2024,l2_logistic_c0.1,0.204807883,0.187500000
2024-12-14,202408070511,2019103714,12,メイショウソラフネ,1,16,Open,京都,70.000000000,20,2024,l2_logistic_c0.1,0.316796647,0.187500000
2024-12-14,202408070511,2021110160,13,ソンシ,1,16,Open,京都,61.000000000,7,2024,l2_logistic_c0.1,0.319769113,0.187500000
2024-12-14,202408070511,2020100105,14,エイシンフェンサー,0,16,Open,京都,125.000000000,16,2024,l2_logistic_c0.1,0.278686337,0.187500000
2024-12-14,202408070511,2018104041,15,マウンテンムスメ,0,16,Open,京都,48.000000000,31,2024,l2_logistic_c0.1,0.106103720,0.187500000
2024-12-14,202408070511,2019105512,16,ジャスティンスカイ,0,16,Open,京都,70.000000000,16,2024,l2_logistic_c0.1,0.164130053,0.187500000
2024-12-15,202407040612,2020101031,1,アスクエピソード,1,18,Class2,中京,113.000000000,19,2024,l2_logistic_c0.1,0.096068035,0.166666667
2024-12-15,202407040612,2021101576,2,レオテミス,1,18,Class2,中京,36.000000000,8,2024,l2_logistic_c0.1,0.269858169,0.166666667
2024-12-15,202407040612,2021102914,3,モズトキキ,0,18,Class2,中京,99.000000000,11,2024,l2_logistic_c0.1,0.268793912,0.166666667
2024-12-15,202407040612,2020106407,4,ライブリームーラン,0,18,Class2,中京,14.000000000,15,2024,l2_logistic_c0.1,0.029902606,0.166666667
2024-12-15,202407040612,2019100578,5,クインズプリーズ,0,18,Class2,中京,85.000000000,15,2024,l2_logistic_c0.1,0.051115933,0.166666667
2024-12-15,202407040612,2020101872,6,デイトナモード,1,18,Class2,中京,36.000000000,13,2024,l2_logistic_c0.1,0.239836017,0.166666667
2024-12-15,202407040612,2019105337,7,テーオーアリエス,0,18,Class2,中京,70.000000000,25,2024,l2_logistic_c0.1,0.037672332,0.166666667
2024-12-15,202407040612,2020106777,8,セレッソデアモール,0,18,Class2,中京,36.000000000,15,2024,l2_logistic_c0.1,0.218511407,0.166666667
2024-12-15,202407040612,2019103193,9,トリップトゥムーン,0,18,Class2,中京,22.000000000,32,2024,l2_logistic_c0.1,0.089372129,0.166666667
2024-12-15,202407040612,2019104356,10,ディオアステリア,0,18,Class2,中京,28.000000000,27,2024,l2_logistic_c0.1,0.179366409,0.166666667
2024-12-15,202407040612,2021100522,11,ジョーメッドヴィン,0,18,Class2,中京,15.000000000,15,2024,l2_logistic_c0.1,0.348612034,0.166666667
2024-12-15,202407040612,2020101517,12,ソノママソノママ,0,18,Class2,中京,43.000000000,11,2024,l2_logistic_c0.1,0.264475985,0.166666667
2024-12-15,202407040612,2021100476,13,ファイツオン,0,18,Class2,中京,29.000000000,8,2024,l2_logistic_c0.1,0.514756457,0.166666667
2024-12-15,202407040612,2021100019,14,マサノカナリア,0,18,Class2,中京,28.000000000,10,2024,l2_logistic_c0.1,0.151330447,0.166666667
2024-12-15,202407040612,2020102568,15,ワイアウ,0,18,Class2,中京,106.000000000,14,2024,l2_logistic_c0.1,0.022998950,0.166666667
2024-12-15,202407040612,2021103171,16,タイキヴァンクール,0,18,Class2,中京,22.000000000,9,2024,l2_logistic_c0.1,0.469146861,0.166666667
2024-12-15,202407040612,2020106131,17,ジオパーククラウン,0,18,Class2,中京,36.000000000,14,2024,l2_logistic_c0.1,0.115817296,0.166666667
2024-12-15,202407040612,2019100168,18,ベジェサ,0,18,Class2,中京,14.000000000,21,2024,l2_logistic_c0.1,0.055565101,0.166666667
2024-12-21,202406050712,2018103485,1,ジャガード,0,16,Class2,中山,42.000000000,31,2024,l2_logistic_c0.1,0.047024411,0.187500000
2024-12-21,202406050712,2021110099,2,ジューンブレア,1,16,Class2,中山,70.000000000,6,2024,l2_logistic_c0.1,0.397687847,0.187500000
2024-12-21,202406050712,2020103218,3,フミサウンド,0,16,Class2,中山,174.000000000,14,2024,l2_logistic_c0.1,0.183350626,0.187500000
2024-12-21,202406050712,2019104498,4,インプロバイザー,0,16,Class2,中山,13.000000000,27,2024,l2_logistic_c0.1,0.155382454,0.187500000
2024-12-21,202406050712,2020106623,5,ゴキゲンサン,0,16,Class2,中山,13.000000000,13,2024,l2_logistic_c0.1,0.127763318,0.187500000
2024-12-21,202406050712,2021103278,6,メイショウミリオレ,0,16,Class2,中山,28.000000000,6,2024,l2_logistic_c0.1,0.149411075,0.187500000
2024-12-21,202406050712,2021103005,7,ヒラボクミニー,1,16,Class2,中山,42.000000000,5,2024,l2_logistic_c0.1,0.312692994,0.187500000
2024-12-21,202406050712,2020105409,8,ディアドコス,0,16,Class2,中山,55.000000000,20,2024,l2_logistic_c0.1,0.255764953,0.187500000
2024-12-21,202406050712,2021103561,9,ゴールドスター,0,16,Class2,中山,70.000000000,6,2024,l2_logistic_c0.1,0.455264833,0.187500000
2024-12-21,202406050712,2019100132,10,ペイシャカレン,0,16,Class2,中山,34.000000000,23,2024,l2_logistic_c0.1,0.048998307,0.187500000
2024-12-21,202406050712,2020102140,11,アンビバレント,0,16,Class2,中山,28.000000000,18,2024,l2_logistic_c0.1,0.047866401,0.187500000
2024-12-21,202406050712,2018104534,12,アスクキングコング,0,16,Class2,中山,13.000000000,32,2024,l2_logistic_c0.1,0.099163025,0.187500000
2024-12-21,202406050712,2020104983,13,マルプリ,0,16,Class2,中山,21.000000000,20,2024,l2_logistic_c0.1,0.196137951,0.187500000
2024-12-21,202406050712,2020101763,14,トーホウフランゴ,1,16,Class2,中山,41.000000000,25,2024,l2_logistic_c0.1,0.101818106,0.187500000
2024-12-21,202406050712,2020106987,15,スムースベルベット,0,16,Class2,中山,139.000000000,20,2024,l2_logistic_c0.1,0.054808302,0.187500000
2024-12-21,202406050712,2021103667,16,クオレス,0,16,Class2,中山,34.000000000,10,2024,l2_logistic_c0.1,0.346341185,0.187500000
2024-12-22,202406050803,2022102878,2,ナンナンプー,0,16,Maiden,中山,113.000000000,4,2024,l2_logistic_c0.1,0.167373613,0.187500000
2024-12-22,202406050803,2022100620,3,シルフレイ,1,16,Maiden,中山,14.000000000,4,2024,l2_logistic_c0.1,0.472065701,0.187500000
2024-12-22,202406050803,2022101426,6,ベルリネッタ,1,16,Maiden,中山,84.000000000,4,2024,l2_logistic_c0.1,0.134874543,0.187500000
2024-12-22,202406050803,2022106907,9,ペタルブランシュ,0,16,Maiden,中山,14.000000000,6,2024,l2_logistic_c0.1,0.317827762,0.187500000
2024-12-22,202406050803,2022107300,11,シンガソング,0,16,Maiden,中山,69.000000000,3,2024,l2_logistic_c0.1,0.231532626,0.187500000
2024-12-22,202406050803,2022107204,14,ニシノヘリオトロプ,0,16,Maiden,中山,69.000000000,3,2024,l2_logistic_c0.1,0.048942620,0.187500000
2024-12-22,202406050803,2022106229,15,ウインイザナミ,0,16,Maiden,中山,147.000000000,3,2024,l2_logistic_c0.1,0.211085314,0.187500000
2024-12-28,202408070912,2020104678,1,オードリーバローズ,1,16,Class3,京都,34.000000000,8,2024,l2_logistic_c0.1,0.422861568,0.187500000
2024-12-28,202408070912,2019105191,2,コナブラック,0,16,Class3,京都,70.000000000,18,2024,l2_logistic_c0.1,0.185236794,0.187500000
2024-12-28,202408070912,2018104757,3,ジュノー,0,16,Class3,京都,28.000000000,25,2024,l2_logistic_c0.1,0.152392809,0.187500000
2024-12-28,202408070912,2020104613,4,タツダイヤモンド,0,16,Class3,京都,42.000000000,20,2024,l2_logistic_c0.1,0.208110556,0.187500000
2024-12-28,202408070912,2019105347,5,アバンチュリエ,0,16,Class3,京都,28.000000000,23,2024,l2_logistic_c0.1,0.121183472,0.187500000
2024-12-28,202408070912,2021105242,6,シカゴスティング,0,16,Class3,京都,42.000000000,11,2024,l2_logistic_c0.1,0.343431224,0.187500000
2024-12-28,202408070912,2020102132,7,トレンディスター,0,16,Class3,京都,335.000000000,9,2024,l2_logistic_c0.1,0.136981085,0.187500000
2024-12-28,202408070912,2021105202,8,ポエットリー,0,16,Class3,京都,97.000000000,9,2024,l2_logistic_c0.1,0.287756786,0.187500000
2024-12-28,202408070912,2019101626,9,ピンクマクフィー,0,16,Class3,京都,55.000000000,19,2024,l2_logistic_c0.1,0.236650466,0.187500000
2024-12-28,202408070912,2018104559,10,ナリタローゼ,0,16,Class3,京都,55.000000000,27,2024,l2_logistic_c0.1,0.113442265,0.187500000
2024-12-28,202408070912,2018103902,11,サウンドブライアン,0,16,Class3,京都,55.000000000,38,2024,l2_logistic_c0.1,0.047567698,0.187500000
2024-12-28,202408070912,2021100130,12,ロードフォアエース,1,16,Class3,京都,97.000000000,9,2024,l2_logistic_c0.1,0.505263630,0.187500000
2024-12-28,202408070912,2020110133,13,フロムダスク,0,16,Class3,京都,27.000000000,17,2024,l2_logistic_c0.1,0.056648695,0.187500000
2024-12-28,202408070912,2019102786,14,ウォータールグラン,1,16,Class3,京都,27.000000000,21,2024,l2_logistic_c0.1,0.052493333,0.187500000
2024-12-28,202408070912,2021102888,15,ナムラアトム,0,16,Class3,京都,34.000000000,8,2024,l2_logistic_c0.1,0.289941457,0.187500000
2024-12-28,202408070912,2021101598,16,アンクルクロス,0,16,Class3,京都,20.000000000,14,2024,l2_logistic_c0.1,0.377834550,0.187500000
