race_id,year,racecourse,meeting_number,meeting_day,race_no,race_date,official_source_url,pdf_sha256,mapping_status,official_distance_m,race_kind,official_surface,course_layout,official_turn,handicap_indicator,official_class,is_open_plus,is_graded,provider_id,meeting_day_id,target_flat,schedule_source_url,schedule_row_text,race_status,status_source_url,status_reason
202606010101,2026.0,中山,1.0,1.0,1,2026-01-04,https://www.jra.go.jp/datafile/seiseki/report/2026/2026-1nakayama1.pdf,e9251d6437ad85fc2188d1c589d992e0670065dd654e16f66255ba7331cb37cc,official_race_marker_verified,4815.0,flat,dirt,,right,0.0,Maiden,0.0,0.0,2606010101,26060101,True,https://www.jra.go.jp/datafile/seiseki/report/2026/2026-1nakayama1.pdf,12003歳未勝利発走10時05分(ダート・右)牝;負担重量は、馬齢重量,expected_result,,
202606010102,2026.0,中山,1.0,1.0,2,2026-01-04,https://www.jra.go.jp/datafile/seiseki/report/2026/2026-1nakayama1.pdf,e9251d6437ad85fc2188d1c589d992e0670065dd654e16f66255ba7331cb37cc,official_race_marker_verified,5755.0,flat,dirt,,right,0.0,Maiden,0.0,0.0,2606010102,26060101,True,https://www.jra.go.jp/datafile/seiseki/report/2026/2026-1nakayama1.pdf,18003歳未勝利発走10時35分(ダート・右)負担重量は、馬齢重量,expected_result,,
202606010103,2026.0,中山,1.0,1.0,3,2026-01-04,https://www.jra.go.jp/datafile/seiseki/report/2026/2026-1nakayama1.pdf,e9251d6437ad85fc2188d1c589d992e0670065dd654e16f66255ba7331cb37cc,official_race_marker_verified,3712.0,flat,dirt,,right,0.0,Newcomer,0.0,0.0,2606010103,26060101,True,https://www.jra.go.jp/datafile/seiseki/report/2026/2026-1nakayama1.pdf,12003歳新馬発走11時05分(ダート・右)負担重量は、馬齢重量,expected_result,,
202606010104,2026.0,中山,1.0,1.0,4,2026-01-04,https://www.jra.go.jp/datafile/seiseki/report/2026/2026-1nakayama1.pdf,e9251d6437ad85fc2188d1c589d992e0670065dd654e16f66255ba7331cb37cc,official_race_marker_verified,7772.0,flat,dirt,,right,0.0,Maiden,0.0,0.0,2606010104,26060101,True,https://www.jra.go.jp/datafile/seiseki/report/2026/2026-1nakayama1.pdf,18003歳未勝利発走11時35分(ダート・右)負担重量は、馬齢重量,expected_result,,
202606010105,2026.0,中山,1.0,1.0,5,2026-01-04,https://www.jra.go.jp/datafile/seiseki/report/2026/2026-1nakayama1.pdf,e9251d6437ad85fc2188d1c589d992e0670065dd654e16f66255ba7331cb37cc,official_race_marker_verified,7110.0,flat,turf,outer,right,0.0,Maiden,0.0,0.0,2606010105,26060101,True,https://www.jra.go.jp/datafile/seiseki/report/2026/2026-1nakayama1.pdf,16003歳未勝利発走12時25分(芝・右・外)負担重量は、馬齢重量,expected_result,,
202606010106,2026.0,中山,1.0,1.0,6,2026-01-04,https://www.jra.go.jp/datafile/seiseki/report/2026/2026-1nakayama1.pdf,e9251d6437ad85fc2188d1c589d992e0670065dd654e16f66255ba7331cb37cc,official_race_marker_verified,9510.0,flat,turf,,right,0.0,Newcomer,0.0,0.0,2606010106,26060101,True,https://www.jra.go.jp/datafile/seiseki/report/2026/2026-1nakayama1.pdf,20003歳新馬発走12時55分(芝・右)負担重量は、馬齢重量,expected_result,,
202606010107,2026.0,中山,1.0,1.0,7,2026-01-04,https://www.jra.go.jp/datafile/seiseki/report/2026/2026-1nakayama1.pdf,e9251d6437ad85fc2188d1c589d992e0670065dd654e16f66255ba7331cb37cc,official_race_marker_verified,6816.0,flat,dirt,,right,,Class1,0.0,0.0,2606010107,26060101,True,https://www.jra.go.jp/datafile/seiseki/report/2026/2026-1nakayama1.pdf,18004歳以上1勝クラス発走13時25分(ダート・右)負担重量は、4歳575歳以上58、牝馬2減,expected_result,,
202606010108,2026.0,中山,1.0,1.0,8,2026-01-04,https://www.jra.go.jp/datafile/seiseki/report/2026/2026-1nakayama1.pdf,e9251d6437ad85fc2188d1c589d992e0670065dd654e16f66255ba7331cb37cc,official_race_marker_verified,8611.0,flat,dirt,,right,,Class1,0.0,0.0,2606010108,26060101,True,https://www.jra.go.jp/datafile/seiseki/report/2026/2026-1nakayama1.pdf,12004歳以上1勝クラス発走13時55分(ダート・右)牝;負担重量は、56,expected_result,,
202606010109,2026.0,中山,1.0,1.0,9,2026-01-04,https://www.jra.go.jp/datafile/seiseki/report/2026/2026-1nakayama1.pdf,e9251d6437ad85fc2188d1c589d992e0670065dd654e16f66255ba7331cb37cc,official_race_marker_verified,1800.0,flat,dirt,,right,,Maiden,0.0,0.0,2606010109,26060101,True,https://www.jra.go.jp/datafile/seiseki/report/2026/2026-1nakayama1.pdf,1800しょうふく招福ステークス発走14時30分(ダート・右)4歳以上、3勝クラス、除未出走馬および未勝利馬;負担重量は、4歳575歳以上58、牝馬2減賞品,expected_result,,
202606010110,2026.0,中山,1.0,1.0,10,2026-01-04,https://www.jra.go.jp/datafile/seiseki/report/2026/2026-1nakayama1.pdf,e9251d6437ad85fc2188d1c589d992e0670065dd654e16f66255ba7331cb37cc,official_race_marker_verified,1600.0,flat,turf,outer,right,,Maiden,0.0,0.0,2606010110,26060101,True,https://www.jra.go.jp/datafile/seiseki/report/2026/2026-1nakayama1.pdf,1600ジュニアカップ(L)発走15時05分(芝・右・外)3歳、除未出走馬および未勝利馬;負担重量は、日本馬:馬齢重量、収得賞金1200万円毎1増、:馬齢重量、GI競走1着馬2増、GII競走またはGIII競走1着馬1増賞品,expected_result,,
202606010111,2026.0,中山,1.0,1.0,11,2026-01-04,https://www.jra.go.jp/datafile/seiseki/report/2026/2026-1nakayama1.pdf,e9251d6437ad85fc2188d1c589d992e0670065dd654e16f66255ba7331cb37cc,official_race_marker_verified,2000.0,flat,turf,,right,1.0,Open,1.0,1.0,2606010111,26060101,True,https://www.jra.go.jp/datafile/seiseki/report/2026/2026-1nakayama1.pdf,2000第75回日刊スポーツ賞中山金杯(GIII)発走15時45分(芝・右)4歳以上、除未出走馬および未勝利馬;負担重量は、ハンデキャップ日刊スポーツ新聞社賞(1着)賞品,expected_result,,
202606010112,2026.0,中山,1.0,1.0,12,2026-01-04,https://www.jra.go.jp/datafile/seiseki/report/2026/2026-1nakayama1.pdf,e9251d6437ad85fc2188d1c589d992e0670065dd654e16f66255ba7331cb37cc,official_race_marker_verified,6816.0,flat,dirt,,right,,Class2,0.0,0.0,2606010112,26060101,True,https://www.jra.go.jp/datafile/seiseki/report/2026/2026-1nakayama1.pdf,12004歳以上2勝クラス発走16時25分(ダート・右)負担重量は、58、牝馬2減,expected_result,,
202608010101,2026.0,京都,1.0,1.0,1,2026-01-04,https://www.jra.go.jp/datafile/seiseki/report/2026/2026-1kyoto1.pdf,83776c0d2c02654a49b964841fe968d11f44b270ed7974433a3a9b35c5efe24f,official_race_marker_verified,5754.0,flat,dirt,,right,0.0,Maiden,0.0,0.0,2608010101,26080101,True,https://www.jra.go.jp/datafile/seiseki/report/2026/2026-1kyoto1.pdf,12003歳未勝利発走9時50分(ダート・右)負担重量は、馬齢重量,expected_result,,
202608010102,2026.0,京都,1.0,1.0,2,2026-01-04,https://www.jra.go.jp/datafile/seiseki/report/2026/2026-1kyoto1.pdf,83776c0d2c02654a49b964841fe968d11f44b270ed7974433a3a9b35c5efe24f,official_race_marker_verified,5714.0,flat,dirt,,right,0.0,Maiden,0.0,0.0,2608010102,26080101,True,https://www.jra.go.jp/datafile/seiseki/report/2026/2026-1kyoto1.pdf,18003歳未勝利発走10時20分(ダート・右)負担重量は、馬齢重量,expected_result,,
202608010103,2026.0,京都,1.0,1.0,3,2026-01-04,https://www.jra.go.jp/datafile/seiseki/report/2026/2026-1kyoto1.pdf,83776c0d2c02654a49b964841fe968d11f44b270ed7974433a3a9b35c5efe24f,official_race_marker_verified,4815.0,flat,dirt,,right,0.0,Maiden,0.0,0.0,2608010103,26080101,True,https://www.jra.go.jp/datafile/seiseki/report/2026/2026-1kyoto1.pdf,14003歳未勝利発走10時50分(ダート・右)負担重量は、馬齢重量,expected_result,,
202608010104,2026.0,京都,1.0,1.0,4,2026-01-04,https://www.jra.go.jp/datafile/seiseki/report/2026/2026-1kyoto1.pdf,83776c0d2c02654a49b964841fe968d11f44b270ed7974433a3a9b35c5efe24f,official_race_marker_verified,5755.0,flat,dirt,,right,0.0,Newcomer,0.0,0.0,2608010104,26080101,True,https://www.jra.go.jp/datafile/seiseki/report/2026/2026-1kyoto1.pdf,18003歳新馬発走11時20分(ダート・右)負担重量は、馬齢重量,expected_result,,
202608010105,2026.0,京都,1.0,1.0,5,2026-01-04,https://www.jra.go.jp/datafile/seiseki/report/2026/2026-1kyoto1.pdf,83776c0d2c02654a49b964841fe968d11f44b270ed7974433a3a9b35c5efe24f,official_race_marker_verified,5170.0,flat,turf,outer,right,0.0,Newcomer,0.0,0.0,2608010105,26080101,True,https://www.jra.go.jp/datafile/seiseki/report/2026/2026-1kyoto1.pdf,18003歳新馬発走12時10分(芝・右・外)負担重量は、馬齢重量,expected_result,,
202608010106,2026.0,京都,1.0,1.0,6,2026-01-04,https://www.jra.go.jp/datafile/seiseki/report/2026/2026-1kyoto1.pdf,83776c0d2c02654a49b964841fe968d11f44b270ed7974433a3a9b35c5efe24f,official_race_marker_verified,5553.0,flat,turf,,right,0.0,Class1,0.0,0.0,2608010106,26080101,True,https://www.jra.go.jp/datafile/seiseki/report/2026/2026-1kyoto1.pdf,20003歳1勝クラス発走12時40分(芝・右)負担重量は、馬齢重量,expected_result,,
202608010107,2026.0,京都,1.0,1.0,7,2026-01-04,https://www.jra.go.jp/datafile/seiseki/report/2026/2026-1kyoto1.pdf,83776c0d2c02654a49b964841fe968d11f44b270ed7974433a3a9b35c5efe24f,official_race_marker_verified,5552.0,flat,dirt,,right,,Class1,0.0,0.0,2608010107,26080101,True,https://www.jra.go.jp/datafile/seiseki/report/2026/2026-1kyoto1.pdf,18004歳以上1勝クラス発走13時10分(ダート・右)牝;負担重量は、4歳555歳以上56,expected_result,,
202608010108,2026.0,京都,1.0,1.0,8,2026-01-04,https://www.jra.go.jp/datafile/seiseki/report/2026/2026-1kyoto1.pdf,83776c0d2c02654a49b964841fe968d11f44b270ed7974433a3a9b35c5efe24f,official_race_marker_verified,8815.0,flat,dirt,,right,,Class1,0.0,0.0,2608010108,26080101,True,https://www.jra.go.jp/datafile/seiseki/report/2026/2026-1kyoto1.pdf,12004歳以上1勝クラス発走13時40分(ダート・右)負担重量は、58、牝馬2減,expected_result,,
202608010109,2026.0,京都,1.0,1.0,9,2026-01-04,https://www.jra.go.jp/datafile/seiseki/report/2026/2026-1kyoto1.pdf,83776c0d2c02654a49b964841fe968d11f44b270ed7974433a3a9b35c5efe24f,official_race_marker_verified,1800.0,flat,dirt,,right,,Class2,0.0,0.0,2608010109,26080101,True,https://www.jra.go.jp/datafile/seiseki/report/2026/2026-1kyoto1.pdf,1800あまがせ天ケ瀬特別発走14時15分(ダート・右)4歳以上、2勝クラス;負担重量は、4歳575歳以上58、牝馬2減賞品,expected_result,,
202608010110,2026.0,京都,1.0,1.0,10,2026-01-04,https://www.jra.go.jp/datafile/seiseki/report/2026/2026-1kyoto1.pdf,83776c0d2c02654a49b964841fe968d11f44b270ed7974433a3a9b35c5efe24f,official_race_marker_verified,2000.0,flat,turf,,right,,Maiden,0.0,0.0,2608010110,26080101,True,https://www.jra.go.jp/datafile/seiseki/report/2026/2026-1kyoto1.pdf,2000ことぶき寿ステークス発走14時50分(芝・右)4歳以上、3勝クラス、除未出走馬および未勝利馬;負担重量は、4歳575歳以上58、牝馬2減賞品,expected_result,,
202608010111,2026.0,京都,1.0,1.0,11,2026-01-04,https://www.jra.go.jp/datafile/seiseki/report/2026/2026-1kyoto1.pdf,83776c0d2c02654a49b964841fe968d11f44b270ed7974433a3a9b35c5efe24f,official_race_marker_verified,1600.0,flat,turf,outer,right,1.0,Open,1.0,1.0,2608010111,26080101,True,https://www.jra.go.jp/datafile/seiseki/report/2026/2026-1kyoto1.pdf,1600第64回スポーツニッポン賞京都金杯(GIII)発走15時30分(芝・右・外)4歳以上、除未出走馬および未勝利馬;負担重量は、ハンデキャップスポーツニッポン新聞社賞(1着)賞品,expected_result,,
202608010112,2026.0,京都,1.0,1.0,12,2026-01-04,https://www.jra.go.jp/datafile/seiseki/report/2026/2026-1kyoto1.pdf,83776c0d2c02654a49b964841fe968d11f44b270ed7974433a3a9b35c5efe24f,official_race_marker_verified,7811.0,flat,turf,outer,right,,Class2,0.0,0.0,2608010112,26080101,True,https://www.jra.go.jp/datafile/seiseki/report/2026/2026-1kyoto1.pdf,14004歳以上2勝クラス発走16時10分(芝・右・外)負担重量は、4歳575歳以上58、牝馬2減,expected_result,,
202606010201,2026.0,中山,1.0,2.0,1,2026-01-05,https://www.jra.go.jp/datafile/seiseki/report/2026/2026-1nakayama2.pdf,155911afae11ee8f9234f1a376a8344a30694f5342a35c7df97a9c0f4103d55c,official_race_marker_verified,9611.0,flat,dirt,,right,0.0,Maiden,0.0,0.0,2606010201,26060102,True,https://www.jra.go.jp/datafile/seiseki/report/2026/2026-1nakayama2.pdf,12003歳未勝利発走10時05分(ダート・右)負担重量は、馬齢重量,expected_result,,
202606010202,2026.0,中山,1.0,2.0,2,2026-01-05,https://www.jra.go.jp/datafile/seiseki/report/2026/2026-1nakayama2.pdf,155911afae11ee8f9234f1a376a8344a30694f5342a35c7df97a9c0f4103d55c,official_race_marker_verified,4714.0,flat,dirt,,right,0.0,Maiden,0.0,0.0,2606010202,26060102,True,https://www.jra.go.jp/datafile/seiseki/report/2026/2026-1nakayama2.pdf,18003歳未勝利発走10時35分(ダート・右)牝;負担重量は、馬齢重量,expected_result,,
202606010203,2026.0,中山,1.0,2.0,3,2026-01-05,https://www.jra.go.jp/datafile/seiseki/report/2026/2026-1nakayama2.pdf,155911afae11ee8f9234f1a376a8344a30694f5342a35c7df97a9c0f4103d55c,official_race_marker_verified,2213.0,flat,dirt,,right,0.0,Maiden,0.0,0.0,2606010203,26060102,True,https://www.jra.go.jp/datafile/seiseki/report/2026/2026-1nakayama2.pdf,18003歳未勝利発走11時05分(ダート・右)負担重量は、馬齢重量,expected_result,,
202606010204,2026.0,中山,1.0,2.0,4,2026-01-05,https://www.jra.go.jp/datafile/seiseki/report/2026/2026-1nakayama2.pdf,155911afae11ee8f9234f1a376a8344a30694f5342a35c7df97a9c0f4103d55c,official_race_marker_verified,5314.0,flat,dirt,,right,,Class1,0.0,0.0,2606010204,26060102,True,https://www.jra.go.jp/datafile/seiseki/report/2026/2026-1nakayama2.pdf,24004歳以上1勝クラス発走11時35分(ダート・右)負担重量は、4歳575歳以上58、牝馬2減,expected_result,,
202606010205,2026.0,中山,1.0,2.0,5,2026-01-05,https://www.jra.go.jp/datafile/seiseki/report/2026/2026-1nakayama2.pdf,155911afae11ee8f9234f1a376a8344a30694f5342a35c7df97a9c0f4103d55c,official_race_marker_verified,5510.0,flat,turf,outer,right,0.0,Newcomer,0.0,0.0,2606010205,26060102,True,https://www.jra.go.jp/datafile/seiseki/report/2026/2026-1nakayama2.pdf,16003歳新馬発走12時25分(芝・右・外)負担重量は、馬齢重量,expected_result,,
202606010206,2026.0,中山,1.0,2.0,6,2026-01-05,https://www.jra.go.jp/datafile/seiseki/report/2026/2026-1nakayama2.pdf,155911afae11ee8f9234f1a376a8344a30694f5342a35c7df97a9c0f4103d55c,official_race_marker_verified,7510.0,flat,turf,,right,0.0,Maiden,0.0,0.0,2606010206,26060102,True,https://www.jra.go.jp/datafile/seiseki/report/2026/2026-1nakayama2.pdf,20003歳未勝利発走12時55分(芝・右)負担重量は、馬齢重量,expected_result,,
202606010207,2026.0,中山,1.0,2.0,7,2026-01-05,https://www.jra.go.jp/datafile/seiseki/report/2026/2026-1nakayama2.pdf,155911afae11ee8f9234f1a376a8344a30694f5342a35c7df97a9c0f4103d55c,official_race_marker_verified,3534.0,flat,turf,,right,0.0,Class1,0.0,0.0,2606010207,26060102,True,https://www.jra.go.jp/datafile/seiseki/report/2026/2026-1nakayama2.pdf,20003歳1勝クラス発走13時25分(芝・右)負担重量は、馬齢重量,expected_result,,
202606010208,2026.0,中山,1.0,2.0,8,2026-01-05,https://www.jra.go.jp/datafile/seiseki/report/2026/2026-1nakayama2.pdf,155911afae11ee8f9234f1a376a8344a30694f5342a35c7df97a9c0f4103d55c,official_race_marker_verified,3200.0,obstacle,turf,,,,,,0.0,2606010208,26060102,False,https://www.jra.go.jp/datafile/seiseki/report/2026/2026-1nakayama2.pdf,3200なかやましんしゅん中山新春ジャンプステークス発走14時00分(芝・ダート)4歳以上;負担重量は、4歳595歳以上60、牝馬2減、J・GI競走1着馬5増、J・GII競走1着馬3増、J・GIII競走1着馬1増、収得賞金400万円以下の馬1減賞品,expected_result,,
202606010209,2026.0,中山,1.0,2.0,9,2026-01-05,https://www.jra.go.jp/datafile/seiseki/report/2026/2026-1nakayama2.pdf,155911afae11ee8f9234f1a376a8344a30694f5342a35c7df97a9c0f4103d55c,official_race_marker_verified,1800.0,flat,dirt,,right,,Class2,0.0,0.0,2606010209,26060102,True,https://www.jra.go.jp/datafile/seiseki/report/2026/2026-1nakayama2.pdf,1800はつあかね初茜賞発走14時35分(ダート・右)4歳以上、2勝クラス;負担重量は、4歳575歳以上58、牝馬2減賞品,expected_result,,
202606010210,2026.0,中山,1.0,2.0,10,2026-01-05,https://www.jra.go.jp/datafile/seiseki/report/2026/2026-1nakayama2.pdf,155911afae11ee8f9234f1a376a8344a30694f5342a35c7df97a9c0f4103d55c,official_race_marker_verified,2000.0,flat,turf,,right,,Class2,0.0,0.0,2606010210,26060102,True,https://www.jra.go.jp/datafile/seiseki/report/2026/2026-1nakayama2.pdf,2000はつひで初日の出賞発走15時10分(芝・右)4歳以上、2勝クラス;負担重量は、4歳575歳以上58、牝馬2減賞品,expected_result,,
202606010211,2026.0,中山,1.0,2.0,11,2026-01-05,https://www.jra.go.jp/datafile/seiseki/report/2026/2026-1nakayama2.pdf,155911afae11ee8f9234f1a376a8344a30694f5342a35c7df97a9c0f4103d55c,official_race_marker_verified,1200.0,flat,turf,outer,right,1.0,Maiden,0.0,0.0,2606010211,26060102,True,https://www.jra.go.jp/datafile/seiseki/report/2026/2026-1nakayama2.pdf,1200サンライズステークス発走15時45分(芝・右・外)4歳以上、3勝クラス、除未出走馬および未勝利馬;負担重量は、ハンデキャップ賞品,expected_result,,
202606010212,2026.0,中山,1.0,2.0,12,2026-01-05,https://www.jra.go.jp/datafile/seiseki/report/2026/2026-1nakayama2.pdf,155911afae11ee8f9234f1a376a8344a30694f5342a35c7df97a9c0f4103d55c,official_race_marker_verified,8510.0,flat,dirt,,right,,Class1,0.0,0.0,2606010212,26060102,True,https://www.jra.go.jp/datafile/seiseki/report/2026/2026-1nakayama2.pdf,12004歳以上1勝クラス発走16時25分(ダート・右)負担重量は、58、牝馬2減,expected_result,,
202608010201,2026.0,京都,1.0,2.0,1,2026-01-05,https://www.jra.go.jp/datafile/seiseki/report/2026/2026-1kyoto2.pdf,33a48160850d312f718881e05b8823852720b8625fd70e293e934c3125eef6d1,official_race_marker_verified,8711.0,flat,dirt,,right,0.0,Maiden,0.0,0.0,2608010201,26080102,True,https://www.jra.go.jp/datafile/seiseki/report/2026/2026-1kyoto2.pdf,18003歳未勝利発走9時50分(ダート・右)牝;負担重量は、馬齢重量,expected_result,,
202608010202,2026.0,京都,1.0,2.0,2,2026-01-05,https://www.jra.go.jp/datafile/seiseki/report/2026/2026-1kyoto2.pdf,33a48160850d312f718881e05b8823852720b8625fd70e293e934c3125eef6d1,official_race_marker_verified,114.0,flat,dirt,,right,0.0,Maiden,0.0,0.0,2608010202,26080102,True,https://www.jra.go.jp/datafile/seiseki/report/2026/2026-1kyoto2.pdf,19003歳未勝利発走10時20分(ダート・右)負担重量は、馬齢重量,expected_result,,
202608010203,2026.0,京都,1.0,2.0,3,2026-01-05,https://www.jra.go.jp/datafile/seiseki/report/2026/2026-1kyoto2.pdf,33a48160850d312f718881e05b8823852720b8625fd70e293e934c3125eef6d1,official_race_marker_verified,213.0,flat,dirt,,right,0.0,Newcomer,0.0,0.0,2608010203,26080102,True,https://www.jra.go.jp/datafile/seiseki/report/2026/2026-1kyoto2.pdf,12003歳新馬発走10時50分(ダート・右)負担重量は、馬齢重量,expected_result,,
202608010204,2026.0,京都,1.0,2.0,4,2026-01-05,https://www.jra.go.jp/datafile/seiseki/report/2026/2026-1kyoto2.pdf,33a48160850d312f718881e05b8823852720b8625fd70e293e934c3125eef6d1,official_race_marker_verified,315.0,flat,dirt,,right,0.0,Class1,0.0,0.0,2608010204,26080102,True,https://www.jra.go.jp/datafile/seiseki/report/2026/2026-1kyoto2.pdf,18003歳1勝クラス発走11時20分(ダート・右)負担重量は、馬齢重量,expected_result,,
202608010205,2026.0,京都,1.0,2.0,5,2026-01-05,https://www.jra.go.jp/datafile/seiseki/report/2026/2026-1kyoto2.pdf,33a48160850d312f718881e05b8823852720b8625fd70e293e934c3125eef6d1,official_race_marker_verified,3510.0,flat,turf,,right,0.0,Maiden,0.0,0.0,2608010205,26080102,True,https://www.jra.go.jp/datafile/seiseki/report/2026/2026-1kyoto2.pdf,20003歳未勝利発走12時10分(芝・右)負担重量は、馬齢重量,expected_result,,
202608010206,2026.0,京都,1.0,2.0,6,2026-01-05,https://www.jra.go.jp/datafile/seiseki/report/2026/2026-1kyoto2.pdf,33a48160850d312f718881e05b8823852720b8625fd70e293e934c3125eef6d1,official_race_marker_verified,5117.0,flat,turf,,right,0.0,Maiden,0.0,0.0,2608010206,26080102,True,https://www.jra.go.jp/datafile/seiseki/report/2026/2026-1kyoto2.pdf,16003歳未勝利発走12時40分(芝・右)負担重量は、馬齢重量,expected_result,,
202608010207,2026.0,京都,1.0,2.0,7,2026-01-05,https://www.jra.go.jp/datafile/seiseki/report/2026/2026-1kyoto2.pdf,33a48160850d312f718881e05b8823852720b8625fd70e293e934c3125eef6d1,official_race_marker_verified,7610.0,flat,dirt,,right,,Class1,0.0,0.0,2608010207,26080102,True,https://www.jra.go.jp/datafile/seiseki/report/2026/2026-1kyoto2.pdf,18004歳以上1勝クラス発走13時10分(ダート・右)負担重量は、4歳575歳以上58、牝馬2減,expected_result,,
202608010208,2026.0,京都,1.0,2.0,8,2026-01-05,https://www.jra.go.jp/datafile/seiseki/report/2026/2026-1kyoto2.pdf,33a48160850d312f718881e05b8823852720b8625fd70e293e934c3125eef6d1,official_race_marker_verified,7814.0,flat,dirt,,right,,Class2,0.0,0.0,2608010208,26080102,True,https://www.jra.go.jp/datafile/seiseki/report/2026/2026-1kyoto2.pdf,12004歳以上2勝クラス発走13時45分(ダート・右)負担重量は、58、牝馬2減,expected_result,,
202608010209,2026.0,京都,1.0,2.0,9,2026-01-05,https://www.jra.go.jp/datafile/seiseki/report/2026/2026-1kyoto2.pdf,33a48160850d312f718881e05b8823852720b8625fd70e293e934c3125eef6d1,official_race_marker_verified,1800.0,flat,turf,outer,right,,Class2,0.0,0.0,2608010209,26080102,True,https://www.jra.go.jp/datafile/seiseki/report/2026/2026-1kyoto2.pdf,1800おうさかやま逢坂山特別発走14時20分(芝・右・外)4歳以上、2勝クラス;負担重量は、4歳575歳以上58、牝馬2減賞品,expected_result,,
202608010210,2026.0,京都,1.0,2.0,10,2026-01-05,https://www.jra.go.jp/datafile/seiseki/report/2026/2026-1kyoto2.pdf,33a48160850d312f718881e05b8823852720b8625fd70e293e934c3125eef6d1,official_race_marker_verified,1200.0,flat,dirt,,right,,Maiden,0.0,0.0,2608010210,26080102,True,https://www.jra.go.jp/datafile/seiseki/report/2026/2026-1kyoto2.pdf,1200かどまつ門松ステークス発走14時55分(ダート・右)4歳以上、3勝クラス、除未出走馬および未勝利馬;負担重量は、58、牝馬2減賞品,expected_result,,
202608010211,2026.0,京都,1.0,2.0,11,2026-01-05,https://www.jra.go.jp/datafile/seiseki/report/2026/2026-1kyoto2.pdf,33a48160850d312f718881e05b8823852720b8625fd70e293e934c3125eef6d1,official_race_marker_verified,3000.0,flat,turf,outer,right,1.0,Maiden,0.0,0.0,2608010211,26080102,True,https://www.jra.go.jp/datafile/seiseki/report/2026/2026-1kyoto2.pdf,3000まんよう万葉ステークス発走15時30分(芝・右・外)4歳以上、除未出走馬および未勝利馬;負担重量は、ハンデキャップ賞品,expected_result,,
202608010212,2026.0,京都,1.0,2.0,12,2026-01-05,https://www.jra.go.jp/datafile/seiseki/report/2026/2026-1kyoto2.pdf,33a48160850d312f718881e05b8823852720b8625fd70e293e934c3125eef6d1,official_race_marker_verified,3610.0,flat,turf,outer,right,,Class1,0.0,0.0,2608010212,26080102,True,https://www.jra.go.jp/datafile/seiseki/report/2026/2026-1kyoto2.pdf,16004歳以上1勝クラス発走16時10分(芝・右・外)負担重量は、4歳575歳以上58、牝馬2減,expected_result,,
202606010301,2026.0,中山,1.0,3.0,1,2026-01-10,https://www.jra.go.jp/datafile/seiseki/report/2026/2026-1nakayama3.pdf,3054b67a3a50cb64cc7c91c36c44c5af4459377e6ce24d3ab90f357e40169874,official_race_marker_verified,9510.0,flat,dirt,,right,0.0,Maiden,0.0,0.0,2606010301,26060103,True,https://www.jra.go.jp/datafile/seiseki/report/2026/2026-1nakayama3.pdf,12003歳未勝利発走10時05分(ダート・右)牝;負担重量は、馬齢重量,expected_result,,
202606010302,2026.0,中山,1.0,3.0,2,2026-01-10,https://www.jra.go.jp/datafile/seiseki/report/2026/2026-1nakayama3.pdf,3054b67a3a50cb64cc7c91c36c44c5af4459377e6ce24d3ab90f357e40169874,official_race_marker_verified,4612.0,flat,dirt,,right,0.0,Maiden,0.0,0.0,2606010302,26060103,True,https://www.jra.go.jp/datafile/seiseki/report/2026/2026-1nakayama3.pdf,18003歳未勝利発走10時35分(ダート・右)負担重量は、馬齢重量,expected_result,,
202606010303,2026.0,中山,1.0,3.0,3,2026-01-10,https://www.jra.go.jp/datafile/seiseki/report/2026/2026-1nakayama3.pdf,3054b67a3a50cb64cc7c91c36c44c5af4459377e6ce24d3ab90f357e40169874,official_race_marker_verified,1218.0,flat,dirt,,right,0.0,Maiden,0.0,0.0,2606010303,26060103,True,https://www.jra.go.jp/datafile/seiseki/report/2026/2026-1nakayama3.pdf,12003歳未勝利発走11時05分(ダート・右)負担重量は、馬齢重量,expected_result,,
202606010304,2026.0,中山,1.0,3.0,4,2026-01-10,https://www.jra.go.jp/datafile/seiseki/report/2026/2026-1nakayama3.pdf,3054b67a3a50cb64cc7c91c36c44c5af4459377e6ce24d3ab90f357e40169874,official_race_marker_verified,5552.0,flat,dirt,,right,0.0,Newcomer,0.0,0.0,2606010304,26060103,True,https://www.jra.go.jp/datafile/seiseki/report/2026/2026-1nakayama3.pdf,18003歳新馬発走11時35分(ダート・右)牝;負担重量は、馬齢重量,expected_result,,
202606010305,2026.0,中山,1.0,3.0,5,2026-01-10,https://www.jra.go.jp/datafile/seiseki/report/2026/2026-1nakayama3.pdf,3054b67a3a50cb64cc7c91c36c44c5af4459377e6ce24d3ab90f357e40169874,official_race_marker_verified,219.0,flat,turf,,right,0.0,Newcomer,0.0,0.0,2606010305,26060103,True,https://www.jra.go.jp/datafile/seiseki/report/2026/2026-1nakayama3.pdf,20003歳新馬発走12時25分(芝・右)負担重量は、馬齢重量,expected_result,,
202606010306,2026.0,中山,1.0,3.0,6,2026-01-10,https://www.jra.go.jp/datafile/seiseki/report/2026/2026-1nakayama3.pdf,3054b67a3a50cb64cc7c91c36c44c5af4459377e6ce24d3ab90f357e40169874,official_race_marker_verified,713.0,flat,dirt,,right,,Class1,0.0,0.0,2606010306,26060103,True,https://www.jra.go.jp/datafile/seiseki/report/2026/2026-1nakayama3.pdf,18004歳以上1勝クラス発走12時55分(ダート・右)負担重量は、4歳575歳以上58、牝馬2減,expected_result,,
202606010307,2026.0,中山,1.0,3.0,7,2026-01-10,https://www.jra.go.jp/datafile/seiseki/report/2026/2026-1nakayama3.pdf,3054b67a3a50cb64cc7c91c36c44c5af4459377e6ce24d3ab90f357e40169874,official_race_marker_verified,2713.0,flat,turf,outer,right,0.0,Maiden,0.0,0.0,2606010307,26060103,True,https://www.jra.go.jp/datafile/seiseki/report/2026/2026-1nakayama3.pdf,16003歳未勝利発走13時25分(芝・右・外)負担重量は、馬齢重量,expected_result,,
202606010308,2026.0,中山,1.0,3.0,8,2026-01-10,https://www.jra.go.jp/datafile/seiseki/report/2026/2026-1nakayama3.pdf,3054b67a3a50cb64cc7c91c36c44c5af4459377e6ce24d3ab90f357e40169874,official_race_marker_verified,4131.0,flat,dirt,,right,,Class2,0.0,0.0,2606010308,26060103,True,https://www.jra.go.jp/datafile/seiseki/report/2026/2026-1nakayama3.pdf,18004歳以上2勝クラス発走14時00分(ダート・右)負担重量は、4歳575歳以上58、牝馬2減,expected_result,,
202606010309,2026.0,中山,1.0,3.0,9,2026-01-10,https://www.jra.go.jp/datafile/seiseki/report/2026/2026-1nakayama3.pdf,3054b67a3a50cb64cc7c91c36c44c5af4459377e6ce24d3ab90f357e40169874,official_race_marker_verified,1800.0,flat,dirt,,right,0.0,Class1,0.0,0.0,2606010309,26060103,True,https://www.jra.go.jp/datafile/seiseki/report/2026/2026-1nakayama3.pdf,1800くろちく黒竹賞発走14時35分(ダート・右)3歳、1勝クラス;負担重量は、馬齢重量賞品,expected_result,,
202606010310,2026.0,中山,1.0,3.0,10,2026-01-10,https://www.jra.go.jp/datafile/seiseki/report/2026/2026-1nakayama3.pdf,3054b67a3a50cb64cc7c91c36c44c5af4459377e6ce24d3ab90f357e40169874,official_race_marker_verified,1600.0,flat,turf,outer,right,,Class2,0.0,0.0,2606010310,26060103,True,https://www.jra.go.jp/datafile/seiseki/report/2026/2026-1nakayama3.pdf,1600はつなぎ初凪賞発走15時10分(芝・右・外)4歳以上、2勝クラス;負担重量は、4歳575歳以上58、牝馬2減賞品,expected_result,,
202606010311,2026.0,中山,1.0,3.0,11,2026-01-10,https://www.jra.go.jp/datafile/seiseki/report/2026/2026-1nakayama3.pdf,3054b67a3a50cb64cc7c91c36c44c5af4459377e6ce24d3ab90f357e40169874,official_race_marker_verified,2200.0,flat,turf,outer,right,,Maiden,0.0,0.0,2606010311,26060103,True,https://www.jra.go.jp/datafile/seiseki/report/2026/2026-1nakayama3.pdf,2200げいしゅん迎春ステークス発走15時45分(芝・右・外)4歳以上、3勝クラス、除未出走馬および未勝利馬;負担重量は、4歳575歳以上58、牝馬2減賞品,expected_result,,
202606010312,2026.0,中山,1.0,3.0,12,2026-01-10,https://www.jra.go.jp/datafile/seiseki/report/2026/2026-1nakayama3.pdf,3054b67a3a50cb64cc7c91c36c44c5af4459377e6ce24d3ab90f357e40169874,official_race_marker_verified,2714.0,flat,dirt,,right,,Class1,0.0,0.0,2606010312,26060103,True,https://www.jra.go.jp/datafile/seiseki/report/2026/2026-1nakayama3.pdf,12004歳以上1勝クラス発走16時25分(ダート・右)負担重量は、58、牝馬2減,expected_result,,
202608010301,2026.0,京都,1.0,3.0,1,2026-01-10,https://www.jra.go.jp/datafile/seiseki/report/2026/2026-1kyoto3.pdf,5b7e84536d9be51c4ffaf0902c8ccae7c42867090fcc59fae3f6291e209a391d,official_race_marker_verified,5816.0,flat,dirt,,right,0.0,Maiden,0.0,0.0,2608010301,26080103,True,https://www.jra.go.jp/datafile/seiseki/report/2026/2026-1kyoto3.pdf,18003歳未勝利発走9時50分(ダート・右)牝;負担重量は、馬齢重量,expected_result,,
202608010302,2026.0,京都,1.0,3.0,2,2026-01-10,https://www.jra.go.jp/datafile/seiseki/report/2026/2026-1kyoto3.pdf,5b7e84536d9be51c4ffaf0902c8ccae7c42867090fcc59fae3f6291e209a391d,official_race_marker_verified,3712.0,flat,dirt,,right,0.0,Maiden,0.0,0.0,2608010302,26080103,True,https://www.jra.go.jp/datafile/seiseki/report/2026/2026-1kyoto3.pdf,19003歳未勝利発走10時20分(ダート・右)負担重量は、馬齢重量,expected_result,,
202608010303,2026.0,京都,1.0,3.0,3,2026-01-10,https://www.jra.go.jp/datafile/seiseki/report/2026/2026-1kyoto3.pdf,5b7e84536d9be51c4ffaf0902c8ccae7c42867090fcc59fae3f6291e209a391d,official_race_marker_verified,5181.0,flat,dirt,,right,0.0,Newcomer,0.0,0.0,2608010303,26080103,True,https://www.jra.go.jp/datafile/seiseki/report/2026/2026-1kyoto3.pdf,14003歳新馬発走10時50分(ダート・右)負担重量は、馬齢重量,expected_result,,
202608010304,2026.0,京都,1.0,3.0,4,2026-01-10,https://www.jra.go.jp/datafile/seiseki/report/2026/2026-1kyoto3.pdf,5b7e84536d9be51c4ffaf0902c8ccae7c42867090fcc59fae3f6291e209a391d,official_race_marker_verified,3810.0,flat,dirt,,right,0.0,Class1,0.0,0.0,2608010304,26080103,True,https://www.jra.go.jp/datafile/seiseki/report/2026/2026-1kyoto3.pdf,18003歳1勝クラス発走11時20分(ダート・右)負担重量は、馬齢重量,expected_result,,
202608010305,2026.0,京都,1.0,3.0,5,2026-01-10,https://www.jra.go.jp/datafile/seiseki/report/2026/2026-1kyoto3.pdf,5b7e84536d9be51c4ffaf0902c8ccae7c42867090fcc59fae3f6291e209a391d,official_race_marker_verified,8611.0,flat,turf,,right,0.0,Maiden,0.0,0.0,2608010305,26080103,True,https://www.jra.go.jp/datafile/seiseki/report/2026/2026-1kyoto3.pdf,16003歳未勝利発走12時10分(芝・右)牝;負担重量は、馬齢重量,expected_result,,
202608010306,2026.0,京都,1.0,3.0,6,2026-01-10,https://www.jra.go.jp/datafile/seiseki/report/2026/2026-1kyoto3.pdf,5b7e84536d9be51c4ffaf0902c8ccae7c42867090fcc59fae3f6291e209a391d,official_race_marker_verified,2713.0,flat,turf,outer,right,0.0,Maiden,0.0,0.0,2608010306,26080103,True,https://www.jra.go.jp/datafile/seiseki/report/2026/2026-1kyoto3.pdf,24003歳未勝利発走12時40分(芝・右・外)負担重量は、馬齢重量,expected_result,,
202608010307,2026.0,京都,1.0,3.0,7,2026-01-10,https://www.jra.go.jp/datafile/seiseki/report/2026/2026-1kyoto3.pdf,5b7e84536d9be51c4ffaf0902c8ccae7c42867090fcc59fae3f6291e209a391d,official_race_marker_verified,7153.0,flat,dirt,,right,,Class1,0.0,0.0,2608010307,26080103,True,https://www.jra.go.jp/datafile/seiseki/report/2026/2026-1kyoto3.pdf,12004歳以上1勝クラス発走13時10分(ダート・右)負担重量は、58、牝馬2減,expected_result,,
202608010308,2026.0,京都,1.0,3.0,8,2026-01-10,https://www.jra.go.jp/datafile/seiseki/report/2026/2026-1kyoto3.pdf,5b7e84536d9be51c4ffaf0902c8ccae7c42867090fcc59fae3f6291e209a391d,official_race_marker_verified,3170.0,obstacle,turf,,,,,,0.0,2608010308,26080103,False,https://www.jra.go.jp/datafile/seiseki/report/2026/2026-1kyoto3.pdf,3170うしわかまる牛若丸ジャンプステークス発走13時45分(芝・ダート)4歳以上;負担重量は、4歳595歳以上60、牝馬2減、J・GI競走1着馬5増、J・GII競走1着馬3増、J・GIII競走1着馬1増、収得賞金400万円以下の馬1減賞品,expected_result,,
202608010309,2026.0,京都,1.0,3.0,9,2026-01-10,https://www.jra.go.jp/datafile/seiseki/report/2026/2026-1kyoto3.pdf,5b7e84536d9be51c4ffaf0902c8ccae7c42867090fcc59fae3f6291e209a391d,official_race_marker_verified,1800.0,flat,dirt,,right,,Class2,0.0,0.0,2608010309,26080103,True,https://www.jra.go.jp/datafile/seiseki/report/2026/2026-1kyoto3.pdf,1800でまち出町特別発走14時20分(ダート・右)牝、4歳以上、2勝クラス;負担重量は、4歳555歳以上56賞品,expected_result,,
202608010310,2026.0,京都,1.0,3.0,10,2026-01-10,https://www.jra.go.jp/datafile/seiseki/report/2026/2026-1kyoto3.pdf,5b7e84536d9be51c4ffaf0902c8ccae7c42867090fcc59fae3f6291e209a391d,official_race_marker_verified,1200.0,flat,turf,,right,1.0,Class2,0.0,0.0,2608010310,26080103,True,https://www.jra.go.jp/datafile/seiseki/report/2026/2026-1kyoto3.pdf,1200ししがたに鹿ケ谷特別発走14時55分(芝・右)4歳以上、2勝クラス;負担重量は、ハンデキャップ賞品,expected_result,,
202608010311,2026.0,京都,1.0,3.0,11,2026-01-10,https://www.jra.go.jp/datafile/seiseki/report/2026/2026-1kyoto3.pdf,5b7e84536d9be51c4ffaf0902c8ccae7c42867090fcc59fae3f6291e209a391d,official_race_marker_verified,1400.0,flat,dirt,,right,,Maiden,0.0,0.0,2608010311,26080103,True,https://www.jra.go.jp/datafile/seiseki/report/2026/2026-1kyoto3.pdf,1400すばるステークス(L)発走15時30分(ダート・右)4歳以上、除未出走馬および未勝利馬;負担重量は、日本馬:4歳565歳以上57、牝馬2減、収得賞金1600万円超過馬は超過額1200万円毎1増、:4歳565歳以上57、牝馬2減、GI競走1着馬5増、GII競走1着馬3増、GIII競走1着馬1増(ただし2歳時の成績を除く)賞品,expected_result,,
202608010312,2026.0,京都,1.0,3.0,12,2026-01-10,https://www.jra.go.jp/datafile/seiseki/report/2026/2026-1kyoto3.pdf,5b7e84536d9be51c4ffaf0902c8ccae7c42867090fcc59fae3f6291e209a391d,official_race_marker_verified,1417.0,flat,turf,outer,right,,Class1,0.0,0.0,2608010312,26080103,True,https://www.jra.go.jp/datafile/seiseki/report/2026/2026-1kyoto3.pdf,14004歳以上1勝クラス発走16時10分(芝・右・外)負担重量は、4歳575歳以上58、牝馬2減,expected_result,,
202606010401,2026.0,中山,1.0,4.0,1,2026-01-11,https://www.jra.go.jp/datafile/seiseki/report/2026/2026-1nakayama4.pdf,46a0e624781b78d34686834479ea4e0aae14f933041bfd73326471bdd7022b09,official_race_marker_verified,8713.0,flat,dirt,,right,0.0,Maiden,0.0,0.0,2606010401,26060104,True,https://www.jra.go.jp/datafile/seiseki/report/2026/2026-1nakayama4.pdf,12003歳未勝利発走10時05分(ダート・右)負担重量は、馬齢重量,expected_result,,
202606010402,2026.0,中山,1.0,4.0,2,2026-01-11,https://www.jra.go.jp/datafile/seiseki/report/2026/2026-1nakayama4.pdf,46a0e624781b78d34686834479ea4e0aae14f933041bfd73326471bdd7022b09,official_race_marker_verified,2127.0,flat,dirt,,right,0.0,Maiden,0.0,0.0,2606010402,26060104,True,https://www.jra.go.jp/datafile/seiseki/report/2026/2026-1nakayama4.pdf,18003歳未勝利発走10時35分(ダート・右)牝;負担重量は、馬齢重量,expected_result,,
202606010403,2026.0,中山,1.0,4.0,3,2026-01-11,https://www.jra.go.jp/datafile/seiseki/report/2026/2026-1nakayama4.pdf,46a0e624781b78d34686834479ea4e0aae14f933041bfd73326471bdd7022b09,official_race_marker_verified,7154.0,flat,dirt,,right,0.0,Maiden,0.0,0.0,2606010403,26060104,True,https://www.jra.go.jp/datafile/seiseki/report/2026/2026-1nakayama4.pdf,18003歳未勝利発走11時05分(ダート・右)負担重量は、馬齢重量,expected_result,,
202606010404,2026.0,中山,1.0,4.0,4,2026-01-11,https://www.jra.go.jp/datafile/seiseki/report/2026/2026-1nakayama4.pdf,46a0e624781b78d34686834479ea4e0aae14f933041bfd73326471bdd7022b09,official_race_marker_verified,9612.0,flat,dirt,,right,0.0,Class1,0.0,0.0,2606010404,26060104,True,https://www.jra.go.jp/datafile/seiseki/report/2026/2026-1nakayama4.pdf,12003歳1勝クラス発走11時35分(ダート・右)負担重量は、馬齢重量,expected_result,,
202606010405,2026.0,中山,1.0,4.0,5,2026-01-11,https://www.jra.go.jp/datafile/seiseki/report/2026/2026-1nakayama4.pdf,46a0e624781b78d34686834479ea4e0aae14f933041bfd73326471bdd7022b09,official_race_marker_verified,5754.0,flat,dirt,,right,0.0,Newcomer,0.0,0.0,2606010405,26060104,True,https://www.jra.go.jp/datafile/seiseki/report/2026/2026-1nakayama4.pdf,18003歳新馬発走12時25分(ダート・右)負担重量は、馬齢重量,expected_result,,
202606010406,2026.0,中山,1.0,4.0,6,2026-01-11,https://www.jra.go.jp/datafile/seiseki/report/2026/2026-1nakayama4.pdf,46a0e624781b78d34686834479ea4e0aae14f933041bfd73326471bdd7022b09,official_race_marker_verified,5713.0,flat,turf,outer,right,0.0,Maiden,0.0,0.0,2606010406,26060104,True,https://www.jra.go.jp/datafile/seiseki/report/2026/2026-1nakayama4.pdf,22003歳未勝利発走12時55分(芝・右・外)負担重量は、馬齢重量,expected_result,,
202606010407,2026.0,中山,1.0,4.0,7,2026-01-11,https://www.jra.go.jp/datafile/seiseki/report/2026/2026-1nakayama4.pdf,46a0e624781b78d34686834479ea4e0aae14f933041bfd73326471bdd7022b09,official_race_marker_verified,7612.0,flat,dirt,,right,,Class1,0.0,0.0,2606010407,26060104,True,https://www.jra.go.jp/datafile/seiseki/report/2026/2026-1nakayama4.pdf,18004歳以上1勝クラス発走13時25分(ダート・右)負担重量は、4歳575歳以上58、牝馬2減,expected_result,,
202606010408,2026.0,中山,1.0,4.0,8,2026-01-11,https://www.jra.go.jp/datafile/seiseki/report/2026/2026-1nakayama4.pdf,46a0e624781b78d34686834479ea4e0aae14f933041bfd73326471bdd7022b09,official_race_marker_verified,2112.0,flat,turf,outer,right,,Class1,0.0,0.0,2606010408,26060104,True,https://www.jra.go.jp/datafile/seiseki/report/2026/2026-1nakayama4.pdf,16004歳以上1勝クラス発走13時55分(芝・右・外)負担重量は、4歳575歳以上58、牝馬2減,expected_result,,
202606010409,2026.0,中山,1.0,4.0,9,2026-01-11,https://www.jra.go.jp/datafile/seiseki/report/2026/2026-1nakayama4.pdf,46a0e624781b78d34686834479ea4e0aae14f933041bfd73326471bdd7022b09,official_race_marker_verified,1800.0,flat,turf,,right,,Class2,0.0,0.0,2606010409,26060104,True,https://www.jra.go.jp/datafile/seiseki/report/2026/2026-1nakayama4.pdf,1800はつさき初咲賞発走14時30分(芝・右)牝、4歳以上、2勝クラス;負担重量は、4歳555歳以上56賞品,expected_result,,
202606010410,2026.0,中山,1.0,4.0,10,2026-01-11,https://www.jra.go.jp/datafile/seiseki/report/2026/2026-1nakayama4.pdf,46a0e624781b78d34686834479ea4e0aae14f933041bfd73326471bdd7022b09,official_race_marker_verified,1800.0,flat,dirt,,right,,Maiden,0.0,0.0,2606010410,26060104,True,https://www.jra.go.jp/datafile/seiseki/report/2026/2026-1nakayama4.pdf,1800ポルックスステークス発走15時05分(ダート・右)4歳以上、除未出走馬および未勝利馬;負担重量は、日本馬:4歳565歳以上57、牝馬2減、収得賞金1600万円超過馬は超過額1200万円毎1増、:4歳565歳以上57、牝馬2減、GI競走1着馬5増、GII競走1着馬3増、GIII競走1着馬1増(ただし2歳時の成績を除く)賞品,expected_result,,
202606010411,2026.0,中山,1.0,4.0,11,2026-01-11,https://www.jra.go.jp/datafile/seiseki/report/2026/2026-1nakayama4.pdf,46a0e624781b78d34686834479ea4e0aae14f933041bfd73326471bdd7022b09,official_race_marker_verified,1600.0,flat,turf,outer,right,0.0,Open,1.0,1.0,2606010411,26060104,True,https://www.jra.go.jp/datafile/seiseki/report/2026/2026-1nakayama4.pdf,1600第42回フェアリーステークス(GIII)発走15時45分(芝・右・外)牝、3歳、除未出走馬および未勝利馬;負担重量は、馬齢重量賞品,expected_result,,
202606010412,2026.0,中山,1.0,4.0,12,2026-01-11,https://www.jra.go.jp/datafile/seiseki/report/2026/2026-1nakayama4.pdf,46a0e624781b78d34686834479ea4e0aae14f933041bfd73326471bdd7022b09,official_race_marker_verified,5855.0,flat,dirt,,right,,Class2,0.0,0.0,2606010412,26060104,True,https://www.jra.go.jp/datafile/seiseki/report/2026/2026-1nakayama4.pdf,12004歳以上2勝クラス発走16時25分(ダート・右)負担重量は、58、牝馬2減,expected_result,,
202608010401,2026.0,京都,1.0,4.0,1,2026-01-11,https://www.jra.go.jp/datafile/seiseki/report/2026/2026-1kyoto4.pdf,17d69d21f5268d5ff6e551778bac8fc3667043cc08f6f6a9b99237e1b1f4db13,official_race_marker_verified,3816.0,flat,dirt,,right,0.0,Maiden,0.0,0.0,2608010401,26080104,True,https://www.jra.go.jp/datafile/seiseki/report/2026/2026-1kyoto4.pdf,18003歳未勝利発走9時50分(ダート・右)負担重量は、馬齢重量,expected_result,,
202608010402,2026.0,京都,1.0,4.0,2,2026-01-11,https://www.jra.go.jp/datafile/seiseki/report/2026/2026-1kyoto4.pdf,17d69d21f5268d5ff6e551778bac8fc3667043cc08f6f6a9b99237e1b1f4db13,official_race_marker_verified,8714.0,flat,dirt,,right,0.0,Newcomer,0.0,0.0,2608010402,26080104,True,https://www.jra.go.jp/datafile/seiseki/report/2026/2026-1kyoto4.pdf,18003歳新馬発走10時20分(ダート・右)牝;負担重量は、馬齢重量,expected_result,,
202608010403,2026.0,京都,1.0,4.0,3,2026-01-11,https://www.jra.go.jp/datafile/seiseki/report/2026/2026-1kyoto4.pdf,17d69d21f5268d5ff6e551778bac8fc3667043cc08f6f6a9b99237e1b1f4db13,official_race_marker_verified,5756.0,flat,dirt,,right,0.0,Maiden,0.0,0.0,2608010403,26080104,True,https://www.jra.go.jp/datafile/seiseki/report/2026/2026-1kyoto4.pdf,14003歳未勝利発走10時50分(ダート・右)負担重量は、馬齢重量,expected_result,,
202608010404,2026.0,京都,1.0,4.0,4,2026-01-11,https://www.jra.go.jp/datafile/seiseki/report/2026/2026-1kyoto4.pdf,17d69d21f5268d5ff6e551778bac8fc3667043cc08f6f6a9b99237e1b1f4db13,official_race_marker_verified,2910.0,obstacle,turf,,,,Maiden,0.0,0.0,2608010404,26080104,False,https://www.jra.go.jp/datafile/seiseki/report/2026/2026-1kyoto4.pdf,2910障害4歳以上未勝利発走11時20分(芝・ダート)負担重量は、4歳595歳以上60、牝馬2減,expected_result,,
202608010405,2026.0,京都,1.0,4.0,5,2026-01-11,https://www.jra.go.jp/datafile/seiseki/report/2026/2026-1kyoto4.pdf,17d69d21f5268d5ff6e551778bac8fc3667043cc08f6f6a9b99237e1b1f4db13,official_race_marker_verified,3128.0,flat,dirt,,right,0.0,Class1,0.0,0.0,2608010405,26080104,True,https://www.jra.go.jp/datafile/seiseki/report/2026/2026-1kyoto4.pdf,14003歳1勝クラス発走12時10分(ダート・右)負担重量は、馬齢重量,expected_result,,
202608010406,2026.0,京都,1.0,4.0,6,2026-01-11,https://www.jra.go.jp/datafile/seiseki/report/2026/2026-1kyoto4.pdf,17d69d21f5268d5ff6e551778bac8fc3667043cc08f6f6a9b99237e1b1f4db13,official_race_marker_verified,1711.0,flat,dirt,,right,,Class1,0.0,0.0,2608010406,26080104,True,https://www.jra.go.jp/datafile/seiseki/report/2026/2026-1kyoto4.pdf,18004歳以上1勝クラス発走12時40分(ダート・右)負担重量は、4歳575歳以上58、牝馬2減,expected_result,,
202608010407,2026.0,京都,1.0,4.0,7,2026-01-11,https://www.jra.go.jp/datafile/seiseki/report/2026/2026-1kyoto4.pdf,17d69d21f5268d5ff6e551778bac8fc3667043cc08f6f6a9b99237e1b1f4db13,official_race_marker_verified,9610.0,flat,turf,,right,,Class1,0.0,0.0,2608010407,26080104,True,https://www.jra.go.jp/datafile/seiseki/report/2026/2026-1kyoto4.pdf,20004歳以上1勝クラス発走13時10分(芝・右)負担重量は、4歳575歳以上58、牝馬2減,expected_result,,
202608010408,2026.0,京都,1.0,4.0,8,2026-01-11,https://www.jra.go.jp/datafile/seiseki/report/2026/2026-1kyoto4.pdf,17d69d21f5268d5ff6e551778bac8fc3667043cc08f6f6a9b99237e1b1f4db13,official_race_marker_verified,714.0,flat,dirt,,right,,Class2,0.0,0.0,2608010408,26080104,True,https://www.jra.go.jp/datafile/seiseki/report/2026/2026-1kyoto4.pdf,14004歳以上2勝クラス発走13時40分(ダート・右)負担重量は、4歳575歳以上58、牝馬2減,expected_result,,
202608010409,2026.0,京都,1.0,4.0,9,2026-01-11,https://www.jra.go.jp/datafile/seiseki/report/2026/2026-1kyoto4.pdf,17d69d21f5268d5ff6e551778bac8fc3667043cc08f6f6a9b99237e1b1f4db13,official_race_marker_verified,1900.0,flat,dirt,,right,,Class2,0.0,0.0,2608010409,26080104,True,https://www.jra.go.jp/datafile/seiseki/report/2026/2026-1kyoto4.pdf,1900ごじょうざか五条坂特別発走14時15分(ダート・右)4歳以上、2勝クラス;負担重量は、4歳575歳以上58、牝馬2減賞品,expected_result,,
202608010410,2026.0,京都,1.0,4.0,10,2026-01-11,https://www.jra.go.jp/datafile/seiseki/report/2026/2026-1kyoto4.pdf,17d69d21f5268d5ff6e551778bac8fc3667043cc08f6f6a9b99237e1b1f4db13,official_race_marker_verified,1600.0,flat,turf,outer,right,,Maiden,0.0,0.0,2608010410,26080104,True,https://www.jra.go.jp/datafile/seiseki/report/2026/2026-1kyoto4.pdf,1600しんしゅん新春ステークス発走14時50分(芝・右・外)4歳以上、3勝クラス、除未出走馬および未勝利馬;負担重量は、4歳575歳以上58、牝馬2減賞品,expected_result,,
202608010411,2026.0,京都,1.0,4.0,11,2026-01-11,https://www.jra.go.jp/datafile/seiseki/report/2026/2026-1kyoto4.pdf,17d69d21f5268d5ff6e551778bac8fc3667043cc08f6f6a9b99237e1b1f4db13,official_race_marker_verified,1200.0,flat,turf,,right,,Maiden,0.0,0.0,2608010411,26080104,True,https://www.jra.go.jp/datafile/seiseki/report/2026/2026-1kyoto4.pdf,1200よどたんきょり淀短距離ステークス(L)発走15時30分(芝・右)4歳以上、除未出走馬および未勝利馬;負担重量は、日本馬:57、牝馬2減、収得賞金1600万円超過馬は超過額1200万円毎1増、:57、牝馬2減、GI競走1着馬5増、GII競走1着馬3増、GIII競走1着馬1増(ただし2歳時の成績を除く)賞品,expected_result,,
202608010412,2026.0,京都,1.0,4.0,12,2026-01-11,https://www.jra.go.jp/datafile/seiseki/report/2026/2026-1kyoto4.pdf,17d69d21f5268d5ff6e551778bac8fc3667043cc08f6f6a9b99237e1b1f4db13,official_race_marker_verified,3714.0,flat,turf,outer,right,0.0,Maiden,0.0,0.0,2608010412,26080104,True,https://www.jra.go.jp/datafile/seiseki/report/2026/2026-1kyoto4.pdf,18003歳未勝利発走16時10分(芝・右・外)負担重量は、馬齢重量,expected_result,,
202606010501,2026.0,中山,1.0,5.0,1,2026-01-12,https://www.jra.go.jp/datafile/seiseki/report/2026/2026-1nakayama5.pdf,5b4d0d5334c0fec7389dac13c800243b95bd66cf68664ffa827816d2dcff228d,official_race_marker_verified,1611.0,flat,dirt,,right,0.0,Maiden,0.0,0.0,2606010501,26060105,True,https://www.jra.go.jp/datafile/seiseki/report/2026/2026-1nakayama5.pdf,12003歳未勝利発走9時50分(ダート・右)負担重量は、馬齢重量,expected_result,,
202606010502,2026.0,中山,1.0,5.0,2,2026-01-12,https://www.jra.go.jp/datafile/seiseki/report/2026/2026-1nakayama5.pdf,5b4d0d5334c0fec7389dac13c800243b95bd66cf68664ffa827816d2dcff228d,official_race_marker_verified,8611.0,flat,dirt,,right,0.0,Maiden,0.0,0.0,2606010502,26060105,True,https://www.jra.go.jp/datafile/seiseki/report/2026/2026-1nakayama5.pdf,18003歳未勝利発走10時20分(ダート・右)牝;負担重量は、馬齢重量,expected_result,,
202606010503,2026.0,中山,1.0,5.0,3,2026-01-12,https://www.jra.go.jp/datafile/seiseki/report/2026/2026-1nakayama5.pdf,5b4d0d5334c0fec7389dac13c800243b95bd66cf68664ffa827816d2dcff228d,official_race_marker_verified,7611.0,flat,dirt,,right,0.0,Maiden,0.0,0.0,2606010503,26060105,True,https://www.jra.go.jp/datafile/seiseki/report/2026/2026-1nakayama5.pdf,18003歳未勝利発走10時50分(ダート・右)負担重量は、馬齢重量,expected_result,,
202606010504,2026.0,中山,1.0,5.0,4,2026-01-12,https://www.jra.go.jp/datafile/seiseki/report/2026/2026-1nakayama5.pdf,5b4d0d5334c0fec7389dac13c800243b95bd66cf68664ffa827816d2dcff228d,official_race_marker_verified,2880.0,obstacle,turf,,,,Maiden,0.0,0.0,2606010504,26060105,False,https://www.jra.go.jp/datafile/seiseki/report/2026/2026-1nakayama5.pdf,2880障害4歳以上未勝利発走11時20分(芝・ダート)負担重量は、4歳595歳以上60、牝馬2減,expected_result,,
202606010505,2026.0,中山,1.0,5.0,5,2026-01-12,https://www.jra.go.jp/datafile/seiseki/report/2026/2026-1nakayama5.pdf,5b4d0d5334c0fec7389dac13c800243b95bd66cf68664ffa827816d2dcff228d,official_race_marker_verified,4612.0,flat,dirt,,right,0.0,Newcomer,0.0,0.0,2606010505,26060105,True,https://www.jra.go.jp/datafile/seiseki/report/2026/2026-1nakayama5.pdf,12003歳新馬発走12時10分(ダート・右)負担重量は、馬齢重量,expected_result,,
202606010506,2026.0,中山,1.0,5.0,6,2026-01-12,https://www.jra.go.jp/datafile/seiseki/report/2026/2026-1nakayama5.pdf,5b4d0d5334c0fec7389dac13c800243b95bd66cf68664ffa827816d2dcff228d,official_race_marker_verified,817.0,flat,turf,,right,0.0,Maiden,0.0,0.0,2606010506,26060105,True,https://www.jra.go.jp/datafile/seiseki/report/2026/2026-1nakayama5.pdf,20003歳未勝利発走12時40分(芝・右)負担重量は、馬齢重量,expected_result,,
202606010507,2026.0,中山,1.0,5.0,7,2026-01-12,https://www.jra.go.jp/datafile/seiseki/report/2026/2026-1nakayama5.pdf,5b4d0d5334c0fec7389dac13c800243b95bd66cf68664ffa827816d2dcff228d,official_race_marker_verified,721.0,flat,dirt,,right,,Class1,0.0,0.0,2606010507,26060105,True,https://www.jra.go.jp/datafile/seiseki/report/2026/2026-1nakayama5.pdf,18004歳以上1勝クラス発走13時10分(ダート・右)牝;負担重量は、4歳555歳以上56,expected_result,,
202606010508,2026.0,中山,1.0,5.0,8,2026-01-12,https://www.jra.go.jp/datafile/seiseki/report/2026/2026-1nakayama5.pdf,5b4d0d5334c0fec7389dac13c800243b95bd66cf68664ffa827816d2dcff228d,official_race_marker_verified,5754.0,flat,turf,outer,right,0.0,Class1,0.0,0.0,2606010508,26060105,True,https://www.jra.go.jp/datafile/seiseki/report/2026/2026-1nakayama5.pdf,12003歳1勝クラス発走13時40分(芝・右・外)負担重量は、馬齢重量,expected_result,,
202606010509,2026.0,中山,1.0,5.0,9,2026-01-12,https://www.jra.go.jp/datafile/seiseki/report/2026/2026-1nakayama5.pdf,5b4d0d5334c0fec7389dac13c800243b95bd66cf68664ffa827816d2dcff228d,official_race_marker_verified,2400.0,flat,dirt,,right,,Class2,0.0,0.0,2606010509,26060105,True,https://www.jra.go.jp/datafile/seiseki/report/2026/2026-1nakayama5.pdf,2400なりた成田特別発走14時15分(ダート・右)4歳以上、2勝クラス;負担重量は、4歳575歳以上58、牝馬2減成田市長賞(1着)賞品,expected_result,,
202606010510,2026.0,中山,1.0,5.0,10,2026-01-12,https://www.jra.go.jp/datafile/seiseki/report/2026/2026-1nakayama5.pdf,5b4d0d5334c0fec7389dac13c800243b95bd66cf68664ffa827816d2dcff228d,official_race_marker_verified,1200.0,flat,dirt,,right,1.0,Maiden,0.0,0.0,2606010510,26060105,True,https://www.jra.go.jp/datafile/seiseki/report/2026/2026-1nakayama5.pdf,1200はつはる初春ステークス発走14時50分(ダート・右)4歳以上、3勝クラス、除未出走馬および未勝利馬;負担重量は、ハンデキャップ賞品,expected_result,,
202606010511,2026.0,中山,1.0,5.0,11,2026-01-12,https://www.jra.go.jp/datafile/seiseki/report/2026/2026-1nakayama5.pdf,5b4d0d5334c0fec7389dac13c800243b95bd66cf68664ffa827816d2dcff228d,official_race_marker_verified,1600.0,flat,turf,outer,right,,Maiden,0.0,0.0,2606010511,26060105,True,https://www.jra.go.jp/datafile/seiseki/report/2026/2026-1nakayama5.pdf,1600ニューイヤーステークス(L)発走15時30分(芝・右・外)4歳以上、除未出走馬および未勝利馬;負担重量は、日本馬:4歳565歳以上57、牝馬2減、収得賞金1600万円超過馬は超過額1200万円毎1増、:4歳565歳以上57、牝馬2減、GI競走1着馬5増、GII競走1着馬3増、GIII競走1着馬1増(ただし2歳時の成績を除く)賞品,expected_result,,
202606010512,2026.0,中山,1.0,5.0,12,2026-01-12,https://www.jra.go.jp/datafile/seiseki/report/2026/2026-1nakayama5.pdf,5b4d0d5334c0fec7389dac13c800243b95bd66cf68664ffa827816d2dcff228d,official_race_marker_verified,1715.0,flat,turf,,right,,Class1,0.0,0.0,2606010512,26060105,True,https://www.jra.go.jp/datafile/seiseki/report/2026/2026-1nakayama5.pdf,20004歳以上1勝クラス発走16時10分(芝・右)負担重量は、4歳575歳以上58、牝馬2減,expected_result,,
202608010501,2026.0,京都,1.0,5.0,1,2026-01-12,https://www.jra.go.jp/datafile/seiseki/report/2026/2026-1kyoto5.pdf,ddd2d047b696c3f7808aa279c9cf9385cfb35603551a4ba6ca27ad2b62671fb6,official_race_marker_verified,9815.0,flat,dirt,,right,0.0,Maiden,0.0,0.0,2608010501,26080105,True,https://www.jra.go.jp/datafile/seiseki/report/2026/2026-1kyoto5.pdf,12003歳未勝利発走10時05分(ダート・右)負担重量は、馬齢重量,expected_result,,
202608010502,2026.0,京都,1.0,5.0,2,2026-01-12,https://www.jra.go.jp/datafile/seiseki/report/2026/2026-1kyoto5.pdf,ddd2d047b696c3f7808aa279c9cf9385cfb35603551a4ba6ca27ad2b62671fb6,official_race_marker_verified,2510.0,flat,dirt,,right,0.0,Maiden,0.0,0.0,2608010502,26080105,True,https://www.jra.go.jp/datafile/seiseki/report/2026/2026-1kyoto5.pdf,18003歳未勝利発走10時35分(ダート・右)負担重量は、馬齢重量,expected_result,,
202608010503,2026.0,京都,1.0,5.0,3,2026-01-12,https://www.jra.go.jp/datafile/seiseki/report/2026/2026-1kyoto5.pdf,ddd2d047b696c3f7808aa279c9cf9385cfb35603551a4ba6ca27ad2b62671fb6,official_race_marker_verified,7816.0,flat,dirt,,right,0.0,Maiden,0.0,0.0,2608010503,26080105,True,https://www.jra.go.jp/datafile/seiseki/report/2026/2026-1kyoto5.pdf,14003歳未勝利発走11時05分(ダート・右)牝;負担重量は、馬齢重量,expected_result,,
202608010504,2026.0,京都,1.0,5.0,4,2026-01-12,https://www.jra.go.jp/datafile/seiseki/report/2026/2026-1kyoto5.pdf,ddd2d047b696c3f7808aa279c9cf9385cfb35603551a4ba6ca27ad2b62671fb6,official_race_marker_verified,5816.0,flat,dirt,,right,0.0,Newcomer,0.0,0.0,2608010504,26080105,True,https://www.jra.go.jp/datafile/seiseki/report/2026/2026-1kyoto5.pdf,18003歳新馬発走11時35分(ダート・右)負担重量は、馬齢重量,expected_result,,
202608010505,2026.0,京都,1.0,5.0,5,2026-01-12,https://www.jra.go.jp/datafile/seiseki/report/2026/2026-1kyoto5.pdf,ddd2d047b696c3f7808aa279c9cf9385cfb35603551a4ba6ca27ad2b62671fb6,official_race_marker_verified,5553.0,flat,turf,,right,0.0,Newcomer,0.0,0.0,2608010505,26080105,True,https://www.jra.go.jp/datafile/seiseki/report/2026/2026-1kyoto5.pdf,16003歳新馬発走12時25分(芝・右)負担重量は、馬齢重量,expected_result,,
202608010506,2026.0,京都,1.0,5.0,6,2026-01-12,https://www.jra.go.jp/datafile/seiseki/report/2026/2026-1kyoto5.pdf,ddd2d047b696c3f7808aa279c9cf9385cfb35603551a4ba6ca27ad2b62671fb6,official_race_marker_verified,5653.0,flat,dirt,,right,,Class1,0.0,0.0,2608010506,26080105,True,https://www.jra.go.jp/datafile/seiseki/report/2026/2026-1kyoto5.pdf,18004歳以上1勝クラス発走12時55分(ダート・右)牝;負担重量は、4歳555歳以上56,expected_result,,
202608010507,2026.0,京都,1.0,5.0,7,2026-01-12,https://www.jra.go.jp/datafile/seiseki/report/2026/2026-1kyoto5.pdf,ddd2d047b696c3f7808aa279c9cf9385cfb35603551a4ba6ca27ad2b62671fb6,official_race_marker_verified,5755.0,flat,dirt,,right,,Class1,0.0,0.0,2608010507,26080105,True,https://www.jra.go.jp/datafile/seiseki/report/2026/2026-1kyoto5.pdf,14004歳以上1勝クラス発走13時25分(ダート・右)負担重量は、4歳575歳以上58、牝馬2減,expected_result,,
202608010508,2026.0,京都,1.0,5.0,8,2026-01-12,https://www.jra.go.jp/datafile/seiseki/report/2026/2026-1kyoto5.pdf,ddd2d047b696c3f7808aa279c9cf9385cfb35603551a4ba6ca27ad2b62671fb6,official_race_marker_verified,6610.0,flat,dirt,,right,,Class1,0.0,0.0,2608010508,26080105,True,https://www.jra.go.jp/datafile/seiseki/report/2026/2026-1kyoto5.pdf,19004歳以上1勝クラス発走13時55分(ダート・右)負担重量は、4歳575歳以上58、牝馬2減,expected_result,,
202608010509,2026.0,京都,1.0,5.0,9,2026-01-12,https://www.jra.go.jp/datafile/seiseki/report/2026/2026-1kyoto5.pdf,ddd2d047b696c3f7808aa279c9cf9385cfb35603551a4ba6ca27ad2b62671fb6,official_race_marker_verified,2400.0,flat,turf,outer,right,,Class2,0.0,0.0,2608010509,26080105,True,https://www.jra.go.jp/datafile/seiseki/report/2026/2026-1kyoto5.pdf,2400びわこ琵琶湖特別発走14時30分(芝・右・外)4歳以上、2勝クラス;負担重量は、4歳575歳以上58、牝馬2減賞品,expected_result,,
202608010510,2026.0,京都,1.0,5.0,10,2026-01-12,https://www.jra.go.jp/datafile/seiseki/report/2026/2026-1kyoto5.pdf,ddd2d047b696c3f7808aa279c9cf9385cfb35603551a4ba6ca27ad2b62671fb6,official_race_marker_verified,1800.0,flat,dirt,,right,1.0,Maiden,0.0,0.0,2608010510,26080105,True,https://www.jra.go.jp/datafile/seiseki/report/2026/2026-1kyoto5.pdf,1800みやび雅ステークス発走15時05分(ダート・右)4歳以上、3勝クラス、除未出走馬および未勝利馬;負担重量は、ハンデキャップ賞品,expected_result,,
202608010511,2026.0,京都,1.0,5.0,11,2026-01-12,https://www.jra.go.jp/datafile/seiseki/report/2026/2026-1kyoto5.pdf,ddd2d047b696c3f7808aa279c9cf9385cfb35603551a4ba6ca27ad2b62671fb6,official_race_marker_verified,1600.0,flat,turf,outer,right,0.0,Open,1.0,1.0,2608010511,26080105,True,https://www.jra.go.jp/datafile/seiseki/report/2026/2026-1kyoto5.pdf,1600第60回日刊スポーツ賞シンザン記念(GIII)発走15時45分(芝・右・外)3歳、除未出走馬および未勝利馬;負担重量は、馬齢重量日刊スポーツ新聞社賞(1着)賞品,expected_result,,
202608010512,2026.0,京都,1.0,5.0,12,2026-01-12,https://www.jra.go.jp/datafile/seiseki/report/2026/2026-1kyoto5.pdf,ddd2d047b696c3f7808aa279c9cf9385cfb35603551a4ba6ca27ad2b62671fb6,official_race_marker_verified,6224.0,flat,turf,,right,0.0,Maiden,0.0,0.0,2608010512,26080105,True,https://www.jra.go.jp/datafile/seiseki/report/2026/2026-1kyoto5.pdf,14003歳未勝利発走16時25分(芝・右)負担重量は、馬齢重量,expected_result,,
202606010601,2026.0,中山,1.0,6.0,1,2026-01-17,https://www.jra.go.jp/datafile/seiseki/report/2026/2026-1nakayama6.pdf,502169c891f5a30eb561e07f956eb523188138c315e7b39a2757e52f33d4bf6e,official_race_marker_verified,7713.0,flat,dirt,,right,0.0,Maiden,0.0,0.0,2606010601,26060106,True,https://www.jra.go.jp/datafile/seiseki/report/2026/2026-1nakayama6.pdf,12003歳未勝利発走10時05分(ダート・右)負担重量は、馬齢重量,expected_result,,
202606010602,2026.0,中山,1.0,6.0,2,2026-01-17,https://www.jra.go.jp/datafile/seiseki/report/2026/2026-1nakayama6.pdf,502169c891f5a30eb561e07f956eb523188138c315e7b39a2757e52f33d4bf6e,official_race_marker_verified,5754.0,flat,dirt,,right,0.0,Maiden,0.0,0.0,2606010602,26060106,True,https://www.jra.go.jp/datafile/seiseki/report/2026/2026-1nakayama6.pdf,18003歳未勝利発走10時35分(ダート・右)負担重量は、馬齢重量,expected_result,,
202606010603,2026.0,中山,1.0,6.0,3,2026-01-17,https://www.jra.go.jp/datafile/seiseki/report/2026/2026-1nakayama6.pdf,502169c891f5a30eb561e07f956eb523188138c315e7b39a2757e52f33d4bf6e,official_race_marker_verified,4714.0,flat,dirt,,right,0.0,Newcomer,0.0,0.0,2606010603,26060106,True,https://www.jra.go.jp/datafile/seiseki/report/2026/2026-1nakayama6.pdf,18003歳新馬発走11時05分(ダート・右)負担重量は、馬齢重量,expected_result,,
202606010604,2026.0,中山,1.0,6.0,4,2026-01-17,https://www.jra.go.jp/datafile/seiseki/report/2026/2026-1nakayama6.pdf,502169c891f5a30eb561e07f956eb523188138c315e7b39a2757e52f33d4bf6e,official_race_marker_verified,2880.0,obstacle,turf,,,,Maiden,0.0,0.0,2606010604,26060106,False,https://www.jra.go.jp/datafile/seiseki/report/2026/2026-1nakayama6.pdf,2880障害4歳以上未勝利発走11時35分(芝・ダート)負担重量は、4歳595歳以上60、牝馬2減,expected_result,,
202606010605,2026.0,中山,1.0,6.0,5,2026-01-17,https://www.jra.go.jp/datafile/seiseki/report/2026/2026-1nakayama6.pdf,502169c891f5a30eb561e07f956eb523188138c315e7b39a2757e52f33d4bf6e,official_race_marker_verified,9111.0,flat,turf,,right,0.0,Maiden,0.0,0.0,2606010605,26060106,True,https://www.jra.go.jp/datafile/seiseki/report/2026/2026-1nakayama6.pdf,20003歳未勝利発走12時25分(芝・右)負担重量は、馬齢重量,expected_result,,
202606010606,2026.0,中山,1.0,6.0,6,2026-01-17,https://www.jra.go.jp/datafile/seiseki/report/2026/2026-1nakayama6.pdf,502169c891f5a30eb561e07f956eb523188138c315e7b39a2757e52f33d4bf6e,official_race_marker_verified,5653.0,flat,dirt,,right,,Class1,0.0,0.0,2606010606,26060106,True,https://www.jra.go.jp/datafile/seiseki/report/2026/2026-1nakayama6.pdf,12004歳以上1勝クラス発走12時55分(ダート・右)負担重量は、58、牝馬2減,expected_result,,
202606010607,2026.0,中山,1.0,6.0,7,2026-01-17,https://www.jra.go.jp/datafile/seiseki/report/2026/2026-1nakayama6.pdf,502169c891f5a30eb561e07f956eb523188138c315e7b39a2757e52f33d4bf6e,official_race_marker_verified,8710.0,flat,turf,outer,right,,Class1,0.0,0.0,2606010607,26060106,True,https://www.jra.go.jp/datafile/seiseki/report/2026/2026-1nakayama6.pdf,22004歳以上1勝クラス発走13時25分(芝・右・外)負担重量は、4歳575歳以上58、牝馬2減,expected_result,,
202606010608,2026.0,中山,1.0,6.0,8,2026-01-17,https://www.jra.go.jp/datafile/seiseki/report/2026/2026-1nakayama6.pdf,502169c891f5a30eb561e07f956eb523188138c315e7b39a2757e52f33d4bf6e,official_race_marker_verified,8713.0,flat,dirt,,right,,Class2,0.0,0.0,2606010608,26060106,True,https://www.jra.go.jp/datafile/seiseki/report/2026/2026-1nakayama6.pdf,12004歳以上2勝クラス発走13時55分(ダート・右)負担重量は、58、牝馬2減,expected_result,,
202606010609,2026.0,中山,1.0,6.0,9,2026-01-17,https://www.jra.go.jp/datafile/seiseki/report/2026/2026-1nakayama6.pdf,502169c891f5a30eb561e07f956eb523188138c315e7b39a2757e52f33d4bf6e,official_race_marker_verified,1600.0,flat,turf,outer,right,0.0,Class1,0.0,0.0,2606010609,26060106,True,https://www.jra.go.jp/datafile/seiseki/report/2026/2026-1nakayama6.pdf,1600なはな菜の花賞発走14時30分(芝・右・外)牝、3歳、1勝クラス;負担重量は、馬齢重量賞品,expected_result,,
202606010610,2026.0,中山,1.0,6.0,10,2026-01-17,https://www.jra.go.jp/datafile/seiseki/report/2026/2026-1nakayama6.pdf,502169c891f5a30eb561e07f956eb523188138c315e7b39a2757e52f33d4bf6e,official_race_marker_verified,1800.0,flat,dirt,,right,1.0,Maiden,0.0,0.0,2606010610,26060106,True,https://www.jra.go.jp/datafile/seiseki/report/2026/2026-1nakayama6.pdf,1800アレキサンドライトステークス発走15時05分(ダート・右)4歳以上、3勝クラス、除未出走馬および未勝利馬;負担重量は、ハンデキャップ賞品,expected_result,,
202606010611,2026.0,中山,1.0,6.0,11,2026-01-17,https://www.jra.go.jp/datafile/seiseki/report/2026/2026-1nakayama6.pdf,502169c891f5a30eb561e07f956eb523188138c315e7b39a2757e52f33d4bf6e,official_race_marker_verified,1200.0,flat,turf,outer,right,1.0,Maiden,0.0,0.0,2606010611,26060106,True,https://www.jra.go.jp/datafile/seiseki/report/2026/2026-1nakayama6.pdf,1200カーバンクルステークス発走15時45分(芝・右・外)4歳以上、除未出走馬および未勝利馬;負担重量は、ハンデキャップ賞品,expected_result,,
202606010612,2026.0,中山,1.0,6.0,12,2026-01-17,https://www.jra.go.jp/datafile/seiseki/report/2026/2026-1nakayama6.pdf,502169c891f5a30eb561e07f956eb523188138c315e7b39a2757e52f33d4bf6e,official_race_marker_verified,611.0,flat,turf,outer,right,,Class2,0.0,0.0,2606010612,26060106,True,https://www.jra.go.jp/datafile/seiseki/report/2026/2026-1nakayama6.pdf,12004歳以上2勝クラス発走16時25分(芝・右・外)負担重量は、58、牝馬2減,expected_result,,
202608010601,2026.0,京都,1.0,6.0,1,2026-01-17,https://www.jra.go.jp/datafile/seiseki/report/2026/2026-1kyoto6.pdf,c28a777abd29b1d57017674f2159ee552a83ba60aca60a59d3418b0b0fac766a,official_race_marker_verified,5630.0,flat,dirt,,right,0.0,Maiden,0.0,0.0,2608010601,26080106,True,https://www.jra.go.jp/datafile/seiseki/report/2026/2026-1kyoto6.pdf,18003歳未勝利発走9時50分(ダート・右)負担重量は、馬齢重量,expected_result,,
202608010602,2026.0,京都,1.0,6.0,2,2026-01-17,https://www.jra.go.jp/datafile/seiseki/report/2026/2026-1kyoto6.pdf,c28a777abd29b1d57017674f2159ee552a83ba60aca60a59d3418b0b0fac766a,official_race_marker_verified,8611.0,flat,dirt,,right,0.0,Maiden,0.0,0.0,2608010602,26080106,True,https://www.jra.go.jp/datafile/seiseki/report/2026/2026-1kyoto6.pdf,12003歳未勝利発走10時20分(ダート・右)負担重量は、馬齢重量,expected_result,,
202608010603,2026.0,京都,1.0,6.0,3,2026-01-17,https://www.jra.go.jp/datafile/seiseki/report/2026/2026-1kyoto6.pdf,c28a777abd29b1d57017674f2159ee552a83ba60aca60a59d3418b0b0fac766a,official_race_marker_verified,5754.0,flat,dirt,,right,0.0,Maiden,0.0,0.0,2608010603,26080106,True,https://www.jra.go.jp/datafile/seiseki/report/2026/2026-1kyoto6.pdf,19003歳未勝利発走10時50分(ダート・右)負担重量は、馬齢重量,expected_result,,
202608010604,2026.0,京都,1.0,6.0,4,2026-01-17,https://www.jra.go.jp/datafile/seiseki/report/2026/2026-1kyoto6.pdf,c28a777abd29b1d57017674f2159ee552a83ba60aca60a59d3418b0b0fac766a,official_race_marker_verified,8713.0,flat,dirt,,right,0.0,Newcomer,0.0,0.0,2608010604,26080106,True,https://www.jra.go.jp/datafile/seiseki/report/2026/2026-1kyoto6.pdf,14003歳新馬発走11時20分(ダート・右)牝;負担重量は、馬齢重量,expected_result,,
202608010605,2026.0,京都,1.0,6.0,5,2026-01-17,https://www.jra.go.jp/datafile/seiseki/report/2026/2026-1kyoto6.pdf,c28a777abd29b1d57017674f2159ee552a83ba60aca60a59d3418b0b0fac766a,official_race_marker_verified,4818.0,flat,turf,,right,0.0,Maiden,0.0,0.0,2608010605,26080106,True,https://www.jra.go.jp/datafile/seiseki/report/2026/2026-1kyoto6.pdf,20003歳未勝利発走12時10分(芝・右)牝;負担重量は、馬齢重量,expected_result,,
202608010606,2026.0,京都,1.0,6.0,6,2026-01-17,https://www.jra.go.jp/datafile/seiseki/report/2026/2026-1kyoto6.pdf,c28a777abd29b1d57017674f2159ee552a83ba60aca60a59d3418b0b0fac766a,official_race_marker_verified,8361.0,flat,dirt,,right,0.0,Class1,0.0,0.0,2608010606,26080106,True,https://www.jra.go.jp/datafile/seiseki/report/2026/2026-1kyoto6.pdf,18003歳1勝クラス発走12時40分(ダート・右)負担重量は、馬齢重量,expected_result,,
202608010607,2026.0,京都,1.0,6.0,7,2026-01-17,https://www.jra.go.jp/datafile/seiseki/report/2026/2026-1kyoto6.pdf,c28a777abd29b1d57017674f2159ee552a83ba60aca60a59d3418b0b0fac766a,official_race_marker_verified,5816.0,flat,dirt,,right,,Class1,0.0,0.0,2608010607,26080106,True,https://www.jra.go.jp/datafile/seiseki/report/2026/2026-1kyoto6.pdf,14004歳以上1勝クラス発走13時10分(ダート・右)負担重量は、4歳575歳以上58、牝馬2減,expected_result,,
202608010608,2026.0,京都,1.0,6.0,8,2026-01-17,https://www.jra.go.jp/datafile/seiseki/report/2026/2026-1kyoto6.pdf,c28a777abd29b1d57017674f2159ee552a83ba60aca60a59d3418b0b0fac766a,official_race_marker_verified,7319.0,flat,dirt,,right,,Class1,0.0,0.0,2608010608,26080106,True,https://www.jra.go.jp/datafile/seiseki/report/2026/2026-1kyoto6.pdf,18004歳以上1勝クラス発走13時40分(ダート・右)負担重量は、4歳575歳以上58、牝馬2減,expected_result,,
202608010609,2026.0,京都,1.0,6.0,9,2026-01-17,https://www.jra.go.jp/datafile/seiseki/report/2026/2026-1kyoto6.pdf,c28a777abd29b1d57017674f2159ee552a83ba60aca60a59d3418b0b0fac766a,official_race_marker_verified,2000.0,flat,turf,,right,,Class2,0.0,0.0,2608010609,26080106,True,https://www.jra.go.jp/datafile/seiseki/report/2026/2026-1kyoto6.pdf,2000いなり稲荷特別発走14時15分(芝・右)4歳以上、2勝クラス;負担重量は、4歳575歳以上58、牝馬2減賞品,expected_result,,
202608010610,2026.0,京都,1.0,6.0,10,2026-01-17,https://www.jra.go.jp/datafile/seiseki/report/2026/2026-1kyoto6.pdf,c28a777abd29b1d57017674f2159ee552a83ba60aca60a59d3418b0b0fac766a,official_race_marker_verified,1400.0,flat,turf,outer,right,,Maiden,0.0,0.0,2608010610,26080106,True,https://www.jra.go.jp/datafile/seiseki/report/2026/2026-1kyoto6.pdf,1400こうばい紅梅ステークス(L)発走14時50分(芝・右・外)牝、3歳、除3歳未出走馬および未勝利馬;負担重量は、日本馬:馬齢重量、収得賞金1200万円毎1増、:馬齢重量、GI競走1着馬2増、GII競走またはGIII競走1着馬1増賞品,expected_result,,
202608010611,2026.0,京都,1.0,6.0,11,2026-01-17,https://www.jra.go.jp/datafile/seiseki/report/2026/2026-1kyoto6.pdf,c28a777abd29b1d57017674f2159ee552a83ba60aca60a59d3418b0b0fac766a,official_race_marker_verified,1400.0,flat,dirt,,right,,Maiden,0.0,0.0,2608010611,26080106,True,https://www.jra.go.jp/datafile/seiseki/report/2026/2026-1kyoto6.pdf,1400らしょうもん羅生門ステークス発走15時30分(ダート・右)4歳以上、3勝クラス、除未出走馬および未勝利馬;負担重量は、4歳575歳以上58、牝馬2減賞品,expected_result,,
202608010612,2026.0,京都,1.0,6.0,12,2026-01-17,https://www.jra.go.jp/datafile/seiseki/report/2026/2026-1kyoto6.pdf,c28a777abd29b1d57017674f2159ee552a83ba60aca60a59d3418b0b0fac766a,official_race_marker_verified,6817.0,flat,turf,outer,right,,Class2,0.0,0.0,2608010612,26080106,True,https://www.jra.go.jp/datafile/seiseki/report/2026/2026-1kyoto6.pdf,16004歳以上2勝クラス発走16時10分(芝・右・外)負担重量は、4歳575歳以上58、牝馬2減,expected_result,,
202606010701,2026.0,中山,1.0,7.0,1,2026-01-18,https://www.jra.go.jp/datafile/seiseki/report/2026/2026-1nakayama7.pdf,12b8a014f96e9c6433df7df98364fe5f33f940b9b4bac7423dda6acd82dae347,official_race_marker_verified,5612.0,flat,dirt,,right,0.0,Maiden,0.0,0.0,2606010701,26060107,True,https://www.jra.go.jp/datafile/seiseki/report/2026/2026-1nakayama7.pdf,12003歳未勝利発走10時05分(ダート・右)負担重量は、馬齢重量,expected_result,,
202606010702,2026.0,中山,1.0,7.0,2,2026-01-18,https://www.jra.go.jp/datafile/seiseki/report/2026/2026-1nakayama7.pdf,12b8a014f96e9c6433df7df98364fe5f33f940b9b4bac7423dda6acd82dae347,official_race_marker_verified,344.0,flat,dirt,,right,0.0,Maiden,0.0,0.0,2606010702,26060107,True,https://www.jra.go.jp/datafile/seiseki/report/2026/2026-1nakayama7.pdf,18003歳未勝利発走10時35分(ダート・右)牝;負担重量は、馬齢重量,expected_result,,
202606010703,2026.0,中山,1.0,7.0,3,2026-01-18,https://www.jra.go.jp/datafile/seiseki/report/2026/2026-1nakayama7.pdf,12b8a014f96e9c6433df7df98364fe5f33f940b9b4bac7423dda6acd82dae347,official_race_marker_verified,8711.0,flat,dirt,,right,0.0,Maiden,0.0,0.0,2606010703,26060107,True,https://www.jra.go.jp/datafile/seiseki/report/2026/2026-1nakayama7.pdf,18003歳未勝利発走11時05分(ダート・右)負担重量は、馬齢重量,expected_result,,
202606010704,2026.0,中山,1.0,7.0,4,2026-01-18,https://www.jra.go.jp/datafile/seiseki/report/2026/2026-1nakayama7.pdf,12b8a014f96e9c6433df7df98364fe5f33f940b9b4bac7423dda6acd82dae347,official_race_marker_verified,2880.0,obstacle,turf,,,,Maiden,0.0,0.0,2606010704,26060107,False,https://www.jra.go.jp/datafile/seiseki/report/2026/2026-1nakayama7.pdf,2880障害4歳以上未勝利発走11時35分(芝・ダート)負担重量は、4歳595歳以上60、牝馬2減,expected_result,,
202606010705,2026.0,中山,1.0,7.0,5,2026-01-18,https://www.jra.go.jp/datafile/seiseki/report/2026/2026-1nakayama7.pdf,12b8a014f96e9c6433df7df98364fe5f33f940b9b4bac7423dda6acd82dae347,official_race_marker_verified,5552.0,flat,turf,outer,right,0.0,Newcomer,0.0,0.0,2606010705,26060107,True,https://www.jra.go.jp/datafile/seiseki/report/2026/2026-1nakayama7.pdf,16003歳新馬発走12時25分(芝・右・外)負担重量は、馬齢重量,expected_result,,
202606010706,2026.0,中山,1.0,7.0,6,2026-01-18,https://www.jra.go.jp/datafile/seiseki/report/2026/2026-1nakayama7.pdf,12b8a014f96e9c6433df7df98364fe5f33f940b9b4bac7423dda6acd82dae347,official_race_marker_verified,9814.0,flat,dirt,,right,,Class1,0.0,0.0,2606010706,26060107,True,https://www.jra.go.jp/datafile/seiseki/report/2026/2026-1nakayama7.pdf,18004歳以上1勝クラス発走12時55分(ダート・右)負担重量は、4歳575歳以上58、牝馬2減,expected_result,,
202606010707,2026.0,中山,1.0,7.0,7,2026-01-18,https://www.jra.go.jp/datafile/seiseki/report/2026/2026-1nakayama7.pdf,12b8a014f96e9c6433df7df98364fe5f33f940b9b4bac7423dda6acd82dae347,official_race_marker_verified,7111.0,flat,turf,outer,right,,Class2,0.0,0.0,2606010707,26060107,True,https://www.jra.go.jp/datafile/seiseki/report/2026/2026-1nakayama7.pdf,22004歳以上2勝クラス発走13時25分(芝・右・外)負担重量は、4歳575歳以上58、牝馬2減,expected_result,,
202606010708,2026.0,中山,1.0,7.0,8,2026-01-18,https://www.jra.go.jp/datafile/seiseki/report/2026/2026-1nakayama7.pdf,12b8a014f96e9c6433df7df98364fe5f33f940b9b4bac7423dda6acd82dae347,official_race_marker_verified,8714.0,flat,dirt,,right,,Class2,0.0,0.0,2606010708,26060107,True,https://www.jra.go.jp/datafile/seiseki/report/2026/2026-1nakayama7.pdf,18004歳以上2勝クラス発走13時55分(ダート・右)牝;負担重量は、4歳555歳以上56,expected_result,,
202606010709,2026.0,中山,1.0,7.0,9,2026-01-18,https://www.jra.go.jp/datafile/seiseki/report/2026/2026-1nakayama7.pdf,12b8a014f96e9c6433df7df98364fe5f33f940b9b4bac7423dda6acd82dae347,official_race_marker_verified,1600.0,flat,turf,outer,right,,Maiden,0.0,0.0,2606010709,26060107,True,https://www.jra.go.jp/datafile/seiseki/report/2026/2026-1nakayama7.pdf,1600わかしお若潮ステークス発走14時30分(芝・右・外)4歳以上、3勝クラス、除未出走馬および未勝利馬;負担重量は、4歳575歳以上58、牝馬2減賞品,expected_result,,
202606010710,2026.0,中山,1.0,7.0,10,2026-01-18,https://www.jra.go.jp/datafile/seiseki/report/2026/2026-1nakayama7.pdf,12b8a014f96e9c6433df7df98364fe5f33f940b9b4bac7423dda6acd82dae347,official_race_marker_verified,1200.0,flat,dirt,,right,,Maiden,0.0,0.0,2606010710,26060107,True,https://www.jra.go.jp/datafile/seiseki/report/2026/2026-1nakayama7.pdf,1200ジャニュアリーステークス発走15時05分(ダート・右)4歳以上、除未出走馬および未勝利馬;負担重量は、日本馬:57、牝馬2減、収得賞金1600万円超過馬は超過額1200万円毎1増、:57、牝馬2減、GI競走1着馬5増、GII競走1着馬3増、GIII競走1着馬1増(ただし2歳時の成績を除く)賞品,expected_result,,
202606010711,2026.0,中山,1.0,7.0,11,2026-01-18,https://www.jra.go.jp/datafile/seiseki/report/2026/2026-1nakayama7.pdf,12b8a014f96e9c6433df7df98364fe5f33f940b9b4bac7423dda6acd82dae347,official_race_marker_verified,2000.0,flat,turf,,right,0.0,Open,1.0,1.0,2606010711,26060107,True,https://www.jra.go.jp/datafile/seiseki/report/2026/2026-1nakayama7.pdf,2000第66回京成杯(GIII)発走15時45分(芝・右)3歳、除未出走馬および未勝利馬;負担重量は、馬齢重量京成電鉄株式会社賞(1着)賞品,expected_result,,
202606010712,2026.0,中山,1.0,7.0,12,2026-01-18,https://www.jra.go.jp/datafile/seiseki/report/2026/2026-1nakayama7.pdf,12b8a014f96e9c6433df7df98364fe5f33f940b9b4bac7423dda6acd82dae347,official_race_marker_verified,4815.0,flat,turf,outer,right,0.0,Maiden,0.0,0.0,2606010712,26060107,True,https://www.jra.go.jp/datafile/seiseki/report/2026/2026-1nakayama7.pdf,16003歳未勝利発走16時25分(芝・右・外)牝;負担重量は、馬齢重量,expected_result,,
202608010701,2026.0,京都,1.0,7.0,1,2026-01-18,https://www.jra.go.jp/datafile/seiseki/report/2026/2026-1kyoto7.pdf,2f989556246738df97a39b6403827845007ec0317de29e6d862aafa233064585,official_race_marker_verified,510.0,flat,dirt,,right,0.0,Maiden,0.0,0.0,2608010701,26080107,True,https://www.jra.go.jp/datafile/seiseki/report/2026/2026-1kyoto7.pdf,12003歳未勝利発走9時50分(ダート・右)牝;負担重量は、馬齢重量,expected_result,,
202608010702,2026.0,京都,1.0,7.0,2,2026-01-18,https://www.jra.go.jp/datafile/seiseki/report/2026/2026-1kyoto7.pdf,2f989556246738df97a39b6403827845007ec0317de29e6d862aafa233064585,official_race_marker_verified,5811.0,flat,dirt,,right,0.0,Maiden,0.0,0.0,2608010702,26080107,True,https://www.jra.go.jp/datafile/seiseki/report/2026/2026-1kyoto7.pdf,18003歳未勝利発走10時20分(ダート・右)負担重量は、馬齢重量,expected_result,,
202608010703,2026.0,京都,1.0,7.0,3,2026-01-18,https://www.jra.go.jp/datafile/seiseki/report/2026/2026-1kyoto7.pdf,2f989556246738df97a39b6403827845007ec0317de29e6d862aafa233064585,official_race_marker_verified,5553.0,flat,dirt,,right,0.0,Maiden,0.0,0.0,2608010703,26080107,True,https://www.jra.go.jp/datafile/seiseki/report/2026/2026-1kyoto7.pdf,14003歳未勝利発走10時50分(ダート・右)負担重量は、馬齢重量,expected_result,,
202608010704,2026.0,京都,1.0,7.0,4,2026-01-18,https://www.jra.go.jp/datafile/seiseki/report/2026/2026-1kyoto7.pdf,2f989556246738df97a39b6403827845007ec0317de29e6d862aafa233064585,official_race_marker_verified,5552.0,flat,dirt,,right,0.0,Class1,0.0,0.0,2608010704,26080107,True,https://www.jra.go.jp/datafile/seiseki/report/2026/2026-1kyoto7.pdf,12003歳1勝クラス発走11時20分(ダート・右)負担重量は、馬齢重量,expected_result,,
202608010705,2026.0,京都,1.0,7.0,5,2026-01-18,https://www.jra.go.jp/datafile/seiseki/report/2026/2026-1kyoto7.pdf,2f989556246738df97a39b6403827845007ec0317de29e6d862aafa233064585,official_race_marker_verified,9815.0,flat,turf,,right,0.0,Newcomer,0.0,0.0,2608010705,26080107,True,https://www.jra.go.jp/datafile/seiseki/report/2026/2026-1kyoto7.pdf,20003歳新馬発走12時10分(芝・右)負担重量は、馬齢重量,expected_result,,
202608010706,2026.0,京都,1.0,7.0,6,2026-01-18,https://www.jra.go.jp/datafile/seiseki/report/2026/2026-1kyoto7.pdf,2f989556246738df97a39b6403827845007ec0317de29e6d862aafa233064585,official_race_marker_verified,818.0,flat,turf,,right,0.0,Maiden,0.0,0.0,2608010706,26080107,True,https://www.jra.go.jp/datafile/seiseki/report/2026/2026-1kyoto7.pdf,16003歳未勝利発走12時40分(芝・右)負担重量は、馬齢重量,expected_result,,
202608010707,2026.0,京都,1.0,7.0,7,2026-01-18,https://www.jra.go.jp/datafile/seiseki/report/2026/2026-1kyoto7.pdf,2f989556246738df97a39b6403827845007ec0317de29e6d862aafa233064585,official_race_marker_verified,6810.0,flat,dirt,,right,,Class1,0.0,0.0,2608010707,26080107,True,https://www.jra.go.jp/datafile/seiseki/report/2026/2026-1kyoto7.pdf,19004歳以上1勝クラス発走13時10分(ダート・右)負担重量は、4歳575歳以上58、牝馬2減,expected_result,,
202608010708,2026.0,京都,1.0,7.0,8,2026-01-18,https://www.jra.go.jp/datafile/seiseki/report/2026/2026-1kyoto7.pdf,2f989556246738df97a39b6403827845007ec0317de29e6d862aafa233064585,official_race_marker_verified,2811.0,flat,turf,outer,right,,Class1,0.0,0.0,2608010708,26080107,True,https://www.jra.go.jp/datafile/seiseki/report/2026/2026-1kyoto7.pdf,24004歳以上1勝クラス発走13時40分(芝・右・外)負担重量は、4歳575歳以上58、牝馬2減,expected_result,,
202608010709,2026.0,京都,1.0,7.0,9,2026-01-18,https://www.jra.go.jp/datafile/seiseki/report/2026/2026-1kyoto7.pdf,2f989556246738df97a39b6403827845007ec0317de29e6d862aafa233064585,official_race_marker_verified,1400.0,flat,dirt,,right,,Class2,0.0,0.0,2608010709,26080107,True,https://www.jra.go.jp/datafile/seiseki/report/2026/2026-1kyoto7.pdf,1400おぐらやま小倉山特別発走14時15分(ダート・右)牝、4歳以上、2勝クラス;負担重量は、4歳555歳以上56賞品,expected_result,,
202608010710,2026.0,京都,1.0,7.0,10,2026-01-18,https://www.jra.go.jp/datafile/seiseki/report/2026/2026-1kyoto7.pdf,2f989556246738df97a39b6403827845007ec0317de29e6d862aafa233064585,official_race_marker_verified,1800.0,flat,dirt,,right,,Class2,0.0,0.0,2608010710,26080107,True,https://www.jra.go.jp/datafile/seiseki/report/2026/2026-1kyoto7.pdf,1800おおつ大津特別発走14時50分(ダート・右)4歳以上、2勝クラス;負担重量は、4歳575歳以上58、牝馬2減賞品,expected_result,,
202608010711,2026.0,京都,1.0,7.0,11,2026-01-18,https://www.jra.go.jp/datafile/seiseki/report/2026/2026-1kyoto7.pdf,2f989556246738df97a39b6403827845007ec0317de29e6d862aafa233064585,official_race_marker_verified,2400.0,flat,turf,outer,right,1.0,Open,1.0,1.0,2608010711,26080107,True,https://www.jra.go.jp/datafile/seiseki/report/2026/2026-1kyoto7.pdf,2400第73回日経新春杯(GII)発走15時30分(芝・右・外)4歳以上、除未出走馬および未勝利馬;負担重量は、ハンデキャップ日本経済新聞社賞(1着)賞品,expected_result,,
202608010712,2026.0,京都,1.0,7.0,12,2026-01-18,https://www.jra.go.jp/datafile/seiseki/report/2026/2026-1kyoto7.pdf,2f989556246738df97a39b6403827845007ec0317de29e6d862aafa233064585,official_race_marker_verified,2811.0,flat,turf,outer,right,,Class1,0.0,0.0,2608010712,26080107,True,https://www.jra.go.jp/datafile/seiseki/report/2026/2026-1kyoto7.pdf,16004歳以上1勝クラス発走16時10分(芝・右・外)負担重量は、4歳575歳以上58、牝馬2減,expected_result,,
202606010801,2026.0,中山,1.0,8.0,1,2026-01-24,https://www.jra.go.jp/datafile/seiseki/report/2026/2026-1nakayama8.pdf,fab0794cf1a9fde86ed444dc2e7c44f6b588391f3e873cc74ae6d4b45ad9509a,official_race_marker_verified,9714.0,flat,dirt,,right,0.0,Maiden,0.0,0.0,2606010801,26060108,True,https://www.jra.go.jp/datafile/seiseki/report/2026/2026-1nakayama8.pdf,12003歳未勝利発走9時55分(ダート・右)牝;負担重量は、馬齢重量,expected_result,,
202606010802,2026.0,中山,1.0,8.0,2,2026-01-24,https://www.jra.go.jp/datafile/seiseki/report/2026/2026-1nakayama8.pdf,fab0794cf1a9fde86ed444dc2e7c44f6b588391f3e873cc74ae6d4b45ad9509a,official_race_marker_verified,8612.0,flat,dirt,,right,0.0,Maiden,0.0,0.0,2606010802,26060108,True,https://www.jra.go.jp/datafile/seiseki/report/2026/2026-1nakayama8.pdf,18003歳未勝利発走10時25分(ダート・右)負担重量は、馬齢重量,expected_result,,
202606010803,2026.0,中山,1.0,8.0,3,2026-01-24,https://www.jra.go.jp/datafile/seiseki/report/2026/2026-1nakayama8.pdf,fab0794cf1a9fde86ed444dc2e7c44f6b588391f3e873cc74ae6d4b45ad9509a,official_race_marker_verified,4611.0,flat,dirt,,right,0.0,Newcomer,0.0,0.0,2606010803,26060108,True,https://www.jra.go.jp/datafile/seiseki/report/2026/2026-1nakayama8.pdf,12003歳新馬発走10時55分(ダート・右)負担重量は、馬齢重量,expected_result,,
202606010804,2026.0,中山,1.0,8.0,4,2026-01-24,https://www.jra.go.jp/datafile/seiseki/report/2026/2026-1nakayama8.pdf,fab0794cf1a9fde86ed444dc2e7c44f6b588391f3e873cc74ae6d4b45ad9509a,official_race_marker_verified,3610.0,flat,dirt,,right,0.0,Maiden,0.0,0.0,2606010804,26060108,True,https://www.jra.go.jp/datafile/seiseki/report/2026/2026-1nakayama8.pdf,18003歳未勝利発走11時25分(ダート・右)負担重量は、馬齢重量,expected_result,,
202606010805,2026.0,中山,1.0,8.0,5,2026-01-24,https://www.jra.go.jp/datafile/seiseki/report/2026/2026-1nakayama8.pdf,fab0794cf1a9fde86ed444dc2e7c44f6b588391f3e873cc74ae6d4b45ad9509a,official_race_marker_verified,5754.0,flat,turf,outer,right,0.0,Maiden,0.0,0.0,2606010805,26060108,True,https://www.jra.go.jp/datafile/seiseki/report/2026/2026-1nakayama8.pdf,22003歳未勝利発走12時15分(芝・右・外)負担重量は、馬齢重量,expected_result,,
202606010806,2026.0,中山,1.0,8.0,6,2026-01-24,https://www.jra.go.jp/datafile/seiseki/report/2026/2026-1nakayama8.pdf,fab0794cf1a9fde86ed444dc2e7c44f6b588391f3e873cc74ae6d4b45ad9509a,official_race_marker_verified,160.0,flat,dirt,,right,0.0,Class1,0.0,0.0,2606010806,26060108,True,https://www.jra.go.jp/datafile/seiseki/report/2026/2026-1nakayama8.pdf,18003歳1勝クラス発走12時50分(ダート・右)負担重量は、馬齢重量,expected_result,,
202606010807,2026.0,中山,1.0,8.0,7,2026-01-24,https://www.jra.go.jp/datafile/seiseki/report/2026/2026-1nakayama8.pdf,fab0794cf1a9fde86ed444dc2e7c44f6b588391f3e873cc74ae6d4b45ad9509a,official_race_marker_verified,7815.0,flat,dirt,,right,,Class1,0.0,0.0,2606010807,26060108,True,https://www.jra.go.jp/datafile/seiseki/report/2026/2026-1nakayama8.pdf,12004歳以上1勝クラス発走13時20分(ダート・右)負担重量は、58、牝馬2減,expected_result,,
202606010808,2026.0,中山,1.0,8.0,8,2026-01-24,https://www.jra.go.jp/datafile/seiseki/report/2026/2026-1nakayama8.pdf,fab0794cf1a9fde86ed444dc2e7c44f6b588391f3e873cc74ae6d4b45ad9509a,official_race_marker_verified,5812.0,flat,dirt,,right,,Class1,0.0,0.0,2606010808,26060108,True,https://www.jra.go.jp/datafile/seiseki/report/2026/2026-1nakayama8.pdf,18004歳以上1勝クラス発走13時50分(ダート・右)牝;負担重量は、4歳555歳以上56,expected_result,,
202606010809,2026.0,中山,1.0,8.0,9,2026-01-24,https://www.jra.go.jp/datafile/seiseki/report/2026/2026-1nakayama8.pdf,fab0794cf1a9fde86ed444dc2e7c44f6b588391f3e873cc74ae6d4b45ad9509a,official_race_marker_verified,1800.0,flat,turf,,right,,Class2,0.0,0.0,2606010809,26060108,True,https://www.jra.go.jp/datafile/seiseki/report/2026/2026-1nakayama8.pdf,1800しののめ東雲賞発走14時20分(芝・右)4歳以上、2勝クラス;負担重量は、4歳575歳以上58、牝馬2減賞品,expected_result,,
202606010810,2026.0,中山,1.0,8.0,10,2026-01-24,https://www.jra.go.jp/datafile/seiseki/report/2026/2026-1nakayama8.pdf,fab0794cf1a9fde86ed444dc2e7c44f6b588391f3e873cc74ae6d4b45ad9509a,official_race_marker_verified,1800.0,flat,dirt,,right,,Class2,0.0,0.0,2606010810,26060108,True,https://www.jra.go.jp/datafile/seiseki/report/2026/2026-1nakayama8.pdf,1800はつがすみ初霞賞発走14時55分(ダート・右)4歳以上、2勝クラス;負担重量は、4歳575歳以上58、牝馬2減賞品,expected_result,,
202606010811,2026.0,中山,1.0,8.0,11,2026-01-24,https://www.jra.go.jp/datafile/seiseki/report/2026/2026-1nakayama8.pdf,fab0794cf1a9fde86ed444dc2e7c44f6b588391f3e873cc74ae6d4b45ad9509a,official_race_marker_verified,2000.0,flat,turf,,right,1.0,Maiden,0.0,0.0,2606010811,26060108,True,https://www.jra.go.jp/datafile/seiseki/report/2026/2026-1nakayama8.pdf,2000はつふじ初富士ステークス発走15時30分(芝・右)4歳以上、3勝クラス、除未出走馬および未勝利馬;負担重量は、ハンデキャップ賞品,expected_result,,
202606010812,2026.0,中山,1.0,8.0,12,2026-01-24,https://www.jra.go.jp/datafile/seiseki/report/2026/2026-1nakayama8.pdf,fab0794cf1a9fde86ed444dc2e7c44f6b588391f3e873cc74ae6d4b45ad9509a,official_race_marker_verified,5218.0,flat,turf,outer,right,,Class1,0.0,0.0,2606010812,26060108,True,https://www.jra.go.jp/datafile/seiseki/report/2026/2026-1nakayama8.pdf,16004歳以上1勝クラス発走16時10分(芝・右・外)負担重量は、4歳575歳以上58、牝馬2減,expected_result,,
202608010801,2026.0,京都,1.0,8.0,1,2026-01-24,https://www.jra.go.jp/datafile/seiseki/report/2026/2026-1kyoto8.pdf,f73fdab4425fb61d5ea08bf98408e19c14718f4e913308d1c0bf4b9e5668c77a,official_race_marker_verified,7113.0,flat,dirt,,right,0.0,Maiden,0.0,0.0,2608010801,26080108,True,https://www.jra.go.jp/datafile/seiseki/report/2026/2026-1kyoto8.pdf,18003歳未勝利発走9時45分(ダート・右)牝;負担重量は、馬齢重量,expected_result,,
202608010802,2026.0,京都,1.0,8.0,2,2026-01-24,https://www.jra.go.jp/datafile/seiseki/report/2026/2026-1kyoto8.pdf,f73fdab4425fb61d5ea08bf98408e19c14718f4e913308d1c0bf4b9e5668c77a,official_race_marker_verified,5755.0,flat,dirt,,right,0.0,Maiden,0.0,0.0,2608010802,26080108,True,https://www.jra.go.jp/datafile/seiseki/report/2026/2026-1kyoto8.pdf,12003歳未勝利発走10時15分(ダート・右)負担重量は、馬齢重量,expected_result,,
202608010803,2026.0,京都,1.0,8.0,3,2026-01-24,https://www.jra.go.jp/datafile/seiseki/report/2026/2026-1kyoto8.pdf,f73fdab4425fb61d5ea08bf98408e19c14718f4e913308d1c0bf4b9e5668c77a,official_race_marker_verified,816.0,flat,dirt,,right,0.0,Newcomer,0.0,0.0,2608010803,26080108,True,https://www.jra.go.jp/datafile/seiseki/report/2026/2026-1kyoto8.pdf,18003歳新馬発走10時45分(ダート・右)負担重量は、馬齢重量,expected_result,,
202608010804,2026.0,京都,1.0,8.0,4,2026-01-24,https://www.jra.go.jp/datafile/seiseki/report/2026/2026-1kyoto8.pdf,f73fdab4425fb61d5ea08bf98408e19c14718f4e913308d1c0bf4b9e5668c77a,official_race_marker_verified,6815.0,flat,dirt,,right,,Class1,0.0,0.0,2608010804,26080108,True,https://www.jra.go.jp/datafile/seiseki/report/2026/2026-1kyoto8.pdf,14004歳以上1勝クラス発走11時15分(ダート・右)牝;負担重量は、4歳555歳以上56,expected_result,,
202608010805,2026.0,京都,1.0,8.0,5,2026-01-24,https://www.jra.go.jp/datafile/seiseki/report/2026/2026-1kyoto8.pdf,f73fdab4425fb61d5ea08bf98408e19c14718f4e913308d1c0bf4b9e5668c77a,official_race_marker_verified,6715.0,flat,turf,outer,right,0.0,Maiden,0.0,0.0,2608010805,26080108,True,https://www.jra.go.jp/datafile/seiseki/report/2026/2026-1kyoto8.pdf,22003歳未勝利発走12時05分(芝・右・外)負担重量は、馬齢重量,expected_result,,
202608010806,2026.0,京都,1.0,8.0,6,2026-01-24,https://www.jra.go.jp/datafile/seiseki/report/2026/2026-1kyoto8.pdf,f73fdab4425fb61d5ea08bf98408e19c14718f4e913308d1c0bf4b9e5668c77a,official_race_marker_verified,2121.0,flat,turf,,right,0.0,Maiden,0.0,0.0,2608010806,26080108,True,https://www.jra.go.jp/datafile/seiseki/report/2026/2026-1kyoto8.pdf,14003歳未勝利発走12時40分(芝・右)負担重量は、馬齢重量,expected_result,,
202608010807,2026.0,京都,1.0,8.0,7,2026-01-24,https://www.jra.go.jp/datafile/seiseki/report/2026/2026-1kyoto8.pdf,f73fdab4425fb61d5ea08bf98408e19c14718f4e913308d1c0bf4b9e5668c77a,official_race_marker_verified,1810.0,flat,dirt,,right,,Class1,0.0,0.0,2608010807,26080108,True,https://www.jra.go.jp/datafile/seiseki/report/2026/2026-1kyoto8.pdf,18004歳以上1勝クラス発走13時10分(ダート・右)負担重量は、4歳575歳以上58、牝馬2減,expected_result,,
202608010808,2026.0,京都,1.0,8.0,8,2026-01-24,https://www.jra.go.jp/datafile/seiseki/report/2026/2026-1kyoto8.pdf,f73fdab4425fb61d5ea08bf98408e19c14718f4e913308d1c0bf4b9e5668c77a,official_race_marker_verified,1610.0,flat,dirt,,right,,Class2,0.0,0.0,2608010808,26080108,True,https://www.jra.go.jp/datafile/seiseki/report/2026/2026-1kyoto8.pdf,12004歳以上2勝クラス発走13時40分(ダート・右)負担重量は、58、牝馬2減,expected_result,,
202608010809,2026.0,京都,1.0,8.0,9,2026-01-24,https://www.jra.go.jp/datafile/seiseki/report/2026/2026-1kyoto8.pdf,f73fdab4425fb61d5ea08bf98408e19c14718f4e913308d1c0bf4b9e5668c77a,official_race_marker_verified,2000.0,flat,turf,,right,,Maiden,0.0,0.0,2608010809,26080108,True,https://www.jra.go.jp/datafile/seiseki/report/2026/2026-1kyoto8.pdf,2000わかごま若駒ステークス(L)発走14時10分(芝・右)3歳、除3歳未出走馬および未勝利馬;負担重量は、日本馬:馬齢重量、収得賞金1200万円毎1増、:馬齢重量、GI競走1着馬2増、GII競走またはGIII競走1着馬1増賞品,expected_result,,
202608010810,2026.0,京都,1.0,8.0,10,2026-01-24,https://www.jra.go.jp/datafile/seiseki/report/2026/2026-1kyoto8.pdf,f73fdab4425fb61d5ea08bf98408e19c14718f4e913308d1c0bf4b9e5668c77a,official_race_marker_verified,1900.0,flat,dirt,,right,,Maiden,0.0,0.0,2608010810,26080108,True,https://www.jra.go.jp/datafile/seiseki/report/2026/2026-1kyoto8.pdf,1900しもがも下鴨ステークス発走14時45分(ダート・右)4歳以上、3勝クラス、除未出走馬および未勝利馬;負担重量は、4歳575歳以上58、牝馬2減賞品,expected_result,,
202608010811,2026.0,京都,1.0,8.0,11,2026-01-24,https://www.jra.go.jp/datafile/seiseki/report/2026/2026-1kyoto8.pdf,f73fdab4425fb61d5ea08bf98408e19c14718f4e913308d1c0bf4b9e5668c77a,official_race_marker_verified,1600.0,flat,turf,outer,right,,Maiden,0.0,0.0,2608010811,26080108,True,https://www.jra.go.jp/datafile/seiseki/report/2026/2026-1kyoto8.pdf,1600むつき睦月ステークス発走15時20分(芝・右・外)4歳以上、除未出走馬および未勝利馬;負担重量は、日本馬:4歳565歳以上57、牝馬2減、収得賞金1600万円超過馬は超過額1200万円毎1増、:4歳565歳以上57、牝馬2減、GI競走1着馬5増、GII競走1着馬3増、GIII競走1着馬1増(ただし2歳時の成績を除く)賞品,expected_result,,
202608010812,2026.0,京都,1.0,8.0,12,2026-01-24,https://www.jra.go.jp/datafile/seiseki/report/2026/2026-1kyoto8.pdf,f73fdab4425fb61d5ea08bf98408e19c14718f4e913308d1c0bf4b9e5668c77a,official_race_marker_verified,1810.0,flat,turf,outer,right,,Class2,0.0,0.0,2608010812,26080108,True,https://www.jra.go.jp/datafile/seiseki/report/2026/2026-1kyoto8.pdf,14004歳以上2勝クラス発走16時00分(芝・右・外)負担重量は、4歳575歳以上58、牝馬2減,expected_result,,
202610010101,2026.0,小倉,1.0,1.0,1,2026-01-24,https://www.jra.go.jp/datafile/seiseki/report/2026/2026-1kokura1.pdf,f4ff54e08e0c058db6cbc05171b5df3ea47034256c544850987e4338601675a4,official_race_marker_verified,4810.0,flat,dirt,,right,0.0,Maiden,0.0,0.0,2610010101,26100101,True,https://www.jra.go.jp/datafile/seiseki/report/2026/2026-1kokura1.pdf,17003歳未勝利発走10時05分(ダート・右)負担重量は、馬齢重量,expected_result,,
202610010102,2026.0,小倉,1.0,1.0,2,2026-01-24,https://www.jra.go.jp/datafile/seiseki/report/2026/2026-1kokura1.pdf,f4ff54e08e0c058db6cbc05171b5df3ea47034256c544850987e4338601675a4,official_race_marker_verified,1714.0,flat,turf,,right,0.0,Maiden,0.0,0.0,2610010102,26100101,True,https://www.jra.go.jp/datafile/seiseki/report/2026/2026-1kokura1.pdf,18003歳未勝利発走10時35分(芝・右)負担重量は、馬齢重量,expected_result,,
202610010103,2026.0,小倉,1.0,1.0,3,2026-01-24,https://www.jra.go.jp/datafile/seiseki/report/2026/2026-1kokura1.pdf,f4ff54e08e0c058db6cbc05171b5df3ea47034256c544850987e4338601675a4,official_race_marker_verified,1059.0,flat,dirt,,right,0.0,Maiden,0.0,0.0,2610010103,26100101,True,https://www.jra.go.jp/datafile/seiseki/report/2026/2026-1kokura1.pdf,10003歳未勝利発走11時05分(ダート・右)負担重量は、馬齢重量,expected_result,,
202610010104,2026.0,小倉,1.0,1.0,4,2026-01-24,https://www.jra.go.jp/datafile/seiseki/report/2026/2026-1kokura1.pdf,f4ff54e08e0c058db6cbc05171b5df3ea47034256c544850987e4338601675a4,official_race_marker_verified,3390.0,obstacle,,,,,Open,1.0,0.0,2610010104,26100101,False,https://www.jra.go.jp/datafile/seiseki/report/2026/2026-1kokura1.pdf,3390障害4歳以上オープン発走11時35分(番組第5競走を順序変更)(芝)負担重量は、4歳595歳以上60、牝馬2減、収得賞金700万円毎1増,expected_result,,
202610010105,2026.0,小倉,1.0,1.0,5,2026-01-24,https://www.jra.go.jp/datafile/seiseki/report/2026/2026-1kokura1.pdf,f4ff54e08e0c058db6cbc05171b5df3ea47034256c544850987e4338601675a4,official_race_marker_verified,2860.0,obstacle,,,,,Maiden,0.0,0.0,2610010105,26100101,False,https://www.jra.go.jp/datafile/seiseki/report/2026/2026-1kokura1.pdf,2860障害4歳以上未勝利発走12時25分(番組第4競走を順序変更)(芝)負担重量は、4歳595歳以上60、牝馬2減,expected_result,,
202610010106,2026.0,小倉,1.0,1.0,6,2026-01-24,https://www.jra.go.jp/datafile/seiseki/report/2026/2026-1kokura1.pdf,f4ff54e08e0c058db6cbc05171b5df3ea47034256c544850987e4338601675a4,official_race_marker_verified,5552.0,flat,turf,,right,0.0,Newcomer,0.0,0.0,2610010106,26100101,True,https://www.jra.go.jp/datafile/seiseki/report/2026/2026-1kokura1.pdf,20003歳新馬発走13時00分(芝・右)負担重量は、馬齢重量,expected_result,,
202610010107,2026.0,小倉,1.0,1.0,7,2026-01-24,https://www.jra.go.jp/datafile/seiseki/report/2026/2026-1kokura1.pdf,f4ff54e08e0c058db6cbc05171b5df3ea47034256c544850987e4338601675a4,official_race_marker_verified,5754.0,flat,turf,,right,,Class1,0.0,0.0,2610010107,26100101,True,https://www.jra.go.jp/datafile/seiseki/report/2026/2026-1kokura1.pdf,26004歳以上1勝クラス発走13時30分(芝・右)負担重量は、4歳575歳以上58、牝馬2減,expected_result,,
202610010108,2026.0,小倉,1.0,1.0,8,2026-01-24,https://www.jra.go.jp/datafile/seiseki/report/2026/2026-1kokura1.pdf,f4ff54e08e0c058db6cbc05171b5df3ea47034256c544850987e4338601675a4,official_race_marker_verified,5755.0,flat,dirt,,right,,Class1,0.0,0.0,2610010108,26100101,True,https://www.jra.go.jp/datafile/seiseki/report/2026/2026-1kokura1.pdf,24004歳以上1勝クラス発走14時00分(ダート・右)負担重量は、4歳575歳以上58、牝馬2減,expected_result,,
202610010109,2026.0,小倉,1.0,1.0,9,2026-01-24,https://www.jra.go.jp/datafile/seiseki/report/2026/2026-1kokura1.pdf,f4ff54e08e0c058db6cbc05171b5df3ea47034256c544850987e4338601675a4,official_race_marker_verified,1200.0,flat,turf,,right,0.0,Class1,0.0,0.0,2610010109,26100101,True,https://www.jra.go.jp/datafile/seiseki/report/2026/2026-1kokura1.pdf,1200もえぎ萌黄賞発走14時30分(芝・右)3歳、1勝クラス;負担重量は、馬齢重量賞品,expected_result,,
202610010110,2026.0,小倉,1.0,1.0,10,2026-01-24,https://www.jra.go.jp/datafile/seiseki/report/2026/2026-1kokura1.pdf,f4ff54e08e0c058db6cbc05171b5df3ea47034256c544850987e4338601675a4,official_race_marker_verified,2600.0,flat,turf,,right,,Class2,0.0,0.0,2610010110,26100101,True,https://www.jra.go.jp/datafile/seiseki/report/2026/2026-1kokura1.pdf,2600うみなかみち海の中道特別発走15時05分(芝・右)4歳以上、2勝クラス;負担重量は、4歳575歳以上58、牝馬2減賞品,expected_result,,
202610010111,2026.0,小倉,1.0,1.0,11,2026-01-24,https://www.jra.go.jp/datafile/seiseki/report/2026/2026-1kokura1.pdf,f4ff54e08e0c058db6cbc05171b5df3ea47034256c544850987e4338601675a4,official_race_marker_verified,2000.0,flat,turf,,right,1.0,Open,1.0,1.0,2610010111,26100101,True,https://www.jra.go.jp/datafile/seiseki/report/2026/2026-1kokura1.pdf,2000第2回小倉牝馬ステークス(GIII)発走15時45分(芝・右)牝、4歳以上、除未出走馬および未勝利馬;負担重量は、ハンデキャップ賞品,expected_result,,
202610010112,2026.0,小倉,1.0,1.0,12,2026-01-24,https://www.jra.go.jp/datafile/seiseki/report/2026/2026-1kokura1.pdf,f4ff54e08e0c058db6cbc05171b5df3ea47034256c544850987e4338601675a4,official_race_marker_verified,6237.0,flat,dirt,,right,,Class1,0.0,0.0,2610010112,26100101,True,https://www.jra.go.jp/datafile/seiseki/report/2026/2026-1kokura1.pdf,17004歳以上1勝クラス発走16時25分(ダート・右)負担重量は、4歳575歳以上58、牝馬2減,expected_result,,
202606010901,2026.0,中山,1.0,9.0,1,2026-01-25,https://www.jra.go.jp/datafile/seiseki/report/2026/2026-1nakayama9.pdf,3fdd4f5b5b3a9939bd9ba4bd3b25580622d7571ef4f216bf03636b9294e1d447,official_race_marker_verified,611.0,flat,dirt,,right,0.0,Maiden,0.0,0.0,2606010901,26060109,True,https://www.jra.go.jp/datafile/seiseki/report/2026/2026-1nakayama9.pdf,12003歳未勝利発走10時05分(ダート・右)負担重量は、馬齢重量,expected_result,,
202606010902,2026.0,中山,1.0,9.0,2,2026-01-25,https://www.jra.go.jp/datafile/seiseki/report/2026/2026-1nakayama9.pdf,3fdd4f5b5b3a9939bd9ba4bd3b25580622d7571ef4f216bf03636b9294e1d447,official_race_marker_verified,5552.0,flat,dirt,,right,0.0,Maiden,0.0,0.0,2606010902,26060109,True,https://www.jra.go.jp/datafile/seiseki/report/2026/2026-1nakayama9.pdf,18003歳未勝利発走10時35分(ダート・右)牝;負担重量は、馬齢重量,expected_result,,
202606010903,2026.0,中山,1.0,9.0,3,2026-01-25,https://www.jra.go.jp/datafile/seiseki/report/2026/2026-1nakayama9.pdf,3fdd4f5b5b3a9939bd9ba4bd3b25580622d7571ef4f216bf03636b9294e1d447,official_race_marker_verified,2714.0,flat,dirt,,right,0.0,Maiden,0.0,0.0,2606010903,26060109,True,https://www.jra.go.jp/datafile/seiseki/report/2026/2026-1nakayama9.pdf,12003歳未勝利発走11時05分(ダート・右)負担重量は、馬齢重量,expected_result,,
202606010904,2026.0,中山,1.0,9.0,4,2026-01-25,https://www.jra.go.jp/datafile/seiseki/report/2026/2026-1nakayama9.pdf,3fdd4f5b5b3a9939bd9ba4bd3b25580622d7571ef4f216bf03636b9294e1d447,official_race_marker_verified,6714.0,flat,dirt,,right,0.0,Newcomer,0.0,0.0,2606010904,26060109,True,https://www.jra.go.jp/datafile/seiseki/report/2026/2026-1nakayama9.pdf,18003歳新馬発走11時35分(ダート・右)負担重量は、馬齢重量,expected_result,,
202606010905,2026.0,中山,1.0,9.0,5,2026-01-25,https://www.jra.go.jp/datafile/seiseki/report/2026/2026-1nakayama9.pdf,3fdd4f5b5b3a9939bd9ba4bd3b25580622d7571ef4f216bf03636b9294e1d447,official_race_marker_verified,4198.0,flat,turf,,right,0.0,Newcomer,0.0,0.0,2606010905,26060109,True,https://www.jra.go.jp/datafile/seiseki/report/2026/2026-1nakayama9.pdf,20003歳新馬発走12時25分(芝・右)負担重量は、馬齢重量,expected_result,,
202606010906,2026.0,中山,1.0,9.0,6,2026-01-25,https://www.jra.go.jp/datafile/seiseki/report/2026/2026-1nakayama9.pdf,3fdd4f5b5b3a9939bd9ba4bd3b25580622d7571ef4f216bf03636b9294e1d447,official_race_marker_verified,6713.0,flat,dirt,,right,,Class1,0.0,0.0,2606010906,26060109,True,https://www.jra.go.jp/datafile/seiseki/report/2026/2026-1nakayama9.pdf,18004歳以上1勝クラス発走12時55分(ダート・右)負担重量は、4歳575歳以上58、牝馬2減,expected_result,,
202606010907,2026.0,中山,1.0,9.0,7,2026-01-25,https://www.jra.go.jp/datafile/seiseki/report/2026/2026-1nakayama9.pdf,3fdd4f5b5b3a9939bd9ba4bd3b25580622d7571ef4f216bf03636b9294e1d447,official_race_marker_verified,2224.0,flat,turf,outer,right,,Class2,0.0,0.0,2606010907,26060109,True,https://www.jra.go.jp/datafile/seiseki/report/2026/2026-1nakayama9.pdf,16004歳以上2勝クラス発走13時25分(芝・右・外)負担重量は、4歳575歳以上58、牝馬2減,expected_result,,
202606010908,2026.0,中山,1.0,9.0,8,2026-01-25,https://www.jra.go.jp/datafile/seiseki/report/2026/2026-1nakayama9.pdf,3fdd4f5b5b3a9939bd9ba4bd3b25580622d7571ef4f216bf03636b9294e1d447,official_race_marker_verified,218.0,flat,dirt,,right,,Class2,0.0,0.0,2606010908,26060109,True,https://www.jra.go.jp/datafile/seiseki/report/2026/2026-1nakayama9.pdf,12004歳以上2勝クラス発走13時55分(ダート・右)負担重量は、58、牝馬2減,expected_result,,
202606010909,2026.0,中山,1.0,9.0,9,2026-01-25,https://www.jra.go.jp/datafile/seiseki/report/2026/2026-1nakayama9.pdf,3fdd4f5b5b3a9939bd9ba4bd3b25580622d7571ef4f216bf03636b9294e1d447,official_race_marker_verified,1800.0,flat,turf,,right,0.0,Class1,0.0,0.0,2606010909,26060109,True,https://www.jra.go.jp/datafile/seiseki/report/2026/2026-1nakayama9.pdf,1800わかたけ若竹賞発走14時25分(芝・右)3歳、1勝クラス;負担重量は、馬齢重量賞品,expected_result,,
202606010910,2026.0,中山,1.0,9.0,10,2026-01-25,https://www.jra.go.jp/datafile/seiseki/report/2026/2026-1nakayama9.pdf,3fdd4f5b5b3a9939bd9ba4bd3b25580622d7571ef4f216bf03636b9294e1d447,official_race_marker_verified,1200.0,flat,dirt,,right,,Maiden,0.0,0.0,2606010910,26060109,True,https://www.jra.go.jp/datafile/seiseki/report/2026/2026-1nakayama9.pdf,1200えどがわ江戸川ステークス発走15時00分(ダート・右)4歳以上、3勝クラス、除未出走馬および未勝利馬;負担重量は、58、牝馬2減賞品,expected_result,,
202606010911,2026.0,中山,1.0,9.0,11,2026-01-25,https://www.jra.go.jp/datafile/seiseki/report/2026/2026-1nakayama9.pdf,3fdd4f5b5b3a9939bd9ba4bd3b25580622d7571ef4f216bf03636b9294e1d447,official_race_marker_verified,2200.0,flat,turf,outer,right,,Open,1.0,1.0,2606010911,26060109,True,https://www.jra.go.jp/datafile/seiseki/report/2026/2026-1nakayama9.pdf,2200第67回アメリカジョッキークラブカップ(GII)発走15時45分(芝・右・外)4歳以上、除未出走馬および未勝利馬;負担重量は、4歳565歳以上57、牝馬2減、2025.1.25以降GI競走(牝馬限定競走を除く)1着馬2増、牝馬限定GI競走またはGII競走(牝馬限定競走を除く)1着馬1増、2025.1.24以前のGI競走(牝馬限定競走を除く)1着馬1増(ただし2歳時の成績を除く)アメリカジョッキークラブ賞(1着)賞品,expected_result,,
202606010912,2026.0,中山,1.0,9.0,12,2026-01-25,https://www.jra.go.jp/datafile/seiseki/report/2026/2026-1nakayama9.pdf,3fdd4f5b5b3a9939bd9ba4bd3b25580622d7571ef4f216bf03636b9294e1d447,official_race_marker_verified,8714.0,flat,turf,outer,right,0.0,Maiden,0.0,0.0,2606010912,26060109,True,https://www.jra.go.jp/datafile/seiseki/report/2026/2026-1nakayama9.pdf,16003歳未勝利発走16時25分(芝・右・外)負担重量は、馬齢重量,expected_result,,
202608010901,2026.0,京都,1.0,9.0,1,2026-01-25,https://www.jra.go.jp/datafile/seiseki/report/2026/2026-1kyoto9.pdf,c57f354249cd41bc0421f15e51893d73b9d6dd0b533d03d2570c87bbb021219d,official_race_marker_verified,6131.0,flat,dirt,,right,0.0,Maiden,0.0,0.0,2608010901,26080109,True,https://www.jra.go.jp/datafile/seiseki/report/2026/2026-1kyoto9.pdf,18003歳未勝利発走9時55分(ダート・右)負担重量は、馬齢重量,expected_result,,
202608010902,2026.0,京都,1.0,9.0,2,2026-01-25,https://www.jra.go.jp/datafile/seiseki/report/2026/2026-1kyoto9.pdf,c57f354249cd41bc0421f15e51893d73b9d6dd0b533d03d2570c87bbb021219d,official_race_marker_verified,2611.0,flat,dirt,,right,0.0,Maiden,0.0,0.0,2608010902,26080109,True,https://www.jra.go.jp/datafile/seiseki/report/2026/2026-1kyoto9.pdf,19003歳未勝利発走10時25分(ダート・右)負担重量は、馬齢重量,expected_result,,
202608010903,2026.0,京都,1.0,9.0,3,2026-01-25,https://www.jra.go.jp/datafile/seiseki/report/2026/2026-1kyoto9.pdf,c57f354249cd41bc0421f15e51893d73b9d6dd0b533d03d2570c87bbb021219d,official_race_marker_verified,6132.0,flat,dirt,,right,0.0,Maiden,0.0,0.0,2608010903,26080109,True,https://www.jra.go.jp/datafile/seiseki/report/2026/2026-1kyoto9.pdf,14003歳未勝利発走10時55分(ダート・右)牝;負担重量は、馬齢重量,expected_result,,
202608010904,2026.0,京都,1.0,9.0,4,2026-01-25,https://www.jra.go.jp/datafile/seiseki/report/2026/2026-1kyoto9.pdf,c57f354249cd41bc0421f15e51893d73b9d6dd0b533d03d2570c87bbb021219d,official_race_marker_verified,5810.0,flat,dirt,,right,0.0,Maiden,0.0,0.0,2608010904,26080109,True,https://www.jra.go.jp/datafile/seiseki/report/2026/2026-1kyoto9.pdf,14003歳未勝利発走11時25分(ダート・右)負担重量は、馬齢重量,expected_result,,
202608010905,2026.0,京都,1.0,9.0,5,2026-01-25,https://www.jra.go.jp/datafile/seiseki/report/2026/2026-1kyoto9.pdf,c57f354249cd41bc0421f15e51893d73b9d6dd0b533d03d2570c87bbb021219d,official_race_marker_verified,3715.0,flat,turf,,right,0.0,Newcomer,0.0,0.0,2608010905,26080109,True,https://www.jra.go.jp/datafile/seiseki/report/2026/2026-1kyoto9.pdf,16003歳新馬発走12時15分(芝・右)負担重量は、馬齢重量,expected_result,,
202608010906,2026.0,京都,1.0,9.0,6,2026-01-25,https://www.jra.go.jp/datafile/seiseki/report/2026/2026-1kyoto9.pdf,c57f354249cd41bc0421f15e51893d73b9d6dd0b533d03d2570c87bbb021219d,official_race_marker_verified,6137.0,flat,dirt,,right,,Class1,0.0,0.0,2608010906,26080109,True,https://www.jra.go.jp/datafile/seiseki/report/2026/2026-1kyoto9.pdf,12004歳以上1勝クラス発走12時45分(ダート・右)負担重量は、58、牝馬2減,expected_result,,
202608010907,2026.0,京都,1.0,9.0,7,2026-01-25,https://www.jra.go.jp/datafile/seiseki/report/2026/2026-1kyoto9.pdf,c57f354249cd41bc0421f15e51893d73b9d6dd0b533d03d2570c87bbb021219d,official_race_marker_verified,1242.0,flat,turf,,right,,Class2,0.0,0.0,2608010907,26080109,True,https://www.jra.go.jp/datafile/seiseki/report/2026/2026-1kyoto9.pdf,20004歳以上2勝クラス発走13時15分(芝・右)牝;負担重量は、4歳555歳以上56,expected_result,,
202608010908,2026.0,京都,1.0,9.0,8,2026-01-25,https://www.jra.go.jp/datafile/seiseki/report/2026/2026-1kyoto9.pdf,c57f354249cd41bc0421f15e51893d73b9d6dd0b533d03d2570c87bbb021219d,official_race_marker_verified,3118.0,flat,dirt,,right,,Class2,0.0,0.0,2608010908,26080109,True,https://www.jra.go.jp/datafile/seiseki/report/2026/2026-1kyoto9.pdf,18004歳以上2勝クラス発走13時45分(ダート・右)負担重量は、4歳575歳以上58、牝馬2減,expected_result,,
202608010909,2026.0,京都,1.0,9.0,9,2026-01-25,https://www.jra.go.jp/datafile/seiseki/report/2026/2026-1kyoto9.pdf,c57f354249cd41bc0421f15e51893d73b9d6dd0b533d03d2570c87bbb021219d,official_race_marker_verified,1600.0,flat,turf,,right,0.0,Class1,0.0,0.0,2608010909,26080109,True,https://www.jra.go.jp/datafile/seiseki/report/2026/2026-1kyoto9.pdf,1600かわづざくら河津桜賞発走14時15分(芝・右)牝、3歳、1勝クラス;負担重量は、馬齢重量賞品,expected_result,,
202608010910,2026.0,京都,1.0,9.0,10,2026-01-25,https://www.jra.go.jp/datafile/seiseki/report/2026/2026-1kyoto9.pdf,c57f354249cd41bc0421f15e51893d73b9d6dd0b533d03d2570c87bbb021219d,official_race_marker_verified,1400.0,flat,turf,outer,right,1.0,Maiden,0.0,0.0,2608010910,26080109,True,https://www.jra.go.jp/datafile/seiseki/report/2026/2026-1kyoto9.pdf,1400やましろ山城ステークス発走14時50分(芝・右・外)4歳以上、3勝クラス、除未出走馬および未勝利馬;負担重量は、ハンデキャップ賞品,expected_result,,
202608010911,2026.0,京都,1.0,9.0,11,2026-01-25,https://www.jra.go.jp/datafile/seiseki/report/2026/2026-1kyoto9.pdf,c57f354249cd41bc0421f15e51893d73b9d6dd0b533d03d2570c87bbb021219d,official_race_marker_verified,1800.0,flat,dirt,,right,,Open,1.0,1.0,2608010911,26080109,True,https://www.jra.go.jp/datafile/seiseki/report/2026/2026-1kyoto9.pdf,1800第31回プロキオンステークス(GII)発走15時30分(ダート・右)4歳以上、除未出走馬および未勝利馬;負担重量は、4歳565歳以上57、牝馬2減、2025.1.25以降GI競走(牝馬限定競走を除く)1着馬2増、牝馬限定GI競走またはGII競走(牝馬限定競走を除く)1着馬1増、2025.1.24以前のGI競走(牝馬限定競走を除く)1着馬1増(ただし2歳時の成績を除く)地方競馬全国協会理事長賞(1着)賞品,expected_result,,
202608010912,2026.0,京都,1.0,9.0,12,2026-01-25,https://www.jra.go.jp/datafile/seiseki/report/2026/2026-1kyoto9.pdf,c57f354249cd41bc0421f15e51893d73b9d6dd0b533d03d2570c87bbb021219d,official_race_marker_verified,2710.0,flat,turf,outer,right,,Class1,0.0,0.0,2608010912,26080109,True,https://www.jra.go.jp/datafile/seiseki/report/2026/2026-1kyoto9.pdf,18004歳以上1勝クラス発走16時10分(芝・右・外)負担重量は、4歳575歳以上58、牝馬2減,expected_result,,
202610010201,2026.0,小倉,1.0,2.0,1,2026-01-25,https://www.jra.go.jp/datafile/seiseki/report/2026/2026-1kokura2.pdf,4d2245d1408acf7f53a9350de5b174a19747eeeff53fbe8d27d7ac29e6a8777f,official_race_marker_verified,5552.0,flat,dirt,,right,0.0,Maiden,0.0,0.0,2610010201,26100102,True,https://www.jra.go.jp/datafile/seiseki/report/2026/2026-1kokura2.pdf,17003歳未勝利発走9時45分(ダート・右)牝;負担重量は、馬齢重量,expected_result,,
202610010202,2026.0,小倉,1.0,2.0,2,2026-01-25,https://www.jra.go.jp/datafile/seiseki/report/2026/2026-1kokura2.pdf,4d2245d1408acf7f53a9350de5b174a19747eeeff53fbe8d27d7ac29e6a8777f,official_race_marker_verified,1119.0,flat,turf,,right,0.0,Maiden,0.0,0.0,2610010202,26100102,True,https://www.jra.go.jp/datafile/seiseki/report/2026/2026-1kokura2.pdf,12003歳未勝利発走10時15分(芝・右)負担重量は、馬齢重量,expected_result,,
202610010203,2026.0,小倉,1.0,2.0,3,2026-01-25,https://www.jra.go.jp/datafile/seiseki/report/2026/2026-1kokura2.pdf,4d2245d1408acf7f53a9350de5b174a19747eeeff53fbe8d27d7ac29e6a8777f,official_race_marker_verified,5855.0,flat,dirt,,right,,Class1,0.0,0.0,2610010203,26100102,True,https://www.jra.go.jp/datafile/seiseki/report/2026/2026-1kokura2.pdf,10004歳以上1勝クラス発走10時45分(ダート・右)負担重量は、58、牝馬2減,expected_result,,
202610010204,2026.0,小倉,1.0,2.0,4,2026-01-25,https://www.jra.go.jp/datafile/seiseki/report/2026/2026-1kokura2.pdf,4d2245d1408acf7f53a9350de5b174a19747eeeff53fbe8d27d7ac29e6a8777f,official_race_marker_verified,2860.0,obstacle,,,,,Maiden,0.0,0.0,2610010204,26100102,False,https://www.jra.go.jp/datafile/seiseki/report/2026/2026-1kokura2.pdf,2860障害4歳以上未勝利発走11時15分(芝)負担重量は、4歳595歳以上60、牝馬2減,expected_result,,
202610010205,2026.0,小倉,1.0,2.0,5,2026-01-25,https://www.jra.go.jp/datafile/seiseki/report/2026/2026-1kokura2.pdf,4d2245d1408acf7f53a9350de5b174a19747eeeff53fbe8d27d7ac29e6a8777f,official_race_marker_verified,6713.0,flat,turf,,right,0.0,Newcomer,0.0,0.0,2610010205,26100102,True,https://www.jra.go.jp/datafile/seiseki/report/2026/2026-1kokura2.pdf,12003歳新馬発走12時05分(芝・右)負担重量は、馬齢重量,expected_result,,
202610010206,2026.0,小倉,1.0,2.0,6,2026-01-25,https://www.jra.go.jp/datafile/seiseki/report/2026/2026-1kokura2.pdf,4d2245d1408acf7f53a9350de5b174a19747eeeff53fbe8d27d7ac29e6a8777f,official_race_marker_verified,5755.0,flat,dirt,,right,0.0,Maiden,0.0,0.0,2610010206,26100102,True,https://www.jra.go.jp/datafile/seiseki/report/2026/2026-1kokura2.pdf,17003歳未勝利発走12時35分(ダート・右)負担重量は、馬齢重量,expected_result,,
202610010207,2026.0,小倉,1.0,2.0,7,2026-01-25,https://www.jra.go.jp/datafile/seiseki/report/2026/2026-1kokura2.pdf,4d2245d1408acf7f53a9350de5b174a19747eeeff53fbe8d27d7ac29e6a8777f,official_race_marker_verified,8612.0,flat,turf,,right,0.0,Maiden,0.0,0.0,2610010207,26100102,True,https://www.jra.go.jp/datafile/seiseki/report/2026/2026-1kokura2.pdf,20003歳未勝利発走13時05分(芝・右)負担重量は、馬齢重量,expected_result,,
202610010208,2026.0,小倉,1.0,2.0,8,2026-01-25,https://www.jra.go.jp/datafile/seiseki/report/2026/2026-1kokura2.pdf,4d2245d1408acf7f53a9350de5b174a19747eeeff53fbe8d27d7ac29e6a8777f,official_race_marker_verified,6713.0,flat,turf,,right,,Class1,0.0,0.0,2610010208,26100102,True,https://www.jra.go.jp/datafile/seiseki/report/2026/2026-1kokura2.pdf,18004歳以上1勝クラス発走13時35分(芝・右)牝;負担重量は、4歳555歳以上56,expected_result,,
202610010209,2026.0,小倉,1.0,2.0,9,2026-01-25,https://www.jra.go.jp/datafile/seiseki/report/2026/2026-1kokura2.pdf,4d2245d1408acf7f53a9350de5b174a19747eeeff53fbe8d27d7ac29e6a8777f,official_race_marker_verified,1200.0,flat,turf,,right,,Class1,0.0,0.0,2610010209,26100102,True,https://www.jra.go.jp/datafile/seiseki/report/2026/2026-1kokura2.pdf,1200やはた八幡特別発走14時05分(芝・右)4歳以上、1勝クラス;負担重量は、58、牝馬2減賞品,expected_result,,
202610010210,2026.0,小倉,1.0,2.0,10,2026-01-25,https://www.jra.go.jp/datafile/seiseki/report/2026/2026-1kokura2.pdf,4d2245d1408acf7f53a9350de5b174a19747eeeff53fbe8d27d7ac29e6a8777f,official_race_marker_verified,1700.0,flat,dirt,,right,,Class2,0.0,0.0,2610010210,26100102,True,https://www.jra.go.jp/datafile/seiseki/report/2026/2026-1kokura2.pdf,1700ひびきなだ響灘特別発走14時40分(ダート・右)4歳以上、2勝クラス;負担重量は、4歳575歳以上58、牝馬2減賞品,expected_result,,
202610010211,2026.0,小倉,1.0,2.0,11,2026-01-25,https://www.jra.go.jp/datafile/seiseki/report/2026/2026-1kokura2.pdf,4d2245d1408acf7f53a9350de5b174a19747eeeff53fbe8d27d7ac29e6a8777f,official_race_marker_verified,1800.0,flat,turf,,right,,Maiden,0.0,0.0,2610010211,26100102,True,https://www.jra.go.jp/datafile/seiseki/report/2026/2026-1kokura2.pdf,1800だんのうら壇之浦ステークス発走15時15分(芝・右)4歳以上、3勝クラス、除未出走馬および未勝利馬;負担重量は、4歳575歳以上58、牝馬2減賞品,expected_result,,
202610010212,2026.0,小倉,1.0,2.0,12,2026-01-25,https://www.jra.go.jp/datafile/seiseki/report/2026/2026-1kokura2.pdf,4d2245d1408acf7f53a9350de5b174a19747eeeff53fbe8d27d7ac29e6a8777f,official_race_marker_verified,813.0,flat,turf,,right,,Class1,0.0,0.0,2610010212,26100102,True,https://www.jra.go.jp/datafile/seiseki/report/2026/2026-1kokura2.pdf,20004歳以上1勝クラス発走16時00分(芝・右)負担重量は、4歳575歳以上58、牝馬2減,expected_result,,
202605010101,2026.0,東京,1.0,1.0,1,2026-01-31,https://www.jra.go.jp/datafile/seiseki/report/2026/2026-1tokyo1.pdf,bdf82b97ca30d610e48c815e25609980799a3e105472a4c42fd84d0d4ac6b364,official_race_marker_verified,3510.0,flat,dirt,,left,0.0,Maiden,0.0,0.0,2605010101,26050101,True,https://www.jra.go.jp/datafile/seiseki/report/2026/2026-1tokyo1.pdf,14003歳未勝利発走10時05分(ダート・左)牝;負担重量は、馬齢重量,expected_result,,
202605010102,2026.0,東京,1.0,1.0,2,2026-01-31,https://www.jra.go.jp/datafile/seiseki/report/2026/2026-1tokyo1.pdf,bdf82b97ca30d610e48c815e25609980799a3e105472a4c42fd84d0d4ac6b364,official_race_marker_verified,3226.0,flat,dirt,,left,,Class1,0.0,0.0,2605010102,26050101,True,https://www.jra.go.jp/datafile/seiseki/report/2026/2026-1tokyo1.pdf,21004歳以上1勝クラス発走10時35分(ダート・左)負担重量は、4歳575歳以上58、牝馬2減,expected_result,,
202605010103,2026.0,東京,1.0,1.0,3,2026-01-31,https://www.jra.go.jp/datafile/seiseki/report/2026/2026-1tokyo1.pdf,bdf82b97ca30d610e48c815e25609980799a3e105472a4c42fd84d0d4ac6b364,official_race_marker_verified,2611.0,flat,dirt,,left,0.0,Maiden,0.0,0.0,2605010103,26050101,True,https://www.jra.go.jp/datafile/seiseki/report/2026/2026-1tokyo1.pdf,16003歳未勝利発走11時05分(ダート・左)負担重量は、馬齢重量,expected_result,,
202605010104,2026.0,東京,1.0,1.0,4,2026-01-31,https://www.jra.go.jp/datafile/seiseki/report/2026/2026-1tokyo1.pdf,bdf82b97ca30d610e48c815e25609980799a3e105472a4c42fd84d0d4ac6b364,official_race_marker_verified,8510.0,flat,dirt,,left,0.0,Newcomer,0.0,0.0,2605010104,26050101,True,https://www.jra.go.jp/datafile/seiseki/report/2026/2026-1tokyo1.pdf,14003歳新馬発走11時35分(ダート・左)負担重量は、馬齢重量,expected_result,,
202605010105,2026.0,東京,1.0,1.0,5,2026-01-31,https://www.jra.go.jp/datafile/seiseki/report/2026/2026-1tokyo1.pdf,bdf82b97ca30d610e48c815e25609980799a3e105472a4c42fd84d0d4ac6b364,official_race_marker_verified,9125.0,flat,turf,,left,0.0,Newcomer,0.0,0.0,2605010105,26050101,True,https://www.jra.go.jp/datafile/seiseki/report/2026/2026-1tokyo1.pdf,18003歳新馬発走12時25分(芝・左)負担重量は、馬齢重量,expected_result,,
202605010106,2026.0,東京,1.0,1.0,6,2026-01-31,https://www.jra.go.jp/datafile/seiseki/report/2026/2026-1tokyo1.pdf,bdf82b97ca30d610e48c815e25609980799a3e105472a4c42fd84d0d4ac6b364,official_race_marker_verified,6611.0,flat,turf,,left,0.0,Maiden,0.0,0.0,2605010106,26050101,True,https://www.jra.go.jp/datafile/seiseki/report/2026/2026-1tokyo1.pdf,16003歳未勝利発走13時00分(芝・左)負担重量は、馬齢重量,expected_result,,
202605010107,2026.0,東京,1.0,1.0,7,2026-01-31,https://www.jra.go.jp/datafile/seiseki/report/2026/2026-1tokyo1.pdf,bdf82b97ca30d610e48c815e25609980799a3e105472a4c42fd84d0d4ac6b364,official_race_marker_verified,8210.0,flat,dirt,,left,0.0,Class1,0.0,0.0,2605010107,26050101,True,https://www.jra.go.jp/datafile/seiseki/report/2026/2026-1tokyo1.pdf,16003歳1勝クラス発走13時30分(ダート・左)負担重量は、馬齢重量,expected_result,,
202605010108,2026.0,東京,1.0,1.0,8,2026-01-31,https://www.jra.go.jp/datafile/seiseki/report/2026/2026-1tokyo1.pdf,bdf82b97ca30d610e48c815e25609980799a3e105472a4c42fd84d0d4ac6b364,official_race_marker_verified,3714.0,flat,dirt,,left,,Class2,0.0,0.0,2605010108,26050101,True,https://www.jra.go.jp/datafile/seiseki/report/2026/2026-1tokyo1.pdf,14004歳以上2勝クラス発走14時00分(ダート・左)負担重量は、4歳575歳以上58、牝馬2減,expected_result,,
202605010109,2026.0,東京,1.0,1.0,9,2026-01-31,https://www.jra.go.jp/datafile/seiseki/report/2026/2026-1tokyo1.pdf,bdf82b97ca30d610e48c815e25609980799a3e105472a4c42fd84d0d4ac6b364,official_race_marker_verified,1600.0,flat,dirt,,left,1.0,Maiden,0.0,0.0,2605010109,26050101,True,https://www.jra.go.jp/datafile/seiseki/report/2026/2026-1tokyo1.pdf,1600はくれい白嶺ステークス発走14時30分(ダート・左)4歳以上、3勝クラス、除未出走馬および未勝利馬;負担重量は、ハンデキャップ賞品,expected_result,,
202605010110,2026.0,東京,1.0,1.0,10,2026-01-31,https://www.jra.go.jp/datafile/seiseki/report/2026/2026-1tokyo1.pdf,bdf82b97ca30d610e48c815e25609980799a3e105472a4c42fd84d0d4ac6b364,official_race_marker_verified,1400.0,flat,turf,,left,,Maiden,0.0,0.0,2605010110,26050101,True,https://www.jra.go.jp/datafile/seiseki/report/2026/2026-1tokyo1.pdf,1400クロッカスステークス(L)発走15時05分(芝・左)3歳、除未出走馬および未勝利馬;負担重量は、日本馬:馬齢重量、収得賞金1200万円毎1増、:馬齢重量、GI競走1着馬2増、GII競走またはGIII競走1着馬1増賞品,expected_result,,
202605010111,2026.0,東京,1.0,1.0,11,2026-01-31,https://www.jra.go.jp/datafile/seiseki/report/2026/2026-1tokyo1.pdf,bdf82b97ca30d610e48c815e25609980799a3e105472a4c42fd84d0d4ac6b364,official_race_marker_verified,2000.0,flat,turf,,left,,Maiden,0.0,0.0,2605010111,26050101,True,https://www.jra.go.jp/datafile/seiseki/report/2026/2026-1tokyo1.pdf,2000しらふじ白富士ステークス(L)発走15時45分(芝・左)4歳以上、除未出走馬および未勝利馬;負担重量は、日本馬:4歳565歳以上57、牝馬2減、収得賞金1600万円超過馬は超過額1200万円毎1増、:4歳565歳以上57、牝馬2減、GI競走1着馬5増、GII競走1着馬3増、GIII競走1着馬1増(ただし2歳時の成績を除く)賞品,expected_result,,
202605010112,2026.0,東京,1.0,1.0,12,2026-01-31,https://www.jra.go.jp/datafile/seiseki/report/2026/2026-1tokyo1.pdf,bdf82b97ca30d610e48c815e25609980799a3e105472a4c42fd84d0d4ac6b364,official_race_marker_verified,1175.0,flat,turf,,left,,Class1,0.0,0.0,2605010112,26050101,True,https://www.jra.go.jp/datafile/seiseki/report/2026/2026-1tokyo1.pdf,18004歳以上1勝クラス発走16時25分(芝・左)負担重量は、4歳575歳以上58、牝馬2減,expected_result,,
202608020101,2026.0,京都,2.0,1.0,1,2026-01-31,https://www.jra.go.jp/datafile/seiseki/report/2026/2026-2kyoto1.pdf,9ad6141c7105bdbd76670e214b7e19faa17765b0d259a1e02eccda1ee31fb770,official_race_marker_verified,9111.0,flat,dirt,,right,0.0,Maiden,0.0,0.0,2608020101,26080201,True,https://www.jra.go.jp/datafile/seiseki/report/2026/2026-2kyoto1.pdf,12003歳未勝利発走9時55分(ダート・右)牝;負担重量は、馬齢重量,expected_result,,
202608020102,2026.0,京都,2.0,1.0,2,2026-01-31,https://www.jra.go.jp/datafile/seiseki/report/2026/2026-2kyoto1.pdf,9ad6141c7105bdbd76670e214b7e19faa17765b0d259a1e02eccda1ee31fb770,official_race_marker_verified,2723.0,flat,dirt,,right,0.0,Maiden,0.0,0.0,2608020102,26080201,True,https://www.jra.go.jp/datafile/seiseki/report/2026/2026-2kyoto1.pdf,18003歳未勝利発走10時25分(ダート・右)負担重量は、馬齢重量,expected_result,,
202608020103,2026.0,京都,2.0,1.0,3,2026-01-31,https://www.jra.go.jp/datafile/seiseki/report/2026/2026-2kyoto1.pdf,9ad6141c7105bdbd76670e214b7e19faa17765b0d259a1e02eccda1ee31fb770,official_race_marker_verified,2812.0,flat,dirt,,right,0.0,Maiden,0.0,0.0,2608020103,26080201,True,https://www.jra.go.jp/datafile/seiseki/report/2026/2026-2kyoto1.pdf,14003歳未勝利発走10時55分(ダート・右)負担重量は、馬齢重量,expected_result,,
202608020104,2026.0,京都,2.0,1.0,4,2026-01-31,https://www.jra.go.jp/datafile/seiseki/report/2026/2026-2kyoto1.pdf,9ad6141c7105bdbd76670e214b7e19faa17765b0d259a1e02eccda1ee31fb770,official_race_marker_verified,8412.0,flat,dirt,,right,0.0,Maiden,0.0,0.0,2608020104,26080201,True,https://www.jra.go.jp/datafile/seiseki/report/2026/2026-2kyoto1.pdf,18003歳未勝利発走11時25分(ダート・右)負担重量は、馬齢重量,expected_result,,
202608020105,2026.0,京都,2.0,1.0,5,2026-01-31,https://www.jra.go.jp/datafile/seiseki/report/2026/2026-2kyoto1.pdf,9ad6141c7105bdbd76670e214b7e19faa17765b0d259a1e02eccda1ee31fb770,official_race_marker_verified,5815.0,flat,turf,,right,0.0,Newcomer,0.0,0.0,2608020105,26080201,True,https://www.jra.go.jp/datafile/seiseki/report/2026/2026-2kyoto1.pdf,20003歳新馬発走12時15分(芝・右)負担重量は、馬齢重量,expected_result,,
202608020106,2026.0,京都,2.0,1.0,6,2026-01-31,https://www.jra.go.jp/datafile/seiseki/report/2026/2026-2kyoto1.pdf,9ad6141c7105bdbd76670e214b7e19faa17765b0d259a1e02eccda1ee31fb770,official_race_marker_verified,2816.0,flat,turf,,right,0.0,Maiden,0.0,0.0,2608020106,26080201,True,https://www.jra.go.jp/datafile/seiseki/report/2026/2026-2kyoto1.pdf,16003歳未勝利発走12時50分(芝・右)負担重量は、馬齢重量,expected_result,,
202608020107,2026.0,京都,2.0,1.0,7,2026-01-31,https://www.jra.go.jp/datafile/seiseki/report/2026/2026-2kyoto1.pdf,9ad6141c7105bdbd76670e214b7e19faa17765b0d259a1e02eccda1ee31fb770,official_race_marker_verified,810.0,flat,dirt,,right,0.0,Class1,0.0,0.0,2608020107,26080201,True,https://www.jra.go.jp/datafile/seiseki/report/2026/2026-2kyoto1.pdf,18003歳1勝クラス発走13時20分(ダート・右)負担重量は、馬齢重量,expected_result,,
202608020108,2026.0,京都,2.0,1.0,8,2026-01-31,https://www.jra.go.jp/datafile/seiseki/report/2026/2026-2kyoto1.pdf,9ad6141c7105bdbd76670e214b7e19faa17765b0d259a1e02eccda1ee31fb770,official_race_marker_verified,7110.0,flat,dirt,,right,,Class1,0.0,0.0,2608020108,26080201,True,https://www.jra.go.jp/datafile/seiseki/report/2026/2026-2kyoto1.pdf,19004歳以上1勝クラス発走13時50分(ダート・右)負担重量は、4歳575歳以上58、牝馬2減,expected_result,,
202608020109,2026.0,京都,2.0,1.0,9,2026-01-31,https://www.jra.go.jp/datafile/seiseki/report/2026/2026-2kyoto1.pdf,9ad6141c7105bdbd76670e214b7e19faa17765b0d259a1e02eccda1ee31fb770,official_race_marker_verified,1400.0,flat,dirt,,right,,Class2,0.0,0.0,2608020109,26080201,True,https://www.jra.go.jp/datafile/seiseki/report/2026/2026-2kyoto1.pdf,1400ながはま長浜特別発走14時20分(ダート・右)4歳以上、2勝クラス;負担重量は、4歳575歳以上58、牝馬2減賞品,expected_result,,
202608020110,2026.0,京都,2.0,1.0,10,2026-01-31,https://www.jra.go.jp/datafile/seiseki/report/2026/2026-2kyoto1.pdf,9ad6141c7105bdbd76670e214b7e19faa17765b0d259a1e02eccda1ee31fb770,official_race_marker_verified,2400.0,flat,turf,outer,right,1.0,Class2,0.0,0.0,2608020110,26080201,True,https://www.jra.go.jp/datafile/seiseki/report/2026/2026-2kyoto1.pdf,2400こはた許波多特別発走14時55分(芝・右・外)4歳以上、2勝クラス;負担重量は、ハンデキャップ賞品,expected_result,,
202608020111,2026.0,京都,2.0,1.0,11,2026-01-31,https://www.jra.go.jp/datafile/seiseki/report/2026/2026-2kyoto1.pdf,9ad6141c7105bdbd76670e214b7e19faa17765b0d259a1e02eccda1ee31fb770,official_race_marker_verified,1800.0,flat,dirt,,right,,Maiden,0.0,0.0,2608020111,26080201,True,https://www.jra.go.jp/datafile/seiseki/report/2026/2026-2kyoto1.pdf,1800まいづる舞鶴ステークス発走15時30分(ダート・右)牝、4歳以上、3勝クラス、除未出走馬および未勝利馬;負担重量は、4歳555歳以上56賞品,expected_result,,
202608020112,2026.0,京都,2.0,1.0,12,2026-01-31,https://www.jra.go.jp/datafile/seiseki/report/2026/2026-2kyoto1.pdf,9ad6141c7105bdbd76670e214b7e19faa17765b0d259a1e02eccda1ee31fb770,official_race_marker_verified,5653.0,flat,turf,outer,right,,Class1,0.0,0.0,2608020112,26080201,True,https://www.jra.go.jp/datafile/seiseki/report/2026/2026-2kyoto1.pdf,16004歳以上1勝クラス発走16時10分(芝・右・外)負担重量は、4歳575歳以上58、牝馬2減,expected_result,,
202610010301,2026.0,小倉,1.0,3.0,1,2026-01-31,https://www.jra.go.jp/datafile/seiseki/report/2026/2026-1kokura3.pdf,b3465f181248b93462d7c4ed370b3c54d51f5b2bb522e2c5ef0eab86ec620d32,official_race_marker_verified,1258.0,flat,dirt,,right,0.0,Maiden,0.0,0.0,2610010301,26100103,True,https://www.jra.go.jp/datafile/seiseki/report/2026/2026-1kokura3.pdf,10003歳未勝利発走9時45分(ダート・右)負担重量は、馬齢重量,expected_result,,
202610010302,2026.0,小倉,1.0,3.0,2,2026-01-31,https://www.jra.go.jp/datafile/seiseki/report/2026/2026-1kokura3.pdf,b3465f181248b93462d7c4ed370b3c54d51f5b2bb522e2c5ef0eab86ec620d32,official_race_marker_verified,5554.0,flat,turf,,right,0.0,Maiden,0.0,0.0,2610010302,26100103,True,https://www.jra.go.jp/datafile/seiseki/report/2026/2026-1kokura3.pdf,20003歳未勝利発走10時15分(芝・右)牝;負担重量は、馬齢重量,expected_result,,
202610010303,2026.0,小倉,1.0,3.0,3,2026-01-31,https://www.jra.go.jp/datafile/seiseki/report/2026/2026-1kokura3.pdf,b3465f181248b93462d7c4ed370b3c54d51f5b2bb522e2c5ef0eab86ec620d32,official_race_marker_verified,7255.0,flat,dirt,,right,,Class1,0.0,0.0,2610010303,26100103,True,https://www.jra.go.jp/datafile/seiseki/report/2026/2026-1kokura3.pdf,17004歳以上1勝クラス発走10時45分(ダート・右)負担重量は、4歳575歳以上58、牝馬2減,expected_result,,
202610010304,2026.0,小倉,1.0,3.0,4,2026-01-31,https://www.jra.go.jp/datafile/seiseki/report/2026/2026-1kokura3.pdf,b3465f181248b93462d7c4ed370b3c54d51f5b2bb522e2c5ef0eab86ec620d32,official_race_marker_verified,2860.0,obstacle,,,,,Open,1.0,0.0,2610010304,26100103,False,https://www.jra.go.jp/datafile/seiseki/report/2026/2026-1kokura3.pdf,2860障害4歳以上オープン発走11時15分(番組第5競走を順序変更)(芝)負担重量は、4歳595歳以上60、牝馬2減、収得賞金400万円超過馬は超過額300万円毎1増,expected_result,,
202610010305,2026.0,小倉,1.0,3.0,5,2026-01-31,https://www.jra.go.jp/datafile/seiseki/report/2026/2026-1kokura3.pdf,b3465f181248b93462d7c4ed370b3c54d51f5b2bb522e2c5ef0eab86ec620d32,official_race_marker_verified,2860.0,obstacle,,,,,Maiden,0.0,0.0,2610010305,26100103,False,https://www.jra.go.jp/datafile/seiseki/report/2026/2026-1kokura3.pdf,2860障害4歳以上未勝利発走12時05分(番組第4競走を順序変更)(芝)負担重量は、4歳595歳以上60、牝馬2減,expected_result,,
202610010306,2026.0,小倉,1.0,3.0,6,2026-01-31,https://www.jra.go.jp/datafile/seiseki/report/2026/2026-1kokura3.pdf,b3465f181248b93462d7c4ed370b3c54d51f5b2bb522e2c5ef0eab86ec620d32,official_race_marker_verified,5552.0,flat,turf,,right,0.0,Maiden,0.0,0.0,2610010306,26100103,True,https://www.jra.go.jp/datafile/seiseki/report/2026/2026-1kokura3.pdf,12003歳未勝利発走12時40分(芝・右)若手騎手;負担重量は、馬齢重量,expected_result,,
202610010307,2026.0,小倉,1.0,3.0,7,2026-01-31,https://www.jra.go.jp/datafile/seiseki/report/2026/2026-1kokura3.pdf,b3465f181248b93462d7c4ed370b3c54d51f5b2bb522e2c5ef0eab86ec620d32,official_race_marker_verified,5552.0,flat,turf,,right,0.0,Maiden,0.0,0.0,2610010307,26100103,True,https://www.jra.go.jp/datafile/seiseki/report/2026/2026-1kokura3.pdf,18003歳未勝利発走13時10分(芝・右)負担重量は、馬齢重量,expected_result,,
202610010308,2026.0,小倉,1.0,3.0,8,2026-01-31,https://www.jra.go.jp/datafile/seiseki/report/2026/2026-1kokura3.pdf,b3465f181248b93462d7c4ed370b3c54d51f5b2bb522e2c5ef0eab86ec620d32,official_race_marker_verified,9816.0,flat,turf,,right,,Class1,0.0,0.0,2610010308,26100103,True,https://www.jra.go.jp/datafile/seiseki/report/2026/2026-1kokura3.pdf,12004歳以上1勝クラス発走13時40分(芝・右)負担重量は、58、牝馬2減,expected_result,,
202610010309,2026.0,小倉,1.0,3.0,9,2026-01-31,https://www.jra.go.jp/datafile/seiseki/report/2026/2026-1kokura3.pdf,b3465f181248b93462d7c4ed370b3c54d51f5b2bb522e2c5ef0eab86ec620d32,official_race_marker_verified,1000.0,flat,dirt,,right,,Class2,0.0,0.0,2610010309,26100103,True,https://www.jra.go.jp/datafile/seiseki/report/2026/2026-1kokura3.pdf,1000ありた有田特別発走14時10分(ダート・右)4歳以上、2勝クラス;負担重量は、58、牝馬2減賞品,expected_result,,
202610010310,2026.0,小倉,1.0,3.0,10,2026-01-31,https://www.jra.go.jp/datafile/seiseki/report/2026/2026-1kokura3.pdf,b3465f181248b93462d7c4ed370b3c54d51f5b2bb522e2c5ef0eab86ec620d32,official_race_marker_verified,1700.0,flat,dirt,,right,,Class2,0.0,0.0,2610010310,26100103,True,https://www.jra.go.jp/datafile/seiseki/report/2026/2026-1kokura3.pdf,1700ひらおだい平尾台特別発走14時45分(ダート・右)牝、4歳以上、2勝クラス;負担重量は、4歳555歳以上56賞品,expected_result,,
202610010311,2026.0,小倉,1.0,3.0,11,2026-01-31,https://www.jra.go.jp/datafile/seiseki/report/2026/2026-1kokura3.pdf,b3465f181248b93462d7c4ed370b3c54d51f5b2bb522e2c5ef0eab86ec620d32,official_race_marker_verified,1200.0,flat,turf,,right,1.0,Maiden,0.0,0.0,2610010311,26100103,True,https://www.jra.go.jp/datafile/seiseki/report/2026/2026-1kokura3.pdf,1200がんりゅうじま巌流島ステークス発走15時20分(芝・右)4歳以上、3勝クラス、除未出走馬および未勝利馬;負担重量は、ハンデキャップ賞品,expected_result,,
202610010312,2026.0,小倉,1.0,3.0,12,2026-01-31,https://www.jra.go.jp/datafile/seiseki/report/2026/2026-1kokura3.pdf,b3465f181248b93462d7c4ed370b3c54d51f5b2bb522e2c5ef0eab86ec620d32,official_race_marker_verified,5611.0,flat,turf,,right,,Class1,0.0,0.0,2610010312,26100103,True,https://www.jra.go.jp/datafile/seiseki/report/2026/2026-1kokura3.pdf,20004歳以上1勝クラス発走16時00分(芝・右)負担重量は、4歳575歳以上58、牝馬2減,expected_result,,
202605010201,2026.0,東京,1.0,2.0,1,2026-02-01,https://www.jra.go.jp/datafile/seiseki/report/2026/2026-1tokyo2.pdf,eaf508e069512469144a8e2d58a5f47998fc5c61897ad3684c0bc2dd5c416432,official_race_marker_verified,9210.0,flat,dirt,,left,0.0,Maiden,0.0,0.0,2605010201,26050102,True,https://www.jra.go.jp/datafile/seiseki/report/2026/2026-1tokyo2.pdf,14003歳未勝利発走10時05分(ダート・左)負担重量は、馬齢重量,expected_result,,
202605010202,2026.0,東京,1.0,2.0,2,2026-02-01,https://www.jra.go.jp/datafile/seiseki/report/2026/2026-1tokyo2.pdf,eaf508e069512469144a8e2d58a5f47998fc5c61897ad3684c0bc2dd5c416432,official_race_marker_verified,7812.0,flat,dirt,,left,0.0,Maiden,0.0,0.0,2605010202,26050102,True,https://www.jra.go.jp/datafile/seiseki/report/2026/2026-1tokyo2.pdf,21003歳未勝利発走10時35分(ダート・左)負担重量は、馬齢重量,expected_result,,
202605010203,2026.0,東京,1.0,2.0,3,2026-02-01,https://www.jra.go.jp/datafile/seiseki/report/2026/2026-1tokyo2.pdf,eaf508e069512469144a8e2d58a5f47998fc5c61897ad3684c0bc2dd5c416432,official_race_marker_verified,1712.0,flat,dirt,,left,0.0,Maiden,0.0,0.0,2605010203,26050102,True,https://www.jra.go.jp/datafile/seiseki/report/2026/2026-1tokyo2.pdf,16003歳未勝利発走11時05分(ダート・左)牝;負担重量は、馬齢重量,expected_result,,
202605010204,2026.0,東京,1.0,2.0,4,2026-02-01,https://www.jra.go.jp/datafile/seiseki/report/2026/2026-1tokyo2.pdf,eaf508e069512469144a8e2d58a5f47998fc5c61897ad3684c0bc2dd5c416432,official_race_marker_verified,6816.0,flat,dirt,,left,,Class1,0.0,0.0,2605010204,26050102,True,https://www.jra.go.jp/datafile/seiseki/report/2026/2026-1tokyo2.pdf,14004歳以上1勝クラス発走11時35分(ダート・左)負担重量は、4歳575歳以上58、牝馬2減,expected_result,,
202605010205,2026.0,東京,1.0,2.0,5,2026-02-01,https://www.jra.go.jp/datafile/seiseki/report/2026/2026-1tokyo2.pdf,eaf508e069512469144a8e2d58a5f47998fc5c61897ad3684c0bc2dd5c416432,official_race_marker_verified,138.0,flat,turf,,left,0.0,Newcomer,0.0,0.0,2605010205,26050102,True,https://www.jra.go.jp/datafile/seiseki/report/2026/2026-1tokyo2.pdf,16003歳新馬発走12時25分(芝・左)負担重量は、馬齢重量,expected_result,,
202605010206,2026.0,東京,1.0,2.0,6,2026-02-01,https://www.jra.go.jp/datafile/seiseki/report/2026/2026-1tokyo2.pdf,eaf508e069512469144a8e2d58a5f47998fc5c61897ad3684c0bc2dd5c416432,official_race_marker_verified,5814.0,flat,dirt,,left,,Class1,0.0,0.0,2605010206,26050102,True,https://www.jra.go.jp/datafile/seiseki/report/2026/2026-1tokyo2.pdf,16004歳以上1勝クラス発走12時55分(ダート・左)負担重量は、4歳575歳以上58、牝馬2減,expected_result,,
202605010207,2026.0,東京,1.0,2.0,7,2026-02-01,https://www.jra.go.jp/datafile/seiseki/report/2026/2026-1tokyo2.pdf,eaf508e069512469144a8e2d58a5f47998fc5c61897ad3684c0bc2dd5c416432,official_race_marker_verified,1020.0,flat,turf,,left,,Class2,0.0,0.0,2605010207,26050102,True,https://www.jra.go.jp/datafile/seiseki/report/2026/2026-1tokyo2.pdf,20004歳以上2勝クラス発走13時25分(芝・左)負担重量は、4歳575歳以上58、牝馬2減,expected_result,,
202605010208,2026.0,東京,1.0,2.0,8,2026-02-01,https://www.jra.go.jp/datafile/seiseki/report/2026/2026-1tokyo2.pdf,eaf508e069512469144a8e2d58a5f47998fc5c61897ad3684c0bc2dd5c416432,official_race_marker_verified,7811.0,flat,dirt,,left,,Class2,0.0,0.0,2605010208,26050102,True,https://www.jra.go.jp/datafile/seiseki/report/2026/2026-1tokyo2.pdf,21004歳以上2勝クラス発走13時55分(ダート・左)負担重量は、4歳575歳以上58、牝馬2減,expected_result,,
202605010209,2026.0,東京,1.0,2.0,9,2026-02-01,https://www.jra.go.jp/datafile/seiseki/report/2026/2026-1tokyo2.pdf,eaf508e069512469144a8e2d58a5f47998fc5c61897ad3684c0bc2dd5c416432,official_race_marker_verified,1800.0,flat,turf,,left,0.0,Class1,0.0,0.0,2605010209,26050102,True,https://www.jra.go.jp/datafile/seiseki/report/2026/2026-1tokyo2.pdf,1800セントポーリア賞発走14時25分(芝・左)3歳、1勝クラス;負担重量は、馬齢重量賞品,expected_result,,
202605010210,2026.0,東京,1.0,2.0,10,2026-02-01,https://www.jra.go.jp/datafile/seiseki/report/2026/2026-1tokyo2.pdf,eaf508e069512469144a8e2d58a5f47998fc5c61897ad3684c0bc2dd5c416432,official_race_marker_verified,1400.0,flat,turf,,left,,Maiden,0.0,0.0,2605010210,26050102,True,https://www.jra.go.jp/datafile/seiseki/report/2026/2026-1tokyo2.pdf,1400せつぶん節分ステークス発走15時00分(芝・左)4歳以上、3勝クラス、除未出走馬および未勝利馬;負担重量は、4歳575歳以上58、牝馬2減賞品,expected_result,,
202605010211,2026.0,東京,1.0,2.0,11,2026-02-01,https://www.jra.go.jp/datafile/seiseki/report/2026/2026-1tokyo2.pdf,eaf508e069512469144a8e2d58a5f47998fc5c61897ad3684c0bc2dd5c416432,official_race_marker_verified,1400.0,flat,dirt,,left,,Open,1.0,1.0,2605010211,26050102,True,https://www.jra.go.jp/datafile/seiseki/report/2026/2026-1tokyo2.pdf,フォーエバーヤングブリーダーズカップクラシック優勝記念1400第40回根岸ステークス(GIII)発走15時45分(ダート・左)4歳以上、除未出走馬および未勝利馬;負担重量は、4歳565歳以上57、牝馬2減、2025.2.1以降GI競走(牝馬限定競走を除く)1着馬2増、牝馬限定GI競走またはGII競走(牝馬限定競走を除く)1着馬1増、2025.1.31以前のGI競走(牝馬限定競走を除く)1着馬1増(ただし2歳時の成績を除く)地方競馬全国協会理事長賞(1着)賞品,expected_result,,
202605010212,2026.0,東京,1.0,2.0,12,2026-02-01,https://www.jra.go.jp/datafile/seiseki/report/2026/2026-1tokyo2.pdf,eaf508e069512469144a8e2d58a5f47998fc5c61897ad3684c0bc2dd5c416432,official_race_marker_verified,132.0,flat,turf,,left,0.0,Maiden,0.0,0.0,2605010212,26050102,True,https://www.jra.go.jp/datafile/seiseki/report/2026/2026-1tokyo2.pdf,18003歳未勝利発走16時25分(芝・左)負担重量は、馬齢重量,expected_result,,
202608020201,2026.0,京都,2.0,2.0,1,2026-02-01,https://www.jra.go.jp/datafile/seiseki/report/2026/2026-2kyoto2.pdf,59b6b4d5e9bb1f84d0cc49dcd47ec9adf0e1d2e288e88c313f8ad65f0c85f097,official_race_marker_verified,5812.0,flat,dirt,,right,0.0,Maiden,0.0,0.0,2608020201,26080202,True,https://www.jra.go.jp/datafile/seiseki/report/2026/2026-2kyoto2.pdf,18003歳未勝利発走9時55分(ダート・右)牝;負担重量は、馬齢重量,expected_result,,
202608020202,2026.0,京都,2.0,2.0,2,2026-02-01,https://www.jra.go.jp/datafile/seiseki/report/2026/2026-2kyoto2.pdf,59b6b4d5e9bb1f84d0cc49dcd47ec9adf0e1d2e288e88c313f8ad65f0c85f097,official_race_marker_verified,814.0,flat,dirt,,right,0.0,Maiden,0.0,0.0,2608020202,26080202,True,https://www.jra.go.jp/datafile/seiseki/report/2026/2026-2kyoto2.pdf,12003歳未勝利発走10時25分(ダート・右)負担重量は、馬齢重量,expected_result,,
202608020203,2026.0,京都,2.0,2.0,3,2026-02-01,https://www.jra.go.jp/datafile/seiseki/report/2026/2026-2kyoto2.pdf,59b6b4d5e9bb1f84d0cc49dcd47ec9adf0e1d2e288e88c313f8ad65f0c85f097,official_race_marker_verified,7327.0,flat,dirt,,right,0.0,Maiden,0.0,0.0,2608020203,26080202,True,https://www.jra.go.jp/datafile/seiseki/report/2026/2026-2kyoto2.pdf,19003歳未勝利発走10時55分(ダート・右)負担重量は、馬齢重量,expected_result,,
202608020204,2026.0,京都,2.0,2.0,4,2026-02-01,https://www.jra.go.jp/datafile/seiseki/report/2026/2026-2kyoto2.pdf,59b6b4d5e9bb1f84d0cc49dcd47ec9adf0e1d2e288e88c313f8ad65f0c85f097,official_race_marker_verified,3611.0,flat,dirt,,right,0.0,Newcomer,0.0,0.0,2608020204,26080202,True,https://www.jra.go.jp/datafile/seiseki/report/2026/2026-2kyoto2.pdf,14003歳新馬発走11時25分(ダート・右)負担重量は、馬齢重量,expected_result,,
202608020205,2026.0,京都,2.0,2.0,5,2026-02-01,https://www.jra.go.jp/datafile/seiseki/report/2026/2026-2kyoto2.pdf,59b6b4d5e9bb1f84d0cc49dcd47ec9adf0e1d2e288e88c313f8ad65f0c85f097,official_race_marker_verified,6813.0,flat,turf,,right,0.0,Maiden,0.0,0.0,2608020205,26080202,True,https://www.jra.go.jp/datafile/seiseki/report/2026/2026-2kyoto2.pdf,20003歳未勝利発走12時15分(芝・右)負担重量は、馬齢重量,expected_result,,
202608020206,2026.0,京都,2.0,2.0,6,2026-02-01,https://www.jra.go.jp/datafile/seiseki/report/2026/2026-2kyoto2.pdf,59b6b4d5e9bb1f84d0cc49dcd47ec9adf0e1d2e288e88c313f8ad65f0c85f097,official_race_marker_verified,9215.0,flat,dirt,,right,0.0,Class1,0.0,0.0,2608020206,26080202,True,https://www.jra.go.jp/datafile/seiseki/report/2026/2026-2kyoto2.pdf,14003歳1勝クラス発走12時45分(ダート・右)牝;負担重量は、馬齢重量,expected_result,,
202608020207,2026.0,京都,2.0,2.0,7,2026-02-01,https://www.jra.go.jp/datafile/seiseki/report/2026/2026-2kyoto2.pdf,59b6b4d5e9bb1f84d0cc49dcd47ec9adf0e1d2e288e88c313f8ad65f0c85f097,official_race_marker_verified,7245.0,flat,dirt,,right,,Class1,0.0,0.0,2608020207,26080202,True,https://www.jra.go.jp/datafile/seiseki/report/2026/2026-2kyoto2.pdf,18004歳以上1勝クラス発走13時15分(ダート・右)負担重量は、4歳575歳以上58、牝馬2減,expected_result,,
202608020208,2026.0,京都,2.0,2.0,8,2026-02-01,https://www.jra.go.jp/datafile/seiseki/report/2026/2026-2kyoto2.pdf,59b6b4d5e9bb1f84d0cc49dcd47ec9adf0e1d2e288e88c313f8ad65f0c85f097,official_race_marker_verified,1119.0,flat,dirt,,right,,Class1,0.0,0.0,2608020208,26080202,True,https://www.jra.go.jp/datafile/seiseki/report/2026/2026-2kyoto2.pdf,14004歳以上1勝クラス発走13時45分(ダート・右)負担重量は、4歳575歳以上58、牝馬2減,expected_result,,
202608020209,2026.0,京都,2.0,2.0,9,2026-02-01,https://www.jra.go.jp/datafile/seiseki/report/2026/2026-2kyoto2.pdf,59b6b4d5e9bb1f84d0cc49dcd47ec9adf0e1d2e288e88c313f8ad65f0c85f097,official_race_marker_verified,1800.0,flat,dirt,,right,,Class2,0.0,0.0,2608020209,26080202,True,https://www.jra.go.jp/datafile/seiseki/report/2026/2026-2kyoto2.pdf,1800きぬがさ衣笠特別発走14時15分(ダート・右)4歳以上、2勝クラス;負担重量は、4歳575歳以上58、牝馬2減賞品,expected_result,,
202608020210,2026.0,京都,2.0,2.0,10,2026-02-01,https://www.jra.go.jp/datafile/seiseki/report/2026/2026-2kyoto2.pdf,59b6b4d5e9bb1f84d0cc49dcd47ec9adf0e1d2e288e88c313f8ad65f0c85f097,official_race_marker_verified,2200.0,flat,turf,outer,right,,Maiden,0.0,0.0,2608020210,26080202,True,https://www.jra.go.jp/datafile/seiseki/report/2026/2026-2kyoto2.pdf,2200やさか八坂ステークス発走14時50分(芝・右・外)4歳以上、3勝クラス、除未出走馬および未勝利馬;負担重量は、4歳575歳以上58、牝馬2減賞品,expected_result,,
202608020211,2026.0,京都,2.0,2.0,11,2026-02-01,https://www.jra.go.jp/datafile/seiseki/report/2026/2026-2kyoto2.pdf,59b6b4d5e9bb1f84d0cc49dcd47ec9adf0e1d2e288e88c313f8ad65f0c85f097,official_race_marker_verified,1200.0,flat,turf,,right,1.0,Open,1.0,1.0,2608020211,26080202,True,https://www.jra.go.jp/datafile/seiseki/report/2026/2026-2kyoto2.pdf,1200第31回シルクロードステークス(GIII)発走15時30分(芝・右)4歳以上、除未出走馬および未勝利馬;負担重量は、ハンデキャップ賞品,expected_result,,
202608020212,2026.0,京都,2.0,2.0,12,2026-02-01,https://www.jra.go.jp/datafile/seiseki/report/2026/2026-2kyoto2.pdf,59b6b4d5e9bb1f84d0cc49dcd47ec9adf0e1d2e288e88c313f8ad65f0c85f097,official_race_marker_verified,5855.0,flat,turf,outer,right,,Class2,0.0,0.0,2608020212,26080202,True,https://www.jra.go.jp/datafile/seiseki/report/2026/2026-2kyoto2.pdf,16004歳以上2勝クラス発走16時10分(芝・右・外)負担重量は、4歳575歳以上58、牝馬2減,expected_result,,
202610010401,2026.0,小倉,1.0,4.0,1,2026-02-01,https://www.jra.go.jp/datafile/seiseki/report/2026/2026-1kokura4.pdf,1fee1279e0eeb5778fae1cf9ffbfa33ba03d7538862e593fde0716709b183189,official_race_marker_verified,5756.0,flat,dirt,,right,0.0,Maiden,0.0,0.0,2610010401,26100104,True,https://www.jra.go.jp/datafile/seiseki/report/2026/2026-1kokura4.pdf,17003歳未勝利発走9時45分(ダート・右)負担重量は、馬齢重量,expected_result,,
202610010402,2026.0,小倉,1.0,4.0,2,2026-02-01,https://www.jra.go.jp/datafile/seiseki/report/2026/2026-1kokura4.pdf,1fee1279e0eeb5778fae1cf9ffbfa33ba03d7538862e593fde0716709b183189,official_race_marker_verified,7816.0,flat,turf,,right,0.0,Maiden,0.0,0.0,2610010402,26100104,True,https://www.jra.go.jp/datafile/seiseki/report/2026/2026-1kokura4.pdf,12003歳未勝利発走10時15分(芝・右)負担重量は、馬齢重量,expected_result,,
202610010403,2026.0,小倉,1.0,4.0,3,2026-02-01,https://www.jra.go.jp/datafile/seiseki/report/2026/2026-1kokura4.pdf,1fee1279e0eeb5778fae1cf9ffbfa33ba03d7538862e593fde0716709b183189,official_race_marker_verified,5855.0,flat,dirt,,right,,Class1,0.0,0.0,2610010403,26100104,True,https://www.jra.go.jp/datafile/seiseki/report/2026/2026-1kokura4.pdf,10004歳以上1勝クラス発走10時45分(ダート・右)負担重量は、58、牝馬2減,expected_result,,
202610010404,2026.0,小倉,1.0,4.0,4,2026-02-01,https://www.jra.go.jp/datafile/seiseki/report/2026/2026-1kokura4.pdf,1fee1279e0eeb5778fae1cf9ffbfa33ba03d7538862e593fde0716709b183189,official_race_marker_verified,2860.0,obstacle,,,,,Maiden,0.0,0.0,2610010404,26100104,False,https://www.jra.go.jp/datafile/seiseki/report/2026/2026-1kokura4.pdf,2860障害4歳以上未勝利発走11時15分(芝)負担重量は、4歳595歳以上60、牝馬2減,expected_result,,
202610010405,2026.0,小倉,1.0,4.0,5,2026-02-01,https://www.jra.go.jp/datafile/seiseki/report/2026/2026-1kokura4.pdf,1fee1279e0eeb5778fae1cf9ffbfa33ba03d7538862e593fde0716709b183189,official_race_marker_verified,5754.0,flat,turf,,right,0.0,Newcomer,0.0,0.0,2610010405,26100104,True,https://www.jra.go.jp/datafile/seiseki/report/2026/2026-1kokura4.pdf,12003歳新馬発走12時05分(芝・右)負担重量は、馬齢重量,expected_result,,
202610010406,2026.0,小倉,1.0,4.0,6,2026-02-01,https://www.jra.go.jp/datafile/seiseki/report/2026/2026-1kokura4.pdf,1fee1279e0eeb5778fae1cf9ffbfa33ba03d7538862e593fde0716709b183189,official_race_marker_verified,8715.0,flat,turf,,right,0.0,Maiden,0.0,0.0,2610010406,26100104,True,https://www.jra.go.jp/datafile/seiseki/report/2026/2026-1kokura4.pdf,20003歳未勝利発走12時35分(芝・右)負担重量は、馬齢重量,expected_result,,
202610010407,2026.0,小倉,1.0,4.0,7,2026-02-01,https://www.jra.go.jp/datafile/seiseki/report/2026/2026-1kokura4.pdf,1fee1279e0eeb5778fae1cf9ffbfa33ba03d7538862e593fde0716709b183189,official_race_marker_verified,5554.0,flat,dirt,,right,,Class1,0.0,0.0,2610010407,26100104,True,https://www.jra.go.jp/datafile/seiseki/report/2026/2026-1kokura4.pdf,17004歳以上1勝クラス発走13時05分(ダート・右)牝;負担重量は、4歳555歳以上56,expected_result,,
202610010408,2026.0,小倉,1.0,4.0,8,2026-02-01,https://www.jra.go.jp/datafile/seiseki/report/2026/2026-1kokura4.pdf,1fee1279e0eeb5778fae1cf9ffbfa33ba03d7538862e593fde0716709b183189,official_race_marker_verified,5756.0,flat,turf,,right,,Class1,0.0,0.0,2610010408,26100104,True,https://www.jra.go.jp/datafile/seiseki/report/2026/2026-1kokura4.pdf,18004歳以上1勝クラス発走13時35分(芝・右)若手騎手;負担重量は、4歳575歳以上58、牝馬2減,expected_result,,
202610010409,2026.0,小倉,1.0,4.0,9,2026-02-01,https://www.jra.go.jp/datafile/seiseki/report/2026/2026-1kokura4.pdf,1fee1279e0eeb5778fae1cf9ffbfa33ba03d7538862e593fde0716709b183189,official_race_marker_verified,2600.0,flat,turf,,right,,Class1,0.0,0.0,2610010409,26100104,True,https://www.jra.go.jp/datafile/seiseki/report/2026/2026-1kokura4.pdf,2600あだちやま足立山特別発走14時05分(芝・右)4歳以上、1勝クラス;負担重量は、4歳575歳以上58、牝馬2減賞品,expected_result,,
202610010410,2026.0,小倉,1.0,4.0,10,2026-02-01,https://www.jra.go.jp/datafile/seiseki/report/2026/2026-1kokura4.pdf,1fee1279e0eeb5778fae1cf9ffbfa33ba03d7538862e593fde0716709b183189,official_race_marker_verified,1200.0,flat,turf,,right,,Class2,0.0,0.0,2610010410,26100104,True,https://www.jra.go.jp/datafile/seiseki/report/2026/2026-1kokura4.pdf,1200すおうなだ周防灘特別発走14時40分(芝・右)4歳以上、2勝クラス;負担重量は、58、牝馬2減賞品,expected_result,,
202610010411,2026.0,小倉,1.0,4.0,11,2026-02-01,https://www.jra.go.jp/datafile/seiseki/report/2026/2026-1kokura4.pdf,1fee1279e0eeb5778fae1cf9ffbfa33ba03d7538862e593fde0716709b183189,official_race_marker_verified,1700.0,flat,dirt,,right,,Maiden,0.0,0.0,2610010411,26100104,True,https://www.jra.go.jp/datafile/seiseki/report/2026/2026-1kokura4.pdf,1700もじ門司ステークス発走15時15分(ダート・右)4歳以上、除未出走馬および未勝利馬;負担重量は、日本馬:4歳565歳以上57、牝馬2減、収得賞金1600万円超過馬は超過額600万円毎1増、:4歳565歳以上57、牝馬2減、GI競走1着馬5増、GII競走1着馬3増、GIII競走1着馬1増(ただし2歳時の成績を除く)賞品,expected_result,,
202610010412,2026.0,小倉,1.0,4.0,12,2026-02-01,https://www.jra.go.jp/datafile/seiseki/report/2026/2026-1kokura4.pdf,1fee1279e0eeb5778fae1cf9ffbfa33ba03d7538862e593fde0716709b183189,official_race_marker_verified,8816.0,flat,turf,,right,,Class1,0.0,0.0,2610010412,26100104,True,https://www.jra.go.jp/datafile/seiseki/report/2026/2026-1kokura4.pdf,12004歳以上1勝クラス発走16時00分(芝・右)負担重量は、58、牝馬2減,expected_result,,
202605010301,2026.0,東京,1.0,3.0,1,2026-02-07,https://www.jra.go.jp/datafile/seiseki/report/2026/2026-1tokyo3.pdf,226bf70bd43c8858dbc6f5a59ad58c617ad777160852ac5c2a93fd94bb021462,official_race_marker_verified,8612.0,flat,dirt,,left,0.0,Maiden,0.0,0.0,2605010301,26050103,True,https://www.jra.go.jp/datafile/seiseki/report/2026/2026-1tokyo3.pdf,14003歳未勝利発走10時05分(ダート・左)牝;負担重量は、馬齢重量,expected_result,,
202605010302,2026.0,東京,1.0,3.0,2,2026-02-07,https://www.jra.go.jp/datafile/seiseki/report/2026/2026-1tokyo3.pdf,226bf70bd43c8858dbc6f5a59ad58c617ad777160852ac5c2a93fd94bb021462,official_race_marker_verified,5755.0,flat,dirt,,left,0.0,Maiden,0.0,0.0,2605010302,26050103,True,https://www.jra.go.jp/datafile/seiseki/report/2026/2026-1tokyo3.pdf,13003歳未勝利発走10時35分(ダート・左)負担重量は、馬齢重量,expected_result,,
202605010303,2026.0,東京,1.0,3.0,3,2026-02-07,https://www.jra.go.jp/datafile/seiseki/report/2026/2026-1tokyo3.pdf,226bf70bd43c8858dbc6f5a59ad58c617ad777160852ac5c2a93fd94bb021462,official_race_marker_verified,8815.0,flat,dirt,,left,0.0,Maiden,0.0,0.0,2605010303,26050103,True,https://www.jra.go.jp/datafile/seiseki/report/2026/2026-1tokyo3.pdf,16003歳未勝利発走11時05分(ダート・左)負担重量は、馬齢重量,expected_result,,
202605010304,2026.0,東京,1.0,3.0,4,2026-02-07,https://www.jra.go.jp/datafile/seiseki/report/2026/2026-1tokyo3.pdf,226bf70bd43c8858dbc6f5a59ad58c617ad777160852ac5c2a93fd94bb021462,official_race_marker_verified,7710.0,flat,dirt,,left,,Class1,0.0,0.0,2605010304,26050103,True,https://www.jra.go.jp/datafile/seiseki/report/2026/2026-1tokyo3.pdf,16004歳以上1勝クラス発走11時35分(ダート・左)牝;負担重量は、56,expected_result,,
202605010305,2026.0,東京,1.0,3.0,5,2026-02-07,https://www.jra.go.jp/datafile/seiseki/report/2026/2026-1tokyo3.pdf,226bf70bd43c8858dbc6f5a59ad58c617ad777160852ac5c2a93fd94bb021462,official_race_marker_verified,5510.0,flat,turf,,left,0.0,Newcomer,0.0,0.0,2605010305,26050103,True,https://www.jra.go.jp/datafile/seiseki/report/2026/2026-1tokyo3.pdf,18003歳新馬発走12時25分(芝・左)負担重量は、馬齢重量,expected_result,,
202605010306,2026.0,東京,1.0,3.0,6,2026-02-07,https://www.jra.go.jp/datafile/seiseki/report/2026/2026-1tokyo3.pdf,226bf70bd43c8858dbc6f5a59ad58c617ad777160852ac5c2a93fd94bb021462,official_race_marker_verified,5755.0,flat,turf,,left,0.0,Maiden,0.0,0.0,2605010306,26050103,True,https://www.jra.go.jp/datafile/seiseki/report/2026/2026-1tokyo3.pdf,16003歳未勝利発走13時00分(芝・左)負担重量は、馬齢重量,expected_result,,
202605010307,2026.0,東京,1.0,3.0,7,2026-02-07,https://www.jra.go.jp/datafile/seiseki/report/2026/2026-1tokyo3.pdf,226bf70bd43c8858dbc6f5a59ad58c617ad777160852ac5c2a93fd94bb021462,official_race_marker_verified,5754.0,flat,dirt,,left,0.0,Maiden,0.0,0.0,2605010307,26050103,True,https://www.jra.go.jp/datafile/seiseki/report/2026/2026-1tokyo3.pdf,14003歳1勝クラス発走13時30分(ダート・左)負担重量は、馬齢重量,expected_result,,
202605010308,,,,,8,2026-02-07,,,,,,,,,,,,,2605010308,26050103,True,https://jra.jp/news/202602/020707.html,第1回東京第3日、第8レース以降は積雪により取りやめ。実出走・確定結果なし。,abandoned,https://jra.jp/news/202602/020707.html,第1回東京第3日、第8レース以降は積雪により取りやめ。実出走・確定結果なし。
202605010309,,,,,9,2026-02-07,,,,,,,,,,,,,2605010309,26050103,True,https://jra.jp/news/202602/020707.html,第1回東京第3日、第8レース以降は積雪により取りやめ。実出走・確定結果なし。,abandoned,https://jra.jp/news/202602/020707.html,第1回東京第3日、第8レース以降は積雪により取りやめ。実出走・確定結果なし。
202605010310,,,,,10,2026-02-07,,,,,,,,,,,,,2605010310,26050103,True,https://jra.jp/news/202602/020707.html,第1回東京第3日、第8レース以降は積雪により取りやめ。実出走・確定結果なし。,abandoned,https://jra.jp/news/202602/020707.html,第1回東京第3日、第8レース以降は積雪により取りやめ。実出走・確定結果なし。
202605010311,,,,,11,2026-02-07,,,,,,,,,,,,,2605010311,26050103,True,https://jra.jp/news/202602/020707.html,第1回東京第3日、第8レース以降は積雪により取りやめ。実出走・確定結果なし。,abandoned,https://jra.jp/news/202602/020707.html,第1回東京第3日、第8レース以降は積雪により取りやめ。実出走・確定結果なし。
202605010312,,,,,12,2026-02-07,,,,,,,,,,,,,2605010312,26050103,True,https://jra.jp/news/202602/020707.html,第1回東京第3日、第8レース以降は積雪により取りやめ。実出走・確定結果なし。,abandoned,https://jra.jp/news/202602/020707.html,第1回東京第3日、第8レース以降は積雪により取りやめ。実出走・確定結果なし。
202608020301,2026.0,京都,2.0,3.0,1,2026-02-07,https://www.jra.go.jp/datafile/seiseki/report/2026/2026-2kyoto3.pdf,6fa98d9c8c51e8d31c0fe83ec781217d1ae95af69a479578fbb580a982d52ef9,official_race_marker_verified,4156.0,flat,dirt,,right,0.0,Maiden,0.0,0.0,2608020301,26080203,True,https://www.jra.go.jp/datafile/seiseki/report/2026/2026-2kyoto3.pdf,18003歳未勝利発走9時55分(ダート・右)負担重量は、馬齢重量,expected_result,,
202608020302,2026.0,京都,2.0,3.0,2,2026-02-07,https://www.jra.go.jp/datafile/seiseki/report/2026/2026-2kyoto3.pdf,6fa98d9c8c51e8d31c0fe83ec781217d1ae95af69a479578fbb580a982d52ef9,official_race_marker_verified,5173.0,flat,dirt,,right,0.0,Maiden,0.0,0.0,2608020302,26080203,True,https://www.jra.go.jp/datafile/seiseki/report/2026/2026-2kyoto3.pdf,19003歳未勝利発走10時25分(ダート・右)負担重量は、馬齢重量,expected_result,,
202608020303,2026.0,京都,2.0,3.0,3,2026-02-07,https://www.jra.go.jp/datafile/seiseki/report/2026/2026-2kyoto3.pdf,6fa98d9c8c51e8d31c0fe83ec781217d1ae95af69a479578fbb580a982d52ef9,official_race_marker_verified,4813.0,flat,dirt,,right,0.0,Maiden,0.0,0.0,2608020303,26080203,True,https://www.jra.go.jp/datafile/seiseki/report/2026/2026-2kyoto3.pdf,14003歳未勝利発走10時55分(ダート・右)負担重量は、馬齢重量,expected_result,,
202608020304,2026.0,京都,2.0,3.0,4,2026-02-07,https://www.jra.go.jp/datafile/seiseki/report/2026/2026-2kyoto3.pdf,6fa98d9c8c51e8d31c0fe83ec781217d1ae95af69a479578fbb580a982d52ef9,official_race_marker_verified,5125.0,flat,dirt,,right,0.0,Newcomer,0.0,0.0,2608020304,26080203,True,https://www.jra.go.jp/datafile/seiseki/report/2026/2026-2kyoto3.pdf,18003歳新馬発走11時25分(ダート・右)負担重量は、馬齢重量,expected_result,,
202608020305,2026.0,京都,2.0,3.0,5,2026-02-07,https://www.jra.go.jp/datafile/seiseki/report/2026/2026-2kyoto3.pdf,6fa98d9c8c51e8d31c0fe83ec781217d1ae95af69a479578fbb580a982d52ef9,official_race_marker_verified,4712.0,flat,turf,,right,0.0,Maiden,0.0,0.0,2608020305,26080203,True,https://www.jra.go.jp/datafile/seiseki/report/2026/2026-2kyoto3.pdf,16003歳未勝利発走12時15分(芝・右)牝;負担重量は、馬齢重量,expected_result,,
202608020306,2026.0,京都,2.0,3.0,6,2026-02-07,https://www.jra.go.jp/datafile/seiseki/report/2026/2026-2kyoto3.pdf,6fa98d9c8c51e8d31c0fe83ec781217d1ae95af69a479578fbb580a982d52ef9,official_race_marker_verified,1812.0,flat,dirt,,right,0.0,Class1,0.0,0.0,2608020306,26080203,True,https://www.jra.go.jp/datafile/seiseki/report/2026/2026-2kyoto3.pdf,14003歳1勝クラス発走12時50分(ダート・右)負担重量は、馬齢重量,expected_result,,
202608020307,2026.0,京都,2.0,3.0,7,2026-02-07,https://www.jra.go.jp/datafile/seiseki/report/2026/2026-2kyoto3.pdf,6fa98d9c8c51e8d31c0fe83ec781217d1ae95af69a479578fbb580a982d52ef9,official_race_marker_verified,4112.0,flat,turf,outer,right,,Class1,0.0,0.0,2608020307,26080203,True,https://www.jra.go.jp/datafile/seiseki/report/2026/2026-2kyoto3.pdf,24004歳以上1勝クラス発走13時20分(芝・右・外)負担重量は、4歳575歳以上58、牝馬2減,expected_result,,
202608020308,2026.0,京都,2.0,3.0,8,2026-02-07,https://www.jra.go.jp/datafile/seiseki/report/2026/2026-2kyoto3.pdf,6fa98d9c8c51e8d31c0fe83ec781217d1ae95af69a479578fbb580a982d52ef9,official_race_marker_verified,1580.0,flat,turf,,right,,Class2,0.0,0.0,2608020308,26080203,True,https://www.jra.go.jp/datafile/seiseki/report/2026/2026-2kyoto3.pdf,20004歳以上2勝クラス発走13時50分(芝・右)負担重量は、4歳575歳以上58、牝馬2減,expected_result,,
202608020309,2026.0,京都,2.0,3.0,9,2026-02-07,https://www.jra.go.jp/datafile/seiseki/report/2026/2026-2kyoto3.pdf,6fa98d9c8c51e8d31c0fe83ec781217d1ae95af69a479578fbb580a982d52ef9,official_race_marker_verified,1200.0,flat,dirt,,right,1.0,Maiden,0.0,0.0,2608020309,26080203,True,https://www.jra.go.jp/datafile/seiseki/report/2026/2026-2kyoto3.pdf,1200かしはら橿原ステークス発走14時20分(ダート・右)4歳以上、3勝クラス、除未出走馬および未勝利馬;負担重量は、ハンデキャップ賞品,expected_result,,
202608020310,2026.0,京都,2.0,3.0,10,2026-02-07,https://www.jra.go.jp/datafile/seiseki/report/2026/2026-2kyoto3.pdf,6fa98d9c8c51e8d31c0fe83ec781217d1ae95af69a479578fbb580a982d52ef9,official_race_marker_verified,1600.0,flat,turf,outer,right,,Maiden,0.0,0.0,2608020310,26080203,True,https://www.jra.go.jp/datafile/seiseki/report/2026/2026-2kyoto3.pdf,1600エルフィンステークス(L)発走14時55分(芝・右・外)牝、3歳、除未出走馬および未勝利馬;負担重量は、日本馬:馬齢重量、収得賞金1200万円毎1増、:馬齢重量、GI競走1着馬2増、GII競走またはGIII競走1着馬1増賞品,expected_result,,
202608020311,2026.0,京都,2.0,3.0,11,2026-02-07,https://www.jra.go.jp/datafile/seiseki/report/2026/2026-2kyoto3.pdf,6fa98d9c8c51e8d31c0fe83ec781217d1ae95af69a479578fbb580a982d52ef9,official_race_marker_verified,1900.0,flat,dirt,,right,,Maiden,0.0,0.0,2608020311,26080203,True,https://www.jra.go.jp/datafile/seiseki/report/2026/2026-2kyoto3.pdf,1900アルデバランステークス発走15時30分(ダート・右)4歳以上、除未出走馬および未勝利馬;負担重量は、日本馬:4歳565歳以上57、牝馬2減、収得賞金1600万円超過馬は超過額1200万円毎1増、:4歳565歳以上57、牝馬2減、GI競走1着馬5増、GII競走1着馬3増、GIII競走1着馬1増(ただし2歳時の成績を除く)賞品,expected_result,,
202608020312,2026.0,京都,2.0,3.0,12,2026-02-07,https://www.jra.go.jp/datafile/seiseki/report/2026/2026-2kyoto3.pdf,6fa98d9c8c51e8d31c0fe83ec781217d1ae95af69a479578fbb580a982d52ef9,official_race_marker_verified,8133.0,flat,dirt,,right,,Class1,0.0,0.0,2608020312,26080203,True,https://www.jra.go.jp/datafile/seiseki/report/2026/2026-2kyoto3.pdf,12004歳以上1勝クラス発走16時10分(ダート・右)負担重量は、58、牝馬2減,expected_result,,
202610010501,2026.0,小倉,1.0,5.0,1,2026-02-07,https://www.jra.go.jp/datafile/seiseki/report/2026/2026-1kokura5.pdf,32977e51d09f090471c166555a3c5592cd53016914b1a60a34abbe737b35acec,official_race_marker_verified,4713.0,flat,dirt,,right,0.0,Maiden,0.0,0.0,2610010501,26100105,True,https://www.jra.go.jp/datafile/seiseki/report/2026/2026-1kokura5.pdf,17003歳未勝利発走9時45分(ダート・右)牝;負担重量は、馬齢重量,expected_result,,
202610010502,2026.0,小倉,1.0,5.0,2,2026-02-07,https://www.jra.go.jp/datafile/seiseki/report/2026/2026-1kokura5.pdf,32977e51d09f090471c166555a3c5592cd53016914b1a60a34abbe737b35acec,official_race_marker_verified,2713.0,flat,turf,,right,0.0,Maiden,0.0,0.0,2610010502,26100105,True,https://www.jra.go.jp/datafile/seiseki/report/2026/2026-1kokura5.pdf,12003歳未勝利発走10時15分(芝・右)負担重量は、馬齢重量,expected_result,,
202610010503,2026.0,小倉,1.0,5.0,3,2026-02-07,https://www.jra.go.jp/datafile/seiseki/report/2026/2026-1kokura5.pdf,32977e51d09f090471c166555a3c5592cd53016914b1a60a34abbe737b35acec,official_race_marker_verified,5552.0,flat,dirt,,right,0.0,Maiden,0.0,0.0,2610010503,26100105,True,https://www.jra.go.jp/datafile/seiseki/report/2026/2026-1kokura5.pdf,10003歳未勝利発走10時45分(ダート・右)負担重量は、馬齢重量,expected_result,,
202610010504,2026.0,小倉,1.0,5.0,4,2026-02-07,https://www.jra.go.jp/datafile/seiseki/report/2026/2026-1kokura5.pdf,32977e51d09f090471c166555a3c5592cd53016914b1a60a34abbe737b35acec,official_race_marker_verified,2860.0,obstacle,,,,,Maiden,0.0,0.0,2610010504,26100105,False,https://www.jra.go.jp/datafile/seiseki/report/2026/2026-1kokura5.pdf,2860障害4歳以上未勝利発走11時15分(芝)負担重量は、4歳595歳以上60、牝馬2減,expected_result,,
202610010505,2026.0,小倉,1.0,5.0,5,2026-02-07,https://www.jra.go.jp/datafile/seiseki/report/2026/2026-1kokura5.pdf,32977e51d09f090471c166555a3c5592cd53016914b1a60a34abbe737b35acec,official_race_marker_verified,2860.0,obstacle,,,,,Maiden,0.0,0.0,2610010505,26100105,False,https://www.jra.go.jp/datafile/seiseki/report/2026/2026-1kokura5.pdf,2860障害4歳以上未勝利発走12時05分(芝)負担重量は、4歳595歳以上60、牝馬2減,expected_result,,
202610010506,2026.0,小倉,1.0,5.0,6,2026-02-07,https://www.jra.go.jp/datafile/seiseki/report/2026/2026-1kokura5.pdf,32977e51d09f090471c166555a3c5592cd53016914b1a60a34abbe737b35acec,official_race_marker_verified,5754.0,flat,turf,,right,0.0,Maiden,0.0,0.0,2610010506,26100105,True,https://www.jra.go.jp/datafile/seiseki/report/2026/2026-1kokura5.pdf,20003歳未勝利発走12時40分(芝・右)若手騎手;負担重量は、馬齢重量,expected_result,,
202610010507,2026.0,小倉,1.0,5.0,7,2026-02-07,https://www.jra.go.jp/datafile/seiseki/report/2026/2026-1kokura5.pdf,32977e51d09f090471c166555a3c5592cd53016914b1a60a34abbe737b35acec,official_race_marker_verified,5653.0,flat,turf,,right,,Class1,0.0,0.0,2610010507,26100105,True,https://www.jra.go.jp/datafile/seiseki/report/2026/2026-1kokura5.pdf,20004歳以上1勝クラス発走13時10分(芝・右)牝;負担重量は、4歳555歳以上56,expected_result,,
202610010508,2026.0,小倉,1.0,5.0,8,2026-02-07,https://www.jra.go.jp/datafile/seiseki/report/2026/2026-1kokura5.pdf,32977e51d09f090471c166555a3c5592cd53016914b1a60a34abbe737b35acec,official_race_marker_verified,5856.0,flat,dirt,,right,,Class1,0.0,0.0,2610010508,26100105,True,https://www.jra.go.jp/datafile/seiseki/report/2026/2026-1kokura5.pdf,17004歳以上1勝クラス発走13時40分(ダート・右)負担重量は、4歳575歳以上58、牝馬2減,expected_result,,
202610010509,2026.0,小倉,1.0,5.0,9,2026-02-07,https://www.jra.go.jp/datafile/seiseki/report/2026/2026-1kokura5.pdf,32977e51d09f090471c166555a3c5592cd53016914b1a60a34abbe737b35acec,official_race_marker_verified,2000.0,flat,turf,,right,,Class1,0.0,0.0,2610010509,26100105,True,https://www.jra.go.jp/datafile/seiseki/report/2026/2026-1kokura5.pdf,2000とばた戸畑特別発走14時10分(芝・右)4歳以上、1勝クラス;負担重量は、4歳575歳以上58、牝馬2減賞品,expected_result,,
202610010510,2026.0,小倉,1.0,5.0,10,2026-02-07,https://www.jra.go.jp/datafile/seiseki/report/2026/2026-1kokura5.pdf,32977e51d09f090471c166555a3c5592cd53016914b1a60a34abbe737b35acec,official_race_marker_verified,1800.0,flat,turf,,right,,Class2,0.0,0.0,2610010510,26100105,True,https://www.jra.go.jp/datafile/seiseki/report/2026/2026-1kokura5.pdf,1800RKB賞発走14時45分(芝・右)4歳以上、2勝クラス;負担重量は、4歳575歳以上58、牝馬2減RKB賞(1着)賞品,expected_result,,
202610010511,2026.0,小倉,1.0,5.0,11,2026-02-07,https://www.jra.go.jp/datafile/seiseki/report/2026/2026-1kokura5.pdf,32977e51d09f090471c166555a3c5592cd53016914b1a60a34abbe737b35acec,official_race_marker_verified,1700.0,flat,dirt,,right,1.0,Maiden,0.0,0.0,2610010511,26100105,True,https://www.jra.go.jp/datafile/seiseki/report/2026/2026-1kokura5.pdf,1700ぶぜん豊前ステークス発走15時20分(ダート・右)4歳以上、3勝クラス、除未出走馬および未勝利馬;負担重量は、ハンデキャップ賞品,expected_result,,
202610010512,2026.0,小倉,1.0,5.0,12,2026-02-07,https://www.jra.go.jp/datafile/seiseki/report/2026/2026-1kokura5.pdf,32977e51d09f090471c166555a3c5592cd53016914b1a60a34abbe737b35acec,official_race_marker_verified,5653.0,flat,turf,,right,,Class1,0.0,0.0,2610010512,26100105,True,https://www.jra.go.jp/datafile/seiseki/report/2026/2026-1kokura5.pdf,12004歳以上1勝クラス発走16時00分(芝・右)牝;負担重量は、56,expected_result,,
202610010601,2026.0,小倉,1.0,6.0,1,2026-02-08,https://www.jra.go.jp/datafile/seiseki/report/2026/2026-1kokura6.pdf,026ab78d19c3d8fa80fe06e4ac87c2c12f288749060f3f8bc5b719747bc9787a,official_race_marker_verified,6612.0,flat,dirt,,right,0.0,Maiden,0.0,0.0,2610010601,26100106,True,https://www.jra.go.jp/datafile/seiseki/report/2026/2026-1kokura6.pdf,17003歳未勝利発走9時45分(ダート・右)負担重量は、馬齢重量,expected_result,,
202610010602,2026.0,小倉,1.0,6.0,2,2026-02-08,https://www.jra.go.jp/datafile/seiseki/report/2026/2026-1kokura6.pdf,026ab78d19c3d8fa80fe06e4ac87c2c12f288749060f3f8bc5b719747bc9787a,official_race_marker_verified,119.0,flat,turf,,right,0.0,Maiden,0.0,0.0,2610010602,26100106,True,https://www.jra.go.jp/datafile/seiseki/report/2026/2026-1kokura6.pdf,12003歳未勝利発走10時15分(芝・右)牝;負担重量は、馬齢重量,expected_result,,
202610010603,2026.0,小倉,1.0,6.0,3,2026-02-08,https://www.jra.go.jp/datafile/seiseki/report/2026/2026-1kokura6.pdf,026ab78d19c3d8fa80fe06e4ac87c2c12f288749060f3f8bc5b719747bc9787a,official_race_marker_verified,5856.0,flat,dirt,,right,,Maiden,0.0,0.0,2610010603,26100106,True,https://www.jra.go.jp/datafile/seiseki/report/2026/2026-1kokura6.pdf,10004歳以上1勝クラス発走10時45分(ダート・右)負担重量は、58、牝馬2減,expected_result,,
202610010604,,,,,4,2026-02-08,,,,,,,,,,,,,2610010604,26100106,False,https://www.jra.go.jp/news/202602/020809.html,第1回小倉第6日、第4レース（障害）は降雪により取りやめ。実出走・確定結果なし。,abandoned,https://www.jra.go.jp/news/202602/020809.html,第1回小倉第6日、第4レース（障害）は降雪により取りやめ。実出走・確定結果なし。
202610010605,2026.0,小倉,1.0,6.0,5,2026-02-08,https://www.jra.go.jp/datafile/seiseki/report/2026/2026-1kokura6.pdf,026ab78d19c3d8fa80fe06e4ac87c2c12f288749060f3f8bc5b719747bc9787a,official_race_marker_verified,5553.0,flat,turf,,right,0.0,Newcomer,0.0,0.0,2610010605,26100106,True,https://www.jra.go.jp/datafile/seiseki/report/2026/2026-1kokura6.pdf,20003歳新馬発走12時05分(芝・右)負担重量は、馬齢重量,expected_result,,
202610010606,2026.0,小倉,1.0,6.0,6,2026-02-08,https://www.jra.go.jp/datafile/seiseki/report/2026/2026-1kokura6.pdf,026ab78d19c3d8fa80fe06e4ac87c2c12f288749060f3f8bc5b719747bc9787a,official_race_marker_verified,7714.0,flat,turf,,right,0.0,Maiden,0.0,0.0,2610010606,26100106,True,https://www.jra.go.jp/datafile/seiseki/report/2026/2026-1kokura6.pdf,18003歳未勝利発走12時35分(芝・右)負担重量は、馬齢重量,expected_result,,
202610010607,2026.0,小倉,1.0,6.0,7,2026-02-08,https://www.jra.go.jp/datafile/seiseki/report/2026/2026-1kokura6.pdf,026ab78d19c3d8fa80fe06e4ac87c2c12f288749060f3f8bc5b719747bc9787a,official_race_marker_verified,5713.0,flat,dirt,,right,,Class1,0.0,0.0,2610010607,26100106,True,https://www.jra.go.jp/datafile/seiseki/report/2026/2026-1kokura6.pdf,17004歳以上1勝クラス発走13時05分(ダート・右)牝;負担重量は、4歳555歳以上56,expected_result,,
202610010608,2026.0,小倉,1.0,6.0,8,2026-02-08,https://www.jra.go.jp/datafile/seiseki/report/2026/2026-1kokura6.pdf,026ab78d19c3d8fa80fe06e4ac87c2c12f288749060f3f8bc5b719747bc9787a,official_race_marker_verified,5554.0,flat,turf,,right,,Class1,0.0,0.0,2610010608,26100106,True,https://www.jra.go.jp/datafile/seiseki/report/2026/2026-1kokura6.pdf,18004歳以上1勝クラス発走13時35分(芝・右)若手騎手;負担重量は、4歳575歳以上58、牝馬2減,expected_result,,
202610010609,2026.0,小倉,1.0,6.0,9,2026-02-08,https://www.jra.go.jp/datafile/seiseki/report/2026/2026-1kokura6.pdf,026ab78d19c3d8fa80fe06e4ac87c2c12f288749060f3f8bc5b719747bc9787a,official_race_marker_verified,1200.0,flat,turf,,right,0.0,Class1,0.0,0.0,2610010609,26100106,True,https://www.jra.go.jp/datafile/seiseki/report/2026/2026-1kokura6.pdf,1200かささぎ賞発走14時05分(芝・右)3歳、1勝クラス;負担重量は、馬齢重量賞品,expected_result,,
202610010610,2026.0,小倉,1.0,6.0,10,2026-02-08,https://www.jra.go.jp/datafile/seiseki/report/2026/2026-1kokura6.pdf,026ab78d19c3d8fa80fe06e4ac87c2c12f288749060f3f8bc5b719747bc9787a,official_race_marker_verified,1700.0,flat,dirt,,right,,Class2,0.0,0.0,2610010610,26100106,True,https://www.jra.go.jp/datafile/seiseki/report/2026/2026-1kokura6.pdf,1700ゆふいん由布院特別発走14時40分(ダート・右)4歳以上、2勝クラス;負担重量は、4歳575歳以上58、牝馬2減賞品,expected_result,,
202610010611,2026.0,小倉,1.0,6.0,11,2026-02-08,https://www.jra.go.jp/datafile/seiseki/report/2026/2026-1kokura6.pdf,026ab78d19c3d8fa80fe06e4ac87c2c12f288749060f3f8bc5b719747bc9787a,official_race_marker_verified,2000.0,flat,turf,,right,,Maiden,0.0,0.0,2610010611,26100106,True,https://www.jra.go.jp/datafile/seiseki/report/2026/2026-1kokura6.pdf,2000小倉日経賞発走15時15分(芝・右)4歳以上、除未出走馬および未勝利馬;負担重量は、日本馬:4歳565歳以上57、牝馬2減、収得賞金1600万円超過馬は超過額1200万円毎1増、:4歳565歳以上57、牝馬2減、GI競走1着馬5増、GII競走1着馬3増、GIII競走1着馬1増(ただし2歳時の成績を除く)日本経済新聞社賞(1着)賞品,expected_result,,
202610010612,2026.0,小倉,1.0,6.0,12,2026-02-08,https://www.jra.go.jp/datafile/seiseki/report/2026/2026-1kokura6.pdf,026ab78d19c3d8fa80fe06e4ac87c2c12f288749060f3f8bc5b719747bc9787a,official_race_marker_verified,5856.0,flat,turf,,right,,Class1,0.0,0.0,2610010612,26100106,True,https://www.jra.go.jp/datafile/seiseki/report/2026/2026-1kokura6.pdf,12004歳以上1勝クラス発走16時00分(芝・右)負担重量は、58、牝馬2減,expected_result,,
202605010401,2026.0,東京,1.0,4.0,1,2026-02-10,https://www.jra.go.jp/datafile/seiseki/report/2026/2026-1tokyo4.pdf,e8bb11ef948310e728ac356c6067fb6c853f52f820f73b8de955e0cd22beae90,official_race_marker_verified,8816.0,flat,dirt,,left,0.0,Maiden,0.0,0.0,2605010401,26050104,True,https://www.jra.go.jp/datafile/seiseki/report/2026/2026-1tokyo4.pdf,14003歳未勝利発走10時05分(ダート・左)負担重量は、馬齢重量,expected_result,,
202605010402,2026.0,東京,1.0,4.0,2,2026-02-10,https://www.jra.go.jp/datafile/seiseki/report/2026/2026-1tokyo4.pdf,e8bb11ef948310e728ac356c6067fb6c853f52f820f73b8de955e0cd22beae90,official_race_marker_verified,5755.0,flat,dirt,,left,0.0,Maiden,0.0,0.0,2605010402,26050104,True,https://www.jra.go.jp/datafile/seiseki/report/2026/2026-1tokyo4.pdf,21003歳未勝利発走10時35分(ダート・左)負担重量は、馬齢重量,expected_result,,
202605010403,2026.0,東京,1.0,4.0,3,2026-02-10,https://www.jra.go.jp/datafile/seiseki/report/2026/2026-1tokyo4.pdf,e8bb11ef948310e728ac356c6067fb6c853f52f820f73b8de955e0cd22beae90,official_race_marker_verified,120.0,flat,dirt,,left,0.0,Maiden,0.0,0.0,2605010403,26050104,True,https://www.jra.go.jp/datafile/seiseki/report/2026/2026-1tokyo4.pdf,16003歳未勝利発走11時05分(ダート・左)牝;負担重量は、馬齢重量,expected_result,,
202605010404,2026.0,東京,1.0,4.0,4,2026-02-10,https://www.jra.go.jp/datafile/seiseki/report/2026/2026-1tokyo4.pdf,e8bb11ef948310e728ac356c6067fb6c853f52f820f73b8de955e0cd22beae90,official_race_marker_verified,2612.0,flat,dirt,,left,0.0,Newcomer,0.0,0.0,2605010404,26050104,True,https://www.jra.go.jp/datafile/seiseki/report/2026/2026-1tokyo4.pdf,16003歳新馬発走11時35分(ダート・左)負担重量は、馬齢重量,expected_result,,
202605010405,2026.0,東京,1.0,4.0,5,2026-02-10,https://www.jra.go.jp/datafile/seiseki/report/2026/2026-1tokyo4.pdf,e8bb11ef948310e728ac356c6067fb6c853f52f820f73b8de955e0cd22beae90,official_race_marker_verified,4111.0,flat,turf,,left,0.0,Newcomer,0.0,0.0,2605010405,26050104,True,https://www.jra.go.jp/datafile/seiseki/report/2026/2026-1tokyo4.pdf,16003歳新馬発走12時25分(芝・左)負担重量は、馬齢重量,expected_result,,
202605010406,2026.0,東京,1.0,4.0,6,2026-02-10,https://www.jra.go.jp/datafile/seiseki/report/2026/2026-1tokyo4.pdf,e8bb11ef948310e728ac356c6067fb6c853f52f820f73b8de955e0cd22beae90,official_race_marker_verified,2714.0,flat,turf,,left,0.0,Maiden,0.0,0.0,2605010406,26050104,True,https://www.jra.go.jp/datafile/seiseki/report/2026/2026-1tokyo4.pdf,24003歳未勝利発走12時55分(芝・左)負担重量は、馬齢重量,expected_result,,
202605010407,2026.0,東京,1.0,4.0,7,2026-02-10,https://www.jra.go.jp/datafile/seiseki/report/2026/2026-1tokyo4.pdf,e8bb11ef948310e728ac356c6067fb6c853f52f820f73b8de955e0cd22beae90,official_race_marker_verified,8766.0,flat,turf,,left,,Class2,0.0,0.0,2605010407,26050104,True,https://www.jra.go.jp/datafile/seiseki/report/2026/2026-1tokyo4.pdf,18004歳以上2勝クラス発走13時25分(芝・左)牝;負担重量は、4歳555歳以上56,expected_result,,
202605010408,2026.0,東京,1.0,4.0,8,2026-02-10,https://www.jra.go.jp/datafile/seiseki/report/2026/2026-1tokyo4.pdf,e8bb11ef948310e728ac356c6067fb6c853f52f820f73b8de955e0cd22beae90,official_race_marker_verified,4713.0,flat,dirt,,left,,Class2,0.0,0.0,2605010408,26050104,True,https://www.jra.go.jp/datafile/seiseki/report/2026/2026-1tokyo4.pdf,13004歳以上2勝クラス発走13時55分(ダート・左)負担重量は、58、牝馬2減,expected_result,,
202605010409,2026.0,東京,1.0,4.0,9,2026-02-10,https://www.jra.go.jp/datafile/seiseki/report/2026/2026-1tokyo4.pdf,e8bb11ef948310e728ac356c6067fb6c853f52f820f73b8de955e0cd22beae90,official_race_marker_verified,2400.0,flat,turf,,left,0.0,Class1,0.0,0.0,2605010409,26050104,True,https://www.jra.go.jp/datafile/seiseki/report/2026/2026-1tokyo4.pdf,2400ゆりかもめ賞発走14時25分(芝・左)3歳、1勝クラス;負担重量は、馬齢重量賞品,expected_result,,
202605010410,2026.0,東京,1.0,4.0,10,2026-02-10,https://www.jra.go.jp/datafile/seiseki/report/2026/2026-1tokyo4.pdf,e8bb11ef948310e728ac356c6067fb6c853f52f820f73b8de955e0cd22beae90,official_race_marker_verified,1800.0,flat,turf,,left,,Maiden,0.0,0.0,2605010410,26050104,True,https://www.jra.go.jp/datafile/seiseki/report/2026/2026-1tokyo4.pdf,1800はつね初音ステークス発走15時00分(芝・左)牝、4歳以上、3勝クラス、除未出走馬および未勝利馬;負担重量は、4歳555歳以上56賞品,expected_result,,
202605010411,2026.0,東京,1.0,4.0,11,2026-02-10,https://www.jra.go.jp/datafile/seiseki/report/2026/2026-1tokyo4.pdf,e8bb11ef948310e728ac356c6067fb6c853f52f820f73b8de955e0cd22beae90,official_race_marker_verified,1600.0,flat,turf,,left,,Open,1.0,1.0,2605010411,26050104,True,https://www.jra.go.jp/datafile/seiseki/report/2026/2026-1tokyo4.pdf,1600第76回東京新聞杯(GIII)発走15時45分(芝・左)4歳以上、除未出走馬および未勝利馬;負担重量は、57、牝馬2減、2025.2.8以降GI競走(牝馬限定競走を除く)1着馬3増、牝馬限定GI競走またはGII競走(牝馬限定競走を除く)1着馬2増、牝馬限定GII競走またはGIII競走(牝馬限定競走を除く)1着馬1増、2025.2.7以前のGI競走(牝馬限定競走を除く)1着馬2増、牝馬限定GI競走またはGII競走(牝馬限定競走を除く)1着馬1増(ただし2歳時の成績を除く)中日新聞社賞(1着)賞品,expected_result,,
202605010412,2026.0,東京,1.0,4.0,12,2026-02-10,https://www.jra.go.jp/datafile/seiseki/report/2026/2026-1tokyo4.pdf,e8bb11ef948310e728ac356c6067fb6c853f52f820f73b8de955e0cd22beae90,official_race_marker_verified,9815.0,flat,dirt,,left,,Class1,0.0,0.0,2605010412,26050104,True,https://www.jra.go.jp/datafile/seiseki/report/2026/2026-1tokyo4.pdf,13004歳以上1勝クラス発走16時25分(ダート・左)負担重量は、58、牝馬2減,expected_result,,
202608020401,2026.0,京都,2.0,4.0,1,2026-02-10,https://www.jra.go.jp/datafile/seiseki/report/2026/2026-2kyoto4.pdf,cdc19eec74fd20d82d108e298d09fb3ef6ba31b86e56f517e2fde26acce0542d,official_race_marker_verified,5714.0,flat,dirt,,right,0.0,Maiden,0.0,0.0,2608020401,26080204,True,https://www.jra.go.jp/datafile/seiseki/report/2026/2026-2kyoto4.pdf,12003歳未勝利発走9時55分(ダート・右)負担重量は、馬齢重量,expected_result,,
202608020402,2026.0,京都,2.0,4.0,2,2026-02-10,https://www.jra.go.jp/datafile/seiseki/report/2026/2026-2kyoto4.pdf,cdc19eec74fd20d82d108e298d09fb3ef6ba31b86e56f517e2fde26acce0542d,official_race_marker_verified,2109.0,flat,dirt,,right,0.0,Maiden,0.0,0.0,2608020402,26080204,True,https://www.jra.go.jp/datafile/seiseki/report/2026/2026-2kyoto4.pdf,18003歳未勝利発走10時25分(ダート・右)負担重量は、馬齢重量,expected_result,,
202608020403,2026.0,京都,2.0,4.0,3,2026-02-10,https://www.jra.go.jp/datafile/seiseki/report/2026/2026-2kyoto4.pdf,cdc19eec74fd20d82d108e298d09fb3ef6ba31b86e56f517e2fde26acce0542d,official_race_marker_verified,3814.0,flat,dirt,,right,0.0,Maiden,0.0,0.0,2608020403,26080204,True,https://www.jra.go.jp/datafile/seiseki/report/2026/2026-2kyoto4.pdf,14003歳未勝利発走10時55分(ダート・右)牝;負担重量は、馬齢重量,expected_result,,
202608020404,2026.0,京都,2.0,4.0,4,2026-02-10,https://www.jra.go.jp/datafile/seiseki/report/2026/2026-2kyoto4.pdf,cdc19eec74fd20d82d108e298d09fb3ef6ba31b86e56f517e2fde26acce0542d,official_race_marker_verified,2154.0,flat,dirt,,right,,Class1,0.0,0.0,2608020404,26080204,True,https://www.jra.go.jp/datafile/seiseki/report/2026/2026-2kyoto4.pdf,18004歳以上1勝クラス発走11時25分(ダート・右)負担重量は、4歳575歳以上58、牝馬2減,expected_result,,
202608020405,2026.0,京都,2.0,4.0,5,2026-02-10,https://www.jra.go.jp/datafile/seiseki/report/2026/2026-2kyoto4.pdf,cdc19eec74fd20d82d108e298d09fb3ef6ba31b86e56f517e2fde26acce0542d,official_race_marker_verified,2714.0,flat,turf,,right,0.0,Newcomer,0.0,0.0,2608020405,26080204,True,https://www.jra.go.jp/datafile/seiseki/report/2026/2026-2kyoto4.pdf,16003歳新馬発走12時15分(芝・右)負担重量は、馬齢重量,expected_result,,
202608020406,2026.0,京都,2.0,4.0,6,2026-02-10,https://www.jra.go.jp/datafile/seiseki/report/2026/2026-2kyoto4.pdf,cdc19eec74fd20d82d108e298d09fb3ef6ba31b86e56f517e2fde26acce0542d,official_race_marker_verified,8125.0,flat,turf,outer,right,0.0,Maiden,0.0,0.0,2608020406,26080204,True,https://www.jra.go.jp/datafile/seiseki/report/2026/2026-2kyoto4.pdf,24003歳未勝利発走12時45分(芝・右・外)負担重量は、馬齢重量,expected_result,,
202608020407,2026.0,京都,2.0,4.0,7,2026-02-10,https://www.jra.go.jp/datafile/seiseki/report/2026/2026-2kyoto4.pdf,cdc19eec74fd20d82d108e298d09fb3ef6ba31b86e56f517e2fde26acce0542d,official_race_marker_verified,5552.0,flat,dirt,,right,,Class1,0.0,0.0,2608020407,26080204,True,https://www.jra.go.jp/datafile/seiseki/report/2026/2026-2kyoto4.pdf,18004歳以上1勝クラス発走13時15分(ダート・右)牝;負担重量は、4歳555歳以上56,expected_result,,
202608020408,2026.0,京都,2.0,4.0,8,2026-02-10,https://www.jra.go.jp/datafile/seiseki/report/2026/2026-2kyoto4.pdf,cdc19eec74fd20d82d108e298d09fb3ef6ba31b86e56f517e2fde26acce0542d,official_race_marker_verified,7123.0,flat,turf,,right,,Class2,0.0,0.0,2608020408,26080204,True,https://www.jra.go.jp/datafile/seiseki/report/2026/2026-2kyoto4.pdf,12004歳以上2勝クラス発走13時45分(芝・右)負担重量は、58、牝馬2減,expected_result,,
202608020409,2026.0,京都,2.0,4.0,9,2026-02-10,https://www.jra.go.jp/datafile/seiseki/report/2026/2026-2kyoto4.pdf,cdc19eec74fd20d82d108e298d09fb3ef6ba31b86e56f517e2fde26acce0542d,official_race_marker_verified,1600.0,flat,turf,outer,right,,Maiden,0.0,0.0,2608020409,26080204,True,https://www.jra.go.jp/datafile/seiseki/report/2026/2026-2kyoto4.pdf,1600いわしみず石清水ステークス発走14時15分(芝・右・外)4歳以上、3勝クラス、除未出走馬および未勝利馬;負担重量は、58、牝馬2減賞品,expected_result,,
202608020410,2026.0,京都,2.0,4.0,10,2026-02-10,https://www.jra.go.jp/datafile/seiseki/report/2026/2026-2kyoto4.pdf,cdc19eec74fd20d82d108e298d09fb3ef6ba31b86e56f517e2fde26acce0542d,official_race_marker_verified,1200.0,flat,dirt,,right,1.0,Maiden,0.0,0.0,2608020410,26080204,True,https://www.jra.go.jp/datafile/seiseki/report/2026/2026-2kyoto4.pdf,1200やまと大和ステークス発走14時50分(ダート・右)4歳以上、除未出走馬および未勝利馬;負担重量は、ハンデキャップ賞品,expected_result,,
202608020411,2026.0,京都,2.0,4.0,11,2026-02-10,https://www.jra.go.jp/datafile/seiseki/report/2026/2026-2kyoto4.pdf,cdc19eec74fd20d82d108e298d09fb3ef6ba31b86e56f517e2fde26acce0542d,official_race_marker_verified,1800.0,flat,turf,outer,right,0.0,Open,1.0,1.0,2608020411,26080204,True,https://www.jra.go.jp/datafile/seiseki/report/2026/2026-2kyoto4.pdf,1800第66回きさらぎ賞(GIII)発走15時30分(芝・右・外)3歳、除未出走馬および未勝利馬;負担重量は、馬齢重量賞品,expected_result,,
202608020412,2026.0,京都,2.0,4.0,12,2026-02-10,https://www.jra.go.jp/datafile/seiseki/report/2026/2026-2kyoto4.pdf,cdc19eec74fd20d82d108e298d09fb3ef6ba31b86e56f517e2fde26acce0542d,official_race_marker_verified,6815.0,flat,dirt,,right,,Class2,0.0,0.0,2608020412,26080204,True,https://www.jra.go.jp/datafile/seiseki/report/2026/2026-2kyoto4.pdf,12004歳以上2勝クラス発走16時10分(ダート・右)負担重量は、58、牝馬2減,expected_result,,
202605010501,2026.0,東京,1.0,5.0,1,2026-02-14,https://www.jra.go.jp/datafile/seiseki/report/2026/2026-1tokyo5.pdf,81d5f04971154d1d1bbdac3e2e0a71f533265532201798c81d33a8db2f1f2b90,official_race_marker_verified,4612.0,flat,dirt,,left,0.0,Maiden,0.0,0.0,2605010501,26050105,True,https://www.jra.go.jp/datafile/seiseki/report/2026/2026-1tokyo5.pdf,14003歳未勝利発走10時05分(ダート・左)負担重量は、馬齢重量,expected_result,,
202605010502,2026.0,東京,1.0,5.0,2,2026-02-14,https://www.jra.go.jp/datafile/seiseki/report/2026/2026-1tokyo5.pdf,81d5f04971154d1d1bbdac3e2e0a71f533265532201798c81d33a8db2f1f2b90,official_race_marker_verified,7112.0,flat,dirt,,left,,Class1,0.0,0.0,2605010502,26050105,True,https://www.jra.go.jp/datafile/seiseki/report/2026/2026-1tokyo5.pdf,21004歳以上1勝クラス発走10時35分(ダート・左)負担重量は、4歳575歳以上58、牝馬2減,expected_result,,
202605010503,2026.0,東京,1.0,5.0,3,2026-02-14,https://www.jra.go.jp/datafile/seiseki/report/2026/2026-1tokyo5.pdf,81d5f04971154d1d1bbdac3e2e0a71f533265532201798c81d33a8db2f1f2b90,official_race_marker_verified,3611.0,flat,dirt,,left,0.0,Maiden,0.0,0.0,2605010503,26050105,True,https://www.jra.go.jp/datafile/seiseki/report/2026/2026-1tokyo5.pdf,16003歳未勝利発走11時05分(ダート・左)負担重量は、馬齢重量,expected_result,,
202605010504,2026.0,東京,1.0,5.0,4,2026-02-14,https://www.jra.go.jp/datafile/seiseki/report/2026/2026-1tokyo5.pdf,81d5f04971154d1d1bbdac3e2e0a71f533265532201798c81d33a8db2f1f2b90,official_race_marker_verified,6714.0,flat,dirt,,left,0.0,Newcomer,0.0,0.0,2605010504,26050105,True,https://www.jra.go.jp/datafile/seiseki/report/2026/2026-1tokyo5.pdf,14003歳新馬発走11時35分(ダート・左)負担重量は、馬齢重量,expected_result,,
202605010505,2026.0,東京,1.0,5.0,5,2026-02-14,https://www.jra.go.jp/datafile/seiseki/report/2026/2026-1tokyo5.pdf,81d5f04971154d1d1bbdac3e2e0a71f533265532201798c81d33a8db2f1f2b90,official_race_marker_verified,3816.0,flat,turf,,left,0.0,Maiden,0.0,0.0,2605010505,26050105,True,https://www.jra.go.jp/datafile/seiseki/report/2026/2026-1tokyo5.pdf,14003歳未勝利発走12時25分(芝・左)負担重量は、馬齢重量,expected_result,,
202605010506,2026.0,東京,1.0,5.0,6,2026-02-14,https://www.jra.go.jp/datafile/seiseki/report/2026/2026-1tokyo5.pdf,81d5f04971154d1d1bbdac3e2e0a71f533265532201798c81d33a8db2f1f2b90,official_race_marker_verified,9816.0,flat,turf,,left,0.0,Maiden,0.0,0.0,2605010506,26050105,True,https://www.jra.go.jp/datafile/seiseki/report/2026/2026-1tokyo5.pdf,18003歳未勝利発走12時55分(芝・左)牝;負担重量は、馬齢重量,expected_result,,
202605010507,2026.0,東京,1.0,5.0,7,2026-02-14,https://www.jra.go.jp/datafile/seiseki/report/2026/2026-1tokyo5.pdf,81d5f04971154d1d1bbdac3e2e0a71f533265532201798c81d33a8db2f1f2b90,official_race_marker_verified,9175.0,flat,turf,,left,0.0,Class1,0.0,0.0,2605010507,26050105,True,https://www.jra.go.jp/datafile/seiseki/report/2026/2026-1tokyo5.pdf,14003歳1勝クラス発走13時25分(芝・左)負担重量は、馬齢重量,expected_result,,
202605010508,2026.0,東京,1.0,5.0,8,2026-02-14,https://www.jra.go.jp/datafile/seiseki/report/2026/2026-1tokyo5.pdf,81d5f04971154d1d1bbdac3e2e0a71f533265532201798c81d33a8db2f1f2b90,official_race_marker_verified,5611.0,flat,dirt,,left,,Class2,0.0,0.0,2605010508,26050105,True,https://www.jra.go.jp/datafile/seiseki/report/2026/2026-1tokyo5.pdf,16004歳以上2勝クラス発走14時00分(ダート・左)負担重量は、58、牝馬2減,expected_result,,
202605010509,2026.0,東京,1.0,5.0,9,2026-02-14,https://www.jra.go.jp/datafile/seiseki/report/2026/2026-1tokyo5.pdf,81d5f04971154d1d1bbdac3e2e0a71f533265532201798c81d33a8db2f1f2b90,official_race_marker_verified,2400.0,flat,turf,,left,,Class2,0.0,0.0,2605010509,26050105,True,https://www.jra.go.jp/datafile/seiseki/report/2026/2026-1tokyo5.pdf,2400はこね箱根特別発走14時35分(芝・左)4歳以上、2勝クラス;負担重量は、4歳575歳以上58、牝馬2減賞品,expected_result,,
202605010510,2026.0,東京,1.0,5.0,10,2026-02-14,https://www.jra.go.jp/datafile/seiseki/report/2026/2026-1tokyo5.pdf,81d5f04971154d1d1bbdac3e2e0a71f533265532201798c81d33a8db2f1f2b90,official_race_marker_verified,1400.0,flat,dirt,,left,,Maiden,0.0,0.0,2605010510,26050105,True,https://www.jra.go.jp/datafile/seiseki/report/2026/2026-1tokyo5.pdf,1400ぎんてい銀蹄ステークス発走15時10分(ダート・左)4歳以上、3勝クラス、除未出走馬および未勝利馬;負担重量は、58、牝馬2減賞品,expected_result,,
202605010511,2026.0,東京,1.0,5.0,11,2026-02-14,https://www.jra.go.jp/datafile/seiseki/report/2026/2026-1tokyo5.pdf,81d5f04971154d1d1bbdac3e2e0a71f533265532201798c81d33a8db2f1f2b90,official_race_marker_verified,1600.0,flat,turf,,left,0.0,Open,1.0,1.0,2605010511,26050105,True,https://www.jra.go.jp/datafile/seiseki/report/2026/2026-1tokyo5.pdf,1600第61回デイリー杯クイーンカップ(GIII)発走15時45分(芝・左)牝、3歳、除未出走馬および未勝利馬;負担重量は、馬齢重量デイリースポーツ賞(1着)賞品,expected_result,,
202605010512,2026.0,東京,1.0,5.0,12,2026-02-14,https://www.jra.go.jp/datafile/seiseki/report/2026/2026-1tokyo5.pdf,81d5f04971154d1d1bbdac3e2e0a71f533265532201798c81d33a8db2f1f2b90,official_race_marker_verified,5856.0,flat,turf,,left,,Class1,0.0,0.0,2605010512,26050105,True,https://www.jra.go.jp/datafile/seiseki/report/2026/2026-1tokyo5.pdf,16004歳以上1勝クラス発走16時25分(芝・左)負担重量は、58、牝馬2減,expected_result,,
202608020501,2026.0,京都,2.0,5.0,1,2026-02-14,https://www.jra.go.jp/datafile/seiseki/report/2026/2026-2kyoto5.pdf,2e2fb05c270a39a319558ee2875d84015df756b87b6b419bc905ae7c3902370e,official_race_marker_verified,7612.0,flat,dirt,,right,0.0,Maiden,0.0,0.0,2608020501,26080205,True,https://www.jra.go.jp/datafile/seiseki/report/2026/2026-2kyoto5.pdf,18003歳未勝利発走9時50分(ダート・右)牝;負担重量は、馬齢重量,expected_result,,
202608020502,2026.0,京都,2.0,5.0,2,2026-02-14,https://www.jra.go.jp/datafile/seiseki/report/2026/2026-2kyoto5.pdf,2e2fb05c270a39a319558ee2875d84015df756b87b6b419bc905ae7c3902370e,official_race_marker_verified,612.0,flat,dirt,,right,0.0,Maiden,0.0,0.0,2608020502,26080205,True,https://www.jra.go.jp/datafile/seiseki/report/2026/2026-2kyoto5.pdf,12003歳未勝利発走10時20分(ダート・右)負担重量は、馬齢重量,expected_result,,
202608020503,2026.0,京都,2.0,5.0,3,2026-02-14,https://www.jra.go.jp/datafile/seiseki/report/2026/2026-2kyoto5.pdf,2e2fb05c270a39a319558ee2875d84015df756b87b6b419bc905ae7c3902370e,official_race_marker_verified,4810.0,flat,dirt,,right,0.0,Maiden,0.0,0.0,2608020503,26080205,True,https://www.jra.go.jp/datafile/seiseki/report/2026/2026-2kyoto5.pdf,19003歳未勝利発走10時50分(ダート・右)負担重量は、馬齢重量,expected_result,,
202608020504,2026.0,京都,2.0,5.0,4,2026-02-14,https://www.jra.go.jp/datafile/seiseki/report/2026/2026-2kyoto5.pdf,2e2fb05c270a39a319558ee2875d84015df756b87b6b419bc905ae7c3902370e,official_race_marker_verified,8136.0,flat,dirt,,right,0.0,Maiden,0.0,0.0,2608020504,26080205,True,https://www.jra.go.jp/datafile/seiseki/report/2026/2026-2kyoto5.pdf,14003歳未勝利発走11時20分(ダート・右)負担重量は、馬齢重量,expected_result,,
202608020505,2026.0,京都,2.0,5.0,5,2026-02-14,https://www.jra.go.jp/datafile/seiseki/report/2026/2026-2kyoto5.pdf,2e2fb05c270a39a319558ee2875d84015df756b87b6b419bc905ae7c3902370e,official_race_marker_verified,3247.0,flat,dirt,,right,0.0,Newcomer,0.0,0.0,2608020505,26080205,True,https://www.jra.go.jp/datafile/seiseki/report/2026/2026-2kyoto5.pdf,18003歳新馬発走12時10分(ダート・右)負担重量は、馬齢重量,expected_result,,
202608020506,2026.0,京都,2.0,5.0,6,2026-02-14,https://www.jra.go.jp/datafile/seiseki/report/2026/2026-2kyoto5.pdf,2e2fb05c270a39a319558ee2875d84015df756b87b6b419bc905ae7c3902370e,official_race_marker_verified,6612.0,flat,turf,outer,right,0.0,Maiden,0.0,0.0,2608020506,26080205,True,https://www.jra.go.jp/datafile/seiseki/report/2026/2026-2kyoto5.pdf,18003歳未勝利発走12時40分(芝・右・外)負担重量は、馬齢重量,expected_result,,
202608020507,2026.0,京都,2.0,5.0,7,2026-02-14,https://www.jra.go.jp/datafile/seiseki/report/2026/2026-2kyoto5.pdf,2e2fb05c270a39a319558ee2875d84015df756b87b6b419bc905ae7c3902370e,official_race_marker_verified,4713.0,flat,dirt,,right,,Class1,0.0,0.0,2608020507,26080205,True,https://www.jra.go.jp/datafile/seiseki/report/2026/2026-2kyoto5.pdf,14004歳以上1勝クラス発走13時10分(ダート・右)負担重量は、58、牝馬2減,expected_result,,
202608020508,2026.0,京都,2.0,5.0,8,2026-02-14,https://www.jra.go.jp/datafile/seiseki/report/2026/2026-2kyoto5.pdf,2e2fb05c270a39a319558ee2875d84015df756b87b6b419bc905ae7c3902370e,official_race_marker_verified,9710.0,flat,dirt,,right,,Class2,0.0,0.0,2608020508,26080205,True,https://www.jra.go.jp/datafile/seiseki/report/2026/2026-2kyoto5.pdf,19004歳以上2勝クラス発走13時45分(ダート・右)負担重量は、4歳575歳以上58、牝馬2減,expected_result,,
202608020509,2026.0,京都,2.0,5.0,9,2026-02-14,https://www.jra.go.jp/datafile/seiseki/report/2026/2026-2kyoto5.pdf,2e2fb05c270a39a319558ee2875d84015df756b87b6b419bc905ae7c3902370e,official_race_marker_verified,1600.0,flat,turf,,right,0.0,Class1,0.0,0.0,2608020509,26080205,True,https://www.jra.go.jp/datafile/seiseki/report/2026/2026-2kyoto5.pdf,1600こぶし賞発走14時20分(芝・右)3歳、1勝クラス;負担重量は、馬齢重量賞品,expected_result,,
202608020510,2026.0,京都,2.0,5.0,10,2026-02-14,https://www.jra.go.jp/datafile/seiseki/report/2026/2026-2kyoto5.pdf,2e2fb05c270a39a319558ee2875d84015df756b87b6b419bc905ae7c3902370e,official_race_marker_verified,2000.0,flat,turf,,right,,Maiden,0.0,0.0,2608020510,26080205,True,https://www.jra.go.jp/datafile/seiseki/report/2026/2026-2kyoto5.pdf,2000あすか飛鳥ステークス発走14時55分(芝・右)4歳以上、3勝クラス、除未出走馬および未勝利馬;負担重量は、4歳575歳以上58、牝馬2減賞品,expected_result,,
202608020511,2026.0,京都,2.0,5.0,11,2026-02-14,https://www.jra.go.jp/datafile/seiseki/report/2026/2026-2kyoto5.pdf,2e2fb05c270a39a319558ee2875d84015df756b87b6b419bc905ae7c3902370e,official_race_marker_verified,1600.0,flat,turf,outer,right,1.0,Maiden,0.0,0.0,2608020511,26080205,True,https://www.jra.go.jp/datafile/seiseki/report/2026/2026-2kyoto5.pdf,1600らくよう洛陽ステークス(L)発走15時30分(芝・右・外)4歳以上、除未出走馬および未勝利馬;負担重量は、ハンデキャップ賞品,expected_result,,
202608020512,2026.0,京都,2.0,5.0,12,2026-02-14,https://www.jra.go.jp/datafile/seiseki/report/2026/2026-2kyoto5.pdf,2e2fb05c270a39a319558ee2875d84015df756b87b6b419bc905ae7c3902370e,official_race_marker_verified,6610.0,flat,dirt,,right,,Class1,0.0,0.0,2608020512,26080205,True,https://www.jra.go.jp/datafile/seiseki/report/2026/2026-2kyoto5.pdf,12004歳以上1勝クラス発走16時10分(ダート・右)負担重量は、58、牝馬2減,expected_result,,
202610010701,2026.0,小倉,1.0,7.0,1,2026-02-14,https://www.jra.go.jp/datafile/seiseki/report/2026/2026-1kokura7.pdf,cb38d1b902872ffa68c85ebad779abea702ed3f5ba211bd7c3b3284cf725a50c,official_race_marker_verified,5510.0,flat,dirt,,right,0.0,Maiden,0.0,0.0,2610010701,26100107,True,https://www.jra.go.jp/datafile/seiseki/report/2026/2026-1kokura7.pdf,17003歳未勝利発走9時45分(ダート・右)牝;負担重量は、馬齢重量,expected_result,,
202610010702,2026.0,小倉,1.0,7.0,2,2026-02-14,https://www.jra.go.jp/datafile/seiseki/report/2026/2026-1kokura7.pdf,cb38d1b902872ffa68c85ebad779abea702ed3f5ba211bd7c3b3284cf725a50c,official_race_marker_verified,5754.0,flat,turf,,right,0.0,Maiden,0.0,0.0,2610010702,26100107,True,https://www.jra.go.jp/datafile/seiseki/report/2026/2026-1kokura7.pdf,12003歳未勝利発走10時10分(芝・右)負担重量は、馬齢重量,expected_result,,
202610010703,2026.0,小倉,1.0,7.0,3,2026-02-14,https://www.jra.go.jp/datafile/seiseki/report/2026/2026-1kokura7.pdf,cb38d1b902872ffa68c85ebad779abea702ed3f5ba211bd7c3b3284cf725a50c,official_race_marker_verified,5552.0,flat,dirt,,right,0.0,Maiden,0.0,0.0,2610010703,26100107,True,https://www.jra.go.jp/datafile/seiseki/report/2026/2026-1kokura7.pdf,10003歳未勝利発走10時40分(ダート・右)負担重量は、馬齢重量,expected_result,,
202610010704,2026.0,小倉,1.0,7.0,4,2026-02-14,https://www.jra.go.jp/datafile/seiseki/report/2026/2026-1kokura7.pdf,cb38d1b902872ffa68c85ebad779abea702ed3f5ba211bd7c3b3284cf725a50c,official_race_marker_verified,2860.0,obstacle,,,,,Maiden,0.0,0.0,2610010704,26100107,False,https://www.jra.go.jp/datafile/seiseki/report/2026/2026-1kokura7.pdf,2860障害4歳以上未勝利発走11時10分(芝)負担重量は、4歳595歳以上60、牝馬2減,expected_result,,
202610010705,2026.0,小倉,1.0,7.0,5,2026-02-14,https://www.jra.go.jp/datafile/seiseki/report/2026/2026-1kokura7.pdf,cb38d1b902872ffa68c85ebad779abea702ed3f5ba211bd7c3b3284cf725a50c,official_race_marker_verified,4714.0,flat,turf,,right,0.0,Maiden,0.0,0.0,2610010705,26100107,True,https://www.jra.go.jp/datafile/seiseki/report/2026/2026-1kokura7.pdf,20003歳未勝利発走12時00分(芝・右)負担重量は、馬齢重量,expected_result,,
202610010706,2026.0,小倉,1.0,7.0,6,2026-02-14,https://www.jra.go.jp/datafile/seiseki/report/2026/2026-1kokura7.pdf,cb38d1b902872ffa68c85ebad779abea702ed3f5ba211bd7c3b3284cf725a50c,official_race_marker_verified,5653.0,flat,turf,,right,,Class1,0.0,0.0,2610010706,26100107,True,https://www.jra.go.jp/datafile/seiseki/report/2026/2026-1kokura7.pdf,12004歳以上1勝クラス発走12時30分(芝・右)負担重量は、58、牝馬2減,expected_result,,
202610010707,2026.0,小倉,1.0,7.0,7,2026-02-14,https://www.jra.go.jp/datafile/seiseki/report/2026/2026-1kokura7.pdf,cb38d1b902872ffa68c85ebad779abea702ed3f5ba211bd7c3b3284cf725a50c,official_race_marker_verified,1243.0,flat,dirt,,right,,Class1,0.0,0.0,2610010707,26100107,True,https://www.jra.go.jp/datafile/seiseki/report/2026/2026-1kokura7.pdf,17004歳以上1勝クラス発走13時00分(ダート・右)牝;負担重量は、4歳555歳以上56,expected_result,,
202610010708,2026.0,小倉,1.0,7.0,8,2026-02-14,https://www.jra.go.jp/datafile/seiseki/report/2026/2026-1kokura7.pdf,cb38d1b902872ffa68c85ebad779abea702ed3f5ba211bd7c3b3284cf725a50c,official_race_marker_verified,3390.0,obstacle,,,,,Maiden,0.0,0.0,2610010708,26100107,False,https://www.jra.go.jp/datafile/seiseki/report/2026/2026-1kokura7.pdf,3390第28回小倉ジャンプステークス(J・GIII)発走13時35分(芝)4歳以上、除未出走馬および未勝利馬;負担重量は、4歳595歳以上60、牝馬2減、J・GI競走1着馬2増、J・GII競走1着馬1増賞品,expected_result,,
202610010709,2026.0,小倉,1.0,7.0,9,2026-02-14,https://www.jra.go.jp/datafile/seiseki/report/2026/2026-1kokura7.pdf,cb38d1b902872ffa68c85ebad779abea702ed3f5ba211bd7c3b3284cf725a50c,official_race_marker_verified,2000.0,flat,turf,,right,0.0,Class1,0.0,0.0,2610010709,26100107,True,https://www.jra.go.jp/datafile/seiseki/report/2026/2026-1kokura7.pdf,2000あすなろ賞発走14時10分(芝・右)3歳、1勝クラス;負担重量は、馬齢重量賞品,expected_result,,
202610010710,2026.0,小倉,1.0,7.0,10,2026-02-14,https://www.jra.go.jp/datafile/seiseki/report/2026/2026-1kokura7.pdf,cb38d1b902872ffa68c85ebad779abea702ed3f5ba211bd7c3b3284cf725a50c,official_race_marker_verified,1000.0,flat,dirt,,right,,Class2,0.0,0.0,2610010710,26100107,True,https://www.jra.go.jp/datafile/seiseki/report/2026/2026-1kokura7.pdf,1000いまり伊万里特別発走14時45分(ダート・右)4歳以上、2勝クラス;負担重量は、58、牝馬2減賞品,expected_result,,
202610010711,2026.0,小倉,1.0,7.0,11,2026-02-14,https://www.jra.go.jp/datafile/seiseki/report/2026/2026-1kokura7.pdf,cb38d1b902872ffa68c85ebad779abea702ed3f5ba211bd7c3b3284cf725a50c,official_race_marker_verified,1200.0,flat,turf,,right,,Maiden,0.0,0.0,2610010711,26100107,True,https://www.jra.go.jp/datafile/seiseki/report/2026/2026-1kokura7.pdf,1200しものせき下関ステークス発走15時20分(芝・右)4歳以上、3勝クラス、除未出走馬および未勝利馬;負担重量は、58、牝馬2減賞品,expected_result,,
202610010712,2026.0,小倉,1.0,7.0,12,2026-02-14,https://www.jra.go.jp/datafile/seiseki/report/2026/2026-1kokura7.pdf,cb38d1b902872ffa68c85ebad779abea702ed3f5ba211bd7c3b3284cf725a50c,official_race_marker_verified,7220.0,flat,turf,,right,,Class1,0.0,0.0,2610010712,26100107,True,https://www.jra.go.jp/datafile/seiseki/report/2026/2026-1kokura7.pdf,18004歳以上1勝クラス発走16時00分(芝・右)負担重量は、4歳575歳以上58、牝馬2減,expected_result,,
202605010601,2026.0,東京,1.0,6.0,1,2026-02-15,https://www.jra.go.jp/datafile/seiseki/report/2026/2026-1tokyo6.pdf,d14367a9520a067040291b49b264bf533304da9cee4cd391a6db24efd03834c8,official_race_marker_verified,9612.0,flat,dirt,,left,0.0,Maiden,0.0,0.0,2605010601,26050106,True,https://www.jra.go.jp/datafile/seiseki/report/2026/2026-1tokyo6.pdf,13003歳未勝利発走10時05分(ダート・左)負担重量は、馬齢重量,expected_result,,
202605010602,2026.0,東京,1.0,6.0,2,2026-02-15,https://www.jra.go.jp/datafile/seiseki/report/2026/2026-1tokyo6.pdf,d14367a9520a067040291b49b264bf533304da9cee4cd391a6db24efd03834c8,official_race_marker_verified,271.0,flat,dirt,,left,0.0,Maiden,0.0,0.0,2605010602,26050106,True,https://www.jra.go.jp/datafile/seiseki/report/2026/2026-1tokyo6.pdf,21003歳未勝利発走10時35分(ダート・左)負担重量は、馬齢重量,expected_result,,
202605010603,2026.0,東京,1.0,6.0,3,2026-02-15,https://www.jra.go.jp/datafile/seiseki/report/2026/2026-1tokyo6.pdf,d14367a9520a067040291b49b264bf533304da9cee4cd391a6db24efd03834c8,official_race_marker_verified,7713.0,flat,dirt,,left,0.0,Newcomer,0.0,0.0,2605010603,26050106,True,https://www.jra.go.jp/datafile/seiseki/report/2026/2026-1tokyo6.pdf,16003歳新馬発走11時05分(ダート・左)負担重量は、馬齢重量,expected_result,,
202605010604,2026.0,東京,1.0,6.0,4,2026-02-15,https://www.jra.go.jp/datafile/seiseki/report/2026/2026-1tokyo6.pdf,d14367a9520a067040291b49b264bf533304da9cee4cd391a6db24efd03834c8,official_race_marker_verified,4813.0,flat,dirt,,left,0.0,Class1,0.0,0.0,2605010604,26050106,True,https://www.jra.go.jp/datafile/seiseki/report/2026/2026-1tokyo6.pdf,16003歳1勝クラス発走11時35分(ダート・左)負担重量は、馬齢重量,expected_result,,
202605010605,2026.0,東京,1.0,6.0,5,2026-02-15,https://www.jra.go.jp/datafile/seiseki/report/2026/2026-1tokyo6.pdf,d14367a9520a067040291b49b264bf533304da9cee4cd391a6db24efd03834c8,official_race_marker_verified,9815.0,flat,turf,,left,0.0,Maiden,0.0,0.0,2605010605,26050106,True,https://www.jra.go.jp/datafile/seiseki/report/2026/2026-1tokyo6.pdf,18003歳未勝利発走12時25分(芝・左)負担重量は、馬齢重量,expected_result,,
202605010606,2026.0,東京,1.0,6.0,6,2026-02-15,https://www.jra.go.jp/datafile/seiseki/report/2026/2026-1tokyo6.pdf,d14367a9520a067040291b49b264bf533304da9cee4cd391a6db24efd03834c8,official_race_marker_verified,5711.0,flat,turf,,left,,Class1,0.0,0.0,2605010606,26050106,True,https://www.jra.go.jp/datafile/seiseki/report/2026/2026-1tokyo6.pdf,24004歳以上1勝クラス発走12時55分(芝・左)負担重量は、4歳575歳以上58、牝馬2減,expected_result,,
202605010607,2026.0,東京,1.0,6.0,7,2026-02-15,https://www.jra.go.jp/datafile/seiseki/report/2026/2026-1tokyo6.pdf,d14367a9520a067040291b49b264bf533304da9cee4cd391a6db24efd03834c8,official_race_marker_verified,6510.0,flat,dirt,,left,,Class1,0.0,0.0,2605010607,26050106,True,https://www.jra.go.jp/datafile/seiseki/report/2026/2026-1tokyo6.pdf,14004歳以上1勝クラス発走13時25分(ダート・左)負担重量は、58、牝馬2減,expected_result,,
202605010608,2026.0,東京,1.0,6.0,8,2026-02-15,https://www.jra.go.jp/datafile/seiseki/report/2026/2026-1tokyo6.pdf,d14367a9520a067040291b49b264bf533304da9cee4cd391a6db24efd03834c8,official_race_marker_verified,8610.0,flat,turf,,left,,Class2,0.0,0.0,2605010608,26050106,True,https://www.jra.go.jp/datafile/seiseki/report/2026/2026-1tokyo6.pdf,16004歳以上2勝クラス発走13時55分(芝・左)負担重量は、58、牝馬2減,expected_result,,
202605010609,2026.0,東京,1.0,6.0,9,2026-02-15,https://www.jra.go.jp/datafile/seiseki/report/2026/2026-1tokyo6.pdf,d14367a9520a067040291b49b264bf533304da9cee4cd391a6db24efd03834c8,official_race_marker_verified,1600.0,flat,turf,,left,,Maiden,0.0,0.0,2605010609,26050106,True,https://www.jra.go.jp/datafile/seiseki/report/2026/2026-1tokyo6.pdf,1600ひばり雲雀ステークス発走14時25分(芝・左)4歳以上、3勝クラス、除未出走馬および未勝利馬;負担重量は、58、牝馬2減賞品,expected_result,,
202605010610,2026.0,東京,1.0,6.0,10,2026-02-15,https://www.jra.go.jp/datafile/seiseki/report/2026/2026-1tokyo6.pdf,d14367a9520a067040291b49b264bf533304da9cee4cd391a6db24efd03834c8,official_race_marker_verified,1400.0,flat,dirt,,left,1.0,Maiden,0.0,0.0,2605010610,26050106,True,https://www.jra.go.jp/datafile/seiseki/report/2026/2026-1tokyo6.pdf,1400バレンタインステークス発走15時00分(ダート・左)4歳以上、除未出走馬および未勝利馬;負担重量は、ハンデキャップ賞品,expected_result,,
202605010611,2026.0,東京,1.0,6.0,11,2026-02-15,https://www.jra.go.jp/datafile/seiseki/report/2026/2026-1tokyo6.pdf,d14367a9520a067040291b49b264bf533304da9cee4cd391a6db24efd03834c8,official_race_marker_verified,1800.0,flat,turf,,left,0.0,Open,1.0,1.0,2605010611,26050106,True,https://www.jra.go.jp/datafile/seiseki/report/2026/2026-1tokyo6.pdf,1800第60回共同通信杯(GIII)発走15時45分(トキノミノル記念)(芝・左)3歳、除未出走馬および未勝利馬;負担重量は、馬齢重量共同通信社賞(1着)賞品,expected_result,,
202605010612,2026.0,東京,1.0,6.0,12,2026-02-15,https://www.jra.go.jp/datafile/seiseki/report/2026/2026-1tokyo6.pdf,d14367a9520a067040291b49b264bf533304da9cee4cd391a6db24efd03834c8,official_race_marker_verified,713.0,flat,dirt,,left,,Class2,0.0,0.0,2605010612,26050106,True,https://www.jra.go.jp/datafile/seiseki/report/2026/2026-1tokyo6.pdf,14004歳以上2勝クラス発走16時25分(ダート・左)負担重量は、58、牝馬2減,expected_result,,
202608020601,2026.0,京都,2.0,6.0,1,2026-02-15,https://www.jra.go.jp/datafile/seiseki/report/2026/2026-2kyoto6.pdf,d1a0cb9335435829cb6769b855d1c33fdb0fdb6d2e39b36fe2fafe91ebdb31a2,official_race_marker_verified,3812.0,flat,dirt,,right,0.0,Maiden,0.0,0.0,2608020601,26080206,True,https://www.jra.go.jp/datafile/seiseki/report/2026/2026-2kyoto6.pdf,18003歳未勝利発走9時55分(ダート・右)負担重量は、馬齢重量,expected_result,,
202608020602,2026.0,京都,2.0,6.0,2,2026-02-15,https://www.jra.go.jp/datafile/seiseki/report/2026/2026-2kyoto6.pdf,d1a0cb9335435829cb6769b855d1c33fdb0fdb6d2e39b36fe2fafe91ebdb31a2,official_race_marker_verified,4710.0,flat,dirt,,right,0.0,Newcomer,0.0,0.0,2608020602,26080206,True,https://www.jra.go.jp/datafile/seiseki/report/2026/2026-2kyoto6.pdf,12003歳新馬発走10時25分(ダート・右)負担重量は、馬齢重量,expected_result,,
202608020603,2026.0,京都,2.0,6.0,3,2026-02-15,https://www.jra.go.jp/datafile/seiseki/report/2026/2026-2kyoto6.pdf,d1a0cb9335435829cb6769b855d1c33fdb0fdb6d2e39b36fe2fafe91ebdb31a2,official_race_marker_verified,6729.0,flat,dirt,,right,0.0,Maiden,0.0,0.0,2608020603,26080206,True,https://www.jra.go.jp/datafile/seiseki/report/2026/2026-2kyoto6.pdf,14003歳未勝利発走10時55分(ダート・右)負担重量は、馬齢重量,expected_result,,
202608020604,2026.0,京都,2.0,6.0,4,2026-02-15,https://www.jra.go.jp/datafile/seiseki/report/2026/2026-2kyoto6.pdf,d1a0cb9335435829cb6769b855d1c33fdb0fdb6d2e39b36fe2fafe91ebdb31a2,official_race_marker_verified,6369.0,flat,dirt,,right,0.0,Class1,0.0,0.0,2608020604,26080206,True,https://www.jra.go.jp/datafile/seiseki/report/2026/2026-2kyoto6.pdf,19003歳1勝クラス発走11時25分(ダート・右)負担重量は、馬齢重量,expected_result,,
202608020605,2026.0,京都,2.0,6.0,5,2026-02-15,https://www.jra.go.jp/datafile/seiseki/report/2026/2026-2kyoto6.pdf,d1a0cb9335435829cb6769b855d1c33fdb0fdb6d2e39b36fe2fafe91ebdb31a2,official_race_marker_verified,7340.0,flat,turf,,right,0.0,Maiden,0.0,0.0,2608020605,26080206,True,https://www.jra.go.jp/datafile/seiseki/report/2026/2026-2kyoto6.pdf,20003歳未勝利発走12時15分(芝・右)牝;負担重量は、馬齢重量,expected_result,,
202608020606,2026.0,京都,2.0,6.0,6,2026-02-15,https://www.jra.go.jp/datafile/seiseki/report/2026/2026-2kyoto6.pdf,d1a0cb9335435829cb6769b855d1c33fdb0fdb6d2e39b36fe2fafe91ebdb31a2,official_race_marker_verified,1612.0,flat,turf,,right,0.0,Maiden,0.0,0.0,2608020606,26080206,True,https://www.jra.go.jp/datafile/seiseki/report/2026/2026-2kyoto6.pdf,16003歳未勝利発走12時45分(芝・右)負担重量は、馬齢重量,expected_result,,
202608020607,2026.0,京都,2.0,6.0,7,2026-02-15,https://www.jra.go.jp/datafile/seiseki/report/2026/2026-2kyoto6.pdf,d1a0cb9335435829cb6769b855d1c33fdb0fdb6d2e39b36fe2fafe91ebdb31a2,official_race_marker_verified,2711.0,flat,dirt,,right,,Class1,0.0,0.0,2608020607,26080206,True,https://www.jra.go.jp/datafile/seiseki/report/2026/2026-2kyoto6.pdf,18004歳以上1勝クラス発走13時15分(ダート・右)負担重量は、4歳575歳以上58、牝馬2減,expected_result,,
202608020608,2026.0,京都,2.0,6.0,8,2026-02-15,https://www.jra.go.jp/datafile/seiseki/report/2026/2026-2kyoto6.pdf,d1a0cb9335435829cb6769b855d1c33fdb0fdb6d2e39b36fe2fafe91ebdb31a2,official_race_marker_verified,1812.0,flat,turf,,right,,Class1,0.0,0.0,2608020608,26080206,True,https://www.jra.go.jp/datafile/seiseki/report/2026/2026-2kyoto6.pdf,20004歳以上1勝クラス発走13時45分(芝・右)負担重量は、4歳575歳以上58、牝馬2減,expected_result,,
202608020609,2026.0,京都,2.0,6.0,9,2026-02-15,https://www.jra.go.jp/datafile/seiseki/report/2026/2026-2kyoto6.pdf,d1a0cb9335435829cb6769b855d1c33fdb0fdb6d2e39b36fe2fafe91ebdb31a2,official_race_marker_verified,1800.0,flat,turf,outer,right,,Class2,0.0,0.0,2608020609,26080206,True,https://www.jra.go.jp/datafile/seiseki/report/2026/2026-2kyoto6.pdf,1800かすが春日特別発走14時15分(芝・右・外)4歳以上、2勝クラス;負担重量は、4歳575歳以上58、牝馬2減賞品,expected_result,,
202608020610,2026.0,京都,2.0,6.0,10,2026-02-15,https://www.jra.go.jp/datafile/seiseki/report/2026/2026-2kyoto6.pdf,d1a0cb9335435829cb6769b855d1c33fdb0fdb6d2e39b36fe2fafe91ebdb31a2,official_race_marker_verified,1800.0,flat,dirt,,right,,Maiden,0.0,0.0,2608020610,26080206,True,https://www.jra.go.jp/datafile/seiseki/report/2026/2026-2kyoto6.pdf,1800きたやま北山ステークス発走14時50分(ダート・右)4歳以上、3勝クラス、除未出走馬および未勝利馬;負担重量は、4歳575歳以上58、牝馬2減賞品,expected_result,,
202608020611,2026.0,京都,2.0,6.0,11,2026-02-15,https://www.jra.go.jp/datafile/seiseki/report/2026/2026-2kyoto6.pdf,d1a0cb9335435829cb6769b855d1c33fdb0fdb6d2e39b36fe2fafe91ebdb31a2,official_race_marker_verified,2200.0,flat,turf,outer,right,,Open,1.0,1.0,2608020611,26080206,True,https://www.jra.go.jp/datafile/seiseki/report/2026/2026-2kyoto6.pdf,第119回農林水産省賞典2200京都記念(GII)発走15時30分(芝・右・外)4歳以上、除未出走馬および未勝利馬;負担重量は、4歳565歳以上57、牝馬2減、2025.2.15以降GI競走(牝馬限定競走を除く)1着馬2増、牝馬限定GI競走またはGII競走(牝馬限定競走を除く)1着馬1増、2025.2.14以前のGI競走(牝馬限定競走を除く)1着馬1増(ただし2歳時の成績を除く)農林水産大臣賞(1着)賞品,expected_result,,
202608020612,2026.0,京都,2.0,6.0,12,2026-02-15,https://www.jra.go.jp/datafile/seiseki/report/2026/2026-2kyoto6.pdf,d1a0cb9335435829cb6769b855d1c33fdb0fdb6d2e39b36fe2fafe91ebdb31a2,official_race_marker_verified,8612.0,flat,dirt,,right,,Class2,0.0,0.0,2608020612,26080206,True,https://www.jra.go.jp/datafile/seiseki/report/2026/2026-2kyoto6.pdf,12004歳以上2勝クラス発走16時10分(ダート・右)牝;負担重量は、56,expected_result,,
202610010801,2026.0,小倉,1.0,8.0,1,2026-02-15,https://www.jra.go.jp/datafile/seiseki/report/2026/2026-1kokura8.pdf,31b356a8a76f947c1264abd37925f2a3c0f78ba4a3d13e27e20e09d1975cfc1a,official_race_marker_verified,5754.0,flat,dirt,,right,0.0,Maiden,0.0,0.0,2610010801,26100108,True,https://www.jra.go.jp/datafile/seiseki/report/2026/2026-1kokura8.pdf,17003歳未勝利発走9時45分(ダート・右)負担重量は、馬齢重量,expected_result,,
202610010802,2026.0,小倉,1.0,8.0,2,2026-02-15,https://www.jra.go.jp/datafile/seiseki/report/2026/2026-1kokura8.pdf,31b356a8a76f947c1264abd37925f2a3c0f78ba4a3d13e27e20e09d1975cfc1a,official_race_marker_verified,5754.0,flat,turf,,right,0.0,Maiden,0.0,0.0,2610010802,26100108,True,https://www.jra.go.jp/datafile/seiseki/report/2026/2026-1kokura8.pdf,12003歳未勝利発走10時15分(芝・右)負担重量は、馬齢重量,expected_result,,
202610010803,2026.0,小倉,1.0,8.0,3,2026-02-15,https://www.jra.go.jp/datafile/seiseki/report/2026/2026-1kokura8.pdf,31b356a8a76f947c1264abd37925f2a3c0f78ba4a3d13e27e20e09d1975cfc1a,official_race_marker_verified,3711.0,flat,dirt,,right,,Class1,0.0,0.0,2610010803,26100108,True,https://www.jra.go.jp/datafile/seiseki/report/2026/2026-1kokura8.pdf,10004歳以上1勝クラス発走10時45分(ダート・右)負担重量は、58、牝馬2減,expected_result,,
202610010804,2026.0,小倉,1.0,8.0,4,2026-02-15,https://www.jra.go.jp/datafile/seiseki/report/2026/2026-1kokura8.pdf,31b356a8a76f947c1264abd37925f2a3c0f78ba4a3d13e27e20e09d1975cfc1a,official_race_marker_verified,2860.0,obstacle,,,,,Maiden,0.0,0.0,2610010804,26100108,False,https://www.jra.go.jp/datafile/seiseki/report/2026/2026-1kokura8.pdf,2860障害4歳以上未勝利発走11時15分(芝)負担重量は、4歳595歳以上60、牝馬2減,expected_result,,
202610010805,2026.0,小倉,1.0,8.0,5,2026-02-15,https://www.jra.go.jp/datafile/seiseki/report/2026/2026-1kokura8.pdf,31b356a8a76f947c1264abd37925f2a3c0f78ba4a3d13e27e20e09d1975cfc1a,official_race_marker_verified,1611.0,flat,turf,,right,0.0,Maiden,0.0,0.0,2610010805,26100108,True,https://www.jra.go.jp/datafile/seiseki/report/2026/2026-1kokura8.pdf,18003歳未勝利発走12時05分(芝・右)負担重量は、馬齢重量,expected_result,,
202610010806,2026.0,小倉,1.0,8.0,6,2026-02-15,https://www.jra.go.jp/datafile/seiseki/report/2026/2026-1kokura8.pdf,31b356a8a76f947c1264abd37925f2a3c0f78ba4a3d13e27e20e09d1975cfc1a,official_race_marker_verified,5510.0,flat,turf,,right,,Class1,0.0,0.0,2610010806,26100108,True,https://www.jra.go.jp/datafile/seiseki/report/2026/2026-1kokura8.pdf,20004歳以上1勝クラス発走12時35分(芝・右)負担重量は、4歳575歳以上58、牝馬2減,expected_result,,
202610010807,2026.0,小倉,1.0,8.0,7,2026-02-15,https://www.jra.go.jp/datafile/seiseki/report/2026/2026-1kokura8.pdf,31b356a8a76f947c1264abd37925f2a3c0f78ba4a3d13e27e20e09d1975cfc1a,official_race_marker_verified,5754.0,flat,turf,,right,,Class1,0.0,0.0,2610010807,26100108,True,https://www.jra.go.jp/datafile/seiseki/report/2026/2026-1kokura8.pdf,26004歳以上1勝クラス発走13時05分(芝・右)負担重量は、4歳575歳以上58、牝馬2減,expected_result,,
202610010808,2026.0,小倉,1.0,8.0,8,2026-02-15,https://www.jra.go.jp/datafile/seiseki/report/2026/2026-1kokura8.pdf,31b356a8a76f947c1264abd37925f2a3c0f78ba4a3d13e27e20e09d1975cfc1a,official_race_marker_verified,7123.0,flat,dirt,,right,,Class1,0.0,0.0,2610010808,26100108,True,https://www.jra.go.jp/datafile/seiseki/report/2026/2026-1kokura8.pdf,24004歳以上1勝クラス発走13時35分(ダート・右)負担重量は、4歳575歳以上58、牝馬2減,expected_result,,
202610010809,2026.0,小倉,1.0,8.0,9,2026-02-15,https://www.jra.go.jp/datafile/seiseki/report/2026/2026-1kokura8.pdf,31b356a8a76f947c1264abd37925f2a3c0f78ba4a3d13e27e20e09d1975cfc1a,official_race_marker_verified,2000.0,flat,turf,,right,,Class2,0.0,0.0,2610010809,26100108,True,https://www.jra.go.jp/datafile/seiseki/report/2026/2026-1kokura8.pdf,2000だざいふ太宰府特別発走14時05分(番組第10競走を順序変更)(芝・右)牝、4歳以上、2勝クラス;負担重量は、4歳555歳以上56賞品,expected_result,,
202610010810,2026.0,小倉,1.0,8.0,10,2026-02-15,https://www.jra.go.jp/datafile/seiseki/report/2026/2026-1kokura8.pdf,31b356a8a76f947c1264abd37925f2a3c0f78ba4a3d13e27e20e09d1975cfc1a,official_race_marker_verified,1200.0,flat,turf,,right,1.0,Class2,0.0,0.0,2610010810,26100108,True,https://www.jra.go.jp/datafile/seiseki/report/2026/2026-1kokura8.pdf,1200おおほり大濠特別発走14時40分(番組第9競走を順序変更)(芝・右)4歳以上、2勝クラス;負担重量は、ハンデキャップ賞品,expected_result,,
202610010811,2026.0,小倉,1.0,8.0,11,2026-02-15,https://www.jra.go.jp/datafile/seiseki/report/2026/2026-1kokura8.pdf,31b356a8a76f947c1264abd37925f2a3c0f78ba4a3d13e27e20e09d1975cfc1a,official_race_marker_verified,1200.0,flat,turf,,right,,Maiden,0.0,0.0,2610010811,26100108,True,https://www.jra.go.jp/datafile/seiseki/report/2026/2026-1kokura8.pdf,1200きたきゅうしゅうたんきょり北九州短距離ステークス発走15時15分(芝・右)4歳以上、除未出走馬および未勝利馬;負担重量は、日本馬:57、牝馬2減、収得賞金1600万円超過馬は超過額1200万円毎1増、:57、牝馬2減、GI競走1着馬5増、GII競走1着馬3増、GIII競走1着馬1増(ただし2歳時の成績を除く)北九州市長賞(1着)賞品,expected_result,,
202610010812,2026.0,小倉,1.0,8.0,12,2026-02-15,https://www.jra.go.jp/datafile/seiseki/report/2026/2026-1kokura8.pdf,31b356a8a76f947c1264abd37925f2a3c0f78ba4a3d13e27e20e09d1975cfc1a,official_race_marker_verified,5754.0,flat,dirt,,right,,Class1,0.0,0.0,2610010812,26100108,True,https://www.jra.go.jp/datafile/seiseki/report/2026/2026-1kokura8.pdf,17004歳以上1勝クラス発走16時00分(ダート・右)負担重量は、4歳575歳以上58、牝馬2減,expected_result,,
202605010701,2026.0,東京,1.0,7.0,1,2026-02-21,https://www.jra.go.jp/datafile/seiseki/report/2026/2026-1tokyo7.pdf,b70614aa35793eddc50f4d3b346db018f2a4306aaf4184a0c37ff63525dfc5e6,official_race_marker_verified,5552.0,flat,dirt,,left,0.0,Maiden,0.0,0.0,2605010701,26050107,True,https://www.jra.go.jp/datafile/seiseki/report/2026/2026-1tokyo7.pdf,14003歳未勝利発走10時05分(ダート・左)牝;負担重量は、馬齢重量,expected_result,,
202605010702,2026.0,東京,1.0,7.0,2,2026-02-21,https://www.jra.go.jp/datafile/seiseki/report/2026/2026-1tokyo7.pdf,b70614aa35793eddc50f4d3b346db018f2a4306aaf4184a0c37ff63525dfc5e6,official_race_marker_verified,6612.0,flat,dirt,,left,0.0,Class1,0.0,0.0,2605010702,26050107,True,https://www.jra.go.jp/datafile/seiseki/report/2026/2026-1tokyo7.pdf,14003歳1勝クラス発走10時35分(ダート・左)負担重量は、馬齢重量,expected_result,,
202605010703,2026.0,東京,1.0,7.0,3,2026-02-21,https://www.jra.go.jp/datafile/seiseki/report/2026/2026-1tokyo7.pdf,b70614aa35793eddc50f4d3b346db018f2a4306aaf4184a0c37ff63525dfc5e6,official_race_marker_verified,5553.0,flat,dirt,,left,0.0,Maiden,0.0,0.0,2605010703,26050107,True,https://www.jra.go.jp/datafile/seiseki/report/2026/2026-1tokyo7.pdf,16003歳未勝利発走11時05分(ダート・左)負担重量は、馬齢重量,expected_result,,
202605010704,2026.0,東京,1.0,7.0,4,2026-02-21,https://www.jra.go.jp/datafile/seiseki/report/2026/2026-1tokyo7.pdf,b70614aa35793eddc50f4d3b346db018f2a4306aaf4184a0c37ff63525dfc5e6,official_race_marker_verified,8611.0,flat,dirt,,left,0.0,Newcomer,0.0,0.0,2605010704,26050107,True,https://www.jra.go.jp/datafile/seiseki/report/2026/2026-1tokyo7.pdf,16003歳新馬発走11時35分(ダート・左)負担重量は、馬齢重量,expected_result,,
202605010705,2026.0,東京,1.0,7.0,5,2026-02-21,https://www.jra.go.jp/datafile/seiseki/report/2026/2026-1tokyo7.pdf,b70614aa35793eddc50f4d3b346db018f2a4306aaf4184a0c37ff63525dfc5e6,official_race_marker_verified,2814.0,flat,turf,,left,0.0,Maiden,0.0,0.0,2605010705,26050107,True,https://www.jra.go.jp/datafile/seiseki/report/2026/2026-1tokyo7.pdf,24003歳未勝利発走12時25分(芝・左)負担重量は、馬齢重量,expected_result,,
202605010706,2026.0,東京,1.0,7.0,6,2026-02-21,https://www.jra.go.jp/datafile/seiseki/report/2026/2026-1tokyo7.pdf,b70614aa35793eddc50f4d3b346db018f2a4306aaf4184a0c37ff63525dfc5e6,official_race_marker_verified,5755.0,flat,turf,,left,0.0,Maiden,0.0,0.0,2605010706,26050107,True,https://www.jra.go.jp/datafile/seiseki/report/2026/2026-1tokyo7.pdf,16003歳未勝利発走13時00分(芝・左)負担重量は、馬齢重量,expected_result,,
202605010707,2026.0,東京,1.0,7.0,7,2026-02-21,https://www.jra.go.jp/datafile/seiseki/report/2026/2026-1tokyo7.pdf,b70614aa35793eddc50f4d3b346db018f2a4306aaf4184a0c37ff63525dfc5e6,official_race_marker_verified,6711.0,flat,dirt,,left,,Class1,0.0,0.0,2605010707,26050107,True,https://www.jra.go.jp/datafile/seiseki/report/2026/2026-1tokyo7.pdf,14004歳以上1勝クラス発走13時30分(ダート・左)負担重量は、58、牝馬2減,expected_result,,
202605010708,2026.0,東京,1.0,7.0,8,2026-02-21,https://www.jra.go.jp/datafile/seiseki/report/2026/2026-1tokyo7.pdf,b70614aa35793eddc50f4d3b346db018f2a4306aaf4184a0c37ff63525dfc5e6,official_race_marker_verified,6710.0,flat,turf,,left,,Class2,0.0,0.0,2605010708,26050107,True,https://www.jra.go.jp/datafile/seiseki/report/2026/2026-1tokyo7.pdf,18004歳以上2勝クラス発走14時00分(芝・左)負担重量は、4歳575歳以上58、牝馬2減,expected_result,,
202605010709,2026.0,東京,1.0,7.0,9,2026-02-21,https://www.jra.go.jp/datafile/seiseki/report/2026/2026-1tokyo7.pdf,b70614aa35793eddc50f4d3b346db018f2a4306aaf4184a0c37ff63525dfc5e6,official_race_marker_verified,2000.0,flat,turf,,left,0.0,Class1,0.0,0.0,2605010709,26050107,True,https://www.jra.go.jp/datafile/seiseki/report/2026/2026-1tokyo7.pdf,2000フリージア賞発走14時30分(芝・左)3歳、1勝クラス;負担重量は、馬齢重量賞品,expected_result,,
202605010710,2026.0,東京,1.0,7.0,10,2026-02-21,https://www.jra.go.jp/datafile/seiseki/report/2026/2026-1tokyo7.pdf,b70614aa35793eddc50f4d3b346db018f2a4306aaf4184a0c37ff63525dfc5e6,official_race_marker_verified,2100.0,flat,dirt,,left,,Maiden,0.0,0.0,2605010710,26050107,True,https://www.jra.go.jp/datafile/seiseki/report/2026/2026-1tokyo7.pdf,2100きんてい金蹄ステークス発走15時05分(ダート・左)4歳以上、3勝クラス、除未出走馬および未勝利馬;負担重量は、4歳575歳以上58、牝馬2減賞品,expected_result,,
202605010711,2026.0,東京,1.0,7.0,11,2026-02-21,https://www.jra.go.jp/datafile/seiseki/report/2026/2026-1tokyo7.pdf,b70614aa35793eddc50f4d3b346db018f2a4306aaf4184a0c37ff63525dfc5e6,official_race_marker_verified,3400.0,flat,turf,,left,1.0,Open,1.0,1.0,2605010711,26050107,True,https://www.jra.go.jp/datafile/seiseki/report/2026/2026-1tokyo7.pdf,3400第76回ダイヤモンドステークス(GIII)発走15時45分(芝・左)4歳以上、除未出走馬および未勝利馬;負担重量は、ハンデキャップ賞品,expected_result,,
202605010712,2026.0,東京,1.0,7.0,12,2026-02-21,https://www.jra.go.jp/datafile/seiseki/report/2026/2026-1tokyo7.pdf,b70614aa35793eddc50f4d3b346db018f2a4306aaf4184a0c37ff63525dfc5e6,official_race_marker_verified,5855.0,flat,dirt,,left,,Class1,0.0,0.0,2605010712,26050107,True,https://www.jra.go.jp/datafile/seiseki/report/2026/2026-1tokyo7.pdf,16004歳以上1勝クラス発走16時25分(ダート・左)負担重量は、58、牝馬2減,expected_result,,
202609010101,2026.0,阪神,1.0,1.0,1,2026-02-21,https://www.jra.go.jp/datafile/seiseki/report/2026/2026-1hanshin1.pdf,40d33951d6447a45a4eb57a762de26aead0b2c076c8a6896fda2e882902613ed,official_race_marker_verified,5115.0,flat,dirt,,right,0.0,Maiden,0.0,0.0,2609010101,26090101,True,https://www.jra.go.jp/datafile/seiseki/report/2026/2026-1hanshin1.pdf,12003歳未勝利発走9時55分(ダート・右)牝;負担重量は、馬齢重量,expected_result,,
202609010102,2026.0,阪神,1.0,1.0,2,2026-02-21,https://www.jra.go.jp/datafile/seiseki/report/2026/2026-1hanshin1.pdf,40d33951d6447a45a4eb57a762de26aead0b2c076c8a6896fda2e882902613ed,official_race_marker_verified,6711.0,flat,dirt,,right,0.0,Maiden,0.0,0.0,2609010102,26090101,True,https://www.jra.go.jp/datafile/seiseki/report/2026/2026-1hanshin1.pdf,18003歳未勝利発走10時25分(ダート・右)負担重量は、馬齢重量,expected_result,,
202609010103,2026.0,阪神,1.0,1.0,3,2026-02-21,https://www.jra.go.jp/datafile/seiseki/report/2026/2026-1hanshin1.pdf,40d33951d6447a45a4eb57a762de26aead0b2c076c8a6896fda2e882902613ed,official_race_marker_verified,5612.0,flat,dirt,,right,0.0,Maiden,0.0,0.0,2609010103,26090101,True,https://www.jra.go.jp/datafile/seiseki/report/2026/2026-1hanshin1.pdf,14003歳未勝利発走10時55分(ダート・右)負担重量は、馬齢重量,expected_result,,
202609010104,2026.0,阪神,1.0,1.0,4,2026-02-21,https://www.jra.go.jp/datafile/seiseki/report/2026/2026-1hanshin1.pdf,40d33951d6447a45a4eb57a762de26aead0b2c076c8a6896fda2e882902613ed,official_race_marker_verified,2814.0,flat,dirt,,right,0.0,Newcomer,0.0,0.0,2609010104,26090101,True,https://www.jra.go.jp/datafile/seiseki/report/2026/2026-1hanshin1.pdf,18003歳新馬発走11時25分(ダート・右)負担重量は、馬齢重量,expected_result,,
202609010105,2026.0,阪神,1.0,1.0,5,2026-02-21,https://www.jra.go.jp/datafile/seiseki/report/2026/2026-1hanshin1.pdf,40d33951d6447a45a4eb57a762de26aead0b2c076c8a6896fda2e882902613ed,official_race_marker_verified,9715.0,flat,turf,outer,right,0.0,Maiden,0.0,0.0,2609010105,26090101,True,https://www.jra.go.jp/datafile/seiseki/report/2026/2026-1hanshin1.pdf,16003歳未勝利発走12時15分(芝・右・外)負担重量は、馬齢重量,expected_result,,
202609010106,2026.0,阪神,1.0,1.0,6,2026-02-21,https://www.jra.go.jp/datafile/seiseki/report/2026/2026-1hanshin1.pdf,40d33951d6447a45a4eb57a762de26aead0b2c076c8a6896fda2e882902613ed,official_race_marker_verified,1811.0,flat,turf,outer,right,0.0,Maiden,0.0,0.0,2609010106,26090101,True,https://www.jra.go.jp/datafile/seiseki/report/2026/2026-1hanshin1.pdf,24003歳未勝利発走12時50分(芝・右・外)負担重量は、馬齢重量,expected_result,,
202609010107,2026.0,阪神,1.0,1.0,7,2026-02-21,https://www.jra.go.jp/datafile/seiseki/report/2026/2026-1hanshin1.pdf,40d33951d6447a45a4eb57a762de26aead0b2c076c8a6896fda2e882902613ed,official_race_marker_verified,7337.0,flat,dirt,,right,,Class1,0.0,0.0,2609010107,26090101,True,https://www.jra.go.jp/datafile/seiseki/report/2026/2026-1hanshin1.pdf,14004歳以上1勝クラス発走13時20分(ダート・右)負担重量は、58、牝馬2減,expected_result,,
202609010108,2026.0,阪神,1.0,1.0,8,2026-02-21,https://www.jra.go.jp/datafile/seiseki/report/2026/2026-1hanshin1.pdf,40d33951d6447a45a4eb57a762de26aead0b2c076c8a6896fda2e882902613ed,official_race_marker_verified,2200.0,flat,turf,,right,,Maiden,0.0,0.0,2609010108,26090101,True,https://www.jra.go.jp/datafile/seiseki/report/2026/2026-1hanshin1.pdf,2200すみれステークス(L)発走13時50分(番組第9競走を順序変更)(芝・右)3歳、除未出走馬および未勝利馬;負担重量は、日本馬:馬齢重量、収得賞金1200万円毎1増、:馬齢重量、GI競走1着馬2増、GII競走またはGIII競走1着馬1増賞品,expected_result,,
202609010109,2026.0,阪神,1.0,1.0,9,2026-02-21,https://www.jra.go.jp/datafile/seiseki/report/2026/2026-1hanshin1.pdf,40d33951d6447a45a4eb57a762de26aead0b2c076c8a6896fda2e882902613ed,official_race_marker_verified,8715.0,flat,turf,outer,right,,Class1,0.0,0.0,2609010109,26090101,True,https://www.jra.go.jp/datafile/seiseki/report/2026/2026-1hanshin1.pdf,16004歳以上1勝クラス発走14時20分(番組第8競走を順序変更)(芝・右・外)負担重量は、58、牝馬2減,expected_result,,
202609010110,2026.0,阪神,1.0,1.0,10,2026-02-21,https://www.jra.go.jp/datafile/seiseki/report/2026/2026-1hanshin1.pdf,40d33951d6447a45a4eb57a762de26aead0b2c076c8a6896fda2e882902613ed,official_race_marker_verified,1400.0,flat,dirt,,right,,Maiden,0.0,0.0,2609010110,26090101,True,https://www.jra.go.jp/datafile/seiseki/report/2026/2026-1hanshin1.pdf,1400なると鳴門ステークス発走14時55分(ダート・右)4歳以上、3勝クラス、除未出走馬および未勝利馬;負担重量は、58、牝馬2減賞品,expected_result,,
202609010111,2026.0,阪神,1.0,1.0,11,2026-02-21,https://www.jra.go.jp/datafile/seiseki/report/2026/2026-1hanshin1.pdf,40d33951d6447a45a4eb57a762de26aead0b2c076c8a6896fda2e882902613ed,official_race_marker_verified,1400.0,flat,turf,,right,,Open,1.0,1.0,2609010111,26090101,True,https://www.jra.go.jp/datafile/seiseki/report/2026/2026-1hanshin1.pdf,1400第70回阪急杯(GIII)発走15時30分(芝・右)4歳以上、除未出走馬および未勝利馬;負担重量は、57、牝馬2減、2025.2.22以降GI競走(牝馬限定競走を除く)1着馬2増、牝馬限定GI競走またはGII競走(牝馬限定競走を除く)1着馬1増、2025.2.21以前のGI競走(牝馬限定競走を除く)1着馬1増(ただし2歳時の成績を除く)阪急電鉄株式会社賞(1着)賞品,expected_result,,
202609010112,2026.0,阪神,1.0,1.0,12,2026-02-21,https://www.jra.go.jp/datafile/seiseki/report/2026/2026-1hanshin1.pdf,40d33951d6447a45a4eb57a762de26aead0b2c076c8a6896fda2e882902613ed,official_race_marker_verified,6611.0,flat,dirt,,right,,Class2,0.0,0.0,2609010112,26090101,True,https://www.jra.go.jp/datafile/seiseki/report/2026/2026-1hanshin1.pdf,18004歳以上2勝クラス発走16時10分(ダート・右)負担重量は、4歳575歳以上58、牝馬2減,expected_result,,
202610010901,2026.0,小倉,1.0,9.0,1,2026-02-21,https://www.jra.go.jp/datafile/seiseki/report/2026/2026-1kokura9.pdf,c84ec536cec04fc3d96a251deaa6130d98fc592ad4bcf03ad55a39a667444fa5,official_race_marker_verified,712.0,flat,dirt,,right,0.0,Maiden,0.0,0.0,2610010901,26100109,True,https://www.jra.go.jp/datafile/seiseki/report/2026/2026-1kokura9.pdf,17003歳未勝利発走9時45分(ダート・右)負担重量は、馬齢重量,expected_result,,
202610010902,2026.0,小倉,1.0,9.0,2,2026-02-21,https://www.jra.go.jp/datafile/seiseki/report/2026/2026-1kokura9.pdf,c84ec536cec04fc3d96a251deaa6130d98fc592ad4bcf03ad55a39a667444fa5,official_race_marker_verified,9713.0,flat,turf,,right,0.0,Maiden,0.0,0.0,2610010902,26100109,True,https://www.jra.go.jp/datafile/seiseki/report/2026/2026-1kokura9.pdf,12003歳未勝利発走10時15分(芝・右)牝;負担重量は、馬齢重量,expected_result,,
202610010903,2026.0,小倉,1.0,9.0,3,2026-02-21,https://www.jra.go.jp/datafile/seiseki/report/2026/2026-1kokura9.pdf,c84ec536cec04fc3d96a251deaa6130d98fc592ad4bcf03ad55a39a667444fa5,official_race_marker_verified,5552.0,flat,dirt,,right,0.0,Maiden,0.0,0.0,2610010903,26100109,True,https://www.jra.go.jp/datafile/seiseki/report/2026/2026-1kokura9.pdf,10003歳未勝利発走10時45分(ダート・右)負担重量は、馬齢重量,expected_result,,
202610010904,2026.0,小倉,1.0,9.0,4,2026-02-21,https://www.jra.go.jp/datafile/seiseki/report/2026/2026-1kokura9.pdf,c84ec536cec04fc3d96a251deaa6130d98fc592ad4bcf03ad55a39a667444fa5,official_race_marker_verified,2860.0,obstacle,,,,,Maiden,0.0,0.0,2610010904,26100109,False,https://www.jra.go.jp/datafile/seiseki/report/2026/2026-1kokura9.pdf,2860障害4歳以上未勝利発走11時15分(芝)負担重量は、4歳595歳以上60、牝馬2減,expected_result,,
202610010905,2026.0,小倉,1.0,9.0,5,2026-02-21,https://www.jra.go.jp/datafile/seiseki/report/2026/2026-1kokura9.pdf,c84ec536cec04fc3d96a251deaa6130d98fc592ad4bcf03ad55a39a667444fa5,official_race_marker_verified,3390.0,obstacle,,,,,Open,1.0,0.0,2610010905,26100109,False,https://www.jra.go.jp/datafile/seiseki/report/2026/2026-1kokura9.pdf,3390障害4歳以上オープン発走12時05分(芝)負担重量は、4歳595歳以上60、牝馬2減、収得賞金700万円毎1増,expected_result,,
202610010906,2026.0,小倉,1.0,9.0,6,2026-02-21,https://www.jra.go.jp/datafile/seiseki/report/2026/2026-1kokura9.pdf,c84ec536cec04fc3d96a251deaa6130d98fc592ad4bcf03ad55a39a667444fa5,official_race_marker_verified,5113.0,flat,turf,,right,0.0,Maiden,0.0,0.0,2610010906,26100109,True,https://www.jra.go.jp/datafile/seiseki/report/2026/2026-1kokura9.pdf,18003歳未勝利発走12時40分(芝・右)負担重量は、馬齢重量,expected_result,,
202610010907,2026.0,小倉,1.0,9.0,7,2026-02-21,https://www.jra.go.jp/datafile/seiseki/report/2026/2026-1kokura9.pdf,c84ec536cec04fc3d96a251deaa6130d98fc592ad4bcf03ad55a39a667444fa5,official_race_marker_verified,7815.0,flat,dirt,,right,,Class1,0.0,0.0,2610010907,26100109,True,https://www.jra.go.jp/datafile/seiseki/report/2026/2026-1kokura9.pdf,17004歳以上1勝クラス発走13時10分(ダート・右)負担重量は、4歳575歳以上58、牝馬2減,expected_result,,
202610010908,2026.0,小倉,1.0,9.0,8,2026-02-21,https://www.jra.go.jp/datafile/seiseki/report/2026/2026-1kokura9.pdf,c84ec536cec04fc3d96a251deaa6130d98fc592ad4bcf03ad55a39a667444fa5,official_race_marker_verified,4815.0,flat,turf,,right,,Class1,0.0,0.0,2610010908,26100109,True,https://www.jra.go.jp/datafile/seiseki/report/2026/2026-1kokura9.pdf,18004歳以上1勝クラス発走13時40分(芝・右)牝;負担重量は、4歳555歳以上56,expected_result,,
202610010909,2026.0,小倉,1.0,9.0,9,2026-02-21,https://www.jra.go.jp/datafile/seiseki/report/2026/2026-1kokura9.pdf,c84ec536cec04fc3d96a251deaa6130d98fc592ad4bcf03ad55a39a667444fa5,official_race_marker_verified,1200.0,flat,turf,,right,0.0,Class1,0.0,0.0,2610010909,26100109,True,https://www.jra.go.jp/datafile/seiseki/report/2026/2026-1kokura9.pdf,1200あざみ賞発走14時10分(芝・右)3歳、1勝クラス;負担重量は、馬齢重量賞品,expected_result,,
202610010910,2026.0,小倉,1.0,9.0,10,2026-02-21,https://www.jra.go.jp/datafile/seiseki/report/2026/2026-1kokura9.pdf,c84ec536cec04fc3d96a251deaa6130d98fc592ad4bcf03ad55a39a667444fa5,official_race_marker_verified,2600.0,flat,turf,,right,,Class2,0.0,0.0,2610010910,26100109,True,https://www.jra.go.jp/datafile/seiseki/report/2026/2026-1kokura9.pdf,2600さらくらやま皿倉山特別発走14時45分(芝・右)4歳以上、2勝クラス;負担重量は、4歳575歳以上58、牝馬2減ソウル馬主協会賞(1着)賞品,expected_result,,
202610010911,2026.0,小倉,1.0,9.0,11,2026-02-21,https://www.jra.go.jp/datafile/seiseki/report/2026/2026-1kokura9.pdf,c84ec536cec04fc3d96a251deaa6130d98fc592ad4bcf03ad55a39a667444fa5,official_race_marker_verified,1700.0,flat,dirt,,right,,Maiden,0.0,0.0,2610010911,26100109,True,https://www.jra.go.jp/datafile/seiseki/report/2026/2026-1kokura9.pdf,1700こくらじょう小倉城ステークス発走15時20分(ダート・右)4歳以上、3勝クラス、除未出走馬および未勝利馬;負担重量は、4歳575歳以上58、牝馬2減賞品,expected_result,,
202610010912,2026.0,小倉,1.0,9.0,12,2026-02-21,https://www.jra.go.jp/datafile/seiseki/report/2026/2026-1kokura9.pdf,c84ec536cec04fc3d96a251deaa6130d98fc592ad4bcf03ad55a39a667444fa5,official_race_marker_verified,5653.0,flat,turf,,right,,Class1,0.0,0.0,2610010912,26100109,True,https://www.jra.go.jp/datafile/seiseki/report/2026/2026-1kokura9.pdf,12004歳以上1勝クラス発走16時00分(芝・右)負担重量は、58、牝馬2減,expected_result,,
202605010801,2026.0,東京,1.0,8.0,1,2026-02-22,https://www.jra.go.jp/datafile/seiseki/report/2026/2026-1tokyo8.pdf,2dc6a5b12e1c128496770638cc68c917e5b001c4e8f7c499f9a16e743c8f8f29,official_race_marker_verified,4114.0,flat,dirt,,left,0.0,Maiden,0.0,0.0,2605010801,26050108,True,https://www.jra.go.jp/datafile/seiseki/report/2026/2026-1tokyo8.pdf,14003歳未勝利発走10時05分(ダート・左)負担重量は、馬齢重量,expected_result,,
202605010802,2026.0,東京,1.0,8.0,2,2026-02-22,https://www.jra.go.jp/datafile/seiseki/report/2026/2026-1tokyo8.pdf,2dc6a5b12e1c128496770638cc68c917e5b001c4e8f7c499f9a16e743c8f8f29,official_race_marker_verified,5754.0,flat,dirt,,left,0.0,Maiden,0.0,0.0,2605010802,26050108,True,https://www.jra.go.jp/datafile/seiseki/report/2026/2026-1tokyo8.pdf,21003歳未勝利発走10時35分(ダート・左)負担重量は、馬齢重量,expected_result,,
202605010803,2026.0,東京,1.0,8.0,3,2026-02-22,https://www.jra.go.jp/datafile/seiseki/report/2026/2026-1tokyo8.pdf,2dc6a5b12e1c128496770638cc68c917e5b001c4e8f7c499f9a16e743c8f8f29,official_race_marker_verified,1394.0,flat,dirt,,left,0.0,Newcomer,0.0,0.0,2605010803,26050108,True,https://www.jra.go.jp/datafile/seiseki/report/2026/2026-1tokyo8.pdf,14003歳新馬発走11時05分(ダート・左)負担重量は、馬齢重量,expected_result,,
202605010804,2026.0,東京,1.0,8.0,4,2026-02-22,https://www.jra.go.jp/datafile/seiseki/report/2026/2026-1tokyo8.pdf,2dc6a5b12e1c128496770638cc68c917e5b001c4e8f7c499f9a16e743c8f8f29,official_race_marker_verified,6714.0,flat,turf,,left,0.0,Maiden,0.0,0.0,2605010804,26050108,True,https://www.jra.go.jp/datafile/seiseki/report/2026/2026-1tokyo8.pdf,18003歳未勝利発走11時35分(芝・左)負担重量は、馬齢重量,expected_result,,
202605010805,2026.0,東京,1.0,8.0,5,2026-02-22,https://www.jra.go.jp/datafile/seiseki/report/2026/2026-1tokyo8.pdf,2dc6a5b12e1c128496770638cc68c917e5b001c4e8f7c499f9a16e743c8f8f29,official_race_marker_verified,2235.0,flat,turf,,left,0.0,Class1,0.0,0.0,2605010805,26050108,True,https://www.jra.go.jp/datafile/seiseki/report/2026/2026-1tokyo8.pdf,16003歳1勝クラス発走12時25分(芝・左)負担重量は、馬齢重量,expected_result,,
202605010806,2026.0,東京,1.0,8.0,6,2026-02-22,https://www.jra.go.jp/datafile/seiseki/report/2026/2026-1tokyo8.pdf,2dc6a5b12e1c128496770638cc68c917e5b001c4e8f7c499f9a16e743c8f8f29,official_race_marker_verified,4510.0,flat,turf,,left,,Class1,0.0,0.0,2605010806,26050108,True,https://www.jra.go.jp/datafile/seiseki/report/2026/2026-1tokyo8.pdf,18004歳以上1勝クラス発走12時55分(芝・左)負担重量は、4歳575歳以上58、牝馬2減,expected_result,,
202605010807,2026.0,東京,1.0,8.0,7,2026-02-22,https://www.jra.go.jp/datafile/seiseki/report/2026/2026-1tokyo8.pdf,2dc6a5b12e1c128496770638cc68c917e5b001c4e8f7c499f9a16e743c8f8f29,official_race_marker_verified,2122.0,flat,dirt,,left,,Class2,0.0,0.0,2605010807,26050108,True,https://www.jra.go.jp/datafile/seiseki/report/2026/2026-1tokyo8.pdf,21004歳以上2勝クラス発走13時25分(ダート・左)負担重量は、4歳575歳以上58、牝馬2減,expected_result,,
202605010808,2026.0,東京,1.0,8.0,8,2026-02-22,https://www.jra.go.jp/datafile/seiseki/report/2026/2026-1tokyo8.pdf,2dc6a5b12e1c128496770638cc68c917e5b001c4e8f7c499f9a16e743c8f8f29,official_race_marker_verified,6611.0,flat,turf,,left,,Class2,0.0,0.0,2605010808,26050108,True,https://www.jra.go.jp/datafile/seiseki/report/2026/2026-1tokyo8.pdf,14004歳以上2勝クラス発走13時55分(芝・左)負担重量は、58、牝馬2減,expected_result,,
202605010809,2026.0,東京,1.0,8.0,9,2026-02-22,https://www.jra.go.jp/datafile/seiseki/report/2026/2026-1tokyo8.pdf,2dc6a5b12e1c128496770638cc68c917e5b001c4e8f7c499f9a16e743c8f8f29,official_race_marker_verified,1600.0,flat,dirt,,left,,Maiden,0.0,0.0,2605010809,26050108,True,https://www.jra.go.jp/datafile/seiseki/report/2026/2026-1tokyo8.pdf,1600ヒヤシンスステークス(L)発走14時25分(ダート・左)3歳、除未出走馬および未勝利馬;負担重量は、日本馬:馬齢重量、収得賞金1400万円毎1増、:馬齢重量、GI競走1着馬2増、GII競走またはGIII競走1着馬1増賞品,expected_result,,
202605010810,2026.0,東京,1.0,8.0,10,2026-02-22,https://www.jra.go.jp/datafile/seiseki/report/2026/2026-1tokyo8.pdf,2dc6a5b12e1c128496770638cc68c917e5b001c4e8f7c499f9a16e743c8f8f29,official_race_marker_verified,2000.0,flat,turf,,left,1.0,Maiden,0.0,0.0,2605010810,26050108,True,https://www.jra.go.jp/datafile/seiseki/report/2026/2026-1tokyo8.pdf,2000ジャパンカップ2025年ロンジンワールドベストレース受賞記念発走15時00分(芝・左)4歳以上、3勝クラス、除未出走馬および未勝利馬;負担重量は、ハンデキャップ賞品,expected_result,,
202605010811,2026.0,東京,1.0,8.0,11,2026-02-22,https://www.jra.go.jp/datafile/seiseki/report/2026/2026-1tokyo8.pdf,2dc6a5b12e1c128496770638cc68c917e5b001c4e8f7c499f9a16e743c8f8f29,official_race_marker_verified,1600.0,flat,dirt,,left,,Open,1.0,1.0,2605010811,26050108,True,https://www.jra.go.jp/datafile/seiseki/report/2026/2026-1tokyo8.pdf,1600第43回フェブラリーステークス(GI)発走15時40分(ダート・左)4歳以上、除未出走馬および未勝利馬;負担重量は、58、牝馬2減日本馬主協会連合会会長賞・地方競馬全国協会理事長賞・全国公営競馬主催者協議会会長賞・日本地方競馬馬主振興協会会長賞・ブリーダーズカップチャレンジ賞(1着)賞品,expected_result,,
202605010812,2026.0,東京,1.0,8.0,12,2026-02-22,https://www.jra.go.jp/datafile/seiseki/report/2026/2026-1tokyo8.pdf,2dc6a5b12e1c128496770638cc68c917e5b001c4e8f7c499f9a16e743c8f8f29,official_race_marker_verified,1400.0,flat,dirt,,left,,Class2,0.0,0.0,2605010812,26050108,True,https://www.jra.go.jp/datafile/seiseki/report/2026/2026-1tokyo8.pdf,1400おおしま大島特別発走16時25分(ダート・左)4歳以上、2勝クラス;負担重量は、58、牝馬2減賞品,expected_result,,
202609010201,2026.0,阪神,1.0,2.0,1,2026-02-22,https://www.jra.go.jp/datafile/seiseki/report/2026/2026-1hanshin2.pdf,093da993b3753630911c7785c6ea9f188f0936ae74e5448163dd28c7be139340,official_race_marker_verified,3231.0,flat,dirt,,right,0.0,Maiden,0.0,0.0,2609010201,26090102,True,https://www.jra.go.jp/datafile/seiseki/report/2026/2026-1hanshin2.pdf,18003歳未勝利発走9時55分(ダート・右)牝;負担重量は、馬齢重量,expected_result,,
202609010202,2026.0,阪神,1.0,2.0,2,2026-02-22,https://www.jra.go.jp/datafile/seiseki/report/2026/2026-1hanshin2.pdf,093da993b3753630911c7785c6ea9f188f0936ae74e5448163dd28c7be139340,official_race_marker_verified,8714.0,flat,dirt,,right,0.0,Maiden,0.0,0.0,2609010202,26090102,True,https://www.jra.go.jp/datafile/seiseki/report/2026/2026-1hanshin2.pdf,12003歳未勝利発走10時25分(ダート・右)負担重量は、馬齢重量,expected_result,,
202609010203,2026.0,阪神,1.0,2.0,3,2026-02-22,https://www.jra.go.jp/datafile/seiseki/report/2026/2026-1hanshin2.pdf,093da993b3753630911c7785c6ea9f188f0936ae74e5448163dd28c7be139340,official_race_marker_verified,5754.0,flat,dirt,,right,0.0,Maiden,0.0,0.0,2609010203,26090102,True,https://www.jra.go.jp/datafile/seiseki/report/2026/2026-1hanshin2.pdf,18003歳未勝利発走10時55分(ダート・右)負担重量は、馬齢重量,expected_result,,
202609010204,2026.0,阪神,1.0,2.0,4,2026-02-22,https://www.jra.go.jp/datafile/seiseki/report/2026/2026-1hanshin2.pdf,093da993b3753630911c7785c6ea9f188f0936ae74e5448163dd28c7be139340,official_race_marker_verified,9813.0,flat,dirt,,right,0.0,Newcomer,0.0,0.0,2609010204,26090102,True,https://www.jra.go.jp/datafile/seiseki/report/2026/2026-1hanshin2.pdf,14003歳新馬発走11時25分(ダート・右)負担重量は、馬齢重量,expected_result,,
202609010205,2026.0,阪神,1.0,2.0,5,2026-02-22,https://www.jra.go.jp/datafile/seiseki/report/2026/2026-1hanshin2.pdf,093da993b3753630911c7785c6ea9f188f0936ae74e5448163dd28c7be139340,official_race_marker_verified,1114.0,flat,turf,,right,0.0,Maiden,0.0,0.0,2609010205,26090102,True,https://www.jra.go.jp/datafile/seiseki/report/2026/2026-1hanshin2.pdf,20003歳未勝利発走12時15分(芝・右)負担重量は、馬齢重量,expected_result,,
202609010206,2026.0,阪神,1.0,2.0,6,2026-02-22,https://www.jra.go.jp/datafile/seiseki/report/2026/2026-1hanshin2.pdf,093da993b3753630911c7785c6ea9f188f0936ae74e5448163dd28c7be139340,official_race_marker_verified,3130.0,flat,dirt,,right,0.0,Class1,0.0,0.0,2609010206,26090102,True,https://www.jra.go.jp/datafile/seiseki/report/2026/2026-1hanshin2.pdf,14003歳1勝クラス発走12時45分(ダート・右)負担重量は、馬齢重量,expected_result,,
202609010207,2026.0,阪神,1.0,2.0,7,2026-02-22,https://www.jra.go.jp/datafile/seiseki/report/2026/2026-1hanshin2.pdf,093da993b3753630911c7785c6ea9f188f0936ae74e5448163dd28c7be139340,official_race_marker_verified,4124.0,flat,turf,outer,right,,Class1,0.0,0.0,2609010207,26090102,True,https://www.jra.go.jp/datafile/seiseki/report/2026/2026-1hanshin2.pdf,24004歳以上1勝クラス発走13時15分(芝・右・外)負担重量は、4歳575歳以上58、牝馬2減,expected_result,,
202609010208,2026.0,阪神,1.0,2.0,8,2026-02-22,https://www.jra.go.jp/datafile/seiseki/report/2026/2026-1hanshin2.pdf,093da993b3753630911c7785c6ea9f188f0936ae74e5448163dd28c7be139340,official_race_marker_verified,6221.0,flat,dirt,,right,,Class1,0.0,0.0,2609010208,26090102,True,https://www.jra.go.jp/datafile/seiseki/report/2026/2026-1hanshin2.pdf,18004歳以上1勝クラス発走13時45分(ダート・右)負担重量は、4歳575歳以上58、牝馬2減,expected_result,,
202609010209,2026.0,阪神,1.0,2.0,9,2026-02-22,https://www.jra.go.jp/datafile/seiseki/report/2026/2026-1hanshin2.pdf,093da993b3753630911c7785c6ea9f188f0936ae74e5448163dd28c7be139340,official_race_marker_verified,1600.0,flat,turf,outer,right,1.0,Class2,0.0,0.0,2609010209,26090102,True,https://www.jra.go.jp/datafile/seiseki/report/2026/2026-1hanshin2.pdf,1600てんじんばし天神橋特別発走14時15分(芝・右・外)4歳以上、2勝クラス;負担重量は、ハンデキャップ賞品,expected_result,,
202609010210,2026.0,阪神,1.0,2.0,10,2026-02-22,https://www.jra.go.jp/datafile/seiseki/report/2026/2026-1hanshin2.pdf,093da993b3753630911c7785c6ea9f188f0936ae74e5448163dd28c7be139340,official_race_marker_verified,1400.0,flat,turf,,right,,Maiden,0.0,0.0,2609010210,26090102,True,https://www.jra.go.jp/datafile/seiseki/report/2026/2026-1hanshin2.pdf,1400えびすばし戎橋ステークス発走14時50分(芝・右)4歳以上、3勝クラス、除未出走馬および未勝利馬;負担重量は、58、牝馬2減賞品,expected_result,,
202609010211,2026.0,阪神,1.0,2.0,11,2026-02-22,https://www.jra.go.jp/datafile/seiseki/report/2026/2026-1hanshin2.pdf,093da993b3753630911c7785c6ea9f188f0936ae74e5448163dd28c7be139340,official_race_marker_verified,1200.0,flat,dirt,,right,,Maiden,0.0,0.0,2609010211,26090102,True,https://www.jra.go.jp/datafile/seiseki/report/2026/2026-1hanshin2.pdf,1200れいげつ令月ステークス発走15時25分(ダート・右)4歳以上、除未出走馬および未勝利馬;負担重量は、日本馬:57、牝馬2減、収得賞金1600万円超過馬は超過額1200万円毎1増、:57、牝馬2減、GI競走1着馬5増、GII競走1着馬3増、GIII競走1着馬1増(ただし2歳時の成績を除く)賞品,expected_result,,
202609010212,2026.0,阪神,1.0,2.0,12,2026-02-22,https://www.jra.go.jp/datafile/seiseki/report/2026/2026-1hanshin2.pdf,093da993b3753630911c7785c6ea9f188f0936ae74e5448163dd28c7be139340,official_race_marker_verified,6815.0,flat,dirt,,right,,Class2,0.0,0.0,2609010212,26090102,True,https://www.jra.go.jp/datafile/seiseki/report/2026/2026-1hanshin2.pdf,14004歳以上2勝クラス発走16時10分(ダート・右)負担重量は、58、牝馬2減,expected_result,,
202610011001,2026.0,小倉,1.0,10.0,1,2026-02-22,https://www.jra.go.jp/datafile/seiseki/report/2026/2026-1kokura10.pdf,16bb81edc43b6e8daf7764889b8c4e7d2d38c358577629fda2e030bfe61926d5,official_race_marker_verified,6812.0,flat,dirt,,right,0.0,Maiden,0.0,0.0,2610011001,26100110,True,https://www.jra.go.jp/datafile/seiseki/report/2026/2026-1kokura10.pdf,17003歳未勝利発走9時45分(ダート・右)牝;負担重量は、馬齢重量,expected_result,,
202610011002,2026.0,小倉,1.0,10.0,2,2026-02-22,https://www.jra.go.jp/datafile/seiseki/report/2026/2026-1kokura10.pdf,16bb81edc43b6e8daf7764889b8c4e7d2d38c358577629fda2e030bfe61926d5,official_race_marker_verified,9818.0,flat,turf,,right,0.0,Maiden,0.0,0.0,2610011002,26100110,True,https://www.jra.go.jp/datafile/seiseki/report/2026/2026-1kokura10.pdf,12003歳未勝利発走10時15分(芝・右)負担重量は、馬齢重量,expected_result,,
202610011003,2026.0,小倉,1.0,10.0,3,2026-02-22,https://www.jra.go.jp/datafile/seiseki/report/2026/2026-1kokura10.pdf,16bb81edc43b6e8daf7764889b8c4e7d2d38c358577629fda2e030bfe61926d5,official_race_marker_verified,3153.0,flat,dirt,,right,,Class1,0.0,0.0,2610011003,26100110,True,https://www.jra.go.jp/datafile/seiseki/report/2026/2026-1kokura10.pdf,10004歳以上1勝クラス発走10時45分(ダート・右)負担重量は、58、牝馬2減,expected_result,,
202610011004,2026.0,小倉,1.0,10.0,4,2026-02-22,https://www.jra.go.jp/datafile/seiseki/report/2026/2026-1kokura10.pdf,16bb81edc43b6e8daf7764889b8c4e7d2d38c358577629fda2e030bfe61926d5,official_race_marker_verified,2860.0,obstacle,,,,,Maiden,0.0,0.0,2610011004,26100110,False,https://www.jra.go.jp/datafile/seiseki/report/2026/2026-1kokura10.pdf,2860障害4歳以上未勝利発走11時15分(芝)負担重量は、4歳595歳以上60、牝馬2減,expected_result,,
202610011005,2026.0,小倉,1.0,10.0,5,2026-02-22,https://www.jra.go.jp/datafile/seiseki/report/2026/2026-1kokura10.pdf,16bb81edc43b6e8daf7764889b8c4e7d2d38c358577629fda2e030bfe61926d5,official_race_marker_verified,3813.0,flat,turf,,right,0.0,Maiden,0.0,0.0,2610011005,26100110,True,https://www.jra.go.jp/datafile/seiseki/report/2026/2026-1kokura10.pdf,20003歳未勝利発走12時05分(芝・右)負担重量は、馬齢重量,expected_result,,
202610011006,2026.0,小倉,1.0,10.0,6,2026-02-22,https://www.jra.go.jp/datafile/seiseki/report/2026/2026-1kokura10.pdf,16bb81edc43b6e8daf7764889b8c4e7d2d38c358577629fda2e030bfe61926d5,official_race_marker_verified,8211.0,flat,turf,,right,0.0,Maiden,0.0,0.0,2610011006,26100110,True,https://www.jra.go.jp/datafile/seiseki/report/2026/2026-1kokura10.pdf,18003歳未勝利発走12時35分(芝・右)牝;負担重量は、馬齢重量,expected_result,,
202610011007,2026.0,小倉,1.0,10.0,7,2026-02-22,https://www.jra.go.jp/datafile/seiseki/report/2026/2026-1kokura10.pdf,16bb81edc43b6e8daf7764889b8c4e7d2d38c358577629fda2e030bfe61926d5,official_race_marker_verified,5754.0,flat,dirt,,right,,Class1,0.0,0.0,2610011007,26100110,True,https://www.jra.go.jp/datafile/seiseki/report/2026/2026-1kokura10.pdf,17004歳以上1勝クラス発走13時05分(ダート・右)負担重量は、4歳575歳以上58、牝馬2減,expected_result,,
202610011008,2026.0,小倉,1.0,10.0,8,2026-02-22,https://www.jra.go.jp/datafile/seiseki/report/2026/2026-1kokura10.pdf,16bb81edc43b6e8daf7764889b8c4e7d2d38c358577629fda2e030bfe61926d5,official_race_marker_verified,5855.0,flat,turf,,right,,Class1,0.0,0.0,2610011008,26100110,True,https://www.jra.go.jp/datafile/seiseki/report/2026/2026-1kokura10.pdf,20004歳以上1勝クラス発走13時35分(芝・右)負担重量は、4歳575歳以上58、牝馬2減,expected_result,,
202610011009,2026.0,小倉,1.0,10.0,9,2026-02-22,https://www.jra.go.jp/datafile/seiseki/report/2026/2026-1kokura10.pdf,16bb81edc43b6e8daf7764889b8c4e7d2d38c358577629fda2e030bfe61926d5,official_race_marker_verified,1800.0,flat,turf,,right,,Class1,0.0,0.0,2610011009,26100110,True,https://www.jra.go.jp/datafile/seiseki/report/2026/2026-1kokura10.pdf,1800たかちほ高千穂特別発走14時05分(芝・右)4歳以上、1勝クラス;負担重量は、4歳575歳以上58、牝馬2減賞品,expected_result,,
202610011010,2026.0,小倉,1.0,10.0,10,2026-02-22,https://www.jra.go.jp/datafile/seiseki/report/2026/2026-1kokura10.pdf,16bb81edc43b6e8daf7764889b8c4e7d2d38c358577629fda2e030bfe61926d5,official_race_marker_verified,1700.0,flat,dirt,,right,,Class2,0.0,0.0,2610011010,26100110,True,https://www.jra.go.jp/datafile/seiseki/report/2026/2026-1kokura10.pdf,1700めかり和布刈特別発走14時40分(ダート・右)4歳以上、2勝クラス;負担重量は、4歳575歳以上58、牝馬2減賞品,expected_result,,
202610011011,2026.0,小倉,1.0,10.0,11,2026-02-22,https://www.jra.go.jp/datafile/seiseki/report/2026/2026-1kokura10.pdf,16bb81edc43b6e8daf7764889b8c4e7d2d38c358577629fda2e030bfe61926d5,official_race_marker_verified,1800.0,flat,turf,,right,1.0,Open,1.0,1.0,2610011011,26100110,True,https://www.jra.go.jp/datafile/seiseki/report/2026/2026-1kokura10.pdf,1800第60回小倉大賞典(GIII)発走15時15分(芝・右)4歳以上、除未出走馬および未勝利馬;負担重量は、ハンデキャップ福岡県知事賞(1着)賞品,expected_result,,
202610011012,2026.0,小倉,1.0,10.0,12,2026-02-22,https://www.jra.go.jp/datafile/seiseki/report/2026/2026-1kokura10.pdf,16bb81edc43b6e8daf7764889b8c4e7d2d38c358577629fda2e030bfe61926d5,official_race_marker_verified,3715.0,flat,turf,,right,,Class1,0.0,0.0,2610011012,26100110,True,https://www.jra.go.jp/datafile/seiseki/report/2026/2026-1kokura10.pdf,12004歳以上1勝クラス発走16時00分(芝・右)牝;負担重量は、56,expected_result,,
202606020101,2026.0,中山,2.0,1.0,1,2026-02-28,https://www.jra.go.jp/datafile/seiseki/report/2026/2026-2nakayama1.pdf,02833d505c9b503fac9bed4485e024e28d05c0ed21e3f0c96bf5580685690d98,official_race_marker_verified,6816.0,flat,dirt,,right,0.0,Maiden,0.0,0.0,2606020101,26060201,True,https://www.jra.go.jp/datafile/seiseki/report/2026/2026-2nakayama1.pdf,12003歳未勝利発走10時05分(ダート・右)牝;負担重量は、馬齢重量,expected_result,,
202606020102,2026.0,中山,2.0,1.0,2,2026-02-28,https://www.jra.go.jp/datafile/seiseki/report/2026/2026-2nakayama1.pdf,02833d505c9b503fac9bed4485e024e28d05c0ed21e3f0c96bf5580685690d98,official_race_marker_verified,1815.0,flat,dirt,,right,0.0,Maiden,0.0,0.0,2606020102,26060201,True,https://www.jra.go.jp/datafile/seiseki/report/2026/2026-2nakayama1.pdf,18003歳未勝利発走10時35分(ダート・右)負担重量は、馬齢重量,expected_result,,
202606020103,2026.0,中山,2.0,1.0,3,2026-02-28,https://www.jra.go.jp/datafile/seiseki/report/2026/2026-2nakayama1.pdf,02833d505c9b503fac9bed4485e024e28d05c0ed21e3f0c96bf5580685690d98,official_race_marker_verified,1714.0,flat,dirt,,right,0.0,Maiden,0.0,0.0,2606020103,26060201,True,https://www.jra.go.jp/datafile/seiseki/report/2026/2026-2nakayama1.pdf,12003歳未勝利発走11時05分(ダート・右)負担重量は、馬齢重量,expected_result,,
202606020104,2026.0,中山,2.0,1.0,4,2026-02-28,https://www.jra.go.jp/datafile/seiseki/report/2026/2026-2nakayama1.pdf,02833d505c9b503fac9bed4485e024e28d05c0ed21e3f0c96bf5580685690d98,official_race_marker_verified,5710.0,flat,dirt,,right,0.0,Maiden,0.0,0.0,2606020104,26060201,True,https://www.jra.go.jp/datafile/seiseki/report/2026/2026-2nakayama1.pdf,18003歳未勝利発走11時35分(ダート・右)負担重量は、馬齢重量,expected_result,,
202606020105,2026.0,中山,2.0,1.0,5,2026-02-28,https://www.jra.go.jp/datafile/seiseki/report/2026/2026-2nakayama1.pdf,02833d505c9b503fac9bed4485e024e28d05c0ed21e3f0c96bf5580685690d98,official_race_marker_verified,9715.0,flat,turf,,right,0.0,Maiden,0.0,0.0,2606020105,26060201,True,https://www.jra.go.jp/datafile/seiseki/report/2026/2026-2nakayama1.pdf,20003歳未勝利発走12時25分(芝・右)負担重量は、馬齢重量,expected_result,,
202606020106,2026.0,中山,2.0,1.0,6,2026-02-28,https://www.jra.go.jp/datafile/seiseki/report/2026/2026-2nakayama1.pdf,02833d505c9b503fac9bed4485e024e28d05c0ed21e3f0c96bf5580685690d98,official_race_marker_verified,5552.0,flat,turf,,right,0.0,Class1,0.0,0.0,2606020106,26060201,True,https://www.jra.go.jp/datafile/seiseki/report/2026/2026-2nakayama1.pdf,18003歳1勝クラス発走13時00分(芝・右)牝;負担重量は、馬齢重量,expected_result,,
202606020107,2026.0,中山,2.0,1.0,7,2026-02-28,https://www.jra.go.jp/datafile/seiseki/report/2026/2026-2nakayama1.pdf,02833d505c9b503fac9bed4485e024e28d05c0ed21e3f0c96bf5580685690d98,official_race_marker_verified,713.0,flat,dirt,,right,,Class1,0.0,0.0,2606020107,26060201,True,https://www.jra.go.jp/datafile/seiseki/report/2026/2026-2nakayama1.pdf,18004歳以上1勝クラス発走13時30分(ダート・右)負担重量は、4歳575歳以上58、牝馬2減,expected_result,,
202606020108,2026.0,中山,2.0,1.0,8,2026-02-28,https://www.jra.go.jp/datafile/seiseki/report/2026/2026-2nakayama1.pdf,02833d505c9b503fac9bed4485e024e28d05c0ed21e3f0c96bf5580685690d98,official_race_marker_verified,1112.0,flat,turf,outer,right,,Class2,0.0,0.0,2606020108,26060201,True,https://www.jra.go.jp/datafile/seiseki/report/2026/2026-2nakayama1.pdf,16004歳以上2勝クラス発走14時00分(芝・右・外)負担重量は、58、牝馬2減,expected_result,,
202606020109,2026.0,中山,2.0,1.0,9,2026-02-28,https://www.jra.go.jp/datafile/seiseki/report/2026/2026-2nakayama1.pdf,02833d505c9b503fac9bed4485e024e28d05c0ed21e3f0c96bf5580685690d98,official_race_marker_verified,2200.0,flat,turf,outer,right,0.0,Class1,0.0,0.0,2606020109,26060201,True,https://www.jra.go.jp/datafile/seiseki/report/2026/2026-2nakayama1.pdf,2200すいせん水仙賞発走14時30分(芝・右・外)3歳、1勝クラス;負担重量は、馬齢重量賞品,expected_result,,
202606020110,2026.0,中山,2.0,1.0,10,2026-02-28,https://www.jra.go.jp/datafile/seiseki/report/2026/2026-2nakayama1.pdf,02833d505c9b503fac9bed4485e024e28d05c0ed21e3f0c96bf5580685690d98,official_race_marker_verified,1200.0,flat,dirt,,right,1.0,Maiden,0.0,0.0,2606020110,26060201,True,https://www.jra.go.jp/datafile/seiseki/report/2026/2026-2nakayama1.pdf,1200はるかぜ春風ステークス発走15時05分(ダート・右)4歳以上、3勝クラス、除未出走馬および未勝利馬;負担重量は、ハンデキャップ賞品,expected_result,,
202606020111,2026.0,中山,2.0,1.0,11,2026-02-28,https://www.jra.go.jp/datafile/seiseki/report/2026/2026-2nakayama1.pdf,02833d505c9b503fac9bed4485e024e28d05c0ed21e3f0c96bf5580685690d98,official_race_marker_verified,1200.0,flat,turf,outer,right,,Open,1.0,1.0,2606020111,26060201,True,https://www.jra.go.jp/datafile/seiseki/report/2026/2026-2nakayama1.pdf,1200第21回オーシャンステークス(GIII)発走15時45分(芝・右・外)4歳以上、除未出走馬および未勝利馬;負担重量は、57、牝馬2減、2025.3.1以降GI競走(牝馬限定競走を除く)1着馬2増、牝馬限定GI競走またはGII競走(牝馬限定競走を除く)1着馬1増、2025.2.28以前のGI競走(牝馬限定競走を除く)1着馬1増(ただし2歳時の成績を除く)賞品,expected_result,,
202606020112,2026.0,中山,2.0,1.0,12,2026-02-28,https://www.jra.go.jp/datafile/seiseki/report/2026/2026-2nakayama1.pdf,02833d505c9b503fac9bed4485e024e28d05c0ed21e3f0c96bf5580685690d98,official_race_marker_verified,3713.0,flat,dirt,,right,,Class2,0.0,0.0,2606020112,26060201,True,https://www.jra.go.jp/datafile/seiseki/report/2026/2026-2nakayama1.pdf,18004歳以上2勝クラス発走16時25分(ダート・右)負担重量は、4歳575歳以上58、牝馬2減,expected_result,,
202609010301,2026.0,阪神,1.0,3.0,1,2026-02-28,https://www.jra.go.jp/datafile/seiseki/report/2026/2026-1hanshin3.pdf,20c00e1a52231733d10b73f8d3a154ad9911561e1d2bf01f434b502fae583761,official_race_marker_verified,6816.0,flat,dirt,,right,0.0,Maiden,0.0,0.0,2609010301,26090103,True,https://www.jra.go.jp/datafile/seiseki/report/2026/2026-1hanshin3.pdf,14003歳未勝利発走9時55分(ダート・右)牝;負担重量は、馬齢重量,expected_result,,
202609010302,2026.0,阪神,1.0,3.0,2,2026-02-28,https://www.jra.go.jp/datafile/seiseki/report/2026/2026-1hanshin3.pdf,20c00e1a52231733d10b73f8d3a154ad9911561e1d2bf01f434b502fae583761,official_race_marker_verified,2711.0,flat,dirt,,right,0.0,Maiden,0.0,0.0,2609010302,26090103,True,https://www.jra.go.jp/datafile/seiseki/report/2026/2026-1hanshin3.pdf,18003歳未勝利発走10時25分(ダート・右)負担重量は、馬齢重量,expected_result,,
202609010303,2026.0,阪神,1.0,3.0,3,2026-02-28,https://www.jra.go.jp/datafile/seiseki/report/2026/2026-1hanshin3.pdf,20c00e1a52231733d10b73f8d3a154ad9911561e1d2bf01f434b502fae583761,official_race_marker_verified,5552.0,flat,dirt,,right,0.0,Maiden,0.0,0.0,2609010303,26090103,True,https://www.jra.go.jp/datafile/seiseki/report/2026/2026-1hanshin3.pdf,12003歳未勝利発走10時55分(ダート・右)負担重量は、馬齢重量,expected_result,,
202609010304,2026.0,阪神,1.0,3.0,4,2026-02-28,https://www.jra.go.jp/datafile/seiseki/report/2026/2026-1hanshin3.pdf,20c00e1a52231733d10b73f8d3a154ad9911561e1d2bf01f434b502fae583761,official_race_marker_verified,1242.0,flat,dirt,,right,0.0,Maiden,0.0,0.0,2609010304,26090103,True,https://www.jra.go.jp/datafile/seiseki/report/2026/2026-1hanshin3.pdf,18003歳未勝利発走11時25分(ダート・右)負担重量は、馬齢重量,expected_result,,
202609010305,2026.0,阪神,1.0,3.0,5,2026-02-28,https://www.jra.go.jp/datafile/seiseki/report/2026/2026-1hanshin3.pdf,20c00e1a52231733d10b73f8d3a154ad9911561e1d2bf01f434b502fae583761,official_race_marker_verified,6712.0,flat,turf,outer,right,0.0,Maiden,0.0,0.0,2609010305,26090103,True,https://www.jra.go.jp/datafile/seiseki/report/2026/2026-1hanshin3.pdf,18003歳未勝利発走12時15分(芝・右・外)負担重量は、馬齢重量,expected_result,,
202609010306,2026.0,阪神,1.0,3.0,6,2026-02-28,https://www.jra.go.jp/datafile/seiseki/report/2026/2026-1hanshin3.pdf,20c00e1a52231733d10b73f8d3a154ad9911561e1d2bf01f434b502fae583761,official_race_marker_verified,1198.0,flat,dirt,,right,,Class1,0.0,0.0,2609010306,26090103,True,https://www.jra.go.jp/datafile/seiseki/report/2026/2026-1hanshin3.pdf,18004歳以上1勝クラス発走12時50分(ダート・右)負担重量は、4歳575歳以上58、牝馬2減,expected_result,,
202609010307,2026.0,阪神,1.0,3.0,7,2026-02-28,https://www.jra.go.jp/datafile/seiseki/report/2026/2026-1hanshin3.pdf,20c00e1a52231733d10b73f8d3a154ad9911561e1d2bf01f434b502fae583761,official_race_marker_verified,5713.0,flat,dirt,,right,,Class1,0.0,0.0,2609010307,26090103,True,https://www.jra.go.jp/datafile/seiseki/report/2026/2026-1hanshin3.pdf,14004歳以上1勝クラス発走13時20分(ダート・右)負担重量は、58、牝馬2減,expected_result,,
202609010308,2026.0,阪神,1.0,3.0,8,2026-02-28,https://www.jra.go.jp/datafile/seiseki/report/2026/2026-1hanshin3.pdf,20c00e1a52231733d10b73f8d3a154ad9911561e1d2bf01f434b502fae583761,official_race_marker_verified,5552.0,flat,dirt,,right,,Class2,0.0,0.0,2609010308,26090103,True,https://www.jra.go.jp/datafile/seiseki/report/2026/2026-1hanshin3.pdf,18004歳以上2勝クラス発走13時50分(ダート・右)牝;負担重量は、4歳555歳以上56,expected_result,,
202609010309,2026.0,阪神,1.0,3.0,9,2026-02-28,https://www.jra.go.jp/datafile/seiseki/report/2026/2026-1hanshin3.pdf,20c00e1a52231733d10b73f8d3a154ad9911561e1d2bf01f434b502fae583761,official_race_marker_verified,3000.0,flat,turf,,right,1.0,Maiden,0.0,0.0,2609010309,26090103,True,https://www.jra.go.jp/datafile/seiseki/report/2026/2026-1hanshin3.pdf,3000しょうらい松籟ステークス発走14時20分(芝・右)4歳以上、3勝クラス、除未出走馬および未勝利馬;負担重量は、ハンデキャップ賞品,expected_result,,
202609010310,2026.0,阪神,1.0,3.0,10,2026-02-28,https://www.jra.go.jp/datafile/seiseki/report/2026/2026-1hanshin3.pdf,20c00e1a52231733d10b73f8d3a154ad9911561e1d2bf01f434b502fae583761,official_race_marker_verified,1200.0,flat,turf,,right,,Maiden,0.0,0.0,2609010310,26090103,True,https://www.jra.go.jp/datafile/seiseki/report/2026/2026-1hanshin3.pdf,1200マーガレットステークス(L)発走14時55分(芝・右)3歳、除未出走馬および未勝利馬;負担重量は、日本馬:馬齢重量、収得賞金1200万円毎1増、:馬齢重量、GI競走1着馬2増、GII競走またはGIII競走1着馬1増賞品,expected_result,,
202609010311,2026.0,阪神,1.0,3.0,11,2026-02-28,https://www.jra.go.jp/datafile/seiseki/report/2026/2026-1hanshin3.pdf,20c00e1a52231733d10b73f8d3a154ad9911561e1d2bf01f434b502fae583761,official_race_marker_verified,2000.0,flat,dirt,,right,1.0,Maiden,0.0,0.0,2609010311,26090103,True,https://www.jra.go.jp/datafile/seiseki/report/2026/2026-1hanshin3.pdf,2000にがわ仁川ステークス(L)発走15時30分(ダート・右)4歳以上、除未出走馬および未勝利馬;負担重量は、ハンデキャップ賞品,expected_result,,
202609010312,2026.0,阪神,1.0,3.0,12,2026-02-28,https://www.jra.go.jp/datafile/seiseki/report/2026/2026-1hanshin3.pdf,20c00e1a52231733d10b73f8d3a154ad9911561e1d2bf01f434b502fae583761,official_race_marker_verified,7113.0,flat,turf,,right,,Class2,0.0,0.0,2609010312,26090103,True,https://www.jra.go.jp/datafile/seiseki/report/2026/2026-1hanshin3.pdf,14004歳以上2勝クラス発走16時10分(芝・右)負担重量は、58、牝馬2減,expected_result,,
202610011101,2026.0,小倉,1.0,11.0,1,2026-02-28,https://www.jra.go.jp/datafile/seiseki/report/2026/2026-1kokura11.pdf,08a730ef60a9a28917ba34bb35b81839c694648b315be907d4b7ae98f67d5908,official_race_marker_verified,7314.0,flat,dirt,,right,0.0,Maiden,0.0,0.0,2610011101,26100111,True,https://www.jra.go.jp/datafile/seiseki/report/2026/2026-1kokura11.pdf,17003歳未勝利発走9時45分(ダート・右)牝;負担重量は、馬齢重量,expected_result,,
202610011102,2026.0,小倉,1.0,11.0,2,2026-02-28,https://www.jra.go.jp/datafile/seiseki/report/2026/2026-1kokura11.pdf,08a730ef60a9a28917ba34bb35b81839c694648b315be907d4b7ae98f67d5908,official_race_marker_verified,5552.0,flat,turf,,right,0.0,Maiden,0.0,0.0,2610011102,26100111,True,https://www.jra.go.jp/datafile/seiseki/report/2026/2026-1kokura11.pdf,12003歳未勝利発走10時15分(芝・右)負担重量は、馬齢重量,expected_result,,
202610011103,2026.0,小倉,1.0,11.0,3,2026-02-28,https://www.jra.go.jp/datafile/seiseki/report/2026/2026-1kokura11.pdf,08a730ef60a9a28917ba34bb35b81839c694648b315be907d4b7ae98f67d5908,official_race_marker_verified,5854.0,flat,dirt,,right,,Class1,0.0,0.0,2610011103,26100111,True,https://www.jra.go.jp/datafile/seiseki/report/2026/2026-1kokura11.pdf,10004歳以上1勝クラス発走10時45分(ダート・右)負担重量は、58、牝馬2減,expected_result,,
202610011104,2026.0,小倉,1.0,11.0,4,2026-02-28,https://www.jra.go.jp/datafile/seiseki/report/2026/2026-1kokura11.pdf,08a730ef60a9a28917ba34bb35b81839c694648b315be907d4b7ae98f67d5908,official_race_marker_verified,2860.0,obstacle,,,,,Maiden,0.0,0.0,2610011104,26100111,False,https://www.jra.go.jp/datafile/seiseki/report/2026/2026-1kokura11.pdf,2860障害4歳以上未勝利発走11時15分(芝)負担重量は、4歳595歳以上60、牝馬2減,expected_result,,
202610011105,2026.0,小倉,1.0,11.0,5,2026-02-28,https://www.jra.go.jp/datafile/seiseki/report/2026/2026-1kokura11.pdf,08a730ef60a9a28917ba34bb35b81839c694648b315be907d4b7ae98f67d5908,official_race_marker_verified,2860.0,obstacle,,,,,Open,1.0,0.0,2610011105,26100111,False,https://www.jra.go.jp/datafile/seiseki/report/2026/2026-1kokura11.pdf,2860障害4歳以上オープン発走12時05分(芝)負担重量は、4歳595歳以上60、牝馬2減、収得賞金400万円超過馬は超過額300万円毎1増,expected_result,,
202610011106,2026.0,小倉,1.0,11.0,6,2026-02-28,https://www.jra.go.jp/datafile/seiseki/report/2026/2026-1kokura11.pdf,08a730ef60a9a28917ba34bb35b81839c694648b315be907d4b7ae98f67d5908,official_race_marker_verified,6713.0,flat,turf,,right,0.0,Maiden,0.0,0.0,2610011106,26100111,True,https://www.jra.go.jp/datafile/seiseki/report/2026/2026-1kokura11.pdf,20003歳未勝利発走12時40分(芝・右)負担重量は、馬齢重量,expected_result,,
202610011107,2026.0,小倉,1.0,11.0,7,2026-02-28,https://www.jra.go.jp/datafile/seiseki/report/2026/2026-1kokura11.pdf,08a730ef60a9a28917ba34bb35b81839c694648b315be907d4b7ae98f67d5908,official_race_marker_verified,1752.0,flat,dirt,,right,0.0,Class1,0.0,0.0,2610011107,26100111,True,https://www.jra.go.jp/datafile/seiseki/report/2026/2026-1kokura11.pdf,17003歳1勝クラス発走13時10分(ダート・右)負担重量は、馬齢重量,expected_result,,
202610011108,2026.0,小倉,1.0,11.0,8,2026-02-28,https://www.jra.go.jp/datafile/seiseki/report/2026/2026-1kokura11.pdf,08a730ef60a9a28917ba34bb35b81839c694648b315be907d4b7ae98f67d5908,official_race_marker_verified,3114.0,flat,turf,,right,,Class1,0.0,0.0,2610011108,26100111,True,https://www.jra.go.jp/datafile/seiseki/report/2026/2026-1kokura11.pdf,20004歳以上1勝クラス発走13時40分(芝・右)牝;負担重量は、4歳555歳以上56,expected_result,,
202610011109,2026.0,小倉,1.0,11.0,9,2026-02-28,https://www.jra.go.jp/datafile/seiseki/report/2026/2026-1kokura11.pdf,08a730ef60a9a28917ba34bb35b81839c694648b315be907d4b7ae98f67d5908,official_race_marker_verified,2600.0,flat,turf,,right,,Class1,0.0,0.0,2610011109,26100111,True,https://www.jra.go.jp/datafile/seiseki/report/2026/2026-1kokura11.pdf,2600せふりさん脊振山特別発走14時10分(芝・右)4歳以上、1勝クラス;負担重量は、4歳575歳以上58、牝馬2減賞品,expected_result,,
202610011110,2026.0,小倉,1.0,11.0,10,2026-02-28,https://www.jra.go.jp/datafile/seiseki/report/2026/2026-1kokura11.pdf,08a730ef60a9a28917ba34bb35b81839c694648b315be907d4b7ae98f67d5908,official_race_marker_verified,1700.0,flat,dirt,,right,1.0,Class2,0.0,0.0,2610011110,26100111,True,https://www.jra.go.jp/datafile/seiseki/report/2026/2026-1kokura11.pdf,1700はやとも早鞆特別発走14時45分(ダート・右)4歳以上、2勝クラス;負担重量は、ハンデキャップ賞品,expected_result,,
202610011111,2026.0,小倉,1.0,11.0,11,2026-02-28,https://www.jra.go.jp/datafile/seiseki/report/2026/2026-1kokura11.pdf,08a730ef60a9a28917ba34bb35b81839c694648b315be907d4b7ae98f67d5908,official_race_marker_verified,2000.0,flat,turf,,right,,Class2,0.0,0.0,2610011111,26100111,True,https://www.jra.go.jp/datafile/seiseki/report/2026/2026-1kokura11.pdf,2000べっぷ別府特別発走15時20分(芝・右)4歳以上、2勝クラス;負担重量は、4歳575歳以上58、牝馬2減賞品,expected_result,,
202610011112,2026.0,小倉,1.0,11.0,12,2026-02-28,https://www.jra.go.jp/datafile/seiseki/report/2026/2026-1kokura11.pdf,08a730ef60a9a28917ba34bb35b81839c694648b315be907d4b7ae98f67d5908,official_race_marker_verified,6510.0,flat,turf,,right,,Class1,0.0,0.0,2610011112,26100111,True,https://www.jra.go.jp/datafile/seiseki/report/2026/2026-1kokura11.pdf,12004歳以上1勝クラス発走16時00分(芝・右)負担重量は、58、牝馬2減,expected_result,,
202606020201,2026.0,中山,2.0,2.0,1,2026-03-01,https://www.jra.go.jp/datafile/seiseki/report/2026/2026-2nakayama2.pdf,e9864c2a7946d49a66b4415d7b9fe37dd7d3237e5e707a757eb0d1ccdbbb39f4,official_race_marker_verified,9612.0,flat,dirt,,right,0.0,Maiden,0.0,0.0,2606020201,26060202,True,https://www.jra.go.jp/datafile/seiseki/report/2026/2026-2nakayama2.pdf,18003歳未勝利発走10時05分(ダート・右)牝;負担重量は、馬齢重量,expected_result,,
202606020202,2026.0,中山,2.0,2.0,2,2026-03-01,https://www.jra.go.jp/datafile/seiseki/report/2026/2026-2nakayama2.pdf,e9864c2a7946d49a66b4415d7b9fe37dd7d3237e5e707a757eb0d1ccdbbb39f4,official_race_marker_verified,3816.0,flat,dirt,,right,0.0,Maiden,0.0,0.0,2606020202,26060202,True,https://www.jra.go.jp/datafile/seiseki/report/2026/2026-2nakayama2.pdf,18003歳未勝利発走10時35分(ダート・右)負担重量は、馬齢重量,expected_result,,
202606020203,2026.0,中山,2.0,2.0,3,2026-03-01,https://www.jra.go.jp/datafile/seiseki/report/2026/2026-2nakayama2.pdf,e9864c2a7946d49a66b4415d7b9fe37dd7d3237e5e707a757eb0d1ccdbbb39f4,official_race_marker_verified,3713.0,flat,dirt,,right,0.0,Maiden,0.0,0.0,2606020203,26060202,True,https://www.jra.go.jp/datafile/seiseki/report/2026/2026-2nakayama2.pdf,12003歳未勝利発走11時05分(ダート・右)負担重量は、馬齢重量,expected_result,,
202606020204,2026.0,中山,2.0,2.0,4,2026-03-01,https://www.jra.go.jp/datafile/seiseki/report/2026/2026-2nakayama2.pdf,e9864c2a7946d49a66b4415d7b9fe37dd7d3237e5e707a757eb0d1ccdbbb39f4,official_race_marker_verified,5754.0,flat,dirt,,right,0.0,Class1,0.0,0.0,2606020204,26060202,True,https://www.jra.go.jp/datafile/seiseki/report/2026/2026-2nakayama2.pdf,18003歳1勝クラス発走11時35分(ダート・右)負担重量は、馬齢重量,expected_result,,
202606020205,2026.0,中山,2.0,2.0,5,2026-03-01,https://www.jra.go.jp/datafile/seiseki/report/2026/2026-2nakayama2.pdf,e9864c2a7946d49a66b4415d7b9fe37dd7d3237e5e707a757eb0d1ccdbbb39f4,official_race_marker_verified,5755.0,flat,turf,outer,right,0.0,Maiden,0.0,0.0,2606020205,26060202,True,https://www.jra.go.jp/datafile/seiseki/report/2026/2026-2nakayama2.pdf,16003歳未勝利発走12時25分(芝・右・外)負担重量は、馬齢重量,expected_result,,
202606020206,2026.0,中山,2.0,2.0,6,2026-03-01,https://www.jra.go.jp/datafile/seiseki/report/2026/2026-2nakayama2.pdf,e9864c2a7946d49a66b4415d7b9fe37dd7d3237e5e707a757eb0d1ccdbbb39f4,official_race_marker_verified,4814.0,flat,dirt,,right,,Class1,0.0,0.0,2606020206,26060202,True,https://www.jra.go.jp/datafile/seiseki/report/2026/2026-2nakayama2.pdf,18004歳以上1勝クラス発走12時55分(ダート・右)牝;負担重量は、4歳555歳以上56,expected_result,,
202606020207,2026.0,中山,2.0,2.0,7,2026-03-01,https://www.jra.go.jp/datafile/seiseki/report/2026/2026-2nakayama2.pdf,e9864c2a7946d49a66b4415d7b9fe37dd7d3237e5e707a757eb0d1ccdbbb39f4,official_race_marker_verified,8812.0,flat,turf,outer,right,0.0,Class1,0.0,0.0,2606020207,26060202,True,https://www.jra.go.jp/datafile/seiseki/report/2026/2026-2nakayama2.pdf,16003歳1勝クラス発走13時25分(芝・右・外)負担重量は、馬齢重量,expected_result,,
202606020208,2026.0,中山,2.0,2.0,8,2026-03-01,https://www.jra.go.jp/datafile/seiseki/report/2026/2026-2nakayama2.pdf,e9864c2a7946d49a66b4415d7b9fe37dd7d3237e5e707a757eb0d1ccdbbb39f4,official_race_marker_verified,5855.0,flat,dirt,,right,,Class1,0.0,0.0,2606020208,26060202,True,https://www.jra.go.jp/datafile/seiseki/report/2026/2026-2nakayama2.pdf,12004歳以上1勝クラス発走13時55分(ダート・右)負担重量は、58、牝馬2減,expected_result,,
202606020209,2026.0,中山,2.0,2.0,9,2026-03-01,https://www.jra.go.jp/datafile/seiseki/report/2026/2026-2nakayama2.pdf,e9864c2a7946d49a66b4415d7b9fe37dd7d3237e5e707a757eb0d1ccdbbb39f4,official_race_marker_verified,2000.0,flat,turf,,right,,Class2,0.0,0.0,2606020209,26060202,True,https://www.jra.go.jp/datafile/seiseki/report/2026/2026-2nakayama2.pdf,2000とみさと富里特別発走14時25分(芝・右)4歳以上、2勝クラス;負担重量は、4歳575歳以上58、牝馬2減富里市長賞(1着)賞品,expected_result,,
202606020210,2026.0,中山,2.0,2.0,10,2026-03-01,https://www.jra.go.jp/datafile/seiseki/report/2026/2026-2nakayama2.pdf,e9864c2a7946d49a66b4415d7b9fe37dd7d3237e5e707a757eb0d1ccdbbb39f4,official_race_marker_verified,1200.0,flat,turf,outer,right,,Maiden,0.0,0.0,2606020210,26060202,True,https://www.jra.go.jp/datafile/seiseki/report/2026/2026-2nakayama2.pdf,1200アクアマリンステークス発走15時00分(芝・右・外)4歳以上、3勝クラス、除未出走馬および未勝利馬;負担重量は、58、牝馬2減賞品,expected_result,,
202606020211,2026.0,中山,2.0,2.0,11,2026-03-01,https://www.jra.go.jp/datafile/seiseki/report/2026/2026-2nakayama2.pdf,e9864c2a7946d49a66b4415d7b9fe37dd7d3237e5e707a757eb0d1ccdbbb39f4,official_race_marker_verified,1800.0,flat,turf,,right,,Open,1.0,1.0,2606020211,26060202,True,https://www.jra.go.jp/datafile/seiseki/report/2026/2026-2nakayama2.pdf,1800第100回中山記念(GII)発走15時45分(芝・右)4歳以上、除未出走馬および未勝利馬;負担重量は、4歳565歳以上57、牝馬2減、2025.3.1以降GI競走(牝馬限定競走を除く)1着馬2増、牝馬限定GI競走またはGII競走(牝馬限定競走を除く)1着馬1増、2025.2.28以前のGI競走(牝馬限定競走を除く)1着馬1増(ただし2歳時の成績を除く)千葉県知事賞(1着)賞品,expected_result,,
202606020212,2026.0,中山,2.0,2.0,12,2026-03-01,https://www.jra.go.jp/datafile/seiseki/report/2026/2026-2nakayama2.pdf,e9864c2a7946d49a66b4415d7b9fe37dd7d3237e5e707a757eb0d1ccdbbb39f4,official_race_marker_verified,5612.0,flat,dirt,,right,,Class2,0.0,0.0,2606020212,26060202,True,https://www.jra.go.jp/datafile/seiseki/report/2026/2026-2nakayama2.pdf,12004歳以上2勝クラス発走16時25分(ダート・右)負担重量は、58、牝馬2減,expected_result,,
202609010401,2026.0,阪神,1.0,4.0,1,2026-03-01,https://www.jra.go.jp/datafile/seiseki/report/2026/2026-1hanshin4.pdf,d2055f7260d803af31a84cb05c4aa2379a0415577b8a6f0a195bafe4452d766b,official_race_marker_verified,6728.0,flat,dirt,,right,0.0,Maiden,0.0,0.0,2609010401,26090104,True,https://www.jra.go.jp/datafile/seiseki/report/2026/2026-1hanshin4.pdf,18003歳未勝利発走9時55分(ダート・右)牝;負担重量は、馬齢重量,expected_result,,
202609010402,2026.0,阪神,1.0,4.0,2,2026-03-01,https://www.jra.go.jp/datafile/seiseki/report/2026/2026-1hanshin4.pdf,d2055f7260d803af31a84cb05c4aa2379a0415577b8a6f0a195bafe4452d766b,official_race_marker_verified,4815.0,flat,dirt,,right,0.0,Maiden,0.0,0.0,2609010402,26090104,True,https://www.jra.go.jp/datafile/seiseki/report/2026/2026-1hanshin4.pdf,14003歳未勝利発走10時25分(ダート・右)負担重量は、馬齢重量,expected_result,,
202609010403,2026.0,阪神,1.0,4.0,3,2026-03-01,https://www.jra.go.jp/datafile/seiseki/report/2026/2026-1hanshin4.pdf,d2055f7260d803af31a84cb05c4aa2379a0415577b8a6f0a195bafe4452d766b,official_race_marker_verified,811.0,flat,dirt,,right,0.0,Maiden,0.0,0.0,2609010403,26090104,True,https://www.jra.go.jp/datafile/seiseki/report/2026/2026-1hanshin4.pdf,20003歳未勝利発走10時55分(ダート・右)負担重量は、馬齢重量,expected_result,,
202609010404,2026.0,阪神,1.0,4.0,4,2026-03-01,https://www.jra.go.jp/datafile/seiseki/report/2026/2026-1hanshin4.pdf,d2055f7260d803af31a84cb05c4aa2379a0415577b8a6f0a195bafe4452d766b,official_race_marker_verified,2120.0,flat,dirt,,right,0.0,Class1,0.0,0.0,2609010404,26090104,True,https://www.jra.go.jp/datafile/seiseki/report/2026/2026-1hanshin4.pdf,18003歳1勝クラス発走11時25分(ダート・右)負担重量は、馬齢重量,expected_result,,
202609010405,2026.0,阪神,1.0,4.0,5,2026-03-01,https://www.jra.go.jp/datafile/seiseki/report/2026/2026-1hanshin4.pdf,d2055f7260d803af31a84cb05c4aa2379a0415577b8a6f0a195bafe4452d766b,official_race_marker_verified,3114.0,flat,turf,,right,0.0,Maiden,0.0,0.0,2609010405,26090104,True,https://www.jra.go.jp/datafile/seiseki/report/2026/2026-1hanshin4.pdf,20003歳未勝利発走12時15分(芝・右)負担重量は、馬齢重量,expected_result,,
202609010406,2026.0,阪神,1.0,4.0,6,2026-03-01,https://www.jra.go.jp/datafile/seiseki/report/2026/2026-1hanshin4.pdf,d2055f7260d803af31a84cb05c4aa2379a0415577b8a6f0a195bafe4452d766b,official_race_marker_verified,9527.0,flat,turf,,right,0.0,Class1,0.0,0.0,2609010406,26090104,True,https://www.jra.go.jp/datafile/seiseki/report/2026/2026-1hanshin4.pdf,20003歳1勝クラス発走12時45分(芝・右)負担重量は、馬齢重量,expected_result,,
202609010407,2026.0,阪神,1.0,4.0,7,2026-03-01,https://www.jra.go.jp/datafile/seiseki/report/2026/2026-1hanshin4.pdf,d2055f7260d803af31a84cb05c4aa2379a0415577b8a6f0a195bafe4452d766b,official_race_marker_verified,5653.0,flat,dirt,,right,,Class1,0.0,0.0,2609010407,26090104,True,https://www.jra.go.jp/datafile/seiseki/report/2026/2026-1hanshin4.pdf,12004歳以上1勝クラス発走13時15分(ダート・右)牝;負担重量は、56,expected_result,,
202609010408,2026.0,阪神,1.0,4.0,8,2026-03-01,https://www.jra.go.jp/datafile/seiseki/report/2026/2026-1hanshin4.pdf,d2055f7260d803af31a84cb05c4aa2379a0415577b8a6f0a195bafe4452d766b,official_race_marker_verified,2815.0,flat,turf,outer,right,,Class1,0.0,0.0,2609010408,26090104,True,https://www.jra.go.jp/datafile/seiseki/report/2026/2026-1hanshin4.pdf,18004歳以上1勝クラス発走13時45分(芝・右・外)負担重量は、4歳575歳以上58、牝馬2減,expected_result,,
202609010409,2026.0,阪神,1.0,4.0,9,2026-03-01,https://www.jra.go.jp/datafile/seiseki/report/2026/2026-1hanshin4.pdf,d2055f7260d803af31a84cb05c4aa2379a0415577b8a6f0a195bafe4452d766b,official_race_marker_verified,2200.0,flat,turf,,right,,Class2,0.0,0.0,2609010409,26090104,True,https://www.jra.go.jp/datafile/seiseki/report/2026/2026-1hanshin4.pdf,2200さんよう山陽特別発走14時15分(芝・右)4歳以上、2勝クラス;負担重量は、4歳575歳以上58、牝馬2減賞品,expected_result,,
202609010410,2026.0,阪神,1.0,4.0,10,2026-03-01,https://www.jra.go.jp/datafile/seiseki/report/2026/2026-1hanshin4.pdf,d2055f7260d803af31a84cb05c4aa2379a0415577b8a6f0a195bafe4452d766b,official_race_marker_verified,1800.0,flat,dirt,,right,,Maiden,0.0,0.0,2609010410,26090104,True,https://www.jra.go.jp/datafile/seiseki/report/2026/2026-1hanshin4.pdf,1800いたみ伊丹ステークス発走14時50分(ダート・右)4歳以上、3勝クラス、除未出走馬および未勝利馬;負担重量は、4歳575歳以上58、牝馬2減賞品,expected_result,,
202609010411,2026.0,阪神,1.0,4.0,11,2026-03-01,https://www.jra.go.jp/datafile/seiseki/report/2026/2026-1hanshin4.pdf,d2055f7260d803af31a84cb05c4aa2379a0415577b8a6f0a195bafe4452d766b,official_race_marker_verified,1600.0,flat,turf,outer,right,0.0,Open,1.0,1.0,2609010411,26090104,True,https://www.jra.go.jp/datafile/seiseki/report/2026/2026-1hanshin4.pdf,1600第33回チューリップ賞(GII)発走15時30分(桜花賞トライアル)(芝・右・外)牝、3歳;負担重量は、馬齢重量賞品,expected_result,,
202609010412,2026.0,阪神,1.0,4.0,12,2026-03-01,https://www.jra.go.jp/datafile/seiseki/report/2026/2026-1hanshin4.pdf,d2055f7260d803af31a84cb05c4aa2379a0415577b8a6f0a195bafe4452d766b,official_race_marker_verified,5815.0,flat,dirt,,right,,Class2,0.0,0.0,2609010412,26090104,True,https://www.jra.go.jp/datafile/seiseki/report/2026/2026-1hanshin4.pdf,12004歳以上2勝クラス発走16時10分(ダート・右)負担重量は、58、牝馬2減,expected_result,,
202610011201,2026.0,小倉,1.0,12.0,1,2026-03-01,https://www.jra.go.jp/datafile/seiseki/report/2026/2026-1kokura12.pdf,16fd63cd674a2e7ebc5bcfd5c28ea561181bdb7ee081aae1953d533f19d4eb93,official_race_marker_verified,6510.0,flat,dirt,,right,0.0,Maiden,0.0,0.0,2610011201,26100112,True,https://www.jra.go.jp/datafile/seiseki/report/2026/2026-1kokura12.pdf,17003歳未勝利発走9時45分(ダート・右)負担重量は、馬齢重量,expected_result,,
202610011202,2026.0,小倉,1.0,12.0,2,2026-03-01,https://www.jra.go.jp/datafile/seiseki/report/2026/2026-1kokura12.pdf,16fd63cd674a2e7ebc5bcfd5c28ea561181bdb7ee081aae1953d533f19d4eb93,official_race_marker_verified,2714.0,flat,turf,,right,0.0,Maiden,0.0,0.0,2610011202,26100112,True,https://www.jra.go.jp/datafile/seiseki/report/2026/2026-1kokura12.pdf,20003歳未勝利発走10時15分(芝・右)牝;負担重量は、馬齢重量,expected_result,,
202610011203,2026.0,小倉,1.0,12.0,3,2026-03-01,https://www.jra.go.jp/datafile/seiseki/report/2026/2026-1kokura12.pdf,16fd63cd674a2e7ebc5bcfd5c28ea561181bdb7ee081aae1953d533f19d4eb93,official_race_marker_verified,5552.0,flat,dirt,,right,0.0,Maiden,0.0,0.0,2610011203,26100112,True,https://www.jra.go.jp/datafile/seiseki/report/2026/2026-1kokura12.pdf,10003歳未勝利発走10時45分(ダート・右)負担重量は、馬齢重量,expected_result,,
202610011204,2026.0,小倉,1.0,12.0,4,2026-03-01,https://www.jra.go.jp/datafile/seiseki/report/2026/2026-1kokura12.pdf,16fd63cd674a2e7ebc5bcfd5c28ea561181bdb7ee081aae1953d533f19d4eb93,official_race_marker_verified,2860.0,obstacle,,,,,Maiden,0.0,0.0,2610011204,26100112,False,https://www.jra.go.jp/datafile/seiseki/report/2026/2026-1kokura12.pdf,2860障害4歳以上未勝利発走11時15分(芝)負担重量は、4歳595歳以上60、牝馬2減,expected_result,,
202610011205,2026.0,小倉,1.0,12.0,5,2026-03-01,https://www.jra.go.jp/datafile/seiseki/report/2026/2026-1kokura12.pdf,16fd63cd674a2e7ebc5bcfd5c28ea561181bdb7ee081aae1953d533f19d4eb93,official_race_marker_verified,2715.0,flat,turf,,right,0.0,Maiden,0.0,0.0,2610011205,26100112,True,https://www.jra.go.jp/datafile/seiseki/report/2026/2026-1kokura12.pdf,12003歳未勝利発走12時05分(芝・右)負担重量は、馬齢重量,expected_result,,
202610011206,2026.0,小倉,1.0,12.0,6,2026-03-01,https://www.jra.go.jp/datafile/seiseki/report/2026/2026-1kokura12.pdf,16fd63cd674a2e7ebc5bcfd5c28ea561181bdb7ee081aae1953d533f19d4eb93,official_race_marker_verified,8510.0,flat,turf,,right,0.0,Maiden,0.0,0.0,2610011206,26100112,True,https://www.jra.go.jp/datafile/seiseki/report/2026/2026-1kokura12.pdf,18003歳未勝利発走12時35分(芝・右)負担重量は、馬齢重量,expected_result,,
202610011207,2026.0,小倉,1.0,12.0,7,2026-03-01,https://www.jra.go.jp/datafile/seiseki/report/2026/2026-1kokura12.pdf,16fd63cd674a2e7ebc5bcfd5c28ea561181bdb7ee081aae1953d533f19d4eb93,official_race_marker_verified,5855.0,flat,turf,,right,,Class1,0.0,0.0,2610011207,26100112,True,https://www.jra.go.jp/datafile/seiseki/report/2026/2026-1kokura12.pdf,12004歳以上1勝クラス発走13時05分(芝・右)負担重量は、58、牝馬2減,expected_result,,
202610011208,2026.0,小倉,1.0,12.0,8,2026-03-01,https://www.jra.go.jp/datafile/seiseki/report/2026/2026-1kokura12.pdf,16fd63cd674a2e7ebc5bcfd5c28ea561181bdb7ee081aae1953d533f19d4eb93,official_race_marker_verified,5653.0,flat,dirt,,right,,Class1,0.0,0.0,2610011208,26100112,True,https://www.jra.go.jp/datafile/seiseki/report/2026/2026-1kokura12.pdf,17004歳以上1勝クラス発走13時35分(ダート・右)牝;負担重量は、4歳555歳以上56,expected_result,,
202610011209,2026.0,小倉,1.0,12.0,9,2026-03-01,https://www.jra.go.jp/datafile/seiseki/report/2026/2026-1kokura12.pdf,16fd63cd674a2e7ebc5bcfd5c28ea561181bdb7ee081aae1953d533f19d4eb93,official_race_marker_verified,2000.0,flat,turf,,right,,Class1,0.0,0.0,2610011209,26100112,True,https://www.jra.go.jp/datafile/seiseki/report/2026/2026-1kokura12.pdf,2000からと唐戸特別発走14時05分(芝・右)4歳以上、1勝クラス;負担重量は、4歳575歳以上58、牝馬2減賞品,expected_result,,
202610011210,2026.0,小倉,1.0,12.0,10,2026-03-01,https://www.jra.go.jp/datafile/seiseki/report/2026/2026-1kokura12.pdf,16fd63cd674a2e7ebc5bcfd5c28ea561181bdb7ee081aae1953d533f19d4eb93,official_race_marker_verified,1200.0,flat,turf,,right,,Class2,0.0,0.0,2610011210,26100112,True,https://www.jra.go.jp/datafile/seiseki/report/2026/2026-1kokura12.pdf,1200西日本新聞杯発走14時40分(芝・右)4歳以上、2勝クラス;負担重量は、58、牝馬2減西日本新聞社賞(1着)賞品,expected_result,,
202610011211,2026.0,小倉,1.0,12.0,11,2026-03-01,https://www.jra.go.jp/datafile/seiseki/report/2026/2026-1kokura12.pdf,16fd63cd674a2e7ebc5bcfd5c28ea561181bdb7ee081aae1953d533f19d4eb93,official_race_marker_verified,2000.0,flat,turf,,right,,Maiden,0.0,0.0,2610011211,26100112,True,https://www.jra.go.jp/datafile/seiseki/report/2026/2026-1kokura12.pdf,2000かんもんきょう関門橋ステークス発走15時15分(芝・右)4歳以上、3勝クラス、除未出走馬および未勝利馬;負担重量は、4歳575歳以上58、牝馬2減賞品,expected_result,,
202610011212,2026.0,小倉,1.0,12.0,12,2026-03-01,https://www.jra.go.jp/datafile/seiseki/report/2026/2026-1kokura12.pdf,16fd63cd674a2e7ebc5bcfd5c28ea561181bdb7ee081aae1953d533f19d4eb93,official_race_marker_verified,4612.0,flat,dirt,,right,,Class1,0.0,0.0,2610011212,26100112,True,https://www.jra.go.jp/datafile/seiseki/report/2026/2026-1kokura12.pdf,17004歳以上1勝クラス発走16時00分(ダート・右)負担重量は、4歳575歳以上58、牝馬2減,expected_result,,
202606020301,2026.0,中山,2.0,3.0,1,2026-03-07,https://www.jra.go.jp/datafile/seiseki/report/2026/2026-2nakayama3.pdf,1e62adaf5421ce262b4c2204c293815991028fbfd79476441c4c47d834035ae0,official_race_marker_verified,3221.0,flat,dirt,,right,0.0,Maiden,0.0,0.0,2606020301,26060203,True,https://www.jra.go.jp/datafile/seiseki/report/2026/2026-2nakayama3.pdf,12003歳未勝利発走10時05分(ダート・右)牝;負担重量は、馬齢重量,expected_result,,
202606020302,2026.0,中山,2.0,3.0,2,2026-03-07,https://www.jra.go.jp/datafile/seiseki/report/2026/2026-2nakayama3.pdf,1e62adaf5421ce262b4c2204c293815991028fbfd79476441c4c47d834035ae0,official_race_marker_verified,9712.0,flat,dirt,,right,0.0,Maiden,0.0,0.0,2606020302,26060203,True,https://www.jra.go.jp/datafile/seiseki/report/2026/2026-2nakayama3.pdf,18003歳未勝利発走10時35分(ダート・右)負担重量は、馬齢重量,expected_result,,
202606020303,2026.0,中山,2.0,3.0,3,2026-03-07,https://www.jra.go.jp/datafile/seiseki/report/2026/2026-2nakayama3.pdf,1e62adaf5421ce262b4c2204c293815991028fbfd79476441c4c47d834035ae0,official_race_marker_verified,9353.0,flat,dirt,,right,0.0,Maiden,0.0,0.0,2606020303,26060203,True,https://www.jra.go.jp/datafile/seiseki/report/2026/2026-2nakayama3.pdf,12003歳未勝利発走11時05分(ダート・右)負担重量は、馬齢重量,expected_result,,
202606020304,2026.0,中山,2.0,3.0,4,2026-03-07,https://www.jra.go.jp/datafile/seiseki/report/2026/2026-2nakayama3.pdf,1e62adaf5421ce262b4c2204c293815991028fbfd79476441c4c47d834035ae0,official_race_marker_verified,3200.0,obstacle,turf,,,,Open,1.0,0.0,2606020304,26060203,False,https://www.jra.go.jp/datafile/seiseki/report/2026/2026-2nakayama3.pdf,3200障害4歳以上オープン発走11時35分(芝・ダート)負担重量は、4歳595歳以上60、牝馬2減、収得賞金700万円毎1増,expected_result,,
202606020305,2026.0,中山,2.0,3.0,5,2026-03-07,https://www.jra.go.jp/datafile/seiseki/report/2026/2026-2nakayama3.pdf,1e62adaf5421ce262b4c2204c293815991028fbfd79476441c4c47d834035ae0,official_race_marker_verified,510.0,flat,turf,outer,right,0.0,Maiden,0.0,0.0,2606020305,26060203,True,https://www.jra.go.jp/datafile/seiseki/report/2026/2026-2nakayama3.pdf,22003歳未勝利発走12時25分(芝・右・外)負担重量は、馬齢重量,expected_result,,
202606020306,2026.0,中山,2.0,3.0,6,2026-03-07,https://www.jra.go.jp/datafile/seiseki/report/2026/2026-2nakayama3.pdf,1e62adaf5421ce262b4c2204c293815991028fbfd79476441c4c47d834035ae0,official_race_marker_verified,8510.0,flat,turf,,right,0.0,Maiden,0.0,0.0,2606020306,26060203,True,https://www.jra.go.jp/datafile/seiseki/report/2026/2026-2nakayama3.pdf,20003歳未勝利発走12時55分(芝・右)牝;負担重量は、馬齢重量,expected_result,,
202606020307,2026.0,中山,2.0,3.0,7,2026-03-07,https://www.jra.go.jp/datafile/seiseki/report/2026/2026-2nakayama3.pdf,1e62adaf5421ce262b4c2204c293815991028fbfd79476441c4c47d834035ae0,official_race_marker_verified,4566.0,flat,dirt,,right,0.0,Class1,0.0,0.0,2606020307,26060203,True,https://www.jra.go.jp/datafile/seiseki/report/2026/2026-2nakayama3.pdf,12003歳1勝クラス発走13時25分(ダート・右)負担重量は、馬齢重量,expected_result,,
202606020308,2026.0,中山,2.0,3.0,8,2026-03-07,https://www.jra.go.jp/datafile/seiseki/report/2026/2026-2nakayama3.pdf,1e62adaf5421ce262b4c2204c293815991028fbfd79476441c4c47d834035ae0,official_race_marker_verified,9793.0,flat,dirt,,right,,Class1,0.0,0.0,2606020308,26060203,True,https://www.jra.go.jp/datafile/seiseki/report/2026/2026-2nakayama3.pdf,18004歳以上1勝クラス発走13時55分(ダート・右)負担重量は、58、牝馬2減,expected_result,,
202606020309,2026.0,中山,2.0,3.0,9,2026-03-07,https://www.jra.go.jp/datafile/seiseki/report/2026/2026-2nakayama3.pdf,1e62adaf5421ce262b4c2204c293815991028fbfd79476441c4c47d834035ae0,official_race_marker_verified,2500.0,flat,turf,,right,1.0,Class2,0.0,0.0,2606020309,26060203,True,https://www.jra.go.jp/datafile/seiseki/report/2026/2026-2nakayama3.pdf,2500いたこ潮来特別発走14時30分(芝・右)4歳以上、2勝クラス;負担重量は、ハンデキャップ賞品,expected_result,,
202606020310,2026.0,中山,2.0,3.0,10,2026-03-07,https://www.jra.go.jp/datafile/seiseki/report/2026/2026-2nakayama3.pdf,1e62adaf5421ce262b4c2204c293815991028fbfd79476441c4c47d834035ae0,official_race_marker_verified,1800.0,flat,dirt,,right,,Maiden,0.0,0.0,2606020310,26060203,True,https://www.jra.go.jp/datafile/seiseki/report/2026/2026-2nakayama3.pdf,1800かずさ上総ステークス発走15時05分(ダート・右)4歳以上、3勝クラス、除未出走馬および未勝利馬;負担重量は、58、牝馬2減賞品,expected_result,,
202606020311,2026.0,中山,2.0,3.0,11,2026-03-07,https://www.jra.go.jp/datafile/seiseki/report/2026/2026-2nakayama3.pdf,1e62adaf5421ce262b4c2204c293815991028fbfd79476441c4c47d834035ae0,official_race_marker_verified,1800.0,flat,turf,,right,1.0,Open,1.0,1.0,2606020311,26060203,True,https://www.jra.go.jp/datafile/seiseki/report/2026/2026-2nakayama3.pdf,1800第44回ローレル競馬場賞中山牝馬ステークス(GIII)発走15時45分(芝・右)牝、4歳以上、除未出走馬および未勝利馬;負担重量は、ハンデキャップローレル競馬場賞(1着)賞品,expected_result,,
202606020312,2026.0,中山,2.0,3.0,12,2026-03-07,https://www.jra.go.jp/datafile/seiseki/report/2026/2026-2nakayama3.pdf,1e62adaf5421ce262b4c2204c293815991028fbfd79476441c4c47d834035ae0,official_race_marker_verified,1612.0,flat,turf,outer,right,,Class1,0.0,0.0,2606020312,26060203,True,https://www.jra.go.jp/datafile/seiseki/report/2026/2026-2nakayama3.pdf,16004歳以上1勝クラス発走16時25分(芝・右・外)負担重量は、58、牝馬2減,expected_result,,
202609010501,2026.0,阪神,1.0,5.0,1,2026-03-07,https://www.jra.go.jp/datafile/seiseki/report/2026/2026-1hanshin5.pdf,ad38e5263d33c29305bd5469d448dc2c477906f167dd669bd6265bcb3029bebf,official_race_marker_verified,5814.0,flat,dirt,,right,0.0,Maiden,0.0,0.0,2609010501,26090105,True,https://www.jra.go.jp/datafile/seiseki/report/2026/2026-1hanshin5.pdf,18003歳未勝利発走9時50分(ダート・右)牝;負担重量は、馬齢重量,expected_result,,
202609010502,2026.0,阪神,1.0,5.0,2,2026-03-07,https://www.jra.go.jp/datafile/seiseki/report/2026/2026-1hanshin5.pdf,ad38e5263d33c29305bd5469d448dc2c477906f167dd669bd6265bcb3029bebf,official_race_marker_verified,5552.0,flat,dirt,,right,0.0,Maiden,0.0,0.0,2609010502,26090105,True,https://www.jra.go.jp/datafile/seiseki/report/2026/2026-1hanshin5.pdf,14003歳未勝利発走10時20分(ダート・右)負担重量は、馬齢重量,expected_result,,
202609010503,2026.0,阪神,1.0,5.0,3,2026-03-07,https://www.jra.go.jp/datafile/seiseki/report/2026/2026-1hanshin5.pdf,ad38e5263d33c29305bd5469d448dc2c477906f167dd669bd6265bcb3029bebf,official_race_marker_verified,8711.0,flat,dirt,,right,0.0,Maiden,0.0,0.0,2609010503,26090105,True,https://www.jra.go.jp/datafile/seiseki/report/2026/2026-1hanshin5.pdf,20003歳未勝利発走10時50分(ダート・右)負担重量は、馬齢重量,expected_result,,
202609010504,2026.0,阪神,1.0,5.0,4,2026-03-07,https://www.jra.go.jp/datafile/seiseki/report/2026/2026-1hanshin5.pdf,ad38e5263d33c29305bd5469d448dc2c477906f167dd669bd6265bcb3029bebf,official_race_marker_verified,4813.0,flat,turf,outer,right,0.0,Maiden,0.0,0.0,2609010504,26090105,True,https://www.jra.go.jp/datafile/seiseki/report/2026/2026-1hanshin5.pdf,24003歳未勝利発走11時20分(芝・右・外)負担重量は、馬齢重量,expected_result,,
202609010505,2026.0,阪神,1.0,5.0,5,2026-03-07,https://www.jra.go.jp/datafile/seiseki/report/2026/2026-1hanshin5.pdf,ad38e5263d33c29305bd5469d448dc2c477906f167dd669bd6265bcb3029bebf,official_race_marker_verified,8714.0,flat,turf,outer,right,0.0,Maiden,0.0,0.0,2609010505,26090105,True,https://www.jra.go.jp/datafile/seiseki/report/2026/2026-1hanshin5.pdf,16003歳未勝利発走12時10分(芝・右・外)負担重量は、馬齢重量,expected_result,,
202609010506,2026.0,阪神,1.0,5.0,6,2026-03-07,https://www.jra.go.jp/datafile/seiseki/report/2026/2026-1hanshin5.pdf,ad38e5263d33c29305bd5469d448dc2c477906f167dd669bd6265bcb3029bebf,official_race_marker_verified,1811.0,flat,dirt,,right,0.0,Class1,0.0,0.0,2609010506,26090105,True,https://www.jra.go.jp/datafile/seiseki/report/2026/2026-1hanshin5.pdf,12003歳1勝クラス発走12時40分(ダート・右)負担重量は、馬齢重量,expected_result,,
202609010507,2026.0,阪神,1.0,5.0,7,2026-03-07,https://www.jra.go.jp/datafile/seiseki/report/2026/2026-1hanshin5.pdf,ad38e5263d33c29305bd5469d448dc2c477906f167dd669bd6265bcb3029bebf,official_race_marker_verified,5711.0,flat,dirt,,right,,Class1,0.0,0.0,2609010507,26090105,True,https://www.jra.go.jp/datafile/seiseki/report/2026/2026-1hanshin5.pdf,18004歳以上1勝クラス発走13時10分(ダート・右)負担重量は、58、牝馬2減,expected_result,,
202609010508,2026.0,阪神,1.0,5.0,8,2026-03-07,https://www.jra.go.jp/datafile/seiseki/report/2026/2026-1hanshin5.pdf,ad38e5263d33c29305bd5469d448dc2c477906f167dd669bd6265bcb3029bebf,official_race_marker_verified,5856.0,flat,turf,outer,right,,Class2,0.0,0.0,2609010508,26090105,True,https://www.jra.go.jp/datafile/seiseki/report/2026/2026-1hanshin5.pdf,16004歳以上2勝クラス発走13時40分(芝・右・外)負担重量は、58、牝馬2減,expected_result,,
202609010509,2026.0,阪神,1.0,5.0,9,2026-03-07,https://www.jra.go.jp/datafile/seiseki/report/2026/2026-1hanshin5.pdf,ad38e5263d33c29305bd5469d448dc2c477906f167dd669bd6265bcb3029bebf,official_race_marker_verified,2000.0,flat,turf,,right,1.0,Class2,0.0,0.0,2609010509,26090105,True,https://www.jra.go.jp/datafile/seiseki/report/2026/2026-1hanshin5.pdf,2000せんりやま千里山特別発走14時15分(芝・右)4歳以上、2勝クラス;負担重量は、ハンデキャップ賞品,expected_result,,
202609010510,2026.0,阪神,1.0,5.0,10,2026-03-07,https://www.jra.go.jp/datafile/seiseki/report/2026/2026-1hanshin5.pdf,ad38e5263d33c29305bd5469d448dc2c477906f167dd669bd6265bcb3029bebf,official_race_marker_verified,1200.0,flat,dirt,,right,,Maiden,0.0,0.0,2609010510,26090105,True,https://www.jra.go.jp/datafile/seiseki/report/2026/2026-1hanshin5.pdf,1200なにわステークス発走14時50分(ダート・右)4歳以上、3勝クラス、除未出走馬および未勝利馬;負担重量は、58、牝馬2減賞品,expected_result,,
202609010511,2026.0,阪神,1.0,5.0,11,2026-03-07,https://www.jra.go.jp/datafile/seiseki/report/2026/2026-1hanshin5.pdf,ad38e5263d33c29305bd5469d448dc2c477906f167dd669bd6265bcb3029bebf,official_race_marker_verified,1400.0,flat,turf,,right,0.0,Open,1.0,1.0,2609010511,26090105,True,https://www.jra.go.jp/datafile/seiseki/report/2026/2026-1hanshin5.pdf,1400第60回報知杯フィリーズレビュー(GII)発走15時30分(桜花賞トライアル)(芝・右)牝、3歳;負担重量は、馬齢重量報知新聞社賞(1着)賞品,expected_result,,
202609010512,2026.0,阪神,1.0,5.0,12,2026-03-07,https://www.jra.go.jp/datafile/seiseki/report/2026/2026-1hanshin5.pdf,ad38e5263d33c29305bd5469d448dc2c477906f167dd669bd6265bcb3029bebf,official_race_marker_verified,9510.0,flat,dirt,,right,,Class1,0.0,0.0,2609010512,26090105,True,https://www.jra.go.jp/datafile/seiseki/report/2026/2026-1hanshin5.pdf,12004歳以上1勝クラス発走16時10分(ダート・右)負担重量は、58、牝馬2減,expected_result,,
202606020401,2026.0,中山,2.0,4.0,1,2026-03-08,https://www.jra.go.jp/datafile/seiseki/report/2026/2026-2nakayama4.pdf,64702b5bd7413a27502516b1f31e77c8440f5fa7938505d6bd96abb7b6a7f7fd,official_race_marker_verified,5714.0,flat,dirt,,right,0.0,Maiden,0.0,0.0,2606020401,26060204,True,https://www.jra.go.jp/datafile/seiseki/report/2026/2026-2nakayama4.pdf,18003歳未勝利発走10時05分(ダート・右)牝;負担重量は、馬齢重量,expected_result,,
202606020402,2026.0,中山,2.0,4.0,2,2026-03-08,https://www.jra.go.jp/datafile/seiseki/report/2026/2026-2nakayama4.pdf,64702b5bd7413a27502516b1f31e77c8440f5fa7938505d6bd96abb7b6a7f7fd,official_race_marker_verified,8612.0,flat,dirt,,right,0.0,Maiden,0.0,0.0,2606020402,26060204,True,https://www.jra.go.jp/datafile/seiseki/report/2026/2026-2nakayama4.pdf,12003歳未勝利発走10時35分(ダート・右)負担重量は、馬齢重量,expected_result,,
202606020403,2026.0,中山,2.0,4.0,3,2026-03-08,https://www.jra.go.jp/datafile/seiseki/report/2026/2026-2nakayama4.pdf,64702b5bd7413a27502516b1f31e77c8440f5fa7938505d6bd96abb7b6a7f7fd,official_race_marker_verified,5754.0,flat,dirt,,right,0.0,Maiden,0.0,0.0,2606020403,26060204,True,https://www.jra.go.jp/datafile/seiseki/report/2026/2026-2nakayama4.pdf,18003歳未勝利発走11時05分(ダート・右)負担重量は、馬齢重量,expected_result,,
202606020404,2026.0,中山,2.0,4.0,4,2026-03-08,https://www.jra.go.jp/datafile/seiseki/report/2026/2026-2nakayama4.pdf,64702b5bd7413a27502516b1f31e77c8440f5fa7938505d6bd96abb7b6a7f7fd,official_race_marker_verified,2880.0,obstacle,turf,,,,Maiden,0.0,0.0,2606020404,26060204,False,https://www.jra.go.jp/datafile/seiseki/report/2026/2026-2nakayama4.pdf,2880障害4歳以上未勝利発走11時35分(芝・ダート)負担重量は、4歳595歳以上60、牝馬2減,expected_result,,
202606020405,2026.0,中山,2.0,4.0,5,2026-03-08,https://www.jra.go.jp/datafile/seiseki/report/2026/2026-2nakayama4.pdf,64702b5bd7413a27502516b1f31e77c8440f5fa7938505d6bd96abb7b6a7f7fd,official_race_marker_verified,5755.0,flat,turf,,right,0.0,Maiden,0.0,0.0,2606020405,26060204,True,https://www.jra.go.jp/datafile/seiseki/report/2026/2026-2nakayama4.pdf,18003歳未勝利発走12時25分(芝・右)負担重量は、馬齢重量,expected_result,,
202606020406,2026.0,中山,2.0,4.0,6,2026-03-08,https://www.jra.go.jp/datafile/seiseki/report/2026/2026-2nakayama4.pdf,64702b5bd7413a27502516b1f31e77c8440f5fa7938505d6bd96abb7b6a7f7fd,official_race_marker_verified,4611.0,flat,dirt,,right,,Class1,0.0,0.0,2606020406,26060204,True,https://www.jra.go.jp/datafile/seiseki/report/2026/2026-2nakayama4.pdf,12004歳以上1勝クラス発走12時55分(ダート・右)負担重量は、58、牝馬2減,expected_result,,
202606020407,2026.0,中山,2.0,4.0,7,2026-03-08,https://www.jra.go.jp/datafile/seiseki/report/2026/2026-2nakayama4.pdf,64702b5bd7413a27502516b1f31e77c8440f5fa7938505d6bd96abb7b6a7f7fd,official_race_marker_verified,8810.0,flat,turf,outer,right,0.0,Class1,0.0,0.0,2606020407,26060204,True,https://www.jra.go.jp/datafile/seiseki/report/2026/2026-2nakayama4.pdf,16003歳1勝クラス発走13時25分(芝・右・外)負担重量は、馬齢重量,expected_result,,
202606020408,2026.0,中山,2.0,4.0,8,2026-03-08,https://www.jra.go.jp/datafile/seiseki/report/2026/2026-2nakayama4.pdf,64702b5bd7413a27502516b1f31e77c8440f5fa7938505d6bd96abb7b6a7f7fd,official_race_marker_verified,7132.0,flat,dirt,,right,,Class2,0.0,0.0,2606020408,26060204,True,https://www.jra.go.jp/datafile/seiseki/report/2026/2026-2nakayama4.pdf,18004歳以上2勝クラス発走13時55分(ダート・右)負担重量は、58、牝馬2減,expected_result,,
202606020409,2026.0,中山,2.0,4.0,9,2026-03-08,https://www.jra.go.jp/datafile/seiseki/report/2026/2026-2nakayama4.pdf,64702b5bd7413a27502516b1f31e77c8440f5fa7938505d6bd96abb7b6a7f7fd,official_race_marker_verified,2500.0,flat,turf,,right,,Maiden,0.0,0.0,2606020409,26060204,True,https://www.jra.go.jp/datafile/seiseki/report/2026/2026-2nakayama4.pdf,2500わんがん湾岸ステークス発走14時30分(芝・右)4歳以上、3勝クラス、除未出走馬および未勝利馬;負担重量は、4歳575歳以上58、牝馬2減賞品,expected_result,,
202606020410,2026.0,中山,2.0,4.0,10,2026-03-08,https://www.jra.go.jp/datafile/seiseki/report/2026/2026-2nakayama4.pdf,64702b5bd7413a27502516b1f31e77c8440f5fa7938505d6bd96abb7b6a7f7fd,official_race_marker_verified,1800.0,flat,dirt,,right,,Maiden,0.0,0.0,2606020410,26060204,True,https://www.jra.go.jp/datafile/seiseki/report/2026/2026-2nakayama4.pdf,1800そうぶ総武ステークス発走15時05分(ダート・右)4歳以上、除未出走馬および未勝利馬;負担重量は、日本馬:57、牝馬2減、収得賞金1600万円超過馬は超過額1200万円毎1増、:57、牝馬2減、GI競走1着馬5増、GII競走1着馬3増、GIII競走1着馬1増(ただし2歳時の成績を除く)賞品,expected_result,,
202606020411,2026.0,中山,2.0,4.0,11,2026-03-08,https://www.jra.go.jp/datafile/seiseki/report/2026/2026-2nakayama4.pdf,64702b5bd7413a27502516b1f31e77c8440f5fa7938505d6bd96abb7b6a7f7fd,official_race_marker_verified,2000.0,flat,turf,,right,0.0,Open,1.0,1.0,2606020411,26060204,True,https://www.jra.go.jp/datafile/seiseki/report/2026/2026-2nakayama4.pdf,2000第63回報知杯弥生賞ディープインパクト記念(GII)発走15時45分(皐月賞トライアル)(芝・右)3歳;負担重量は、馬齢重量報知新聞社賞(1着)賞品,expected_result,,
202606020412,2026.0,中山,2.0,4.0,12,2026-03-08,https://www.jra.go.jp/datafile/seiseki/report/2026/2026-2nakayama4.pdf,64702b5bd7413a27502516b1f31e77c8440f5fa7938505d6bd96abb7b6a7f7fd,official_race_marker_verified,3612.0,flat,turf,outer,right,,Class2,0.0,0.0,2606020412,26060204,True,https://www.jra.go.jp/datafile/seiseki/report/2026/2026-2nakayama4.pdf,12004歳以上2勝クラス発走16時25分(芝・右・外)負担重量は、58、牝馬2減,expected_result,,
202609010601,2026.0,阪神,1.0,6.0,1,2026-03-08,https://www.jra.go.jp/datafile/seiseki/report/2026/2026-1hanshin6.pdf,8f3e35708a2a118109cb0dfc3def268ba2de923cf232b4242e7c1a2d974915c1,official_race_marker_verified,6811.0,flat,dirt,,right,0.0,Maiden,0.0,0.0,2609010601,26090106,True,https://www.jra.go.jp/datafile/seiseki/report/2026/2026-1hanshin6.pdf,18003歳未勝利発走9時50分(ダート・右)負担重量は、馬齢重量,expected_result,,
202609010602,2026.0,阪神,1.0,6.0,2,2026-03-08,https://www.jra.go.jp/datafile/seiseki/report/2026/2026-1hanshin6.pdf,8f3e35708a2a118109cb0dfc3def268ba2de923cf232b4242e7c1a2d974915c1,official_race_marker_verified,3612.0,flat,dirt,,right,0.0,Maiden,0.0,0.0,2609010602,26090106,True,https://www.jra.go.jp/datafile/seiseki/report/2026/2026-1hanshin6.pdf,12003歳未勝利発走10時20分(ダート・右)負担重量は、馬齢重量,expected_result,,
202609010603,2026.0,阪神,1.0,6.0,3,2026-03-08,https://www.jra.go.jp/datafile/seiseki/report/2026/2026-1hanshin6.pdf,8f3e35708a2a118109cb0dfc3def268ba2de923cf232b4242e7c1a2d974915c1,official_race_marker_verified,610.0,flat,dirt,,right,0.0,Maiden,0.0,0.0,2609010603,26090106,True,https://www.jra.go.jp/datafile/seiseki/report/2026/2026-1hanshin6.pdf,18003歳未勝利発走10時50分(ダート・右)負担重量は、馬齢重量,expected_result,,
202609010604,2026.0,阪神,1.0,6.0,4,2026-03-08,https://www.jra.go.jp/datafile/seiseki/report/2026/2026-1hanshin6.pdf,8f3e35708a2a118109cb0dfc3def268ba2de923cf232b4242e7c1a2d974915c1,official_race_marker_verified,4713.0,flat,dirt,,right,0.0,Maiden,0.0,0.0,2609010604,26090106,True,https://www.jra.go.jp/datafile/seiseki/report/2026/2026-1hanshin6.pdf,14003歳未勝利発走11時20分(ダート・右)負担重量は、馬齢重量,expected_result,,
202609010605,2026.0,阪神,1.0,6.0,5,2026-03-08,https://www.jra.go.jp/datafile/seiseki/report/2026/2026-1hanshin6.pdf,8f3e35708a2a118109cb0dfc3def268ba2de923cf232b4242e7c1a2d974915c1,official_race_marker_verified,6611.0,flat,dirt,,right,0.0,Class1,0.0,0.0,2609010605,26090106,True,https://www.jra.go.jp/datafile/seiseki/report/2026/2026-1hanshin6.pdf,18003歳1勝クラス発走12時10分(ダート・右)牝;負担重量は、馬齢重量,expected_result,,
202609010606,2026.0,阪神,1.0,6.0,6,2026-03-08,https://www.jra.go.jp/datafile/seiseki/report/2026/2026-1hanshin6.pdf,8f3e35708a2a118109cb0dfc3def268ba2de923cf232b4242e7c1a2d974915c1,official_race_marker_verified,4338.0,flat,dirt,,right,,Class1,0.0,0.0,2609010606,26090106,True,https://www.jra.go.jp/datafile/seiseki/report/2026/2026-1hanshin6.pdf,20004歳以上1勝クラス発走12時40分(ダート・右)負担重量は、58、牝馬2減,expected_result,,
202609010607,2026.0,阪神,1.0,6.0,7,2026-03-08,https://www.jra.go.jp/datafile/seiseki/report/2026/2026-1hanshin6.pdf,8f3e35708a2a118109cb0dfc3def268ba2de923cf232b4242e7c1a2d974915c1,official_race_marker_verified,5210.0,flat,turf,,right,,Class1,0.0,0.0,2609010607,26090106,True,https://www.jra.go.jp/datafile/seiseki/report/2026/2026-1hanshin6.pdf,20004歳以上1勝クラス発走13時10分(芝・右)負担重量は、58、牝馬2減,expected_result,,
202609010608,2026.0,阪神,1.0,6.0,8,2026-03-08,https://www.jra.go.jp/datafile/seiseki/report/2026/2026-1hanshin6.pdf,8f3e35708a2a118109cb0dfc3def268ba2de923cf232b4242e7c1a2d974915c1,official_race_marker_verified,5855.0,flat,dirt,,right,,Class2,0.0,0.0,2609010608,26090106,True,https://www.jra.go.jp/datafile/seiseki/report/2026/2026-1hanshin6.pdf,18004歳以上2勝クラス発走13時40分(ダート・右)負担重量は、58、牝馬2減,expected_result,,
202609010609,2026.0,阪神,1.0,6.0,9,2026-03-08,https://www.jra.go.jp/datafile/seiseki/report/2026/2026-1hanshin6.pdf,8f3e35708a2a118109cb0dfc3def268ba2de923cf232b4242e7c1a2d974915c1,official_race_marker_verified,1800.0,flat,turf,outer,right,0.0,Class1,0.0,0.0,2609010609,26090106,True,https://www.jra.go.jp/datafile/seiseki/report/2026/2026-1hanshin6.pdf,1800アルメリア賞発走14時15分(芝・右・外)3歳、1勝クラス;負担重量は、馬齢重量賞品,expected_result,,
202609010610,2026.0,阪神,1.0,6.0,10,2026-03-08,https://www.jra.go.jp/datafile/seiseki/report/2026/2026-1hanshin6.pdf,8f3e35708a2a118109cb0dfc3def268ba2de923cf232b4242e7c1a2d974915c1,official_race_marker_verified,1600.0,flat,turf,outer,right,,Maiden,0.0,0.0,2609010610,26090106,True,https://www.jra.go.jp/datafile/seiseki/report/2026/2026-1hanshin6.pdf,1600きしわだ岸和田ステークス発走14時50分(芝・右・外)4歳以上、3勝クラス、除未出走馬および未勝利馬;負担重量は、58、牝馬2減賞品,expected_result,,
202609010611,2026.0,阪神,1.0,6.0,11,2026-03-08,https://www.jra.go.jp/datafile/seiseki/report/2026/2026-1hanshin6.pdf,8f3e35708a2a118109cb0dfc3def268ba2de923cf232b4242e7c1a2d974915c1,official_race_marker_verified,1800.0,flat,turf,outer,right,,Maiden,0.0,0.0,2609010611,26090106,True,https://www.jra.go.jp/datafile/seiseki/report/2026/2026-1hanshin6.pdf,1800おおさかじょう大阪城ステークス(L)発走15時30分(芝・右・外)4歳以上、除未出走馬および未勝利馬;負担重量は、日本馬:57、牝馬2減、収得賞金1600万円超過馬は超過額1200万円毎1増、:57、牝馬2減、GI競走1着馬5増、GII競走1着馬3増、GIII競走1着馬1増(ただし2歳時の成績を除く)賞品,expected_result,,
202609010612,2026.0,阪神,1.0,6.0,12,2026-03-08,https://www.jra.go.jp/datafile/seiseki/report/2026/2026-1hanshin6.pdf,8f3e35708a2a118109cb0dfc3def268ba2de923cf232b4242e7c1a2d974915c1,official_race_marker_verified,5855.0,flat,dirt,,right,,Class2,0.0,0.0,2609010612,26090106,True,https://www.jra.go.jp/datafile/seiseki/report/2026/2026-1hanshin6.pdf,14004歳以上2勝クラス発走16時10分(ダート・右)負担重量は、58、牝馬2減,expected_result,,
202606020501,2026.0,中山,2.0,5.0,1,2026-03-14,https://www.jra.go.jp/datafile/seiseki/report/2026/2026-2nakayama5.pdf,edefbeb6a09d1a7ccf94b8029abcdc56c7dd75209dd3baff1f76805dcb268178,official_race_marker_verified,4611.0,flat,dirt,,right,0.0,Maiden,0.0,0.0,2606020501,26060205,True,https://www.jra.go.jp/datafile/seiseki/report/2026/2026-2nakayama5.pdf,18003歳未勝利発走10時05分(ダート・右)牝;負担重量は、馬齢重量,expected_result,,
202606020502,2026.0,中山,2.0,5.0,2,2026-03-14,https://www.jra.go.jp/datafile/seiseki/report/2026/2026-2nakayama5.pdf,edefbeb6a09d1a7ccf94b8029abcdc56c7dd75209dd3baff1f76805dcb268178,official_race_marker_verified,4361.0,flat,dirt,,right,0.0,Maiden,0.0,0.0,2606020502,26060205,True,https://www.jra.go.jp/datafile/seiseki/report/2026/2026-2nakayama5.pdf,18003歳未勝利発走10時35分(ダート・右)負担重量は、馬齢重量,expected_result,,
202606020503,2026.0,中山,2.0,5.0,3,2026-03-14,https://www.jra.go.jp/datafile/seiseki/report/2026/2026-2nakayama5.pdf,edefbeb6a09d1a7ccf94b8029abcdc56c7dd75209dd3baff1f76805dcb268178,official_race_marker_verified,7713.0,flat,dirt,,right,0.0,Maiden,0.0,0.0,2606020503,26060205,True,https://www.jra.go.jp/datafile/seiseki/report/2026/2026-2nakayama5.pdf,12003歳未勝利発走11時05分(ダート・右)負担重量は、馬齢重量,expected_result,,
202606020504,2026.0,中山,2.0,5.0,4,2026-03-14,https://www.jra.go.jp/datafile/seiseki/report/2026/2026-2nakayama5.pdf,edefbeb6a09d1a7ccf94b8029abcdc56c7dd75209dd3baff1f76805dcb268178,official_race_marker_verified,1611.0,flat,dirt,,right,0.0,Maiden,0.0,0.0,2606020504,26060205,True,https://www.jra.go.jp/datafile/seiseki/report/2026/2026-2nakayama5.pdf,18003歳未勝利発走11時35分(ダート・右)負担重量は、馬齢重量,expected_result,,
202606020505,2026.0,中山,2.0,5.0,5,2026-03-14,https://www.jra.go.jp/datafile/seiseki/report/2026/2026-2nakayama5.pdf,edefbeb6a09d1a7ccf94b8029abcdc56c7dd75209dd3baff1f76805dcb268178,official_race_marker_verified,4816.0,flat,turf,outer,right,0.0,Maiden,0.0,0.0,2606020505,26060205,True,https://www.jra.go.jp/datafile/seiseki/report/2026/2026-2nakayama5.pdf,16003歳未勝利発走12時25分(芝・右・外)負担重量は、馬齢重量,expected_result,,
202606020506,2026.0,中山,2.0,5.0,6,2026-03-14,https://www.jra.go.jp/datafile/seiseki/report/2026/2026-2nakayama5.pdf,edefbeb6a09d1a7ccf94b8029abcdc56c7dd75209dd3baff1f76805dcb268178,official_race_marker_verified,5815.0,flat,dirt,,right,0.0,Class1,0.0,0.0,2606020506,26060205,True,https://www.jra.go.jp/datafile/seiseki/report/2026/2026-2nakayama5.pdf,18003歳1勝クラス発走12時55分(ダート・右)負担重量は、馬齢重量,expected_result,,
202606020507,2026.0,中山,2.0,5.0,7,2026-03-14,https://www.jra.go.jp/datafile/seiseki/report/2026/2026-2nakayama5.pdf,edefbeb6a09d1a7ccf94b8029abcdc56c7dd75209dd3baff1f76805dcb268178,official_race_marker_verified,1137.0,flat,turf,,right,,Class1,0.0,0.0,2606020507,26060205,True,https://www.jra.go.jp/datafile/seiseki/report/2026/2026-2nakayama5.pdf,25004歳以上1勝クラス発走13時25分(芝・右)負担重量は、4歳575歳以上58、牝馬2減,expected_result,,
202606020508,2026.0,中山,2.0,5.0,8,2026-03-14,https://www.jra.go.jp/datafile/seiseki/report/2026/2026-2nakayama5.pdf,edefbeb6a09d1a7ccf94b8029abcdc56c7dd75209dd3baff1f76805dcb268178,official_race_marker_verified,2815.0,flat,dirt,,right,,Class1,0.0,0.0,2606020508,26060205,True,https://www.jra.go.jp/datafile/seiseki/report/2026/2026-2nakayama5.pdf,12004歳以上1勝クラス発走14時00分(ダート・右)負担重量は、58、牝馬2減,expected_result,,
202606020509,2026.0,中山,2.0,5.0,9,2026-03-14,https://www.jra.go.jp/datafile/seiseki/report/2026/2026-2nakayama5.pdf,edefbeb6a09d1a7ccf94b8029abcdc56c7dd75209dd3baff1f76805dcb268178,official_race_marker_verified,2000.0,flat,turf,,right,,Class2,0.0,0.0,2606020509,26060205,True,https://www.jra.go.jp/datafile/seiseki/report/2026/2026-2nakayama5.pdf,2000ぼうそう房総特別発走14時35分(芝・右)牝、4歳以上、2勝クラス;負担重量は、56賞品,expected_result,,
202606020510,2026.0,中山,2.0,5.0,10,2026-03-14,https://www.jra.go.jp/datafile/seiseki/report/2026/2026-2nakayama5.pdf,edefbeb6a09d1a7ccf94b8029abcdc56c7dd75209dd3baff1f76805dcb268178,official_race_marker_verified,1600.0,flat,turf,outer,right,1.0,Maiden,0.0,0.0,2606020510,26060205,True,https://www.jra.go.jp/datafile/seiseki/report/2026/2026-2nakayama5.pdf,1600まくはり幕張ステークス発走15時10分(芝・右・外)4歳以上、3勝クラス、除未出走馬および未勝利馬;負担重量は、ハンデキャップ賞品,expected_result,,
202606020511,2026.0,中山,2.0,5.0,11,2026-03-14,https://www.jra.go.jp/datafile/seiseki/report/2026/2026-2nakayama5.pdf,edefbeb6a09d1a7ccf94b8029abcdc56c7dd75209dd3baff1f76805dcb268178,official_race_marker_verified,1600.0,flat,turf,outer,right,0.0,Open,1.0,1.0,2606020511,26060205,True,https://www.jra.go.jp/datafile/seiseki/report/2026/2026-2nakayama5.pdf,1600アネモネステークス(L)発走15時45分(桜花賞トライアル)(芝・右・外)牝、3歳;負担重量は、馬齢重量賞品,expected_result,,
202606020512,2026.0,中山,2.0,5.0,12,2026-03-14,https://www.jra.go.jp/datafile/seiseki/report/2026/2026-2nakayama5.pdf,edefbeb6a09d1a7ccf94b8029abcdc56c7dd75209dd3baff1f76805dcb268178,official_race_marker_verified,2612.0,flat,dirt,,right,,Class2,0.0,0.0,2606020512,26060205,True,https://www.jra.go.jp/datafile/seiseki/report/2026/2026-2nakayama5.pdf,12004歳以上2勝クラス発走16時25分(ダート・右)負担重量は、58、牝馬2減,expected_result,,
202607010101,2026.0,中京,1.0,1.0,1,2026-03-14,https://www.jra.go.jp/datafile/seiseki/report/2026/2026-1chukyo1.pdf,37d22686209ae372cd1b445a5a30d12b5685622c23e5f79cf2c89f7a2680f514,official_race_marker_verified,5552.0,flat,dirt,,left,0.0,Maiden,0.0,0.0,2607010101,26070101,True,https://www.jra.go.jp/datafile/seiseki/report/2026/2026-1chukyo1.pdf,18003歳未勝利発走9時45分(ダート・左)牝;負担重量は、馬齢重量,expected_result,,
202607010102,2026.0,中京,1.0,1.0,2,2026-03-14,https://www.jra.go.jp/datafile/seiseki/report/2026/2026-1chukyo1.pdf,37d22686209ae372cd1b445a5a30d12b5685622c23e5f79cf2c89f7a2680f514,official_race_marker_verified,5755.0,flat,dirt,,left,0.0,Maiden,0.0,0.0,2607010102,26070101,True,https://www.jra.go.jp/datafile/seiseki/report/2026/2026-1chukyo1.pdf,12003歳未勝利発走10時10分(ダート・左)負担重量は、馬齢重量,expected_result,,
202607010103,2026.0,中京,1.0,1.0,3,2026-03-14,https://www.jra.go.jp/datafile/seiseki/report/2026/2026-1chukyo1.pdf,37d22686209ae372cd1b445a5a30d12b5685622c23e5f79cf2c89f7a2680f514,official_race_marker_verified,6140.0,flat,dirt,,left,0.0,Maiden,0.0,0.0,2607010103,26070101,True,https://www.jra.go.jp/datafile/seiseki/report/2026/2026-1chukyo1.pdf,19003歳未勝利発走10時40分(ダート・左)負担重量は、馬齢重量,expected_result,,
202607010104,2026.0,中京,1.0,1.0,4,2026-03-14,https://www.jra.go.jp/datafile/seiseki/report/2026/2026-1chukyo1.pdf,37d22686209ae372cd1b445a5a30d12b5685622c23e5f79cf2c89f7a2680f514,official_race_marker_verified,5552.0,flat,turf,,left,0.0,Maiden,0.0,0.0,2607010104,26070101,True,https://www.jra.go.jp/datafile/seiseki/report/2026/2026-1chukyo1.pdf,16003歳未勝利発走11時10分(芝・左)若手騎手;負担重量は、馬齢重量,expected_result,,
202607010105,2026.0,中京,1.0,1.0,5,2026-03-14,https://www.jra.go.jp/datafile/seiseki/report/2026/2026-1chukyo1.pdf,37d22686209ae372cd1b445a5a30d12b5685622c23e5f79cf2c89f7a2680f514,official_race_marker_verified,8714.0,flat,turf,,left,0.0,Maiden,0.0,0.0,2607010105,26070101,True,https://www.jra.go.jp/datafile/seiseki/report/2026/2026-1chukyo1.pdf,20003歳未勝利発走12時00分(芝・左)負担重量は、馬齢重量,expected_result,,
202607010106,2026.0,中京,1.0,1.0,6,2026-03-14,https://www.jra.go.jp/datafile/seiseki/report/2026/2026-1chukyo1.pdf,37d22686209ae372cd1b445a5a30d12b5685622c23e5f79cf2c89f7a2680f514,official_race_marker_verified,8510.0,flat,dirt,,left,0.0,Class1,0.0,0.0,2607010106,26070101,True,https://www.jra.go.jp/datafile/seiseki/report/2026/2026-1chukyo1.pdf,18003歳1勝クラス発走12時30分(ダート・左)負担重量は、馬齢重量,expected_result,,
202607010107,2026.0,中京,1.0,1.0,7,2026-03-14,https://www.jra.go.jp/datafile/seiseki/report/2026/2026-1chukyo1.pdf,37d22686209ae372cd1b445a5a30d12b5685622c23e5f79cf2c89f7a2680f514,official_race_marker_verified,5855.0,flat,turf,,left,,Class1,0.0,0.0,2607010107,26070101,True,https://www.jra.go.jp/datafile/seiseki/report/2026/2026-1chukyo1.pdf,16004歳以上1勝クラス発走13時00分(芝・左)負担重量は、58、牝馬2減,expected_result,,
202607010108,2026.0,中京,1.0,1.0,8,2026-03-14,https://www.jra.go.jp/datafile/seiseki/report/2026/2026-1chukyo1.pdf,37d22686209ae372cd1b445a5a30d12b5685622c23e5f79cf2c89f7a2680f514,official_race_marker_verified,5855.0,flat,dirt,,left,,Class1,0.0,0.0,2607010108,26070101,True,https://www.jra.go.jp/datafile/seiseki/report/2026/2026-1chukyo1.pdf,12004歳以上1勝クラス発走13時35分(ダート・左)負担重量は、58、牝馬2減,expected_result,,
202607010109,2026.0,中京,1.0,1.0,9,2026-03-14,https://www.jra.go.jp/datafile/seiseki/report/2026/2026-1chukyo1.pdf,37d22686209ae372cd1b445a5a30d12b5685622c23e5f79cf2c89f7a2680f514,official_race_marker_verified,2200.0,flat,turf,,left,,Class1,0.0,0.0,2607010109,26070101,True,https://www.jra.go.jp/datafile/seiseki/report/2026/2026-1chukyo1.pdf,2200つるまい鶴舞特別発走14時10分(芝・左)4歳以上、1勝クラス;負担重量は、4歳575歳以上58、牝馬2減賞品,expected_result,,
202607010110,2026.0,中京,1.0,1.0,10,2026-03-14,https://www.jra.go.jp/datafile/seiseki/report/2026/2026-1chukyo1.pdf,37d22686209ae372cd1b445a5a30d12b5685622c23e5f79cf2c89f7a2680f514,official_race_marker_verified,2000.0,flat,turf,,left,,Class2,0.0,0.0,2607010110,26070101,True,https://www.jra.go.jp/datafile/seiseki/report/2026/2026-1chukyo1.pdf,2000ちゃうすやまこうげん茶臼山高原特別発走14時45分(芝・左)4歳以上、2勝クラス;負担重量は、58、牝馬2減賞品,expected_result,,
202607010111,2026.0,中京,1.0,1.0,11,2026-03-14,https://www.jra.go.jp/datafile/seiseki/report/2026/2026-1chukyo1.pdf,37d22686209ae372cd1b445a5a30d12b5685622c23e5f79cf2c89f7a2680f514,official_race_marker_verified,1800.0,flat,dirt,,left,1.0,Class2,0.0,0.0,2607010111,26070101,True,https://www.jra.go.jp/datafile/seiseki/report/2026/2026-1chukyo1.pdf,1800中京スポーツ杯発走15時20分(ダート・左)4歳以上、2勝クラス;負担重量は、ハンデキャップ東京スポーツ新聞社賞(1着)賞品,expected_result,,
202607010112,2026.0,中京,1.0,1.0,12,2026-03-14,https://www.jra.go.jp/datafile/seiseki/report/2026/2026-1chukyo1.pdf,37d22686209ae372cd1b445a5a30d12b5685622c23e5f79cf2c89f7a2680f514,official_race_marker_verified,5654.0,flat,turf,,left,,Class1,0.0,0.0,2607010112,26070101,True,https://www.jra.go.jp/datafile/seiseki/report/2026/2026-1chukyo1.pdf,14004歳以上1勝クラス発走16時00分(芝・左)牝;負担重量は、56,expected_result,,
202609010701,2026.0,阪神,1.0,7.0,1,2026-03-14,https://www.jra.go.jp/datafile/seiseki/report/2026/2026-1hanshin7.pdf,277e35ed88531e09774fc018b64ffe7c62c64fa27e49ce7938d3c4c3fd74f1c1,official_race_marker_verified,7812.0,flat,dirt,,right,0.0,Maiden,0.0,0.0,2609010701,26090107,True,https://www.jra.go.jp/datafile/seiseki/report/2026/2026-1hanshin7.pdf,18003歳未勝利発走9時50分(ダート・右)牝;負担重量は、馬齢重量,expected_result,,
202609010702,2026.0,阪神,1.0,7.0,2,2026-03-14,https://www.jra.go.jp/datafile/seiseki/report/2026/2026-1hanshin7.pdf,277e35ed88531e09774fc018b64ffe7c62c64fa27e49ce7938d3c4c3fd74f1c1,official_race_marker_verified,5552.0,flat,dirt,,right,0.0,Maiden,0.0,0.0,2609010702,26090107,True,https://www.jra.go.jp/datafile/seiseki/report/2026/2026-1hanshin7.pdf,14003歳未勝利発走10時20分(ダート・右)負担重量は、馬齢重量,expected_result,,
202609010703,2026.0,阪神,1.0,7.0,3,2026-03-14,https://www.jra.go.jp/datafile/seiseki/report/2026/2026-1hanshin7.pdf,277e35ed88531e09774fc018b64ffe7c62c64fa27e49ce7938d3c4c3fd74f1c1,official_race_marker_verified,7812.0,flat,dirt,,right,0.0,Maiden,0.0,0.0,2609010703,26090107,True,https://www.jra.go.jp/datafile/seiseki/report/2026/2026-1hanshin7.pdf,18003歳未勝利発走10時50分(ダート・右)負担重量は、馬齢重量,expected_result,,
202609010704,2026.0,阪神,1.0,7.0,4,2026-03-14,https://www.jra.go.jp/datafile/seiseki/report/2026/2026-1hanshin7.pdf,277e35ed88531e09774fc018b64ffe7c62c64fa27e49ce7938d3c4c3fd74f1c1,official_race_marker_verified,2110.0,flat,turf,,right,0.0,Maiden,0.0,0.0,2609010704,26090107,True,https://www.jra.go.jp/datafile/seiseki/report/2026/2026-1hanshin7.pdf,14003歳未勝利発走11時20分(芝・右)負担重量は、馬齢重量,expected_result,,
202609010705,2026.0,阪神,1.0,7.0,5,2026-03-14,https://www.jra.go.jp/datafile/seiseki/report/2026/2026-1hanshin7.pdf,277e35ed88531e09774fc018b64ffe7c62c64fa27e49ce7938d3c4c3fd74f1c1,official_race_marker_verified,2817.0,flat,turf,outer,right,0.0,Maiden,0.0,0.0,2609010705,26090107,True,https://www.jra.go.jp/datafile/seiseki/report/2026/2026-1hanshin7.pdf,18003歳未勝利発走12時10分(芝・右・外)負担重量は、馬齢重量,expected_result,,
202609010706,2026.0,阪神,1.0,7.0,6,2026-03-14,https://www.jra.go.jp/datafile/seiseki/report/2026/2026-1hanshin7.pdf,277e35ed88531e09774fc018b64ffe7c62c64fa27e49ce7938d3c4c3fd74f1c1,official_race_marker_verified,9813.0,flat,dirt,,right,,Class1,0.0,0.0,2609010706,26090107,True,https://www.jra.go.jp/datafile/seiseki/report/2026/2026-1hanshin7.pdf,18004歳以上1勝クラス発走12時40分(ダート・右)牝;負担重量は、56,expected_result,,
202609010707,2026.0,阪神,1.0,7.0,7,2026-03-14,https://www.jra.go.jp/datafile/seiseki/report/2026/2026-1hanshin7.pdf,277e35ed88531e09774fc018b64ffe7c62c64fa27e49ce7938d3c4c3fd74f1c1,official_race_marker_verified,4335.0,flat,dirt,,right,,Class1,0.0,0.0,2609010707,26090107,True,https://www.jra.go.jp/datafile/seiseki/report/2026/2026-1hanshin7.pdf,14004歳以上1勝クラス発走13時10分(ダート・右)負担重量は、58、牝馬2減,expected_result,,
202609010708,2026.0,阪神,1.0,7.0,8,2026-03-14,https://www.jra.go.jp/datafile/seiseki/report/2026/2026-1hanshin7.pdf,277e35ed88531e09774fc018b64ffe7c62c64fa27e49ce7938d3c4c3fd74f1c1,official_race_marker_verified,3900.0,obstacle,,,,,Maiden,0.0,0.0,2609010708,26090107,False,https://www.jra.go.jp/datafile/seiseki/report/2026/2026-1hanshin7.pdf,3900第28回阪神スプリングジャンプ(J・GII)発走13時45分(芝)4歳以上、除未出走馬および未勝利馬;負担重量は、4歳595歳以上60、牝馬2減、J・GI競走1着馬2増、J・GII競走1着馬1増賞品,expected_result,,
202609010709,2026.0,阪神,1.0,7.0,9,2026-03-14,https://www.jra.go.jp/datafile/seiseki/report/2026/2026-1hanshin7.pdf,277e35ed88531e09774fc018b64ffe7c62c64fa27e49ce7938d3c4c3fd74f1c1,official_race_marker_verified,1200.0,flat,turf,,right,,Class2,0.0,0.0,2609010709,26090107,True,https://www.jra.go.jp/datafile/seiseki/report/2026/2026-1hanshin7.pdf,1200さぬき讃岐特別発走14時20分(芝・右)4歳以上、2勝クラス;負担重量は、58、牝馬2減賞品,expected_result,,
202609010710,2026.0,阪神,1.0,7.0,10,2026-03-14,https://www.jra.go.jp/datafile/seiseki/report/2026/2026-1hanshin7.pdf,277e35ed88531e09774fc018b64ffe7c62c64fa27e49ce7938d3c4c3fd74f1c1,official_race_marker_verified,1800.0,flat,turf,outer,right,,Maiden,0.0,0.0,2609010710,26090107,True,https://www.jra.go.jp/datafile/seiseki/report/2026/2026-1hanshin7.pdf,1800なんば難波ステークス発走14時55分(芝・右・外)4歳以上、3勝クラス、除未出走馬および未勝利馬;負担重量は、58、牝馬2減賞品,expected_result,,
202609010711,2026.0,阪神,1.0,7.0,11,2026-03-14,https://www.jra.go.jp/datafile/seiseki/report/2026/2026-1hanshin7.pdf,277e35ed88531e09774fc018b64ffe7c62c64fa27e49ce7938d3c4c3fd74f1c1,official_race_marker_verified,1400.0,flat,dirt,,right,,Maiden,0.0,0.0,2609010711,26090107,True,https://www.jra.go.jp/datafile/seiseki/report/2026/2026-1hanshin7.pdf,1400コーラルステークス(L)発走15時30分(ダート・右)4歳以上、除未出走馬および未勝利馬;負担重量は、日本馬:57、牝馬2減、収得賞金1600万円超過馬は超過額1200万円毎1増、:57、牝馬2減、GI競走1着馬5増、GII競走1着馬3増、GIII競走1着馬1増(ただし2歳時の成績を除く)賞品,expected_result,,
202609010712,2026.0,阪神,1.0,7.0,12,2026-03-14,https://www.jra.go.jp/datafile/seiseki/report/2026/2026-1hanshin7.pdf,277e35ed88531e09774fc018b64ffe7c62c64fa27e49ce7938d3c4c3fd74f1c1,official_race_marker_verified,8367.0,flat,dirt,,right,,Class1,0.0,0.0,2609010712,26090107,True,https://www.jra.go.jp/datafile/seiseki/report/2026/2026-1hanshin7.pdf,18004歳以上1勝クラス発走16時10分(ダート・右)負担重量は、58、牝馬2減,expected_result,,
202606020601,2026.0,中山,2.0,6.0,1,2026-03-15,https://www.jra.go.jp/datafile/seiseki/report/2026/2026-2nakayama6.pdf,02a96f1348ee8f83608fabba7030e25d2512213eea0cc7c28de8754eaaa90503,official_race_marker_verified,7815.0,flat,dirt,,right,0.0,Maiden,0.0,0.0,2606020601,26060206,True,https://www.jra.go.jp/datafile/seiseki/report/2026/2026-2nakayama6.pdf,12003歳未勝利発走10時05分(ダート・右)牝;負担重量は、馬齢重量,expected_result,,
202606020602,2026.0,中山,2.0,6.0,2,2026-03-15,https://www.jra.go.jp/datafile/seiseki/report/2026/2026-2nakayama6.pdf,02a96f1348ee8f83608fabba7030e25d2512213eea0cc7c28de8754eaaa90503,official_race_marker_verified,4611.0,flat,dirt,,right,0.0,Maiden,0.0,0.0,2606020602,26060206,True,https://www.jra.go.jp/datafile/seiseki/report/2026/2026-2nakayama6.pdf,18003歳未勝利発走10時35分(ダート・右)負担重量は、馬齢重量,expected_result,,
202606020603,2026.0,中山,2.0,6.0,3,2026-03-15,https://www.jra.go.jp/datafile/seiseki/report/2026/2026-2nakayama6.pdf,02a96f1348ee8f83608fabba7030e25d2512213eea0cc7c28de8754eaaa90503,official_race_marker_verified,3510.0,flat,dirt,,right,0.0,Maiden,0.0,0.0,2606020603,26060206,True,https://www.jra.go.jp/datafile/seiseki/report/2026/2026-2nakayama6.pdf,12003歳未勝利発走11時05分(ダート・右)負担重量は、馬齢重量,expected_result,,
202606020604,2026.0,中山,2.0,6.0,4,2026-03-15,https://www.jra.go.jp/datafile/seiseki/report/2026/2026-2nakayama6.pdf,02a96f1348ee8f83608fabba7030e25d2512213eea0cc7c28de8754eaaa90503,official_race_marker_verified,3713.0,flat,dirt,,right,0.0,Maiden,0.0,0.0,2606020604,26060206,True,https://www.jra.go.jp/datafile/seiseki/report/2026/2026-2nakayama6.pdf,18003歳未勝利発走11時35分(ダート・右)牝;負担重量は、馬齢重量,expected_result,,
202606020605,2026.0,中山,2.0,6.0,5,2026-03-15,https://www.jra.go.jp/datafile/seiseki/report/2026/2026-2nakayama6.pdf,02a96f1348ee8f83608fabba7030e25d2512213eea0cc7c28de8754eaaa90503,official_race_marker_verified,8714.0,flat,turf,,right,0.0,Maiden,0.0,0.0,2606020605,26060206,True,https://www.jra.go.jp/datafile/seiseki/report/2026/2026-2nakayama6.pdf,20003歳未勝利発走12時25分(芝・右)負担重量は、馬齢重量,expected_result,,
202606020606,2026.0,中山,2.0,6.0,6,2026-03-15,https://www.jra.go.jp/datafile/seiseki/report/2026/2026-2nakayama6.pdf,02a96f1348ee8f83608fabba7030e25d2512213eea0cc7c28de8754eaaa90503,official_race_marker_verified,5856.0,flat,dirt,,right,,Class1,0.0,0.0,2606020606,26060206,True,https://www.jra.go.jp/datafile/seiseki/report/2026/2026-2nakayama6.pdf,18004歳以上1勝クラス発走12時55分(ダート・右)負担重量は、58、牝馬2減,expected_result,,
202606020607,2026.0,中山,2.0,6.0,7,2026-03-15,https://www.jra.go.jp/datafile/seiseki/report/2026/2026-2nakayama6.pdf,02a96f1348ee8f83608fabba7030e25d2512213eea0cc7c28de8754eaaa90503,official_race_marker_verified,1815.0,flat,turf,outer,right,0.0,Class1,0.0,0.0,2606020607,26060206,True,https://www.jra.go.jp/datafile/seiseki/report/2026/2026-2nakayama6.pdf,12003歳1勝クラス発走13時25分(芝・右・外)負担重量は、馬齢重量,expected_result,,
202606020608,2026.0,中山,2.0,6.0,8,2026-03-15,https://www.jra.go.jp/datafile/seiseki/report/2026/2026-2nakayama6.pdf,02a96f1348ee8f83608fabba7030e25d2512213eea0cc7c28de8754eaaa90503,official_race_marker_verified,6317.0,flat,turf,outer,right,,Class2,0.0,0.0,2606020608,26060206,True,https://www.jra.go.jp/datafile/seiseki/report/2026/2026-2nakayama6.pdf,16004歳以上2勝クラス発走13時55分(芝・右・外)負担重量は、58、牝馬2減,expected_result,,
202606020609,2026.0,中山,2.0,6.0,9,2026-03-15,https://www.jra.go.jp/datafile/seiseki/report/2026/2026-2nakayama6.pdf,02a96f1348ee8f83608fabba7030e25d2512213eea0cc7c28de8754eaaa90503,official_race_marker_verified,2400.0,flat,dirt,,right,,Class2,0.0,0.0,2606020609,26060206,True,https://www.jra.go.jp/datafile/seiseki/report/2026/2026-2nakayama6.pdf,2400あみ阿見特別発走14時25分(ダート・右)4歳以上、2勝クラス;負担重量は、4歳575歳以上58、牝馬2減賞品,expected_result,,
202606020610,2026.0,中山,2.0,6.0,10,2026-03-15,https://www.jra.go.jp/datafile/seiseki/report/2026/2026-2nakayama6.pdf,02a96f1348ee8f83608fabba7030e25d2512213eea0cc7c28de8754eaaa90503,official_race_marker_verified,1600.0,flat,turf,outer,right,,Maiden,0.0,0.0,2606020610,26060206,True,https://www.jra.go.jp/datafile/seiseki/report/2026/2026-2nakayama6.pdf,1600こち東風ステークス(L)発走15時00分(芝・右・外)4歳以上、除未出走馬および未勝利馬;負担重量は、日本馬:57、牝馬2減、収得賞金1600万円超過馬は超過額1200万円毎1増、:57、牝馬2減、GI競走1着馬5増、GII競走1着馬3増、GIII競走1着馬1増(ただし2歳時の成績を除く)賞品,expected_result,,
202606020611,2026.0,中山,2.0,6.0,11,2026-03-15,https://www.jra.go.jp/datafile/seiseki/report/2026/2026-2nakayama6.pdf,02a96f1348ee8f83608fabba7030e25d2512213eea0cc7c28de8754eaaa90503,official_race_marker_verified,1800.0,flat,turf,,right,0.0,Open,1.0,1.0,2606020611,26060206,True,https://www.jra.go.jp/datafile/seiseki/report/2026/2026-2nakayama6.pdf,1800第75回フジテレビ賞スプリングステークス(GII)発走15時45分(皐月賞トライアル)(芝・右)牡・牝、3歳;負担重量は、馬齢重量フジテレビ賞(1着)賞品,expected_result,,
202606020612,2026.0,中山,2.0,6.0,12,2026-03-15,https://www.jra.go.jp/datafile/seiseki/report/2026/2026-2nakayama6.pdf,02a96f1348ee8f83608fabba7030e25d2512213eea0cc7c28de8754eaaa90503,official_race_marker_verified,7611.0,flat,dirt,,right,,Class1,0.0,0.0,2606020612,26060206,True,https://www.jra.go.jp/datafile/seiseki/report/2026/2026-2nakayama6.pdf,12004歳以上1勝クラス発走16時25分(ダート・右)牝;負担重量は、56,expected_result,,
202607010201,2026.0,中京,1.0,2.0,1,2026-03-15,https://www.jra.go.jp/datafile/seiseki/report/2026/2026-1chukyo2.pdf,2217911b4703942214b3033305c5afc01aa81ae713e07b29d2b07dc197474681,official_race_marker_verified,816.0,flat,dirt,,left,0.0,Maiden,0.0,0.0,2607010201,26070102,True,https://www.jra.go.jp/datafile/seiseki/report/2026/2026-1chukyo2.pdf,14003歳未勝利発走9時45分(ダート・左)負担重量は、馬齢重量,expected_result,,
202607010202,2026.0,中京,1.0,2.0,2,2026-03-15,https://www.jra.go.jp/datafile/seiseki/report/2026/2026-1chukyo2.pdf,2217911b4703942214b3033305c5afc01aa81ae713e07b29d2b07dc197474681,official_race_marker_verified,2813.0,flat,dirt,,left,0.0,Maiden,0.0,0.0,2607010202,26070102,True,https://www.jra.go.jp/datafile/seiseki/report/2026/2026-1chukyo2.pdf,18003歳未勝利発走10時15分(ダート・左)負担重量は、馬齢重量,expected_result,,
202607010203,2026.0,中京,1.0,2.0,3,2026-03-15,https://www.jra.go.jp/datafile/seiseki/report/2026/2026-1chukyo2.pdf,2217911b4703942214b3033305c5afc01aa81ae713e07b29d2b07dc197474681,official_race_marker_verified,9611.0,flat,turf,,left,0.0,Maiden,0.0,0.0,2607010203,26070102,True,https://www.jra.go.jp/datafile/seiseki/report/2026/2026-1chukyo2.pdf,16003歳未勝利発走10時45分(芝・左)牝;負担重量は、馬齢重量,expected_result,,
202607010204,2026.0,中京,1.0,2.0,4,2026-03-15,https://www.jra.go.jp/datafile/seiseki/report/2026/2026-1chukyo2.pdf,2217911b4703942214b3033305c5afc01aa81ae713e07b29d2b07dc197474681,official_race_marker_verified,5754.0,flat,turf,,left,0.0,Maiden,0.0,0.0,2607010204,26070102,True,https://www.jra.go.jp/datafile/seiseki/report/2026/2026-1chukyo2.pdf,14003歳未勝利発走11時15分(芝・左)負担重量は、馬齢重量,expected_result,,
202607010205,2026.0,中京,1.0,2.0,5,2026-03-15,https://www.jra.go.jp/datafile/seiseki/report/2026/2026-1chukyo2.pdf,2217911b4703942214b3033305c5afc01aa81ae713e07b29d2b07dc197474681,official_race_marker_verified,9815.0,flat,turf,,left,0.0,Maiden,0.0,0.0,2607010205,26070102,True,https://www.jra.go.jp/datafile/seiseki/report/2026/2026-1chukyo2.pdf,22003歳未勝利発走12時05分(芝・左)負担重量は、馬齢重量,expected_result,,
202607010206,2026.0,中京,1.0,2.0,6,2026-03-15,https://www.jra.go.jp/datafile/seiseki/report/2026/2026-1chukyo2.pdf,2217911b4703942214b3033305c5afc01aa81ae713e07b29d2b07dc197474681,official_race_marker_verified,8220.0,flat,dirt,,left,,Class1,0.0,0.0,2607010206,26070102,True,https://www.jra.go.jp/datafile/seiseki/report/2026/2026-1chukyo2.pdf,14004歳以上1勝クラス発走12時35分(ダート・左)牝;負担重量は、56,expected_result,,
202607010207,2026.0,中京,1.0,2.0,7,2026-03-15,https://www.jra.go.jp/datafile/seiseki/report/2026/2026-1chukyo2.pdf,2217911b4703942214b3033305c5afc01aa81ae713e07b29d2b07dc197474681,official_race_marker_verified,8815.0,flat,dirt,,left,,Class1,0.0,0.0,2607010207,26070102,True,https://www.jra.go.jp/datafile/seiseki/report/2026/2026-1chukyo2.pdf,18004歳以上1勝クラス発走13時05分(ダート・左)負担重量は、58、牝馬2減,expected_result,,
202607010208,2026.0,中京,1.0,2.0,8,2026-03-15,https://www.jra.go.jp/datafile/seiseki/report/2026/2026-1chukyo2.pdf,2217911b4703942214b3033305c5afc01aa81ae713e07b29d2b07dc197474681,official_race_marker_verified,5855.0,flat,turf,,left,,Class1,0.0,0.0,2607010208,26070102,True,https://www.jra.go.jp/datafile/seiseki/report/2026/2026-1chukyo2.pdf,20004歳以上1勝クラス発走13時35分(芝・左)負担重量は、58、牝馬2減,expected_result,,
202607010209,2026.0,中京,1.0,2.0,9,2026-03-15,https://www.jra.go.jp/datafile/seiseki/report/2026/2026-1chukyo2.pdf,2217911b4703942214b3033305c5afc01aa81ae713e07b29d2b07dc197474681,official_race_marker_verified,1200.0,flat,dirt,,left,,Class2,0.0,0.0,2607010209,26070102,True,https://www.jra.go.jp/datafile/seiseki/report/2026/2026-1chukyo2.pdf,1200いらご伊良湖特別発走14時05分(ダート・左)4歳以上、2勝クラス;負担重量は、58、牝馬2減賞品,expected_result,,
202607010210,2026.0,中京,1.0,2.0,10,2026-03-15,https://www.jra.go.jp/datafile/seiseki/report/2026/2026-1chukyo2.pdf,2217911b4703942214b3033305c5afc01aa81ae713e07b29d2b07dc197474681,official_race_marker_verified,1400.0,flat,dirt,,left,,Maiden,0.0,0.0,2607010210,26070102,True,https://www.jra.go.jp/datafile/seiseki/report/2026/2026-1chukyo2.pdf,1400しょうりゅう昇竜ステークス発走14時40分(ダート・左)3歳、除未出走馬および未勝利馬;負担重量は、日本馬:馬齢重量、収得賞金1400万円毎1増、:馬齢重量、GI競走1着馬2増、GII競走またはGIII競走1着馬1増賞品,expected_result,,
202607010211,2026.0,中京,1.0,2.0,11,2026-03-15,https://www.jra.go.jp/datafile/seiseki/report/2026/2026-1chukyo2.pdf,2217911b4703942214b3033305c5afc01aa81ae713e07b29d2b07dc197474681,official_race_marker_verified,2000.0,flat,turf,,left,,Open,1.0,1.0,2607010211,26070102,True,https://www.jra.go.jp/datafile/seiseki/report/2026/2026-1chukyo2.pdf,2000第62回東海テレビ杯金賞(GII)発走15時15分(芝・左)4歳以上、除未出走馬および未勝利馬;負担重量は、57、牝馬2減、2025.3.15以降GI競走(牝馬限定競走を除く)1着馬2増、牝馬限定GI競走またはGII競走(牝馬限定競走を除く)1着馬1増、2025.3.14以前のGI競走(牝馬限定競走を除く)1着馬1増(ただし2歳時の成績を除く)東海テレビ杯(1着)賞品,expected_result,,
202607010212,2026.0,中京,1.0,2.0,12,2026-03-15,https://www.jra.go.jp/datafile/seiseki/report/2026/2026-1chukyo2.pdf,2217911b4703942214b3033305c5afc01aa81ae713e07b29d2b07dc197474681,official_race_marker_verified,5653.0,flat,turf,,left,,Class1,0.0,0.0,2607010212,26070102,True,https://www.jra.go.jp/datafile/seiseki/report/2026/2026-1chukyo2.pdf,12004歳以上1勝クラス発走16時00分(芝・左)負担重量は、58、牝馬2減,expected_result,,
202609010801,2026.0,阪神,1.0,8.0,1,2026-03-15,https://www.jra.go.jp/datafile/seiseki/report/2026/2026-1hanshin8.pdf,391254a73135f2ca29330bec0a9079bbf8ea289d82115d123469782b70c3d66d,official_race_marker_verified,5552.0,flat,dirt,,right,0.0,Maiden,0.0,0.0,2609010801,26090108,True,https://www.jra.go.jp/datafile/seiseki/report/2026/2026-1hanshin8.pdf,14003歳未勝利発走9時55分(ダート・右)牝;負担重量は、馬齢重量,expected_result,,
202609010802,2026.0,阪神,1.0,8.0,2,2026-03-15,https://www.jra.go.jp/datafile/seiseki/report/2026/2026-1hanshin8.pdf,391254a73135f2ca29330bec0a9079bbf8ea289d82115d123469782b70c3d66d,official_race_marker_verified,5754.0,flat,dirt,,right,0.0,Maiden,0.0,0.0,2609010802,26090108,True,https://www.jra.go.jp/datafile/seiseki/report/2026/2026-1hanshin8.pdf,18003歳未勝利発走10時25分(ダート・右)負担重量は、馬齢重量,expected_result,,
202609010803,2026.0,阪神,1.0,8.0,3,2026-03-15,https://www.jra.go.jp/datafile/seiseki/report/2026/2026-1hanshin8.pdf,391254a73135f2ca29330bec0a9079bbf8ea289d82115d123469782b70c3d66d,official_race_marker_verified,7714.0,flat,dirt,,right,0.0,Maiden,0.0,0.0,2609010803,26090108,True,https://www.jra.go.jp/datafile/seiseki/report/2026/2026-1hanshin8.pdf,12003歳未勝利発走10時55分(ダート・右)負担重量は、馬齢重量,expected_result,,
202609010804,2026.0,阪神,1.0,8.0,4,2026-03-15,https://www.jra.go.jp/datafile/seiseki/report/2026/2026-1hanshin8.pdf,391254a73135f2ca29330bec0a9079bbf8ea289d82115d123469782b70c3d66d,official_race_marker_verified,2970.0,obstacle,turf,,,,Maiden,0.0,0.0,2609010804,26090108,False,https://www.jra.go.jp/datafile/seiseki/report/2026/2026-1hanshin8.pdf,2970障害4歳以上未勝利発走11時25分(芝・ダート)負担重量は、4歳595歳以上60、牝馬2減,expected_result,,
202609010805,2026.0,阪神,1.0,8.0,5,2026-03-15,https://www.jra.go.jp/datafile/seiseki/report/2026/2026-1hanshin8.pdf,391254a73135f2ca29330bec0a9079bbf8ea289d82115d123469782b70c3d66d,official_race_marker_verified,5551.0,flat,turf,,right,0.0,Maiden,0.0,0.0,2609010805,26090108,True,https://www.jra.go.jp/datafile/seiseki/report/2026/2026-1hanshin8.pdf,20003歳未勝利発走12時15分(芝・右)牝;負担重量は、馬齢重量,expected_result,,
202609010806,2026.0,阪神,1.0,8.0,6,2026-03-15,https://www.jra.go.jp/datafile/seiseki/report/2026/2026-1hanshin8.pdf,391254a73135f2ca29330bec0a9079bbf8ea289d82115d123469782b70c3d66d,official_race_marker_verified,1810.0,flat,turf,outer,right,0.0,Class1,0.0,0.0,2609010806,26090108,True,https://www.jra.go.jp/datafile/seiseki/report/2026/2026-1hanshin8.pdf,16003歳1勝クラス発走12時45分(芝・右・外)負担重量は、馬齢重量,expected_result,,
202609010807,2026.0,阪神,1.0,8.0,7,2026-03-15,https://www.jra.go.jp/datafile/seiseki/report/2026/2026-1hanshin8.pdf,391254a73135f2ca29330bec0a9079bbf8ea289d82115d123469782b70c3d66d,official_race_marker_verified,2813.0,flat,turf,outer,right,,Class1,0.0,0.0,2609010807,26090108,True,https://www.jra.go.jp/datafile/seiseki/report/2026/2026-1hanshin8.pdf,16004歳以上1勝クラス発走13時15分(芝・右・外)負担重量は、58、牝馬2減,expected_result,,
202609010808,2026.0,阪神,1.0,8.0,8,2026-03-15,https://www.jra.go.jp/datafile/seiseki/report/2026/2026-1hanshin8.pdf,391254a73135f2ca29330bec0a9079bbf8ea289d82115d123469782b70c3d66d,official_race_marker_verified,116.0,flat,dirt,,right,,Class2,0.0,0.0,2609010808,26090108,True,https://www.jra.go.jp/datafile/seiseki/report/2026/2026-1hanshin8.pdf,18004歳以上2勝クラス発走13時45分(ダート・右)負担重量は、58、牝馬2減,expected_result,,
202609010809,2026.0,阪神,1.0,8.0,9,2026-03-15,https://www.jra.go.jp/datafile/seiseki/report/2026/2026-1hanshin8.pdf,391254a73135f2ca29330bec0a9079bbf8ea289d82115d123469782b70c3d66d,official_race_marker_verified,2400.0,flat,turf,outer,right,0.0,Class1,0.0,0.0,2609010809,26090108,True,https://www.jra.go.jp/datafile/seiseki/report/2026/2026-1hanshin8.pdf,2400ゆきやなぎ賞発走14時15分(芝・右・外)3歳、1勝クラス;負担重量は、馬齢重量賞品,expected_result,,
202609010810,2026.0,阪神,1.0,8.0,10,2026-03-15,https://www.jra.go.jp/datafile/seiseki/report/2026/2026-1hanshin8.pdf,391254a73135f2ca29330bec0a9079bbf8ea289d82115d123469782b70c3d66d,official_race_marker_verified,1800.0,flat,dirt,,right,1.0,Maiden,0.0,0.0,2609010810,26090108,True,https://www.jra.go.jp/datafile/seiseki/report/2026/2026-1hanshin8.pdf,1800こうなん甲南ステークス発走14時50分(ダート・右)4歳以上、3勝クラス、除未出走馬および未勝利馬;負担重量は、ハンデキャップ賞品,expected_result,,
202609010811,2026.0,阪神,1.0,8.0,11,2026-03-15,https://www.jra.go.jp/datafile/seiseki/report/2026/2026-1hanshin8.pdf,391254a73135f2ca29330bec0a9079bbf8ea289d82115d123469782b70c3d66d,official_race_marker_verified,1200.0,flat,turf,,right,1.0,Maiden,0.0,0.0,2609010811,26090108,True,https://www.jra.go.jp/datafile/seiseki/report/2026/2026-1hanshin8.pdf,1200よなごじょう米子城ステークス発走15時30分(芝・右)4歳以上、除未出走馬および未勝利馬;負担重量は、ハンデキャップ米子市長賞(1着)賞品,expected_result,,
202609010812,2026.0,阪神,1.0,8.0,12,2026-03-15,https://www.jra.go.jp/datafile/seiseki/report/2026/2026-1hanshin8.pdf,391254a73135f2ca29330bec0a9079bbf8ea289d82115d123469782b70c3d66d,official_race_marker_verified,812.0,flat,dirt,,right,,Class2,0.0,0.0,2609010812,26090108,True,https://www.jra.go.jp/datafile/seiseki/report/2026/2026-1hanshin8.pdf,14004歳以上2勝クラス発走16時10分(ダート・右)牝;負担重量は、56,expected_result,,
202606020701,2026.0,中山,2.0,7.0,1,2026-03-21,https://www.jra.go.jp/datafile/seiseki/report/2026/2026-2nakayama7.pdf,43df8f43006114dea78a64a9f685a978bb137c48fe7d0accbf1a7818b628b5ac,official_race_marker_verified,9510.0,flat,dirt,,right,0.0,Maiden,0.0,0.0,2606020701,26060207,True,https://www.jra.go.jp/datafile/seiseki/report/2026/2026-2nakayama7.pdf,12003歳未勝利発走10時05分(ダート・右)牝;負担重量は、馬齢重量,expected_result,,
202606020702,2026.0,中山,2.0,7.0,2,2026-03-21,https://www.jra.go.jp/datafile/seiseki/report/2026/2026-2nakayama7.pdf,43df8f43006114dea78a64a9f685a978bb137c48fe7d0accbf1a7818b628b5ac,official_race_marker_verified,5754.0,flat,dirt,,right,0.0,Maiden,0.0,0.0,2606020702,26060207,True,https://www.jra.go.jp/datafile/seiseki/report/2026/2026-2nakayama7.pdf,18003歳未勝利発走10時35分(ダート・右)負担重量は、馬齢重量,expected_result,,
202606020703,2026.0,中山,2.0,7.0,3,2026-03-21,https://www.jra.go.jp/datafile/seiseki/report/2026/2026-2nakayama7.pdf,43df8f43006114dea78a64a9f685a978bb137c48fe7d0accbf1a7818b628b5ac,official_race_marker_verified,4815.0,flat,dirt,,right,0.0,Maiden,0.0,0.0,2606020703,26060207,True,https://www.jra.go.jp/datafile/seiseki/report/2026/2026-2nakayama7.pdf,12003歳未勝利発走11時05分(ダート・右)負担重量は、馬齢重量,expected_result,,
202606020704,2026.0,中山,2.0,7.0,4,2026-03-21,https://www.jra.go.jp/datafile/seiseki/report/2026/2026-2nakayama7.pdf,43df8f43006114dea78a64a9f685a978bb137c48fe7d0accbf1a7818b628b5ac,official_race_marker_verified,5755.0,flat,dirt,,right,0.0,Maiden,0.0,0.0,2606020704,26060207,True,https://www.jra.go.jp/datafile/seiseki/report/2026/2026-2nakayama7.pdf,18003歳未勝利発走11時35分(ダート・右)負担重量は、馬齢重量,expected_result,,
202606020705,2026.0,中山,2.0,7.0,5,2026-03-21,https://www.jra.go.jp/datafile/seiseki/report/2026/2026-2nakayama7.pdf,43df8f43006114dea78a64a9f685a978bb137c48fe7d0accbf1a7818b628b5ac,official_race_marker_verified,5711.0,flat,turf,outer,right,0.0,Maiden,0.0,0.0,2606020705,26060207,True,https://www.jra.go.jp/datafile/seiseki/report/2026/2026-2nakayama7.pdf,22003歳未勝利発走12時25分(芝・右・外)負担重量は、馬齢重量,expected_result,,
202606020706,2026.0,中山,2.0,7.0,6,2026-03-21,https://www.jra.go.jp/datafile/seiseki/report/2026/2026-2nakayama7.pdf,43df8f43006114dea78a64a9f685a978bb137c48fe7d0accbf1a7818b628b5ac,official_race_marker_verified,7711.0,flat,turf,outer,right,0.0,Class1,0.0,0.0,2606020706,26060207,True,https://www.jra.go.jp/datafile/seiseki/report/2026/2026-2nakayama7.pdf,16003歳1勝クラス発走12時55分(芝・右・外)負担重量は、馬齢重量,expected_result,,
202606020707,2026.0,中山,2.0,7.0,7,2026-03-21,https://www.jra.go.jp/datafile/seiseki/report/2026/2026-2nakayama7.pdf,43df8f43006114dea78a64a9f685a978bb137c48fe7d0accbf1a7818b628b5ac,official_race_marker_verified,8714.0,flat,dirt,,right,,Class1,0.0,0.0,2606020707,26060207,True,https://www.jra.go.jp/datafile/seiseki/report/2026/2026-2nakayama7.pdf,24004歳以上1勝クラス発走13時25分(ダート・右)負担重量は、4歳575歳以上58、牝馬2減,expected_result,,
202606020708,2026.0,中山,2.0,7.0,8,2026-03-21,https://www.jra.go.jp/datafile/seiseki/report/2026/2026-2nakayama7.pdf,43df8f43006114dea78a64a9f685a978bb137c48fe7d0accbf1a7818b628b5ac,official_race_marker_verified,3350.0,obstacle,turf,outer,,,,,0.0,2606020708,26060207,False,https://www.jra.go.jp/datafile/seiseki/report/2026/2026-2nakayama7.pdf,3350ペガサスジャンプステークス発走14時00分(芝・外)4歳以上;負担重量は、4歳595歳以上60、牝馬2減、J・GI競走1着馬および3増、J・GII競走1着馬2増賞品,expected_result,,
202606020709,2026.0,中山,2.0,7.0,9,2026-03-21,https://www.jra.go.jp/datafile/seiseki/report/2026/2026-2nakayama7.pdf,43df8f43006114dea78a64a9f685a978bb137c48fe7d0accbf1a7818b628b5ac,official_race_marker_verified,1800.0,flat,turf,,right,1.0,Class2,0.0,0.0,2606020709,26060207,True,https://www.jra.go.jp/datafile/seiseki/report/2026/2026-2nakayama7.pdf,1800たてやま館山特別発走14時35分(芝・右)4歳以上、2勝クラス;負担重量は、ハンデキャップ賞品,expected_result,,
202606020710,2026.0,中山,2.0,7.0,10,2026-03-21,https://www.jra.go.jp/datafile/seiseki/report/2026/2026-2nakayama7.pdf,43df8f43006114dea78a64a9f685a978bb137c48fe7d0accbf1a7818b628b5ac,official_race_marker_verified,1800.0,flat,dirt,,right,,Maiden,0.0,0.0,2606020710,26060207,True,https://www.jra.go.jp/datafile/seiseki/report/2026/2026-2nakayama7.pdf,1800かんこくばじかい韓国馬事会杯発走15時10分(ダート・右)牝、4歳以上、3勝クラス、除未出走馬および未勝利馬;負担重量は、56韓国馬事会賞(1着)賞品,expected_result,,
202606020711,2026.0,中山,2.0,7.0,11,2026-03-21,https://www.jra.go.jp/datafile/seiseki/report/2026/2026-2nakayama7.pdf,43df8f43006114dea78a64a9f685a978bb137c48fe7d0accbf1a7818b628b5ac,official_race_marker_verified,1800.0,flat,turf,,right,0.0,Open,1.0,1.0,2606020711,26060207,True,https://www.jra.go.jp/datafile/seiseki/report/2026/2026-2nakayama7.pdf,1800第40回フラワーカップ(GIII)発走15時45分(芝・右)牝、3歳、除未出走馬および未勝利馬;負担重量は、馬齢重量賞品,expected_result,,
202606020712,2026.0,中山,2.0,7.0,12,2026-03-21,https://www.jra.go.jp/datafile/seiseki/report/2026/2026-2nakayama7.pdf,43df8f43006114dea78a64a9f685a978bb137c48fe7d0accbf1a7818b628b5ac,official_race_marker_verified,9611.0,flat,dirt,,right,,Class1,0.0,0.0,2606020712,26060207,True,https://www.jra.go.jp/datafile/seiseki/report/2026/2026-2nakayama7.pdf,12004歳以上1勝クラス発走16時25分(ダート・右)負担重量は、58、牝馬2減,expected_result,,
202607010301,2026.0,中京,1.0,3.0,1,2026-03-21,https://www.jra.go.jp/datafile/seiseki/report/2026/2026-1chukyo3.pdf,38b04c201340b2640ab36844728651cbba5868bef3408b8d8569b8506cffbeba,official_race_marker_verified,5754.0,flat,dirt,,left,0.0,Maiden,0.0,0.0,2607010301,26070103,True,https://www.jra.go.jp/datafile/seiseki/report/2026/2026-1chukyo3.pdf,18003歳未勝利発走9時45分(ダート・左)負担重量は、馬齢重量,expected_result,,
202607010302,2026.0,中京,1.0,3.0,2,2026-03-21,https://www.jra.go.jp/datafile/seiseki/report/2026/2026-1chukyo3.pdf,38b04c201340b2640ab36844728651cbba5868bef3408b8d8569b8506cffbeba,official_race_marker_verified,5552.0,flat,dirt,,left,0.0,Maiden,0.0,0.0,2607010302,26070103,True,https://www.jra.go.jp/datafile/seiseki/report/2026/2026-1chukyo3.pdf,12003歳未勝利発走10時10分(ダート・左)牝;負担重量は、馬齢重量,expected_result,,
202607010303,2026.0,中京,1.0,3.0,3,2026-03-21,https://www.jra.go.jp/datafile/seiseki/report/2026/2026-1chukyo3.pdf,38b04c201340b2640ab36844728651cbba5868bef3408b8d8569b8506cffbeba,official_race_marker_verified,9312.0,flat,dirt,,left,0.0,Maiden,0.0,0.0,2607010303,26070103,True,https://www.jra.go.jp/datafile/seiseki/report/2026/2026-1chukyo3.pdf,19003歳未勝利発走10時40分(ダート・左)負担重量は、馬齢重量,expected_result,,
202607010304,2026.0,中京,1.0,3.0,4,2026-03-21,https://www.jra.go.jp/datafile/seiseki/report/2026/2026-1chukyo3.pdf,38b04c201340b2640ab36844728651cbba5868bef3408b8d8569b8506cffbeba,official_race_marker_verified,5553.0,flat,turf,,left,0.0,Maiden,0.0,0.0,2607010304,26070103,True,https://www.jra.go.jp/datafile/seiseki/report/2026/2026-1chukyo3.pdf,20003歳未勝利発走11時10分(芝・左)牝;負担重量は、馬齢重量,expected_result,,
202607010305,2026.0,中京,1.0,3.0,5,2026-03-21,https://www.jra.go.jp/datafile/seiseki/report/2026/2026-1chukyo3.pdf,38b04c201340b2640ab36844728651cbba5868bef3408b8d8569b8506cffbeba,official_race_marker_verified,1612.0,flat,turf,,left,0.0,Maiden,0.0,0.0,2607010305,26070103,True,https://www.jra.go.jp/datafile/seiseki/report/2026/2026-1chukyo3.pdf,20003歳未勝利発走12時00分(芝・左)負担重量は、馬齢重量,expected_result,,
202607010306,2026.0,中京,1.0,3.0,6,2026-03-21,https://www.jra.go.jp/datafile/seiseki/report/2026/2026-1chukyo3.pdf,38b04c201340b2640ab36844728651cbba5868bef3408b8d8569b8506cffbeba,official_race_marker_verified,4612.0,flat,turf,,left,0.0,Maiden,0.0,0.0,2607010306,26070103,True,https://www.jra.go.jp/datafile/seiseki/report/2026/2026-1chukyo3.pdf,14003歳未勝利発走12時30分(芝・左)負担重量は、馬齢重量,expected_result,,
202607010307,2026.0,中京,1.0,3.0,7,2026-03-21,https://www.jra.go.jp/datafile/seiseki/report/2026/2026-1chukyo3.pdf,38b04c201340b2640ab36844728651cbba5868bef3408b8d8569b8506cffbeba,official_race_marker_verified,5855.0,flat,dirt,,left,,Class1,0.0,0.0,2607010307,26070103,True,https://www.jra.go.jp/datafile/seiseki/report/2026/2026-1chukyo3.pdf,14004歳以上1勝クラス発走13時00分(ダート・左)負担重量は、58、牝馬2減,expected_result,,
202607010308,2026.0,中京,1.0,3.0,8,2026-03-21,https://www.jra.go.jp/datafile/seiseki/report/2026/2026-1chukyo3.pdf,38b04c201340b2640ab36844728651cbba5868bef3408b8d8569b8506cffbeba,official_race_marker_verified,5855.0,flat,turf,,left,,Class1,0.0,0.0,2607010308,26070103,True,https://www.jra.go.jp/datafile/seiseki/report/2026/2026-1chukyo3.pdf,20004歳以上1勝クラス発走13時35分(芝・左)負担重量は、58、牝馬2減,expected_result,,
202607010309,2026.0,中京,1.0,3.0,9,2026-03-21,https://www.jra.go.jp/datafile/seiseki/report/2026/2026-1chukyo3.pdf,38b04c201340b2640ab36844728651cbba5868bef3408b8d8569b8506cffbeba,official_race_marker_verified,1400.0,flat,turf,,left,,Class2,0.0,0.0,2607010309,26070103,True,https://www.jra.go.jp/datafile/seiseki/report/2026/2026-1chukyo3.pdf,1400おかざき岡崎特別発走14時10分(芝・左)4歳以上、2勝クラス;負担重量は、58、牝馬2減賞品,expected_result,,
202607010310,2026.0,中京,1.0,3.0,10,2026-03-21,https://www.jra.go.jp/datafile/seiseki/report/2026/2026-1chukyo3.pdf,38b04c201340b2640ab36844728651cbba5868bef3408b8d8569b8506cffbeba,official_race_marker_verified,1400.0,flat,dirt,,left,1.0,Maiden,0.0,0.0,2607010310,26070103,True,https://www.jra.go.jp/datafile/seiseki/report/2026/2026-1chukyo3.pdf,1400とよあけ豊明ステークス発走14時45分(ダート・左)4歳以上、3勝クラス、除未出走馬および未勝利馬;負担重量は、ハンデキャップ豊明市長賞(1着)賞品,expected_result,,
202607010311,2026.0,中京,1.0,3.0,11,2026-03-21,https://www.jra.go.jp/datafile/seiseki/report/2026/2026-1chukyo3.pdf,38b04c201340b2640ab36844728651cbba5868bef3408b8d8569b8506cffbeba,official_race_marker_verified,1400.0,flat,turf,,left,0.0,Open,1.0,1.0,2607010311,26070103,True,https://www.jra.go.jp/datafile/seiseki/report/2026/2026-1chukyo3.pdf,1400第40回中日スポーツ賞ファルコンステークス(GIII)発走15時20分(芝・左)3歳、除未出走馬および未勝利馬;負担重量は、馬齢重量中日スポーツ総局賞(1着)賞品,expected_result,,
202607010312,2026.0,中京,1.0,3.0,12,2026-03-21,https://www.jra.go.jp/datafile/seiseki/report/2026/2026-1chukyo3.pdf,38b04c201340b2640ab36844728651cbba5868bef3408b8d8569b8506cffbeba,official_race_marker_verified,5855.0,flat,turf,,left,,Class1,0.0,0.0,2607010312,26070103,True,https://www.jra.go.jp/datafile/seiseki/report/2026/2026-1chukyo3.pdf,16004歳以上1勝クラス発走16時00分(芝・左)負担重量は、58、牝馬2減,expected_result,,
202609010901,2026.0,阪神,1.0,9.0,1,2026-03-21,https://www.jra.go.jp/datafile/seiseki/report/2026/2026-1hanshin9.pdf,e1f9597a96942f4bbff5052df949e407a31393c20ebb0454f4c623d8f714096d,official_race_marker_verified,2118.0,flat,dirt,,right,0.0,Maiden,0.0,0.0,2609010901,26090109,True,https://www.jra.go.jp/datafile/seiseki/report/2026/2026-1hanshin9.pdf,18003歳未勝利発走9時50分(ダート・右)牝;負担重量は、馬齢重量,expected_result,,
202609010902,2026.0,阪神,1.0,9.0,2,2026-03-21,https://www.jra.go.jp/datafile/seiseki/report/2026/2026-1hanshin9.pdf,e1f9597a96942f4bbff5052df949e407a31393c20ebb0454f4c623d8f714096d,official_race_marker_verified,2439.0,flat,dirt,,right,0.0,Maiden,0.0,0.0,2609010902,26090109,True,https://www.jra.go.jp/datafile/seiseki/report/2026/2026-1hanshin9.pdf,12003歳未勝利発走10時20分(ダート・右)負担重量は、馬齢重量,expected_result,,
202609010903,2026.0,阪神,1.0,9.0,3,2026-03-21,https://www.jra.go.jp/datafile/seiseki/report/2026/2026-1hanshin9.pdf,e1f9597a96942f4bbff5052df949e407a31393c20ebb0454f4c623d8f714096d,official_race_marker_verified,5810.0,flat,dirt,,right,0.0,Maiden,0.0,0.0,2609010903,26090109,True,https://www.jra.go.jp/datafile/seiseki/report/2026/2026-1hanshin9.pdf,20003歳未勝利発走10時50分(ダート・右)負担重量は、馬齢重量,expected_result,,
202609010904,2026.0,阪神,1.0,9.0,4,2026-03-21,https://www.jra.go.jp/datafile/seiseki/report/2026/2026-1hanshin9.pdf,e1f9597a96942f4bbff5052df949e407a31393c20ebb0454f4c623d8f714096d,official_race_marker_verified,9610.0,flat,dirt,,right,0.0,Maiden,0.0,0.0,2609010904,26090109,True,https://www.jra.go.jp/datafile/seiseki/report/2026/2026-1hanshin9.pdf,14003歳未勝利発走11時20分(ダート・右)負担重量は、馬齢重量,expected_result,,
202609010905,2026.0,阪神,1.0,9.0,5,2026-03-21,https://www.jra.go.jp/datafile/seiseki/report/2026/2026-1hanshin9.pdf,e1f9597a96942f4bbff5052df949e407a31393c20ebb0454f4c623d8f714096d,official_race_marker_verified,3612.0,flat,turf,outer,right,0.0,Maiden,0.0,0.0,2609010905,26090109,True,https://www.jra.go.jp/datafile/seiseki/report/2026/2026-1hanshin9.pdf,16003歳未勝利発走12時10分(芝・右・外)負担重量は、馬齢重量,expected_result,,
202609010906,2026.0,阪神,1.0,9.0,6,2026-03-21,https://www.jra.go.jp/datafile/seiseki/report/2026/2026-1hanshin9.pdf,e1f9597a96942f4bbff5052df949e407a31393c20ebb0454f4c623d8f714096d,official_race_marker_verified,2611.0,flat,dirt,,right,0.0,Class1,0.0,0.0,2609010906,26090109,True,https://www.jra.go.jp/datafile/seiseki/report/2026/2026-1hanshin9.pdf,14003歳1勝クラス発走12時40分(ダート・右)負担重量は、馬齢重量,expected_result,,
202609010907,2026.0,阪神,1.0,9.0,7,2026-03-21,https://www.jra.go.jp/datafile/seiseki/report/2026/2026-1hanshin9.pdf,e1f9597a96942f4bbff5052df949e407a31393c20ebb0454f4c623d8f714096d,official_race_marker_verified,1811.0,flat,dirt,,right,,Class1,0.0,0.0,2609010907,26090109,True,https://www.jra.go.jp/datafile/seiseki/report/2026/2026-1hanshin9.pdf,18004歳以上1勝クラス発走13時10分(ダート・右)牝;負担重量は、56,expected_result,,
202609010908,2026.0,阪神,1.0,9.0,8,2026-03-21,https://www.jra.go.jp/datafile/seiseki/report/2026/2026-1hanshin9.pdf,e1f9597a96942f4bbff5052df949e407a31393c20ebb0454f4c623d8f714096d,official_race_marker_verified,1116.0,flat,dirt,,right,,Class2,0.0,0.0,2609010908,26090109,True,https://www.jra.go.jp/datafile/seiseki/report/2026/2026-1hanshin9.pdf,18004歳以上2勝クラス発走13時45分(ダート・右)負担重量は、58、牝馬2減,expected_result,,
202609010909,2026.0,阪神,1.0,9.0,9,2026-03-21,https://www.jra.go.jp/datafile/seiseki/report/2026/2026-1hanshin9.pdf,e1f9597a96942f4bbff5052df949e407a31393c20ebb0454f4c623d8f714096d,official_race_marker_verified,2600.0,flat,turf,outer,right,,Class2,0.0,0.0,2609010909,26090109,True,https://www.jra.go.jp/datafile/seiseki/report/2026/2026-1hanshin9.pdf,2600あわじ淡路特別発走14時20分(芝・右・外)4歳以上、2勝クラス;負担重量は、4歳575歳以上58、牝馬2減賞品,expected_result,,
202609010910,2026.0,阪神,1.0,9.0,10,2026-03-21,https://www.jra.go.jp/datafile/seiseki/report/2026/2026-1hanshin9.pdf,e1f9597a96942f4bbff5052df949e407a31393c20ebb0454f4c623d8f714096d,official_race_marker_verified,1200.0,flat,turf,,right,1.0,Maiden,0.0,0.0,2609010910,26090109,True,https://www.jra.go.jp/datafile/seiseki/report/2026/2026-1hanshin9.pdf,1200よどやばし淀屋橋ステークス発走14時55分(芝・右)4歳以上、3勝クラス、除未出走馬および未勝利馬;負担重量は、ハンデキャップ賞品,expected_result,,
202609010911,2026.0,阪神,1.0,9.0,11,2026-03-21,https://www.jra.go.jp/datafile/seiseki/report/2026/2026-1hanshin9.pdf,e1f9597a96942f4bbff5052df949e407a31393c20ebb0454f4c623d8f714096d,official_race_marker_verified,2000.0,flat,turf,,right,0.0,Open,1.0,1.0,2609010911,26090109,True,https://www.jra.go.jp/datafile/seiseki/report/2026/2026-1hanshin9.pdf,2000わかば若葉ステークス(L)発走15時30分(皐月賞トライアル)(芝・右)3歳;負担重量は、馬齢重量賞品,expected_result,,
202609010912,2026.0,阪神,1.0,9.0,12,2026-03-21,https://www.jra.go.jp/datafile/seiseki/report/2026/2026-1hanshin9.pdf,e1f9597a96942f4bbff5052df949e407a31393c20ebb0454f4c623d8f714096d,official_race_marker_verified,3610.0,flat,dirt,,right,,Class1,0.0,0.0,2609010912,26090109,True,https://www.jra.go.jp/datafile/seiseki/report/2026/2026-1hanshin9.pdf,12004歳以上1勝クラス発走16時10分(ダート・右)負担重量は、58、牝馬2減,expected_result,,
202606020801,2026.0,中山,2.0,8.0,1,2026-03-22,https://www.jra.go.jp/datafile/seiseki/report/2026/2026-2nakayama8.pdf,c9d260a958957adfeb0642eb59f96c3992acaf4294b7e5b9b0de8c9f48d9b496,official_race_marker_verified,2815.0,flat,dirt,,right,0.0,Maiden,0.0,0.0,2606020801,26060208,True,https://www.jra.go.jp/datafile/seiseki/report/2026/2026-2nakayama8.pdf,12003歳未勝利発走9時55分(ダート・右)負担重量は、馬齢重量,expected_result,,
202606020802,2026.0,中山,2.0,8.0,2,2026-03-22,https://www.jra.go.jp/datafile/seiseki/report/2026/2026-2nakayama8.pdf,c9d260a958957adfeb0642eb59f96c3992acaf4294b7e5b9b0de8c9f48d9b496,official_race_marker_verified,4610.0,flat,dirt,,right,0.0,Maiden,0.0,0.0,2606020802,26060208,True,https://www.jra.go.jp/datafile/seiseki/report/2026/2026-2nakayama8.pdf,18003歳未勝利発走10時25分(ダート・右)負担重量は、馬齢重量,expected_result,,
202606020803,2026.0,中山,2.0,8.0,3,2026-03-22,https://www.jra.go.jp/datafile/seiseki/report/2026/2026-2nakayama8.pdf,c9d260a958957adfeb0642eb59f96c3992acaf4294b7e5b9b0de8c9f48d9b496,official_race_marker_verified,5565.0,flat,dirt,,right,0.0,Class1,0.0,0.0,2606020803,26060208,True,https://www.jra.go.jp/datafile/seiseki/report/2026/2026-2nakayama8.pdf,12003歳1勝クラス発走10時55分(ダート・右)負担重量は、馬齢重量,expected_result,,
202606020804,2026.0,中山,2.0,8.0,4,2026-03-22,https://www.jra.go.jp/datafile/seiseki/report/2026/2026-2nakayama8.pdf,c9d260a958957adfeb0642eb59f96c3992acaf4294b7e5b9b0de8c9f48d9b496,official_race_marker_verified,2880.0,obstacle,turf,,,,Maiden,0.0,0.0,2606020804,26060208,False,https://www.jra.go.jp/datafile/seiseki/report/2026/2026-2nakayama8.pdf,2880障害4歳以上未勝利発走11時25分(芝・ダート)負担重量は、4歳595歳以上60、牝馬2減,expected_result,,
202606020805,2026.0,中山,2.0,8.0,5,2026-03-22,https://www.jra.go.jp/datafile/seiseki/report/2026/2026-2nakayama8.pdf,c9d260a958957adfeb0642eb59f96c3992acaf4294b7e5b9b0de8c9f48d9b496,official_race_marker_verified,9111.0,flat,turf,outer,right,0.0,Maiden,0.0,0.0,2606020805,26060208,True,https://www.jra.go.jp/datafile/seiseki/report/2026/2026-2nakayama8.pdf,16003歳未勝利発走12時15分(芝・右・外)負担重量は、馬齢重量,expected_result,,
202606020806,2026.0,中山,2.0,8.0,6,2026-03-22,https://www.jra.go.jp/datafile/seiseki/report/2026/2026-2nakayama8.pdf,c9d260a958957adfeb0642eb59f96c3992acaf4294b7e5b9b0de8c9f48d9b496,official_race_marker_verified,3714.0,flat,turf,,right,0.0,Maiden,0.0,0.0,2606020806,26060208,True,https://www.jra.go.jp/datafile/seiseki/report/2026/2026-2nakayama8.pdf,20003歳未勝利発走12時45分(芝・右)負担重量は、馬齢重量,expected_result,,
202606020807,2026.0,中山,2.0,8.0,7,2026-03-22,https://www.jra.go.jp/datafile/seiseki/report/2026/2026-2nakayama8.pdf,c9d260a958957adfeb0642eb59f96c3992acaf4294b7e5b9b0de8c9f48d9b496,official_race_marker_verified,8335.0,flat,turf,,right,0.0,Class1,0.0,0.0,2606020807,26060208,True,https://www.jra.go.jp/datafile/seiseki/report/2026/2026-2nakayama8.pdf,20003歳1勝クラス発走13時15分(芝・右)負担重量は、馬齢重量,expected_result,,
202606020808,2026.0,中山,2.0,8.0,8,2026-03-22,https://www.jra.go.jp/datafile/seiseki/report/2026/2026-2nakayama8.pdf,c9d260a958957adfeb0642eb59f96c3992acaf4294b7e5b9b0de8c9f48d9b496,official_race_marker_verified,3510.0,flat,dirt,,right,,Class1,0.0,0.0,2606020808,26060208,True,https://www.jra.go.jp/datafile/seiseki/report/2026/2026-2nakayama8.pdf,18004歳以上1勝クラス発走13時45分(ダート・右)負担重量は、58、牝馬2減,expected_result,,
202606020809,2026.0,中山,2.0,8.0,9,2026-03-22,https://www.jra.go.jp/datafile/seiseki/report/2026/2026-2nakayama8.pdf,c9d260a958957adfeb0642eb59f96c3992acaf4294b7e5b9b0de8c9f48d9b496,official_race_marker_verified,1200.0,flat,dirt,,right,,Class2,0.0,0.0,2606020809,26060208,True,https://www.jra.go.jp/datafile/seiseki/report/2026/2026-2nakayama8.pdf,1200かまがや鎌ケ谷特別発走14時15分(ダート・右)4歳以上、2勝クラス;負担重量は、58、牝馬2減鎌ケ谷市長賞(1着)賞品,expected_result,,
202606020810,2026.0,中山,2.0,8.0,10,2026-03-22,https://www.jra.go.jp/datafile/seiseki/report/2026/2026-2nakayama8.pdf,c9d260a958957adfeb0642eb59f96c3992acaf4294b7e5b9b0de8c9f48d9b496,official_race_marker_verified,1800.0,flat,turf,,right,,Maiden,0.0,0.0,2606020810,26060208,True,https://www.jra.go.jp/datafile/seiseki/report/2026/2026-2nakayama8.pdf,1800スピカステークス発走14時50分(芝・右)4歳以上、3勝クラス、除未出走馬および未勝利馬;負担重量は、58、牝馬2減賞品,expected_result,,
202606020811,2026.0,中山,2.0,8.0,11,2026-03-22,https://www.jra.go.jp/datafile/seiseki/report/2026/2026-2nakayama8.pdf,c9d260a958957adfeb0642eb59f96c3992acaf4294b7e5b9b0de8c9f48d9b496,official_race_marker_verified,1200.0,flat,dirt,,right,1.0,Maiden,0.0,0.0,2606020811,26060208,True,https://www.jra.go.jp/datafile/seiseki/report/2026/2026-2nakayama8.pdf,1200ちば千葉ステークス発走15時30分(ダート・右)4歳以上、除未出走馬および未勝利馬;負担重量は、ハンデキャップ賞品,expected_result,,
202606020812,2026.0,中山,2.0,8.0,12,2026-03-22,https://www.jra.go.jp/datafile/seiseki/report/2026/2026-2nakayama8.pdf,c9d260a958957adfeb0642eb59f96c3992acaf4294b7e5b9b0de8c9f48d9b496,official_race_marker_verified,2714.0,flat,dirt,,right,,Class2,0.0,0.0,2606020812,26060208,True,https://www.jra.go.jp/datafile/seiseki/report/2026/2026-2nakayama8.pdf,18004歳以上2勝クラス発走16時10分(ダート・右)牝;負担重量は、56,expected_result,,
202607010401,2026.0,中京,1.0,4.0,1,2026-03-22,https://www.jra.go.jp/datafile/seiseki/report/2026/2026-1chukyo4.pdf,94c282736b62e2c6597c0cfab2258ca10659b6adb24da22897eec57888245519,official_race_marker_verified,5552.0,flat,dirt,,left,0.0,Maiden,0.0,0.0,2607010401,26070104,True,https://www.jra.go.jp/datafile/seiseki/report/2026/2026-1chukyo4.pdf,18003歳未勝利発走9時45分(ダート・左)牝;負担重量は、馬齢重量,expected_result,,
202607010402,2026.0,中京,1.0,4.0,2,2026-03-22,https://www.jra.go.jp/datafile/seiseki/report/2026/2026-1chukyo4.pdf,94c282736b62e2c6597c0cfab2258ca10659b6adb24da22897eec57888245519,official_race_marker_verified,9714.0,flat,dirt,,left,0.0,Maiden,0.0,0.0,2607010402,26070104,True,https://www.jra.go.jp/datafile/seiseki/report/2026/2026-1chukyo4.pdf,14003歳未勝利発走10時15分(ダート・左)負担重量は、馬齢重量,expected_result,,
202607010403,2026.0,中京,1.0,4.0,3,2026-03-22,https://www.jra.go.jp/datafile/seiseki/report/2026/2026-1chukyo4.pdf,94c282736b62e2c6597c0cfab2258ca10659b6adb24da22897eec57888245519,official_race_marker_verified,5754.0,flat,dirt,,left,0.0,Maiden,0.0,0.0,2607010403,26070104,True,https://www.jra.go.jp/datafile/seiseki/report/2026/2026-1chukyo4.pdf,18003歳未勝利発走10時45分(ダート・左)負担重量は、馬齢重量,expected_result,,
202607010404,2026.0,中京,1.0,4.0,4,2026-03-22,https://www.jra.go.jp/datafile/seiseki/report/2026/2026-1chukyo4.pdf,94c282736b62e2c6597c0cfab2258ca10659b6adb24da22897eec57888245519,official_race_marker_verified,5553.0,flat,turf,,left,0.0,Maiden,0.0,0.0,2607010404,26070104,True,https://www.jra.go.jp/datafile/seiseki/report/2026/2026-1chukyo4.pdf,20003歳未勝利発走11時15分(芝・左)負担重量は、馬齢重量,expected_result,,
202607010405,2026.0,中京,1.0,4.0,5,2026-03-22,https://www.jra.go.jp/datafile/seiseki/report/2026/2026-1chukyo4.pdf,94c282736b62e2c6597c0cfab2258ca10659b6adb24da22897eec57888245519,official_race_marker_verified,3230.0,flat,turf,,left,0.0,Maiden,0.0,0.0,2607010405,26070104,True,https://www.jra.go.jp/datafile/seiseki/report/2026/2026-1chukyo4.pdf,16003歳未勝利発走12時05分(芝・左)負担重量は、馬齢重量,expected_result,,
202607010406,2026.0,中京,1.0,4.0,6,2026-03-22,https://www.jra.go.jp/datafile/seiseki/report/2026/2026-1chukyo4.pdf,94c282736b62e2c6597c0cfab2258ca10659b6adb24da22897eec57888245519,official_race_marker_verified,816.0,flat,turf,,left,,Class1,0.0,0.0,2607010406,26070104,True,https://www.jra.go.jp/datafile/seiseki/report/2026/2026-1chukyo4.pdf,20004歳以上1勝クラス発走12時35分(芝・左)牝;負担重量は、56,expected_result,,
202607010407,2026.0,中京,1.0,4.0,7,2026-03-22,https://www.jra.go.jp/datafile/seiseki/report/2026/2026-1chukyo4.pdf,94c282736b62e2c6597c0cfab2258ca10659b6adb24da22897eec57888245519,official_race_marker_verified,5855.0,flat,dirt,,left,,Class1,0.0,0.0,2607010407,26070104,True,https://www.jra.go.jp/datafile/seiseki/report/2026/2026-1chukyo4.pdf,18004歳以上1勝クラス発走13時05分(ダート・左)負担重量は、58、牝馬2減,expected_result,,
202607010408,2026.0,中京,1.0,4.0,8,2026-03-22,https://www.jra.go.jp/datafile/seiseki/report/2026/2026-1chukyo4.pdf,94c282736b62e2c6597c0cfab2258ca10659b6adb24da22897eec57888245519,official_race_marker_verified,1714.0,flat,turf,,left,,Class1,0.0,0.0,2607010408,26070104,True,https://www.jra.go.jp/datafile/seiseki/report/2026/2026-1chukyo4.pdf,14004歳以上1勝クラス発走13時35分(芝・左)負担重量は、58、牝馬2減,expected_result,,
202607010409,2026.0,中京,1.0,4.0,9,2026-03-22,https://www.jra.go.jp/datafile/seiseki/report/2026/2026-1chukyo4.pdf,94c282736b62e2c6597c0cfab2258ca10659b6adb24da22897eec57888245519,official_race_marker_verified,1600.0,flat,turf,,left,0.0,Class1,0.0,0.0,2607010409,26070104,True,https://www.jra.go.jp/datafile/seiseki/report/2026/2026-1chukyo4.pdf,1600フローラルウォーク賞発走14時05分(芝・左)3歳、1勝クラス;負担重量は、馬齢重量賞品,expected_result,,
202607010410,2026.0,中京,1.0,4.0,10,2026-03-22,https://www.jra.go.jp/datafile/seiseki/report/2026/2026-1chukyo4.pdf,94c282736b62e2c6597c0cfab2258ca10659b6adb24da22897eec57888245519,official_race_marker_verified,1900.0,flat,dirt,,left,,Class2,0.0,0.0,2607010410,26070104,True,https://www.jra.go.jp/datafile/seiseki/report/2026/2026-1chukyo4.pdf,1900やとみ弥富特別発走14時40分(ダート・左)4歳以上、2勝クラス;負担重量は、58、牝馬2減賞品,expected_result,,
202607010411,2026.0,中京,1.0,4.0,11,2026-03-22,https://www.jra.go.jp/datafile/seiseki/report/2026/2026-1chukyo4.pdf,94c282736b62e2c6597c0cfab2258ca10659b6adb24da22897eec57888245519,official_race_marker_verified,1400.0,flat,turf,,left,,Open,1.0,1.0,2607010411,26070104,True,https://www.jra.go.jp/datafile/seiseki/report/2026/2026-1chukyo4.pdf,第63回農林水産省賞典1400愛知杯(GIII)発走15時15分(芝・左)牝、4歳以上、除未出走馬および未勝利馬;負担重量は、55、2025.3.22以降GI競走1着馬3増、GII競走1着馬2増、GIII競走1着馬1増、2025.3.21以前のGI競走1着馬2増、GII競走1着馬1増(ただし2歳時の成績を除く)農林水産大臣賞・愛知県知事賞(1着)賞品,expected_result,,
202607010412,2026.0,中京,1.0,4.0,12,2026-03-22,https://www.jra.go.jp/datafile/seiseki/report/2026/2026-1chukyo4.pdf,94c282736b62e2c6597c0cfab2258ca10659b6adb24da22897eec57888245519,official_race_marker_verified,5654.0,flat,dirt,,left,,Class1,0.0,0.0,2607010412,26070104,True,https://www.jra.go.jp/datafile/seiseki/report/2026/2026-1chukyo4.pdf,12004歳以上1勝クラス発走16時00分(ダート・左)負担重量は、58、牝馬2減,expected_result,,
202609011001,2026.0,阪神,1.0,10.0,1,2026-03-22,https://www.jra.go.jp/datafile/seiseki/report/2026/2026-1hanshin10.pdf,f0332f03e30c0563e9dca3044d0a6126895ad78a9fb7fe68a715c64efd2b1275,official_race_marker_verified,3610.0,flat,dirt,,right,0.0,Maiden,0.0,0.0,2609011001,26090110,True,https://www.jra.go.jp/datafile/seiseki/report/2026/2026-1hanshin10.pdf,14003歳未勝利発走10時05分(ダート・右)牝;負担重量は、馬齢重量,expected_result,,
202609011002,2026.0,阪神,1.0,10.0,2,2026-03-22,https://www.jra.go.jp/datafile/seiseki/report/2026/2026-1hanshin10.pdf,f0332f03e30c0563e9dca3044d0a6126895ad78a9fb7fe68a715c64efd2b1275,official_race_marker_verified,1812.0,flat,dirt,,right,0.0,Maiden,0.0,0.0,2609011002,26090110,True,https://www.jra.go.jp/datafile/seiseki/report/2026/2026-1hanshin10.pdf,18003歳未勝利発走10時35分(ダート・右)負担重量は、馬齢重量,expected_result,,
202609011003,2026.0,阪神,1.0,10.0,3,2026-03-22,https://www.jra.go.jp/datafile/seiseki/report/2026/2026-1hanshin10.pdf,f0332f03e30c0563e9dca3044d0a6126895ad78a9fb7fe68a715c64efd2b1275,official_race_marker_verified,5552.0,flat,dirt,,right,0.0,Maiden,0.0,0.0,2609011003,26090110,True,https://www.jra.go.jp/datafile/seiseki/report/2026/2026-1hanshin10.pdf,12003歳未勝利発走11時05分(ダート・右)負担重量は、馬齢重量,expected_result,,
202609011004,2026.0,阪神,1.0,10.0,4,2026-03-22,https://www.jra.go.jp/datafile/seiseki/report/2026/2026-1hanshin10.pdf,f0332f03e30c0563e9dca3044d0a6126895ad78a9fb7fe68a715c64efd2b1275,official_race_marker_verified,3612.0,flat,turf,outer,right,0.0,Maiden,0.0,0.0,2609011004,26090110,True,https://www.jra.go.jp/datafile/seiseki/report/2026/2026-1hanshin10.pdf,24003歳未勝利発走11時35分(芝・右・外)負担重量は、馬齢重量,expected_result,,
202609011005,2026.0,阪神,1.0,10.0,5,2026-03-22,https://www.jra.go.jp/datafile/seiseki/report/2026/2026-1hanshin10.pdf,f0332f03e30c0563e9dca3044d0a6126895ad78a9fb7fe68a715c64efd2b1275,official_race_marker_verified,7122.0,flat,turf,,right,0.0,Class1,0.0,0.0,2609011005,26090110,True,https://www.jra.go.jp/datafile/seiseki/report/2026/2026-1hanshin10.pdf,12003歳1勝クラス発走12時25分(芝・右)負担重量は、馬齢重量,expected_result,,
202609011006,2026.0,阪神,1.0,10.0,6,2026-03-22,https://www.jra.go.jp/datafile/seiseki/report/2026/2026-1hanshin10.pdf,f0332f03e30c0563e9dca3044d0a6126895ad78a9fb7fe68a715c64efd2b1275,official_race_marker_verified,3813.0,flat,dirt,,right,0.0,Class1,0.0,0.0,2609011006,26090110,True,https://www.jra.go.jp/datafile/seiseki/report/2026/2026-1hanshin10.pdf,18003歳1勝クラス発走12時55分(ダート・右)負担重量は、馬齢重量,expected_result,,
202609011007,2026.0,阪神,1.0,10.0,7,2026-03-22,https://www.jra.go.jp/datafile/seiseki/report/2026/2026-1hanshin10.pdf,f0332f03e30c0563e9dca3044d0a6126895ad78a9fb7fe68a715c64efd2b1275,official_race_marker_verified,3112.0,flat,turf,outer,right,,Class1,0.0,0.0,2609011007,26090110,True,https://www.jra.go.jp/datafile/seiseki/report/2026/2026-1hanshin10.pdf,24004歳以上1勝クラス発走13時25分(芝・右・外)負担重量は、4歳575歳以上58、牝馬2減,expected_result,,
202609011008,2026.0,阪神,1.0,10.0,8,2026-03-22,https://www.jra.go.jp/datafile/seiseki/report/2026/2026-1hanshin10.pdf,f0332f03e30c0563e9dca3044d0a6126895ad78a9fb7fe68a715c64efd2b1275,official_race_marker_verified,5114.0,flat,dirt,,right,,Class1,0.0,0.0,2609011008,26090110,True,https://www.jra.go.jp/datafile/seiseki/report/2026/2026-1hanshin10.pdf,18004歳以上1勝クラス発走13時55分(ダート・右)負担重量は、58、牝馬2減,expected_result,,
202609011009,2026.0,阪神,1.0,10.0,9,2026-03-22,https://www.jra.go.jp/datafile/seiseki/report/2026/2026-1hanshin10.pdf,f0332f03e30c0563e9dca3044d0a6126895ad78a9fb7fe68a715c64efd2b1275,official_race_marker_verified,1600.0,flat,turf,outer,right,,Class2,0.0,0.0,2609011009,26090110,True,https://www.jra.go.jp/datafile/seiseki/report/2026/2026-1hanshin10.pdf,1600かいけ皆生特別発走14時25分(芝・右・外)4歳以上、2勝クラス;負担重量は、58、牝馬2減賞品,expected_result,,
202609011010,2026.0,阪神,1.0,10.0,10,2026-03-22,https://www.jra.go.jp/datafile/seiseki/report/2026/2026-1hanshin10.pdf,f0332f03e30c0563e9dca3044d0a6126895ad78a9fb7fe68a715c64efd2b1275,official_race_marker_verified,1800.0,flat,dirt,,right,,Maiden,0.0,0.0,2609011010,26090110,True,https://www.jra.go.jp/datafile/seiseki/report/2026/2026-1hanshin10.pdf,1800レグルスステークス発走15時00分(ダート・右)4歳以上、除未出走馬および未勝利馬;負担重量は、日本馬:57、牝馬2減、収得賞金1600万円超過馬は超過額600万円毎1増、:57、牝馬2減、GI競走1着馬5増、GII競走1着馬3増、GIII競走1着馬1増(ただし2歳時の成績を除く)賞品,expected_result,,
202609011011,2026.0,阪神,1.0,10.0,11,2026-03-22,https://www.jra.go.jp/datafile/seiseki/report/2026/2026-1hanshin10.pdf,f0332f03e30c0563e9dca3044d0a6126895ad78a9fb7fe68a715c64efd2b1275,official_race_marker_verified,3000.0,flat,turf,,right,,Open,1.0,1.0,2609011011,26090110,True,https://www.jra.go.jp/datafile/seiseki/report/2026/2026-1hanshin10.pdf,3000第74回阪神大賞典(GII)発走15時45分(芝・右)4歳以上、除未出走馬および未勝利馬;負担重量は、4歳565歳以上57、牝馬2減、2025.3.22以降GI競走(牝馬限定競走を除く)1着馬2増、牝馬限定GI競走またはGII競走(牝馬限定競走を除く)1着馬1増、2025.3.21以前のGI競走(牝馬限定競走を除く)1着馬1増(ただし2歳時の成績を除く)兵庫県知事賞・京阪神ビルディング株式会社賞(1着)賞品,expected_result,,
202609011012,2026.0,阪神,1.0,10.0,12,2026-03-22,https://www.jra.go.jp/datafile/seiseki/report/2026/2026-1hanshin10.pdf,f0332f03e30c0563e9dca3044d0a6126895ad78a9fb7fe68a715c64efd2b1275,official_race_marker_verified,6711.0,flat,dirt,,right,,Class2,0.0,0.0,2609011012,26090110,True,https://www.jra.go.jp/datafile/seiseki/report/2026/2026-1hanshin10.pdf,14004歳以上2勝クラス発走16時25分(ダート・右)負担重量は、58、牝馬2減,expected_result,,
202606030101,2026.0,中山,3.0,1.0,1,2026-03-28,https://www.jra.go.jp/datafile/seiseki/report/2026/2026-3nakayama1.pdf,cde8ed3b880ffb756f254478220d99b8865c5873b36f95148fd02e3cba8566e0,official_race_marker_verified,5552.0,flat,dirt,,right,0.0,Maiden,0.0,0.0,2606030101,26060301,True,https://www.jra.go.jp/datafile/seiseki/report/2026/2026-3nakayama1.pdf,12003歳未勝利発走10時05分(ダート・右)牝;負担重量は、馬齢重量,expected_result,,
202606030102,2026.0,中山,3.0,1.0,2,2026-03-28,https://www.jra.go.jp/datafile/seiseki/report/2026/2026-3nakayama1.pdf,cde8ed3b880ffb756f254478220d99b8865c5873b36f95148fd02e3cba8566e0,official_race_marker_verified,4611.0,flat,dirt,,right,0.0,Maiden,0.0,0.0,2606030102,26060301,True,https://www.jra.go.jp/datafile/seiseki/report/2026/2026-3nakayama1.pdf,18003歳未勝利発走10時35分(ダート・右)負担重量は、馬齢重量,expected_result,,
202606030103,2026.0,中山,3.0,1.0,3,2026-03-28,https://www.jra.go.jp/datafile/seiseki/report/2026/2026-3nakayama1.pdf,cde8ed3b880ffb756f254478220d99b8865c5873b36f95148fd02e3cba8566e0,official_race_marker_verified,131.0,flat,dirt,,right,0.0,Maiden,0.0,0.0,2606030103,26060301,True,https://www.jra.go.jp/datafile/seiseki/report/2026/2026-3nakayama1.pdf,12003歳未勝利発走11時05分(ダート・右)負担重量は、馬齢重量,expected_result,,
202606030104,2026.0,中山,3.0,1.0,4,2026-03-28,https://www.jra.go.jp/datafile/seiseki/report/2026/2026-3nakayama1.pdf,cde8ed3b880ffb756f254478220d99b8865c5873b36f95148fd02e3cba8566e0,official_race_marker_verified,1611.0,flat,dirt,,right,0.0,Maiden,0.0,0.0,2606030104,26060301,True,https://www.jra.go.jp/datafile/seiseki/report/2026/2026-3nakayama1.pdf,18003歳未勝利発走11時35分(ダート・右)負担重量は、馬齢重量,expected_result,,
202606030105,2026.0,中山,3.0,1.0,5,2026-03-28,https://www.jra.go.jp/datafile/seiseki/report/2026/2026-3nakayama1.pdf,cde8ed3b880ffb756f254478220d99b8865c5873b36f95148fd02e3cba8566e0,official_race_marker_verified,5755.0,flat,turf,outer,right,0.0,Maiden,0.0,0.0,2606030105,26060301,True,https://www.jra.go.jp/datafile/seiseki/report/2026/2026-3nakayama1.pdf,16003歳未勝利発走12時25分(芝・右・外)負担重量は、馬齢重量,expected_result,,
202606030106,2026.0,中山,3.0,1.0,6,2026-03-28,https://www.jra.go.jp/datafile/seiseki/report/2026/2026-3nakayama1.pdf,cde8ed3b880ffb756f254478220d99b8865c5873b36f95148fd02e3cba8566e0,official_race_marker_verified,9810.0,flat,turf,,right,0.0,Class1,0.0,0.0,2606030106,26060301,True,https://www.jra.go.jp/datafile/seiseki/report/2026/2026-3nakayama1.pdf,18003歳1勝クラス発走12時55分(芝・右)負担重量は、馬齢重量,expected_result,,
202606030107,2026.0,中山,3.0,1.0,7,2026-03-28,https://www.jra.go.jp/datafile/seiseki/report/2026/2026-3nakayama1.pdf,cde8ed3b880ffb756f254478220d99b8865c5873b36f95148fd02e3cba8566e0,official_race_marker_verified,2108.0,flat,dirt,,right,,Class1,0.0,0.0,2606030107,26060301,True,https://www.jra.go.jp/datafile/seiseki/report/2026/2026-3nakayama1.pdf,18004歳以上1勝クラス発走13時25分(ダート・右)牝;負担重量は、56,expected_result,,
202606030108,2026.0,中山,3.0,1.0,8,2026-03-28,https://www.jra.go.jp/datafile/seiseki/report/2026/2026-3nakayama1.pdf,cde8ed3b880ffb756f254478220d99b8865c5873b36f95148fd02e3cba8566e0,official_race_marker_verified,4112.0,flat,turf,,right,,Class2,0.0,0.0,2606030108,26060301,True,https://www.jra.go.jp/datafile/seiseki/report/2026/2026-3nakayama1.pdf,20004歳以上2勝クラス発走14時00分(芝・右)負担重量は、58、牝馬2減,expected_result,,
202606030109,2026.0,中山,3.0,1.0,9,2026-03-28,https://www.jra.go.jp/datafile/seiseki/report/2026/2026-3nakayama1.pdf,cde8ed3b880ffb756f254478220d99b8865c5873b36f95148fd02e3cba8566e0,official_race_marker_verified,1200.0,flat,dirt,,right,,Maiden,0.0,0.0,2606030109,26060301,True,https://www.jra.go.jp/datafile/seiseki/report/2026/2026-3nakayama1.pdf,1200ブラッドストーンステークス発走14時35分(ダート・右)4歳以上、3勝クラス、除未出走馬および未勝利馬;負担重量は、58、牝馬2減賞品,expected_result,,
202606030110,2026.0,中山,3.0,1.0,10,2026-03-28,https://www.jra.go.jp/datafile/seiseki/report/2026/2026-3nakayama1.pdf,cde8ed3b880ffb756f254478220d99b8865c5873b36f95148fd02e3cba8566e0,official_race_marker_verified,1800.0,flat,dirt,,right,,Maiden,0.0,0.0,2606030110,26060301,True,https://www.jra.go.jp/datafile/seiseki/report/2026/2026-3nakayama1.pdf,1800ふくりゅう伏竜ステークス発走15時10分(ダート・右)3歳、除未出走馬および未勝利馬;負担重量は、日本馬:馬齢重量、収得賞金1400万円毎1増、:馬齢重量、GI競走1着馬2増、GII競走またはGIII競走1着馬1増賞品,expected_result,,
202606030111,2026.0,中山,3.0,1.0,11,2026-03-28,https://www.jra.go.jp/datafile/seiseki/report/2026/2026-3nakayama1.pdf,cde8ed3b880ffb756f254478220d99b8865c5873b36f95148fd02e3cba8566e0,official_race_marker_verified,2500.0,flat,turf,,right,,Open,1.0,1.0,2606030111,26060301,True,https://www.jra.go.jp/datafile/seiseki/report/2026/2026-3nakayama1.pdf,2500第74回日経賞(GII)発走15時45分(芝・右)4歳以上、除未出走馬および未勝利馬;負担重量は、4歳565歳以上57、牝馬2減、2025.3.29以降GI競走(牝馬限定競走を除く)1着馬2増、牝馬限定GI競走またはGII競走(牝馬限定競走を除く)1着馬1増、2025.3.28以前のGI競走(牝馬限定競走を除く)1着馬1増(ただし2歳時の成績を除く)日本経済新聞社賞(1着)賞品,expected_result,,
202606030112,2026.0,中山,3.0,1.0,12,2026-03-28,https://www.jra.go.jp/datafile/seiseki/report/2026/2026-3nakayama1.pdf,cde8ed3b880ffb756f254478220d99b8865c5873b36f95148fd02e3cba8566e0,official_race_marker_verified,9416.0,flat,dirt,,right,,Class2,0.0,0.0,2606030112,26060301,True,https://www.jra.go.jp/datafile/seiseki/report/2026/2026-3nakayama1.pdf,18004歳以上2勝クラス発走16時30分(ダート・右)負担重量は、58、牝馬2減,expected_result,,
202607010501,2026.0,中京,1.0,5.0,1,2026-03-28,https://www.jra.go.jp/datafile/seiseki/report/2026/2026-1chukyo5.pdf,1e79e7e379a804df17a8e428953864b8449cd4b2867c8e6e19d9cd704b4beeaa,official_race_marker_verified,5755.0,flat,dirt,,left,0.0,Maiden,0.0,0.0,2607010501,26070105,True,https://www.jra.go.jp/datafile/seiseki/report/2026/2026-1chukyo5.pdf,14003歳未勝利発走9時45分(ダート・左)負担重量は、馬齢重量,expected_result,,
202607010502,2026.0,中京,1.0,5.0,2,2026-03-28,https://www.jra.go.jp/datafile/seiseki/report/2026/2026-1chukyo5.pdf,1e79e7e379a804df17a8e428953864b8449cd4b2867c8e6e19d9cd704b4beeaa,official_race_marker_verified,5552.0,flat,dirt,,left,0.0,Maiden,0.0,0.0,2607010502,26070105,True,https://www.jra.go.jp/datafile/seiseki/report/2026/2026-1chukyo5.pdf,18003歳未勝利発走10時10分(ダート・左)牝;負担重量は、馬齢重量,expected_result,,
202607010503,2026.0,中京,1.0,5.0,3,2026-03-28,https://www.jra.go.jp/datafile/seiseki/report/2026/2026-1chukyo5.pdf,1e79e7e379a804df17a8e428953864b8449cd4b2867c8e6e19d9cd704b4beeaa,official_race_marker_verified,5754.0,flat,turf,,left,0.0,Maiden,0.0,0.0,2607010503,26070105,True,https://www.jra.go.jp/datafile/seiseki/report/2026/2026-1chukyo5.pdf,16003歳未勝利発走10時40分(芝・左)負担重量は、馬齢重量,expected_result,,
202607010504,2026.0,中京,1.0,5.0,4,2026-03-28,https://www.jra.go.jp/datafile/seiseki/report/2026/2026-1chukyo5.pdf,1e79e7e379a804df17a8e428953864b8449cd4b2867c8e6e19d9cd704b4beeaa,official_race_marker_verified,5754.0,flat,dirt,,left,0.0,Maiden,0.0,0.0,2607010504,26070105,True,https://www.jra.go.jp/datafile/seiseki/report/2026/2026-1chukyo5.pdf,18003歳未勝利発走11時10分(ダート・左)若手騎手;負担重量は、馬齢重量,expected_result,,
202607010505,2026.0,中京,1.0,5.0,5,2026-03-28,https://www.jra.go.jp/datafile/seiseki/report/2026/2026-1chukyo5.pdf,1e79e7e379a804df17a8e428953864b8449cd4b2867c8e6e19d9cd704b4beeaa,official_race_marker_verified,5754.0,flat,turf,,left,0.0,Maiden,0.0,0.0,2607010505,26070105,True,https://www.jra.go.jp/datafile/seiseki/report/2026/2026-1chukyo5.pdf,22003歳未勝利発走12時00分(芝・左)負担重量は、馬齢重量,expected_result,,
202607010506,2026.0,中京,1.0,5.0,6,2026-03-28,https://www.jra.go.jp/datafile/seiseki/report/2026/2026-1chukyo5.pdf,1e79e7e379a804df17a8e428953864b8449cd4b2867c8e6e19d9cd704b4beeaa,official_race_marker_verified,4713.0,flat,dirt,,left,,Class1,0.0,0.0,2607010506,26070105,True,https://www.jra.go.jp/datafile/seiseki/report/2026/2026-1chukyo5.pdf,14004歳以上1勝クラス発走12時30分(ダート・左)負担重量は、58、牝馬2減,expected_result,,
202607010507,2026.0,中京,1.0,5.0,7,2026-03-28,https://www.jra.go.jp/datafile/seiseki/report/2026/2026-1chukyo5.pdf,1e79e7e379a804df17a8e428953864b8449cd4b2867c8e6e19d9cd704b4beeaa,official_race_marker_verified,6125.0,flat,turf,,left,,Class1,0.0,0.0,2607010507,26070105,True,https://www.jra.go.jp/datafile/seiseki/report/2026/2026-1chukyo5.pdf,16004歳以上1勝クラス発走13時00分(芝・左)牝;負担重量は、56,expected_result,,
202607010508,2026.0,中京,1.0,5.0,8,2026-03-28,https://www.jra.go.jp/datafile/seiseki/report/2026/2026-1chukyo5.pdf,1e79e7e379a804df17a8e428953864b8449cd4b2867c8e6e19d9cd704b4beeaa,official_race_marker_verified,5855.0,flat,turf,,left,,Class1,0.0,0.0,2607010508,26070105,True,https://www.jra.go.jp/datafile/seiseki/report/2026/2026-1chukyo5.pdf,20004歳以上1勝クラス発走13時35分(芝・左)負担重量は、58、牝馬2減,expected_result,,
202607010509,2026.0,中京,1.0,5.0,9,2026-03-28,https://www.jra.go.jp/datafile/seiseki/report/2026/2026-1chukyo5.pdf,1e79e7e379a804df17a8e428953864b8449cd4b2867c8e6e19d9cd704b4beeaa,official_race_marker_verified,1900.0,flat,dirt,,left,,Class1,0.0,0.0,2607010509,26070105,True,https://www.jra.go.jp/datafile/seiseki/report/2026/2026-1chukyo5.pdf,1900ロイヤルバンコクスポーツクラブ賞発走14時10分(ダート・左)4歳以上、1勝クラス;負担重量は、58、牝馬2減ロイヤルバンコクスポーツクラブ賞(1着)賞品,expected_result,,
202607010510,2026.0,中京,1.0,5.0,10,2026-03-28,https://www.jra.go.jp/datafile/seiseki/report/2026/2026-1chukyo5.pdf,1e79e7e379a804df17a8e428953864b8449cd4b2867c8e6e19d9cd704b4beeaa,official_race_marker_verified,2200.0,flat,turf,,left,,Class2,0.0,0.0,2607010510,26070105,True,https://www.jra.go.jp/datafile/seiseki/report/2026/2026-1chukyo5.pdf,2200ターフオーソリティーオブインディア賞発走14時45分(芝・左)4歳以上、2勝クラス;負担重量は、4歳575歳以上58、牝馬2減ターフオーソリティーオブインディア賞(1着)賞品,expected_result,,
202607010511,2026.0,中京,1.0,5.0,11,2026-03-28,https://www.jra.go.jp/datafile/seiseki/report/2026/2026-1chukyo5.pdf,1e79e7e379a804df17a8e428953864b8449cd4b2867c8e6e19d9cd704b4beeaa,official_race_marker_verified,1600.0,flat,turf,,left,,Maiden,0.0,0.0,2607010511,26070105,True,https://www.jra.go.jp/datafile/seiseki/report/2026/2026-1chukyo5.pdf,1600マレーシアカップ発走15時20分(芝・左)牝、4歳以上、3勝クラス、除未出走馬および未勝利馬;負担重量は、56セランゴールターフクラブ・ペラターフクラブ賞(1着)賞品,expected_result,,
202607010512,2026.0,中京,1.0,5.0,12,2026-03-28,https://www.jra.go.jp/datafile/seiseki/report/2026/2026-1chukyo5.pdf,1e79e7e379a804df17a8e428953864b8449cd4b2867c8e6e19d9cd704b4beeaa,official_race_marker_verified,1400.0,flat,turf,,left,,Class2,0.0,0.0,2607010512,26070105,True,https://www.jra.go.jp/datafile/seiseki/report/2026/2026-1chukyo5.pdf,1400フィリピントロフィー発走16時00分(芝・左)牝、4歳以上、2勝クラス;負担重量は、56メトロマニラターフクラブ賞(1着)賞品,expected_result,,
202609020101,2026.0,阪神,2.0,1.0,1,2026-03-28,https://www.jra.go.jp/datafile/seiseki/report/2026/2026-2hanshin1.pdf,6c9cd20b41c0b49a7fd299c75fccd8b2cf300839d7f19979ea5342650ead5d2f,official_race_marker_verified,1523.0,flat,dirt,,right,0.0,Maiden,0.0,0.0,2609020101,26090201,True,https://www.jra.go.jp/datafile/seiseki/report/2026/2026-2hanshin1.pdf,12003歳未勝利発走9時50分(ダート・右)牝;負担重量は、馬齢重量,expected_result,,
202609020102,2026.0,阪神,2.0,1.0,2,2026-03-28,https://www.jra.go.jp/datafile/seiseki/report/2026/2026-2hanshin1.pdf,6c9cd20b41c0b49a7fd299c75fccd8b2cf300839d7f19979ea5342650ead5d2f,official_race_marker_verified,6810.0,flat,dirt,,right,0.0,Maiden,0.0,0.0,2609020102,26090201,True,https://www.jra.go.jp/datafile/seiseki/report/2026/2026-2hanshin1.pdf,18003歳未勝利発走10時20分(ダート・右)負担重量は、馬齢重量,expected_result,,
202609020103,2026.0,阪神,2.0,1.0,3,2026-03-28,https://www.jra.go.jp/datafile/seiseki/report/2026/2026-2hanshin1.pdf,6c9cd20b41c0b49a7fd299c75fccd8b2cf300839d7f19979ea5342650ead5d2f,official_race_marker_verified,1612.0,flat,dirt,,right,0.0,Maiden,0.0,0.0,2609020103,26090201,True,https://www.jra.go.jp/datafile/seiseki/report/2026/2026-2hanshin1.pdf,12003歳未勝利発走10時50分(ダート・右)負担重量は、馬齢重量,expected_result,,
202609020104,2026.0,阪神,2.0,1.0,4,2026-03-28,https://www.jra.go.jp/datafile/seiseki/report/2026/2026-2hanshin1.pdf,6c9cd20b41c0b49a7fd299c75fccd8b2cf300839d7f19979ea5342650ead5d2f,official_race_marker_verified,2118.0,flat,dirt,,right,0.0,Maiden,0.0,0.0,2609020104,26090201,True,https://www.jra.go.jp/datafile/seiseki/report/2026/2026-2hanshin1.pdf,18003歳未勝利発走11時20分(ダート・右)負担重量は、馬齢重量,expected_result,,
202609020105,2026.0,阪神,2.0,1.0,5,2026-03-28,https://www.jra.go.jp/datafile/seiseki/report/2026/2026-2hanshin1.pdf,6c9cd20b41c0b49a7fd299c75fccd8b2cf300839d7f19979ea5342650ead5d2f,official_race_marker_verified,2112.0,flat,turf,outer,right,0.0,Maiden,0.0,0.0,2609020105,26090201,True,https://www.jra.go.jp/datafile/seiseki/report/2026/2026-2hanshin1.pdf,16003歳未勝利発走12時10分(芝・右・外)負担重量は、馬齢重量,expected_result,,
202609020106,2026.0,阪神,2.0,1.0,6,2026-03-28,https://www.jra.go.jp/datafile/seiseki/report/2026/2026-2hanshin1.pdf,6c9cd20b41c0b49a7fd299c75fccd8b2cf300839d7f19979ea5342650ead5d2f,official_race_marker_verified,1811.0,flat,turf,,right,0.0,Class1,0.0,0.0,2609020106,26090201,True,https://www.jra.go.jp/datafile/seiseki/report/2026/2026-2hanshin1.pdf,14003歳1勝クラス発走12時40分(芝・右)負担重量は、馬齢重量,expected_result,,
202609020107,2026.0,阪神,2.0,1.0,7,2026-03-28,https://www.jra.go.jp/datafile/seiseki/report/2026/2026-2hanshin1.pdf,6c9cd20b41c0b49a7fd299c75fccd8b2cf300839d7f19979ea5342650ead5d2f,official_race_marker_verified,4130.0,flat,dirt,,right,,Class1,0.0,0.0,2609020107,26090201,True,https://www.jra.go.jp/datafile/seiseki/report/2026/2026-2hanshin1.pdf,14004歳以上1勝クラス発走13時10分(ダート・右)牝;負担重量は、56,expected_result,,
202609020108,2026.0,阪神,2.0,1.0,8,2026-03-28,https://www.jra.go.jp/datafile/seiseki/report/2026/2026-2hanshin1.pdf,6c9cd20b41c0b49a7fd299c75fccd8b2cf300839d7f19979ea5342650ead5d2f,official_race_marker_verified,3140.0,obstacle,,,,,,,0.0,2609020108,26090201,False,https://www.jra.go.jp/datafile/seiseki/report/2026/2026-2hanshin1.pdf,3140三木ホースランドパークジャンプステークス発走13時45分(芝)4歳以上;負担重量は、4歳595歳以上60、牝馬2減、J・GI競走1着馬5増、J・GII競走1着馬3増、J・GIII競走1着馬1増、収得賞金400万円以下の馬1減(公財)三木山人と馬とのふれあいの森協会理事長賞(1着)賞品,expected_result,,
202609020109,2026.0,阪神,2.0,1.0,9,2026-03-28,https://www.jra.go.jp/datafile/seiseki/report/2026/2026-2hanshin1.pdf,6c9cd20b41c0b49a7fd299c75fccd8b2cf300839d7f19979ea5342650ead5d2f,official_race_marker_verified,1800.0,flat,turf,outer,right,0.0,Class1,0.0,0.0,2609020109,26090201,True,https://www.jra.go.jp/datafile/seiseki/report/2026/2026-2hanshin1.pdf,1800くんしらん君子蘭賞発走14時20分(芝・右・外)牝、3歳、1勝クラス;負担重量は、馬齢重量賞品,expected_result,,
202609020110,2026.0,阪神,2.0,1.0,10,2026-03-28,https://www.jra.go.jp/datafile/seiseki/report/2026/2026-2hanshin1.pdf,6c9cd20b41c0b49a7fd299c75fccd8b2cf300839d7f19979ea5342650ead5d2f,official_race_marker_verified,1400.0,flat,turf,,right,1.0,Class2,0.0,0.0,2609020110,26090201,True,https://www.jra.go.jp/datafile/seiseki/report/2026/2026-2hanshin1.pdf,1400ちゅうしゅんラジオ関西賞仲春特別発走14時55分(芝・右)4歳以上、2勝クラス;負担重量は、ハンデキャップラジオ関西賞(1着)賞品,expected_result,,
202609020111,2026.0,阪神,2.0,1.0,11,2026-03-28,https://www.jra.go.jp/datafile/seiseki/report/2026/2026-2hanshin1.pdf,6c9cd20b41c0b49a7fd299c75fccd8b2cf300839d7f19979ea5342650ead5d2f,official_race_marker_verified,1800.0,flat,turf,outer,right,0.0,Open,1.0,1.0,2609020111,26090201,True,https://www.jra.go.jp/datafile/seiseki/report/2026/2026-2hanshin1.pdf,1800第73回毎日杯(GIII)発走15時30分(芝・右・外)3歳、除未出走馬および未勝利馬;負担重量は、馬齢重量毎日新聞社賞(1着)賞品,expected_result,,
202609020112,2026.0,阪神,2.0,1.0,12,2026-03-28,https://www.jra.go.jp/datafile/seiseki/report/2026/2026-2hanshin1.pdf,6c9cd20b41c0b49a7fd299c75fccd8b2cf300839d7f19979ea5342650ead5d2f,official_race_marker_verified,3814.0,flat,dirt,,right,,Class2,0.0,0.0,2609020112,26090201,True,https://www.jra.go.jp/datafile/seiseki/report/2026/2026-2hanshin1.pdf,20004歳以上2勝クラス発走16時10分(ダート・右)負担重量は、58、牝馬2減,expected_result,,
202606030201,2026.0,中山,3.0,2.0,1,2026-03-29,https://www.jra.go.jp/datafile/seiseki/report/2026/2026-3nakayama2.pdf,c5dd34b968f18e215c72447a28151d7d95249fd5c8b1a6c8e78a4404cd690b8b,official_race_marker_verified,5552.0,flat,dirt,,right,0.0,Maiden,0.0,0.0,2606030201,26060302,True,https://www.jra.go.jp/datafile/seiseki/report/2026/2026-3nakayama2.pdf,18003歳未勝利発走9時55分(ダート・右)牝;負担重量は、馬齢重量,expected_result,,
202606030202,2026.0,中山,3.0,2.0,2,2026-03-29,https://www.jra.go.jp/datafile/seiseki/report/2026/2026-3nakayama2.pdf,c5dd34b968f18e215c72447a28151d7d95249fd5c8b1a6c8e78a4404cd690b8b,official_race_marker_verified,5754.0,flat,dirt,,right,0.0,Maiden,0.0,0.0,2606030202,26060302,True,https://www.jra.go.jp/datafile/seiseki/report/2026/2026-3nakayama2.pdf,12003歳未勝利発走10時25分(ダート・右)負担重量は、馬齢重量,expected_result,,
202606030203,2026.0,中山,3.0,2.0,3,2026-03-29,https://www.jra.go.jp/datafile/seiseki/report/2026/2026-3nakayama2.pdf,c5dd34b968f18e215c72447a28151d7d95249fd5c8b1a6c8e78a4404cd690b8b,official_race_marker_verified,5213.0,flat,dirt,,right,0.0,Maiden,0.0,0.0,2606030203,26060302,True,https://www.jra.go.jp/datafile/seiseki/report/2026/2026-3nakayama2.pdf,18003歳未勝利発走10時55分(ダート・右)負担重量は、馬齢重量,expected_result,,
202606030204,2026.0,中山,3.0,2.0,4,2026-03-29,https://www.jra.go.jp/datafile/seiseki/report/2026/2026-3nakayama2.pdf,c5dd34b968f18e215c72447a28151d7d95249fd5c8b1a6c8e78a4404cd690b8b,official_race_marker_verified,5755.0,flat,turf,,right,0.0,Maiden,0.0,0.0,2606030204,26060302,True,https://www.jra.go.jp/datafile/seiseki/report/2026/2026-3nakayama2.pdf,18003歳未勝利発走11時25分(芝・右)負担重量は、馬齢重量,expected_result,,
202606030205,2026.0,中山,3.0,2.0,5,2026-03-29,https://www.jra.go.jp/datafile/seiseki/report/2026/2026-3nakayama2.pdf,c5dd34b968f18e215c72447a28151d7d95249fd5c8b1a6c8e78a4404cd690b8b,official_race_marker_verified,5710.0,flat,turf,outer,right,0.0,Maiden,0.0,0.0,2606030205,26060302,True,https://www.jra.go.jp/datafile/seiseki/report/2026/2026-3nakayama2.pdf,22003歳未勝利発走12時15分(芝・右・外)負担重量は、馬齢重量,expected_result,,
202606030206,2026.0,中山,3.0,2.0,6,2026-03-29,https://www.jra.go.jp/datafile/seiseki/report/2026/2026-3nakayama2.pdf,c5dd34b968f18e215c72447a28151d7d95249fd5c8b1a6c8e78a4404cd690b8b,official_race_marker_verified,9711.0,flat,dirt,,right,0.0,Class1,0.0,0.0,2606030206,26060302,True,https://www.jra.go.jp/datafile/seiseki/report/2026/2026-3nakayama2.pdf,12003歳1勝クラス発走12時45分(ダート・右)負担重量は、馬齢重量,expected_result,,
202606030207,2026.0,中山,3.0,2.0,7,2026-03-29,https://www.jra.go.jp/datafile/seiseki/report/2026/2026-3nakayama2.pdf,c5dd34b968f18e215c72447a28151d7d95249fd5c8b1a6c8e78a4404cd690b8b,official_race_marker_verified,2713.0,flat,dirt,,right,,Class1,0.0,0.0,2606030207,26060302,True,https://www.jra.go.jp/datafile/seiseki/report/2026/2026-3nakayama2.pdf,18004歳以上1勝クラス発走13時15分(ダート・右)負担重量は、58、牝馬2減,expected_result,,
202606030208,2026.0,中山,3.0,2.0,8,2026-03-29,https://www.jra.go.jp/datafile/seiseki/report/2026/2026-3nakayama2.pdf,c5dd34b968f18e215c72447a28151d7d95249fd5c8b1a6c8e78a4404cd690b8b,official_race_marker_verified,7289.0,flat,dirt,,right,,Class1,0.0,0.0,2606030208,26060302,True,https://www.jra.go.jp/datafile/seiseki/report/2026/2026-3nakayama2.pdf,12004歳以上1勝クラス発走13時45分(ダート・右)負担重量は、58、牝馬2減,expected_result,,
202606030209,2026.0,中山,3.0,2.0,9,2026-03-29,https://www.jra.go.jp/datafile/seiseki/report/2026/2026-3nakayama2.pdf,c5dd34b968f18e215c72447a28151d7d95249fd5c8b1a6c8e78a4404cd690b8b,official_race_marker_verified,2000.0,flat,turf,,right,0.0,Class1,0.0,0.0,2606030209,26060302,True,https://www.jra.go.jp/datafile/seiseki/report/2026/2026-3nakayama2.pdf,2000ミモザ賞発走14時15分(芝・右)牝、3歳、1勝クラス;負担重量は、馬齢重量賞品,expected_result,,
202606030210,2026.0,中山,3.0,2.0,10,2026-03-29,https://www.jra.go.jp/datafile/seiseki/report/2026/2026-3nakayama2.pdf,c5dd34b968f18e215c72447a28151d7d95249fd5c8b1a6c8e78a4404cd690b8b,official_race_marker_verified,1200.0,flat,turf,outer,right,,Maiden,0.0,0.0,2606030210,26060302,True,https://www.jra.go.jp/datafile/seiseki/report/2026/2026-3nakayama2.pdf,1200ふなばし船橋ステークス発走14時50分(芝・右・外)4歳以上、3勝クラス、除未出走馬および未勝利馬;負担重量は、58、牝馬2減船橋市長賞(1着)賞品,expected_result,,
202606030211,2026.0,中山,3.0,2.0,11,2026-03-29,https://www.jra.go.jp/datafile/seiseki/report/2026/2026-3nakayama2.pdf,c5dd34b968f18e215c72447a28151d7d95249fd5c8b1a6c8e78a4404cd690b8b,official_race_marker_verified,1800.0,flat,dirt,,right,1.0,Open,1.0,1.0,2606030211,26060302,True,https://www.jra.go.jp/datafile/seiseki/report/2026/2026-3nakayama2.pdf,1800第33回マーチステークス(GIII)発走15時25分(ダート・右)4歳以上、除未出走馬および未勝利馬;負担重量は、ハンデキャップ地方競馬全国協会理事長賞(1着)賞品,expected_result,,
202606030212,2026.0,中山,3.0,2.0,12,2026-03-29,https://www.jra.go.jp/datafile/seiseki/report/2026/2026-3nakayama2.pdf,c5dd34b968f18e215c72447a28151d7d95249fd5c8b1a6c8e78a4404cd690b8b,official_race_marker_verified,5856.0,flat,turf,outer,right,,Class2,0.0,0.0,2606030212,26060302,True,https://www.jra.go.jp/datafile/seiseki/report/2026/2026-3nakayama2.pdf,12004歳以上2勝クラス発走16時10分(芝・右・外)負担重量は、58、牝馬2減,expected_result,,
202607010601,2026.0,中京,1.0,6.0,1,2026-03-29,https://www.jra.go.jp/datafile/seiseki/report/2026/2026-1chukyo6.pdf,e5777c2fd04fa359bf718be68e2d43fac342442ddc3cc9eae875539bd99b8b7b,official_race_marker_verified,713.0,flat,dirt,,left,0.0,Maiden,0.0,0.0,2607010601,26070106,True,https://www.jra.go.jp/datafile/seiseki/report/2026/2026-1chukyo6.pdf,14003歳未勝利発走10時05分(ダート・左)牝;負担重量は、馬齢重量,expected_result,,
202607010602,2026.0,中京,1.0,6.0,2,2026-03-29,https://www.jra.go.jp/datafile/seiseki/report/2026/2026-1chukyo6.pdf,e5777c2fd04fa359bf718be68e2d43fac342442ddc3cc9eae875539bd99b8b7b,official_race_marker_verified,712.0,flat,dirt,,left,0.0,Maiden,0.0,0.0,2607010602,26070106,True,https://www.jra.go.jp/datafile/seiseki/report/2026/2026-1chukyo6.pdf,19003歳未勝利発走10時35分(ダート・左)負担重量は、馬齢重量,expected_result,,
202607010603,2026.0,中京,1.0,6.0,3,2026-03-29,https://www.jra.go.jp/datafile/seiseki/report/2026/2026-1chukyo6.pdf,e5777c2fd04fa359bf718be68e2d43fac342442ddc3cc9eae875539bd99b8b7b,official_race_marker_verified,6712.0,flat,dirt,,left,0.0,Maiden,0.0,0.0,2607010603,26070106,True,https://www.jra.go.jp/datafile/seiseki/report/2026/2026-1chukyo6.pdf,12003歳未勝利発走11時05分(ダート・左)負担重量は、馬齢重量,expected_result,,
202607010604,2026.0,中京,1.0,6.0,4,2026-03-29,https://www.jra.go.jp/datafile/seiseki/report/2026/2026-1chukyo6.pdf,e5777c2fd04fa359bf718be68e2d43fac342442ddc3cc9eae875539bd99b8b7b,official_race_marker_verified,612.0,flat,turf,,left,0.0,Maiden,0.0,0.0,2607010604,26070106,True,https://www.jra.go.jp/datafile/seiseki/report/2026/2026-1chukyo6.pdf,12003歳未勝利発走11時35分(芝・左)負担重量は、馬齢重量,expected_result,,
202607010605,2026.0,中京,1.0,6.0,5,2026-03-29,https://www.jra.go.jp/datafile/seiseki/report/2026/2026-1chukyo6.pdf,e5777c2fd04fa359bf718be68e2d43fac342442ddc3cc9eae875539bd99b8b7b,official_race_marker_verified,4510.0,flat,turf,,left,0.0,Maiden,0.0,0.0,2607010605,26070106,True,https://www.jra.go.jp/datafile/seiseki/report/2026/2026-1chukyo6.pdf,20003歳未勝利発走12時25分(芝・左)負担重量は、馬齢重量,expected_result,,
202607010606,2026.0,中京,1.0,6.0,6,2026-03-29,https://www.jra.go.jp/datafile/seiseki/report/2026/2026-1chukyo6.pdf,e5777c2fd04fa359bf718be68e2d43fac342442ddc3cc9eae875539bd99b8b7b,official_race_marker_verified,9121.0,flat,turf,,left,,Class1,0.0,0.0,2607010606,26070106,True,https://www.jra.go.jp/datafile/seiseki/report/2026/2026-1chukyo6.pdf,22004歳以上1勝クラス発走12時55分(芝・左)負担重量は、4歳575歳以上58、牝馬2減,expected_result,,
202607010607,2026.0,中京,1.0,6.0,7,2026-03-29,https://www.jra.go.jp/datafile/seiseki/report/2026/2026-1chukyo6.pdf,e5777c2fd04fa359bf718be68e2d43fac342442ddc3cc9eae875539bd99b8b7b,official_race_marker_verified,5654.0,flat,dirt,,left,,Class1,0.0,0.0,2607010607,26070106,True,https://www.jra.go.jp/datafile/seiseki/report/2026/2026-1chukyo6.pdf,18004歳以上1勝クラス発走13時25分(ダート・左)牝;負担重量は、56,expected_result,,
202607010608,2026.0,中京,1.0,6.0,8,2026-03-29,https://www.jra.go.jp/datafile/seiseki/report/2026/2026-1chukyo6.pdf,e5777c2fd04fa359bf718be68e2d43fac342442ddc3cc9eae875539bd99b8b7b,official_race_marker_verified,2200.0,flat,turf,,left,0.0,Class1,0.0,0.0,2607010608,26070106,True,https://www.jra.go.jp/datafile/seiseki/report/2026/2026-1chukyo6.pdf,2200おおかんざくら大寒桜賞発走13時55分(番組第9競走を順序変更)(芝・左)3歳、1勝クラス;負担重量は、馬齢重量賞品,expected_result,,
202607010609,2026.0,中京,1.0,6.0,9,2026-03-29,https://www.jra.go.jp/datafile/seiseki/report/2026/2026-1chukyo6.pdf,e5777c2fd04fa359bf718be68e2d43fac342442ddc3cc9eae875539bd99b8b7b,official_race_marker_verified,5611.0,flat,turf,,left,,Class1,0.0,0.0,2607010609,26070106,True,https://www.jra.go.jp/datafile/seiseki/report/2026/2026-1chukyo6.pdf,16004歳以上1勝クラス発走14時25分(番組第8競走を順序変更)(芝・左)負担重量は、58、牝馬2減,expected_result,,
202607010610,2026.0,中京,1.0,6.0,10,2026-03-29,https://www.jra.go.jp/datafile/seiseki/report/2026/2026-1chukyo6.pdf,e5777c2fd04fa359bf718be68e2d43fac342442ddc3cc9eae875539bd99b8b7b,official_race_marker_verified,1900.0,flat,dirt,,left,1.0,Maiden,0.0,0.0,2607010610,26070106,True,https://www.jra.go.jp/datafile/seiseki/report/2026/2026-1chukyo6.pdf,1900いせ伊勢ステークス発走15時00分(ダート・左)4歳以上、3勝クラス、除未出走馬および未勝利馬;負担重量は、ハンデキャップ賞品,expected_result,,
202607010611,2026.0,中京,1.0,6.0,11,2026-03-29,https://www.jra.go.jp/datafile/seiseki/report/2026/2026-1chukyo6.pdf,e5777c2fd04fa359bf718be68e2d43fac342442ddc3cc9eae875539bd99b8b7b,official_race_marker_verified,1200.0,flat,turf,,left,,Open,1.0,1.0,2607010611,26070106,True,https://www.jra.go.jp/datafile/seiseki/report/2026/2026-1chukyo6.pdf,1200第56回高松宮記念(GI)発走15時40分(芝・左)4歳以上、除未出走馬および未勝利馬;負担重量は、58、牝馬2減名古屋市長賞・名古屋競馬株式会社賞・日本馬主協会連合会会長賞(1着)賞品,expected_result,,
202607010612,2026.0,中京,1.0,6.0,12,2026-03-29,https://www.jra.go.jp/datafile/seiseki/report/2026/2026-1chukyo6.pdf,e5777c2fd04fa359bf718be68e2d43fac342442ddc3cc9eae875539bd99b8b7b,official_race_marker_verified,1400.0,flat,dirt,,left,,Class2,0.0,0.0,2607010612,26070106,True,https://www.jra.go.jp/datafile/seiseki/report/2026/2026-1chukyo6.pdf,1400すずか鈴鹿特別発走16時30分(ダート・左)4歳以上、2勝クラス;負担重量は、58、牝馬2減賞品,expected_result,,
202609020201,2026.0,阪神,2.0,2.0,1,2026-03-29,https://www.jra.go.jp/datafile/seiseki/report/2026/2026-2hanshin2.pdf,394f2055a86f0836dbf3a027fa6eeff05eca8b23f5b8a06f49b10ba2994038e1,official_race_marker_verified,610.0,flat,dirt,,right,0.0,Maiden,0.0,0.0,2609020201,26090202,True,https://www.jra.go.jp/datafile/seiseki/report/2026/2026-2hanshin2.pdf,18003歳未勝利発走9時45分(ダート・右)牝;負担重量は、馬齢重量,expected_result,,
202609020202,2026.0,阪神,2.0,2.0,2,2026-03-29,https://www.jra.go.jp/datafile/seiseki/report/2026/2026-2hanshin2.pdf,394f2055a86f0836dbf3a027fa6eeff05eca8b23f5b8a06f49b10ba2994038e1,official_race_marker_verified,9456.0,flat,dirt,,right,0.0,Maiden,0.0,0.0,2609020202,26090202,True,https://www.jra.go.jp/datafile/seiseki/report/2026/2026-2hanshin2.pdf,20003歳未勝利発走10時15分(ダート・右)負担重量は、馬齢重量,expected_result,,
202609020203,2026.0,阪神,2.0,2.0,3,2026-03-29,https://www.jra.go.jp/datafile/seiseki/report/2026/2026-2hanshin2.pdf,394f2055a86f0836dbf3a027fa6eeff05eca8b23f5b8a06f49b10ba2994038e1,official_race_marker_verified,6713.0,flat,dirt,,right,0.0,Maiden,0.0,0.0,2609020203,26090202,True,https://www.jra.go.jp/datafile/seiseki/report/2026/2026-2hanshin2.pdf,14003歳未勝利発走10時45分(ダート・右)負担重量は、馬齢重量,expected_result,,
202609020204,2026.0,阪神,2.0,2.0,4,2026-03-29,https://www.jra.go.jp/datafile/seiseki/report/2026/2026-2hanshin2.pdf,394f2055a86f0836dbf3a027fa6eeff05eca8b23f5b8a06f49b10ba2994038e1,official_race_marker_verified,2970.0,obstacle,turf,,,,Maiden,0.0,0.0,2609020204,26090202,False,https://www.jra.go.jp/datafile/seiseki/report/2026/2026-2hanshin2.pdf,2970障害4歳以上未勝利発走11時15分(芝・ダート)負担重量は、4歳595歳以上60、牝馬2減,expected_result,,
202609020205,2026.0,阪神,2.0,2.0,5,2026-03-29,https://www.jra.go.jp/datafile/seiseki/report/2026/2026-2hanshin2.pdf,394f2055a86f0836dbf3a027fa6eeff05eca8b23f5b8a06f49b10ba2994038e1,official_race_marker_verified,1811.0,flat,turf,,right,0.0,Maiden,0.0,0.0,2609020205,26090202,True,https://www.jra.go.jp/datafile/seiseki/report/2026/2026-2hanshin2.pdf,20003歳未勝利発走12時05分(芝・右)負担重量は、馬齢重量,expected_result,,
202609020206,2026.0,阪神,2.0,2.0,6,2026-03-29,https://www.jra.go.jp/datafile/seiseki/report/2026/2026-2hanshin2.pdf,394f2055a86f0836dbf3a027fa6eeff05eca8b23f5b8a06f49b10ba2994038e1,official_race_marker_verified,810.0,flat,dirt,,right,0.0,Class1,0.0,0.0,2609020206,26090202,True,https://www.jra.go.jp/datafile/seiseki/report/2026/2026-2hanshin2.pdf,12003歳1勝クラス発走12時35分(ダート・右)負担重量は、馬齢重量,expected_result,,
202609020207,2026.0,阪神,2.0,2.0,7,2026-03-29,https://www.jra.go.jp/datafile/seiseki/report/2026/2026-2hanshin2.pdf,394f2055a86f0836dbf3a027fa6eeff05eca8b23f5b8a06f49b10ba2994038e1,official_race_marker_verified,6814.0,flat,turf,,right,,Class1,0.0,0.0,2609020207,26090202,True,https://www.jra.go.jp/datafile/seiseki/report/2026/2026-2hanshin2.pdf,14004歳以上1勝クラス発走13時05分(芝・右)負担重量は、58、牝馬2減,expected_result,,
202609020208,2026.0,阪神,2.0,2.0,8,2026-03-29,https://www.jra.go.jp/datafile/seiseki/report/2026/2026-2hanshin2.pdf,394f2055a86f0836dbf3a027fa6eeff05eca8b23f5b8a06f49b10ba2994038e1,official_race_marker_verified,2000.0,flat,turf,,right,,Class2,0.0,0.0,2609020208,26090202,True,https://www.jra.go.jp/datafile/seiseki/report/2026/2026-2hanshin2.pdf,2000四国新聞杯発走13時35分(番組第9競走を順序変更)(芝・右)牝、4歳以上、2勝クラス;負担重量は、56四国新聞社賞(1着)賞品,expected_result,,
202609020209,2026.0,阪神,2.0,2.0,9,2026-03-29,https://www.jra.go.jp/datafile/seiseki/report/2026/2026-2hanshin2.pdf,394f2055a86f0836dbf3a027fa6eeff05eca8b23f5b8a06f49b10ba2994038e1,official_race_marker_verified,5856.0,flat,dirt,,right,,Class1,0.0,0.0,2609020209,26090202,True,https://www.jra.go.jp/datafile/seiseki/report/2026/2026-2hanshin2.pdf,18004歳以上1勝クラス発走14時05分(番組第8競走を順序変更)(ダート・右)負担重量は、58、牝馬2減,expected_result,,
202609020210,2026.0,阪神,2.0,2.0,10,2026-03-29,https://www.jra.go.jp/datafile/seiseki/report/2026/2026-2hanshin2.pdf,394f2055a86f0836dbf3a027fa6eeff05eca8b23f5b8a06f49b10ba2994038e1,official_race_marker_verified,2400.0,flat,turf,outer,right,,Maiden,0.0,0.0,2609020210,26090202,True,https://www.jra.go.jp/datafile/seiseki/report/2026/2026-2hanshin2.pdf,2400みどうすじ御堂筋ステークス発走14時40分(芝・右・外)4歳以上、3勝クラス、除未出走馬および未勝利馬;負担重量は、4歳575歳以上58、牝馬2減賞品,expected_result,,
202609020211,2026.0,阪神,2.0,2.0,11,2026-03-29,https://www.jra.go.jp/datafile/seiseki/report/2026/2026-2hanshin2.pdf,394f2055a86f0836dbf3a027fa6eeff05eca8b23f5b8a06f49b10ba2994038e1,official_race_marker_verified,1600.0,flat,turf,outer,right,,Maiden,0.0,0.0,2609020211,26090202,True,https://www.jra.go.jp/datafile/seiseki/report/2026/2026-2hanshin2.pdf,1600ろっこう六甲ステークス(L)発走15時15分(芝・右・外)4歳以上、除未出走馬および未勝利馬;負担重量は、日本馬:57、牝馬2減、収得賞金1600万円超過馬は超過額1200万円毎1増、:57、牝馬2減、GI競走1着馬5増、GII競走1着馬3増、GIII競走1着馬1増(ただし2歳時の成績を除く)賞品,expected_result,,
202609020212,2026.0,阪神,2.0,2.0,12,2026-03-29,https://www.jra.go.jp/datafile/seiseki/report/2026/2026-2hanshin2.pdf,394f2055a86f0836dbf3a027fa6eeff05eca8b23f5b8a06f49b10ba2994038e1,official_race_marker_verified,816.0,flat,dirt,,right,,Class2,0.0,0.0,2609020212,26090202,True,https://www.jra.go.jp/datafile/seiseki/report/2026/2026-2hanshin2.pdf,12004歳以上2勝クラス発走16時00分(ダート・右)負担重量は、58、牝馬2減,expected_result,,
202606030301,2026.0,中山,3.0,3.0,1,2026-04-04,https://www.jra.go.jp/datafile/seiseki/report/2026/2026-3nakayama3.pdf,755ad9acea8665ddc718aaabc96e9112553a300b518aeae8ad835e2d9817174e,official_race_marker_verified,9612.0,flat,dirt,,right,0.0,Maiden,0.0,0.0,2606030301,26060303,True,https://www.jra.go.jp/datafile/seiseki/report/2026/2026-3nakayama3.pdf,12003歳未勝利発走10時05分(ダート・右)牝;負担重量は、馬齢重量,expected_result,,
202606030302,2026.0,中山,3.0,3.0,2,2026-04-04,https://www.jra.go.jp/datafile/seiseki/report/2026/2026-3nakayama3.pdf,755ad9acea8665ddc718aaabc96e9112553a300b518aeae8ad835e2d9817174e,official_race_marker_verified,9814.0,flat,dirt,,right,0.0,Maiden,0.0,0.0,2606030302,26060303,True,https://www.jra.go.jp/datafile/seiseki/report/2026/2026-3nakayama3.pdf,18003歳未勝利発走10時35分(ダート・右)負担重量は、馬齢重量,expected_result,,
202606030303,2026.0,中山,3.0,3.0,3,2026-04-04,https://www.jra.go.jp/datafile/seiseki/report/2026/2026-3nakayama3.pdf,755ad9acea8665ddc718aaabc96e9112553a300b518aeae8ad835e2d9817174e,official_race_marker_verified,4116.0,flat,dirt,,right,0.0,Maiden,0.0,0.0,2606030303,26060303,True,https://www.jra.go.jp/datafile/seiseki/report/2026/2026-3nakayama3.pdf,12003歳未勝利発走11時05分(ダート・右)負担重量は、馬齢重量,expected_result,,
202606030304,2026.0,中山,3.0,3.0,4,2026-04-04,https://www.jra.go.jp/datafile/seiseki/report/2026/2026-3nakayama3.pdf,755ad9acea8665ddc718aaabc96e9112553a300b518aeae8ad835e2d9817174e,official_race_marker_verified,2880.0,obstacle,turf,,,,Maiden,0.0,0.0,2606030304,26060303,False,https://www.jra.go.jp/datafile/seiseki/report/2026/2026-3nakayama3.pdf,2880障害4歳以上未勝利発走11時35分(芝・ダート)負担重量は、4歳595歳以上60、牝馬2減,expected_result,,
202606030305,2026.0,中山,3.0,3.0,5,2026-04-04,https://www.jra.go.jp/datafile/seiseki/report/2026/2026-3nakayama3.pdf,755ad9acea8665ddc718aaabc96e9112553a300b518aeae8ad835e2d9817174e,official_race_marker_verified,611.0,flat,turf,outer,right,0.0,Maiden,0.0,0.0,2606030305,26060303,True,https://www.jra.go.jp/datafile/seiseki/report/2026/2026-3nakayama3.pdf,16003歳未勝利発走12時25分(芝・右・外)負担重量は、馬齢重量,expected_result,,
202606030306,2026.0,中山,3.0,3.0,6,2026-04-04,https://www.jra.go.jp/datafile/seiseki/report/2026/2026-3nakayama3.pdf,755ad9acea8665ddc718aaabc96e9112553a300b518aeae8ad835e2d9817174e,official_race_marker_verified,4318.0,flat,dirt,,right,0.0,Maiden,0.0,0.0,2606030306,26060303,True,https://www.jra.go.jp/datafile/seiseki/report/2026/2026-3nakayama3.pdf,18003歳未勝利発走12時55分(ダート・右)負担重量は、馬齢重量,expected_result,,
202606030307,2026.0,中山,3.0,3.0,7,2026-04-04,https://www.jra.go.jp/datafile/seiseki/report/2026/2026-3nakayama3.pdf,755ad9acea8665ddc718aaabc96e9112553a300b518aeae8ad835e2d9817174e,official_race_marker_verified,5654.0,flat,turf,,right,,Class1,0.0,0.0,2606030307,26060303,True,https://www.jra.go.jp/datafile/seiseki/report/2026/2026-3nakayama3.pdf,20004歳以上1勝クラス発走13時25分(芝・右)負担重量は、58、牝馬2減,expected_result,,
202606030308,2026.0,中山,3.0,3.0,8,2026-04-04,https://www.jra.go.jp/datafile/seiseki/report/2026/2026-3nakayama3.pdf,755ad9acea8665ddc718aaabc96e9112553a300b518aeae8ad835e2d9817174e,official_race_marker_verified,115.0,flat,dirt,,right,,Class1,0.0,0.0,2606030308,26060303,True,https://www.jra.go.jp/datafile/seiseki/report/2026/2026-3nakayama3.pdf,18004歳以上1勝クラス発走13時55分(ダート・右)負担重量は、58、牝馬2減,expected_result,,
202606030309,2026.0,中山,3.0,3.0,9,2026-04-04,https://www.jra.go.jp/datafile/seiseki/report/2026/2026-3nakayama3.pdf,755ad9acea8665ddc718aaabc96e9112553a300b518aeae8ad835e2d9817174e,official_race_marker_verified,2200.0,flat,turf,outer,right,0.0,Class1,0.0,0.0,2606030309,26060303,True,https://www.jra.go.jp/datafile/seiseki/report/2026/2026-3nakayama3.pdf,2200やまぶき山吹賞発走14時30分(芝・右・外)3歳、1勝クラス;負担重量は、馬齢重量賞品,expected_result,,
202606030310,2026.0,中山,3.0,3.0,10,2026-04-04,https://www.jra.go.jp/datafile/seiseki/report/2026/2026-3nakayama3.pdf,755ad9acea8665ddc718aaabc96e9112553a300b518aeae8ad835e2d9817174e,official_race_marker_verified,1800.0,flat,dirt,,right,,Class2,0.0,0.0,2606030310,26060303,True,https://www.jra.go.jp/datafile/seiseki/report/2026/2026-3nakayama3.pdf,1800千葉日報杯発走15時05分(ダート・右)4歳以上、2勝クラス;負担重量は、58、牝馬2減千葉日報杯(1着)賞品,expected_result,,
202606030311,2026.0,中山,3.0,3.0,11,2026-04-04,https://www.jra.go.jp/datafile/seiseki/report/2026/2026-3nakayama3.pdf,755ad9acea8665ddc718aaabc96e9112553a300b518aeae8ad835e2d9817174e,official_race_marker_verified,1600.0,flat,turf,outer,right,1.0,Open,1.0,1.0,2606030311,26060303,True,https://www.jra.go.jp/datafile/seiseki/report/2026/2026-3nakayama3.pdf,1600第58回ダービー卿チャレンジトロフィー(GIII)発走15時45分(芝・右・外)4歳以上、除未出走馬および未勝利馬;負担重量は、ハンデキャップダービー卿チャレンジトロフィー(1着)賞品,expected_result,,
202606030312,2026.0,中山,3.0,3.0,12,2026-04-04,https://www.jra.go.jp/datafile/seiseki/report/2026/2026-3nakayama3.pdf,755ad9acea8665ddc718aaabc96e9112553a300b518aeae8ad835e2d9817174e,official_race_marker_verified,5101.0,flat,dirt,,right,,Class2,0.0,0.0,2606030312,26060303,True,https://www.jra.go.jp/datafile/seiseki/report/2026/2026-3nakayama3.pdf,12004歳以上2勝クラス発走16時30分(ダート・右)負担重量は、58、牝馬2減,expected_result,,
202609020301,2026.0,阪神,2.0,3.0,1,2026-04-04,https://www.jra.go.jp/datafile/seiseki/report/2026/2026-2hanshin3.pdf,c575bd1a1e47e446105efe2148c8859a9bfa3cdc376db65206ad405c17d8ba40,official_race_marker_verified,4612.0,flat,dirt,,right,0.0,Maiden,0.0,0.0,2609020301,26090203,True,https://www.jra.go.jp/datafile/seiseki/report/2026/2026-2hanshin3.pdf,18003歳未勝利発走9時50分(ダート・右)牝;負担重量は、馬齢重量,expected_result,,
202609020302,2026.0,阪神,2.0,3.0,2,2026-04-04,https://www.jra.go.jp/datafile/seiseki/report/2026/2026-2hanshin3.pdf,c575bd1a1e47e446105efe2148c8859a9bfa3cdc376db65206ad405c17d8ba40,official_race_marker_verified,3611.0,flat,dirt,,right,0.0,Maiden,0.0,0.0,2609020302,26090203,True,https://www.jra.go.jp/datafile/seiseki/report/2026/2026-2hanshin3.pdf,14003歳未勝利発走10時20分(ダート・右)負担重量は、馬齢重量,expected_result,,
202609020303,2026.0,阪神,2.0,3.0,3,2026-04-04,https://www.jra.go.jp/datafile/seiseki/report/2026/2026-2hanshin3.pdf,c575bd1a1e47e446105efe2148c8859a9bfa3cdc376db65206ad405c17d8ba40,official_race_marker_verified,7813.0,flat,dirt,,right,0.0,Maiden,0.0,0.0,2609020303,26090203,True,https://www.jra.go.jp/datafile/seiseki/report/2026/2026-2hanshin3.pdf,18003歳未勝利発走10時50分(ダート・右)負担重量は、馬齢重量,expected_result,,
202609020304,2026.0,阪神,2.0,3.0,4,2026-04-04,https://www.jra.go.jp/datafile/seiseki/report/2026/2026-2hanshin3.pdf,c575bd1a1e47e446105efe2148c8859a9bfa3cdc376db65206ad405c17d8ba40,official_race_marker_verified,3611.0,flat,turf,,right,0.0,Maiden,0.0,0.0,2609020304,26090203,True,https://www.jra.go.jp/datafile/seiseki/report/2026/2026-2hanshin3.pdf,14003歳未勝利発走11時20分(芝・右)負担重量は、馬齢重量,expected_result,,
202609020305,2026.0,阪神,2.0,3.0,5,2026-04-04,https://www.jra.go.jp/datafile/seiseki/report/2026/2026-2hanshin3.pdf,c575bd1a1e47e446105efe2148c8859a9bfa3cdc376db65206ad405c17d8ba40,official_race_marker_verified,8816.0,flat,turf,outer,right,0.0,Maiden,0.0,0.0,2609020305,26090203,True,https://www.jra.go.jp/datafile/seiseki/report/2026/2026-2hanshin3.pdf,18003歳未勝利発走12時10分(芝・右・外)負担重量は、馬齢重量,expected_result,,
202609020306,2026.0,阪神,2.0,3.0,6,2026-04-04,https://www.jra.go.jp/datafile/seiseki/report/2026/2026-2hanshin3.pdf,c575bd1a1e47e446105efe2148c8859a9bfa3cdc376db65206ad405c17d8ba40,official_race_marker_verified,2714.0,flat,dirt,,right,,Class1,0.0,0.0,2609020306,26090203,True,https://www.jra.go.jp/datafile/seiseki/report/2026/2026-2hanshin3.pdf,12004歳以上1勝クラス発走12時40分(ダート・右)負担重量は、58、牝馬2減,expected_result,,
202609020307,2026.0,阪神,2.0,3.0,7,2026-04-04,https://www.jra.go.jp/datafile/seiseki/report/2026/2026-2hanshin3.pdf,c575bd1a1e47e446105efe2148c8859a9bfa3cdc376db65206ad405c17d8ba40,official_race_marker_verified,5856.0,flat,dirt,,right,,Class1,0.0,0.0,2609020307,26090203,True,https://www.jra.go.jp/datafile/seiseki/report/2026/2026-2hanshin3.pdf,18004歳以上1勝クラス発走13時10分(ダート・右)負担重量は、58、牝馬2減,expected_result,,
202609020308,2026.0,阪神,2.0,3.0,8,2026-04-04,https://www.jra.go.jp/datafile/seiseki/report/2026/2026-2hanshin3.pdf,c575bd1a1e47e446105efe2148c8859a9bfa3cdc376db65206ad405c17d8ba40,official_race_marker_verified,3137.0,flat,turf,,right,,Class2,0.0,0.0,2609020308,26090203,True,https://www.jra.go.jp/datafile/seiseki/report/2026/2026-2hanshin3.pdf,12004歳以上2勝クラス発走13時40分(芝・右)負担重量は、58、牝馬2減,expected_result,,
202609020309,2026.0,阪神,2.0,3.0,9,2026-04-04,https://www.jra.go.jp/datafile/seiseki/report/2026/2026-2hanshin3.pdf,c575bd1a1e47e446105efe2148c8859a9bfa3cdc376db65206ad405c17d8ba40,official_race_marker_verified,2400.0,flat,turf,outer,right,0.0,Class1,0.0,0.0,2609020309,26090203,True,https://www.jra.go.jp/datafile/seiseki/report/2026/2026-2hanshin3.pdf,2400アザレア賞発走14時15分(芝・右・外)3歳、1勝クラス;負担重量は、馬齢重量賞品,expected_result,,
202609020310,2026.0,阪神,2.0,3.0,10,2026-04-04,https://www.jra.go.jp/datafile/seiseki/report/2026/2026-2hanshin3.pdf,c575bd1a1e47e446105efe2148c8859a9bfa3cdc376db65206ad405c17d8ba40,official_race_marker_verified,1400.0,flat,dirt,,right,1.0,Maiden,0.0,0.0,2609020310,26090203,True,https://www.jra.go.jp/datafile/seiseki/report/2026/2026-2hanshin3.pdf,1400ポラリスステークス発走14時50分(ダート・右)4歳以上、除未出走馬および未勝利馬;負担重量は、ハンデキャップ賞品,expected_result,,
202609020311,2026.0,阪神,2.0,3.0,11,2026-04-04,https://www.jra.go.jp/datafile/seiseki/report/2026/2026-2hanshin3.pdf,c575bd1a1e47e446105efe2148c8859a9bfa3cdc376db65206ad405c17d8ba40,official_race_marker_verified,1600.0,flat,turf,outer,right,0.0,Open,1.0,1.0,2609020311,26090203,True,https://www.jra.go.jp/datafile/seiseki/report/2026/2026-2hanshin3.pdf,1600第35回チャーチルダウンズカップ(GIII)発走15時30分(NHKマイルカップトライアル)(芝・右・外)3歳;負担重量は、馬齢重量チャーチルダウンズ賞(1着)賞品,expected_result,,
202609020312,2026.0,阪神,2.0,3.0,12,2026-04-04,https://www.jra.go.jp/datafile/seiseki/report/2026/2026-2hanshin3.pdf,c575bd1a1e47e446105efe2148c8859a9bfa3cdc376db65206ad405c17d8ba40,official_race_marker_verified,5855.0,flat,dirt,,right,,Class2,0.0,0.0,2609020312,26090203,True,https://www.jra.go.jp/datafile/seiseki/report/2026/2026-2hanshin3.pdf,14004歳以上2勝クラス発走16時10分(ダート・右)負担重量は、58、牝馬2減,expected_result,,
202606030401,2026.0,中山,3.0,4.0,1,2026-04-05,https://www.jra.go.jp/datafile/seiseki/report/2026/2026-3nakayama4.pdf,5a1f8543fe403da9136881905f6988403a9e3eada24fd069c4b6f6e176d07fdf,official_race_marker_verified,5552.0,flat,dirt,,right,0.0,Maiden,0.0,0.0,2606030401,26060304,True,https://www.jra.go.jp/datafile/seiseki/report/2026/2026-3nakayama4.pdf,18003歳未勝利発走9時50分(ダート・右)牝;負担重量は、馬齢重量,expected_result,,
202606030402,2026.0,中山,3.0,4.0,2,2026-04-05,https://www.jra.go.jp/datafile/seiseki/report/2026/2026-3nakayama4.pdf,5a1f8543fe403da9136881905f6988403a9e3eada24fd069c4b6f6e176d07fdf,official_race_marker_verified,9815.0,flat,dirt,,right,0.0,Maiden,0.0,0.0,2606030402,26060304,True,https://www.jra.go.jp/datafile/seiseki/report/2026/2026-3nakayama4.pdf,12003歳未勝利発走10時20分(ダート・右)負担重量は、馬齢重量,expected_result,,
202606030403,2026.0,中山,3.0,4.0,3,2026-04-05,https://www.jra.go.jp/datafile/seiseki/report/2026/2026-3nakayama4.pdf,5a1f8543fe403da9136881905f6988403a9e3eada24fd069c4b6f6e176d07fdf,official_race_marker_verified,9104.0,flat,dirt,,right,0.0,Maiden,0.0,0.0,2606030403,26060304,True,https://www.jra.go.jp/datafile/seiseki/report/2026/2026-3nakayama4.pdf,18003歳未勝利発走10時50分(ダート・右)負担重量は、馬齢重量,expected_result,,
202606030404,2026.0,中山,3.0,4.0,4,2026-04-05,https://www.jra.go.jp/datafile/seiseki/report/2026/2026-3nakayama4.pdf,5a1f8543fe403da9136881905f6988403a9e3eada24fd069c4b6f6e176d07fdf,official_race_marker_verified,2880.0,obstacle,turf,,,,Maiden,0.0,0.0,2606030404,26060304,False,https://www.jra.go.jp/datafile/seiseki/report/2026/2026-3nakayama4.pdf,2880障害4歳以上未勝利発走11時20分(芝・ダート)負担重量は、4歳595歳以上60、牝馬2減,expected_result,,
202606030405,2026.0,中山,3.0,4.0,5,2026-04-05,https://www.jra.go.jp/datafile/seiseki/report/2026/2026-3nakayama4.pdf,5a1f8543fe403da9136881905f6988403a9e3eada24fd069c4b6f6e176d07fdf,official_race_marker_verified,2815.0,flat,turf,,right,0.0,Maiden,0.0,0.0,2606030405,26060304,True,https://www.jra.go.jp/datafile/seiseki/report/2026/2026-3nakayama4.pdf,20003歳未勝利発走12時10分(芝・右)負担重量は、馬齢重量,expected_result,,
202606030406,2026.0,中山,3.0,4.0,6,2026-04-05,https://www.jra.go.jp/datafile/seiseki/report/2026/2026-3nakayama4.pdf,5a1f8543fe403da9136881905f6988403a9e3eada24fd069c4b6f6e176d07fdf,official_race_marker_verified,5552.0,flat,dirt,,right,0.0,Class1,0.0,0.0,2606030406,26060304,True,https://www.jra.go.jp/datafile/seiseki/report/2026/2026-3nakayama4.pdf,18003歳1勝クラス発走12時40分(ダート・右)負担重量は、馬齢重量,expected_result,,
202606030407,2026.0,中山,3.0,4.0,7,2026-04-05,https://www.jra.go.jp/datafile/seiseki/report/2026/2026-3nakayama4.pdf,5a1f8543fe403da9136881905f6988403a9e3eada24fd069c4b6f6e176d07fdf,official_race_marker_verified,5610.0,flat,turf,outer,right,0.0,Class1,0.0,0.0,2606030407,26060304,True,https://www.jra.go.jp/datafile/seiseki/report/2026/2026-3nakayama4.pdf,12003歳1勝クラス発走13時10分(芝・右・外)負担重量は、馬齢重量,expected_result,,
202606030408,2026.0,中山,3.0,4.0,8,2026-04-05,https://www.jra.go.jp/datafile/seiseki/report/2026/2026-3nakayama4.pdf,5a1f8543fe403da9136881905f6988403a9e3eada24fd069c4b6f6e176d07fdf,official_race_marker_verified,816.0,flat,dirt,,right,,Class1,0.0,0.0,2606030408,26060304,True,https://www.jra.go.jp/datafile/seiseki/report/2026/2026-3nakayama4.pdf,12004歳以上1勝クラス発走13時40分(ダート・右)負担重量は、58、牝馬2減,expected_result,,
202606030409,2026.0,中山,3.0,4.0,9,2026-04-05,https://www.jra.go.jp/datafile/seiseki/report/2026/2026-3nakayama4.pdf,5a1f8543fe403da9136881905f6988403a9e3eada24fd069c4b6f6e176d07fdf,official_race_marker_verified,2500.0,flat,turf,,right,,Class2,0.0,0.0,2606030409,26060304,True,https://www.jra.go.jp/datafile/seiseki/report/2026/2026-3nakayama4.pdf,2500あわ安房特別発走14時15分(芝・右)4歳以上、2勝クラス;負担重量は、58、牝馬2減賞品,expected_result,,
202606030410,2026.0,中山,3.0,4.0,10,2026-04-05,https://www.jra.go.jp/datafile/seiseki/report/2026/2026-3nakayama4.pdf,5a1f8543fe403da9136881905f6988403a9e3eada24fd069c4b6f6e176d07fdf,official_race_marker_verified,1800.0,flat,dirt,,right,1.0,Maiden,0.0,0.0,2606030410,26060304,True,https://www.jra.go.jp/datafile/seiseki/report/2026/2026-3nakayama4.pdf,1800アリエスステークス発走14時50分(ダート・右)4歳以上、3勝クラス、除未出走馬および未勝利馬;負担重量は、ハンデキャップ賞品,expected_result,,
202606030411,2026.0,中山,3.0,4.0,11,2026-04-05,https://www.jra.go.jp/datafile/seiseki/report/2026/2026-3nakayama4.pdf,5a1f8543fe403da9136881905f6988403a9e3eada24fd069c4b6f6e176d07fdf,official_race_marker_verified,2000.0,flat,turf,,right,,Maiden,0.0,0.0,2606030411,26060304,True,https://www.jra.go.jp/datafile/seiseki/report/2026/2026-3nakayama4.pdf,2000みほ美浦ステークス発走15時25分(芝・右)4歳以上、3勝クラス、除未出走馬および未勝利馬;負担重量は、58、牝馬2減美浦村長賞(1着)賞品,expected_result,,
202606030412,2026.0,中山,3.0,4.0,12,2026-04-05,https://www.jra.go.jp/datafile/seiseki/report/2026/2026-3nakayama4.pdf,5a1f8543fe403da9136881905f6988403a9e3eada24fd069c4b6f6e176d07fdf,official_race_marker_verified,812.0,flat,turf,outer,right,,Class2,0.0,0.0,2606030412,26060304,True,https://www.jra.go.jp/datafile/seiseki/report/2026/2026-3nakayama4.pdf,16004歳以上2勝クラス発走16時10分(芝・右・外)負担重量は、58、牝馬2減,expected_result,,
202609020401,2026.0,阪神,2.0,4.0,1,2026-04-05,https://www.jra.go.jp/datafile/seiseki/report/2026/2026-2hanshin4.pdf,0674103af19d21f474da35664b227b56d9e7c2f82c1254eed1787aa331b2eab7,official_race_marker_verified,5552.0,flat,dirt,,right,0.0,Maiden,0.0,0.0,2609020401,26090204,True,https://www.jra.go.jp/datafile/seiseki/report/2026/2026-2hanshin4.pdf,14003歳未勝利発走10時05分(ダート・右)牝;負担重量は、馬齢重量,expected_result,,
202609020402,2026.0,阪神,2.0,4.0,2,2026-04-05,https://www.jra.go.jp/datafile/seiseki/report/2026/2026-2hanshin4.pdf,0674103af19d21f474da35664b227b56d9e7c2f82c1254eed1787aa331b2eab7,official_race_marker_verified,5753.0,flat,dirt,,right,0.0,Maiden,0.0,0.0,2609020402,26090204,True,https://www.jra.go.jp/datafile/seiseki/report/2026/2026-2hanshin4.pdf,18003歳未勝利発走10時35分(ダート・右)負担重量は、馬齢重量,expected_result,,
202609020403,2026.0,阪神,2.0,4.0,3,2026-04-05,https://www.jra.go.jp/datafile/seiseki/report/2026/2026-2hanshin4.pdf,0674103af19d21f474da35664b227b56d9e7c2f82c1254eed1787aa331b2eab7,official_race_marker_verified,4612.0,flat,dirt,,right,0.0,Maiden,0.0,0.0,2609020403,26090204,True,https://www.jra.go.jp/datafile/seiseki/report/2026/2026-2hanshin4.pdf,12003歳未勝利発走11時05分(ダート・右)負担重量は、馬齢重量,expected_result,,
202609020404,2026.0,阪神,2.0,4.0,4,2026-04-05,https://www.jra.go.jp/datafile/seiseki/report/2026/2026-2hanshin4.pdf,0674103af19d21f474da35664b227b56d9e7c2f82c1254eed1787aa331b2eab7,official_race_marker_verified,9312.0,flat,turf,outer,right,0.0,Maiden,0.0,0.0,2609020404,26090204,True,https://www.jra.go.jp/datafile/seiseki/report/2026/2026-2hanshin4.pdf,24003歳未勝利発走11時35分(芝・右・外)負担重量は、馬齢重量,expected_result,,
202609020405,2026.0,阪神,2.0,4.0,5,2026-04-05,https://www.jra.go.jp/datafile/seiseki/report/2026/2026-2hanshin4.pdf,0674103af19d21f474da35664b227b56d9e7c2f82c1254eed1787aa331b2eab7,official_race_marker_verified,5813.0,flat,dirt,,right,0.0,Class1,0.0,0.0,2609020405,26090204,True,https://www.jra.go.jp/datafile/seiseki/report/2026/2026-2hanshin4.pdf,18003歳1勝クラス発走12時25分(ダート・右)負担重量は、馬齢重量,expected_result,,
202609020406,2026.0,阪神,2.0,4.0,6,2026-04-05,https://www.jra.go.jp/datafile/seiseki/report/2026/2026-2hanshin4.pdf,0674103af19d21f474da35664b227b56d9e7c2f82c1254eed1787aa331b2eab7,official_race_marker_verified,5855.0,flat,turf,,right,,Class1,0.0,0.0,2609020406,26090204,True,https://www.jra.go.jp/datafile/seiseki/report/2026/2026-2hanshin4.pdf,20004歳以上1勝クラス発走12時55分(芝・右)負担重量は、58、牝馬2減,expected_result,,
202609020407,2026.0,阪神,2.0,4.0,7,2026-04-05,https://www.jra.go.jp/datafile/seiseki/report/2026/2026-2hanshin4.pdf,0674103af19d21f474da35664b227b56d9e7c2f82c1254eed1787aa331b2eab7,official_race_marker_verified,7238.0,flat,dirt,,right,,Class2,0.0,0.0,2609020407,26090204,True,https://www.jra.go.jp/datafile/seiseki/report/2026/2026-2hanshin4.pdf,18004歳以上2勝クラス発走13時25分(ダート・右)負担重量は、58、牝馬2減,expected_result,,
202609020408,2026.0,阪神,2.0,4.0,8,2026-04-05,https://www.jra.go.jp/datafile/seiseki/report/2026/2026-2hanshin4.pdf,0674103af19d21f474da35664b227b56d9e7c2f82c1254eed1787aa331b2eab7,official_race_marker_verified,5856.0,flat,turf,outer,right,,Class2,0.0,0.0,2609020408,26090204,True,https://www.jra.go.jp/datafile/seiseki/report/2026/2026-2hanshin4.pdf,18004歳以上2勝クラス発走13時55分(芝・右・外)負担重量は、58、牝馬2減,expected_result,,
202609020409,2026.0,阪神,2.0,4.0,9,2026-04-05,https://www.jra.go.jp/datafile/seiseki/report/2026/2026-2hanshin4.pdf,0674103af19d21f474da35664b227b56d9e7c2f82c1254eed1787aa331b2eab7,official_race_marker_verified,1400.0,flat,dirt,,right,,Maiden,0.0,0.0,2609020409,26090204,True,https://www.jra.go.jp/datafile/seiseki/report/2026/2026-2hanshin4.pdf,1400バイオレットステークス発走14時25分(ダート・右)3歳、除3歳未出走馬および未勝利馬;負担重量は、日本馬:馬齢重量、収得賞金1400万円毎1増、:馬齢重量、GI競走1着馬2増、GII競走またはGIII競走1着馬1増賞品,expected_result,,
202609020410,2026.0,阪神,2.0,4.0,10,2026-04-05,https://www.jra.go.jp/datafile/seiseki/report/2026/2026-2hanshin4.pdf,0674103af19d21f474da35664b227b56d9e7c2f82c1254eed1787aa331b2eab7,official_race_marker_verified,1400.0,flat,turf,,right,1.0,Maiden,0.0,0.0,2609020410,26090204,True,https://www.jra.go.jp/datafile/seiseki/report/2026/2026-2hanshin4.pdf,1400しんさいばし心斎橋ステークス発走15時00分(芝・右)4歳以上、3勝クラス、除未出走馬および未勝利馬;負担重量は、ハンデキャップ賞品,expected_result,,
202609020411,2026.0,阪神,2.0,4.0,11,2026-04-05,https://www.jra.go.jp/datafile/seiseki/report/2026/2026-2hanshin4.pdf,0674103af19d21f474da35664b227b56d9e7c2f82c1254eed1787aa331b2eab7,official_race_marker_verified,2000.0,flat,turf,,right,,Open,1.0,1.0,2609020411,26090204,True,https://www.jra.go.jp/datafile/seiseki/report/2026/2026-2hanshin4.pdf,2000第70回大阪杯(GI)発走15時40分(芝・右)4歳以上、除未出走馬および未勝利馬;負担重量は、58、牝馬2減日本馬主協会連合会会長賞(1着)賞品,expected_result,,
202609020412,2026.0,阪神,2.0,4.0,12,2026-04-05,https://www.jra.go.jp/datafile/seiseki/report/2026/2026-2hanshin4.pdf,0674103af19d21f474da35664b227b56d9e7c2f82c1254eed1787aa331b2eab7,official_race_marker_verified,1400.0,flat,dirt,,right,,Maiden,0.0,0.0,2609020412,26090204,True,https://www.jra.go.jp/datafile/seiseki/report/2026/2026-2hanshin4.pdf,1400てんまばし天満橋ステークス発走16時30分(ダート・右)4歳以上、3勝クラス、除未出走馬および未勝利馬;負担重量は、58、牝馬2減賞品,expected_result,,
202603010101,2026.0,福島,1.0,1.0,1,2026-04-11,https://www.jra.go.jp/datafile/seiseki/report/2026/2026-1fukushima1.pdf,a262bcce2007285cb63548e67560076f630a6c6292e350ba75bb54a22aaebe37,official_race_marker_verified,5814.0,flat,dirt,,right,0.0,Maiden,0.0,0.0,2603010101,26030101,True,https://www.jra.go.jp/datafile/seiseki/report/2026/2026-1fukushima1.pdf,17003歳未勝利発走9時45分(ダート・右)負担重量は、馬齢重量,expected_result,,
202603010102,2026.0,福島,1.0,1.0,2,2026-04-11,https://www.jra.go.jp/datafile/seiseki/report/2026/2026-1fukushima1.pdf,a262bcce2007285cb63548e67560076f630a6c6292e350ba75bb54a22aaebe37,official_race_marker_verified,5755.0,flat,turf,,right,0.0,Maiden,0.0,0.0,2603010102,26030101,True,https://www.jra.go.jp/datafile/seiseki/report/2026/2026-1fukushima1.pdf,12003歳未勝利発走10時15分(芝・右)負担重量は、馬齢重量,expected_result,,
202603010103,2026.0,福島,1.0,1.0,3,2026-04-11,https://www.jra.go.jp/datafile/seiseki/report/2026/2026-1fukushima1.pdf,a262bcce2007285cb63548e67560076f630a6c6292e350ba75bb54a22aaebe37,official_race_marker_verified,6113.0,flat,turf,,right,0.0,Maiden,0.0,0.0,2603010103,26030101,True,https://www.jra.go.jp/datafile/seiseki/report/2026/2026-1fukushima1.pdf,18003歳未勝利発走10時45分(芝・右)牝;負担重量は、馬齢重量,expected_result,,
202603010104,2026.0,福島,1.0,1.0,4,2026-04-11,https://www.jra.go.jp/datafile/seiseki/report/2026/2026-1fukushima1.pdf,a262bcce2007285cb63548e67560076f630a6c6292e350ba75bb54a22aaebe37,official_race_marker_verified,6816.0,flat,dirt,,right,0.0,Maiden,0.0,0.0,2603010104,26030101,True,https://www.jra.go.jp/datafile/seiseki/report/2026/2026-1fukushima1.pdf,11503歳未勝利発走11時15分(ダート・右)負担重量は、馬齢重量,expected_result,,
202603010105,2026.0,福島,1.0,1.0,5,2026-04-11,https://www.jra.go.jp/datafile/seiseki/report/2026/2026-1fukushima1.pdf,a262bcce2007285cb63548e67560076f630a6c6292e350ba75bb54a22aaebe37,official_race_marker_verified,5754.0,flat,turf,,right,0.0,Maiden,0.0,0.0,2603010105,26030101,True,https://www.jra.go.jp/datafile/seiseki/report/2026/2026-1fukushima1.pdf,20003歳未勝利発走12時05分(芝・右)負担重量は、馬齢重量,expected_result,,
202603010106,2026.0,福島,1.0,1.0,6,2026-04-11,https://www.jra.go.jp/datafile/seiseki/report/2026/2026-1fukushima1.pdf,a262bcce2007285cb63548e67560076f630a6c6292e350ba75bb54a22aaebe37,official_race_marker_verified,5815.0,flat,turf,,right,0.0,Maiden,0.0,0.0,2603010106,26030101,True,https://www.jra.go.jp/datafile/seiseki/report/2026/2026-1fukushima1.pdf,26003歳未勝利発走12時35分(芝・右)負担重量は、馬齢重量,expected_result,,
202603010107,2026.0,福島,1.0,1.0,7,2026-04-11,https://www.jra.go.jp/datafile/seiseki/report/2026/2026-1fukushima1.pdf,a262bcce2007285cb63548e67560076f630a6c6292e350ba75bb54a22aaebe37,official_race_marker_verified,5653.0,flat,dirt,,right,,Class1,0.0,0.0,2603010107,26030101,True,https://www.jra.go.jp/datafile/seiseki/report/2026/2026-1fukushima1.pdf,17004歳以上1勝クラス発走13時05分(ダート・右)若手騎手;負担重量は、58、牝馬2減,expected_result,,
202603010108,2026.0,福島,1.0,1.0,8,2026-04-11,https://www.jra.go.jp/datafile/seiseki/report/2026/2026-1fukushima1.pdf,a262bcce2007285cb63548e67560076f630a6c6292e350ba75bb54a22aaebe37,official_race_marker_verified,9523.0,flat,dirt,,right,,Class1,0.0,0.0,2603010108,26030101,True,https://www.jra.go.jp/datafile/seiseki/report/2026/2026-1fukushima1.pdf,11504歳以上1勝クラス発走13時35分(ダート・右)負担重量は、58、牝馬2減,expected_result,,
202603010109,2026.0,福島,1.0,1.0,9,2026-04-11,https://www.jra.go.jp/datafile/seiseki/report/2026/2026-1fukushima1.pdf,a262bcce2007285cb63548e67560076f630a6c6292e350ba75bb54a22aaebe37,official_race_marker_verified,1800.0,flat,turf,,right,,Class1,0.0,0.0,2603010109,26030101,True,https://www.jra.go.jp/datafile/seiseki/report/2026/2026-1fukushima1.pdf,1800じょうどだいら浄土平特別発走14時05分(芝・右)4歳以上、1勝クラス;負担重量は、58、牝馬2減賞品,expected_result,,
202603010110,2026.0,福島,1.0,1.0,10,2026-04-11,https://www.jra.go.jp/datafile/seiseki/report/2026/2026-1fukushima1.pdf,a262bcce2007285cb63548e67560076f630a6c6292e350ba75bb54a22aaebe37,official_race_marker_verified,1200.0,flat,turf,,right,,Class2,0.0,0.0,2603010110,26030101,True,https://www.jra.go.jp/datafile/seiseki/report/2026/2026-1fukushima1.pdf,1200はなみやま花見山特別発走14時40分(芝・右)4歳以上、2勝クラス;負担重量は、58、牝馬2減賞品,expected_result,,
202603010111,2026.0,福島,1.0,1.0,11,2026-04-11,https://www.jra.go.jp/datafile/seiseki/report/2026/2026-1fukushima1.pdf,a262bcce2007285cb63548e67560076f630a6c6292e350ba75bb54a22aaebe37,official_race_marker_verified,1700.0,flat,dirt,,right,1.0,Maiden,0.0,0.0,2603010111,26030101,True,https://www.jra.go.jp/datafile/seiseki/report/2026/2026-1fukushima1.pdf,1700あづまこふじ吾妻小富士ステークス発走15時15分(ダート・右)4歳以上、除未出走馬および未勝利馬;負担重量は、ハンデキャップ福島市長賞(1着)賞品,expected_result,,
202603010112,2026.0,福島,1.0,1.0,12,2026-04-11,https://www.jra.go.jp/datafile/seiseki/report/2026/2026-1fukushima1.pdf,a262bcce2007285cb63548e67560076f630a6c6292e350ba75bb54a22aaebe37,official_race_marker_verified,510.0,flat,turf,,right,,Class1,0.0,0.0,2603010112,26030101,True,https://www.jra.go.jp/datafile/seiseki/report/2026/2026-1fukushima1.pdf,12004歳以上1勝クラス発走16時00分(芝・右)牝;負担重量は、56,expected_result,,
202606030501,2026.0,中山,3.0,5.0,1,2026-04-11,https://www.jra.go.jp/datafile/seiseki/report/2026/2026-3nakayama5.pdf,9a41f1edec7cde117ef93a21837b434879194dc1de85b2feecc5c286ad33d024,official_race_marker_verified,7815.0,flat,dirt,,right,0.0,Maiden,0.0,0.0,2606030501,26060305,True,https://www.jra.go.jp/datafile/seiseki/report/2026/2026-3nakayama5.pdf,18003歳未勝利発走10時05分(ダート・右)牝;負担重量は、馬齢重量,expected_result,,
202606030502,2026.0,中山,3.0,5.0,2,2026-04-11,https://www.jra.go.jp/datafile/seiseki/report/2026/2026-3nakayama5.pdf,9a41f1edec7cde117ef93a21837b434879194dc1de85b2feecc5c286ad33d024,official_race_marker_verified,4815.0,flat,dirt,,right,0.0,Maiden,0.0,0.0,2606030502,26060305,True,https://www.jra.go.jp/datafile/seiseki/report/2026/2026-3nakayama5.pdf,12003歳未勝利発走10時35分(ダート・右)負担重量は、馬齢重量,expected_result,,
202606030503,2026.0,中山,3.0,5.0,3,2026-04-11,https://www.jra.go.jp/datafile/seiseki/report/2026/2026-3nakayama5.pdf,9a41f1edec7cde117ef93a21837b434879194dc1de85b2feecc5c286ad33d024,official_race_marker_verified,4813.0,flat,dirt,,right,0.0,Maiden,0.0,0.0,2606030503,26060305,True,https://www.jra.go.jp/datafile/seiseki/report/2026/2026-3nakayama5.pdf,18003歳未勝利発走11時05分(ダート・右)負担重量は、馬齢重量,expected_result,,
202606030504,2026.0,中山,3.0,5.0,4,2026-04-11,https://www.jra.go.jp/datafile/seiseki/report/2026/2026-3nakayama5.pdf,9a41f1edec7cde117ef93a21837b434879194dc1de85b2feecc5c286ad33d024,official_race_marker_verified,3200.0,obstacle,turf,,,,Open,1.0,0.0,2606030504,26060305,False,https://www.jra.go.jp/datafile/seiseki/report/2026/2026-3nakayama5.pdf,3200障害4歳以上オープン発走11時35分(芝・ダート)負担重量は、4歳595歳以上60、牝馬2減、収得賞金400万円超過馬は超過額300万円毎1増,expected_result,,
202606030505,2026.0,中山,3.0,5.0,5,2026-04-11,https://www.jra.go.jp/datafile/seiseki/report/2026/2026-3nakayama5.pdf,9a41f1edec7cde117ef93a21837b434879194dc1de85b2feecc5c286ad33d024,official_race_marker_verified,9816.0,flat,turf,outer,right,0.0,Maiden,0.0,0.0,2606030505,26060305,True,https://www.jra.go.jp/datafile/seiseki/report/2026/2026-3nakayama5.pdf,16003歳未勝利発走12時25分(芝・右・外)負担重量は、馬齢重量,expected_result,,
202606030506,2026.0,中山,3.0,5.0,6,2026-04-11,https://www.jra.go.jp/datafile/seiseki/report/2026/2026-3nakayama5.pdf,9a41f1edec7cde117ef93a21837b434879194dc1de85b2feecc5c286ad33d024,official_race_marker_verified,9713.0,flat,turf,,right,0.0,Maiden,0.0,0.0,2606030506,26060305,True,https://www.jra.go.jp/datafile/seiseki/report/2026/2026-3nakayama5.pdf,20003歳未勝利発走12時55分(芝・右)牝;負担重量は、馬齢重量,expected_result,,
202606030507,2026.0,中山,3.0,5.0,7,2026-04-11,https://www.jra.go.jp/datafile/seiseki/report/2026/2026-3nakayama5.pdf,9a41f1edec7cde117ef93a21837b434879194dc1de85b2feecc5c286ad33d024,official_race_marker_verified,1637.0,flat,dirt,,right,0.0,Class1,0.0,0.0,2606030507,26060305,True,https://www.jra.go.jp/datafile/seiseki/report/2026/2026-3nakayama5.pdf,12003歳1勝クラス発走13時25分(ダート・右)負担重量は、馬齢重量,expected_result,,
202606030508,2026.0,中山,3.0,5.0,8,2026-04-11,https://www.jra.go.jp/datafile/seiseki/report/2026/2026-3nakayama5.pdf,9a41f1edec7cde117ef93a21837b434879194dc1de85b2feecc5c286ad33d024,official_race_marker_verified,5855.0,flat,dirt,,right,,Class1,0.0,0.0,2606030508,26060305,True,https://www.jra.go.jp/datafile/seiseki/report/2026/2026-3nakayama5.pdf,18004歳以上1勝クラス発走13時55分(ダート・右)負担重量は、58、牝馬2減,expected_result,,
202606030509,2026.0,中山,3.0,5.0,9,2026-04-11,https://www.jra.go.jp/datafile/seiseki/report/2026/2026-3nakayama5.pdf,9a41f1edec7cde117ef93a21837b434879194dc1de85b2feecc5c286ad33d024,official_race_marker_verified,2000.0,flat,turf,,right,0.0,Class1,0.0,0.0,2606030509,26060305,True,https://www.jra.go.jp/datafile/seiseki/report/2026/2026-3nakayama5.pdf,2000やまふじ山藤賞発走14時25分(芝・右)3歳、1勝クラス;負担重量は、馬齢重量賞品,expected_result,,
202606030510,2026.0,中山,3.0,5.0,10,2026-04-11,https://www.jra.go.jp/datafile/seiseki/report/2026/2026-3nakayama5.pdf,9a41f1edec7cde117ef93a21837b434879194dc1de85b2feecc5c286ad33d024,official_race_marker_verified,1200.0,flat,dirt,,right,,Maiden,0.0,0.0,2606030510,26060305,True,https://www.jra.go.jp/datafile/seiseki/report/2026/2026-3nakayama5.pdf,1200うづき卯月ステークス発走15時00分(ダート・右)4歳以上、3勝クラス、除未出走馬および未勝利馬;負担重量は、58、牝馬2減賞品,expected_result,,
202606030511,2026.0,中山,3.0,5.0,11,2026-04-11,https://www.jra.go.jp/datafile/seiseki/report/2026/2026-3nakayama5.pdf,9a41f1edec7cde117ef93a21837b434879194dc1de85b2feecc5c286ad33d024,official_race_marker_verified,1600.0,flat,turf,outer,right,0.0,Open,1.0,1.0,2606030511,26060305,True,https://www.jra.go.jp/datafile/seiseki/report/2026/2026-3nakayama5.pdf,1600第44回ニュージーランドトロフィー(GII)発走15時45分(NHKマイルカップトライアル)(芝・右・外)牡・牝、3歳;負担重量は、馬齢重量レーシングタウランガ賞・ニュージーランド航空賞(1着)賞品,expected_result,,
202606030512,2026.0,中山,3.0,5.0,12,2026-04-11,https://www.jra.go.jp/datafile/seiseki/report/2026/2026-3nakayama5.pdf,9a41f1edec7cde117ef93a21837b434879194dc1de85b2feecc5c286ad33d024,official_race_marker_verified,5653.0,flat,dirt,,right,,Class2,0.0,0.0,2606030512,26060305,True,https://www.jra.go.jp/datafile/seiseki/report/2026/2026-3nakayama5.pdf,12004歳以上2勝クラス発走16時30分(ダート・右)牝;負担重量は、56,expected_result,,
202609020501,2026.0,阪神,2.0,5.0,1,2026-04-11,https://www.jra.go.jp/datafile/seiseki/report/2026/2026-2hanshin5.pdf,0d3d9641fe41bd0f5ead36cc76266f9e021f89843da1d2644a1dad69f281fa4c,official_race_marker_verified,2611.0,flat,dirt,,right,0.0,Maiden,0.0,0.0,2609020501,26090205,True,https://www.jra.go.jp/datafile/seiseki/report/2026/2026-2hanshin5.pdf,18003歳未勝利発走9時55分(ダート・右)牝;負担重量は、馬齢重量,expected_result,,
202609020502,2026.0,阪神,2.0,5.0,2,2026-04-11,https://www.jra.go.jp/datafile/seiseki/report/2026/2026-2hanshin5.pdf,0d3d9641fe41bd0f5ead36cc76266f9e021f89843da1d2644a1dad69f281fa4c,official_race_marker_verified,5714.0,flat,dirt,,right,0.0,Maiden,0.0,0.0,2609020502,26090205,True,https://www.jra.go.jp/datafile/seiseki/report/2026/2026-2hanshin5.pdf,14003歳未勝利発走10時25分(ダート・右)負担重量は、馬齢重量,expected_result,,
202609020503,2026.0,阪神,2.0,5.0,3,2026-04-11,https://www.jra.go.jp/datafile/seiseki/report/2026/2026-2hanshin5.pdf,0d3d9641fe41bd0f5ead36cc76266f9e021f89843da1d2644a1dad69f281fa4c,official_race_marker_verified,4218.0,flat,dirt,,right,0.0,Maiden,0.0,0.0,2609020503,26090205,True,https://www.jra.go.jp/datafile/seiseki/report/2026/2026-2hanshin5.pdf,18003歳未勝利発走10時55分(ダート・右)負担重量は、馬齢重量,expected_result,,
202609020504,2026.0,阪神,2.0,5.0,4,2026-04-11,https://www.jra.go.jp/datafile/seiseki/report/2026/2026-2hanshin5.pdf,0d3d9641fe41bd0f5ead36cc76266f9e021f89843da1d2644a1dad69f281fa4c,official_race_marker_verified,714.0,flat,turf,,right,0.0,Maiden,0.0,0.0,2609020504,26090205,True,https://www.jra.go.jp/datafile/seiseki/report/2026/2026-2hanshin5.pdf,20003歳未勝利発走11時25分(芝・右)負担重量は、馬齢重量,expected_result,,
202609020505,2026.0,阪神,2.0,5.0,5,2026-04-11,https://www.jra.go.jp/datafile/seiseki/report/2026/2026-2hanshin5.pdf,0d3d9641fe41bd0f5ead36cc76266f9e021f89843da1d2644a1dad69f281fa4c,official_race_marker_verified,626.0,flat,dirt,,right,0.0,Class1,0.0,0.0,2609020505,26090205,True,https://www.jra.go.jp/datafile/seiseki/report/2026/2026-2hanshin5.pdf,18003歳1勝クラス発走12時15分(ダート・右)負担重量は、馬齢重量,expected_result,,
202609020506,2026.0,阪神,2.0,5.0,6,2026-04-11,https://www.jra.go.jp/datafile/seiseki/report/2026/2026-2hanshin5.pdf,0d3d9641fe41bd0f5ead36cc76266f9e021f89843da1d2644a1dad69f281fa4c,official_race_marker_verified,2610.0,flat,turf,,right,0.0,Class1,0.0,0.0,2609020506,26090205,True,https://www.jra.go.jp/datafile/seiseki/report/2026/2026-2hanshin5.pdf,12003歳1勝クラス発走12時45分(芝・右)負担重量は、馬齢重量,expected_result,,
202609020507,2026.0,阪神,2.0,5.0,7,2026-04-11,https://www.jra.go.jp/datafile/seiseki/report/2026/2026-2hanshin5.pdf,0d3d9641fe41bd0f5ead36cc76266f9e021f89843da1d2644a1dad69f281fa4c,official_race_marker_verified,8811.0,flat,dirt,,right,,Class1,0.0,0.0,2609020507,26090205,True,https://www.jra.go.jp/datafile/seiseki/report/2026/2026-2hanshin5.pdf,18004歳以上1勝クラス発走13時15分(ダート・右)牝;負担重量は、56,expected_result,,
202609020508,2026.0,阪神,2.0,5.0,8,2026-04-11,https://www.jra.go.jp/datafile/seiseki/report/2026/2026-2hanshin5.pdf,0d3d9641fe41bd0f5ead36cc76266f9e021f89843da1d2644a1dad69f281fa4c,official_race_marker_verified,2110.0,flat,dirt,,right,,Class1,0.0,0.0,2609020508,26090205,True,https://www.jra.go.jp/datafile/seiseki/report/2026/2026-2hanshin5.pdf,14004歳以上1勝クラス発走13時45分(ダート・右)負担重量は、58、牝馬2減,expected_result,,
202609020509,2026.0,阪神,2.0,5.0,9,2026-04-11,https://www.jra.go.jp/datafile/seiseki/report/2026/2026-2hanshin5.pdf,0d3d9641fe41bd0f5ead36cc76266f9e021f89843da1d2644a1dad69f281fa4c,official_race_marker_verified,2400.0,flat,turf,outer,right,,Class2,0.0,0.0,2609020509,26090205,True,https://www.jra.go.jp/datafile/seiseki/report/2026/2026-2hanshin5.pdf,2400あかし明石特別発走14時15分(芝・右・外)4歳以上、2勝クラス;負担重量は、58、牝馬2減賞品,expected_result,,
202609020510,2026.0,阪神,2.0,5.0,10,2026-04-11,https://www.jra.go.jp/datafile/seiseki/report/2026/2026-2hanshin5.pdf,0d3d9641fe41bd0f5ead36cc76266f9e021f89843da1d2644a1dad69f281fa4c,official_race_marker_verified,2600.0,flat,turf,outer,right,1.0,Maiden,0.0,0.0,2609020510,26090205,True,https://www.jra.go.jp/datafile/seiseki/report/2026/2026-2hanshin5.pdf,2600大阪―ハンブルクカップ発走14時50分(芝・右・外)4歳以上、除未出走馬および未勝利馬;負担重量は、ハンデキャップハンブルク競馬場賞(1着)賞品,expected_result,,
202609020511,2026.0,阪神,2.0,5.0,11,2026-04-11,https://www.jra.go.jp/datafile/seiseki/report/2026/2026-2hanshin5.pdf,0d3d9641fe41bd0f5ead36cc76266f9e021f89843da1d2644a1dad69f281fa4c,official_race_marker_verified,1600.0,flat,turf,outer,right,,Open,1.0,1.0,2609020511,26090205,True,https://www.jra.go.jp/datafile/seiseki/report/2026/2026-2hanshin5.pdf,1600第69回サンケイスポーツ杯阪神牝馬ステークス(GII)発走15時30分(芝・右・外)牝、4歳以上、除未出走馬および未勝利馬;負担重量は、55、2025.4.12以降GI競走1着馬2増、GII競走1着馬1増、2025.4.11以前のGI競走1着馬1増(ただし2歳時の成績を除く)サンケイスポーツ賞(1着)賞品,expected_result,,
202609020512,2026.0,阪神,2.0,5.0,12,2026-04-11,https://www.jra.go.jp/datafile/seiseki/report/2026/2026-2hanshin5.pdf,0d3d9641fe41bd0f5ead36cc76266f9e021f89843da1d2644a1dad69f281fa4c,official_race_marker_verified,1611.0,flat,dirt,,right,,Class2,0.0,0.0,2609020512,26090205,True,https://www.jra.go.jp/datafile/seiseki/report/2026/2026-2hanshin5.pdf,12004歳以上2勝クラス発走16時10分(ダート・右)負担重量は、58、牝馬2減,expected_result,,
202603010201,2026.0,福島,1.0,2.0,1,2026-04-12,https://www.jra.go.jp/datafile/seiseki/report/2026/2026-1fukushima2.pdf,e9b49da55ef6245cfb72e5050e46462c68951cd48f9b88caffe56bf5ecc6d37a,official_race_marker_verified,5713.0,flat,dirt,,right,0.0,Maiden,0.0,0.0,2603010201,26030102,True,https://www.jra.go.jp/datafile/seiseki/report/2026/2026-1fukushima2.pdf,17003歳未勝利発走9時45分(ダート・右)牝;負担重量は、馬齢重量,expected_result,,
202603010202,2026.0,福島,1.0,2.0,2,2026-04-12,https://www.jra.go.jp/datafile/seiseki/report/2026/2026-1fukushima2.pdf,e9b49da55ef6245cfb72e5050e46462c68951cd48f9b88caffe56bf5ecc6d37a,official_race_marker_verified,7714.0,flat,turf,,right,0.0,Maiden,0.0,0.0,2603010202,26030102,True,https://www.jra.go.jp/datafile/seiseki/report/2026/2026-1fukushima2.pdf,12003歳未勝利発走10時10分(芝・右)負担重量は、馬齢重量,expected_result,,
202603010203,2026.0,福島,1.0,2.0,3,2026-04-12,https://www.jra.go.jp/datafile/seiseki/report/2026/2026-1fukushima2.pdf,e9b49da55ef6245cfb72e5050e46462c68951cd48f9b88caffe56bf5ecc6d37a,official_race_marker_verified,5754.0,flat,dirt,,right,0.0,Maiden,0.0,0.0,2603010203,26030102,True,https://www.jra.go.jp/datafile/seiseki/report/2026/2026-1fukushima2.pdf,17003歳未勝利発走10時40分(ダート・右)負担重量は、馬齢重量,expected_result,,
202603010204,2026.0,福島,1.0,2.0,4,2026-04-12,https://www.jra.go.jp/datafile/seiseki/report/2026/2026-1fukushima2.pdf,e9b49da55ef6245cfb72e5050e46462c68951cd48f9b88caffe56bf5ecc6d37a,official_race_marker_verified,9816.0,flat,turf,,right,0.0,Maiden,0.0,0.0,2603010204,26030102,True,https://www.jra.go.jp/datafile/seiseki/report/2026/2026-1fukushima2.pdf,12003歳未勝利発走11時10分(芝・右)負担重量は、馬齢重量,expected_result,,
202603010205,2026.0,福島,1.0,2.0,5,2026-04-12,https://www.jra.go.jp/datafile/seiseki/report/2026/2026-1fukushima2.pdf,e9b49da55ef6245cfb72e5050e46462c68951cd48f9b88caffe56bf5ecc6d37a,official_race_marker_verified,5755.0,flat,turf,,right,0.0,Maiden,0.0,0.0,2603010205,26030102,True,https://www.jra.go.jp/datafile/seiseki/report/2026/2026-1fukushima2.pdf,18003歳未勝利発走12時00分(芝・右)負担重量は、馬齢重量,expected_result,,
202603010206,2026.0,福島,1.0,2.0,6,2026-04-12,https://www.jra.go.jp/datafile/seiseki/report/2026/2026-1fukushima2.pdf,e9b49da55ef6245cfb72e5050e46462c68951cd48f9b88caffe56bf5ecc6d37a,official_race_marker_verified,5654.0,flat,turf,,right,,Class1,0.0,0.0,2603010206,26030102,True,https://www.jra.go.jp/datafile/seiseki/report/2026/2026-1fukushima2.pdf,20004歳以上1勝クラス発走12時30分(芝・右)若手騎手;負担重量は、58、牝馬2減,expected_result,,
202603010207,2026.0,福島,1.0,2.0,7,2026-04-12,https://www.jra.go.jp/datafile/seiseki/report/2026/2026-1fukushima2.pdf,e9b49da55ef6245cfb72e5050e46462c68951cd48f9b88caffe56bf5ecc6d37a,official_race_marker_verified,1815.0,flat,dirt,,right,,Class1,0.0,0.0,2603010207,26030102,True,https://www.jra.go.jp/datafile/seiseki/report/2026/2026-1fukushima2.pdf,17004歳以上1勝クラス発走13時00分(ダート・右)牝;負担重量は、56,expected_result,,
202603010208,2026.0,福島,1.0,2.0,8,2026-04-12,https://www.jra.go.jp/datafile/seiseki/report/2026/2026-1fukushima2.pdf,e9b49da55ef6245cfb72e5050e46462c68951cd48f9b88caffe56bf5ecc6d37a,official_race_marker_verified,3611.0,flat,turf,,right,,Class1,0.0,0.0,2603010208,26030102,True,https://www.jra.go.jp/datafile/seiseki/report/2026/2026-1fukushima2.pdf,12004歳以上1勝クラス発走13時30分(芝・右)負担重量は、58、牝馬2減,expected_result,,
202603010209,2026.0,福島,1.0,2.0,9,2026-04-12,https://www.jra.go.jp/datafile/seiseki/report/2026/2026-1fukushima2.pdf,e9b49da55ef6245cfb72e5050e46462c68951cd48f9b88caffe56bf5ecc6d37a,official_race_marker_verified,2600.0,flat,turf,,right,,Class1,0.0,0.0,2603010209,26030102,True,https://www.jra.go.jp/datafile/seiseki/report/2026/2026-1fukushima2.pdf,2600ひうちがたけ燧ヶ岳特別発走14時05分(芝・右)4歳以上、1勝クラス;負担重量は、58、牝馬2減賞品,expected_result,,
202603010210,2026.0,福島,1.0,2.0,10,2026-04-12,https://www.jra.go.jp/datafile/seiseki/report/2026/2026-1fukushima2.pdf,e9b49da55ef6245cfb72e5050e46462c68951cd48f9b88caffe56bf5ecc6d37a,official_race_marker_verified,1150.0,flat,dirt,,right,,Class2,0.0,0.0,2603010210,26030102,True,https://www.jra.go.jp/datafile/seiseki/report/2026/2026-1fukushima2.pdf,1150きたかた喜多方特別発走14時40分(ダート・右)4歳以上、2勝クラス;負担重量は、58、牝馬2減賞品,expected_result,,
202603010211,2026.0,福島,1.0,2.0,11,2026-04-12,https://www.jra.go.jp/datafile/seiseki/report/2026/2026-1fukushima2.pdf,e9b49da55ef6245cfb72e5050e46462c68951cd48f9b88caffe56bf5ecc6d37a,official_race_marker_verified,2000.0,flat,turf,,right,,Maiden,0.0,0.0,2603010211,26030102,True,https://www.jra.go.jp/datafile/seiseki/report/2026/2026-1fukushima2.pdf,2000福島民報杯(L)発走15時15分(芝・右)4歳以上、除未出走馬および未勝利馬;負担重量は、日本馬:57、牝馬2減、収得賞金1600万円超過馬は超過額1200万円毎1増、:57、牝馬2減、GI競走1着馬5増、GII競走1着馬3増、GIII競走1着馬1増(ただし2歳時の成績を除く)福島民報社長賞(1着)賞品,expected_result,,
202603010212,2026.0,福島,1.0,2.0,12,2026-04-12,https://www.jra.go.jp/datafile/seiseki/report/2026/2026-1fukushima2.pdf,e9b49da55ef6245cfb72e5050e46462c68951cd48f9b88caffe56bf5ecc6d37a,official_race_marker_verified,7815.0,flat,dirt,,right,,Class1,0.0,0.0,2603010212,26030102,True,https://www.jra.go.jp/datafile/seiseki/report/2026/2026-1fukushima2.pdf,17004歳以上1勝クラス発走16時00分(ダート・右)負担重量は、58、牝馬2減,expected_result,,
202606030601,2026.0,中山,3.0,6.0,1,2026-04-12,https://www.jra.go.jp/datafile/seiseki/report/2026/2026-3nakayama6.pdf,eb56c738c74a2ceea6c7801dadcfb584a8ef3f2be12218d8e7c7477e3e2892e9,official_race_marker_verified,815.0,flat,dirt,,right,0.0,Maiden,0.0,0.0,2606030601,26060306,True,https://www.jra.go.jp/datafile/seiseki/report/2026/2026-3nakayama6.pdf,12003歳未勝利発走9時50分(ダート・右)負担重量は、馬齢重量,expected_result,,
202606030602,2026.0,中山,3.0,6.0,2,2026-04-12,https://www.jra.go.jp/datafile/seiseki/report/2026/2026-3nakayama6.pdf,eb56c738c74a2ceea6c7801dadcfb584a8ef3f2be12218d8e7c7477e3e2892e9,official_race_marker_verified,2712.0,flat,dirt,,right,0.0,Maiden,0.0,0.0,2606030602,26060306,True,https://www.jra.go.jp/datafile/seiseki/report/2026/2026-3nakayama6.pdf,18003歳未勝利発走10時20分(ダート・右)負担重量は、馬齢重量,expected_result,,
202606030603,2026.0,中山,3.0,6.0,3,2026-04-12,https://www.jra.go.jp/datafile/seiseki/report/2026/2026-3nakayama6.pdf,eb56c738c74a2ceea6c7801dadcfb584a8ef3f2be12218d8e7c7477e3e2892e9,official_race_marker_verified,5755.0,flat,dirt,,right,0.0,Maiden,0.0,0.0,2606030603,26060306,True,https://www.jra.go.jp/datafile/seiseki/report/2026/2026-3nakayama6.pdf,12003歳未勝利発走10時50分(ダート・右)負担重量は、馬齢重量,expected_result,,
202606030604,2026.0,中山,3.0,6.0,4,2026-04-12,https://www.jra.go.jp/datafile/seiseki/report/2026/2026-3nakayama6.pdf,eb56c738c74a2ceea6c7801dadcfb584a8ef3f2be12218d8e7c7477e3e2892e9,official_race_marker_verified,2880.0,obstacle,turf,,,,Maiden,0.0,0.0,2606030604,26060306,False,https://www.jra.go.jp/datafile/seiseki/report/2026/2026-3nakayama6.pdf,2880障害4歳以上未勝利発走11時20分(芝・ダート)負担重量は、4歳595歳以上60、牝馬2減,expected_result,,
202606030605,2026.0,中山,3.0,6.0,5,2026-04-12,https://www.jra.go.jp/datafile/seiseki/report/2026/2026-3nakayama6.pdf,eb56c738c74a2ceea6c7801dadcfb584a8ef3f2be12218d8e7c7477e3e2892e9,official_race_marker_verified,8611.0,flat,turf,outer,right,0.0,Maiden,0.0,0.0,2606030605,26060306,True,https://www.jra.go.jp/datafile/seiseki/report/2026/2026-3nakayama6.pdf,22003歳未勝利発走12時10分(芝・右・外)負担重量は、馬齢重量,expected_result,,
202606030606,2026.0,中山,3.0,6.0,6,2026-04-12,https://www.jra.go.jp/datafile/seiseki/report/2026/2026-3nakayama6.pdf,eb56c738c74a2ceea6c7801dadcfb584a8ef3f2be12218d8e7c7477e3e2892e9,official_race_marker_verified,5755.0,flat,dirt,,right,0.0,Class1,0.0,0.0,2606030606,26060306,True,https://www.jra.go.jp/datafile/seiseki/report/2026/2026-3nakayama6.pdf,18003歳1勝クラス発走12時40分(ダート・右)負担重量は、馬齢重量,expected_result,,
202606030607,2026.0,中山,3.0,6.0,7,2026-04-12,https://www.jra.go.jp/datafile/seiseki/report/2026/2026-3nakayama6.pdf,eb56c738c74a2ceea6c7801dadcfb584a8ef3f2be12218d8e7c7477e3e2892e9,official_race_marker_verified,5653.0,flat,turf,outer,right,,Class1,0.0,0.0,2606030607,26060306,True,https://www.jra.go.jp/datafile/seiseki/report/2026/2026-3nakayama6.pdf,16004歳以上1勝クラス発走13時10分(芝・右・外)負担重量は、58、牝馬2減,expected_result,,
202606030608,2026.0,中山,3.0,6.0,8,2026-04-12,https://www.jra.go.jp/datafile/seiseki/report/2026/2026-3nakayama6.pdf,eb56c738c74a2ceea6c7801dadcfb584a8ef3f2be12218d8e7c7477e3e2892e9,official_race_marker_verified,5138.0,flat,turf,,right,,Class2,0.0,0.0,2606030608,26060306,True,https://www.jra.go.jp/datafile/seiseki/report/2026/2026-3nakayama6.pdf,18004歳以上2勝クラス発走13時40分(芝・右)負担重量は、58、牝馬2減,expected_result,,
202606030609,2026.0,中山,3.0,6.0,9,2026-04-12,https://www.jra.go.jp/datafile/seiseki/report/2026/2026-3nakayama6.pdf,eb56c738c74a2ceea6c7801dadcfb584a8ef3f2be12218d8e7c7477e3e2892e9,official_race_marker_verified,2400.0,flat,dirt,,right,1.0,Class2,0.0,0.0,2606030609,26060306,True,https://www.jra.go.jp/datafile/seiseki/report/2026/2026-3nakayama6.pdf,2400いんざい印西特別発走14時15分(ダート・右)4歳以上、2勝クラス;負担重量は、ハンデキャップ賞品,expected_result,,
202606030610,2026.0,中山,3.0,6.0,10,2026-04-12,https://www.jra.go.jp/datafile/seiseki/report/2026/2026-3nakayama6.pdf,eb56c738c74a2ceea6c7801dadcfb584a8ef3f2be12218d8e7c7477e3e2892e9,official_race_marker_verified,1600.0,flat,turf,outer,right,,Maiden,0.0,0.0,2606030610,26060306,True,https://www.jra.go.jp/datafile/seiseki/report/2026/2026-3nakayama6.pdf,1600あけぼのステークス発走14時50分(芝・右・外)4歳以上、3勝クラス、除未出走馬および未勝利馬;負担重量は、58、牝馬2減賞品,expected_result,,
202606030611,2026.0,中山,3.0,6.0,11,2026-04-12,https://www.jra.go.jp/datafile/seiseki/report/2026/2026-3nakayama6.pdf,eb56c738c74a2ceea6c7801dadcfb584a8ef3f2be12218d8e7c7477e3e2892e9,official_race_marker_verified,1200.0,flat,turf,outer,right,1.0,Maiden,0.0,0.0,2606030611,26060306,True,https://www.jra.go.jp/datafile/seiseki/report/2026/2026-3nakayama6.pdf,1200しゅんらい春雷ステークス(L)発走15時25分(芝・右・外)4歳以上、除未出走馬および未勝利馬;負担重量は、ハンデキャップ賞品,expected_result,,
202606030612,2026.0,中山,3.0,6.0,12,2026-04-12,https://www.jra.go.jp/datafile/seiseki/report/2026/2026-3nakayama6.pdf,eb56c738c74a2ceea6c7801dadcfb584a8ef3f2be12218d8e7c7477e3e2892e9,official_race_marker_verified,8117.0,flat,dirt,,right,,Class1,0.0,0.0,2606030612,26060306,True,https://www.jra.go.jp/datafile/seiseki/report/2026/2026-3nakayama6.pdf,12004歳以上1勝クラス発走16時10分(ダート・右)牝;負担重量は、56,expected_result,,
202609020601,2026.0,阪神,2.0,6.0,1,2026-04-12,https://www.jra.go.jp/datafile/seiseki/report/2026/2026-2hanshin6.pdf,a65aba76dec21b4cde4e2982d351f3270291fbfa505bca2eefd3aa8592921c90,official_race_marker_verified,7815.0,flat,dirt,,right,0.0,Maiden,0.0,0.0,2609020601,26090206,True,https://www.jra.go.jp/datafile/seiseki/report/2026/2026-2hanshin6.pdf,14003歳未勝利発走10時00分(ダート・右)牝;負担重量は、馬齢重量,expected_result,,
202609020602,2026.0,阪神,2.0,6.0,2,2026-04-12,https://www.jra.go.jp/datafile/seiseki/report/2026/2026-2hanshin6.pdf,a65aba76dec21b4cde4e2982d351f3270291fbfa505bca2eefd3aa8592921c90,official_race_marker_verified,5320.0,flat,dirt,,right,0.0,Maiden,0.0,0.0,2609020602,26090206,True,https://www.jra.go.jp/datafile/seiseki/report/2026/2026-2hanshin6.pdf,18003歳未勝利発走10時30分(ダート・右)負担重量は、馬齢重量,expected_result,,
202609020603,2026.0,阪神,2.0,6.0,3,2026-04-12,https://www.jra.go.jp/datafile/seiseki/report/2026/2026-2hanshin6.pdf,a65aba76dec21b4cde4e2982d351f3270291fbfa505bca2eefd3aa8592921c90,official_race_marker_verified,2612.0,flat,dirt,,right,0.0,Maiden,0.0,0.0,2609020603,26090206,True,https://www.jra.go.jp/datafile/seiseki/report/2026/2026-2hanshin6.pdf,12003歳未勝利発走11時00分(ダート・右)負担重量は、馬齢重量,expected_result,,
202609020604,2026.0,阪神,2.0,6.0,4,2026-04-12,https://www.jra.go.jp/datafile/seiseki/report/2026/2026-2hanshin6.pdf,a65aba76dec21b4cde4e2982d351f3270291fbfa505bca2eefd3aa8592921c90,official_race_marker_verified,7817.0,flat,turf,outer,right,0.0,Maiden,0.0,0.0,2609020604,26090206,True,https://www.jra.go.jp/datafile/seiseki/report/2026/2026-2hanshin6.pdf,16003歳未勝利発走11時30分(芝・右・外)負担重量は、馬齢重量,expected_result,,
202609020605,2026.0,阪神,2.0,6.0,5,2026-04-12,https://www.jra.go.jp/datafile/seiseki/report/2026/2026-2hanshin6.pdf,a65aba76dec21b4cde4e2982d351f3270291fbfa505bca2eefd3aa8592921c90,official_race_marker_verified,8816.0,flat,dirt,,right,0.0,Class1,0.0,0.0,2609020605,26090206,True,https://www.jra.go.jp/datafile/seiseki/report/2026/2026-2hanshin6.pdf,14003歳1勝クラス発走12時20分(ダート・右)負担重量は、馬齢重量,expected_result,,
202609020606,2026.0,阪神,2.0,6.0,6,2026-04-12,https://www.jra.go.jp/datafile/seiseki/report/2026/2026-2hanshin6.pdf,a65aba76dec21b4cde4e2982d351f3270291fbfa505bca2eefd3aa8592921c90,official_race_marker_verified,5855.0,flat,dirt,,right,,Class1,0.0,0.0,2609020606,26090206,True,https://www.jra.go.jp/datafile/seiseki/report/2026/2026-2hanshin6.pdf,18004歳以上1勝クラス発走12時50分(ダート・右)負担重量は、58、牝馬2減,expected_result,,
202609020607,2026.0,阪神,2.0,6.0,7,2026-04-12,https://www.jra.go.jp/datafile/seiseki/report/2026/2026-2hanshin6.pdf,a65aba76dec21b4cde4e2982d351f3270291fbfa505bca2eefd3aa8592921c90,official_race_marker_verified,4811.0,flat,turf,outer,right,,Class2,0.0,0.0,2609020607,26090206,True,https://www.jra.go.jp/datafile/seiseki/report/2026/2026-2hanshin6.pdf,16004歳以上2勝クラス発走13時20分(芝・右・外)負担重量は、58、牝馬2減,expected_result,,
202609020608,2026.0,阪神,2.0,6.0,8,2026-04-12,https://www.jra.go.jp/datafile/seiseki/report/2026/2026-2hanshin6.pdf,a65aba76dec21b4cde4e2982d351f3270291fbfa505bca2eefd3aa8592921c90,official_race_marker_verified,1800.0,flat,dirt,,right,,Class2,0.0,0.0,2609020608,26090206,True,https://www.jra.go.jp/datafile/seiseki/report/2026/2026-2hanshin6.pdf,1800かわにし川西特別発走13時50分(ダート・右)4歳以上、2勝クラス;負担重量は、58、牝馬2減賞品,expected_result,,
202609020609,2026.0,阪神,2.0,6.0,9,2026-04-12,https://www.jra.go.jp/datafile/seiseki/report/2026/2026-2hanshin6.pdf,a65aba76dec21b4cde4e2982d351f3270291fbfa505bca2eefd3aa8592921c90,official_race_marker_verified,2000.0,flat,turf,,right,,Maiden,0.0,0.0,2609020609,26090206,True,https://www.jra.go.jp/datafile/seiseki/report/2026/2026-2hanshin6.pdf,2000わすぐさ忘れな草賞(L)発走14時25分(芝・右)牝、3歳、除3歳未出走馬および未勝利馬;負担重量は、日本馬:馬齢重量、収得賞金1200万円毎1増、:馬齢重量、GI競走1着馬2増、GII競走またはGIII競走1着馬1増賞品,expected_result,,
202609020610,2026.0,阪神,2.0,6.0,10,2026-04-12,https://www.jra.go.jp/datafile/seiseki/report/2026/2026-2hanshin6.pdf,a65aba76dec21b4cde4e2982d351f3270291fbfa505bca2eefd3aa8592921c90,official_race_marker_verified,2000.0,flat,turf,,right,1.0,Maiden,0.0,0.0,2609020610,26090206,True,https://www.jra.go.jp/datafile/seiseki/report/2026/2026-2hanshin6.pdf,2000きょうばし京橋ステークス発走15時00分(芝・右)4歳以上、3勝クラス、除未出走馬および未勝利馬;負担重量は、ハンデキャップ賞品,expected_result,,
202609020611,2026.0,阪神,2.0,6.0,11,2026-04-12,https://www.jra.go.jp/datafile/seiseki/report/2026/2026-2hanshin6.pdf,a65aba76dec21b4cde4e2982d351f3270291fbfa505bca2eefd3aa8592921c90,official_race_marker_verified,1600.0,flat,turf,outer,right,0.0,Open,1.0,1.0,2609020611,26090206,True,https://www.jra.go.jp/datafile/seiseki/report/2026/2026-2hanshin6.pdf,1600第86回桜花賞(GI)発走15時40分(芝・右・外)牝、3歳、除未出走馬および未勝利馬;負担重量は、馬齢重量内閣総理大臣賞・日本馬主協会連合会会長賞(1着)賞品,expected_result,,
202609020612,2026.0,阪神,2.0,6.0,12,2026-04-12,https://www.jra.go.jp/datafile/seiseki/report/2026/2026-2hanshin6.pdf,a65aba76dec21b4cde4e2982d351f3270291fbfa505bca2eefd3aa8592921c90,official_race_marker_verified,2000.0,flat,dirt,,right,,Maiden,0.0,0.0,2609020612,26090206,True,https://www.jra.go.jp/datafile/seiseki/report/2026/2026-2hanshin6.pdf,2000うめだ梅田ステークス発走16時30分(ダート・右)4歳以上、3勝クラス、除未出走馬および未勝利馬;負担重量は、58、牝馬2減賞品,expected_result,,
202603010301,2026.0,福島,1.0,3.0,1,2026-04-18,https://www.jra.go.jp/datafile/seiseki/report/2026/2026-1fukushima3.pdf,0c789d06b2812ef573118d5ee77a922cc2bcadf52ed6b822c5dcf59e28e3b3e5,official_race_marker_verified,7129.0,flat,dirt,,right,0.0,Maiden,0.0,0.0,2603010301,26030103,True,https://www.jra.go.jp/datafile/seiseki/report/2026/2026-1fukushima3.pdf,11503歳未勝利発走9時45分(ダート・右)負担重量は、馬齢重量,expected_result,,
202603010302,2026.0,福島,1.0,3.0,2,2026-04-18,https://www.jra.go.jp/datafile/seiseki/report/2026/2026-1fukushima3.pdf,0c789d06b2812ef573118d5ee77a922cc2bcadf52ed6b822c5dcf59e28e3b3e5,official_race_marker_verified,5552.0,flat,turf,,right,0.0,Maiden,0.0,0.0,2603010302,26030103,True,https://www.jra.go.jp/datafile/seiseki/report/2026/2026-1fukushima3.pdf,20003歳未勝利発走10時15分(芝・右)牝;負担重量は、馬齢重量,expected_result,,
202603010303,2026.0,福島,1.0,3.0,3,2026-04-18,https://www.jra.go.jp/datafile/seiseki/report/2026/2026-1fukushima3.pdf,0c789d06b2812ef573118d5ee77a922cc2bcadf52ed6b822c5dcf59e28e3b3e5,official_race_marker_verified,5552.0,flat,turf,,right,0.0,Maiden,0.0,0.0,2603010303,26030103,True,https://www.jra.go.jp/datafile/seiseki/report/2026/2026-1fukushima3.pdf,12003歳未勝利発走10時45分(芝・右)負担重量は、馬齢重量,expected_result,,
202603010304,2026.0,福島,1.0,3.0,4,2026-04-18,https://www.jra.go.jp/datafile/seiseki/report/2026/2026-1fukushima3.pdf,0c789d06b2812ef573118d5ee77a922cc2bcadf52ed6b822c5dcf59e28e3b3e5,official_race_marker_verified,9712.0,flat,dirt,,right,0.0,Maiden,0.0,0.0,2603010304,26030103,True,https://www.jra.go.jp/datafile/seiseki/report/2026/2026-1fukushima3.pdf,17003歳未勝利発走11時15分(ダート・右)負担重量は、馬齢重量,expected_result,,
202603010305,2026.0,福島,1.0,3.0,5,2026-04-18,https://www.jra.go.jp/datafile/seiseki/report/2026/2026-1fukushima3.pdf,0c789d06b2812ef573118d5ee77a922cc2bcadf52ed6b822c5dcf59e28e3b3e5,official_race_marker_verified,5754.0,flat,turf,,right,0.0,Maiden,0.0,0.0,2603010305,26030103,True,https://www.jra.go.jp/datafile/seiseki/report/2026/2026-1fukushima3.pdf,18003歳未勝利発走12時05分(芝・右)若手騎手;負担重量は、馬齢重量,expected_result,,
202603010306,2026.0,福島,1.0,3.0,6,2026-04-18,https://www.jra.go.jp/datafile/seiseki/report/2026/2026-1fukushima3.pdf,0c789d06b2812ef573118d5ee77a922cc2bcadf52ed6b822c5dcf59e28e3b3e5,official_race_marker_verified,611.0,flat,turf,,right,0.0,Maiden,0.0,0.0,2603010306,26030103,True,https://www.jra.go.jp/datafile/seiseki/report/2026/2026-1fukushima3.pdf,26003歳未勝利発走12時35分(芝・右)負担重量は、馬齢重量,expected_result,,
202603010307,2026.0,福島,1.0,3.0,7,2026-04-18,https://www.jra.go.jp/datafile/seiseki/report/2026/2026-1fukushima3.pdf,0c789d06b2812ef573118d5ee77a922cc2bcadf52ed6b822c5dcf59e28e3b3e5,official_race_marker_verified,5653.0,flat,dirt,,right,,Class1,0.0,0.0,2603010307,26030103,True,https://www.jra.go.jp/datafile/seiseki/report/2026/2026-1fukushima3.pdf,11504歳以上1勝クラス発走13時05分(ダート・右)牝;負担重量は、56,expected_result,,
202603010308,2026.0,福島,1.0,3.0,8,2026-04-18,https://www.jra.go.jp/datafile/seiseki/report/2026/2026-1fukushima3.pdf,0c789d06b2812ef573118d5ee77a922cc2bcadf52ed6b822c5dcf59e28e3b3e5,official_race_marker_verified,4611.0,flat,dirt,,right,,Class1,0.0,0.0,2603010308,26030103,True,https://www.jra.go.jp/datafile/seiseki/report/2026/2026-1fukushima3.pdf,17004歳以上1勝クラス発走13時35分(ダート・右)負担重量は、58、牝馬2減,expected_result,,
202603010309,2026.0,福島,1.0,3.0,9,2026-04-18,https://www.jra.go.jp/datafile/seiseki/report/2026/2026-1fukushima3.pdf,0c789d06b2812ef573118d5ee77a922cc2bcadf52ed6b822c5dcf59e28e3b3e5,official_race_marker_verified,2000.0,flat,turf,,right,0.0,Class1,0.0,0.0,2603010309,26030103,True,https://www.jra.go.jp/datafile/seiseki/report/2026/2026-1fukushima3.pdf,2000ひめさゆり賞発走14時05分(芝・右)3歳、1勝クラス;負担重量は、馬齢重量福島ロータリークラブ会長賞(1着)賞品,expected_result,,
202603010310,2026.0,福島,1.0,3.0,10,2026-04-18,https://www.jra.go.jp/datafile/seiseki/report/2026/2026-1fukushima3.pdf,0c789d06b2812ef573118d5ee77a922cc2bcadf52ed6b822c5dcf59e28e3b3e5,official_race_marker_verified,2000.0,flat,turf,,right,,Class1,0.0,0.0,2603010310,26030103,True,https://www.jra.go.jp/datafile/seiseki/report/2026/2026-1fukushima3.pdf,2000こおり桑折特別発走14時40分(芝・右)牝、4歳以上、1勝クラス;負担重量は、56賞品,expected_result,,
202603010311,2026.0,福島,1.0,3.0,11,2026-04-18,https://www.jra.go.jp/datafile/seiseki/report/2026/2026-1fukushima3.pdf,0c789d06b2812ef573118d5ee77a922cc2bcadf52ed6b822c5dcf59e28e3b3e5,official_race_marker_verified,1700.0,flat,dirt,,right,1.0,Class2,0.0,0.0,2603010311,26030103,True,https://www.jra.go.jp/datafile/seiseki/report/2026/2026-1fukushima3.pdf,1700ラジオ福島賞発走15時15分(ダート・右)4歳以上、2勝クラス;負担重量は、ハンデキャップラジオ福島賞(1着)賞品,expected_result,,
202603010312,2026.0,福島,1.0,3.0,12,2026-04-18,https://www.jra.go.jp/datafile/seiseki/report/2026/2026-1fukushima3.pdf,0c789d06b2812ef573118d5ee77a922cc2bcadf52ed6b822c5dcf59e28e3b3e5,official_race_marker_verified,5855.0,flat,turf,,right,,Class1,0.0,0.0,2603010312,26030103,True,https://www.jra.go.jp/datafile/seiseki/report/2026/2026-1fukushima3.pdf,12004歳以上1勝クラス発走16時00分(芝・右)負担重量は、58、牝馬2減,expected_result,,
202606030701,2026.0,中山,3.0,7.0,1,2026-04-18,https://www.jra.go.jp/datafile/seiseki/report/2026/2026-3nakayama7.pdf,c64b1f595775543d540760eea8ace7bb9a82542befd78fa86205ac1b3cfe5bf6,official_race_marker_verified,4712.0,flat,dirt,,right,0.0,Maiden,0.0,0.0,2606030701,26060307,True,https://www.jra.go.jp/datafile/seiseki/report/2026/2026-3nakayama7.pdf,12003歳未勝利発走10時05分(ダート・右)牝;負担重量は、馬齢重量,expected_result,,
202606030702,2026.0,中山,3.0,7.0,2,2026-04-18,https://www.jra.go.jp/datafile/seiseki/report/2026/2026-3nakayama7.pdf,c64b1f595775543d540760eea8ace7bb9a82542befd78fa86205ac1b3cfe5bf6,official_race_marker_verified,3811.0,flat,dirt,,right,0.0,Maiden,0.0,0.0,2606030702,26060307,True,https://www.jra.go.jp/datafile/seiseki/report/2026/2026-3nakayama7.pdf,18003歳未勝利発走10時35分(ダート・右)負担重量は、馬齢重量,expected_result,,
202606030703,2026.0,中山,3.0,7.0,3,2026-04-18,https://www.jra.go.jp/datafile/seiseki/report/2026/2026-3nakayama7.pdf,c64b1f595775543d540760eea8ace7bb9a82542befd78fa86205ac1b3cfe5bf6,official_race_marker_verified,7122.0,flat,dirt,,right,0.0,Maiden,0.0,0.0,2606030703,26060307,True,https://www.jra.go.jp/datafile/seiseki/report/2026/2026-3nakayama7.pdf,12003歳未勝利発走11時05分(ダート・右)負担重量は、馬齢重量,expected_result,,
202606030704,2026.0,中山,3.0,7.0,4,2026-04-18,https://www.jra.go.jp/datafile/seiseki/report/2026/2026-3nakayama7.pdf,c64b1f595775543d540760eea8ace7bb9a82542befd78fa86205ac1b3cfe5bf6,official_race_marker_verified,4710.0,flat,dirt,,right,0.0,Maiden,0.0,0.0,2606030704,26060307,True,https://www.jra.go.jp/datafile/seiseki/report/2026/2026-3nakayama7.pdf,18003歳未勝利発走11時35分(ダート・右)負担重量は、馬齢重量,expected_result,,
202606030705,2026.0,中山,3.0,7.0,5,2026-04-18,https://www.jra.go.jp/datafile/seiseki/report/2026/2026-3nakayama7.pdf,c64b1f595775543d540760eea8ace7bb9a82542befd78fa86205ac1b3cfe5bf6,official_race_marker_verified,2816.0,flat,turf,outer,right,0.0,Maiden,0.0,0.0,2606030705,26060307,True,https://www.jra.go.jp/datafile/seiseki/report/2026/2026-3nakayama7.pdf,16003歳未勝利発走12時25分(芝・右・外)負担重量は、馬齢重量,expected_result,,
202606030706,2026.0,中山,3.0,7.0,6,2026-04-18,https://www.jra.go.jp/datafile/seiseki/report/2026/2026-3nakayama7.pdf,c64b1f595775543d540760eea8ace7bb9a82542befd78fa86205ac1b3cfe5bf6,official_race_marker_verified,5552.0,flat,turf,,right,0.0,Class1,0.0,0.0,2606030706,26060307,True,https://www.jra.go.jp/datafile/seiseki/report/2026/2026-3nakayama7.pdf,18003歳1勝クラス発走12時55分(芝・右)牝;負担重量は、馬齢重量,expected_result,,
202606030707,2026.0,中山,3.0,7.0,7,2026-04-18,https://www.jra.go.jp/datafile/seiseki/report/2026/2026-3nakayama7.pdf,c64b1f595775543d540760eea8ace7bb9a82542befd78fa86205ac1b3cfe5bf6,official_race_marker_verified,5810.0,flat,turf,,right,,Class1,0.0,0.0,2606030707,26060307,True,https://www.jra.go.jp/datafile/seiseki/report/2026/2026-3nakayama7.pdf,20004歳以上1勝クラス発走13時25分(芝・右)負担重量は、58、牝馬2減,expected_result,,
202606030708,2026.0,中山,3.0,7.0,8,2026-04-18,https://www.jra.go.jp/datafile/seiseki/report/2026/2026-3nakayama7.pdf,c64b1f595775543d540760eea8ace7bb9a82542befd78fa86205ac1b3cfe5bf6,official_race_marker_verified,6816.0,flat,dirt,,right,,Class1,0.0,0.0,2606030708,26060307,True,https://www.jra.go.jp/datafile/seiseki/report/2026/2026-3nakayama7.pdf,24004歳以上1勝クラス発走13時55分(ダート・右)負担重量は、58、牝馬2減,expected_result,,
202606030709,2026.0,中山,3.0,7.0,9,2026-04-18,https://www.jra.go.jp/datafile/seiseki/report/2026/2026-3nakayama7.pdf,c64b1f595775543d540760eea8ace7bb9a82542befd78fa86205ac1b3cfe5bf6,official_race_marker_verified,1200.0,flat,turf,outer,right,,Class2,0.0,0.0,2606030709,26060307,True,https://www.jra.go.jp/datafile/seiseki/report/2026/2026-3nakayama7.pdf,1200そでがうら袖ケ浦特別発走14時25分(芝・右・外)4歳以上、2勝クラス;負担重量は、58、牝馬2減賞品,expected_result,,
202606030710,2026.0,中山,3.0,7.0,10,2026-04-18,https://www.jra.go.jp/datafile/seiseki/report/2026/2026-3nakayama7.pdf,c64b1f595775543d540760eea8ace7bb9a82542befd78fa86205ac1b3cfe5bf6,official_race_marker_verified,1800.0,flat,dirt,,right,,Maiden,0.0,0.0,2606030710,26060307,True,https://www.jra.go.jp/datafile/seiseki/report/2026/2026-3nakayama7.pdf,1800しもうさ下総ステークス発走15時00分(ダート・右)4歳以上、3勝クラス、除未出走馬および未勝利馬;負担重量は、58、牝馬2減賞品,expected_result,,
202606030711,2026.0,中山,3.0,7.0,11,2026-04-18,https://www.jra.go.jp/datafile/seiseki/report/2026/2026-3nakayama7.pdf,c64b1f595775543d540760eea8ace7bb9a82542befd78fa86205ac1b3cfe5bf6,official_race_marker_verified,4260.0,obstacle,turf,outer,,,Maiden,0.0,0.0,2606030711,26060307,False,https://www.jra.go.jp/datafile/seiseki/report/2026/2026-3nakayama7.pdf,第28回農林水産省賞典4260中山グランドジャンプ(J・GI)発走15時40分(芝・外)4歳以上、除未出走馬および未勝利馬;負担重量は、4歳625歳以上63、牝馬2減農林水産大臣賞・日本馬主協会連合会会長賞(1着)賞品,expected_result,,
202606030712,2026.0,中山,3.0,7.0,12,2026-04-18,https://www.jra.go.jp/datafile/seiseki/report/2026/2026-3nakayama7.pdf,c64b1f595775543d540760eea8ace7bb9a82542befd78fa86205ac1b3cfe5bf6,official_race_marker_verified,1200.0,flat,dirt,,right,,Class2,0.0,0.0,2606030712,26060307,True,https://www.jra.go.jp/datafile/seiseki/report/2026/2026-3nakayama7.pdf,1200かつしか飾特別発走16時30分(ダート・右)4歳以上、2勝クラス;負担重量は、58、牝馬2減賞品,expected_result,,
202609020701,2026.0,阪神,2.0,7.0,1,2026-04-18,https://www.jra.go.jp/datafile/seiseki/report/2026/2026-2hanshin7.pdf,a7eb7da3cf022ccbce5db75e3de62347325852ae1668ef965492f60816c10394,official_race_marker_verified,1184.0,flat,dirt,,right,0.0,Maiden,0.0,0.0,2609020701,26090207,True,https://www.jra.go.jp/datafile/seiseki/report/2026/2026-2hanshin7.pdf,18003歳未勝利発走9時55分(ダート・右)牝;負担重量は、馬齢重量,expected_result,,
202609020702,2026.0,阪神,2.0,7.0,2,2026-04-18,https://www.jra.go.jp/datafile/seiseki/report/2026/2026-2hanshin7.pdf,a7eb7da3cf022ccbce5db75e3de62347325852ae1668ef965492f60816c10394,official_race_marker_verified,6345.0,flat,dirt,,right,0.0,Maiden,0.0,0.0,2609020702,26090207,True,https://www.jra.go.jp/datafile/seiseki/report/2026/2026-2hanshin7.pdf,12003歳未勝利発走10時25分(ダート・右)負担重量は、馬齢重量,expected_result,,
202609020703,2026.0,阪神,2.0,7.0,3,2026-04-18,https://www.jra.go.jp/datafile/seiseki/report/2026/2026-2hanshin7.pdf,a7eb7da3cf022ccbce5db75e3de62347325852ae1668ef965492f60816c10394,official_race_marker_verified,4610.0,flat,dirt,,right,0.0,Maiden,0.0,0.0,2609020703,26090207,True,https://www.jra.go.jp/datafile/seiseki/report/2026/2026-2hanshin7.pdf,20003歳未勝利発走10時55分(ダート・右)負担重量は、馬齢重量,expected_result,,
202609020704,2026.0,阪神,2.0,7.0,4,2026-04-18,https://www.jra.go.jp/datafile/seiseki/report/2026/2026-2hanshin7.pdf,a7eb7da3cf022ccbce5db75e3de62347325852ae1668ef965492f60816c10394,official_race_marker_verified,3127.0,flat,turf,outer,right,0.0,Maiden,0.0,0.0,2609020704,26090207,True,https://www.jra.go.jp/datafile/seiseki/report/2026/2026-2hanshin7.pdf,18003歳未勝利発走11時25分(芝・右・外)負担重量は、馬齢重量,expected_result,,
202609020705,2026.0,阪神,2.0,7.0,5,2026-04-18,https://www.jra.go.jp/datafile/seiseki/report/2026/2026-2hanshin7.pdf,a7eb7da3cf022ccbce5db75e3de62347325852ae1668ef965492f60816c10394,official_race_marker_verified,1350.0,flat,turf,,right,0.0,Class1,0.0,0.0,2609020705,26090207,True,https://www.jra.go.jp/datafile/seiseki/report/2026/2026-2hanshin7.pdf,20003歳1勝クラス発走12時15分(芝・右)負担重量は、馬齢重量,expected_result,,
202609020706,2026.0,阪神,2.0,7.0,6,2026-04-18,https://www.jra.go.jp/datafile/seiseki/report/2026/2026-2hanshin7.pdf,a7eb7da3cf022ccbce5db75e3de62347325852ae1668ef965492f60816c10394,official_race_marker_verified,8815.0,flat,dirt,,right,0.0,Class1,0.0,0.0,2609020706,26090207,True,https://www.jra.go.jp/datafile/seiseki/report/2026/2026-2hanshin7.pdf,18003歳1勝クラス発走12時45分(ダート・右)牝;負担重量は、馬齢重量,expected_result,,
202609020707,2026.0,阪神,2.0,7.0,7,2026-04-18,https://www.jra.go.jp/datafile/seiseki/report/2026/2026-2hanshin7.pdf,a7eb7da3cf022ccbce5db75e3de62347325852ae1668ef965492f60816c10394,official_race_marker_verified,6711.0,flat,turf,outer,right,,Class1,0.0,0.0,2609020707,26090207,True,https://www.jra.go.jp/datafile/seiseki/report/2026/2026-2hanshin7.pdf,16004歳以上1勝クラス発走13時15分(芝・右・外)負担重量は、58、牝馬2減,expected_result,,
202609020708,2026.0,阪神,2.0,7.0,8,2026-04-18,https://www.jra.go.jp/datafile/seiseki/report/2026/2026-2hanshin7.pdf,a7eb7da3cf022ccbce5db75e3de62347325852ae1668ef965492f60816c10394,official_race_marker_verified,5856.0,flat,turf,outer,right,,Class1,0.0,0.0,2609020708,26090207,True,https://www.jra.go.jp/datafile/seiseki/report/2026/2026-2hanshin7.pdf,24004歳以上1勝クラス発走13時45分(芝・右・外)負担重量は、58、牝馬2減,expected_result,,
202609020709,2026.0,阪神,2.0,7.0,9,2026-04-18,https://www.jra.go.jp/datafile/seiseki/report/2026/2026-2hanshin7.pdf,a7eb7da3cf022ccbce5db75e3de62347325852ae1668ef965492f60816c10394,official_race_marker_verified,1400.0,flat,dirt,,right,,Class2,0.0,0.0,2609020709,26090207,True,https://www.jra.go.jp/datafile/seiseki/report/2026/2026-2hanshin7.pdf,1400すいた吹田特別発走14時15分(ダート・右)4歳以上、2勝クラス;負担重量は、58、牝馬2減賞品,expected_result,,
202609020710,2026.0,阪神,2.0,7.0,10,2026-04-18,https://www.jra.go.jp/datafile/seiseki/report/2026/2026-2hanshin7.pdf,a7eb7da3cf022ccbce5db75e3de62347325852ae1668ef965492f60816c10394,official_race_marker_verified,1400.0,flat,turf,,right,,Class2,0.0,0.0,2609020710,26090207,True,https://www.jra.go.jp/datafile/seiseki/report/2026/2026-2hanshin7.pdf,1400たんば丹波特別発走14時50分(芝・右)4歳以上、2勝クラス;負担重量は、58、牝馬2減賞品,expected_result,,
202609020711,2026.0,阪神,2.0,7.0,11,2026-04-18,https://www.jra.go.jp/datafile/seiseki/report/2026/2026-2hanshin7.pdf,a7eb7da3cf022ccbce5db75e3de62347325852ae1668ef965492f60816c10394,official_race_marker_verified,1800.0,flat,dirt,,right,,Open,1.0,1.0,2609020711,26090207,True,https://www.jra.go.jp/datafile/seiseki/report/2026/2026-2hanshin7.pdf,1800第31回アンタレスステークス(GIII)発走15時25分(ダート・右)4歳以上、除未出走馬および未勝利馬;負担重量は、57、牝馬2減、2025.4.19以降GI競走(牝馬限定競走を除く)1着馬3増、牝馬限定GI競走またはGII競走(牝馬限定競走を除く)1着馬2増、牝馬限定GII競走またはGIII競走(牝馬限定競走を除く)1着馬1増、2025.4.18以前のGI競走(牝馬限定競走を除く)1着馬2増、牝馬限定GI競走またはGII競走(牝馬限定競走を除く)1着馬1増(ただし2歳時の成績を除く)地方競馬全国協会理事長賞(1着)賞品,expected_result,,
202609020712,2026.0,阪神,2.0,7.0,12,2026-04-18,https://www.jra.go.jp/datafile/seiseki/report/2026/2026-2hanshin7.pdf,a7eb7da3cf022ccbce5db75e3de62347325852ae1668ef965492f60816c10394,official_race_marker_verified,3611.0,flat,dirt,,right,,Class1,0.0,0.0,2609020712,26090207,True,https://www.jra.go.jp/datafile/seiseki/report/2026/2026-2hanshin7.pdf,12004歳以上1勝クラス発走16時10分(ダート・右)負担重量は、58、牝馬2減,expected_result,,
202603010401,2026.0,福島,1.0,4.0,1,2026-04-19,https://www.jra.go.jp/datafile/seiseki/report/2026/2026-1fukushima4.pdf,8e89f4ed7f7ee13172cd6226e280d2eebbd226005ccf6d5d8ec33439e4d51cb6,official_race_marker_verified,5552.0,flat,dirt,,right,0.0,Maiden,0.0,0.0,2603010401,26030104,True,https://www.jra.go.jp/datafile/seiseki/report/2026/2026-1fukushima4.pdf,11503歳未勝利発走9時45分(ダート・右)負担重量は、馬齢重量,expected_result,,
202603010402,2026.0,福島,1.0,4.0,2,2026-04-19,https://www.jra.go.jp/datafile/seiseki/report/2026/2026-1fukushima4.pdf,8e89f4ed7f7ee13172cd6226e280d2eebbd226005ccf6d5d8ec33439e4d51cb6,official_race_marker_verified,5552.0,flat,dirt,,right,0.0,Maiden,0.0,0.0,2603010402,26030104,True,https://www.jra.go.jp/datafile/seiseki/report/2026/2026-1fukushima4.pdf,17003歳未勝利発走10時10分(ダート・右)牝;負担重量は、馬齢重量,expected_result,,
202603010403,2026.0,福島,1.0,4.0,3,2026-04-19,https://www.jra.go.jp/datafile/seiseki/report/2026/2026-1fukushima4.pdf,8e89f4ed7f7ee13172cd6226e280d2eebbd226005ccf6d5d8ec33439e4d51cb6,official_race_marker_verified,1816.0,flat,turf,,right,0.0,Maiden,0.0,0.0,2603010403,26030104,True,https://www.jra.go.jp/datafile/seiseki/report/2026/2026-1fukushima4.pdf,20003歳未勝利発走10時40分(芝・右)負担重量は、馬齢重量,expected_result,,
202603010404,2026.0,福島,1.0,4.0,4,2026-04-19,https://www.jra.go.jp/datafile/seiseki/report/2026/2026-1fukushima4.pdf,8e89f4ed7f7ee13172cd6226e280d2eebbd226005ccf6d5d8ec33439e4d51cb6,official_race_marker_verified,5754.0,flat,dirt,,right,0.0,Maiden,0.0,0.0,2603010404,26030104,True,https://www.jra.go.jp/datafile/seiseki/report/2026/2026-1fukushima4.pdf,17003歳未勝利発走11時10分(ダート・右)負担重量は、馬齢重量,expected_result,,
202603010405,2026.0,福島,1.0,4.0,5,2026-04-19,https://www.jra.go.jp/datafile/seiseki/report/2026/2026-1fukushima4.pdf,8e89f4ed7f7ee13172cd6226e280d2eebbd226005ccf6d5d8ec33439e4d51cb6,official_race_marker_verified,816.0,flat,turf,,right,0.0,Maiden,0.0,0.0,2603010405,26030104,True,https://www.jra.go.jp/datafile/seiseki/report/2026/2026-1fukushima4.pdf,12003歳未勝利発走12時00分(芝・右)負担重量は、馬齢重量,expected_result,,
202603010406,2026.0,福島,1.0,4.0,6,2026-04-19,https://www.jra.go.jp/datafile/seiseki/report/2026/2026-1fukushima4.pdf,8e89f4ed7f7ee13172cd6226e280d2eebbd226005ccf6d5d8ec33439e4d51cb6,official_race_marker_verified,1813.0,flat,turf,,right,,Class1,0.0,0.0,2603010406,26030104,True,https://www.jra.go.jp/datafile/seiseki/report/2026/2026-1fukushima4.pdf,18004歳以上1勝クラス発走12時30分(芝・右)負担重量は、58、牝馬2減,expected_result,,
202603010407,2026.0,福島,1.0,4.0,7,2026-04-19,https://www.jra.go.jp/datafile/seiseki/report/2026/2026-1fukushima4.pdf,8e89f4ed7f7ee13172cd6226e280d2eebbd226005ccf6d5d8ec33439e4d51cb6,official_race_marker_verified,5653.0,flat,turf,,right,,Class1,0.0,0.0,2603010407,26030104,True,https://www.jra.go.jp/datafile/seiseki/report/2026/2026-1fukushima4.pdf,20004歳以上1勝クラス発走13時00分(芝・右)負担重量は、58、牝馬2減,expected_result,,
202603010408,2026.0,福島,1.0,4.0,8,2026-04-19,https://www.jra.go.jp/datafile/seiseki/report/2026/2026-1fukushima4.pdf,8e89f4ed7f7ee13172cd6226e280d2eebbd226005ccf6d5d8ec33439e4d51cb6,official_race_marker_verified,9713.0,flat,dirt,,right,,Class1,0.0,0.0,2603010408,26030104,True,https://www.jra.go.jp/datafile/seiseki/report/2026/2026-1fukushima4.pdf,17004歳以上1勝クラス発走13時30分(ダート・右)負担重量は、58、牝馬2減,expected_result,,
202603010409,2026.0,福島,1.0,4.0,9,2026-04-19,https://www.jra.go.jp/datafile/seiseki/report/2026/2026-1fukushima4.pdf,8e89f4ed7f7ee13172cd6226e280d2eebbd226005ccf6d5d8ec33439e4d51cb6,official_race_marker_verified,1200.0,flat,turf,,right,,Class1,0.0,0.0,2603010409,26030104,True,https://www.jra.go.jp/datafile/seiseki/report/2026/2026-1fukushima4.pdf,1200すかがわ須賀川特別発走14時05分(芝・右)4歳以上、1勝クラス;負担重量は、58、牝馬2減賞品,expected_result,,
202603010410,2026.0,福島,1.0,4.0,10,2026-04-19,https://www.jra.go.jp/datafile/seiseki/report/2026/2026-1fukushima4.pdf,8e89f4ed7f7ee13172cd6226e280d2eebbd226005ccf6d5d8ec33439e4d51cb6,official_race_marker_verified,2600.0,flat,turf,,right,,Class2,0.0,0.0,2603010410,26030104,True,https://www.jra.go.jp/datafile/seiseki/report/2026/2026-1fukushima4.pdf,2600おくほそみち奥の細道特別発走14時40分(芝・右)4歳以上、2勝クラス;負担重量は、58、牝馬2減福島競馬振興会長賞(1着)賞品,expected_result,,
202603010411,2026.0,福島,1.0,4.0,11,2026-04-19,https://www.jra.go.jp/datafile/seiseki/report/2026/2026-1fukushima4.pdf,8e89f4ed7f7ee13172cd6226e280d2eebbd226005ccf6d5d8ec33439e4d51cb6,official_race_marker_verified,1800.0,flat,turf,,right,,Open,1.0,1.0,2603010411,26030104,True,https://www.jra.go.jp/datafile/seiseki/report/2026/2026-1fukushima4.pdf,1800第23回福島牝馬ステークス(GIII)発走15時15分(芝・右)牝、4歳以上、除未出走馬および未勝利馬;負担重量は、55、2025.4.19以降GI競走1着馬3増、GII競走1着馬2増、GIII競走1着馬1増、2025.4.18以前のGI競走1着馬2増、GII競走1着馬1増(ただし2歳時の成績を除く)福島県知事賞(1着)賞品,expected_result,,
202603010412,2026.0,福島,1.0,4.0,12,2026-04-19,https://www.jra.go.jp/datafile/seiseki/report/2026/2026-1fukushima4.pdf,8e89f4ed7f7ee13172cd6226e280d2eebbd226005ccf6d5d8ec33439e4d51cb6,official_race_marker_verified,5855.0,flat,dirt,,right,,Class1,0.0,0.0,2603010412,26030104,True,https://www.jra.go.jp/datafile/seiseki/report/2026/2026-1fukushima4.pdf,11504歳以上1勝クラス発走16時00分(ダート・右)負担重量は、58、牝馬2減,expected_result,,
202606030801,2026.0,中山,3.0,8.0,1,2026-04-19,https://www.jra.go.jp/datafile/seiseki/report/2026/2026-3nakayama8.pdf,a3aeb492c12c7ed67a23efa9c321d8528c63c114d77e50e56f55d505fd63fed4,official_race_marker_verified,5811.0,flat,dirt,,right,0.0,Maiden,0.0,0.0,2606030801,26060308,True,https://www.jra.go.jp/datafile/seiseki/report/2026/2026-3nakayama8.pdf,18003歳未勝利発走10時00分(ダート・右)牝;負担重量は、馬齢重量,expected_result,,
202606030802,2026.0,中山,3.0,8.0,2,2026-04-19,https://www.jra.go.jp/datafile/seiseki/report/2026/2026-3nakayama8.pdf,a3aeb492c12c7ed67a23efa9c321d8528c63c114d77e50e56f55d505fd63fed4,official_race_marker_verified,1714.0,flat,dirt,,right,0.0,Maiden,0.0,0.0,2606030802,26060308,True,https://www.jra.go.jp/datafile/seiseki/report/2026/2026-3nakayama8.pdf,12003歳未勝利発走10時30分(ダート・右)負担重量は、馬齢重量,expected_result,,
202606030803,2026.0,中山,3.0,8.0,3,2026-04-19,https://www.jra.go.jp/datafile/seiseki/report/2026/2026-3nakayama8.pdf,a3aeb492c12c7ed67a23efa9c321d8528c63c114d77e50e56f55d505fd63fed4,official_race_marker_verified,610.0,flat,dirt,,right,0.0,Maiden,0.0,0.0,2606030803,26060308,True,https://www.jra.go.jp/datafile/seiseki/report/2026/2026-3nakayama8.pdf,18003歳未勝利発走11時00分(ダート・右)負担重量は、馬齢重量,expected_result,,
202606030804,2026.0,中山,3.0,8.0,4,2026-04-19,https://www.jra.go.jp/datafile/seiseki/report/2026/2026-3nakayama8.pdf,a3aeb492c12c7ed67a23efa9c321d8528c63c114d77e50e56f55d505fd63fed4,official_race_marker_verified,4510.0,flat,turf,,right,0.0,Maiden,0.0,0.0,2606030804,26060308,True,https://www.jra.go.jp/datafile/seiseki/report/2026/2026-3nakayama8.pdf,20003歳未勝利発走11時30分(芝・右)負担重量は、馬齢重量,expected_result,,
202606030805,2026.0,中山,3.0,8.0,5,2026-04-19,https://www.jra.go.jp/datafile/seiseki/report/2026/2026-3nakayama8.pdf,a3aeb492c12c7ed67a23efa9c321d8528c63c114d77e50e56f55d505fd63fed4,official_race_marker_verified,5753.0,flat,turf,outer,right,0.0,Class1,0.0,0.0,2606030805,26060308,True,https://www.jra.go.jp/datafile/seiseki/report/2026/2026-3nakayama8.pdf,16003歳1勝クラス発走12時20分(芝・右・外)負担重量は、馬齢重量,expected_result,,
202606030806,2026.0,中山,3.0,8.0,6,2026-04-19,https://www.jra.go.jp/datafile/seiseki/report/2026/2026-3nakayama8.pdf,a3aeb492c12c7ed67a23efa9c321d8528c63c114d77e50e56f55d505fd63fed4,official_race_marker_verified,1865.0,flat,dirt,,right,0.0,Class1,0.0,0.0,2606030806,26060308,True,https://www.jra.go.jp/datafile/seiseki/report/2026/2026-3nakayama8.pdf,18003歳1勝クラス発走12時50分(ダート・右)負担重量は、馬齢重量,expected_result,,
202606030807,2026.0,中山,3.0,8.0,7,2026-04-19,https://www.jra.go.jp/datafile/seiseki/report/2026/2026-3nakayama8.pdf,a3aeb492c12c7ed67a23efa9c321d8528c63c114d77e50e56f55d505fd63fed4,official_race_marker_verified,2320.0,flat,dirt,,right,,Class1,0.0,0.0,2606030807,26060308,True,https://www.jra.go.jp/datafile/seiseki/report/2026/2026-3nakayama8.pdf,12004歳以上1勝クラス発走13時20分(ダート・右)負担重量は、58、牝馬2減,expected_result,,
202606030808,2026.0,中山,3.0,8.0,8,2026-04-19,https://www.jra.go.jp/datafile/seiseki/report/2026/2026-3nakayama8.pdf,a3aeb492c12c7ed67a23efa9c321d8528c63c114d77e50e56f55d505fd63fed4,official_race_marker_verified,1800.0,flat,dirt,,right,,Class2,0.0,0.0,2606030808,26060308,True,https://www.jra.go.jp/datafile/seiseki/report/2026/2026-3nakayama8.pdf,1800とねがわ利根川特別発走13時50分(ダート・右)4歳以上、2勝クラス;負担重量は、58、牝馬2減賞品,expected_result,,
202606030809,2026.0,中山,3.0,8.0,9,2026-04-19,https://www.jra.go.jp/datafile/seiseki/report/2026/2026-3nakayama8.pdf,a3aeb492c12c7ed67a23efa9c321d8528c63c114d77e50e56f55d505fd63fed4,official_race_marker_verified,2000.0,flat,turf,,right,,Class2,0.0,0.0,2606030809,26060308,True,https://www.jra.go.jp/datafile/seiseki/report/2026/2026-3nakayama8.pdf,2000のじまざき野島崎特別発走14時25分(芝・右)牝、4歳以上、2勝クラス;負担重量は、56賞品,expected_result,,
202606030810,2026.0,中山,3.0,8.0,10,2026-04-19,https://www.jra.go.jp/datafile/seiseki/report/2026/2026-3nakayama8.pdf,a3aeb492c12c7ed67a23efa9c321d8528c63c114d77e50e56f55d505fd63fed4,official_race_marker_verified,1200.0,flat,dirt,,right,,Maiden,0.0,0.0,2606030810,26060308,True,https://www.jra.go.jp/datafile/seiseki/report/2026/2026-3nakayama8.pdf,1200けいよう京葉ステークス(L)発走15時00分(ダート・右)4歳以上、除未出走馬および未勝利馬;負担重量は、日本馬:57、牝馬2減、収得賞金1600万円超過馬は超過額1200万円毎1増、:57、牝馬2減、GI競走1着馬5増、GII競走1着馬3増、GIII競走1着馬1増(ただし2歳時の成績を除く)賞品,expected_result,,
202606030811,2026.0,中山,3.0,8.0,11,2026-04-19,https://www.jra.go.jp/datafile/seiseki/report/2026/2026-3nakayama8.pdf,a3aeb492c12c7ed67a23efa9c321d8528c63c114d77e50e56f55d505fd63fed4,official_race_marker_verified,2000.0,flat,turf,,right,0.0,Open,1.0,1.0,2606030811,26060308,True,https://www.jra.go.jp/datafile/seiseki/report/2026/2026-3nakayama8.pdf,2000第86回皐月賞(GI)発走15時40分(芝・右)牡・牝、3歳、除未出走馬および未勝利馬;負担重量は、馬齢重量内閣総理大臣賞・日本馬主協会連合会会長賞・中山馬主協会賞(1着)賞品,expected_result,,
202606030812,2026.0,中山,3.0,8.0,12,2026-04-19,https://www.jra.go.jp/datafile/seiseki/report/2026/2026-3nakayama8.pdf,a3aeb492c12c7ed67a23efa9c321d8528c63c114d77e50e56f55d505fd63fed4,official_race_marker_verified,2200.0,flat,turf,outer,right,1.0,Maiden,0.0,0.0,2606030812,26060308,True,https://www.jra.go.jp/datafile/seiseki/report/2026/2026-3nakayama8.pdf,2200サンシャインステークス発走16時30分(芝・右・外)4歳以上、3勝クラス、除未出走馬および未勝利馬;負担重量は、ハンデキャップ賞品,expected_result,,
202609020801,2026.0,阪神,2.0,8.0,1,2026-04-19,https://www.jra.go.jp/datafile/seiseki/report/2026/2026-2hanshin8.pdf,9d2839463e5c0db925a3556b6ce53176aba93128b8e64ff77191467fdb55d242,official_race_marker_verified,9816.0,flat,dirt,,right,0.0,Maiden,0.0,0.0,2609020801,26090208,True,https://www.jra.go.jp/datafile/seiseki/report/2026/2026-2hanshin8.pdf,18003歳未勝利発走9時50分(ダート・右)負担重量は、馬齢重量,expected_result,,
202609020802,2026.0,阪神,2.0,8.0,2,2026-04-19,https://www.jra.go.jp/datafile/seiseki/report/2026/2026-2hanshin8.pdf,9d2839463e5c0db925a3556b6ce53176aba93128b8e64ff77191467fdb55d242,official_race_marker_verified,1612.0,flat,turf,,right,0.0,Maiden,0.0,0.0,2609020802,26090208,True,https://www.jra.go.jp/datafile/seiseki/report/2026/2026-2hanshin8.pdf,20003歳未勝利発走10時20分(芝・右)牝;負担重量は、馬齢重量,expected_result,,
202609020803,2026.0,阪神,2.0,8.0,3,2026-04-19,https://www.jra.go.jp/datafile/seiseki/report/2026/2026-2hanshin8.pdf,9d2839463e5c0db925a3556b6ce53176aba93128b8e64ff77191467fdb55d242,official_race_marker_verified,8510.0,flat,dirt,,right,0.0,Maiden,0.0,0.0,2609020803,26090208,True,https://www.jra.go.jp/datafile/seiseki/report/2026/2026-2hanshin8.pdf,14003歳未勝利発走10時50分(ダート・右)負担重量は、馬齢重量,expected_result,,
202609020804,2026.0,阪神,2.0,8.0,4,2026-04-19,https://www.jra.go.jp/datafile/seiseki/report/2026/2026-2hanshin8.pdf,9d2839463e5c0db925a3556b6ce53176aba93128b8e64ff77191467fdb55d242,official_race_marker_verified,2970.0,obstacle,turf,,,,Maiden,0.0,0.0,2609020804,26090208,False,https://www.jra.go.jp/datafile/seiseki/report/2026/2026-2hanshin8.pdf,2970障害4歳以上未勝利発走11時20分(芝・ダート)負担重量は、4歳595歳以上60、牝馬2減,expected_result,,
202609020805,2026.0,阪神,2.0,8.0,5,2026-04-19,https://www.jra.go.jp/datafile/seiseki/report/2026/2026-2hanshin8.pdf,9d2839463e5c0db925a3556b6ce53176aba93128b8e64ff77191467fdb55d242,official_race_marker_verified,9711.0,flat,turf,,right,0.0,Maiden,0.0,0.0,2609020805,26090208,True,https://www.jra.go.jp/datafile/seiseki/report/2026/2026-2hanshin8.pdf,22003歳未勝利発走12時10分(芝・右)負担重量は、馬齢重量,expected_result,,
202609020806,2026.0,阪神,2.0,8.0,6,2026-04-19,https://www.jra.go.jp/datafile/seiseki/report/2026/2026-2hanshin8.pdf,9d2839463e5c0db925a3556b6ce53176aba93128b8e64ff77191467fdb55d242,official_race_marker_verified,4611.0,flat,dirt,,right,0.0,Class1,0.0,0.0,2609020806,26090208,True,https://www.jra.go.jp/datafile/seiseki/report/2026/2026-2hanshin8.pdf,12003歳1勝クラス発走12時40分(ダート・右)負担重量は、馬齢重量,expected_result,,
202609020807,2026.0,阪神,2.0,8.0,7,2026-04-19,https://www.jra.go.jp/datafile/seiseki/report/2026/2026-2hanshin8.pdf,9d2839463e5c0db925a3556b6ce53176aba93128b8e64ff77191467fdb55d242,official_race_marker_verified,2110.0,flat,turf,outer,right,0.0,Class1,0.0,0.0,2609020807,26090208,True,https://www.jra.go.jp/datafile/seiseki/report/2026/2026-2hanshin8.pdf,16003歳1勝クラス発走13時10分(芝・右・外)負担重量は、馬齢重量,expected_result,,
202609020808,2026.0,阪神,2.0,8.0,8,2026-04-19,https://www.jra.go.jp/datafile/seiseki/report/2026/2026-2hanshin8.pdf,9d2839463e5c0db925a3556b6ce53176aba93128b8e64ff77191467fdb55d242,official_race_marker_verified,6211.0,flat,dirt,,right,,Class1,0.0,0.0,2609020808,26090208,True,https://www.jra.go.jp/datafile/seiseki/report/2026/2026-2hanshin8.pdf,18004歳以上1勝クラス発走13時40分(ダート・右)負担重量は、58、牝馬2減,expected_result,,
202609020809,2026.0,阪神,2.0,8.0,9,2026-04-19,https://www.jra.go.jp/datafile/seiseki/report/2026/2026-2hanshin8.pdf,9d2839463e5c0db925a3556b6ce53176aba93128b8e64ff77191467fdb55d242,official_race_marker_verified,2000.0,flat,turf,,right,,Class2,0.0,0.0,2609020809,26090208,True,https://www.jra.go.jp/datafile/seiseki/report/2026/2026-2hanshin8.pdf,2000ほうらいきょう峡特別発走14時15分(芝・右)4歳以上、2勝クラス;負担重量は、58、牝馬2減賞品,expected_result,,
202609020810,2026.0,阪神,2.0,8.0,10,2026-04-19,https://www.jra.go.jp/datafile/seiseki/report/2026/2026-2hanshin8.pdf,9d2839463e5c0db925a3556b6ce53176aba93128b8e64ff77191467fdb55d242,official_race_marker_verified,1200.0,flat,dirt,,right,1.0,Maiden,0.0,0.0,2609020810,26090208,True,https://www.jra.go.jp/datafile/seiseki/report/2026/2026-2hanshin8.pdf,1200ようしゅん陽春ステークス発走14時50分(ダート・右)4歳以上、3勝クラス、除未出走馬および未勝利馬;負担重量は、ハンデキャップ賞品,expected_result,,
202609020811,2026.0,阪神,2.0,8.0,11,2026-04-19,https://www.jra.go.jp/datafile/seiseki/report/2026/2026-2hanshin8.pdf,9d2839463e5c0db925a3556b6ce53176aba93128b8e64ff77191467fdb55d242,official_race_marker_verified,1600.0,flat,turf,outer,right,,Maiden,0.0,0.0,2609020811,26090208,True,https://www.jra.go.jp/datafile/seiseki/report/2026/2026-2hanshin8.pdf,1600りつうんきょう立雲峡ステークス発走15時25分(芝・右・外)4歳以上、3勝クラス、除未出走馬および未勝利馬;負担重量は、58、牝馬2減賞品,expected_result,,
202609020812,2026.0,阪神,2.0,8.0,12,2026-04-19,https://www.jra.go.jp/datafile/seiseki/report/2026/2026-2hanshin8.pdf,9d2839463e5c0db925a3556b6ce53176aba93128b8e64ff77191467fdb55d242,official_race_marker_verified,5654.0,flat,dirt,,right,,Class2,0.0,0.0,2609020812,26090208,True,https://www.jra.go.jp/datafile/seiseki/report/2026/2026-2hanshin8.pdf,18004歳以上2勝クラス発走16時10分(ダート・右)牝;負担重量は、56,expected_result,,
202603010501,2026.0,福島,1.0,5.0,1,2026-04-25,https://www.jra.go.jp/datafile/seiseki/report/2026/2026-1fukushima5.pdf,c35fbad559bd0381a82b26b7a191edb29f23de540f02d59a372dfe046a01b858,official_race_marker_verified,5552.0,flat,dirt,,right,0.0,Maiden,0.0,0.0,2603010501,26030105,True,https://www.jra.go.jp/datafile/seiseki/report/2026/2026-1fukushima5.pdf,17003歳未勝利発走9時45分(ダート・右)牝;負担重量は、馬齢重量,expected_result,,
202603010502,2026.0,福島,1.0,5.0,2,2026-04-25,https://www.jra.go.jp/datafile/seiseki/report/2026/2026-1fukushima5.pdf,c35fbad559bd0381a82b26b7a191edb29f23de540f02d59a372dfe046a01b858,official_race_marker_verified,3816.0,flat,turf,,right,0.0,Maiden,0.0,0.0,2603010502,26030105,True,https://www.jra.go.jp/datafile/seiseki/report/2026/2026-1fukushima5.pdf,12003歳未勝利発走10時15分(芝・右)負担重量は、馬齢重量,expected_result,,
202603010503,2026.0,福島,1.0,5.0,3,2026-04-25,https://www.jra.go.jp/datafile/seiseki/report/2026/2026-1fukushima5.pdf,c35fbad559bd0381a82b26b7a191edb29f23de540f02d59a372dfe046a01b858,official_race_marker_verified,2510.0,flat,turf,,right,0.0,Maiden,0.0,0.0,2603010503,26030105,True,https://www.jra.go.jp/datafile/seiseki/report/2026/2026-1fukushima5.pdf,20003歳未勝利発走10時45分(芝・右)牝;負担重量は、馬齢重量,expected_result,,
202603010504,2026.0,福島,1.0,5.0,4,2026-04-25,https://www.jra.go.jp/datafile/seiseki/report/2026/2026-1fukushima5.pdf,c35fbad559bd0381a82b26b7a191edb29f23de540f02d59a372dfe046a01b858,official_race_marker_verified,5754.0,flat,dirt,,right,0.0,Maiden,0.0,0.0,2603010504,26030105,True,https://www.jra.go.jp/datafile/seiseki/report/2026/2026-1fukushima5.pdf,11503歳未勝利発走11時15分(ダート・右)負担重量は、馬齢重量,expected_result,,
202603010505,2026.0,福島,1.0,5.0,5,2026-04-25,https://www.jra.go.jp/datafile/seiseki/report/2026/2026-1fukushima5.pdf,c35fbad559bd0381a82b26b7a191edb29f23de540f02d59a372dfe046a01b858,official_race_marker_verified,6611.0,flat,turf,,right,0.0,Maiden,0.0,0.0,2603010505,26030105,True,https://www.jra.go.jp/datafile/seiseki/report/2026/2026-1fukushima5.pdf,20003歳未勝利発走12時05分(芝・右)負担重量は、馬齢重量,expected_result,,
202603010506,2026.0,福島,1.0,5.0,6,2026-04-25,https://www.jra.go.jp/datafile/seiseki/report/2026/2026-1fukushima5.pdf,c35fbad559bd0381a82b26b7a191edb29f23de540f02d59a372dfe046a01b858,official_race_marker_verified,1212.0,flat,dirt,,right,0.0,Maiden,0.0,0.0,2603010506,26030105,True,https://www.jra.go.jp/datafile/seiseki/report/2026/2026-1fukushima5.pdf,17003歳未勝利発走12時35分(ダート・右)負担重量は、馬齢重量,expected_result,,
202603010507,2026.0,福島,1.0,5.0,7,2026-04-25,https://www.jra.go.jp/datafile/seiseki/report/2026/2026-1fukushima5.pdf,c35fbad559bd0381a82b26b7a191edb29f23de540f02d59a372dfe046a01b858,official_race_marker_verified,5856.0,flat,turf,,right,,Class1,0.0,0.0,2603010507,26030105,True,https://www.jra.go.jp/datafile/seiseki/report/2026/2026-1fukushima5.pdf,12004歳以上1勝クラス発走13時05分(芝・右)若手騎手;負担重量は、58、牝馬2減,expected_result,,
202603010508,2026.0,福島,1.0,5.0,8,2026-04-25,https://www.jra.go.jp/datafile/seiseki/report/2026/2026-1fukushima5.pdf,c35fbad559bd0381a82b26b7a191edb29f23de540f02d59a372dfe046a01b858,official_race_marker_verified,426.0,flat,dirt,,right,,Class1,0.0,0.0,2603010508,26030105,True,https://www.jra.go.jp/datafile/seiseki/report/2026/2026-1fukushima5.pdf,17004歳以上1勝クラス発走13時35分(ダート・右)負担重量は、58、牝馬2減,expected_result,,
202603010509,2026.0,福島,1.0,5.0,9,2026-04-25,https://www.jra.go.jp/datafile/seiseki/report/2026/2026-1fukushima5.pdf,c35fbad559bd0381a82b26b7a191edb29f23de540f02d59a372dfe046a01b858,official_race_marker_verified,1200.0,flat,turf,,right,0.0,Class1,0.0,0.0,2603010509,26030105,True,https://www.jra.go.jp/datafile/seiseki/report/2026/2026-1fukushima5.pdf,1200ゆき雪うさぎ賞発走14時05分(芝・右)3歳、1勝クラス;負担重量は、馬齢重量賞品,expected_result,,
202603010510,2026.0,福島,1.0,5.0,10,2026-04-25,https://www.jra.go.jp/datafile/seiseki/report/2026/2026-1fukushima5.pdf,c35fbad559bd0381a82b26b7a191edb29f23de540f02d59a372dfe046a01b858,official_race_marker_verified,1200.0,flat,turf,,right,,Class2,0.0,0.0,2603010510,26030105,True,https://www.jra.go.jp/datafile/seiseki/report/2026/2026-1fukushima5.pdf,1200いおうじ医王寺特別発走14時40分(芝・右)4歳以上、2勝クラス;負担重量は、58、牝馬2減賞品,expected_result,,
202603010511,2026.0,福島,1.0,5.0,11,2026-04-25,https://www.jra.go.jp/datafile/seiseki/report/2026/2026-1fukushima5.pdf,c35fbad559bd0381a82b26b7a191edb29f23de540f02d59a372dfe046a01b858,official_race_marker_verified,1150.0,flat,dirt,,right,,Maiden,0.0,0.0,2603010511,26030105,True,https://www.jra.go.jp/datafile/seiseki/report/2026/2026-1fukushima5.pdf,1150福島中央テレビ杯発走15時15分(ダート・右)4歳以上、3勝クラス、除未出走馬および未勝利馬;負担重量は、58、牝馬2減福島中央テレビ賞(1着)賞品,expected_result,,
202603010512,2026.0,福島,1.0,5.0,12,2026-04-25,https://www.jra.go.jp/datafile/seiseki/report/2026/2026-1fukushima5.pdf,c35fbad559bd0381a82b26b7a191edb29f23de540f02d59a372dfe046a01b858,official_race_marker_verified,2713.0,flat,turf,,right,,Class1,0.0,0.0,2603010512,26030105,True,https://www.jra.go.jp/datafile/seiseki/report/2026/2026-1fukushima5.pdf,18004歳以上1勝クラス発走16時00分(芝・右)牝;負担重量は、56,expected_result,,
202605020101,2026.0,東京,2.0,1.0,1,2026-04-25,https://www.jra.go.jp/datafile/seiseki/report/2026/2026-2tokyo1.pdf,e3cefb4d46170f67fe882040ec6d421905138f7539d1073446baa7d2904893c0,official_race_marker_verified,3712.0,flat,dirt,,left,0.0,Maiden,0.0,0.0,2605020101,26050201,True,https://www.jra.go.jp/datafile/seiseki/report/2026/2026-2tokyo1.pdf,16003歳未勝利発走10時05分(ダート・左)牝;負担重量は、馬齢重量,expected_result,,
202605020102,2026.0,東京,2.0,1.0,2,2026-04-25,https://www.jra.go.jp/datafile/seiseki/report/2026/2026-2tokyo1.pdf,e3cefb4d46170f67fe882040ec6d421905138f7539d1073446baa7d2904893c0,official_race_marker_verified,2816.0,flat,dirt,,left,0.0,Maiden,0.0,0.0,2605020102,26050201,True,https://www.jra.go.jp/datafile/seiseki/report/2026/2026-2tokyo1.pdf,14003歳未勝利発走10時35分(ダート・左)負担重量は、馬齢重量,expected_result,,
202605020103,2026.0,東京,2.0,1.0,3,2026-04-25,https://www.jra.go.jp/datafile/seiseki/report/2026/2026-2tokyo1.pdf,e3cefb4d46170f67fe882040ec6d421905138f7539d1073446baa7d2904893c0,official_race_marker_verified,5755.0,flat,dirt,,left,0.0,Maiden,0.0,0.0,2605020103,26050201,True,https://www.jra.go.jp/datafile/seiseki/report/2026/2026-2tokyo1.pdf,21003歳未勝利発走11時05分(ダート・左)負担重量は、馬齢重量,expected_result,,
202605020104,2026.0,東京,2.0,1.0,4,2026-04-25,https://www.jra.go.jp/datafile/seiseki/report/2026/2026-2tokyo1.pdf,e3cefb4d46170f67fe882040ec6d421905138f7539d1073446baa7d2904893c0,official_race_marker_verified,9125.0,flat,turf,,left,0.0,Maiden,0.0,0.0,2605020104,26050201,True,https://www.jra.go.jp/datafile/seiseki/report/2026/2026-2tokyo1.pdf,18003歳未勝利発走11時35分(芝・左)牝;負担重量は、馬齢重量,expected_result,,
202605020105,2026.0,東京,2.0,1.0,5,2026-04-25,https://www.jra.go.jp/datafile/seiseki/report/2026/2026-2tokyo1.pdf,e3cefb4d46170f67fe882040ec6d421905138f7539d1073446baa7d2904893c0,official_race_marker_verified,5612.0,flat,turf,,left,0.0,Maiden,0.0,0.0,2605020105,26050201,True,https://www.jra.go.jp/datafile/seiseki/report/2026/2026-2tokyo1.pdf,14003歳未勝利発走12時25分(芝・左)負担重量は、馬齢重量,expected_result,,
202605020106,2026.0,東京,2.0,1.0,6,2026-04-25,https://www.jra.go.jp/datafile/seiseki/report/2026/2026-2tokyo1.pdf,e3cefb4d46170f67fe882040ec6d421905138f7539d1073446baa7d2904893c0,official_race_marker_verified,5364.0,flat,dirt,,left,0.0,Class1,0.0,0.0,2605020106,26050201,True,https://www.jra.go.jp/datafile/seiseki/report/2026/2026-2tokyo1.pdf,16003歳1勝クラス発走12時55分(ダート・左)負担重量は、馬齢重量,expected_result,,
202605020107,2026.0,東京,2.0,1.0,7,2026-04-25,https://www.jra.go.jp/datafile/seiseki/report/2026/2026-2tokyo1.pdf,e3cefb4d46170f67fe882040ec6d421905138f7539d1073446baa7d2904893c0,official_race_marker_verified,2816.0,flat,dirt,,left,,Class1,0.0,0.0,2605020107,26050201,True,https://www.jra.go.jp/datafile/seiseki/report/2026/2026-2tokyo1.pdf,14004歳以上1勝クラス発走13時25分(ダート・左)牝;負担重量は、56,expected_result,,
202605020108,2026.0,東京,2.0,1.0,8,2026-04-25,https://www.jra.go.jp/datafile/seiseki/report/2026/2026-2tokyo1.pdf,e3cefb4d46170f67fe882040ec6d421905138f7539d1073446baa7d2904893c0,official_race_marker_verified,5653.0,flat,turf,,left,,Class1,0.0,0.0,2605020108,26050201,True,https://www.jra.go.jp/datafile/seiseki/report/2026/2026-2tokyo1.pdf,16004歳以上1勝クラス発走13時55分(芝・左)負担重量は、58、牝馬2減,expected_result,,
202605020109,2026.0,東京,2.0,1.0,9,2026-04-25,https://www.jra.go.jp/datafile/seiseki/report/2026/2026-2tokyo1.pdf,e3cefb4d46170f67fe882040ec6d421905138f7539d1073446baa7d2904893c0,official_race_marker_verified,1800.0,flat,turf,,left,,Class2,0.0,0.0,2605020109,26050201,True,https://www.jra.go.jp/datafile/seiseki/report/2026/2026-2tokyo1.pdf,1800いさわ石和特別発走14時25分(芝・左)4歳以上、2勝クラス;負担重量は、58、牝馬2減賞品,expected_result,,
202605020110,2026.0,東京,2.0,1.0,10,2026-04-25,https://www.jra.go.jp/datafile/seiseki/report/2026/2026-2tokyo1.pdf,e3cefb4d46170f67fe882040ec6d421905138f7539d1073446baa7d2904893c0,official_race_marker_verified,1400.0,flat,dirt,,left,,Maiden,0.0,0.0,2605020110,26050201,True,https://www.jra.go.jp/datafile/seiseki/report/2026/2026-2tokyo1.pdf,1400かまくら鎌倉ステークス発走15時00分(ダート・左)4歳以上、3勝クラス、除未出走馬および未勝利馬;負担重量は、58、牝馬2減賞品,expected_result,,
202605020111,2026.0,東京,2.0,1.0,11,2026-04-25,https://www.jra.go.jp/datafile/seiseki/report/2026/2026-2tokyo1.pdf,e3cefb4d46170f67fe882040ec6d421905138f7539d1073446baa7d2904893c0,official_race_marker_verified,2400.0,flat,turf,,left,0.0,Open,1.0,1.0,2605020111,26050201,True,https://www.jra.go.jp/datafile/seiseki/report/2026/2026-2tokyo1.pdf,2400第33回テレビ東京杯青葉賞(GII)発走15時45分(ダービートライアル)(芝・左)3歳;負担重量は、馬齢重量テレビ東京賞(1着)賞品,expected_result,,
202605020112,2026.0,東京,2.0,1.0,12,2026-04-25,https://www.jra.go.jp/datafile/seiseki/report/2026/2026-2tokyo1.pdf,e3cefb4d46170f67fe882040ec6d421905138f7539d1073446baa7d2904893c0,official_race_marker_verified,5540.0,flat,dirt,,left,,Class2,0.0,0.0,2605020112,26050201,True,https://www.jra.go.jp/datafile/seiseki/report/2026/2026-2tokyo1.pdf,16004歳以上2勝クラス発走16時30分(ダート・左)負担重量は、58、牝馬2減,expected_result,,
202608030101,2026.0,京都,3.0,1.0,1,2026-04-25,https://www.jra.go.jp/datafile/seiseki/report/2026/2026-3kyoto1.pdf,4ca85b5394c403a012b2f42d4caa3e7de2ed55bc51a7557af922087f85dc7feb,official_race_marker_verified,5755.0,flat,dirt,,right,0.0,Maiden,0.0,0.0,2608030101,26080301,True,https://www.jra.go.jp/datafile/seiseki/report/2026/2026-3kyoto1.pdf,18003歳未勝利発走9時55分(ダート・右)負担重量は、馬齢重量,expected_result,,
202608030102,2026.0,京都,3.0,1.0,2,2026-04-25,https://www.jra.go.jp/datafile/seiseki/report/2026/2026-3kyoto1.pdf,4ca85b5394c403a012b2f42d4caa3e7de2ed55bc51a7557af922087f85dc7feb,official_race_marker_verified,4611.0,flat,dirt,,right,0.0,Maiden,0.0,0.0,2608030102,26080301,True,https://www.jra.go.jp/datafile/seiseki/report/2026/2026-3kyoto1.pdf,14003歳未勝利発走10時25分(ダート・右)負担重量は、馬齢重量,expected_result,,
202608030103,2026.0,京都,3.0,1.0,3,2026-04-25,https://www.jra.go.jp/datafile/seiseki/report/2026/2026-3kyoto1.pdf,4ca85b5394c403a012b2f42d4caa3e7de2ed55bc51a7557af922087f85dc7feb,official_race_marker_verified,5712.0,flat,turf,outer,right,0.0,Maiden,0.0,0.0,2608030103,26080301,True,https://www.jra.go.jp/datafile/seiseki/report/2026/2026-3kyoto1.pdf,18003歳未勝利発走10時55分(芝・右・外)牝;負担重量は、馬齢重量,expected_result,,
202608030104,2026.0,京都,3.0,1.0,4,2026-04-25,https://www.jra.go.jp/datafile/seiseki/report/2026/2026-3kyoto1.pdf,4ca85b5394c403a012b2f42d4caa3e7de2ed55bc51a7557af922087f85dc7feb,official_race_marker_verified,3170.0,obstacle,turf,,,,Open,1.0,0.0,2608030104,26080301,False,https://www.jra.go.jp/datafile/seiseki/report/2026/2026-3kyoto1.pdf,3170障害4歳以上オープン発走11時25分(芝・ダート)負担重量は、4歳595歳以上60、牝馬2減、収得賞金700万円毎1増,expected_result,,
202608030105,2026.0,京都,3.0,1.0,5,2026-04-25,https://www.jra.go.jp/datafile/seiseki/report/2026/2026-3kyoto1.pdf,4ca85b5394c403a012b2f42d4caa3e7de2ed55bc51a7557af922087f85dc7feb,official_race_marker_verified,5553.0,flat,turf,outer,right,0.0,Maiden,0.0,0.0,2608030105,26080301,True,https://www.jra.go.jp/datafile/seiseki/report/2026/2026-3kyoto1.pdf,22003歳未勝利発走12時15分(芝・右・外)負担重量は、馬齢重量,expected_result,,
202608030106,2026.0,京都,3.0,1.0,6,2026-04-25,https://www.jra.go.jp/datafile/seiseki/report/2026/2026-3kyoto1.pdf,4ca85b5394c403a012b2f42d4caa3e7de2ed55bc51a7557af922087f85dc7feb,official_race_marker_verified,1816.0,flat,turf,,right,0.0,Maiden,0.0,0.0,2608030106,26080301,True,https://www.jra.go.jp/datafile/seiseki/report/2026/2026-3kyoto1.pdf,16003歳未勝利発走12時45分(芝・右)負担重量は、馬齢重量,expected_result,,
202608030107,2026.0,京都,3.0,1.0,7,2026-04-25,https://www.jra.go.jp/datafile/seiseki/report/2026/2026-3kyoto1.pdf,4ca85b5394c403a012b2f42d4caa3e7de2ed55bc51a7557af922087f85dc7feb,official_race_marker_verified,1331.0,flat,dirt,,right,0.0,Class1,0.0,0.0,2608030107,26080301,True,https://www.jra.go.jp/datafile/seiseki/report/2026/2026-3kyoto1.pdf,18003歳1勝クラス発走13時15分(ダート・右)負担重量は、馬齢重量,expected_result,,
202608030108,2026.0,京都,3.0,1.0,8,2026-04-25,https://www.jra.go.jp/datafile/seiseki/report/2026/2026-3kyoto1.pdf,4ca85b5394c403a012b2f42d4caa3e7de2ed55bc51a7557af922087f85dc7feb,official_race_marker_verified,1800.0,flat,turf,outer,right,0.0,Class1,0.0,0.0,2608030108,26080301,True,https://www.jra.go.jp/datafile/seiseki/report/2026/2026-3kyoto1.pdf,1800あやめ賞発走13時45分(番組第9競走を順序変更)(芝・右・外)3歳、1勝クラス;負担重量は、馬齢重量賞品,expected_result,,
202608030109,2026.0,京都,3.0,1.0,9,2026-04-25,https://www.jra.go.jp/datafile/seiseki/report/2026/2026-3kyoto1.pdf,4ca85b5394c403a012b2f42d4caa3e7de2ed55bc51a7557af922087f85dc7feb,official_race_marker_verified,6612.0,flat,turf,outer,right,,Class1,0.0,0.0,2608030109,26080301,True,https://www.jra.go.jp/datafile/seiseki/report/2026/2026-3kyoto1.pdf,14004歳以上1勝クラス発走14時15分(番組第8競走を順序変更)(芝・右・外)負担重量は、58、牝馬2減,expected_result,,
202608030110,2026.0,京都,3.0,1.0,10,2026-04-25,https://www.jra.go.jp/datafile/seiseki/report/2026/2026-3kyoto1.pdf,4ca85b5394c403a012b2f42d4caa3e7de2ed55bc51a7557af922087f85dc7feb,official_race_marker_verified,1800.0,flat,dirt,,right,,Maiden,0.0,0.0,2608030110,26080301,True,https://www.jra.go.jp/datafile/seiseki/report/2026/2026-3kyoto1.pdf,1800かんげつきょう観月橋ステークス発走14時50分(ダート・右)4歳以上、3勝クラス、除未出走馬および未勝利馬;負担重量は、58、牝馬2減賞品,expected_result,,
202608030111,2026.0,京都,3.0,1.0,11,2026-04-25,https://www.jra.go.jp/datafile/seiseki/report/2026/2026-3kyoto1.pdf,4ca85b5394c403a012b2f42d4caa3e7de2ed55bc51a7557af922087f85dc7feb,official_race_marker_verified,1200.0,flat,dirt,,right,,Maiden,0.0,0.0,2608030111,26080301,True,https://www.jra.go.jp/datafile/seiseki/report/2026/2026-3kyoto1.pdf,1200てんのうざん天王山ステークス発走15時30分(ダート・右)4歳以上、除未出走馬および未勝利馬;負担重量は、日本馬:57、牝馬2減、収得賞金1600万円超過馬は超過額1200万円毎1増、:57、牝馬2減、GI競走1着馬5増、GII競走1着馬3増、GIII競走1着馬1増(ただし2歳時の成績を除く)賞品,expected_result,,
202608030112,2026.0,京都,3.0,1.0,12,2026-04-25,https://www.jra.go.jp/datafile/seiseki/report/2026/2026-3kyoto1.pdf,4ca85b5394c403a012b2f42d4caa3e7de2ed55bc51a7557af922087f85dc7feb,official_race_marker_verified,5856.0,flat,turf,outer,right,,Class2,0.0,0.0,2608030112,26080301,True,https://www.jra.go.jp/datafile/seiseki/report/2026/2026-3kyoto1.pdf,16004歳以上2勝クラス発走16時10分(芝・右・外)負担重量は、58、牝馬2減,expected_result,,
202603010601,2026.0,福島,1.0,6.0,1,2026-04-26,https://www.jra.go.jp/datafile/seiseki/report/2026/2026-1fukushima6.pdf,c17b4dab1597d2ac0b90123218073184c1589cc3d9baa9d6a9daa7eeeb281b38,official_race_marker_verified,5553.0,flat,dirt,,right,0.0,Maiden,0.0,0.0,2603010601,26030106,True,https://www.jra.go.jp/datafile/seiseki/report/2026/2026-1fukushima6.pdf,11503歳未勝利発走9時45分(ダート・右)牝;負担重量は、馬齢重量,expected_result,,
202603010602,2026.0,福島,1.0,6.0,2,2026-04-26,https://www.jra.go.jp/datafile/seiseki/report/2026/2026-1fukushima6.pdf,c17b4dab1597d2ac0b90123218073184c1589cc3d9baa9d6a9daa7eeeb281b38,official_race_marker_verified,9714.0,flat,turf,,right,0.0,Maiden,0.0,0.0,2603010602,26030106,True,https://www.jra.go.jp/datafile/seiseki/report/2026/2026-1fukushima6.pdf,12003歳未勝利発走10時15分(芝・右)負担重量は、馬齢重量,expected_result,,
202603010603,2026.0,福島,1.0,6.0,3,2026-04-26,https://www.jra.go.jp/datafile/seiseki/report/2026/2026-1fukushima6.pdf,c17b4dab1597d2ac0b90123218073184c1589cc3d9baa9d6a9daa7eeeb281b38,official_race_marker_verified,5552.0,flat,dirt,,right,0.0,Maiden,0.0,0.0,2603010603,26030106,True,https://www.jra.go.jp/datafile/seiseki/report/2026/2026-1fukushima6.pdf,17003歳未勝利発走10時45分(ダート・右)若手騎手;負担重量は、馬齢重量,expected_result,,
202603010604,2026.0,福島,1.0,6.0,4,2026-04-26,https://www.jra.go.jp/datafile/seiseki/report/2026/2026-1fukushima6.pdf,c17b4dab1597d2ac0b90123218073184c1589cc3d9baa9d6a9daa7eeeb281b38,official_race_marker_verified,4510.0,flat,turf,,right,0.0,Maiden,0.0,0.0,2603010604,26030106,True,https://www.jra.go.jp/datafile/seiseki/report/2026/2026-1fukushima6.pdf,12003歳未勝利発走11時15分(芝・右)牝;負担重量は、馬齢重量,expected_result,,
202603010605,2026.0,福島,1.0,6.0,5,2026-04-26,https://www.jra.go.jp/datafile/seiseki/report/2026/2026-1fukushima6.pdf,c17b4dab1597d2ac0b90123218073184c1589cc3d9baa9d6a9daa7eeeb281b38,official_race_marker_verified,5553.0,flat,turf,,right,0.0,Maiden,0.0,0.0,2603010605,26030106,True,https://www.jra.go.jp/datafile/seiseki/report/2026/2026-1fukushima6.pdf,18003歳未勝利発走12時05分(芝・右)負担重量は、馬齢重量,expected_result,,
202603010606,2026.0,福島,1.0,6.0,6,2026-04-26,https://www.jra.go.jp/datafile/seiseki/report/2026/2026-1fukushima6.pdf,c17b4dab1597d2ac0b90123218073184c1589cc3d9baa9d6a9daa7eeeb281b38,official_race_marker_verified,5856.0,flat,turf,,right,,Class1,0.0,0.0,2603010606,26030106,True,https://www.jra.go.jp/datafile/seiseki/report/2026/2026-1fukushima6.pdf,26004歳以上1勝クラス発走12時35分(芝・右)負担重量は、58、牝馬2減,expected_result,,
202603010607,2026.0,福島,1.0,6.0,7,2026-04-26,https://www.jra.go.jp/datafile/seiseki/report/2026/2026-1fukushima6.pdf,c17b4dab1597d2ac0b90123218073184c1589cc3d9baa9d6a9daa7eeeb281b38,official_race_marker_verified,5654.0,flat,dirt,,right,,Class1,0.0,0.0,2603010607,26030106,True,https://www.jra.go.jp/datafile/seiseki/report/2026/2026-1fukushima6.pdf,17004歳以上1勝クラス発走13時05分(ダート・右)牝;負担重量は、56,expected_result,,
202603010608,2026.0,福島,1.0,6.0,8,2026-04-26,https://www.jra.go.jp/datafile/seiseki/report/2026/2026-1fukushima6.pdf,c17b4dab1597d2ac0b90123218073184c1589cc3d9baa9d6a9daa7eeeb281b38,official_race_marker_verified,3815.0,flat,turf,,right,,Class1,0.0,0.0,2603010608,26030106,True,https://www.jra.go.jp/datafile/seiseki/report/2026/2026-1fukushima6.pdf,12004歳以上1勝クラス発走13時35分(芝・右)負担重量は、58、牝馬2減,expected_result,,
202603010609,2026.0,福島,1.0,6.0,9,2026-04-26,https://www.jra.go.jp/datafile/seiseki/report/2026/2026-1fukushima6.pdf,c17b4dab1597d2ac0b90123218073184c1589cc3d9baa9d6a9daa7eeeb281b38,official_race_marker_verified,2000.0,flat,turf,,right,,Class1,0.0,0.0,2603010609,26030106,True,https://www.jra.go.jp/datafile/seiseki/report/2026/2026-1fukushima6.pdf,2000いいもりやま飯盛山特別発走14時05分(芝・右)4歳以上、1勝クラス;負担重量は、58、牝馬2減賞品,expected_result,,
202603010610,2026.0,福島,1.0,6.0,10,2026-04-26,https://www.jra.go.jp/datafile/seiseki/report/2026/2026-1fukushima6.pdf,c17b4dab1597d2ac0b90123218073184c1589cc3d9baa9d6a9daa7eeeb281b38,official_race_marker_verified,1700.0,flat,dirt,,right,,Class2,0.0,0.0,2603010610,26030106,True,https://www.jra.go.jp/datafile/seiseki/report/2026/2026-1fukushima6.pdf,1700おぜ尾瀬特別発走14時40分(ダート・右)4歳以上、2勝クラス;負担重量は、58、牝馬2減賞品,expected_result,,
202603010611,2026.0,福島,1.0,6.0,11,2026-04-26,https://www.jra.go.jp/datafile/seiseki/report/2026/2026-1fukushima6.pdf,c17b4dab1597d2ac0b90123218073184c1589cc3d9baa9d6a9daa7eeeb281b38,official_race_marker_verified,1200.0,flat,turf,,right,1.0,Maiden,0.0,0.0,2603010611,26030106,True,https://www.jra.go.jp/datafile/seiseki/report/2026/2026-1fukushima6.pdf,1200モルガナイトステークス発走15時15分(芝・右)4歳以上、除未出走馬および未勝利馬;負担重量は、ハンデキャップ賞品,expected_result,,
202603010612,2026.0,福島,1.0,6.0,12,2026-04-26,https://www.jra.go.jp/datafile/seiseki/report/2026/2026-1fukushima6.pdf,c17b4dab1597d2ac0b90123218073184c1589cc3d9baa9d6a9daa7eeeb281b38,official_race_marker_verified,7713.0,flat,dirt,,right,,Class1,0.0,0.0,2603010612,26030106,True,https://www.jra.go.jp/datafile/seiseki/report/2026/2026-1fukushima6.pdf,11504歳以上1勝クラス発走16時00分(ダート・右)負担重量は、58、牝馬2減,expected_result,,
202605020201,2026.0,東京,2.0,2.0,1,2026-04-26,https://www.jra.go.jp/datafile/seiseki/report/2026/2026-2tokyo2.pdf,dd8e29b7996ab4fb4a86cc6e613fb1a09f8ca24030439ea37736ee468ef84330,official_race_marker_verified,8815.0,flat,dirt,,left,0.0,Maiden,0.0,0.0,2605020201,26050202,True,https://www.jra.go.jp/datafile/seiseki/report/2026/2026-2tokyo2.pdf,14003歳未勝利発走10時05分(ダート・左)牝;負担重量は、馬齢重量,expected_result,,
202605020202,2026.0,東京,2.0,2.0,2,2026-04-26,https://www.jra.go.jp/datafile/seiseki/report/2026/2026-2tokyo2.pdf,dd8e29b7996ab4fb4a86cc6e613fb1a09f8ca24030439ea37736ee468ef84330,official_race_marker_verified,1711.0,flat,dirt,,left,0.0,Maiden,0.0,0.0,2605020202,26050202,True,https://www.jra.go.jp/datafile/seiseki/report/2026/2026-2tokyo2.pdf,16003歳未勝利発走10時35分(ダート・左)負担重量は、馬齢重量,expected_result,,
202605020203,2026.0,東京,2.0,2.0,3,2026-04-26,https://www.jra.go.jp/datafile/seiseki/report/2026/2026-2tokyo2.pdf,dd8e29b7996ab4fb4a86cc6e613fb1a09f8ca24030439ea37736ee468ef84330,official_race_marker_verified,6714.0,flat,dirt,,left,0.0,Maiden,0.0,0.0,2605020203,26050202,True,https://www.jra.go.jp/datafile/seiseki/report/2026/2026-2tokyo2.pdf,13003歳未勝利発走11時05分(ダート・左)負担重量は、馬齢重量,expected_result,,
202605020204,2026.0,東京,2.0,2.0,4,2026-04-26,https://www.jra.go.jp/datafile/seiseki/report/2026/2026-2tokyo2.pdf,dd8e29b7996ab4fb4a86cc6e613fb1a09f8ca24030439ea37736ee468ef84330,official_race_marker_verified,8734.0,flat,turf,,left,0.0,Maiden,0.0,0.0,2605020204,26050202,True,https://www.jra.go.jp/datafile/seiseki/report/2026/2026-2tokyo2.pdf,24003歳未勝利発走11時35分(芝・左)負担重量は、馬齢重量,expected_result,,
202605020205,2026.0,東京,2.0,2.0,5,2026-04-26,https://www.jra.go.jp/datafile/seiseki/report/2026/2026-2tokyo2.pdf,dd8e29b7996ab4fb4a86cc6e613fb1a09f8ca24030439ea37736ee468ef84330,official_race_marker_verified,8714.0,flat,turf,,left,0.0,Maiden,0.0,0.0,2605020205,26050202,True,https://www.jra.go.jp/datafile/seiseki/report/2026/2026-2tokyo2.pdf,18003歳未勝利発走12時25分(芝・左)負担重量は、馬齢重量,expected_result,,
202605020206,2026.0,東京,2.0,2.0,6,2026-04-26,https://www.jra.go.jp/datafile/seiseki/report/2026/2026-2tokyo2.pdf,dd8e29b7996ab4fb4a86cc6e613fb1a09f8ca24030439ea37736ee468ef84330,official_race_marker_verified,9119.0,flat,turf,,left,0.0,Class1,0.0,0.0,2605020206,26050202,True,https://www.jra.go.jp/datafile/seiseki/report/2026/2026-2tokyo2.pdf,16003歳1勝クラス発走12時55分(芝・左)負担重量は、馬齢重量,expected_result,,
202605020207,2026.0,東京,2.0,2.0,7,2026-04-26,https://www.jra.go.jp/datafile/seiseki/report/2026/2026-2tokyo2.pdf,dd8e29b7996ab4fb4a86cc6e613fb1a09f8ca24030439ea37736ee468ef84330,official_race_marker_verified,9612.0,flat,dirt,,left,,Class1,0.0,0.0,2605020207,26050202,True,https://www.jra.go.jp/datafile/seiseki/report/2026/2026-2tokyo2.pdf,16004歳以上1勝クラス発走13時25分(ダート・左)負担重量は、58、牝馬2減,expected_result,,
202605020208,2026.0,東京,2.0,2.0,8,2026-04-26,https://www.jra.go.jp/datafile/seiseki/report/2026/2026-2tokyo2.pdf,dd8e29b7996ab4fb4a86cc6e613fb1a09f8ca24030439ea37736ee468ef84330,official_race_marker_verified,1811.0,flat,turf,,left,,Class2,0.0,0.0,2605020208,26050202,True,https://www.jra.go.jp/datafile/seiseki/report/2026/2026-2tokyo2.pdf,14004歳以上2勝クラス発走13時55分(芝・左)牝;負担重量は、56,expected_result,,
202605020209,2026.0,東京,2.0,2.0,9,2026-04-26,https://www.jra.go.jp/datafile/seiseki/report/2026/2026-2tokyo2.pdf,dd8e29b7996ab4fb4a86cc6e613fb1a09f8ca24030439ea37736ee468ef84330,official_race_marker_verified,1400.0,flat,turf,,left,1.0,Maiden,0.0,0.0,2605020209,26050202,True,https://www.jra.go.jp/datafile/seiseki/report/2026/2026-2tokyo2.pdf,1400しょうなん湘南ステークス発走14時25分(芝・左)4歳以上、3勝クラス、除未出走馬および未勝利馬;負担重量は、ハンデキャップ賞品,expected_result,,
202605020210,2026.0,東京,2.0,2.0,10,2026-04-26,https://www.jra.go.jp/datafile/seiseki/report/2026/2026-2tokyo2.pdf,dd8e29b7996ab4fb4a86cc6e613fb1a09f8ca24030439ea37736ee468ef84330,official_race_marker_verified,1600.0,flat,dirt,,left,1.0,Maiden,0.0,0.0,2605020210,26050202,True,https://www.jra.go.jp/datafile/seiseki/report/2026/2026-2tokyo2.pdf,1600オアシスステークス(L)発走15時00分(ダート・左)4歳以上、除未出走馬および未勝利馬;負担重量は、ハンデキャップ賞品,expected_result,,
202605020211,2026.0,東京,2.0,2.0,11,2026-04-26,https://www.jra.go.jp/datafile/seiseki/report/2026/2026-2tokyo2.pdf,dd8e29b7996ab4fb4a86cc6e613fb1a09f8ca24030439ea37736ee468ef84330,official_race_marker_verified,2000.0,flat,turf,,left,0.0,Open,1.0,1.0,2605020211,26050202,True,https://www.jra.go.jp/datafile/seiseki/report/2026/2026-2tokyo2.pdf,2000第61回サンケイスポーツ賞フローラステークス(GII)発走15時45分(オークストライアル)(芝・左)牝、3歳;負担重量は、馬齢重量サンケイスポーツ賞(1着)賞品,expected_result,,
202605020212,2026.0,東京,2.0,2.0,12,2026-04-26,https://www.jra.go.jp/datafile/seiseki/report/2026/2026-2tokyo2.pdf,dd8e29b7996ab4fb4a86cc6e613fb1a09f8ca24030439ea37736ee468ef84330,official_race_marker_verified,119.0,flat,dirt,,left,,Class2,0.0,0.0,2605020212,26050202,True,https://www.jra.go.jp/datafile/seiseki/report/2026/2026-2tokyo2.pdf,14004歳以上2勝クラス発走16時30分(ダート・左)負担重量は、58、牝馬2減,expected_result,,
202608030201,2026.0,京都,3.0,2.0,1,2026-04-26,https://www.jra.go.jp/datafile/seiseki/report/2026/2026-3kyoto2.pdf,615e3e126baa997bacd54e12e9483cf7b6f35b1303d2786353d508a87b575891,official_race_marker_verified,713.0,flat,dirt,,right,0.0,Maiden,0.0,0.0,2608030201,26080302,True,https://www.jra.go.jp/datafile/seiseki/report/2026/2026-3kyoto2.pdf,12003歳未勝利発走9時55分(ダート・右)牝;負担重量は、馬齢重量,expected_result,,
202608030202,2026.0,京都,3.0,2.0,2,2026-04-26,https://www.jra.go.jp/datafile/seiseki/report/2026/2026-3kyoto2.pdf,615e3e126baa997bacd54e12e9483cf7b6f35b1303d2786353d508a87b575891,official_race_marker_verified,2712.0,flat,dirt,,right,0.0,Maiden,0.0,0.0,2608030202,26080302,True,https://www.jra.go.jp/datafile/seiseki/report/2026/2026-3kyoto2.pdf,18003歳未勝利発走10時25分(ダート・右)負担重量は、馬齢重量,expected_result,,
202608030203,2026.0,京都,3.0,2.0,3,2026-04-26,https://www.jra.go.jp/datafile/seiseki/report/2026/2026-3kyoto2.pdf,615e3e126baa997bacd54e12e9483cf7b6f35b1303d2786353d508a87b575891,official_race_marker_verified,5713.0,flat,turf,,right,0.0,Maiden,0.0,0.0,2608030203,26080302,True,https://www.jra.go.jp/datafile/seiseki/report/2026/2026-3kyoto2.pdf,12003歳未勝利発走10時55分(芝・右)負担重量は、馬齢重量,expected_result,,
202608030204,2026.0,京都,3.0,2.0,4,2026-04-26,https://www.jra.go.jp/datafile/seiseki/report/2026/2026-3kyoto2.pdf,615e3e126baa997bacd54e12e9483cf7b6f35b1303d2786353d508a87b575891,official_race_marker_verified,2910.0,obstacle,turf,,,,Maiden,0.0,0.0,2608030204,26080302,False,https://www.jra.go.jp/datafile/seiseki/report/2026/2026-3kyoto2.pdf,2910障害4歳以上未勝利発走11時25分(芝・ダート)負担重量は、4歳595歳以上60、牝馬2減,expected_result,,
202608030205,2026.0,京都,3.0,2.0,5,2026-04-26,https://www.jra.go.jp/datafile/seiseki/report/2026/2026-3kyoto2.pdf,615e3e126baa997bacd54e12e9483cf7b6f35b1303d2786353d508a87b575891,official_race_marker_verified,4811.0,flat,turf,,right,0.0,Maiden,0.0,0.0,2608030205,26080302,True,https://www.jra.go.jp/datafile/seiseki/report/2026/2026-3kyoto2.pdf,20003歳未勝利発走12時15分(芝・右)負担重量は、馬齢重量,expected_result,,
202608030206,2026.0,京都,3.0,2.0,6,2026-04-26,https://www.jra.go.jp/datafile/seiseki/report/2026/2026-3kyoto2.pdf,615e3e126baa997bacd54e12e9483cf7b6f35b1303d2786353d508a87b575891,official_race_marker_verified,5221.0,flat,dirt,,right,0.0,Class1,0.0,0.0,2608030206,26080302,True,https://www.jra.go.jp/datafile/seiseki/report/2026/2026-3kyoto2.pdf,14003歳1勝クラス発走12時45分(ダート・右)負担重量は、馬齢重量,expected_result,,
202608030207,2026.0,京都,3.0,2.0,7,2026-04-26,https://www.jra.go.jp/datafile/seiseki/report/2026/2026-3kyoto2.pdf,615e3e126baa997bacd54e12e9483cf7b6f35b1303d2786353d508a87b575891,official_race_marker_verified,8711.0,flat,turf,outer,right,,Class1,0.0,0.0,2608030207,26080302,True,https://www.jra.go.jp/datafile/seiseki/report/2026/2026-3kyoto2.pdf,18004歳以上1勝クラス発走13時15分(芝・右・外)負担重量は、58、牝馬2減,expected_result,,
202608030208,2026.0,京都,3.0,2.0,8,2026-04-26,https://www.jra.go.jp/datafile/seiseki/report/2026/2026-3kyoto2.pdf,615e3e126baa997bacd54e12e9483cf7b6f35b1303d2786353d508a87b575891,official_race_marker_verified,5856.0,flat,dirt,,right,,Class1,0.0,0.0,2608030208,26080302,True,https://www.jra.go.jp/datafile/seiseki/report/2026/2026-3kyoto2.pdf,18004歳以上1勝クラス発走13時45分(ダート・右)負担重量は、58、牝馬2減,expected_result,,
202608030209,2026.0,京都,3.0,2.0,9,2026-04-26,https://www.jra.go.jp/datafile/seiseki/report/2026/2026-3kyoto2.pdf,615e3e126baa997bacd54e12e9483cf7b6f35b1303d2786353d508a87b575891,official_race_marker_verified,2200.0,flat,turf,outer,right,1.0,Class2,0.0,0.0,2608030209,26080302,True,https://www.jra.go.jp/datafile/seiseki/report/2026/2026-3kyoto2.pdf,2200ひらさん比良山特別発走14時15分(芝・右・外)4歳以上、2勝クラス;負担重量は、ハンデキャップ賞品,expected_result,,
202608030210,2026.0,京都,3.0,2.0,10,2026-04-26,https://www.jra.go.jp/datafile/seiseki/report/2026/2026-3kyoto2.pdf,615e3e126baa997bacd54e12e9483cf7b6f35b1303d2786353d508a87b575891,official_race_marker_verified,1800.0,flat,turf,outer,right,1.0,Maiden,0.0,0.0,2608030210,26080302,True,https://www.jra.go.jp/datafile/seiseki/report/2026/2026-3kyoto2.pdf,1800センテニアル・パークステークス発走14時50分(芝・右・外)4歳以上、3勝クラス、除未出走馬および未勝利馬;負担重量は、ハンデキャップ賞品,expected_result,,
202608030211,2026.0,京都,3.0,2.0,11,2026-04-26,https://www.jra.go.jp/datafile/seiseki/report/2026/2026-3kyoto2.pdf,615e3e126baa997bacd54e12e9483cf7b6f35b1303d2786353d508a87b575891,official_race_marker_verified,1600.0,flat,turf,outer,right,,Open,1.0,1.0,2608030211,26080302,True,https://www.jra.go.jp/datafile/seiseki/report/2026/2026-3kyoto2.pdf,1600第57回読売マイラーズカップ(GII)発走15時30分(芝・右・外)4歳以上、除未出走馬および未勝利馬;負担重量は、57、牝馬2減、2025.4.26以降GI競走(牝馬限定競走を除く)1着馬2増、牝馬限定GI競走またはGII競走(牝馬限定競走を除く)1着馬1増、2025.4.25以前のGI競走(牝馬限定競走を除く)1着馬1増(ただし2歳時の成績を除く)読売新聞社賞(1着)賞品,expected_result,,
202608030212,2026.0,京都,3.0,2.0,12,2026-04-26,https://www.jra.go.jp/datafile/seiseki/report/2026/2026-3kyoto2.pdf,615e3e126baa997bacd54e12e9483cf7b6f35b1303d2786353d508a87b575891,official_race_marker_verified,712.0,flat,dirt,,right,,Class2,0.0,0.0,2608030212,26080302,True,https://www.jra.go.jp/datafile/seiseki/report/2026/2026-3kyoto2.pdf,18004歳以上2勝クラス発走16時10分(ダート・右)負担重量は、58、牝馬2減,expected_result,,
