year,race_day_key,racecourse,meeting_number,meeting_day,actual_date,final_race_count,final_race_numbers,unfilled_1_to_12_slots,official_source_url
2010,2010010101,札幌,1,1,2010-08-14,12,1;2;3;4;5;6;7;8;9;10;11;12,,https://www.jra.go.jp/datafile/seiseki/report/2010/1sap.pdf
2010,2010010102,札幌,1,2,2010-08-15,12,1;2;3;4;5;6;7;8;9;10;11;12,,https://www.jra.go.jp/datafile/seiseki/report/2010/1sap.pdf
2010,2010010103,札幌,1,3,2010-08-21,12,1;2;3;4;5;6;7;8;9;10;11;12,,https://www.jra.go.jp/datafile/seiseki/report/2010/1sap.pdf
2010,2010010104,札幌,1,4,2010-08-22,12,1;2;3;4;5;6;7;8;9;10;11;12,,https://www.jra.go.jp/datafile/seiseki/report/2010/1sap.pdf
2010,2010010105,札幌,1,5,2010-08-28,12,1;2;3;4;5;6;7;8;9;10;11;12,,https://www.jra.go.jp/datafile/seiseki/report/2010/1sap.pdf
2010,2010010106,札幌,1,6,2010-08-29,12,1;2;3;4;5;6;7;8;9;10;11;12,,https://www.jra.go.jp/datafile/seiseki/report/2010/1sap.pdf
2010,2010010107,札幌,1,7,2010-09-04,12,1;2;3;4;5;6;7;8;9;10;11;12,,https://www.jra.go.jp/datafile/seiseki/report/2010/1sap.pdf
2010,2010010108,札幌,1,8,2010-09-05,12,1;2;3;4;5;6;7;8;9;10;11;12,,https://www.jra.go.jp/datafile/seiseki/report/2010/1sap.pdf
2010,2010010201,札幌,2,1,2010-09-11,12,1;2;3;4;5;6;7;8;9;10;11;12,,https://www.jra.go.jp/datafile/seiseki/report/2010/2sap.pdf
2010,2010010202,札幌,2,2,2010-09-12,12,1;2;3;4;5;6;7;8;9;10;11;12,,https://www.jra.go.jp/datafile/seiseki/report/2010/2sap.pdf
2010,2010010203,札幌,2,3,2010-09-18,12,1;2;3;4;5;6;7;8;9;10;11;12,,https://www.jra.go.jp/datafile/seiseki/report/2010/2sap.pdf
2010,2010010204,札幌,2,4,2010-09-20,12,1;2;3;4;5;6;7;8;9;10;11;12,,https://www.jra.go.jp/datafile/seiseki/report/2010/2sap.pdf
2010,2010010205,札幌,2,5,2010-09-25,12,1;2;3;4;5;6;7;8;9;10;11;12,,https://www.jra.go.jp/datafile/seiseki/report/2010/2sap.pdf
2010,2010010206,札幌,2,6,2010-09-26,12,1;2;3;4;5;6;7;8;9;10;11;12,,https://www.jra.go.jp/datafile/seiseki/report/2010/2sap.pdf
2010,2010010207,札幌,2,7,2010-10-02,12,1;2;3;4;5;6;7;8;9;10;11;12,,https://www.jra.go.jp/datafile/seiseki/report/2010/2sap.pdf
2010,2010010208,札幌,2,8,2010-10-03,12,1;2;3;4;5;6;7;8;9;10;11;12,,https://www.jra.go.jp/datafile/seiseki/report/2010/2sap.pdf
2010,2010020101,函館,1,1,2010-06-19,12,1;2;3;4;5;6;7;8;9;10;11;12,,https://www.jra.go.jp/datafile/seiseki/report/2010/1hako.pdf
2010,2010020102,函館,1,2,2010-06-20,12,1;2;3;4;5;6;7;8;9;10;11;12,,https://www.jra.go.jp/datafile/seiseki/report/2010/1hako.pdf
2010,2010020103,函館,1,3,2010-06-26,12,1;2;3;4;5;6;7;8;9;10;11;12,,https://www.jra.go.jp/datafile/seiseki/report/2010/1hako.pdf
2010,2010020104,函館,1,4,2010-06-27,12,1;2;3;4;5;6;7;8;9;10;11;12,,https://www.jra.go.jp/datafile/seiseki/report/2010/1hako.pdf
2010,2010020105,函館,1,5,2010-07-03,12,1;2;3;4;5;6;7;8;9;10;11;12,,https://www.jra.go.jp/datafile/seiseki/report/2010/1hako.pdf
2010,2010020106,函館,1,6,2010-07-04,12,1;2;3;4;5;6;7;8;9;10;11;12,,https://www.jra.go.jp/datafile/seiseki/report/2010/1hako.pdf
2010,2010020107,函館,1,7,2010-07-10,12,1;2;3;4;5;6;7;8;9;10;11;12,,https://www.jra.go.jp/datafile/seiseki/report/2010/1hako.pdf
2010,2010020108,函館,1,8,2010-07-11,12,1;2;3;4;5;6;7;8;9;10;11;12,,https://www.jra.go.jp/datafile/seiseki/report/2010/1hako.pdf
2010,2010020201,函館,2,1,2010-07-17,12,1;2;3;4;5;6;7;8;9;10;11;12,,https://www.jra.go.jp/datafile/seiseki/report/2010/2hako.pdf
2010,2010020202,函館,2,2,2010-07-18,12,1;2;3;4;5;6;7;8;9;10;11;12,,https://www.jra.go.jp/datafile/seiseki/report/2010/2hako.pdf
2010,2010020203,函館,2,3,2010-07-24,12,1;2;3;4;5;6;7;8;9;10;11;12,,https://www.jra.go.jp/datafile/seiseki/report/2010/2hako.pdf
2010,2010020204,函館,2,4,2010-07-25,12,1;2;3;4;5;6;7;8;9;10;11;12,,https://www.jra.go.jp/datafile/seiseki/report/2010/2hako.pdf
2010,2010020205,函館,2,5,2010-07-31,12,1;2;3;4;5;6;7;8;9;10;11;12,,https://www.jra.go.jp/datafile/seiseki/report/2010/2hako.pdf
2010,2010020206,函館,2,6,2010-08-01,12,1;2;3;4;5;6;7;8;9;10;11;12,,https://www.jra.go.jp/datafile/seiseki/report/2010/2hako.pdf
2010,2010020207,函館,2,7,2010-08-07,12,1;2;3;4;5;6;7;8;9;10;11;12,,https://www.jra.go.jp/datafile/seiseki/report/2010/2hako.pdf
2010,2010020208,函館,2,8,2010-08-08,12,1;2;3;4;5;6;7;8;9;10;11;12,,https://www.jra.go.jp/datafile/seiseki/report/2010/2hako.pdf
2010,2010030101,福島,1,1,2010-04-10,12,1;2;3;4;5;6;7;8;9;10;11;12,,https://www.jra.go.jp/datafile/seiseki/report/2010/1fuku.pdf
2010,2010030102,福島,1,2,2010-04-11,12,1;2;3;4;5;6;7;8;9;10;11;12,,https://www.jra.go.jp/datafile/seiseki/report/2010/1fuku.pdf
2010,2010030103,福島,1,3,2010-04-19,12,1;2;3;4;5;6;7;8;9;10;11;12,,https://www.jra.go.jp/datafile/seiseki/report/2010/1fuku.pdf
2010,2010030104,福島,1,4,2010-04-18,12,1;2;3;4;5;6;7;8;9;10;11;12,,https://www.jra.go.jp/datafile/seiseki/report/2010/1fuku.pdf
2010,2010030105,福島,1,5,2010-04-24,12,1;2;3;4;5;6;7;8;9;10;11;12,,https://www.jra.go.jp/datafile/seiseki/report/2010/1fuku.pdf
2010,2010030106,福島,1,6,2010-04-25,12,1;2;3;4;5;6;7;8;9;10;11;12,,https://www.jra.go.jp/datafile/seiseki/report/2010/1fuku.pdf
2010,2010030201,福島,2,1,2010-06-19,12,1;2;3;4;5;6;7;8;9;10;11;12,,https://www.jra.go.jp/datafile/seiseki/report/2010/2fuku.pdf
2010,2010030202,福島,2,2,2010-06-20,12,1;2;3;4;5;6;7;8;9;10;11;12,,https://www.jra.go.jp/datafile/seiseki/report/2010/2fuku.pdf
2010,2010030203,福島,2,3,2010-06-26,12,1;2;3;4;5;6;7;8;9;10;11;12,,https://www.jra.go.jp/datafile/seiseki/report/2010/2fuku.pdf
2010,2010030204,福島,2,4,2010-06-27,12,1;2;3;4;5;6;7;8;9;10;11;12,,https://www.jra.go.jp/datafile/seiseki/report/2010/2fuku.pdf
2010,2010030205,福島,2,5,2010-07-03,12,1;2;3;4;5;6;7;8;9;10;11;12,,https://www.jra.go.jp/datafile/seiseki/report/2010/2fuku.pdf
2010,2010030206,福島,2,6,2010-07-04,12,1;2;3;4;5;6;7;8;9;10;11;12,,https://www.jra.go.jp/datafile/seiseki/report/2010/2fuku.pdf
2010,2010030207,福島,2,7,2010-07-10,12,1;2;3;4;5;6;7;8;9;10;11;12,,https://www.jra.go.jp/datafile/seiseki/report/2010/2fuku.pdf
2010,2010030208,福島,2,8,2010-07-11,12,1;2;3;4;5;6;7;8;9;10;11;12,,https://www.jra.go.jp/datafile/seiseki/report/2010/2fuku.pdf
2010,2010030301,福島,3,1,2010-10-23,12,1;2;3;4;5;6;7;8;9;10;11;12,,https://www.jra.go.jp/datafile/seiseki/report/2010/3fuku.pdf
2010,2010030302,福島,3,2,2010-10-24,12,1;2;3;4;5;6;7;8;9;10;11;12,,https://www.jra.go.jp/datafile/seiseki/report/2010/3fuku.pdf
2010,2010030303,福島,3,3,2010-10-30,12,1;2;3;4;5;6;7;8;9;10;11;12,,https://www.jra.go.jp/datafile/seiseki/report/2010/3fuku.pdf
2010,2010030304,福島,3,4,2010-10-31,12,1;2;3;4;5;6;7;8;9;10;11;12,,https://www.jra.go.jp/datafile/seiseki/report/2010/3fuku.pdf
2010,2010030305,福島,3,5,2010-11-06,12,1;2;3;4;5;6;7;8;9;10;11;12,,https://www.jra.go.jp/datafile/seiseki/report/2010/3fuku.pdf
2010,2010030306,福島,3,6,2010-11-07,12,1;2;3;4;5;6;7;8;9;10;11;12,,https://www.jra.go.jp/datafile/seiseki/report/2010/3fuku.pdf
2010,2010030307,福島,3,7,2010-11-13,12,1;2;3;4;5;6;7;8;9;10;11;12,,https://www.jra.go.jp/datafile/seiseki/report/2010/3fuku.pdf
2010,2010030308,福島,3,8,2010-11-14,12,1;2;3;4;5;6;7;8;9;10;11;12,,https://www.jra.go.jp/datafile/seiseki/report/2010/3fuku.pdf
2010,2010030309,福島,3,9,2010-11-20,12,1;2;3;4;5;6;7;8;9;10;11;12,,https://www.jra.go.jp/datafile/seiseki/report/2010/3fuku.pdf
2010,2010030310,福島,3,10,2010-11-21,12,1;2;3;4;5;6;7;8;9;10;11;12,,https://www.jra.go.jp/datafile/seiseki/report/2010/3fuku.pdf
2010,2010040101,新潟,1,1,2010-05-01,12,1;2;3;4;5;6;7;8;9;10;11;12,,https://www.jra.go.jp/datafile/seiseki/report/2010/1niiga.pdf
2010,2010040102,新潟,1,2,2010-05-02,12,1;2;3;4;5;6;7;8;9;10;11;12,,https://www.jra.go.jp/datafile/seiseki/report/2010/1niiga.pdf
2010,2010040103,新潟,1,3,2010-05-08,12,1;2;3;4;5;6;7;8;9;10;11;12,,https://www.jra.go.jp/datafile/seiseki/report/2010/1niiga.pdf
2010,2010040104,新潟,1,4,2010-05-09,12,1;2;3;4;5;6;7;8;9;10;11;12,,https://www.jra.go.jp/datafile/seiseki/report/2010/1niiga.pdf
2010,2010040105,新潟,1,5,2010-05-15,12,1;2;3;4;5;6;7;8;9;10;11;12,,https://www.jra.go.jp/datafile/seiseki/report/2010/1niiga.pdf
2010,2010040106,新潟,1,6,2010-05-16,12,1;2;3;4;5;6;7;8;9;10;11;12,,https://www.jra.go.jp/datafile/seiseki/report/2010/1niiga.pdf
2010,2010040107,新潟,1,7,2010-05-22,12,1;2;3;4;5;6;7;8;9;10;11;12,,https://www.jra.go.jp/datafile/seiseki/report/2010/1niiga.pdf
2010,2010040108,新潟,1,8,2010-05-23,12,1;2;3;4;5;6;7;8;9;10;11;12,,https://www.jra.go.jp/datafile/seiseki/report/2010/1niiga.pdf
2010,2010040201,新潟,2,1,2010-07-17,12,1;2;3;4;5;6;7;8;9;10;11;12,,https://www.jra.go.jp/datafile/seiseki/report/2010/2niiga.pdf
2010,2010040202,新潟,2,2,2010-07-18,12,1;2;3;4;5;6;7;8;9;10;11;12,,https://www.jra.go.jp/datafile/seiseki/report/2010/2niiga.pdf
2010,2010040203,新潟,2,3,2010-07-24,12,1;2;3;4;5;6;7;8;9;10;11;12,,https://www.jra.go.jp/datafile/seiseki/report/2010/2niiga.pdf
2010,2010040204,新潟,2,4,2010-07-25,12,1;2;3;4;5;6;7;8;9;10;11;12,,https://www.jra.go.jp/datafile/seiseki/report/2010/2niiga.pdf
2010,2010040205,新潟,2,5,2010-07-31,12,1;2;3;4;5;6;7;8;9;10;11;12,,https://www.jra.go.jp/datafile/seiseki/report/2010/2niiga.pdf
2010,2010040206,新潟,2,6,2010-08-01,12,1;2;3;4;5;6;7;8;9;10;11;12,,https://www.jra.go.jp/datafile/seiseki/report/2010/2niiga.pdf
2010,2010040207,新潟,2,7,2010-08-07,12,1;2;3;4;5;6;7;8;9;10;11;12,,https://www.jra.go.jp/datafile/seiseki/report/2010/2niiga.pdf
2010,2010040208,新潟,2,8,2010-08-08,12,1;2;3;4;5;6;7;8;9;10;11;12,,https://www.jra.go.jp/datafile/seiseki/report/2010/2niiga.pdf
2010,2010040301,新潟,3,1,2010-08-14,12,1;2;3;4;5;6;7;8;9;10;11;12,,https://www.jra.go.jp/datafile/seiseki/report/2010/3niiga.pdf
2010,2010040302,新潟,3,2,2010-08-15,12,1;2;3;4;5;6;7;8;9;10;11;12,,https://www.jra.go.jp/datafile/seiseki/report/2010/3niiga.pdf
2010,2010040303,新潟,3,3,2010-08-21,12,1;2;3;4;5;6;7;8;9;10;11;12,,https://www.jra.go.jp/datafile/seiseki/report/2010/3niiga.pdf
2010,2010040304,新潟,3,4,2010-08-22,12,1;2;3;4;5;6;7;8;9;10;11;12,,https://www.jra.go.jp/datafile/seiseki/report/2010/3niiga.pdf
2010,2010040305,新潟,3,5,2010-08-28,12,1;2;3;4;5;6;7;8;9;10;11;12,,https://www.jra.go.jp/datafile/seiseki/report/2010/3niiga.pdf
2010,2010040306,新潟,3,6,2010-08-29,12,1;2;3;4;5;6;7;8;9;10;11;12,,https://www.jra.go.jp/datafile/seiseki/report/2010/3niiga.pdf
2010,2010040307,新潟,3,7,2010-09-04,12,1;2;3;4;5;6;7;8;9;10;11;12,,https://www.jra.go.jp/datafile/seiseki/report/2010/3niiga.pdf
2010,2010040308,新潟,3,8,2010-09-05,12,1;2;3;4;5;6;7;8;9;10;11;12,,https://www.jra.go.jp/datafile/seiseki/report/2010/3niiga.pdf
2010,2010050101,東京,1,1,2010-01-30,12,1;2;3;4;5;6;7;8;9;10;11;12,,https://www.jra.go.jp/datafile/seiseki/report/2010/1tokyo.pdf
2010,2010050102,東京,1,2,2010-01-31,12,1;2;3;4;5;6;7;8;9;10;11;12,,https://www.jra.go.jp/datafile/seiseki/report/2010/1tokyo.pdf
2010,2010050103,東京,1,3,2010-02-06,12,1;2;3;4;5;6;7;8;9;10;11;12,,https://www.jra.go.jp/datafile/seiseki/report/2010/1tokyo.pdf
2010,2010050104,東京,1,4,2010-02-07,12,1;2;3;4;5;6;7;8;9;10;11;12,,https://www.jra.go.jp/datafile/seiseki/report/2010/1tokyo.pdf
2010,2010050105,東京,1,5,2010-02-13,12,1;2;3;4;5;6;7;8;9;10;11;12,,https://www.jra.go.jp/datafile/seiseki/report/2010/1tokyo.pdf
2010,2010050106,東京,1,6,2010-02-14,12,1;2;3;4;5;6;7;8;9;10;11;12,,https://www.jra.go.jp/datafile/seiseki/report/2010/1tokyo.pdf
2010,2010050107,東京,1,7,2010-02-20,12,1;2;3;4;5;6;7;8;9;10;11;12,,https://www.jra.go.jp/datafile/seiseki/report/2010/1tokyo.pdf
2010,2010050108,東京,1,8,2010-02-21,12,1;2;3;4;5;6;7;8;9;10;11;12,,https://www.jra.go.jp/datafile/seiseki/report/2010/1tokyo.pdf
2010,2010050201,東京,2,1,2010-04-24,12,1;2;3;4;5;6;7;8;9;10;11;12,,https://www.jra.go.jp/datafile/seiseki/report/2010/2tokyo.pdf
2010,2010050202,東京,2,2,2010-04-25,12,1;2;3;4;5;6;7;8;9;10;11;12,,https://www.jra.go.jp/datafile/seiseki/report/2010/2tokyo.pdf
2010,2010050203,東京,2,3,2010-05-01,12,1;2;3;4;5;6;7;8;9;10;11;12,,https://www.jra.go.jp/datafile/seiseki/report/2010/2tokyo.pdf
2010,2010050204,東京,2,4,2010-05-02,12,1;2;3;4;5;6;7;8;9;10;11;12,,https://www.jra.go.jp/datafile/seiseki/report/2010/2tokyo.pdf
2010,2010050205,東京,2,5,2010-05-08,12,1;2;3;4;5;6;7;8;9;10;11;12,,https://www.jra.go.jp/datafile/seiseki/report/2010/2tokyo.pdf
2010,2010050206,東京,2,6,2010-05-09,12,1;2;3;4;5;6;7;8;9;10;11;12,,https://www.jra.go.jp/datafile/seiseki/report/2010/2tokyo.pdf
2010,2010050207,東京,2,7,2010-05-15,12,1;2;3;4;5;6;7;8;9;10;11;12,,https://www.jra.go.jp/datafile/seiseki/report/2010/2tokyo.pdf
2010,2010050208,東京,2,8,2010-05-16,12,1;2;3;4;5;6;7;8;9;10;11;12,,https://www.jra.go.jp/datafile/seiseki/report/2010/2tokyo.pdf
2010,2010050301,東京,3,1,2010-05-22,12,1;2;3;4;5;6;7;8;9;10;11;12,,https://www.jra.go.jp/datafile/seiseki/report/2010/3tokyo.pdf
2010,2010050302,東京,3,2,2010-05-23,12,1;2;3;4;5;6;7;8;9;10;11;12,,https://www.jra.go.jp/datafile/seiseki/report/2010/3tokyo.pdf
2010,2010050303,東京,3,3,2010-05-29,12,1;2;3;4;5;6;7;8;9;10;11;12,,https://www.jra.go.jp/datafile/seiseki/report/2010/3tokyo.pdf
2010,2010050304,東京,3,4,2010-05-30,12,1;2;3;4;5;6;7;8;9;10;11;12,,https://www.jra.go.jp/datafile/seiseki/report/2010/3tokyo.pdf
2010,2010050305,東京,3,5,2010-06-05,12,1;2;3;4;5;6;7;8;9;10;11;12,,https://www.jra.go.jp/datafile/seiseki/report/2010/3tokyo.pdf
2010,2010050306,東京,3,6,2010-06-06,12,1;2;3;4;5;6;7;8;9;10;11;12,,https://www.jra.go.jp/datafile/seiseki/report/2010/3tokyo.pdf
2010,2010050307,東京,3,7,2010-06-12,12,1;2;3;4;5;6;7;8;9;10;11;12,,https://www.jra.go.jp/datafile/seiseki/report/2010/3tokyo.pdf
2010,2010050308,東京,3,8,2010-06-13,12,1;2;3;4;5;6;7;8;9;10;11;12,,https://www.jra.go.jp/datafile/seiseki/report/2010/3tokyo.pdf
2010,2010050401,東京,4,1,2010-10-09,12,1;2;3;4;5;6;7;8;9;10;11;12,,https://www.jra.go.jp/datafile/seiseki/report/2010/4tokyo.pdf
2010,2010050402,東京,4,2,2010-10-10,12,1;2;3;4;5;6;7;8;9;10;11;12,,https://www.jra.go.jp/datafile/seiseki/report/2010/4tokyo.pdf
2010,2010050403,東京,4,3,2010-10-16,12,1;2;3;4;5;6;7;8;9;10;11;12,,https://www.jra.go.jp/datafile/seiseki/report/2010/4tokyo.pdf
2010,2010050404,東京,4,4,2010-10-17,12,1;2;3;4;5;6;7;8;9;10;11;12,,https://www.jra.go.jp/datafile/seiseki/report/2010/4tokyo.pdf
2010,2010050405,東京,4,5,2010-10-23,12,1;2;3;4;5;6;7;8;9;10;11;12,,https://www.jra.go.jp/datafile/seiseki/report/2010/4tokyo.pdf
2010,2010050406,東京,4,6,2010-10-24,12,1;2;3;4;5;6;7;8;9;10;11;12,,https://www.jra.go.jp/datafile/seiseki/report/2010/4tokyo.pdf
2010,2010050407,東京,4,7,2010-11-01,12,1;2;3;4;5;6;7;8;9;10;11;12,,https://www.jra.go.jp/datafile/seiseki/report/2010/4tokyo.pdf
2010,2010050408,東京,4,8,2010-10-31,12,1;2;3;4;5;6;7;8;9;10;11;12,,https://www.jra.go.jp/datafile/seiseki/report/2010/4tokyo.pdf
2010,2010050501,東京,5,1,2010-11-06,12,1;2;3;4;5;6;7;8;9;10;11;12,,https://www.jra.go.jp/datafile/seiseki/report/2010/5tokyo.pdf
2010,2010050502,東京,5,2,2010-11-07,12,1;2;3;4;5;6;7;8;9;10;11;12,,https://www.jra.go.jp/datafile/seiseki/report/2010/5tokyo.pdf
2010,2010050503,東京,5,3,2010-11-13,12,1;2;3;4;5;6;7;8;9;10;11;12,,https://www.jra.go.jp/datafile/seiseki/report/2010/5tokyo.pdf
2010,2010050504,東京,5,4,2010-11-14,12,1;2;3;4;5;6;7;8;9;10;11;12,,https://www.jra.go.jp/datafile/seiseki/report/2010/5tokyo.pdf
2010,2010050505,東京,5,5,2010-11-20,12,1;2;3;4;5;6;7;8;9;10;11;12,,https://www.jra.go.jp/datafile/seiseki/report/2010/5tokyo.pdf
2010,2010050506,東京,5,6,2010-11-21,12,1;2;3;4;5;6;7;8;9;10;11;12,,https://www.jra.go.jp/datafile/seiseki/report/2010/5tokyo.pdf
2010,2010050507,東京,5,7,2010-11-27,12,1;2;3;4;5;6;7;8;9;10;11;12,,https://www.jra.go.jp/datafile/seiseki/report/2010/5tokyo.pdf
2010,2010050508,東京,5,8,2010-11-28,11,1;2;3;4;5;6;7;8;9;10;11,12,https://www.jra.go.jp/datafile/seiseki/report/2010/5tokyo.pdf
2010,2010060101,中山,1,1,2010-01-05,12,1;2;3;4;5;6;7;8;9;10;11;12,,https://www.jra.go.jp/datafile/seiseki/report/2010/1naka.pdf
2010,2010060102,中山,1,2,2010-01-09,12,1;2;3;4;5;6;7;8;9;10;11;12,,https://www.jra.go.jp/datafile/seiseki/report/2010/1naka.pdf
2010,2010060103,中山,1,3,2010-01-10,12,1;2;3;4;5;6;7;8;9;10;11;12,,https://www.jra.go.jp/datafile/seiseki/report/2010/1naka.pdf
2010,2010060104,中山,1,4,2010-01-11,12,1;2;3;4;5;6;7;8;9;10;11;12,,https://www.jra.go.jp/datafile/seiseki/report/2010/1naka.pdf
2010,2010060105,中山,1,5,2010-01-16,12,1;2;3;4;5;6;7;8;9;10;11;12,,https://www.jra.go.jp/datafile/seiseki/report/2010/1naka.pdf
2010,2010060106,中山,1,6,2010-01-17,12,1;2;3;4;5;6;7;8;9;10;11;12,,https://www.jra.go.jp/datafile/seiseki/report/2010/1naka.pdf
2010,2010060107,中山,1,7,2010-01-23,12,1;2;3;4;5;6;7;8;9;10;11;12,,https://www.jra.go.jp/datafile/seiseki/report/2010/1naka.pdf
2010,2010060108,中山,1,8,2010-01-24,12,1;2;3;4;5;6;7;8;9;10;11;12,,https://www.jra.go.jp/datafile/seiseki/report/2010/1naka.pdf
2010,2010060201,中山,2,1,2010-02-27,12,1;2;3;4;5;6;7;8;9;10;11;12,,https://www.jra.go.jp/datafile/seiseki/report/2010/2naka.pdf
2010,2010060202,中山,2,2,2010-02-28,12,1;2;3;4;5;6;7;8;9;10;11;12,,https://www.jra.go.jp/datafile/seiseki/report/2010/2naka.pdf
2010,2010060203,中山,2,3,2010-03-06,12,1;2;3;4;5;6;7;8;9;10;11;12,,https://www.jra.go.jp/datafile/seiseki/report/2010/2naka.pdf
2010,2010060204,中山,2,4,2010-03-07,12,1;2;3;4;5;6;7;8;9;10;11;12,,https://www.jra.go.jp/datafile/seiseki/report/2010/2naka.pdf
2010,2010060205,中山,2,5,2010-03-13,12,1;2;3;4;5;6;7;8;9;10;11;12,,https://www.jra.go.jp/datafile/seiseki/report/2010/2naka.pdf
2010,2010060206,中山,2,6,2010-03-14,12,1;2;3;4;5;6;7;8;9;10;11;12,,https://www.jra.go.jp/datafile/seiseki/report/2010/2naka.pdf
2010,2010060207,中山,2,7,2010-03-20,12,1;2;3;4;5;6;7;8;9;10;11;12,,https://www.jra.go.jp/datafile/seiseki/report/2010/2naka.pdf
2010,2010060208,中山,2,8,2010-03-21,12,1;2;3;4;5;6;7;8;9;10;11;12,,https://www.jra.go.jp/datafile/seiseki/report/2010/2naka.pdf
2010,2010060301,中山,3,1,2010-03-27,12,1;2;3;4;5;6;7;8;9;10;11;12,,https://www.jra.go.jp/datafile/seiseki/report/2010/3naka.pdf
2010,2010060302,中山,3,2,2010-03-28,12,1;2;3;4;5;6;7;8;9;10;11;12,,https://www.jra.go.jp/datafile/seiseki/report/2010/3naka.pdf
2010,2010060303,中山,3,3,2010-04-03,12,1;2;3;4;5;6;7;8;9;10;11;12,,https://www.jra.go.jp/datafile/seiseki/report/2010/3naka.pdf
2010,2010060304,中山,3,4,2010-04-04,12,1;2;3;4;5;6;7;8;9;10;11;12,,https://www.jra.go.jp/datafile/seiseki/report/2010/3naka.pdf
2010,2010060305,中山,3,5,2010-04-10,12,1;2;3;4;5;6;7;8;9;10;11;12,,https://www.jra.go.jp/datafile/seiseki/report/2010/3naka.pdf
2010,2010060306,中山,3,6,2010-04-11,12,1;2;3;4;5;6;7;8;9;10;11;12,,https://www.jra.go.jp/datafile/seiseki/report/2010/3naka.pdf
2010,2010060307,中山,3,7,2010-04-17,12,1;2;3;4;5;6;7;8;9;10;11;12,,https://www.jra.go.jp/datafile/seiseki/report/2010/3naka.pdf
2010,2010060308,中山,3,8,2010-04-18,12,1;2;3;4;5;6;7;8;9;10;11;12,,https://www.jra.go.jp/datafile/seiseki/report/2010/3naka.pdf
2010,2010060401,中山,4,1,2010-09-11,12,1;2;3;4;5;6;7;8;9;10;11;12,,https://www.jra.go.jp/datafile/seiseki/report/2010/4naka.pdf
2010,2010060402,中山,4,2,2010-09-12,12,1;2;3;4;5;6;7;8;9;10;11;12,,https://www.jra.go.jp/datafile/seiseki/report/2010/4naka.pdf
2010,2010060403,中山,4,3,2010-09-18,12,1;2;3;4;5;6;7;8;9;10;11;12,,https://www.jra.go.jp/datafile/seiseki/report/2010/4naka.pdf
2010,2010060404,中山,4,4,2010-09-19,12,1;2;3;4;5;6;7;8;9;10;11;12,,https://www.jra.go.jp/datafile/seiseki/report/2010/4naka.pdf
2010,2010060405,中山,4,5,2010-09-25,12,1;2;3;4;5;6;7;8;9;10;11;12,,https://www.jra.go.jp/datafile/seiseki/report/2010/4naka.pdf
2010,2010060406,中山,4,6,2010-09-26,12,1;2;3;4;5;6;7;8;9;10;11;12,,https://www.jra.go.jp/datafile/seiseki/report/2010/4naka.pdf
2010,2010060407,中山,4,7,2010-10-02,12,1;2;3;4;5;6;7;8;9;10;11;12,,https://www.jra.go.jp/datafile/seiseki/report/2010/4naka.pdf
2010,2010060408,中山,4,8,2010-10-03,12,1;2;3;4;5;6;7;8;9;10;11;12,,https://www.jra.go.jp/datafile/seiseki/report/2010/4naka.pdf
2010,2010060501,中山,5,1,2010-12-04,12,1;2;3;4;5;6;7;8;9;10;11;12,,https://www.jra.go.jp/datafile/seiseki/report/2010/5naka.pdf
2010,2010060502,中山,5,2,2010-12-05,12,1;2;3;4;5;6;7;8;9;10;11;12,,https://www.jra.go.jp/datafile/seiseki/report/2010/5naka.pdf
2010,2010060503,中山,5,3,2010-12-11,12,1;2;3;4;5;6;7;8;9;10;11;12,,https://www.jra.go.jp/datafile/seiseki/report/2010/5naka.pdf
2010,2010060504,中山,5,4,2010-12-12,12,1;2;3;4;5;6;7;8;9;10;11;12,,https://www.jra.go.jp/datafile/seiseki/report/2010/5naka.pdf
2010,2010060505,中山,5,5,2010-12-18,12,1;2;3;4;5;6;7;8;9;10;11;12,,https://www.jra.go.jp/datafile/seiseki/report/2010/5naka.pdf
2010,2010060506,中山,5,6,2010-12-19,12,1;2;3;4;5;6;7;8;9;10;11;12,,https://www.jra.go.jp/datafile/seiseki/report/2010/5naka.pdf
2010,2010060507,中山,5,7,2010-12-25,12,1;2;3;4;5;6;7;8;9;10;11;12,,https://www.jra.go.jp/datafile/seiseki/report/2010/5naka.pdf
2010,2010060508,中山,5,8,2010-12-26,11,1;2;3;4;5;6;7;8;9;10;11,12,https://www.jra.go.jp/datafile/seiseki/report/2010/5naka.pdf
2010,2010070101,中京,1,1,2010-01-23,12,1;2;3;4;5;6;7;8;9;10;11;12,,https://www.jra.go.jp/datafile/seiseki/report/2010/1chu.pdf
2010,2010070102,中京,1,2,2010-01-24,12,1;2;3;4;5;6;7;8;9;10;11;12,,https://www.jra.go.jp/datafile/seiseki/report/2010/1chu.pdf
2010,2010070103,中京,1,3,2010-01-30,12,1;2;3;4;5;6;7;8;9;10;11;12,,https://www.jra.go.jp/datafile/seiseki/report/2010/1chu.pdf
2010,2010070104,中京,1,4,2010-01-31,12,1;2;3;4;5;6;7;8;9;10;11;12,,https://www.jra.go.jp/datafile/seiseki/report/2010/1chu.pdf
2010,2010070105,中京,1,5,2010-02-06,12,1;2;3;4;5;6;7;8;9;10;11;12,,https://www.jra.go.jp/datafile/seiseki/report/2010/1chu.pdf
2010,2010070106,中京,1,6,2010-02-07,12,1;2;3;4;5;6;7;8;9;10;11;12,,https://www.jra.go.jp/datafile/seiseki/report/2010/1chu.pdf
2010,2010070107,中京,1,7,2010-02-13,12,1;2;3;4;5;6;7;8;9;10;11;12,,https://www.jra.go.jp/datafile/seiseki/report/2010/1chu.pdf
2010,2010070108,中京,1,8,2010-02-14,12,1;2;3;4;5;6;7;8;9;10;11;12,,https://www.jra.go.jp/datafile/seiseki/report/2010/1chu.pdf
2010,2010070201,中京,2,1,2010-03-06,12,1;2;3;4;5;6;7;8;9;10;11;12,,https://www.jra.go.jp/datafile/seiseki/report/2010/2chu.pdf
2010,2010070202,中京,2,2,2010-03-07,12,1;2;3;4;5;6;7;8;9;10;11;12,,https://www.jra.go.jp/datafile/seiseki/report/2010/2chu.pdf
2010,2010070203,中京,2,3,2010-03-13,12,1;2;3;4;5;6;7;8;9;10;11;12,,https://www.jra.go.jp/datafile/seiseki/report/2010/2chu.pdf
2010,2010070204,中京,2,4,2010-03-14,12,1;2;3;4;5;6;7;8;9;10;11;12,,https://www.jra.go.jp/datafile/seiseki/report/2010/2chu.pdf
2010,2010070205,中京,2,5,2010-03-20,12,1;2;3;4;5;6;7;8;9;10;11;12,,https://www.jra.go.jp/datafile/seiseki/report/2010/2chu.pdf
2010,2010070206,中京,2,6,2010-03-21,12,1;2;3;4;5;6;7;8;9;10;11;12,,https://www.jra.go.jp/datafile/seiseki/report/2010/2chu.pdf
2010,2010070207,中京,2,7,2010-03-27,12,1;2;3;4;5;6;7;8;9;10;11;12,,https://www.jra.go.jp/datafile/seiseki/report/2010/2chu.pdf
2010,2010070208,中京,2,8,2010-03-28,12,1;2;3;4;5;6;7;8;9;10;11;12,,https://www.jra.go.jp/datafile/seiseki/report/2010/2chu.pdf
2010,2010080101,京都,1,1,2010-01-05,12,1;2;3;4;5;6;7;8;9;10;11;12,,https://www.jra.go.jp/datafile/seiseki/report/2010/1kyo.pdf
2010,2010080102,京都,1,2,2010-01-09,12,1;2;3;4;5;6;7;8;9;10;11;12,,https://www.jra.go.jp/datafile/seiseki/report/2010/1kyo.pdf
2010,2010080103,京都,1,3,2010-01-10,12,1;2;3;4;5;6;7;8;9;10;11;12,,https://www.jra.go.jp/datafile/seiseki/report/2010/1kyo.pdf
2010,2010080104,京都,1,4,2010-01-11,12,1;2;3;4;5;6;7;8;9;10;11;12,,https://www.jra.go.jp/datafile/seiseki/report/2010/1kyo.pdf
2010,2010080105,京都,1,5,2010-01-16,12,1;2;3;4;5;6;7;8;9;10;11;12,,https://www.jra.go.jp/datafile/seiseki/report/2010/1kyo.pdf
2010,2010080106,京都,1,6,2010-01-17,12,1;2;3;4;5;6;7;8;9;10;11;12,,https://www.jra.go.jp/datafile/seiseki/report/2010/1kyo.pdf
2010,2010080107,京都,1,7,2010-01-23,12,1;2;3;4;5;6;7;8;9;10;11;12,,https://www.jra.go.jp/datafile/seiseki/report/2010/1kyo.pdf
2010,2010080108,京都,1,8,2010-01-24,12,1;2;3;4;5;6;7;8;9;10;11;12,,https://www.jra.go.jp/datafile/seiseki/report/2010/1kyo.pdf
2010,2010080201,京都,2,1,2010-01-30,12,1;2;3;4;5;6;7;8;9;10;11;12,,https://www.jra.go.jp/datafile/seiseki/report/2010/2kyo.pdf
2010,2010080202,京都,2,2,2010-01-31,12,1;2;3;4;5;6;7;8;9;10;11;12,,https://www.jra.go.jp/datafile/seiseki/report/2010/2kyo.pdf
2010,2010080203,京都,2,3,2010-02-06,12,1;2;3;4;5;6;7;8;9;10;11;12,,https://www.jra.go.jp/datafile/seiseki/report/2010/2kyo.pdf
2010,2010080204,京都,2,4,2010-02-07,12,1;2;3;4;5;6;7;8;9;10;11;12,,https://www.jra.go.jp/datafile/seiseki/report/2010/2kyo.pdf
2010,2010080205,京都,2,5,2010-02-13,12,1;2;3;4;5;6;7;8;9;10;11;12,,https://www.jra.go.jp/datafile/seiseki/report/2010/2kyo.pdf
2010,2010080206,京都,2,6,2010-02-14,12,1;2;3;4;5;6;7;8;9;10;11;12,,https://www.jra.go.jp/datafile/seiseki/report/2010/2kyo.pdf
2010,2010080207,京都,2,7,2010-02-20,12,1;2;3;4;5;6;7;8;9;10;11;12,,https://www.jra.go.jp/datafile/seiseki/report/2010/2kyo.pdf
2010,2010080208,京都,2,8,2010-02-21,12,1;2;3;4;5;6;7;8;9;10;11;12,,https://www.jra.go.jp/datafile/seiseki/report/2010/2kyo.pdf
2010,2010080301,京都,3,1,2010-04-24,12,1;2;3;4;5;6;7;8;9;10;11;12,,https://www.jra.go.jp/datafile/seiseki/report/2010/3kyo.pdf
2010,2010080302,京都,3,2,2010-04-25,12,1;2;3;4;5;6;7;8;9;10;11;12,,https://www.jra.go.jp/datafile/seiseki/report/2010/3kyo.pdf
2010,2010080303,京都,3,3,2010-05-01,12,1;2;3;4;5;6;7;8;9;10;11;12,,https://www.jra.go.jp/datafile/seiseki/report/2010/3kyo.pdf
2010,2010080304,京都,3,4,2010-05-02,12,1;2;3;4;5;6;7;8;9;10;11;12,,https://www.jra.go.jp/datafile/seiseki/report/2010/3kyo.pdf
2010,2010080305,京都,3,5,2010-05-08,12,1;2;3;4;5;6;7;8;9;10;11;12,,https://www.jra.go.jp/datafile/seiseki/report/2010/3kyo.pdf
2010,2010080306,京都,3,6,2010-05-09,12,1;2;3;4;5;6;7;8;9;10;11;12,,https://www.jra.go.jp/datafile/seiseki/report/2010/3kyo.pdf
2010,2010080307,京都,3,7,2010-05-15,12,1;2;3;4;5;6;7;8;9;10;11;12,,https://www.jra.go.jp/datafile/seiseki/report/2010/3kyo.pdf
2010,2010080308,京都,3,8,2010-05-16,12,1;2;3;4;5;6;7;8;9;10;11;12,,https://www.jra.go.jp/datafile/seiseki/report/2010/3kyo.pdf
2010,2010080401,京都,4,1,2010-05-22,12,1;2;3;4;5;6;7;8;9;10;11;12,,https://www.jra.go.jp/datafile/seiseki/report/2010/4kyo.pdf
2010,2010080402,京都,4,2,2010-05-23,12,1;2;3;4;5;6;7;8;9;10;11;12,,https://www.jra.go.jp/datafile/seiseki/report/2010/4kyo.pdf
2010,2010080403,京都,4,3,2010-05-29,12,1;2;3;4;5;6;7;8;9;10;11;12,,https://www.jra.go.jp/datafile/seiseki/report/2010/4kyo.pdf
2010,2010080404,京都,4,4,2010-05-30,12,1;2;3;4;5;6;7;8;9;10;11;12,,https://www.jra.go.jp/datafile/seiseki/report/2010/4kyo.pdf
2010,2010080405,京都,4,5,2010-06-05,12,1;2;3;4;5;6;7;8;9;10;11;12,,https://www.jra.go.jp/datafile/seiseki/report/2010/4kyo.pdf
2010,2010080406,京都,4,6,2010-06-06,12,1;2;3;4;5;6;7;8;9;10;11;12,,https://www.jra.go.jp/datafile/seiseki/report/2010/4kyo.pdf
2010,2010080407,京都,4,7,2010-06-12,12,1;2;3;4;5;6;7;8;9;10;11;12,,https://www.jra.go.jp/datafile/seiseki/report/2010/4kyo.pdf
2010,2010080408,京都,4,8,2010-06-13,12,1;2;3;4;5;6;7;8;9;10;11;12,,https://www.jra.go.jp/datafile/seiseki/report/2010/4kyo.pdf
2010,2010080501,京都,5,1,2010-10-09,12,1;2;3;4;5;6;7;8;9;10;11;12,,https://www.jra.go.jp/datafile/seiseki/report/2010/5kyo.pdf
2010,2010080502,京都,5,2,2010-10-10,12,1;2;3;4;5;6;7;8;9;10;11;12,,https://www.jra.go.jp/datafile/seiseki/report/2010/5kyo.pdf
2010,2010080503,京都,5,3,2010-10-16,12,1;2;3;4;5;6;7;8;9;10;11;12,,https://www.jra.go.jp/datafile/seiseki/report/2010/5kyo.pdf
2010,2010080504,京都,5,4,2010-10-17,12,1;2;3;4;5;6;7;8;9;10;11;12,,https://www.jra.go.jp/datafile/seiseki/report/2010/5kyo.pdf
2010,2010080505,京都,5,5,2010-10-23,12,1;2;3;4;5;6;7;8;9;10;11;12,,https://www.jra.go.jp/datafile/seiseki/report/2010/5kyo.pdf
2010,2010080506,京都,5,6,2010-10-24,12,1;2;3;4;5;6;7;8;9;10;11;12,,https://www.jra.go.jp/datafile/seiseki/report/2010/5kyo.pdf
2010,2010080507,京都,5,7,2010-10-30,12,1;2;3;4;5;6;7;8;9;10;11;12,,https://www.jra.go.jp/datafile/seiseki/report/2010/5kyo.pdf
2010,2010080508,京都,5,8,2010-10-31,12,1;2;3;4;5;6;7;8;9;10;11;12,,https://www.jra.go.jp/datafile/seiseki/report/2010/5kyo.pdf
2010,2010080601,京都,6,1,2010-11-06,12,1;2;3;4;5;6;7;8;9;10;11;12,,https://www.jra.go.jp/datafile/seiseki/report/2010/6kyo.pdf
2010,2010080602,京都,6,2,2010-11-07,12,1;2;3;4;5;6;7;8;9;10;11;12,,https://www.jra.go.jp/datafile/seiseki/report/2010/6kyo.pdf
2010,2010080603,京都,6,3,2010-11-13,12,1;2;3;4;5;6;7;8;9;10;11;12,,https://www.jra.go.jp/datafile/seiseki/report/2010/6kyo.pdf
2010,2010080604,京都,6,4,2010-11-14,12,1;2;3;4;5;6;7;8;9;10;11;12,,https://www.jra.go.jp/datafile/seiseki/report/2010/6kyo.pdf
2010,2010080605,京都,6,5,2010-11-20,12,1;2;3;4;5;6;7;8;9;10;11;12,,https://www.jra.go.jp/datafile/seiseki/report/2010/6kyo.pdf
2010,2010080606,京都,6,6,2010-11-21,12,1;2;3;4;5;6;7;8;9;10;11;12,,https://www.jra.go.jp/datafile/seiseki/report/2010/6kyo.pdf
2010,2010080607,京都,6,7,2010-11-27,12,1;2;3;4;5;6;7;8;9;10;11;12,,https://www.jra.go.jp/datafile/seiseki/report/2010/6kyo.pdf
2010,2010080608,京都,6,8,2010-11-28,12,1;2;3;4;5;6;7;8;9;10;11;12,,https://www.jra.go.jp/datafile/seiseki/report/2010/6kyo.pdf
2010,2010090101,阪神,1,1,2010-02-27,12,1;2;3;4;5;6;7;8;9;10;11;12,,https://www.jra.go.jp/datafile/seiseki/report/2010/1han.pdf
2010,2010090102,阪神,1,2,2010-02-28,12,1;2;3;4;5;6;7;8;9;10;11;12,,https://www.jra.go.jp/datafile/seiseki/report/2010/1han.pdf
2010,2010090103,阪神,1,3,2010-03-06,12,1;2;3;4;5;6;7;8;9;10;11;12,,https://www.jra.go.jp/datafile/seiseki/report/2010/1han.pdf
2010,2010090104,阪神,1,4,2010-03-07,12,1;2;3;4;5;6;7;8;9;10;11;12,,https://www.jra.go.jp/datafile/seiseki/report/2010/1han.pdf
2010,2010090105,阪神,1,5,2010-03-13,12,1;2;3;4;5;6;7;8;9;10;11;12,,https://www.jra.go.jp/datafile/seiseki/report/2010/1han.pdf
2010,2010090106,阪神,1,6,2010-03-14,12,1;2;3;4;5;6;7;8;9;10;11;12,,https://www.jra.go.jp/datafile/seiseki/report/2010/1han.pdf
2010,2010090107,阪神,1,7,2010-03-20,12,1;2;3;4;5;6;7;8;9;10;11;12,,https://www.jra.go.jp/datafile/seiseki/report/2010/1han.pdf
2010,2010090108,阪神,1,8,2010-03-21,12,1;2;3;4;5;6;7;8;9;10;11;12,,https://www.jra.go.jp/datafile/seiseki/report/2010/1han.pdf
2010,2010090201,阪神,2,1,2010-03-27,12,1;2;3;4;5;6;7;8;9;10;11;12,,https://www.jra.go.jp/datafile/seiseki/report/2010/2han.pdf
2010,2010090202,阪神,2,2,2010-03-28,12,1;2;3;4;5;6;7;8;9;10;11;12,,https://www.jra.go.jp/datafile/seiseki/report/2010/2han.pdf
2010,2010090203,阪神,2,3,2010-04-03,12,1;2;3;4;5;6;7;8;9;10;11;12,,https://www.jra.go.jp/datafile/seiseki/report/2010/2han.pdf
2010,2010090204,阪神,2,4,2010-04-04,12,1;2;3;4;5;6;7;8;9;10;11;12,,https://www.jra.go.jp/datafile/seiseki/report/2010/2han.pdf
2010,2010090205,阪神,2,5,2010-04-10,12,1;2;3;4;5;6;7;8;9;10;11;12,,https://www.jra.go.jp/datafile/seiseki/report/2010/2han.pdf
2010,2010090206,阪神,2,6,2010-04-11,12,1;2;3;4;5;6;7;8;9;10;11;12,,https://www.jra.go.jp/datafile/seiseki/report/2010/2han.pdf
2010,2010090207,阪神,2,7,2010-04-17,12,1;2;3;4;5;6;7;8;9;10;11;12,,https://www.jra.go.jp/datafile/seiseki/report/2010/2han.pdf
2010,2010090208,阪神,2,8,2010-04-18,12,1;2;3;4;5;6;7;8;9;10;11;12,,https://www.jra.go.jp/datafile/seiseki/report/2010/2han.pdf
2010,2010090301,阪神,3,1,2010-06-19,12,1;2;3;4;5;6;7;8;9;10;11;12,,https://www.jra.go.jp/datafile/seiseki/report/2010/3han.pdf
2010,2010090302,阪神,3,2,2010-06-20,12,1;2;3;4;5;6;7;8;9;10;11;12,,https://www.jra.go.jp/datafile/seiseki/report/2010/3han.pdf
2010,2010090303,阪神,3,3,2010-06-26,12,1;2;3;4;5;6;7;8;9;10;11;12,,https://www.jra.go.jp/datafile/seiseki/report/2010/3han.pdf
2010,2010090304,阪神,3,4,2010-06-27,12,1;2;3;4;5;6;7;8;9;10;11;12,,https://www.jra.go.jp/datafile/seiseki/report/2010/3han.pdf
2010,2010090305,阪神,3,5,2010-07-03,12,1;2;3;4;5;6;7;8;9;10;11;12,,https://www.jra.go.jp/datafile/seiseki/report/2010/3han.pdf
2010,2010090306,阪神,3,6,2010-07-04,12,1;2;3;4;5;6;7;8;9;10;11;12,,https://www.jra.go.jp/datafile/seiseki/report/2010/3han.pdf
2010,2010090307,阪神,3,7,2010-07-10,12,1;2;3;4;5;6;7;8;9;10;11;12,,https://www.jra.go.jp/datafile/seiseki/report/2010/3han.pdf
2010,2010090308,阪神,3,8,2010-07-11,12,1;2;3;4;5;6;7;8;9;10;11;12,,https://www.jra.go.jp/datafile/seiseki/report/2010/3han.pdf
2010,2010090401,阪神,4,1,2010-09-11,12,1;2;3;4;5;6;7;8;9;10;11;12,,https://www.jra.go.jp/datafile/seiseki/report/2010/4han.pdf
2010,2010090402,阪神,4,2,2010-09-12,12,1;2;3;4;5;6;7;8;9;10;11;12,,https://www.jra.go.jp/datafile/seiseki/report/2010/4han.pdf
2010,2010090403,阪神,4,3,2010-09-19,12,1;2;3;4;5;6;7;8;9;10;11;12,,https://www.jra.go.jp/datafile/seiseki/report/2010/4han.pdf
2010,2010090404,阪神,4,4,2010-09-20,12,1;2;3;4;5;6;7;8;9;10;11;12,,https://www.jra.go.jp/datafile/seiseki/report/2010/4han.pdf
2010,2010090405,阪神,4,5,2010-09-25,12,1;2;3;4;5;6;7;8;9;10;11;12,,https://www.jra.go.jp/datafile/seiseki/report/2010/4han.pdf
2010,2010090406,阪神,4,6,2010-09-26,12,1;2;3;4;5;6;7;8;9;10;11;12,,https://www.jra.go.jp/datafile/seiseki/report/2010/4han.pdf
2010,2010090407,阪神,4,7,2010-10-02,12,1;2;3;4;5;6;7;8;9;10;11;12,,https://www.jra.go.jp/datafile/seiseki/report/2010/4han.pdf
2010,2010090408,阪神,4,8,2010-10-03,12,1;2;3;4;5;6;7;8;9;10;11;12,,https://www.jra.go.jp/datafile/seiseki/report/2010/4han.pdf
2010,2010090501,阪神,5,1,2010-12-04,12,1;2;3;4;5;6;7;8;9;10;11;12,,https://www.jra.go.jp/datafile/seiseki/report/2010/5han.pdf
2010,2010090502,阪神,5,2,2010-12-05,12,1;2;3;4;5;6;7;8;9;10;11;12,,https://www.jra.go.jp/datafile/seiseki/report/2010/5han.pdf
2010,2010090503,阪神,5,3,2010-12-11,12,1;2;3;4;5;6;7;8;9;10;11;12,,https://www.jra.go.jp/datafile/seiseki/report/2010/5han.pdf
2010,2010090504,阪神,5,4,2010-12-12,12,1;2;3;4;5;6;7;8;9;10;11;12,,https://www.jra.go.jp/datafile/seiseki/report/2010/5han.pdf
2010,2010090505,阪神,5,5,2010-12-18,12,1;2;3;4;5;6;7;8;9;10;11;12,,https://www.jra.go.jp/datafile/seiseki/report/2010/5han.pdf
2010,2010090506,阪神,5,6,2010-12-19,12,1;2;3;4;5;6;7;8;9;10;11;12,,https://www.jra.go.jp/datafile/seiseki/report/2010/5han.pdf
2010,2010090507,阪神,5,7,2010-12-25,12,1;2;3;4;5;6;7;8;9;10;11;12,,https://www.jra.go.jp/datafile/seiseki/report/2010/5han.pdf
2010,2010090508,阪神,5,8,2010-12-26,12,1;2;3;4;5;6;7;8;9;10;11;12,,https://www.jra.go.jp/datafile/seiseki/report/2010/5han.pdf
2010,2010100101,小倉,1,1,2010-07-17,12,1;2;3;4;5;6;7;8;9;10;11;12,,https://www.jra.go.jp/datafile/seiseki/report/2010/1koku.pdf
2010,2010100102,小倉,1,2,2010-07-18,12,1;2;3;4;5;6;7;8;9;10;11;12,,https://www.jra.go.jp/datafile/seiseki/report/2010/1koku.pdf
2010,2010100103,小倉,1,3,2010-07-24,12,1;2;3;4;5;6;7;8;9;10;11;12,,https://www.jra.go.jp/datafile/seiseki/report/2010/1koku.pdf
2010,2010100104,小倉,1,4,2010-07-25,12,1;2;3;4;5;6;7;8;9;10;11;12,,https://www.jra.go.jp/datafile/seiseki/report/2010/1koku.pdf
2010,2010100105,小倉,1,5,2010-07-31,12,1;2;3;4;5;6;7;8;9;10;11;12,,https://www.jra.go.jp/datafile/seiseki/report/2010/1koku.pdf
2010,2010100106,小倉,1,6,2010-08-01,12,1;2;3;4;5;6;7;8;9;10;11;12,,https://www.jra.go.jp/datafile/seiseki/report/2010/1koku.pdf
2010,2010100107,小倉,1,7,2010-08-07,12,1;2;3;4;5;6;7;8;9;10;11;12,,https://www.jra.go.jp/datafile/seiseki/report/2010/1koku.pdf
2010,2010100108,小倉,1,8,2010-08-08,12,1;2;3;4;5;6;7;8;9;10;11;12,,https://www.jra.go.jp/datafile/seiseki/report/2010/1koku.pdf
2010,2010100201,小倉,2,1,2010-08-14,12,1;2;3;4;5;6;7;8;9;10;11;12,,https://www.jra.go.jp/datafile/seiseki/report/2010/2koku.pdf
2010,2010100202,小倉,2,2,2010-08-15,12,1;2;3;4;5;6;7;8;9;10;11;12,,https://www.jra.go.jp/datafile/seiseki/report/2010/2koku.pdf
2010,2010100203,小倉,2,3,2010-08-21,12,1;2;3;4;5;6;7;8;9;10;11;12,,https://www.jra.go.jp/datafile/seiseki/report/2010/2koku.pdf
2010,2010100204,小倉,2,4,2010-08-22,12,1;2;3;4;5;6;7;8;9;10;11;12,,https://www.jra.go.jp/datafile/seiseki/report/2010/2koku.pdf
2010,2010100205,小倉,2,5,2010-08-28,12,1;2;3;4;5;6;7;8;9;10;11;12,,https://www.jra.go.jp/datafile/seiseki/report/2010/2koku.pdf
2010,2010100206,小倉,2,6,2010-08-29,12,1;2;3;4;5;6;7;8;9;10;11;12,,https://www.jra.go.jp/datafile/seiseki/report/2010/2koku.pdf
2010,2010100207,小倉,2,7,2010-09-04,12,1;2;3;4;5;6;7;8;9;10;11;12,,https://www.jra.go.jp/datafile/seiseki/report/2010/2koku.pdf
2010,2010100208,小倉,2,8,2010-09-05,12,1;2;3;4;5;6;7;8;9;10;11;12,,https://www.jra.go.jp/datafile/seiseki/report/2010/2koku.pdf
2010,2010100301,小倉,3,1,2010-12-04,12,1;2;3;4;5;6;7;8;9;10;11;12,,https://www.jra.go.jp/datafile/seiseki/report/2010/3koku.pdf
2010,2010100302,小倉,3,2,2010-12-05,12,1;2;3;4;5;6;7;8;9;10;11;12,,https://www.jra.go.jp/datafile/seiseki/report/2010/3koku.pdf
2010,2010100303,小倉,3,3,2010-12-11,12,1;2;3;4;5;6;7;8;9;10;11;12,,https://www.jra.go.jp/datafile/seiseki/report/2010/3koku.pdf
2010,2010100304,小倉,3,4,2010-12-12,12,1;2;3;4;5;6;7;8;9;10;11;12,,https://www.jra.go.jp/datafile/seiseki/report/2010/3koku.pdf
2010,2010100305,小倉,3,5,2010-12-18,12,1;2;3;4;5;6;7;8;9;10;11;12,,https://www.jra.go.jp/datafile/seiseki/report/2010/3koku.pdf
2010,2010100306,小倉,3,6,2010-12-19,12,1;2;3;4;5;6;7;8;9;10;11;12,,https://www.jra.go.jp/datafile/seiseki/report/2010/3koku.pdf
2010,2010100307,小倉,3,7,2010-12-25,12,1;2;3;4;5;6;7;8;9;10;11;12,,https://www.jra.go.jp/datafile/seiseki/report/2010/3koku.pdf
2010,2010100308,小倉,3,8,2010-12-26,12,1;2;3;4;5;6;7;8;9;10;11;12,,https://www.jra.go.jp/datafile/seiseki/report/2010/3koku.pdf
2011,2011010101,札幌,1,1,2011-08-13,12,1;2;3;4;5;6;7;8;9;10;11;12,,https://www.jra.go.jp/datafile/seiseki/report/2011/2011-1sapporo1.pdf
2011,2011010102,札幌,1,2,2011-08-14,12,1;2;3;4;5;6;7;8;9;10;11;12,,https://www.jra.go.jp/datafile/seiseki/report/2011/2011-1sapporo2.pdf
2011,2011010103,札幌,1,3,2011-08-20,12,1;2;3;4;5;6;7;8;9;10;11;12,,https://www.jra.go.jp/datafile/seiseki/report/2011/2011-1sapporo3.pdf
2011,2011010104,札幌,1,4,2011-08-21,12,1;2;3;4;5;6;7;8;9;10;11;12,,https://www.jra.go.jp/datafile/seiseki/report/2011/2011-1sapporo4.pdf
2011,2011010105,札幌,1,5,2011-08-27,12,1;2;3;4;5;6;7;8;9;10;11;12,,https://www.jra.go.jp/datafile/seiseki/report/2011/2011-1sapporo5.pdf
2011,2011010106,札幌,1,6,2011-08-28,12,1;2;3;4;5;6;7;8;9;10;11;12,,https://www.jra.go.jp/datafile/seiseki/report/2011/2011-1sapporo6.pdf
2011,2011010107,札幌,1,7,2011-09-03,12,1;2;3;4;5;6;7;8;9;10;11;12,,https://www.jra.go.jp/datafile/seiseki/report/2011/2011-1sapporo7.pdf
2011,2011010108,札幌,1,8,2011-09-04,12,1;2;3;4;5;6;7;8;9;10;11;12,,https://www.jra.go.jp/datafile/seiseki/report/2011/2011-1sapporo8.pdf
2011,2011010201,札幌,2,1,2011-09-10,12,1;2;3;4;5;6;7;8;9;10;11;12,,https://www.jra.go.jp/datafile/seiseki/report/2011/2011-2sapporo1.pdf
2011,2011010202,札幌,2,2,2011-09-11,12,1;2;3;4;5;6;7;8;9;10;11;12,,https://www.jra.go.jp/datafile/seiseki/report/2011/2011-2sapporo2.pdf
2011,2011010203,札幌,2,3,2011-09-17,12,1;2;3;4;5;6;7;8;9;10;11;12,,https://www.jra.go.jp/datafile/seiseki/report/2011/2011-2sapporo3.pdf
2011,2011010204,札幌,2,4,2011-09-19,12,1;2;3;4;5;6;7;8;9;10;11;12,,https://www.jra.go.jp/datafile/seiseki/report/2011/2011-2sapporo4.pdf
2011,2011010205,札幌,2,5,2011-09-24,12,1;2;3;4;5;6;7;8;9;10;11;12,,https://www.jra.go.jp/datafile/seiseki/report/2011/2011-2sapporo5.pdf
2011,2011010206,札幌,2,6,2011-09-25,12,1;2;3;4;5;6;7;8;9;10;11;12,,https://www.jra.go.jp/datafile/seiseki/report/2011/2011-2sapporo6.pdf
2011,2011010207,札幌,2,7,2011-10-01,12,1;2;3;4;5;6;7;8;9;10;11;12,,https://www.jra.go.jp/datafile/seiseki/report/2011/2011-2sapporo7.pdf
2011,2011010208,札幌,2,8,2011-10-02,12,1;2;3;4;5;6;7;8;9;10;11;12,,https://www.jra.go.jp/datafile/seiseki/report/2011/2011-2sapporo8.pdf
2011,2011020101,函館,1,1,2011-06-18,12,1;2;3;4;5;6;7;8;9;10;11;12,,https://www.jra.go.jp/datafile/seiseki/report/2011/2011-1hakodate1.pdf
2011,2011020102,函館,1,2,2011-06-19,12,1;2;3;4;5;6;7;8;9;10;11;12,,https://www.jra.go.jp/datafile/seiseki/report/2011/2011-1hakodate2.pdf
2011,2011020103,函館,1,3,2011-06-25,12,1;2;3;4;5;6;7;8;9;10;11;12,,https://www.jra.go.jp/datafile/seiseki/report/2011/2011-1hakodate3.pdf
2011,2011020104,函館,1,4,2011-06-26,12,1;2;3;4;5;6;7;8;9;10;11;12,,https://www.jra.go.jp/datafile/seiseki/report/2011/2011-1hakodate4.pdf
2011,2011020105,函館,1,5,2011-07-02,12,1;2;3;4;5;6;7;8;9;10;11;12,,https://www.jra.go.jp/datafile/seiseki/report/2011/2011-1hakodate5.pdf
2011,2011020106,函館,1,6,2011-07-03,12,1;2;3;4;5;6;7;8;9;10;11;12,,https://www.jra.go.jp/datafile/seiseki/report/2011/2011-1hakodate6.pdf
2011,2011020107,函館,1,7,2011-07-09,12,1;2;3;4;5;6;7;8;9;10;11;12,,https://www.jra.go.jp/datafile/seiseki/report/2011/2011-1hakodate7.pdf
2011,2011020108,函館,1,8,2011-07-10,12,1;2;3;4;5;6;7;8;9;10;11;12,,https://www.jra.go.jp/datafile/seiseki/report/2011/2011-1hakodate8.pdf
2011,2011020201,函館,2,1,2011-07-16,12,1;2;3;4;5;6;7;8;9;10;11;12,,https://www.jra.go.jp/datafile/seiseki/report/2011/2011-2hakodate1.pdf
2011,2011020202,函館,2,2,2011-07-17,12,1;2;3;4;5;6;7;8;9;10;11;12,,https://www.jra.go.jp/datafile/seiseki/report/2011/2011-2hakodate2.pdf
2011,2011020203,函館,2,3,2011-07-23,12,1;2;3;4;5;6;7;8;9;10;11;12,,https://www.jra.go.jp/datafile/seiseki/report/2011/2011-2hakodate3.pdf
2011,2011020204,函館,2,4,2011-07-24,12,1;2;3;4;5;6;7;8;9;10;11;12,,https://www.jra.go.jp/datafile/seiseki/report/2011/2011-2hakodate4.pdf
2011,2011020205,函館,2,5,2011-07-30,12,1;2;3;4;5;6;7;8;9;10;11;12,,https://www.jra.go.jp/datafile/seiseki/report/2011/2011-2hakodate5.pdf
2011,2011020206,函館,2,6,2011-07-31,12,1;2;3;4;5;6;7;8;9;10;11;12,,https://www.jra.go.jp/datafile/seiseki/report/2011/2011-2hakodate6.pdf
2011,2011020207,函館,2,7,2011-08-06,12,1;2;3;4;5;6;7;8;9;10;11;12,,https://www.jra.go.jp/datafile/seiseki/report/2011/2011-2hakodate7.pdf
2011,2011020208,函館,2,8,2011-08-07,12,1;2;3;4;5;6;7;8;9;10;11;12,,https://www.jra.go.jp/datafile/seiseki/report/2011/2011-2hakodate8.pdf
2011,2011040101,新潟,1,1,2011-04-23,12,1;2;3;4;5;6;7;8;9;10;11;12,,https://www.jra.go.jp/datafile/seiseki/report/2011/2011-1niigata1.pdf
2011,2011040102,新潟,1,2,2011-04-24,12,1;2;3;4;5;6;7;8;9;10;11;12,,https://www.jra.go.jp/datafile/seiseki/report/2011/2011-1niigata2.pdf
2011,2011040103,新潟,1,3,2011-04-30,12,1;2;3;4;5;6;7;8;9;10;11;12,,https://www.jra.go.jp/datafile/seiseki/report/2011/2011-1niigata3.pdf
2011,2011040104,新潟,1,4,2011-05-01,12,1;2;3;4;5;6;7;8;9;10;11;12,,https://www.jra.go.jp/datafile/seiseki/report/2011/2011-1niigata4.pdf
2011,2011040105,新潟,1,5,2011-05-07,12,1;2;3;4;5;6;7;8;9;10;11;12,,https://www.jra.go.jp/datafile/seiseki/report/2011/2011-1niigata5.pdf
2011,2011040106,新潟,1,6,2011-05-08,12,1;2;3;4;5;6;7;8;9;10;11;12,,https://www.jra.go.jp/datafile/seiseki/report/2011/2011-1niigata6.pdf
2011,2011040107,新潟,1,7,2011-05-14,12,1;2;3;4;5;6;7;8;9;10;11;12,,https://www.jra.go.jp/datafile/seiseki/report/2011/2011-1niigata7.pdf
2011,2011040108,新潟,1,8,2011-05-15,12,1;2;3;4;5;6;7;8;9;10;11;12,,https://www.jra.go.jp/datafile/seiseki/report/2011/2011-1niigata8.pdf
2011,2011040109,新潟,1,9,2011-05-21,12,1;2;3;4;5;6;7;8;9;10;11;12,,https://www.jra.go.jp/datafile/seiseki/report/2011/2011-1niigata9.pdf
2011,2011040110,新潟,1,10,2011-05-22,12,1;2;3;4;5;6;7;8;9;10;11;12,,https://www.jra.go.jp/datafile/seiseki/report/2011/2011-1niigata10.pdf
2011,2011040201,新潟,2,1,2011-05-28,12,1;2;3;4;5;6;7;8;9;10;11;12,,https://www.jra.go.jp/datafile/seiseki/report/2011/2011-2niigata1.pdf
2011,2011040202,新潟,2,2,2011-05-29,12,1;2;3;4;5;6;7;8;9;10;11;12,,https://www.jra.go.jp/datafile/seiseki/report/2011/2011-2niigata2.pdf
2011,2011040203,新潟,2,3,2011-06-04,12,1;2;3;4;5;6;7;8;9;10;11;12,,https://www.jra.go.jp/datafile/seiseki/report/2011/2011-2niigata3.pdf
2011,2011040204,新潟,2,4,2011-06-05,12,1;2;3;4;5;6;7;8;9;10;11;12,,https://www.jra.go.jp/datafile/seiseki/report/2011/2011-2niigata4.pdf
2011,2011040205,新潟,2,5,2011-06-11,12,1;2;3;4;5;6;7;8;9;10;11;12,,https://www.jra.go.jp/datafile/seiseki/report/2011/2011-2niigata5.pdf
2011,2011040206,新潟,2,6,2011-06-12,12,1;2;3;4;5;6;7;8;9;10;11;12,,https://www.jra.go.jp/datafile/seiseki/report/2011/2011-2niigata6.pdf
2011,2011040301,新潟,3,1,2011-07-16,12,1;2;3;4;5;6;7;8;9;10;11;12,,https://www.jra.go.jp/datafile/seiseki/report/2011/2011-3niigata1.pdf
2011,2011040302,新潟,3,2,2011-07-17,12,1;2;3;4;5;6;7;8;9;10;11;12,,https://www.jra.go.jp/datafile/seiseki/report/2011/2011-3niigata2.pdf
2011,2011040303,新潟,3,3,2011-07-23,12,1;2;3;4;5;6;7;8;9;10;11;12,,https://www.jra.go.jp/datafile/seiseki/report/2011/2011-3niigata3.pdf
2011,2011040304,新潟,3,4,2011-07-24,12,1;2;3;4;5;6;7;8;9;10;11;12,,https://www.jra.go.jp/datafile/seiseki/report/2011/2011-3niigata4.pdf
2011,2011040305,新潟,3,5,2011-07-30,12,1;2;3;4;5;6;7;8;9;10;11;12,,https://www.jra.go.jp/datafile/seiseki/report/2011/2011-3niigata5.pdf
2011,2011040306,新潟,3,6,2011-07-31,12,1;2;3;4;5;6;7;8;9;10;11;12,,https://www.jra.go.jp/datafile/seiseki/report/2011/2011-3niigata6.pdf
2011,2011040307,新潟,3,7,2011-08-06,12,1;2;3;4;5;6;7;8;9;10;11;12,,https://www.jra.go.jp/datafile/seiseki/report/2011/2011-3niigata7.pdf
2011,2011040308,新潟,3,8,2011-08-07,12,1;2;3;4;5;6;7;8;9;10;11;12,,https://www.jra.go.jp/datafile/seiseki/report/2011/2011-3niigata8.pdf
2011,2011040401,新潟,4,1,2011-08-13,12,1;2;3;4;5;6;7;8;9;10;11;12,,https://www.jra.go.jp/datafile/seiseki/report/2011/2011-4niigata1.pdf
2011,2011040402,新潟,4,2,2011-08-14,12,1;2;3;4;5;6;7;8;9;10;11;12,,https://www.jra.go.jp/datafile/seiseki/report/2011/2011-4niigata2.pdf
2011,2011040403,新潟,4,3,2011-08-20,12,1;2;3;4;5;6;7;8;9;10;11;12,,https://www.jra.go.jp/datafile/seiseki/report/2011/2011-4niigata3.pdf
2011,2011040404,新潟,4,4,2011-08-21,12,1;2;3;4;5;6;7;8;9;10;11;12,,https://www.jra.go.jp/datafile/seiseki/report/2011/2011-4niigata4.pdf
2011,2011040405,新潟,4,5,2011-08-27,12,1;2;3;4;5;6;7;8;9;10;11;12,,https://www.jra.go.jp/datafile/seiseki/report/2011/2011-4niigata5.pdf
2011,2011040406,新潟,4,6,2011-08-28,12,1;2;3;4;5;6;7;8;9;10;11;12,,https://www.jra.go.jp/datafile/seiseki/report/2011/2011-4niigata6.pdf
2011,2011040407,新潟,4,7,2011-09-03,12,1;2;3;4;5;6;7;8;9;10;11;12,,https://www.jra.go.jp/datafile/seiseki/report/2011/2011-4niigata7.pdf
2011,2011040408,新潟,4,8,2011-09-04,12,1;2;3;4;5;6;7;8;9;10;11;12,,https://www.jra.go.jp/datafile/seiseki/report/2011/2011-4niigata8.pdf
2011,2011040501,新潟,5,1,2011-10-15,12,1;2;3;4;5;6;7;8;9;10;11;12,,https://www.jra.go.jp/datafile/seiseki/report/2011/2011-5niigata1.pdf
2011,2011040502,新潟,5,2,2011-10-16,12,1;2;3;4;5;6;7;8;9;10;11;12,,https://www.jra.go.jp/datafile/seiseki/report/2011/2011-5niigata2.pdf
2011,2011040503,新潟,5,3,2011-10-22,12,1;2;3;4;5;6;7;8;9;10;11;12,,https://www.jra.go.jp/datafile/seiseki/report/2011/2011-5niigata3.pdf
2011,2011040504,新潟,5,4,2011-10-23,12,1;2;3;4;5;6;7;8;9;10;11;12,,https://www.jra.go.jp/datafile/seiseki/report/2011/2011-5niigata4.pdf
2011,2011040505,新潟,5,5,2011-10-29,12,1;2;3;4;5;6;7;8;9;10;11;12,,https://www.jra.go.jp/datafile/seiseki/report/2011/2011-5niigata5.pdf
2011,2011040506,新潟,5,6,2011-10-30,12,1;2;3;4;5;6;7;8;9;10;11;12,,https://www.jra.go.jp/datafile/seiseki/report/2011/2011-5niigata6.pdf
2011,2011040507,新潟,5,7,2011-11-05,12,1;2;3;4;5;6;7;8;9;10;11;12,,https://www.jra.go.jp/datafile/seiseki/report/2011/2011-5niigata7.pdf
2011,2011040508,新潟,5,8,2011-11-06,12,1;2;3;4;5;6;7;8;9;10;11;12,,https://www.jra.go.jp/datafile/seiseki/report/2011/2011-5niigata8.pdf
2011,2011040509,新潟,5,9,2011-11-12,12,1;2;3;4;5;6;7;8;9;10;11;12,,https://www.jra.go.jp/datafile/seiseki/report/2011/2011-5niigata9.pdf
2011,2011040510,新潟,5,10,2011-11-13,12,1;2;3;4;5;6;7;8;9;10;11;12,,https://www.jra.go.jp/datafile/seiseki/report/2011/2011-5niigata10.pdf
2011,2011040511,新潟,5,11,2011-11-19,12,1;2;3;4;5;6;7;8;9;10;11;12,,https://www.jra.go.jp/datafile/seiseki/report/2011/2011-5niigata11.pdf
2011,2011040512,新潟,5,12,2011-11-20,12,1;2;3;4;5;6;7;8;9;10;11;12,,https://www.jra.go.jp/datafile/seiseki/report/2011/2011-5niigata12.pdf
2011,2011050101,東京,1,1,2011-01-29,12,1;2;3;4;5;6;7;8;9;10;11;12,,https://www.jra.go.jp/datafile/seiseki/report/2011/2011-1tokyo1.pdf
2011,2011050102,東京,1,2,2011-01-30,12,1;2;3;4;5;6;7;8;9;10;11;12,,https://www.jra.go.jp/datafile/seiseki/report/2011/2011-1tokyo2.pdf
2011,2011050103,東京,1,3,2011-02-05,12,1;2;3;4;5;6;7;8;9;10;11;12,,https://www.jra.go.jp/datafile/seiseki/report/2011/2011-1tokyo3.pdf
2011,2011050104,東京,1,4,2011-02-06,12,1;2;3;4;5;6;7;8;9;10;11;12,,https://www.jra.go.jp/datafile/seiseki/report/2011/2011-1tokyo4.pdf
2011,2011050105,東京,1,5,2011-02-12,12,1;2;3;4;5;6;7;8;9;10;11;12,,https://www.jra.go.jp/datafile/seiseki/report/2011/2011-1tokyo5.pdf
2011,2011050106,東京,1,6,2011-02-13,12,1;2;3;4;5;6;7;8;9;10;11;12,,https://www.jra.go.jp/datafile/seiseki/report/2011/2011-1tokyo6.pdf
2011,2011050107,東京,1,7,2011-02-19,12,1;2;3;4;5;6;7;8;9;10;11;12,,https://www.jra.go.jp/datafile/seiseki/report/2011/2011-1tokyo7.pdf
2011,2011050108,東京,1,8,2011-02-20,12,1;2;3;4;5;6;7;8;9;10;11;12,,https://www.jra.go.jp/datafile/seiseki/report/2011/2011-1tokyo8.pdf
2011,2011050201,東京,2,1,2011-04-23,12,1;2;3;4;5;6;7;8;9;10;11;12,,https://www.jra.go.jp/datafile/seiseki/report/2011/2011-2tokyo1.pdf
2011,2011050202,東京,2,2,2011-04-24,12,1;2;3;4;5;6;7;8;9;10;11;12,,https://www.jra.go.jp/datafile/seiseki/report/2011/2011-2tokyo2.pdf
2011,2011050203,東京,2,3,2011-04-30,12,1;2;3;4;5;6;7;8;9;10;11;12,,https://www.jra.go.jp/datafile/seiseki/report/2011/2011-2tokyo3.pdf
2011,2011050204,東京,2,4,2011-05-01,12,1;2;3;4;5;6;7;8;9;10;11;12,,https://www.jra.go.jp/datafile/seiseki/report/2011/2011-2tokyo4.pdf
2011,2011050205,東京,2,5,2011-05-07,12,1;2;3;4;5;6;7;8;9;10;11;12,,https://www.jra.go.jp/datafile/seiseki/report/2011/2011-2tokyo5.pdf
2011,2011050206,東京,2,6,2011-05-08,12,1;2;3;4;5;6;7;8;9;10;11;12,,https://www.jra.go.jp/datafile/seiseki/report/2011/2011-2tokyo6.pdf
2011,2011050207,東京,2,7,2011-05-14,12,1;2;3;4;5;6;7;8;9;10;11;12,,https://www.jra.go.jp/datafile/seiseki/report/2011/2011-2tokyo7.pdf
2011,2011050208,東京,2,8,2011-05-15,12,1;2;3;4;5;6;7;8;9;10;11;12,,https://www.jra.go.jp/datafile/seiseki/report/2011/2011-2tokyo8.pdf
2011,2011050301,東京,3,1,2011-05-21,12,1;2;3;4;5;6;7;8;9;10;11;12,,https://www.jra.go.jp/datafile/seiseki/report/2011/2011-3tokyo1.pdf
2011,2011050302,東京,3,2,2011-05-22,12,1;2;3;4;5;6;7;8;9;10;11;12,,https://www.jra.go.jp/datafile/seiseki/report/2011/2011-3tokyo2.pdf
2011,2011050303,東京,3,3,2011-05-28,12,1;2;3;4;5;6;7;8;9;10;11;12,,https://www.jra.go.jp/datafile/seiseki/report/2011/2011-3tokyo3.pdf
2011,2011050304,東京,3,4,2011-05-29,12,1;2;3;4;5;6;7;8;9;10;11;12,,https://www.jra.go.jp/datafile/seiseki/report/2011/2011-3tokyo4.pdf
2011,2011050305,東京,3,5,2011-06-04,12,1;2;3;4;5;6;7;8;9;10;11;12,,https://www.jra.go.jp/datafile/seiseki/report/2011/2011-3tokyo5.pdf
2011,2011050306,東京,3,6,2011-06-05,12,1;2;3;4;5;6;7;8;9;10;11;12,,https://www.jra.go.jp/datafile/seiseki/report/2011/2011-3tokyo6.pdf
2011,2011050307,東京,3,7,2011-06-11,12,1;2;3;4;5;6;7;8;9;10;11;12,,https://www.jra.go.jp/datafile/seiseki/report/2011/2011-3tokyo7.pdf
2011,2011050308,東京,3,8,2011-06-12,12,1;2;3;4;5;6;7;8;9;10;11;12,,https://www.jra.go.jp/datafile/seiseki/report/2011/2011-3tokyo8.pdf
2011,2011050401,東京,4,1,2011-10-08,12,1;2;3;4;5;6;7;8;9;10;11;12,,https://www.jra.go.jp/datafile/seiseki/report/2011/2011-4tokyo1.pdf
2011,2011050402,東京,4,2,2011-10-09,12,1;2;3;4;5;6;7;8;9;10;11;12,,https://www.jra.go.jp/datafile/seiseki/report/2011/2011-4tokyo2.pdf
2011,2011050403,東京,4,3,2011-10-10,12,1;2;3;4;5;6;7;8;9;10;11;12,,https://www.jra.go.jp/datafile/seiseki/report/2011/2011-4tokyo3.pdf
2011,2011050404,東京,4,4,2011-10-15,12,1;2;3;4;5;6;7;8;9;10;11;12,,https://www.jra.go.jp/datafile/seiseki/report/2011/2011-4tokyo4.pdf
2011,2011050405,東京,4,5,2011-10-16,12,1;2;3;4;5;6;7;8;9;10;11;12,,https://www.jra.go.jp/datafile/seiseki/report/2011/2011-4tokyo5.pdf
2011,2011050406,東京,4,6,2011-10-22,12,1;2;3;4;5;6;7;8;9;10;11;12,,https://www.jra.go.jp/datafile/seiseki/report/2011/2011-4tokyo6.pdf
2011,2011050407,東京,4,7,2011-10-23,12,1;2;3;4;5;6;7;8;9;10;11;12,,https://www.jra.go.jp/datafile/seiseki/report/2011/2011-4tokyo7.pdf
2011,2011050408,東京,4,8,2011-10-29,12,1;2;3;4;5;6;7;8;9;10;11;12,,https://www.jra.go.jp/datafile/seiseki/report/2011/2011-4tokyo8.pdf
2011,2011050409,東京,4,9,2011-10-30,12,1;2;3;4;5;6;7;8;9;10;11;12,,https://www.jra.go.jp/datafile/seiseki/report/2011/2011-4tokyo9.pdf
2011,2011050501,東京,5,1,2011-11-05,12,1;2;3;4;5;6;7;8;9;10;11;12,,https://www.jra.go.jp/datafile/seiseki/report/2011/2011-5tokyo1.pdf
2011,2011050502,東京,5,2,2011-11-06,12,1;2;3;4;5;6;7;8;9;10;11;12,,https://www.jra.go.jp/datafile/seiseki/report/2011/2011-5tokyo2.pdf
2011,2011050503,東京,5,3,2011-11-12,12,1;2;3;4;5;6;7;8;9;10;11;12,,https://www.jra.go.jp/datafile/seiseki/report/2011/2011-5tokyo3.pdf
2011,2011050504,東京,5,4,2011-11-13,12,1;2;3;4;5;6;7;8;9;10;11;12,,https://www.jra.go.jp/datafile/seiseki/report/2011/2011-5tokyo4.pdf
2011,2011050505,東京,5,5,2011-11-19,12,1;2;3;4;5;6;7;8;9;10;11;12,,https://www.jra.go.jp/datafile/seiseki/report/2011/2011-5tokyo5.pdf
2011,2011050506,東京,5,6,2011-11-20,12,1;2;3;4;5;6;7;8;9;10;11;12,,https://www.jra.go.jp/datafile/seiseki/report/2011/2011-5tokyo6.pdf
2011,2011050507,東京,5,7,2011-11-26,12,1;2;3;4;5;6;7;8;9;10;11;12,,https://www.jra.go.jp/datafile/seiseki/report/2011/2011-5tokyo7.pdf
2011,2011050508,東京,5,8,2011-11-27,11,1;2;3;4;5;6;7;8;9;10;11,12,https://www.jra.go.jp/datafile/seiseki/report/2011/2011-5tokyo8.pdf
2011,2011060101,中山,1,1,2011-01-05,12,1;2;3;4;5;6;7;8;9;10;11;12,,https://www.jra.go.jp/datafile/seiseki/report/2011/2011-1nakayama1.pdf
2011,2011060102,中山,1,2,2011-01-08,12,1;2;3;4;5;6;7;8;9;10;11;12,,https://www.jra.go.jp/datafile/seiseki/report/2011/2011-1nakayama2.pdf
2011,2011060103,中山,1,3,2011-01-09,12,1;2;3;4;5;6;7;8;9;10;11;12,,https://www.jra.go.jp/datafile/seiseki/report/2011/2011-1nakayama3.pdf
2011,2011060104,中山,1,4,2011-01-10,12,1;2;3;4;5;6;7;8;9;10;11;12,,https://www.jra.go.jp/datafile/seiseki/report/2011/2011-1nakayama4.pdf
2011,2011060105,中山,1,5,2011-01-15,12,1;2;3;4;5;6;7;8;9;10;11;12,,https://www.jra.go.jp/datafile/seiseki/report/2011/2011-1nakayama5.pdf
2011,2011060106,中山,1,6,2011-01-16,11,1;2;3;5;6;7;8;9;10;11;12,4,https://www.jra.go.jp/datafile/seiseki/report/2011/2011-1nakayama6.pdf
2011,2011060107,中山,1,7,2011-01-22,12,1;2;3;4;5;6;7;8;9;10;11;12,,https://www.jra.go.jp/datafile/seiseki/report/2011/2011-1nakayama7.pdf
2011,2011060108,中山,1,8,2011-01-23,12,1;2;3;4;5;6;7;8;9;10;11;12,,https://www.jra.go.jp/datafile/seiseki/report/2011/2011-1nakayama8.pdf
2011,2011060201,中山,2,1,2011-02-26,12,1;2;3;4;5;6;7;8;9;10;11;12,,https://www.jra.go.jp/datafile/seiseki/report/2011/2011-2nakayama1.pdf
2011,2011060202,中山,2,2,2011-02-27,12,1;2;3;4;5;6;7;8;9;10;11;12,,https://www.jra.go.jp/datafile/seiseki/report/2011/2011-2nakayama2.pdf
2011,2011060203,中山,2,3,2011-03-05,12,1;2;3;4;5;6;7;8;9;10;11;12,,https://www.jra.go.jp/datafile/seiseki/report/2011/2011-2nakayama3.pdf
2011,2011060204,中山,2,4,2011-03-06,12,1;2;3;4;5;6;7;8;9;10;11;12,,https://www.jra.go.jp/datafile/seiseki/report/2011/2011-2nakayama4.pdf
2011,2011060301,中山,3,1,2011-06-18,12,1;2;3;4;5;6;7;8;9;10;11;12,,https://www.jra.go.jp/datafile/seiseki/report/2011/2011-3nakayama1.pdf
2011,2011060302,中山,3,2,2011-06-19,12,1;2;3;4;5;6;7;8;9;10;11;12,,https://www.jra.go.jp/datafile/seiseki/report/2011/2011-3nakayama2.pdf
2011,2011060303,中山,3,3,2011-06-25,12,1;2;3;4;5;6;7;8;9;10;11;12,,https://www.jra.go.jp/datafile/seiseki/report/2011/2011-3nakayama3.pdf
2011,2011060304,中山,3,4,2011-06-26,12,1;2;3;4;5;6;7;8;9;10;11;12,,https://www.jra.go.jp/datafile/seiseki/report/2011/2011-3nakayama4.pdf
2011,2011060305,中山,3,5,2011-07-02,12,1;2;3;4;5;6;7;8;9;10;11;12,,https://www.jra.go.jp/datafile/seiseki/report/2011/2011-3nakayama5.pdf
2011,2011060306,中山,3,6,2011-07-03,12,1;2;3;4;5;6;7;8;9;10;11;12,,https://www.jra.go.jp/datafile/seiseki/report/2011/2011-3nakayama6.pdf
2011,2011060307,中山,3,7,2011-07-09,12,1;2;3;4;5;6;7;8;9;10;11;12,,https://www.jra.go.jp/datafile/seiseki/report/2011/2011-3nakayama7.pdf
2011,2011060308,中山,3,8,2011-07-10,12,1;2;3;4;5;6;7;8;9;10;11;12,,https://www.jra.go.jp/datafile/seiseki/report/2011/2011-3nakayama8.pdf
2011,2011060401,中山,4,1,2011-09-10,12,1;2;3;4;5;6;7;8;9;10;11;12,,https://www.jra.go.jp/datafile/seiseki/report/2011/2011-4nakayama1.pdf
2011,2011060402,中山,4,2,2011-09-11,12,1;2;3;4;5;6;7;8;9;10;11;12,,https://www.jra.go.jp/datafile/seiseki/report/2011/2011-4nakayama2.pdf
2011,2011060403,中山,4,3,2011-09-17,12,1;2;3;4;5;6;7;8;9;10;11;12,,https://www.jra.go.jp/datafile/seiseki/report/2011/2011-4nakayama3.pdf
2011,2011060404,中山,4,4,2011-09-18,12,1;2;3;4;5;6;7;8;9;10;11;12,,https://www.jra.go.jp/datafile/seiseki/report/2011/2011-4nakayama4.pdf
2011,2011060405,中山,4,5,2011-09-24,12,1;2;3;4;5;6;7;8;9;10;11;12,,https://www.jra.go.jp/datafile/seiseki/report/2011/2011-4nakayama5.pdf
2011,2011060406,中山,4,6,2011-09-25,12,1;2;3;4;5;6;7;8;9;10;11;12,,https://www.jra.go.jp/datafile/seiseki/report/2011/2011-4nakayama6.pdf
2011,2011060407,中山,4,7,2011-10-01,12,1;2;3;4;5;6;7;8;9;10;11;12,,https://www.jra.go.jp/datafile/seiseki/report/2011/2011-4nakayama7.pdf
2011,2011060408,中山,4,8,2011-10-02,12,1;2;3;4;5;6;7;8;9;10;11;12,,https://www.jra.go.jp/datafile/seiseki/report/2011/2011-4nakayama8.pdf
2011,2011060501,中山,5,1,2011-12-03,12,1;2;3;4;5;6;7;8;9;10;11;12,,https://www.jra.go.jp/datafile/seiseki/report/2011/2011-5nakayama1.pdf
2011,2011060502,中山,5,2,2011-12-04,12,1;2;3;4;5;6;7;8;9;10;11;12,,https://www.jra.go.jp/datafile/seiseki/report/2011/2011-5nakayama2.pdf
2011,2011060503,中山,5,3,2011-12-10,12,1;2;3;4;5;6;7;8;9;10;11;12,,https://www.jra.go.jp/datafile/seiseki/report/2011/2011-5nakayama3.pdf
2011,2011060504,中山,5,4,2011-12-11,12,1;2;3;4;5;6;7;8;9;10;11;12,,https://www.jra.go.jp/datafile/seiseki/report/2011/2011-5nakayama4.pdf
2011,2011060505,中山,5,5,2011-12-17,12,1;2;3;4;5;6;7;8;9;10;11;12,,https://www.jra.go.jp/datafile/seiseki/report/2011/2011-5nakayama5.pdf
2011,2011060506,中山,5,6,2011-12-18,12,1;2;3;4;5;6;7;8;9;10;11;12,,https://www.jra.go.jp/datafile/seiseki/report/2011/2011-5nakayama6.pdf
2011,2011060507,中山,5,7,2011-12-24,12,1;2;3;4;5;6;7;8;9;10;11;12,,https://www.jra.go.jp/datafile/seiseki/report/2011/2011-5nakayama7.pdf
2011,2011060508,中山,5,8,2011-12-25,11,1;2;3;4;5;6;7;8;9;10;11,12,https://www.jra.go.jp/datafile/seiseki/report/2011/2011-5nakayama8.pdf
2011,2011080101,京都,1,1,2011-01-05,12,1;2;3;4;5;6;7;8;9;10;11;12,,https://www.jra.go.jp/datafile/seiseki/report/2011/2011-1kyoto1.pdf
2011,2011080102,京都,1,2,2011-01-08,12,1;2;3;4;5;6;7;8;9;10;11;12,,https://www.jra.go.jp/datafile/seiseki/report/2011/2011-1kyoto2.pdf
2011,2011080103,京都,1,3,2011-01-09,12,1;2;3;4;5;6;7;8;9;10;11;12,,https://www.jra.go.jp/datafile/seiseki/report/2011/2011-1kyoto3.pdf
2011,2011080104,京都,1,4,2011-01-10,12,1;2;3;4;5;6;7;8;9;10;11;12,,https://www.jra.go.jp/datafile/seiseki/report/2011/2011-1kyoto4.pdf
2011,2011080105,京都,1,5,2011-01-15,12,1;2;3;4;5;6;7;8;9;10;11;12,,https://www.jra.go.jp/datafile/seiseki/report/2011/2011-1kyoto5.pdf
2011,2011080106,京都,1,6,2011-01-16,12,1;2;3;4;5;6;7;8;9;10;11;12,,https://www.jra.go.jp/datafile/seiseki/report/2011/2011-1kyoto6.pdf
2011,2011080107,京都,1,7,2011-01-22,12,1;2;3;4;5;6;7;8;9;10;11;12,,https://www.jra.go.jp/datafile/seiseki/report/2011/2011-1kyoto7.pdf
2011,2011080108,京都,1,8,2011-01-23,12,1;2;3;4;5;6;7;8;9;10;11;12,,https://www.jra.go.jp/datafile/seiseki/report/2011/2011-1kyoto8.pdf
2011,2011080201,京都,2,1,2011-01-29,12,1;2;3;4;5;6;7;8;9;10;11;12,,https://www.jra.go.jp/datafile/seiseki/report/2011/2011-2kyoto1.pdf
2011,2011080202,京都,2,2,2011-01-30,12,1;2;3;4;5;6;7;8;9;10;11;12,,https://www.jra.go.jp/datafile/seiseki/report/2011/2011-2kyoto2.pdf
2011,2011080203,京都,2,3,2011-02-05,12,1;2;3;4;5;6;7;8;9;10;11;12,,https://www.jra.go.jp/datafile/seiseki/report/2011/2011-2kyoto3.pdf
2011,2011080204,京都,2,4,2011-02-06,12,1;2;3;4;5;6;7;8;9;10;11;12,,https://www.jra.go.jp/datafile/seiseki/report/2011/2011-2kyoto4.pdf
2011,2011080205,京都,2,5,2011-02-12,12,1;2;3;4;5;6;7;8;9;10;11;12,,https://www.jra.go.jp/datafile/seiseki/report/2011/2011-2kyoto5.pdf
2011,2011080206,京都,2,6,2011-02-13,12,1;2;3;4;5;6;7;8;9;10;11;12,,https://www.jra.go.jp/datafile/seiseki/report/2011/2011-2kyoto6.pdf
2011,2011080207,京都,2,7,2011-02-19,12,1;2;3;4;5;6;7;8;9;10;11;12,,https://www.jra.go.jp/datafile/seiseki/report/2011/2011-2kyoto7.pdf
2011,2011080208,京都,2,8,2011-02-20,12,1;2;3;4;5;6;7;8;9;10;11;12,,https://www.jra.go.jp/datafile/seiseki/report/2011/2011-2kyoto8.pdf
2011,2011080301,京都,3,1,2011-04-23,12,1;2;3;4;5;6;7;8;9;10;11;12,,https://www.jra.go.jp/datafile/seiseki/report/2011/2011-3kyoto1.pdf
2011,2011080302,京都,3,2,2011-04-24,12,1;2;3;4;5;6;7;8;9;10;11;12,,https://www.jra.go.jp/datafile/seiseki/report/2011/2011-3kyoto2.pdf
2011,2011080303,京都,3,3,2011-04-30,12,1;2;3;4;5;6;7;8;9;10;11;12,,https://www.jra.go.jp/datafile/seiseki/report/2011/2011-3kyoto3.pdf
2011,2011080304,京都,3,4,2011-05-01,12,1;2;3;4;5;6;7;8;9;10;11;12,,https://www.jra.go.jp/datafile/seiseki/report/2011/2011-3kyoto4.pdf
2011,2011080305,京都,3,5,2011-05-07,12,1;2;3;4;5;6;7;8;9;10;11;12,,https://www.jra.go.jp/datafile/seiseki/report/2011/2011-3kyoto5.pdf
2011,2011080306,京都,3,6,2011-05-08,12,1;2;3;4;5;6;7;8;9;10;11;12,,https://www.jra.go.jp/datafile/seiseki/report/2011/2011-3kyoto6.pdf
2011,2011080307,京都,3,7,2011-05-14,12,1;2;3;4;5;6;7;8;9;10;11;12,,https://www.jra.go.jp/datafile/seiseki/report/2011/2011-3kyoto7.pdf
2011,2011080308,京都,3,8,2011-05-15,12,1;2;3;4;5;6;7;8;9;10;11;12,,https://www.jra.go.jp/datafile/seiseki/report/2011/2011-3kyoto8.pdf
2011,2011080309,京都,3,9,2011-05-21,12,1;2;3;4;5;6;7;8;9;10;11;12,,https://www.jra.go.jp/datafile/seiseki/report/2011/2011-3kyoto9.pdf
2011,2011080310,京都,3,10,2011-05-22,12,1;2;3;4;5;6;7;8;9;10;11;12,,https://www.jra.go.jp/datafile/seiseki/report/2011/2011-3kyoto10.pdf
2011,2011080311,京都,3,11,2011-05-28,12,1;2;3;4;5;6;7;8;9;10;11;12,,https://www.jra.go.jp/datafile/seiseki/report/2011/2011-3kyoto11.pdf
2011,2011080312,京都,3,12,2011-05-29,12,1;2;3;4;5;6;7;8;9;10;11;12,,https://www.jra.go.jp/datafile/seiseki/report/2011/2011-3kyoto12.pdf
2011,2011080401,京都,4,1,2011-07-02,12,1;2;3;4;5;6;7;8;9;10;11;12,,https://www.jra.go.jp/datafile/seiseki/report/2011/2011-4kyoto1.pdf
2011,2011080402,京都,4,2,2011-07-03,12,1;2;3;4;5;6;7;8;9;10;11;12,,https://www.jra.go.jp/datafile/seiseki/report/2011/2011-4kyoto2.pdf
2011,2011080403,京都,4,3,2011-07-09,12,1;2;3;4;5;6;7;8;9;10;11;12,,https://www.jra.go.jp/datafile/seiseki/report/2011/2011-4kyoto3.pdf
2011,2011080404,京都,4,4,2011-07-10,12,1;2;3;4;5;6;7;8;9;10;11;12,,https://www.jra.go.jp/datafile/seiseki/report/2011/2011-4kyoto4.pdf
2011,2011080405,京都,4,5,2011-07-16,12,1;2;3;4;5;6;7;8;9;10;11;12,,https://www.jra.go.jp/datafile/seiseki/report/2011/2011-4kyoto5.pdf
2011,2011080406,京都,4,6,2011-07-17,12,1;2;3;4;5;6;7;8;9;10;11;12,,https://www.jra.go.jp/datafile/seiseki/report/2011/2011-4kyoto6.pdf
2011,2011080407,京都,4,7,2011-07-23,12,1;2;3;4;5;6;7;8;9;10;11;12,,https://www.jra.go.jp/datafile/seiseki/report/2011/2011-4kyoto7.pdf
2011,2011080408,京都,4,8,2011-07-24,12,1;2;3;4;5;6;7;8;9;10;11;12,,https://www.jra.go.jp/datafile/seiseki/report/2011/2011-4kyoto8.pdf
2011,2011080501,京都,5,1,2011-10-08,12,1;2;3;4;5;6;7;8;9;10;11;12,,https://www.jra.go.jp/datafile/seiseki/report/2011/2011-5kyoto1.pdf
2011,2011080502,京都,5,2,2011-10-09,12,1;2;3;4;5;6;7;8;9;10;11;12,,https://www.jra.go.jp/datafile/seiseki/report/2011/2011-5kyoto2.pdf
2011,2011080503,京都,5,3,2011-10-15,12,1;2;3;4;5;6;7;8;9;10;11;12,,https://www.jra.go.jp/datafile/seiseki/report/2011/2011-5kyoto3.pdf
2011,2011080504,京都,5,4,2011-10-16,12,1;2;3;4;5;6;7;8;9;10;11;12,,https://www.jra.go.jp/datafile/seiseki/report/2011/2011-5kyoto4.pdf
2011,2011080505,京都,5,5,2011-10-22,12,1;2;3;4;5;6;7;8;9;10;11;12,,https://www.jra.go.jp/datafile/seiseki/report/2011/2011-5kyoto5.pdf
2011,2011080506,京都,5,6,2011-10-23,12,1;2;3;4;5;6;7;8;9;10;11;12,,https://www.jra.go.jp/datafile/seiseki/report/2011/2011-5kyoto6.pdf
2011,2011080507,京都,5,7,2011-10-29,12,1;2;3;4;5;6;7;8;9;10;11;12,,https://www.jra.go.jp/datafile/seiseki/report/2011/2011-5kyoto7.pdf
2011,2011080508,京都,5,8,2011-10-30,12,1;2;3;4;5;6;7;8;9;10;11;12,,https://www.jra.go.jp/datafile/seiseki/report/2011/2011-5kyoto8.pdf
2011,2011080601,京都,6,1,2011-11-05,12,1;2;3;4;5;6;7;8;9;10;11;12,,https://www.jra.go.jp/datafile/seiseki/report/2011/2011-6kyoto1.pdf
2011,2011080602,京都,6,2,2011-11-06,12,1;2;3;4;5;6;7;8;9;10;11;12,,https://www.jra.go.jp/datafile/seiseki/report/2011/2011-6kyoto2.pdf
2011,2011080603,京都,6,3,2011-11-12,12,1;2;3;4;5;6;7;8;9;10;11;12,,https://www.jra.go.jp/datafile/seiseki/report/2011/2011-6kyoto3.pdf
2011,2011080604,京都,6,4,2011-11-13,12,1;2;3;4;5;6;7;8;9;10;11;12,,https://www.jra.go.jp/datafile/seiseki/report/2011/2011-6kyoto4.pdf
2011,2011080605,京都,6,5,2011-11-19,12,1;2;3;4;5;6;7;8;9;10;11;12,,https://www.jra.go.jp/datafile/seiseki/report/2011/2011-6kyoto5.pdf
2011,2011080606,京都,6,6,2011-11-20,12,1;2;3;4;5;6;7;8;9;10;11;12,,https://www.jra.go.jp/datafile/seiseki/report/2011/2011-6kyoto6.pdf
2011,2011080607,京都,6,7,2011-11-26,12,1;2;3;4;5;6;7;8;9;10;11;12,,https://www.jra.go.jp/datafile/seiseki/report/2011/2011-6kyoto7.pdf
2011,2011080608,京都,6,8,2011-11-27,12,1;2;3;4;5;6;7;8;9;10;11;12,,https://www.jra.go.jp/datafile/seiseki/report/2011/2011-6kyoto8.pdf
2011,2011090101,阪神,1,1,2011-02-26,12,1;2;3;4;5;6;7;8;9;10;11;12,,https://www.jra.go.jp/datafile/seiseki/report/2011/2011-1hanshin1.pdf
2011,2011090102,阪神,1,2,2011-02-27,12,1;2;3;4;5;6;7;8;9;10;11;12,,https://www.jra.go.jp/datafile/seiseki/report/2011/2011-1hanshin2.pdf
2011,2011090103,阪神,1,3,2011-03-05,12,1;2;3;4;5;6;7;8;9;10;11;12,,https://www.jra.go.jp/datafile/seiseki/report/2011/2011-1hanshin3.pdf
2011,2011090104,阪神,1,4,2011-03-06,12,1;2;3;4;5;6;7;8;9;10;11;12,,https://www.jra.go.jp/datafile/seiseki/report/2011/2011-1hanshin4.pdf
2011,2011090105,阪神,1,5,2011-03-21,12,1;2;3;4;5;6;7;8;9;10;11;12,,https://www.jra.go.jp/datafile/seiseki/report/2011/2011-1hanshin5.pdf
2011,2011090107,阪神,1,7,2011-03-19,12,1;2;3;4;5;6;7;8;9;10;11;12,,https://www.jra.go.jp/datafile/seiseki/report/2011/2011-1hanshin7.pdf
2011,2011090108,阪神,1,8,2011-03-20,12,1;2;3;4;5;6;7;8;9;10;11;12,,https://www.jra.go.jp/datafile/seiseki/report/2011/2011-1hanshin8.pdf
2011,2011090201,阪神,2,1,2011-03-26,12,1;2;3;4;5;6;7;8;9;10;11;12,,https://www.jra.go.jp/datafile/seiseki/report/2011/2011-2hanshin1.pdf
2011,2011090202,阪神,2,2,2011-03-27,12,1;2;3;4;5;6;7;8;9;10;11;12,,https://www.jra.go.jp/datafile/seiseki/report/2011/2011-2hanshin2.pdf
2011,2011090203,阪神,2,3,2011-04-02,12,1;2;3;4;5;6;7;8;9;10;11;12,,https://www.jra.go.jp/datafile/seiseki/report/2011/2011-2hanshin3.pdf
2011,2011090204,阪神,2,4,2011-04-03,12,1;2;3;4;5;6;7;8;9;10;11;12,,https://www.jra.go.jp/datafile/seiseki/report/2011/2011-2hanshin4.pdf
2011,2011090205,阪神,2,5,2011-04-09,12,1;2;3;4;5;6;7;8;9;10;11;12,,https://www.jra.go.jp/datafile/seiseki/report/2011/2011-2hanshin5.pdf
2011,2011090206,阪神,2,6,2011-04-10,12,1;2;3;4;5;6;7;8;9;10;11;12,,https://www.jra.go.jp/datafile/seiseki/report/2011/2011-2hanshin6.pdf
2011,2011090207,阪神,2,7,2011-04-16,12,1;2;3;4;5;6;7;8;9;10;11;12,,https://www.jra.go.jp/datafile/seiseki/report/2011/2011-2hanshin7.pdf
2011,2011090208,阪神,2,8,2011-04-17,12,1;2;3;4;5;6;7;8;9;10;11;12,,https://www.jra.go.jp/datafile/seiseki/report/2011/2011-2hanshin8.pdf
2011,2011090301,阪神,3,1,2011-06-04,12,1;2;3;4;5;6;7;8;9;10;11;12,,https://www.jra.go.jp/datafile/seiseki/report/2011/2011-3hanshin1.pdf
2011,2011090302,阪神,3,2,2011-06-05,12,1;2;3;4;5;6;7;8;9;10;11;12,,https://www.jra.go.jp/datafile/seiseki/report/2011/2011-3hanshin2.pdf
2011,2011090303,阪神,3,3,2011-06-11,12,1;2;3;4;5;6;7;8;9;10;11;12,,https://www.jra.go.jp/datafile/seiseki/report/2011/2011-3hanshin3.pdf
2011,2011090304,阪神,3,4,2011-06-12,12,1;2;3;4;5;6;7;8;9;10;11;12,,https://www.jra.go.jp/datafile/seiseki/report/2011/2011-3hanshin4.pdf
2011,2011090401,阪神,4,1,2011-06-18,12,1;2;3;4;5;6;7;8;9;10;11;12,,https://www.jra.go.jp/datafile/seiseki/report/2011/2011-4hanshin1.pdf
2011,2011090402,阪神,4,2,2011-06-19,12,1;2;3;4;5;6;7;8;9;10;11;12,,https://www.jra.go.jp/datafile/seiseki/report/2011/2011-4hanshin2.pdf
2011,2011090403,阪神,4,3,2011-06-25,12,1;2;3;4;5;6;7;8;9;10;11;12,,https://www.jra.go.jp/datafile/seiseki/report/2011/2011-4hanshin3.pdf
2011,2011090404,阪神,4,4,2011-06-26,12,1;2;3;4;5;6;7;8;9;10;11;12,,https://www.jra.go.jp/datafile/seiseki/report/2011/2011-4hanshin4.pdf
2011,2011090501,阪神,5,1,2011-09-10,12,1;2;3;4;5;6;7;8;9;10;11;12,,https://www.jra.go.jp/datafile/seiseki/report/2011/2011-5hanshin1.pdf
2011,2011090502,阪神,5,2,2011-09-11,12,1;2;3;4;5;6;7;8;9;10;11;12,,https://www.jra.go.jp/datafile/seiseki/report/2011/2011-5hanshin2.pdf
2011,2011090503,阪神,5,3,2011-09-18,12,1;2;3;4;5;6;7;8;9;10;11;12,,https://www.jra.go.jp/datafile/seiseki/report/2011/2011-5hanshin3.pdf
2011,2011090504,阪神,5,4,2011-09-19,12,1;2;3;4;5;6;7;8;9;10;11;12,,https://www.jra.go.jp/datafile/seiseki/report/2011/2011-5hanshin4.pdf
2011,2011090505,阪神,5,5,2011-09-24,12,1;2;3;4;5;6;7;8;9;10;11;12,,https://www.jra.go.jp/datafile/seiseki/report/2011/2011-5hanshin5.pdf
2011,2011090506,阪神,5,6,2011-09-25,12,1;2;3;4;5;6;7;8;9;10;11;12,,https://www.jra.go.jp/datafile/seiseki/report/2011/2011-5hanshin6.pdf
2011,2011090507,阪神,5,7,2011-10-01,12,1;2;3;4;5;6;7;8;9;10;11;12,,https://www.jra.go.jp/datafile/seiseki/report/2011/2011-5hanshin7.pdf
2011,2011090508,阪神,5,8,2011-10-02,12,1;2;3;4;5;6;7;8;9;10;11;12,,https://www.jra.go.jp/datafile/seiseki/report/2011/2011-5hanshin8.pdf
2011,2011090601,阪神,6,1,2011-12-03,12,1;2;3;4;5;6;7;8;9;10;11;12,,https://www.jra.go.jp/datafile/seiseki/report/2011/2011-6hanshin1.pdf
2011,2011090602,阪神,6,2,2011-12-04,12,1;2;3;4;5;6;7;8;9;10;11;12,,https://www.jra.go.jp/datafile/seiseki/report/2011/2011-6hanshin2.pdf
2011,2011090603,阪神,6,3,2011-12-10,12,1;2;3;4;5;6;7;8;9;10;11;12,,https://www.jra.go.jp/datafile/seiseki/report/2011/2011-6hanshin3.pdf
2011,2011090604,阪神,6,4,2011-12-11,12,1;2;3;4;5;6;7;8;9;10;11;12,,https://www.jra.go.jp/datafile/seiseki/report/2011/2011-6hanshin4.pdf
2011,2011090605,阪神,6,5,2011-12-17,12,1;2;3;4;5;6;7;8;9;10;11;12,,https://www.jra.go.jp/datafile/seiseki/report/2011/2011-6hanshin5.pdf
2011,2011090606,阪神,6,6,2011-12-18,12,1;2;3;4;5;6;7;8;9;10;11;12,,https://www.jra.go.jp/datafile/seiseki/report/2011/2011-6hanshin6.pdf
2011,2011090607,阪神,6,7,2011-12-24,12,1;2;3;4;5;6;7;8;9;10;11;12,,https://www.jra.go.jp/datafile/seiseki/report/2011/2011-6hanshin7.pdf
2011,2011090608,阪神,6,8,2011-12-25,12,1;2;3;4;5;6;7;8;9;10;11;12,,https://www.jra.go.jp/datafile/seiseki/report/2011/2011-6hanshin8.pdf
2011,2011100101,小倉,1,1,2011-01-22,12,1;2;3;4;5;6;7;8;9;10;11;12,,https://www.jra.go.jp/datafile/seiseki/report/2011/2011-1kokura1.pdf
2011,2011100102,小倉,1,2,2011-01-23,12,1;2;3;4;5;6;7;8;9;10;11;12,,https://www.jra.go.jp/datafile/seiseki/report/2011/2011-1kokura2.pdf
2011,2011100103,小倉,1,3,2011-01-29,12,1;2;3;4;5;6;7;8;9;10;11;12,,https://www.jra.go.jp/datafile/seiseki/report/2011/2011-1kokura3.pdf
2011,2011100104,小倉,1,4,2011-01-30,12,1;2;3;4;5;6;7;8;9;10;11;12,,https://www.jra.go.jp/datafile/seiseki/report/2011/2011-1kokura4.pdf
2011,2011100105,小倉,1,5,2011-02-05,12,1;2;3;4;5;6;7;8;9;10;11;12,,https://www.jra.go.jp/datafile/seiseki/report/2011/2011-1kokura5.pdf
2011,2011100106,小倉,1,6,2011-02-06,12,1;2;3;4;5;6;7;8;9;10;11;12,,https://www.jra.go.jp/datafile/seiseki/report/2011/2011-1kokura6.pdf
2011,2011100107,小倉,1,7,2011-02-12,12,1;2;3;4;5;6;7;8;9;10;11;12,,https://www.jra.go.jp/datafile/seiseki/report/2011/2011-1kokura7.pdf
2011,2011100108,小倉,1,8,2011-02-13,12,1;2;3;4;5;6;7;8;9;10;11;12,,https://www.jra.go.jp/datafile/seiseki/report/2011/2011-1kokura8.pdf
2011,2011100201,小倉,2,1,2011-02-26,12,1;2;3;4;5;6;7;8;9;10;11;12,,https://www.jra.go.jp/datafile/seiseki/report/2011/2011-2kokura1.pdf
2011,2011100202,小倉,2,2,2011-02-27,12,1;2;3;4;5;6;7;8;9;10;11;12,,https://www.jra.go.jp/datafile/seiseki/report/2011/2011-2kokura2.pdf
2011,2011100203,小倉,2,3,2011-03-05,12,1;2;3;4;5;6;7;8;9;10;11;12,,https://www.jra.go.jp/datafile/seiseki/report/2011/2011-2kokura3.pdf
2011,2011100204,小倉,2,4,2011-03-06,12,1;2;3;4;5;6;7;8;9;10;11;12,,https://www.jra.go.jp/datafile/seiseki/report/2011/2011-2kokura4.pdf
2011,2011100205,小倉,2,5,2011-03-26,12,1;2;3;4;5;6;7;8;9;10;11;12,,https://www.jra.go.jp/datafile/seiseki/report/2011/2011-2kokura5.pdf
2011,2011100206,小倉,2,6,2011-03-27,12,1;2;3;4;5;6;7;8;9;10;11;12,,https://www.jra.go.jp/datafile/seiseki/report/2011/2011-2kokura6.pdf
2011,2011100207,小倉,2,7,2011-03-19,12,1;2;3;4;5;6;7;8;9;10;11;12,,https://www.jra.go.jp/datafile/seiseki/report/2011/2011-2kokura7.pdf
2011,2011100208,小倉,2,8,2011-03-20,12,1;2;3;4;5;6;7;8;9;10;11;12,,https://www.jra.go.jp/datafile/seiseki/report/2011/2011-2kokura8.pdf
2011,2011100209,小倉,2,9,2011-04-02,12,1;2;3;4;5;6;7;8;9;10;11;12,,https://www.jra.go.jp/datafile/seiseki/report/2011/2011-2kokura9.pdf
2011,2011100210,小倉,2,10,2011-04-03,12,1;2;3;4;5;6;7;8;9;10;11;12,,https://www.jra.go.jp/datafile/seiseki/report/2011/2011-2kokura10.pdf
2011,2011100211,小倉,2,11,2011-04-09,12,1;2;3;4;5;6;7;8;9;10;11;12,,https://www.jra.go.jp/datafile/seiseki/report/2011/2011-2kokura11.pdf
2011,2011100212,小倉,2,12,2011-04-10,12,1;2;3;4;5;6;7;8;9;10;11;12,,https://www.jra.go.jp/datafile/seiseki/report/2011/2011-2kokura12.pdf
2011,2011100301,小倉,3,1,2011-04-16,12,1;2;3;4;5;6;7;8;9;10;11;12,,https://www.jra.go.jp/datafile/seiseki/report/2011/2011-3kokura1.pdf
2011,2011100302,小倉,3,2,2011-04-17,12,1;2;3;4;5;6;7;8;9;10;11;12,,https://www.jra.go.jp/datafile/seiseki/report/2011/2011-3kokura2.pdf
2011,2011100401,小倉,4,1,2011-07-30,12,1;2;3;4;5;6;7;8;9;10;11;12,,https://www.jra.go.jp/datafile/seiseki/report/2011/2011-4kokura1.pdf
2011,2011100402,小倉,4,2,2011-07-31,12,1;2;3;4;5;6;7;8;9;10;11;12,,https://www.jra.go.jp/datafile/seiseki/report/2011/2011-4kokura2.pdf
2011,2011100403,小倉,4,3,2011-08-06,12,1;2;3;4;5;6;7;8;9;10;11;12,,https://www.jra.go.jp/datafile/seiseki/report/2011/2011-4kokura3.pdf
2011,2011100404,小倉,4,4,2011-08-07,12,1;2;3;4;5;6;7;8;9;10;11;12,,https://www.jra.go.jp/datafile/seiseki/report/2011/2011-4kokura4.pdf
2011,2011100405,小倉,4,5,2011-08-13,12,1;2;3;4;5;6;7;8;9;10;11;12,,https://www.jra.go.jp/datafile/seiseki/report/2011/2011-4kokura5.pdf
2011,2011100406,小倉,4,6,2011-08-14,12,1;2;3;4;5;6;7;8;9;10;11;12,,https://www.jra.go.jp/datafile/seiseki/report/2011/2011-4kokura6.pdf
2011,2011100407,小倉,4,7,2011-08-20,12,1;2;3;4;5;6;7;8;9;10;11;12,,https://www.jra.go.jp/datafile/seiseki/report/2011/2011-4kokura7.pdf
2011,2011100408,小倉,4,8,2011-08-21,12,1;2;3;4;5;6;7;8;9;10;11;12,,https://www.jra.go.jp/datafile/seiseki/report/2011/2011-4kokura8.pdf
2011,2011100409,小倉,4,9,2011-08-27,12,1;2;3;4;5;6;7;8;9;10;11;12,,https://www.jra.go.jp/datafile/seiseki/report/2011/2011-4kokura9.pdf
2011,2011100410,小倉,4,10,2011-08-28,12,1;2;3;4;5;6;7;8;9;10;11;12,,https://www.jra.go.jp/datafile/seiseki/report/2011/2011-4kokura10.pdf
2011,2011100411,小倉,4,11,2011-09-03,12,1;2;3;4;5;6;7;8;9;10;11;12,,https://www.jra.go.jp/datafile/seiseki/report/2011/2011-4kokura11.pdf
2011,2011100412,小倉,4,12,2011-09-04,12,1;2;3;4;5;6;7;8;9;10;11;12,,https://www.jra.go.jp/datafile/seiseki/report/2011/2011-4kokura12.pdf
2011,2011100501,小倉,5,1,2011-11-26,12,1;2;3;4;5;6;7;8;9;10;11;12,,https://www.jra.go.jp/datafile/seiseki/report/2011/2011-5kokura1.pdf
2011,2011100502,小倉,5,2,2011-11-27,12,1;2;3;4;5;6;7;8;9;10;11;12,,https://www.jra.go.jp/datafile/seiseki/report/2011/2011-5kokura2.pdf
2011,2011100503,小倉,5,3,2011-12-03,12,1;2;3;4;5;6;7;8;9;10;11;12,,https://www.jra.go.jp/datafile/seiseki/report/2011/2011-5kokura3.pdf
2011,2011100504,小倉,5,4,2011-12-04,12,1;2;3;4;5;6;7;8;9;10;11;12,,https://www.jra.go.jp/datafile/seiseki/report/2011/2011-5kokura4.pdf
2011,2011100505,小倉,5,5,2011-12-10,12,1;2;3;4;5;6;7;8;9;10;11;12,,https://www.jra.go.jp/datafile/seiseki/report/2011/2011-5kokura5.pdf
2011,2011100506,小倉,5,6,2011-12-11,12,1;2;3;4;5;6;7;8;9;10;11;12,,https://www.jra.go.jp/datafile/seiseki/report/2011/2011-5kokura6.pdf
2011,2011100507,小倉,5,7,2011-12-17,12,1;2;3;4;5;6;7;8;9;10;11;12,,https://www.jra.go.jp/datafile/seiseki/report/2011/2011-5kokura7.pdf
2011,2011100508,小倉,5,8,2011-12-18,12,1;2;3;4;5;6;7;8;9;10;11;12,,https://www.jra.go.jp/datafile/seiseki/report/2011/2011-5kokura8.pdf
2011,2011100509,小倉,5,9,2011-12-24,12,1;2;3;4;5;6;7;8;9;10;11;12,,https://www.jra.go.jp/datafile/seiseki/report/2011/2011-5kokura9.pdf
2011,2011100510,小倉,5,10,2011-12-25,12,1;2;3;4;5;6;7;8;9;10;11;12,,https://www.jra.go.jp/datafile/seiseki/report/2011/2011-5kokura10.pdf
2012,2012010101,札幌,1,1,2012-07-21,12,1;2;3;4;5;6;7;8;9;10;11;12,,https://www.jra.go.jp/datafile/seiseki/report/2012/2012-1sapporo1.pdf
2012,2012010102,札幌,1,2,2012-07-22,12,1;2;3;4;5;6;7;8;9;10;11;12,,https://www.jra.go.jp/datafile/seiseki/report/2012/2012-1sapporo2.pdf
2012,2012010103,札幌,1,3,2012-07-28,12,1;2;3;4;5;6;7;8;9;10;11;12,,https://www.jra.go.jp/datafile/seiseki/report/2012/2012-1sapporo3.pdf
2012,2012010104,札幌,1,4,2012-07-29,12,1;2;3;4;5;6;7;8;9;10;11;12,,https://www.jra.go.jp/datafile/seiseki/report/2012/2012-1sapporo4.pdf
2012,2012010105,札幌,1,5,2012-08-04,12,1;2;3;4;5;6;7;8;9;10;11;12,,https://www.jra.go.jp/datafile/seiseki/report/2012/2012-1sapporo5.pdf
2012,2012010106,札幌,1,6,2012-08-05,12,1;2;3;4;5;6;7;8;9;10;11;12,,https://www.jra.go.jp/datafile/seiseki/report/2012/2012-1sapporo6.pdf
2012,2012010107,札幌,1,7,2012-08-11,12,1;2;3;4;5;6;7;8;9;10;11;12,,https://www.jra.go.jp/datafile/seiseki/report/2012/2012-1sapporo7.pdf
2012,2012010108,札幌,1,8,2012-08-12,12,1;2;3;4;5;6;7;8;9;10;11;12,,https://www.jra.go.jp/datafile/seiseki/report/2012/2012-1sapporo8.pdf
2012,2012010201,札幌,2,1,2012-08-18,12,1;2;3;4;5;6;7;8;9;10;11;12,,https://www.jra.go.jp/datafile/seiseki/report/2012/2012-2sapporo1.pdf
2012,2012010202,札幌,2,2,2012-08-19,12,1;2;3;4;5;6;7;8;9;10;11;12,,https://www.jra.go.jp/datafile/seiseki/report/2012/2012-2sapporo2.pdf
2012,2012010203,札幌,2,3,2012-08-25,12,1;2;3;4;5;6;7;8;9;10;11;12,,https://www.jra.go.jp/datafile/seiseki/report/2012/2012-2sapporo3.pdf
2012,2012010204,札幌,2,4,2012-08-26,12,1;2;3;4;5;6;7;8;9;10;11;12,,https://www.jra.go.jp/datafile/seiseki/report/2012/2012-2sapporo4.pdf
2012,2012010205,札幌,2,5,2012-09-01,12,1;2;3;4;5;6;7;8;9;10;11;12,,https://www.jra.go.jp/datafile/seiseki/report/2012/2012-2sapporo5.pdf
2012,2012010206,札幌,2,6,2012-09-02,12,1;2;3;4;5;6;7;8;9;10;11;12,,https://www.jra.go.jp/datafile/seiseki/report/2012/2012-2sapporo6.pdf
2012,2012020101,函館,1,1,2012-06-09,12,1;2;3;4;5;6;7;8;9;10;11;12,,https://www.jra.go.jp/datafile/seiseki/report/2012/2012-1hakodate1.pdf
2012,2012020102,函館,1,2,2012-06-10,12,1;2;3;4;5;6;7;8;9;10;11;12,,https://www.jra.go.jp/datafile/seiseki/report/2012/2012-1hakodate2.pdf
2012,2012020103,函館,1,3,2012-06-16,12,1;2;3;4;5;6;7;8;9;10;11;12,,https://www.jra.go.jp/datafile/seiseki/report/2012/2012-1hakodate3.pdf
2012,2012020104,函館,1,4,2012-06-17,12,1;2;3;4;5;6;7;8;9;10;11;12,,https://www.jra.go.jp/datafile/seiseki/report/2012/2012-1hakodate4.pdf
2012,2012020105,函館,1,5,2012-06-23,12,1;2;3;4;5;6;7;8;9;10;11;12,,https://www.jra.go.jp/datafile/seiseki/report/2012/2012-1hakodate5.pdf
2012,2012020106,函館,1,6,2012-06-24,12,1;2;3;4;5;6;7;8;9;10;11;12,,https://www.jra.go.jp/datafile/seiseki/report/2012/2012-1hakodate6.pdf
2012,2012020201,函館,2,1,2012-06-30,12,1;2;3;4;5;6;7;8;9;10;11;12,,https://www.jra.go.jp/datafile/seiseki/report/2012/2012-2hakodate1.pdf
2012,2012020202,函館,2,2,2012-07-01,12,1;2;3;4;5;6;7;8;9;10;11;12,,https://www.jra.go.jp/datafile/seiseki/report/2012/2012-2hakodate2.pdf
2012,2012020203,函館,2,3,2012-07-07,12,1;2;3;4;5;6;7;8;9;10;11;12,,https://www.jra.go.jp/datafile/seiseki/report/2012/2012-2hakodate3.pdf
2012,2012020204,函館,2,4,2012-07-08,12,1;2;3;4;5;6;7;8;9;10;11;12,,https://www.jra.go.jp/datafile/seiseki/report/2012/2012-2hakodate4.pdf
2012,2012020205,函館,2,5,2012-07-14,12,1;2;3;4;5;6;7;8;9;10;11;12,,https://www.jra.go.jp/datafile/seiseki/report/2012/2012-2hakodate5.pdf
2012,2012020206,函館,2,6,2012-07-15,12,1;2;3;4;5;6;7;8;9;10;11;12,,https://www.jra.go.jp/datafile/seiseki/report/2012/2012-2hakodate6.pdf
2012,2012030101,福島,1,1,2012-04-07,12,1;2;3;4;5;6;7;8;9;10;11;12,,https://www.jra.go.jp/datafile/seiseki/report/2012/2012-1fukushima1.pdf
2012,2012030102,福島,1,2,2012-04-08,12,1;2;3;4;5;6;7;8;9;10;11;12,,https://www.jra.go.jp/datafile/seiseki/report/2012/2012-1fukushima2.pdf
2012,2012030103,福島,1,3,2012-04-14,12,1;2;3;4;5;6;7;8;9;10;11;12,,https://www.jra.go.jp/datafile/seiseki/report/2012/2012-1fukushima3.pdf
2012,2012030104,福島,1,4,2012-04-15,12,1;2;3;4;5;6;7;8;9;10;11;12,,https://www.jra.go.jp/datafile/seiseki/report/2012/2012-1fukushima4.pdf
2012,2012030105,福島,1,5,2012-04-21,12,1;2;3;4;5;6;7;8;9;10;11;12,,https://www.jra.go.jp/datafile/seiseki/report/2012/2012-1fukushima5.pdf
2012,2012030106,福島,1,6,2012-04-22,12,1;2;3;4;5;6;7;8;9;10;11;12,,https://www.jra.go.jp/datafile/seiseki/report/2012/2012-1fukushima6.pdf
2012,2012030107,福島,1,7,2012-04-28,12,1;2;3;4;5;6;7;8;9;10;11;12,,https://www.jra.go.jp/datafile/seiseki/report/2012/2012-1fukushima7.pdf
2012,2012030108,福島,1,8,2012-04-29,12,1;2;3;4;5;6;7;8;9;10;11;12,,https://www.jra.go.jp/datafile/seiseki/report/2012/2012-1fukushima8.pdf
2012,2012030201,福島,2,1,2012-06-16,12,1;2;3;4;5;6;7;8;9;10;11;12,,https://www.jra.go.jp/datafile/seiseki/report/2012/2012-2fukushima1.pdf
2012,2012030202,福島,2,2,2012-06-17,12,1;2;3;4;5;6;7;8;9;10;11;12,,https://www.jra.go.jp/datafile/seiseki/report/2012/2012-2fukushima2.pdf
2012,2012030203,福島,2,3,2012-06-23,12,1;2;3;4;5;6;7;8;9;10;11;12,,https://www.jra.go.jp/datafile/seiseki/report/2012/2012-2fukushima3.pdf
2012,2012030204,福島,2,4,2012-06-24,12,1;2;3;4;5;6;7;8;9;10;11;12,,https://www.jra.go.jp/datafile/seiseki/report/2012/2012-2fukushima4.pdf
2012,2012030205,福島,2,5,2012-06-30,12,1;2;3;4;5;6;7;8;9;10;11;12,,https://www.jra.go.jp/datafile/seiseki/report/2012/2012-2fukushima5.pdf
2012,2012030206,福島,2,6,2012-07-01,12,1;2;3;4;5;6;7;8;9;10;11;12,,https://www.jra.go.jp/datafile/seiseki/report/2012/2012-2fukushima6.pdf
2012,2012030207,福島,2,7,2012-07-07,12,1;2;3;4;5;6;7;8;9;10;11;12,,https://www.jra.go.jp/datafile/seiseki/report/2012/2012-2fukushima7.pdf
2012,2012030208,福島,2,8,2012-07-08,12,1;2;3;4;5;6;7;8;9;10;11;12,,https://www.jra.go.jp/datafile/seiseki/report/2012/2012-2fukushima8.pdf
2012,2012030301,福島,3,1,2012-11-03,12,1;2;3;4;5;6;7;8;9;10;11;12,,https://www.jra.go.jp/datafile/seiseki/report/2012/2012-3fukushima1.pdf
2012,2012030302,福島,3,2,2012-11-04,12,1;2;3;4;5;6;7;8;9;10;11;12,,https://www.jra.go.jp/datafile/seiseki/report/2012/2012-3fukushima2.pdf
2012,2012030303,福島,3,3,2012-11-10,12,1;2;3;4;5;6;7;8;9;10;11;12,,https://www.jra.go.jp/datafile/seiseki/report/2012/2012-3fukushima3.pdf
2012,2012030304,福島,3,4,2012-11-11,12,1;2;3;4;5;6;7;8;9;10;11;12,,https://www.jra.go.jp/datafile/seiseki/report/2012/2012-3fukushima4.pdf
2012,2012030305,福島,3,5,2012-11-17,12,1;2;3;4;5;6;7;8;9;10;11;12,,https://www.jra.go.jp/datafile/seiseki/report/2012/2012-3fukushima5.pdf
2012,2012030306,福島,3,6,2012-11-18,12,1;2;3;4;5;6;7;8;9;10;11;12,,https://www.jra.go.jp/datafile/seiseki/report/2012/2012-3fukushima6.pdf
2012,2012040101,新潟,1,1,2012-05-05,12,1;2;3;4;5;6;7;8;9;10;11;12,,https://www.jra.go.jp/datafile/seiseki/report/2012/2012-1niigata1.pdf
2012,2012040102,新潟,1,2,2012-05-06,12,1;2;3;4;5;6;7;8;9;10;11;12,,https://www.jra.go.jp/datafile/seiseki/report/2012/2012-1niigata2.pdf
2012,2012040103,新潟,1,3,2012-05-12,12,1;2;3;4;5;6;7;8;9;10;11;12,,https://www.jra.go.jp/datafile/seiseki/report/2012/2012-1niigata3.pdf
2012,2012040104,新潟,1,4,2012-05-13,12,1;2;3;4;5;6;7;8;9;10;11;12,,https://www.jra.go.jp/datafile/seiseki/report/2012/2012-1niigata4.pdf
2012,2012040105,新潟,1,5,2012-05-19,12,1;2;3;4;5;6;7;8;9;10;11;12,,https://www.jra.go.jp/datafile/seiseki/report/2012/2012-1niigata5.pdf
2012,2012040106,新潟,1,6,2012-05-20,12,1;2;3;4;5;6;7;8;9;10;11;12,,https://www.jra.go.jp/datafile/seiseki/report/2012/2012-1niigata6.pdf
2012,2012040201,新潟,2,1,2012-07-14,12,1;2;3;4;5;6;7;8;9;10;11;12,,https://www.jra.go.jp/datafile/seiseki/report/2012/2012-2niigata1.pdf
2012,2012040202,新潟,2,2,2012-07-15,12,1;2;3;4;5;6;7;8;9;10;11;12,,https://www.jra.go.jp/datafile/seiseki/report/2012/2012-2niigata2.pdf
2012,2012040203,新潟,2,3,2012-07-21,12,1;2;3;4;5;6;7;8;9;10;11;12,,https://www.jra.go.jp/datafile/seiseki/report/2012/2012-2niigata3.pdf
2012,2012040204,新潟,2,4,2012-07-22,12,1;2;3;4;5;6;7;8;9;10;11;12,,https://www.jra.go.jp/datafile/seiseki/report/2012/2012-2niigata4.pdf
2012,2012040205,新潟,2,5,2012-07-28,12,1;2;3;4;5;6;7;8;9;10;11;12,,https://www.jra.go.jp/datafile/seiseki/report/2012/2012-2niigata5.pdf
2012,2012040206,新潟,2,6,2012-07-29,12,1;2;3;4;5;6;7;8;9;10;11;12,,https://www.jra.go.jp/datafile/seiseki/report/2012/2012-2niigata6.pdf
2012,2012040207,新潟,2,7,2012-08-04,12,1;2;3;4;5;6;7;8;9;10;11;12,,https://www.jra.go.jp/datafile/seiseki/report/2012/2012-2niigata7.pdf
2012,2012040208,新潟,2,8,2012-08-05,12,1;2;3;4;5;6;7;8;9;10;11;12,,https://www.jra.go.jp/datafile/seiseki/report/2012/2012-2niigata8.pdf
2012,2012040301,新潟,3,1,2012-08-11,12,1;2;3;4;5;6;7;8;9;10;11;12,,https://www.jra.go.jp/datafile/seiseki/report/2012/2012-3niigata1.pdf
2012,2012040302,新潟,3,2,2012-08-12,12,1;2;3;4;5;6;7;8;9;10;11;12,,https://www.jra.go.jp/datafile/seiseki/report/2012/2012-3niigata2.pdf
2012,2012040303,新潟,3,3,2012-08-18,12,1;2;3;4;5;6;7;8;9;10;11;12,,https://www.jra.go.jp/datafile/seiseki/report/2012/2012-3niigata3.pdf
2012,2012040304,新潟,3,4,2012-08-19,12,1;2;3;4;5;6;7;8;9;10;11;12,,https://www.jra.go.jp/datafile/seiseki/report/2012/2012-3niigata4.pdf
2012,2012040305,新潟,3,5,2012-08-25,12,1;2;3;4;5;6;7;8;9;10;11;12,,https://www.jra.go.jp/datafile/seiseki/report/2012/2012-3niigata5.pdf
2012,2012040306,新潟,3,6,2012-08-26,12,1;2;3;4;5;6;7;8;9;10;11;12,,https://www.jra.go.jp/datafile/seiseki/report/2012/2012-3niigata6.pdf
2012,2012040307,新潟,3,7,2012-09-01,12,1;2;3;4;5;6;7;8;9;10;11;12,,https://www.jra.go.jp/datafile/seiseki/report/2012/2012-3niigata7.pdf
2012,2012040308,新潟,3,8,2012-09-02,12,1;2;3;4;5;6;7;8;9;10;11;12,,https://www.jra.go.jp/datafile/seiseki/report/2012/2012-3niigata8.pdf
2012,2012040401,新潟,4,1,2012-10-13,12,1;2;3;4;5;6;7;8;9;10;11;12,,https://www.jra.go.jp/datafile/seiseki/report/2012/2012-4niigata1.pdf
2012,2012040402,新潟,4,2,2012-10-14,12,1;2;3;4;5;6;7;8;9;10;11;12,,https://www.jra.go.jp/datafile/seiseki/report/2012/2012-4niigata2.pdf
2012,2012040403,新潟,4,3,2012-10-20,12,1;2;3;4;5;6;7;8;9;10;11;12,,https://www.jra.go.jp/datafile/seiseki/report/2012/2012-4niigata3.pdf
2012,2012040404,新潟,4,4,2012-10-21,12,1;2;3;4;5;6;7;8;9;10;11;12,,https://www.jra.go.jp/datafile/seiseki/report/2012/2012-4niigata4.pdf
2012,2012040405,新潟,4,5,2012-10-27,12,1;2;3;4;5;6;7;8;9;10;11;12,,https://www.jra.go.jp/datafile/seiseki/report/2012/2012-4niigata5.pdf
2012,2012040406,新潟,4,6,2012-10-28,12,1;2;3;4;5;6;7;8;9;10;11;12,,https://www.jra.go.jp/datafile/seiseki/report/2012/2012-4niigata6.pdf
2012,2012050101,東京,1,1,2012-01-28,12,1;2;3;4;5;6;7;8;9;10;11;12,,https://www.jra.go.jp/datafile/seiseki/report/2012/2012-1tokyo1.pdf
2012,2012050102,東京,1,2,2012-01-29,12,1;2;3;4;5;6;7;8;9;10;11;12,,https://www.jra.go.jp/datafile/seiseki/report/2012/2012-1tokyo2.pdf
2012,2012050103,東京,1,3,2012-02-04,12,1;2;3;4;5;6;7;8;9;10;11;12,,https://www.jra.go.jp/datafile/seiseki/report/2012/2012-1tokyo3.pdf
2012,2012050104,東京,1,4,2012-02-05,12,1;2;3;4;5;6;7;8;9;10;11;12,,https://www.jra.go.jp/datafile/seiseki/report/2012/2012-1tokyo4.pdf
2012,2012050105,東京,1,5,2012-02-11,12,1;2;3;4;5;6;7;8;9;10;11;12,,https://www.jra.go.jp/datafile/seiseki/report/2012/2012-1tokyo5.pdf
2012,2012050106,東京,1,6,2012-02-12,12,1;2;3;4;5;6;7;8;9;10;11;12,,https://www.jra.go.jp/datafile/seiseki/report/2012/2012-1tokyo6.pdf
2012,2012050107,東京,1,7,2012-02-18,12,1;2;3;4;5;6;7;8;9;10;11;12,,https://www.jra.go.jp/datafile/seiseki/report/2012/2012-1tokyo7.pdf
2012,2012050108,東京,1,8,2012-02-19,12,1;2;3;4;5;6;7;8;9;10;11;12,,https://www.jra.go.jp/datafile/seiseki/report/2012/2012-1tokyo8.pdf
2012,2012050201,東京,2,1,2012-04-21,12,1;2;3;4;5;6;7;8;9;10;11;12,,https://www.jra.go.jp/datafile/seiseki/report/2012/2012-2tokyo1.pdf
2012,2012050202,東京,2,2,2012-04-22,12,1;2;3;4;5;6;7;8;9;10;11;12,,https://www.jra.go.jp/datafile/seiseki/report/2012/2012-2tokyo2.pdf
2012,2012050203,東京,2,3,2012-04-28,12,1;2;3;4;5;6;7;8;9;10;11;12,,https://www.jra.go.jp/datafile/seiseki/report/2012/2012-2tokyo3.pdf
2012,2012050204,東京,2,4,2012-04-29,12,1;2;3;4;5;6;7;8;9;10;11;12,,https://www.jra.go.jp/datafile/seiseki/report/2012/2012-2tokyo4.pdf
2012,2012050205,東京,2,5,2012-05-05,12,1;2;3;4;5;6;7;8;9;10;11;12,,https://www.jra.go.jp/datafile/seiseki/report/2012/2012-2tokyo5.pdf
2012,2012050206,東京,2,6,2012-05-06,12,1;2;3;4;5;6;7;8;9;10;11;12,,https://www.jra.go.jp/datafile/seiseki/report/2012/2012-2tokyo6.pdf
2012,2012050207,東京,2,7,2012-05-12,12,1;2;3;4;5;6;7;8;9;10;11;12,,https://www.jra.go.jp/datafile/seiseki/report/2012/2012-2tokyo7.pdf
2012,2012050208,東京,2,8,2012-05-13,12,1;2;3;4;5;6;7;8;9;10;11;12,,https://www.jra.go.jp/datafile/seiseki/report/2012/2012-2tokyo8.pdf
2012,2012050209,東京,2,9,2012-05-19,12,1;2;3;4;5;6;7;8;9;10;11;12,,https://www.jra.go.jp/datafile/seiseki/report/2012/2012-2tokyo9.pdf
2012,2012050210,東京,2,10,2012-05-20,12,1;2;3;4;5;6;7;8;9;10;11;12,,https://www.jra.go.jp/datafile/seiseki/report/2012/2012-2tokyo10.pdf
2012,2012050211,東京,2,11,2012-05-26,12,1;2;3;4;5;6;7;8;9;10;11;12,,https://www.jra.go.jp/datafile/seiseki/report/2012/2012-2tokyo11.pdf
2012,2012050212,東京,2,12,2012-05-27,12,1;2;3;4;5;6;7;8;9;10;11;12,,https://www.jra.go.jp/datafile/seiseki/report/2012/2012-2tokyo12.pdf
2012,2012050301,東京,3,1,2012-06-02,12,1;2;3;4;5;6;7;8;9;10;11;12,,https://www.jra.go.jp/datafile/seiseki/report/2012/2012-3tokyo1.pdf
2012,2012050302,東京,3,2,2012-06-03,12,1;2;3;4;5;6;7;8;9;10;11;12,,https://www.jra.go.jp/datafile/seiseki/report/2012/2012-3tokyo2.pdf
2012,2012050303,東京,3,3,2012-06-09,12,1;2;3;4;5;6;7;8;9;10;11;12,,https://www.jra.go.jp/datafile/seiseki/report/2012/2012-3tokyo3.pdf
2012,2012050304,東京,3,4,2012-06-10,12,1;2;3;4;5;6;7;8;9;10;11;12,,https://www.jra.go.jp/datafile/seiseki/report/2012/2012-3tokyo4.pdf
2012,2012050401,東京,4,1,2012-10-06,12,1;2;3;4;5;6;7;8;9;10;11;12,,https://www.jra.go.jp/datafile/seiseki/report/2012/2012-4tokyo1.pdf
2012,2012050402,東京,4,2,2012-10-07,12,1;2;3;4;5;6;7;8;9;10;11;12,,https://www.jra.go.jp/datafile/seiseki/report/2012/2012-4tokyo2.pdf
2012,2012050403,東京,4,3,2012-10-08,12,1;2;3;4;5;6;7;8;9;10;11;12,,https://www.jra.go.jp/datafile/seiseki/report/2012/2012-4tokyo3.pdf
2012,2012050404,東京,4,4,2012-10-13,12,1;2;3;4;5;6;7;8;9;10;11;12,,https://www.jra.go.jp/datafile/seiseki/report/2012/2012-4tokyo4.pdf
2012,2012050405,東京,4,5,2012-10-14,12,1;2;3;4;5;6;7;8;9;10;11;12,,https://www.jra.go.jp/datafile/seiseki/report/2012/2012-4tokyo5.pdf
2012,2012050406,東京,4,6,2012-10-20,12,1;2;3;4;5;6;7;8;9;10;11;12,,https://www.jra.go.jp/datafile/seiseki/report/2012/2012-4tokyo6.pdf
2012,2012050407,東京,4,7,2012-10-21,12,1;2;3;4;5;6;7;8;9;10;11;12,,https://www.jra.go.jp/datafile/seiseki/report/2012/2012-4tokyo7.pdf
2012,2012050408,東京,4,8,2012-10-27,12,1;2;3;4;5;6;7;8;9;10;11;12,,https://www.jra.go.jp/datafile/seiseki/report/2012/2012-4tokyo8.pdf
2012,2012050409,東京,4,9,2012-10-28,12,1;2;3;4;5;6;7;8;9;10;11;12,,https://www.jra.go.jp/datafile/seiseki/report/2012/2012-4tokyo9.pdf
2012,2012050501,東京,5,1,2012-11-03,12,1;2;3;4;5;6;7;8;9;10;11;12,,https://www.jra.go.jp/datafile/seiseki/report/2012/2012-5tokyo1.pdf
2012,2012050502,東京,5,2,2012-11-04,12,1;2;3;4;5;6;7;8;9;10;11;12,,https://www.jra.go.jp/datafile/seiseki/report/2012/2012-5tokyo2.pdf
2012,2012050503,東京,5,3,2012-11-10,12,1;2;3;4;5;6;7;8;9;10;11;12,,https://www.jra.go.jp/datafile/seiseki/report/2012/2012-5tokyo3.pdf
2012,2012050504,東京,5,4,2012-11-11,12,1;2;3;4;5;6;7;8;9;10;11;12,,https://www.jra.go.jp/datafile/seiseki/report/2012/2012-5tokyo4.pdf
2012,2012050505,東京,5,5,2012-11-17,12,1;2;3;4;5;6;7;8;9;10;11;12,,https://www.jra.go.jp/datafile/seiseki/report/2012/2012-5tokyo5.pdf
2012,2012050506,東京,5,6,2012-11-18,12,1;2;3;4;5;6;7;8;9;10;11;12,,https://www.jra.go.jp/datafile/seiseki/report/2012/2012-5tokyo6.pdf
2012,2012050507,東京,5,7,2012-11-24,12,1;2;3;4;5;6;7;8;9;10;11;12,,https://www.jra.go.jp/datafile/seiseki/report/2012/2012-5tokyo7.pdf
2012,2012050508,東京,5,8,2012-11-25,11,1;2;3;4;5;6;7;8;9;10;11,12,https://www.jra.go.jp/datafile/seiseki/report/2012/2012-5tokyo8.pdf
2012,2012060101,中山,1,1,2012-01-05,12,1;2;3;4;5;6;7;8;9;10;11;12,,https://www.jra.go.jp/datafile/seiseki/report/2012/2012-1nakayama1.pdf
2012,2012060102,中山,1,2,2012-01-08,12,1;2;3;4;5;6;7;8;9;10;11;12,,https://www.jra.go.jp/datafile/seiseki/report/2012/2012-1nakayama2.pdf
2012,2012060103,中山,1,3,2012-01-09,12,1;2;3;4;5;6;7;8;9;10;11;12,,https://www.jra.go.jp/datafile/seiseki/report/2012/2012-1nakayama3.pdf
2012,2012060104,中山,1,4,2012-01-14,12,1;2;3;4;5;6;7;8;9;10;11;12,,https://www.jra.go.jp/datafile/seiseki/report/2012/2012-1nakayama4.pdf
2012,2012060105,中山,1,5,2012-01-15,12,1;2;3;4;5;6;7;8;9;10;11;12,,https://www.jra.go.jp/datafile/seiseki/report/2012/2012-1nakayama5.pdf
2012,2012060106,中山,1,6,2012-01-21,12,1;2;3;4;5;6;7;8;9;10;11;12,,https://www.jra.go.jp/datafile/seiseki/report/2012/2012-1nakayama6.pdf
2012,2012060107,中山,1,7,2012-01-22,12,1;2;3;4;5;6;7;8;9;10;11;12,,https://www.jra.go.jp/datafile/seiseki/report/2012/2012-1nakayama7.pdf
2012,2012060201,中山,2,1,2012-02-25,12,1;2;3;4;5;6;7;8;9;10;11;12,,https://www.jra.go.jp/datafile/seiseki/report/2012/2012-2nakayama1.pdf
2012,2012060202,中山,2,2,2012-02-26,12,1;2;3;4;5;6;7;8;9;10;11;12,,https://www.jra.go.jp/datafile/seiseki/report/2012/2012-2nakayama2.pdf
2012,2012060203,中山,2,3,2012-03-03,12,1;2;3;4;5;6;7;8;9;10;11;12,,https://www.jra.go.jp/datafile/seiseki/report/2012/2012-2nakayama3.pdf
2012,2012060204,中山,2,4,2012-03-04,12,1;2;3;4;5;6;7;8;9;10;11;12,,https://www.jra.go.jp/datafile/seiseki/report/2012/2012-2nakayama4.pdf
2012,2012060205,中山,2,5,2012-03-10,12,1;2;3;4;5;6;7;8;9;10;11;12,,https://www.jra.go.jp/datafile/seiseki/report/2012/2012-2nakayama5.pdf
2012,2012060206,中山,2,6,2012-03-11,12,1;2;3;4;5;6;7;8;9;10;11;12,,https://www.jra.go.jp/datafile/seiseki/report/2012/2012-2nakayama6.pdf
2012,2012060207,中山,2,7,2012-03-17,12,1;2;3;4;5;6;7;8;9;10;11;12,,https://www.jra.go.jp/datafile/seiseki/report/2012/2012-2nakayama7.pdf
2012,2012060208,中山,2,8,2012-03-18,12,1;2;3;4;5;6;7;8;9;10;11;12,,https://www.jra.go.jp/datafile/seiseki/report/2012/2012-2nakayama8.pdf
2012,2012060301,中山,3,1,2012-03-24,12,1;2;3;4;5;6;7;8;9;10;11;12,,https://www.jra.go.jp/datafile/seiseki/report/2012/2012-3nakayama1.pdf
2012,2012060302,中山,3,2,2012-03-25,12,1;2;3;4;5;6;7;8;9;10;11;12,,https://www.jra.go.jp/datafile/seiseki/report/2012/2012-3nakayama2.pdf
2012,2012060303,中山,3,3,2012-03-31,12,1;2;3;4;5;6;7;8;9;10;11;12,,https://www.jra.go.jp/datafile/seiseki/report/2012/2012-3nakayama3.pdf
2012,2012060304,中山,3,4,2012-04-01,12,1;2;3;4;5;6;7;8;9;10;11;12,,https://www.jra.go.jp/datafile/seiseki/report/2012/2012-3nakayama4.pdf
2012,2012060305,中山,3,5,2012-04-07,12,1;2;3;4;5;6;7;8;9;10;11;12,,https://www.jra.go.jp/datafile/seiseki/report/2012/2012-3nakayama5.pdf
2012,2012060306,中山,3,6,2012-04-08,12,1;2;3;4;5;6;7;8;9;10;11;12,,https://www.jra.go.jp/datafile/seiseki/report/2012/2012-3nakayama6.pdf
2012,2012060307,中山,3,7,2012-04-14,12,1;2;3;4;5;6;7;8;9;10;11;12,,https://www.jra.go.jp/datafile/seiseki/report/2012/2012-3nakayama7.pdf
2012,2012060308,中山,3,8,2012-04-15,12,1;2;3;4;5;6;7;8;9;10;11;12,,https://www.jra.go.jp/datafile/seiseki/report/2012/2012-3nakayama8.pdf
2012,2012060401,中山,4,1,2012-09-08,12,1;2;3;4;5;6;7;8;9;10;11;12,,https://www.jra.go.jp/datafile/seiseki/report/2012/2012-4nakayama1.pdf
2012,2012060402,中山,4,2,2012-09-09,12,1;2;3;4;5;6;7;8;9;10;11;12,,https://www.jra.go.jp/datafile/seiseki/report/2012/2012-4nakayama2.pdf
2012,2012060403,中山,4,3,2012-09-15,12,1;2;3;4;5;6;7;8;9;10;11;12,,https://www.jra.go.jp/datafile/seiseki/report/2012/2012-4nakayama3.pdf
2012,2012060404,中山,4,4,2012-09-16,12,1;2;3;4;5;6;7;8;9;10;11;12,,https://www.jra.go.jp/datafile/seiseki/report/2012/2012-4nakayama4.pdf
2012,2012060405,中山,4,5,2012-09-17,12,1;2;3;4;5;6;7;8;9;10;11;12,,https://www.jra.go.jp/datafile/seiseki/report/2012/2012-4nakayama5.pdf
2012,2012060406,中山,4,6,2012-09-22,12,1;2;3;4;5;6;7;8;9;10;11;12,,https://www.jra.go.jp/datafile/seiseki/report/2012/2012-4nakayama6.pdf
2012,2012060407,中山,4,7,2012-09-23,12,1;2;3;4;5;6;7;8;9;10;11;12,,https://www.jra.go.jp/datafile/seiseki/report/2012/2012-4nakayama7.pdf
2012,2012060408,中山,4,8,2012-09-29,12,1;2;3;4;5;6;7;8;9;10;11;12,,https://www.jra.go.jp/datafile/seiseki/report/2012/2012-4nakayama8.pdf
2012,2012060409,中山,4,9,2012-09-30,12,1;2;3;4;5;6;7;8;9;10;11;12,,https://www.jra.go.jp/datafile/seiseki/report/2012/2012-4nakayama9.pdf
2012,2012060501,中山,5,1,2012-12-01,12,1;2;3;4;5;6;7;8;9;10;11;12,,https://www.jra.go.jp/datafile/seiseki/report/2012/2012-5nakayama1.pdf
2012,2012060502,中山,5,2,2012-12-02,12,1;2;3;4;5;6;7;8;9;10;11;12,,https://www.jra.go.jp/datafile/seiseki/report/2012/2012-5nakayama2.pdf
2012,2012060503,中山,5,3,2012-12-08,12,1;2;3;4;5;6;7;8;9;10;11;12,,https://www.jra.go.jp/datafile/seiseki/report/2012/2012-5nakayama3.pdf
2012,2012060504,中山,5,4,2012-12-09,12,1;2;3;4;5;6;7;8;9;10;11;12,,https://www.jra.go.jp/datafile/seiseki/report/2012/2012-5nakayama4.pdf
2012,2012060505,中山,5,5,2012-12-15,12,1;2;3;4;5;6;7;8;9;10;11;12,,https://www.jra.go.jp/datafile/seiseki/report/2012/2012-5nakayama5.pdf
2012,2012060506,中山,5,6,2012-12-16,12,1;2;3;4;5;6;7;8;9;10;11;12,,https://www.jra.go.jp/datafile/seiseki/report/2012/2012-5nakayama6.pdf
2012,2012060507,中山,5,7,2012-12-22,12,1;2;3;4;5;6;7;8;9;10;11;12,,https://www.jra.go.jp/datafile/seiseki/report/2012/2012-5nakayama7.pdf
2012,2012060508,中山,5,8,2012-12-23,11,1;2;3;4;5;6;7;8;9;10;11,12,https://www.jra.go.jp/datafile/seiseki/report/2012/2012-5nakayama8.pdf
2012,2012060509,中山,5,9,2012-12-24,12,1;2;3;4;5;6;7;8;9;10;11;12,,https://www.jra.go.jp/datafile/seiseki/report/2012/2012-5nakayama9.pdf
2012,2012070101,中京,1,1,2012-03-03,12,1;2;3;4;5;6;7;8;9;10;11;12,,https://www.jra.go.jp/datafile/seiseki/report/2012/2012-1chukyo1.pdf
2012,2012070102,中京,1,2,2012-03-04,12,1;2;3;4;5;6;7;8;9;10;11;12,,https://www.jra.go.jp/datafile/seiseki/report/2012/2012-1chukyo2.pdf
2012,2012070103,中京,1,3,2012-03-10,12,1;2;3;4;5;6;7;8;9;10;11;12,,https://www.jra.go.jp/datafile/seiseki/report/2012/2012-1chukyo3.pdf
2012,2012070104,中京,1,4,2012-03-11,12,1;2;3;4;5;6;7;8;9;10;11;12,,https://www.jra.go.jp/datafile/seiseki/report/2012/2012-1chukyo4.pdf
2012,2012070105,中京,1,5,2012-03-17,12,1;2;3;4;5;6;7;8;9;10;11;12,,https://www.jra.go.jp/datafile/seiseki/report/2012/2012-1chukyo5.pdf
2012,2012070106,中京,1,6,2012-03-18,12,1;2;3;4;5;6;7;8;9;10;11;12,,https://www.jra.go.jp/datafile/seiseki/report/2012/2012-1chukyo6.pdf
2012,2012070107,中京,1,7,2012-03-24,12,1;2;3;4;5;6;7;8;9;10;11;12,,https://www.jra.go.jp/datafile/seiseki/report/2012/2012-1chukyo7.pdf
2012,2012070108,中京,1,8,2012-03-25,12,1;2;3;4;5;6;7;8;9;10;11;12,,https://www.jra.go.jp/datafile/seiseki/report/2012/2012-1chukyo8.pdf
2012,2012070201,中京,2,1,2012-06-30,12,1;2;3;4;5;6;7;8;9;10;11;12,,https://www.jra.go.jp/datafile/seiseki/report/2012/2012-2chukyo1.pdf
2012,2012070202,中京,2,2,2012-07-01,12,1;2;3;4;5;6;7;8;9;10;11;12,,https://www.jra.go.jp/datafile/seiseki/report/2012/2012-2chukyo2.pdf
2012,2012070203,中京,2,3,2012-07-07,12,1;2;3;4;5;6;7;8;9;10;11;12,,https://www.jra.go.jp/datafile/seiseki/report/2012/2012-2chukyo3.pdf
2012,2012070204,中京,2,4,2012-07-08,12,1;2;3;4;5;6;7;8;9;10;11;12,,https://www.jra.go.jp/datafile/seiseki/report/2012/2012-2chukyo4.pdf
2012,2012070205,中京,2,5,2012-07-14,12,1;2;3;4;5;6;7;8;9;10;11;12,,https://www.jra.go.jp/datafile/seiseki/report/2012/2012-2chukyo5.pdf
2012,2012070206,中京,2,6,2012-07-15,12,1;2;3;4;5;6;7;8;9;10;11;12,,https://www.jra.go.jp/datafile/seiseki/report/2012/2012-2chukyo6.pdf
2012,2012070207,中京,2,7,2012-07-21,12,1;2;3;4;5;6;7;8;9;10;11;12,,https://www.jra.go.jp/datafile/seiseki/report/2012/2012-2chukyo7.pdf
2012,2012070208,中京,2,8,2012-07-22,12,1;2;3;4;5;6;7;8;9;10;11;12,,https://www.jra.go.jp/datafile/seiseki/report/2012/2012-2chukyo8.pdf
2012,2012070301,中京,3,1,2012-12-01,12,1;2;3;4;5;6;7;8;9;10;11;12,,https://www.jra.go.jp/datafile/seiseki/report/2012/2012-3chukyo1.pdf
2012,2012070302,中京,3,2,2012-12-02,12,1;2;3;4;5;6;7;8;9;10;11;12,,https://www.jra.go.jp/datafile/seiseki/report/2012/2012-3chukyo2.pdf
2012,2012070303,中京,3,3,2012-12-08,12,1;2;3;4;5;6;7;8;9;10;11;12,,https://www.jra.go.jp/datafile/seiseki/report/2012/2012-3chukyo3.pdf
2012,2012070304,中京,3,4,2012-12-09,12,1;2;3;4;5;6;7;8;9;10;11;12,,https://www.jra.go.jp/datafile/seiseki/report/2012/2012-3chukyo4.pdf
2012,2012070305,中京,3,5,2012-12-15,12,1;2;3;4;5;6;7;8;9;10;11;12,,https://www.jra.go.jp/datafile/seiseki/report/2012/2012-3chukyo5.pdf
2012,2012070306,中京,3,6,2012-12-16,12,1;2;3;4;5;6;7;8;9;10;11;12,,https://www.jra.go.jp/datafile/seiseki/report/2012/2012-3chukyo6.pdf
2012,2012080101,京都,1,1,2012-01-05,12,1;2;3;4;5;6;7;8;9;10;11;12,,https://www.jra.go.jp/datafile/seiseki/report/2012/2012-1kyoto1.pdf
2012,2012080102,京都,1,2,2012-01-08,12,1;2;3;4;5;6;7;8;9;10;11;12,,https://www.jra.go.jp/datafile/seiseki/report/2012/2012-1kyoto2.pdf
2012,2012080103,京都,1,3,2012-01-09,12,1;2;3;4;5;6;7;8;9;10;11;12,,https://www.jra.go.jp/datafile/seiseki/report/2012/2012-1kyoto3.pdf
2012,2012080104,京都,1,4,2012-01-14,12,1;2;3;4;5;6;7;8;9;10;11;12,,https://www.jra.go.jp/datafile/seiseki/report/2012/2012-1kyoto4.pdf
2012,2012080105,京都,1,5,2012-01-15,12,1;2;3;4;5;6;7;8;9;10;11;12,,https://www.jra.go.jp/datafile/seiseki/report/2012/2012-1kyoto5.pdf
2012,2012080106,京都,1,6,2012-01-21,12,1;2;3;4;5;6;7;8;9;10;11;12,,https://www.jra.go.jp/datafile/seiseki/report/2012/2012-1kyoto6.pdf
2012,2012080107,京都,1,7,2012-01-22,12,1;2;3;4;5;6;7;8;9;10;11;12,,https://www.jra.go.jp/datafile/seiseki/report/2012/2012-1kyoto7.pdf
2012,2012080201,京都,2,1,2012-01-28,12,1;2;3;4;5;6;7;8;9;10;11;12,,https://www.jra.go.jp/datafile/seiseki/report/2012/2012-2kyoto1.pdf
2012,2012080202,京都,2,2,2012-01-29,12,1;2;3;4;5;6;7;8;9;10;11;12,,https://www.jra.go.jp/datafile/seiseki/report/2012/2012-2kyoto2.pdf
2012,2012080203,京都,2,3,2012-02-04,12,1;2;3;4;5;6;7;8;9;10;11;12,,https://www.jra.go.jp/datafile/seiseki/report/2012/2012-2kyoto3.pdf
2012,2012080204,京都,2,4,2012-02-05,12,1;2;3;4;5;6;7;8;9;10;11;12,,https://www.jra.go.jp/datafile/seiseki/report/2012/2012-2kyoto4.pdf
2012,2012080205,京都,2,5,2012-02-11,12,1;2;3;4;5;6;7;8;9;10;11;12,,https://www.jra.go.jp/datafile/seiseki/report/2012/2012-2kyoto5.pdf
2012,2012080206,京都,2,6,2012-02-12,12,1;2;3;4;5;6;7;8;9;10;11;12,,https://www.jra.go.jp/datafile/seiseki/report/2012/2012-2kyoto6.pdf
2012,2012080207,京都,2,7,2012-02-18,12,1;2;3;4;5;6;7;8;9;10;11;12,,https://www.jra.go.jp/datafile/seiseki/report/2012/2012-2kyoto7.pdf
2012,2012080208,京都,2,8,2012-02-19,12,1;2;3;4;5;6;7;8;9;10;11;12,,https://www.jra.go.jp/datafile/seiseki/report/2012/2012-2kyoto8.pdf
2012,2012080301,京都,3,1,2012-04-21,12,1;2;3;4;5;6;7;8;9;10;11;12,,https://www.jra.go.jp/datafile/seiseki/report/2012/2012-3kyoto1.pdf
2012,2012080302,京都,3,2,2012-04-22,12,1;2;3;4;5;6;7;8;9;10;11;12,,https://www.jra.go.jp/datafile/seiseki/report/2012/2012-3kyoto2.pdf
2012,2012080303,京都,3,3,2012-04-28,12,1;2;3;4;5;6;7;8;9;10;11;12,,https://www.jra.go.jp/datafile/seiseki/report/2012/2012-3kyoto3.pdf
2012,2012080304,京都,3,4,2012-04-29,12,1;2;3;4;5;6;7;8;9;10;11;12,,https://www.jra.go.jp/datafile/seiseki/report/2012/2012-3kyoto4.pdf
2012,2012080305,京都,3,5,2012-05-05,12,1;2;3;4;5;6;7;8;9;10;11;12,,https://www.jra.go.jp/datafile/seiseki/report/2012/2012-3kyoto5.pdf
2012,2012080306,京都,3,6,2012-05-06,12,1;2;3;4;5;6;7;8;9;10;11;12,,https://www.jra.go.jp/datafile/seiseki/report/2012/2012-3kyoto6.pdf
2012,2012080307,京都,3,7,2012-05-12,12,1;2;3;4;5;6;7;8;9;10;11;12,,https://www.jra.go.jp/datafile/seiseki/report/2012/2012-3kyoto7.pdf
2012,2012080308,京都,3,8,2012-05-13,12,1;2;3;4;5;6;7;8;9;10;11;12,,https://www.jra.go.jp/datafile/seiseki/report/2012/2012-3kyoto8.pdf
2012,2012080309,京都,3,9,2012-05-19,12,1;2;3;4;5;6;7;8;9;10;11;12,,https://www.jra.go.jp/datafile/seiseki/report/2012/2012-3kyoto9.pdf
2012,2012080310,京都,3,10,2012-05-20,12,1;2;3;4;5;6;7;8;9;10;11;12,,https://www.jra.go.jp/datafile/seiseki/report/2012/2012-3kyoto10.pdf
2012,2012080311,京都,3,11,2012-05-26,12,1;2;3;4;5;6;7;8;9;10;11;12,,https://www.jra.go.jp/datafile/seiseki/report/2012/2012-3kyoto11.pdf
2012,2012080312,京都,3,12,2012-05-27,12,1;2;3;4;5;6;7;8;9;10;11;12,,https://www.jra.go.jp/datafile/seiseki/report/2012/2012-3kyoto12.pdf
2012,2012080401,京都,4,1,2012-10-06,12,1;2;3;4;5;6;7;8;9;10;11;12,,https://www.jra.go.jp/datafile/seiseki/report/2012/2012-4kyoto1.pdf
2012,2012080402,京都,4,2,2012-10-07,12,1;2;3;4;5;6;7;8;9;10;11;12,,https://www.jra.go.jp/datafile/seiseki/report/2012/2012-4kyoto2.pdf
2012,2012080403,京都,4,3,2012-10-08,12,1;2;3;4;5;6;7;8;9;10;11;12,,https://www.jra.go.jp/datafile/seiseki/report/2012/2012-4kyoto3.pdf
2012,2012080404,京都,4,4,2012-10-13,12,1;2;3;4;5;6;7;8;9;10;11;12,,https://www.jra.go.jp/datafile/seiseki/report/2012/2012-4kyoto4.pdf
2012,2012080405,京都,4,5,2012-10-14,12,1;2;3;4;5;6;7;8;9;10;11;12,,https://www.jra.go.jp/datafile/seiseki/report/2012/2012-4kyoto5.pdf
2012,2012080406,京都,4,6,2012-10-20,12,1;2;3;4;5;6;7;8;9;10;11;12,,https://www.jra.go.jp/datafile/seiseki/report/2012/2012-4kyoto6.pdf
2012,2012080407,京都,4,7,2012-10-21,12,1;2;3;4;5;6;7;8;9;10;11;12,,https://www.jra.go.jp/datafile/seiseki/report/2012/2012-4kyoto7.pdf
2012,2012080408,京都,4,8,2012-10-27,12,1;2;3;4;5;6;7;8;9;10;11;12,,https://www.jra.go.jp/datafile/seiseki/report/2012/2012-4kyoto8.pdf
2012,2012080409,京都,4,9,2012-10-28,12,1;2;3;4;5;6;7;8;9;10;11;12,,https://www.jra.go.jp/datafile/seiseki/report/2012/2012-4kyoto9.pdf
2012,2012080501,京都,5,1,2012-11-03,12,1;2;3;4;5;6;7;8;9;10;11;12,,https://www.jra.go.jp/datafile/seiseki/report/2012/2012-5kyoto1.pdf
2012,2012080502,京都,5,2,2012-11-04,12,1;2;3;4;5;6;7;8;9;10;11;12,,https://www.jra.go.jp/datafile/seiseki/report/2012/2012-5kyoto2.pdf
2012,2012080503,京都,5,3,2012-11-10,12,1;2;3;4;5;6;7;8;9;10;11;12,,https://www.jra.go.jp/datafile/seiseki/report/2012/2012-5kyoto3.pdf
2012,2012080504,京都,5,4,2012-11-11,12,1;2;3;4;5;6;7;8;9;10;11;12,,https://www.jra.go.jp/datafile/seiseki/report/2012/2012-5kyoto4.pdf
2012,2012080505,京都,5,5,2012-11-17,12,1;2;3;4;5;6;7;8;9;10;11;12,,https://www.jra.go.jp/datafile/seiseki/report/2012/2012-5kyoto5.pdf
2012,2012080506,京都,5,6,2012-11-18,12,1;2;3;4;5;6;7;8;9;10;11;12,,https://www.jra.go.jp/datafile/seiseki/report/2012/2012-5kyoto6.pdf
2012,2012080507,京都,5,7,2012-11-24,12,1;2;3;4;5;6;7;8;9;10;11;12,,https://www.jra.go.jp/datafile/seiseki/report/2012/2012-5kyoto7.pdf
2012,2012080508,京都,5,8,2012-11-25,12,1;2;3;4;5;6;7;8;9;10;11;12,,https://www.jra.go.jp/datafile/seiseki/report/2012/2012-5kyoto8.pdf
2012,2012090101,阪神,1,1,2012-02-25,12,1;2;3;4;5;6;7;8;9;10;11;12,,https://www.jra.go.jp/datafile/seiseki/report/2012/2012-1hanshin1.pdf
2012,2012090102,阪神,1,2,2012-02-26,12,1;2;3;4;5;6;7;8;9;10;11;12,,https://www.jra.go.jp/datafile/seiseki/report/2012/2012-1hanshin2.pdf
2012,2012090103,阪神,1,3,2012-03-03,12,1;2;3;4;5;6;7;8;9;10;11;12,,https://www.jra.go.jp/datafile/seiseki/report/2012/2012-1hanshin3.pdf
2012,2012090104,阪神,1,4,2012-03-04,12,1;2;3;4;5;6;7;8;9;10;11;12,,https://www.jra.go.jp/datafile/seiseki/report/2012/2012-1hanshin4.pdf
2012,2012090105,阪神,1,5,2012-03-10,12,1;2;3;4;5;6;7;8;9;10;11;12,,https://www.jra.go.jp/datafile/seiseki/report/2012/2012-1hanshin5.pdf
2012,2012090106,阪神,1,6,2012-03-11,12,1;2;3;4;5;6;7;8;9;10;11;12,,https://www.jra.go.jp/datafile/seiseki/report/2012/2012-1hanshin6.pdf
2012,2012090107,阪神,1,7,2012-03-17,12,1;2;3;4;5;6;7;8;9;10;11;12,,https://www.jra.go.jp/datafile/seiseki/report/2012/2012-1hanshin7.pdf
2012,2012090108,阪神,1,8,2012-03-18,12,1;2;3;4;5;6;7;8;9;10;11;12,,https://www.jra.go.jp/datafile/seiseki/report/2012/2012-1hanshin8.pdf
2012,2012090201,阪神,2,1,2012-03-24,12,1;2;3;4;5;6;7;8;9;10;11;12,,https://www.jra.go.jp/datafile/seiseki/report/2012/2012-2hanshin1.pdf
2012,2012090202,阪神,2,2,2012-03-25,12,1;2;3;4;5;6;7;8;9;10;11;12,,https://www.jra.go.jp/datafile/seiseki/report/2012/2012-2hanshin2.pdf
2012,2012090203,阪神,2,3,2012-03-31,12,1;2;3;4;5;6;7;8;9;10;11;12,,https://www.jra.go.jp/datafile/seiseki/report/2012/2012-2hanshin3.pdf
2012,2012090204,阪神,2,4,2012-04-01,12,1;2;3;4;5;6;7;8;9;10;11;12,,https://www.jra.go.jp/datafile/seiseki/report/2012/2012-2hanshin4.pdf
2012,2012090205,阪神,2,5,2012-04-07,12,1;2;3;4;5;6;7;8;9;10;11;12,,https://www.jra.go.jp/datafile/seiseki/report/2012/2012-2hanshin5.pdf
2012,2012090206,阪神,2,6,2012-04-08,12,1;2;3;4;5;6;7;8;9;10;11;12,,https://www.jra.go.jp/datafile/seiseki/report/2012/2012-2hanshin6.pdf
2012,2012090207,阪神,2,7,2012-04-14,12,1;2;3;4;5;6;7;8;9;10;11;12,,https://www.jra.go.jp/datafile/seiseki/report/2012/2012-2hanshin7.pdf
2012,2012090208,阪神,2,8,2012-04-15,12,1;2;3;4;5;6;7;8;9;10;11;12,,https://www.jra.go.jp/datafile/seiseki/report/2012/2012-2hanshin8.pdf
2012,2012090301,阪神,3,1,2012-06-02,12,1;2;3;4;5;6;7;8;9;10;11;12,,https://www.jra.go.jp/datafile/seiseki/report/2012/2012-3hanshin1.pdf
2012,2012090302,阪神,3,2,2012-06-03,12,1;2;3;4;5;6;7;8;9;10;11;12,,https://www.jra.go.jp/datafile/seiseki/report/2012/2012-3hanshin2.pdf
2012,2012090303,阪神,3,3,2012-06-09,12,1;2;3;4;5;6;7;8;9;10;11;12,,https://www.jra.go.jp/datafile/seiseki/report/2012/2012-3hanshin3.pdf
2012,2012090304,阪神,3,4,2012-06-10,12,1;2;3;4;5;6;7;8;9;10;11;12,,https://www.jra.go.jp/datafile/seiseki/report/2012/2012-3hanshin4.pdf
2012,2012090305,阪神,3,5,2012-06-16,12,1;2;3;4;5;6;7;8;9;10;11;12,,https://www.jra.go.jp/datafile/seiseki/report/2012/2012-3hanshin5.pdf
2012,2012090306,阪神,3,6,2012-06-17,12,1;2;3;4;5;6;7;8;9;10;11;12,,https://www.jra.go.jp/datafile/seiseki/report/2012/2012-3hanshin6.pdf
2012,2012090307,阪神,3,7,2012-06-23,12,1;2;3;4;5;6;7;8;9;10;11;12,,https://www.jra.go.jp/datafile/seiseki/report/2012/2012-3hanshin7.pdf
2012,2012090308,阪神,3,8,2012-06-24,12,1;2;3;4;5;6;7;8;9;10;11;12,,https://www.jra.go.jp/datafile/seiseki/report/2012/2012-3hanshin8.pdf
2012,2012090401,阪神,4,1,2012-09-08,12,1;2;3;4;5;6;7;8;9;10;11;12,,https://www.jra.go.jp/datafile/seiseki/report/2012/2012-4hanshin1.pdf
2012,2012090402,阪神,4,2,2012-09-09,12,1;2;3;4;5;6;7;8;9;10;11;12,,https://www.jra.go.jp/datafile/seiseki/report/2012/2012-4hanshin2.pdf
2012,2012090403,阪神,4,3,2012-09-15,12,1;2;3;4;5;6;7;8;9;10;11;12,,https://www.jra.go.jp/datafile/seiseki/report/2012/2012-4hanshin3.pdf
2012,2012090404,阪神,4,4,2012-09-16,12,1;2;3;4;5;6;7;8;9;10;11;12,,https://www.jra.go.jp/datafile/seiseki/report/2012/2012-4hanshin4.pdf
2012,2012090405,阪神,4,5,2012-09-17,12,1;2;3;4;5;6;7;8;9;10;11;12,,https://www.jra.go.jp/datafile/seiseki/report/2012/2012-4hanshin5.pdf
2012,2012090406,阪神,4,6,2012-09-22,12,1;2;3;4;5;6;7;8;9;10;11;12,,https://www.jra.go.jp/datafile/seiseki/report/2012/2012-4hanshin6.pdf
2012,2012090407,阪神,4,7,2012-09-23,12,1;2;3;4;5;6;7;8;9;10;11;12,,https://www.jra.go.jp/datafile/seiseki/report/2012/2012-4hanshin7.pdf
2012,2012090408,阪神,4,8,2012-09-29,12,1;2;3;4;5;6;7;8;9;10;11;12,,https://www.jra.go.jp/datafile/seiseki/report/2012/2012-4hanshin8.pdf
2012,2012090409,阪神,4,9,2012-10-01,12,1;2;3;4;5;6;7;8;9;10;11;12,,https://www.jra.go.jp/datafile/seiseki/report/2012/2012-4hanshin9.pdf
2012,2012090501,阪神,5,1,2012-12-01,12,1;2;3;4;5;6;7;8;9;10;11;12,,https://www.jra.go.jp/datafile/seiseki/report/2012/2012-5hanshin1.pdf
2012,2012090502,阪神,5,2,2012-12-02,12,1;2;3;4;5;6;7;8;9;10;11;12,,https://www.jra.go.jp/datafile/seiseki/report/2012/2012-5hanshin2.pdf
2012,2012090503,阪神,5,3,2012-12-08,12,1;2;3;4;5;6;7;8;9;10;11;12,,https://www.jra.go.jp/datafile/seiseki/report/2012/2012-5hanshin3.pdf
2012,2012090504,阪神,5,4,2012-12-09,12,1;2;3;4;5;6;7;8;9;10;11;12,,https://www.jra.go.jp/datafile/seiseki/report/2012/2012-5hanshin4.pdf
2012,2012090505,阪神,5,5,2012-12-15,12,1;2;3;4;5;6;7;8;9;10;11;12,,https://www.jra.go.jp/datafile/seiseki/report/2012/2012-5hanshin5.pdf
2012,2012090506,阪神,5,6,2012-12-16,12,1;2;3;4;5;6;7;8;9;10;11;12,,https://www.jra.go.jp/datafile/seiseki/report/2012/2012-5hanshin6.pdf
2012,2012090507,阪神,5,7,2012-12-22,12,1;2;3;4;5;6;7;8;9;10;11;12,,https://www.jra.go.jp/datafile/seiseki/report/2012/2012-5hanshin7.pdf
2012,2012090508,阪神,5,8,2012-12-23,12,1;2;3;4;5;6;7;8;9;10;11;12,,https://www.jra.go.jp/datafile/seiseki/report/2012/2012-5hanshin8.pdf
2012,2012090509,阪神,5,9,2012-12-24,12,1;2;3;4;5;6;7;8;9;10;11;12,,https://www.jra.go.jp/datafile/seiseki/report/2012/2012-5hanshin9.pdf
2012,2012100101,小倉,1,1,2012-01-14,12,1;2;3;4;5;6;7;8;9;10;11;12,,https://www.jra.go.jp/datafile/seiseki/report/2012/2012-1kokura1.pdf
2012,2012100102,小倉,1,2,2012-01-15,12,1;2;3;4;5;6;7;8;9;10;11;12,,https://www.jra.go.jp/datafile/seiseki/report/2012/2012-1kokura2.pdf
2012,2012100103,小倉,1,3,2012-01-21,12,1;2;3;4;5;6;7;8;9;10;11;12,,https://www.jra.go.jp/datafile/seiseki/report/2012/2012-1kokura3.pdf
2012,2012100104,小倉,1,4,2012-01-22,12,1;2;3;4;5;6;7;8;9;10;11;12,,https://www.jra.go.jp/datafile/seiseki/report/2012/2012-1kokura4.pdf
2012,2012100105,小倉,1,5,2012-01-28,12,1;2;3;4;5;6;7;8;9;10;11;12,,https://www.jra.go.jp/datafile/seiseki/report/2012/2012-1kokura5.pdf
2012,2012100106,小倉,1,6,2012-01-29,12,1;2;3;4;5;6;7;8;9;10;11;12,,https://www.jra.go.jp/datafile/seiseki/report/2012/2012-1kokura6.pdf
2012,2012100107,小倉,1,7,2012-02-04,12,1;2;3;4;5;6;7;8;9;10;11;12,,https://www.jra.go.jp/datafile/seiseki/report/2012/2012-1kokura7.pdf
2012,2012100108,小倉,1,8,2012-02-05,12,1;2;3;4;5;6;7;8;9;10;11;12,,https://www.jra.go.jp/datafile/seiseki/report/2012/2012-1kokura8.pdf
2012,2012100109,小倉,1,9,2012-02-11,12,1;2;3;4;5;6;7;8;9;10;11;12,,https://www.jra.go.jp/datafile/seiseki/report/2012/2012-1kokura9.pdf
2012,2012100110,小倉,1,10,2012-02-12,12,1;2;3;4;5;6;7;8;9;10;11;12,,https://www.jra.go.jp/datafile/seiseki/report/2012/2012-1kokura10.pdf
2012,2012100201,小倉,2,1,2012-07-28,12,1;2;3;4;5;6;7;8;9;10;11;12,,https://www.jra.go.jp/datafile/seiseki/report/2012/2012-2kokura1.pdf
2012,2012100202,小倉,2,2,2012-07-29,12,1;2;3;4;5;6;7;8;9;10;11;12,,https://www.jra.go.jp/datafile/seiseki/report/2012/2012-2kokura2.pdf
2012,2012100203,小倉,2,3,2012-08-04,12,1;2;3;4;5;6;7;8;9;10;11;12,,https://www.jra.go.jp/datafile/seiseki/report/2012/2012-2kokura3.pdf
2012,2012100204,小倉,2,4,2012-08-05,12,1;2;3;4;5;6;7;8;9;10;11;12,,https://www.jra.go.jp/datafile/seiseki/report/2012/2012-2kokura4.pdf
2012,2012100205,小倉,2,5,2012-08-11,12,1;2;3;4;5;6;7;8;9;10;11;12,,https://www.jra.go.jp/datafile/seiseki/report/2012/2012-2kokura5.pdf
2012,2012100206,小倉,2,6,2012-08-12,12,1;2;3;4;5;6;7;8;9;10;11;12,,https://www.jra.go.jp/datafile/seiseki/report/2012/2012-2kokura6.pdf
2012,2012100207,小倉,2,7,2012-08-18,12,1;2;3;4;5;6;7;8;9;10;11;12,,https://www.jra.go.jp/datafile/seiseki/report/2012/2012-2kokura7.pdf
2012,2012100208,小倉,2,8,2012-08-19,12,1;2;3;4;5;6;7;8;9;10;11;12,,https://www.jra.go.jp/datafile/seiseki/report/2012/2012-2kokura8.pdf
2012,2012100209,小倉,2,9,2012-08-25,12,1;2;3;4;5;6;7;8;9;10;11;12,,https://www.jra.go.jp/datafile/seiseki/report/2012/2012-2kokura9.pdf
2012,2012100210,小倉,2,10,2012-08-26,12,1;2;3;4;5;6;7;8;9;10;11;12,,https://www.jra.go.jp/datafile/seiseki/report/2012/2012-2kokura10.pdf
2012,2012100211,小倉,2,11,2012-09-01,12,1;2;3;4;5;6;7;8;9;10;11;12,,https://www.jra.go.jp/datafile/seiseki/report/2012/2012-2kokura11.pdf
2012,2012100212,小倉,2,12,2012-09-02,12,1;2;3;4;5;6;7;8;9;10;11;12,,https://www.jra.go.jp/datafile/seiseki/report/2012/2012-2kokura12.pdf
2013,2013020101,函館,1,1,2013-06-15,12,1;2;3;4;5;6;7;8;9;10;11;12,,https://www.jra.go.jp/datafile/seiseki/report/2013/2013-1hakodate1.pdf
2013,2013020102,函館,1,2,2013-06-16,12,1;2;3;4;5;6;7;8;9;10;11;12,,https://www.jra.go.jp/datafile/seiseki/report/2013/2013-1hakodate2.pdf
2013,2013020103,函館,1,3,2013-06-22,12,1;2;3;4;5;6;7;8;9;10;11;12,,https://www.jra.go.jp/datafile/seiseki/report/2013/2013-1hakodate3.pdf
2013,2013020104,函館,1,4,2013-06-23,12,1;2;3;4;5;6;7;8;9;10;11;12,,https://www.jra.go.jp/datafile/seiseki/report/2013/2013-1hakodate4.pdf
2013,2013020105,函館,1,5,2013-06-29,12,1;2;3;4;5;6;7;8;9;10;11;12,,https://www.jra.go.jp/datafile/seiseki/report/2013/2013-1hakodate5.pdf
2013,2013020106,函館,1,6,2013-06-30,12,1;2;3;4;5;6;7;8;9;10;11;12,,https://www.jra.go.jp/datafile/seiseki/report/2013/2013-1hakodate6.pdf
2013,2013020201,函館,2,1,2013-07-06,12,1;2;3;4;5;6;7;8;9;10;11;12,,https://www.jra.go.jp/datafile/seiseki/report/2013/2013-2hakodate1.pdf
2013,2013020202,函館,2,2,2013-07-07,12,1;2;3;4;5;6;7;8;9;10;11;12,,https://www.jra.go.jp/datafile/seiseki/report/2013/2013-2hakodate2.pdf
2013,2013020203,函館,2,3,2013-07-13,12,1;2;3;4;5;6;7;8;9;10;11;12,,https://www.jra.go.jp/datafile/seiseki/report/2013/2013-2hakodate3.pdf
2013,2013020204,函館,2,4,2013-07-14,12,1;2;3;4;5;6;7;8;9;10;11;12,,https://www.jra.go.jp/datafile/seiseki/report/2013/2013-2hakodate4.pdf
2013,2013020205,函館,2,5,2013-07-20,12,1;2;3;4;5;6;7;8;9;10;11;12,,https://www.jra.go.jp/datafile/seiseki/report/2013/2013-2hakodate5.pdf
2013,2013020206,函館,2,6,2013-07-21,12,1;2;3;4;5;6;7;8;9;10;11;12,,https://www.jra.go.jp/datafile/seiseki/report/2013/2013-2hakodate6.pdf
2013,2013020301,函館,3,1,2013-07-27,12,1;2;3;4;5;6;7;8;9;10;11;12,,https://www.jra.go.jp/datafile/seiseki/report/2013/2013-3hakodate1.pdf
2013,2013020302,函館,3,2,2013-07-28,12,1;2;3;4;5;6;7;8;9;10;11;12,,https://www.jra.go.jp/datafile/seiseki/report/2013/2013-3hakodate2.pdf
2013,2013020303,函館,3,3,2013-08-03,12,1;2;3;4;5;6;7;8;9;10;11;12,,https://www.jra.go.jp/datafile/seiseki/report/2013/2013-3hakodate3.pdf
2013,2013020304,函館,3,4,2013-08-04,12,1;2;3;4;5;6;7;8;9;10;11;12,,https://www.jra.go.jp/datafile/seiseki/report/2013/2013-3hakodate4.pdf
2013,2013020305,函館,3,5,2013-08-10,12,1;2;3;4;5;6;7;8;9;10;11;12,,https://www.jra.go.jp/datafile/seiseki/report/2013/2013-3hakodate5.pdf
2013,2013020306,函館,3,6,2013-08-11,12,1;2;3;4;5;6;7;8;9;10;11;12,,https://www.jra.go.jp/datafile/seiseki/report/2013/2013-3hakodate6.pdf
2013,2013020401,函館,4,1,2013-08-17,12,1;2;3;4;5;6;7;8;9;10;11;12,,https://www.jra.go.jp/datafile/seiseki/report/2013/2013-4hakodate1.pdf
2013,2013020402,函館,4,2,2013-08-18,12,1;2;3;4;5;6;7;8;9;10;11;12,,https://www.jra.go.jp/datafile/seiseki/report/2013/2013-4hakodate2.pdf
2013,2013020403,函館,4,3,2013-08-24,12,1;2;3;4;5;6;7;8;9;10;11;12,,https://www.jra.go.jp/datafile/seiseki/report/2013/2013-4hakodate3.pdf
2013,2013020404,函館,4,4,2013-08-25,12,1;2;3;4;5;6;7;8;9;10;11;12,,https://www.jra.go.jp/datafile/seiseki/report/2013/2013-4hakodate4.pdf
2013,2013020405,函館,4,5,2013-08-31,12,1;2;3;4;5;6;7;8;9;10;11;12,,https://www.jra.go.jp/datafile/seiseki/report/2013/2013-4hakodate5.pdf
2013,2013020406,函館,4,6,2013-09-01,12,1;2;3;4;5;6;7;8;9;10;11;12,,https://www.jra.go.jp/datafile/seiseki/report/2013/2013-4hakodate6.pdf
2013,2013030101,福島,1,1,2013-04-06,12,1;2;3;4;5;6;7;8;9;10;11;12,,https://www.jra.go.jp/datafile/seiseki/report/2013/2013-1fukushima1.pdf
2013,2013030102,福島,1,2,2013-04-07,12,1;2;3;4;5;6;7;8;9;10;11;12,,https://www.jra.go.jp/datafile/seiseki/report/2013/2013-1fukushima2.pdf
2013,2013030103,福島,1,3,2013-04-13,12,1;2;3;4;5;6;7;8;9;10;11;12,,https://www.jra.go.jp/datafile/seiseki/report/2013/2013-1fukushima3.pdf
2013,2013030104,福島,1,4,2013-04-14,12,1;2;3;4;5;6;7;8;9;10;11;12,,https://www.jra.go.jp/datafile/seiseki/report/2013/2013-1fukushima4.pdf
2013,2013030105,福島,1,5,2013-04-20,12,1;2;3;4;5;6;7;8;9;10;11;12,,https://www.jra.go.jp/datafile/seiseki/report/2013/2013-1fukushima5.pdf
2013,2013030106,福島,1,6,2013-04-29,12,1;2;3;4;5;6;7;8;9;10;11;12,,https://www.jra.go.jp/datafile/seiseki/report/2013/2013-1fukushima6.pdf
2013,2013030107,福島,1,7,2013-04-27,12,1;2;3;4;5;6;7;8;9;10;11;12,,https://www.jra.go.jp/datafile/seiseki/report/2013/2013-1fukushima7.pdf
2013,2013030108,福島,1,8,2013-04-28,12,1;2;3;4;5;6;7;8;9;10;11;12,,https://www.jra.go.jp/datafile/seiseki/report/2013/2013-1fukushima8.pdf
2013,2013030201,福島,2,1,2013-06-29,12,1;2;3;4;5;6;7;8;9;10;11;12,,https://www.jra.go.jp/datafile/seiseki/report/2013/2013-2fukushima1.pdf
2013,2013030202,福島,2,2,2013-06-30,12,1;2;3;4;5;6;7;8;9;10;11;12,,https://www.jra.go.jp/datafile/seiseki/report/2013/2013-2fukushima2.pdf
2013,2013030203,福島,2,3,2013-07-06,12,1;2;3;4;5;6;7;8;9;10;11;12,,https://www.jra.go.jp/datafile/seiseki/report/2013/2013-2fukushima3.pdf
2013,2013030204,福島,2,4,2013-07-07,12,1;2;3;4;5;6;7;8;9;10;11;12,,https://www.jra.go.jp/datafile/seiseki/report/2013/2013-2fukushima4.pdf
2013,2013030205,福島,2,5,2013-07-13,12,1;2;3;4;5;6;7;8;9;10;11;12,,https://www.jra.go.jp/datafile/seiseki/report/2013/2013-2fukushima5.pdf
2013,2013030206,福島,2,6,2013-07-14,12,1;2;3;4;5;6;7;8;9;10;11;12,,https://www.jra.go.jp/datafile/seiseki/report/2013/2013-2fukushima6.pdf
2013,2013030207,福島,2,7,2013-07-20,12,1;2;3;4;5;6;7;8;9;10;11;12,,https://www.jra.go.jp/datafile/seiseki/report/2013/2013-2fukushima7.pdf
2013,2013030208,福島,2,8,2013-07-21,12,1;2;3;4;5;6;7;8;9;10;11;12,,https://www.jra.go.jp/datafile/seiseki/report/2013/2013-2fukushima8.pdf
2013,2013030301,福島,3,1,2013-11-02,12,1;2;3;4;5;6;7;8;9;10;11;12,,https://www.jra.go.jp/datafile/seiseki/report/2013/2013-3fukushima1.pdf
2013,2013030302,福島,3,2,2013-11-03,12,1;2;3;4;5;6;7;8;9;10;11;12,,https://www.jra.go.jp/datafile/seiseki/report/2013/2013-3fukushima2.pdf
2013,2013030303,福島,3,3,2013-11-09,12,1;2;3;4;5;6;7;8;9;10;11;12,,https://www.jra.go.jp/datafile/seiseki/report/2013/2013-3fukushima3.pdf
2013,2013030304,福島,3,4,2013-11-10,12,1;2;3;4;5;6;7;8;9;10;11;12,,https://www.jra.go.jp/datafile/seiseki/report/2013/2013-3fukushima4.pdf
2013,2013030305,福島,3,5,2013-11-16,12,1;2;3;4;5;6;7;8;9;10;11;12,,https://www.jra.go.jp/datafile/seiseki/report/2013/2013-3fukushima5.pdf
2013,2013030306,福島,3,6,2013-11-17,12,1;2;3;4;5;6;7;8;9;10;11;12,,https://www.jra.go.jp/datafile/seiseki/report/2013/2013-3fukushima6.pdf
2013,2013040101,新潟,1,1,2013-05-04,12,1;2;3;4;5;6;7;8;9;10;11;12,,https://www.jra.go.jp/datafile/seiseki/report/2013/2013-1niigata1.pdf
2013,2013040102,新潟,1,2,2013-05-05,12,1;2;3;4;5;6;7;8;9;10;11;12,,https://www.jra.go.jp/datafile/seiseki/report/2013/2013-1niigata2.pdf
2013,2013040103,新潟,1,3,2013-05-11,12,1;2;3;4;5;6;7;8;9;10;11;12,,https://www.jra.go.jp/datafile/seiseki/report/2013/2013-1niigata3.pdf
2013,2013040104,新潟,1,4,2013-05-12,12,1;2;3;4;5;6;7;8;9;10;11;12,,https://www.jra.go.jp/datafile/seiseki/report/2013/2013-1niigata4.pdf
2013,2013040105,新潟,1,5,2013-05-18,12,1;2;3;4;5;6;7;8;9;10;11;12,,https://www.jra.go.jp/datafile/seiseki/report/2013/2013-1niigata5.pdf
2013,2013040106,新潟,1,6,2013-05-19,12,1;2;3;4;5;6;7;8;9;10;11;12,,https://www.jra.go.jp/datafile/seiseki/report/2013/2013-1niigata6.pdf
2013,2013040201,新潟,2,1,2013-07-27,12,1;2;3;4;5;6;7;8;9;10;11;12,,https://www.jra.go.jp/datafile/seiseki/report/2013/2013-2niigata1.pdf
2013,2013040202,新潟,2,2,2013-07-28,12,1;2;3;4;5;6;7;8;9;10;11;12,,https://www.jra.go.jp/datafile/seiseki/report/2013/2013-2niigata2.pdf
2013,2013040203,新潟,2,3,2013-08-03,12,1;2;3;4;5;6;7;8;9;10;11;12,,https://www.jra.go.jp/datafile/seiseki/report/2013/2013-2niigata3.pdf
2013,2013040204,新潟,2,4,2013-08-04,12,1;2;3;4;5;6;7;8;9;10;11;12,,https://www.jra.go.jp/datafile/seiseki/report/2013/2013-2niigata4.pdf
2013,2013040205,新潟,2,5,2013-08-10,12,1;2;3;4;5;6;7;8;9;10;11;12,,https://www.jra.go.jp/datafile/seiseki/report/2013/2013-2niigata5.pdf
2013,2013040206,新潟,2,6,2013-08-11,12,1;2;3;4;5;6;7;8;9;10;11;12,,https://www.jra.go.jp/datafile/seiseki/report/2013/2013-2niigata6.pdf
2013,2013040207,新潟,2,7,2013-08-17,12,1;2;3;4;5;6;7;8;9;10;11;12,,https://www.jra.go.jp/datafile/seiseki/report/2013/2013-2niigata7.pdf
2013,2013040208,新潟,2,8,2013-08-18,12,1;2;3;4;5;6;7;8;9;10;11;12,,https://www.jra.go.jp/datafile/seiseki/report/2013/2013-2niigata8.pdf
2013,2013040209,新潟,2,9,2013-08-24,12,1;2;3;4;5;6;7;8;9;10;11;12,,https://www.jra.go.jp/datafile/seiseki/report/2013/2013-2niigata9.pdf
2013,2013040210,新潟,2,10,2013-08-25,12,1;2;3;4;5;6;7;8;9;10;11;12,,https://www.jra.go.jp/datafile/seiseki/report/2013/2013-2niigata10.pdf
2013,2013040211,新潟,2,11,2013-08-31,12,1;2;3;4;5;6;7;8;9;10;11;12,,https://www.jra.go.jp/datafile/seiseki/report/2013/2013-2niigata11.pdf
2013,2013040212,新潟,2,12,2013-09-01,12,1;2;3;4;5;6;7;8;9;10;11;12,,https://www.jra.go.jp/datafile/seiseki/report/2013/2013-2niigata12.pdf
2013,2013040301,新潟,3,1,2013-10-05,12,1;2;3;4;5;6;7;8;9;10;11;12,,https://www.jra.go.jp/datafile/seiseki/report/2013/2013-3niigata1.pdf
2013,2013040302,新潟,3,2,2013-10-06,12,1;2;3;4;5;6;7;8;9;10;11;12,,https://www.jra.go.jp/datafile/seiseki/report/2013/2013-3niigata2.pdf
2013,2013040303,新潟,3,3,2013-10-19,12,1;2;3;4;5;6;7;8;9;10;11;12,,https://www.jra.go.jp/datafile/seiseki/report/2013/2013-3niigata3.pdf
2013,2013040304,新潟,3,4,2013-10-20,12,1;2;3;4;5;6;7;8;9;10;11;12,,https://www.jra.go.jp/datafile/seiseki/report/2013/2013-3niigata4.pdf
2013,2013040305,新潟,3,5,2013-10-26,12,1;2;3;4;5;6;7;8;9;10;11;12,,https://www.jra.go.jp/datafile/seiseki/report/2013/2013-3niigata5.pdf
2013,2013040306,新潟,3,6,2013-10-27,12,1;2;3;4;5;6;7;8;9;10;11;12,,https://www.jra.go.jp/datafile/seiseki/report/2013/2013-3niigata6.pdf
2013,2013050101,東京,1,1,2013-01-26,12,1;2;3;4;5;6;7;8;9;10;11;12,,https://www.jra.go.jp/datafile/seiseki/report/2013/2013-1tokyo1.pdf
2013,2013050102,東京,1,2,2013-01-27,12,1;2;3;4;5;6;7;8;9;10;11;12,,https://www.jra.go.jp/datafile/seiseki/report/2013/2013-1tokyo2.pdf
2013,2013050103,東京,1,3,2013-02-02,12,1;2;3;4;5;6;7;8;9;10;11;12,,https://www.jra.go.jp/datafile/seiseki/report/2013/2013-1tokyo3.pdf
2013,2013050104,東京,1,4,2013-02-03,12,1;2;3;4;5;6;7;8;9;10;11;12,,https://www.jra.go.jp/datafile/seiseki/report/2013/2013-1tokyo4.pdf
2013,2013050105,東京,1,5,2013-02-09,12,1;2;3;4;5;6;7;8;9;10;11;12,,https://www.jra.go.jp/datafile/seiseki/report/2013/2013-1tokyo5.pdf
2013,2013050106,東京,1,6,2013-02-10,12,1;2;3;4;5;6;7;8;9;10;11;12,,https://www.jra.go.jp/datafile/seiseki/report/2013/2013-1tokyo6.pdf
2013,2013050107,東京,1,7,2013-02-16,12,1;2;3;4;5;6;7;8;9;10;11;12,,https://www.jra.go.jp/datafile/seiseki/report/2013/2013-1tokyo7.pdf
2013,2013050108,東京,1,8,2013-02-17,12,1;2;3;4;5;6;7;8;9;10;11;12,,https://www.jra.go.jp/datafile/seiseki/report/2013/2013-1tokyo8.pdf
2013,2013050201,東京,2,1,2013-04-20,12,1;2;3;4;5;6;7;8;9;10;11;12,,https://www.jra.go.jp/datafile/seiseki/report/2013/2013-2tokyo1.pdf
2013,2013050202,東京,2,2,2013-04-21,12,1;2;3;4;5;6;7;8;9;10;11;12,,https://www.jra.go.jp/datafile/seiseki/report/2013/2013-2tokyo2.pdf
2013,2013050203,東京,2,3,2013-04-27,12,1;2;3;4;5;6;7;8;9;10;11;12,,https://www.jra.go.jp/datafile/seiseki/report/2013/2013-2tokyo3.pdf
2013,2013050204,東京,2,4,2013-04-28,12,1;2;3;4;5;6;7;8;9;10;11;12,,https://www.jra.go.jp/datafile/seiseki/report/2013/2013-2tokyo4.pdf
2013,2013050205,東京,2,5,2013-05-04,12,1;2;3;4;5;6;7;8;9;10;11;12,,https://www.jra.go.jp/datafile/seiseki/report/2013/2013-2tokyo5.pdf
2013,2013050206,東京,2,6,2013-05-05,12,1;2;3;4;5;6;7;8;9;10;11;12,,https://www.jra.go.jp/datafile/seiseki/report/2013/2013-2tokyo6.pdf
2013,2013050207,東京,2,7,2013-05-11,12,1;2;3;4;5;6;7;8;9;10;11;12,,https://www.jra.go.jp/datafile/seiseki/report/2013/2013-2tokyo7.pdf
2013,2013050208,東京,2,8,2013-05-12,12,1;2;3;4;5;6;7;8;9;10;11;12,,https://www.jra.go.jp/datafile/seiseki/report/2013/2013-2tokyo8.pdf
2013,2013050209,東京,2,9,2013-05-18,12,1;2;3;4;5;6;7;8;9;10;11;12,,https://www.jra.go.jp/datafile/seiseki/report/2013/2013-2tokyo9.pdf
2013,2013050210,東京,2,10,2013-05-19,12,1;2;3;4;5;6;7;8;9;10;11;12,,https://www.jra.go.jp/datafile/seiseki/report/2013/2013-2tokyo10.pdf
2013,2013050211,東京,2,11,2013-05-25,12,1;2;3;4;5;6;7;8;9;10;11;12,,https://www.jra.go.jp/datafile/seiseki/report/2013/2013-2tokyo11.pdf
2013,2013050212,東京,2,12,2013-05-26,12,1;2;3;4;5;6;7;8;9;10;11;12,,https://www.jra.go.jp/datafile/seiseki/report/2013/2013-2tokyo12.pdf
2013,2013050301,東京,3,1,2013-06-01,12,1;2;3;4;5;6;7;8;9;10;11;12,,https://www.jra.go.jp/datafile/seiseki/report/2013/2013-3tokyo1.pdf
2013,2013050302,東京,3,2,2013-06-02,12,1;2;3;4;5;6;7;8;9;10;11;12,,https://www.jra.go.jp/datafile/seiseki/report/2013/2013-3tokyo2.pdf
2013,2013050303,東京,3,3,2013-06-08,12,1;2;3;4;5;6;7;8;9;10;11;12,,https://www.jra.go.jp/datafile/seiseki/report/2013/2013-3tokyo3.pdf
2013,2013050304,東京,3,4,2013-06-09,12,1;2;3;4;5;6;7;8;9;10;11;12,,https://www.jra.go.jp/datafile/seiseki/report/2013/2013-3tokyo4.pdf
2013,2013050305,東京,3,5,2013-06-15,12,1;2;3;4;5;6;7;8;9;10;11;12,,https://www.jra.go.jp/datafile/seiseki/report/2013/2013-3tokyo5.pdf
2013,2013050306,東京,3,6,2013-06-16,12,1;2;3;4;5;6;7;8;9;10;11;12,,https://www.jra.go.jp/datafile/seiseki/report/2013/2013-3tokyo6.pdf
2013,2013050307,東京,3,7,2013-06-22,12,1;2;3;4;5;6;7;8;9;10;11;12,,https://www.jra.go.jp/datafile/seiseki/report/2013/2013-3tokyo7.pdf
2013,2013050308,東京,3,8,2013-06-23,12,1;2;3;4;5;6;7;8;9;10;11;12,,https://www.jra.go.jp/datafile/seiseki/report/2013/2013-3tokyo8.pdf
2013,2013050401,東京,4,1,2013-10-05,12,1;2;3;4;5;6;7;8;9;10;11;12,,https://www.jra.go.jp/datafile/seiseki/report/2013/2013-4tokyo1.pdf
2013,2013050402,東京,4,2,2013-10-06,12,1;2;3;4;5;6;7;8;9;10;11;12,,https://www.jra.go.jp/datafile/seiseki/report/2013/2013-4tokyo2.pdf
2013,2013050403,東京,4,3,2013-10-12,12,1;2;3;4;5;6;7;8;9;10;11;12,,https://www.jra.go.jp/datafile/seiseki/report/2013/2013-4tokyo3.pdf
2013,2013050404,東京,4,4,2013-10-13,12,1;2;3;4;5;6;7;8;9;10;11;12,,https://www.jra.go.jp/datafile/seiseki/report/2013/2013-4tokyo4.pdf
2013,2013050405,東京,4,5,2013-10-14,12,1;2;3;4;5;6;7;8;9;10;11;12,,https://www.jra.go.jp/datafile/seiseki/report/2013/2013-4tokyo5.pdf
2013,2013050406,東京,4,6,2013-10-19,12,1;2;3;4;5;6;7;8;9;10;11;12,,https://www.jra.go.jp/datafile/seiseki/report/2013/2013-4tokyo6.pdf
2013,2013050407,東京,4,7,2013-10-20,12,1;2;3;4;5;6;7;8;9;10;11;12,,https://www.jra.go.jp/datafile/seiseki/report/2013/2013-4tokyo7.pdf
2013,2013050408,東京,4,8,2013-10-26,12,1;2;3;4;5;6;7;8;9;10;11;12,,https://www.jra.go.jp/datafile/seiseki/report/2013/2013-4tokyo8.pdf
2013,2013050409,東京,4,9,2013-10-27,12,1;2;3;4;5;6;7;8;9;10;11;12,,https://www.jra.go.jp/datafile/seiseki/report/2013/2013-4tokyo9.pdf
2013,2013050501,東京,5,1,2013-11-02,12,1;2;3;4;5;6;7;8;9;10;11;12,,https://www.jra.go.jp/datafile/seiseki/report/2013/2013-5tokyo1.pdf
2013,2013050502,東京,5,2,2013-11-03,12,1;2;3;4;5;6;7;8;9;10;11;12,,https://www.jra.go.jp/datafile/seiseki/report/2013/2013-5tokyo2.pdf
2013,2013050503,東京,5,3,2013-11-09,12,1;2;3;4;5;6;7;8;9;10;11;12,,https://www.jra.go.jp/datafile/seiseki/report/2013/2013-5tokyo3.pdf
2013,2013050504,東京,5,4,2013-11-10,12,1;2;3;4;5;6;7;8;9;10;11;12,,https://www.jra.go.jp/datafile/seiseki/report/2013/2013-5tokyo4.pdf
2013,2013050505,東京,5,5,2013-11-16,12,1;2;3;4;5;6;7;8;9;10;11;12,,https://www.jra.go.jp/datafile/seiseki/report/2013/2013-5tokyo5.pdf
2013,2013050506,東京,5,6,2013-11-17,12,1;2;3;4;5;6;7;8;9;10;11;12,,https://www.jra.go.jp/datafile/seiseki/report/2013/2013-5tokyo6.pdf
2013,2013050507,東京,5,7,2013-11-23,12,1;2;3;4;5;6;7;8;9;10;11;12,,https://www.jra.go.jp/datafile/seiseki/report/2013/2013-5tokyo7.pdf
2013,2013050508,東京,5,8,2013-11-24,11,1;2;3;4;5;6;7;8;9;10;11,12,https://www.jra.go.jp/datafile/seiseki/report/2013/2013-5tokyo8.pdf
2013,2013060101,中山,1,1,2013-01-05,12,1;2;3;4;5;6;7;8;9;10;11;12,,https://www.jra.go.jp/datafile/seiseki/report/2013/2013-1nakayama1.pdf
2013,2013060102,中山,1,2,2013-01-06,12,1;2;3;4;5;6;7;8;9;10;11;12,,https://www.jra.go.jp/datafile/seiseki/report/2013/2013-1nakayama2.pdf
2013,2013060103,中山,1,3,2013-01-12,12,1;2;3;4;5;6;7;8;9;10;11;12,,https://www.jra.go.jp/datafile/seiseki/report/2013/2013-1nakayama3.pdf
2013,2013060104,中山,1,4,2013-01-13,12,1;2;3;4;5;6;7;8;9;10;11;12,,https://www.jra.go.jp/datafile/seiseki/report/2013/2013-1nakayama4.pdf
2013,2013060105,中山,1,5,2013-01-14,12,1;2;3;4;5;6;7;8;9;10;11;12,,https://www.jra.go.jp/datafile/seiseki/report/2013/2013-1nakayama5.pdf
2013,2013060106,中山,1,6,2013-01-19,12,1;2;3;4;5;6;7;8;9;10;11;12,,https://www.jra.go.jp/datafile/seiseki/report/2013/2013-1nakayama6.pdf
2013,2013060107,中山,1,7,2013-01-20,12,1;2;3;4;5;6;7;8;9;10;11;12,,https://www.jra.go.jp/datafile/seiseki/report/2013/2013-1nakayama7.pdf
2013,2013060201,中山,2,1,2013-02-23,12,1;2;3;4;5;6;7;8;9;10;11;12,,https://www.jra.go.jp/datafile/seiseki/report/2013/2013-2nakayama1.pdf
2013,2013060202,中山,2,2,2013-02-24,12,1;2;3;4;5;6;7;8;9;10;11;12,,https://www.jra.go.jp/datafile/seiseki/report/2013/2013-2nakayama2.pdf
2013,2013060203,中山,2,3,2013-03-02,12,1;2;3;4;5;6;7;8;9;10;11;12,,https://www.jra.go.jp/datafile/seiseki/report/2013/2013-2nakayama3.pdf
2013,2013060204,中山,2,4,2013-03-03,12,1;2;3;4;5;6;7;8;9;10;11;12,,https://www.jra.go.jp/datafile/seiseki/report/2013/2013-2nakayama4.pdf
2013,2013060205,中山,2,5,2013-03-09,12,1;2;3;4;5;6;7;8;9;10;11;12,,https://www.jra.go.jp/datafile/seiseki/report/2013/2013-2nakayama5.pdf
2013,2013060206,中山,2,6,2013-03-10,12,1;2;3;4;5;6;7;8;9;10;11;12,,https://www.jra.go.jp/datafile/seiseki/report/2013/2013-2nakayama6.pdf
2013,2013060207,中山,2,7,2013-03-16,12,1;2;3;4;5;6;7;8;9;10;11;12,,https://www.jra.go.jp/datafile/seiseki/report/2013/2013-2nakayama7.pdf
2013,2013060208,中山,2,8,2013-03-17,12,1;2;3;4;5;6;7;8;9;10;11;12,,https://www.jra.go.jp/datafile/seiseki/report/2013/2013-2nakayama8.pdf
2013,2013060301,中山,3,1,2013-03-23,12,1;2;3;4;5;6;7;8;9;10;11;12,,https://www.jra.go.jp/datafile/seiseki/report/2013/2013-3nakayama1.pdf
2013,2013060302,中山,3,2,2013-03-24,12,1;2;3;4;5;6;7;8;9;10;11;12,,https://www.jra.go.jp/datafile/seiseki/report/2013/2013-3nakayama2.pdf
2013,2013060303,中山,3,3,2013-03-30,12,1;2;3;4;5;6;7;8;9;10;11;12,,https://www.jra.go.jp/datafile/seiseki/report/2013/2013-3nakayama3.pdf
2013,2013060304,中山,3,4,2013-03-31,12,1;2;3;4;5;6;7;8;9;10;11;12,,https://www.jra.go.jp/datafile/seiseki/report/2013/2013-3nakayama4.pdf
2013,2013060305,中山,3,5,2013-04-06,12,1;2;3;4;5;6;7;8;9;10;11;12,,https://www.jra.go.jp/datafile/seiseki/report/2013/2013-3nakayama5.pdf
2013,2013060306,中山,3,6,2013-04-07,12,1;2;3;4;5;6;7;8;9;10;11;12,,https://www.jra.go.jp/datafile/seiseki/report/2013/2013-3nakayama6.pdf
2013,2013060307,中山,3,7,2013-04-13,12,1;2;3;4;5;6;7;8;9;10;11;12,,https://www.jra.go.jp/datafile/seiseki/report/2013/2013-3nakayama7.pdf
2013,2013060308,中山,3,8,2013-04-14,12,1;2;3;4;5;6;7;8;9;10;11;12,,https://www.jra.go.jp/datafile/seiseki/report/2013/2013-3nakayama8.pdf
2013,2013060401,中山,4,1,2013-09-07,12,1;2;3;4;5;6;7;8;9;10;11;12,,https://www.jra.go.jp/datafile/seiseki/report/2013/2013-4nakayama1.pdf
2013,2013060402,中山,4,2,2013-09-08,12,1;2;3;4;5;6;7;8;9;10;11;12,,https://www.jra.go.jp/datafile/seiseki/report/2013/2013-4nakayama2.pdf
2013,2013060403,中山,4,3,2013-09-14,12,1;2;3;4;5;6;7;8;9;10;11;12,,https://www.jra.go.jp/datafile/seiseki/report/2013/2013-4nakayama3.pdf
2013,2013060404,中山,4,4,2013-09-15,12,1;2;3;4;5;6;7;8;9;10;11;12,,https://www.jra.go.jp/datafile/seiseki/report/2013/2013-4nakayama4.pdf
2013,2013060405,中山,4,5,2013-09-17,12,1;2;3;4;5;6;7;8;9;10;11;12,,https://www.jra.go.jp/datafile/seiseki/report/2013/2013-4nakayama5.pdf
2013,2013060406,中山,4,6,2013-09-21,12,1;2;3;4;5;6;7;8;9;10;11;12,,https://www.jra.go.jp/datafile/seiseki/report/2013/2013-4nakayama6.pdf
2013,2013060407,中山,4,7,2013-09-22,12,1;2;3;4;5;6;7;8;9;10;11;12,,https://www.jra.go.jp/datafile/seiseki/report/2013/2013-4nakayama7.pdf
2013,2013060408,中山,4,8,2013-09-28,12,1;2;3;4;5;6;7;8;9;10;11;12,,https://www.jra.go.jp/datafile/seiseki/report/2013/2013-4nakayama8.pdf
2013,2013060409,中山,4,9,2013-09-29,12,1;2;3;4;5;6;7;8;9;10;11;12,,https://www.jra.go.jp/datafile/seiseki/report/2013/2013-4nakayama9.pdf
2013,2013060501,中山,5,1,2013-11-30,12,1;2;3;4;5;6;7;8;9;10;11;12,,https://www.jra.go.jp/datafile/seiseki/report/2013/2013-5nakayama1.pdf
2013,2013060502,中山,5,2,2013-12-01,12,1;2;3;4;5;6;7;8;9;10;11;12,,https://www.jra.go.jp/datafile/seiseki/report/2013/2013-5nakayama2.pdf
2013,2013060503,中山,5,3,2013-12-07,12,1;2;3;4;5;6;7;8;9;10;11;12,,https://www.jra.go.jp/datafile/seiseki/report/2013/2013-5nakayama3.pdf
2013,2013060504,中山,5,4,2013-12-08,12,1;2;3;4;5;6;7;8;9;10;11;12,,https://www.jra.go.jp/datafile/seiseki/report/2013/2013-5nakayama4.pdf
2013,2013060505,中山,5,5,2013-12-14,12,1;2;3;4;5;6;7;8;9;10;11;12,,https://www.jra.go.jp/datafile/seiseki/report/2013/2013-5nakayama5.pdf
2013,2013060506,中山,5,6,2013-12-15,12,1;2;3;4;5;6;7;8;9;10;11;12,,https://www.jra.go.jp/datafile/seiseki/report/2013/2013-5nakayama6.pdf
2013,2013060507,中山,5,7,2013-12-21,12,1;2;3;4;5;6;7;8;9;10;11;12,,https://www.jra.go.jp/datafile/seiseki/report/2013/2013-5nakayama7.pdf
2013,2013060508,中山,5,8,2013-12-22,11,1;2;3;4;5;6;7;8;9;10;11,12,https://www.jra.go.jp/datafile/seiseki/report/2013/2013-5nakayama8.pdf
2013,2013060509,中山,5,9,2013-12-23,12,1;2;3;4;5;6;7;8;9;10;11;12,,https://www.jra.go.jp/datafile/seiseki/report/2013/2013-5nakayama9.pdf
2013,2013070101,中京,1,1,2013-01-19,12,1;2;3;4;5;6;7;8;9;10;11;12,,https://www.jra.go.jp/datafile/seiseki/report/2013/2013-1chukyo1.pdf
2013,2013070102,中京,1,2,2013-01-20,12,1;2;3;4;5;6;7;8;9;10;11;12,,https://www.jra.go.jp/datafile/seiseki/report/2013/2013-1chukyo2.pdf
2013,2013070103,中京,1,3,2013-01-26,12,1;2;3;4;5;6;7;8;9;10;11;12,,https://www.jra.go.jp/datafile/seiseki/report/2013/2013-1chukyo3.pdf
2013,2013070104,中京,1,4,2013-01-27,12,1;2;3;4;5;6;7;8;9;10;11;12,,https://www.jra.go.jp/datafile/seiseki/report/2013/2013-1chukyo4.pdf
2013,2013070105,中京,1,5,2013-02-02,12,1;2;3;4;5;6;7;8;9;10;11;12,,https://www.jra.go.jp/datafile/seiseki/report/2013/2013-1chukyo5.pdf
2013,2013070106,中京,1,6,2013-02-03,12,1;2;3;4;5;6;7;8;9;10;11;12,,https://www.jra.go.jp/datafile/seiseki/report/2013/2013-1chukyo6.pdf
2013,2013070201,中京,2,1,2013-03-09,12,1;2;3;4;5;6;7;8;9;10;11;12,,https://www.jra.go.jp/datafile/seiseki/report/2013/2013-2chukyo1.pdf
2013,2013070202,中京,2,2,2013-03-10,12,1;2;3;4;5;6;7;8;9;10;11;12,,https://www.jra.go.jp/datafile/seiseki/report/2013/2013-2chukyo2.pdf
2013,2013070203,中京,2,3,2013-03-16,12,1;2;3;4;5;6;7;8;9;10;11;12,,https://www.jra.go.jp/datafile/seiseki/report/2013/2013-2chukyo3.pdf
2013,2013070204,中京,2,4,2013-03-17,12,1;2;3;4;5;6;7;8;9;10;11;12,,https://www.jra.go.jp/datafile/seiseki/report/2013/2013-2chukyo4.pdf
2013,2013070205,中京,2,5,2013-03-23,12,1;2;3;4;5;6;7;8;9;10;11;12,,https://www.jra.go.jp/datafile/seiseki/report/2013/2013-2chukyo5.pdf
2013,2013070206,中京,2,6,2013-03-24,12,1;2;3;4;5;6;7;8;9;10;11;12,,https://www.jra.go.jp/datafile/seiseki/report/2013/2013-2chukyo6.pdf
2013,2013070301,中京,3,1,2013-06-29,12,1;2;3;4;5;6;7;8;9;10;11;12,,https://www.jra.go.jp/datafile/seiseki/report/2013/2013-3chukyo1.pdf
2013,2013070302,中京,3,2,2013-06-30,12,1;2;3;4;5;6;7;8;9;10;11;12,,https://www.jra.go.jp/datafile/seiseki/report/2013/2013-3chukyo2.pdf
2013,2013070303,中京,3,3,2013-07-06,12,1;2;3;4;5;6;7;8;9;10;11;12,,https://www.jra.go.jp/datafile/seiseki/report/2013/2013-3chukyo3.pdf
2013,2013070304,中京,3,4,2013-07-07,12,1;2;3;4;5;6;7;8;9;10;11;12,,https://www.jra.go.jp/datafile/seiseki/report/2013/2013-3chukyo4.pdf
2013,2013070305,中京,3,5,2013-07-13,12,1;2;3;4;5;6;7;8;9;10;11;12,,https://www.jra.go.jp/datafile/seiseki/report/2013/2013-3chukyo5.pdf
2013,2013070306,中京,3,6,2013-07-14,12,1;2;3;4;5;6;7;8;9;10;11;12,,https://www.jra.go.jp/datafile/seiseki/report/2013/2013-3chukyo6.pdf
2013,2013070307,中京,3,7,2013-07-20,12,1;2;3;4;5;6;7;8;9;10;11;12,,https://www.jra.go.jp/datafile/seiseki/report/2013/2013-3chukyo7.pdf
2013,2013070308,中京,3,8,2013-07-21,12,1;2;3;4;5;6;7;8;9;10;11;12,,https://www.jra.go.jp/datafile/seiseki/report/2013/2013-3chukyo8.pdf
2013,2013070401,中京,4,1,2013-11-30,12,1;2;3;4;5;6;7;8;9;10;11;12,,https://www.jra.go.jp/datafile/seiseki/report/2013/2013-4chukyo1.pdf
2013,2013070402,中京,4,2,2013-12-01,12,1;2;3;4;5;6;7;8;9;10;11;12,,https://www.jra.go.jp/datafile/seiseki/report/2013/2013-4chukyo2.pdf
2013,2013070403,中京,4,3,2013-12-07,12,1;2;3;4;5;6;7;8;9;10;11;12,,https://www.jra.go.jp/datafile/seiseki/report/2013/2013-4chukyo3.pdf
2013,2013070404,中京,4,4,2013-12-08,12,1;2;3;4;5;6;7;8;9;10;11;12,,https://www.jra.go.jp/datafile/seiseki/report/2013/2013-4chukyo4.pdf
2013,2013070405,中京,4,5,2013-12-14,12,1;2;3;4;5;6;7;8;9;10;11;12,,https://www.jra.go.jp/datafile/seiseki/report/2013/2013-4chukyo5.pdf
2013,2013070406,中京,4,6,2013-12-15,12,1;2;3;4;5;6;7;8;9;10;11;12,,https://www.jra.go.jp/datafile/seiseki/report/2013/2013-4chukyo6.pdf
2013,2013080101,京都,1,1,2013-01-05,12,1;2;3;4;5;6;7;8;9;10;11;12,,https://www.jra.go.jp/datafile/seiseki/report/2013/2013-1kyoto1.pdf
2013,2013080102,京都,1,2,2013-01-06,12,1;2;3;4;5;6;7;8;9;10;11;12,,https://www.jra.go.jp/datafile/seiseki/report/2013/2013-1kyoto2.pdf
2013,2013080103,京都,1,3,2013-01-12,12,1;2;3;4;5;6;7;8;9;10;11;12,,https://www.jra.go.jp/datafile/seiseki/report/2013/2013-1kyoto3.pdf
2013,2013080104,京都,1,4,2013-01-13,12,1;2;3;4;5;6;7;8;9;10;11;12,,https://www.jra.go.jp/datafile/seiseki/report/2013/2013-1kyoto4.pdf
2013,2013080105,京都,1,5,2013-01-14,12,1;2;3;4;5;6;7;8;9;10;11;12,,https://www.jra.go.jp/datafile/seiseki/report/2013/2013-1kyoto5.pdf
2013,2013080106,京都,1,6,2013-01-19,12,1;2;3;4;5;6;7;8;9;10;11;12,,https://www.jra.go.jp/datafile/seiseki/report/2013/2013-1kyoto6.pdf
2013,2013080107,京都,1,7,2013-01-20,12,1;2;3;4;5;6;7;8;9;10;11;12,,https://www.jra.go.jp/datafile/seiseki/report/2013/2013-1kyoto7.pdf
2013,2013080201,京都,2,1,2013-01-26,12,1;2;3;4;5;6;7;8;9;10;11;12,,https://www.jra.go.jp/datafile/seiseki/report/2013/2013-2kyoto1.pdf
2013,2013080202,京都,2,2,2013-01-27,12,1;2;3;4;5;6;7;8;9;10;11;12,,https://www.jra.go.jp/datafile/seiseki/report/2013/2013-2kyoto2.pdf
2013,2013080203,京都,2,3,2013-02-02,12,1;2;3;4;5;6;7;8;9;10;11;12,,https://www.jra.go.jp/datafile/seiseki/report/2013/2013-2kyoto3.pdf
2013,2013080204,京都,2,4,2013-02-03,12,1;2;3;4;5;6;7;8;9;10;11;12,,https://www.jra.go.jp/datafile/seiseki/report/2013/2013-2kyoto4.pdf
2013,2013080205,京都,2,5,2013-02-09,12,1;2;3;4;5;6;7;8;9;10;11;12,,https://www.jra.go.jp/datafile/seiseki/report/2013/2013-2kyoto5.pdf
2013,2013080206,京都,2,6,2013-02-10,12,1;2;3;4;5;6;7;8;9;10;11;12,,https://www.jra.go.jp/datafile/seiseki/report/2013/2013-2kyoto6.pdf
2013,2013080207,京都,2,7,2013-02-16,12,1;2;3;4;5;6;7;8;9;10;11;12,,https://www.jra.go.jp/datafile/seiseki/report/2013/2013-2kyoto7.pdf
2013,2013080208,京都,2,8,2013-02-17,12,1;2;3;4;5;6;7;8;9;10;11;12,,https://www.jra.go.jp/datafile/seiseki/report/2013/2013-2kyoto8.pdf
2013,2013080301,京都,3,1,2013-04-20,12,1;2;3;4;5;6;7;8;9;10;11;12,,https://www.jra.go.jp/datafile/seiseki/report/2013/2013-3kyoto1.pdf
2013,2013080302,京都,3,2,2013-04-21,12,1;2;3;4;5;6;7;8;9;10;11;12,,https://www.jra.go.jp/datafile/seiseki/report/2013/2013-3kyoto2.pdf
2013,2013080303,京都,3,3,2013-04-27,12,1;2;3;4;5;6;7;8;9;10;11;12,,https://www.jra.go.jp/datafile/seiseki/report/2013/2013-3kyoto3.pdf
2013,2013080304,京都,3,4,2013-04-28,12,1;2;3;4;5;6;7;8;9;10;11;12,,https://www.jra.go.jp/datafile/seiseki/report/2013/2013-3kyoto4.pdf
2013,2013080305,京都,3,5,2013-05-04,12,1;2;3;4;5;6;7;8;9;10;11;12,,https://www.jra.go.jp/datafile/seiseki/report/2013/2013-3kyoto5.pdf
2013,2013080306,京都,3,6,2013-05-05,12,1;2;3;4;5;6;7;8;9;10;11;12,,https://www.jra.go.jp/datafile/seiseki/report/2013/2013-3kyoto6.pdf
2013,2013080307,京都,3,7,2013-05-11,12,1;2;3;4;5;6;7;8;9;10;11;12,,https://www.jra.go.jp/datafile/seiseki/report/2013/2013-3kyoto7.pdf
2013,2013080308,京都,3,8,2013-05-12,12,1;2;3;4;5;6;7;8;9;10;11;12,,https://www.jra.go.jp/datafile/seiseki/report/2013/2013-3kyoto8.pdf
2013,2013080309,京都,3,9,2013-05-18,12,1;2;3;4;5;6;7;8;9;10;11;12,,https://www.jra.go.jp/datafile/seiseki/report/2013/2013-3kyoto9.pdf
2013,2013080310,京都,3,10,2013-05-19,12,1;2;3;4;5;6;7;8;9;10;11;12,,https://www.jra.go.jp/datafile/seiseki/report/2013/2013-3kyoto10.pdf
2013,2013080311,京都,3,11,2013-05-25,12,1;2;3;4;5;6;7;8;9;10;11;12,,https://www.jra.go.jp/datafile/seiseki/report/2013/2013-3kyoto11.pdf
2013,2013080312,京都,3,12,2013-05-26,12,1;2;3;4;5;6;7;8;9;10;11;12,,https://www.jra.go.jp/datafile/seiseki/report/2013/2013-3kyoto12.pdf
2013,2013080401,京都,4,1,2013-10-05,12,1;2;3;4;5;6;7;8;9;10;11;12,,https://www.jra.go.jp/datafile/seiseki/report/2013/2013-4kyoto1.pdf
2013,2013080402,京都,4,2,2013-10-06,12,1;2;3;4;5;6;7;8;9;10;11;12,,https://www.jra.go.jp/datafile/seiseki/report/2013/2013-4kyoto2.pdf
2013,2013080403,京都,4,3,2013-10-12,12,1;2;3;4;5;6;7;8;9;10;11;12,,https://www.jra.go.jp/datafile/seiseki/report/2013/2013-4kyoto3.pdf
2013,2013080404,京都,4,4,2013-10-13,12,1;2;3;4;5;6;7;8;9;10;11;12,,https://www.jra.go.jp/datafile/seiseki/report/2013/2013-4kyoto4.pdf
2013,2013080405,京都,4,5,2013-10-14,12,1;2;3;4;5;6;7;8;9;10;11;12,,https://www.jra.go.jp/datafile/seiseki/report/2013/2013-4kyoto5.pdf
2013,2013080406,京都,4,6,2013-10-19,12,1;2;3;4;5;6;7;8;9;10;11;12,,https://www.jra.go.jp/datafile/seiseki/report/2013/2013-4kyoto6.pdf
2013,2013080407,京都,4,7,2013-10-20,12,1;2;3;4;5;6;7;8;9;10;11;12,,https://www.jra.go.jp/datafile/seiseki/report/2013/2013-4kyoto7.pdf
2013,2013080408,京都,4,8,2013-10-26,12,1;2;3;4;5;6;7;8;9;10;11;12,,https://www.jra.go.jp/datafile/seiseki/report/2013/2013-4kyoto8.pdf
2013,2013080409,京都,4,9,2013-10-27,12,1;2;3;4;5;6;7;8;9;10;11;12,,https://www.jra.go.jp/datafile/seiseki/report/2013/2013-4kyoto9.pdf
2013,2013080501,京都,5,1,2013-11-02,12,1;2;3;4;5;6;7;8;9;10;11;12,,https://www.jra.go.jp/datafile/seiseki/report/2013/2013-5kyoto1.pdf
2013,2013080502,京都,5,2,2013-11-03,12,1;2;3;4;5;6;7;8;9;10;11;12,,https://www.jra.go.jp/datafile/seiseki/report/2013/2013-5kyoto2.pdf
2013,2013080503,京都,5,3,2013-11-09,12,1;2;3;4;5;6;7;8;9;10;11;12,,https://www.jra.go.jp/datafile/seiseki/report/2013/2013-5kyoto3.pdf
2013,2013080504,京都,5,4,2013-11-10,12,1;2;3;4;5;6;7;8;9;10;11;12,,https://www.jra.go.jp/datafile/seiseki/report/2013/2013-5kyoto4.pdf
2013,2013080505,京都,5,5,2013-11-16,12,1;2;3;4;5;6;7;8;9;10;11;12,,https://www.jra.go.jp/datafile/seiseki/report/2013/2013-5kyoto5.pdf
2013,2013080506,京都,5,6,2013-11-17,12,1;2;3;4;5;6;7;8;9;10;11;12,,https://www.jra.go.jp/datafile/seiseki/report/2013/2013-5kyoto6.pdf
2013,2013080507,京都,5,7,2013-11-23,12,1;2;3;4;5;6;7;8;9;10;11;12,,https://www.jra.go.jp/datafile/seiseki/report/2013/2013-5kyoto7.pdf
2013,2013080508,京都,5,8,2013-11-24,12,1;2;3;4;5;6;7;8;9;10;11;12,,https://www.jra.go.jp/datafile/seiseki/report/2013/2013-5kyoto8.pdf
2013,2013090101,阪神,1,1,2013-02-23,12,1;2;3;4;5;6;7;8;9;10;11;12,,https://www.jra.go.jp/datafile/seiseki/report/2013/2013-1hanshin1.pdf
2013,2013090102,阪神,1,2,2013-02-24,12,1;2;3;4;5;6;7;8;9;10;11;12,,https://www.jra.go.jp/datafile/seiseki/report/2013/2013-1hanshin2.pdf
2013,2013090103,阪神,1,3,2013-03-02,12,1;2;3;4;5;6;7;8;9;10;11;12,,https://www.jra.go.jp/datafile/seiseki/report/2013/2013-1hanshin3.pdf
2013,2013090104,阪神,1,4,2013-03-03,12,1;2;3;4;5;6;7;8;9;10;11;12,,https://www.jra.go.jp/datafile/seiseki/report/2013/2013-1hanshin4.pdf
2013,2013090105,阪神,1,5,2013-03-09,12,1;2;3;4;5;6;7;8;9;10;11;12,,https://www.jra.go.jp/datafile/seiseki/report/2013/2013-1hanshin5.pdf
2013,2013090106,阪神,1,6,2013-03-10,12,1;2;3;4;5;6;7;8;9;10;11;12,,https://www.jra.go.jp/datafile/seiseki/report/2013/2013-1hanshin6.pdf
2013,2013090107,阪神,1,7,2013-03-16,12,1;2;3;4;5;6;7;8;9;10;11;12,,https://www.jra.go.jp/datafile/seiseki/report/2013/2013-1hanshin7.pdf
2013,2013090108,阪神,1,8,2013-03-17,12,1;2;3;4;5;6;7;8;9;10;11;12,,https://www.jra.go.jp/datafile/seiseki/report/2013/2013-1hanshin8.pdf
2013,2013090201,阪神,2,1,2013-03-23,12,1;2;3;4;5;6;7;8;9;10;11;12,,https://www.jra.go.jp/datafile/seiseki/report/2013/2013-2hanshin1.pdf
2013,2013090202,阪神,2,2,2013-03-24,12,1;2;3;4;5;6;7;8;9;10;11;12,,https://www.jra.go.jp/datafile/seiseki/report/2013/2013-2hanshin2.pdf
2013,2013090203,阪神,2,3,2013-03-30,12,1;2;3;4;5;6;7;8;9;10;11;12,,https://www.jra.go.jp/datafile/seiseki/report/2013/2013-2hanshin3.pdf
2013,2013090204,阪神,2,4,2013-03-31,12,1;2;3;4;5;6;7;8;9;10;11;12,,https://www.jra.go.jp/datafile/seiseki/report/2013/2013-2hanshin4.pdf
2013,2013090205,阪神,2,5,2013-04-06,12,1;2;3;4;5;6;7;8;9;10;11;12,,https://www.jra.go.jp/datafile/seiseki/report/2013/2013-2hanshin5.pdf
2013,2013090206,阪神,2,6,2013-04-07,12,1;2;3;4;5;6;7;8;9;10;11;12,,https://www.jra.go.jp/datafile/seiseki/report/2013/2013-2hanshin6.pdf
2013,2013090207,阪神,2,7,2013-04-13,12,1;2;3;4;5;6;7;8;9;10;11;12,,https://www.jra.go.jp/datafile/seiseki/report/2013/2013-2hanshin7.pdf
2013,2013090208,阪神,2,8,2013-04-14,12,1;2;3;4;5;6;7;8;9;10;11;12,,https://www.jra.go.jp/datafile/seiseki/report/2013/2013-2hanshin8.pdf
2013,2013090301,阪神,3,1,2013-06-01,12,1;2;3;4;5;6;7;8;9;10;11;12,,https://www.jra.go.jp/datafile/seiseki/report/2013/2013-3hanshin1.pdf
2013,2013090302,阪神,3,2,2013-06-02,12,1;2;3;4;5;6;7;8;9;10;11;12,,https://www.jra.go.jp/datafile/seiseki/report/2013/2013-3hanshin2.pdf
2013,2013090303,阪神,3,3,2013-06-08,12,1;2;3;4;5;6;7;8;9;10;11;12,,https://www.jra.go.jp/datafile/seiseki/report/2013/2013-3hanshin3.pdf
2013,2013090304,阪神,3,4,2013-06-09,12,1;2;3;4;5;6;7;8;9;10;11;12,,https://www.jra.go.jp/datafile/seiseki/report/2013/2013-3hanshin4.pdf
2013,2013090305,阪神,3,5,2013-06-15,12,1;2;3;4;5;6;7;8;9;10;11;12,,https://www.jra.go.jp/datafile/seiseki/report/2013/2013-3hanshin5.pdf
2013,2013090306,阪神,3,6,2013-06-16,12,1;2;3;4;5;6;7;8;9;10;11;12,,https://www.jra.go.jp/datafile/seiseki/report/2013/2013-3hanshin6.pdf
2013,2013090307,阪神,3,7,2013-06-22,12,1;2;3;4;5;6;7;8;9;10;11;12,,https://www.jra.go.jp/datafile/seiseki/report/2013/2013-3hanshin7.pdf
2013,2013090308,阪神,3,8,2013-06-23,12,1;2;3;4;5;6;7;8;9;10;11;12,,https://www.jra.go.jp/datafile/seiseki/report/2013/2013-3hanshin8.pdf
2013,2013090401,阪神,4,1,2013-09-07,12,1;2;3;4;5;6;7;8;9;10;11;12,,https://www.jra.go.jp/datafile/seiseki/report/2013/2013-4hanshin1.pdf
2013,2013090402,阪神,4,2,2013-09-08,12,1;2;3;4;5;6;7;8;9;10;11;12,,https://www.jra.go.jp/datafile/seiseki/report/2013/2013-4hanshin2.pdf
2013,2013090403,阪神,4,3,2013-09-14,12,1;2;3;4;5;6;7;8;9;10;11;12,,https://www.jra.go.jp/datafile/seiseki/report/2013/2013-4hanshin3.pdf
2013,2013090404,阪神,4,4,2013-09-15,12,1;2;3;4;5;6;7;8;9;10;11;12,,https://www.jra.go.jp/datafile/seiseki/report/2013/2013-4hanshin4.pdf
2013,2013090405,阪神,4,5,2013-09-17,12,1;2;3;4;5;6;7;8;9;10;11;12,,https://www.jra.go.jp/datafile/seiseki/report/2013/2013-4hanshin5.pdf
2013,2013090406,阪神,4,6,2013-09-21,12,1;2;3;4;5;6;7;8;9;10;11;12,,https://www.jra.go.jp/datafile/seiseki/report/2013/2013-4hanshin6.pdf
2013,2013090407,阪神,4,7,2013-09-22,12,1;2;3;4;5;6;7;8;9;10;11;12,,https://www.jra.go.jp/datafile/seiseki/report/2013/2013-4hanshin7.pdf
2013,2013090408,阪神,4,8,2013-09-28,12,1;2;3;4;5;6;7;8;9;10;11;12,,https://www.jra.go.jp/datafile/seiseki/report/2013/2013-4hanshin8.pdf
2013,2013090409,阪神,4,9,2013-09-29,12,1;2;3;4;5;6;7;8;9;10;11;12,,https://www.jra.go.jp/datafile/seiseki/report/2013/2013-4hanshin9.pdf
2013,2013090501,阪神,5,1,2013-11-30,12,1;2;3;4;5;6;7;8;9;10;11;12,,https://www.jra.go.jp/datafile/seiseki/report/2013/2013-5hanshin1.pdf
2013,2013090502,阪神,5,2,2013-12-01,12,1;2;3;4;5;6;7;8;9;10;11;12,,https://www.jra.go.jp/datafile/seiseki/report/2013/2013-5hanshin2.pdf
2013,2013090503,阪神,5,3,2013-12-07,12,1;2;3;4;5;6;7;8;9;10;11;12,,https://www.jra.go.jp/datafile/seiseki/report/2013/2013-5hanshin3.pdf
2013,2013090504,阪神,5,4,2013-12-08,12,1;2;3;4;5;6;7;8;9;10;11;12,,https://www.jra.go.jp/datafile/seiseki/report/2013/2013-5hanshin4.pdf
2013,2013090505,阪神,5,5,2013-12-14,12,1;2;3;4;5;6;7;8;9;10;11;12,,https://www.jra.go.jp/datafile/seiseki/report/2013/2013-5hanshin5.pdf
2013,2013090506,阪神,5,6,2013-12-15,12,1;2;3;4;5;6;7;8;9;10;11;12,,https://www.jra.go.jp/datafile/seiseki/report/2013/2013-5hanshin6.pdf
2013,2013090507,阪神,5,7,2013-12-21,12,1;2;3;4;5;6;7;8;9;10;11;12,,https://www.jra.go.jp/datafile/seiseki/report/2013/2013-5hanshin7.pdf
2013,2013090508,阪神,5,8,2013-12-22,12,1;2;3;4;5;6;7;8;9;10;11;12,,https://www.jra.go.jp/datafile/seiseki/report/2013/2013-5hanshin8.pdf
2013,2013090509,阪神,5,9,2013-12-23,12,1;2;3;4;5;6;7;8;9;10;11;12,,https://www.jra.go.jp/datafile/seiseki/report/2013/2013-5hanshin9.pdf
2013,2013100101,小倉,1,1,2013-02-09,12,1;2;3;4;5;6;7;8;9;10;11;12,,https://www.jra.go.jp/datafile/seiseki/report/2013/2013-1kokura1.pdf
2013,2013100102,小倉,1,2,2013-02-10,12,1;2;3;4;5;6;7;8;9;10;11;12,,https://www.jra.go.jp/datafile/seiseki/report/2013/2013-1kokura2.pdf
2013,2013100103,小倉,1,3,2013-02-16,12,1;2;3;4;5;6;7;8;9;10;11;12,,https://www.jra.go.jp/datafile/seiseki/report/2013/2013-1kokura3.pdf
2013,2013100104,小倉,1,4,2013-02-17,12,1;2;3;4;5;6;7;8;9;10;11;12,,https://www.jra.go.jp/datafile/seiseki/report/2013/2013-1kokura4.pdf
2013,2013100105,小倉,1,5,2013-02-23,12,1;2;3;4;5;6;7;8;9;10;11;12,,https://www.jra.go.jp/datafile/seiseki/report/2013/2013-1kokura5.pdf
2013,2013100106,小倉,1,6,2013-02-24,12,1;2;3;4;5;6;7;8;9;10;11;12,,https://www.jra.go.jp/datafile/seiseki/report/2013/2013-1kokura6.pdf
2013,2013100107,小倉,1,7,2013-03-02,12,1;2;3;4;5;6;7;8;9;10;11;12,,https://www.jra.go.jp/datafile/seiseki/report/2013/2013-1kokura7.pdf
2013,2013100108,小倉,1,8,2013-03-03,12,1;2;3;4;5;6;7;8;9;10;11;12,,https://www.jra.go.jp/datafile/seiseki/report/2013/2013-1kokura8.pdf
2013,2013100201,小倉,2,1,2013-07-27,12,1;2;3;4;5;6;7;8;9;10;11;12,,https://www.jra.go.jp/datafile/seiseki/report/2013/2013-2kokura1.pdf
2013,2013100202,小倉,2,2,2013-07-28,12,1;2;3;4;5;6;7;8;9;10;11;12,,https://www.jra.go.jp/datafile/seiseki/report/2013/2013-2kokura2.pdf
2013,2013100203,小倉,2,3,2013-08-03,12,1;2;3;4;5;6;7;8;9;10;11;12,,https://www.jra.go.jp/datafile/seiseki/report/2013/2013-2kokura3.pdf
2013,2013100204,小倉,2,4,2013-08-04,12,1;2;3;4;5;6;7;8;9;10;11;12,,https://www.jra.go.jp/datafile/seiseki/report/2013/2013-2kokura4.pdf
2013,2013100205,小倉,2,5,2013-08-10,12,1;2;3;4;5;6;7;8;9;10;11;12,,https://www.jra.go.jp/datafile/seiseki/report/2013/2013-2kokura5.pdf
2013,2013100206,小倉,2,6,2013-08-11,12,1;2;3;4;5;6;7;8;9;10;11;12,,https://www.jra.go.jp/datafile/seiseki/report/2013/2013-2kokura6.pdf
2013,2013100207,小倉,2,7,2013-08-17,12,1;2;3;4;5;6;7;8;9;10;11;12,,https://www.jra.go.jp/datafile/seiseki/report/2013/2013-2kokura7.pdf
2013,2013100208,小倉,2,8,2013-08-18,12,1;2;3;4;5;6;7;8;9;10;11;12,,https://www.jra.go.jp/datafile/seiseki/report/2013/2013-2kokura8.pdf
2013,2013100209,小倉,2,9,2013-08-24,12,1;2;3;4;5;6;7;8;9;10;11;12,,https://www.jra.go.jp/datafile/seiseki/report/2013/2013-2kokura9.pdf
2013,2013100210,小倉,2,10,2013-08-25,12,1;2;3;4;5;6;7;8;9;10;11;12,,https://www.jra.go.jp/datafile/seiseki/report/2013/2013-2kokura10.pdf
2013,2013100211,小倉,2,11,2013-08-31,12,1;2;3;4;5;6;7;8;9;10;11;12,,https://www.jra.go.jp/datafile/seiseki/report/2013/2013-2kokura11.pdf
2013,2013100212,小倉,2,12,2013-09-01,12,1;2;3;4;5;6;7;8;9;10;11;12,,https://www.jra.go.jp/datafile/seiseki/report/2013/2013-2kokura12.pdf
2014,2014010101,札幌,1,1,2014-07-26,12,1;2;3;4;5;6;7;8;9;10;11;12,,https://www.jra.go.jp/datafile/seiseki/report/2014/2014-1sapporo1.pdf
2014,2014010102,札幌,1,2,2014-07-27,12,1;2;3;4;5;6;7;8;9;10;11;12,,https://www.jra.go.jp/datafile/seiseki/report/2014/2014-1sapporo2.pdf
2014,2014010103,札幌,1,3,2014-08-02,12,1;2;3;4;5;6;7;8;9;10;11;12,,https://www.jra.go.jp/datafile/seiseki/report/2014/2014-1sapporo3.pdf
2014,2014010104,札幌,1,4,2014-08-03,12,1;2;3;4;5;6;7;8;9;10;11;12,,https://www.jra.go.jp/datafile/seiseki/report/2014/2014-1sapporo4.pdf
2014,2014010105,札幌,1,5,2014-08-09,12,1;2;3;4;5;6;7;8;9;10;11;12,,https://www.jra.go.jp/datafile/seiseki/report/2014/2014-1sapporo5.pdf
2014,2014010106,札幌,1,6,2014-08-10,12,1;2;3;4;5;6;7;8;9;10;11;12,,https://www.jra.go.jp/datafile/seiseki/report/2014/2014-1sapporo6.pdf
2014,2014010107,札幌,1,7,2014-08-16,12,1;2;3;4;5;6;7;8;9;10;11;12,,https://www.jra.go.jp/datafile/seiseki/report/2014/2014-1sapporo7.pdf
2014,2014010108,札幌,1,8,2014-08-17,12,1;2;3;4;5;6;7;8;9;10;11;12,,https://www.jra.go.jp/datafile/seiseki/report/2014/2014-1sapporo8.pdf
2014,2014010201,札幌,2,1,2014-08-23,12,1;2;3;4;5;6;7;8;9;10;11;12,,https://www.jra.go.jp/datafile/seiseki/report/2014/2014-2sapporo1.pdf
2014,2014010202,札幌,2,2,2014-08-24,12,1;2;3;4;5;6;7;8;9;10;11;12,,https://www.jra.go.jp/datafile/seiseki/report/2014/2014-2sapporo2.pdf
2014,2014010203,札幌,2,3,2014-08-30,12,1;2;3;4;5;6;7;8;9;10;11;12,,https://www.jra.go.jp/datafile/seiseki/report/2014/2014-2sapporo3.pdf
2014,2014010204,札幌,2,4,2014-08-31,12,1;2;3;4;5;6;7;8;9;10;11;12,,https://www.jra.go.jp/datafile/seiseki/report/2014/2014-2sapporo4.pdf
2014,2014010205,札幌,2,5,2014-09-06,12,1;2;3;4;5;6;7;8;9;10;11;12,,https://www.jra.go.jp/datafile/seiseki/report/2014/2014-2sapporo5.pdf
2014,2014010206,札幌,2,6,2014-09-07,12,1;2;3;4;5;6;7;8;9;10;11;12,,https://www.jra.go.jp/datafile/seiseki/report/2014/2014-2sapporo6.pdf
2014,2014020101,函館,1,1,2014-06-14,12,1;2;3;4;5;6;7;8;9;10;11;12,,https://www.jra.go.jp/datafile/seiseki/report/2014/2014-1hakodate1.pdf
2014,2014020102,函館,1,2,2014-06-15,12,1;2;3;4;5;6;7;8;9;10;11;12,,https://www.jra.go.jp/datafile/seiseki/report/2014/2014-1hakodate2.pdf
2014,2014020103,函館,1,3,2014-06-21,12,1;2;3;4;5;6;7;8;9;10;11;12,,https://www.jra.go.jp/datafile/seiseki/report/2014/2014-1hakodate3.pdf
2014,2014020104,函館,1,4,2014-06-22,12,1;2;3;4;5;6;7;8;9;10;11;12,,https://www.jra.go.jp/datafile/seiseki/report/2014/2014-1hakodate4.pdf
2014,2014020105,函館,1,5,2014-06-28,12,1;2;3;4;5;6;7;8;9;10;11;12,,https://www.jra.go.jp/datafile/seiseki/report/2014/2014-1hakodate5.pdf
2014,2014020106,函館,1,6,2014-06-29,12,1;2;3;4;5;6;7;8;9;10;11;12,,https://www.jra.go.jp/datafile/seiseki/report/2014/2014-1hakodate6.pdf
2014,2014020201,函館,2,1,2014-07-05,12,1;2;3;4;5;6;7;8;9;10;11;12,,https://www.jra.go.jp/datafile/seiseki/report/2014/2014-2hakodate1.pdf
2014,2014020202,函館,2,2,2014-07-06,12,1;2;3;4;5;6;7;8;9;10;11;12,,https://www.jra.go.jp/datafile/seiseki/report/2014/2014-2hakodate2.pdf
2014,2014020203,函館,2,3,2014-07-12,12,1;2;3;4;5;6;7;8;9;10;11;12,,https://www.jra.go.jp/datafile/seiseki/report/2014/2014-2hakodate3.pdf
2014,2014020204,函館,2,4,2014-07-13,12,1;2;3;4;5;6;7;8;9;10;11;12,,https://www.jra.go.jp/datafile/seiseki/report/2014/2014-2hakodate4.pdf
2014,2014020205,函館,2,5,2014-07-19,12,1;2;3;4;5;6;7;8;9;10;11;12,,https://www.jra.go.jp/datafile/seiseki/report/2014/2014-2hakodate5.pdf
2014,2014020206,函館,2,6,2014-07-20,12,1;2;3;4;5;6;7;8;9;10;11;12,,https://www.jra.go.jp/datafile/seiseki/report/2014/2014-2hakodate6.pdf
2014,2014030101,福島,1,1,2014-04-12,12,1;2;3;4;5;6;7;8;9;10;11;12,,https://www.jra.go.jp/datafile/seiseki/report/2014/2014-1fukushima1.pdf
2014,2014030102,福島,1,2,2014-04-13,12,1;2;3;4;5;6;7;8;9;10;11;12,,https://www.jra.go.jp/datafile/seiseki/report/2014/2014-1fukushima2.pdf
2014,2014030103,福島,1,3,2014-04-19,12,1;2;3;4;5;6;7;8;9;10;11;12,,https://www.jra.go.jp/datafile/seiseki/report/2014/2014-1fukushima3.pdf
2014,2014030104,福島,1,4,2014-04-20,12,1;2;3;4;5;6;7;8;9;10;11;12,,https://www.jra.go.jp/datafile/seiseki/report/2014/2014-1fukushima4.pdf
2014,2014030105,福島,1,5,2014-04-26,12,1;2;3;4;5;6;7;8;9;10;11;12,,https://www.jra.go.jp/datafile/seiseki/report/2014/2014-1fukushima5.pdf
2014,2014030106,福島,1,6,2014-04-27,12,1;2;3;4;5;6;7;8;9;10;11;12,,https://www.jra.go.jp/datafile/seiseki/report/2014/2014-1fukushima6.pdf
2014,2014030201,福島,2,1,2014-07-05,12,1;2;3;4;5;6;7;8;9;10;11;12,,https://www.jra.go.jp/datafile/seiseki/report/2014/2014-2fukushima1.pdf
2014,2014030202,福島,2,2,2014-07-06,12,1;2;3;4;5;6;7;8;9;10;11;12,,https://www.jra.go.jp/datafile/seiseki/report/2014/2014-2fukushima2.pdf
2014,2014030203,福島,2,3,2014-07-12,12,1;2;3;4;5;6;7;8;9;10;11;12,,https://www.jra.go.jp/datafile/seiseki/report/2014/2014-2fukushima3.pdf
2014,2014030204,福島,2,4,2014-07-13,12,1;2;3;4;5;6;7;8;9;10;11;12,,https://www.jra.go.jp/datafile/seiseki/report/2014/2014-2fukushima4.pdf
2014,2014030205,福島,2,5,2014-07-19,12,1;2;3;4;5;6;7;8;9;10;11;12,,https://www.jra.go.jp/datafile/seiseki/report/2014/2014-2fukushima5.pdf
2014,2014030206,福島,2,6,2014-07-20,12,1;2;3;4;5;6;7;8;9;10;11;12,,https://www.jra.go.jp/datafile/seiseki/report/2014/2014-2fukushima6.pdf
2014,2014030207,福島,2,7,2014-07-26,12,1;2;3;4;5;6;7;8;9;10;11;12,,https://www.jra.go.jp/datafile/seiseki/report/2014/2014-2fukushima7.pdf
2014,2014030208,福島,2,8,2014-07-27,12,1;2;3;4;5;6;7;8;9;10;11;12,,https://www.jra.go.jp/datafile/seiseki/report/2014/2014-2fukushima8.pdf
2014,2014030301,福島,3,1,2014-10-18,12,1;2;3;4;5;6;7;8;9;10;11;12,,https://www.jra.go.jp/datafile/seiseki/report/2014/2014-3fukushima1.pdf
2014,2014030302,福島,3,2,2014-10-19,12,1;2;3;4;5;6;7;8;9;10;11;12,,https://www.jra.go.jp/datafile/seiseki/report/2014/2014-3fukushima2.pdf
2014,2014030303,福島,3,3,2014-10-25,12,1;2;3;4;5;6;7;8;9;10;11;12,,https://www.jra.go.jp/datafile/seiseki/report/2014/2014-3fukushima3.pdf
2014,2014030304,福島,3,4,2014-10-26,12,1;2;3;4;5;6;7;8;9;10;11;12,,https://www.jra.go.jp/datafile/seiseki/report/2014/2014-3fukushima4.pdf
2014,2014030305,福島,3,5,2014-11-01,12,1;2;3;4;5;6;7;8;9;10;11;12,,https://www.jra.go.jp/datafile/seiseki/report/2014/2014-3fukushima5.pdf
2014,2014030306,福島,3,6,2014-11-02,12,1;2;3;4;5;6;7;8;9;10;11;12,,https://www.jra.go.jp/datafile/seiseki/report/2014/2014-3fukushima6.pdf
2014,2014030401,福島,4,1,2014-11-08,12,1;2;3;4;5;6;7;8;9;10;11;12,,https://www.jra.go.jp/datafile/seiseki/report/2014/2014-4fukushima1.pdf
2014,2014030402,福島,4,2,2014-11-09,12,1;2;3;4;5;6;7;8;9;10;11;12,,https://www.jra.go.jp/datafile/seiseki/report/2014/2014-4fukushima2.pdf
2014,2014030403,福島,4,3,2014-11-15,12,1;2;3;4;5;6;7;8;9;10;11;12,,https://www.jra.go.jp/datafile/seiseki/report/2014/2014-4fukushima3.pdf
2014,2014030404,福島,4,4,2014-11-16,12,1;2;3;4;5;6;7;8;9;10;11;12,,https://www.jra.go.jp/datafile/seiseki/report/2014/2014-4fukushima4.pdf
2014,2014040101,新潟,1,1,2014-05-03,12,1;2;3;4;5;6;7;8;9;10;11;12,,https://www.jra.go.jp/datafile/seiseki/report/2014/2014-1niigata1.pdf
2014,2014040102,新潟,1,2,2014-05-04,12,1;2;3;4;5;6;7;8;9;10;11;12,,https://www.jra.go.jp/datafile/seiseki/report/2014/2014-1niigata2.pdf
2014,2014040103,新潟,1,3,2014-05-10,12,1;2;3;4;5;6;7;8;9;10;11;12,,https://www.jra.go.jp/datafile/seiseki/report/2014/2014-1niigata3.pdf
2014,2014040104,新潟,1,4,2014-05-11,12,1;2;3;4;5;6;7;8;9;10;11;12,,https://www.jra.go.jp/datafile/seiseki/report/2014/2014-1niigata4.pdf
2014,2014040105,新潟,1,5,2014-05-17,12,1;2;3;4;5;6;7;8;9;10;11;12,,https://www.jra.go.jp/datafile/seiseki/report/2014/2014-1niigata5.pdf
2014,2014040106,新潟,1,6,2014-05-18,12,1;2;3;4;5;6;7;8;9;10;11;12,,https://www.jra.go.jp/datafile/seiseki/report/2014/2014-1niigata6.pdf
2014,2014040107,新潟,1,7,2014-05-24,12,1;2;3;4;5;6;7;8;9;10;11;12,,https://www.jra.go.jp/datafile/seiseki/report/2014/2014-1niigata7.pdf
2014,2014040108,新潟,1,8,2014-05-25,12,1;2;3;4;5;6;7;8;9;10;11;12,,https://www.jra.go.jp/datafile/seiseki/report/2014/2014-1niigata8.pdf
2014,2014040201,新潟,2,1,2014-08-02,12,1;2;3;4;5;6;7;8;9;10;11;12,,https://www.jra.go.jp/datafile/seiseki/report/2014/2014-2niigata1.pdf
2014,2014040202,新潟,2,2,2014-08-03,12,1;2;3;4;5;6;7;8;9;10;11;12,,https://www.jra.go.jp/datafile/seiseki/report/2014/2014-2niigata2.pdf
2014,2014040203,新潟,2,3,2014-08-09,12,1;2;3;4;5;6;7;8;9;10;11;12,,https://www.jra.go.jp/datafile/seiseki/report/2014/2014-2niigata3.pdf
2014,2014040204,新潟,2,4,2014-08-10,12,1;2;3;4;5;6;7;8;9;10;11;12,,https://www.jra.go.jp/datafile/seiseki/report/2014/2014-2niigata4.pdf
2014,2014040205,新潟,2,5,2014-08-16,12,1;2;3;4;5;6;7;8;9;10;11;12,,https://www.jra.go.jp/datafile/seiseki/report/2014/2014-2niigata5.pdf
2014,2014040206,新潟,2,6,2014-08-17,12,1;2;3;4;5;6;7;8;9;10;11;12,,https://www.jra.go.jp/datafile/seiseki/report/2014/2014-2niigata6.pdf
2014,2014040207,新潟,2,7,2014-08-23,12,1;2;3;4;5;6;7;8;9;10;11;12,,https://www.jra.go.jp/datafile/seiseki/report/2014/2014-2niigata7.pdf
2014,2014040208,新潟,2,8,2014-08-24,12,1;2;3;4;5;6;7;8;9;10;11;12,,https://www.jra.go.jp/datafile/seiseki/report/2014/2014-2niigata8.pdf
2014,2014040209,新潟,2,9,2014-08-30,12,1;2;3;4;5;6;7;8;9;10;11;12,,https://www.jra.go.jp/datafile/seiseki/report/2014/2014-2niigata9.pdf
2014,2014040210,新潟,2,10,2014-08-31,12,1;2;3;4;5;6;7;8;9;10;11;12,,https://www.jra.go.jp/datafile/seiseki/report/2014/2014-2niigata10.pdf
2014,2014040211,新潟,2,11,2014-09-06,12,1;2;3;4;5;6;7;8;9;10;11;12,,https://www.jra.go.jp/datafile/seiseki/report/2014/2014-2niigata11.pdf
2014,2014040212,新潟,2,12,2014-09-07,12,1;2;3;4;5;6;7;8;9;10;11;12,,https://www.jra.go.jp/datafile/seiseki/report/2014/2014-2niigata12.pdf
2014,2014040301,新潟,3,1,2014-09-13,12,1;2;3;4;5;6;7;8;9;10;11;12,,https://www.jra.go.jp/datafile/seiseki/report/2014/2014-3niigata1.pdf
2014,2014040302,新潟,3,2,2014-09-14,12,1;2;3;4;5;6;7;8;9;10;11;12,,https://www.jra.go.jp/datafile/seiseki/report/2014/2014-3niigata2.pdf
2014,2014040303,新潟,3,3,2014-09-20,12,1;2;3;4;5;6;7;8;9;10;11;12,,https://www.jra.go.jp/datafile/seiseki/report/2014/2014-3niigata3.pdf
2014,2014040304,新潟,3,4,2014-09-21,12,1;2;3;4;5;6;7;8;9;10;11;12,,https://www.jra.go.jp/datafile/seiseki/report/2014/2014-3niigata4.pdf
2014,2014040305,新潟,3,5,2014-09-27,12,1;2;3;4;5;6;7;8;9;10;11;12,,https://www.jra.go.jp/datafile/seiseki/report/2014/2014-3niigata5.pdf
2014,2014040306,新潟,3,6,2014-09-28,12,1;2;3;4;5;6;7;8;9;10;11;12,,https://www.jra.go.jp/datafile/seiseki/report/2014/2014-3niigata6.pdf
2014,2014040307,新潟,3,7,2014-10-04,12,1;2;3;4;5;6;7;8;9;10;11;12,,https://www.jra.go.jp/datafile/seiseki/report/2014/2014-3niigata7.pdf
2014,2014040308,新潟,3,8,2014-10-05,12,1;2;3;4;5;6;7;8;9;10;11;12,,https://www.jra.go.jp/datafile/seiseki/report/2014/2014-3niigata8.pdf
2014,2014050101,東京,1,1,2014-02-01,12,1;2;3;4;5;6;7;8;9;10;11;12,,https://www.jra.go.jp/datafile/seiseki/report/2014/2014-1tokyo1.pdf
2014,2014050102,東京,1,2,2014-02-02,12,1;2;3;4;5;6;7;8;9;10;11;12,,https://www.jra.go.jp/datafile/seiseki/report/2014/2014-1tokyo2.pdf
2014,2014050103,東京,1,3,2014-02-10,12,1;2;3;4;5;6;7;8;9;10;11;12,,https://www.jra.go.jp/datafile/seiseki/report/2014/2014-1tokyo3.pdf
2014,2014050104,東京,1,4,2014-02-17,11,1;2;3;5;6;7;8;9;10;11;12,4,https://www.jra.go.jp/datafile/seiseki/report/2014/2014-1tokyo4.pdf
2014,2014050105,東京,1,5,2014-02-18,11,1;2;3;4;5;6;7;9;10;11;12,8,https://www.jra.go.jp/datafile/seiseki/report/2014/2014-1tokyo5.pdf
2014,2014050106,東京,1,6,2014-02-24,12,1;2;3;4;5;6;7;8;9;10;11;12,,https://www.jra.go.jp/datafile/seiseki/report/2014/2014-1tokyo6.pdf
2014,2014050107,東京,1,7,2014-02-22,12,1;2;3;4;5;6;7;8;9;10;11;12,,https://www.jra.go.jp/datafile/seiseki/report/2014/2014-1tokyo7.pdf
2014,2014050108,東京,1,8,2014-02-23,12,1;2;3;4;5;6;7;8;9;10;11;12,,https://www.jra.go.jp/datafile/seiseki/report/2014/2014-1tokyo8.pdf
2014,2014050201,東京,2,1,2014-04-26,12,1;2;3;4;5;6;7;8;9;10;11;12,,https://www.jra.go.jp/datafile/seiseki/report/2014/2014-2tokyo1.pdf
2014,2014050202,東京,2,2,2014-04-27,12,1;2;3;4;5;6;7;8;9;10;11;12,,https://www.jra.go.jp/datafile/seiseki/report/2014/2014-2tokyo2.pdf
2014,2014050203,東京,2,3,2014-05-03,12,1;2;3;4;5;6;7;8;9;10;11;12,,https://www.jra.go.jp/datafile/seiseki/report/2014/2014-2tokyo3.pdf
2014,2014050204,東京,2,4,2014-05-04,12,1;2;3;4;5;6;7;8;9;10;11;12,,https://www.jra.go.jp/datafile/seiseki/report/2014/2014-2tokyo4.pdf
2014,2014050205,東京,2,5,2014-05-10,12,1;2;3;4;5;6;7;8;9;10;11;12,,https://www.jra.go.jp/datafile/seiseki/report/2014/2014-2tokyo5.pdf
2014,2014050206,東京,2,6,2014-05-11,12,1;2;3;4;5;6;7;8;9;10;11;12,,https://www.jra.go.jp/datafile/seiseki/report/2014/2014-2tokyo6.pdf
2014,2014050207,東京,2,7,2014-05-17,12,1;2;3;4;5;6;7;8;9;10;11;12,,https://www.jra.go.jp/datafile/seiseki/report/2014/2014-2tokyo7.pdf
2014,2014050208,東京,2,8,2014-05-18,12,1;2;3;4;5;6;7;8;9;10;11;12,,https://www.jra.go.jp/datafile/seiseki/report/2014/2014-2tokyo8.pdf
2014,2014050209,東京,2,9,2014-05-24,12,1;2;3;4;5;6;7;8;9;10;11;12,,https://www.jra.go.jp/datafile/seiseki/report/2014/2014-2tokyo9.pdf
2014,2014050210,東京,2,10,2014-05-25,12,1;2;3;4;5;6;7;8;9;10;11;12,,https://www.jra.go.jp/datafile/seiseki/report/2014/2014-2tokyo10.pdf
2014,2014050211,東京,2,11,2014-05-31,12,1;2;3;4;5;6;7;8;9;10;11;12,,https://www.jra.go.jp/datafile/seiseki/report/2014/2014-2tokyo11.pdf
2014,2014050212,東京,2,12,2014-06-01,12,1;2;3;4;5;6;7;8;9;10;11;12,,https://www.jra.go.jp/datafile/seiseki/report/2014/2014-2tokyo12.pdf
2014,2014050301,東京,3,1,2014-06-07,12,1;2;3;4;5;6;7;8;9;10;11;12,,https://www.jra.go.jp/datafile/seiseki/report/2014/2014-3tokyo1.pdf
2014,2014050302,東京,3,2,2014-06-08,12,1;2;3;4;5;6;7;8;9;10;11;12,,https://www.jra.go.jp/datafile/seiseki/report/2014/2014-3tokyo2.pdf
2014,2014050303,東京,3,3,2014-06-14,12,1;2;3;4;5;6;7;8;9;10;11;12,,https://www.jra.go.jp/datafile/seiseki/report/2014/2014-3tokyo3.pdf
2014,2014050304,東京,3,4,2014-06-15,12,1;2;3;4;5;6;7;8;9;10;11;12,,https://www.jra.go.jp/datafile/seiseki/report/2014/2014-3tokyo4.pdf
2014,2014050305,東京,3,5,2014-06-21,12,1;2;3;4;5;6;7;8;9;10;11;12,,https://www.jra.go.jp/datafile/seiseki/report/2014/2014-3tokyo5.pdf
2014,2014050306,東京,3,6,2014-06-22,12,1;2;3;4;5;6;7;8;9;10;11;12,,https://www.jra.go.jp/datafile/seiseki/report/2014/2014-3tokyo6.pdf
2014,2014050307,東京,3,7,2014-06-28,12,1;2;3;4;5;6;7;8;9;10;11;12,,https://www.jra.go.jp/datafile/seiseki/report/2014/2014-3tokyo7.pdf
2014,2014050308,東京,3,8,2014-06-29,12,1;2;3;4;5;6;7;8;9;10;11;12,,https://www.jra.go.jp/datafile/seiseki/report/2014/2014-3tokyo8.pdf
2014,2014050401,東京,4,1,2014-10-11,12,1;2;3;4;5;6;7;8;9;10;11;12,,https://www.jra.go.jp/datafile/seiseki/report/2014/2014-4tokyo1.pdf
2014,2014050402,東京,4,2,2014-10-12,12,1;2;3;4;5;6;7;8;9;10;11;12,,https://www.jra.go.jp/datafile/seiseki/report/2014/2014-4tokyo2.pdf
2014,2014050403,東京,4,3,2014-10-13,12,1;2;3;4;5;6;7;8;9;10;11;12,,https://www.jra.go.jp/datafile/seiseki/report/2014/2014-4tokyo3.pdf
2014,2014050404,東京,4,4,2014-10-18,12,1;2;3;4;5;6;7;8;9;10;11;12,,https://www.jra.go.jp/datafile/seiseki/report/2014/2014-4tokyo4.pdf
2014,2014050405,東京,4,5,2014-10-19,12,1;2;3;4;5;6;7;8;9;10;11;12,,https://www.jra.go.jp/datafile/seiseki/report/2014/2014-4tokyo5.pdf
2014,2014050406,東京,4,6,2014-10-25,12,1;2;3;4;5;6;7;8;9;10;11;12,,https://www.jra.go.jp/datafile/seiseki/report/2014/2014-4tokyo6.pdf
2014,2014050407,東京,4,7,2014-10-26,12,1;2;3;4;5;6;7;8;9;10;11;12,,https://www.jra.go.jp/datafile/seiseki/report/2014/2014-4tokyo7.pdf
2014,2014050408,東京,4,8,2014-11-01,12,1;2;3;4;5;6;7;8;9;10;11;12,,https://www.jra.go.jp/datafile/seiseki/report/2014/2014-4tokyo8.pdf
2014,2014050409,東京,4,9,2014-11-02,12,1;2;3;4;5;6;7;8;9;10;11;12,,https://www.jra.go.jp/datafile/seiseki/report/2014/2014-4tokyo9.pdf
2014,2014050501,東京,5,1,2014-11-08,12,1;2;3;4;5;6;7;8;9;10;11;12,,https://www.jra.go.jp/datafile/seiseki/report/2014/2014-5tokyo1.pdf
2014,2014050502,東京,5,2,2014-11-09,12,1;2;3;4;5;6;7;8;9;10;11;12,,https://www.jra.go.jp/datafile/seiseki/report/2014/2014-5tokyo2.pdf
2014,2014050503,東京,5,3,2014-11-15,12,1;2;3;4;5;6;7;8;9;10;11;12,,https://www.jra.go.jp/datafile/seiseki/report/2014/2014-5tokyo3.pdf
2014,2014050504,東京,5,4,2014-11-16,12,1;2;3;4;5;6;7;8;9;10;11;12,,https://www.jra.go.jp/datafile/seiseki/report/2014/2014-5tokyo4.pdf
2014,2014050505,東京,5,5,2014-11-22,12,1;2;3;4;5;6;7;8;9;10;11;12,,https://www.jra.go.jp/datafile/seiseki/report/2014/2014-5tokyo5.pdf
2014,2014050506,東京,5,6,2014-11-23,12,1;2;3;4;5;6;7;8;9;10;11;12,,https://www.jra.go.jp/datafile/seiseki/report/2014/2014-5tokyo6.pdf
2014,2014050507,東京,5,7,2014-11-24,12,1;2;3;4;5;6;7;8;9;10;11;12,,https://www.jra.go.jp/datafile/seiseki/report/2014/2014-5tokyo7.pdf
2014,2014050508,東京,5,8,2014-11-29,12,1;2;3;4;5;6;7;8;9;10;11;12,,https://www.jra.go.jp/datafile/seiseki/report/2014/2014-5tokyo8.pdf
2014,2014050509,東京,5,9,2014-11-30,11,1;2;3;4;5;6;7;8;9;10;11,12,https://www.jra.go.jp/datafile/seiseki/report/2014/2014-5tokyo9.pdf
2014,2014060101,中山,1,1,2014-01-05,12,1;2;3;4;5;6;7;8;9;10;11;12,,https://www.jra.go.jp/datafile/seiseki/report/2014/2014-1nakayama1.pdf
2014,2014060102,中山,1,2,2014-01-06,12,1;2;3;4;5;6;7;8;9;10;11;12,,https://www.jra.go.jp/datafile/seiseki/report/2014/2014-1nakayama2.pdf
2014,2014060103,中山,1,3,2014-01-11,12,1;2;3;4;5;6;7;8;9;10;11;12,,https://www.jra.go.jp/datafile/seiseki/report/2014/2014-1nakayama3.pdf
2014,2014060104,中山,1,4,2014-01-12,12,1;2;3;4;5;6;7;8;9;10;11;12,,https://www.jra.go.jp/datafile/seiseki/report/2014/2014-1nakayama4.pdf
2014,2014060105,中山,1,5,2014-01-13,12,1;2;3;4;5;6;7;8;9;10;11;12,,https://www.jra.go.jp/datafile/seiseki/report/2014/2014-1nakayama5.pdf
2014,2014060106,中山,1,6,2014-01-18,12,1;2;3;4;5;6;7;8;9;10;11;12,,https://www.jra.go.jp/datafile/seiseki/report/2014/2014-1nakayama6.pdf
2014,2014060107,中山,1,7,2014-01-19,12,1;2;3;4;5;6;7;8;9;10;11;12,,https://www.jra.go.jp/datafile/seiseki/report/2014/2014-1nakayama7.pdf
2014,2014060108,中山,1,8,2014-01-25,12,1;2;3;4;5;6;7;8;9;10;11;12,,https://www.jra.go.jp/datafile/seiseki/report/2014/2014-1nakayama8.pdf
2014,2014060109,中山,1,9,2014-01-26,12,1;2;3;4;5;6;7;8;9;10;11;12,,https://www.jra.go.jp/datafile/seiseki/report/2014/2014-1nakayama9.pdf
2014,2014060201,中山,2,1,2014-03-01,12,1;2;3;4;5;6;7;8;9;10;11;12,,https://www.jra.go.jp/datafile/seiseki/report/2014/2014-2nakayama1.pdf
2014,2014060202,中山,2,2,2014-03-02,12,1;2;3;4;5;6;7;8;9;10;11;12,,https://www.jra.go.jp/datafile/seiseki/report/2014/2014-2nakayama2.pdf
2014,2014060203,中山,2,3,2014-03-08,12,1;2;3;4;5;6;7;8;9;10;11;12,,https://www.jra.go.jp/datafile/seiseki/report/2014/2014-2nakayama3.pdf
2014,2014060204,中山,2,4,2014-03-09,12,1;2;3;4;5;6;7;8;9;10;11;12,,https://www.jra.go.jp/datafile/seiseki/report/2014/2014-2nakayama4.pdf
2014,2014060205,中山,2,5,2014-03-15,12,1;2;3;4;5;6;7;8;9;10;11;12,,https://www.jra.go.jp/datafile/seiseki/report/2014/2014-2nakayama5.pdf
2014,2014060206,中山,2,6,2014-03-16,12,1;2;3;4;5;6;7;8;9;10;11;12,,https://www.jra.go.jp/datafile/seiseki/report/2014/2014-2nakayama6.pdf
2014,2014060207,中山,2,7,2014-03-21,12,1;2;3;4;5;6;7;8;9;10;11;12,,https://www.jra.go.jp/datafile/seiseki/report/2014/2014-2nakayama7.pdf
2014,2014060208,中山,2,8,2014-03-23,12,1;2;3;4;5;6;7;8;9;10;11;12,,https://www.jra.go.jp/datafile/seiseki/report/2014/2014-2nakayama8.pdf
2014,2014060301,中山,3,1,2014-03-29,12,1;2;3;4;5;6;7;8;9;10;11;12,,https://www.jra.go.jp/datafile/seiseki/report/2014/2014-3nakayama1.pdf
2014,2014060302,中山,3,2,2014-03-30,12,1;2;3;4;5;6;7;8;9;10;11;12,,https://www.jra.go.jp/datafile/seiseki/report/2014/2014-3nakayama2.pdf
2014,2014060303,中山,3,3,2014-04-05,12,1;2;3;4;5;6;7;8;9;10;11;12,,https://www.jra.go.jp/datafile/seiseki/report/2014/2014-3nakayama3.pdf
2014,2014060304,中山,3,4,2014-04-06,12,1;2;3;4;5;6;7;8;9;10;11;12,,https://www.jra.go.jp/datafile/seiseki/report/2014/2014-3nakayama4.pdf
2014,2014060305,中山,3,5,2014-04-12,12,1;2;3;4;5;6;7;8;9;10;11;12,,https://www.jra.go.jp/datafile/seiseki/report/2014/2014-3nakayama5.pdf
2014,2014060306,中山,3,6,2014-04-13,12,1;2;3;4;5;6;7;8;9;10;11;12,,https://www.jra.go.jp/datafile/seiseki/report/2014/2014-3nakayama6.pdf
2014,2014060307,中山,3,7,2014-04-19,12,1;2;3;4;5;6;7;8;9;10;11;12,,https://www.jra.go.jp/datafile/seiseki/report/2014/2014-3nakayama7.pdf
2014,2014060308,中山,3,8,2014-04-20,12,1;2;3;4;5;6;7;8;9;10;11;12,,https://www.jra.go.jp/datafile/seiseki/report/2014/2014-3nakayama8.pdf
2014,2014060401,中山,4,1,2014-12-06,12,1;2;3;4;5;6;7;8;9;10;11;12,,https://www.jra.go.jp/datafile/seiseki/report/2014/2014-4nakayama1.pdf
2014,2014060402,中山,4,2,2014-12-07,12,1;2;3;4;5;6;7;8;9;10;11;12,,https://www.jra.go.jp/datafile/seiseki/report/2014/2014-4nakayama2.pdf
2014,2014060403,中山,4,3,2014-12-13,12,1;2;3;4;5;6;7;8;9;10;11;12,,https://www.jra.go.jp/datafile/seiseki/report/2014/2014-4nakayama3.pdf
2014,2014060404,中山,4,4,2014-12-14,12,1;2;3;4;5;6;7;8;9;10;11;12,,https://www.jra.go.jp/datafile/seiseki/report/2014/2014-4nakayama4.pdf
2014,2014060405,中山,4,5,2014-12-20,12,1;2;3;4;5;6;7;8;9;10;11;12,,https://www.jra.go.jp/datafile/seiseki/report/2014/2014-4nakayama5.pdf
2014,2014060406,中山,4,6,2014-12-21,12,1;2;3;4;5;6;7;8;9;10;11;12,,https://www.jra.go.jp/datafile/seiseki/report/2014/2014-4nakayama6.pdf
2014,2014060407,中山,4,7,2014-12-27,12,1;2;3;4;5;6;7;8;9;10;11;12,,https://www.jra.go.jp/datafile/seiseki/report/2014/2014-4nakayama7.pdf
2014,2014060408,中山,4,8,2014-12-28,11,1;2;3;4;5;6;7;8;9;10;11,12,https://www.jra.go.jp/datafile/seiseki/report/2014/2014-4nakayama8.pdf
2014,2014070101,中京,1,1,2014-01-18,12,1;2;3;4;5;6;7;8;9;10;11;12,,https://www.jra.go.jp/datafile/seiseki/report/2014/2014-1chukyo1.pdf
2014,2014070102,中京,1,2,2014-01-19,12,1;2;3;4;5;6;7;8;9;10;11;12,,https://www.jra.go.jp/datafile/seiseki/report/2014/2014-1chukyo2.pdf
2014,2014070103,中京,1,3,2014-01-25,12,1;2;3;4;5;6;7;8;9;10;11;12,,https://www.jra.go.jp/datafile/seiseki/report/2014/2014-1chukyo3.pdf
2014,2014070104,中京,1,4,2014-01-26,12,1;2;3;4;5;6;7;8;9;10;11;12,,https://www.jra.go.jp/datafile/seiseki/report/2014/2014-1chukyo4.pdf
2014,2014070201,中京,2,1,2014-03-15,12,1;2;3;4;5;6;7;8;9;10;11;12,,https://www.jra.go.jp/datafile/seiseki/report/2014/2014-2chukyo1.pdf
2014,2014070202,中京,2,2,2014-03-16,12,1;2;3;4;5;6;7;8;9;10;11;12,,https://www.jra.go.jp/datafile/seiseki/report/2014/2014-2chukyo2.pdf
2014,2014070203,中京,2,3,2014-03-21,12,1;2;3;4;5;6;7;8;9;10;11;12,,https://www.jra.go.jp/datafile/seiseki/report/2014/2014-2chukyo3.pdf
2014,2014070204,中京,2,4,2014-03-22,12,1;2;3;4;5;6;7;8;9;10;11;12,,https://www.jra.go.jp/datafile/seiseki/report/2014/2014-2chukyo4.pdf
2014,2014070205,中京,2,5,2014-03-29,12,1;2;3;4;5;6;7;8;9;10;11;12,,https://www.jra.go.jp/datafile/seiseki/report/2014/2014-2chukyo5.pdf
2014,2014070206,中京,2,6,2014-03-30,12,1;2;3;4;5;6;7;8;9;10;11;12,,https://www.jra.go.jp/datafile/seiseki/report/2014/2014-2chukyo6.pdf
2014,2014070301,中京,3,1,2014-07-05,12,1;2;3;4;5;6;7;8;9;10;11;12,,https://www.jra.go.jp/datafile/seiseki/report/2014/2014-3chukyo1.pdf
2014,2014070302,中京,3,2,2014-07-06,12,1;2;3;4;5;6;7;8;9;10;11;12,,https://www.jra.go.jp/datafile/seiseki/report/2014/2014-3chukyo2.pdf
2014,2014070303,中京,3,3,2014-07-12,12,1;2;3;4;5;6;7;8;9;10;11;12,,https://www.jra.go.jp/datafile/seiseki/report/2014/2014-3chukyo3.pdf
2014,2014070304,中京,3,4,2014-07-13,12,1;2;3;4;5;6;7;8;9;10;11;12,,https://www.jra.go.jp/datafile/seiseki/report/2014/2014-3chukyo4.pdf
2014,2014070305,中京,3,5,2014-07-19,12,1;2;3;4;5;6;7;8;9;10;11;12,,https://www.jra.go.jp/datafile/seiseki/report/2014/2014-3chukyo5.pdf
2014,2014070306,中京,3,6,2014-07-20,12,1;2;3;4;5;6;7;8;9;10;11;12,,https://www.jra.go.jp/datafile/seiseki/report/2014/2014-3chukyo6.pdf
2014,2014070307,中京,3,7,2014-07-26,12,1;2;3;4;5;6;7;8;9;10;11;12,,https://www.jra.go.jp/datafile/seiseki/report/2014/2014-3chukyo7.pdf
2014,2014070308,中京,3,8,2014-07-27,12,1;2;3;4;5;6;7;8;9;10;11;12,,https://www.jra.go.jp/datafile/seiseki/report/2014/2014-3chukyo8.pdf
2014,2014070401,中京,4,1,2014-12-06,12,1;2;3;4;5;6;7;8;9;10;11;12,,https://www.jra.go.jp/datafile/seiseki/report/2014/2014-4chukyo1.pdf
2014,2014070402,中京,4,2,2014-12-07,12,1;2;3;4;5;6;7;8;9;10;11;12,,https://www.jra.go.jp/datafile/seiseki/report/2014/2014-4chukyo2.pdf
2014,2014070403,中京,4,3,2014-12-13,12,1;2;3;4;5;6;7;8;9;10;11;12,,https://www.jra.go.jp/datafile/seiseki/report/2014/2014-4chukyo3.pdf
2014,2014070404,中京,4,4,2014-12-14,12,1;2;3;4;5;6;7;8;9;10;11;12,,https://www.jra.go.jp/datafile/seiseki/report/2014/2014-4chukyo4.pdf
2014,2014070405,中京,4,5,2014-12-20,12,1;2;3;4;5;6;7;8;9;10;11;12,,https://www.jra.go.jp/datafile/seiseki/report/2014/2014-4chukyo5.pdf
2014,2014070406,中京,4,6,2014-12-21,12,1;2;3;4;5;6;7;8;9;10;11;12,,https://www.jra.go.jp/datafile/seiseki/report/2014/2014-4chukyo6.pdf
2014,2014080101,京都,1,1,2014-01-05,12,1;2;3;4;5;6;7;8;9;10;11;12,,https://www.jra.go.jp/datafile/seiseki/report/2014/2014-1kyoto1.pdf
2014,2014080102,京都,1,2,2014-01-06,12,1;2;3;4;5;6;7;8;9;10;11;12,,https://www.jra.go.jp/datafile/seiseki/report/2014/2014-1kyoto2.pdf
2014,2014080103,京都,1,3,2014-01-11,12,1;2;3;4;5;6;7;8;9;10;11;12,,https://www.jra.go.jp/datafile/seiseki/report/2014/2014-1kyoto3.pdf
2014,2014080104,京都,1,4,2014-01-12,12,1;2;3;4;5;6;7;8;9;10;11;12,,https://www.jra.go.jp/datafile/seiseki/report/2014/2014-1kyoto4.pdf
2014,2014080105,京都,1,5,2014-01-13,12,1;2;3;4;5;6;7;8;9;10;11;12,,https://www.jra.go.jp/datafile/seiseki/report/2014/2014-1kyoto5.pdf
2014,2014080106,京都,1,6,2014-01-18,12,1;2;3;4;5;6;7;8;9;10;11;12,,https://www.jra.go.jp/datafile/seiseki/report/2014/2014-1kyoto6.pdf
2014,2014080107,京都,1,7,2014-01-19,12,1;2;3;4;5;6;7;8;9;10;11;12,,https://www.jra.go.jp/datafile/seiseki/report/2014/2014-1kyoto7.pdf
2014,2014080108,京都,1,8,2014-01-25,12,1;2;3;4;5;6;7;8;9;10;11;12,,https://www.jra.go.jp/datafile/seiseki/report/2014/2014-1kyoto8.pdf
2014,2014080109,京都,1,9,2014-01-26,12,1;2;3;4;5;6;7;8;9;10;11;12,,https://www.jra.go.jp/datafile/seiseki/report/2014/2014-1kyoto9.pdf
2014,2014080201,京都,2,1,2014-02-01,12,1;2;3;4;5;6;7;8;9;10;11;12,,https://www.jra.go.jp/datafile/seiseki/report/2014/2014-2kyoto1.pdf
2014,2014080202,京都,2,2,2014-02-02,12,1;2;3;4;5;6;7;8;9;10;11;12,,https://www.jra.go.jp/datafile/seiseki/report/2014/2014-2kyoto2.pdf
2014,2014080203,京都,2,3,2014-02-08,11,1;2;3;5;6;7;8;9;10;11;12,4,https://www.jra.go.jp/datafile/seiseki/report/2014/2014-2kyoto3.pdf
2014,2014080204,京都,2,4,2014-02-09,12,1;2;3;4;5;6;7;8;9;10;11;12,,https://www.jra.go.jp/datafile/seiseki/report/2014/2014-2kyoto4.pdf
2014,2014080205,京都,2,5,2014-02-15,12,1;2;3;4;5;6;7;8;9;10;11;12,,https://www.jra.go.jp/datafile/seiseki/report/2014/2014-2kyoto5.pdf
2014,2014080206,京都,2,6,2014-02-16,12,1;2;3;4;5;6;7;8;9;10;11;12,,https://www.jra.go.jp/datafile/seiseki/report/2014/2014-2kyoto6.pdf
2014,2014080207,京都,2,7,2014-02-22,12,1;2;3;4;5;6;7;8;9;10;11;12,,https://www.jra.go.jp/datafile/seiseki/report/2014/2014-2kyoto7.pdf
2014,2014080208,京都,2,8,2014-02-23,12,1;2;3;4;5;6;7;8;9;10;11;12,,https://www.jra.go.jp/datafile/seiseki/report/2014/2014-2kyoto8.pdf
2014,2014080301,京都,3,1,2014-04-26,12,1;2;3;4;5;6;7;8;9;10;11;12,,https://www.jra.go.jp/datafile/seiseki/report/2014/2014-3kyoto1.pdf
2014,2014080302,京都,3,2,2014-04-27,12,1;2;3;4;5;6;7;8;9;10;11;12,,https://www.jra.go.jp/datafile/seiseki/report/2014/2014-3kyoto2.pdf
2014,2014080303,京都,3,3,2014-05-03,12,1;2;3;4;5;6;7;8;9;10;11;12,,https://www.jra.go.jp/datafile/seiseki/report/2014/2014-3kyoto3.pdf
2014,2014080304,京都,3,4,2014-05-04,12,1;2;3;4;5;6;7;8;9;10;11;12,,https://www.jra.go.jp/datafile/seiseki/report/2014/2014-3kyoto4.pdf
2014,2014080305,京都,3,5,2014-05-10,12,1;2;3;4;5;6;7;8;9;10;11;12,,https://www.jra.go.jp/datafile/seiseki/report/2014/2014-3kyoto5.pdf
2014,2014080306,京都,3,6,2014-05-11,12,1;2;3;4;5;6;7;8;9;10;11;12,,https://www.jra.go.jp/datafile/seiseki/report/2014/2014-3kyoto6.pdf
2014,2014080307,京都,3,7,2014-05-17,12,1;2;3;4;5;6;7;8;9;10;11;12,,https://www.jra.go.jp/datafile/seiseki/report/2014/2014-3kyoto7.pdf
2014,2014080308,京都,3,8,2014-05-18,12,1;2;3;4;5;6;7;8;9;10;11;12,,https://www.jra.go.jp/datafile/seiseki/report/2014/2014-3kyoto8.pdf
2014,2014080309,京都,3,9,2014-05-24,12,1;2;3;4;5;6;7;8;9;10;11;12,,https://www.jra.go.jp/datafile/seiseki/report/2014/2014-3kyoto9.pdf
2014,2014080310,京都,3,10,2014-05-25,12,1;2;3;4;5;6;7;8;9;10;11;12,,https://www.jra.go.jp/datafile/seiseki/report/2014/2014-3kyoto10.pdf
2014,2014080311,京都,3,11,2014-05-31,12,1;2;3;4;5;6;7;8;9;10;11;12,,https://www.jra.go.jp/datafile/seiseki/report/2014/2014-3kyoto11.pdf
2014,2014080312,京都,3,12,2014-06-01,12,1;2;3;4;5;6;7;8;9;10;11;12,,https://www.jra.go.jp/datafile/seiseki/report/2014/2014-3kyoto12.pdf
2014,2014080401,京都,4,1,2014-10-11,12,1;2;3;4;5;6;7;8;9;10;11;12,,https://www.jra.go.jp/datafile/seiseki/report/2014/2014-4kyoto1.pdf
2014,2014080402,京都,4,2,2014-10-12,12,1;2;3;4;5;6;7;8;9;10;11;12,,https://www.jra.go.jp/datafile/seiseki/report/2014/2014-4kyoto2.pdf
2014,2014080403,京都,4,3,2014-10-14,12,1;2;3;4;5;6;7;8;9;10;11;12,,https://www.jra.go.jp/datafile/seiseki/report/2014/2014-4kyoto3.pdf
2014,2014080404,京都,4,4,2014-10-18,12,1;2;3;4;5;6;7;8;9;10;11;12,,https://www.jra.go.jp/datafile/seiseki/report/2014/2014-4kyoto4.pdf
2014,2014080405,京都,4,5,2014-10-19,12,1;2;3;4;5;6;7;8;9;10;11;12,,https://www.jra.go.jp/datafile/seiseki/report/2014/2014-4kyoto5.pdf
2014,2014080406,京都,4,6,2014-10-25,12,1;2;3;4;5;6;7;8;9;10;11;12,,https://www.jra.go.jp/datafile/seiseki/report/2014/2014-4kyoto6.pdf
2014,2014080407,京都,4,7,2014-10-26,12,1;2;3;4;5;6;7;8;9;10;11;12,,https://www.jra.go.jp/datafile/seiseki/report/2014/2014-4kyoto7.pdf
2014,2014080408,京都,4,8,2014-11-01,12,1;2;3;4;5;6;7;8;9;10;11;12,,https://www.jra.go.jp/datafile/seiseki/report/2014/2014-4kyoto8.pdf
2014,2014080409,京都,4,9,2014-11-02,12,1;2;3;4;5;6;7;8;9;10;11;12,,https://www.jra.go.jp/datafile/seiseki/report/2014/2014-4kyoto9.pdf
2014,2014080501,京都,5,1,2014-11-08,12,1;2;3;4;5;6;7;8;9;10;11;12,,https://www.jra.go.jp/datafile/seiseki/report/2014/2014-5kyoto1.pdf
2014,2014080502,京都,5,2,2014-11-09,12,1;2;3;4;5;6;7;8;9;10;11;12,,https://www.jra.go.jp/datafile/seiseki/report/2014/2014-5kyoto2.pdf
2014,2014080503,京都,5,3,2014-11-15,12,1;2;3;4;5;6;7;8;9;10;11;12,,https://www.jra.go.jp/datafile/seiseki/report/2014/2014-5kyoto3.pdf
2014,2014080504,京都,5,4,2014-11-16,12,1;2;3;4;5;6;7;8;9;10;11;12,,https://www.jra.go.jp/datafile/seiseki/report/2014/2014-5kyoto4.pdf
2014,2014080505,京都,5,5,2014-11-22,12,1;2;3;4;5;6;7;8;9;10;11;12,,https://www.jra.go.jp/datafile/seiseki/report/2014/2014-5kyoto5.pdf
2014,2014080506,京都,5,6,2014-11-23,12,1;2;3;4;5;6;7;8;9;10;11;12,,https://www.jra.go.jp/datafile/seiseki/report/2014/2014-5kyoto6.pdf
2014,2014080507,京都,5,7,2014-11-24,12,1;2;3;4;5;6;7;8;9;10;11;12,,https://www.jra.go.jp/datafile/seiseki/report/2014/2014-5kyoto7.pdf
2014,2014080508,京都,5,8,2014-11-29,12,1;2;3;4;5;6;7;8;9;10;11;12,,https://www.jra.go.jp/datafile/seiseki/report/2014/2014-5kyoto8.pdf
2014,2014080509,京都,5,9,2014-11-30,12,1;2;3;4;5;6;7;8;9;10;11;12,,https://www.jra.go.jp/datafile/seiseki/report/2014/2014-5kyoto9.pdf
2014,2014090101,阪神,1,1,2014-03-01,12,1;2;3;4;5;6;7;8;9;10;11;12,,https://www.jra.go.jp/datafile/seiseki/report/2014/2014-1hanshin1.pdf
2014,2014090102,阪神,1,2,2014-03-02,12,1;2;3;4;5;6;7;8;9;10;11;12,,https://www.jra.go.jp/datafile/seiseki/report/2014/2014-1hanshin2.pdf
2014,2014090103,阪神,1,3,2014-03-08,12,1;2;3;4;5;6;7;8;9;10;11;12,,https://www.jra.go.jp/datafile/seiseki/report/2014/2014-1hanshin3.pdf
2014,2014090104,阪神,1,4,2014-03-09,12,1;2;3;4;5;6;7;8;9;10;11;12,,https://www.jra.go.jp/datafile/seiseki/report/2014/2014-1hanshin4.pdf
2014,2014090105,阪神,1,5,2014-03-15,12,1;2;3;4;5;6;7;8;9;10;11;12,,https://www.jra.go.jp/datafile/seiseki/report/2014/2014-1hanshin5.pdf
2014,2014090106,阪神,1,6,2014-03-16,12,1;2;3;4;5;6;7;8;9;10;11;12,,https://www.jra.go.jp/datafile/seiseki/report/2014/2014-1hanshin6.pdf
2014,2014090107,阪神,1,7,2014-03-22,12,1;2;3;4;5;6;7;8;9;10;11;12,,https://www.jra.go.jp/datafile/seiseki/report/2014/2014-1hanshin7.pdf
2014,2014090108,阪神,1,8,2014-03-23,12,1;2;3;4;5;6;7;8;9;10;11;12,,https://www.jra.go.jp/datafile/seiseki/report/2014/2014-1hanshin8.pdf
2014,2014090201,阪神,2,1,2014-03-29,12,1;2;3;4;5;6;7;8;9;10;11;12,,https://www.jra.go.jp/datafile/seiseki/report/2014/2014-2hanshin1.pdf
2014,2014090202,阪神,2,2,2014-03-30,12,1;2;3;4;5;6;7;8;9;10;11;12,,https://www.jra.go.jp/datafile/seiseki/report/2014/2014-2hanshin2.pdf
2014,2014090203,阪神,2,3,2014-04-05,12,1;2;3;4;5;6;7;8;9;10;11;12,,https://www.jra.go.jp/datafile/seiseki/report/2014/2014-2hanshin3.pdf
2014,2014090204,阪神,2,4,2014-04-06,12,1;2;3;4;5;6;7;8;9;10;11;12,,https://www.jra.go.jp/datafile/seiseki/report/2014/2014-2hanshin4.pdf
2014,2014090205,阪神,2,5,2014-04-12,12,1;2;3;4;5;6;7;8;9;10;11;12,,https://www.jra.go.jp/datafile/seiseki/report/2014/2014-2hanshin5.pdf
2014,2014090206,阪神,2,6,2014-04-13,12,1;2;3;4;5;6;7;8;9;10;11;12,,https://www.jra.go.jp/datafile/seiseki/report/2014/2014-2hanshin6.pdf
2014,2014090207,阪神,2,7,2014-04-19,12,1;2;3;4;5;6;7;8;9;10;11;12,,https://www.jra.go.jp/datafile/seiseki/report/2014/2014-2hanshin7.pdf
2014,2014090208,阪神,2,8,2014-04-20,12,1;2;3;4;5;6;7;8;9;10;11;12,,https://www.jra.go.jp/datafile/seiseki/report/2014/2014-2hanshin8.pdf
2014,2014090301,阪神,3,1,2014-06-07,12,1;2;3;4;5;6;7;8;9;10;11;12,,https://www.jra.go.jp/datafile/seiseki/report/2014/2014-3hanshin1.pdf
2014,2014090302,阪神,3,2,2014-06-08,12,1;2;3;4;5;6;7;8;9;10;11;12,,https://www.jra.go.jp/datafile/seiseki/report/2014/2014-3hanshin2.pdf
2014,2014090303,阪神,3,3,2014-06-14,12,1;2;3;4;5;6;7;8;9;10;11;12,,https://www.jra.go.jp/datafile/seiseki/report/2014/2014-3hanshin3.pdf
2014,2014090304,阪神,3,4,2014-06-15,12,1;2;3;4;5;6;7;8;9;10;11;12,,https://www.jra.go.jp/datafile/seiseki/report/2014/2014-3hanshin4.pdf
2014,2014090305,阪神,3,5,2014-06-21,12,1;2;3;4;5;6;7;8;9;10;11;12,,https://www.jra.go.jp/datafile/seiseki/report/2014/2014-3hanshin5.pdf
2014,2014090306,阪神,3,6,2014-06-22,12,1;2;3;4;5;6;7;8;9;10;11;12,,https://www.jra.go.jp/datafile/seiseki/report/2014/2014-3hanshin6.pdf
2014,2014090307,阪神,3,7,2014-06-28,12,1;2;3;4;5;6;7;8;9;10;11;12,,https://www.jra.go.jp/datafile/seiseki/report/2014/2014-3hanshin7.pdf
2014,2014090308,阪神,3,8,2014-06-29,12,1;2;3;4;5;6;7;8;9;10;11;12,,https://www.jra.go.jp/datafile/seiseki/report/2014/2014-3hanshin8.pdf
2014,2014090401,阪神,4,1,2014-09-13,12,1;2;3;4;5;6;7;8;9;10;11;12,,https://www.jra.go.jp/datafile/seiseki/report/2014/2014-4hanshin1.pdf
2014,2014090402,阪神,4,2,2014-09-14,12,1;2;3;4;5;6;7;8;9;10;11;12,,https://www.jra.go.jp/datafile/seiseki/report/2014/2014-4hanshin2.pdf
2014,2014090403,阪神,4,3,2014-09-20,12,1;2;3;4;5;6;7;8;9;10;11;12,,https://www.jra.go.jp/datafile/seiseki/report/2014/2014-4hanshin3.pdf
2014,2014090404,阪神,4,4,2014-09-21,12,1;2;3;4;5;6;7;8;9;10;11;12,,https://www.jra.go.jp/datafile/seiseki/report/2014/2014-4hanshin4.pdf
2014,2014090405,阪神,4,5,2014-09-27,12,1;2;3;4;5;6;7;8;9;10;11;12,,https://www.jra.go.jp/datafile/seiseki/report/2014/2014-4hanshin5.pdf
2014,2014090406,阪神,4,6,2014-09-28,12,1;2;3;4;5;6;7;8;9;10;11;12,,https://www.jra.go.jp/datafile/seiseki/report/2014/2014-4hanshin6.pdf
2014,2014090407,阪神,4,7,2014-10-04,12,1;2;3;4;5;6;7;8;9;10;11;12,,https://www.jra.go.jp/datafile/seiseki/report/2014/2014-4hanshin7.pdf
2014,2014090408,阪神,4,8,2014-10-05,12,1;2;3;4;5;6;7;8;9;10;11;12,,https://www.jra.go.jp/datafile/seiseki/report/2014/2014-4hanshin8.pdf
2014,2014090501,阪神,5,1,2014-12-06,12,1;2;3;4;5;6;7;8;9;10;11;12,,https://www.jra.go.jp/datafile/seiseki/report/2014/2014-5hanshin1.pdf
2014,2014090502,阪神,5,2,2014-12-07,12,1;2;3;4;5;6;7;8;9;10;11;12,,https://www.jra.go.jp/datafile/seiseki/report/2014/2014-5hanshin2.pdf
2014,2014090503,阪神,5,3,2014-12-13,12,1;2;3;4;5;6;7;8;9;10;11;12,,https://www.jra.go.jp/datafile/seiseki/report/2014/2014-5hanshin3.pdf
2014,2014090504,阪神,5,4,2014-12-14,12,1;2;3;4;5;6;7;8;9;10;11;12,,https://www.jra.go.jp/datafile/seiseki/report/2014/2014-5hanshin4.pdf
2014,2014090505,阪神,5,5,2014-12-20,12,1;2;3;4;5;6;7;8;9;10;11;12,,https://www.jra.go.jp/datafile/seiseki/report/2014/2014-5hanshin5.pdf
2014,2014090506,阪神,5,6,2014-12-21,12,1;2;3;4;5;6;7;8;9;10;11;12,,https://www.jra.go.jp/datafile/seiseki/report/2014/2014-5hanshin6.pdf
2014,2014090507,阪神,5,7,2014-12-27,12,1;2;3;4;5;6;7;8;9;10;11;12,,https://www.jra.go.jp/datafile/seiseki/report/2014/2014-5hanshin7.pdf
2014,2014090508,阪神,5,8,2014-12-28,12,1;2;3;4;5;6;7;8;9;10;11;12,,https://www.jra.go.jp/datafile/seiseki/report/2014/2014-5hanshin8.pdf
2014,2014100101,小倉,1,1,2014-02-08,12,1;2;3;4;5;6;7;8;9;10;11;12,,https://www.jra.go.jp/datafile/seiseki/report/2014/2014-1kokura1.pdf
2014,2014100102,小倉,1,2,2014-02-09,12,1;2;3;4;5;6;7;8;9;10;11;12,,https://www.jra.go.jp/datafile/seiseki/report/2014/2014-1kokura2.pdf
2014,2014100103,小倉,1,3,2014-02-15,12,1;2;3;4;5;6;7;8;9;10;11;12,,https://www.jra.go.jp/datafile/seiseki/report/2014/2014-1kokura3.pdf
2014,2014100104,小倉,1,4,2014-02-16,12,1;2;3;4;5;6;7;8;9;10;11;12,,https://www.jra.go.jp/datafile/seiseki/report/2014/2014-1kokura4.pdf
2014,2014100105,小倉,1,5,2014-02-22,12,1;2;3;4;5;6;7;8;9;10;11;12,,https://www.jra.go.jp/datafile/seiseki/report/2014/2014-1kokura5.pdf
2014,2014100106,小倉,1,6,2014-02-23,12,1;2;3;4;5;6;7;8;9;10;11;12,,https://www.jra.go.jp/datafile/seiseki/report/2014/2014-1kokura6.pdf
2014,2014100107,小倉,1,7,2014-03-01,12,1;2;3;4;5;6;7;8;9;10;11;12,,https://www.jra.go.jp/datafile/seiseki/report/2014/2014-1kokura7.pdf
2014,2014100108,小倉,1,8,2014-03-02,12,1;2;3;4;5;6;7;8;9;10;11;12,,https://www.jra.go.jp/datafile/seiseki/report/2014/2014-1kokura8.pdf
2014,2014100201,小倉,2,1,2014-08-02,12,1;2;3;4;5;6;7;8;9;10;11;12,,https://www.jra.go.jp/datafile/seiseki/report/2014/2014-2kokura1.pdf
2014,2014100202,小倉,2,2,2014-08-03,12,1;2;3;4;5;6;7;8;9;10;11;12,,https://www.jra.go.jp/datafile/seiseki/report/2014/2014-2kokura2.pdf
2014,2014100203,小倉,2,3,2014-08-09,12,1;2;3;4;5;6;7;8;9;10;11;12,,https://www.jra.go.jp/datafile/seiseki/report/2014/2014-2kokura3.pdf
2014,2014100204,小倉,2,4,2014-08-10,12,1;2;3;4;5;6;7;8;9;10;11;12,,https://www.jra.go.jp/datafile/seiseki/report/2014/2014-2kokura4.pdf
2014,2014100205,小倉,2,5,2014-08-16,12,1;2;3;4;5;6;7;8;9;10;11;12,,https://www.jra.go.jp/datafile/seiseki/report/2014/2014-2kokura5.pdf
2014,2014100206,小倉,2,6,2014-08-17,12,1;2;3;4;5;6;7;8;9;10;11;12,,https://www.jra.go.jp/datafile/seiseki/report/2014/2014-2kokura6.pdf
2014,2014100207,小倉,2,7,2014-08-23,12,1;2;3;4;5;6;7;8;9;10;11;12,,https://www.jra.go.jp/datafile/seiseki/report/2014/2014-2kokura7.pdf
2014,2014100208,小倉,2,8,2014-08-24,12,1;2;3;4;5;6;7;8;9;10;11;12,,https://www.jra.go.jp/datafile/seiseki/report/2014/2014-2kokura8.pdf
2014,2014100209,小倉,2,9,2014-08-30,12,1;2;3;4;5;6;7;8;9;10;11;12,,https://www.jra.go.jp/datafile/seiseki/report/2014/2014-2kokura9.pdf
2014,2014100210,小倉,2,10,2014-08-31,12,1;2;3;4;5;6;7;8;9;10;11;12,,https://www.jra.go.jp/datafile/seiseki/report/2014/2014-2kokura10.pdf
2014,2014100211,小倉,2,11,2014-09-06,12,1;2;3;4;5;6;7;8;9;10;11;12,,https://www.jra.go.jp/datafile/seiseki/report/2014/2014-2kokura11.pdf
2014,2014100212,小倉,2,12,2014-09-07,12,1;2;3;4;5;6;7;8;9;10;11;12,,https://www.jra.go.jp/datafile/seiseki/report/2014/2014-2kokura12.pdf
2015,2015010101,札幌,1,1,2015-08-01,12,1;2;3;4;5;6;7;8;9;10;11;12,,https://www.jra.go.jp/datafile/seiseki/report/2015/2015-1sapporo1.pdf
2015,2015010102,札幌,1,2,2015-08-02,12,1;2;3;4;5;6;7;8;9;10;11;12,,https://www.jra.go.jp/datafile/seiseki/report/2015/2015-1sapporo2.pdf
2015,2015010103,札幌,1,3,2015-08-08,12,1;2;3;4;5;6;7;8;9;10;11;12,,https://www.jra.go.jp/datafile/seiseki/report/2015/2015-1sapporo3.pdf
2015,2015010104,札幌,1,4,2015-08-09,12,1;2;3;4;5;6;7;8;9;10;11;12,,https://www.jra.go.jp/datafile/seiseki/report/2015/2015-1sapporo4.pdf
2015,2015010105,札幌,1,5,2015-08-15,12,1;2;3;4;5;6;7;8;9;10;11;12,,https://www.jra.go.jp/datafile/seiseki/report/2015/2015-1sapporo5.pdf
2015,2015010106,札幌,1,6,2015-08-16,12,1;2;3;4;5;6;7;8;9;10;11;12,,https://www.jra.go.jp/datafile/seiseki/report/2015/2015-1sapporo6.pdf
2015,2015010201,札幌,2,1,2015-08-22,12,1;2;3;4;5;6;7;8;9;10;11;12,,https://www.jra.go.jp/datafile/seiseki/report/2015/2015-2sapporo1.pdf
2015,2015010202,札幌,2,2,2015-08-23,12,1;2;3;4;5;6;7;8;9;10;11;12,,https://www.jra.go.jp/datafile/seiseki/report/2015/2015-2sapporo2.pdf
2015,2015010203,札幌,2,3,2015-08-29,12,1;2;3;4;5;6;7;8;9;10;11;12,,https://www.jra.go.jp/datafile/seiseki/report/2015/2015-2sapporo3.pdf
2015,2015010204,札幌,2,4,2015-08-30,12,1;2;3;4;5;6;7;8;9;10;11;12,,https://www.jra.go.jp/datafile/seiseki/report/2015/2015-2sapporo4.pdf
2015,2015010205,札幌,2,5,2015-09-05,12,1;2;3;4;5;6;7;8;9;10;11;12,,https://www.jra.go.jp/datafile/seiseki/report/2015/2015-2sapporo5.pdf
2015,2015010206,札幌,2,6,2015-09-06,12,1;2;3;4;5;6;7;8;9;10;11;12,,https://www.jra.go.jp/datafile/seiseki/report/2015/2015-2sapporo6.pdf
2015,2015020101,函館,1,1,2015-06-20,12,1;2;3;4;5;6;7;8;9;10;11;12,,https://www.jra.go.jp/datafile/seiseki/report/2015/2015-1hakodate1.pdf
2015,2015020102,函館,1,2,2015-06-21,12,1;2;3;4;5;6;7;8;9;10;11;12,,https://www.jra.go.jp/datafile/seiseki/report/2015/2015-1hakodate2.pdf
2015,2015020103,函館,1,3,2015-06-27,12,1;2;3;4;5;6;7;8;9;10;11;12,,https://www.jra.go.jp/datafile/seiseki/report/2015/2015-1hakodate3.pdf
2015,2015020104,函館,1,4,2015-06-28,12,1;2;3;4;5;6;7;8;9;10;11;12,,https://www.jra.go.jp/datafile/seiseki/report/2015/2015-1hakodate4.pdf
2015,2015020105,函館,1,5,2015-07-04,12,1;2;3;4;5;6;7;8;9;10;11;12,,https://www.jra.go.jp/datafile/seiseki/report/2015/2015-1hakodate5.pdf
2015,2015020106,函館,1,6,2015-07-05,12,1;2;3;4;5;6;7;8;9;10;11;12,,https://www.jra.go.jp/datafile/seiseki/report/2015/2015-1hakodate6.pdf
2015,2015020201,函館,2,1,2015-07-11,12,1;2;3;4;5;6;7;8;9;10;11;12,,https://www.jra.go.jp/datafile/seiseki/report/2015/2015-2hakodate1.pdf
2015,2015020202,函館,2,2,2015-07-12,12,1;2;3;4;5;6;7;8;9;10;11;12,,https://www.jra.go.jp/datafile/seiseki/report/2015/2015-2hakodate2.pdf
2015,2015020203,函館,2,3,2015-07-18,12,1;2;3;4;5;6;7;8;9;10;11;12,,https://www.jra.go.jp/datafile/seiseki/report/2015/2015-2hakodate3.pdf
2015,2015020204,函館,2,4,2015-07-19,12,1;2;3;4;5;6;7;8;9;10;11;12,,https://www.jra.go.jp/datafile/seiseki/report/2015/2015-2hakodate4.pdf
2015,2015020205,函館,2,5,2015-07-25,12,1;2;3;4;5;6;7;8;9;10;11;12,,https://www.jra.go.jp/datafile/seiseki/report/2015/2015-2hakodate5.pdf
2015,2015020206,函館,2,6,2015-07-26,12,1;2;3;4;5;6;7;8;9;10;11;12,,https://www.jra.go.jp/datafile/seiseki/report/2015/2015-2hakodate6.pdf
2015,2015030101,福島,1,1,2015-04-11,12,1;2;3;4;5;6;7;8;9;10;11;12,,https://www.jra.go.jp/datafile/seiseki/report/2015/2015-1fukushima1.pdf
2015,2015030102,福島,1,2,2015-04-12,12,1;2;3;4;5;6;7;8;9;10;11;12,,https://www.jra.go.jp/datafile/seiseki/report/2015/2015-1fukushima2.pdf
2015,2015030103,福島,1,3,2015-04-18,12,1;2;3;4;5;6;7;8;9;10;11;12,,https://www.jra.go.jp/datafile/seiseki/report/2015/2015-1fukushima3.pdf
2015,2015030104,福島,1,4,2015-04-19,12,1;2;3;4;5;6;7;8;9;10;11;12,,https://www.jra.go.jp/datafile/seiseki/report/2015/2015-1fukushima4.pdf
2015,2015030105,福島,1,5,2015-04-25,12,1;2;3;4;5;6;7;8;9;10;11;12,,https://www.jra.go.jp/datafile/seiseki/report/2015/2015-1fukushima5.pdf
2015,2015030106,福島,1,6,2015-04-26,12,1;2;3;4;5;6;7;8;9;10;11;12,,https://www.jra.go.jp/datafile/seiseki/report/2015/2015-1fukushima6.pdf
2015,2015030201,福島,2,1,2015-07-04,12,1;2;3;4;5;6;7;8;9;10;11;12,,https://www.jra.go.jp/datafile/seiseki/report/2015/2015-2fukushima1.pdf
2015,2015030202,福島,2,2,2015-07-05,12,1;2;3;4;5;6;7;8;9;10;11;12,,https://www.jra.go.jp/datafile/seiseki/report/2015/2015-2fukushima2.pdf
2015,2015030203,福島,2,3,2015-07-11,12,1;2;3;4;5;6;7;8;9;10;11;12,,https://www.jra.go.jp/datafile/seiseki/report/2015/2015-2fukushima3.pdf
2015,2015030204,福島,2,4,2015-07-12,12,1;2;3;4;5;6;7;8;9;10;11;12,,https://www.jra.go.jp/datafile/seiseki/report/2015/2015-2fukushima4.pdf
2015,2015030205,福島,2,5,2015-07-18,12,1;2;3;4;5;6;7;8;9;10;11;12,,https://www.jra.go.jp/datafile/seiseki/report/2015/2015-2fukushima5.pdf
2015,2015030206,福島,2,6,2015-07-19,12,1;2;3;4;5;6;7;8;9;10;11;12,,https://www.jra.go.jp/datafile/seiseki/report/2015/2015-2fukushima6.pdf
2015,2015030207,福島,2,7,2015-07-25,12,1;2;3;4;5;6;7;8;9;10;11;12,,https://www.jra.go.jp/datafile/seiseki/report/2015/2015-2fukushima7.pdf
2015,2015030208,福島,2,8,2015-07-26,12,1;2;3;4;5;6;7;8;9;10;11;12,,https://www.jra.go.jp/datafile/seiseki/report/2015/2015-2fukushima8.pdf
2015,2015030301,福島,3,1,2015-10-31,12,1;2;3;4;5;6;7;8;9;10;11;12,,https://www.jra.go.jp/datafile/seiseki/report/2015/2015-3fukushima1.pdf
2015,2015030302,福島,3,2,2015-11-01,12,1;2;3;4;5;6;7;8;9;10;11;12,,https://www.jra.go.jp/datafile/seiseki/report/2015/2015-3fukushima2.pdf
2015,2015030303,福島,3,3,2015-11-07,12,1;2;3;4;5;6;7;8;9;10;11;12,,https://www.jra.go.jp/datafile/seiseki/report/2015/2015-3fukushima3.pdf
2015,2015030304,福島,3,4,2015-11-08,12,1;2;3;4;5;6;7;8;9;10;11;12,,https://www.jra.go.jp/datafile/seiseki/report/2015/2015-3fukushima4.pdf
2015,2015030305,福島,3,5,2015-11-14,12,1;2;3;4;5;6;7;8;9;10;11;12,,https://www.jra.go.jp/datafile/seiseki/report/2015/2015-3fukushima5.pdf
2015,2015030306,福島,3,6,2015-11-15,12,1;2;3;4;5;6;7;8;9;10;11;12,,https://www.jra.go.jp/datafile/seiseki/report/2015/2015-3fukushima6.pdf
2015,2015040101,新潟,1,1,2015-05-02,12,1;2;3;4;5;6;7;8;9;10;11;12,,https://www.jra.go.jp/datafile/seiseki/report/2015/2015-1niigata1.pdf
2015,2015040102,新潟,1,2,2015-05-03,12,1;2;3;4;5;6;7;8;9;10;11;12,,https://www.jra.go.jp/datafile/seiseki/report/2015/2015-1niigata2.pdf
2015,2015040103,新潟,1,3,2015-05-09,12,1;2;3;4;5;6;7;8;9;10;11;12,,https://www.jra.go.jp/datafile/seiseki/report/2015/2015-1niigata3.pdf
2015,2015040104,新潟,1,4,2015-05-10,12,1;2;3;4;5;6;7;8;9;10;11;12,,https://www.jra.go.jp/datafile/seiseki/report/2015/2015-1niigata4.pdf
2015,2015040105,新潟,1,5,2015-05-16,12,1;2;3;4;5;6;7;8;9;10;11;12,,https://www.jra.go.jp/datafile/seiseki/report/2015/2015-1niigata5.pdf
2015,2015040106,新潟,1,6,2015-05-17,12,1;2;3;4;5;6;7;8;9;10;11;12,,https://www.jra.go.jp/datafile/seiseki/report/2015/2015-1niigata6.pdf
2015,2015040107,新潟,1,7,2015-05-23,12,1;2;3;4;5;6;7;8;9;10;11;12,,https://www.jra.go.jp/datafile/seiseki/report/2015/2015-1niigata7.pdf
2015,2015040108,新潟,1,8,2015-05-24,12,1;2;3;4;5;6;7;8;9;10;11;12,,https://www.jra.go.jp/datafile/seiseki/report/2015/2015-1niigata8.pdf
2015,2015040201,新潟,2,1,2015-08-01,12,1;2;3;4;5;6;7;8;9;10;11;12,,https://www.jra.go.jp/datafile/seiseki/report/2015/2015-2niigata1.pdf
2015,2015040202,新潟,2,2,2015-08-02,12,1;2;3;4;5;6;7;8;9;10;11;12,,https://www.jra.go.jp/datafile/seiseki/report/2015/2015-2niigata2.pdf
2015,2015040203,新潟,2,3,2015-08-08,12,1;2;3;4;5;6;7;8;9;10;11;12,,https://www.jra.go.jp/datafile/seiseki/report/2015/2015-2niigata3.pdf
2015,2015040204,新潟,2,4,2015-08-09,12,1;2;3;4;5;6;7;8;9;10;11;12,,https://www.jra.go.jp/datafile/seiseki/report/2015/2015-2niigata4.pdf
2015,2015040205,新潟,2,5,2015-08-15,12,1;2;3;4;5;6;7;8;9;10;11;12,,https://www.jra.go.jp/datafile/seiseki/report/2015/2015-2niigata5.pdf
2015,2015040206,新潟,2,6,2015-08-16,12,1;2;3;4;5;6;7;8;9;10;11;12,,https://www.jra.go.jp/datafile/seiseki/report/2015/2015-2niigata6.pdf
2015,2015040207,新潟,2,7,2015-08-22,12,1;2;3;4;5;6;7;8;9;10;11;12,,https://www.jra.go.jp/datafile/seiseki/report/2015/2015-2niigata7.pdf
2015,2015040208,新潟,2,8,2015-08-23,12,1;2;3;4;5;6;7;8;9;10;11;12,,https://www.jra.go.jp/datafile/seiseki/report/2015/2015-2niigata8.pdf
2015,2015040209,新潟,2,9,2015-08-29,12,1;2;3;4;5;6;7;8;9;10;11;12,,https://www.jra.go.jp/datafile/seiseki/report/2015/2015-2niigata9.pdf
2015,2015040210,新潟,2,10,2015-08-30,12,1;2;3;4;5;6;7;8;9;10;11;12,,https://www.jra.go.jp/datafile/seiseki/report/2015/2015-2niigata10.pdf
2015,2015040211,新潟,2,11,2015-09-05,12,1;2;3;4;5;6;7;8;9;10;11;12,,https://www.jra.go.jp/datafile/seiseki/report/2015/2015-2niigata11.pdf
2015,2015040212,新潟,2,12,2015-09-06,12,1;2;3;4;5;6;7;8;9;10;11;12,,https://www.jra.go.jp/datafile/seiseki/report/2015/2015-2niigata12.pdf
2015,2015040301,新潟,3,1,2015-10-17,12,1;2;3;4;5;6;7;8;9;10;11;12,,https://www.jra.go.jp/datafile/seiseki/report/2015/2015-3niigata1.pdf
2015,2015040302,新潟,3,2,2015-10-18,12,1;2;3;4;5;6;7;8;9;10;11;12,,https://www.jra.go.jp/datafile/seiseki/report/2015/2015-3niigata2.pdf
2015,2015040303,新潟,3,3,2015-10-24,12,1;2;3;4;5;6;7;8;9;10;11;12,,https://www.jra.go.jp/datafile/seiseki/report/2015/2015-3niigata3.pdf
2015,2015040304,新潟,3,4,2015-10-25,12,1;2;3;4;5;6;7;8;9;10;11;12,,https://www.jra.go.jp/datafile/seiseki/report/2015/2015-3niigata4.pdf
2015,2015050101,東京,1,1,2015-01-31,12,1;2;3;4;5;6;7;8;9;10;11;12,,https://www.jra.go.jp/datafile/seiseki/report/2015/2015-1tokyo1.pdf
2015,2015050102,東京,1,2,2015-02-01,12,1;2;3;4;5;6;7;8;9;10;11;12,,https://www.jra.go.jp/datafile/seiseki/report/2015/2015-1tokyo2.pdf
2015,2015050103,東京,1,3,2015-02-07,12,1;2;3;4;5;6;7;8;9;10;11;12,,https://www.jra.go.jp/datafile/seiseki/report/2015/2015-1tokyo3.pdf
2015,2015050104,東京,1,4,2015-02-08,12,1;2;3;4;5;6;7;8;9;10;11;12,,https://www.jra.go.jp/datafile/seiseki/report/2015/2015-1tokyo4.pdf
2015,2015050105,東京,1,5,2015-02-14,12,1;2;3;4;5;6;7;8;9;10;11;12,,https://www.jra.go.jp/datafile/seiseki/report/2015/2015-1tokyo5.pdf
2015,2015050106,東京,1,6,2015-02-15,12,1;2;3;4;5;6;7;8;9;10;11;12,,https://www.jra.go.jp/datafile/seiseki/report/2015/2015-1tokyo6.pdf
2015,2015050107,東京,1,7,2015-02-21,12,1;2;3;4;5;6;7;8;9;10;11;12,,https://www.jra.go.jp/datafile/seiseki/report/2015/2015-1tokyo7.pdf
2015,2015050108,東京,1,8,2015-02-22,12,1;2;3;4;5;6;7;8;9;10;11;12,,https://www.jra.go.jp/datafile/seiseki/report/2015/2015-1tokyo8.pdf
2015,2015050201,東京,2,1,2015-04-25,12,1;2;3;4;5;6;7;8;9;10;11;12,,https://www.jra.go.jp/datafile/seiseki/report/2015/2015-2tokyo1.pdf
2015,2015050202,東京,2,2,2015-04-26,12,1;2;3;4;5;6;7;8;9;10;11;12,,https://www.jra.go.jp/datafile/seiseki/report/2015/2015-2tokyo2.pdf
2015,2015050203,東京,2,3,2015-05-02,12,1;2;3;4;5;6;7;8;9;10;11;12,,https://www.jra.go.jp/datafile/seiseki/report/2015/2015-2tokyo3.pdf
2015,2015050204,東京,2,4,2015-05-03,12,1;2;3;4;5;6;7;8;9;10;11;12,,https://www.jra.go.jp/datafile/seiseki/report/2015/2015-2tokyo4.pdf
2015,2015050205,東京,2,5,2015-05-09,12,1;2;3;4;5;6;7;8;9;10;11;12,,https://www.jra.go.jp/datafile/seiseki/report/2015/2015-2tokyo5.pdf
2015,2015050206,東京,2,6,2015-05-10,12,1;2;3;4;5;6;7;8;9;10;11;12,,https://www.jra.go.jp/datafile/seiseki/report/2015/2015-2tokyo6.pdf
2015,2015050207,東京,2,7,2015-05-16,12,1;2;3;4;5;6;7;8;9;10;11;12,,https://www.jra.go.jp/datafile/seiseki/report/2015/2015-2tokyo7.pdf
2015,2015050208,東京,2,8,2015-05-17,12,1;2;3;4;5;6;7;8;9;10;11;12,,https://www.jra.go.jp/datafile/seiseki/report/2015/2015-2tokyo8.pdf
2015,2015050209,東京,2,9,2015-05-23,12,1;2;3;4;5;6;7;8;9;10;11;12,,https://www.jra.go.jp/datafile/seiseki/report/2015/2015-2tokyo9.pdf
2015,2015050210,東京,2,10,2015-05-24,12,1;2;3;4;5;6;7;8;9;10;11;12,,https://www.jra.go.jp/datafile/seiseki/report/2015/2015-2tokyo10.pdf
2015,2015050211,東京,2,11,2015-05-30,12,1;2;3;4;5;6;7;8;9;10;11;12,,https://www.jra.go.jp/datafile/seiseki/report/2015/2015-2tokyo11.pdf
2015,2015050212,東京,2,12,2015-05-31,12,1;2;3;4;5;6;7;8;9;10;11;12,,https://www.jra.go.jp/datafile/seiseki/report/2015/2015-2tokyo12.pdf
2015,2015050301,東京,3,1,2015-06-06,12,1;2;3;4;5;6;7;8;9;10;11;12,,https://www.jra.go.jp/datafile/seiseki/report/2015/2015-3tokyo1.pdf
2015,2015050302,東京,3,2,2015-06-07,12,1;2;3;4;5;6;7;8;9;10;11;12,,https://www.jra.go.jp/datafile/seiseki/report/2015/2015-3tokyo2.pdf
2015,2015050303,東京,3,3,2015-06-13,12,1;2;3;4;5;6;7;8;9;10;11;12,,https://www.jra.go.jp/datafile/seiseki/report/2015/2015-3tokyo3.pdf
2015,2015050304,東京,3,4,2015-06-14,12,1;2;3;4;5;6;7;8;9;10;11;12,,https://www.jra.go.jp/datafile/seiseki/report/2015/2015-3tokyo4.pdf
2015,2015050305,東京,3,5,2015-06-20,12,1;2;3;4;5;6;7;8;9;10;11;12,,https://www.jra.go.jp/datafile/seiseki/report/2015/2015-3tokyo5.pdf
2015,2015050306,東京,3,6,2015-06-21,12,1;2;3;4;5;6;7;8;9;10;11;12,,https://www.jra.go.jp/datafile/seiseki/report/2015/2015-3tokyo6.pdf
2015,2015050307,東京,3,7,2015-06-27,12,1;2;3;4;5;6;7;8;9;10;11;12,,https://www.jra.go.jp/datafile/seiseki/report/2015/2015-3tokyo7.pdf
2015,2015050308,東京,3,8,2015-06-28,12,1;2;3;4;5;6;7;8;9;10;11;12,,https://www.jra.go.jp/datafile/seiseki/report/2015/2015-3tokyo8.pdf
2015,2015050401,東京,4,1,2015-10-10,12,1;2;3;4;5;6;7;8;9;10;11;12,,https://www.jra.go.jp/datafile/seiseki/report/2015/2015-4tokyo1.pdf
2015,2015050402,東京,4,2,2015-10-11,12,1;2;3;4;5;6;7;8;9;10;11;12,,https://www.jra.go.jp/datafile/seiseki/report/2015/2015-4tokyo2.pdf
2015,2015050403,東京,4,3,2015-10-12,12,1;2;3;4;5;6;7;8;9;10;11;12,,https://www.jra.go.jp/datafile/seiseki/report/2015/2015-4tokyo3.pdf
2015,2015050404,東京,4,4,2015-10-17,12,1;2;3;4;5;6;7;8;9;10;11;12,,https://www.jra.go.jp/datafile/seiseki/report/2015/2015-4tokyo4.pdf
2015,2015050405,東京,4,5,2015-10-18,12,1;2;3;4;5;6;7;8;9;10;11;12,,https://www.jra.go.jp/datafile/seiseki/report/2015/2015-4tokyo5.pdf
2015,2015050406,東京,4,6,2015-10-24,12,1;2;3;4;5;6;7;8;9;10;11;12,,https://www.jra.go.jp/datafile/seiseki/report/2015/2015-4tokyo6.pdf
2015,2015050407,東京,4,7,2015-10-25,12,1;2;3;4;5;6;7;8;9;10;11;12,,https://www.jra.go.jp/datafile/seiseki/report/2015/2015-4tokyo7.pdf
2015,2015050408,東京,4,8,2015-10-31,12,1;2;3;4;5;6;7;8;9;10;11;12,,https://www.jra.go.jp/datafile/seiseki/report/2015/2015-4tokyo8.pdf
2015,2015050409,東京,4,9,2015-11-01,12,1;2;3;4;5;6;7;8;9;10;11;12,,https://www.jra.go.jp/datafile/seiseki/report/2015/2015-4tokyo9.pdf
2015,2015050501,東京,5,1,2015-11-07,12,1;2;3;4;5;6;7;8;9;10;11;12,,https://www.jra.go.jp/datafile/seiseki/report/2015/2015-5tokyo1.pdf
2015,2015050502,東京,5,2,2015-11-08,12,1;2;3;4;5;6;7;8;9;10;11;12,,https://www.jra.go.jp/datafile/seiseki/report/2015/2015-5tokyo2.pdf
2015,2015050503,東京,5,3,2015-11-14,12,1;2;3;4;5;6;7;8;9;10;11;12,,https://www.jra.go.jp/datafile/seiseki/report/2015/2015-5tokyo3.pdf
2015,2015050504,東京,5,4,2015-11-15,12,1;2;3;4;5;6;7;8;9;10;11;12,,https://www.jra.go.jp/datafile/seiseki/report/2015/2015-5tokyo4.pdf
2015,2015050505,東京,5,5,2015-11-21,12,1;2;3;4;5;6;7;8;9;10;11;12,,https://www.jra.go.jp/datafile/seiseki/report/2015/2015-5tokyo5.pdf
2015,2015050506,東京,5,6,2015-11-22,12,1;2;3;4;5;6;7;8;9;10;11;12,,https://www.jra.go.jp/datafile/seiseki/report/2015/2015-5tokyo6.pdf
2015,2015050507,東京,5,7,2015-11-23,12,1;2;3;4;5;6;7;8;9;10;11;12,,https://www.jra.go.jp/datafile/seiseki/report/2015/2015-5tokyo7.pdf
2015,2015050508,東京,5,8,2015-11-28,12,1;2;3;4;5;6;7;8;9;10;11;12,,https://www.jra.go.jp/datafile/seiseki/report/2015/2015-5tokyo8.pdf
2015,2015050509,東京,5,9,2015-11-29,11,1;2;3;4;5;6;7;8;9;10;11,12,https://www.jra.go.jp/datafile/seiseki/report/2015/2015-5tokyo9.pdf
2015,2015060101,中山,1,1,2015-01-04,12,1;2;3;4;5;6;7;8;9;10;11;12,,https://www.jra.go.jp/datafile/seiseki/report/2015/2015-1nakayama1.pdf
2015,2015060102,中山,1,2,2015-01-05,12,1;2;3;4;5;6;7;8;9;10;11;12,,https://www.jra.go.jp/datafile/seiseki/report/2015/2015-1nakayama2.pdf
2015,2015060103,中山,1,3,2015-01-10,12,1;2;3;4;5;6;7;8;9;10;11;12,,https://www.jra.go.jp/datafile/seiseki/report/2015/2015-1nakayama3.pdf
2015,2015060104,中山,1,4,2015-01-11,12,1;2;3;4;5;6;7;8;9;10;11;12,,https://www.jra.go.jp/datafile/seiseki/report/2015/2015-1nakayama4.pdf
2015,2015060105,中山,1,5,2015-01-12,12,1;2;3;4;5;6;7;8;9;10;11;12,,https://www.jra.go.jp/datafile/seiseki/report/2015/2015-1nakayama5.pdf
2015,2015060106,中山,1,6,2015-01-17,12,1;2;3;4;5;6;7;8;9;10;11;12,,https://www.jra.go.jp/datafile/seiseki/report/2015/2015-1nakayama6.pdf
2015,2015060107,中山,1,7,2015-01-18,12,1;2;3;4;5;6;7;8;9;10;11;12,,https://www.jra.go.jp/datafile/seiseki/report/2015/2015-1nakayama7.pdf
2015,2015060108,中山,1,8,2015-01-24,12,1;2;3;4;5;6;7;8;9;10;11;12,,https://www.jra.go.jp/datafile/seiseki/report/2015/2015-1nakayama8.pdf
2015,2015060109,中山,1,9,2015-01-25,12,1;2;3;4;5;6;7;8;9;10;11;12,,https://www.jra.go.jp/datafile/seiseki/report/2015/2015-1nakayama9.pdf
2015,2015060201,中山,2,1,2015-02-28,12,1;2;3;4;5;6;7;8;9;10;11;12,,https://www.jra.go.jp/datafile/seiseki/report/2015/2015-2nakayama1.pdf
2015,2015060202,中山,2,2,2015-03-01,12,1;2;3;4;5;6;7;8;9;10;11;12,,https://www.jra.go.jp/datafile/seiseki/report/2015/2015-2nakayama2.pdf
2015,2015060203,中山,2,3,2015-03-07,12,1;2;3;4;5;6;7;8;9;10;11;12,,https://www.jra.go.jp/datafile/seiseki/report/2015/2015-2nakayama3.pdf
2015,2015060204,中山,2,4,2015-03-08,12,1;2;3;4;5;6;7;8;9;10;11;12,,https://www.jra.go.jp/datafile/seiseki/report/2015/2015-2nakayama4.pdf
2015,2015060205,中山,2,5,2015-03-14,12,1;2;3;4;5;6;7;8;9;10;11;12,,https://www.jra.go.jp/datafile/seiseki/report/2015/2015-2nakayama5.pdf
2015,2015060206,中山,2,6,2015-03-15,12,1;2;3;4;5;6;7;8;9;10;11;12,,https://www.jra.go.jp/datafile/seiseki/report/2015/2015-2nakayama6.pdf
2015,2015060207,中山,2,7,2015-03-21,12,1;2;3;4;5;6;7;8;9;10;11;12,,https://www.jra.go.jp/datafile/seiseki/report/2015/2015-2nakayama7.pdf
2015,2015060208,中山,2,8,2015-03-22,12,1;2;3;4;5;6;7;8;9;10;11;12,,https://www.jra.go.jp/datafile/seiseki/report/2015/2015-2nakayama8.pdf
2015,2015060301,中山,3,1,2015-03-28,12,1;2;3;4;5;6;7;8;9;10;11;12,,https://www.jra.go.jp/datafile/seiseki/report/2015/2015-3nakayama1.pdf
2015,2015060302,中山,3,2,2015-03-29,12,1;2;3;4;5;6;7;8;9;10;11;12,,https://www.jra.go.jp/datafile/seiseki/report/2015/2015-3nakayama2.pdf
2015,2015060303,中山,3,3,2015-04-04,12,1;2;3;4;5;6;7;8;9;10;11;12,,https://www.jra.go.jp/datafile/seiseki/report/2015/2015-3nakayama3.pdf
2015,2015060304,中山,3,4,2015-04-05,12,1;2;3;4;5;6;7;8;9;10;11;12,,https://www.jra.go.jp/datafile/seiseki/report/2015/2015-3nakayama4.pdf
2015,2015060305,中山,3,5,2015-04-11,12,1;2;3;4;5;6;7;8;9;10;11;12,,https://www.jra.go.jp/datafile/seiseki/report/2015/2015-3nakayama5.pdf
2015,2015060306,中山,3,6,2015-04-12,12,1;2;3;4;5;6;7;8;9;10;11;12,,https://www.jra.go.jp/datafile/seiseki/report/2015/2015-3nakayama6.pdf
2015,2015060307,中山,3,7,2015-04-18,12,1;2;3;4;5;6;7;8;9;10;11;12,,https://www.jra.go.jp/datafile/seiseki/report/2015/2015-3nakayama7.pdf
2015,2015060308,中山,3,8,2015-04-19,12,1;2;3;4;5;6;7;8;9;10;11;12,,https://www.jra.go.jp/datafile/seiseki/report/2015/2015-3nakayama8.pdf
2015,2015060401,中山,4,1,2015-09-12,12,1;2;3;4;5;6;7;8;9;10;11;12,,https://www.jra.go.jp/datafile/seiseki/report/2015/2015-4nakayama1.pdf
2015,2015060402,中山,4,2,2015-09-13,12,1;2;3;4;5;6;7;8;9;10;11;12,,https://www.jra.go.jp/datafile/seiseki/report/2015/2015-4nakayama2.pdf
2015,2015060403,中山,4,3,2015-09-19,12,1;2;3;4;5;6;7;8;9;10;11;12,,https://www.jra.go.jp/datafile/seiseki/report/2015/2015-4nakayama3.pdf
2015,2015060404,中山,4,4,2015-09-20,12,1;2;3;4;5;6;7;8;9;10;11;12,,https://www.jra.go.jp/datafile/seiseki/report/2015/2015-4nakayama4.pdf
2015,2015060405,中山,4,5,2015-09-21,12,1;2;3;4;5;6;7;8;9;10;11;12,,https://www.jra.go.jp/datafile/seiseki/report/2015/2015-4nakayama5.pdf
2015,2015060406,中山,4,6,2015-09-26,12,1;2;3;4;5;6;7;8;9;10;11;12,,https://www.jra.go.jp/datafile/seiseki/report/2015/2015-4nakayama6.pdf
2015,2015060407,中山,4,7,2015-09-27,12,1;2;3;4;5;6;7;8;9;10;11;12,,https://www.jra.go.jp/datafile/seiseki/report/2015/2015-4nakayama7.pdf
2015,2015060408,中山,4,8,2015-10-03,12,1;2;3;4;5;6;7;8;9;10;11;12,,https://www.jra.go.jp/datafile/seiseki/report/2015/2015-4nakayama8.pdf
2015,2015060409,中山,4,9,2015-10-04,12,1;2;3;4;5;6;7;8;9;10;11;12,,https://www.jra.go.jp/datafile/seiseki/report/2015/2015-4nakayama9.pdf
2015,2015060501,中山,5,1,2015-12-05,12,1;2;3;4;5;6;7;8;9;10;11;12,,https://www.jra.go.jp/datafile/seiseki/report/2015/2015-5nakayama1.pdf
2015,2015060502,中山,5,2,2015-12-06,12,1;2;3;4;5;6;7;8;9;10;11;12,,https://www.jra.go.jp/datafile/seiseki/report/2015/2015-5nakayama2.pdf
2015,2015060503,中山,5,3,2015-12-12,12,1;2;3;4;5;6;7;8;9;10;11;12,,https://www.jra.go.jp/datafile/seiseki/report/2015/2015-5nakayama3.pdf
2015,2015060504,中山,5,4,2015-12-13,12,1;2;3;4;5;6;7;8;9;10;11;12,,https://www.jra.go.jp/datafile/seiseki/report/2015/2015-5nakayama4.pdf
2015,2015060505,中山,5,5,2015-12-19,12,1;2;3;4;5;6;7;8;9;10;11;12,,https://www.jra.go.jp/datafile/seiseki/report/2015/2015-5nakayama5.pdf
2015,2015060506,中山,5,6,2015-12-20,12,1;2;3;4;5;6;7;8;9;10;11;12,,https://www.jra.go.jp/datafile/seiseki/report/2015/2015-5nakayama6.pdf
2015,2015060507,中山,5,7,2015-12-26,12,1;2;3;4;5;6;7;8;9;10;11;12,,https://www.jra.go.jp/datafile/seiseki/report/2015/2015-5nakayama7.pdf
2015,2015060508,中山,5,8,2015-12-27,11,1;2;3;4;5;6;7;8;9;10;11,12,https://www.jra.go.jp/datafile/seiseki/report/2015/2015-5nakayama8.pdf
2015,2015070101,中京,1,1,2015-01-17,12,1;2;3;4;5;6;7;8;9;10;11;12,,https://www.jra.go.jp/datafile/seiseki/report/2015/2015-1chukyo1.pdf
2015,2015070102,中京,1,2,2015-01-18,12,1;2;3;4;5;6;7;8;9;10;11;12,,https://www.jra.go.jp/datafile/seiseki/report/2015/2015-1chukyo2.pdf
2015,2015070103,中京,1,3,2015-01-24,12,1;2;3;4;5;6;7;8;9;10;11;12,,https://www.jra.go.jp/datafile/seiseki/report/2015/2015-1chukyo3.pdf
2015,2015070104,中京,1,4,2015-01-25,12,1;2;3;4;5;6;7;8;9;10;11;12,,https://www.jra.go.jp/datafile/seiseki/report/2015/2015-1chukyo4.pdf
2015,2015070201,中京,2,1,2015-03-14,12,1;2;3;4;5;6;7;8;9;10;11;12,,https://www.jra.go.jp/datafile/seiseki/report/2015/2015-2chukyo1.pdf
2015,2015070202,中京,2,2,2015-03-15,12,1;2;3;4;5;6;7;8;9;10;11;12,,https://www.jra.go.jp/datafile/seiseki/report/2015/2015-2chukyo2.pdf
2015,2015070203,中京,2,3,2015-03-21,12,1;2;3;4;5;6;7;8;9;10;11;12,,https://www.jra.go.jp/datafile/seiseki/report/2015/2015-2chukyo3.pdf
2015,2015070204,中京,2,4,2015-03-22,12,1;2;3;4;5;6;7;8;9;10;11;12,,https://www.jra.go.jp/datafile/seiseki/report/2015/2015-2chukyo4.pdf
2015,2015070205,中京,2,5,2015-03-28,12,1;2;3;4;5;6;7;8;9;10;11;12,,https://www.jra.go.jp/datafile/seiseki/report/2015/2015-2chukyo5.pdf
2015,2015070206,中京,2,6,2015-03-29,12,1;2;3;4;5;6;7;8;9;10;11;12,,https://www.jra.go.jp/datafile/seiseki/report/2015/2015-2chukyo6.pdf
2015,2015070301,中京,3,1,2015-07-04,12,1;2;3;4;5;6;7;8;9;10;11;12,,https://www.jra.go.jp/datafile/seiseki/report/2015/2015-3chukyo1.pdf
2015,2015070302,中京,3,2,2015-07-05,12,1;2;3;4;5;6;7;8;9;10;11;12,,https://www.jra.go.jp/datafile/seiseki/report/2015/2015-3chukyo2.pdf
2015,2015070303,中京,3,3,2015-07-11,12,1;2;3;4;5;6;7;8;9;10;11;12,,https://www.jra.go.jp/datafile/seiseki/report/2015/2015-3chukyo3.pdf
2015,2015070304,中京,3,4,2015-07-12,12,1;2;3;4;5;6;7;8;9;10;11;12,,https://www.jra.go.jp/datafile/seiseki/report/2015/2015-3chukyo4.pdf
2015,2015070305,中京,3,5,2015-07-18,12,1;2;3;4;5;6;7;8;9;10;11;12,,https://www.jra.go.jp/datafile/seiseki/report/2015/2015-3chukyo5.pdf
2015,2015070306,中京,3,6,2015-07-19,12,1;2;3;4;5;6;7;8;9;10;11;12,,https://www.jra.go.jp/datafile/seiseki/report/2015/2015-3chukyo6.pdf
2015,2015070307,中京,3,7,2015-07-25,12,1;2;3;4;5;6;7;8;9;10;11;12,,https://www.jra.go.jp/datafile/seiseki/report/2015/2015-3chukyo7.pdf
2015,2015070308,中京,3,8,2015-07-26,12,1;2;3;4;5;6;7;8;9;10;11;12,,https://www.jra.go.jp/datafile/seiseki/report/2015/2015-3chukyo8.pdf
2015,2015070401,中京,4,1,2015-12-05,12,1;2;3;4;5;6;7;8;9;10;11;12,,https://www.jra.go.jp/datafile/seiseki/report/2015/2015-4chukyo1.pdf
2015,2015070402,中京,4,2,2015-12-06,12,1;2;3;4;5;6;7;8;9;10;11;12,,https://www.jra.go.jp/datafile/seiseki/report/2015/2015-4chukyo2.pdf
2015,2015070403,中京,4,3,2015-12-12,12,1;2;3;4;5;6;7;8;9;10;11;12,,https://www.jra.go.jp/datafile/seiseki/report/2015/2015-4chukyo3.pdf
2015,2015070404,中京,4,4,2015-12-13,12,1;2;3;4;5;6;7;8;9;10;11;12,,https://www.jra.go.jp/datafile/seiseki/report/2015/2015-4chukyo4.pdf
2015,2015070405,中京,4,5,2015-12-19,12,1;2;3;4;5;6;7;8;9;10;11;12,,https://www.jra.go.jp/datafile/seiseki/report/2015/2015-4chukyo5.pdf
2015,2015070406,中京,4,6,2015-12-20,12,1;2;3;4;5;6;7;8;9;10;11;12,,https://www.jra.go.jp/datafile/seiseki/report/2015/2015-4chukyo6.pdf
2015,2015080101,京都,1,1,2015-01-04,12,1;2;3;4;5;6;7;8;9;10;11;12,,https://www.jra.go.jp/datafile/seiseki/report/2015/2015-1kyoto1.pdf
2015,2015080102,京都,1,2,2015-01-05,12,1;2;3;4;5;6;7;8;9;10;11;12,,https://www.jra.go.jp/datafile/seiseki/report/2015/2015-1kyoto2.pdf
2015,2015080103,京都,1,3,2015-01-10,12,1;2;3;4;5;6;7;8;9;10;11;12,,https://www.jra.go.jp/datafile/seiseki/report/2015/2015-1kyoto3.pdf
2015,2015080104,京都,1,4,2015-01-11,12,1;2;3;4;5;6;7;8;9;10;11;12,,https://www.jra.go.jp/datafile/seiseki/report/2015/2015-1kyoto4.pdf
2015,2015080105,京都,1,5,2015-01-12,12,1;2;3;4;5;6;7;8;9;10;11;12,,https://www.jra.go.jp/datafile/seiseki/report/2015/2015-1kyoto5.pdf
2015,2015080106,京都,1,6,2015-01-17,12,1;2;3;4;5;6;7;8;9;10;11;12,,https://www.jra.go.jp/datafile/seiseki/report/2015/2015-1kyoto6.pdf
2015,2015080107,京都,1,7,2015-01-18,12,1;2;3;4;5;6;7;8;9;10;11;12,,https://www.jra.go.jp/datafile/seiseki/report/2015/2015-1kyoto7.pdf
2015,2015080108,京都,1,8,2015-01-24,12,1;2;3;4;5;6;7;8;9;10;11;12,,https://www.jra.go.jp/datafile/seiseki/report/2015/2015-1kyoto8.pdf
2015,2015080109,京都,1,9,2015-01-25,12,1;2;3;4;5;6;7;8;9;10;11;12,,https://www.jra.go.jp/datafile/seiseki/report/2015/2015-1kyoto9.pdf
2015,2015080201,京都,2,1,2015-01-31,12,1;2;3;4;5;6;7;8;9;10;11;12,,https://www.jra.go.jp/datafile/seiseki/report/2015/2015-2kyoto1.pdf
2015,2015080202,京都,2,2,2015-02-01,12,1;2;3;4;5;6;7;8;9;10;11;12,,https://www.jra.go.jp/datafile/seiseki/report/2015/2015-2kyoto2.pdf
2015,2015080203,京都,2,3,2015-02-07,12,1;2;3;4;5;6;7;8;9;10;11;12,,https://www.jra.go.jp/datafile/seiseki/report/2015/2015-2kyoto3.pdf
2015,2015080204,京都,2,4,2015-02-08,12,1;2;3;4;5;6;7;8;9;10;11;12,,https://www.jra.go.jp/datafile/seiseki/report/2015/2015-2kyoto4.pdf
2015,2015080205,京都,2,5,2015-02-14,12,1;2;3;4;5;6;7;8;9;10;11;12,,https://www.jra.go.jp/datafile/seiseki/report/2015/2015-2kyoto5.pdf
2015,2015080206,京都,2,6,2015-02-15,12,1;2;3;4;5;6;7;8;9;10;11;12,,https://www.jra.go.jp/datafile/seiseki/report/2015/2015-2kyoto6.pdf
2015,2015080207,京都,2,7,2015-02-21,12,1;2;3;4;5;6;7;8;9;10;11;12,,https://www.jra.go.jp/datafile/seiseki/report/2015/2015-2kyoto7.pdf
2015,2015080208,京都,2,8,2015-02-22,12,1;2;3;4;5;6;7;8;9;10;11;12,,https://www.jra.go.jp/datafile/seiseki/report/2015/2015-2kyoto8.pdf
2015,2015080301,京都,3,1,2015-04-25,12,1;2;3;4;5;6;7;8;9;10;11;12,,https://www.jra.go.jp/datafile/seiseki/report/2015/2015-3kyoto1.pdf
2015,2015080302,京都,3,2,2015-04-26,12,1;2;3;4;5;6;7;8;9;10;11;12,,https://www.jra.go.jp/datafile/seiseki/report/2015/2015-3kyoto2.pdf
2015,2015080303,京都,3,3,2015-05-02,12,1;2;3;4;5;6;7;8;9;10;11;12,,https://www.jra.go.jp/datafile/seiseki/report/2015/2015-3kyoto3.pdf
2015,2015080304,京都,3,4,2015-05-03,12,1;2;3;4;5;6;7;8;9;10;11;12,,https://www.jra.go.jp/datafile/seiseki/report/2015/2015-3kyoto4.pdf
2015,2015080305,京都,3,5,2015-05-09,12,1;2;3;4;5;6;7;8;9;10;11;12,,https://www.jra.go.jp/datafile/seiseki/report/2015/2015-3kyoto5.pdf
2015,2015080306,京都,3,6,2015-05-10,12,1;2;3;4;5;6;7;8;9;10;11;12,,https://www.jra.go.jp/datafile/seiseki/report/2015/2015-3kyoto6.pdf
2015,2015080307,京都,3,7,2015-05-16,12,1;2;3;4;5;6;7;8;9;10;11;12,,https://www.jra.go.jp/datafile/seiseki/report/2015/2015-3kyoto7.pdf
2015,2015080308,京都,3,8,2015-05-17,12,1;2;3;4;5;6;7;8;9;10;11;12,,https://www.jra.go.jp/datafile/seiseki/report/2015/2015-3kyoto8.pdf
2015,2015080309,京都,3,9,2015-05-23,12,1;2;3;4;5;6;7;8;9;10;11;12,,https://www.jra.go.jp/datafile/seiseki/report/2015/2015-3kyoto9.pdf
2015,2015080310,京都,3,10,2015-05-24,12,1;2;3;4;5;6;7;8;9;10;11;12,,https://www.jra.go.jp/datafile/seiseki/report/2015/2015-3kyoto10.pdf
2015,2015080311,京都,3,11,2015-05-30,12,1;2;3;4;5;6;7;8;9;10;11;12,,https://www.jra.go.jp/datafile/seiseki/report/2015/2015-3kyoto11.pdf
2015,2015080312,京都,3,12,2015-05-31,12,1;2;3;4;5;6;7;8;9;10;11;12,,https://www.jra.go.jp/datafile/seiseki/report/2015/2015-3kyoto12.pdf
2015,2015080401,京都,4,1,2015-10-10,12,1;2;3;4;5;6;7;8;9;10;11;12,,https://www.jra.go.jp/datafile/seiseki/report/2015/2015-4kyoto1.pdf
2015,2015080402,京都,4,2,2015-10-11,12,1;2;3;4;5;6;7;8;9;10;11;12,,https://www.jra.go.jp/datafile/seiseki/report/2015/2015-4kyoto2.pdf
2015,2015080403,京都,4,3,2015-10-12,12,1;2;3;4;5;6;7;8;9;10;11;12,,https://www.jra.go.jp/datafile/seiseki/report/2015/2015-4kyoto3.pdf
2015,2015080404,京都,4,4,2015-10-17,12,1;2;3;4;5;6;7;8;9;10;11;12,,https://www.jra.go.jp/datafile/seiseki/report/2015/2015-4kyoto4.pdf
2015,2015080405,京都,4,5,2015-10-18,12,1;2;3;4;5;6;7;8;9;10;11;12,,https://www.jra.go.jp/datafile/seiseki/report/2015/2015-4kyoto5.pdf
2015,2015080406,京都,4,6,2015-10-24,12,1;2;3;4;5;6;7;8;9;10;11;12,,https://www.jra.go.jp/datafile/seiseki/report/2015/2015-4kyoto6.pdf
2015,2015080407,京都,4,7,2015-10-25,12,1;2;3;4;5;6;7;8;9;10;11;12,,https://www.jra.go.jp/datafile/seiseki/report/2015/2015-4kyoto7.pdf
2015,2015080408,京都,4,8,2015-10-31,12,1;2;3;4;5;6;7;8;9;10;11;12,,https://www.jra.go.jp/datafile/seiseki/report/2015/2015-4kyoto8.pdf
2015,2015080409,京都,4,9,2015-11-01,12,1;2;3;4;5;6;7;8;9;10;11;12,,https://www.jra.go.jp/datafile/seiseki/report/2015/2015-4kyoto9.pdf
2015,2015080501,京都,5,1,2015-11-07,12,1;2;3;4;5;6;7;8;9;10;11;12,,https://www.jra.go.jp/datafile/seiseki/report/2015/2015-5kyoto1.pdf
2015,2015080502,京都,5,2,2015-11-08,12,1;2;3;4;5;6;7;8;9;10;11;12,,https://www.jra.go.jp/datafile/seiseki/report/2015/2015-5kyoto2.pdf
2015,2015080503,京都,5,3,2015-11-14,12,1;2;3;4;5;6;7;8;9;10;11;12,,https://www.jra.go.jp/datafile/seiseki/report/2015/2015-5kyoto3.pdf
2015,2015080504,京都,5,4,2015-11-15,12,1;2;3;4;5;6;7;8;9;10;11;12,,https://www.jra.go.jp/datafile/seiseki/report/2015/2015-5kyoto4.pdf
2015,2015080505,京都,5,5,2015-11-21,12,1;2;3;4;5;6;7;8;9;10;11;12,,https://www.jra.go.jp/datafile/seiseki/report/2015/2015-5kyoto5.pdf
2015,2015080506,京都,5,6,2015-11-22,12,1;2;3;4;5;6;7;8;9;10;11;12,,https://www.jra.go.jp/datafile/seiseki/report/2015/2015-5kyoto6.pdf
2015,2015080507,京都,5,7,2015-11-23,12,1;2;3;4;5;6;7;8;9;10;11;12,,https://www.jra.go.jp/datafile/seiseki/report/2015/2015-5kyoto7.pdf
2015,2015080508,京都,5,8,2015-11-28,12,1;2;3;4;5;6;7;8;9;10;11;12,,https://www.jra.go.jp/datafile/seiseki/report/2015/2015-5kyoto8.pdf
2015,2015080509,京都,5,9,2015-11-29,12,1;2;3;4;5;6;7;8;9;10;11;12,,https://www.jra.go.jp/datafile/seiseki/report/2015/2015-5kyoto9.pdf
2015,2015090101,阪神,1,1,2015-02-28,12,1;2;3;4;5;6;7;8;9;10;11;12,,https://www.jra.go.jp/datafile/seiseki/report/2015/2015-1hanshin1.pdf
2015,2015090102,阪神,1,2,2015-03-01,12,1;2;3;4;5;6;7;8;9;10;11;12,,https://www.jra.go.jp/datafile/seiseki/report/2015/2015-1hanshin2.pdf
2015,2015090103,阪神,1,3,2015-03-07,12,1;2;3;4;5;6;7;8;9;10;11;12,,https://www.jra.go.jp/datafile/seiseki/report/2015/2015-1hanshin3.pdf
2015,2015090104,阪神,1,4,2015-03-08,12,1;2;3;4;5;6;7;8;9;10;11;12,,https://www.jra.go.jp/datafile/seiseki/report/2015/2015-1hanshin4.pdf
2015,2015090105,阪神,1,5,2015-03-14,12,1;2;3;4;5;6;7;8;9;10;11;12,,https://www.jra.go.jp/datafile/seiseki/report/2015/2015-1hanshin5.pdf
2015,2015090106,阪神,1,6,2015-03-15,12,1;2;3;4;5;6;7;8;9;10;11;12,,https://www.jra.go.jp/datafile/seiseki/report/2015/2015-1hanshin6.pdf
2015,2015090107,阪神,1,7,2015-03-21,12,1;2;3;4;5;6;7;8;9;10;11;12,,https://www.jra.go.jp/datafile/seiseki/report/2015/2015-1hanshin7.pdf
2015,2015090108,阪神,1,8,2015-03-22,12,1;2;3;4;5;6;7;8;9;10;11;12,,https://www.jra.go.jp/datafile/seiseki/report/2015/2015-1hanshin8.pdf
2015,2015090201,阪神,2,1,2015-03-28,12,1;2;3;4;5;6;7;8;9;10;11;12,,https://www.jra.go.jp/datafile/seiseki/report/2015/2015-2hanshin1.pdf
2015,2015090202,阪神,2,2,2015-03-29,12,1;2;3;4;5;6;7;8;9;10;11;12,,https://www.jra.go.jp/datafile/seiseki/report/2015/2015-2hanshin2.pdf
2015,2015090203,阪神,2,3,2015-04-04,12,1;2;3;4;5;6;7;8;9;10;11;12,,https://www.jra.go.jp/datafile/seiseki/report/2015/2015-2hanshin3.pdf
2015,2015090204,阪神,2,4,2015-04-05,12,1;2;3;4;5;6;7;8;9;10;11;12,,https://www.jra.go.jp/datafile/seiseki/report/2015/2015-2hanshin4.pdf
2015,2015090205,阪神,2,5,2015-04-11,12,1;2;3;4;5;6;7;8;9;10;11;12,,https://www.jra.go.jp/datafile/seiseki/report/2015/2015-2hanshin5.pdf
2015,2015090206,阪神,2,6,2015-04-12,12,1;2;3;4;5;6;7;8;9;10;11;12,,https://www.jra.go.jp/datafile/seiseki/report/2015/2015-2hanshin6.pdf
2015,2015090207,阪神,2,7,2015-04-18,12,1;2;3;4;5;6;7;8;9;10;11;12,,https://www.jra.go.jp/datafile/seiseki/report/2015/2015-2hanshin7.pdf
2015,2015090208,阪神,2,8,2015-04-19,12,1;2;3;4;5;6;7;8;9;10;11;12,,https://www.jra.go.jp/datafile/seiseki/report/2015/2015-2hanshin8.pdf
2015,2015090301,阪神,3,1,2015-06-06,12,1;2;3;4;5;6;7;8;9;10;11;12,,https://www.jra.go.jp/datafile/seiseki/report/2015/2015-3hanshin1.pdf
2015,2015090302,阪神,3,2,2015-06-07,12,1;2;3;4;5;6;7;8;9;10;11;12,,https://www.jra.go.jp/datafile/seiseki/report/2015/2015-3hanshin2.pdf
2015,2015090303,阪神,3,3,2015-06-13,12,1;2;3;4;5;6;7;8;9;10;11;12,,https://www.jra.go.jp/datafile/seiseki/report/2015/2015-3hanshin3.pdf
2015,2015090304,阪神,3,4,2015-06-14,12,1;2;3;4;5;6;7;8;9;10;11;12,,https://www.jra.go.jp/datafile/seiseki/report/2015/2015-3hanshin4.pdf
2015,2015090305,阪神,3,5,2015-06-20,12,1;2;3;4;5;6;7;8;9;10;11;12,,https://www.jra.go.jp/datafile/seiseki/report/2015/2015-3hanshin5.pdf
2015,2015090306,阪神,3,6,2015-06-21,12,1;2;3;4;5;6;7;8;9;10;11;12,,https://www.jra.go.jp/datafile/seiseki/report/2015/2015-3hanshin6.pdf
2015,2015090307,阪神,3,7,2015-06-27,12,1;2;3;4;5;6;7;8;9;10;11;12,,https://www.jra.go.jp/datafile/seiseki/report/2015/2015-3hanshin7.pdf
2015,2015090308,阪神,3,8,2015-06-28,12,1;2;3;4;5;6;7;8;9;10;11;12,,https://www.jra.go.jp/datafile/seiseki/report/2015/2015-3hanshin8.pdf
2015,2015090401,阪神,4,1,2015-09-12,12,1;2;3;4;5;6;7;8;9;10;11;12,,https://www.jra.go.jp/datafile/seiseki/report/2015/2015-4hanshin1.pdf
2015,2015090402,阪神,4,2,2015-09-13,12,1;2;3;4;5;6;7;8;9;10;11;12,,https://www.jra.go.jp/datafile/seiseki/report/2015/2015-4hanshin2.pdf
2015,2015090403,阪神,4,3,2015-09-19,12,1;2;3;4;5;6;7;8;9;10;11;12,,https://www.jra.go.jp/datafile/seiseki/report/2015/2015-4hanshin3.pdf
2015,2015090404,阪神,4,4,2015-09-20,12,1;2;3;4;5;6;7;8;9;10;11;12,,https://www.jra.go.jp/datafile/seiseki/report/2015/2015-4hanshin4.pdf
2015,2015090405,阪神,4,5,2015-09-21,12,1;2;3;4;5;6;7;8;9;10;11;12,,https://www.jra.go.jp/datafile/seiseki/report/2015/2015-4hanshin5.pdf
2015,2015090406,阪神,4,6,2015-09-26,12,1;2;3;4;5;6;7;8;9;10;11;12,,https://www.jra.go.jp/datafile/seiseki/report/2015/2015-4hanshin6.pdf
2015,2015090407,阪神,4,7,2015-09-27,12,1;2;3;4;5;6;7;8;9;10;11;12,,https://www.jra.go.jp/datafile/seiseki/report/2015/2015-4hanshin7.pdf
2015,2015090408,阪神,4,8,2015-10-03,12,1;2;3;4;5;6;7;8;9;10;11;12,,https://www.jra.go.jp/datafile/seiseki/report/2015/2015-4hanshin8.pdf
2015,2015090409,阪神,4,9,2015-10-04,12,1;2;3;4;5;6;7;8;9;10;11;12,,https://www.jra.go.jp/datafile/seiseki/report/2015/2015-4hanshin9.pdf
2015,2015090501,阪神,5,1,2015-12-05,12,1;2;3;4;5;6;7;8;9;10;11;12,,https://www.jra.go.jp/datafile/seiseki/report/2015/2015-5hanshin1.pdf
2015,2015090502,阪神,5,2,2015-12-06,12,1;2;3;4;5;6;7;8;9;10;11;12,,https://www.jra.go.jp/datafile/seiseki/report/2015/2015-5hanshin2.pdf
2015,2015090503,阪神,5,3,2015-12-12,12,1;2;3;4;5;6;7;8;9;10;11;12,,https://www.jra.go.jp/datafile/seiseki/report/2015/2015-5hanshin3.pdf
2015,2015090504,阪神,5,4,2015-12-13,12,1;2;3;4;5;6;7;8;9;10;11;12,,https://www.jra.go.jp/datafile/seiseki/report/2015/2015-5hanshin4.pdf
2015,2015090505,阪神,5,5,2015-12-19,12,1;2;3;4;5;6;7;8;9;10;11;12,,https://www.jra.go.jp/datafile/seiseki/report/2015/2015-5hanshin5.pdf
2015,2015090506,阪神,5,6,2015-12-20,12,1;2;3;4;5;6;7;8;9;10;11;12,,https://www.jra.go.jp/datafile/seiseki/report/2015/2015-5hanshin6.pdf
2015,2015090507,阪神,5,7,2015-12-26,12,1;2;3;4;5;6;7;8;9;10;11;12,,https://www.jra.go.jp/datafile/seiseki/report/2015/2015-5hanshin7.pdf
2015,2015090508,阪神,5,8,2015-12-27,12,1;2;3;4;5;6;7;8;9;10;11;12,,https://www.jra.go.jp/datafile/seiseki/report/2015/2015-5hanshin8.pdf
2015,2015100101,小倉,1,1,2015-02-07,12,1;2;3;4;5;6;7;8;9;10;11;12,,https://www.jra.go.jp/datafile/seiseki/report/2015/2015-1kokura1.pdf
2015,2015100102,小倉,1,2,2015-02-08,12,1;2;3;4;5;6;7;8;9;10;11;12,,https://www.jra.go.jp/datafile/seiseki/report/2015/2015-1kokura2.pdf
2015,2015100103,小倉,1,3,2015-02-14,12,1;2;3;4;5;6;7;8;9;10;11;12,,https://www.jra.go.jp/datafile/seiseki/report/2015/2015-1kokura3.pdf
2015,2015100104,小倉,1,4,2015-02-15,12,1;2;3;4;5;6;7;8;9;10;11;12,,https://www.jra.go.jp/datafile/seiseki/report/2015/2015-1kokura4.pdf
2015,2015100105,小倉,1,5,2015-02-21,12,1;2;3;4;5;6;7;8;9;10;11;12,,https://www.jra.go.jp/datafile/seiseki/report/2015/2015-1kokura5.pdf
2015,2015100106,小倉,1,6,2015-02-22,12,1;2;3;4;5;6;7;8;9;10;11;12,,https://www.jra.go.jp/datafile/seiseki/report/2015/2015-1kokura6.pdf
2015,2015100107,小倉,1,7,2015-02-28,12,1;2;3;4;5;6;7;8;9;10;11;12,,https://www.jra.go.jp/datafile/seiseki/report/2015/2015-1kokura7.pdf
2015,2015100108,小倉,1,8,2015-03-01,12,1;2;3;4;5;6;7;8;9;10;11;12,,https://www.jra.go.jp/datafile/seiseki/report/2015/2015-1kokura8.pdf
2015,2015100201,小倉,2,1,2015-08-01,12,1;2;3;4;5;6;7;8;9;10;11;12,,https://www.jra.go.jp/datafile/seiseki/report/2015/2015-2kokura1.pdf
2015,2015100202,小倉,2,2,2015-08-02,12,1;2;3;4;5;6;7;8;9;10;11;12,,https://www.jra.go.jp/datafile/seiseki/report/2015/2015-2kokura2.pdf
2015,2015100203,小倉,2,3,2015-08-08,12,1;2;3;4;5;6;7;8;9;10;11;12,,https://www.jra.go.jp/datafile/seiseki/report/2015/2015-2kokura3.pdf
2015,2015100204,小倉,2,4,2015-08-09,12,1;2;3;4;5;6;7;8;9;10;11;12,,https://www.jra.go.jp/datafile/seiseki/report/2015/2015-2kokura4.pdf
2015,2015100205,小倉,2,5,2015-08-15,12,1;2;3;4;5;6;7;8;9;10;11;12,,https://www.jra.go.jp/datafile/seiseki/report/2015/2015-2kokura5.pdf
2015,2015100206,小倉,2,6,2015-08-16,12,1;2;3;4;5;6;7;8;9;10;11;12,,https://www.jra.go.jp/datafile/seiseki/report/2015/2015-2kokura6.pdf
2015,2015100207,小倉,2,7,2015-08-22,12,1;2;3;4;5;6;7;8;9;10;11;12,,https://www.jra.go.jp/datafile/seiseki/report/2015/2015-2kokura7.pdf
2015,2015100208,小倉,2,8,2015-08-23,12,1;2;3;4;5;6;7;8;9;10;11;12,,https://www.jra.go.jp/datafile/seiseki/report/2015/2015-2kokura8.pdf
2015,2015100209,小倉,2,9,2015-08-29,12,1;2;3;4;5;6;7;8;9;10;11;12,,https://www.jra.go.jp/datafile/seiseki/report/2015/2015-2kokura9.pdf
2015,2015100210,小倉,2,10,2015-08-30,12,1;2;3;4;5;6;7;8;9;10;11;12,,https://www.jra.go.jp/datafile/seiseki/report/2015/2015-2kokura10.pdf
2015,2015100211,小倉,2,11,2015-09-05,12,1;2;3;4;5;6;7;8;9;10;11;12,,https://www.jra.go.jp/datafile/seiseki/report/2015/2015-2kokura11.pdf
2015,2015100212,小倉,2,12,2015-09-06,12,1;2;3;4;5;6;7;8;9;10;11;12,,https://www.jra.go.jp/datafile/seiseki/report/2015/2015-2kokura12.pdf
2016,2016010101,札幌,1,1,2016-07-30,12,1;2;3;4;5;6;7;8;9;10;11;12,,https://www.jra.go.jp/datafile/seiseki/report/2016/2016-1sapporo1.pdf
2016,2016010102,札幌,1,2,2016-07-31,12,1;2;3;4;5;6;7;8;9;10;11;12,,https://www.jra.go.jp/datafile/seiseki/report/2016/2016-1sapporo2.pdf
2016,2016010103,札幌,1,3,2016-08-06,12,1;2;3;4;5;6;7;8;9;10;11;12,,https://www.jra.go.jp/datafile/seiseki/report/2016/2016-1sapporo3.pdf
2016,2016010104,札幌,1,4,2016-08-07,12,1;2;3;4;5;6;7;8;9;10;11;12,,https://www.jra.go.jp/datafile/seiseki/report/2016/2016-1sapporo4.pdf
2016,2016010105,札幌,1,5,2016-08-13,12,1;2;3;4;5;6;7;8;9;10;11;12,,https://www.jra.go.jp/datafile/seiseki/report/2016/2016-1sapporo5.pdf
2016,2016010106,札幌,1,6,2016-08-14,12,1;2;3;4;5;6;7;8;9;10;11;12,,https://www.jra.go.jp/datafile/seiseki/report/2016/2016-1sapporo6.pdf
2016,2016010201,札幌,2,1,2016-08-20,12,1;2;3;4;5;6;7;8;9;10;11;12,,https://www.jra.go.jp/datafile/seiseki/report/2016/2016-2sapporo1.pdf
2016,2016010202,札幌,2,2,2016-08-21,12,1;2;3;4;5;6;7;8;9;10;11;12,,https://www.jra.go.jp/datafile/seiseki/report/2016/2016-2sapporo2.pdf
2016,2016010203,札幌,2,3,2016-08-27,12,1;2;3;4;5;6;7;8;9;10;11;12,,https://www.jra.go.jp/datafile/seiseki/report/2016/2016-2sapporo3.pdf
2016,2016010204,札幌,2,4,2016-08-28,12,1;2;3;4;5;6;7;8;9;10;11;12,,https://www.jra.go.jp/datafile/seiseki/report/2016/2016-2sapporo4.pdf
2016,2016010205,札幌,2,5,2016-09-03,12,1;2;3;4;5;6;7;8;9;10;11;12,,https://www.jra.go.jp/datafile/seiseki/report/2016/2016-2sapporo5.pdf
2016,2016010206,札幌,2,6,2016-09-04,12,1;2;3;4;5;6;7;8;9;10;11;12,,https://www.jra.go.jp/datafile/seiseki/report/2016/2016-2sapporo6.pdf
2016,2016020101,函館,1,1,2016-06-18,12,1;2;3;4;5;6;7;8;9;10;11;12,,https://www.jra.go.jp/datafile/seiseki/report/2016/2016-1hakodate1.pdf
2016,2016020102,函館,1,2,2016-06-19,12,1;2;3;4;5;6;7;8;9;10;11;12,,https://www.jra.go.jp/datafile/seiseki/report/2016/2016-1hakodate2.pdf
2016,2016020103,函館,1,3,2016-06-25,12,1;2;3;4;5;6;7;8;9;10;11;12,,https://www.jra.go.jp/datafile/seiseki/report/2016/2016-1hakodate3.pdf
2016,2016020104,函館,1,4,2016-06-26,12,1;2;3;4;5;6;7;8;9;10;11;12,,https://www.jra.go.jp/datafile/seiseki/report/2016/2016-1hakodate4.pdf
2016,2016020105,函館,1,5,2016-07-02,12,1;2;3;4;5;6;7;8;9;10;11;12,,https://www.jra.go.jp/datafile/seiseki/report/2016/2016-1hakodate5.pdf
2016,2016020106,函館,1,6,2016-07-03,12,1;2;3;4;5;6;7;8;9;10;11;12,,https://www.jra.go.jp/datafile/seiseki/report/2016/2016-1hakodate6.pdf
2016,2016020201,函館,2,1,2016-07-09,12,1;2;3;4;5;6;7;8;9;10;11;12,,https://www.jra.go.jp/datafile/seiseki/report/2016/2016-2hakodate1.pdf
2016,2016020202,函館,2,2,2016-07-10,12,1;2;3;4;5;6;7;8;9;10;11;12,,https://www.jra.go.jp/datafile/seiseki/report/2016/2016-2hakodate2.pdf
2016,2016020203,函館,2,3,2016-07-16,12,1;2;3;4;5;6;7;8;9;10;11;12,,https://www.jra.go.jp/datafile/seiseki/report/2016/2016-2hakodate3.pdf
2016,2016020204,函館,2,4,2016-07-17,12,1;2;3;4;5;6;7;8;9;10;11;12,,https://www.jra.go.jp/datafile/seiseki/report/2016/2016-2hakodate4.pdf
2016,2016020205,函館,2,5,2016-07-23,12,1;2;3;4;5;6;7;8;9;10;11;12,,https://www.jra.go.jp/datafile/seiseki/report/2016/2016-2hakodate5.pdf
2016,2016020206,函館,2,6,2016-07-24,12,1;2;3;4;5;6;7;8;9;10;11;12,,https://www.jra.go.jp/datafile/seiseki/report/2016/2016-2hakodate6.pdf
2016,2016030101,福島,1,1,2016-04-09,12,1;2;3;4;5;6;7;8;9;10;11;12,,https://www.jra.go.jp/datafile/seiseki/report/2016/2016-1fukushima1.pdf
2016,2016030102,福島,1,2,2016-04-10,12,1;2;3;4;5;6;7;8;9;10;11;12,,https://www.jra.go.jp/datafile/seiseki/report/2016/2016-1fukushima2.pdf
2016,2016030103,福島,1,3,2016-04-16,12,1;2;3;4;5;6;7;8;9;10;11;12,,https://www.jra.go.jp/datafile/seiseki/report/2016/2016-1fukushima3.pdf
2016,2016030104,福島,1,4,2016-04-17,12,1;2;3;4;5;6;7;8;9;10;11;12,,https://www.jra.go.jp/datafile/seiseki/report/2016/2016-1fukushima4.pdf
2016,2016030105,福島,1,5,2016-04-23,12,1;2;3;4;5;6;7;8;9;10;11;12,,https://www.jra.go.jp/datafile/seiseki/report/2016/2016-1fukushima5.pdf
2016,2016030106,福島,1,6,2016-04-24,12,1;2;3;4;5;6;7;8;9;10;11;12,,https://www.jra.go.jp/datafile/seiseki/report/2016/2016-1fukushima6.pdf
2016,2016030201,福島,2,1,2016-07-02,12,1;2;3;4;5;6;7;8;9;10;11;12,,https://www.jra.go.jp/datafile/seiseki/report/2016/2016-2fukushima1.pdf
2016,2016030202,福島,2,2,2016-07-03,12,1;2;3;4;5;6;7;8;9;10;11;12,,https://www.jra.go.jp/datafile/seiseki/report/2016/2016-2fukushima2.pdf
2016,2016030203,福島,2,3,2016-07-09,12,1;2;3;4;5;6;7;8;9;10;11;12,,https://www.jra.go.jp/datafile/seiseki/report/2016/2016-2fukushima3.pdf
2016,2016030204,福島,2,4,2016-07-10,12,1;2;3;4;5;6;7;8;9;10;11;12,,https://www.jra.go.jp/datafile/seiseki/report/2016/2016-2fukushima4.pdf
2016,2016030205,福島,2,5,2016-07-16,12,1;2;3;4;5;6;7;8;9;10;11;12,,https://www.jra.go.jp/datafile/seiseki/report/2016/2016-2fukushima5.pdf
2016,2016030206,福島,2,6,2016-07-17,12,1;2;3;4;5;6;7;8;9;10;11;12,,https://www.jra.go.jp/datafile/seiseki/report/2016/2016-2fukushima6.pdf
2016,2016030207,福島,2,7,2016-07-23,12,1;2;3;4;5;6;7;8;9;10;11;12,,https://www.jra.go.jp/datafile/seiseki/report/2016/2016-2fukushima7.pdf
2016,2016030208,福島,2,8,2016-07-24,12,1;2;3;4;5;6;7;8;9;10;11;12,,https://www.jra.go.jp/datafile/seiseki/report/2016/2016-2fukushima8.pdf
2016,2016030301,福島,3,1,2016-11-05,12,1;2;3;4;5;6;7;8;9;10;11;12,,https://www.jra.go.jp/datafile/seiseki/report/2016/2016-3fukushima1.pdf
2016,2016030302,福島,3,2,2016-11-06,12,1;2;3;4;5;6;7;8;9;10;11;12,,https://www.jra.go.jp/datafile/seiseki/report/2016/2016-3fukushima2.pdf
2016,2016030303,福島,3,3,2016-11-12,12,1;2;3;4;5;6;7;8;9;10;11;12,,https://www.jra.go.jp/datafile/seiseki/report/2016/2016-3fukushima3.pdf
2016,2016030304,福島,3,4,2016-11-13,12,1;2;3;4;5;6;7;8;9;10;11;12,,https://www.jra.go.jp/datafile/seiseki/report/2016/2016-3fukushima4.pdf
2016,2016030305,福島,3,5,2016-11-19,12,1;2;3;4;5;6;7;8;9;10;11;12,,https://www.jra.go.jp/datafile/seiseki/report/2016/2016-3fukushima5.pdf
2016,2016030306,福島,3,6,2016-11-20,12,1;2;3;4;5;6;7;8;9;10;11;12,,https://www.jra.go.jp/datafile/seiseki/report/2016/2016-3fukushima6.pdf
2016,2016040101,新潟,1,1,2016-04-30,12,1;2;3;4;5;6;7;8;9;10;11;12,,https://www.jra.go.jp/datafile/seiseki/report/2016/2016-1niigata1.pdf
2016,2016040102,新潟,1,2,2016-05-01,12,1;2;3;4;5;6;7;8;9;10;11;12,,https://www.jra.go.jp/datafile/seiseki/report/2016/2016-1niigata2.pdf
2016,2016040103,新潟,1,3,2016-05-07,12,1;2;3;4;5;6;7;8;9;10;11;12,,https://www.jra.go.jp/datafile/seiseki/report/2016/2016-1niigata3.pdf
2016,2016040104,新潟,1,4,2016-05-08,12,1;2;3;4;5;6;7;8;9;10;11;12,,https://www.jra.go.jp/datafile/seiseki/report/2016/2016-1niigata4.pdf
2016,2016040105,新潟,1,5,2016-05-14,12,1;2;3;4;5;6;7;8;9;10;11;12,,https://www.jra.go.jp/datafile/seiseki/report/2016/2016-1niigata5.pdf
2016,2016040106,新潟,1,6,2016-05-15,12,1;2;3;4;5;6;7;8;9;10;11;12,,https://www.jra.go.jp/datafile/seiseki/report/2016/2016-1niigata6.pdf
2016,2016040107,新潟,1,7,2016-05-21,12,1;2;3;4;5;6;7;8;9;10;11;12,,https://www.jra.go.jp/datafile/seiseki/report/2016/2016-1niigata7.pdf
2016,2016040108,新潟,1,8,2016-05-22,12,1;2;3;4;5;6;7;8;9;10;11;12,,https://www.jra.go.jp/datafile/seiseki/report/2016/2016-1niigata8.pdf
2016,2016040201,新潟,2,1,2016-07-30,12,1;2;3;4;5;6;7;8;9;10;11;12,,https://www.jra.go.jp/datafile/seiseki/report/2016/2016-2niigata1.pdf
2016,2016040202,新潟,2,2,2016-07-31,12,1;2;3;4;5;6;7;8;9;10;11;12,,https://www.jra.go.jp/datafile/seiseki/report/2016/2016-2niigata2.pdf
2016,2016040203,新潟,2,3,2016-08-06,12,1;2;3;4;5;6;7;8;9;10;11;12,,https://www.jra.go.jp/datafile/seiseki/report/2016/2016-2niigata3.pdf
2016,2016040204,新潟,2,4,2016-08-07,12,1;2;3;4;5;6;7;8;9;10;11;12,,https://www.jra.go.jp/datafile/seiseki/report/2016/2016-2niigata4.pdf
2016,2016040205,新潟,2,5,2016-08-13,12,1;2;3;4;5;6;7;8;9;10;11;12,,https://www.jra.go.jp/datafile/seiseki/report/2016/2016-2niigata5.pdf
2016,2016040206,新潟,2,6,2016-08-14,12,1;2;3;4;5;6;7;8;9;10;11;12,,https://www.jra.go.jp/datafile/seiseki/report/2016/2016-2niigata6.pdf
2016,2016040207,新潟,2,7,2016-08-20,12,1;2;3;4;5;6;7;8;9;10;11;12,,https://www.jra.go.jp/datafile/seiseki/report/2016/2016-2niigata7.pdf
2016,2016040208,新潟,2,8,2016-08-21,12,1;2;3;4;5;6;7;8;9;10;11;12,,https://www.jra.go.jp/datafile/seiseki/report/2016/2016-2niigata8.pdf
2016,2016040209,新潟,2,9,2016-08-27,12,1;2;3;4;5;6;7;8;9;10;11;12,,https://www.jra.go.jp/datafile/seiseki/report/2016/2016-2niigata9.pdf
2016,2016040210,新潟,2,10,2016-08-28,12,1;2;3;4;5;6;7;8;9;10;11;12,,https://www.jra.go.jp/datafile/seiseki/report/2016/2016-2niigata10.pdf
2016,2016040211,新潟,2,11,2016-09-03,12,1;2;3;4;5;6;7;8;9;10;11;12,,https://www.jra.go.jp/datafile/seiseki/report/2016/2016-2niigata11.pdf
2016,2016040212,新潟,2,12,2016-09-04,12,1;2;3;4;5;6;7;8;9;10;11;12,,https://www.jra.go.jp/datafile/seiseki/report/2016/2016-2niigata12.pdf
2016,2016040301,新潟,3,1,2016-10-15,12,1;2;3;4;5;6;7;8;9;10;11;12,,https://www.jra.go.jp/datafile/seiseki/report/2016/2016-3niigata1.pdf
2016,2016040302,新潟,3,2,2016-10-16,12,1;2;3;4;5;6;7;8;9;10;11;12,,https://www.jra.go.jp/datafile/seiseki/report/2016/2016-3niigata2.pdf
2016,2016040303,新潟,3,3,2016-10-22,12,1;2;3;4;5;6;7;8;9;10;11;12,,https://www.jra.go.jp/datafile/seiseki/report/2016/2016-3niigata3.pdf
2016,2016040304,新潟,3,4,2016-10-23,12,1;2;3;4;5;6;7;8;9;10;11;12,,https://www.jra.go.jp/datafile/seiseki/report/2016/2016-3niigata4.pdf
2016,2016040305,新潟,3,5,2016-10-29,12,1;2;3;4;5;6;7;8;9;10;11;12,,https://www.jra.go.jp/datafile/seiseki/report/2016/2016-3niigata5.pdf
2016,2016040306,新潟,3,6,2016-10-30,12,1;2;3;4;5;6;7;8;9;10;11;12,,https://www.jra.go.jp/datafile/seiseki/report/2016/2016-3niigata6.pdf
2016,2016050101,東京,1,1,2016-01-30,12,1;2;3;4;5;6;7;8;9;10;11;12,,https://www.jra.go.jp/datafile/seiseki/report/2016/2016-1tokyo1.pdf
2016,2016050102,東京,1,2,2016-01-31,12,1;2;3;4;5;6;7;8;9;10;11;12,,https://www.jra.go.jp/datafile/seiseki/report/2016/2016-1tokyo2.pdf
2016,2016050103,東京,1,3,2016-02-06,12,1;2;3;4;5;6;7;8;9;10;11;12,,https://www.jra.go.jp/datafile/seiseki/report/2016/2016-1tokyo3.pdf
2016,2016050104,東京,1,4,2016-02-07,12,1;2;3;4;5;6;7;8;9;10;11;12,,https://www.jra.go.jp/datafile/seiseki/report/2016/2016-1tokyo4.pdf
2016,2016050105,東京,1,5,2016-02-13,12,1;2;3;4;5;6;7;8;9;10;11;12,,https://www.jra.go.jp/datafile/seiseki/report/2016/2016-1tokyo5.pdf
2016,2016050106,東京,1,6,2016-02-14,12,1;2;3;4;5;6;7;8;9;10;11;12,,https://www.jra.go.jp/datafile/seiseki/report/2016/2016-1tokyo6.pdf
2016,2016050107,東京,1,7,2016-02-20,12,1;2;3;4;5;6;7;8;9;10;11;12,,https://www.jra.go.jp/datafile/seiseki/report/2016/2016-1tokyo7.pdf
2016,2016050108,東京,1,8,2016-02-21,12,1;2;3;4;5;6;7;8;9;10;11;12,,https://www.jra.go.jp/datafile/seiseki/report/2016/2016-1tokyo8.pdf
2016,2016050201,東京,2,1,2016-04-23,12,1;2;3;4;5;6;7;8;9;10;11;12,,https://www.jra.go.jp/datafile/seiseki/report/2016/2016-2tokyo1.pdf
2016,2016050202,東京,2,2,2016-04-24,12,1;2;3;4;5;6;7;8;9;10;11;12,,https://www.jra.go.jp/datafile/seiseki/report/2016/2016-2tokyo2.pdf
2016,2016050203,東京,2,3,2016-04-30,12,1;2;3;4;5;6;7;8;9;10;11;12,,https://www.jra.go.jp/datafile/seiseki/report/2016/2016-2tokyo3.pdf
2016,2016050204,東京,2,4,2016-05-01,12,1;2;3;4;5;6;7;8;9;10;11;12,,https://www.jra.go.jp/datafile/seiseki/report/2016/2016-2tokyo4.pdf
2016,2016050205,東京,2,5,2016-05-07,12,1;2;3;4;5;6;7;8;9;10;11;12,,https://www.jra.go.jp/datafile/seiseki/report/2016/2016-2tokyo5.pdf
2016,2016050206,東京,2,6,2016-05-08,12,1;2;3;4;5;6;7;8;9;10;11;12,,https://www.jra.go.jp/datafile/seiseki/report/2016/2016-2tokyo6.pdf
2016,2016050207,東京,2,7,2016-05-14,12,1;2;3;4;5;6;7;8;9;10;11;12,,https://www.jra.go.jp/datafile/seiseki/report/2016/2016-2tokyo7.pdf
2016,2016050208,東京,2,8,2016-05-15,12,1;2;3;4;5;6;7;8;9;10;11;12,,https://www.jra.go.jp/datafile/seiseki/report/2016/2016-2tokyo8.pdf
2016,2016050209,東京,2,9,2016-05-21,12,1;2;3;4;5;6;7;8;9;10;11;12,,https://www.jra.go.jp/datafile/seiseki/report/2016/2016-2tokyo9.pdf
2016,2016050210,東京,2,10,2016-05-22,12,1;2;3;4;5;6;7;8;9;10;11;12,,https://www.jra.go.jp/datafile/seiseki/report/2016/2016-2tokyo10.pdf
2016,2016050211,東京,2,11,2016-05-28,12,1;2;3;4;5;6;7;8;9;10;11;12,,https://www.jra.go.jp/datafile/seiseki/report/2016/2016-2tokyo11.pdf
2016,2016050212,東京,2,12,2016-05-29,12,1;2;3;4;5;6;7;8;9;10;11;12,,https://www.jra.go.jp/datafile/seiseki/report/2016/2016-2tokyo12.pdf
2016,2016050301,東京,3,1,2016-06-04,12,1;2;3;4;5;6;7;8;9;10;11;12,,https://www.jra.go.jp/datafile/seiseki/report/2016/2016-3tokyo1.pdf
2016,2016050302,東京,3,2,2016-06-05,12,1;2;3;4;5;6;7;8;9;10;11;12,,https://www.jra.go.jp/datafile/seiseki/report/2016/2016-3tokyo2.pdf
2016,2016050303,東京,3,3,2016-06-11,12,1;2;3;4;5;6;7;8;9;10;11;12,,https://www.jra.go.jp/datafile/seiseki/report/2016/2016-3tokyo3.pdf
2016,2016050304,東京,3,4,2016-06-12,12,1;2;3;4;5;6;7;8;9;10;11;12,,https://www.jra.go.jp/datafile/seiseki/report/2016/2016-3tokyo4.pdf
2016,2016050305,東京,3,5,2016-06-18,12,1;2;3;4;5;6;7;8;9;10;11;12,,https://www.jra.go.jp/datafile/seiseki/report/2016/2016-3tokyo5.pdf
2016,2016050306,東京,3,6,2016-06-19,12,1;2;3;4;5;6;7;8;9;10;11;12,,https://www.jra.go.jp/datafile/seiseki/report/2016/2016-3tokyo6.pdf
2016,2016050307,東京,3,7,2016-06-25,12,1;2;3;4;5;6;7;8;9;10;11;12,,https://www.jra.go.jp/datafile/seiseki/report/2016/2016-3tokyo7.pdf
2016,2016050308,東京,3,8,2016-06-26,12,1;2;3;4;5;6;7;8;9;10;11;12,,https://www.jra.go.jp/datafile/seiseki/report/2016/2016-3tokyo8.pdf
2016,2016050401,東京,4,1,2016-10-08,12,1;2;3;4;5;6;7;8;9;10;11;12,,https://www.jra.go.jp/datafile/seiseki/report/2016/2016-4tokyo1.pdf
2016,2016050402,東京,4,2,2016-10-09,12,1;2;3;4;5;6;7;8;9;10;11;12,,https://www.jra.go.jp/datafile/seiseki/report/2016/2016-4tokyo2.pdf
2016,2016050403,東京,4,3,2016-10-10,12,1;2;3;4;5;6;7;8;9;10;11;12,,https://www.jra.go.jp/datafile/seiseki/report/2016/2016-4tokyo3.pdf
2016,2016050404,東京,4,4,2016-10-15,12,1;2;3;4;5;6;7;8;9;10;11;12,,https://www.jra.go.jp/datafile/seiseki/report/2016/2016-4tokyo4.pdf
2016,2016050405,東京,4,5,2016-10-16,12,1;2;3;4;5;6;7;8;9;10;11;12,,https://www.jra.go.jp/datafile/seiseki/report/2016/2016-4tokyo5.pdf
2016,2016050406,東京,4,6,2016-10-22,12,1;2;3;4;5;6;7;8;9;10;11;12,,https://www.jra.go.jp/datafile/seiseki/report/2016/2016-4tokyo6.pdf
2016,2016050407,東京,4,7,2016-10-23,12,1;2;3;4;5;6;7;8;9;10;11;12,,https://www.jra.go.jp/datafile/seiseki/report/2016/2016-4tokyo7.pdf
2016,2016050408,東京,4,8,2016-10-29,12,1;2;3;4;5;6;7;8;9;10;11;12,,https://www.jra.go.jp/datafile/seiseki/report/2016/2016-4tokyo8.pdf
2016,2016050409,東京,4,9,2016-10-30,12,1;2;3;4;5;6;7;8;9;10;11;12,,https://www.jra.go.jp/datafile/seiseki/report/2016/2016-4tokyo9.pdf
2016,2016050501,東京,5,1,2016-11-05,12,1;2;3;4;5;6;7;8;9;10;11;12,,https://www.jra.go.jp/datafile/seiseki/report/2016/2016-5tokyo1.pdf
2016,2016050502,東京,5,2,2016-11-06,12,1;2;3;4;5;6;7;8;9;10;11;12,,https://www.jra.go.jp/datafile/seiseki/report/2016/2016-5tokyo2.pdf
2016,2016050503,東京,5,3,2016-11-12,12,1;2;3;4;5;6;7;8;9;10;11;12,,https://www.jra.go.jp/datafile/seiseki/report/2016/2016-5tokyo3.pdf
2016,2016050504,東京,5,4,2016-11-13,12,1;2;3;4;5;6;7;8;9;10;11;12,,https://www.jra.go.jp/datafile/seiseki/report/2016/2016-5tokyo4.pdf
2016,2016050505,東京,5,5,2016-11-19,12,1;2;3;4;5;6;7;8;9;10;11;12,,https://www.jra.go.jp/datafile/seiseki/report/2016/2016-5tokyo5.pdf
2016,2016050506,東京,5,6,2016-11-20,12,1;2;3;4;5;6;7;8;9;10;11;12,,https://www.jra.go.jp/datafile/seiseki/report/2016/2016-5tokyo6.pdf
2016,2016050507,東京,5,7,2016-11-26,12,1;2;3;4;5;6;7;8;9;10;11;12,,https://www.jra.go.jp/datafile/seiseki/report/2016/2016-5tokyo7.pdf
2016,2016050508,東京,5,8,2016-11-27,11,1;2;3;4;5;6;7;8;9;10;11,12,https://www.jra.go.jp/datafile/seiseki/report/2016/2016-5tokyo8.pdf
2016,2016060101,中山,1,1,2016-01-05,12,1;2;3;4;5;6;7;8;9;10;11;12,,https://www.jra.go.jp/datafile/seiseki/report/2016/2016-1nakayama1.pdf
2016,2016060102,中山,1,2,2016-01-09,12,1;2;3;4;5;6;7;8;9;10;11;12,,https://www.jra.go.jp/datafile/seiseki/report/2016/2016-1nakayama2.pdf
2016,2016060103,中山,1,3,2016-01-10,12,1;2;3;4;5;6;7;8;9;10;11;12,,https://www.jra.go.jp/datafile/seiseki/report/2016/2016-1nakayama3.pdf
2016,2016060104,中山,1,4,2016-01-11,12,1;2;3;4;5;6;7;8;9;10;11;12,,https://www.jra.go.jp/datafile/seiseki/report/2016/2016-1nakayama4.pdf
2016,2016060105,中山,1,5,2016-01-16,12,1;2;3;4;5;6;7;8;9;10;11;12,,https://www.jra.go.jp/datafile/seiseki/report/2016/2016-1nakayama5.pdf
2016,2016060106,中山,1,6,2016-01-17,12,1;2;3;4;5;6;7;8;9;10;11;12,,https://www.jra.go.jp/datafile/seiseki/report/2016/2016-1nakayama6.pdf
2016,2016060107,中山,1,7,2016-01-23,12,1;2;3;4;5;6;7;8;9;10;11;12,,https://www.jra.go.jp/datafile/seiseki/report/2016/2016-1nakayama7.pdf
2016,2016060108,中山,1,8,2016-01-24,12,1;2;3;4;5;6;7;8;9;10;11;12,,https://www.jra.go.jp/datafile/seiseki/report/2016/2016-1nakayama8.pdf
2016,2016060201,中山,2,1,2016-02-27,12,1;2;3;4;5;6;7;8;9;10;11;12,,https://www.jra.go.jp/datafile/seiseki/report/2016/2016-2nakayama1.pdf
2016,2016060202,中山,2,2,2016-02-28,12,1;2;3;4;5;6;7;8;9;10;11;12,,https://www.jra.go.jp/datafile/seiseki/report/2016/2016-2nakayama2.pdf
2016,2016060203,中山,2,3,2016-03-05,12,1;2;3;4;5;6;7;8;9;10;11;12,,https://www.jra.go.jp/datafile/seiseki/report/2016/2016-2nakayama3.pdf
2016,2016060204,中山,2,4,2016-03-06,12,1;2;3;4;5;6;7;8;9;10;11;12,,https://www.jra.go.jp/datafile/seiseki/report/2016/2016-2nakayama4.pdf
2016,2016060205,中山,2,5,2016-03-12,12,1;2;3;4;5;6;7;8;9;10;11;12,,https://www.jra.go.jp/datafile/seiseki/report/2016/2016-2nakayama5.pdf
2016,2016060206,中山,2,6,2016-03-13,12,1;2;3;4;5;6;7;8;9;10;11;12,,https://www.jra.go.jp/datafile/seiseki/report/2016/2016-2nakayama6.pdf
2016,2016060207,中山,2,7,2016-03-20,12,1;2;3;4;5;6;7;8;9;10;11;12,,https://www.jra.go.jp/datafile/seiseki/report/2016/2016-2nakayama7.pdf
2016,2016060208,中山,2,8,2016-03-21,12,1;2;3;4;5;6;7;8;9;10;11;12,,https://www.jra.go.jp/datafile/seiseki/report/2016/2016-2nakayama8.pdf
2016,2016060301,中山,3,1,2016-03-26,12,1;2;3;4;5;6;7;8;9;10;11;12,,https://www.jra.go.jp/datafile/seiseki/report/2016/2016-3nakayama1.pdf
2016,2016060302,中山,3,2,2016-03-27,12,1;2;3;4;5;6;7;8;9;10;11;12,,https://www.jra.go.jp/datafile/seiseki/report/2016/2016-3nakayama2.pdf
2016,2016060303,中山,3,3,2016-04-02,12,1;2;3;4;5;6;7;8;9;10;11;12,,https://www.jra.go.jp/datafile/seiseki/report/2016/2016-3nakayama3.pdf
2016,2016060304,中山,3,4,2016-04-03,12,1;2;3;4;5;6;7;8;9;10;11;12,,https://www.jra.go.jp/datafile/seiseki/report/2016/2016-3nakayama4.pdf
2016,2016060305,中山,3,5,2016-04-09,12,1;2;3;4;5;6;7;8;9;10;11;12,,https://www.jra.go.jp/datafile/seiseki/report/2016/2016-3nakayama5.pdf
2016,2016060306,中山,3,6,2016-04-10,12,1;2;3;4;5;6;7;8;9;10;11;12,,https://www.jra.go.jp/datafile/seiseki/report/2016/2016-3nakayama6.pdf
2016,2016060307,中山,3,7,2016-04-16,12,1;2;3;4;5;6;7;8;9;10;11;12,,https://www.jra.go.jp/datafile/seiseki/report/2016/2016-3nakayama7.pdf
2016,2016060308,中山,3,8,2016-04-17,12,1;2;3;4;5;6;7;8;9;10;11;12,,https://www.jra.go.jp/datafile/seiseki/report/2016/2016-3nakayama8.pdf
2016,2016060401,中山,4,1,2016-09-10,12,1;2;3;4;5;6;7;8;9;10;11;12,,https://www.jra.go.jp/datafile/seiseki/report/2016/2016-4nakayama1.pdf
2016,2016060402,中山,4,2,2016-09-11,12,1;2;3;4;5;6;7;8;9;10;11;12,,https://www.jra.go.jp/datafile/seiseki/report/2016/2016-4nakayama2.pdf
2016,2016060403,中山,4,3,2016-09-17,12,1;2;3;4;5;6;7;8;9;10;11;12,,https://www.jra.go.jp/datafile/seiseki/report/2016/2016-4nakayama3.pdf
2016,2016060404,中山,4,4,2016-09-18,12,1;2;3;4;5;6;7;8;9;10;11;12,,https://www.jra.go.jp/datafile/seiseki/report/2016/2016-4nakayama4.pdf
2016,2016060405,中山,4,5,2016-09-24,12,1;2;3;4;5;6;7;8;9;10;11;12,,https://www.jra.go.jp/datafile/seiseki/report/2016/2016-4nakayama5.pdf
2016,2016060406,中山,4,6,2016-09-25,12,1;2;3;4;5;6;7;8;9;10;11;12,,https://www.jra.go.jp/datafile/seiseki/report/2016/2016-4nakayama6.pdf
2016,2016060407,中山,4,7,2016-10-01,12,1;2;3;4;5;6;7;8;9;10;11;12,,https://www.jra.go.jp/datafile/seiseki/report/2016/2016-4nakayama7.pdf
2016,2016060408,中山,4,8,2016-10-02,12,1;2;3;4;5;6;7;8;9;10;11;12,,https://www.jra.go.jp/datafile/seiseki/report/2016/2016-4nakayama8.pdf
2016,2016060501,中山,5,1,2016-12-03,12,1;2;3;4;5;6;7;8;9;10;11;12,,https://www.jra.go.jp/datafile/seiseki/report/2016/2016-5nakayama1.pdf
2016,2016060502,中山,5,2,2016-12-04,12,1;2;3;4;5;6;7;8;9;10;11;12,,https://www.jra.go.jp/datafile/seiseki/report/2016/2016-5nakayama2.pdf
2016,2016060503,中山,5,3,2016-12-10,12,1;2;3;4;5;6;7;8;9;10;11;12,,https://www.jra.go.jp/datafile/seiseki/report/2016/2016-5nakayama3.pdf
2016,2016060504,中山,5,4,2016-12-11,12,1;2;3;4;5;6;7;8;9;10;11;12,,https://www.jra.go.jp/datafile/seiseki/report/2016/2016-5nakayama4.pdf
2016,2016060505,中山,5,5,2016-12-17,12,1;2;3;4;5;6;7;8;9;10;11;12,,https://www.jra.go.jp/datafile/seiseki/report/2016/2016-5nakayama5.pdf
2016,2016060506,中山,5,6,2016-12-18,12,1;2;3;4;5;6;7;8;9;10;11;12,,https://www.jra.go.jp/datafile/seiseki/report/2016/2016-5nakayama6.pdf
2016,2016060507,中山,5,7,2016-12-23,12,1;2;3;4;5;6;7;8;9;10;11;12,,https://www.jra.go.jp/datafile/seiseki/report/2016/2016-5nakayama7.pdf
2016,2016060508,中山,5,8,2016-12-24,12,1;2;3;4;5;6;7;8;9;10;11;12,,https://www.jra.go.jp/datafile/seiseki/report/2016/2016-5nakayama8.pdf
2016,2016060509,中山,5,9,2016-12-25,11,1;2;3;4;5;6;7;8;9;10;11,12,https://www.jra.go.jp/datafile/seiseki/report/2016/2016-5nakayama9.pdf
2016,2016070101,中京,1,1,2016-01-16,12,1;2;3;4;5;6;7;8;9;10;11;12,,https://www.jra.go.jp/datafile/seiseki/report/2016/2016-1chukyo1.pdf
2016,2016070102,中京,1,2,2016-01-17,12,1;2;3;4;5;6;7;8;9;10;11;12,,https://www.jra.go.jp/datafile/seiseki/report/2016/2016-1chukyo2.pdf
2016,2016070103,中京,1,3,2016-01-23,12,1;2;3;4;5;6;7;8;9;10;11;12,,https://www.jra.go.jp/datafile/seiseki/report/2016/2016-1chukyo3.pdf
2016,2016070104,中京,1,4,2016-01-24,12,1;2;3;4;5;6;7;8;9;10;11;12,,https://www.jra.go.jp/datafile/seiseki/report/2016/2016-1chukyo4.pdf
2016,2016070105,中京,1,5,2016-01-30,12,1;2;3;4;5;6;7;8;9;10;11;12,,https://www.jra.go.jp/datafile/seiseki/report/2016/2016-1chukyo5.pdf
2016,2016070106,中京,1,6,2016-01-31,12,1;2;3;4;5;6;7;8;9;10;11;12,,https://www.jra.go.jp/datafile/seiseki/report/2016/2016-1chukyo6.pdf
2016,2016070201,中京,2,1,2016-03-12,12,1;2;3;4;5;6;7;8;9;10;11;12,,https://www.jra.go.jp/datafile/seiseki/report/2016/2016-2chukyo1.pdf
2016,2016070202,中京,2,2,2016-03-13,12,1;2;3;4;5;6;7;8;9;10;11;12,,https://www.jra.go.jp/datafile/seiseki/report/2016/2016-2chukyo2.pdf
2016,2016070203,中京,2,3,2016-03-19,12,1;2;3;4;5;6;7;8;9;10;11;12,,https://www.jra.go.jp/datafile/seiseki/report/2016/2016-2chukyo3.pdf
2016,2016070204,中京,2,4,2016-03-21,12,1;2;3;4;5;6;7;8;9;10;11;12,,https://www.jra.go.jp/datafile/seiseki/report/2016/2016-2chukyo4.pdf
2016,2016070205,中京,2,5,2016-03-26,12,1;2;3;4;5;6;7;8;9;10;11;12,,https://www.jra.go.jp/datafile/seiseki/report/2016/2016-2chukyo5.pdf
2016,2016070206,中京,2,6,2016-03-27,12,1;2;3;4;5;6;7;8;9;10;11;12,,https://www.jra.go.jp/datafile/seiseki/report/2016/2016-2chukyo6.pdf
2016,2016070301,中京,3,1,2016-07-02,12,1;2;3;4;5;6;7;8;9;10;11;12,,https://www.jra.go.jp/datafile/seiseki/report/2016/2016-3chukyo1.pdf
2016,2016070302,中京,3,2,2016-07-03,12,1;2;3;4;5;6;7;8;9;10;11;12,,https://www.jra.go.jp/datafile/seiseki/report/2016/2016-3chukyo2.pdf
2016,2016070303,中京,3,3,2016-07-09,12,1;2;3;4;5;6;7;8;9;10;11;12,,https://www.jra.go.jp/datafile/seiseki/report/2016/2016-3chukyo3.pdf
2016,2016070304,中京,3,4,2016-07-10,12,1;2;3;4;5;6;7;8;9;10;11;12,,https://www.jra.go.jp/datafile/seiseki/report/2016/2016-3chukyo4.pdf
2016,2016070305,中京,3,5,2016-07-16,12,1;2;3;4;5;6;7;8;9;10;11;12,,https://www.jra.go.jp/datafile/seiseki/report/2016/2016-3chukyo5.pdf
2016,2016070306,中京,3,6,2016-07-17,12,1;2;3;4;5;6;7;8;9;10;11;12,,https://www.jra.go.jp/datafile/seiseki/report/2016/2016-3chukyo6.pdf
2016,2016070307,中京,3,7,2016-07-23,12,1;2;3;4;5;6;7;8;9;10;11;12,,https://www.jra.go.jp/datafile/seiseki/report/2016/2016-3chukyo7.pdf
2016,2016070308,中京,3,8,2016-07-24,12,1;2;3;4;5;6;7;8;9;10;11;12,,https://www.jra.go.jp/datafile/seiseki/report/2016/2016-3chukyo8.pdf
2016,2016070401,中京,4,1,2016-12-03,12,1;2;3;4;5;6;7;8;9;10;11;12,,https://www.jra.go.jp/datafile/seiseki/report/2016/2016-4chukyo1.pdf
2016,2016070402,中京,4,2,2016-12-04,12,1;2;3;4;5;6;7;8;9;10;11;12,,https://www.jra.go.jp/datafile/seiseki/report/2016/2016-4chukyo2.pdf
2016,2016070403,中京,4,3,2016-12-10,12,1;2;3;4;5;6;7;8;9;10;11;12,,https://www.jra.go.jp/datafile/seiseki/report/2016/2016-4chukyo3.pdf
2016,2016070404,中京,4,4,2016-12-11,12,1;2;3;4;5;6;7;8;9;10;11;12,,https://www.jra.go.jp/datafile/seiseki/report/2016/2016-4chukyo4.pdf
2016,2016070405,中京,4,5,2016-12-17,12,1;2;3;4;5;6;7;8;9;10;11;12,,https://www.jra.go.jp/datafile/seiseki/report/2016/2016-4chukyo5.pdf
2016,2016070406,中京,4,6,2016-12-18,12,1;2;3;4;5;6;7;8;9;10;11;12,,https://www.jra.go.jp/datafile/seiseki/report/2016/2016-4chukyo6.pdf
2016,2016080101,京都,1,1,2016-01-05,12,1;2;3;4;5;6;7;8;9;10;11;12,,https://www.jra.go.jp/datafile/seiseki/report/2016/2016-1kyoto1.pdf
2016,2016080102,京都,1,2,2016-01-09,12,1;2;3;4;5;6;7;8;9;10;11;12,,https://www.jra.go.jp/datafile/seiseki/report/2016/2016-1kyoto2.pdf
2016,2016080103,京都,1,3,2016-01-10,12,1;2;3;4;5;6;7;8;9;10;11;12,,https://www.jra.go.jp/datafile/seiseki/report/2016/2016-1kyoto3.pdf
2016,2016080104,京都,1,4,2016-01-11,12,1;2;3;4;5;6;7;8;9;10;11;12,,https://www.jra.go.jp/datafile/seiseki/report/2016/2016-1kyoto4.pdf
2016,2016080105,京都,1,5,2016-01-16,12,1;2;3;4;5;6;7;8;9;10;11;12,,https://www.jra.go.jp/datafile/seiseki/report/2016/2016-1kyoto5.pdf
2016,2016080106,京都,1,6,2016-01-17,12,1;2;3;4;5;6;7;8;9;10;11;12,,https://www.jra.go.jp/datafile/seiseki/report/2016/2016-1kyoto6.pdf
2016,2016080107,京都,1,7,2016-01-23,12,1;2;3;4;5;6;7;8;9;10;11;12,,https://www.jra.go.jp/datafile/seiseki/report/2016/2016-1kyoto7.pdf
2016,2016080108,京都,1,8,2016-01-24,12,1;2;3;4;5;6;7;8;9;10;11;12,,https://www.jra.go.jp/datafile/seiseki/report/2016/2016-1kyoto8.pdf
2016,2016080201,京都,2,1,2016-01-30,12,1;2;3;4;5;6;7;8;9;10;11;12,,https://www.jra.go.jp/datafile/seiseki/report/2016/2016-2kyoto1.pdf
2016,2016080202,京都,2,2,2016-01-31,12,1;2;3;4;5;6;7;8;9;10;11;12,,https://www.jra.go.jp/datafile/seiseki/report/2016/2016-2kyoto2.pdf
2016,2016080203,京都,2,3,2016-02-06,12,1;2;3;4;5;6;7;8;9;10;11;12,,https://www.jra.go.jp/datafile/seiseki/report/2016/2016-2kyoto3.pdf
2016,2016080204,京都,2,4,2016-02-07,12,1;2;3;4;5;6;7;8;9;10;11;12,,https://www.jra.go.jp/datafile/seiseki/report/2016/2016-2kyoto4.pdf
2016,2016080205,京都,2,5,2016-02-13,12,1;2;3;4;5;6;7;8;9;10;11;12,,https://www.jra.go.jp/datafile/seiseki/report/2016/2016-2kyoto5.pdf
2016,2016080206,京都,2,6,2016-02-14,12,1;2;3;4;5;6;7;8;9;10;11;12,,https://www.jra.go.jp/datafile/seiseki/report/2016/2016-2kyoto6.pdf
2016,2016080207,京都,2,7,2016-02-20,12,1;2;3;4;5;6;7;8;9;10;11;12,,https://www.jra.go.jp/datafile/seiseki/report/2016/2016-2kyoto7.pdf
2016,2016080208,京都,2,8,2016-02-21,12,1;2;3;4;5;6;7;8;9;10;11;12,,https://www.jra.go.jp/datafile/seiseki/report/2016/2016-2kyoto8.pdf
2016,2016080301,京都,3,1,2016-04-23,12,1;2;3;4;5;6;7;8;9;10;11;12,,https://www.jra.go.jp/datafile/seiseki/report/2016/2016-3kyoto1.pdf
2016,2016080302,京都,3,2,2016-04-24,12,1;2;3;4;5;6;7;8;9;10;11;12,,https://www.jra.go.jp/datafile/seiseki/report/2016/2016-3kyoto2.pdf
2016,2016080303,京都,3,3,2016-04-30,12,1;2;3;4;5;6;7;8;9;10;11;12,,https://www.jra.go.jp/datafile/seiseki/report/2016/2016-3kyoto3.pdf
2016,2016080304,京都,3,4,2016-05-01,12,1;2;3;4;5;6;7;8;9;10;11;12,,https://www.jra.go.jp/datafile/seiseki/report/2016/2016-3kyoto4.pdf
2016,2016080305,京都,3,5,2016-05-07,12,1;2;3;4;5;6;7;8;9;10;11;12,,https://www.jra.go.jp/datafile/seiseki/report/2016/2016-3kyoto5.pdf
2016,2016080306,京都,3,6,2016-05-08,12,1;2;3;4;5;6;7;8;9;10;11;12,,https://www.jra.go.jp/datafile/seiseki/report/2016/2016-3kyoto6.pdf
2016,2016080307,京都,3,7,2016-05-14,12,1;2;3;4;5;6;7;8;9;10;11;12,,https://www.jra.go.jp/datafile/seiseki/report/2016/2016-3kyoto7.pdf
2016,2016080308,京都,3,8,2016-05-15,12,1;2;3;4;5;6;7;8;9;10;11;12,,https://www.jra.go.jp/datafile/seiseki/report/2016/2016-3kyoto8.pdf
2016,2016080309,京都,3,9,2016-05-21,12,1;2;3;4;5;6;7;8;9;10;11;12,,https://www.jra.go.jp/datafile/seiseki/report/2016/2016-3kyoto9.pdf
2016,2016080310,京都,3,10,2016-05-22,12,1;2;3;4;5;6;7;8;9;10;11;12,,https://www.jra.go.jp/datafile/seiseki/report/2016/2016-3kyoto10.pdf
2016,2016080311,京都,3,11,2016-05-28,12,1;2;3;4;5;6;7;8;9;10;11;12,,https://www.jra.go.jp/datafile/seiseki/report/2016/2016-3kyoto11.pdf
2016,2016080312,京都,3,12,2016-05-29,12,1;2;3;4;5;6;7;8;9;10;11;12,,https://www.jra.go.jp/datafile/seiseki/report/2016/2016-3kyoto12.pdf
2016,2016080401,京都,4,1,2016-10-08,12,1;2;3;4;5;6;7;8;9;10;11;12,,https://www.jra.go.jp/datafile/seiseki/report/2016/2016-4kyoto1.pdf
2016,2016080402,京都,4,2,2016-10-09,12,1;2;3;4;5;6;7;8;9;10;11;12,,https://www.jra.go.jp/datafile/seiseki/report/2016/2016-4kyoto2.pdf
2016,2016080403,京都,4,3,2016-10-10,12,1;2;3;4;5;6;7;8;9;10;11;12,,https://www.jra.go.jp/datafile/seiseki/report/2016/2016-4kyoto3.pdf
2016,2016080404,京都,4,4,2016-10-15,12,1;2;3;4;5;6;7;8;9;10;11;12,,https://www.jra.go.jp/datafile/seiseki/report/2016/2016-4kyoto4.pdf
2016,2016080405,京都,4,5,2016-10-16,12,1;2;3;4;5;6;7;8;9;10;11;12,,https://www.jra.go.jp/datafile/seiseki/report/2016/2016-4kyoto5.pdf
2016,2016080406,京都,4,6,2016-10-22,12,1;2;3;4;5;6;7;8;9;10;11;12,,https://www.jra.go.jp/datafile/seiseki/report/2016/2016-4kyoto6.pdf
2016,2016080407,京都,4,7,2016-10-23,12,1;2;3;4;5;6;7;8;9;10;11;12,,https://www.jra.go.jp/datafile/seiseki/report/2016/2016-4kyoto7.pdf
2016,2016080408,京都,4,8,2016-10-29,12,1;2;3;4;5;6;7;8;9;10;11;12,,https://www.jra.go.jp/datafile/seiseki/report/2016/2016-4kyoto8.pdf
2016,2016080409,京都,4,9,2016-10-30,12,1;2;3;4;5;6;7;8;9;10;11;12,,https://www.jra.go.jp/datafile/seiseki/report/2016/2016-4kyoto9.pdf
2016,2016080501,京都,5,1,2016-11-05,12,1;2;3;4;5;6;7;8;9;10;11;12,,https://www.jra.go.jp/datafile/seiseki/report/2016/2016-5kyoto1.pdf
2016,2016080502,京都,5,2,2016-11-06,12,1;2;3;4;5;6;7;8;9;10;11;12,,https://www.jra.go.jp/datafile/seiseki/report/2016/2016-5kyoto2.pdf
2016,2016080503,京都,5,3,2016-11-12,12,1;2;3;4;5;6;7;8;9;10;11;12,,https://www.jra.go.jp/datafile/seiseki/report/2016/2016-5kyoto3.pdf
2016,2016080504,京都,5,4,2016-11-13,12,1;2;3;4;5;6;7;8;9;10;11;12,,https://www.jra.go.jp/datafile/seiseki/report/2016/2016-5kyoto4.pdf
2016,2016080505,京都,5,5,2016-11-19,12,1;2;3;4;5;6;7;8;9;10;11;12,,https://www.jra.go.jp/datafile/seiseki/report/2016/2016-5kyoto5.pdf
2016,2016080506,京都,5,6,2016-11-20,12,1;2;3;4;5;6;7;8;9;10;11;12,,https://www.jra.go.jp/datafile/seiseki/report/2016/2016-5kyoto6.pdf
2016,2016080507,京都,5,7,2016-11-26,12,1;2;3;4;5;6;7;8;9;10;11;12,,https://www.jra.go.jp/datafile/seiseki/report/2016/2016-5kyoto7.pdf
2016,2016080508,京都,5,8,2016-11-27,12,1;2;3;4;5;6;7;8;9;10;11;12,,https://www.jra.go.jp/datafile/seiseki/report/2016/2016-5kyoto8.pdf
2016,2016090101,阪神,1,1,2016-02-27,12,1;2;3;4;5;6;7;8;9;10;11;12,,https://www.jra.go.jp/datafile/seiseki/report/2016/2016-1hanshin1.pdf
2016,2016090102,阪神,1,2,2016-02-28,12,1;2;3;4;5;6;7;8;9;10;11;12,,https://www.jra.go.jp/datafile/seiseki/report/2016/2016-1hanshin2.pdf
2016,2016090103,阪神,1,3,2016-03-05,12,1;2;3;4;5;6;7;8;9;10;11;12,,https://www.jra.go.jp/datafile/seiseki/report/2016/2016-1hanshin3.pdf
2016,2016090104,阪神,1,4,2016-03-06,12,1;2;3;4;5;6;7;8;9;10;11;12,,https://www.jra.go.jp/datafile/seiseki/report/2016/2016-1hanshin4.pdf
2016,2016090105,阪神,1,5,2016-03-12,12,1;2;3;4;5;6;7;8;9;10;11;12,,https://www.jra.go.jp/datafile/seiseki/report/2016/2016-1hanshin5.pdf
2016,2016090106,阪神,1,6,2016-03-13,12,1;2;3;4;5;6;7;8;9;10;11;12,,https://www.jra.go.jp/datafile/seiseki/report/2016/2016-1hanshin6.pdf
2016,2016090107,阪神,1,7,2016-03-19,12,1;2;3;4;5;6;7;8;9;10;11;12,,https://www.jra.go.jp/datafile/seiseki/report/2016/2016-1hanshin7.pdf
2016,2016090108,阪神,1,8,2016-03-20,12,1;2;3;4;5;6;7;8;9;10;11;12,,https://www.jra.go.jp/datafile/seiseki/report/2016/2016-1hanshin8.pdf
2016,2016090201,阪神,2,1,2016-03-26,12,1;2;3;4;5;6;7;8;9;10;11;12,,https://www.jra.go.jp/datafile/seiseki/report/2016/2016-2hanshin1.pdf
2016,2016090202,阪神,2,2,2016-03-27,12,1;2;3;4;5;6;7;8;9;10;11;12,,https://www.jra.go.jp/datafile/seiseki/report/2016/2016-2hanshin2.pdf
2016,2016090203,阪神,2,3,2016-04-02,12,1;2;3;4;5;6;7;8;9;10;11;12,,https://www.jra.go.jp/datafile/seiseki/report/2016/2016-2hanshin3.pdf
2016,2016090204,阪神,2,4,2016-04-03,12,1;2;3;4;5;6;7;8;9;10;11;12,,https://www.jra.go.jp/datafile/seiseki/report/2016/2016-2hanshin4.pdf
2016,2016090205,阪神,2,5,2016-04-09,12,1;2;3;4;5;6;7;8;9;10;11;12,,https://www.jra.go.jp/datafile/seiseki/report/2016/2016-2hanshin5.pdf
2016,2016090206,阪神,2,6,2016-04-10,12,1;2;3;4;5;6;7;8;9;10;11;12,,https://www.jra.go.jp/datafile/seiseki/report/2016/2016-2hanshin6.pdf
2016,2016090207,阪神,2,7,2016-04-16,12,1;2;3;4;5;6;7;8;9;10;11;12,,https://www.jra.go.jp/datafile/seiseki/report/2016/2016-2hanshin7.pdf
2016,2016090208,阪神,2,8,2016-04-17,12,1;2;3;4;5;6;7;8;9;10;11;12,,https://www.jra.go.jp/datafile/seiseki/report/2016/2016-2hanshin8.pdf
2016,2016090301,阪神,3,1,2016-06-04,12,1;2;3;4;5;6;7;8;9;10;11;12,,https://www.jra.go.jp/datafile/seiseki/report/2016/2016-3hanshin1.pdf
2016,2016090302,阪神,3,2,2016-06-05,12,1;2;3;4;5;6;7;8;9;10;11;12,,https://www.jra.go.jp/datafile/seiseki/report/2016/2016-3hanshin2.pdf
2016,2016090303,阪神,3,3,2016-06-11,12,1;2;3;4;5;6;7;8;9;10;11;12,,https://www.jra.go.jp/datafile/seiseki/report/2016/2016-3hanshin3.pdf
2016,2016090304,阪神,3,4,2016-06-12,12,1;2;3;4;5;6;7;8;9;10;11;12,,https://www.jra.go.jp/datafile/seiseki/report/2016/2016-3hanshin4.pdf
2016,2016090305,阪神,3,5,2016-06-18,12,1;2;3;4;5;6;7;8;9;10;11;12,,https://www.jra.go.jp/datafile/seiseki/report/2016/2016-3hanshin5.pdf
2016,2016090306,阪神,3,6,2016-06-19,12,1;2;3;4;5;6;7;8;9;10;11;12,,https://www.jra.go.jp/datafile/seiseki/report/2016/2016-3hanshin6.pdf
2016,2016090307,阪神,3,7,2016-06-25,12,1;2;3;4;5;6;7;8;9;10;11;12,,https://www.jra.go.jp/datafile/seiseki/report/2016/2016-3hanshin7.pdf
2016,2016090308,阪神,3,8,2016-06-26,12,1;2;3;4;5;6;7;8;9;10;11;12,,https://www.jra.go.jp/datafile/seiseki/report/2016/2016-3hanshin8.pdf
2016,2016090401,阪神,4,1,2016-09-10,12,1;2;3;4;5;6;7;8;9;10;11;12,,https://www.jra.go.jp/datafile/seiseki/report/2016/2016-4hanshin1.pdf
2016,2016090402,阪神,4,2,2016-09-11,12,1;2;3;4;5;6;7;8;9;10;11;12,,https://www.jra.go.jp/datafile/seiseki/report/2016/2016-4hanshin2.pdf
2016,2016090403,阪神,4,3,2016-09-17,12,1;2;3;4;5;6;7;8;9;10;11;12,,https://www.jra.go.jp/datafile/seiseki/report/2016/2016-4hanshin3.pdf
2016,2016090404,阪神,4,4,2016-09-18,12,1;2;3;4;5;6;7;8;9;10;11;12,,https://www.jra.go.jp/datafile/seiseki/report/2016/2016-4hanshin4.pdf
2016,2016090405,阪神,4,5,2016-09-24,12,1;2;3;4;5;6;7;8;9;10;11;12,,https://www.jra.go.jp/datafile/seiseki/report/2016/2016-4hanshin5.pdf
2016,2016090406,阪神,4,6,2016-09-25,12,1;2;3;4;5;6;7;8;9;10;11;12,,https://www.jra.go.jp/datafile/seiseki/report/2016/2016-4hanshin6.pdf
2016,2016090407,阪神,4,7,2016-10-01,12,1;2;3;4;5;6;7;8;9;10;11;12,,https://www.jra.go.jp/datafile/seiseki/report/2016/2016-4hanshin7.pdf
2016,2016090408,阪神,4,8,2016-10-02,12,1;2;3;4;5;6;7;8;9;10;11;12,,https://www.jra.go.jp/datafile/seiseki/report/2016/2016-4hanshin8.pdf
2016,2016090501,阪神,5,1,2016-12-03,12,1;2;3;4;5;6;7;8;9;10;11;12,,https://www.jra.go.jp/datafile/seiseki/report/2016/2016-5hanshin1.pdf
2016,2016090502,阪神,5,2,2016-12-04,12,1;2;3;4;5;6;7;8;9;10;11;12,,https://www.jra.go.jp/datafile/seiseki/report/2016/2016-5hanshin2.pdf
2016,2016090503,阪神,5,3,2016-12-10,12,1;2;3;4;5;6;7;8;9;10;11;12,,https://www.jra.go.jp/datafile/seiseki/report/2016/2016-5hanshin3.pdf
2016,2016090504,阪神,5,4,2016-12-11,12,1;2;3;4;5;6;7;8;9;10;11;12,,https://www.jra.go.jp/datafile/seiseki/report/2016/2016-5hanshin4.pdf
2016,2016090505,阪神,5,5,2016-12-17,12,1;2;3;4;5;6;7;8;9;10;11;12,,https://www.jra.go.jp/datafile/seiseki/report/2016/2016-5hanshin5.pdf
2016,2016090506,阪神,5,6,2016-12-18,12,1;2;3;4;5;6;7;8;9;10;11;12,,https://www.jra.go.jp/datafile/seiseki/report/2016/2016-5hanshin6.pdf
2016,2016090507,阪神,5,7,2016-12-23,12,1;2;3;4;5;6;7;8;9;10;11;12,,https://www.jra.go.jp/datafile/seiseki/report/2016/2016-5hanshin7.pdf
2016,2016090508,阪神,5,8,2016-12-24,12,1;2;3;4;5;6;7;8;9;10;11;12,,https://www.jra.go.jp/datafile/seiseki/report/2016/2016-5hanshin8.pdf
2016,2016090509,阪神,5,9,2016-12-25,12,1;2;3;4;5;6;7;8;9;10;11;12,,https://www.jra.go.jp/datafile/seiseki/report/2016/2016-5hanshin9.pdf
2016,2016100101,小倉,1,1,2016-02-13,12,1;2;3;4;5;6;7;8;9;10;11;12,,https://www.jra.go.jp/datafile/seiseki/report/2016/2016-1kokura1.pdf
2016,2016100102,小倉,1,2,2016-02-14,12,1;2;3;4;5;6;7;8;9;10;11;12,,https://www.jra.go.jp/datafile/seiseki/report/2016/2016-1kokura2.pdf
2016,2016100103,小倉,1,3,2016-02-20,12,1;2;3;4;5;6;7;8;9;10;11;12,,https://www.jra.go.jp/datafile/seiseki/report/2016/2016-1kokura3.pdf
2016,2016100104,小倉,1,4,2016-02-21,12,1;2;3;4;5;6;7;8;9;10;11;12,,https://www.jra.go.jp/datafile/seiseki/report/2016/2016-1kokura4.pdf
2016,2016100105,小倉,1,5,2016-02-27,12,1;2;3;4;5;6;7;8;9;10;11;12,,https://www.jra.go.jp/datafile/seiseki/report/2016/2016-1kokura5.pdf
2016,2016100106,小倉,1,6,2016-02-28,12,1;2;3;4;5;6;7;8;9;10;11;12,,https://www.jra.go.jp/datafile/seiseki/report/2016/2016-1kokura6.pdf
2016,2016100107,小倉,1,7,2016-03-05,12,1;2;3;4;5;6;7;8;9;10;11;12,,https://www.jra.go.jp/datafile/seiseki/report/2016/2016-1kokura7.pdf
2016,2016100108,小倉,1,8,2016-03-06,12,1;2;3;4;5;6;7;8;9;10;11;12,,https://www.jra.go.jp/datafile/seiseki/report/2016/2016-1kokura8.pdf
2016,2016100201,小倉,2,1,2016-07-30,12,1;2;3;4;5;6;7;8;9;10;11;12,,https://www.jra.go.jp/datafile/seiseki/report/2016/2016-2kokura1.pdf
2016,2016100202,小倉,2,2,2016-07-31,12,1;2;3;4;5;6;7;8;9;10;11;12,,https://www.jra.go.jp/datafile/seiseki/report/2016/2016-2kokura2.pdf
2016,2016100203,小倉,2,3,2016-08-06,12,1;2;3;4;5;6;7;8;9;10;11;12,,https://www.jra.go.jp/datafile/seiseki/report/2016/2016-2kokura3.pdf
2016,2016100204,小倉,2,4,2016-08-07,12,1;2;3;4;5;6;7;8;9;10;11;12,,https://www.jra.go.jp/datafile/seiseki/report/2016/2016-2kokura4.pdf
2016,2016100205,小倉,2,5,2016-08-13,12,1;2;3;4;5;6;7;8;9;10;11;12,,https://www.jra.go.jp/datafile/seiseki/report/2016/2016-2kokura5.pdf
2016,2016100206,小倉,2,6,2016-08-14,12,1;2;3;4;5;6;7;8;9;10;11;12,,https://www.jra.go.jp/datafile/seiseki/report/2016/2016-2kokura6.pdf
2016,2016100207,小倉,2,7,2016-08-20,12,1;2;3;4;5;6;7;8;9;10;11;12,,https://www.jra.go.jp/datafile/seiseki/report/2016/2016-2kokura7.pdf
2016,2016100208,小倉,2,8,2016-08-21,12,1;2;3;4;5;6;7;8;9;10;11;12,,https://www.jra.go.jp/datafile/seiseki/report/2016/2016-2kokura8.pdf
2016,2016100209,小倉,2,9,2016-08-27,12,1;2;3;4;5;6;7;8;9;10;11;12,,https://www.jra.go.jp/datafile/seiseki/report/2016/2016-2kokura9.pdf
2016,2016100210,小倉,2,10,2016-08-28,12,1;2;3;4;5;6;7;8;9;10;11;12,,https://www.jra.go.jp/datafile/seiseki/report/2016/2016-2kokura10.pdf
2016,2016100211,小倉,2,11,2016-09-03,12,1;2;3;4;5;6;7;8;9;10;11;12,,https://www.jra.go.jp/datafile/seiseki/report/2016/2016-2kokura11.pdf
2016,2016100212,小倉,2,12,2016-09-04,12,1;2;3;4;5;6;7;8;9;10;11;12,,https://www.jra.go.jp/datafile/seiseki/report/2016/2016-2kokura12.pdf
2017,2017010101,札幌,1,1,2017-07-29,12,1;2;3;4;5;6;7;8;9;10;11;12,,https://www.jra.go.jp/datafile/seiseki/report/2017/2017-1sapporo1.pdf
2017,2017010102,札幌,1,2,2017-07-30,12,1;2;3;4;5;6;7;8;9;10;11;12,,https://www.jra.go.jp/datafile/seiseki/report/2017/2017-1sapporo2.pdf
2017,2017010103,札幌,1,3,2017-08-05,12,1;2;3;4;5;6;7;8;9;10;11;12,,https://www.jra.go.jp/datafile/seiseki/report/2017/2017-1sapporo3.pdf
2017,2017010104,札幌,1,4,2017-08-06,12,1;2;3;4;5;6;7;8;9;10;11;12,,https://www.jra.go.jp/datafile/seiseki/report/2017/2017-1sapporo4.pdf
2017,2017010105,札幌,1,5,2017-08-12,12,1;2;3;4;5;6;7;8;9;10;11;12,,https://www.jra.go.jp/datafile/seiseki/report/2017/2017-1sapporo5.pdf
2017,2017010106,札幌,1,6,2017-08-13,12,1;2;3;4;5;6;7;8;9;10;11;12,,https://www.jra.go.jp/datafile/seiseki/report/2017/2017-1sapporo6.pdf
2017,2017010201,札幌,2,1,2017-08-19,12,1;2;3;4;5;6;7;8;9;10;11;12,,https://www.jra.go.jp/datafile/seiseki/report/2017/2017-2sapporo1.pdf
2017,2017010202,札幌,2,2,2017-08-20,12,1;2;3;4;5;6;7;8;9;10;11;12,,https://www.jra.go.jp/datafile/seiseki/report/2017/2017-2sapporo2.pdf
2017,2017010203,札幌,2,3,2017-08-26,12,1;2;3;4;5;6;7;8;9;10;11;12,,https://www.jra.go.jp/datafile/seiseki/report/2017/2017-2sapporo3.pdf
2017,2017010204,札幌,2,4,2017-08-27,12,1;2;3;4;5;6;7;8;9;10;11;12,,https://www.jra.go.jp/datafile/seiseki/report/2017/2017-2sapporo4.pdf
2017,2017010205,札幌,2,5,2017-09-02,12,1;2;3;4;5;6;7;8;9;10;11;12,,https://www.jra.go.jp/datafile/seiseki/report/2017/2017-2sapporo5.pdf
2017,2017010206,札幌,2,6,2017-09-03,12,1;2;3;4;5;6;7;8;9;10;11;12,,https://www.jra.go.jp/datafile/seiseki/report/2017/2017-2sapporo6.pdf
2017,2017020101,函館,1,1,2017-06-17,12,1;2;3;4;5;6;7;8;9;10;11;12,,https://www.jra.go.jp/datafile/seiseki/report/2017/2017-1hakodate1.pdf
2017,2017020102,函館,1,2,2017-06-18,12,1;2;3;4;5;6;7;8;9;10;11;12,,https://www.jra.go.jp/datafile/seiseki/report/2017/2017-1hakodate2.pdf
2017,2017020103,函館,1,3,2017-06-24,12,1;2;3;4;5;6;7;8;9;10;11;12,,https://www.jra.go.jp/datafile/seiseki/report/2017/2017-1hakodate3.pdf
2017,2017020104,函館,1,4,2017-06-25,12,1;2;3;4;5;6;7;8;9;10;11;12,,https://www.jra.go.jp/datafile/seiseki/report/2017/2017-1hakodate4.pdf
2017,2017020105,函館,1,5,2017-07-01,12,1;2;3;4;5;6;7;8;9;10;11;12,,https://www.jra.go.jp/datafile/seiseki/report/2017/2017-1hakodate5.pdf
2017,2017020106,函館,1,6,2017-07-02,12,1;2;3;4;5;6;7;8;9;10;11;12,,https://www.jra.go.jp/datafile/seiseki/report/2017/2017-1hakodate6.pdf
2017,2017020201,函館,2,1,2017-07-08,12,1;2;3;4;5;6;7;8;9;10;11;12,,https://www.jra.go.jp/datafile/seiseki/report/2017/2017-2hakodate1.pdf
2017,2017020202,函館,2,2,2017-07-09,12,1;2;3;4;5;6;7;8;9;10;11;12,,https://www.jra.go.jp/datafile/seiseki/report/2017/2017-2hakodate2.pdf
2017,2017020203,函館,2,3,2017-07-15,12,1;2;3;4;5;6;7;8;9;10;11;12,,https://www.jra.go.jp/datafile/seiseki/report/2017/2017-2hakodate3.pdf
2017,2017020204,函館,2,4,2017-07-16,12,1;2;3;4;5;6;7;8;9;10;11;12,,https://www.jra.go.jp/datafile/seiseki/report/2017/2017-2hakodate4.pdf
2017,2017020205,函館,2,5,2017-07-22,12,1;2;3;4;5;6;7;8;9;10;11;12,,https://www.jra.go.jp/datafile/seiseki/report/2017/2017-2hakodate5.pdf
2017,2017020206,函館,2,6,2017-07-23,12,1;2;3;4;5;6;7;8;9;10;11;12,,https://www.jra.go.jp/datafile/seiseki/report/2017/2017-2hakodate6.pdf
2017,2017030101,福島,1,1,2017-04-08,12,1;2;3;4;5;6;7;8;9;10;11;12,,https://www.jra.go.jp/datafile/seiseki/report/2017/2017-1fukushima1.pdf
2017,2017030102,福島,1,2,2017-04-09,12,1;2;3;4;5;6;7;8;9;10;11;12,,https://www.jra.go.jp/datafile/seiseki/report/2017/2017-1fukushima2.pdf
2017,2017030103,福島,1,3,2017-04-15,12,1;2;3;4;5;6;7;8;9;10;11;12,,https://www.jra.go.jp/datafile/seiseki/report/2017/2017-1fukushima3.pdf
2017,2017030104,福島,1,4,2017-04-16,12,1;2;3;4;5;6;7;8;9;10;11;12,,https://www.jra.go.jp/datafile/seiseki/report/2017/2017-1fukushima4.pdf
2017,2017030105,福島,1,5,2017-04-22,12,1;2;3;4;5;6;7;8;9;10;11;12,,https://www.jra.go.jp/datafile/seiseki/report/2017/2017-1fukushima5.pdf
2017,2017030106,福島,1,6,2017-04-23,12,1;2;3;4;5;6;7;8;9;10;11;12,,https://www.jra.go.jp/datafile/seiseki/report/2017/2017-1fukushima6.pdf
2017,2017030201,福島,2,1,2017-07-01,12,1;2;3;4;5;6;7;8;9;10;11;12,,https://www.jra.go.jp/datafile/seiseki/report/2017/2017-2fukushima1.pdf
2017,2017030202,福島,2,2,2017-07-02,12,1;2;3;4;5;6;7;8;9;10;11;12,,https://www.jra.go.jp/datafile/seiseki/report/2017/2017-2fukushima2.pdf
2017,2017030203,福島,2,3,2017-07-08,12,1;2;3;4;5;6;7;8;9;10;11;12,,https://www.jra.go.jp/datafile/seiseki/report/2017/2017-2fukushima3.pdf
2017,2017030204,福島,2,4,2017-07-09,12,1;2;3;4;5;6;7;8;9;10;11;12,,https://www.jra.go.jp/datafile/seiseki/report/2017/2017-2fukushima4.pdf
2017,2017030205,福島,2,5,2017-07-15,12,1;2;3;4;5;6;7;8;9;10;11;12,,https://www.jra.go.jp/datafile/seiseki/report/2017/2017-2fukushima5.pdf
2017,2017030206,福島,2,6,2017-07-16,12,1;2;3;4;5;6;7;8;9;10;11;12,,https://www.jra.go.jp/datafile/seiseki/report/2017/2017-2fukushima6.pdf
2017,2017030207,福島,2,7,2017-07-22,12,1;2;3;4;5;6;7;8;9;10;11;12,,https://www.jra.go.jp/datafile/seiseki/report/2017/2017-2fukushima7.pdf
2017,2017030208,福島,2,8,2017-07-23,12,1;2;3;4;5;6;7;8;9;10;11;12,,https://www.jra.go.jp/datafile/seiseki/report/2017/2017-2fukushima8.pdf
2017,2017030301,福島,3,1,2017-11-03,12,1;2;3;4;5;6;7;8;9;10;11;12,,https://www.jra.go.jp/datafile/seiseki/report/2017/2017-3fukushima1.pdf
2017,2017030302,福島,3,2,2017-11-04,12,1;2;3;4;5;6;7;8;9;10;11;12,,https://www.jra.go.jp/datafile/seiseki/report/2017/2017-3fukushima2.pdf
2017,2017030303,福島,3,3,2017-11-11,12,1;2;3;4;5;6;7;8;9;10;11;12,,https://www.jra.go.jp/datafile/seiseki/report/2017/2017-3fukushima3.pdf
2017,2017030304,福島,3,4,2017-11-12,12,1;2;3;4;5;6;7;8;9;10;11;12,,https://www.jra.go.jp/datafile/seiseki/report/2017/2017-3fukushima4.pdf
2017,2017030305,福島,3,5,2017-11-18,12,1;2;3;4;5;6;7;8;9;10;11;12,,https://www.jra.go.jp/datafile/seiseki/report/2017/2017-3fukushima5.pdf
2017,2017030306,福島,3,6,2017-11-19,12,1;2;3;4;5;6;7;8;9;10;11;12,,https://www.jra.go.jp/datafile/seiseki/report/2017/2017-3fukushima6.pdf
2017,2017040101,新潟,1,1,2017-04-29,12,1;2;3;4;5;6;7;8;9;10;11;12,,https://www.jra.go.jp/datafile/seiseki/report/2017/2017-1niigata1.pdf
2017,2017040102,新潟,1,2,2017-04-30,12,1;2;3;4;5;6;7;8;9;10;11;12,,https://www.jra.go.jp/datafile/seiseki/report/2017/2017-1niigata2.pdf
2017,2017040103,新潟,1,3,2017-05-06,12,1;2;3;4;5;6;7;8;9;10;11;12,,https://www.jra.go.jp/datafile/seiseki/report/2017/2017-1niigata3.pdf
2017,2017040104,新潟,1,4,2017-05-07,12,1;2;3;4;5;6;7;8;9;10;11;12,,https://www.jra.go.jp/datafile/seiseki/report/2017/2017-1niigata4.pdf
2017,2017040105,新潟,1,5,2017-05-13,12,1;2;3;4;5;6;7;8;9;10;11;12,,https://www.jra.go.jp/datafile/seiseki/report/2017/2017-1niigata5.pdf
2017,2017040106,新潟,1,6,2017-05-14,12,1;2;3;4;5;6;7;8;9;10;11;12,,https://www.jra.go.jp/datafile/seiseki/report/2017/2017-1niigata6.pdf
2017,2017040107,新潟,1,7,2017-05-20,12,1;2;3;4;5;6;7;8;9;10;11;12,,https://www.jra.go.jp/datafile/seiseki/report/2017/2017-1niigata7.pdf
2017,2017040108,新潟,1,8,2017-05-21,12,1;2;3;4;5;6;7;8;9;10;11;12,,https://www.jra.go.jp/datafile/seiseki/report/2017/2017-1niigata8.pdf
2017,2017040201,新潟,2,1,2017-07-29,12,1;2;3;4;5;6;7;8;9;10;11;12,,https://www.jra.go.jp/datafile/seiseki/report/2017/2017-2niigata1.pdf
2017,2017040202,新潟,2,2,2017-07-30,12,1;2;3;4;5;6;7;8;9;10;11;12,,https://www.jra.go.jp/datafile/seiseki/report/2017/2017-2niigata2.pdf
2017,2017040203,新潟,2,3,2017-08-05,12,1;2;3;4;5;6;7;8;9;10;11;12,,https://www.jra.go.jp/datafile/seiseki/report/2017/2017-2niigata3.pdf
2017,2017040204,新潟,2,4,2017-08-06,12,1;2;3;4;5;6;7;8;9;10;11;12,,https://www.jra.go.jp/datafile/seiseki/report/2017/2017-2niigata4.pdf
2017,2017040205,新潟,2,5,2017-08-12,12,1;2;3;4;5;6;7;8;9;10;11;12,,https://www.jra.go.jp/datafile/seiseki/report/2017/2017-2niigata5.pdf
2017,2017040206,新潟,2,6,2017-08-13,12,1;2;3;4;5;6;7;8;9;10;11;12,,https://www.jra.go.jp/datafile/seiseki/report/2017/2017-2niigata6.pdf
2017,2017040207,新潟,2,7,2017-08-19,12,1;2;3;4;5;6;7;8;9;10;11;12,,https://www.jra.go.jp/datafile/seiseki/report/2017/2017-2niigata7.pdf
2017,2017040208,新潟,2,8,2017-08-20,12,1;2;3;4;5;6;7;8;9;10;11;12,,https://www.jra.go.jp/datafile/seiseki/report/2017/2017-2niigata8.pdf
2017,2017040209,新潟,2,9,2017-08-26,12,1;2;3;4;5;6;7;8;9;10;11;12,,https://www.jra.go.jp/datafile/seiseki/report/2017/2017-2niigata9.pdf
2017,2017040210,新潟,2,10,2017-08-27,12,1;2;3;4;5;6;7;8;9;10;11;12,,https://www.jra.go.jp/datafile/seiseki/report/2017/2017-2niigata10.pdf
2017,2017040211,新潟,2,11,2017-09-02,12,1;2;3;4;5;6;7;8;9;10;11;12,,https://www.jra.go.jp/datafile/seiseki/report/2017/2017-2niigata11.pdf
2017,2017040212,新潟,2,12,2017-09-03,12,1;2;3;4;5;6;7;8;9;10;11;12,,https://www.jra.go.jp/datafile/seiseki/report/2017/2017-2niigata12.pdf
2017,2017040301,新潟,3,1,2017-10-14,12,1;2;3;4;5;6;7;8;9;10;11;12,,https://www.jra.go.jp/datafile/seiseki/report/2017/2017-3niigata1.pdf
2017,2017040302,新潟,3,2,2017-10-15,12,1;2;3;4;5;6;7;8;9;10;11;12,,https://www.jra.go.jp/datafile/seiseki/report/2017/2017-3niigata2.pdf
2017,2017040303,新潟,3,3,2017-10-21,12,1;2;3;4;5;6;7;8;9;10;11;12,,https://www.jra.go.jp/datafile/seiseki/report/2017/2017-3niigata3.pdf
2017,2017040304,新潟,3,4,2017-10-22,12,1;2;3;4;5;6;7;8;9;10;11;12,,https://www.jra.go.jp/datafile/seiseki/report/2017/2017-3niigata4.pdf
2017,2017040305,新潟,3,5,2017-10-28,12,1;2;3;4;5;6;7;8;9;10;11;12,,https://www.jra.go.jp/datafile/seiseki/report/2017/2017-3niigata5.pdf
2017,2017040306,新潟,3,6,2017-10-29,12,1;2;3;4;5;6;7;8;9;10;11;12,,https://www.jra.go.jp/datafile/seiseki/report/2017/2017-3niigata6.pdf
2017,2017050101,東京,1,1,2017-01-28,12,1;2;3;4;5;6;7;8;9;10;11;12,,https://www.jra.go.jp/datafile/seiseki/report/2017/2017-1tokyo1.pdf
2017,2017050102,東京,1,2,2017-01-29,12,1;2;3;4;5;6;7;8;9;10;11;12,,https://www.jra.go.jp/datafile/seiseki/report/2017/2017-1tokyo2.pdf
2017,2017050103,東京,1,3,2017-02-04,12,1;2;3;4;5;6;7;8;9;10;11;12,,https://www.jra.go.jp/datafile/seiseki/report/2017/2017-1tokyo3.pdf
2017,2017050104,東京,1,4,2017-02-05,12,1;2;3;4;5;6;7;8;9;10;11;12,,https://www.jra.go.jp/datafile/seiseki/report/2017/2017-1tokyo4.pdf
2017,2017050105,東京,1,5,2017-02-11,12,1;2;3;4;5;6;7;8;9;10;11;12,,https://www.jra.go.jp/datafile/seiseki/report/2017/2017-1tokyo5.pdf
2017,2017050106,東京,1,6,2017-02-12,12,1;2;3;4;5;6;7;8;9;10;11;12,,https://www.jra.go.jp/datafile/seiseki/report/2017/2017-1tokyo6.pdf
2017,2017050107,東京,1,7,2017-02-18,12,1;2;3;4;5;6;7;8;9;10;11;12,,https://www.jra.go.jp/datafile/seiseki/report/2017/2017-1tokyo7.pdf
2017,2017050108,東京,1,8,2017-02-19,12,1;2;3;4;5;6;7;8;9;10;11;12,,https://www.jra.go.jp/datafile/seiseki/report/2017/2017-1tokyo8.pdf
2017,2017050201,東京,2,1,2017-04-22,12,1;2;3;4;5;6;7;8;9;10;11;12,,https://www.jra.go.jp/datafile/seiseki/report/2017/2017-2tokyo1.pdf
2017,2017050202,東京,2,2,2017-04-23,12,1;2;3;4;5;6;7;8;9;10;11;12,,https://www.jra.go.jp/datafile/seiseki/report/2017/2017-2tokyo2.pdf
2017,2017050203,東京,2,3,2017-04-29,12,1;2;3;4;5;6;7;8;9;10;11;12,,https://www.jra.go.jp/datafile/seiseki/report/2017/2017-2tokyo3.pdf
2017,2017050204,東京,2,4,2017-04-30,12,1;2;3;4;5;6;7;8;9;10;11;12,,https://www.jra.go.jp/datafile/seiseki/report/2017/2017-2tokyo4.pdf
2017,2017050205,東京,2,5,2017-05-06,12,1;2;3;4;5;6;7;8;9;10;11;12,,https://www.jra.go.jp/datafile/seiseki/report/2017/2017-2tokyo5.pdf
2017,2017050206,東京,2,6,2017-05-07,12,1;2;3;4;5;6;7;8;9;10;11;12,,https://www.jra.go.jp/datafile/seiseki/report/2017/2017-2tokyo6.pdf
2017,2017050207,東京,2,7,2017-05-13,12,1;2;3;4;5;6;7;8;9;10;11;12,,https://www.jra.go.jp/datafile/seiseki/report/2017/2017-2tokyo7.pdf
2017,2017050208,東京,2,8,2017-05-14,12,1;2;3;4;5;6;7;8;9;10;11;12,,https://www.jra.go.jp/datafile/seiseki/report/2017/2017-2tokyo8.pdf
2017,2017050209,東京,2,9,2017-05-20,12,1;2;3;4;5;6;7;8;9;10;11;12,,https://www.jra.go.jp/datafile/seiseki/report/2017/2017-2tokyo9.pdf
2017,2017050210,東京,2,10,2017-05-21,12,1;2;3;4;5;6;7;8;9;10;11;12,,https://www.jra.go.jp/datafile/seiseki/report/2017/2017-2tokyo10.pdf
2017,2017050211,東京,2,11,2017-05-27,12,1;2;3;4;5;6;7;8;9;10;11;12,,https://www.jra.go.jp/datafile/seiseki/report/2017/2017-2tokyo11.pdf
2017,2017050212,東京,2,12,2017-05-28,12,1;2;3;4;5;6;7;8;9;10;11;12,,https://www.jra.go.jp/datafile/seiseki/report/2017/2017-2tokyo12.pdf
2017,2017050301,東京,3,1,2017-06-03,12,1;2;3;4;5;6;7;8;9;10;11;12,,https://www.jra.go.jp/datafile/seiseki/report/2017/2017-3tokyo1.pdf
2017,2017050302,東京,3,2,2017-06-04,12,1;2;3;4;5;6;7;8;9;10;11;12,,https://www.jra.go.jp/datafile/seiseki/report/2017/2017-3tokyo2.pdf
2017,2017050303,東京,3,3,2017-06-10,12,1;2;3;4;5;6;7;8;9;10;11;12,,https://www.jra.go.jp/datafile/seiseki/report/2017/2017-3tokyo3.pdf
2017,2017050304,東京,3,4,2017-06-11,12,1;2;3;4;5;6;7;8;9;10;11;12,,https://www.jra.go.jp/datafile/seiseki/report/2017/2017-3tokyo4.pdf
2017,2017050305,東京,3,5,2017-06-17,12,1;2;3;4;5;6;7;8;9;10;11;12,,https://www.jra.go.jp/datafile/seiseki/report/2017/2017-3tokyo5.pdf
2017,2017050306,東京,3,6,2017-06-18,12,1;2;3;4;5;6;7;8;9;10;11;12,,https://www.jra.go.jp/datafile/seiseki/report/2017/2017-3tokyo6.pdf
2017,2017050307,東京,3,7,2017-06-24,12,1;2;3;4;5;6;7;8;9;10;11;12,,https://www.jra.go.jp/datafile/seiseki/report/2017/2017-3tokyo7.pdf
2017,2017050308,東京,3,8,2017-06-25,12,1;2;3;4;5;6;7;8;9;10;11;12,,https://www.jra.go.jp/datafile/seiseki/report/2017/2017-3tokyo8.pdf
2017,2017050401,東京,4,1,2017-10-07,12,1;2;3;4;5;6;7;8;9;10;11;12,,https://www.jra.go.jp/datafile/seiseki/report/2017/2017-4tokyo1.pdf
2017,2017050402,東京,4,2,2017-10-08,12,1;2;3;4;5;6;7;8;9;10;11;12,,https://www.jra.go.jp/datafile/seiseki/report/2017/2017-4tokyo2.pdf
2017,2017050403,東京,4,3,2017-10-09,12,1;2;3;4;5;6;7;8;9;10;11;12,,https://www.jra.go.jp/datafile/seiseki/report/2017/2017-4tokyo3.pdf
2017,2017050404,東京,4,4,2017-10-14,12,1;2;3;4;5;6;7;8;9;10;11;12,,https://www.jra.go.jp/datafile/seiseki/report/2017/2017-4tokyo4.pdf
2017,2017050405,東京,4,5,2017-10-15,12,1;2;3;4;5;6;7;8;9;10;11;12,,https://www.jra.go.jp/datafile/seiseki/report/2017/2017-4tokyo5.pdf
2017,2017050406,東京,4,6,2017-10-21,12,1;2;3;4;5;6;7;8;9;10;11;12,,https://www.jra.go.jp/datafile/seiseki/report/2017/2017-4tokyo6.pdf
2017,2017050407,東京,4,7,2017-10-22,12,1;2;3;4;5;6;7;8;9;10;11;12,,https://www.jra.go.jp/datafile/seiseki/report/2017/2017-4tokyo7.pdf
2017,2017050408,東京,4,8,2017-10-28,12,1;2;3;4;5;6;7;8;9;10;11;12,,https://www.jra.go.jp/datafile/seiseki/report/2017/2017-4tokyo8.pdf
2017,2017050409,東京,4,9,2017-10-29,12,1;2;3;4;5;6;7;8;9;10;11;12,,https://www.jra.go.jp/datafile/seiseki/report/2017/2017-4tokyo9.pdf
2017,2017050501,東京,5,1,2017-11-04,12,1;2;3;4;5;6;7;8;9;10;11;12,,https://www.jra.go.jp/datafile/seiseki/report/2017/2017-5tokyo1.pdf
2017,2017050502,東京,5,2,2017-11-05,12,1;2;3;4;5;6;7;8;9;10;11;12,,https://www.jra.go.jp/datafile/seiseki/report/2017/2017-5tokyo2.pdf
2017,2017050503,東京,5,3,2017-11-11,12,1;2;3;4;5;6;7;8;9;10;11;12,,https://www.jra.go.jp/datafile/seiseki/report/2017/2017-5tokyo3.pdf
2017,2017050504,東京,5,4,2017-11-12,12,1;2;3;4;5;6;7;8;9;10;11;12,,https://www.jra.go.jp/datafile/seiseki/report/2017/2017-5tokyo4.pdf
2017,2017050505,東京,5,5,2017-11-18,12,1;2;3;4;5;6;7;8;9;10;11;12,,https://www.jra.go.jp/datafile/seiseki/report/2017/2017-5tokyo5.pdf
2017,2017050506,東京,5,6,2017-11-19,12,1;2;3;4;5;6;7;8;9;10;11;12,,https://www.jra.go.jp/datafile/seiseki/report/2017/2017-5tokyo6.pdf
2017,2017050507,東京,5,7,2017-11-25,12,1;2;3;4;5;6;7;8;9;10;11;12,,https://www.jra.go.jp/datafile/seiseki/report/2017/2017-5tokyo7.pdf
2017,2017050508,東京,5,8,2017-11-26,11,1;2;3;4;5;6;7;8;9;10;11,12,https://www.jra.go.jp/datafile/seiseki/report/2017/2017-5tokyo8.pdf
2017,2017060101,中山,1,1,2017-01-05,12,1;2;3;4;5;6;7;8;9;10;11;12,,https://www.jra.go.jp/datafile/seiseki/report/2017/2017-1nakayama1.pdf
2017,2017060102,中山,1,2,2017-01-07,12,1;2;3;4;5;6;7;8;9;10;11;12,,https://www.jra.go.jp/datafile/seiseki/report/2017/2017-1nakayama2.pdf
2017,2017060103,中山,1,3,2017-01-08,12,1;2;3;4;5;6;7;8;9;10;11;12,,https://www.jra.go.jp/datafile/seiseki/report/2017/2017-1nakayama3.pdf
2017,2017060104,中山,1,4,2017-01-14,12,1;2;3;4;5;6;7;8;9;10;11;12,,https://www.jra.go.jp/datafile/seiseki/report/2017/2017-1nakayama4.pdf
2017,2017060105,中山,1,5,2017-01-15,12,1;2;3;4;5;6;7;8;9;10;11;12,,https://www.jra.go.jp/datafile/seiseki/report/2017/2017-1nakayama5.pdf
2017,2017060106,中山,1,6,2017-01-21,12,1;2;3;4;5;6;7;8;9;10;11;12,,https://www.jra.go.jp/datafile/seiseki/report/2017/2017-1nakayama6.pdf
2017,2017060107,中山,1,7,2017-01-22,12,1;2;3;4;5;6;7;8;9;10;11;12,,https://www.jra.go.jp/datafile/seiseki/report/2017/2017-1nakayama7.pdf
2017,2017060201,中山,2,1,2017-02-25,12,1;2;3;4;5;6;7;8;9;10;11;12,,https://www.jra.go.jp/datafile/seiseki/report/2017/2017-2nakayama1.pdf
2017,2017060202,中山,2,2,2017-02-26,12,1;2;3;4;5;6;7;8;9;10;11;12,,https://www.jra.go.jp/datafile/seiseki/report/2017/2017-2nakayama2.pdf
2017,2017060203,中山,2,3,2017-03-04,12,1;2;3;4;5;6;7;8;9;10;11;12,,https://www.jra.go.jp/datafile/seiseki/report/2017/2017-2nakayama3.pdf
2017,2017060204,中山,2,4,2017-03-05,12,1;2;3;4;5;6;7;8;9;10;11;12,,https://www.jra.go.jp/datafile/seiseki/report/2017/2017-2nakayama4.pdf
2017,2017060205,中山,2,5,2017-03-11,12,1;2;3;4;5;6;7;8;9;10;11;12,,https://www.jra.go.jp/datafile/seiseki/report/2017/2017-2nakayama5.pdf
2017,2017060206,中山,2,6,2017-03-12,12,1;2;3;4;5;6;7;8;9;10;11;12,,https://www.jra.go.jp/datafile/seiseki/report/2017/2017-2nakayama6.pdf
2017,2017060207,中山,2,7,2017-03-19,12,1;2;3;4;5;6;7;8;9;10;11;12,,https://www.jra.go.jp/datafile/seiseki/report/2017/2017-2nakayama7.pdf
2017,2017060208,中山,2,8,2017-03-20,12,1;2;3;4;5;6;7;8;9;10;11;12,,https://www.jra.go.jp/datafile/seiseki/report/2017/2017-2nakayama8.pdf
2017,2017060301,中山,3,1,2017-03-25,12,1;2;3;4;5;6;7;8;9;10;11;12,,https://www.jra.go.jp/datafile/seiseki/report/2017/2017-3nakayama1.pdf
2017,2017060302,中山,3,2,2017-03-26,12,1;2;3;4;5;6;7;8;9;10;11;12,,https://www.jra.go.jp/datafile/seiseki/report/2017/2017-3nakayama2.pdf
2017,2017060303,中山,3,3,2017-04-01,12,1;2;3;4;5;6;7;8;9;10;11;12,,https://www.jra.go.jp/datafile/seiseki/report/2017/2017-3nakayama3.pdf
2017,2017060304,中山,3,4,2017-04-02,12,1;2;3;4;5;6;7;8;9;10;11;12,,https://www.jra.go.jp/datafile/seiseki/report/2017/2017-3nakayama4.pdf
2017,2017060305,中山,3,5,2017-04-08,12,1;2;3;4;5;6;7;8;9;10;11;12,,https://www.jra.go.jp/datafile/seiseki/report/2017/2017-3nakayama5.pdf
2017,2017060306,中山,3,6,2017-04-09,12,1;2;3;4;5;6;7;8;9;10;11;12,,https://www.jra.go.jp/datafile/seiseki/report/2017/2017-3nakayama6.pdf
2017,2017060307,中山,3,7,2017-04-15,12,1;2;3;4;5;6;7;8;9;10;11;12,,https://www.jra.go.jp/datafile/seiseki/report/2017/2017-3nakayama7.pdf
2017,2017060308,中山,3,8,2017-04-16,12,1;2;3;4;5;6;7;8;9;10;11;12,,https://www.jra.go.jp/datafile/seiseki/report/2017/2017-3nakayama8.pdf
2017,2017060401,中山,4,1,2017-09-09,12,1;2;3;4;5;6;7;8;9;10;11;12,,https://www.jra.go.jp/datafile/seiseki/report/2017/2017-4nakayama1.pdf
2017,2017060402,中山,4,2,2017-09-10,12,1;2;3;4;5;6;7;8;9;10;11;12,,https://www.jra.go.jp/datafile/seiseki/report/2017/2017-4nakayama2.pdf
2017,2017060403,中山,4,3,2017-09-16,12,1;2;3;4;5;6;7;8;9;10;11;12,,https://www.jra.go.jp/datafile/seiseki/report/2017/2017-4nakayama3.pdf
2017,2017060404,中山,4,4,2017-09-17,12,1;2;3;4;5;6;7;8;9;10;11;12,,https://www.jra.go.jp/datafile/seiseki/report/2017/2017-4nakayama4.pdf
2017,2017060405,中山,4,5,2017-09-18,12,1;2;3;4;5;6;7;8;9;10;11;12,,https://www.jra.go.jp/datafile/seiseki/report/2017/2017-4nakayama5.pdf
2017,2017060406,中山,4,6,2017-09-23,12,1;2;3;4;5;6;7;8;9;10;11;12,,https://www.jra.go.jp/datafile/seiseki/report/2017/2017-4nakayama6.pdf
2017,2017060407,中山,4,7,2017-09-24,12,1;2;3;4;5;6;7;8;9;10;11;12,,https://www.jra.go.jp/datafile/seiseki/report/2017/2017-4nakayama7.pdf
2017,2017060408,中山,4,8,2017-09-30,12,1;2;3;4;5;6;7;8;9;10;11;12,,https://www.jra.go.jp/datafile/seiseki/report/2017/2017-4nakayama8.pdf
2017,2017060409,中山,4,9,2017-10-01,12,1;2;3;4;5;6;7;8;9;10;11;12,,https://www.jra.go.jp/datafile/seiseki/report/2017/2017-4nakayama9.pdf
2017,2017060501,中山,5,1,2017-12-02,12,1;2;3;4;5;6;7;8;9;10;11;12,,https://www.jra.go.jp/datafile/seiseki/report/2017/2017-5nakayama1.pdf
2017,2017060502,中山,5,2,2017-12-03,12,1;2;3;4;5;6;7;8;9;10;11;12,,https://www.jra.go.jp/datafile/seiseki/report/2017/2017-5nakayama2.pdf
2017,2017060503,中山,5,3,2017-12-09,12,1;2;3;4;5;6;7;8;9;10;11;12,,https://www.jra.go.jp/datafile/seiseki/report/2017/2017-5nakayama3.pdf
2017,2017060504,中山,5,4,2017-12-10,12,1;2;3;4;5;6;7;8;9;10;11;12,,https://www.jra.go.jp/datafile/seiseki/report/2017/2017-5nakayama4.pdf
2017,2017060505,中山,5,5,2017-12-16,12,1;2;3;4;5;6;7;8;9;10;11;12,,https://www.jra.go.jp/datafile/seiseki/report/2017/2017-5nakayama5.pdf
2017,2017060506,中山,5,6,2017-12-17,12,1;2;3;4;5;6;7;8;9;10;11;12,,https://www.jra.go.jp/datafile/seiseki/report/2017/2017-5nakayama6.pdf
2017,2017060507,中山,5,7,2017-12-23,12,1;2;3;4;5;6;7;8;9;10;11;12,,https://www.jra.go.jp/datafile/seiseki/report/2017/2017-5nakayama7.pdf
2017,2017060508,中山,5,8,2017-12-24,12,1;2;3;4;5;6;7;8;9;10;11;12,,https://www.jra.go.jp/datafile/seiseki/report/2017/2017-5nakayama8.pdf
2017,2017060509,中山,5,9,2017-12-28,12,1;2;3;4;5;6;7;8;9;10;11;12,,https://www.jra.go.jp/datafile/seiseki/report/2017/2017-5nakayama9.pdf
2017,2017070101,中京,1,1,2017-01-14,12,1;2;3;4;5;6;7;8;9;10;11;12,,https://www.jra.go.jp/datafile/seiseki/report/2017/2017-1chukyo1.pdf
2017,2017070102,中京,1,2,2017-01-16,12,1;2;3;4;5;6;7;8;9;10;11;12,,https://www.jra.go.jp/datafile/seiseki/report/2017/2017-1chukyo2.pdf
2017,2017070103,中京,1,3,2017-01-21,12,1;2;3;4;5;6;7;8;9;10;11;12,,https://www.jra.go.jp/datafile/seiseki/report/2017/2017-1chukyo3.pdf
2017,2017070104,中京,1,4,2017-01-22,12,1;2;3;4;5;6;7;8;9;10;11;12,,https://www.jra.go.jp/datafile/seiseki/report/2017/2017-1chukyo4.pdf
2017,2017070105,中京,1,5,2017-01-28,12,1;2;3;4;5;6;7;8;9;10;11;12,,https://www.jra.go.jp/datafile/seiseki/report/2017/2017-1chukyo5.pdf
2017,2017070106,中京,1,6,2017-01-29,12,1;2;3;4;5;6;7;8;9;10;11;12,,https://www.jra.go.jp/datafile/seiseki/report/2017/2017-1chukyo6.pdf
2017,2017070201,中京,2,1,2017-03-11,12,1;2;3;4;5;6;7;8;9;10;11;12,,https://www.jra.go.jp/datafile/seiseki/report/2017/2017-2chukyo1.pdf
2017,2017070202,中京,2,2,2017-03-12,12,1;2;3;4;5;6;7;8;9;10;11;12,,https://www.jra.go.jp/datafile/seiseki/report/2017/2017-2chukyo2.pdf
2017,2017070203,中京,2,3,2017-03-18,12,1;2;3;4;5;6;7;8;9;10;11;12,,https://www.jra.go.jp/datafile/seiseki/report/2017/2017-2chukyo3.pdf
2017,2017070204,中京,2,4,2017-03-20,12,1;2;3;4;5;6;7;8;9;10;11;12,,https://www.jra.go.jp/datafile/seiseki/report/2017/2017-2chukyo4.pdf
2017,2017070205,中京,2,5,2017-03-25,12,1;2;3;4;5;6;7;8;9;10;11;12,,https://www.jra.go.jp/datafile/seiseki/report/2017/2017-2chukyo5.pdf
2017,2017070206,中京,2,6,2017-03-26,12,1;2;3;4;5;6;7;8;9;10;11;12,,https://www.jra.go.jp/datafile/seiseki/report/2017/2017-2chukyo6.pdf
2017,2017070301,中京,3,1,2017-07-01,12,1;2;3;4;5;6;7;8;9;10;11;12,,https://www.jra.go.jp/datafile/seiseki/report/2017/2017-3chukyo1.pdf
2017,2017070302,中京,3,2,2017-07-02,12,1;2;3;4;5;6;7;8;9;10;11;12,,https://www.jra.go.jp/datafile/seiseki/report/2017/2017-3chukyo2.pdf
2017,2017070303,中京,3,3,2017-07-08,12,1;2;3;4;5;6;7;8;9;10;11;12,,https://www.jra.go.jp/datafile/seiseki/report/2017/2017-3chukyo3.pdf
2017,2017070304,中京,3,4,2017-07-09,12,1;2;3;4;5;6;7;8;9;10;11;12,,https://www.jra.go.jp/datafile/seiseki/report/2017/2017-3chukyo4.pdf
2017,2017070305,中京,3,5,2017-07-15,12,1;2;3;4;5;6;7;8;9;10;11;12,,https://www.jra.go.jp/datafile/seiseki/report/2017/2017-3chukyo5.pdf
2017,2017070306,中京,3,6,2017-07-16,12,1;2;3;4;5;6;7;8;9;10;11;12,,https://www.jra.go.jp/datafile/seiseki/report/2017/2017-3chukyo6.pdf
2017,2017070307,中京,3,7,2017-07-22,12,1;2;3;4;5;6;7;8;9;10;11;12,,https://www.jra.go.jp/datafile/seiseki/report/2017/2017-3chukyo7.pdf
2017,2017070308,中京,3,8,2017-07-23,12,1;2;3;4;5;6;7;8;9;10;11;12,,https://www.jra.go.jp/datafile/seiseki/report/2017/2017-3chukyo8.pdf
2017,2017070401,中京,4,1,2017-12-02,12,1;2;3;4;5;6;7;8;9;10;11;12,,https://www.jra.go.jp/datafile/seiseki/report/2017/2017-4chukyo1.pdf
2017,2017070402,中京,4,2,2017-12-03,12,1;2;3;4;5;6;7;8;9;10;11;12,,https://www.jra.go.jp/datafile/seiseki/report/2017/2017-4chukyo2.pdf
2017,2017070403,中京,4,3,2017-12-09,12,1;2;3;4;5;6;7;8;9;10;11;12,,https://www.jra.go.jp/datafile/seiseki/report/2017/2017-4chukyo3.pdf
2017,2017070404,中京,4,4,2017-12-10,12,1;2;3;4;5;6;7;8;9;10;11;12,,https://www.jra.go.jp/datafile/seiseki/report/2017/2017-4chukyo4.pdf
2017,2017070405,中京,4,5,2017-12-16,12,1;2;3;4;5;6;7;8;9;10;11;12,,https://www.jra.go.jp/datafile/seiseki/report/2017/2017-4chukyo5.pdf
2017,2017070406,中京,4,6,2017-12-17,12,1;2;3;4;5;6;7;8;9;10;11;12,,https://www.jra.go.jp/datafile/seiseki/report/2017/2017-4chukyo6.pdf
2017,2017080101,京都,1,1,2017-01-05,12,1;2;3;4;5;6;7;8;9;10;11;12,,https://www.jra.go.jp/datafile/seiseki/report/2017/2017-1kyoto1.pdf
2017,2017080102,京都,1,2,2017-01-07,12,1;2;3;4;5;6;7;8;9;10;11;12,,https://www.jra.go.jp/datafile/seiseki/report/2017/2017-1kyoto2.pdf
2017,2017080103,京都,1,3,2017-01-08,12,1;2;3;4;5;6;7;8;9;10;11;12,,https://www.jra.go.jp/datafile/seiseki/report/2017/2017-1kyoto3.pdf
2017,2017080104,京都,1,4,2017-01-14,12,1;2;3;4;5;6;7;8;9;10;11;12,,https://www.jra.go.jp/datafile/seiseki/report/2017/2017-1kyoto4.pdf
2017,2017080105,京都,1,5,2017-01-17,12,1;2;3;4;5;6;7;8;9;10;11;12,,https://www.jra.go.jp/datafile/seiseki/report/2017/2017-1kyoto5.pdf
2017,2017080106,京都,1,6,2017-01-21,12,1;2;3;4;5;6;7;8;9;10;11;12,,https://www.jra.go.jp/datafile/seiseki/report/2017/2017-1kyoto6.pdf
2017,2017080107,京都,1,7,2017-01-22,12,1;2;3;4;5;6;7;8;9;10;11;12,,https://www.jra.go.jp/datafile/seiseki/report/2017/2017-1kyoto7.pdf
2017,2017080201,京都,2,1,2017-01-28,12,1;2;3;4;5;6;7;8;9;10;11;12,,https://www.jra.go.jp/datafile/seiseki/report/2017/2017-2kyoto1.pdf
2017,2017080202,京都,2,2,2017-01-29,12,1;2;3;4;5;6;7;8;9;10;11;12,,https://www.jra.go.jp/datafile/seiseki/report/2017/2017-2kyoto2.pdf
2017,2017080203,京都,2,3,2017-02-04,12,1;2;3;4;5;6;7;8;9;10;11;12,,https://www.jra.go.jp/datafile/seiseki/report/2017/2017-2kyoto3.pdf
2017,2017080204,京都,2,4,2017-02-05,12,1;2;3;4;5;6;7;8;9;10;11;12,,https://www.jra.go.jp/datafile/seiseki/report/2017/2017-2kyoto4.pdf
2017,2017080205,京都,2,5,2017-02-11,12,1;2;3;4;5;6;7;8;9;10;11;12,,https://www.jra.go.jp/datafile/seiseki/report/2017/2017-2kyoto5.pdf
2017,2017080206,京都,2,6,2017-02-12,12,1;2;3;4;5;6;7;8;9;10;11;12,,https://www.jra.go.jp/datafile/seiseki/report/2017/2017-2kyoto6.pdf
2017,2017080207,京都,2,7,2017-02-18,12,1;2;3;4;5;6;7;8;9;10;11;12,,https://www.jra.go.jp/datafile/seiseki/report/2017/2017-2kyoto7.pdf
2017,2017080208,京都,2,8,2017-02-19,12,1;2;3;4;5;6;7;8;9;10;11;12,,https://www.jra.go.jp/datafile/seiseki/report/2017/2017-2kyoto8.pdf
2017,2017080301,京都,3,1,2017-04-22,12,1;2;3;4;5;6;7;8;9;10;11;12,,https://www.jra.go.jp/datafile/seiseki/report/2017/2017-3kyoto1.pdf
2017,2017080302,京都,3,2,2017-04-23,12,1;2;3;4;5;6;7;8;9;10;11;12,,https://www.jra.go.jp/datafile/seiseki/report/2017/2017-3kyoto2.pdf
2017,2017080303,京都,3,3,2017-04-29,12,1;2;3;4;5;6;7;8;9;10;11;12,,https://www.jra.go.jp/datafile/seiseki/report/2017/2017-3kyoto3.pdf
2017,2017080304,京都,3,4,2017-04-30,12,1;2;3;4;5;6;7;8;9;10;11;12,,https://www.jra.go.jp/datafile/seiseki/report/2017/2017-3kyoto4.pdf
2017,2017080305,京都,3,5,2017-05-06,12,1;2;3;4;5;6;7;8;9;10;11;12,,https://www.jra.go.jp/datafile/seiseki/report/2017/2017-3kyoto5.pdf
2017,2017080306,京都,3,6,2017-05-07,12,1;2;3;4;5;6;7;8;9;10;11;12,,https://www.jra.go.jp/datafile/seiseki/report/2017/2017-3kyoto6.pdf
2017,2017080307,京都,3,7,2017-05-13,12,1;2;3;4;5;6;7;8;9;10;11;12,,https://www.jra.go.jp/datafile/seiseki/report/2017/2017-3kyoto7.pdf
2017,2017080308,京都,3,8,2017-05-14,12,1;2;3;4;5;6;7;8;9;10;11;12,,https://www.jra.go.jp/datafile/seiseki/report/2017/2017-3kyoto8.pdf
2017,2017080309,京都,3,9,2017-05-20,12,1;2;3;4;5;6;7;8;9;10;11;12,,https://www.jra.go.jp/datafile/seiseki/report/2017/2017-3kyoto9.pdf
2017,2017080310,京都,3,10,2017-05-21,12,1;2;3;4;5;6;7;8;9;10;11;12,,https://www.jra.go.jp/datafile/seiseki/report/2017/2017-3kyoto10.pdf
2017,2017080311,京都,3,11,2017-05-27,12,1;2;3;4;5;6;7;8;9;10;11;12,,https://www.jra.go.jp/datafile/seiseki/report/2017/2017-3kyoto11.pdf
2017,2017080312,京都,3,12,2017-05-28,12,1;2;3;4;5;6;7;8;9;10;11;12,,https://www.jra.go.jp/datafile/seiseki/report/2017/2017-3kyoto12.pdf
2017,2017080401,京都,4,1,2017-10-07,12,1;2;3;4;5;6;7;8;9;10;11;12,,https://www.jra.go.jp/datafile/seiseki/report/2017/2017-4kyoto1.pdf
2017,2017080402,京都,4,2,2017-10-08,12,1;2;3;4;5;6;7;8;9;10;11;12,,https://www.jra.go.jp/datafile/seiseki/report/2017/2017-4kyoto2.pdf
2017,2017080403,京都,4,3,2017-10-09,12,1;2;3;4;5;6;7;8;9;10;11;12,,https://www.jra.go.jp/datafile/seiseki/report/2017/2017-4kyoto3.pdf
2017,2017080404,京都,4,4,2017-10-14,12,1;2;3;4;5;6;7;8;9;10;11;12,,https://www.jra.go.jp/datafile/seiseki/report/2017/2017-4kyoto4.pdf
2017,2017080405,京都,4,5,2017-10-15,12,1;2;3;4;5;6;7;8;9;10;11;12,,https://www.jra.go.jp/datafile/seiseki/report/2017/2017-4kyoto5.pdf
2017,2017080406,京都,4,6,2017-10-21,12,1;2;3;4;5;6;7;8;9;10;11;12,,https://www.jra.go.jp/datafile/seiseki/report/2017/2017-4kyoto6.pdf
2017,2017080407,京都,4,7,2017-10-22,12,1;2;3;4;5;6;7;8;9;10;11;12,,https://www.jra.go.jp/datafile/seiseki/report/2017/2017-4kyoto7.pdf
2017,2017080408,京都,4,8,2017-10-28,12,1;2;3;4;5;6;7;8;9;10;11;12,,https://www.jra.go.jp/datafile/seiseki/report/2017/2017-4kyoto8.pdf
2017,2017080409,京都,4,9,2017-10-29,12,1;2;3;4;5;6;7;8;9;10;11;12,,https://www.jra.go.jp/datafile/seiseki/report/2017/2017-4kyoto9.pdf
2017,2017080501,京都,5,1,2017-11-03,12,1;2;3;4;5;6;7;8;9;10;11;12,,https://www.jra.go.jp/datafile/seiseki/report/2017/2017-5kyoto1.pdf
2017,2017080502,京都,5,2,2017-11-05,12,1;2;3;4;5;6;7;8;9;10;11;12,,https://www.jra.go.jp/datafile/seiseki/report/2017/2017-5kyoto2.pdf
2017,2017080503,京都,5,3,2017-11-11,12,1;2;3;4;5;6;7;8;9;10;11;12,,https://www.jra.go.jp/datafile/seiseki/report/2017/2017-5kyoto3.pdf
2017,2017080504,京都,5,4,2017-11-12,12,1;2;3;4;5;6;7;8;9;10;11;12,,https://www.jra.go.jp/datafile/seiseki/report/2017/2017-5kyoto4.pdf
2017,2017080505,京都,5,5,2017-11-18,12,1;2;3;4;5;6;7;8;9;10;11;12,,https://www.jra.go.jp/datafile/seiseki/report/2017/2017-5kyoto5.pdf
2017,2017080506,京都,5,6,2017-11-19,12,1;2;3;4;5;6;7;8;9;10;11;12,,https://www.jra.go.jp/datafile/seiseki/report/2017/2017-5kyoto6.pdf
2017,2017080507,京都,5,7,2017-11-25,12,1;2;3;4;5;6;7;8;9;10;11;12,,https://www.jra.go.jp/datafile/seiseki/report/2017/2017-5kyoto7.pdf
2017,2017080508,京都,5,8,2017-11-26,12,1;2;3;4;5;6;7;8;9;10;11;12,,https://www.jra.go.jp/datafile/seiseki/report/2017/2017-5kyoto8.pdf
2017,2017090101,阪神,1,1,2017-02-25,12,1;2;3;4;5;6;7;8;9;10;11;12,,https://www.jra.go.jp/datafile/seiseki/report/2017/2017-1hanshin1.pdf
2017,2017090102,阪神,1,2,2017-02-26,12,1;2;3;4;5;6;7;8;9;10;11;12,,https://www.jra.go.jp/datafile/seiseki/report/2017/2017-1hanshin2.pdf
2017,2017090103,阪神,1,3,2017-03-04,12,1;2;3;4;5;6;7;8;9;10;11;12,,https://www.jra.go.jp/datafile/seiseki/report/2017/2017-1hanshin3.pdf
2017,2017090104,阪神,1,4,2017-03-05,12,1;2;3;4;5;6;7;8;9;10;11;12,,https://www.jra.go.jp/datafile/seiseki/report/2017/2017-1hanshin4.pdf
2017,2017090105,阪神,1,5,2017-03-11,12,1;2;3;4;5;6;7;8;9;10;11;12,,https://www.jra.go.jp/datafile/seiseki/report/2017/2017-1hanshin5.pdf
2017,2017090106,阪神,1,6,2017-03-12,12,1;2;3;4;5;6;7;8;9;10;11;12,,https://www.jra.go.jp/datafile/seiseki/report/2017/2017-1hanshin6.pdf
2017,2017090107,阪神,1,7,2017-03-18,12,1;2;3;4;5;6;7;8;9;10;11;12,,https://www.jra.go.jp/datafile/seiseki/report/2017/2017-1hanshin7.pdf
2017,2017090108,阪神,1,8,2017-03-19,12,1;2;3;4;5;6;7;8;9;10;11;12,,https://www.jra.go.jp/datafile/seiseki/report/2017/2017-1hanshin8.pdf
2017,2017090201,阪神,2,1,2017-03-25,12,1;2;3;4;5;6;7;8;9;10;11;12,,https://www.jra.go.jp/datafile/seiseki/report/2017/2017-2hanshin1.pdf
2017,2017090202,阪神,2,2,2017-03-26,12,1;2;3;4;5;6;7;8;9;10;11;12,,https://www.jra.go.jp/datafile/seiseki/report/2017/2017-2hanshin2.pdf
2017,2017090203,阪神,2,3,2017-04-01,12,1;2;3;4;5;6;7;8;9;10;11;12,,https://www.jra.go.jp/datafile/seiseki/report/2017/2017-2hanshin3.pdf
2017,2017090204,阪神,2,4,2017-04-02,12,1;2;3;4;5;6;7;8;9;10;11;12,,https://www.jra.go.jp/datafile/seiseki/report/2017/2017-2hanshin4.pdf
2017,2017090205,阪神,2,5,2017-04-08,12,1;2;3;4;5;6;7;8;9;10;11;12,,https://www.jra.go.jp/datafile/seiseki/report/2017/2017-2hanshin5.pdf
2017,2017090206,阪神,2,6,2017-04-09,12,1;2;3;4;5;6;7;8;9;10;11;12,,https://www.jra.go.jp/datafile/seiseki/report/2017/2017-2hanshin6.pdf
2017,2017090207,阪神,2,7,2017-04-15,12,1;2;3;4;5;6;7;8;9;10;11;12,,https://www.jra.go.jp/datafile/seiseki/report/2017/2017-2hanshin7.pdf
2017,2017090208,阪神,2,8,2017-04-16,12,1;2;3;4;5;6;7;8;9;10;11;12,,https://www.jra.go.jp/datafile/seiseki/report/2017/2017-2hanshin8.pdf
2017,2017090301,阪神,3,1,2017-06-03,12,1;2;3;4;5;6;7;8;9;10;11;12,,https://www.jra.go.jp/datafile/seiseki/report/2017/2017-3hanshin1.pdf
2017,2017090302,阪神,3,2,2017-06-04,12,1;2;3;4;5;6;7;8;9;10;11;12,,https://www.jra.go.jp/datafile/seiseki/report/2017/2017-3hanshin2.pdf
2017,2017090303,阪神,3,3,2017-06-10,12,1;2;3;4;5;6;7;8;9;10;11;12,,https://www.jra.go.jp/datafile/seiseki/report/2017/2017-3hanshin3.pdf
2017,2017090304,阪神,3,4,2017-06-11,12,1;2;3;4;5;6;7;8;9;10;11;12,,https://www.jra.go.jp/datafile/seiseki/report/2017/2017-3hanshin4.pdf
2017,2017090305,阪神,3,5,2017-06-17,12,1;2;3;4;5;6;7;8;9;10;11;12,,https://www.jra.go.jp/datafile/seiseki/report/2017/2017-3hanshin5.pdf
2017,2017090306,阪神,3,6,2017-06-18,12,1;2;3;4;5;6;7;8;9;10;11;12,,https://www.jra.go.jp/datafile/seiseki/report/2017/2017-3hanshin6.pdf
2017,2017090307,阪神,3,7,2017-06-24,12,1;2;3;4;5;6;7;8;9;10;11;12,,https://www.jra.go.jp/datafile/seiseki/report/2017/2017-3hanshin7.pdf
2017,2017090308,阪神,3,8,2017-06-25,12,1;2;3;4;5;6;7;8;9;10;11;12,,https://www.jra.go.jp/datafile/seiseki/report/2017/2017-3hanshin8.pdf
2017,2017090401,阪神,4,1,2017-09-09,12,1;2;3;4;5;6;7;8;9;10;11;12,,https://www.jra.go.jp/datafile/seiseki/report/2017/2017-4hanshin1.pdf
2017,2017090402,阪神,4,2,2017-09-10,12,1;2;3;4;5;6;7;8;9;10;11;12,,https://www.jra.go.jp/datafile/seiseki/report/2017/2017-4hanshin2.pdf
2017,2017090403,阪神,4,3,2017-09-16,12,1;2;3;4;5;6;7;8;9;10;11;12,,https://www.jra.go.jp/datafile/seiseki/report/2017/2017-4hanshin3.pdf
2017,2017090404,阪神,4,4,2017-09-17,12,1;2;3;4;5;6;7;8;9;10;11;12,,https://www.jra.go.jp/datafile/seiseki/report/2017/2017-4hanshin4.pdf
2017,2017090405,阪神,4,5,2017-09-18,12,1;2;3;4;5;6;7;8;9;10;11;12,,https://www.jra.go.jp/datafile/seiseki/report/2017/2017-4hanshin5.pdf
2017,2017090406,阪神,4,6,2017-09-23,12,1;2;3;4;5;6;7;8;9;10;11;12,,https://www.jra.go.jp/datafile/seiseki/report/2017/2017-4hanshin6.pdf
2017,2017090407,阪神,4,7,2017-09-24,12,1;2;3;4;5;6;7;8;9;10;11;12,,https://www.jra.go.jp/datafile/seiseki/report/2017/2017-4hanshin7.pdf
2017,2017090408,阪神,4,8,2017-09-30,12,1;2;3;4;5;6;7;8;9;10;11;12,,https://www.jra.go.jp/datafile/seiseki/report/2017/2017-4hanshin8.pdf
2017,2017090409,阪神,4,9,2017-10-01,12,1;2;3;4;5;6;7;8;9;10;11;12,,https://www.jra.go.jp/datafile/seiseki/report/2017/2017-4hanshin9.pdf
2017,2017090501,阪神,5,1,2017-12-02,12,1;2;3;4;5;6;7;8;9;10;11;12,,https://www.jra.go.jp/datafile/seiseki/report/2017/2017-5hanshin1.pdf
2017,2017090502,阪神,5,2,2017-12-03,12,1;2;3;4;5;6;7;8;9;10;11;12,,https://www.jra.go.jp/datafile/seiseki/report/2017/2017-5hanshin2.pdf
2017,2017090503,阪神,5,3,2017-12-09,12,1;2;3;4;5;6;7;8;9;10;11;12,,https://www.jra.go.jp/datafile/seiseki/report/2017/2017-5hanshin3.pdf
2017,2017090504,阪神,5,4,2017-12-10,12,1;2;3;4;5;6;7;8;9;10;11;12,,https://www.jra.go.jp/datafile/seiseki/report/2017/2017-5hanshin4.pdf
2017,2017090505,阪神,5,5,2017-12-16,12,1;2;3;4;5;6;7;8;9;10;11;12,,https://www.jra.go.jp/datafile/seiseki/report/2017/2017-5hanshin5.pdf
2017,2017090506,阪神,5,6,2017-12-17,12,1;2;3;4;5;6;7;8;9;10;11;12,,https://www.jra.go.jp/datafile/seiseki/report/2017/2017-5hanshin6.pdf
2017,2017090507,阪神,5,7,2017-12-23,12,1;2;3;4;5;6;7;8;9;10;11;12,,https://www.jra.go.jp/datafile/seiseki/report/2017/2017-5hanshin7.pdf
2017,2017090508,阪神,5,8,2017-12-24,12,1;2;3;4;5;6;7;8;9;10;11;12,,https://www.jra.go.jp/datafile/seiseki/report/2017/2017-5hanshin8.pdf
2017,2017090509,阪神,5,9,2017-12-28,12,1;2;3;4;5;6;7;8;9;10;11;12,,https://www.jra.go.jp/datafile/seiseki/report/2017/2017-5hanshin9.pdf
2017,2017100101,小倉,1,1,2017-02-13,12,1;2;3;4;5;6;7;8;9;10;11;12,,https://www.jra.go.jp/datafile/seiseki/report/2017/2017-1kokura1.pdf
2017,2017100102,小倉,1,2,2017-02-12,12,1;2;3;4;5;6;7;8;9;10;11;12,,https://www.jra.go.jp/datafile/seiseki/report/2017/2017-1kokura2.pdf
2017,2017100103,小倉,1,3,2017-02-18,12,1;2;3;4;5;6;7;8;9;10;11;12,,https://www.jra.go.jp/datafile/seiseki/report/2017/2017-1kokura3.pdf
2017,2017100104,小倉,1,4,2017-02-19,12,1;2;3;4;5;6;7;8;9;10;11;12,,https://www.jra.go.jp/datafile/seiseki/report/2017/2017-1kokura4.pdf
2017,2017100105,小倉,1,5,2017-02-25,12,1;2;3;4;5;6;7;8;9;10;11;12,,https://www.jra.go.jp/datafile/seiseki/report/2017/2017-1kokura5.pdf
2017,2017100106,小倉,1,6,2017-02-26,12,1;2;3;4;5;6;7;8;9;10;11;12,,https://www.jra.go.jp/datafile/seiseki/report/2017/2017-1kokura6.pdf
2017,2017100107,小倉,1,7,2017-03-04,12,1;2;3;4;5;6;7;8;9;10;11;12,,https://www.jra.go.jp/datafile/seiseki/report/2017/2017-1kokura7.pdf
2017,2017100108,小倉,1,8,2017-03-05,12,1;2;3;4;5;6;7;8;9;10;11;12,,https://www.jra.go.jp/datafile/seiseki/report/2017/2017-1kokura8.pdf
2017,2017100201,小倉,2,1,2017-07-29,12,1;2;3;4;5;6;7;8;9;10;11;12,,https://www.jra.go.jp/datafile/seiseki/report/2017/2017-2kokura1.pdf
2017,2017100202,小倉,2,2,2017-07-30,12,1;2;3;4;5;6;7;8;9;10;11;12,,https://www.jra.go.jp/datafile/seiseki/report/2017/2017-2kokura2.pdf
2017,2017100203,小倉,2,3,2017-08-05,12,1;2;3;4;5;6;7;8;9;10;11;12,,https://www.jra.go.jp/datafile/seiseki/report/2017/2017-2kokura3.pdf
2017,2017100204,小倉,2,4,2017-08-06,12,1;2;3;4;5;6;7;8;9;10;11;12,,https://www.jra.go.jp/datafile/seiseki/report/2017/2017-2kokura4.pdf
2017,2017100205,小倉,2,5,2017-08-12,12,1;2;3;4;5;6;7;8;9;10;11;12,,https://www.jra.go.jp/datafile/seiseki/report/2017/2017-2kokura5.pdf
2017,2017100206,小倉,2,6,2017-08-13,12,1;2;3;4;5;6;7;8;9;10;11;12,,https://www.jra.go.jp/datafile/seiseki/report/2017/2017-2kokura6.pdf
2017,2017100207,小倉,2,7,2017-08-19,12,1;2;3;4;5;6;7;8;9;10;11;12,,https://www.jra.go.jp/datafile/seiseki/report/2017/2017-2kokura7.pdf
2017,2017100208,小倉,2,8,2017-08-20,12,1;2;3;4;5;6;7;8;9;10;11;12,,https://www.jra.go.jp/datafile/seiseki/report/2017/2017-2kokura8.pdf
2017,2017100209,小倉,2,9,2017-08-26,12,1;2;3;4;5;6;7;8;9;10;11;12,,https://www.jra.go.jp/datafile/seiseki/report/2017/2017-2kokura9.pdf
2017,2017100210,小倉,2,10,2017-08-27,12,1;2;3;4;5;6;7;8;9;10;11;12,,https://www.jra.go.jp/datafile/seiseki/report/2017/2017-2kokura10.pdf
2017,2017100211,小倉,2,11,2017-09-02,12,1;2;3;4;5;6;7;8;9;10;11;12,,https://www.jra.go.jp/datafile/seiseki/report/2017/2017-2kokura11.pdf
2017,2017100212,小倉,2,12,2017-09-03,12,1;2;3;4;5;6;7;8;9;10;11;12,,https://www.jra.go.jp/datafile/seiseki/report/2017/2017-2kokura12.pdf
2018,2018010101,札幌,1,1,2018-07-28,12,1;2;3;4;5;6;7;8;9;10;11;12,,https://www.jra.go.jp/datafile/seiseki/report/2018/2018-1sapporo1.pdf
2018,2018010102,札幌,1,2,2018-07-29,12,1;2;3;4;5;6;7;8;9;10;11;12,,https://www.jra.go.jp/datafile/seiseki/report/2018/2018-1sapporo2.pdf
2018,2018010103,札幌,1,3,2018-08-04,12,1;2;3;4;5;6;7;8;9;10;11;12,,https://www.jra.go.jp/datafile/seiseki/report/2018/2018-1sapporo3.pdf
2018,2018010104,札幌,1,4,2018-08-05,12,1;2;3;4;5;6;7;8;9;10;11;12,,https://www.jra.go.jp/datafile/seiseki/report/2018/2018-1sapporo4.pdf
2018,2018010105,札幌,1,5,2018-08-11,12,1;2;3;4;5;6;7;8;9;10;11;12,,https://www.jra.go.jp/datafile/seiseki/report/2018/2018-1sapporo5.pdf
2018,2018010106,札幌,1,6,2018-08-12,12,1;2;3;4;5;6;7;8;9;10;11;12,,https://www.jra.go.jp/datafile/seiseki/report/2018/2018-1sapporo6.pdf
2018,2018010201,札幌,2,1,2018-08-18,12,1;2;3;4;5;6;7;8;9;10;11;12,,https://www.jra.go.jp/datafile/seiseki/report/2018/2018-2sapporo1.pdf
2018,2018010202,札幌,2,2,2018-08-19,12,1;2;3;4;5;6;7;8;9;10;11;12,,https://www.jra.go.jp/datafile/seiseki/report/2018/2018-2sapporo2.pdf
2018,2018010203,札幌,2,3,2018-08-25,12,1;2;3;4;5;6;7;8;9;10;11;12,,https://www.jra.go.jp/datafile/seiseki/report/2018/2018-2sapporo3.pdf
2018,2018010204,札幌,2,4,2018-08-26,12,1;2;3;4;5;6;7;8;9;10;11;12,,https://www.jra.go.jp/datafile/seiseki/report/2018/2018-2sapporo4.pdf
2018,2018010205,札幌,2,5,2018-09-01,12,1;2;3;4;5;6;7;8;9;10;11;12,,https://www.jra.go.jp/datafile/seiseki/report/2018/2018-2sapporo5.pdf
2018,2018010206,札幌,2,6,2018-09-02,12,1;2;3;4;5;6;7;8;9;10;11;12,,https://www.jra.go.jp/datafile/seiseki/report/2018/2018-2sapporo6.pdf
2018,2018020101,函館,1,1,2018-06-16,12,1;2;3;4;5;6;7;8;9;10;11;12,,https://www.jra.go.jp/datafile/seiseki/report/2018/2018-1hakodate1.pdf
2018,2018020102,函館,1,2,2018-06-17,12,1;2;3;4;5;6;7;8;9;10;11;12,,https://www.jra.go.jp/datafile/seiseki/report/2018/2018-1hakodate2.pdf
2018,2018020103,函館,1,3,2018-06-23,12,1;2;3;4;5;6;7;8;9;10;11;12,,https://www.jra.go.jp/datafile/seiseki/report/2018/2018-1hakodate3.pdf
2018,2018020104,函館,1,4,2018-06-24,12,1;2;3;4;5;6;7;8;9;10;11;12,,https://www.jra.go.jp/datafile/seiseki/report/2018/2018-1hakodate4.pdf
2018,2018020105,函館,1,5,2018-06-30,12,1;2;3;4;5;6;7;8;9;10;11;12,,https://www.jra.go.jp/datafile/seiseki/report/2018/2018-1hakodate5.pdf
2018,2018020106,函館,1,6,2018-07-01,12,1;2;3;4;5;6;7;8;9;10;11;12,,https://www.jra.go.jp/datafile/seiseki/report/2018/2018-1hakodate6.pdf
2018,2018020201,函館,2,1,2018-07-07,12,1;2;3;4;5;6;7;8;9;10;11;12,,https://www.jra.go.jp/datafile/seiseki/report/2018/2018-2hakodate1.pdf
2018,2018020202,函館,2,2,2018-07-08,12,1;2;3;4;5;6;7;8;9;10;11;12,,https://www.jra.go.jp/datafile/seiseki/report/2018/2018-2hakodate2.pdf
2018,2018020203,函館,2,3,2018-07-14,12,1;2;3;4;5;6;7;8;9;10;11;12,,https://www.jra.go.jp/datafile/seiseki/report/2018/2018-2hakodate3.pdf
2018,2018020204,函館,2,4,2018-07-15,12,1;2;3;4;5;6;7;8;9;10;11;12,,https://www.jra.go.jp/datafile/seiseki/report/2018/2018-2hakodate4.pdf
2018,2018020205,函館,2,5,2018-07-21,12,1;2;3;4;5;6;7;8;9;10;11;12,,https://www.jra.go.jp/datafile/seiseki/report/2018/2018-2hakodate5.pdf
2018,2018020206,函館,2,6,2018-07-22,12,1;2;3;4;5;6;7;8;9;10;11;12,,https://www.jra.go.jp/datafile/seiseki/report/2018/2018-2hakodate6.pdf
2018,2018030101,福島,1,1,2018-04-07,12,1;2;3;4;5;6;7;8;9;10;11;12,,https://www.jra.go.jp/datafile/seiseki/report/2018/2018-1fukushima1.pdf
2018,2018030102,福島,1,2,2018-04-08,12,1;2;3;4;5;6;7;8;9;10;11;12,,https://www.jra.go.jp/datafile/seiseki/report/2018/2018-1fukushima2.pdf
2018,2018030103,福島,1,3,2018-04-14,12,1;2;3;4;5;6;7;8;9;10;11;12,,https://www.jra.go.jp/datafile/seiseki/report/2018/2018-1fukushima3.pdf
2018,2018030104,福島,1,4,2018-04-15,12,1;2;3;4;5;6;7;8;9;10;11;12,,https://www.jra.go.jp/datafile/seiseki/report/2018/2018-1fukushima4.pdf
2018,2018030105,福島,1,5,2018-04-21,12,1;2;3;4;5;6;7;8;9;10;11;12,,https://www.jra.go.jp/datafile/seiseki/report/2018/2018-1fukushima5.pdf
2018,2018030106,福島,1,6,2018-04-22,12,1;2;3;4;5;6;7;8;9;10;11;12,,https://www.jra.go.jp/datafile/seiseki/report/2018/2018-1fukushima6.pdf
2018,2018030201,福島,2,1,2018-06-30,12,1;2;3;4;5;6;7;8;9;10;11;12,,https://www.jra.go.jp/datafile/seiseki/report/2018/2018-2fukushima1.pdf
2018,2018030202,福島,2,2,2018-07-01,12,1;2;3;4;5;6;7;8;9;10;11;12,,https://www.jra.go.jp/datafile/seiseki/report/2018/2018-2fukushima2.pdf
2018,2018030203,福島,2,3,2018-07-07,12,1;2;3;4;5;6;7;8;9;10;11;12,,https://www.jra.go.jp/datafile/seiseki/report/2018/2018-2fukushima3.pdf
2018,2018030204,福島,2,4,2018-07-08,12,1;2;3;4;5;6;7;8;9;10;11;12,,https://www.jra.go.jp/datafile/seiseki/report/2018/2018-2fukushima4.pdf
2018,2018030205,福島,2,5,2018-07-14,12,1;2;3;4;5;6;7;8;9;10;11;12,,https://www.jra.go.jp/datafile/seiseki/report/2018/2018-2fukushima5.pdf
2018,2018030206,福島,2,6,2018-07-15,12,1;2;3;4;5;6;7;8;9;10;11;12,,https://www.jra.go.jp/datafile/seiseki/report/2018/2018-2fukushima6.pdf
2018,2018030207,福島,2,7,2018-07-21,12,1;2;3;4;5;6;7;8;9;10;11;12,,https://www.jra.go.jp/datafile/seiseki/report/2018/2018-2fukushima7.pdf
2018,2018030208,福島,2,8,2018-07-22,12,1;2;3;4;5;6;7;8;9;10;11;12,,https://www.jra.go.jp/datafile/seiseki/report/2018/2018-2fukushima8.pdf
2018,2018030301,福島,3,1,2018-11-03,12,1;2;3;4;5;6;7;8;9;10;11;12,,https://www.jra.go.jp/datafile/seiseki/report/2018/2018-3fukushima1.pdf
2018,2018030302,福島,3,2,2018-11-04,12,1;2;3;4;5;6;7;8;9;10;11;12,,https://www.jra.go.jp/datafile/seiseki/report/2018/2018-3fukushima2.pdf
2018,2018030303,福島,3,3,2018-11-10,12,1;2;3;4;5;6;7;8;9;10;11;12,,https://www.jra.go.jp/datafile/seiseki/report/2018/2018-3fukushima3.pdf
2018,2018030304,福島,3,4,2018-11-11,12,1;2;3;4;5;6;7;8;9;10;11;12,,https://www.jra.go.jp/datafile/seiseki/report/2018/2018-3fukushima4.pdf
2018,2018030305,福島,3,5,2018-11-17,12,1;2;3;4;5;6;7;8;9;10;11;12,,https://www.jra.go.jp/datafile/seiseki/report/2018/2018-3fukushima5.pdf
2018,2018030306,福島,3,6,2018-11-18,12,1;2;3;4;5;6;7;8;9;10;11;12,,https://www.jra.go.jp/datafile/seiseki/report/2018/2018-3fukushima6.pdf
2018,2018040101,新潟,1,1,2018-04-28,12,1;2;3;4;5;6;7;8;9;10;11;12,,https://www.jra.go.jp/datafile/seiseki/report/2018/2018-1niigata1.pdf
2018,2018040102,新潟,1,2,2018-04-29,12,1;2;3;4;5;6;7;8;9;10;11;12,,https://www.jra.go.jp/datafile/seiseki/report/2018/2018-1niigata2.pdf
2018,2018040103,新潟,1,3,2018-05-05,12,1;2;3;4;5;6;7;8;9;10;11;12,,https://www.jra.go.jp/datafile/seiseki/report/2018/2018-1niigata3.pdf
2018,2018040104,新潟,1,4,2018-05-06,12,1;2;3;4;5;6;7;8;9;10;11;12,,https://www.jra.go.jp/datafile/seiseki/report/2018/2018-1niigata4.pdf
2018,2018040105,新潟,1,5,2018-05-12,12,1;2;3;4;5;6;7;8;9;10;11;12,,https://www.jra.go.jp/datafile/seiseki/report/2018/2018-1niigata5.pdf
2018,2018040106,新潟,1,6,2018-05-13,12,1;2;3;4;5;6;7;8;9;10;11;12,,https://www.jra.go.jp/datafile/seiseki/report/2018/2018-1niigata6.pdf
2018,2018040107,新潟,1,7,2018-05-19,12,1;2;3;4;5;6;7;8;9;10;11;12,,https://www.jra.go.jp/datafile/seiseki/report/2018/2018-1niigata7.pdf
2018,2018040108,新潟,1,8,2018-05-20,12,1;2;3;4;5;6;7;8;9;10;11;12,,https://www.jra.go.jp/datafile/seiseki/report/2018/2018-1niigata8.pdf
2018,2018040201,新潟,2,1,2018-07-28,12,1;2;3;4;5;6;7;8;9;10;11;12,,https://www.jra.go.jp/datafile/seiseki/report/2018/2018-2niigata1.pdf
2018,2018040202,新潟,2,2,2018-07-29,12,1;2;3;4;5;6;7;8;9;10;11;12,,https://www.jra.go.jp/datafile/seiseki/report/2018/2018-2niigata2.pdf
2018,2018040203,新潟,2,3,2018-08-04,12,1;2;3;4;5;6;7;8;9;10;11;12,,https://www.jra.go.jp/datafile/seiseki/report/2018/2018-2niigata3.pdf
2018,2018040204,新潟,2,4,2018-08-05,12,1;2;3;4;5;6;7;8;9;10;11;12,,https://www.jra.go.jp/datafile/seiseki/report/2018/2018-2niigata4.pdf
2018,2018040205,新潟,2,5,2018-08-11,12,1;2;3;4;5;6;7;8;9;10;11;12,,https://www.jra.go.jp/datafile/seiseki/report/2018/2018-2niigata5.pdf
2018,2018040206,新潟,2,6,2018-08-12,12,1;2;3;4;5;6;7;8;9;10;11;12,,https://www.jra.go.jp/datafile/seiseki/report/2018/2018-2niigata6.pdf
2018,2018040207,新潟,2,7,2018-08-18,12,1;2;3;4;5;6;7;8;9;10;11;12,,https://www.jra.go.jp/datafile/seiseki/report/2018/2018-2niigata7.pdf
2018,2018040208,新潟,2,8,2018-08-19,12,1;2;3;4;5;6;7;8;9;10;11;12,,https://www.jra.go.jp/datafile/seiseki/report/2018/2018-2niigata8.pdf
2018,2018040209,新潟,2,9,2018-08-25,12,1;2;3;4;5;6;7;8;9;10;11;12,,https://www.jra.go.jp/datafile/seiseki/report/2018/2018-2niigata9.pdf
2018,2018040210,新潟,2,10,2018-08-26,12,1;2;3;4;5;6;7;8;9;10;11;12,,https://www.jra.go.jp/datafile/seiseki/report/2018/2018-2niigata10.pdf
2018,2018040211,新潟,2,11,2018-09-01,12,1;2;3;4;5;6;7;8;9;10;11;12,,https://www.jra.go.jp/datafile/seiseki/report/2018/2018-2niigata11.pdf
2018,2018040212,新潟,2,12,2018-09-02,12,1;2;3;4;5;6;7;8;9;10;11;12,,https://www.jra.go.jp/datafile/seiseki/report/2018/2018-2niigata12.pdf
2018,2018040301,新潟,3,1,2018-10-13,12,1;2;3;4;5;6;7;8;9;10;11;12,,https://www.jra.go.jp/datafile/seiseki/report/2018/2018-3niigata1.pdf
2018,2018040302,新潟,3,2,2018-10-14,12,1;2;3;4;5;6;7;8;9;10;11;12,,https://www.jra.go.jp/datafile/seiseki/report/2018/2018-3niigata2.pdf
2018,2018040303,新潟,3,3,2018-10-20,12,1;2;3;4;5;6;7;8;9;10;11;12,,https://www.jra.go.jp/datafile/seiseki/report/2018/2018-3niigata3.pdf
2018,2018040304,新潟,3,4,2018-10-21,12,1;2;3;4;5;6;7;8;9;10;11;12,,https://www.jra.go.jp/datafile/seiseki/report/2018/2018-3niigata4.pdf
2018,2018040305,新潟,3,5,2018-10-27,12,1;2;3;4;5;6;7;8;9;10;11;12,,https://www.jra.go.jp/datafile/seiseki/report/2018/2018-3niigata5.pdf
2018,2018040306,新潟,3,6,2018-10-28,12,1;2;3;4;5;6;7;8;9;10;11;12,,https://www.jra.go.jp/datafile/seiseki/report/2018/2018-3niigata6.pdf
2018,2018050101,東京,1,1,2018-01-27,12,1;2;3;4;5;6;7;8;9;10;11;12,,https://www.jra.go.jp/datafile/seiseki/report/2018/2018-1tokyo1.pdf
2018,2018050102,東京,1,2,2018-01-28,12,1;2;3;4;5;6;7;8;9;10;11;12,,https://www.jra.go.jp/datafile/seiseki/report/2018/2018-1tokyo2.pdf
2018,2018050103,東京,1,3,2018-02-03,11,1;2;3;5;6;7;8;9;10;11;12,4,https://www.jra.go.jp/datafile/seiseki/report/2018/2018-1tokyo3.pdf
2018,2018050104,東京,1,4,2018-02-04,12,1;2;3;4;5;6;7;8;9;10;11;12,,https://www.jra.go.jp/datafile/seiseki/report/2018/2018-1tokyo4.pdf
2018,2018050105,東京,1,5,2018-02-11,12,1;2;3;4;5;6;7;8;9;10;11;12,,https://www.jra.go.jp/datafile/seiseki/report/2018/2018-1tokyo5.pdf
2018,2018050106,東京,1,6,2018-02-12,12,1;2;3;4;5;6;7;8;9;10;11;12,,https://www.jra.go.jp/datafile/seiseki/report/2018/2018-1tokyo6.pdf
2018,2018050107,東京,1,7,2018-02-17,12,1;2;3;4;5;6;7;8;9;10;11;12,,https://www.jra.go.jp/datafile/seiseki/report/2018/2018-1tokyo7.pdf
2018,2018050108,東京,1,8,2018-02-18,12,1;2;3;4;5;6;7;8;9;10;11;12,,https://www.jra.go.jp/datafile/seiseki/report/2018/2018-1tokyo8.pdf
2018,2018050201,東京,2,1,2018-04-21,12,1;2;3;4;5;6;7;8;9;10;11;12,,https://www.jra.go.jp/datafile/seiseki/report/2018/2018-2tokyo1.pdf
2018,2018050202,東京,2,2,2018-04-22,12,1;2;3;4;5;6;7;8;9;10;11;12,,https://www.jra.go.jp/datafile/seiseki/report/2018/2018-2tokyo2.pdf
2018,2018050203,東京,2,3,2018-04-28,12,1;2;3;4;5;6;7;8;9;10;11;12,,https://www.jra.go.jp/datafile/seiseki/report/2018/2018-2tokyo3.pdf
2018,2018050204,東京,2,4,2018-04-29,12,1;2;3;4;5;6;7;8;9;10;11;12,,https://www.jra.go.jp/datafile/seiseki/report/2018/2018-2tokyo4.pdf
2018,2018050205,東京,2,5,2018-05-05,12,1;2;3;4;5;6;7;8;9;10;11;12,,https://www.jra.go.jp/datafile/seiseki/report/2018/2018-2tokyo5.pdf
2018,2018050206,東京,2,6,2018-05-06,12,1;2;3;4;5;6;7;8;9;10;11;12,,https://www.jra.go.jp/datafile/seiseki/report/2018/2018-2tokyo6.pdf
2018,2018050207,東京,2,7,2018-05-12,12,1;2;3;4;5;6;7;8;9;10;11;12,,https://www.jra.go.jp/datafile/seiseki/report/2018/2018-2tokyo7.pdf
2018,2018050208,東京,2,8,2018-05-13,12,1;2;3;4;5;6;7;8;9;10;11;12,,https://www.jra.go.jp/datafile/seiseki/report/2018/2018-2tokyo8.pdf
2018,2018050209,東京,2,9,2018-05-19,12,1;2;3;4;5;6;7;8;9;10;11;12,,https://www.jra.go.jp/datafile/seiseki/report/2018/2018-2tokyo9.pdf
2018,2018050210,東京,2,10,2018-05-20,12,1;2;3;4;5;6;7;8;9;10;11;12,,https://www.jra.go.jp/datafile/seiseki/report/2018/2018-2tokyo10.pdf
2018,2018050211,東京,2,11,2018-05-26,12,1;2;3;4;5;6;7;8;9;10;11;12,,https://www.jra.go.jp/datafile/seiseki/report/2018/2018-2tokyo11.pdf
2018,2018050212,東京,2,12,2018-05-27,12,1;2;3;4;5;6;7;8;9;10;11;12,,https://www.jra.go.jp/datafile/seiseki/report/2018/2018-2tokyo12.pdf
2018,2018050301,東京,3,1,2018-06-02,12,1;2;3;4;5;6;7;8;9;10;11;12,,https://www.jra.go.jp/datafile/seiseki/report/2018/2018-3tokyo1.pdf
2018,2018050302,東京,3,2,2018-06-03,12,1;2;3;4;5;6;7;8;9;10;11;12,,https://www.jra.go.jp/datafile/seiseki/report/2018/2018-3tokyo2.pdf
2018,2018050303,東京,3,3,2018-06-09,12,1;2;3;4;5;6;7;8;9;10;11;12,,https://www.jra.go.jp/datafile/seiseki/report/2018/2018-3tokyo3.pdf
2018,2018050304,東京,3,4,2018-06-10,12,1;2;3;4;5;6;7;8;9;10;11;12,,https://www.jra.go.jp/datafile/seiseki/report/2018/2018-3tokyo4.pdf
2018,2018050305,東京,3,5,2018-06-16,12,1;2;3;4;5;6;7;8;9;10;11;12,,https://www.jra.go.jp/datafile/seiseki/report/2018/2018-3tokyo5.pdf
2018,2018050306,東京,3,6,2018-06-17,12,1;2;3;4;5;6;7;8;9;10;11;12,,https://www.jra.go.jp/datafile/seiseki/report/2018/2018-3tokyo6.pdf
2018,2018050307,東京,3,7,2018-06-23,12,1;2;3;4;5;6;7;8;9;10;11;12,,https://www.jra.go.jp/datafile/seiseki/report/2018/2018-3tokyo7.pdf
2018,2018050308,東京,3,8,2018-06-24,12,1;2;3;4;5;6;7;8;9;10;11;12,,https://www.jra.go.jp/datafile/seiseki/report/2018/2018-3tokyo8.pdf
2018,2018050401,東京,4,1,2018-10-06,12,1;2;3;4;5;6;7;8;9;10;11;12,,https://www.jra.go.jp/datafile/seiseki/report/2018/2018-4tokyo1.pdf
2018,2018050402,東京,4,2,2018-10-07,12,1;2;3;4;5;6;7;8;9;10;11;12,,https://www.jra.go.jp/datafile/seiseki/report/2018/2018-4tokyo2.pdf
2018,2018050403,東京,4,3,2018-10-08,12,1;2;3;4;5;6;7;8;9;10;11;12,,https://www.jra.go.jp/datafile/seiseki/report/2018/2018-4tokyo3.pdf
2018,2018050404,東京,4,4,2018-10-13,12,1;2;3;4;5;6;7;8;9;10;11;12,,https://www.jra.go.jp/datafile/seiseki/report/2018/2018-4tokyo4.pdf
2018,2018050405,東京,4,5,2018-10-14,12,1;2;3;4;5;6;7;8;9;10;11;12,,https://www.jra.go.jp/datafile/seiseki/report/2018/2018-4tokyo5.pdf
2018,2018050406,東京,4,6,2018-10-20,12,1;2;3;4;5;6;7;8;9;10;11;12,,https://www.jra.go.jp/datafile/seiseki/report/2018/2018-4tokyo6.pdf
2018,2018050407,東京,4,7,2018-10-21,12,1;2;3;4;5;6;7;8;9;10;11;12,,https://www.jra.go.jp/datafile/seiseki/report/2018/2018-4tokyo7.pdf
2018,2018050408,東京,4,8,2018-10-27,12,1;2;3;4;5;6;7;8;9;10;11;12,,https://www.jra.go.jp/datafile/seiseki/report/2018/2018-4tokyo8.pdf
2018,2018050409,東京,4,9,2018-10-28,12,1;2;3;4;5;6;7;8;9;10;11;12,,https://www.jra.go.jp/datafile/seiseki/report/2018/2018-4tokyo9.pdf
2018,2018050501,東京,5,1,2018-11-03,12,1;2;3;4;5;6;7;8;9;10;11;12,,https://www.jra.go.jp/datafile/seiseki/report/2018/2018-5tokyo1.pdf
2018,2018050502,東京,5,2,2018-11-04,12,1;2;3;4;5;6;7;8;9;10;11;12,,https://www.jra.go.jp/datafile/seiseki/report/2018/2018-5tokyo2.pdf
2018,2018050503,東京,5,3,2018-11-10,12,1;2;3;4;5;6;7;8;9;10;11;12,,https://www.jra.go.jp/datafile/seiseki/report/2018/2018-5tokyo3.pdf
2018,2018050504,東京,5,4,2018-11-11,12,1;2;3;4;5;6;7;8;9;10;11;12,,https://www.jra.go.jp/datafile/seiseki/report/2018/2018-5tokyo4.pdf
2018,2018050505,東京,5,5,2018-11-17,12,1;2;3;4;5;6;7;8;9;10;11;12,,https://www.jra.go.jp/datafile/seiseki/report/2018/2018-5tokyo5.pdf
2018,2018050506,東京,5,6,2018-11-18,12,1;2;3;4;5;6;7;8;9;10;11;12,,https://www.jra.go.jp/datafile/seiseki/report/2018/2018-5tokyo6.pdf
2018,2018050507,東京,5,7,2018-11-24,12,1;2;3;4;5;6;7;8;9;10;11;12,,https://www.jra.go.jp/datafile/seiseki/report/2018/2018-5tokyo7.pdf
2018,2018050508,東京,5,8,2018-11-25,11,1;2;3;4;5;6;7;8;9;10;11,12,https://www.jra.go.jp/datafile/seiseki/report/2018/2018-5tokyo8.pdf
2018,2018060101,中山,1,1,2018-01-06,12,1;2;3;4;5;6;7;8;9;10;11;12,,https://www.jra.go.jp/datafile/seiseki/report/2018/2018-1nakayama1.pdf
2018,2018060102,中山,1,2,2018-01-07,12,1;2;3;4;5;6;7;8;9;10;11;12,,https://www.jra.go.jp/datafile/seiseki/report/2018/2018-1nakayama2.pdf
2018,2018060103,中山,1,3,2018-01-08,12,1;2;3;4;5;6;7;8;9;10;11;12,,https://www.jra.go.jp/datafile/seiseki/report/2018/2018-1nakayama3.pdf
2018,2018060104,中山,1,4,2018-01-13,12,1;2;3;4;5;6;7;8;9;10;11;12,,https://www.jra.go.jp/datafile/seiseki/report/2018/2018-1nakayama4.pdf
2018,2018060105,中山,1,5,2018-01-14,12,1;2;3;4;5;6;7;8;9;10;11;12,,https://www.jra.go.jp/datafile/seiseki/report/2018/2018-1nakayama5.pdf
2018,2018060106,中山,1,6,2018-01-20,12,1;2;3;4;5;6;7;8;9;10;11;12,,https://www.jra.go.jp/datafile/seiseki/report/2018/2018-1nakayama6.pdf
2018,2018060107,中山,1,7,2018-01-21,12,1;2;3;4;5;6;7;8;9;10;11;12,,https://www.jra.go.jp/datafile/seiseki/report/2018/2018-1nakayama7.pdf
2018,2018060201,中山,2,1,2018-02-24,12,1;2;3;4;5;6;7;8;9;10;11;12,,https://www.jra.go.jp/datafile/seiseki/report/2018/2018-2nakayama1.pdf
2018,2018060202,中山,2,2,2018-02-25,12,1;2;3;4;5;6;7;8;9;10;11;12,,https://www.jra.go.jp/datafile/seiseki/report/2018/2018-2nakayama2.pdf
2018,2018060203,中山,2,3,2018-03-03,12,1;2;3;4;5;6;7;8;9;10;11;12,,https://www.jra.go.jp/datafile/seiseki/report/2018/2018-2nakayama3.pdf
2018,2018060204,中山,2,4,2018-03-04,12,1;2;3;4;5;6;7;8;9;10;11;12,,https://www.jra.go.jp/datafile/seiseki/report/2018/2018-2nakayama4.pdf
2018,2018060205,中山,2,5,2018-03-10,12,1;2;3;4;5;6;7;8;9;10;11;12,,https://www.jra.go.jp/datafile/seiseki/report/2018/2018-2nakayama5.pdf
2018,2018060206,中山,2,6,2018-03-11,12,1;2;3;4;5;6;7;8;9;10;11;12,,https://www.jra.go.jp/datafile/seiseki/report/2018/2018-2nakayama6.pdf
2018,2018060207,中山,2,7,2018-03-17,12,1;2;3;4;5;6;7;8;9;10;11;12,,https://www.jra.go.jp/datafile/seiseki/report/2018/2018-2nakayama7.pdf
2018,2018060208,中山,2,8,2018-03-18,12,1;2;3;4;5;6;7;8;9;10;11;12,,https://www.jra.go.jp/datafile/seiseki/report/2018/2018-2nakayama8.pdf
2018,2018060301,中山,3,1,2018-03-24,12,1;2;3;4;5;6;7;8;9;10;11;12,,https://www.jra.go.jp/datafile/seiseki/report/2018/2018-3nakayama1.pdf
2018,2018060302,中山,3,2,2018-03-25,12,1;2;3;4;5;6;7;8;9;10;11;12,,https://www.jra.go.jp/datafile/seiseki/report/2018/2018-3nakayama2.pdf
2018,2018060303,中山,3,3,2018-03-31,12,1;2;3;4;5;6;7;8;9;10;11;12,,https://www.jra.go.jp/datafile/seiseki/report/2018/2018-3nakayama3.pdf
2018,2018060304,中山,3,4,2018-04-01,12,1;2;3;4;5;6;7;8;9;10;11;12,,https://www.jra.go.jp/datafile/seiseki/report/2018/2018-3nakayama4.pdf
2018,2018060305,中山,3,5,2018-04-07,12,1;2;3;4;5;6;7;8;9;10;11;12,,https://www.jra.go.jp/datafile/seiseki/report/2018/2018-3nakayama5.pdf
2018,2018060306,中山,3,6,2018-04-08,12,1;2;3;4;5;6;7;8;9;10;11;12,,https://www.jra.go.jp/datafile/seiseki/report/2018/2018-3nakayama6.pdf
2018,2018060307,中山,3,7,2018-04-14,12,1;2;3;4;5;6;7;8;9;10;11;12,,https://www.jra.go.jp/datafile/seiseki/report/2018/2018-3nakayama7.pdf
2018,2018060308,中山,3,8,2018-04-15,12,1;2;3;4;5;6;7;8;9;10;11;12,,https://www.jra.go.jp/datafile/seiseki/report/2018/2018-3nakayama8.pdf
2018,2018060401,中山,4,1,2018-09-08,12,1;2;3;4;5;6;7;8;9;10;11;12,,https://www.jra.go.jp/datafile/seiseki/report/2018/2018-4nakayama1.pdf
2018,2018060402,中山,4,2,2018-09-09,12,1;2;3;4;5;6;7;8;9;10;11;12,,https://www.jra.go.jp/datafile/seiseki/report/2018/2018-4nakayama2.pdf
2018,2018060403,中山,4,3,2018-09-15,12,1;2;3;4;5;6;7;8;9;10;11;12,,https://www.jra.go.jp/datafile/seiseki/report/2018/2018-4nakayama3.pdf
2018,2018060404,中山,4,4,2018-09-16,12,1;2;3;4;5;6;7;8;9;10;11;12,,https://www.jra.go.jp/datafile/seiseki/report/2018/2018-4nakayama4.pdf
2018,2018060405,中山,4,5,2018-09-17,12,1;2;3;4;5;6;7;8;9;10;11;12,,https://www.jra.go.jp/datafile/seiseki/report/2018/2018-4nakayama5.pdf
2018,2018060406,中山,4,6,2018-09-22,12,1;2;3;4;5;6;7;8;9;10;11;12,,https://www.jra.go.jp/datafile/seiseki/report/2018/2018-4nakayama6.pdf
2018,2018060407,中山,4,7,2018-09-23,12,1;2;3;4;5;6;7;8;9;10;11;12,,https://www.jra.go.jp/datafile/seiseki/report/2018/2018-4nakayama7.pdf
2018,2018060408,中山,4,8,2018-09-29,12,1;2;3;4;5;6;7;8;9;10;11;12,,https://www.jra.go.jp/datafile/seiseki/report/2018/2018-4nakayama8.pdf
2018,2018060409,中山,4,9,2018-09-30,12,1;2;3;4;5;6;7;8;9;10;11;12,,https://www.jra.go.jp/datafile/seiseki/report/2018/2018-4nakayama9.pdf
2018,2018060501,中山,5,1,2018-12-01,12,1;2;3;4;5;6;7;8;9;10;11;12,,https://www.jra.go.jp/datafile/seiseki/report/2018/2018-5nakayama1.pdf
2018,2018060502,中山,5,2,2018-12-02,12,1;2;3;4;5;6;7;8;9;10;11;12,,https://www.jra.go.jp/datafile/seiseki/report/2018/2018-5nakayama2.pdf
2018,2018060503,中山,5,3,2018-12-08,12,1;2;3;4;5;6;7;8;9;10;11;12,,https://www.jra.go.jp/datafile/seiseki/report/2018/2018-5nakayama3.pdf
2018,2018060504,中山,5,4,2018-12-09,12,1;2;3;4;5;6;7;8;9;10;11;12,,https://www.jra.go.jp/datafile/seiseki/report/2018/2018-5nakayama4.pdf
2018,2018060505,中山,5,5,2018-12-15,12,1;2;3;4;5;6;7;8;9;10;11;12,,https://www.jra.go.jp/datafile/seiseki/report/2018/2018-5nakayama5.pdf
2018,2018060506,中山,5,6,2018-12-16,12,1;2;3;4;5;6;7;8;9;10;11;12,,https://www.jra.go.jp/datafile/seiseki/report/2018/2018-5nakayama6.pdf
2018,2018060507,中山,5,7,2018-12-22,12,1;2;3;4;5;6;7;8;9;10;11;12,,https://www.jra.go.jp/datafile/seiseki/report/2018/2018-5nakayama7.pdf
2018,2018060508,中山,5,8,2018-12-23,12,1;2;3;4;5;6;7;8;9;10;11;12,,https://www.jra.go.jp/datafile/seiseki/report/2018/2018-5nakayama8.pdf
2018,2018060509,中山,5,9,2018-12-28,12,1;2;3;4;5;6;7;8;9;10;11;12,,https://www.jra.go.jp/datafile/seiseki/report/2018/2018-5nakayama9.pdf
2018,2018070101,中京,1,1,2018-01-13,12,1;2;3;4;5;6;7;8;9;10;11;12,,https://www.jra.go.jp/datafile/seiseki/report/2018/2018-1chukyo1.pdf
2018,2018070102,中京,1,2,2018-01-14,12,1;2;3;4;5;6;7;8;9;10;11;12,,https://www.jra.go.jp/datafile/seiseki/report/2018/2018-1chukyo2.pdf
2018,2018070103,中京,1,3,2018-01-20,12,1;2;3;4;5;6;7;8;9;10;11;12,,https://www.jra.go.jp/datafile/seiseki/report/2018/2018-1chukyo3.pdf
2018,2018070104,中京,1,4,2018-01-21,12,1;2;3;4;5;6;7;8;9;10;11;12,,https://www.jra.go.jp/datafile/seiseki/report/2018/2018-1chukyo4.pdf
2018,2018070105,中京,1,5,2018-01-27,12,1;2;3;4;5;6;7;8;9;10;11;12,,https://www.jra.go.jp/datafile/seiseki/report/2018/2018-1chukyo5.pdf
2018,2018070106,中京,1,6,2018-01-28,12,1;2;3;4;5;6;7;8;9;10;11;12,,https://www.jra.go.jp/datafile/seiseki/report/2018/2018-1chukyo6.pdf
2018,2018070201,中京,2,1,2018-03-10,12,1;2;3;4;5;6;7;8;9;10;11;12,,https://www.jra.go.jp/datafile/seiseki/report/2018/2018-2chukyo1.pdf
2018,2018070202,中京,2,2,2018-03-11,12,1;2;3;4;5;6;7;8;9;10;11;12,,https://www.jra.go.jp/datafile/seiseki/report/2018/2018-2chukyo2.pdf
2018,2018070203,中京,2,3,2018-03-17,12,1;2;3;4;5;6;7;8;9;10;11;12,,https://www.jra.go.jp/datafile/seiseki/report/2018/2018-2chukyo3.pdf
2018,2018070204,中京,2,4,2018-03-18,12,1;2;3;4;5;6;7;8;9;10;11;12,,https://www.jra.go.jp/datafile/seiseki/report/2018/2018-2chukyo4.pdf
2018,2018070205,中京,2,5,2018-03-24,12,1;2;3;4;5;6;7;8;9;10;11;12,,https://www.jra.go.jp/datafile/seiseki/report/2018/2018-2chukyo5.pdf
2018,2018070206,中京,2,6,2018-03-25,12,1;2;3;4;5;6;7;8;9;10;11;12,,https://www.jra.go.jp/datafile/seiseki/report/2018/2018-2chukyo6.pdf
2018,2018070301,中京,3,1,2018-06-30,12,1;2;3;4;5;6;7;8;9;10;11;12,,https://www.jra.go.jp/datafile/seiseki/report/2018/2018-3chukyo1.pdf
2018,2018070302,中京,3,2,2018-07-01,12,1;2;3;4;5;6;7;8;9;10;11;12,,https://www.jra.go.jp/datafile/seiseki/report/2018/2018-3chukyo2.pdf
2018,2018070303,中京,3,3,2018-07-07,12,1;2;3;4;5;6;7;8;9;10;11;12,,https://www.jra.go.jp/datafile/seiseki/report/2018/2018-3chukyo3.pdf
2018,2018070304,中京,3,4,2018-07-08,12,1;2;3;4;5;6;7;8;9;10;11;12,,https://www.jra.go.jp/datafile/seiseki/report/2018/2018-3chukyo4.pdf
2018,2018070305,中京,3,5,2018-07-14,12,1;2;3;4;5;6;7;8;9;10;11;12,,https://www.jra.go.jp/datafile/seiseki/report/2018/2018-3chukyo5.pdf
2018,2018070306,中京,3,6,2018-07-15,12,1;2;3;4;5;6;7;8;9;10;11;12,,https://www.jra.go.jp/datafile/seiseki/report/2018/2018-3chukyo6.pdf
2018,2018070307,中京,3,7,2018-07-21,12,1;2;3;4;5;6;7;8;9;10;11;12,,https://www.jra.go.jp/datafile/seiseki/report/2018/2018-3chukyo7.pdf
2018,2018070308,中京,3,8,2018-07-22,12,1;2;3;4;5;6;7;8;9;10;11;12,,https://www.jra.go.jp/datafile/seiseki/report/2018/2018-3chukyo8.pdf
2018,2018070401,中京,4,1,2018-12-01,12,1;2;3;4;5;6;7;8;9;10;11;12,,https://www.jra.go.jp/datafile/seiseki/report/2018/2018-4chukyo1.pdf
2018,2018070402,中京,4,2,2018-12-02,12,1;2;3;4;5;6;7;8;9;10;11;12,,https://www.jra.go.jp/datafile/seiseki/report/2018/2018-4chukyo2.pdf
2018,2018070403,中京,4,3,2018-12-08,12,1;2;3;4;5;6;7;8;9;10;11;12,,https://www.jra.go.jp/datafile/seiseki/report/2018/2018-4chukyo3.pdf
2018,2018070404,中京,4,4,2018-12-09,12,1;2;3;4;5;6;7;8;9;10;11;12,,https://www.jra.go.jp/datafile/seiseki/report/2018/2018-4chukyo4.pdf
2018,2018070405,中京,4,5,2018-12-15,12,1;2;3;4;5;6;7;8;9;10;11;12,,https://www.jra.go.jp/datafile/seiseki/report/2018/2018-4chukyo5.pdf
2018,2018070406,中京,4,6,2018-12-16,12,1;2;3;4;5;6;7;8;9;10;11;12,,https://www.jra.go.jp/datafile/seiseki/report/2018/2018-4chukyo6.pdf
2018,2018080101,京都,1,1,2018-01-06,12,1;2;3;4;5;6;7;8;9;10;11;12,,https://www.jra.go.jp/datafile/seiseki/report/2018/2018-1kyoto1.pdf
2018,2018080102,京都,1,2,2018-01-07,12,1;2;3;4;5;6;7;8;9;10;11;12,,https://www.jra.go.jp/datafile/seiseki/report/2018/2018-1kyoto2.pdf
2018,2018080103,京都,1,3,2018-01-08,12,1;2;3;4;5;6;7;8;9;10;11;12,,https://www.jra.go.jp/datafile/seiseki/report/2018/2018-1kyoto3.pdf
2018,2018080104,京都,1,4,2018-01-13,12,1;2;3;4;5;6;7;8;9;10;11;12,,https://www.jra.go.jp/datafile/seiseki/report/2018/2018-1kyoto4.pdf
2018,2018080105,京都,1,5,2018-01-14,12,1;2;3;4;5;6;7;8;9;10;11;12,,https://www.jra.go.jp/datafile/seiseki/report/2018/2018-1kyoto5.pdf
2018,2018080106,京都,1,6,2018-01-20,12,1;2;3;4;5;6;7;8;9;10;11;12,,https://www.jra.go.jp/datafile/seiseki/report/2018/2018-1kyoto6.pdf
2018,2018080107,京都,1,7,2018-01-21,12,1;2;3;4;5;6;7;8;9;10;11;12,,https://www.jra.go.jp/datafile/seiseki/report/2018/2018-1kyoto7.pdf
2018,2018080201,京都,2,1,2018-01-27,12,1;2;3;4;5;6;7;8;9;10;11;12,,https://www.jra.go.jp/datafile/seiseki/report/2018/2018-2kyoto1.pdf
2018,2018080202,京都,2,2,2018-01-28,12,1;2;3;4;5;6;7;8;9;10;11;12,,https://www.jra.go.jp/datafile/seiseki/report/2018/2018-2kyoto2.pdf
2018,2018080203,京都,2,3,2018-02-03,12,1;2;3;4;5;6;7;8;9;10;11;12,,https://www.jra.go.jp/datafile/seiseki/report/2018/2018-2kyoto3.pdf
2018,2018080204,京都,2,4,2018-02-04,12,1;2;3;4;5;6;7;8;9;10;11;12,,https://www.jra.go.jp/datafile/seiseki/report/2018/2018-2kyoto4.pdf
2018,2018080205,京都,2,5,2018-02-10,12,1;2;3;4;5;6;7;8;9;10;11;12,,https://www.jra.go.jp/datafile/seiseki/report/2018/2018-2kyoto5.pdf
2018,2018080206,京都,2,6,2018-02-11,12,1;2;3;4;5;6;7;8;9;10;11;12,,https://www.jra.go.jp/datafile/seiseki/report/2018/2018-2kyoto6.pdf
2018,2018080207,京都,2,7,2018-02-17,12,1;2;3;4;5;6;7;8;9;10;11;12,,https://www.jra.go.jp/datafile/seiseki/report/2018/2018-2kyoto7.pdf
2018,2018080208,京都,2,8,2018-02-18,12,1;2;3;4;5;6;7;8;9;10;11;12,,https://www.jra.go.jp/datafile/seiseki/report/2018/2018-2kyoto8.pdf
2018,2018080301,京都,3,1,2018-04-21,12,1;2;3;4;5;6;7;8;9;10;11;12,,https://www.jra.go.jp/datafile/seiseki/report/2018/2018-3kyoto1.pdf
2018,2018080302,京都,3,2,2018-04-22,12,1;2;3;4;5;6;7;8;9;10;11;12,,https://www.jra.go.jp/datafile/seiseki/report/2018/2018-3kyoto2.pdf
2018,2018080303,京都,3,3,2018-04-28,12,1;2;3;4;5;6;7;8;9;10;11;12,,https://www.jra.go.jp/datafile/seiseki/report/2018/2018-3kyoto3.pdf
2018,2018080304,京都,3,4,2018-04-29,12,1;2;3;4;5;6;7;8;9;10;11;12,,https://www.jra.go.jp/datafile/seiseki/report/2018/2018-3kyoto4.pdf
2018,2018080305,京都,3,5,2018-05-05,12,1;2;3;4;5;6;7;8;9;10;11;12,,https://www.jra.go.jp/datafile/seiseki/report/2018/2018-3kyoto5.pdf
2018,2018080306,京都,3,6,2018-05-06,12,1;2;3;4;5;6;7;8;9;10;11;12,,https://www.jra.go.jp/datafile/seiseki/report/2018/2018-3kyoto6.pdf
2018,2018080307,京都,3,7,2018-05-12,12,1;2;3;4;5;6;7;8;9;10;11;12,,https://www.jra.go.jp/datafile/seiseki/report/2018/2018-3kyoto7.pdf
2018,2018080308,京都,3,8,2018-05-13,12,1;2;3;4;5;6;7;8;9;10;11;12,,https://www.jra.go.jp/datafile/seiseki/report/2018/2018-3kyoto8.pdf
2018,2018080309,京都,3,9,2018-05-19,12,1;2;3;4;5;6;7;8;9;10;11;12,,https://www.jra.go.jp/datafile/seiseki/report/2018/2018-3kyoto9.pdf
2018,2018080310,京都,3,10,2018-05-20,12,1;2;3;4;5;6;7;8;9;10;11;12,,https://www.jra.go.jp/datafile/seiseki/report/2018/2018-3kyoto10.pdf
2018,2018080311,京都,3,11,2018-05-26,12,1;2;3;4;5;6;7;8;9;10;11;12,,https://www.jra.go.jp/datafile/seiseki/report/2018/2018-3kyoto11.pdf
2018,2018080312,京都,3,12,2018-05-27,12,1;2;3;4;5;6;7;8;9;10;11;12,,https://www.jra.go.jp/datafile/seiseki/report/2018/2018-3kyoto12.pdf
2018,2018080401,京都,4,1,2018-10-06,12,1;2;3;4;5;6;7;8;9;10;11;12,,https://www.jra.go.jp/datafile/seiseki/report/2018/2018-4kyoto1.pdf
2018,2018080402,京都,4,2,2018-10-07,12,1;2;3;4;5;6;7;8;9;10;11;12,,https://www.jra.go.jp/datafile/seiseki/report/2018/2018-4kyoto2.pdf
2018,2018080403,京都,4,3,2018-10-08,12,1;2;3;4;5;6;7;8;9;10;11;12,,https://www.jra.go.jp/datafile/seiseki/report/2018/2018-4kyoto3.pdf
2018,2018080404,京都,4,4,2018-10-13,12,1;2;3;4;5;6;7;8;9;10;11;12,,https://www.jra.go.jp/datafile/seiseki/report/2018/2018-4kyoto4.pdf
2018,2018080405,京都,4,5,2018-10-14,12,1;2;3;4;5;6;7;8;9;10;11;12,,https://www.jra.go.jp/datafile/seiseki/report/2018/2018-4kyoto5.pdf
2018,2018080406,京都,4,6,2018-10-20,12,1;2;3;4;5;6;7;8;9;10;11;12,,https://www.jra.go.jp/datafile/seiseki/report/2018/2018-4kyoto6.pdf
2018,2018080407,京都,4,7,2018-10-21,12,1;2;3;4;5;6;7;8;9;10;11;12,,https://www.jra.go.jp/datafile/seiseki/report/2018/2018-4kyoto7.pdf
2018,2018080408,京都,4,8,2018-10-27,12,1;2;3;4;5;6;7;8;9;10;11;12,,https://www.jra.go.jp/datafile/seiseki/report/2018/2018-4kyoto8.pdf
2018,2018080409,京都,4,9,2018-10-28,12,1;2;3;4;5;6;7;8;9;10;11;12,,https://www.jra.go.jp/datafile/seiseki/report/2018/2018-4kyoto9.pdf
2018,2018080501,京都,5,1,2018-11-03,12,1;2;3;4;5;6;7;8;9;10;11;12,,https://www.jra.go.jp/datafile/seiseki/report/2018/2018-5kyoto1.pdf
2018,2018080502,京都,5,2,2018-11-04,12,1;2;3;4;5;6;7;8;9;10;11;12,,https://www.jra.go.jp/datafile/seiseki/report/2018/2018-5kyoto2.pdf
2018,2018080503,京都,5,3,2018-11-10,12,1;2;3;4;5;6;7;8;9;10;11;12,,https://www.jra.go.jp/datafile/seiseki/report/2018/2018-5kyoto3.pdf
2018,2018080504,京都,5,4,2018-11-11,12,1;2;3;4;5;6;7;8;9;10;11;12,,https://www.jra.go.jp/datafile/seiseki/report/2018/2018-5kyoto4.pdf
2018,2018080505,京都,5,5,2018-11-17,12,1;2;3;4;5;6;7;8;9;10;11;12,,https://www.jra.go.jp/datafile/seiseki/report/2018/2018-5kyoto5.pdf
2018,2018080506,京都,5,6,2018-11-18,12,1;2;3;4;5;6;7;8;9;10;11;12,,https://www.jra.go.jp/datafile/seiseki/report/2018/2018-5kyoto6.pdf
2018,2018080507,京都,5,7,2018-11-24,12,1;2;3;4;5;6;7;8;9;10;11;12,,https://www.jra.go.jp/datafile/seiseki/report/2018/2018-5kyoto7.pdf
2018,2018080508,京都,5,8,2018-11-25,12,1;2;3;4;5;6;7;8;9;10;11;12,,https://www.jra.go.jp/datafile/seiseki/report/2018/2018-5kyoto8.pdf
2018,2018090101,阪神,1,1,2018-02-24,12,1;2;3;4;5;6;7;8;9;10;11;12,,https://www.jra.go.jp/datafile/seiseki/report/2018/2018-1hanshin1.pdf
2018,2018090102,阪神,1,2,2018-02-25,12,1;2;3;4;5;6;7;8;9;10;11;12,,https://www.jra.go.jp/datafile/seiseki/report/2018/2018-1hanshin2.pdf
2018,2018090103,阪神,1,3,2018-03-03,12,1;2;3;4;5;6;7;8;9;10;11;12,,https://www.jra.go.jp/datafile/seiseki/report/2018/2018-1hanshin3.pdf
2018,2018090104,阪神,1,4,2018-03-04,12,1;2;3;4;5;6;7;8;9;10;11;12,,https://www.jra.go.jp/datafile/seiseki/report/2018/2018-1hanshin4.pdf
2018,2018090105,阪神,1,5,2018-03-10,12,1;2;3;4;5;6;7;8;9;10;11;12,,https://www.jra.go.jp/datafile/seiseki/report/2018/2018-1hanshin5.pdf
2018,2018090106,阪神,1,6,2018-03-11,12,1;2;3;4;5;6;7;8;9;10;11;12,,https://www.jra.go.jp/datafile/seiseki/report/2018/2018-1hanshin6.pdf
2018,2018090107,阪神,1,7,2018-03-17,12,1;2;3;4;5;6;7;8;9;10;11;12,,https://www.jra.go.jp/datafile/seiseki/report/2018/2018-1hanshin7.pdf
2018,2018090108,阪神,1,8,2018-03-18,12,1;2;3;4;5;6;7;8;9;10;11;12,,https://www.jra.go.jp/datafile/seiseki/report/2018/2018-1hanshin8.pdf
2018,2018090201,阪神,2,1,2018-03-24,12,1;2;3;4;5;6;7;8;9;10;11;12,,https://www.jra.go.jp/datafile/seiseki/report/2018/2018-2hanshin1.pdf
2018,2018090202,阪神,2,2,2018-03-25,12,1;2;3;4;5;6;7;8;9;10;11;12,,https://www.jra.go.jp/datafile/seiseki/report/2018/2018-2hanshin2.pdf
2018,2018090203,阪神,2,3,2018-03-31,12,1;2;3;4;5;6;7;8;9;10;11;12,,https://www.jra.go.jp/datafile/seiseki/report/2018/2018-2hanshin3.pdf
2018,2018090204,阪神,2,4,2018-04-01,12,1;2;3;4;5;6;7;8;9;10;11;12,,https://www.jra.go.jp/datafile/seiseki/report/2018/2018-2hanshin4.pdf
2018,2018090205,阪神,2,5,2018-04-07,12,1;2;3;4;5;6;7;8;9;10;11;12,,https://www.jra.go.jp/datafile/seiseki/report/2018/2018-2hanshin5.pdf
2018,2018090206,阪神,2,6,2018-04-08,12,1;2;3;4;5;6;7;8;9;10;11;12,,https://www.jra.go.jp/datafile/seiseki/report/2018/2018-2hanshin6.pdf
2018,2018090207,阪神,2,7,2018-04-14,12,1;2;3;4;5;6;7;8;9;10;11;12,,https://www.jra.go.jp/datafile/seiseki/report/2018/2018-2hanshin7.pdf
2018,2018090208,阪神,2,8,2018-04-15,12,1;2;3;4;5;6;7;8;9;10;11;12,,https://www.jra.go.jp/datafile/seiseki/report/2018/2018-2hanshin8.pdf
2018,2018090301,阪神,3,1,2018-06-02,12,1;2;3;4;5;6;7;8;9;10;11;12,,https://www.jra.go.jp/datafile/seiseki/report/2018/2018-3hanshin1.pdf
2018,2018090302,阪神,3,2,2018-06-03,12,1;2;3;4;5;6;7;8;9;10;11;12,,https://www.jra.go.jp/datafile/seiseki/report/2018/2018-3hanshin2.pdf
2018,2018090303,阪神,3,3,2018-06-09,12,1;2;3;4;5;6;7;8;9;10;11;12,,https://www.jra.go.jp/datafile/seiseki/report/2018/2018-3hanshin3.pdf
2018,2018090304,阪神,3,4,2018-06-10,12,1;2;3;4;5;6;7;8;9;10;11;12,,https://www.jra.go.jp/datafile/seiseki/report/2018/2018-3hanshin4.pdf
2018,2018090305,阪神,3,5,2018-06-16,12,1;2;3;4;5;6;7;8;9;10;11;12,,https://www.jra.go.jp/datafile/seiseki/report/2018/2018-3hanshin5.pdf
2018,2018090306,阪神,3,6,2018-06-17,12,1;2;3;4;5;6;7;8;9;10;11;12,,https://www.jra.go.jp/datafile/seiseki/report/2018/2018-3hanshin6.pdf
2018,2018090307,阪神,3,7,2018-06-23,12,1;2;3;4;5;6;7;8;9;10;11;12,,https://www.jra.go.jp/datafile/seiseki/report/2018/2018-3hanshin7.pdf
2018,2018090308,阪神,3,8,2018-06-24,12,1;2;3;4;5;6;7;8;9;10;11;12,,https://www.jra.go.jp/datafile/seiseki/report/2018/2018-3hanshin8.pdf
2018,2018090401,阪神,4,1,2018-09-08,12,1;2;3;4;5;6;7;8;9;10;11;12,,https://www.jra.go.jp/datafile/seiseki/report/2018/2018-4hanshin1.pdf
2018,2018090402,阪神,4,2,2018-09-09,12,1;2;3;4;5;6;7;8;9;10;11;12,,https://www.jra.go.jp/datafile/seiseki/report/2018/2018-4hanshin2.pdf
2018,2018090403,阪神,4,3,2018-09-15,12,1;2;3;4;5;6;7;8;9;10;11;12,,https://www.jra.go.jp/datafile/seiseki/report/2018/2018-4hanshin3.pdf
2018,2018090404,阪神,4,4,2018-09-16,12,1;2;3;4;5;6;7;8;9;10;11;12,,https://www.jra.go.jp/datafile/seiseki/report/2018/2018-4hanshin4.pdf
2018,2018090405,阪神,4,5,2018-09-17,12,1;2;3;4;5;6;7;8;9;10;11;12,,https://www.jra.go.jp/datafile/seiseki/report/2018/2018-4hanshin5.pdf
2018,2018090406,阪神,4,6,2018-09-22,12,1;2;3;4;5;6;7;8;9;10;11;12,,https://www.jra.go.jp/datafile/seiseki/report/2018/2018-4hanshin6.pdf
2018,2018090407,阪神,4,7,2018-09-23,12,1;2;3;4;5;6;7;8;9;10;11;12,,https://www.jra.go.jp/datafile/seiseki/report/2018/2018-4hanshin7.pdf
2018,2018090408,阪神,4,8,2018-09-29,12,1;2;3;4;5;6;7;8;9;10;11;12,,https://www.jra.go.jp/datafile/seiseki/report/2018/2018-4hanshin8.pdf
2018,2018090409,阪神,4,9,2018-10-02,12,1;2;3;4;5;6;7;8;9;10;11;12,,https://www.jra.go.jp/datafile/seiseki/report/2018/2018-4hanshin9.pdf
2018,2018090501,阪神,5,1,2018-12-01,12,1;2;3;4;5;6;7;8;9;10;11;12,,https://www.jra.go.jp/datafile/seiseki/report/2018/2018-5hanshin1.pdf
2018,2018090502,阪神,5,2,2018-12-02,12,1;2;3;4;5;6;7;8;9;10;11;12,,https://www.jra.go.jp/datafile/seiseki/report/2018/2018-5hanshin2.pdf
2018,2018090503,阪神,5,3,2018-12-08,12,1;2;3;4;5;6;7;8;9;10;11;12,,https://www.jra.go.jp/datafile/seiseki/report/2018/2018-5hanshin3.pdf
2018,2018090504,阪神,5,4,2018-12-09,12,1;2;3;4;5;6;7;8;9;10;11;12,,https://www.jra.go.jp/datafile/seiseki/report/2018/2018-5hanshin4.pdf
2018,2018090505,阪神,5,5,2018-12-15,12,1;2;3;4;5;6;7;8;9;10;11;12,,https://www.jra.go.jp/datafile/seiseki/report/2018/2018-5hanshin5.pdf
2018,2018090506,阪神,5,6,2018-12-16,12,1;2;3;4;5;6;7;8;9;10;11;12,,https://www.jra.go.jp/datafile/seiseki/report/2018/2018-5hanshin6.pdf
2018,2018090507,阪神,5,7,2018-12-22,12,1;2;3;4;5;6;7;8;9;10;11;12,,https://www.jra.go.jp/datafile/seiseki/report/2018/2018-5hanshin7.pdf
2018,2018090508,阪神,5,8,2018-12-23,12,1;2;3;4;5;6;7;8;9;10;11;12,,https://www.jra.go.jp/datafile/seiseki/report/2018/2018-5hanshin8.pdf
2018,2018090509,阪神,5,9,2018-12-28,12,1;2;3;4;5;6;7;8;9;10;11;12,,https://www.jra.go.jp/datafile/seiseki/report/2018/2018-5hanshin9.pdf
2018,2018100101,小倉,1,1,2018-02-10,12,1;2;3;4;5;6;7;8;9;10;11;12,,https://www.jra.go.jp/datafile/seiseki/report/2018/2018-1kokura1.pdf
2018,2018100102,小倉,1,2,2018-02-13,12,1;2;3;4;5;6;7;8;9;10;11;12,,https://www.jra.go.jp/datafile/seiseki/report/2018/2018-1kokura2.pdf
2018,2018100103,小倉,1,3,2018-02-17,12,1;2;3;4;5;6;7;8;9;10;11;12,,https://www.jra.go.jp/datafile/seiseki/report/2018/2018-1kokura3.pdf
2018,2018100104,小倉,1,4,2018-02-18,12,1;2;3;4;5;6;7;8;9;10;11;12,,https://www.jra.go.jp/datafile/seiseki/report/2018/2018-1kokura4.pdf
2018,2018100105,小倉,1,5,2018-02-24,12,1;2;3;4;5;6;7;8;9;10;11;12,,https://www.jra.go.jp/datafile/seiseki/report/2018/2018-1kokura5.pdf
2018,2018100106,小倉,1,6,2018-02-25,12,1;2;3;4;5;6;7;8;9;10;11;12,,https://www.jra.go.jp/datafile/seiseki/report/2018/2018-1kokura6.pdf
2018,2018100107,小倉,1,7,2018-03-03,12,1;2;3;4;5;6;7;8;9;10;11;12,,https://www.jra.go.jp/datafile/seiseki/report/2018/2018-1kokura7.pdf
2018,2018100108,小倉,1,8,2018-03-04,12,1;2;3;4;5;6;7;8;9;10;11;12,,https://www.jra.go.jp/datafile/seiseki/report/2018/2018-1kokura8.pdf
2018,2018100201,小倉,2,1,2018-07-28,12,1;2;3;4;5;6;7;8;9;10;11;12,,https://www.jra.go.jp/datafile/seiseki/report/2018/2018-2kokura1.pdf
2018,2018100202,小倉,2,2,2018-07-29,12,1;2;3;4;5;6;7;8;9;10;11;12,,https://www.jra.go.jp/datafile/seiseki/report/2018/2018-2kokura2.pdf
2018,2018100203,小倉,2,3,2018-08-04,12,1;2;3;4;5;6;7;8;9;10;11;12,,https://www.jra.go.jp/datafile/seiseki/report/2018/2018-2kokura3.pdf
2018,2018100204,小倉,2,4,2018-08-05,12,1;2;3;4;5;6;7;8;9;10;11;12,,https://www.jra.go.jp/datafile/seiseki/report/2018/2018-2kokura4.pdf
2018,2018100205,小倉,2,5,2018-08-11,12,1;2;3;4;5;6;7;8;9;10;11;12,,https://www.jra.go.jp/datafile/seiseki/report/2018/2018-2kokura5.pdf
2018,2018100206,小倉,2,6,2018-08-12,12,1;2;3;4;5;6;7;8;9;10;11;12,,https://www.jra.go.jp/datafile/seiseki/report/2018/2018-2kokura6.pdf
2018,2018100207,小倉,2,7,2018-08-18,12,1;2;3;4;5;6;7;8;9;10;11;12,,https://www.jra.go.jp/datafile/seiseki/report/2018/2018-2kokura7.pdf
2018,2018100208,小倉,2,8,2018-08-19,12,1;2;3;4;5;6;7;8;9;10;11;12,,https://www.jra.go.jp/datafile/seiseki/report/2018/2018-2kokura8.pdf
2018,2018100209,小倉,2,9,2018-08-25,12,1;2;3;4;5;6;7;8;9;10;11;12,,https://www.jra.go.jp/datafile/seiseki/report/2018/2018-2kokura9.pdf
2018,2018100210,小倉,2,10,2018-08-26,12,1;2;3;4;5;6;7;8;9;10;11;12,,https://www.jra.go.jp/datafile/seiseki/report/2018/2018-2kokura10.pdf
2018,2018100211,小倉,2,11,2018-09-01,12,1;2;3;4;5;6;7;8;9;10;11;12,,https://www.jra.go.jp/datafile/seiseki/report/2018/2018-2kokura11.pdf
2018,2018100212,小倉,2,12,2018-09-02,12,1;2;3;4;5;6;7;8;9;10;11;12,,https://www.jra.go.jp/datafile/seiseki/report/2018/2018-2kokura12.pdf
2019,2019010101,札幌,1,1,2019-07-27,12,1;2;3;4;5;6;7;8;9;10;11;12,,https://www.jra.go.jp/datafile/seiseki/report/2019/2019-1sapporo1.pdf
2019,2019010102,札幌,1,2,2019-07-28,12,1;2;3;4;5;6;7;8;9;10;11;12,,https://www.jra.go.jp/datafile/seiseki/report/2019/2019-1sapporo2.pdf
2019,2019010103,札幌,1,3,2019-08-03,12,1;2;3;4;5;6;7;8;9;10;11;12,,https://www.jra.go.jp/datafile/seiseki/report/2019/2019-1sapporo3.pdf
2019,2019010104,札幌,1,4,2019-08-04,12,1;2;3;4;5;6;7;8;9;10;11;12,,https://www.jra.go.jp/datafile/seiseki/report/2019/2019-1sapporo4.pdf
2019,2019010105,札幌,1,5,2019-08-10,12,1;2;3;4;5;6;7;8;9;10;11;12,,https://www.jra.go.jp/datafile/seiseki/report/2019/2019-1sapporo5.pdf
2019,2019010106,札幌,1,6,2019-08-11,12,1;2;3;4;5;6;7;8;9;10;11;12,,https://www.jra.go.jp/datafile/seiseki/report/2019/2019-1sapporo6.pdf
2019,2019010201,札幌,2,1,2019-08-17,12,1;2;3;4;5;6;7;8;9;10;11;12,,https://www.jra.go.jp/datafile/seiseki/report/2019/2019-2sapporo1.pdf
2019,2019010202,札幌,2,2,2019-08-18,12,1;2;3;4;5;6;7;8;9;10;11;12,,https://www.jra.go.jp/datafile/seiseki/report/2019/2019-2sapporo2.pdf
2019,2019010203,札幌,2,3,2019-08-24,12,1;2;3;4;5;6;7;8;9;10;11;12,,https://www.jra.go.jp/datafile/seiseki/report/2019/2019-2sapporo3.pdf
2019,2019010204,札幌,2,4,2019-08-25,12,1;2;3;4;5;6;7;8;9;10;11;12,,https://www.jra.go.jp/datafile/seiseki/report/2019/2019-2sapporo4.pdf
2019,2019010205,札幌,2,5,2019-08-31,12,1;2;3;4;5;6;7;8;9;10;11;12,,https://www.jra.go.jp/datafile/seiseki/report/2019/2019-2sapporo5.pdf
2019,2019010206,札幌,2,6,2019-09-01,12,1;2;3;4;5;6;7;8;9;10;11;12,,https://www.jra.go.jp/datafile/seiseki/report/2019/2019-2sapporo6.pdf
2019,2019020101,函館,1,1,2019-06-15,12,1;2;3;4;5;6;7;8;9;10;11;12,,https://www.jra.go.jp/datafile/seiseki/report/2019/2019-1hakodate1.pdf
2019,2019020102,函館,1,2,2019-06-16,12,1;2;3;4;5;6;7;8;9;10;11;12,,https://www.jra.go.jp/datafile/seiseki/report/2019/2019-1hakodate2.pdf
2019,2019020103,函館,1,3,2019-06-22,12,1;2;3;4;5;6;7;8;9;10;11;12,,https://www.jra.go.jp/datafile/seiseki/report/2019/2019-1hakodate3.pdf
2019,2019020104,函館,1,4,2019-06-23,12,1;2;3;4;5;6;7;8;9;10;11;12,,https://www.jra.go.jp/datafile/seiseki/report/2019/2019-1hakodate4.pdf
2019,2019020105,函館,1,5,2019-06-29,12,1;2;3;4;5;6;7;8;9;10;11;12,,https://www.jra.go.jp/datafile/seiseki/report/2019/2019-1hakodate5.pdf
2019,2019020106,函館,1,6,2019-06-30,12,1;2;3;4;5;6;7;8;9;10;11;12,,https://www.jra.go.jp/datafile/seiseki/report/2019/2019-1hakodate6.pdf
2019,2019020201,函館,2,1,2019-07-06,12,1;2;3;4;5;6;7;8;9;10;11;12,,https://www.jra.go.jp/datafile/seiseki/report/2019/2019-2hakodate1.pdf
2019,2019020202,函館,2,2,2019-07-07,12,1;2;3;4;5;6;7;8;9;10;11;12,,https://www.jra.go.jp/datafile/seiseki/report/2019/2019-2hakodate2.pdf
2019,2019020203,函館,2,3,2019-07-13,12,1;2;3;4;5;6;7;8;9;10;11;12,,https://www.jra.go.jp/datafile/seiseki/report/2019/2019-2hakodate3.pdf
2019,2019020204,函館,2,4,2019-07-14,12,1;2;3;4;5;6;7;8;9;10;11;12,,https://www.jra.go.jp/datafile/seiseki/report/2019/2019-2hakodate4.pdf
2019,2019020205,函館,2,5,2019-07-20,12,1;2;3;4;5;6;7;8;9;10;11;12,,https://www.jra.go.jp/datafile/seiseki/report/2019/2019-2hakodate5.pdf
2019,2019020206,函館,2,6,2019-07-21,12,1;2;3;4;5;6;7;8;9;10;11;12,,https://www.jra.go.jp/datafile/seiseki/report/2019/2019-2hakodate6.pdf
2019,2019030101,福島,1,1,2019-04-06,12,1;2;3;4;5;6;7;8;9;10;11;12,,https://www.jra.go.jp/datafile/seiseki/report/2019/2019-1fukushima1.pdf
2019,2019030102,福島,1,2,2019-04-07,12,1;2;3;4;5;6;7;8;9;10;11;12,,https://www.jra.go.jp/datafile/seiseki/report/2019/2019-1fukushima2.pdf
2019,2019030103,福島,1,3,2019-04-13,12,1;2;3;4;5;6;7;8;9;10;11;12,,https://www.jra.go.jp/datafile/seiseki/report/2019/2019-1fukushima3.pdf
2019,2019030104,福島,1,4,2019-04-14,12,1;2;3;4;5;6;7;8;9;10;11;12,,https://www.jra.go.jp/datafile/seiseki/report/2019/2019-1fukushima4.pdf
2019,2019030105,福島,1,5,2019-04-20,12,1;2;3;4;5;6;7;8;9;10;11;12,,https://www.jra.go.jp/datafile/seiseki/report/2019/2019-1fukushima5.pdf
2019,2019030106,福島,1,6,2019-04-21,12,1;2;3;4;5;6;7;8;9;10;11;12,,https://www.jra.go.jp/datafile/seiseki/report/2019/2019-1fukushima6.pdf
2019,2019030201,福島,2,1,2019-06-29,12,1;2;3;4;5;6;7;8;9;10;11;12,,https://www.jra.go.jp/datafile/seiseki/report/2019/2019-2fukushima1.pdf
2019,2019030202,福島,2,2,2019-06-30,12,1;2;3;4;5;6;7;8;9;10;11;12,,https://www.jra.go.jp/datafile/seiseki/report/2019/2019-2fukushima2.pdf
2019,2019030203,福島,2,3,2019-07-06,12,1;2;3;4;5;6;7;8;9;10;11;12,,https://www.jra.go.jp/datafile/seiseki/report/2019/2019-2fukushima3.pdf
2019,2019030204,福島,2,4,2019-07-07,12,1;2;3;4;5;6;7;8;9;10;11;12,,https://www.jra.go.jp/datafile/seiseki/report/2019/2019-2fukushima4.pdf
2019,2019030205,福島,2,5,2019-07-13,12,1;2;3;4;5;6;7;8;9;10;11;12,,https://www.jra.go.jp/datafile/seiseki/report/2019/2019-2fukushima5.pdf
2019,2019030206,福島,2,6,2019-07-14,12,1;2;3;4;5;6;7;8;9;10;11;12,,https://www.jra.go.jp/datafile/seiseki/report/2019/2019-2fukushima6.pdf
2019,2019030207,福島,2,7,2019-07-20,12,1;2;3;4;5;6;7;8;9;10;11;12,,https://www.jra.go.jp/datafile/seiseki/report/2019/2019-2fukushima7.pdf
2019,2019030208,福島,2,8,2019-07-21,12,1;2;3;4;5;6;7;8;9;10;11;12,,https://www.jra.go.jp/datafile/seiseki/report/2019/2019-2fukushima8.pdf
2019,2019030301,福島,3,1,2019-11-02,12,1;2;3;4;5;6;7;8;9;10;11;12,,https://www.jra.go.jp/datafile/seiseki/report/2019/2019-3fukushima1.pdf
2019,2019030302,福島,3,2,2019-11-03,12,1;2;3;4;5;6;7;8;9;10;11;12,,https://www.jra.go.jp/datafile/seiseki/report/2019/2019-3fukushima2.pdf
2019,2019030303,福島,3,3,2019-11-09,12,1;2;3;4;5;6;7;8;9;10;11;12,,https://www.jra.go.jp/datafile/seiseki/report/2019/2019-3fukushima3.pdf
2019,2019030304,福島,3,4,2019-11-10,12,1;2;3;4;5;6;7;8;9;10;11;12,,https://www.jra.go.jp/datafile/seiseki/report/2019/2019-3fukushima4.pdf
2019,2019030305,福島,3,5,2019-11-16,12,1;2;3;4;5;6;7;8;9;10;11;12,,https://www.jra.go.jp/datafile/seiseki/report/2019/2019-3fukushima5.pdf
2019,2019030306,福島,3,6,2019-11-17,12,1;2;3;4;5;6;7;8;9;10;11;12,,https://www.jra.go.jp/datafile/seiseki/report/2019/2019-3fukushima6.pdf
2019,2019040101,新潟,1,1,2019-04-27,12,1;2;3;4;5;6;7;8;9;10;11;12,,https://www.jra.go.jp/datafile/seiseki/report/2019/2019-1niigata1.pdf
2019,2019040102,新潟,1,2,2019-04-29,12,1;2;3;4;5;6;7;8;9;10;11;12,,https://www.jra.go.jp/datafile/seiseki/report/2019/2019-1niigata2.pdf
2019,2019040103,新潟,1,3,2019-05-04,12,1;2;3;4;5;6;7;8;9;10;11;12,,https://www.jra.go.jp/datafile/seiseki/report/2019/2019-1niigata3.pdf
2019,2019040104,新潟,1,4,2019-05-05,12,1;2;3;4;5;6;7;8;9;10;11;12,,https://www.jra.go.jp/datafile/seiseki/report/2019/2019-1niigata4.pdf
2019,2019040105,新潟,1,5,2019-05-11,12,1;2;3;4;5;6;7;8;9;10;11;12,,https://www.jra.go.jp/datafile/seiseki/report/2019/2019-1niigata5.pdf
2019,2019040106,新潟,1,6,2019-05-12,12,1;2;3;4;5;6;7;8;9;10;11;12,,https://www.jra.go.jp/datafile/seiseki/report/2019/2019-1niigata6.pdf
2019,2019040107,新潟,1,7,2019-05-18,12,1;2;3;4;5;6;7;8;9;10;11;12,,https://www.jra.go.jp/datafile/seiseki/report/2019/2019-1niigata7.pdf
2019,2019040108,新潟,1,8,2019-05-19,12,1;2;3;4;5;6;7;8;9;10;11;12,,https://www.jra.go.jp/datafile/seiseki/report/2019/2019-1niigata8.pdf
2019,2019040201,新潟,2,1,2019-07-27,12,1;2;3;4;5;6;7;8;9;10;11;12,,https://www.jra.go.jp/datafile/seiseki/report/2019/2019-2niigata1.pdf
2019,2019040202,新潟,2,2,2019-07-28,12,1;2;3;4;5;6;7;8;9;10;11;12,,https://www.jra.go.jp/datafile/seiseki/report/2019/2019-2niigata2.pdf
2019,2019040203,新潟,2,3,2019-08-03,12,1;2;3;4;5;6;7;8;9;10;11;12,,https://www.jra.go.jp/datafile/seiseki/report/2019/2019-2niigata3.pdf
2019,2019040204,新潟,2,4,2019-08-04,12,1;2;3;4;5;6;7;8;9;10;11;12,,https://www.jra.go.jp/datafile/seiseki/report/2019/2019-2niigata4.pdf
2019,2019040205,新潟,2,5,2019-08-10,12,1;2;3;4;5;6;7;8;9;10;11;12,,https://www.jra.go.jp/datafile/seiseki/report/2019/2019-2niigata5.pdf
2019,2019040206,新潟,2,6,2019-08-11,12,1;2;3;4;5;6;7;8;9;10;11;12,,https://www.jra.go.jp/datafile/seiseki/report/2019/2019-2niigata6.pdf
2019,2019040207,新潟,2,7,2019-08-17,12,1;2;3;4;5;6;7;8;9;10;11;12,,https://www.jra.go.jp/datafile/seiseki/report/2019/2019-2niigata7.pdf
2019,2019040208,新潟,2,8,2019-08-18,12,1;2;3;4;5;6;7;8;9;10;11;12,,https://www.jra.go.jp/datafile/seiseki/report/2019/2019-2niigata8.pdf
2019,2019040209,新潟,2,9,2019-08-24,12,1;2;3;4;5;6;7;8;9;10;11;12,,https://www.jra.go.jp/datafile/seiseki/report/2019/2019-2niigata9.pdf
2019,2019040210,新潟,2,10,2019-08-25,12,1;2;3;4;5;6;7;8;9;10;11;12,,https://www.jra.go.jp/datafile/seiseki/report/2019/2019-2niigata10.pdf
2019,2019040211,新潟,2,11,2019-08-31,12,1;2;3;4;5;6;7;8;9;10;11;12,,https://www.jra.go.jp/datafile/seiseki/report/2019/2019-2niigata11.pdf
2019,2019040212,新潟,2,12,2019-09-01,12,1;2;3;4;5;6;7;8;9;10;11;12,,https://www.jra.go.jp/datafile/seiseki/report/2019/2019-2niigata12.pdf
2019,2019040301,新潟,3,1,2019-10-05,12,1;2;3;4;5;6;7;8;9;10;11;12,,https://www.jra.go.jp/datafile/seiseki/report/2019/2019-3niigata1.pdf
2019,2019040302,新潟,3,2,2019-10-06,12,1;2;3;4;5;6;7;8;9;10;11;12,,https://www.jra.go.jp/datafile/seiseki/report/2019/2019-3niigata2.pdf
2019,2019040303,新潟,3,3,2019-10-19,12,1;2;3;4;5;6;7;8;9;10;11;12,,https://www.jra.go.jp/datafile/seiseki/report/2019/2019-3niigata3.pdf
2019,2019040304,新潟,3,4,2019-10-20,12,1;2;3;4;5;6;7;8;9;10;11;12,,https://www.jra.go.jp/datafile/seiseki/report/2019/2019-3niigata4.pdf
2019,2019040305,新潟,3,5,2019-10-26,12,1;2;3;4;5;6;7;8;9;10;11;12,,https://www.jra.go.jp/datafile/seiseki/report/2019/2019-3niigata5.pdf
2019,2019040306,新潟,3,6,2019-10-27,12,1;2;3;4;5;6;7;8;9;10;11;12,,https://www.jra.go.jp/datafile/seiseki/report/2019/2019-3niigata6.pdf
2019,2019050101,東京,1,1,2019-01-26,12,1;2;3;4;5;6;7;8;9;10;11;12,,https://www.jra.go.jp/datafile/seiseki/report/2019/2019-1tokyo1.pdf
2019,2019050102,東京,1,2,2019-01-27,12,1;2;3;4;5;6;7;8;9;10;11;12,,https://www.jra.go.jp/datafile/seiseki/report/2019/2019-1tokyo2.pdf
2019,2019050103,東京,1,3,2019-02-02,12,1;2;3;4;5;6;7;8;9;10;11;12,,https://www.jra.go.jp/datafile/seiseki/report/2019/2019-1tokyo3.pdf
2019,2019050104,東京,1,4,2019-02-03,12,1;2;3;4;5;6;7;8;9;10;11;12,,https://www.jra.go.jp/datafile/seiseki/report/2019/2019-1tokyo4.pdf
2019,2019050105,東京,1,5,2019-02-11,12,1;2;3;4;5;6;7;8;9;10;11;12,,https://www.jra.go.jp/datafile/seiseki/report/2019/2019-1tokyo5.pdf
2019,2019050106,東京,1,6,2019-02-10,12,1;2;3;4;5;6;7;8;9;10;11;12,,https://www.jra.go.jp/datafile/seiseki/report/2019/2019-1tokyo6.pdf
2019,2019050107,東京,1,7,2019-02-16,12,1;2;3;4;5;6;7;8;9;10;11;12,,https://www.jra.go.jp/datafile/seiseki/report/2019/2019-1tokyo7.pdf
2019,2019050108,東京,1,8,2019-02-17,12,1;2;3;4;5;6;7;8;9;10;11;12,,https://www.jra.go.jp/datafile/seiseki/report/2019/2019-1tokyo8.pdf
2019,2019050201,東京,2,1,2019-04-20,12,1;2;3;4;5;6;7;8;9;10;11;12,,https://www.jra.go.jp/datafile/seiseki/report/2019/2019-2tokyo1.pdf
2019,2019050202,東京,2,2,2019-04-21,12,1;2;3;4;5;6;7;8;9;10;11;12,,https://www.jra.go.jp/datafile/seiseki/report/2019/2019-2tokyo2.pdf
2019,2019050203,東京,2,3,2019-04-27,12,1;2;3;4;5;6;7;8;9;10;11;12,,https://www.jra.go.jp/datafile/seiseki/report/2019/2019-2tokyo3.pdf
2019,2019050204,東京,2,4,2019-04-28,12,1;2;3;4;5;6;7;8;9;10;11;12,,https://www.jra.go.jp/datafile/seiseki/report/2019/2019-2tokyo4.pdf
2019,2019050205,東京,2,5,2019-05-04,9,1;2;3;4;5;6;7;8;9,10;11;12,https://www.jra.go.jp/datafile/seiseki/report/2019/2019-2tokyo5.pdf
2019,2019050206,東京,2,6,2019-05-05,12,1;2;3;4;5;6;7;8;9;10;11;12,,https://www.jra.go.jp/datafile/seiseki/report/2019/2019-2tokyo6.pdf
2019,2019050207,東京,2,7,2019-05-11,12,1;2;3;4;5;6;7;8;9;10;11;12,,https://www.jra.go.jp/datafile/seiseki/report/2019/2019-2tokyo7.pdf
2019,2019050208,東京,2,8,2019-05-12,12,1;2;3;4;5;6;7;8;9;10;11;12,,https://www.jra.go.jp/datafile/seiseki/report/2019/2019-2tokyo8.pdf
2019,2019050209,東京,2,9,2019-05-18,12,1;2;3;4;5;6;7;8;9;10;11;12,,https://www.jra.go.jp/datafile/seiseki/report/2019/2019-2tokyo9.pdf
2019,2019050210,東京,2,10,2019-05-19,12,1;2;3;4;5;6;7;8;9;10;11;12,,https://www.jra.go.jp/datafile/seiseki/report/2019/2019-2tokyo10.pdf
2019,2019050211,東京,2,11,2019-05-25,12,1;2;3;4;5;6;7;8;9;10;11;12,,https://www.jra.go.jp/datafile/seiseki/report/2019/2019-2tokyo11.pdf
2019,2019050212,東京,2,12,2019-05-26,12,1;2;3;4;5;6;7;8;9;10;11;12,,https://www.jra.go.jp/datafile/seiseki/report/2019/2019-2tokyo12.pdf
2019,2019050301,東京,3,1,2019-06-01,12,1;2;3;4;5;6;7;8;9;10;11;12,,https://www.jra.go.jp/datafile/seiseki/report/2019/2019-3tokyo1.pdf
2019,2019050302,東京,3,2,2019-06-02,12,1;2;3;4;5;6;7;8;9;10;11;12,,https://www.jra.go.jp/datafile/seiseki/report/2019/2019-3tokyo2.pdf
2019,2019050303,東京,3,3,2019-06-08,12,1;2;3;4;5;6;7;8;9;10;11;12,,https://www.jra.go.jp/datafile/seiseki/report/2019/2019-3tokyo3.pdf
2019,2019050304,東京,3,4,2019-06-09,12,1;2;3;4;5;6;7;8;9;10;11;12,,https://www.jra.go.jp/datafile/seiseki/report/2019/2019-3tokyo4.pdf
2019,2019050305,東京,3,5,2019-06-15,12,1;2;3;4;5;6;7;8;9;10;11;12,,https://www.jra.go.jp/datafile/seiseki/report/2019/2019-3tokyo5.pdf
2019,2019050306,東京,3,6,2019-06-16,12,1;2;3;4;5;6;7;8;9;10;11;12,,https://www.jra.go.jp/datafile/seiseki/report/2019/2019-3tokyo6.pdf
2019,2019050307,東京,3,7,2019-06-22,12,1;2;3;4;5;6;7;8;9;10;11;12,,https://www.jra.go.jp/datafile/seiseki/report/2019/2019-3tokyo7.pdf
2019,2019050308,東京,3,8,2019-06-23,12,1;2;3;4;5;6;7;8;9;10;11;12,,https://www.jra.go.jp/datafile/seiseki/report/2019/2019-3tokyo8.pdf
2019,2019050401,東京,4,1,2019-10-05,12,1;2;3;4;5;6;7;8;9;10;11;12,,https://www.jra.go.jp/datafile/seiseki/report/2019/2019-4tokyo1.pdf
2019,2019050402,東京,4,2,2019-10-06,12,1;2;3;4;5;6;7;8;9;10;11;12,,https://www.jra.go.jp/datafile/seiseki/report/2019/2019-4tokyo2.pdf
2019,2019050403,東京,4,3,2019-10-15,12,1;2;3;4;5;6;7;8;9;10;11;12,,https://www.jra.go.jp/datafile/seiseki/report/2019/2019-4tokyo3.pdf
2019,2019050404,東京,4,4,2019-10-21,12,1;2;3;4;5;6;7;8;9;10;11;12,,https://www.jra.go.jp/datafile/seiseki/report/2019/2019-4tokyo4.pdf
2019,2019050405,東京,4,5,2019-10-14,12,1;2;3;4;5;6;7;8;9;10;11;12,,https://www.jra.go.jp/datafile/seiseki/report/2019/2019-4tokyo5.pdf
2019,2019050406,東京,4,6,2019-10-19,12,1;2;3;4;5;6;7;8;9;10;11;12,,https://www.jra.go.jp/datafile/seiseki/report/2019/2019-4tokyo6.pdf
2019,2019050407,東京,4,7,2019-10-20,12,1;2;3;4;5;6;7;8;9;10;11;12,,https://www.jra.go.jp/datafile/seiseki/report/2019/2019-4tokyo7.pdf
2019,2019050408,東京,4,8,2019-10-26,12,1;2;3;4;5;6;7;8;9;10;11;12,,https://www.jra.go.jp/datafile/seiseki/report/2019/2019-4tokyo8.pdf
2019,2019050409,東京,4,9,2019-10-27,12,1;2;3;4;5;6;7;8;9;10;11;12,,https://www.jra.go.jp/datafile/seiseki/report/2019/2019-4tokyo9.pdf
2019,2019050501,東京,5,1,2019-11-02,12,1;2;3;4;5;6;7;8;9;10;11;12,,https://www.jra.go.jp/datafile/seiseki/report/2019/2019-5tokyo1.pdf
2019,2019050502,東京,5,2,2019-11-03,12,1;2;3;4;5;6;7;8;9;10;11;12,,https://www.jra.go.jp/datafile/seiseki/report/2019/2019-5tokyo2.pdf
2019,2019050503,東京,5,3,2019-11-09,12,1;2;3;4;5;6;7;8;9;10;11;12,,https://www.jra.go.jp/datafile/seiseki/report/2019/2019-5tokyo3.pdf
2019,2019050504,東京,5,4,2019-11-10,12,1;2;3;4;5;6;7;8;9;10;11;12,,https://www.jra.go.jp/datafile/seiseki/report/2019/2019-5tokyo4.pdf
2019,2019050505,東京,5,5,2019-11-16,12,1;2;3;4;5;6;7;8;9;10;11;12,,https://www.jra.go.jp/datafile/seiseki/report/2019/2019-5tokyo5.pdf
2019,2019050506,東京,5,6,2019-11-17,12,1;2;3;4;5;6;7;8;9;10;11;12,,https://www.jra.go.jp/datafile/seiseki/report/2019/2019-5tokyo6.pdf
2019,2019050507,東京,5,7,2019-11-23,12,1;2;3;4;5;6;7;8;9;10;11;12,,https://www.jra.go.jp/datafile/seiseki/report/2019/2019-5tokyo7.pdf
2019,2019050508,東京,5,8,2019-11-24,11,1;2;3;4;5;6;7;8;9;10;11,12,https://www.jra.go.jp/datafile/seiseki/report/2019/2019-5tokyo8.pdf
2019,2019060101,中山,1,1,2019-01-05,12,1;2;3;4;5;6;7;8;9;10;11;12,,https://www.jra.go.jp/datafile/seiseki/report/2019/2019-1nakayama1.pdf
2019,2019060102,中山,1,2,2019-01-06,12,1;2;3;4;5;6;7;8;9;10;11;12,,https://www.jra.go.jp/datafile/seiseki/report/2019/2019-1nakayama2.pdf
2019,2019060103,中山,1,3,2019-01-12,12,1;2;3;4;5;6;7;8;9;10;11;12,,https://www.jra.go.jp/datafile/seiseki/report/2019/2019-1nakayama3.pdf
2019,2019060104,中山,1,4,2019-01-13,12,1;2;3;4;5;6;7;8;9;10;11;12,,https://www.jra.go.jp/datafile/seiseki/report/2019/2019-1nakayama4.pdf
2019,2019060105,中山,1,5,2019-01-14,12,1;2;3;4;5;6;7;8;9;10;11;12,,https://www.jra.go.jp/datafile/seiseki/report/2019/2019-1nakayama5.pdf
2019,2019060106,中山,1,6,2019-01-19,12,1;2;3;4;5;6;7;8;9;10;11;12,,https://www.jra.go.jp/datafile/seiseki/report/2019/2019-1nakayama6.pdf
2019,2019060107,中山,1,7,2019-01-20,12,1;2;3;4;5;6;7;8;9;10;11;12,,https://www.jra.go.jp/datafile/seiseki/report/2019/2019-1nakayama7.pdf
2019,2019060201,中山,2,1,2019-02-23,12,1;2;3;4;5;6;7;8;9;10;11;12,,https://www.jra.go.jp/datafile/seiseki/report/2019/2019-2nakayama1.pdf
2019,2019060202,中山,2,2,2019-02-24,12,1;2;3;4;5;6;7;8;9;10;11;12,,https://www.jra.go.jp/datafile/seiseki/report/2019/2019-2nakayama2.pdf
2019,2019060203,中山,2,3,2019-03-02,12,1;2;3;4;5;6;7;8;9;10;11;12,,https://www.jra.go.jp/datafile/seiseki/report/2019/2019-2nakayama3.pdf
2019,2019060204,中山,2,4,2019-03-03,12,1;2;3;4;5;6;7;8;9;10;11;12,,https://www.jra.go.jp/datafile/seiseki/report/2019/2019-2nakayama4.pdf
2019,2019060205,中山,2,5,2019-03-09,12,1;2;3;4;5;6;7;8;9;10;11;12,,https://www.jra.go.jp/datafile/seiseki/report/2019/2019-2nakayama5.pdf
2019,2019060206,中山,2,6,2019-03-10,12,1;2;3;4;5;6;7;8;9;10;11;12,,https://www.jra.go.jp/datafile/seiseki/report/2019/2019-2nakayama6.pdf
2019,2019060207,中山,2,7,2019-03-16,12,1;2;3;4;5;6;7;8;9;10;11;12,,https://www.jra.go.jp/datafile/seiseki/report/2019/2019-2nakayama7.pdf
2019,2019060208,中山,2,8,2019-03-17,12,1;2;3;4;5;6;7;8;9;10;11;12,,https://www.jra.go.jp/datafile/seiseki/report/2019/2019-2nakayama8.pdf
2019,2019060301,中山,3,1,2019-03-23,12,1;2;3;4;5;6;7;8;9;10;11;12,,https://www.jra.go.jp/datafile/seiseki/report/2019/2019-3nakayama1.pdf
2019,2019060302,中山,3,2,2019-03-24,12,1;2;3;4;5;6;7;8;9;10;11;12,,https://www.jra.go.jp/datafile/seiseki/report/2019/2019-3nakayama2.pdf
2019,2019060303,中山,3,3,2019-03-30,12,1;2;3;4;5;6;7;8;9;10;11;12,,https://www.jra.go.jp/datafile/seiseki/report/2019/2019-3nakayama3.pdf
2019,2019060304,中山,3,4,2019-03-31,12,1;2;3;4;5;6;7;8;9;10;11;12,,https://www.jra.go.jp/datafile/seiseki/report/2019/2019-3nakayama4.pdf
2019,2019060305,中山,3,5,2019-04-06,12,1;2;3;4;5;6;7;8;9;10;11;12,,https://www.jra.go.jp/datafile/seiseki/report/2019/2019-3nakayama5.pdf
2019,2019060306,中山,3,6,2019-04-07,12,1;2;3;4;5;6;7;8;9;10;11;12,,https://www.jra.go.jp/datafile/seiseki/report/2019/2019-3nakayama6.pdf
2019,2019060307,中山,3,7,2019-04-13,12,1;2;3;4;5;6;7;8;9;10;11;12,,https://www.jra.go.jp/datafile/seiseki/report/2019/2019-3nakayama7.pdf
2019,2019060308,中山,3,8,2019-04-14,12,1;2;3;4;5;6;7;8;9;10;11;12,,https://www.jra.go.jp/datafile/seiseki/report/2019/2019-3nakayama8.pdf
2019,2019060401,中山,4,1,2019-09-07,12,1;2;3;4;5;6;7;8;9;10;11;12,,https://www.jra.go.jp/datafile/seiseki/report/2019/2019-4nakayama1.pdf
2019,2019060402,中山,4,2,2019-09-08,12,1;2;3;4;5;6;7;8;9;10;11;12,,https://www.jra.go.jp/datafile/seiseki/report/2019/2019-4nakayama2.pdf
2019,2019060403,中山,4,3,2019-09-14,12,1;2;3;4;5;6;7;8;9;10;11;12,,https://www.jra.go.jp/datafile/seiseki/report/2019/2019-4nakayama3.pdf
2019,2019060404,中山,4,4,2019-09-15,12,1;2;3;4;5;6;7;8;9;10;11;12,,https://www.jra.go.jp/datafile/seiseki/report/2019/2019-4nakayama4.pdf
2019,2019060405,中山,4,5,2019-09-16,12,1;2;3;4;5;6;7;8;9;10;11;12,,https://www.jra.go.jp/datafile/seiseki/report/2019/2019-4nakayama5.pdf
2019,2019060406,中山,4,6,2019-09-21,12,1;2;3;4;5;6;7;8;9;10;11;12,,https://www.jra.go.jp/datafile/seiseki/report/2019/2019-4nakayama6.pdf
2019,2019060407,中山,4,7,2019-09-22,12,1;2;3;4;5;6;7;8;9;10;11;12,,https://www.jra.go.jp/datafile/seiseki/report/2019/2019-4nakayama7.pdf
2019,2019060408,中山,4,8,2019-09-28,12,1;2;3;4;5;6;7;8;9;10;11;12,,https://www.jra.go.jp/datafile/seiseki/report/2019/2019-4nakayama8.pdf
2019,2019060409,中山,4,9,2019-09-29,12,1;2;3;4;5;6;7;8;9;10;11;12,,https://www.jra.go.jp/datafile/seiseki/report/2019/2019-4nakayama9.pdf
2019,2019060501,中山,5,1,2019-11-30,12,1;2;3;4;5;6;7;8;9;10;11;12,,https://www.jra.go.jp/datafile/seiseki/report/2019/2019-5nakayama1.pdf
2019,2019060502,中山,5,2,2019-12-01,12,1;2;3;4;5;6;7;8;9;10;11;12,,https://www.jra.go.jp/datafile/seiseki/report/2019/2019-5nakayama2.pdf
2019,2019060503,中山,5,3,2019-12-07,12,1;2;3;4;5;6;7;8;9;10;11;12,,https://www.jra.go.jp/datafile/seiseki/report/2019/2019-5nakayama3.pdf
2019,2019060504,中山,5,4,2019-12-08,12,1;2;3;4;5;6;7;8;9;10;11;12,,https://www.jra.go.jp/datafile/seiseki/report/2019/2019-5nakayama4.pdf
2019,2019060505,中山,5,5,2019-12-14,12,1;2;3;4;5;6;7;8;9;10;11;12,,https://www.jra.go.jp/datafile/seiseki/report/2019/2019-5nakayama5.pdf
2019,2019060506,中山,5,6,2019-12-15,12,1;2;3;4;5;6;7;8;9;10;11;12,,https://www.jra.go.jp/datafile/seiseki/report/2019/2019-5nakayama6.pdf
2019,2019060507,中山,5,7,2019-12-21,12,1;2;3;4;5;6;7;8;9;10;11;12,,https://www.jra.go.jp/datafile/seiseki/report/2019/2019-5nakayama7.pdf
2019,2019060508,中山,5,8,2019-12-22,12,1;2;3;4;5;6;7;8;9;10;11;12,,https://www.jra.go.jp/datafile/seiseki/report/2019/2019-5nakayama8.pdf
2019,2019060509,中山,5,9,2019-12-28,12,1;2;3;4;5;6;7;8;9;10;11;12,,https://www.jra.go.jp/datafile/seiseki/report/2019/2019-5nakayama9.pdf
2019,2019070101,中京,1,1,2019-01-19,12,1;2;3;4;5;6;7;8;9;10;11;12,,https://www.jra.go.jp/datafile/seiseki/report/2019/2019-1chukyo1.pdf
2019,2019070102,中京,1,2,2019-01-20,12,1;2;3;4;5;6;7;8;9;10;11;12,,https://www.jra.go.jp/datafile/seiseki/report/2019/2019-1chukyo2.pdf
2019,2019070103,中京,1,3,2019-01-26,12,1;2;3;4;5;6;7;8;9;10;11;12,,https://www.jra.go.jp/datafile/seiseki/report/2019/2019-1chukyo3.pdf
2019,2019070104,中京,1,4,2019-01-27,12,1;2;3;4;5;6;7;8;9;10;11;12,,https://www.jra.go.jp/datafile/seiseki/report/2019/2019-1chukyo4.pdf
2019,2019070105,中京,1,5,2019-02-02,12,1;2;3;4;5;6;7;8;9;10;11;12,,https://www.jra.go.jp/datafile/seiseki/report/2019/2019-1chukyo5.pdf
2019,2019070106,中京,1,6,2019-02-03,12,1;2;3;4;5;6;7;8;9;10;11;12,,https://www.jra.go.jp/datafile/seiseki/report/2019/2019-1chukyo6.pdf
2019,2019070201,中京,2,1,2019-03-09,12,1;2;3;4;5;6;7;8;9;10;11;12,,https://www.jra.go.jp/datafile/seiseki/report/2019/2019-2chukyo1.pdf
2019,2019070202,中京,2,2,2019-03-10,12,1;2;3;4;5;6;7;8;9;10;11;12,,https://www.jra.go.jp/datafile/seiseki/report/2019/2019-2chukyo2.pdf
2019,2019070203,中京,2,3,2019-03-16,12,1;2;3;4;5;6;7;8;9;10;11;12,,https://www.jra.go.jp/datafile/seiseki/report/2019/2019-2chukyo3.pdf
2019,2019070204,中京,2,4,2019-03-17,12,1;2;3;4;5;6;7;8;9;10;11;12,,https://www.jra.go.jp/datafile/seiseki/report/2019/2019-2chukyo4.pdf
2019,2019070205,中京,2,5,2019-03-23,12,1;2;3;4;5;6;7;8;9;10;11;12,,https://www.jra.go.jp/datafile/seiseki/report/2019/2019-2chukyo5.pdf
2019,2019070206,中京,2,6,2019-03-24,12,1;2;3;4;5;6;7;8;9;10;11;12,,https://www.jra.go.jp/datafile/seiseki/report/2019/2019-2chukyo6.pdf
2019,2019070301,中京,3,1,2019-06-29,12,1;2;3;4;5;6;7;8;9;10;11;12,,https://www.jra.go.jp/datafile/seiseki/report/2019/2019-3chukyo1.pdf
2019,2019070302,中京,3,2,2019-06-30,12,1;2;3;4;5;6;7;8;9;10;11;12,,https://www.jra.go.jp/datafile/seiseki/report/2019/2019-3chukyo2.pdf
2019,2019070303,中京,3,3,2019-07-06,12,1;2;3;4;5;6;7;8;9;10;11;12,,https://www.jra.go.jp/datafile/seiseki/report/2019/2019-3chukyo3.pdf
2019,2019070304,中京,3,4,2019-07-07,12,1;2;3;4;5;6;7;8;9;10;11;12,,https://www.jra.go.jp/datafile/seiseki/report/2019/2019-3chukyo4.pdf
2019,2019070305,中京,3,5,2019-07-13,12,1;2;3;4;5;6;7;8;9;10;11;12,,https://www.jra.go.jp/datafile/seiseki/report/2019/2019-3chukyo5.pdf
2019,2019070306,中京,3,6,2019-07-14,12,1;2;3;4;5;6;7;8;9;10;11;12,,https://www.jra.go.jp/datafile/seiseki/report/2019/2019-3chukyo6.pdf
2019,2019070307,中京,3,7,2019-07-20,12,1;2;3;4;5;6;7;8;9;10;11;12,,https://www.jra.go.jp/datafile/seiseki/report/2019/2019-3chukyo7.pdf
2019,2019070308,中京,3,8,2019-07-21,12,1;2;3;4;5;6;7;8;9;10;11;12,,https://www.jra.go.jp/datafile/seiseki/report/2019/2019-3chukyo8.pdf
2019,2019070401,中京,4,1,2019-11-30,12,1;2;3;4;5;6;7;8;9;10;11;12,,https://www.jra.go.jp/datafile/seiseki/report/2019/2019-4chukyo1.pdf
2019,2019070402,中京,4,2,2019-12-01,12,1;2;3;4;5;6;7;8;9;10;11;12,,https://www.jra.go.jp/datafile/seiseki/report/2019/2019-4chukyo2.pdf
2019,2019070403,中京,4,3,2019-12-07,12,1;2;3;4;5;6;7;8;9;10;11;12,,https://www.jra.go.jp/datafile/seiseki/report/2019/2019-4chukyo3.pdf
2019,2019070404,中京,4,4,2019-12-08,12,1;2;3;4;5;6;7;8;9;10;11;12,,https://www.jra.go.jp/datafile/seiseki/report/2019/2019-4chukyo4.pdf
2019,2019070405,中京,4,5,2019-12-14,12,1;2;3;4;5;6;7;8;9;10;11;12,,https://www.jra.go.jp/datafile/seiseki/report/2019/2019-4chukyo5.pdf
2019,2019070406,中京,4,6,2019-12-15,12,1;2;3;4;5;6;7;8;9;10;11;12,,https://www.jra.go.jp/datafile/seiseki/report/2019/2019-4chukyo6.pdf
2019,2019080101,京都,1,1,2019-01-05,12,1;2;3;4;5;6;7;8;9;10;11;12,,https://www.jra.go.jp/datafile/seiseki/report/2019/2019-1kyoto1.pdf
2019,2019080102,京都,1,2,2019-01-06,12,1;2;3;4;5;6;7;8;9;10;11;12,,https://www.jra.go.jp/datafile/seiseki/report/2019/2019-1kyoto2.pdf
2019,2019080103,京都,1,3,2019-01-12,12,1;2;3;4;5;6;7;8;9;10;11;12,,https://www.jra.go.jp/datafile/seiseki/report/2019/2019-1kyoto3.pdf
2019,2019080104,京都,1,4,2019-01-13,12,1;2;3;4;5;6;7;8;9;10;11;12,,https://www.jra.go.jp/datafile/seiseki/report/2019/2019-1kyoto4.pdf
2019,2019080105,京都,1,5,2019-01-14,12,1;2;3;4;5;6;7;8;9;10;11;12,,https://www.jra.go.jp/datafile/seiseki/report/2019/2019-1kyoto5.pdf
2019,2019080106,京都,1,6,2019-01-19,12,1;2;3;4;5;6;7;8;9;10;11;12,,https://www.jra.go.jp/datafile/seiseki/report/2019/2019-1kyoto6.pdf
2019,2019080107,京都,1,7,2019-01-20,12,1;2;3;4;5;6;7;8;9;10;11;12,,https://www.jra.go.jp/datafile/seiseki/report/2019/2019-1kyoto7.pdf
2019,2019080201,京都,2,1,2019-01-26,12,1;2;3;4;5;6;7;8;9;10;11;12,,https://www.jra.go.jp/datafile/seiseki/report/2019/2019-2kyoto1.pdf
2019,2019080202,京都,2,2,2019-01-27,12,1;2;3;4;5;6;7;8;9;10;11;12,,https://www.jra.go.jp/datafile/seiseki/report/2019/2019-2kyoto2.pdf
2019,2019080203,京都,2,3,2019-02-02,12,1;2;3;4;5;6;7;8;9;10;11;12,,https://www.jra.go.jp/datafile/seiseki/report/2019/2019-2kyoto3.pdf
2019,2019080204,京都,2,4,2019-02-03,12,1;2;3;4;5;6;7;8;9;10;11;12,,https://www.jra.go.jp/datafile/seiseki/report/2019/2019-2kyoto4.pdf
2019,2019080205,京都,2,5,2019-02-09,12,1;2;3;4;5;6;7;8;9;10;11;12,,https://www.jra.go.jp/datafile/seiseki/report/2019/2019-2kyoto5.pdf
2019,2019080206,京都,2,6,2019-02-10,12,1;2;3;4;5;6;7;8;9;10;11;12,,https://www.jra.go.jp/datafile/seiseki/report/2019/2019-2kyoto6.pdf
2019,2019080207,京都,2,7,2019-02-16,12,1;2;3;4;5;6;7;8;9;10;11;12,,https://www.jra.go.jp/datafile/seiseki/report/2019/2019-2kyoto7.pdf
2019,2019080208,京都,2,8,2019-02-17,12,1;2;3;4;5;6;7;8;9;10;11;12,,https://www.jra.go.jp/datafile/seiseki/report/2019/2019-2kyoto8.pdf
2019,2019080301,京都,3,1,2019-04-20,12,1;2;3;4;5;6;7;8;9;10;11;12,,https://www.jra.go.jp/datafile/seiseki/report/2019/2019-3kyoto1.pdf
2019,2019080302,京都,3,2,2019-04-21,12,1;2;3;4;5;6;7;8;9;10;11;12,,https://www.jra.go.jp/datafile/seiseki/report/2019/2019-3kyoto2.pdf
2019,2019080303,京都,3,3,2019-04-28,12,1;2;3;4;5;6;7;8;9;10;11;12,,https://www.jra.go.jp/datafile/seiseki/report/2019/2019-3kyoto3.pdf
2019,2019080304,京都,3,4,2019-04-29,12,1;2;3;4;5;6;7;8;9;10;11;12,,https://www.jra.go.jp/datafile/seiseki/report/2019/2019-3kyoto4.pdf
2019,2019080305,京都,3,5,2019-05-04,12,1;2;3;4;5;6;7;8;9;10;11;12,,https://www.jra.go.jp/datafile/seiseki/report/2019/2019-3kyoto5.pdf
2019,2019080306,京都,3,6,2019-05-05,12,1;2;3;4;5;6;7;8;9;10;11;12,,https://www.jra.go.jp/datafile/seiseki/report/2019/2019-3kyoto6.pdf
2019,2019080307,京都,3,7,2019-05-11,12,1;2;3;4;5;6;7;8;9;10;11;12,,https://www.jra.go.jp/datafile/seiseki/report/2019/2019-3kyoto7.pdf
2019,2019080308,京都,3,8,2019-05-12,12,1;2;3;4;5;6;7;8;9;10;11;12,,https://www.jra.go.jp/datafile/seiseki/report/2019/2019-3kyoto8.pdf
2019,2019080309,京都,3,9,2019-05-18,12,1;2;3;4;5;6;7;8;9;10;11;12,,https://www.jra.go.jp/datafile/seiseki/report/2019/2019-3kyoto9.pdf
2019,2019080310,京都,3,10,2019-05-19,12,1;2;3;4;5;6;7;8;9;10;11;12,,https://www.jra.go.jp/datafile/seiseki/report/2019/2019-3kyoto10.pdf
2019,2019080311,京都,3,11,2019-05-25,12,1;2;3;4;5;6;7;8;9;10;11;12,,https://www.jra.go.jp/datafile/seiseki/report/2019/2019-3kyoto11.pdf
2019,2019080312,京都,3,12,2019-05-26,12,1;2;3;4;5;6;7;8;9;10;11;12,,https://www.jra.go.jp/datafile/seiseki/report/2019/2019-3kyoto12.pdf
2019,2019080401,京都,4,1,2019-10-05,12,1;2;3;4;5;6;7;8;9;10;11;12,,https://www.jra.go.jp/datafile/seiseki/report/2019/2019-4kyoto1.pdf
2019,2019080402,京都,4,2,2019-10-06,12,1;2;3;4;5;6;7;8;9;10;11;12,,https://www.jra.go.jp/datafile/seiseki/report/2019/2019-4kyoto2.pdf
2019,2019080403,京都,4,3,2019-10-12,12,1;2;3;4;5;6;7;8;9;10;11;12,,https://www.jra.go.jp/datafile/seiseki/report/2019/2019-4kyoto3.pdf
2019,2019080404,京都,4,4,2019-10-13,12,1;2;3;4;5;6;7;8;9;10;11;12,,https://www.jra.go.jp/datafile/seiseki/report/2019/2019-4kyoto4.pdf
2019,2019080405,京都,4,5,2019-10-14,12,1;2;3;4;5;6;7;8;9;10;11;12,,https://www.jra.go.jp/datafile/seiseki/report/2019/2019-4kyoto5.pdf
2019,2019080406,京都,4,6,2019-10-19,12,1;2;3;4;5;6;7;8;9;10;11;12,,https://www.jra.go.jp/datafile/seiseki/report/2019/2019-4kyoto6.pdf
2019,2019080407,京都,4,7,2019-10-20,12,1;2;3;4;5;6;7;8;9;10;11;12,,https://www.jra.go.jp/datafile/seiseki/report/2019/2019-4kyoto7.pdf
2019,2019080408,京都,4,8,2019-10-26,12,1;2;3;4;5;6;7;8;9;10;11;12,,https://www.jra.go.jp/datafile/seiseki/report/2019/2019-4kyoto8.pdf
2019,2019080409,京都,4,9,2019-10-27,12,1;2;3;4;5;6;7;8;9;10;11;12,,https://www.jra.go.jp/datafile/seiseki/report/2019/2019-4kyoto9.pdf
2019,2019080501,京都,5,1,2019-11-02,12,1;2;3;4;5;6;7;8;9;10;11;12,,https://www.jra.go.jp/datafile/seiseki/report/2019/2019-5kyoto1.pdf
2019,2019080502,京都,5,2,2019-11-03,12,1;2;3;4;5;6;7;8;9;10;11;12,,https://www.jra.go.jp/datafile/seiseki/report/2019/2019-5kyoto2.pdf
2019,2019080503,京都,5,3,2019-11-09,12,1;2;3;4;5;6;7;8;9;10;11;12,,https://www.jra.go.jp/datafile/seiseki/report/2019/2019-5kyoto3.pdf
2019,2019080504,京都,5,4,2019-11-10,12,1;2;3;4;5;6;7;8;9;10;11;12,,https://www.jra.go.jp/datafile/seiseki/report/2019/2019-5kyoto4.pdf
2019,2019080505,京都,5,5,2019-11-16,12,1;2;3;4;5;6;7;8;9;10;11;12,,https://www.jra.go.jp/datafile/seiseki/report/2019/2019-5kyoto5.pdf
2019,2019080506,京都,5,6,2019-11-17,12,1;2;3;4;5;6;7;8;9;10;11;12,,https://www.jra.go.jp/datafile/seiseki/report/2019/2019-5kyoto6.pdf
2019,2019080507,京都,5,7,2019-11-23,12,1;2;3;4;5;6;7;8;9;10;11;12,,https://www.jra.go.jp/datafile/seiseki/report/2019/2019-5kyoto7.pdf
2019,2019080508,京都,5,8,2019-11-24,12,1;2;3;4;5;6;7;8;9;10;11;12,,https://www.jra.go.jp/datafile/seiseki/report/2019/2019-5kyoto8.pdf
2019,2019090101,阪神,1,1,2019-02-23,12,1;2;3;4;5;6;7;8;9;10;11;12,,https://www.jra.go.jp/datafile/seiseki/report/2019/2019-1hanshin1.pdf
2019,2019090102,阪神,1,2,2019-02-24,12,1;2;3;4;5;6;7;8;9;10;11;12,,https://www.jra.go.jp/datafile/seiseki/report/2019/2019-1hanshin2.pdf
2019,2019090103,阪神,1,3,2019-03-02,12,1;2;3;4;5;6;7;8;9;10;11;12,,https://www.jra.go.jp/datafile/seiseki/report/2019/2019-1hanshin3.pdf
2019,2019090104,阪神,1,4,2019-03-03,12,1;2;3;4;5;6;7;8;9;10;11;12,,https://www.jra.go.jp/datafile/seiseki/report/2019/2019-1hanshin4.pdf
2019,2019090105,阪神,1,5,2019-03-09,12,1;2;3;4;5;6;7;8;9;10;11;12,,https://www.jra.go.jp/datafile/seiseki/report/2019/2019-1hanshin5.pdf
2019,2019090106,阪神,1,6,2019-03-10,12,1;2;3;4;5;6;7;8;9;10;11;12,,https://www.jra.go.jp/datafile/seiseki/report/2019/2019-1hanshin6.pdf
2019,2019090107,阪神,1,7,2019-03-16,12,1;2;3;4;5;6;7;8;9;10;11;12,,https://www.jra.go.jp/datafile/seiseki/report/2019/2019-1hanshin7.pdf
2019,2019090108,阪神,1,8,2019-03-17,12,1;2;3;4;5;6;7;8;9;10;11;12,,https://www.jra.go.jp/datafile/seiseki/report/2019/2019-1hanshin8.pdf
2019,2019090201,阪神,2,1,2019-03-23,12,1;2;3;4;5;6;7;8;9;10;11;12,,https://www.jra.go.jp/datafile/seiseki/report/2019/2019-2hanshin1.pdf
2019,2019090202,阪神,2,2,2019-03-24,12,1;2;3;4;5;6;7;8;9;10;11;12,,https://www.jra.go.jp/datafile/seiseki/report/2019/2019-2hanshin2.pdf
2019,2019090203,阪神,2,3,2019-03-30,12,1;2;3;4;5;6;7;8;9;10;11;12,,https://www.jra.go.jp/datafile/seiseki/report/2019/2019-2hanshin3.pdf
2019,2019090204,阪神,2,4,2019-03-31,12,1;2;3;4;5;6;7;8;9;10;11;12,,https://www.jra.go.jp/datafile/seiseki/report/2019/2019-2hanshin4.pdf
2019,2019090205,阪神,2,5,2019-04-06,12,1;2;3;4;5;6;7;8;9;10;11;12,,https://www.jra.go.jp/datafile/seiseki/report/2019/2019-2hanshin5.pdf
2019,2019090206,阪神,2,6,2019-04-07,12,1;2;3;4;5;6;7;8;9;10;11;12,,https://www.jra.go.jp/datafile/seiseki/report/2019/2019-2hanshin6.pdf
2019,2019090207,阪神,2,7,2019-04-13,12,1;2;3;4;5;6;7;8;9;10;11;12,,https://www.jra.go.jp/datafile/seiseki/report/2019/2019-2hanshin7.pdf
2019,2019090208,阪神,2,8,2019-04-14,12,1;2;3;4;5;6;7;8;9;10;11;12,,https://www.jra.go.jp/datafile/seiseki/report/2019/2019-2hanshin8.pdf
2019,2019090301,阪神,3,1,2019-06-01,12,1;2;3;4;5;6;7;8;9;10;11;12,,https://www.jra.go.jp/datafile/seiseki/report/2019/2019-3hanshin1.pdf
2019,2019090302,阪神,3,2,2019-06-02,12,1;2;3;4;5;6;7;8;9;10;11;12,,https://www.jra.go.jp/datafile/seiseki/report/2019/2019-3hanshin2.pdf
2019,2019090303,阪神,3,3,2019-06-08,12,1;2;3;4;5;6;7;8;9;10;11;12,,https://www.jra.go.jp/datafile/seiseki/report/2019/2019-3hanshin3.pdf
2019,2019090304,阪神,3,4,2019-06-09,12,1;2;3;4;5;6;7;8;9;10;11;12,,https://www.jra.go.jp/datafile/seiseki/report/2019/2019-3hanshin4.pdf
2019,2019090305,阪神,3,5,2019-06-15,12,1;2;3;4;5;6;7;8;9;10;11;12,,https://www.jra.go.jp/datafile/seiseki/report/2019/2019-3hanshin5.pdf
2019,2019090306,阪神,3,6,2019-06-16,12,1;2;3;4;5;6;7;8;9;10;11;12,,https://www.jra.go.jp/datafile/seiseki/report/2019/2019-3hanshin6.pdf
2019,2019090307,阪神,3,7,2019-06-22,12,1;2;3;4;5;6;7;8;9;10;11;12,,https://www.jra.go.jp/datafile/seiseki/report/2019/2019-3hanshin7.pdf
2019,2019090308,阪神,3,8,2019-06-23,12,1;2;3;4;5;6;7;8;9;10;11;12,,https://www.jra.go.jp/datafile/seiseki/report/2019/2019-3hanshin8.pdf
2019,2019090401,阪神,4,1,2019-09-07,12,1;2;3;4;5;6;7;8;9;10;11;12,,https://www.jra.go.jp/datafile/seiseki/report/2019/2019-4hanshin1.pdf
2019,2019090402,阪神,4,2,2019-09-08,12,1;2;3;4;5;6;7;8;9;10;11;12,,https://www.jra.go.jp/datafile/seiseki/report/2019/2019-4hanshin2.pdf
2019,2019090403,阪神,4,3,2019-09-14,12,1;2;3;4;5;6;7;8;9;10;11;12,,https://www.jra.go.jp/datafile/seiseki/report/2019/2019-4hanshin3.pdf
2019,2019090404,阪神,4,4,2019-09-15,12,1;2;3;4;5;6;7;8;9;10;11;12,,https://www.jra.go.jp/datafile/seiseki/report/2019/2019-4hanshin4.pdf
2019,2019090405,阪神,4,5,2019-09-16,12,1;2;3;4;5;6;7;8;9;10;11;12,,https://www.jra.go.jp/datafile/seiseki/report/2019/2019-4hanshin5.pdf
2019,2019090406,阪神,4,6,2019-09-21,12,1;2;3;4;5;6;7;8;9;10;11;12,,https://www.jra.go.jp/datafile/seiseki/report/2019/2019-4hanshin6.pdf
2019,2019090407,阪神,4,7,2019-09-22,12,1;2;3;4;5;6;7;8;9;10;11;12,,https://www.jra.go.jp/datafile/seiseki/report/2019/2019-4hanshin7.pdf
2019,2019090408,阪神,4,8,2019-09-28,12,1;2;3;4;5;6;7;8;9;10;11;12,,https://www.jra.go.jp/datafile/seiseki/report/2019/2019-4hanshin8.pdf
2019,2019090409,阪神,4,9,2019-09-29,12,1;2;3;4;5;6;7;8;9;10;11;12,,https://www.jra.go.jp/datafile/seiseki/report/2019/2019-4hanshin9.pdf
2019,2019090501,阪神,5,1,2019-11-30,12,1;2;3;4;5;6;7;8;9;10;11;12,,https://www.jra.go.jp/datafile/seiseki/report/2019/2019-5hanshin1.pdf
2019,2019090502,阪神,5,2,2019-12-01,12,1;2;3;4;5;6;7;8;9;10;11;12,,https://www.jra.go.jp/datafile/seiseki/report/2019/2019-5hanshin2.pdf
2019,2019090503,阪神,5,3,2019-12-07,12,1;2;3;4;5;6;7;8;9;10;11;12,,https://www.jra.go.jp/datafile/seiseki/report/2019/2019-5hanshin3.pdf
2019,2019090504,阪神,5,4,2019-12-08,12,1;2;3;4;5;6;7;8;9;10;11;12,,https://www.jra.go.jp/datafile/seiseki/report/2019/2019-5hanshin4.pdf
2019,2019090505,阪神,5,5,2019-12-14,12,1;2;3;4;5;6;7;8;9;10;11;12,,https://www.jra.go.jp/datafile/seiseki/report/2019/2019-5hanshin5.pdf
2019,2019090506,阪神,5,6,2019-12-15,12,1;2;3;4;5;6;7;8;9;10;11;12,,https://www.jra.go.jp/datafile/seiseki/report/2019/2019-5hanshin6.pdf
2019,2019090507,阪神,5,7,2019-12-21,12,1;2;3;4;5;6;7;8;9;10;11;12,,https://www.jra.go.jp/datafile/seiseki/report/2019/2019-5hanshin7.pdf
2019,2019090508,阪神,5,8,2019-12-22,12,1;2;3;4;5;6;7;8;9;10;11;12,,https://www.jra.go.jp/datafile/seiseki/report/2019/2019-5hanshin8.pdf
2019,2019090509,阪神,5,9,2019-12-28,12,1;2;3;4;5;6;7;8;9;10;11;12,,https://www.jra.go.jp/datafile/seiseki/report/2019/2019-5hanshin9.pdf
2019,2019100101,小倉,1,1,2019-02-09,12,1;2;3;4;5;6;7;8;9;10;11;12,,https://www.jra.go.jp/datafile/seiseki/report/2019/2019-1kokura1.pdf
2019,2019100102,小倉,1,2,2019-02-10,12,1;2;3;4;5;6;7;8;9;10;11;12,,https://www.jra.go.jp/datafile/seiseki/report/2019/2019-1kokura2.pdf
2019,2019100103,小倉,1,3,2019-02-16,12,1;2;3;4;5;6;7;8;9;10;11;12,,https://www.jra.go.jp/datafile/seiseki/report/2019/2019-1kokura3.pdf
2019,2019100104,小倉,1,4,2019-02-17,12,1;2;3;4;5;6;7;8;9;10;11;12,,https://www.jra.go.jp/datafile/seiseki/report/2019/2019-1kokura4.pdf
2019,2019100105,小倉,1,5,2019-02-23,12,1;2;3;4;5;6;7;8;9;10;11;12,,https://www.jra.go.jp/datafile/seiseki/report/2019/2019-1kokura5.pdf
2019,2019100106,小倉,1,6,2019-02-24,12,1;2;3;4;5;6;7;8;9;10;11;12,,https://www.jra.go.jp/datafile/seiseki/report/2019/2019-1kokura6.pdf
2019,2019100107,小倉,1,7,2019-03-02,12,1;2;3;4;5;6;7;8;9;10;11;12,,https://www.jra.go.jp/datafile/seiseki/report/2019/2019-1kokura7.pdf
2019,2019100108,小倉,1,8,2019-03-03,12,1;2;3;4;5;6;7;8;9;10;11;12,,https://www.jra.go.jp/datafile/seiseki/report/2019/2019-1kokura8.pdf
2019,2019100201,小倉,2,1,2019-07-27,12,1;2;3;4;5;6;7;8;9;10;11;12,,https://www.jra.go.jp/datafile/seiseki/report/2019/2019-2kokura1.pdf
2019,2019100202,小倉,2,2,2019-07-28,12,1;2;3;4;5;6;7;8;9;10;11;12,,https://www.jra.go.jp/datafile/seiseki/report/2019/2019-2kokura2.pdf
2019,2019100203,小倉,2,3,2019-08-03,12,1;2;3;4;5;6;7;8;9;10;11;12,,https://www.jra.go.jp/datafile/seiseki/report/2019/2019-2kokura3.pdf
2019,2019100204,小倉,2,4,2019-08-04,12,1;2;3;4;5;6;7;8;9;10;11;12,,https://www.jra.go.jp/datafile/seiseki/report/2019/2019-2kokura4.pdf
2019,2019100205,小倉,2,5,2019-08-10,12,1;2;3;4;5;6;7;8;9;10;11;12,,https://www.jra.go.jp/datafile/seiseki/report/2019/2019-2kokura5.pdf
2019,2019100206,小倉,2,6,2019-08-11,12,1;2;3;4;5;6;7;8;9;10;11;12,,https://www.jra.go.jp/datafile/seiseki/report/2019/2019-2kokura6.pdf
2019,2019100207,小倉,2,7,2019-08-17,12,1;2;3;4;5;6;7;8;9;10;11;12,,https://www.jra.go.jp/datafile/seiseki/report/2019/2019-2kokura7.pdf
2019,2019100208,小倉,2,8,2019-08-18,12,1;2;3;4;5;6;7;8;9;10;11;12,,https://www.jra.go.jp/datafile/seiseki/report/2019/2019-2kokura8.pdf
2019,2019100209,小倉,2,9,2019-08-24,12,1;2;3;4;5;6;7;8;9;10;11;12,,https://www.jra.go.jp/datafile/seiseki/report/2019/2019-2kokura9.pdf
2019,2019100210,小倉,2,10,2019-08-25,12,1;2;3;4;5;6;7;8;9;10;11;12,,https://www.jra.go.jp/datafile/seiseki/report/2019/2019-2kokura10.pdf
2019,2019100211,小倉,2,11,2019-08-31,12,1;2;3;4;5;6;7;8;9;10;11;12,,https://www.jra.go.jp/datafile/seiseki/report/2019/2019-2kokura11.pdf
2019,2019100212,小倉,2,12,2019-09-01,12,1;2;3;4;5;6;7;8;9;10;11;12,,https://www.jra.go.jp/datafile/seiseki/report/2019/2019-2kokura12.pdf
2020,2020010101,札幌,1,1,2020-07-25,12,1;2;3;4;5;6;7;8;9;10;11;12,,https://www.jra.go.jp/datafile/seiseki/report/2020/2020-1sapporo1.pdf
2020,2020010102,札幌,1,2,2020-07-26,12,1;2;3;4;5;6;7;8;9;10;11;12,,https://www.jra.go.jp/datafile/seiseki/report/2020/2020-1sapporo2.pdf
2020,2020010103,札幌,1,3,2020-08-01,12,1;2;3;4;5;6;7;8;9;10;11;12,,https://www.jra.go.jp/datafile/seiseki/report/2020/2020-1sapporo3.pdf
2020,2020010104,札幌,1,4,2020-08-02,12,1;2;3;4;5;6;7;8;9;10;11;12,,https://www.jra.go.jp/datafile/seiseki/report/2020/2020-1sapporo4.pdf
2020,2020010105,札幌,1,5,2020-08-08,12,1;2;3;4;5;6;7;8;9;10;11;12,,https://www.jra.go.jp/datafile/seiseki/report/2020/2020-1sapporo5.pdf
2020,2020010106,札幌,1,6,2020-08-09,12,1;2;3;4;5;6;7;8;9;10;11;12,,https://www.jra.go.jp/datafile/seiseki/report/2020/2020-1sapporo6.pdf
2020,2020010201,札幌,2,1,2020-08-15,12,1;2;3;4;5;6;7;8;9;10;11;12,,https://www.jra.go.jp/datafile/seiseki/report/2020/2020-2sapporo1.pdf
2020,2020010202,札幌,2,2,2020-08-16,12,1;2;3;4;5;6;7;8;9;10;11;12,,https://www.jra.go.jp/datafile/seiseki/report/2020/2020-2sapporo2.pdf
2020,2020010203,札幌,2,3,2020-08-22,12,1;2;3;4;5;6;7;8;9;10;11;12,,https://www.jra.go.jp/datafile/seiseki/report/2020/2020-2sapporo3.pdf
2020,2020010204,札幌,2,4,2020-08-23,12,1;2;3;4;5;6;7;8;9;10;11;12,,https://www.jra.go.jp/datafile/seiseki/report/2020/2020-2sapporo4.pdf
2020,2020010205,札幌,2,5,2020-08-29,12,1;2;3;4;5;6;7;8;9;10;11;12,,https://www.jra.go.jp/datafile/seiseki/report/2020/2020-2sapporo5.pdf
2020,2020010206,札幌,2,6,2020-08-30,12,1;2;3;4;5;6;7;8;9;10;11;12,,https://www.jra.go.jp/datafile/seiseki/report/2020/2020-2sapporo6.pdf
2020,2020010207,札幌,2,7,2020-09-05,12,1;2;3;4;5;6;7;8;9;10;11;12,,https://www.jra.go.jp/datafile/seiseki/report/2020/2020-2sapporo7.pdf
2020,2020010208,札幌,2,8,2020-09-06,12,1;2;3;4;5;6;7;8;9;10;11;12,,https://www.jra.go.jp/datafile/seiseki/report/2020/2020-2sapporo8.pdf
2020,2020020101,函館,1,1,2020-06-13,12,1;2;3;4;5;6;7;8;9;10;11;12,,https://www.jra.go.jp/datafile/seiseki/report/2020/2020-1hakodate1.pdf
2020,2020020102,函館,1,2,2020-06-14,12,1;2;3;4;5;6;7;8;9;10;11;12,,https://www.jra.go.jp/datafile/seiseki/report/2020/2020-1hakodate2.pdf
2020,2020020103,函館,1,3,2020-06-20,12,1;2;3;4;5;6;7;8;9;10;11;12,,https://www.jra.go.jp/datafile/seiseki/report/2020/2020-1hakodate3.pdf
2020,2020020104,函館,1,4,2020-06-21,12,1;2;3;4;5;6;7;8;9;10;11;12,,https://www.jra.go.jp/datafile/seiseki/report/2020/2020-1hakodate4.pdf
2020,2020020105,函館,1,5,2020-06-27,12,1;2;3;4;5;6;7;8;9;10;11;12,,https://www.jra.go.jp/datafile/seiseki/report/2020/2020-1hakodate5.pdf
2020,2020020106,函館,1,6,2020-06-28,12,1;2;3;4;5;6;7;8;9;10;11;12,,https://www.jra.go.jp/datafile/seiseki/report/2020/2020-1hakodate6.pdf
2020,2020020201,函館,2,1,2020-07-04,12,1;2;3;4;5;6;7;8;9;10;11;12,,https://www.jra.go.jp/datafile/seiseki/report/2020/2020-2hakodate1.pdf
2020,2020020202,函館,2,2,2020-07-05,12,1;2;3;4;5;6;7;8;9;10;11;12,,https://www.jra.go.jp/datafile/seiseki/report/2020/2020-2hakodate2.pdf
2020,2020020203,函館,2,3,2020-07-11,12,1;2;3;4;5;6;7;8;9;10;11;12,,https://www.jra.go.jp/datafile/seiseki/report/2020/2020-2hakodate3.pdf
2020,2020020204,函館,2,4,2020-07-12,12,1;2;3;4;5;6;7;8;9;10;11;12,,https://www.jra.go.jp/datafile/seiseki/report/2020/2020-2hakodate4.pdf
2020,2020020205,函館,2,5,2020-07-18,12,1;2;3;4;5;6;7;8;9;10;11;12,,https://www.jra.go.jp/datafile/seiseki/report/2020/2020-2hakodate5.pdf
2020,2020020206,函館,2,6,2020-07-19,12,1;2;3;4;5;6;7;8;9;10;11;12,,https://www.jra.go.jp/datafile/seiseki/report/2020/2020-2hakodate6.pdf
2020,2020030101,福島,1,1,2020-04-11,12,1;2;3;4;5;6;7;8;9;10;11;12,,https://www.jra.go.jp/datafile/seiseki/report/2020/2020-1fukushima1.pdf
2020,2020030102,福島,1,2,2020-04-12,12,1;2;3;4;5;6;7;8;9;10;11;12,,https://www.jra.go.jp/datafile/seiseki/report/2020/2020-1fukushima2.pdf
2020,2020030103,福島,1,3,2020-04-18,12,1;2;3;4;5;6;7;8;9;10;11;12,,https://www.jra.go.jp/datafile/seiseki/report/2020/2020-1fukushima3.pdf
2020,2020030104,福島,1,4,2020-04-19,12,1;2;3;4;5;6;7;8;9;10;11;12,,https://www.jra.go.jp/datafile/seiseki/report/2020/2020-1fukushima4.pdf
2020,2020030105,福島,1,5,2020-04-25,12,1;2;3;4;5;6;7;8;9;10;11;12,,https://www.jra.go.jp/datafile/seiseki/report/2020/2020-1fukushima5.pdf
2020,2020030106,福島,1,6,2020-04-26,12,1;2;3;4;5;6;7;8;9;10;11;12,,https://www.jra.go.jp/datafile/seiseki/report/2020/2020-1fukushima6.pdf
2020,2020030107,福島,1,7,2020-05-02,12,1;2;3;4;5;6;7;8;9;10;11;12,,https://www.jra.go.jp/datafile/seiseki/report/2020/2020-1fukushima7.pdf
2020,2020030108,福島,1,8,2020-05-03,12,1;2;3;4;5;6;7;8;9;10;11;12,,https://www.jra.go.jp/datafile/seiseki/report/2020/2020-1fukushima8.pdf
2020,2020030201,福島,2,1,2020-07-04,12,1;2;3;4;5;6;7;8;9;10;11;12,,https://www.jra.go.jp/datafile/seiseki/report/2020/2020-2fukushima1.pdf
2020,2020030202,福島,2,2,2020-07-05,12,1;2;3;4;5;6;7;8;9;10;11;12,,https://www.jra.go.jp/datafile/seiseki/report/2020/2020-2fukushima2.pdf
2020,2020030203,福島,2,3,2020-07-11,12,1;2;3;4;5;6;7;8;9;10;11;12,,https://www.jra.go.jp/datafile/seiseki/report/2020/2020-2fukushima3.pdf
2020,2020030204,福島,2,4,2020-07-12,12,1;2;3;4;5;6;7;8;9;10;11;12,,https://www.jra.go.jp/datafile/seiseki/report/2020/2020-2fukushima4.pdf
2020,2020030205,福島,2,5,2020-07-18,12,1;2;3;4;5;6;7;8;9;10;11;12,,https://www.jra.go.jp/datafile/seiseki/report/2020/2020-2fukushima5.pdf
2020,2020030206,福島,2,6,2020-07-19,12,1;2;3;4;5;6;7;8;9;10;11;12,,https://www.jra.go.jp/datafile/seiseki/report/2020/2020-2fukushima6.pdf
2020,2020030301,福島,3,1,2020-10-31,12,1;2;3;4;5;6;7;8;9;10;11;12,,https://www.jra.go.jp/datafile/seiseki/report/2020/2020-3fukushima1.pdf
2020,2020030302,福島,3,2,2020-11-01,12,1;2;3;4;5;6;7;8;9;10;11;12,,https://www.jra.go.jp/datafile/seiseki/report/2020/2020-3fukushima2.pdf
2020,2020030303,福島,3,3,2020-11-07,12,1;2;3;4;5;6;7;8;9;10;11;12,,https://www.jra.go.jp/datafile/seiseki/report/2020/2020-3fukushima3.pdf
2020,2020030304,福島,3,4,2020-11-08,12,1;2;3;4;5;6;7;8;9;10;11;12,,https://www.jra.go.jp/datafile/seiseki/report/2020/2020-3fukushima4.pdf
2020,2020030305,福島,3,5,2020-11-14,12,1;2;3;4;5;6;7;8;9;10;11;12,,https://www.jra.go.jp/datafile/seiseki/report/2020/2020-3fukushima5.pdf
2020,2020030306,福島,3,6,2020-11-15,12,1;2;3;4;5;6;7;8;9;10;11;12,,https://www.jra.go.jp/datafile/seiseki/report/2020/2020-3fukushima6.pdf
2020,2020040101,新潟,1,1,2020-05-09,12,1;2;3;4;5;6;7;8;9;10;11;12,,https://www.jra.go.jp/datafile/seiseki/report/2020/2020-1niigata1.pdf
2020,2020040102,新潟,1,2,2020-05-10,12,1;2;3;4;5;6;7;8;9;10;11;12,,https://www.jra.go.jp/datafile/seiseki/report/2020/2020-1niigata2.pdf
2020,2020040103,新潟,1,3,2020-05-16,12,1;2;3;4;5;6;7;8;9;10;11;12,,https://www.jra.go.jp/datafile/seiseki/report/2020/2020-1niigata3.pdf
2020,2020040104,新潟,1,4,2020-05-17,12,1;2;3;4;5;6;7;8;9;10;11;12,,https://www.jra.go.jp/datafile/seiseki/report/2020/2020-1niigata4.pdf
2020,2020040105,新潟,1,5,2020-05-23,12,1;2;3;4;5;6;7;8;9;10;11;12,,https://www.jra.go.jp/datafile/seiseki/report/2020/2020-1niigata5.pdf
2020,2020040106,新潟,1,6,2020-05-24,12,1;2;3;4;5;6;7;8;9;10;11;12,,https://www.jra.go.jp/datafile/seiseki/report/2020/2020-1niigata6.pdf
2020,2020040201,新潟,2,1,2020-07-25,12,1;2;3;4;5;6;7;8;9;10;11;12,,https://www.jra.go.jp/datafile/seiseki/report/2020/2020-2niigata1.pdf
2020,2020040202,新潟,2,2,2020-07-26,12,1;2;3;4;5;6;7;8;9;10;11;12,,https://www.jra.go.jp/datafile/seiseki/report/2020/2020-2niigata2.pdf
2020,2020040203,新潟,2,3,2020-08-01,12,1;2;3;4;5;6;7;8;9;10;11;12,,https://www.jra.go.jp/datafile/seiseki/report/2020/2020-2niigata3.pdf
2020,2020040204,新潟,2,4,2020-08-02,12,1;2;3;4;5;6;7;8;9;10;11;12,,https://www.jra.go.jp/datafile/seiseki/report/2020/2020-2niigata4.pdf
2020,2020040205,新潟,2,5,2020-08-08,12,1;2;3;4;5;6;7;8;9;10;11;12,,https://www.jra.go.jp/datafile/seiseki/report/2020/2020-2niigata5.pdf
2020,2020040206,新潟,2,6,2020-08-09,12,1;2;3;4;5;6;7;8;9;10;11;12,,https://www.jra.go.jp/datafile/seiseki/report/2020/2020-2niigata6.pdf
2020,2020040301,新潟,3,1,2020-08-15,12,1;2;3;4;5;6;7;8;9;10;11;12,,https://www.jra.go.jp/datafile/seiseki/report/2020/2020-3niigata1.pdf
2020,2020040302,新潟,3,2,2020-08-16,12,1;2;3;4;5;6;7;8;9;10;11;12,,https://www.jra.go.jp/datafile/seiseki/report/2020/2020-3niigata2.pdf
2020,2020040303,新潟,3,3,2020-08-22,12,1;2;3;4;5;6;7;8;9;10;11;12,,https://www.jra.go.jp/datafile/seiseki/report/2020/2020-3niigata3.pdf
2020,2020040304,新潟,3,4,2020-08-23,12,1;2;3;4;5;6;7;8;9;10;11;12,,https://www.jra.go.jp/datafile/seiseki/report/2020/2020-3niigata4.pdf
2020,2020040305,新潟,3,5,2020-08-29,12,1;2;3;4;5;6;7;8;9;10;11;12,,https://www.jra.go.jp/datafile/seiseki/report/2020/2020-3niigata5.pdf
2020,2020040306,新潟,3,6,2020-08-30,12,1;2;3;4;5;6;7;8;9;10;11;12,,https://www.jra.go.jp/datafile/seiseki/report/2020/2020-3niigata6.pdf
2020,2020040307,新潟,3,7,2020-09-05,12,1;2;3;4;5;6;7;8;9;10;11;12,,https://www.jra.go.jp/datafile/seiseki/report/2020/2020-3niigata7.pdf
2020,2020040308,新潟,3,8,2020-09-06,12,1;2;3;4;5;6;7;8;9;10;11;12,,https://www.jra.go.jp/datafile/seiseki/report/2020/2020-3niigata8.pdf
2020,2020040401,新潟,4,1,2020-10-10,12,1;2;3;4;5;6;7;8;9;10;11;12,,https://www.jra.go.jp/datafile/seiseki/report/2020/2020-4niigata1.pdf
2020,2020040402,新潟,4,2,2020-10-11,12,1;2;3;4;5;6;7;8;9;10;11;12,,https://www.jra.go.jp/datafile/seiseki/report/2020/2020-4niigata2.pdf
2020,2020040403,新潟,4,3,2020-10-17,12,1;2;3;4;5;6;7;8;9;10;11;12,,https://www.jra.go.jp/datafile/seiseki/report/2020/2020-4niigata3.pdf
2020,2020040404,新潟,4,4,2020-10-18,12,1;2;3;4;5;6;7;8;9;10;11;12,,https://www.jra.go.jp/datafile/seiseki/report/2020/2020-4niigata4.pdf
2020,2020040405,新潟,4,5,2020-10-24,12,1;2;3;4;5;6;7;8;9;10;11;12,,https://www.jra.go.jp/datafile/seiseki/report/2020/2020-4niigata5.pdf
2020,2020040406,新潟,4,6,2020-10-25,12,1;2;3;4;5;6;7;8;9;10;11;12,,https://www.jra.go.jp/datafile/seiseki/report/2020/2020-4niigata6.pdf
2020,2020050101,東京,1,1,2020-02-01,12,1;2;3;4;5;6;7;8;9;10;11;12,,https://www.jra.go.jp/datafile/seiseki/report/2020/2020-1tokyo1.pdf
2020,2020050102,東京,1,2,2020-02-02,12,1;2;3;4;5;6;7;8;9;10;11;12,,https://www.jra.go.jp/datafile/seiseki/report/2020/2020-1tokyo2.pdf
2020,2020050103,東京,1,3,2020-02-08,12,1;2;3;4;5;6;7;8;9;10;11;12,,https://www.jra.go.jp/datafile/seiseki/report/2020/2020-1tokyo3.pdf
2020,2020050104,東京,1,4,2020-02-09,12,1;2;3;4;5;6;7;8;9;10;11;12,,https://www.jra.go.jp/datafile/seiseki/report/2020/2020-1tokyo4.pdf
2020,2020050105,東京,1,5,2020-02-15,12,1;2;3;4;5;6;7;8;9;10;11;12,,https://www.jra.go.jp/datafile/seiseki/report/2020/2020-1tokyo5.pdf
2020,2020050106,東京,1,6,2020-02-16,12,1;2;3;4;5;6;7;8;9;10;11;12,,https://www.jra.go.jp/datafile/seiseki/report/2020/2020-1tokyo6.pdf
2020,2020050107,東京,1,7,2020-02-22,12,1;2;3;4;5;6;7;8;9;10;11;12,,https://www.jra.go.jp/datafile/seiseki/report/2020/2020-1tokyo7.pdf
2020,2020050108,東京,1,8,2020-02-23,12,1;2;3;4;5;6;7;8;9;10;11;12,,https://www.jra.go.jp/datafile/seiseki/report/2020/2020-1tokyo8.pdf
2020,2020050201,東京,2,1,2020-04-25,12,1;2;3;4;5;6;7;8;9;10;11;12,,https://www.jra.go.jp/datafile/seiseki/report/2020/2020-2tokyo1.pdf
2020,2020050202,東京,2,2,2020-04-26,12,1;2;3;4;5;6;7;8;9;10;11;12,,https://www.jra.go.jp/datafile/seiseki/report/2020/2020-2tokyo2.pdf
2020,2020050203,東京,2,3,2020-05-02,12,1;2;3;4;5;6;7;8;9;10;11;12,,https://www.jra.go.jp/datafile/seiseki/report/2020/2020-2tokyo3.pdf
2020,2020050204,東京,2,4,2020-05-03,12,1;2;3;4;5;6;7;8;9;10;11;12,,https://www.jra.go.jp/datafile/seiseki/report/2020/2020-2tokyo4.pdf
2020,2020050205,東京,2,5,2020-05-09,12,1;2;3;4;5;6;7;8;9;10;11;12,,https://www.jra.go.jp/datafile/seiseki/report/2020/2020-2tokyo5.pdf
2020,2020050206,東京,2,6,2020-05-10,12,1;2;3;4;5;6;7;8;9;10;11;12,,https://www.jra.go.jp/datafile/seiseki/report/2020/2020-2tokyo6.pdf
2020,2020050207,東京,2,7,2020-05-16,12,1;2;3;4;5;6;7;8;9;10;11;12,,https://www.jra.go.jp/datafile/seiseki/report/2020/2020-2tokyo7.pdf
2020,2020050208,東京,2,8,2020-05-17,12,1;2;3;4;5;6;7;8;9;10;11;12,,https://www.jra.go.jp/datafile/seiseki/report/2020/2020-2tokyo8.pdf
2020,2020050209,東京,2,9,2020-05-23,12,1;2;3;4;5;6;7;8;9;10;11;12,,https://www.jra.go.jp/datafile/seiseki/report/2020/2020-2tokyo9.pdf
2020,2020050210,東京,2,10,2020-05-24,12,1;2;3;4;5;6;7;8;9;10;11;12,,https://www.jra.go.jp/datafile/seiseki/report/2020/2020-2tokyo10.pdf
2020,2020050211,東京,2,11,2020-05-30,12,1;2;3;4;5;6;7;8;9;10;11;12,,https://www.jra.go.jp/datafile/seiseki/report/2020/2020-2tokyo11.pdf
2020,2020050212,東京,2,12,2020-05-31,12,1;2;3;4;5;6;7;8;9;10;11;12,,https://www.jra.go.jp/datafile/seiseki/report/2020/2020-2tokyo12.pdf
2020,2020050301,東京,3,1,2020-06-06,12,1;2;3;4;5;6;7;8;9;10;11;12,,https://www.jra.go.jp/datafile/seiseki/report/2020/2020-3tokyo1.pdf
2020,2020050302,東京,3,2,2020-06-07,12,1;2;3;4;5;6;7;8;9;10;11;12,,https://www.jra.go.jp/datafile/seiseki/report/2020/2020-3tokyo2.pdf
2020,2020050303,東京,3,3,2020-06-13,12,1;2;3;4;5;6;7;8;9;10;11;12,,https://www.jra.go.jp/datafile/seiseki/report/2020/2020-3tokyo3.pdf
2020,2020050304,東京,3,4,2020-06-14,12,1;2;3;4;5;6;7;8;9;10;11;12,,https://www.jra.go.jp/datafile/seiseki/report/2020/2020-3tokyo4.pdf
2020,2020050305,東京,3,5,2020-06-20,12,1;2;3;4;5;6;7;8;9;10;11;12,,https://www.jra.go.jp/datafile/seiseki/report/2020/2020-3tokyo5.pdf
2020,2020050306,東京,3,6,2020-06-21,12,1;2;3;4;5;6;7;8;9;10;11;12,,https://www.jra.go.jp/datafile/seiseki/report/2020/2020-3tokyo6.pdf
2020,2020050307,東京,3,7,2020-06-27,12,1;2;3;4;5;6;7;8;9;10;11;12,,https://www.jra.go.jp/datafile/seiseki/report/2020/2020-3tokyo7.pdf
2020,2020050308,東京,3,8,2020-06-28,12,1;2;3;4;5;6;7;8;9;10;11;12,,https://www.jra.go.jp/datafile/seiseki/report/2020/2020-3tokyo8.pdf
2020,2020050401,東京,4,1,2020-10-10,12,1;2;3;4;5;6;7;8;9;10;11;12,,https://www.jra.go.jp/datafile/seiseki/report/2020/2020-4tokyo1.pdf
2020,2020050402,東京,4,2,2020-10-11,12,1;2;3;4;5;6;7;8;9;10;11;12,,https://www.jra.go.jp/datafile/seiseki/report/2020/2020-4tokyo2.pdf
2020,2020050403,東京,4,3,2020-10-17,12,1;2;3;4;5;6;7;8;9;10;11;12,,https://www.jra.go.jp/datafile/seiseki/report/2020/2020-4tokyo3.pdf
2020,2020050404,東京,4,4,2020-10-18,12,1;2;3;4;5;6;7;8;9;10;11;12,,https://www.jra.go.jp/datafile/seiseki/report/2020/2020-4tokyo4.pdf
2020,2020050405,東京,4,5,2020-10-24,12,1;2;3;4;5;6;7;8;9;10;11;12,,https://www.jra.go.jp/datafile/seiseki/report/2020/2020-4tokyo5.pdf
2020,2020050406,東京,4,6,2020-10-25,12,1;2;3;4;5;6;7;8;9;10;11;12,,https://www.jra.go.jp/datafile/seiseki/report/2020/2020-4tokyo6.pdf
2020,2020050407,東京,4,7,2020-10-31,12,1;2;3;4;5;6;7;8;9;10;11;12,,https://www.jra.go.jp/datafile/seiseki/report/2020/2020-4tokyo7.pdf
2020,2020050408,東京,4,8,2020-11-01,12,1;2;3;4;5;6;7;8;9;10;11;12,,https://www.jra.go.jp/datafile/seiseki/report/2020/2020-4tokyo8.pdf
2020,2020050501,東京,5,1,2020-11-07,12,1;2;3;4;5;6;7;8;9;10;11;12,,https://www.jra.go.jp/datafile/seiseki/report/2020/2020-5tokyo1.pdf
2020,2020050502,東京,5,2,2020-11-08,12,1;2;3;4;5;6;7;8;9;10;11;12,,https://www.jra.go.jp/datafile/seiseki/report/2020/2020-5tokyo2.pdf
2020,2020050503,東京,5,3,2020-11-14,12,1;2;3;4;5;6;7;8;9;10;11;12,,https://www.jra.go.jp/datafile/seiseki/report/2020/2020-5tokyo3.pdf
2020,2020050504,東京,5,4,2020-11-15,12,1;2;3;4;5;6;7;8;9;10;11;12,,https://www.jra.go.jp/datafile/seiseki/report/2020/2020-5tokyo4.pdf
2020,2020050505,東京,5,5,2020-11-21,12,1;2;3;4;5;6;7;8;9;10;11;12,,https://www.jra.go.jp/datafile/seiseki/report/2020/2020-5tokyo5.pdf
2020,2020050506,東京,5,6,2020-11-22,12,1;2;3;4;5;6;7;8;9;10;11;12,,https://www.jra.go.jp/datafile/seiseki/report/2020/2020-5tokyo6.pdf
2020,2020050507,東京,5,7,2020-11-23,12,1;2;3;4;5;6;7;8;9;10;11;12,,https://www.jra.go.jp/datafile/seiseki/report/2020/2020-5tokyo7.pdf
2020,2020050508,東京,5,8,2020-11-28,12,1;2;3;4;5;6;7;8;9;10;11;12,,https://www.jra.go.jp/datafile/seiseki/report/2020/2020-5tokyo8.pdf
2020,2020050509,東京,5,9,2020-11-29,12,1;2;3;4;5;6;7;8;9;10;11;12,,https://www.jra.go.jp/datafile/seiseki/report/2020/2020-5tokyo9.pdf
2020,2020060101,中山,1,1,2020-01-05,12,1;2;3;4;5;6;7;8;9;10;11;12,,https://www.jra.go.jp/datafile/seiseki/report/2020/2020-1nakayama1.pdf
2020,2020060102,中山,1,2,2020-01-06,12,1;2;3;4;5;6;7;8;9;10;11;12,,https://www.jra.go.jp/datafile/seiseki/report/2020/2020-1nakayama2.pdf
2020,2020060103,中山,1,3,2020-01-11,12,1;2;3;4;5;6;7;8;9;10;11;12,,https://www.jra.go.jp/datafile/seiseki/report/2020/2020-1nakayama3.pdf
2020,2020060104,中山,1,4,2020-01-12,12,1;2;3;4;5;6;7;8;9;10;11;12,,https://www.jra.go.jp/datafile/seiseki/report/2020/2020-1nakayama4.pdf
2020,2020060105,中山,1,5,2020-01-13,12,1;2;3;4;5;6;7;8;9;10;11;12,,https://www.jra.go.jp/datafile/seiseki/report/2020/2020-1nakayama5.pdf
2020,2020060106,中山,1,6,2020-01-18,12,1;2;3;4;5;6;7;8;9;10;11;12,,https://www.jra.go.jp/datafile/seiseki/report/2020/2020-1nakayama6.pdf
2020,2020060107,中山,1,7,2020-01-19,12,1;2;3;4;5;6;7;8;9;10;11;12,,https://www.jra.go.jp/datafile/seiseki/report/2020/2020-1nakayama7.pdf
2020,2020060108,中山,1,8,2020-01-25,12,1;2;3;4;5;6;7;8;9;10;11;12,,https://www.jra.go.jp/datafile/seiseki/report/2020/2020-1nakayama8.pdf
2020,2020060109,中山,1,9,2020-01-26,12,1;2;3;4;5;6;7;8;9;10;11;12,,https://www.jra.go.jp/datafile/seiseki/report/2020/2020-1nakayama9.pdf
2020,2020060201,中山,2,1,2020-02-29,12,1;2;3;4;5;6;7;8;9;10;11;12,,https://www.jra.go.jp/datafile/seiseki/report/2020/2020-2nakayama1.pdf
2020,2020060202,中山,2,2,2020-03-01,12,1;2;3;4;5;6;7;8;9;10;11;12,,https://www.jra.go.jp/datafile/seiseki/report/2020/2020-2nakayama2.pdf
2020,2020060203,中山,2,3,2020-03-07,12,1;2;3;4;5;6;7;8;9;10;11;12,,https://www.jra.go.jp/datafile/seiseki/report/2020/2020-2nakayama3.pdf
2020,2020060204,中山,2,4,2020-03-08,12,1;2;3;4;5;6;7;8;9;10;11;12,,https://www.jra.go.jp/datafile/seiseki/report/2020/2020-2nakayama4.pdf
2020,2020060205,中山,2,5,2020-03-14,12,1;2;3;4;5;6;7;8;9;10;11;12,,https://www.jra.go.jp/datafile/seiseki/report/2020/2020-2nakayama5.pdf
2020,2020060206,中山,2,6,2020-03-15,12,1;2;3;4;5;6;7;8;9;10;11;12,,https://www.jra.go.jp/datafile/seiseki/report/2020/2020-2nakayama6.pdf
2020,2020060207,中山,2,7,2020-03-20,12,1;2;3;4;5;6;7;8;9;10;11;12,,https://www.jra.go.jp/datafile/seiseki/report/2020/2020-2nakayama7.pdf
2020,2020060208,中山,2,8,2020-03-21,12,1;2;3;4;5;6;7;8;9;10;11;12,,https://www.jra.go.jp/datafile/seiseki/report/2020/2020-2nakayama8.pdf
2020,2020060209,中山,2,9,2020-03-22,12,1;2;3;4;5;6;7;8;9;10;11;12,,https://www.jra.go.jp/datafile/seiseki/report/2020/2020-2nakayama9.pdf
2020,2020060301,中山,3,1,2020-03-28,12,1;2;3;4;5;6;7;8;9;10;11;12,,https://www.jra.go.jp/datafile/seiseki/report/2020/2020-3nakayama1.pdf
2020,2020060303,中山,3,3,2020-04-04,12,1;2;3;4;5;6;7;8;9;10;11;12,,https://www.jra.go.jp/datafile/seiseki/report/2020/2020-3nakayama3.pdf
2020,2020060304,中山,3,4,2020-04-05,12,1;2;3;4;5;6;7;8;9;10;11;12,,https://www.jra.go.jp/datafile/seiseki/report/2020/2020-3nakayama4.pdf
2020,2020060305,中山,3,5,2020-04-11,12,1;2;3;4;5;6;7;8;9;10;11;12,,https://www.jra.go.jp/datafile/seiseki/report/2020/2020-3nakayama5.pdf
2020,2020060306,中山,3,6,2020-04-12,12,1;2;3;4;5;6;7;8;9;10;11;12,,https://www.jra.go.jp/datafile/seiseki/report/2020/2020-3nakayama6.pdf
2020,2020060307,中山,3,7,2020-04-18,12,1;2;3;4;5;6;7;8;9;10;11;12,,https://www.jra.go.jp/datafile/seiseki/report/2020/2020-3nakayama7.pdf
2020,2020060308,中山,3,8,2020-04-19,12,1;2;3;4;5;6;7;8;9;10;11;12,,https://www.jra.go.jp/datafile/seiseki/report/2020/2020-3nakayama8.pdf
2020,2020060401,中山,4,1,2020-09-12,12,1;2;3;4;5;6;7;8;9;10;11;12,,https://www.jra.go.jp/datafile/seiseki/report/2020/2020-4nakayama1.pdf
2020,2020060402,中山,4,2,2020-09-13,12,1;2;3;4;5;6;7;8;9;10;11;12,,https://www.jra.go.jp/datafile/seiseki/report/2020/2020-4nakayama2.pdf
2020,2020060403,中山,4,3,2020-09-19,12,1;2;3;4;5;6;7;8;9;10;11;12,,https://www.jra.go.jp/datafile/seiseki/report/2020/2020-4nakayama3.pdf
2020,2020060404,中山,4,4,2020-09-20,12,1;2;3;4;5;6;7;8;9;10;11;12,,https://www.jra.go.jp/datafile/seiseki/report/2020/2020-4nakayama4.pdf
2020,2020060405,中山,4,5,2020-09-21,12,1;2;3;4;5;6;7;8;9;10;11;12,,https://www.jra.go.jp/datafile/seiseki/report/2020/2020-4nakayama5.pdf
2020,2020060406,中山,4,6,2020-09-26,12,1;2;3;4;5;6;7;8;9;10;11;12,,https://www.jra.go.jp/datafile/seiseki/report/2020/2020-4nakayama6.pdf
2020,2020060407,中山,4,7,2020-09-27,12,1;2;3;4;5;6;7;8;9;10;11;12,,https://www.jra.go.jp/datafile/seiseki/report/2020/2020-4nakayama7.pdf
2020,2020060408,中山,4,8,2020-10-03,12,1;2;3;4;5;6;7;8;9;10;11;12,,https://www.jra.go.jp/datafile/seiseki/report/2020/2020-4nakayama8.pdf
2020,2020060409,中山,4,9,2020-10-04,12,1;2;3;4;5;6;7;8;9;10;11;12,,https://www.jra.go.jp/datafile/seiseki/report/2020/2020-4nakayama9.pdf
2020,2020060501,中山,5,1,2020-12-05,12,1;2;3;4;5;6;7;8;9;10;11;12,,https://www.jra.go.jp/datafile/seiseki/report/2020/2020-5nakayama1.pdf
2020,2020060502,中山,5,2,2020-12-06,12,1;2;3;4;5;6;7;8;9;10;11;12,,https://www.jra.go.jp/datafile/seiseki/report/2020/2020-5nakayama2.pdf
2020,2020060503,中山,5,3,2020-12-12,12,1;2;3;4;5;6;7;8;9;10;11;12,,https://www.jra.go.jp/datafile/seiseki/report/2020/2020-5nakayama3.pdf
2020,2020060504,中山,5,4,2020-12-13,12,1;2;3;4;5;6;7;8;9;10;11;12,,https://www.jra.go.jp/datafile/seiseki/report/2020/2020-5nakayama4.pdf
2020,2020060505,中山,5,5,2020-12-19,12,1;2;3;4;5;6;7;8;9;10;11;12,,https://www.jra.go.jp/datafile/seiseki/report/2020/2020-5nakayama5.pdf
2020,2020060506,中山,5,6,2020-12-20,12,1;2;3;4;5;6;7;8;9;10;11;12,,https://www.jra.go.jp/datafile/seiseki/report/2020/2020-5nakayama6.pdf
2020,2020060507,中山,5,7,2020-12-26,12,1;2;3;4;5;6;7;8;9;10;11;12,,https://www.jra.go.jp/datafile/seiseki/report/2020/2020-5nakayama7.pdf
2020,2020060508,中山,5,8,2020-12-27,12,1;2;3;4;5;6;7;8;9;10;11;12,,https://www.jra.go.jp/datafile/seiseki/report/2020/2020-5nakayama8.pdf
2020,2020070101,中京,1,1,2020-02-29,12,1;2;3;4;5;6;7;8;9;10;11;12,,https://www.jra.go.jp/datafile/seiseki/report/2020/2020-1chukyo1.pdf
2020,2020070102,中京,1,2,2020-03-01,12,1;2;3;4;5;6;7;8;9;10;11;12,,https://www.jra.go.jp/datafile/seiseki/report/2020/2020-1chukyo2.pdf
2020,2020070103,中京,1,3,2020-03-07,12,1;2;3;4;5;6;7;8;9;10;11;12,,https://www.jra.go.jp/datafile/seiseki/report/2020/2020-1chukyo3.pdf
2020,2020070104,中京,1,4,2020-03-08,12,1;2;3;4;5;6;7;8;9;10;11;12,,https://www.jra.go.jp/datafile/seiseki/report/2020/2020-1chukyo4.pdf
2020,2020070105,中京,1,5,2020-03-14,12,1;2;3;4;5;6;7;8;9;10;11;12,,https://www.jra.go.jp/datafile/seiseki/report/2020/2020-1chukyo5.pdf
2020,2020070106,中京,1,6,2020-03-15,12,1;2;3;4;5;6;7;8;9;10;11;12,,https://www.jra.go.jp/datafile/seiseki/report/2020/2020-1chukyo6.pdf
2020,2020070107,中京,1,7,2020-03-28,12,1;2;3;4;5;6;7;8;9;10;11;12,,https://www.jra.go.jp/datafile/seiseki/report/2020/2020-1chukyo7.pdf
2020,2020070108,中京,1,8,2020-03-29,12,1;2;3;4;5;6;7;8;9;10;11;12,,https://www.jra.go.jp/datafile/seiseki/report/2020/2020-1chukyo8.pdf
2020,2020070201,中京,2,1,2020-09-12,12,1;2;3;4;5;6;7;8;9;10;11;12,,https://www.jra.go.jp/datafile/seiseki/report/2020/2020-2chukyo1.pdf
2020,2020070202,中京,2,2,2020-09-13,12,1;2;3;4;5;6;7;8;9;10;11;12,,https://www.jra.go.jp/datafile/seiseki/report/2020/2020-2chukyo2.pdf
2020,2020070203,中京,2,3,2020-09-19,12,1;2;3;4;5;6;7;8;9;10;11;12,,https://www.jra.go.jp/datafile/seiseki/report/2020/2020-2chukyo3.pdf
2020,2020070204,中京,2,4,2020-09-20,12,1;2;3;4;5;6;7;8;9;10;11;12,,https://www.jra.go.jp/datafile/seiseki/report/2020/2020-2chukyo4.pdf
2020,2020070205,中京,2,5,2020-09-21,12,1;2;3;4;5;6;7;8;9;10;11;12,,https://www.jra.go.jp/datafile/seiseki/report/2020/2020-2chukyo5.pdf
2020,2020070206,中京,2,6,2020-09-26,12,1;2;3;4;5;6;7;8;9;10;11;12,,https://www.jra.go.jp/datafile/seiseki/report/2020/2020-2chukyo6.pdf
2020,2020070207,中京,2,7,2020-09-27,12,1;2;3;4;5;6;7;8;9;10;11;12,,https://www.jra.go.jp/datafile/seiseki/report/2020/2020-2chukyo7.pdf
2020,2020070208,中京,2,8,2020-10-03,12,1;2;3;4;5;6;7;8;9;10;11;12,,https://www.jra.go.jp/datafile/seiseki/report/2020/2020-2chukyo8.pdf
2020,2020070209,中京,2,9,2020-10-04,12,1;2;3;4;5;6;7;8;9;10;11;12,,https://www.jra.go.jp/datafile/seiseki/report/2020/2020-2chukyo9.pdf
2020,2020070301,中京,3,1,2020-12-05,12,1;2;3;4;5;6;7;8;9;10;11;12,,https://www.jra.go.jp/datafile/seiseki/report/2020/2020-3chukyo1.pdf
2020,2020070302,中京,3,2,2020-12-06,12,1;2;3;4;5;6;7;8;9;10;11;12,,https://www.jra.go.jp/datafile/seiseki/report/2020/2020-3chukyo2.pdf
2020,2020070303,中京,3,3,2020-12-12,12,1;2;3;4;5;6;7;8;9;10;11;12,,https://www.jra.go.jp/datafile/seiseki/report/2020/2020-3chukyo3.pdf
2020,2020070304,中京,3,4,2020-12-13,12,1;2;3;4;5;6;7;8;9;10;11;12,,https://www.jra.go.jp/datafile/seiseki/report/2020/2020-3chukyo4.pdf
2020,2020070305,中京,3,5,2020-12-19,12,1;2;3;4;5;6;7;8;9;10;11;12,,https://www.jra.go.jp/datafile/seiseki/report/2020/2020-3chukyo5.pdf
2020,2020070306,中京,3,6,2020-12-20,12,1;2;3;4;5;6;7;8;9;10;11;12,,https://www.jra.go.jp/datafile/seiseki/report/2020/2020-3chukyo6.pdf
2020,2020080101,京都,1,1,2020-01-05,12,1;2;3;4;5;6;7;8;9;10;11;12,,https://www.jra.go.jp/datafile/seiseki/report/2020/2020-1kyoto1.pdf
2020,2020080102,京都,1,2,2020-01-06,12,1;2;3;4;5;6;7;8;9;10;11;12,,https://www.jra.go.jp/datafile/seiseki/report/2020/2020-1kyoto2.pdf
2020,2020080103,京都,1,3,2020-01-11,12,1;2;3;4;5;6;7;8;9;10;11;12,,https://www.jra.go.jp/datafile/seiseki/report/2020/2020-1kyoto3.pdf
2020,2020080104,京都,1,4,2020-01-12,12,1;2;3;4;5;6;7;8;9;10;11;12,,https://www.jra.go.jp/datafile/seiseki/report/2020/2020-1kyoto4.pdf
2020,2020080105,京都,1,5,2020-01-13,12,1;2;3;4;5;6;7;8;9;10;11;12,,https://www.jra.go.jp/datafile/seiseki/report/2020/2020-1kyoto5.pdf
2020,2020080106,京都,1,6,2020-01-18,12,1;2;3;4;5;6;7;8;9;10;11;12,,https://www.jra.go.jp/datafile/seiseki/report/2020/2020-1kyoto6.pdf
2020,2020080107,京都,1,7,2020-01-19,12,1;2;3;4;5;6;7;8;9;10;11;12,,https://www.jra.go.jp/datafile/seiseki/report/2020/2020-1kyoto7.pdf
2020,2020080108,京都,1,8,2020-01-25,12,1;2;3;4;5;6;7;8;9;10;11;12,,https://www.jra.go.jp/datafile/seiseki/report/2020/2020-1kyoto8.pdf
2020,2020080109,京都,1,9,2020-01-26,12,1;2;3;4;5;6;7;8;9;10;11;12,,https://www.jra.go.jp/datafile/seiseki/report/2020/2020-1kyoto9.pdf
2020,2020080201,京都,2,1,2020-02-01,12,1;2;3;4;5;6;7;8;9;10;11;12,,https://www.jra.go.jp/datafile/seiseki/report/2020/2020-2kyoto1.pdf
2020,2020080202,京都,2,2,2020-02-02,12,1;2;3;4;5;6;7;8;9;10;11;12,,https://www.jra.go.jp/datafile/seiseki/report/2020/2020-2kyoto2.pdf
2020,2020080203,京都,2,3,2020-02-08,12,1;2;3;4;5;6;7;8;9;10;11;12,,https://www.jra.go.jp/datafile/seiseki/report/2020/2020-2kyoto3.pdf
2020,2020080204,京都,2,4,2020-02-09,12,1;2;3;4;5;6;7;8;9;10;11;12,,https://www.jra.go.jp/datafile/seiseki/report/2020/2020-2kyoto4.pdf
2020,2020080205,京都,2,5,2020-02-15,12,1;2;3;4;5;6;7;8;9;10;11;12,,https://www.jra.go.jp/datafile/seiseki/report/2020/2020-2kyoto5.pdf
2020,2020080206,京都,2,6,2020-02-16,12,1;2;3;4;5;6;7;8;9;10;11;12,,https://www.jra.go.jp/datafile/seiseki/report/2020/2020-2kyoto6.pdf
2020,2020080207,京都,2,7,2020-02-22,12,1;2;3;4;5;6;7;8;9;10;11;12,,https://www.jra.go.jp/datafile/seiseki/report/2020/2020-2kyoto7.pdf
2020,2020080208,京都,2,8,2020-02-23,12,1;2;3;4;5;6;7;8;9;10;11;12,,https://www.jra.go.jp/datafile/seiseki/report/2020/2020-2kyoto8.pdf
2020,2020080301,京都,3,1,2020-04-25,12,1;2;3;4;5;6;7;8;9;10;11;12,,https://www.jra.go.jp/datafile/seiseki/report/2020/2020-3kyoto1.pdf
2020,2020080302,京都,3,2,2020-04-26,12,1;2;3;4;5;6;7;8;9;10;11;12,,https://www.jra.go.jp/datafile/seiseki/report/2020/2020-3kyoto2.pdf
2020,2020080303,京都,3,3,2020-05-02,12,1;2;3;4;5;6;7;8;9;10;11;12,,https://www.jra.go.jp/datafile/seiseki/report/2020/2020-3kyoto3.pdf
2020,2020080304,京都,3,4,2020-05-03,12,1;2;3;4;5;6;7;8;9;10;11;12,,https://www.jra.go.jp/datafile/seiseki/report/2020/2020-3kyoto4.pdf
2020,2020080305,京都,3,5,2020-05-09,12,1;2;3;4;5;6;7;8;9;10;11;12,,https://www.jra.go.jp/datafile/seiseki/report/2020/2020-3kyoto5.pdf
2020,2020080306,京都,3,6,2020-05-10,12,1;2;3;4;5;6;7;8;9;10;11;12,,https://www.jra.go.jp/datafile/seiseki/report/2020/2020-3kyoto6.pdf
2020,2020080307,京都,3,7,2020-05-16,12,1;2;3;4;5;6;7;8;9;10;11;12,,https://www.jra.go.jp/datafile/seiseki/report/2020/2020-3kyoto7.pdf
2020,2020080308,京都,3,8,2020-05-17,12,1;2;3;4;5;6;7;8;9;10;11;12,,https://www.jra.go.jp/datafile/seiseki/report/2020/2020-3kyoto8.pdf
2020,2020080309,京都,3,9,2020-05-23,12,1;2;3;4;5;6;7;8;9;10;11;12,,https://www.jra.go.jp/datafile/seiseki/report/2020/2020-3kyoto9.pdf
2020,2020080310,京都,3,10,2020-05-24,12,1;2;3;4;5;6;7;8;9;10;11;12,,https://www.jra.go.jp/datafile/seiseki/report/2020/2020-3kyoto10.pdf
2020,2020080311,京都,3,11,2020-05-30,12,1;2;3;4;5;6;7;8;9;10;11;12,,https://www.jra.go.jp/datafile/seiseki/report/2020/2020-3kyoto11.pdf
2020,2020080312,京都,3,12,2020-05-31,12,1;2;3;4;5;6;7;8;9;10;11;12,,https://www.jra.go.jp/datafile/seiseki/report/2020/2020-3kyoto12.pdf
2020,2020080401,京都,4,1,2020-10-10,12,1;2;3;4;5;6;7;8;9;10;11;12,,https://www.jra.go.jp/datafile/seiseki/report/2020/2020-4kyoto1.pdf
2020,2020080402,京都,4,2,2020-10-11,12,1;2;3;4;5;6;7;8;9;10;11;12,,https://www.jra.go.jp/datafile/seiseki/report/2020/2020-4kyoto2.pdf
2020,2020080403,京都,4,3,2020-10-17,12,1;2;3;4;5;6;7;8;9;10;11;12,,https://www.jra.go.jp/datafile/seiseki/report/2020/2020-4kyoto3.pdf
2020,2020080404,京都,4,4,2020-10-18,12,1;2;3;4;5;6;7;8;9;10;11;12,,https://www.jra.go.jp/datafile/seiseki/report/2020/2020-4kyoto4.pdf
2020,2020080405,京都,4,5,2020-10-24,12,1;2;3;4;5;6;7;8;9;10;11;12,,https://www.jra.go.jp/datafile/seiseki/report/2020/2020-4kyoto5.pdf
2020,2020080406,京都,4,6,2020-10-25,12,1;2;3;4;5;6;7;8;9;10;11;12,,https://www.jra.go.jp/datafile/seiseki/report/2020/2020-4kyoto6.pdf
2020,2020080407,京都,4,7,2020-10-31,12,1;2;3;4;5;6;7;8;9;10;11;12,,https://www.jra.go.jp/datafile/seiseki/report/2020/2020-4kyoto7.pdf
2020,2020080408,京都,4,8,2020-11-01,12,1;2;3;4;5;6;7;8;9;10;11;12,,https://www.jra.go.jp/datafile/seiseki/report/2020/2020-4kyoto8.pdf
2020,2020090101,阪神,1,1,2020-02-29,12,1;2;3;4;5;6;7;8;9;10;11;12,,https://www.jra.go.jp/datafile/seiseki/report/2020/2020-1hanshin1.pdf
2020,2020090102,阪神,1,2,2020-03-01,12,1;2;3;4;5;6;7;8;9;10;11;12,,https://www.jra.go.jp/datafile/seiseki/report/2020/2020-1hanshin2.pdf
2020,2020090103,阪神,1,3,2020-03-07,12,1;2;3;4;5;6;7;8;9;10;11;12,,https://www.jra.go.jp/datafile/seiseki/report/2020/2020-1hanshin3.pdf
2020,2020090104,阪神,1,4,2020-03-08,12,1;2;3;4;5;6;7;8;9;10;11;12,,https://www.jra.go.jp/datafile/seiseki/report/2020/2020-1hanshin4.pdf
2020,2020090105,阪神,1,5,2020-03-14,12,1;2;3;4;5;6;7;8;9;10;11;12,,https://www.jra.go.jp/datafile/seiseki/report/2020/2020-1hanshin5.pdf
2020,2020090106,阪神,1,6,2020-03-15,12,1;2;3;4;5;6;7;8;9;10;11;12,,https://www.jra.go.jp/datafile/seiseki/report/2020/2020-1hanshin6.pdf
2020,2020090107,阪神,1,7,2020-03-20,12,1;2;3;4;5;6;7;8;9;10;11;12,,https://www.jra.go.jp/datafile/seiseki/report/2020/2020-1hanshin7.pdf
2020,2020090108,阪神,1,8,2020-03-21,12,1;2;3;4;5;6;7;8;9;10;11;12,,https://www.jra.go.jp/datafile/seiseki/report/2020/2020-1hanshin8.pdf
2020,2020090109,阪神,1,9,2020-03-22,12,1;2;3;4;5;6;7;8;9;10;11;12,,https://www.jra.go.jp/datafile/seiseki/report/2020/2020-1hanshin9.pdf
2020,2020090201,阪神,2,1,2020-03-28,12,1;2;3;4;5;6;7;8;9;10;11;12,,https://www.jra.go.jp/datafile/seiseki/report/2020/2020-2hanshin1.pdf
2020,2020090202,阪神,2,2,2020-03-29,12,1;2;3;4;5;6;7;8;9;10;11;12,,https://www.jra.go.jp/datafile/seiseki/report/2020/2020-2hanshin2.pdf
2020,2020090203,阪神,2,3,2020-04-04,12,1;2;3;4;5;6;7;8;9;10;11;12,,https://www.jra.go.jp/datafile/seiseki/report/2020/2020-2hanshin3.pdf
2020,2020090204,阪神,2,4,2020-04-05,12,1;2;3;4;5;6;7;8;9;10;11;12,,https://www.jra.go.jp/datafile/seiseki/report/2020/2020-2hanshin4.pdf
2020,2020090205,阪神,2,5,2020-04-11,12,1;2;3;4;5;6;7;8;9;10;11;12,,https://www.jra.go.jp/datafile/seiseki/report/2020/2020-2hanshin5.pdf
2020,2020090206,阪神,2,6,2020-04-12,12,1;2;3;4;5;6;7;8;9;10;11;12,,https://www.jra.go.jp/datafile/seiseki/report/2020/2020-2hanshin6.pdf
2020,2020090207,阪神,2,7,2020-04-18,12,1;2;3;4;5;6;7;8;9;10;11;12,,https://www.jra.go.jp/datafile/seiseki/report/2020/2020-2hanshin7.pdf
2020,2020090208,阪神,2,8,2020-04-19,12,1;2;3;4;5;6;7;8;9;10;11;12,,https://www.jra.go.jp/datafile/seiseki/report/2020/2020-2hanshin8.pdf
2020,2020090301,阪神,3,1,2020-06-06,12,1;2;3;4;5;6;7;8;9;10;11;12,,https://www.jra.go.jp/datafile/seiseki/report/2020/2020-3hanshin1.pdf
2020,2020090302,阪神,3,2,2020-06-07,12,1;2;3;4;5;6;7;8;9;10;11;12,,https://www.jra.go.jp/datafile/seiseki/report/2020/2020-3hanshin2.pdf
2020,2020090303,阪神,3,3,2020-06-13,12,1;2;3;4;5;6;7;8;9;10;11;12,,https://www.jra.go.jp/datafile/seiseki/report/2020/2020-3hanshin3.pdf
2020,2020090304,阪神,3,4,2020-06-14,12,1;2;3;4;5;6;7;8;9;10;11;12,,https://www.jra.go.jp/datafile/seiseki/report/2020/2020-3hanshin4.pdf
2020,2020090305,阪神,3,5,2020-06-20,12,1;2;3;4;5;6;7;8;9;10;11;12,,https://www.jra.go.jp/datafile/seiseki/report/2020/2020-3hanshin5.pdf
2020,2020090306,阪神,3,6,2020-06-21,12,1;2;3;4;5;6;7;8;9;10;11;12,,https://www.jra.go.jp/datafile/seiseki/report/2020/2020-3hanshin6.pdf
2020,2020090307,阪神,3,7,2020-06-27,12,1;2;3;4;5;6;7;8;9;10;11;12,,https://www.jra.go.jp/datafile/seiseki/report/2020/2020-3hanshin7.pdf
2020,2020090308,阪神,3,8,2020-06-28,12,1;2;3;4;5;6;7;8;9;10;11;12,,https://www.jra.go.jp/datafile/seiseki/report/2020/2020-3hanshin8.pdf
2020,2020090401,阪神,4,1,2020-07-04,12,1;2;3;4;5;6;7;8;9;10;11;12,,https://www.jra.go.jp/datafile/seiseki/report/2020/2020-4hanshin1.pdf
2020,2020090402,阪神,4,2,2020-07-05,12,1;2;3;4;5;6;7;8;9;10;11;12,,https://www.jra.go.jp/datafile/seiseki/report/2020/2020-4hanshin2.pdf
2020,2020090403,阪神,4,3,2020-07-11,12,1;2;3;4;5;6;7;8;9;10;11;12,,https://www.jra.go.jp/datafile/seiseki/report/2020/2020-4hanshin3.pdf
2020,2020090404,阪神,4,4,2020-07-12,12,1;2;3;4;5;6;7;8;9;10;11;12,,https://www.jra.go.jp/datafile/seiseki/report/2020/2020-4hanshin4.pdf
2020,2020090405,阪神,4,5,2020-07-18,12,1;2;3;4;5;6;7;8;9;10;11;12,,https://www.jra.go.jp/datafile/seiseki/report/2020/2020-4hanshin5.pdf
2020,2020090406,阪神,4,6,2020-07-19,12,1;2;3;4;5;6;7;8;9;10;11;12,,https://www.jra.go.jp/datafile/seiseki/report/2020/2020-4hanshin6.pdf
2020,2020090501,阪神,5,1,2020-11-07,12,1;2;3;4;5;6;7;8;9;10;11;12,,https://www.jra.go.jp/datafile/seiseki/report/2020/2020-5hanshin1.pdf
2020,2020090502,阪神,5,2,2020-11-08,12,1;2;3;4;5;6;7;8;9;10;11;12,,https://www.jra.go.jp/datafile/seiseki/report/2020/2020-5hanshin2.pdf
2020,2020090503,阪神,5,3,2020-11-14,12,1;2;3;4;5;6;7;8;9;10;11;12,,https://www.jra.go.jp/datafile/seiseki/report/2020/2020-5hanshin3.pdf
2020,2020090504,阪神,5,4,2020-11-15,12,1;2;3;4;5;6;7;8;9;10;11;12,,https://www.jra.go.jp/datafile/seiseki/report/2020/2020-5hanshin4.pdf
2020,2020090505,阪神,5,5,2020-11-21,12,1;2;3;4;5;6;7;8;9;10;11;12,,https://www.jra.go.jp/datafile/seiseki/report/2020/2020-5hanshin5.pdf
2020,2020090506,阪神,5,6,2020-11-22,12,1;2;3;4;5;6;7;8;9;10;11;12,,https://www.jra.go.jp/datafile/seiseki/report/2020/2020-5hanshin6.pdf
2020,2020090507,阪神,5,7,2020-11-23,12,1;2;3;4;5;6;7;8;9;10;11;12,,https://www.jra.go.jp/datafile/seiseki/report/2020/2020-5hanshin7.pdf
2020,2020090508,阪神,5,8,2020-11-28,12,1;2;3;4;5;6;7;8;9;10;11;12,,https://www.jra.go.jp/datafile/seiseki/report/2020/2020-5hanshin8.pdf
2020,2020090509,阪神,5,9,2020-11-29,12,1;2;3;4;5;6;7;8;9;10;11;12,,https://www.jra.go.jp/datafile/seiseki/report/2020/2020-5hanshin9.pdf
2020,2020090601,阪神,6,1,2020-12-05,12,1;2;3;4;5;6;7;8;9;10;11;12,,https://www.jra.go.jp/datafile/seiseki/report/2020/2020-6hanshin1.pdf
2020,2020090602,阪神,6,2,2020-12-06,12,1;2;3;4;5;6;7;8;9;10;11;12,,https://www.jra.go.jp/datafile/seiseki/report/2020/2020-6hanshin2.pdf
2020,2020090603,阪神,6,3,2020-12-12,12,1;2;3;4;5;6;7;8;9;10;11;12,,https://www.jra.go.jp/datafile/seiseki/report/2020/2020-6hanshin3.pdf
2020,2020090604,阪神,6,4,2020-12-13,12,1;2;3;4;5;6;7;8;9;10;11;12,,https://www.jra.go.jp/datafile/seiseki/report/2020/2020-6hanshin4.pdf
2020,2020090605,阪神,6,5,2020-12-19,12,1;2;3;4;5;6;7;8;9;10;11;12,,https://www.jra.go.jp/datafile/seiseki/report/2020/2020-6hanshin5.pdf
2020,2020090606,阪神,6,6,2020-12-20,12,1;2;3;4;5;6;7;8;9;10;11;12,,https://www.jra.go.jp/datafile/seiseki/report/2020/2020-6hanshin6.pdf
2020,2020090607,阪神,6,7,2020-12-26,12,1;2;3;4;5;6;7;8;9;10;11;12,,https://www.jra.go.jp/datafile/seiseki/report/2020/2020-6hanshin7.pdf
2020,2020090608,阪神,6,8,2020-12-27,12,1;2;3;4;5;6;7;8;9;10;11;12,,https://www.jra.go.jp/datafile/seiseki/report/2020/2020-6hanshin8.pdf
2020,2020100101,小倉,1,1,2020-01-18,12,1;2;3;4;5;6;7;8;9;10;11;12,,https://www.jra.go.jp/datafile/seiseki/report/2020/2020-1kokura1.pdf
2020,2020100102,小倉,1,2,2020-01-19,12,1;2;3;4;5;6;7;8;9;10;11;12,,https://www.jra.go.jp/datafile/seiseki/report/2020/2020-1kokura2.pdf
2020,2020100103,小倉,1,3,2020-01-25,12,1;2;3;4;5;6;7;8;9;10;11;12,,https://www.jra.go.jp/datafile/seiseki/report/2020/2020-1kokura3.pdf
2020,2020100104,小倉,1,4,2020-01-26,12,1;2;3;4;5;6;7;8;9;10;11;12,,https://www.jra.go.jp/datafile/seiseki/report/2020/2020-1kokura4.pdf
2020,2020100105,小倉,1,5,2020-02-01,12,1;2;3;4;5;6;7;8;9;10;11;12,,https://www.jra.go.jp/datafile/seiseki/report/2020/2020-1kokura5.pdf
2020,2020100106,小倉,1,6,2020-02-02,12,1;2;3;4;5;6;7;8;9;10;11;12,,https://www.jra.go.jp/datafile/seiseki/report/2020/2020-1kokura6.pdf
2020,2020100107,小倉,1,7,2020-02-08,12,1;2;3;4;5;6;7;8;9;10;11;12,,https://www.jra.go.jp/datafile/seiseki/report/2020/2020-1kokura7.pdf
2020,2020100108,小倉,1,8,2020-02-09,12,1;2;3;4;5;6;7;8;9;10;11;12,,https://www.jra.go.jp/datafile/seiseki/report/2020/2020-1kokura8.pdf
2020,2020100109,小倉,1,9,2020-02-15,12,1;2;3;4;5;6;7;8;9;10;11;12,,https://www.jra.go.jp/datafile/seiseki/report/2020/2020-1kokura9.pdf
2020,2020100110,小倉,1,10,2020-02-16,12,1;2;3;4;5;6;7;8;9;10;11;12,,https://www.jra.go.jp/datafile/seiseki/report/2020/2020-1kokura10.pdf
2020,2020100111,小倉,1,11,2020-02-22,12,1;2;3;4;5;6;7;8;9;10;11;12,,https://www.jra.go.jp/datafile/seiseki/report/2020/2020-1kokura11.pdf
2020,2020100112,小倉,1,12,2020-02-23,12,1;2;3;4;5;6;7;8;9;10;11;12,,https://www.jra.go.jp/datafile/seiseki/report/2020/2020-1kokura12.pdf
2020,2020100201,小倉,2,1,2020-08-15,12,1;2;3;4;5;6;7;8;9;10;11;12,,https://www.jra.go.jp/datafile/seiseki/report/2020/2020-2kokura1.pdf
2020,2020100202,小倉,2,2,2020-08-16,12,1;2;3;4;5;6;7;8;9;10;11;12,,https://www.jra.go.jp/datafile/seiseki/report/2020/2020-2kokura2.pdf
2020,2020100203,小倉,2,3,2020-08-22,12,1;2;3;4;5;6;7;8;9;10;11;12,,https://www.jra.go.jp/datafile/seiseki/report/2020/2020-2kokura3.pdf
2020,2020100204,小倉,2,4,2020-08-23,12,1;2;3;4;5;6;7;8;9;10;11;12,,https://www.jra.go.jp/datafile/seiseki/report/2020/2020-2kokura4.pdf
2020,2020100205,小倉,2,5,2020-08-29,12,1;2;3;4;5;6;7;8;9;10;11;12,,https://www.jra.go.jp/datafile/seiseki/report/2020/2020-2kokura5.pdf
2020,2020100206,小倉,2,6,2020-08-30,12,1;2;3;4;5;6;7;8;9;10;11;12,,https://www.jra.go.jp/datafile/seiseki/report/2020/2020-2kokura6.pdf
2020,2020100207,小倉,2,7,2020-09-05,12,1;2;3;4;5;6;7;8;9;10;11;12,,https://www.jra.go.jp/datafile/seiseki/report/2020/2020-2kokura7.pdf
2020,2020100208,小倉,2,8,2020-09-06,12,1;2;3;4;5;6;7;8;9;10;11;12,,https://www.jra.go.jp/datafile/seiseki/report/2020/2020-2kokura8.pdf
2021,2021010101,札幌,1,1,2021-06-12,12,1;2;3;4;5;6;7;8;9;10;11;12,,https://www.jra.go.jp/datafile/seiseki/report/2021/2021-1sapporo1.pdf
2021,2021010102,札幌,1,2,2021-06-13,12,1;2;3;4;5;6;7;8;9;10;11;12,,https://www.jra.go.jp/datafile/seiseki/report/2021/2021-1sapporo2.pdf
2021,2021010103,札幌,1,3,2021-06-19,12,1;2;3;4;5;6;7;8;9;10;11;12,,https://www.jra.go.jp/datafile/seiseki/report/2021/2021-1sapporo3.pdf
2021,2021010104,札幌,1,4,2021-06-20,12,1;2;3;4;5;6;7;8;9;10;11;12,,https://www.jra.go.jp/datafile/seiseki/report/2021/2021-1sapporo4.pdf
2021,2021010105,札幌,1,5,2021-06-26,12,1;2;3;4;5;6;7;8;9;10;11;12,,https://www.jra.go.jp/datafile/seiseki/report/2021/2021-1sapporo5.pdf
2021,2021010106,札幌,1,6,2021-06-27,12,1;2;3;4;5;6;7;8;9;10;11;12,,https://www.jra.go.jp/datafile/seiseki/report/2021/2021-1sapporo6.pdf
2021,2021010201,札幌,2,1,2021-08-14,12,1;2;3;4;5;6;7;8;9;10;11;12,,https://www.jra.go.jp/datafile/seiseki/report/2021/2021-2sapporo1.pdf
2021,2021010202,札幌,2,2,2021-08-15,12,1;2;3;4;5;6;7;8;9;10;11;12,,https://www.jra.go.jp/datafile/seiseki/report/2021/2021-2sapporo2.pdf
2021,2021010203,札幌,2,3,2021-08-21,12,1;2;3;4;5;6;7;8;9;10;11;12,,https://www.jra.go.jp/datafile/seiseki/report/2021/2021-2sapporo3.pdf
2021,2021010204,札幌,2,4,2021-08-22,12,1;2;3;4;5;6;7;8;9;10;11;12,,https://www.jra.go.jp/datafile/seiseki/report/2021/2021-2sapporo4.pdf
2021,2021010205,札幌,2,5,2021-08-28,12,1;2;3;4;5;6;7;8;9;10;11;12,,https://www.jra.go.jp/datafile/seiseki/report/2021/2021-2sapporo5.pdf
2021,2021010206,札幌,2,6,2021-08-29,12,1;2;3;4;5;6;7;8;9;10;11;12,,https://www.jra.go.jp/datafile/seiseki/report/2021/2021-2sapporo6.pdf
2021,2021010207,札幌,2,7,2021-09-04,12,1;2;3;4;5;6;7;8;9;10;11;12,,https://www.jra.go.jp/datafile/seiseki/report/2021/2021-2sapporo7.pdf
2021,2021010208,札幌,2,8,2021-09-05,12,1;2;3;4;5;6;7;8;9;10;11;12,,https://www.jra.go.jp/datafile/seiseki/report/2021/2021-2sapporo8.pdf
2021,2021020101,函館,1,1,2021-07-03,12,1;2;3;4;5;6;7;8;9;10;11;12,,https://www.jra.go.jp/datafile/seiseki/report/2021/2021-1hakodate1.pdf
2021,2021020102,函館,1,2,2021-07-04,12,1;2;3;4;5;6;7;8;9;10;11;12,,https://www.jra.go.jp/datafile/seiseki/report/2021/2021-1hakodate2.pdf
2021,2021020103,函館,1,3,2021-07-10,12,1;2;3;4;5;6;7;8;9;10;11;12,,https://www.jra.go.jp/datafile/seiseki/report/2021/2021-1hakodate3.pdf
2021,2021020104,函館,1,4,2021-07-11,12,1;2;3;4;5;6;7;8;9;10;11;12,,https://www.jra.go.jp/datafile/seiseki/report/2021/2021-1hakodate4.pdf
2021,2021020105,函館,1,5,2021-07-17,12,1;2;3;4;5;6;7;8;9;10;11;12,,https://www.jra.go.jp/datafile/seiseki/report/2021/2021-1hakodate5.pdf
2021,2021020106,函館,1,6,2021-07-18,12,1;2;3;4;5;6;7;8;9;10;11;12,,https://www.jra.go.jp/datafile/seiseki/report/2021/2021-1hakodate6.pdf
2021,2021020107,函館,1,7,2021-07-24,12,1;2;3;4;5;6;7;8;9;10;11;12,,https://www.jra.go.jp/datafile/seiseki/report/2021/2021-1hakodate7.pdf
2021,2021020108,函館,1,8,2021-07-25,12,1;2;3;4;5;6;7;8;9;10;11;12,,https://www.jra.go.jp/datafile/seiseki/report/2021/2021-1hakodate8.pdf
2021,2021020109,函館,1,9,2021-07-31,12,1;2;3;4;5;6;7;8;9;10;11;12,,https://www.jra.go.jp/datafile/seiseki/report/2021/2021-1hakodate9.pdf
2021,2021020110,函館,1,10,2021-08-01,12,1;2;3;4;5;6;7;8;9;10;11;12,,https://www.jra.go.jp/datafile/seiseki/report/2021/2021-1hakodate10.pdf
2021,2021020111,函館,1,11,2021-08-07,12,1;2;3;4;5;6;7;8;9;10;11;12,,https://www.jra.go.jp/datafile/seiseki/report/2021/2021-1hakodate11.pdf
2021,2021020112,函館,1,12,2021-08-08,12,1;2;3;4;5;6;7;8;9;10;11;12,,https://www.jra.go.jp/datafile/seiseki/report/2021/2021-1hakodate12.pdf
2021,2021030101,福島,1,1,2021-07-03,12,1;2;3;4;5;6;7;8;9;10;11;12,,https://www.jra.go.jp/datafile/seiseki/report/2021/2021-1fukushima1.pdf
2021,2021030102,福島,1,2,2021-07-04,12,1;2;3;4;5;6;7;8;9;10;11;12,,https://www.jra.go.jp/datafile/seiseki/report/2021/2021-1fukushima2.pdf
2021,2021030103,福島,1,3,2021-07-10,12,1;2;3;4;5;6;7;8;9;10;11;12,,https://www.jra.go.jp/datafile/seiseki/report/2021/2021-1fukushima3.pdf
2021,2021030104,福島,1,4,2021-07-11,12,1;2;3;4;5;6;7;8;9;10;11;12,,https://www.jra.go.jp/datafile/seiseki/report/2021/2021-1fukushima4.pdf
2021,2021030105,福島,1,5,2021-07-17,12,1;2;3;4;5;6;7;8;9;10;11;12,,https://www.jra.go.jp/datafile/seiseki/report/2021/2021-1fukushima5.pdf
2021,2021030106,福島,1,6,2021-07-18,12,1;2;3;4;5;6;7;8;9;10;11;12,,https://www.jra.go.jp/datafile/seiseki/report/2021/2021-1fukushima6.pdf
2021,2021030201,福島,2,1,2021-11-06,12,1;2;3;4;5;6;7;8;9;10;11;12,,https://www.jra.go.jp/datafile/seiseki/report/2021/2021-2fukushima1.pdf
2021,2021030202,福島,2,2,2021-11-07,12,1;2;3;4;5;6;7;8;9;10;11;12,,https://www.jra.go.jp/datafile/seiseki/report/2021/2021-2fukushima2.pdf
2021,2021030203,福島,2,3,2021-11-13,12,1;2;3;4;5;6;7;8;9;10;11;12,,https://www.jra.go.jp/datafile/seiseki/report/2021/2021-2fukushima3.pdf
2021,2021030204,福島,2,4,2021-11-14,12,1;2;3;4;5;6;7;8;9;10;11;12,,https://www.jra.go.jp/datafile/seiseki/report/2021/2021-2fukushima4.pdf
2021,2021030205,福島,2,5,2021-11-20,12,1;2;3;4;5;6;7;8;9;10;11;12,,https://www.jra.go.jp/datafile/seiseki/report/2021/2021-2fukushima5.pdf
2021,2021030206,福島,2,6,2021-11-21,12,1;2;3;4;5;6;7;8;9;10;11;12,,https://www.jra.go.jp/datafile/seiseki/report/2021/2021-2fukushima6.pdf
2021,2021040101,新潟,1,1,2021-04-10,12,1;2;3;4;5;6;7;8;9;10;11;12,,https://www.jra.go.jp/datafile/seiseki/report/2021/2021-1niigata1.pdf
2021,2021040102,新潟,1,2,2021-04-11,12,1;2;3;4;5;6;7;8;9;10;11;12,,https://www.jra.go.jp/datafile/seiseki/report/2021/2021-1niigata2.pdf
2021,2021040103,新潟,1,3,2021-04-17,12,1;2;3;4;5;6;7;8;9;10;11;12,,https://www.jra.go.jp/datafile/seiseki/report/2021/2021-1niigata3.pdf
2021,2021040104,新潟,1,4,2021-04-18,12,1;2;3;4;5;6;7;8;9;10;11;12,,https://www.jra.go.jp/datafile/seiseki/report/2021/2021-1niigata4.pdf
2021,2021040105,新潟,1,5,2021-04-24,12,1;2;3;4;5;6;7;8;9;10;11;12,,https://www.jra.go.jp/datafile/seiseki/report/2021/2021-1niigata5.pdf
2021,2021040106,新潟,1,6,2021-04-25,12,1;2;3;4;5;6;7;8;9;10;11;12,,https://www.jra.go.jp/datafile/seiseki/report/2021/2021-1niigata6.pdf
2021,2021040107,新潟,1,7,2021-05-01,12,1;2;3;4;5;6;7;8;9;10;11;12,,https://www.jra.go.jp/datafile/seiseki/report/2021/2021-1niigata7.pdf
2021,2021040108,新潟,1,8,2021-05-02,12,1;2;3;4;5;6;7;8;9;10;11;12,,https://www.jra.go.jp/datafile/seiseki/report/2021/2021-1niigata8.pdf
2021,2021040201,新潟,2,1,2021-05-08,12,1;2;3;4;5;6;7;8;9;10;11;12,,https://www.jra.go.jp/datafile/seiseki/report/2021/2021-2niigata1.pdf
2021,2021040202,新潟,2,2,2021-05-09,12,1;2;3;4;5;6;7;8;9;10;11;12,,https://www.jra.go.jp/datafile/seiseki/report/2021/2021-2niigata2.pdf
2021,2021040203,新潟,2,3,2021-05-15,12,1;2;3;4;5;6;7;8;9;10;11;12,,https://www.jra.go.jp/datafile/seiseki/report/2021/2021-2niigata3.pdf
2021,2021040204,新潟,2,4,2021-05-16,12,1;2;3;4;5;6;7;8;9;10;11;12,,https://www.jra.go.jp/datafile/seiseki/report/2021/2021-2niigata4.pdf
2021,2021040205,新潟,2,5,2021-05-22,12,1;2;3;4;5;6;7;8;9;10;11;12,,https://www.jra.go.jp/datafile/seiseki/report/2021/2021-2niigata5.pdf
2021,2021040206,新潟,2,6,2021-05-23,12,1;2;3;4;5;6;7;8;9;10;11;12,,https://www.jra.go.jp/datafile/seiseki/report/2021/2021-2niigata6.pdf
2021,2021040301,新潟,3,1,2021-07-24,12,1;2;3;4;5;6;7;8;9;10;11;12,,https://www.jra.go.jp/datafile/seiseki/report/2021/2021-3niigata1.pdf
2021,2021040302,新潟,3,2,2021-07-25,12,1;2;3;4;5;6;7;8;9;10;11;12,,https://www.jra.go.jp/datafile/seiseki/report/2021/2021-3niigata2.pdf
2021,2021040303,新潟,3,3,2021-07-31,12,1;2;3;4;5;6;7;8;9;10;11;12,,https://www.jra.go.jp/datafile/seiseki/report/2021/2021-3niigata3.pdf
2021,2021040304,新潟,3,4,2021-08-01,12,1;2;3;4;5;6;7;8;9;10;11;12,,https://www.jra.go.jp/datafile/seiseki/report/2021/2021-3niigata4.pdf
2021,2021040305,新潟,3,5,2021-08-07,12,1;2;3;4;5;6;7;8;9;10;11;12,,https://www.jra.go.jp/datafile/seiseki/report/2021/2021-3niigata5.pdf
2021,2021040306,新潟,3,6,2021-08-08,12,1;2;3;4;5;6;7;8;9;10;11;12,,https://www.jra.go.jp/datafile/seiseki/report/2021/2021-3niigata6.pdf
2021,2021040401,新潟,4,1,2021-08-14,12,1;2;3;4;5;6;7;8;9;10;11;12,,https://www.jra.go.jp/datafile/seiseki/report/2021/2021-4niigata1.pdf
2021,2021040402,新潟,4,2,2021-08-15,12,1;2;3;4;5;6;7;8;9;10;11;12,,https://www.jra.go.jp/datafile/seiseki/report/2021/2021-4niigata2.pdf
2021,2021040403,新潟,4,3,2021-08-21,12,1;2;3;4;5;6;7;8;9;10;11;12,,https://www.jra.go.jp/datafile/seiseki/report/2021/2021-4niigata3.pdf
2021,2021040404,新潟,4,4,2021-08-22,12,1;2;3;4;5;6;7;8;9;10;11;12,,https://www.jra.go.jp/datafile/seiseki/report/2021/2021-4niigata4.pdf
2021,2021040405,新潟,4,5,2021-08-28,12,1;2;3;4;5;6;7;8;9;10;11;12,,https://www.jra.go.jp/datafile/seiseki/report/2021/2021-4niigata5.pdf
2021,2021040406,新潟,4,6,2021-08-29,12,1;2;3;4;5;6;7;8;9;10;11;12,,https://www.jra.go.jp/datafile/seiseki/report/2021/2021-4niigata6.pdf
2021,2021040407,新潟,4,7,2021-09-04,12,1;2;3;4;5;6;7;8;9;10;11;12,,https://www.jra.go.jp/datafile/seiseki/report/2021/2021-4niigata7.pdf
2021,2021040408,新潟,4,8,2021-09-05,12,1;2;3;4;5;6;7;8;9;10;11;12,,https://www.jra.go.jp/datafile/seiseki/report/2021/2021-4niigata8.pdf
2021,2021040501,新潟,5,1,2021-10-09,12,1;2;3;4;5;6;7;8;9;10;11;12,,https://www.jra.go.jp/datafile/seiseki/report/2021/2021-5niigata1.pdf
2021,2021040502,新潟,5,2,2021-10-10,12,1;2;3;4;5;6;7;8;9;10;11;12,,https://www.jra.go.jp/datafile/seiseki/report/2021/2021-5niigata2.pdf
2021,2021040503,新潟,5,3,2021-10-16,12,1;2;3;4;5;6;7;8;9;10;11;12,,https://www.jra.go.jp/datafile/seiseki/report/2021/2021-5niigata3.pdf
2021,2021040504,新潟,5,4,2021-10-17,12,1;2;3;4;5;6;7;8;9;10;11;12,,https://www.jra.go.jp/datafile/seiseki/report/2021/2021-5niigata4.pdf
2021,2021040505,新潟,5,5,2021-10-23,12,1;2;3;4;5;6;7;8;9;10;11;12,,https://www.jra.go.jp/datafile/seiseki/report/2021/2021-5niigata5.pdf
2021,2021040506,新潟,5,6,2021-10-24,12,1;2;3;4;5;6;7;8;9;10;11;12,,https://www.jra.go.jp/datafile/seiseki/report/2021/2021-5niigata6.pdf
2021,2021040507,新潟,5,7,2021-10-30,12,1;2;3;4;5;6;7;8;9;10;11;12,,https://www.jra.go.jp/datafile/seiseki/report/2021/2021-5niigata7.pdf
2021,2021040508,新潟,5,8,2021-10-31,12,1;2;3;4;5;6;7;8;9;10;11;12,,https://www.jra.go.jp/datafile/seiseki/report/2021/2021-5niigata8.pdf
2021,2021050101,東京,1,1,2021-01-30,12,1;2;3;4;5;6;7;8;9;10;11;12,,https://www.jra.go.jp/datafile/seiseki/report/2021/2021-1tokyo1.pdf
2021,2021050102,東京,1,2,2021-01-31,12,1;2;3;4;5;6;7;8;9;10;11;12,,https://www.jra.go.jp/datafile/seiseki/report/2021/2021-1tokyo2.pdf
2021,2021050103,東京,1,3,2021-02-06,12,1;2;3;4;5;6;7;8;9;10;11;12,,https://www.jra.go.jp/datafile/seiseki/report/2021/2021-1tokyo3.pdf
2021,2021050104,東京,1,4,2021-02-07,12,1;2;3;4;5;6;7;8;9;10;11;12,,https://www.jra.go.jp/datafile/seiseki/report/2021/2021-1tokyo4.pdf
2021,2021050105,東京,1,5,2021-02-13,12,1;2;3;4;5;6;7;8;9;10;11;12,,https://www.jra.go.jp/datafile/seiseki/report/2021/2021-1tokyo5.pdf
2021,2021050106,東京,1,6,2021-02-14,12,1;2;3;4;5;6;7;8;9;10;11;12,,https://www.jra.go.jp/datafile/seiseki/report/2021/2021-1tokyo6.pdf
2021,2021050107,東京,1,7,2021-02-20,12,1;2;3;4;5;6;7;8;9;10;11;12,,https://www.jra.go.jp/datafile/seiseki/report/2021/2021-1tokyo7.pdf
2021,2021050108,東京,1,8,2021-02-21,12,1;2;3;4;5;6;7;8;9;10;11;12,,https://www.jra.go.jp/datafile/seiseki/report/2021/2021-1tokyo8.pdf
2021,2021050201,東京,2,1,2021-04-24,12,1;2;3;4;5;6;7;8;9;10;11;12,,https://www.jra.go.jp/datafile/seiseki/report/2021/2021-2tokyo1.pdf
2021,2021050202,東京,2,2,2021-04-25,12,1;2;3;4;5;6;7;8;9;10;11;12,,https://www.jra.go.jp/datafile/seiseki/report/2021/2021-2tokyo2.pdf
2021,2021050203,東京,2,3,2021-05-01,12,1;2;3;4;5;6;7;8;9;10;11;12,,https://www.jra.go.jp/datafile/seiseki/report/2021/2021-2tokyo3.pdf
2021,2021050204,東京,2,4,2021-05-02,12,1;2;3;4;5;6;7;8;9;10;11;12,,https://www.jra.go.jp/datafile/seiseki/report/2021/2021-2tokyo4.pdf
2021,2021050205,東京,2,5,2021-05-08,12,1;2;3;4;5;6;7;8;9;10;11;12,,https://www.jra.go.jp/datafile/seiseki/report/2021/2021-2tokyo5.pdf
2021,2021050206,東京,2,6,2021-05-09,12,1;2;3;4;5;6;7;8;9;10;11;12,,https://www.jra.go.jp/datafile/seiseki/report/2021/2021-2tokyo6.pdf
2021,2021050207,東京,2,7,2021-05-15,12,1;2;3;4;5;6;7;8;9;10;11;12,,https://www.jra.go.jp/datafile/seiseki/report/2021/2021-2tokyo7.pdf
2021,2021050208,東京,2,8,2021-05-16,12,1;2;3;4;5;6;7;8;9;10;11;12,,https://www.jra.go.jp/datafile/seiseki/report/2021/2021-2tokyo8.pdf
2021,2021050209,東京,2,9,2021-05-22,12,1;2;3;4;5;6;7;8;9;10;11;12,,https://www.jra.go.jp/datafile/seiseki/report/2021/2021-2tokyo9.pdf
2021,2021050210,東京,2,10,2021-05-23,12,1;2;3;4;5;6;7;8;9;10;11;12,,https://www.jra.go.jp/datafile/seiseki/report/2021/2021-2tokyo10.pdf
2021,2021050211,東京,2,11,2021-05-29,12,1;2;3;4;5;6;7;8;9;10;11;12,,https://www.jra.go.jp/datafile/seiseki/report/2021/2021-2tokyo11.pdf
2021,2021050212,東京,2,12,2021-05-30,12,1;2;3;4;5;6;7;8;9;10;11;12,,https://www.jra.go.jp/datafile/seiseki/report/2021/2021-2tokyo12.pdf
2021,2021050301,東京,3,1,2021-06-05,12,1;2;3;4;5;6;7;8;9;10;11;12,,https://www.jra.go.jp/datafile/seiseki/report/2021/2021-3tokyo1.pdf
2021,2021050302,東京,3,2,2021-06-06,12,1;2;3;4;5;6;7;8;9;10;11;12,,https://www.jra.go.jp/datafile/seiseki/report/2021/2021-3tokyo2.pdf
2021,2021050303,東京,3,3,2021-06-12,12,1;2;3;4;5;6;7;8;9;10;11;12,,https://www.jra.go.jp/datafile/seiseki/report/2021/2021-3tokyo3.pdf
2021,2021050304,東京,3,4,2021-06-13,12,1;2;3;4;5;6;7;8;9;10;11;12,,https://www.jra.go.jp/datafile/seiseki/report/2021/2021-3tokyo4.pdf
2021,2021050305,東京,3,5,2021-06-19,12,1;2;3;4;5;6;7;8;9;10;11;12,,https://www.jra.go.jp/datafile/seiseki/report/2021/2021-3tokyo5.pdf
2021,2021050306,東京,3,6,2021-06-20,12,1;2;3;4;5;6;7;8;9;10;11;12,,https://www.jra.go.jp/datafile/seiseki/report/2021/2021-3tokyo6.pdf
2021,2021050307,東京,3,7,2021-06-26,12,1;2;3;4;5;6;7;8;9;10;11;12,,https://www.jra.go.jp/datafile/seiseki/report/2021/2021-3tokyo7.pdf
2021,2021050308,東京,3,8,2021-06-27,12,1;2;3;4;5;6;7;8;9;10;11;12,,https://www.jra.go.jp/datafile/seiseki/report/2021/2021-3tokyo8.pdf
2021,2021050401,東京,4,1,2021-10-09,12,1;2;3;4;5;6;7;8;9;10;11;12,,https://www.jra.go.jp/datafile/seiseki/report/2021/2021-4tokyo1.pdf
2021,2021050402,東京,4,2,2021-10-10,12,1;2;3;4;5;6;7;8;9;10;11;12,,https://www.jra.go.jp/datafile/seiseki/report/2021/2021-4tokyo2.pdf
2021,2021050403,東京,4,3,2021-10-16,12,1;2;3;4;5;6;7;8;9;10;11;12,,https://www.jra.go.jp/datafile/seiseki/report/2021/2021-4tokyo3.pdf
2021,2021050404,東京,4,4,2021-10-17,12,1;2;3;4;5;6;7;8;9;10;11;12,,https://www.jra.go.jp/datafile/seiseki/report/2021/2021-4tokyo4.pdf
2021,2021050405,東京,4,5,2021-10-23,12,1;2;3;4;5;6;7;8;9;10;11;12,,https://www.jra.go.jp/datafile/seiseki/report/2021/2021-4tokyo5.pdf
2021,2021050406,東京,4,6,2021-10-24,12,1;2;3;4;5;6;7;8;9;10;11;12,,https://www.jra.go.jp/datafile/seiseki/report/2021/2021-4tokyo6.pdf
2021,2021050407,東京,4,7,2021-10-30,12,1;2;3;4;5;6;7;8;9;10;11;12,,https://www.jra.go.jp/datafile/seiseki/report/2021/2021-4tokyo7.pdf
2021,2021050408,東京,4,8,2021-10-31,12,1;2;3;4;5;6;7;8;9;10;11;12,,https://www.jra.go.jp/datafile/seiseki/report/2021/2021-4tokyo8.pdf
2021,2021050501,東京,5,1,2021-11-06,12,1;2;3;4;5;6;7;8;9;10;11;12,,https://www.jra.go.jp/datafile/seiseki/report/2021/2021-5tokyo1.pdf
2021,2021050502,東京,5,2,2021-11-07,12,1;2;3;4;5;6;7;8;9;10;11;12,,https://www.jra.go.jp/datafile/seiseki/report/2021/2021-5tokyo2.pdf
2021,2021050503,東京,5,3,2021-11-13,12,1;2;3;4;5;6;7;8;9;10;11;12,,https://www.jra.go.jp/datafile/seiseki/report/2021/2021-5tokyo3.pdf
2021,2021050504,東京,5,4,2021-11-14,12,1;2;3;4;5;6;7;8;9;10;11;12,,https://www.jra.go.jp/datafile/seiseki/report/2021/2021-5tokyo4.pdf
2021,2021050505,東京,5,5,2021-11-20,12,1;2;3;4;5;6;7;8;9;10;11;12,,https://www.jra.go.jp/datafile/seiseki/report/2021/2021-5tokyo5.pdf
2021,2021050506,東京,5,6,2021-11-21,12,1;2;3;4;5;6;7;8;9;10;11;12,,https://www.jra.go.jp/datafile/seiseki/report/2021/2021-5tokyo6.pdf
2021,2021050507,東京,5,7,2021-11-27,12,1;2;3;4;5;6;7;8;9;10;11;12,,https://www.jra.go.jp/datafile/seiseki/report/2021/2021-5tokyo7.pdf
2021,2021050508,東京,5,8,2021-11-28,12,1;2;3;4;5;6;7;8;9;10;11;12,,https://www.jra.go.jp/datafile/seiseki/report/2021/2021-5tokyo8.pdf
2021,2021060101,中山,1,1,2021-01-05,12,1;2;3;4;5;6;7;8;9;10;11;12,,https://www.jra.go.jp/datafile/seiseki/report/2021/2021-1nakayama1.pdf
2021,2021060102,中山,1,2,2021-01-09,12,1;2;3;4;5;6;7;8;9;10;11;12,,https://www.jra.go.jp/datafile/seiseki/report/2021/2021-1nakayama2.pdf
2021,2021060103,中山,1,3,2021-01-10,12,1;2;3;4;5;6;7;8;9;10;11;12,,https://www.jra.go.jp/datafile/seiseki/report/2021/2021-1nakayama3.pdf
2021,2021060104,中山,1,4,2021-01-11,12,1;2;3;4;5;6;7;8;9;10;11;12,,https://www.jra.go.jp/datafile/seiseki/report/2021/2021-1nakayama4.pdf
2021,2021060105,中山,1,5,2021-01-16,12,1;2;3;4;5;6;7;8;9;10;11;12,,https://www.jra.go.jp/datafile/seiseki/report/2021/2021-1nakayama5.pdf
2021,2021060106,中山,1,6,2021-01-17,12,1;2;3;4;5;6;7;8;9;10;11;12,,https://www.jra.go.jp/datafile/seiseki/report/2021/2021-1nakayama6.pdf
2021,2021060107,中山,1,7,2021-01-23,12,1;2;3;4;5;6;7;8;9;10;11;12,,https://www.jra.go.jp/datafile/seiseki/report/2021/2021-1nakayama7.pdf
2021,2021060108,中山,1,8,2021-01-24,12,1;2;3;4;5;6;7;8;9;10;11;12,,https://www.jra.go.jp/datafile/seiseki/report/2021/2021-1nakayama8.pdf
2021,2021060201,中山,2,1,2021-02-27,12,1;2;3;4;5;6;7;8;9;10;11;12,,https://www.jra.go.jp/datafile/seiseki/report/2021/2021-2nakayama1.pdf
2021,2021060202,中山,2,2,2021-02-28,12,1;2;3;4;5;6;7;8;9;10;11;12,,https://www.jra.go.jp/datafile/seiseki/report/2021/2021-2nakayama2.pdf
2021,2021060203,中山,2,3,2021-03-06,12,1;2;3;4;5;6;7;8;9;10;11;12,,https://www.jra.go.jp/datafile/seiseki/report/2021/2021-2nakayama3.pdf
2021,2021060204,中山,2,4,2021-03-07,12,1;2;3;4;5;6;7;8;9;10;11;12,,https://www.jra.go.jp/datafile/seiseki/report/2021/2021-2nakayama4.pdf
2021,2021060205,中山,2,5,2021-03-13,12,1;2;3;4;5;6;7;8;9;10;11;12,,https://www.jra.go.jp/datafile/seiseki/report/2021/2021-2nakayama5.pdf
2021,2021060206,中山,2,6,2021-03-14,12,1;2;3;4;5;6;7;8;9;10;11;12,,https://www.jra.go.jp/datafile/seiseki/report/2021/2021-2nakayama6.pdf
2021,2021060207,中山,2,7,2021-03-20,12,1;2;3;4;5;6;7;8;9;10;11;12,,https://www.jra.go.jp/datafile/seiseki/report/2021/2021-2nakayama7.pdf
2021,2021060208,中山,2,8,2021-03-21,12,1;2;3;4;5;6;7;8;9;10;11;12,,https://www.jra.go.jp/datafile/seiseki/report/2021/2021-2nakayama8.pdf
2021,2021060301,中山,3,1,2021-03-27,12,1;2;3;4;5;6;7;8;9;10;11;12,,https://www.jra.go.jp/datafile/seiseki/report/2021/2021-3nakayama1.pdf
2021,2021060302,中山,3,2,2021-03-28,12,1;2;3;4;5;6;7;8;9;10;11;12,,https://www.jra.go.jp/datafile/seiseki/report/2021/2021-3nakayama2.pdf
2021,2021060303,中山,3,3,2021-04-03,12,1;2;3;4;5;6;7;8;9;10;11;12,,https://www.jra.go.jp/datafile/seiseki/report/2021/2021-3nakayama3.pdf
2021,2021060304,中山,3,4,2021-04-04,12,1;2;3;4;5;6;7;8;9;10;11;12,,https://www.jra.go.jp/datafile/seiseki/report/2021/2021-3nakayama4.pdf
2021,2021060305,中山,3,5,2021-04-10,12,1;2;3;4;5;6;7;8;9;10;11;12,,https://www.jra.go.jp/datafile/seiseki/report/2021/2021-3nakayama5.pdf
2021,2021060306,中山,3,6,2021-04-11,12,1;2;3;4;5;6;7;8;9;10;11;12,,https://www.jra.go.jp/datafile/seiseki/report/2021/2021-3nakayama6.pdf
2021,2021060307,中山,3,7,2021-04-17,12,1;2;3;4;5;6;7;8;9;10;11;12,,https://www.jra.go.jp/datafile/seiseki/report/2021/2021-3nakayama7.pdf
2021,2021060308,中山,3,8,2021-04-18,12,1;2;3;4;5;6;7;8;9;10;11;12,,https://www.jra.go.jp/datafile/seiseki/report/2021/2021-3nakayama8.pdf
2021,2021060401,中山,4,1,2021-09-11,12,1;2;3;4;5;6;7;8;9;10;11;12,,https://www.jra.go.jp/datafile/seiseki/report/2021/2021-4nakayama1.pdf
2021,2021060402,中山,4,2,2021-09-12,12,1;2;3;4;5;6;7;8;9;10;11;12,,https://www.jra.go.jp/datafile/seiseki/report/2021/2021-4nakayama2.pdf
2021,2021060403,中山,4,3,2021-09-18,12,1;2;3;4;5;6;7;8;9;10;11;12,,https://www.jra.go.jp/datafile/seiseki/report/2021/2021-4nakayama3.pdf
2021,2021060404,中山,4,4,2021-09-19,12,1;2;3;4;5;6;7;8;9;10;11;12,,https://www.jra.go.jp/datafile/seiseki/report/2021/2021-4nakayama4.pdf
2021,2021060405,中山,4,5,2021-09-20,12,1;2;3;4;5;6;7;8;9;10;11;12,,https://www.jra.go.jp/datafile/seiseki/report/2021/2021-4nakayama5.pdf
2021,2021060406,中山,4,6,2021-09-25,12,1;2;3;4;5;6;7;8;9;10;11;12,,https://www.jra.go.jp/datafile/seiseki/report/2021/2021-4nakayama6.pdf
2021,2021060407,中山,4,7,2021-09-26,12,1;2;3;4;5;6;7;8;9;10;11;12,,https://www.jra.go.jp/datafile/seiseki/report/2021/2021-4nakayama7.pdf
2021,2021060408,中山,4,8,2021-10-02,12,1;2;3;4;5;6;7;8;9;10;11;12,,https://www.jra.go.jp/datafile/seiseki/report/2021/2021-4nakayama8.pdf
2021,2021060409,中山,4,9,2021-10-03,12,1;2;3;4;5;6;7;8;9;10;11;12,,https://www.jra.go.jp/datafile/seiseki/report/2021/2021-4nakayama9.pdf
2021,2021060501,中山,5,1,2021-12-04,12,1;2;3;4;5;6;7;8;9;10;11;12,,https://www.jra.go.jp/datafile/seiseki/report/2021/2021-5nakayama1.pdf
2021,2021060502,中山,5,2,2021-12-05,12,1;2;3;4;5;6;7;8;9;10;11;12,,https://www.jra.go.jp/datafile/seiseki/report/2021/2021-5nakayama2.pdf
2021,2021060503,中山,5,3,2021-12-11,12,1;2;3;4;5;6;7;8;9;10;11;12,,https://www.jra.go.jp/datafile/seiseki/report/2021/2021-5nakayama3.pdf
2021,2021060504,中山,5,4,2021-12-12,12,1;2;3;4;5;6;7;8;9;10;11;12,,https://www.jra.go.jp/datafile/seiseki/report/2021/2021-5nakayama4.pdf
2021,2021060505,中山,5,5,2021-12-18,12,1;2;3;4;5;6;7;8;9;10;11;12,,https://www.jra.go.jp/datafile/seiseki/report/2021/2021-5nakayama5.pdf
2021,2021060506,中山,5,6,2021-12-19,12,1;2;3;4;5;6;7;8;9;10;11;12,,https://www.jra.go.jp/datafile/seiseki/report/2021/2021-5nakayama6.pdf
2021,2021060507,中山,5,7,2021-12-25,12,1;2;3;4;5;6;7;8;9;10;11;12,,https://www.jra.go.jp/datafile/seiseki/report/2021/2021-5nakayama7.pdf
2021,2021060508,中山,5,8,2021-12-26,12,1;2;3;4;5;6;7;8;9;10;11;12,,https://www.jra.go.jp/datafile/seiseki/report/2021/2021-5nakayama8.pdf
2021,2021060509,中山,5,9,2021-12-28,12,1;2;3;4;5;6;7;8;9;10;11;12,,https://www.jra.go.jp/datafile/seiseki/report/2021/2021-5nakayama9.pdf
2021,2021070101,中京,1,1,2021-01-05,12,1;2;3;4;5;6;7;8;9;10;11;12,,https://www.jra.go.jp/datafile/seiseki/report/2021/2021-1chukyo1.pdf
2021,2021070102,中京,1,2,2021-01-09,12,1;2;3;4;5;6;7;8;9;10;11;12,,https://www.jra.go.jp/datafile/seiseki/report/2021/2021-1chukyo2.pdf
2021,2021070103,中京,1,3,2021-01-10,12,1;2;3;4;5;6;7;8;9;10;11;12,,https://www.jra.go.jp/datafile/seiseki/report/2021/2021-1chukyo3.pdf
2021,2021070104,中京,1,4,2021-01-11,12,1;2;3;4;5;6;7;8;9;10;11;12,,https://www.jra.go.jp/datafile/seiseki/report/2021/2021-1chukyo4.pdf
2021,2021070105,中京,1,5,2021-01-16,12,1;2;3;4;5;6;7;8;9;10;11;12,,https://www.jra.go.jp/datafile/seiseki/report/2021/2021-1chukyo5.pdf
2021,2021070106,中京,1,6,2021-01-17,12,1;2;3;4;5;6;7;8;9;10;11;12,,https://www.jra.go.jp/datafile/seiseki/report/2021/2021-1chukyo6.pdf
2021,2021070107,中京,1,7,2021-01-23,12,1;2;3;4;5;6;7;8;9;10;11;12,,https://www.jra.go.jp/datafile/seiseki/report/2021/2021-1chukyo7.pdf
2021,2021070108,中京,1,8,2021-01-24,12,1;2;3;4;5;6;7;8;9;10;11;12,,https://www.jra.go.jp/datafile/seiseki/report/2021/2021-1chukyo8.pdf
2021,2021070109,中京,1,9,2021-01-30,12,1;2;3;4;5;6;7;8;9;10;11;12,,https://www.jra.go.jp/datafile/seiseki/report/2021/2021-1chukyo9.pdf
2021,2021070110,中京,1,10,2021-01-31,12,1;2;3;4;5;6;7;8;9;10;11;12,,https://www.jra.go.jp/datafile/seiseki/report/2021/2021-1chukyo10.pdf
2021,2021070111,中京,1,11,2021-02-06,12,1;2;3;4;5;6;7;8;9;10;11;12,,https://www.jra.go.jp/datafile/seiseki/report/2021/2021-1chukyo11.pdf
2021,2021070112,中京,1,12,2021-02-07,12,1;2;3;4;5;6;7;8;9;10;11;12,,https://www.jra.go.jp/datafile/seiseki/report/2021/2021-1chukyo12.pdf
2021,2021070201,中京,2,1,2021-03-13,12,1;2;3;4;5;6;7;8;9;10;11;12,,https://www.jra.go.jp/datafile/seiseki/report/2021/2021-2chukyo1.pdf
2021,2021070202,中京,2,2,2021-03-14,12,1;2;3;4;5;6;7;8;9;10;11;12,,https://www.jra.go.jp/datafile/seiseki/report/2021/2021-2chukyo2.pdf
2021,2021070203,中京,2,3,2021-03-20,12,1;2;3;4;5;6;7;8;9;10;11;12,,https://www.jra.go.jp/datafile/seiseki/report/2021/2021-2chukyo3.pdf
2021,2021070204,中京,2,4,2021-03-21,12,1;2;3;4;5;6;7;8;9;10;11;12,,https://www.jra.go.jp/datafile/seiseki/report/2021/2021-2chukyo4.pdf
2021,2021070205,中京,2,5,2021-03-27,12,1;2;3;4;5;6;7;8;9;10;11;12,,https://www.jra.go.jp/datafile/seiseki/report/2021/2021-2chukyo5.pdf
2021,2021070206,中京,2,6,2021-03-28,12,1;2;3;4;5;6;7;8;9;10;11;12,,https://www.jra.go.jp/datafile/seiseki/report/2021/2021-2chukyo6.pdf
2021,2021070301,中京,3,1,2021-05-08,12,1;2;3;4;5;6;7;8;9;10;11;12,,https://www.jra.go.jp/datafile/seiseki/report/2021/2021-3chukyo1.pdf
2021,2021070302,中京,3,2,2021-05-09,12,1;2;3;4;5;6;7;8;9;10;11;12,,https://www.jra.go.jp/datafile/seiseki/report/2021/2021-3chukyo2.pdf
2021,2021070303,中京,3,3,2021-05-15,12,1;2;3;4;5;6;7;8;9;10;11;12,,https://www.jra.go.jp/datafile/seiseki/report/2021/2021-3chukyo3.pdf
2021,2021070304,中京,3,4,2021-05-16,12,1;2;3;4;5;6;7;8;9;10;11;12,,https://www.jra.go.jp/datafile/seiseki/report/2021/2021-3chukyo4.pdf
2021,2021070305,中京,3,5,2021-05-22,12,1;2;3;4;5;6;7;8;9;10;11;12,,https://www.jra.go.jp/datafile/seiseki/report/2021/2021-3chukyo5.pdf
2021,2021070306,中京,3,6,2021-05-23,12,1;2;3;4;5;6;7;8;9;10;11;12,,https://www.jra.go.jp/datafile/seiseki/report/2021/2021-3chukyo6.pdf
2021,2021070307,中京,3,7,2021-05-29,12,1;2;3;4;5;6;7;8;9;10;11;12,,https://www.jra.go.jp/datafile/seiseki/report/2021/2021-3chukyo7.pdf
2021,2021070308,中京,3,8,2021-05-30,12,1;2;3;4;5;6;7;8;9;10;11;12,,https://www.jra.go.jp/datafile/seiseki/report/2021/2021-3chukyo8.pdf
2021,2021070401,中京,4,1,2021-06-05,12,1;2;3;4;5;6;7;8;9;10;11;12,,https://www.jra.go.jp/datafile/seiseki/report/2021/2021-4chukyo1.pdf
2021,2021070402,中京,4,2,2021-06-06,12,1;2;3;4;5;6;7;8;9;10;11;12,,https://www.jra.go.jp/datafile/seiseki/report/2021/2021-4chukyo2.pdf
2021,2021070403,中京,4,3,2021-06-12,12,1;2;3;4;5;6;7;8;9;10;11;12,,https://www.jra.go.jp/datafile/seiseki/report/2021/2021-4chukyo3.pdf
2021,2021070404,中京,4,4,2021-06-13,12,1;2;3;4;5;6;7;8;9;10;11;12,,https://www.jra.go.jp/datafile/seiseki/report/2021/2021-4chukyo4.pdf
2021,2021070501,中京,5,1,2021-09-11,12,1;2;3;4;5;6;7;8;9;10;11;12,,https://www.jra.go.jp/datafile/seiseki/report/2021/2021-5chukyo1.pdf
2021,2021070502,中京,5,2,2021-09-12,12,1;2;3;4;5;6;7;8;9;10;11;12,,https://www.jra.go.jp/datafile/seiseki/report/2021/2021-5chukyo2.pdf
2021,2021070503,中京,5,3,2021-09-18,12,1;2;3;4;5;6;7;8;9;10;11;12,,https://www.jra.go.jp/datafile/seiseki/report/2021/2021-5chukyo3.pdf
2021,2021070504,中京,5,4,2021-09-19,12,1;2;3;4;5;6;7;8;9;10;11;12,,https://www.jra.go.jp/datafile/seiseki/report/2021/2021-5chukyo4.pdf
2021,2021070505,中京,5,5,2021-09-20,12,1;2;3;4;5;6;7;8;9;10;11;12,,https://www.jra.go.jp/datafile/seiseki/report/2021/2021-5chukyo5.pdf
2021,2021070506,中京,5,6,2021-09-25,12,1;2;3;4;5;6;7;8;9;10;11;12,,https://www.jra.go.jp/datafile/seiseki/report/2021/2021-5chukyo6.pdf
2021,2021070507,中京,5,7,2021-09-26,12,1;2;3;4;5;6;7;8;9;10;11;12,,https://www.jra.go.jp/datafile/seiseki/report/2021/2021-5chukyo7.pdf
2021,2021070508,中京,5,8,2021-10-02,12,1;2;3;4;5;6;7;8;9;10;11;12,,https://www.jra.go.jp/datafile/seiseki/report/2021/2021-5chukyo8.pdf
2021,2021070509,中京,5,9,2021-10-03,12,1;2;3;4;5;6;7;8;9;10;11;12,,https://www.jra.go.jp/datafile/seiseki/report/2021/2021-5chukyo9.pdf
2021,2021070601,中京,6,1,2021-12-04,12,1;2;3;4;5;6;7;8;9;10;11;12,,https://www.jra.go.jp/datafile/seiseki/report/2021/2021-6chukyo1.pdf
2021,2021070602,中京,6,2,2021-12-05,12,1;2;3;4;5;6;7;8;9;10;11;12,,https://www.jra.go.jp/datafile/seiseki/report/2021/2021-6chukyo2.pdf
2021,2021070603,中京,6,3,2021-12-11,12,1;2;3;4;5;6;7;8;9;10;11;12,,https://www.jra.go.jp/datafile/seiseki/report/2021/2021-6chukyo3.pdf
2021,2021070604,中京,6,4,2021-12-12,12,1;2;3;4;5;6;7;8;9;10;11;12,,https://www.jra.go.jp/datafile/seiseki/report/2021/2021-6chukyo4.pdf
2021,2021070605,中京,6,5,2021-12-18,12,1;2;3;4;5;6;7;8;9;10;11;12,,https://www.jra.go.jp/datafile/seiseki/report/2021/2021-6chukyo5.pdf
2021,2021070606,中京,6,6,2021-12-19,12,1;2;3;4;5;6;7;8;9;10;11;12,,https://www.jra.go.jp/datafile/seiseki/report/2021/2021-6chukyo6.pdf
2021,2021090101,阪神,1,1,2021-02-13,12,1;2;3;4;5;6;7;8;9;10;11;12,,https://www.jra.go.jp/datafile/seiseki/report/2021/2021-1hanshin1.pdf
2021,2021090102,阪神,1,2,2021-02-14,12,1;2;3;4;5;6;7;8;9;10;11;12,,https://www.jra.go.jp/datafile/seiseki/report/2021/2021-1hanshin2.pdf
2021,2021090103,阪神,1,3,2021-02-20,12,1;2;3;4;5;6;7;8;9;10;11;12,,https://www.jra.go.jp/datafile/seiseki/report/2021/2021-1hanshin3.pdf
2021,2021090104,阪神,1,4,2021-02-21,12,1;2;3;4;5;6;7;8;9;10;11;12,,https://www.jra.go.jp/datafile/seiseki/report/2021/2021-1hanshin4.pdf
2021,2021090105,阪神,1,5,2021-02-27,12,1;2;3;4;5;6;7;8;9;10;11;12,,https://www.jra.go.jp/datafile/seiseki/report/2021/2021-1hanshin5.pdf
2021,2021090106,阪神,1,6,2021-02-28,12,1;2;3;4;5;6;7;8;9;10;11;12,,https://www.jra.go.jp/datafile/seiseki/report/2021/2021-1hanshin6.pdf
2021,2021090107,阪神,1,7,2021-03-06,12,1;2;3;4;5;6;7;8;9;10;11;12,,https://www.jra.go.jp/datafile/seiseki/report/2021/2021-1hanshin7.pdf
2021,2021090108,阪神,1,8,2021-03-07,12,1;2;3;4;5;6;7;8;9;10;11;12,,https://www.jra.go.jp/datafile/seiseki/report/2021/2021-1hanshin8.pdf
2021,2021090109,阪神,1,9,2021-03-13,12,1;2;3;4;5;6;7;8;9;10;11;12,,https://www.jra.go.jp/datafile/seiseki/report/2021/2021-1hanshin9.pdf
2021,2021090110,阪神,1,10,2021-03-14,12,1;2;3;4;5;6;7;8;9;10;11;12,,https://www.jra.go.jp/datafile/seiseki/report/2021/2021-1hanshin10.pdf
2021,2021090111,阪神,1,11,2021-03-20,12,1;2;3;4;5;6;7;8;9;10;11;12,,https://www.jra.go.jp/datafile/seiseki/report/2021/2021-1hanshin11.pdf
2021,2021090112,阪神,1,12,2021-03-21,12,1;2;3;4;5;6;7;8;9;10;11;12,,https://www.jra.go.jp/datafile/seiseki/report/2021/2021-1hanshin12.pdf
2021,2021090201,阪神,2,1,2021-03-27,12,1;2;3;4;5;6;7;8;9;10;11;12,,https://www.jra.go.jp/datafile/seiseki/report/2021/2021-2hanshin1.pdf
2021,2021090202,阪神,2,2,2021-03-28,12,1;2;3;4;5;6;7;8;9;10;11;12,,https://www.jra.go.jp/datafile/seiseki/report/2021/2021-2hanshin2.pdf
2021,2021090203,阪神,2,3,2021-04-03,12,1;2;3;4;5;6;7;8;9;10;11;12,,https://www.jra.go.jp/datafile/seiseki/report/2021/2021-2hanshin3.pdf
2021,2021090204,阪神,2,4,2021-04-04,12,1;2;3;4;5;6;7;8;9;10;11;12,,https://www.jra.go.jp/datafile/seiseki/report/2021/2021-2hanshin4.pdf
2021,2021090205,阪神,2,5,2021-04-10,12,1;2;3;4;5;6;7;8;9;10;11;12,,https://www.jra.go.jp/datafile/seiseki/report/2021/2021-2hanshin5.pdf
2021,2021090206,阪神,2,6,2021-04-11,12,1;2;3;4;5;6;7;8;9;10;11;12,,https://www.jra.go.jp/datafile/seiseki/report/2021/2021-2hanshin6.pdf
2021,2021090207,阪神,2,7,2021-04-17,12,1;2;3;4;5;6;7;8;9;10;11;12,,https://www.jra.go.jp/datafile/seiseki/report/2021/2021-2hanshin7.pdf
2021,2021090208,阪神,2,8,2021-04-18,12,1;2;3;4;5;6;7;8;9;10;11;12,,https://www.jra.go.jp/datafile/seiseki/report/2021/2021-2hanshin8.pdf
2021,2021090209,阪神,2,9,2021-04-24,12,1;2;3;4;5;6;7;8;9;10;11;12,,https://www.jra.go.jp/datafile/seiseki/report/2021/2021-2hanshin9.pdf
2021,2021090210,阪神,2,10,2021-04-25,12,1;2;3;4;5;6;7;8;9;10;11;12,,https://www.jra.go.jp/datafile/seiseki/report/2021/2021-2hanshin10.pdf
2021,2021090211,阪神,2,11,2021-05-01,12,1;2;3;4;5;6;7;8;9;10;11;12,,https://www.jra.go.jp/datafile/seiseki/report/2021/2021-2hanshin11.pdf
2021,2021090212,阪神,2,12,2021-05-02,12,1;2;3;4;5;6;7;8;9;10;11;12,,https://www.jra.go.jp/datafile/seiseki/report/2021/2021-2hanshin12.pdf
2021,2021090301,阪神,3,1,2021-06-19,12,1;2;3;4;5;6;7;8;9;10;11;12,,https://www.jra.go.jp/datafile/seiseki/report/2021/2021-3hanshin1.pdf
2021,2021090302,阪神,3,2,2021-06-20,12,1;2;3;4;5;6;7;8;9;10;11;12,,https://www.jra.go.jp/datafile/seiseki/report/2021/2021-3hanshin2.pdf
2021,2021090303,阪神,3,3,2021-06-26,12,1;2;3;4;5;6;7;8;9;10;11;12,,https://www.jra.go.jp/datafile/seiseki/report/2021/2021-3hanshin3.pdf
2021,2021090304,阪神,3,4,2021-06-27,12,1;2;3;4;5;6;7;8;9;10;11;12,,https://www.jra.go.jp/datafile/seiseki/report/2021/2021-3hanshin4.pdf
2021,2021090401,阪神,4,1,2021-10-09,12,1;2;3;4;5;6;7;8;9;10;11;12,,https://www.jra.go.jp/datafile/seiseki/report/2021/2021-4hanshin1.pdf
2021,2021090402,阪神,4,2,2021-10-10,12,1;2;3;4;5;6;7;8;9;10;11;12,,https://www.jra.go.jp/datafile/seiseki/report/2021/2021-4hanshin2.pdf
2021,2021090403,阪神,4,3,2021-10-16,12,1;2;3;4;5;6;7;8;9;10;11;12,,https://www.jra.go.jp/datafile/seiseki/report/2021/2021-4hanshin3.pdf
2021,2021090404,阪神,4,4,2021-10-17,12,1;2;3;4;5;6;7;8;9;10;11;12,,https://www.jra.go.jp/datafile/seiseki/report/2021/2021-4hanshin4.pdf
2021,2021090405,阪神,4,5,2021-10-23,12,1;2;3;4;5;6;7;8;9;10;11;12,,https://www.jra.go.jp/datafile/seiseki/report/2021/2021-4hanshin5.pdf
2021,2021090406,阪神,4,6,2021-10-24,12,1;2;3;4;5;6;7;8;9;10;11;12,,https://www.jra.go.jp/datafile/seiseki/report/2021/2021-4hanshin6.pdf
2021,2021090407,阪神,4,7,2021-10-30,12,1;2;3;4;5;6;7;8;9;10;11;12,,https://www.jra.go.jp/datafile/seiseki/report/2021/2021-4hanshin7.pdf
2021,2021090408,阪神,4,8,2021-10-31,12,1;2;3;4;5;6;7;8;9;10;11;12,,https://www.jra.go.jp/datafile/seiseki/report/2021/2021-4hanshin8.pdf
2021,2021090501,阪神,5,1,2021-11-06,12,1;2;3;4;5;6;7;8;9;10;11;12,,https://www.jra.go.jp/datafile/seiseki/report/2021/2021-5hanshin1.pdf
2021,2021090502,阪神,5,2,2021-11-07,12,1;2;3;4;5;6;7;8;9;10;11;12,,https://www.jra.go.jp/datafile/seiseki/report/2021/2021-5hanshin2.pdf
2021,2021090503,阪神,5,3,2021-11-13,12,1;2;3;4;5;6;7;8;9;10;11;12,,https://www.jra.go.jp/datafile/seiseki/report/2021/2021-5hanshin3.pdf
2021,2021090504,阪神,5,4,2021-11-14,12,1;2;3;4;5;6;7;8;9;10;11;12,,https://www.jra.go.jp/datafile/seiseki/report/2021/2021-5hanshin4.pdf
2021,2021090505,阪神,5,5,2021-11-20,12,1;2;3;4;5;6;7;8;9;10;11;12,,https://www.jra.go.jp/datafile/seiseki/report/2021/2021-5hanshin5.pdf
2021,2021090506,阪神,5,6,2021-11-21,12,1;2;3;4;5;6;7;8;9;10;11;12,,https://www.jra.go.jp/datafile/seiseki/report/2021/2021-5hanshin6.pdf
2021,2021090507,阪神,5,7,2021-11-27,12,1;2;3;4;5;6;7;8;9;10;11;12,,https://www.jra.go.jp/datafile/seiseki/report/2021/2021-5hanshin7.pdf
2021,2021090508,阪神,5,8,2021-11-28,12,1;2;3;4;5;6;7;8;9;10;11;12,,https://www.jra.go.jp/datafile/seiseki/report/2021/2021-5hanshin8.pdf
2021,2021090601,阪神,6,1,2021-12-04,12,1;2;3;4;5;6;7;8;9;10;11;12,,https://www.jra.go.jp/datafile/seiseki/report/2021/2021-6hanshin1.pdf
2021,2021090602,阪神,6,2,2021-12-05,12,1;2;3;4;5;6;7;8;9;10;11;12,,https://www.jra.go.jp/datafile/seiseki/report/2021/2021-6hanshin2.pdf
2021,2021090603,阪神,6,3,2021-12-11,12,1;2;3;4;5;6;7;8;9;10;11;12,,https://www.jra.go.jp/datafile/seiseki/report/2021/2021-6hanshin3.pdf
2021,2021090604,阪神,6,4,2021-12-12,12,1;2;3;4;5;6;7;8;9;10;11;12,,https://www.jra.go.jp/datafile/seiseki/report/2021/2021-6hanshin4.pdf
2021,2021090605,阪神,6,5,2021-12-18,12,1;2;3;4;5;6;7;8;9;10;11;12,,https://www.jra.go.jp/datafile/seiseki/report/2021/2021-6hanshin5.pdf
2021,2021090606,阪神,6,6,2021-12-19,12,1;2;3;4;5;6;7;8;9;10;11;12,,https://www.jra.go.jp/datafile/seiseki/report/2021/2021-6hanshin6.pdf
2021,2021090607,阪神,6,7,2021-12-25,12,1;2;3;4;5;6;7;8;9;10;11;12,,https://www.jra.go.jp/datafile/seiseki/report/2021/2021-6hanshin7.pdf
2021,2021090608,阪神,6,8,2021-12-26,12,1;2;3;4;5;6;7;8;9;10;11;12,,https://www.jra.go.jp/datafile/seiseki/report/2021/2021-6hanshin8.pdf
2021,2021090609,阪神,6,9,2021-12-28,12,1;2;3;4;5;6;7;8;9;10;11;12,,https://www.jra.go.jp/datafile/seiseki/report/2021/2021-6hanshin9.pdf
2021,2021100101,小倉,1,1,2021-01-16,12,1;2;3;4;5;6;7;8;9;10;11;12,,https://www.jra.go.jp/datafile/seiseki/report/2021/2021-1kokura1.pdf
2021,2021100102,小倉,1,2,2021-01-17,12,1;2;3;4;5;6;7;8;9;10;11;12,,https://www.jra.go.jp/datafile/seiseki/report/2021/2021-1kokura2.pdf
2021,2021100103,小倉,1,3,2021-01-23,12,1;2;3;4;5;6;7;8;9;10;11;12,,https://www.jra.go.jp/datafile/seiseki/report/2021/2021-1kokura3.pdf
2021,2021100104,小倉,1,4,2021-01-24,12,1;2;3;4;5;6;7;8;9;10;11;12,,https://www.jra.go.jp/datafile/seiseki/report/2021/2021-1kokura4.pdf
2021,2021100105,小倉,1,5,2021-01-30,12,1;2;3;4;5;6;7;8;9;10;11;12,,https://www.jra.go.jp/datafile/seiseki/report/2021/2021-1kokura5.pdf
2021,2021100106,小倉,1,6,2021-01-31,12,1;2;3;4;5;6;7;8;9;10;11;12,,https://www.jra.go.jp/datafile/seiseki/report/2021/2021-1kokura6.pdf
2021,2021100107,小倉,1,7,2021-02-06,12,1;2;3;4;5;6;7;8;9;10;11;12,,https://www.jra.go.jp/datafile/seiseki/report/2021/2021-1kokura7.pdf
2021,2021100108,小倉,1,8,2021-02-07,12,1;2;3;4;5;6;7;8;9;10;11;12,,https://www.jra.go.jp/datafile/seiseki/report/2021/2021-1kokura8.pdf
2021,2021100201,小倉,2,1,2021-02-13,12,1;2;3;4;5;6;7;8;9;10;11;12,,https://www.jra.go.jp/datafile/seiseki/report/2021/2021-2kokura1.pdf
2021,2021100202,小倉,2,2,2021-02-14,12,1;2;3;4;5;6;7;8;9;10;11;12,,https://www.jra.go.jp/datafile/seiseki/report/2021/2021-2kokura2.pdf
2021,2021100203,小倉,2,3,2021-02-20,12,1;2;3;4;5;6;7;8;9;10;11;12,,https://www.jra.go.jp/datafile/seiseki/report/2021/2021-2kokura3.pdf
2021,2021100204,小倉,2,4,2021-02-21,12,1;2;3;4;5;6;7;8;9;10;11;12,,https://www.jra.go.jp/datafile/seiseki/report/2021/2021-2kokura4.pdf
2021,2021100205,小倉,2,5,2021-02-27,12,1;2;3;4;5;6;7;8;9;10;11;12,,https://www.jra.go.jp/datafile/seiseki/report/2021/2021-2kokura5.pdf
2021,2021100206,小倉,2,6,2021-02-28,12,1;2;3;4;5;6;7;8;9;10;11;12,,https://www.jra.go.jp/datafile/seiseki/report/2021/2021-2kokura6.pdf
2021,2021100207,小倉,2,7,2021-03-06,12,1;2;3;4;5;6;7;8;9;10;11;12,,https://www.jra.go.jp/datafile/seiseki/report/2021/2021-2kokura7.pdf
2021,2021100208,小倉,2,8,2021-03-07,12,1;2;3;4;5;6;7;8;9;10;11;12,,https://www.jra.go.jp/datafile/seiseki/report/2021/2021-2kokura8.pdf
2021,2021100301,小倉,3,1,2021-07-03,12,1;2;3;4;5;6;7;8;9;10;11;12,,https://www.jra.go.jp/datafile/seiseki/report/2021/2021-3kokura1.pdf
2021,2021100302,小倉,3,2,2021-07-04,12,1;2;3;4;5;6;7;8;9;10;11;12,,https://www.jra.go.jp/datafile/seiseki/report/2021/2021-3kokura2.pdf
2021,2021100303,小倉,3,3,2021-07-10,12,1;2;3;4;5;6;7;8;9;10;11;12,,https://www.jra.go.jp/datafile/seiseki/report/2021/2021-3kokura3.pdf
2021,2021100304,小倉,3,4,2021-07-11,12,1;2;3;4;5;6;7;8;9;10;11;12,,https://www.jra.go.jp/datafile/seiseki/report/2021/2021-3kokura4.pdf
2021,2021100305,小倉,3,5,2021-07-17,12,1;2;3;4;5;6;7;8;9;10;11;12,,https://www.jra.go.jp/datafile/seiseki/report/2021/2021-3kokura5.pdf
2021,2021100306,小倉,3,6,2021-07-18,12,1;2;3;4;5;6;7;8;9;10;11;12,,https://www.jra.go.jp/datafile/seiseki/report/2021/2021-3kokura6.pdf
2021,2021100401,小倉,4,1,2021-08-14,12,1;2;3;4;5;6;7;8;9;10;11;12,,https://www.jra.go.jp/datafile/seiseki/report/2021/2021-4kokura1.pdf
2021,2021100402,小倉,4,2,2021-08-15,12,1;2;3;4;5;6;7;8;9;10;11;12,,https://www.jra.go.jp/datafile/seiseki/report/2021/2021-4kokura2.pdf
2021,2021100403,小倉,4,3,2021-08-21,12,1;2;3;4;5;6;7;8;9;10;11;12,,https://www.jra.go.jp/datafile/seiseki/report/2021/2021-4kokura3.pdf
2021,2021100404,小倉,4,4,2021-08-22,12,1;2;3;4;5;6;7;8;9;10;11;12,,https://www.jra.go.jp/datafile/seiseki/report/2021/2021-4kokura4.pdf
2021,2021100405,小倉,4,5,2021-08-28,12,1;2;3;4;5;6;7;8;9;10;11;12,,https://www.jra.go.jp/datafile/seiseki/report/2021/2021-4kokura5.pdf
2021,2021100406,小倉,4,6,2021-08-29,12,1;2;3;4;5;6;7;8;9;10;11;12,,https://www.jra.go.jp/datafile/seiseki/report/2021/2021-4kokura6.pdf
2021,2021100407,小倉,4,7,2021-09-04,12,1;2;3;4;5;6;7;8;9;10;11;12,,https://www.jra.go.jp/datafile/seiseki/report/2021/2021-4kokura7.pdf
2021,2021100408,小倉,4,8,2021-09-05,12,1;2;3;4;5;6;7;8;9;10;11;12,,https://www.jra.go.jp/datafile/seiseki/report/2021/2021-4kokura8.pdf
2022,2022010101,札幌,1,1,2022-07-23,12,1;2;3;4;5;6;7;8;9;10;11;12,,https://www.jra.go.jp/datafile/seiseki/report/2022/2022-1sapporo1.pdf
2022,2022010102,札幌,1,2,2022-07-24,12,1;2;3;4;5;6;7;8;9;10;11;12,,https://www.jra.go.jp/datafile/seiseki/report/2022/2022-1sapporo2.pdf
2022,2022010103,札幌,1,3,2022-07-30,12,1;2;3;4;5;6;7;8;9;10;11;12,,https://www.jra.go.jp/datafile/seiseki/report/2022/2022-1sapporo3.pdf
2022,2022010104,札幌,1,4,2022-07-31,12,1;2;3;4;5;6;7;8;9;10;11;12,,https://www.jra.go.jp/datafile/seiseki/report/2022/2022-1sapporo4.pdf
2022,2022010105,札幌,1,5,2022-08-06,12,1;2;3;4;5;6;7;8;9;10;11;12,,https://www.jra.go.jp/datafile/seiseki/report/2022/2022-1sapporo5.pdf
2022,2022010106,札幌,1,6,2022-08-07,12,1;2;3;4;5;6;7;8;9;10;11;12,,https://www.jra.go.jp/datafile/seiseki/report/2022/2022-1sapporo6.pdf
2022,2022010201,札幌,2,1,2022-08-13,12,1;2;3;4;5;6;7;8;9;10;11;12,,https://www.jra.go.jp/datafile/seiseki/report/2022/2022-2sapporo1.pdf
2022,2022010202,札幌,2,2,2022-08-14,12,1;2;3;4;5;6;7;8;9;10;11;12,,https://www.jra.go.jp/datafile/seiseki/report/2022/2022-2sapporo2.pdf
2022,2022010203,札幌,2,3,2022-08-20,12,1;2;3;4;5;6;7;8;9;10;11;12,,https://www.jra.go.jp/datafile/seiseki/report/2022/2022-2sapporo3.pdf
2022,2022010204,札幌,2,4,2022-08-21,12,1;2;3;4;5;6;7;8;9;10;11;12,,https://www.jra.go.jp/datafile/seiseki/report/2022/2022-2sapporo4.pdf
2022,2022010205,札幌,2,5,2022-08-27,12,1;2;3;4;5;6;7;8;9;10;11;12,,https://www.jra.go.jp/datafile/seiseki/report/2022/2022-2sapporo5.pdf
2022,2022010206,札幌,2,6,2022-08-28,12,1;2;3;4;5;6;7;8;9;10;11;12,,https://www.jra.go.jp/datafile/seiseki/report/2022/2022-2sapporo6.pdf
2022,2022010207,札幌,2,7,2022-09-03,12,1;2;3;4;5;6;7;8;9;10;11;12,,https://www.jra.go.jp/datafile/seiseki/report/2022/2022-2sapporo7.pdf
2022,2022010208,札幌,2,8,2022-09-04,12,1;2;3;4;5;6;7;8;9;10;11;12,,https://www.jra.go.jp/datafile/seiseki/report/2022/2022-2sapporo8.pdf
2022,2022020101,函館,1,1,2022-06-11,12,1;2;3;4;5;6;7;8;9;10;11;12,,https://www.jra.go.jp/datafile/seiseki/report/2022/2022-1hakodate1.pdf
2022,2022020102,函館,1,2,2022-06-12,12,1;2;3;4;5;6;7;8;9;10;11;12,,https://www.jra.go.jp/datafile/seiseki/report/2022/2022-1hakodate2.pdf
2022,2022020103,函館,1,3,2022-06-18,12,1;2;3;4;5;6;7;8;9;10;11;12,,https://www.jra.go.jp/datafile/seiseki/report/2022/2022-1hakodate3.pdf
2022,2022020104,函館,1,4,2022-06-19,12,1;2;3;4;5;6;7;8;9;10;11;12,,https://www.jra.go.jp/datafile/seiseki/report/2022/2022-1hakodate4.pdf
2022,2022020105,函館,1,5,2022-06-25,12,1;2;3;4;5;6;7;8;9;10;11;12,,https://www.jra.go.jp/datafile/seiseki/report/2022/2022-1hakodate5.pdf
2022,2022020106,函館,1,6,2022-06-26,12,1;2;3;4;5;6;7;8;9;10;11;12,,https://www.jra.go.jp/datafile/seiseki/report/2022/2022-1hakodate6.pdf
2022,2022020107,函館,1,7,2022-07-02,12,1;2;3;4;5;6;7;8;9;10;11;12,,https://www.jra.go.jp/datafile/seiseki/report/2022/2022-1hakodate7.pdf
2022,2022020108,函館,1,8,2022-07-03,12,1;2;3;4;5;6;7;8;9;10;11;12,,https://www.jra.go.jp/datafile/seiseki/report/2022/2022-1hakodate8.pdf
2022,2022020109,函館,1,9,2022-07-09,12,1;2;3;4;5;6;7;8;9;10;11;12,,https://www.jra.go.jp/datafile/seiseki/report/2022/2022-1hakodate9.pdf
2022,2022020110,函館,1,10,2022-07-10,12,1;2;3;4;5;6;7;8;9;10;11;12,,https://www.jra.go.jp/datafile/seiseki/report/2022/2022-1hakodate10.pdf
2022,2022020111,函館,1,11,2022-07-16,12,1;2;3;4;5;6;7;8;9;10;11;12,,https://www.jra.go.jp/datafile/seiseki/report/2022/2022-1hakodate11.pdf
2022,2022020112,函館,1,12,2022-07-17,12,1;2;3;4;5;6;7;8;9;10;11;12,,https://www.jra.go.jp/datafile/seiseki/report/2022/2022-1hakodate12.pdf
2022,2022030101,福島,1,1,2022-04-16,12,1;2;3;4;5;6;7;8;9;10;11;12,,https://www.jra.go.jp/datafile/seiseki/report/2022/2022-1fukushima1.pdf
2022,2022030102,福島,1,2,2022-04-17,12,1;2;3;4;5;6;7;8;9;10;11;12,,https://www.jra.go.jp/datafile/seiseki/report/2022/2022-1fukushima2.pdf
2022,2022030103,福島,1,3,2022-04-23,12,1;2;3;4;5;6;7;8;9;10;11;12,,https://www.jra.go.jp/datafile/seiseki/report/2022/2022-1fukushima3.pdf
2022,2022030104,福島,1,4,2022-04-24,12,1;2;3;4;5;6;7;8;9;10;11;12,,https://www.jra.go.jp/datafile/seiseki/report/2022/2022-1fukushima4.pdf
2022,2022030105,福島,1,5,2022-04-30,12,1;2;3;4;5;6;7;8;9;10;11;12,,https://www.jra.go.jp/datafile/seiseki/report/2022/2022-1fukushima5.pdf
2022,2022030106,福島,1,6,2022-05-01,12,1;2;3;4;5;6;7;8;9;10;11;12,,https://www.jra.go.jp/datafile/seiseki/report/2022/2022-1fukushima6.pdf
2022,2022030201,福島,2,1,2022-07-02,12,1;2;3;4;5;6;7;8;9;10;11;12,,https://www.jra.go.jp/datafile/seiseki/report/2022/2022-2fukushima1.pdf
2022,2022030202,福島,2,2,2022-07-03,12,1;2;3;4;5;6;7;8;9;10;11;12,,https://www.jra.go.jp/datafile/seiseki/report/2022/2022-2fukushima2.pdf
2022,2022030203,福島,2,3,2022-07-09,12,1;2;3;4;5;6;7;8;9;10;11;12,,https://www.jra.go.jp/datafile/seiseki/report/2022/2022-2fukushima3.pdf
2022,2022030204,福島,2,4,2022-07-10,12,1;2;3;4;5;6;7;8;9;10;11;12,,https://www.jra.go.jp/datafile/seiseki/report/2022/2022-2fukushima4.pdf
2022,2022030205,福島,2,5,2022-07-16,12,1;2;3;4;5;6;7;8;9;10;11;12,,https://www.jra.go.jp/datafile/seiseki/report/2022/2022-2fukushima5.pdf
2022,2022030206,福島,2,6,2022-07-17,12,1;2;3;4;5;6;7;8;9;10;11;12,,https://www.jra.go.jp/datafile/seiseki/report/2022/2022-2fukushima6.pdf
2022,2022030207,福島,2,7,2022-07-23,12,1;2;3;4;5;6;7;8;9;10;11;12,,https://www.jra.go.jp/datafile/seiseki/report/2022/2022-2fukushima7.pdf
2022,2022030208,福島,2,8,2022-07-24,12,1;2;3;4;5;6;7;8;9;10;11;12,,https://www.jra.go.jp/datafile/seiseki/report/2022/2022-2fukushima8.pdf
2022,2022030301,福島,3,1,2022-11-05,12,1;2;3;4;5;6;7;8;9;10;11;12,,https://www.jra.go.jp/datafile/seiseki/report/2022/2022-3fukushima1.pdf
2022,2022030302,福島,3,2,2022-11-06,12,1;2;3;4;5;6;7;8;9;10;11;12,,https://www.jra.go.jp/datafile/seiseki/report/2022/2022-3fukushima2.pdf
2022,2022030303,福島,3,3,2022-11-12,12,1;2;3;4;5;6;7;8;9;10;11;12,,https://www.jra.go.jp/datafile/seiseki/report/2022/2022-3fukushima3.pdf
2022,2022030304,福島,3,4,2022-11-13,12,1;2;3;4;5;6;7;8;9;10;11;12,,https://www.jra.go.jp/datafile/seiseki/report/2022/2022-3fukushima4.pdf
2022,2022030305,福島,3,5,2022-11-19,12,1;2;3;4;5;6;7;8;9;10;11;12,,https://www.jra.go.jp/datafile/seiseki/report/2022/2022-3fukushima5.pdf
2022,2022030306,福島,3,6,2022-11-20,12,1;2;3;4;5;6;7;8;9;10;11;12,,https://www.jra.go.jp/datafile/seiseki/report/2022/2022-3fukushima6.pdf
2022,2022040101,新潟,1,1,2022-05-07,12,1;2;3;4;5;6;7;8;9;10;11;12,,https://www.jra.go.jp/datafile/seiseki/report/2022/2022-1niigata1.pdf
2022,2022040102,新潟,1,2,2022-05-08,12,1;2;3;4;5;6;7;8;9;10;11;12,,https://www.jra.go.jp/datafile/seiseki/report/2022/2022-1niigata2.pdf
2022,2022040103,新潟,1,3,2022-05-14,12,1;2;3;4;5;6;7;8;9;10;11;12,,https://www.jra.go.jp/datafile/seiseki/report/2022/2022-1niigata3.pdf
2022,2022040104,新潟,1,4,2022-05-15,12,1;2;3;4;5;6;7;8;9;10;11;12,,https://www.jra.go.jp/datafile/seiseki/report/2022/2022-1niigata4.pdf
2022,2022040105,新潟,1,5,2022-05-21,12,1;2;3;4;5;6;7;8;9;10;11;12,,https://www.jra.go.jp/datafile/seiseki/report/2022/2022-1niigata5.pdf
2022,2022040106,新潟,1,6,2022-05-22,12,1;2;3;4;5;6;7;8;9;10;11;12,,https://www.jra.go.jp/datafile/seiseki/report/2022/2022-1niigata6.pdf
2022,2022040107,新潟,1,7,2022-05-28,12,1;2;3;4;5;6;7;8;9;10;11;12,,https://www.jra.go.jp/datafile/seiseki/report/2022/2022-1niigata7.pdf
2022,2022040108,新潟,1,8,2022-05-29,12,1;2;3;4;5;6;7;8;9;10;11;12,,https://www.jra.go.jp/datafile/seiseki/report/2022/2022-1niigata8.pdf
2022,2022040201,新潟,2,1,2022-07-30,12,1;2;3;4;5;6;7;8;9;10;11;12,,https://www.jra.go.jp/datafile/seiseki/report/2022/2022-2niigata1.pdf
2022,2022040202,新潟,2,2,2022-07-31,12,1;2;3;4;5;6;7;8;9;10;11;12,,https://www.jra.go.jp/datafile/seiseki/report/2022/2022-2niigata2.pdf
2022,2022040203,新潟,2,3,2022-08-06,12,1;2;3;4;5;6;7;8;9;10;11;12,,https://www.jra.go.jp/datafile/seiseki/report/2022/2022-2niigata3.pdf
2022,2022040204,新潟,2,4,2022-08-07,12,1;2;3;4;5;6;7;8;9;10;11;12,,https://www.jra.go.jp/datafile/seiseki/report/2022/2022-2niigata4.pdf
2022,2022040301,新潟,3,1,2022-08-13,12,1;2;3;4;5;6;7;8;9;10;11;12,,https://www.jra.go.jp/datafile/seiseki/report/2022/2022-3niigata1.pdf
2022,2022040302,新潟,3,2,2022-08-14,12,1;2;3;4;5;6;7;8;9;10;11;12,,https://www.jra.go.jp/datafile/seiseki/report/2022/2022-3niigata2.pdf
2022,2022040303,新潟,3,3,2022-08-20,12,1;2;3;4;5;6;7;8;9;10;11;12,,https://www.jra.go.jp/datafile/seiseki/report/2022/2022-3niigata3.pdf
2022,2022040304,新潟,3,4,2022-08-21,12,1;2;3;4;5;6;7;8;9;10;11;12,,https://www.jra.go.jp/datafile/seiseki/report/2022/2022-3niigata4.pdf
2022,2022040305,新潟,3,5,2022-08-27,12,1;2;3;4;5;6;7;8;9;10;11;12,,https://www.jra.go.jp/datafile/seiseki/report/2022/2022-3niigata5.pdf
2022,2022040306,新潟,3,6,2022-08-28,12,1;2;3;4;5;6;7;8;9;10;11;12,,https://www.jra.go.jp/datafile/seiseki/report/2022/2022-3niigata6.pdf
2022,2022040307,新潟,3,7,2022-09-03,12,1;2;3;4;5;6;7;8;9;10;11;12,,https://www.jra.go.jp/datafile/seiseki/report/2022/2022-3niigata7.pdf
2022,2022040308,新潟,3,8,2022-09-04,12,1;2;3;4;5;6;7;8;9;10;11;12,,https://www.jra.go.jp/datafile/seiseki/report/2022/2022-3niigata8.pdf
2022,2022040401,新潟,4,1,2022-10-15,12,1;2;3;4;5;6;7;8;9;10;11;12,,https://www.jra.go.jp/datafile/seiseki/report/2022/2022-4niigata1.pdf
2022,2022040402,新潟,4,2,2022-10-16,12,1;2;3;4;5;6;7;8;9;10;11;12,,https://www.jra.go.jp/datafile/seiseki/report/2022/2022-4niigata2.pdf
2022,2022040403,新潟,4,3,2022-10-22,12,1;2;3;4;5;6;7;8;9;10;11;12,,https://www.jra.go.jp/datafile/seiseki/report/2022/2022-4niigata3.pdf
2022,2022040404,新潟,4,4,2022-10-23,12,1;2;3;4;5;6;7;8;9;10;11;12,,https://www.jra.go.jp/datafile/seiseki/report/2022/2022-4niigata4.pdf
2022,2022040405,新潟,4,5,2022-10-29,12,1;2;3;4;5;6;7;8;9;10;11;12,,https://www.jra.go.jp/datafile/seiseki/report/2022/2022-4niigata5.pdf
2022,2022040406,新潟,4,6,2022-10-30,12,1;2;3;4;5;6;7;8;9;10;11;12,,https://www.jra.go.jp/datafile/seiseki/report/2022/2022-4niigata6.pdf
2022,2022050101,東京,1,1,2022-01-29,12,1;2;3;4;5;6;7;8;9;10;11;12,,https://www.jra.go.jp/datafile/seiseki/report/2022/2022-1tokyo1.pdf
2022,2022050102,東京,1,2,2022-01-30,12,1;2;3;4;5;6;7;8;9;10;11;12,,https://www.jra.go.jp/datafile/seiseki/report/2022/2022-1tokyo2.pdf
2022,2022050103,東京,1,3,2022-02-05,12,1;2;3;4;5;6;7;8;9;10;11;12,,https://www.jra.go.jp/datafile/seiseki/report/2022/2022-1tokyo3.pdf
2022,2022050104,東京,1,4,2022-02-06,12,1;2;3;4;5;6;7;8;9;10;11;12,,https://www.jra.go.jp/datafile/seiseki/report/2022/2022-1tokyo4.pdf
2022,2022050105,東京,1,5,2022-02-12,12,1;2;3;4;5;6;7;8;9;10;11;12,,https://www.jra.go.jp/datafile/seiseki/report/2022/2022-1tokyo5.pdf
2022,2022050106,東京,1,6,2022-02-13,12,1;2;3;4;5;6;7;8;9;10;11;12,,https://www.jra.go.jp/datafile/seiseki/report/2022/2022-1tokyo6.pdf
2022,2022050107,東京,1,7,2022-02-19,12,1;2;3;4;5;6;7;8;9;10;11;12,,https://www.jra.go.jp/datafile/seiseki/report/2022/2022-1tokyo7.pdf
2022,2022050108,東京,1,8,2022-02-20,12,1;2;3;4;5;6;7;8;9;10;11;12,,https://www.jra.go.jp/datafile/seiseki/report/2022/2022-1tokyo8.pdf
2022,2022050201,東京,2,1,2022-04-23,12,1;2;3;4;5;6;7;8;9;10;11;12,,https://www.jra.go.jp/datafile/seiseki/report/2022/2022-2tokyo1.pdf
2022,2022050202,東京,2,2,2022-04-24,12,1;2;3;4;5;6;7;8;9;10;11;12,,https://www.jra.go.jp/datafile/seiseki/report/2022/2022-2tokyo2.pdf
2022,2022050203,東京,2,3,2022-04-30,12,1;2;3;4;5;6;7;8;9;10;11;12,,https://www.jra.go.jp/datafile/seiseki/report/2022/2022-2tokyo3.pdf
2022,2022050204,東京,2,4,2022-05-01,12,1;2;3;4;5;6;7;8;9;10;11;12,,https://www.jra.go.jp/datafile/seiseki/report/2022/2022-2tokyo4.pdf
2022,2022050205,東京,2,5,2022-05-07,12,1;2;3;4;5;6;7;8;9;10;11;12,,https://www.jra.go.jp/datafile/seiseki/report/2022/2022-2tokyo5.pdf
2022,2022050206,東京,2,6,2022-05-08,12,1;2;3;4;5;6;7;8;9;10;11;12,,https://www.jra.go.jp/datafile/seiseki/report/2022/2022-2tokyo6.pdf
2022,2022050207,東京,2,7,2022-05-14,12,1;2;3;4;5;6;7;8;9;10;11;12,,https://www.jra.go.jp/datafile/seiseki/report/2022/2022-2tokyo7.pdf
2022,2022050208,東京,2,8,2022-05-15,12,1;2;3;4;5;6;7;8;9;10;11;12,,https://www.jra.go.jp/datafile/seiseki/report/2022/2022-2tokyo8.pdf
2022,2022050209,東京,2,9,2022-05-21,12,1;2;3;4;5;6;7;8;9;10;11;12,,https://www.jra.go.jp/datafile/seiseki/report/2022/2022-2tokyo9.pdf
2022,2022050210,東京,2,10,2022-05-22,12,1;2;3;4;5;6;7;8;9;10;11;12,,https://www.jra.go.jp/datafile/seiseki/report/2022/2022-2tokyo10.pdf
2022,2022050211,東京,2,11,2022-05-28,12,1;2;3;4;5;6;7;8;9;10;11;12,,https://www.jra.go.jp/datafile/seiseki/report/2022/2022-2tokyo11.pdf
2022,2022050212,東京,2,12,2022-05-29,12,1;2;3;4;5;6;7;8;9;10;11;12,,https://www.jra.go.jp/datafile/seiseki/report/2022/2022-2tokyo12.pdf
2022,2022050301,東京,3,1,2022-06-04,12,1;2;3;4;5;6;7;8;9;10;11;12,,https://www.jra.go.jp/datafile/seiseki/report/2022/2022-3tokyo1.pdf
2022,2022050302,東京,3,2,2022-06-05,12,1;2;3;4;5;6;7;8;9;10;11;12,,https://www.jra.go.jp/datafile/seiseki/report/2022/2022-3tokyo2.pdf
2022,2022050303,東京,3,3,2022-06-11,12,1;2;3;4;5;6;7;8;9;10;11;12,,https://www.jra.go.jp/datafile/seiseki/report/2022/2022-3tokyo3.pdf
2022,2022050304,東京,3,4,2022-06-12,12,1;2;3;4;5;6;7;8;9;10;11;12,,https://www.jra.go.jp/datafile/seiseki/report/2022/2022-3tokyo4.pdf
2022,2022050305,東京,3,5,2022-06-18,12,1;2;3;4;5;6;7;8;9;10;11;12,,https://www.jra.go.jp/datafile/seiseki/report/2022/2022-3tokyo5.pdf
2022,2022050306,東京,3,6,2022-06-19,12,1;2;3;4;5;6;7;8;9;10;11;12,,https://www.jra.go.jp/datafile/seiseki/report/2022/2022-3tokyo6.pdf
2022,2022050307,東京,3,7,2022-06-25,12,1;2;3;4;5;6;7;8;9;10;11;12,,https://www.jra.go.jp/datafile/seiseki/report/2022/2022-3tokyo7.pdf
2022,2022050308,東京,3,8,2022-06-26,12,1;2;3;4;5;6;7;8;9;10;11;12,,https://www.jra.go.jp/datafile/seiseki/report/2022/2022-3tokyo8.pdf
2022,2022050401,東京,4,1,2022-10-08,12,1;2;3;4;5;6;7;8;9;10;11;12,,https://www.jra.go.jp/datafile/seiseki/report/2022/2022-4tokyo1.pdf
2022,2022050402,東京,4,2,2022-10-09,12,1;2;3;4;5;6;7;8;9;10;11;12,,https://www.jra.go.jp/datafile/seiseki/report/2022/2022-4tokyo2.pdf
2022,2022050403,東京,4,3,2022-10-10,12,1;2;3;4;5;6;7;8;9;10;11;12,,https://www.jra.go.jp/datafile/seiseki/report/2022/2022-4tokyo3.pdf
2022,2022050404,東京,4,4,2022-10-15,12,1;2;3;4;5;6;7;8;9;10;11;12,,https://www.jra.go.jp/datafile/seiseki/report/2022/2022-4tokyo4.pdf
2022,2022050405,東京,4,5,2022-10-16,12,1;2;3;4;5;6;7;8;9;10;11;12,,https://www.jra.go.jp/datafile/seiseki/report/2022/2022-4tokyo5.pdf
2022,2022050406,東京,4,6,2022-10-22,12,1;2;3;4;5;6;7;8;9;10;11;12,,https://www.jra.go.jp/datafile/seiseki/report/2022/2022-4tokyo6.pdf
2022,2022050407,東京,4,7,2022-10-23,12,1;2;3;4;5;6;7;8;9;10;11;12,,https://www.jra.go.jp/datafile/seiseki/report/2022/2022-4tokyo7.pdf
2022,2022050408,東京,4,8,2022-10-29,12,1;2;3;4;5;6;7;8;9;10;11;12,,https://www.jra.go.jp/datafile/seiseki/report/2022/2022-4tokyo8.pdf
2022,2022050409,東京,4,9,2022-10-30,12,1;2;3;4;5;6;7;8;9;10;11;12,,https://www.jra.go.jp/datafile/seiseki/report/2022/2022-4tokyo9.pdf
2022,2022050501,東京,5,1,2022-11-05,12,1;2;3;4;5;6;7;8;9;10;11;12,,https://www.jra.go.jp/datafile/seiseki/report/2022/2022-5tokyo1.pdf
2022,2022050502,東京,5,2,2022-11-06,12,1;2;3;4;5;6;7;8;9;10;11;12,,https://www.jra.go.jp/datafile/seiseki/report/2022/2022-5tokyo2.pdf
2022,2022050503,東京,5,3,2022-11-12,12,1;2;3;4;5;6;7;8;9;10;11;12,,https://www.jra.go.jp/datafile/seiseki/report/2022/2022-5tokyo3.pdf
2022,2022050504,東京,5,4,2022-11-13,12,1;2;3;4;5;6;7;8;9;10;11;12,,https://www.jra.go.jp/datafile/seiseki/report/2022/2022-5tokyo4.pdf
2022,2022050505,東京,5,5,2022-11-19,12,1;2;3;4;5;6;7;8;9;10;11;12,,https://www.jra.go.jp/datafile/seiseki/report/2022/2022-5tokyo5.pdf
2022,2022050506,東京,5,6,2022-11-20,12,1;2;3;4;5;6;7;8;9;10;11;12,,https://www.jra.go.jp/datafile/seiseki/report/2022/2022-5tokyo6.pdf
2022,2022050507,東京,5,7,2022-11-26,12,1;2;3;4;5;6;7;8;9;10;11;12,,https://www.jra.go.jp/datafile/seiseki/report/2022/2022-5tokyo7.pdf
2022,2022050508,東京,5,8,2022-11-27,12,1;2;3;4;5;6;7;8;9;10;11;12,,https://www.jra.go.jp/datafile/seiseki/report/2022/2022-5tokyo8.pdf
2022,2022060101,中山,1,1,2022-01-05,12,1;2;3;4;5;6;7;8;9;10;11;12,,https://www.jra.go.jp/datafile/seiseki/report/2022/2022-1nakayama1.pdf
2022,2022060102,中山,1,2,2022-01-08,12,1;2;3;4;5;6;7;8;9;10;11;12,,https://www.jra.go.jp/datafile/seiseki/report/2022/2022-1nakayama2.pdf
2022,2022060103,中山,1,3,2022-01-09,12,1;2;3;4;5;6;7;8;9;10;11;12,,https://www.jra.go.jp/datafile/seiseki/report/2022/2022-1nakayama3.pdf
2022,2022060104,中山,1,4,2022-01-10,12,1;2;3;4;5;6;7;8;9;10;11;12,,https://www.jra.go.jp/datafile/seiseki/report/2022/2022-1nakayama4.pdf
2022,2022060105,中山,1,5,2022-01-15,12,1;2;3;4;5;6;7;8;9;10;11;12,,https://www.jra.go.jp/datafile/seiseki/report/2022/2022-1nakayama5.pdf
2022,2022060106,中山,1,6,2022-01-16,12,1;2;3;4;5;6;7;8;9;10;11;12,,https://www.jra.go.jp/datafile/seiseki/report/2022/2022-1nakayama6.pdf
2022,2022060107,中山,1,7,2022-01-22,12,1;2;3;4;5;6;7;8;9;10;11;12,,https://www.jra.go.jp/datafile/seiseki/report/2022/2022-1nakayama7.pdf
2022,2022060108,中山,1,8,2022-01-23,12,1;2;3;4;5;6;7;8;9;10;11;12,,https://www.jra.go.jp/datafile/seiseki/report/2022/2022-1nakayama8.pdf
2022,2022060201,中山,2,1,2022-02-26,12,1;2;3;4;5;6;7;8;9;10;11;12,,https://www.jra.go.jp/datafile/seiseki/report/2022/2022-2nakayama1.pdf
2022,2022060202,中山,2,2,2022-02-27,12,1;2;3;4;5;6;7;8;9;10;11;12,,https://www.jra.go.jp/datafile/seiseki/report/2022/2022-2nakayama2.pdf
2022,2022060203,中山,2,3,2022-03-05,12,1;2;3;4;5;6;7;8;9;10;11;12,,https://www.jra.go.jp/datafile/seiseki/report/2022/2022-2nakayama3.pdf
2022,2022060204,中山,2,4,2022-03-06,12,1;2;3;4;5;6;7;8;9;10;11;12,,https://www.jra.go.jp/datafile/seiseki/report/2022/2022-2nakayama4.pdf
2022,2022060205,中山,2,5,2022-03-12,12,1;2;3;4;5;6;7;8;9;10;11;12,,https://www.jra.go.jp/datafile/seiseki/report/2022/2022-2nakayama5.pdf
2022,2022060206,中山,2,6,2022-03-13,12,1;2;3;4;5;6;7;8;9;10;11;12,,https://www.jra.go.jp/datafile/seiseki/report/2022/2022-2nakayama6.pdf
2022,2022060207,中山,2,7,2022-03-20,12,1;2;3;4;5;6;7;8;9;10;11;12,,https://www.jra.go.jp/datafile/seiseki/report/2022/2022-2nakayama7.pdf
2022,2022060208,中山,2,8,2022-03-21,12,1;2;3;4;5;6;7;8;9;10;11;12,,https://www.jra.go.jp/datafile/seiseki/report/2022/2022-2nakayama8.pdf
2022,2022060301,中山,3,1,2022-03-26,12,1;2;3;4;5;6;7;8;9;10;11;12,,https://www.jra.go.jp/datafile/seiseki/report/2022/2022-3nakayama1.pdf
2022,2022060302,中山,3,2,2022-03-27,12,1;2;3;4;5;6;7;8;9;10;11;12,,https://www.jra.go.jp/datafile/seiseki/report/2022/2022-3nakayama2.pdf
2022,2022060303,中山,3,3,2022-04-02,12,1;2;3;4;5;6;7;8;9;10;11;12,,https://www.jra.go.jp/datafile/seiseki/report/2022/2022-3nakayama3.pdf
2022,2022060304,中山,3,4,2022-04-03,12,1;2;3;4;5;6;7;8;9;10;11;12,,https://www.jra.go.jp/datafile/seiseki/report/2022/2022-3nakayama4.pdf
2022,2022060305,中山,3,5,2022-04-09,12,1;2;3;4;5;6;7;8;9;10;11;12,,https://www.jra.go.jp/datafile/seiseki/report/2022/2022-3nakayama5.pdf
2022,2022060306,中山,3,6,2022-04-10,12,1;2;3;4;5;6;7;8;9;10;11;12,,https://www.jra.go.jp/datafile/seiseki/report/2022/2022-3nakayama6.pdf
2022,2022060307,中山,3,7,2022-04-16,12,1;2;3;4;5;6;7;8;9;10;11;12,,https://www.jra.go.jp/datafile/seiseki/report/2022/2022-3nakayama7.pdf
2022,2022060308,中山,3,8,2022-04-17,12,1;2;3;4;5;6;7;8;9;10;11;12,,https://www.jra.go.jp/datafile/seiseki/report/2022/2022-3nakayama8.pdf
2022,2022060401,中山,4,1,2022-09-10,12,1;2;3;4;5;6;7;8;9;10;11;12,,https://www.jra.go.jp/datafile/seiseki/report/2022/2022-4nakayama1.pdf
2022,2022060402,中山,4,2,2022-09-11,12,1;2;3;4;5;6;7;8;9;10;11;12,,https://www.jra.go.jp/datafile/seiseki/report/2022/2022-4nakayama2.pdf
2022,2022060403,中山,4,3,2022-09-17,12,1;2;3;4;5;6;7;8;9;10;11;12,,https://www.jra.go.jp/datafile/seiseki/report/2022/2022-4nakayama3.pdf
2022,2022060404,中山,4,4,2022-09-18,12,1;2;3;4;5;6;7;8;9;10;11;12,,https://www.jra.go.jp/datafile/seiseki/report/2022/2022-4nakayama4.pdf
2022,2022060405,中山,4,5,2022-09-19,12,1;2;3;4;5;6;7;8;9;10;11;12,,https://www.jra.go.jp/datafile/seiseki/report/2022/2022-4nakayama5.pdf
2022,2022060406,中山,4,6,2022-09-24,12,1;2;3;4;5;6;7;8;9;10;11;12,,https://www.jra.go.jp/datafile/seiseki/report/2022/2022-4nakayama6.pdf
2022,2022060407,中山,4,7,2022-09-25,12,1;2;3;4;5;6;7;8;9;10;11;12,,https://www.jra.go.jp/datafile/seiseki/report/2022/2022-4nakayama7.pdf
2022,2022060408,中山,4,8,2022-10-01,12,1;2;3;4;5;6;7;8;9;10;11;12,,https://www.jra.go.jp/datafile/seiseki/report/2022/2022-4nakayama8.pdf
2022,2022060409,中山,4,9,2022-10-02,12,1;2;3;4;5;6;7;8;9;10;11;12,,https://www.jra.go.jp/datafile/seiseki/report/2022/2022-4nakayama9.pdf
2022,2022060501,中山,5,1,2022-12-03,12,1;2;3;4;5;6;7;8;9;10;11;12,,https://www.jra.go.jp/datafile/seiseki/report/2022/2022-5nakayama1.pdf
2022,2022060502,中山,5,2,2022-12-04,12,1;2;3;4;5;6;7;8;9;10;11;12,,https://www.jra.go.jp/datafile/seiseki/report/2022/2022-5nakayama2.pdf
2022,2022060503,中山,5,3,2022-12-10,12,1;2;3;4;5;6;7;8;9;10;11;12,,https://www.jra.go.jp/datafile/seiseki/report/2022/2022-5nakayama3.pdf
2022,2022060504,中山,5,4,2022-12-11,12,1;2;3;4;5;6;7;8;9;10;11;12,,https://www.jra.go.jp/datafile/seiseki/report/2022/2022-5nakayama4.pdf
2022,2022060505,中山,5,5,2022-12-17,12,1;2;3;4;5;6;7;8;9;10;11;12,,https://www.jra.go.jp/datafile/seiseki/report/2022/2022-5nakayama5.pdf
2022,2022060506,中山,5,6,2022-12-18,12,1;2;3;4;5;6;7;8;9;10;11;12,,https://www.jra.go.jp/datafile/seiseki/report/2022/2022-5nakayama6.pdf
2022,2022060507,中山,5,7,2022-12-24,12,1;2;3;4;5;6;7;8;9;10;11;12,,https://www.jra.go.jp/datafile/seiseki/report/2022/2022-5nakayama7.pdf
2022,2022060508,中山,5,8,2022-12-25,12,1;2;3;4;5;6;7;8;9;10;11;12,,https://www.jra.go.jp/datafile/seiseki/report/2022/2022-5nakayama8.pdf
2022,2022060509,中山,5,9,2022-12-28,12,1;2;3;4;5;6;7;8;9;10;11;12,,https://www.jra.go.jp/datafile/seiseki/report/2022/2022-5nakayama9.pdf
2022,2022070101,中京,1,1,2022-01-05,12,1;2;3;4;5;6;7;8;9;10;11;12,,https://www.jra.go.jp/datafile/seiseki/report/2022/2022-1chukyo1.pdf
2022,2022070102,中京,1,2,2022-01-08,12,1;2;3;4;5;6;7;8;9;10;11;12,,https://www.jra.go.jp/datafile/seiseki/report/2022/2022-1chukyo2.pdf
2022,2022070103,中京,1,3,2022-01-09,12,1;2;3;4;5;6;7;8;9;10;11;12,,https://www.jra.go.jp/datafile/seiseki/report/2022/2022-1chukyo3.pdf
2022,2022070104,中京,1,4,2022-01-10,12,1;2;3;4;5;6;7;8;9;10;11;12,,https://www.jra.go.jp/datafile/seiseki/report/2022/2022-1chukyo4.pdf
2022,2022070105,中京,1,5,2022-01-15,12,1;2;3;4;5;6;7;8;9;10;11;12,,https://www.jra.go.jp/datafile/seiseki/report/2022/2022-1chukyo5.pdf
2022,2022070106,中京,1,6,2022-01-16,12,1;2;3;4;5;6;7;8;9;10;11;12,,https://www.jra.go.jp/datafile/seiseki/report/2022/2022-1chukyo6.pdf
2022,2022070107,中京,1,7,2022-01-22,12,1;2;3;4;5;6;7;8;9;10;11;12,,https://www.jra.go.jp/datafile/seiseki/report/2022/2022-1chukyo7.pdf
2022,2022070108,中京,1,8,2022-01-23,12,1;2;3;4;5;6;7;8;9;10;11;12,,https://www.jra.go.jp/datafile/seiseki/report/2022/2022-1chukyo8.pdf
2022,2022070109,中京,1,9,2022-01-29,12,1;2;3;4;5;6;7;8;9;10;11;12,,https://www.jra.go.jp/datafile/seiseki/report/2022/2022-1chukyo9.pdf
2022,2022070110,中京,1,10,2022-01-30,12,1;2;3;4;5;6;7;8;9;10;11;12,,https://www.jra.go.jp/datafile/seiseki/report/2022/2022-1chukyo10.pdf
2022,2022070111,中京,1,11,2022-02-05,12,1;2;3;4;5;6;7;8;9;10;11;12,,https://www.jra.go.jp/datafile/seiseki/report/2022/2022-1chukyo11.pdf
2022,2022070112,中京,1,12,2022-02-06,12,1;2;3;4;5;6;7;8;9;10;11;12,,https://www.jra.go.jp/datafile/seiseki/report/2022/2022-1chukyo12.pdf
2022,2022070201,中京,2,1,2022-03-12,12,1;2;3;4;5;6;7;8;9;10;11;12,,https://www.jra.go.jp/datafile/seiseki/report/2022/2022-2chukyo1.pdf
2022,2022070202,中京,2,2,2022-03-13,12,1;2;3;4;5;6;7;8;9;10;11;12,,https://www.jra.go.jp/datafile/seiseki/report/2022/2022-2chukyo2.pdf
2022,2022070203,中京,2,3,2022-03-19,12,1;2;3;4;5;6;7;8;9;10;11;12,,https://www.jra.go.jp/datafile/seiseki/report/2022/2022-2chukyo3.pdf
2022,2022070204,中京,2,4,2022-03-21,12,1;2;3;4;5;6;7;8;9;10;11;12,,https://www.jra.go.jp/datafile/seiseki/report/2022/2022-2chukyo4.pdf
2022,2022070205,中京,2,5,2022-03-26,12,1;2;3;4;5;6;7;8;9;10;11;12,,https://www.jra.go.jp/datafile/seiseki/report/2022/2022-2chukyo5.pdf
2022,2022070206,中京,2,6,2022-03-27,12,1;2;3;4;5;6;7;8;9;10;11;12,,https://www.jra.go.jp/datafile/seiseki/report/2022/2022-2chukyo6.pdf
2022,2022070301,中京,3,1,2022-05-07,12,1;2;3;4;5;6;7;8;9;10;11;12,,https://www.jra.go.jp/datafile/seiseki/report/2022/2022-3chukyo1.pdf
2022,2022070302,中京,3,2,2022-05-08,12,1;2;3;4;5;6;7;8;9;10;11;12,,https://www.jra.go.jp/datafile/seiseki/report/2022/2022-3chukyo2.pdf
2022,2022070303,中京,3,3,2022-05-14,12,1;2;3;4;5;6;7;8;9;10;11;12,,https://www.jra.go.jp/datafile/seiseki/report/2022/2022-3chukyo3.pdf
2022,2022070304,中京,3,4,2022-05-15,12,1;2;3;4;5;6;7;8;9;10;11;12,,https://www.jra.go.jp/datafile/seiseki/report/2022/2022-3chukyo4.pdf
2022,2022070305,中京,3,5,2022-05-21,12,1;2;3;4;5;6;7;8;9;10;11;12,,https://www.jra.go.jp/datafile/seiseki/report/2022/2022-3chukyo5.pdf
2022,2022070306,中京,3,6,2022-05-22,12,1;2;3;4;5;6;7;8;9;10;11;12,,https://www.jra.go.jp/datafile/seiseki/report/2022/2022-3chukyo6.pdf
2022,2022070307,中京,3,7,2022-05-28,12,1;2;3;4;5;6;7;8;9;10;11;12,,https://www.jra.go.jp/datafile/seiseki/report/2022/2022-3chukyo7.pdf
2022,2022070308,中京,3,8,2022-05-29,12,1;2;3;4;5;6;7;8;9;10;11;12,,https://www.jra.go.jp/datafile/seiseki/report/2022/2022-3chukyo8.pdf
2022,2022070401,中京,4,1,2022-06-04,12,1;2;3;4;5;6;7;8;9;10;11;12,,https://www.jra.go.jp/datafile/seiseki/report/2022/2022-4chukyo1.pdf
2022,2022070402,中京,4,2,2022-06-05,12,1;2;3;4;5;6;7;8;9;10;11;12,,https://www.jra.go.jp/datafile/seiseki/report/2022/2022-4chukyo2.pdf
2022,2022070403,中京,4,3,2022-06-11,12,1;2;3;4;5;6;7;8;9;10;11;12,,https://www.jra.go.jp/datafile/seiseki/report/2022/2022-4chukyo3.pdf
2022,2022070404,中京,4,4,2022-06-12,12,1;2;3;4;5;6;7;8;9;10;11;12,,https://www.jra.go.jp/datafile/seiseki/report/2022/2022-4chukyo4.pdf
2022,2022070501,中京,5,1,2022-09-10,12,1;2;3;4;5;6;7;8;9;10;11;12,,https://www.jra.go.jp/datafile/seiseki/report/2022/2022-5chukyo1.pdf
2022,2022070502,中京,5,2,2022-09-11,12,1;2;3;4;5;6;7;8;9;10;11;12,,https://www.jra.go.jp/datafile/seiseki/report/2022/2022-5chukyo2.pdf
2022,2022070503,中京,5,3,2022-09-17,12,1;2;3;4;5;6;7;8;9;10;11;12,,https://www.jra.go.jp/datafile/seiseki/report/2022/2022-5chukyo3.pdf
2022,2022070504,中京,5,4,2022-09-18,12,1;2;3;4;5;6;7;8;9;10;11;12,,https://www.jra.go.jp/datafile/seiseki/report/2022/2022-5chukyo4.pdf
2022,2022070505,中京,5,5,2022-09-19,12,1;2;3;4;5;6;7;8;9;10;11;12,,https://www.jra.go.jp/datafile/seiseki/report/2022/2022-5chukyo5.pdf
2022,2022070506,中京,5,6,2022-09-24,12,1;2;3;4;5;6;7;8;9;10;11;12,,https://www.jra.go.jp/datafile/seiseki/report/2022/2022-5chukyo6.pdf
2022,2022070507,中京,5,7,2022-09-25,12,1;2;3;4;5;6;7;8;9;10;11;12,,https://www.jra.go.jp/datafile/seiseki/report/2022/2022-5chukyo7.pdf
2022,2022070508,中京,5,8,2022-10-01,12,1;2;3;4;5;6;7;8;9;10;11;12,,https://www.jra.go.jp/datafile/seiseki/report/2022/2022-5chukyo8.pdf
2022,2022070509,中京,5,9,2022-10-02,12,1;2;3;4;5;6;7;8;9;10;11;12,,https://www.jra.go.jp/datafile/seiseki/report/2022/2022-5chukyo9.pdf
2022,2022070601,中京,6,1,2022-12-03,12,1;2;3;4;5;6;7;8;9;10;11;12,,https://www.jra.go.jp/datafile/seiseki/report/2022/2022-6chukyo1.pdf
2022,2022070602,中京,6,2,2022-12-04,12,1;2;3;4;5;6;7;8;9;10;11;12,,https://www.jra.go.jp/datafile/seiseki/report/2022/2022-6chukyo2.pdf
2022,2022070603,中京,6,3,2022-12-10,12,1;2;3;4;5;6;7;8;9;10;11;12,,https://www.jra.go.jp/datafile/seiseki/report/2022/2022-6chukyo3.pdf
2022,2022070604,中京,6,4,2022-12-11,12,1;2;3;4;5;6;7;8;9;10;11;12,,https://www.jra.go.jp/datafile/seiseki/report/2022/2022-6chukyo4.pdf
2022,2022070605,中京,6,5,2022-12-17,12,1;2;3;4;5;6;7;8;9;10;11;12,,https://www.jra.go.jp/datafile/seiseki/report/2022/2022-6chukyo5.pdf
2022,2022070606,中京,6,6,2022-12-18,12,1;2;3;4;5;6;7;8;9;10;11;12,,https://www.jra.go.jp/datafile/seiseki/report/2022/2022-6chukyo6.pdf
2022,2022090101,阪神,1,1,2022-02-12,12,1;2;3;4;5;6;7;8;9;10;11;12,,https://www.jra.go.jp/datafile/seiseki/report/2022/2022-1hanshin1.pdf
2022,2022090102,阪神,1,2,2022-02-13,12,1;2;3;4;5;6;7;8;9;10;11;12,,https://www.jra.go.jp/datafile/seiseki/report/2022/2022-1hanshin2.pdf
2022,2022090103,阪神,1,3,2022-02-19,12,1;2;3;4;5;6;7;8;9;10;11;12,,https://www.jra.go.jp/datafile/seiseki/report/2022/2022-1hanshin3.pdf
2022,2022090104,阪神,1,4,2022-02-20,12,1;2;3;4;5;6;7;8;9;10;11;12,,https://www.jra.go.jp/datafile/seiseki/report/2022/2022-1hanshin4.pdf
2022,2022090105,阪神,1,5,2022-02-26,12,1;2;3;4;5;6;7;8;9;10;11;12,,https://www.jra.go.jp/datafile/seiseki/report/2022/2022-1hanshin5.pdf
2022,2022090106,阪神,1,6,2022-02-27,12,1;2;3;4;5;6;7;8;9;10;11;12,,https://www.jra.go.jp/datafile/seiseki/report/2022/2022-1hanshin6.pdf
2022,2022090107,阪神,1,7,2022-03-05,12,1;2;3;4;5;6;7;8;9;10;11;12,,https://www.jra.go.jp/datafile/seiseki/report/2022/2022-1hanshin7.pdf
2022,2022090108,阪神,1,8,2022-03-06,12,1;2;3;4;5;6;7;8;9;10;11;12,,https://www.jra.go.jp/datafile/seiseki/report/2022/2022-1hanshin8.pdf
2022,2022090109,阪神,1,9,2022-03-12,12,1;2;3;4;5;6;7;8;9;10;11;12,,https://www.jra.go.jp/datafile/seiseki/report/2022/2022-1hanshin9.pdf
2022,2022090110,阪神,1,10,2022-03-13,12,1;2;3;4;5;6;7;8;9;10;11;12,,https://www.jra.go.jp/datafile/seiseki/report/2022/2022-1hanshin10.pdf
2022,2022090111,阪神,1,11,2022-03-19,12,1;2;3;4;5;6;7;8;9;10;11;12,,https://www.jra.go.jp/datafile/seiseki/report/2022/2022-1hanshin11.pdf
2022,2022090112,阪神,1,12,2022-03-20,12,1;2;3;4;5;6;7;8;9;10;11;12,,https://www.jra.go.jp/datafile/seiseki/report/2022/2022-1hanshin12.pdf
2022,2022090201,阪神,2,1,2022-03-26,12,1;2;3;4;5;6;7;8;9;10;11;12,,https://www.jra.go.jp/datafile/seiseki/report/2022/2022-2hanshin1.pdf
2022,2022090202,阪神,2,2,2022-03-27,12,1;2;3;4;5;6;7;8;9;10;11;12,,https://www.jra.go.jp/datafile/seiseki/report/2022/2022-2hanshin2.pdf
2022,2022090203,阪神,2,3,2022-04-02,12,1;2;3;4;5;6;7;8;9;10;11;12,,https://www.jra.go.jp/datafile/seiseki/report/2022/2022-2hanshin3.pdf
2022,2022090204,阪神,2,4,2022-04-03,12,1;2;3;4;5;6;7;8;9;10;11;12,,https://www.jra.go.jp/datafile/seiseki/report/2022/2022-2hanshin4.pdf
2022,2022090205,阪神,2,5,2022-04-09,12,1;2;3;4;5;6;7;8;9;10;11;12,,https://www.jra.go.jp/datafile/seiseki/report/2022/2022-2hanshin5.pdf
2022,2022090206,阪神,2,6,2022-04-10,12,1;2;3;4;5;6;7;8;9;10;11;12,,https://www.jra.go.jp/datafile/seiseki/report/2022/2022-2hanshin6.pdf
2022,2022090207,阪神,2,7,2022-04-16,12,1;2;3;4;5;6;7;8;9;10;11;12,,https://www.jra.go.jp/datafile/seiseki/report/2022/2022-2hanshin7.pdf
2022,2022090208,阪神,2,8,2022-04-17,12,1;2;3;4;5;6;7;8;9;10;11;12,,https://www.jra.go.jp/datafile/seiseki/report/2022/2022-2hanshin8.pdf
2022,2022090209,阪神,2,9,2022-04-23,12,1;2;3;4;5;6;7;8;9;10;11;12,,https://www.jra.go.jp/datafile/seiseki/report/2022/2022-2hanshin9.pdf
2022,2022090210,阪神,2,10,2022-04-24,12,1;2;3;4;5;6;7;8;9;10;11;12,,https://www.jra.go.jp/datafile/seiseki/report/2022/2022-2hanshin10.pdf
2022,2022090211,阪神,2,11,2022-04-30,12,1;2;3;4;5;6;7;8;9;10;11;12,,https://www.jra.go.jp/datafile/seiseki/report/2022/2022-2hanshin11.pdf
2022,2022090212,阪神,2,12,2022-05-01,12,1;2;3;4;5;6;7;8;9;10;11;12,,https://www.jra.go.jp/datafile/seiseki/report/2022/2022-2hanshin12.pdf
2022,2022090301,阪神,3,1,2022-06-18,12,1;2;3;4;5;6;7;8;9;10;11;12,,https://www.jra.go.jp/datafile/seiseki/report/2022/2022-3hanshin1.pdf
2022,2022090302,阪神,3,2,2022-06-19,12,1;2;3;4;5;6;7;8;9;10;11;12,,https://www.jra.go.jp/datafile/seiseki/report/2022/2022-3hanshin2.pdf
2022,2022090303,阪神,3,3,2022-06-25,12,1;2;3;4;5;6;7;8;9;10;11;12,,https://www.jra.go.jp/datafile/seiseki/report/2022/2022-3hanshin3.pdf
2022,2022090304,阪神,3,4,2022-06-26,12,1;2;3;4;5;6;7;8;9;10;11;12,,https://www.jra.go.jp/datafile/seiseki/report/2022/2022-3hanshin4.pdf
2022,2022090401,阪神,4,1,2022-10-08,12,1;2;3;4;5;6;7;8;9;10;11;12,,https://www.jra.go.jp/datafile/seiseki/report/2022/2022-4hanshin1.pdf
2022,2022090402,阪神,4,2,2022-10-09,12,1;2;3;4;5;6;7;8;9;10;11;12,,https://www.jra.go.jp/datafile/seiseki/report/2022/2022-4hanshin2.pdf
2022,2022090403,阪神,4,3,2022-10-10,12,1;2;3;4;5;6;7;8;9;10;11;12,,https://www.jra.go.jp/datafile/seiseki/report/2022/2022-4hanshin3.pdf
2022,2022090404,阪神,4,4,2022-10-15,12,1;2;3;4;5;6;7;8;9;10;11;12,,https://www.jra.go.jp/datafile/seiseki/report/2022/2022-4hanshin4.pdf
2022,2022090405,阪神,4,5,2022-10-16,12,1;2;3;4;5;6;7;8;9;10;11;12,,https://www.jra.go.jp/datafile/seiseki/report/2022/2022-4hanshin5.pdf
2022,2022090406,阪神,4,6,2022-10-22,12,1;2;3;4;5;6;7;8;9;10;11;12,,https://www.jra.go.jp/datafile/seiseki/report/2022/2022-4hanshin6.pdf
2022,2022090407,阪神,4,7,2022-10-23,12,1;2;3;4;5;6;7;8;9;10;11;12,,https://www.jra.go.jp/datafile/seiseki/report/2022/2022-4hanshin7.pdf
2022,2022090408,阪神,4,8,2022-10-29,12,1;2;3;4;5;6;7;8;9;10;11;12,,https://www.jra.go.jp/datafile/seiseki/report/2022/2022-4hanshin8.pdf
2022,2022090409,阪神,4,9,2022-10-30,12,1;2;3;4;5;6;7;8;9;10;11;12,,https://www.jra.go.jp/datafile/seiseki/report/2022/2022-4hanshin9.pdf
2022,2022090501,阪神,5,1,2022-11-05,12,1;2;3;4;5;6;7;8;9;10;11;12,,https://www.jra.go.jp/datafile/seiseki/report/2022/2022-5hanshin1.pdf
2022,2022090502,阪神,5,2,2022-11-06,12,1;2;3;4;5;6;7;8;9;10;11;12,,https://www.jra.go.jp/datafile/seiseki/report/2022/2022-5hanshin2.pdf
2022,2022090503,阪神,5,3,2022-11-12,12,1;2;3;4;5;6;7;8;9;10;11;12,,https://www.jra.go.jp/datafile/seiseki/report/2022/2022-5hanshin3.pdf
2022,2022090504,阪神,5,4,2022-11-13,12,1;2;3;4;5;6;7;8;9;10;11;12,,https://www.jra.go.jp/datafile/seiseki/report/2022/2022-5hanshin4.pdf
2022,2022090505,阪神,5,5,2022-11-19,12,1;2;3;4;5;6;7;8;9;10;11;12,,https://www.jra.go.jp/datafile/seiseki/report/2022/2022-5hanshin5.pdf
2022,2022090506,阪神,5,6,2022-11-20,12,1;2;3;4;5;6;7;8;9;10;11;12,,https://www.jra.go.jp/datafile/seiseki/report/2022/2022-5hanshin6.pdf
2022,2022090507,阪神,5,7,2022-11-26,12,1;2;3;4;5;6;7;8;9;10;11;12,,https://www.jra.go.jp/datafile/seiseki/report/2022/2022-5hanshin7.pdf
2022,2022090508,阪神,5,8,2022-11-27,12,1;2;3;4;5;6;7;8;9;10;11;12,,https://www.jra.go.jp/datafile/seiseki/report/2022/2022-5hanshin8.pdf
2022,2022090601,阪神,6,1,2022-12-03,12,1;2;3;4;5;6;7;8;9;10;11;12,,https://www.jra.go.jp/datafile/seiseki/report/2022/2022-6hanshin1.pdf
2022,2022090602,阪神,6,2,2022-12-04,12,1;2;3;4;5;6;7;8;9;10;11;12,,https://www.jra.go.jp/datafile/seiseki/report/2022/2022-6hanshin2.pdf
2022,2022090603,阪神,6,3,2022-12-10,12,1;2;3;4;5;6;7;8;9;10;11;12,,https://www.jra.go.jp/datafile/seiseki/report/2022/2022-6hanshin3.pdf
2022,2022090604,阪神,6,4,2022-12-11,12,1;2;3;4;5;6;7;8;9;10;11;12,,https://www.jra.go.jp/datafile/seiseki/report/2022/2022-6hanshin4.pdf
2022,2022090605,阪神,6,5,2022-12-17,12,1;2;3;4;5;6;7;8;9;10;11;12,,https://www.jra.go.jp/datafile/seiseki/report/2022/2022-6hanshin5.pdf
2022,2022090606,阪神,6,6,2022-12-18,12,1;2;3;4;5;6;7;8;9;10;11;12,,https://www.jra.go.jp/datafile/seiseki/report/2022/2022-6hanshin6.pdf
2022,2022090607,阪神,6,7,2022-12-24,12,1;2;3;4;5;6;7;8;9;10;11;12,,https://www.jra.go.jp/datafile/seiseki/report/2022/2022-6hanshin7.pdf
2022,2022090608,阪神,6,8,2022-12-25,12,1;2;3;4;5;6;7;8;9;10;11;12,,https://www.jra.go.jp/datafile/seiseki/report/2022/2022-6hanshin8.pdf
2022,2022090609,阪神,6,9,2022-12-28,12,1;2;3;4;5;6;7;8;9;10;11;12,,https://www.jra.go.jp/datafile/seiseki/report/2022/2022-6hanshin9.pdf
2022,2022100101,小倉,1,1,2022-01-15,12,1;2;3;4;5;6;7;8;9;10;11;12,,https://www.jra.go.jp/datafile/seiseki/report/2022/2022-1kokura1.pdf
2022,2022100102,小倉,1,2,2022-01-16,12,1;2;3;4;5;6;7;8;9;10;11;12,,https://www.jra.go.jp/datafile/seiseki/report/2022/2022-1kokura2.pdf
2022,2022100103,小倉,1,3,2022-01-22,12,1;2;3;4;5;6;7;8;9;10;11;12,,https://www.jra.go.jp/datafile/seiseki/report/2022/2022-1kokura3.pdf
2022,2022100104,小倉,1,4,2022-01-23,12,1;2;3;4;5;6;7;8;9;10;11;12,,https://www.jra.go.jp/datafile/seiseki/report/2022/2022-1kokura4.pdf
2022,2022100105,小倉,1,5,2022-01-29,12,1;2;3;4;5;6;7;8;9;10;11;12,,https://www.jra.go.jp/datafile/seiseki/report/2022/2022-1kokura5.pdf
2022,2022100106,小倉,1,6,2022-01-30,12,1;2;3;4;5;6;7;8;9;10;11;12,,https://www.jra.go.jp/datafile/seiseki/report/2022/2022-1kokura6.pdf
2022,2022100107,小倉,1,7,2022-02-05,12,1;2;3;4;5;6;7;8;9;10;11;12,,https://www.jra.go.jp/datafile/seiseki/report/2022/2022-1kokura7.pdf
2022,2022100108,小倉,1,8,2022-02-06,12,1;2;3;4;5;6;7;8;9;10;11;12,,https://www.jra.go.jp/datafile/seiseki/report/2022/2022-1kokura8.pdf
2022,2022100201,小倉,2,1,2022-02-12,12,1;2;3;4;5;6;7;8;9;10;11;12,,https://www.jra.go.jp/datafile/seiseki/report/2022/2022-2kokura1.pdf
2022,2022100202,小倉,2,2,2022-02-13,12,1;2;3;4;5;6;7;8;9;10;11;12,,https://www.jra.go.jp/datafile/seiseki/report/2022/2022-2kokura2.pdf
2022,2022100203,小倉,2,3,2022-02-19,12,1;2;3;4;5;6;7;8;9;10;11;12,,https://www.jra.go.jp/datafile/seiseki/report/2022/2022-2kokura3.pdf
2022,2022100204,小倉,2,4,2022-02-20,12,1;2;3;4;5;6;7;8;9;10;11;12,,https://www.jra.go.jp/datafile/seiseki/report/2022/2022-2kokura4.pdf
2022,2022100205,小倉,2,5,2022-02-26,12,1;2;3;4;5;6;7;8;9;10;11;12,,https://www.jra.go.jp/datafile/seiseki/report/2022/2022-2kokura5.pdf
2022,2022100206,小倉,2,6,2022-02-27,12,1;2;3;4;5;6;7;8;9;10;11;12,,https://www.jra.go.jp/datafile/seiseki/report/2022/2022-2kokura6.pdf
2022,2022100301,小倉,3,1,2022-07-02,12,1;2;3;4;5;6;7;8;9;10;11;12,,https://www.jra.go.jp/datafile/seiseki/report/2022/2022-3kokura1.pdf
2022,2022100302,小倉,3,2,2022-07-03,12,1;2;3;4;5;6;7;8;9;10;11;12,,https://www.jra.go.jp/datafile/seiseki/report/2022/2022-3kokura2.pdf
2022,2022100303,小倉,3,3,2022-07-09,12,1;2;3;4;5;6;7;8;9;10;11;12,,https://www.jra.go.jp/datafile/seiseki/report/2022/2022-3kokura3.pdf
2022,2022100304,小倉,3,4,2022-07-10,12,1;2;3;4;5;6;7;8;9;10;11;12,,https://www.jra.go.jp/datafile/seiseki/report/2022/2022-3kokura4.pdf
2022,2022100305,小倉,3,5,2022-07-16,12,1;2;3;4;5;6;7;8;9;10;11;12,,https://www.jra.go.jp/datafile/seiseki/report/2022/2022-3kokura5.pdf
2022,2022100306,小倉,3,6,2022-07-17,12,1;2;3;4;5;6;7;8;9;10;11;12,,https://www.jra.go.jp/datafile/seiseki/report/2022/2022-3kokura6.pdf
2022,2022100307,小倉,3,7,2022-07-23,12,1;2;3;4;5;6;7;8;9;10;11;12,,https://www.jra.go.jp/datafile/seiseki/report/2022/2022-3kokura7.pdf
2022,2022100308,小倉,3,8,2022-07-24,12,1;2;3;4;5;6;7;8;9;10;11;12,,https://www.jra.go.jp/datafile/seiseki/report/2022/2022-3kokura8.pdf
2022,2022100401,小倉,4,1,2022-08-13,12,1;2;3;4;5;6;7;8;9;10;11;12,,https://www.jra.go.jp/datafile/seiseki/report/2022/2022-4kokura1.pdf
2022,2022100402,小倉,4,2,2022-08-14,12,1;2;3;4;5;6;7;8;9;10;11;12,,https://www.jra.go.jp/datafile/seiseki/report/2022/2022-4kokura2.pdf
2022,2022100403,小倉,4,3,2022-08-20,12,1;2;3;4;5;6;7;8;9;10;11;12,,https://www.jra.go.jp/datafile/seiseki/report/2022/2022-4kokura3.pdf
2022,2022100404,小倉,4,4,2022-08-21,12,1;2;3;4;5;6;7;8;9;10;11;12,,https://www.jra.go.jp/datafile/seiseki/report/2022/2022-4kokura4.pdf
2022,2022100405,小倉,4,5,2022-08-27,12,1;2;3;4;5;6;7;8;9;10;11;12,,https://www.jra.go.jp/datafile/seiseki/report/2022/2022-4kokura5.pdf
2022,2022100406,小倉,4,6,2022-08-28,12,1;2;3;4;5;6;7;8;9;10;11;12,,https://www.jra.go.jp/datafile/seiseki/report/2022/2022-4kokura6.pdf
2022,2022100407,小倉,4,7,2022-09-03,12,1;2;3;4;5;6;7;8;9;10;11;12,,https://www.jra.go.jp/datafile/seiseki/report/2022/2022-4kokura7.pdf
2022,2022100408,小倉,4,8,2022-09-04,12,1;2;3;4;5;6;7;8;9;10;11;12,,https://www.jra.go.jp/datafile/seiseki/report/2022/2022-4kokura8.pdf
2023,2023010101,札幌,1,1,2023-07-22,12,1;2;3;4;5;6;7;8;9;10;11;12,,https://www.jra.go.jp/datafile/seiseki/report/2023/2023-1sapporo1.pdf
2023,2023010102,札幌,1,2,2023-07-23,12,1;2;3;4;5;6;7;8;9;10;11;12,,https://www.jra.go.jp/datafile/seiseki/report/2023/2023-1sapporo2.pdf
2023,2023010103,札幌,1,3,2023-07-29,12,1;2;3;4;5;6;7;8;9;10;11;12,,https://www.jra.go.jp/datafile/seiseki/report/2023/2023-1sapporo3.pdf
2023,2023010104,札幌,1,4,2023-07-30,12,1;2;3;4;5;6;7;8;9;10;11;12,,https://www.jra.go.jp/datafile/seiseki/report/2023/2023-1sapporo4.pdf
2023,2023010105,札幌,1,5,2023-08-05,12,1;2;3;4;5;6;7;8;9;10;11;12,,https://www.jra.go.jp/datafile/seiseki/report/2023/2023-1sapporo5.pdf
2023,2023010106,札幌,1,6,2023-08-06,12,1;2;3;4;5;6;7;8;9;10;11;12,,https://www.jra.go.jp/datafile/seiseki/report/2023/2023-1sapporo6.pdf
2023,2023010201,札幌,2,1,2023-08-12,12,1;2;3;4;5;6;7;8;9;10;11;12,,https://www.jra.go.jp/datafile/seiseki/report/2023/2023-2sapporo1.pdf
2023,2023010202,札幌,2,2,2023-08-13,12,1;2;3;4;5;6;7;8;9;10;11;12,,https://www.jra.go.jp/datafile/seiseki/report/2023/2023-2sapporo2.pdf
2023,2023010203,札幌,2,3,2023-08-19,12,1;2;3;4;5;6;7;8;9;10;11;12,,https://www.jra.go.jp/datafile/seiseki/report/2023/2023-2sapporo3.pdf
2023,2023010204,札幌,2,4,2023-08-20,12,1;2;3;4;5;6;7;8;9;10;11;12,,https://www.jra.go.jp/datafile/seiseki/report/2023/2023-2sapporo4.pdf
2023,2023010205,札幌,2,5,2023-08-26,12,1;2;3;4;5;6;7;8;9;10;11;12,,https://www.jra.go.jp/datafile/seiseki/report/2023/2023-2sapporo5.pdf
2023,2023010206,札幌,2,6,2023-08-27,12,1;2;3;4;5;6;7;8;9;10;11;12,,https://www.jra.go.jp/datafile/seiseki/report/2023/2023-2sapporo6.pdf
2023,2023010207,札幌,2,7,2023-09-02,12,1;2;3;4;5;6;7;8;9;10;11;12,,https://www.jra.go.jp/datafile/seiseki/report/2023/2023-2sapporo7.pdf
2023,2023010208,札幌,2,8,2023-09-03,12,1;2;3;4;5;6;7;8;9;10;11;12,,https://www.jra.go.jp/datafile/seiseki/report/2023/2023-2sapporo8.pdf
2023,2023020101,函館,1,1,2023-06-10,12,1;2;3;4;5;6;7;8;9;10;11;12,,https://www.jra.go.jp/datafile/seiseki/report/2023/2023-1hakodate1.pdf
2023,2023020102,函館,1,2,2023-06-11,12,1;2;3;4;5;6;7;8;9;10;11;12,,https://www.jra.go.jp/datafile/seiseki/report/2023/2023-1hakodate2.pdf
2023,2023020103,函館,1,3,2023-06-17,12,1;2;3;4;5;6;7;8;9;10;11;12,,https://www.jra.go.jp/datafile/seiseki/report/2023/2023-1hakodate3.pdf
2023,2023020104,函館,1,4,2023-06-18,12,1;2;3;4;5;6;7;8;9;10;11;12,,https://www.jra.go.jp/datafile/seiseki/report/2023/2023-1hakodate4.pdf
2023,2023020105,函館,1,5,2023-06-24,12,1;2;3;4;5;6;7;8;9;10;11;12,,https://www.jra.go.jp/datafile/seiseki/report/2023/2023-1hakodate5.pdf
2023,2023020106,函館,1,6,2023-06-25,12,1;2;3;4;5;6;7;8;9;10;11;12,,https://www.jra.go.jp/datafile/seiseki/report/2023/2023-1hakodate6.pdf
2023,2023020201,函館,2,1,2023-07-01,12,1;2;3;4;5;6;7;8;9;10;11;12,,https://www.jra.go.jp/datafile/seiseki/report/2023/2023-2hakodate1.pdf
2023,2023020202,函館,2,2,2023-07-02,12,1;2;3;4;5;6;7;8;9;10;11;12,,https://www.jra.go.jp/datafile/seiseki/report/2023/2023-2hakodate2.pdf
2023,2023020203,函館,2,3,2023-07-08,12,1;2;3;4;5;6;7;8;9;10;11;12,,https://www.jra.go.jp/datafile/seiseki/report/2023/2023-2hakodate3.pdf
2023,2023020204,函館,2,4,2023-07-09,12,1;2;3;4;5;6;7;8;9;10;11;12,,https://www.jra.go.jp/datafile/seiseki/report/2023/2023-2hakodate4.pdf
2023,2023020205,函館,2,5,2023-07-15,12,1;2;3;4;5;6;7;8;9;10;11;12,,https://www.jra.go.jp/datafile/seiseki/report/2023/2023-2hakodate5.pdf
2023,2023020206,函館,2,6,2023-07-16,12,1;2;3;4;5;6;7;8;9;10;11;12,,https://www.jra.go.jp/datafile/seiseki/report/2023/2023-2hakodate6.pdf
2023,2023030101,福島,1,1,2023-04-08,12,1;2;3;4;5;6;7;8;9;10;11;12,,https://www.jra.go.jp/datafile/seiseki/report/2023/2023-1fukushima1.pdf
2023,2023030102,福島,1,2,2023-04-09,12,1;2;3;4;5;6;7;8;9;10;11;12,,https://www.jra.go.jp/datafile/seiseki/report/2023/2023-1fukushima2.pdf
2023,2023030103,福島,1,3,2023-04-15,12,1;2;3;4;5;6;7;8;9;10;11;12,,https://www.jra.go.jp/datafile/seiseki/report/2023/2023-1fukushima3.pdf
2023,2023030104,福島,1,4,2023-04-16,12,1;2;3;4;5;6;7;8;9;10;11;12,,https://www.jra.go.jp/datafile/seiseki/report/2023/2023-1fukushima4.pdf
2023,2023030105,福島,1,5,2023-04-22,12,1;2;3;4;5;6;7;8;9;10;11;12,,https://www.jra.go.jp/datafile/seiseki/report/2023/2023-1fukushima5.pdf
2023,2023030106,福島,1,6,2023-04-23,12,1;2;3;4;5;6;7;8;9;10;11;12,,https://www.jra.go.jp/datafile/seiseki/report/2023/2023-1fukushima6.pdf
2023,2023030201,福島,2,1,2023-07-01,12,1;2;3;4;5;6;7;8;9;10;11;12,,https://www.jra.go.jp/datafile/seiseki/report/2023/2023-2fukushima1.pdf
2023,2023030202,福島,2,2,2023-07-02,12,1;2;3;4;5;6;7;8;9;10;11;12,,https://www.jra.go.jp/datafile/seiseki/report/2023/2023-2fukushima2.pdf
2023,2023030203,福島,2,3,2023-07-08,12,1;2;3;4;5;6;7;8;9;10;11;12,,https://www.jra.go.jp/datafile/seiseki/report/2023/2023-2fukushima3.pdf
2023,2023030204,福島,2,4,2023-07-09,12,1;2;3;4;5;6;7;8;9;10;11;12,,https://www.jra.go.jp/datafile/seiseki/report/2023/2023-2fukushima4.pdf
2023,2023030205,福島,2,5,2023-07-15,12,1;2;3;4;5;6;7;8;9;10;11;12,,https://www.jra.go.jp/datafile/seiseki/report/2023/2023-2fukushima5.pdf
2023,2023030206,福島,2,6,2023-07-16,12,1;2;3;4;5;6;7;8;9;10;11;12,,https://www.jra.go.jp/datafile/seiseki/report/2023/2023-2fukushima6.pdf
2023,2023030207,福島,2,7,2023-07-22,12,1;2;3;4;5;6;7;8;9;10;11;12,,https://www.jra.go.jp/datafile/seiseki/report/2023/2023-2fukushima7.pdf
2023,2023030208,福島,2,8,2023-07-23,12,1;2;3;4;5;6;7;8;9;10;11;12,,https://www.jra.go.jp/datafile/seiseki/report/2023/2023-2fukushima8.pdf
2023,2023030301,福島,3,1,2023-11-04,12,1;2;3;4;5;6;7;8;9;10;11;12,,https://www.jra.go.jp/datafile/seiseki/report/2023/2023-3fukushima1.pdf
2023,2023030302,福島,3,2,2023-11-05,12,1;2;3;4;5;6;7;8;9;10;11;12,,https://www.jra.go.jp/datafile/seiseki/report/2023/2023-3fukushima2.pdf
2023,2023030303,福島,3,3,2023-11-11,12,1;2;3;4;5;6;7;8;9;10;11;12,,https://www.jra.go.jp/datafile/seiseki/report/2023/2023-3fukushima3.pdf
2023,2023030304,福島,3,4,2023-11-12,12,1;2;3;4;5;6;7;8;9;10;11;12,,https://www.jra.go.jp/datafile/seiseki/report/2023/2023-3fukushima4.pdf
2023,2023030305,福島,3,5,2023-11-18,12,1;2;3;4;5;6;7;8;9;10;11;12,,https://www.jra.go.jp/datafile/seiseki/report/2023/2023-3fukushima5.pdf
2023,2023030306,福島,3,6,2023-11-19,12,1;2;3;4;5;6;7;8;9;10;11;12,,https://www.jra.go.jp/datafile/seiseki/report/2023/2023-3fukushima6.pdf
2023,2023040101,新潟,1,1,2023-04-29,12,1;2;3;4;5;6;7;8;9;10;11;12,,https://www.jra.go.jp/datafile/seiseki/report/2023/2023-1niigata1.pdf
2023,2023040102,新潟,1,2,2023-04-30,12,1;2;3;4;5;6;7;8;9;10;11;12,,https://www.jra.go.jp/datafile/seiseki/report/2023/2023-1niigata2.pdf
2023,2023040103,新潟,1,3,2023-05-06,12,1;2;3;4;5;6;7;8;9;10;11;12,,https://www.jra.go.jp/datafile/seiseki/report/2023/2023-1niigata3.pdf
2023,2023040104,新潟,1,4,2023-05-07,12,1;2;3;4;5;6;7;8;9;10;11;12,,https://www.jra.go.jp/datafile/seiseki/report/2023/2023-1niigata4.pdf
2023,2023040105,新潟,1,5,2023-05-13,12,1;2;3;4;5;6;7;8;9;10;11;12,,https://www.jra.go.jp/datafile/seiseki/report/2023/2023-1niigata5.pdf
2023,2023040106,新潟,1,6,2023-05-14,12,1;2;3;4;5;6;7;8;9;10;11;12,,https://www.jra.go.jp/datafile/seiseki/report/2023/2023-1niigata6.pdf
2023,2023040107,新潟,1,7,2023-05-20,12,1;2;3;4;5;6;7;8;9;10;11;12,,https://www.jra.go.jp/datafile/seiseki/report/2023/2023-1niigata7.pdf
2023,2023040108,新潟,1,8,2023-05-21,12,1;2;3;4;5;6;7;8;9;10;11;12,,https://www.jra.go.jp/datafile/seiseki/report/2023/2023-1niigata8.pdf
2023,2023040201,新潟,2,1,2023-07-29,12,1;2;3;4;5;6;7;8;9;10;11;12,,https://www.jra.go.jp/datafile/seiseki/report/2023/2023-2niigata1.pdf
2023,2023040202,新潟,2,2,2023-07-30,12,1;2;3;4;5;6;7;8;9;10;11;12,,https://www.jra.go.jp/datafile/seiseki/report/2023/2023-2niigata2.pdf
2023,2023040203,新潟,2,3,2023-08-05,12,1;2;3;4;5;6;7;8;9;10;11;12,,https://www.jra.go.jp/datafile/seiseki/report/2023/2023-2niigata3.pdf
2023,2023040204,新潟,2,4,2023-08-06,12,1;2;3;4;5;6;7;8;9;10;11;12,,https://www.jra.go.jp/datafile/seiseki/report/2023/2023-2niigata4.pdf
2023,2023040301,新潟,3,1,2023-08-12,12,1;2;3;4;5;6;7;8;9;10;11;12,,https://www.jra.go.jp/datafile/seiseki/report/2023/2023-3niigata1.pdf
2023,2023040302,新潟,3,2,2023-08-13,12,1;2;3;4;5;6;7;8;9;10;11;12,,https://www.jra.go.jp/datafile/seiseki/report/2023/2023-3niigata2.pdf
2023,2023040303,新潟,3,3,2023-08-19,12,1;2;3;4;5;6;7;8;9;10;11;12,,https://www.jra.go.jp/datafile/seiseki/report/2023/2023-3niigata3.pdf
2023,2023040304,新潟,3,4,2023-08-20,12,1;2;3;4;5;6;7;8;9;10;11;12,,https://www.jra.go.jp/datafile/seiseki/report/2023/2023-3niigata4.pdf
2023,2023040305,新潟,3,5,2023-08-26,12,1;2;3;4;5;6;7;8;9;10;11;12,,https://www.jra.go.jp/datafile/seiseki/report/2023/2023-3niigata5.pdf
2023,2023040306,新潟,3,6,2023-08-27,12,1;2;3;4;5;6;7;8;9;10;11;12,,https://www.jra.go.jp/datafile/seiseki/report/2023/2023-3niigata6.pdf
2023,2023040307,新潟,3,7,2023-09-02,12,1;2;3;4;5;6;7;8;9;10;11;12,,https://www.jra.go.jp/datafile/seiseki/report/2023/2023-3niigata7.pdf
2023,2023040308,新潟,3,8,2023-09-03,12,1;2;3;4;5;6;7;8;9;10;11;12,,https://www.jra.go.jp/datafile/seiseki/report/2023/2023-3niigata8.pdf
2023,2023040401,新潟,4,1,2023-10-14,12,1;2;3;4;5;6;7;8;9;10;11;12,,https://www.jra.go.jp/datafile/seiseki/report/2023/2023-4niigata1.pdf
2023,2023040402,新潟,4,2,2023-10-15,12,1;2;3;4;5;6;7;8;9;10;11;12,,https://www.jra.go.jp/datafile/seiseki/report/2023/2023-4niigata2.pdf
2023,2023040403,新潟,4,3,2023-10-21,12,1;2;3;4;5;6;7;8;9;10;11;12,,https://www.jra.go.jp/datafile/seiseki/report/2023/2023-4niigata3.pdf
2023,2023040404,新潟,4,4,2023-10-22,12,1;2;3;4;5;6;7;8;9;10;11;12,,https://www.jra.go.jp/datafile/seiseki/report/2023/2023-4niigata4.pdf
2023,2023040405,新潟,4,5,2023-10-28,12,1;2;3;4;5;6;7;8;9;10;11;12,,https://www.jra.go.jp/datafile/seiseki/report/2023/2023-4niigata5.pdf
2023,2023040406,新潟,4,6,2023-10-29,12,1;2;3;4;5;6;7;8;9;10;11;12,,https://www.jra.go.jp/datafile/seiseki/report/2023/2023-4niigata6.pdf
2023,2023050101,東京,1,1,2023-01-28,12,1;2;3;4;5;6;7;8;9;10;11;12,,https://www.jra.go.jp/datafile/seiseki/report/2023/2023-1tokyo1.pdf
2023,2023050102,東京,1,2,2023-01-29,12,1;2;3;4;5;6;7;8;9;10;11;12,,https://www.jra.go.jp/datafile/seiseki/report/2023/2023-1tokyo2.pdf
2023,2023050103,東京,1,3,2023-02-04,12,1;2;3;4;5;6;7;8;9;10;11;12,,https://www.jra.go.jp/datafile/seiseki/report/2023/2023-1tokyo3.pdf
2023,2023050104,東京,1,4,2023-02-05,12,1;2;3;4;5;6;7;8;9;10;11;12,,https://www.jra.go.jp/datafile/seiseki/report/2023/2023-1tokyo4.pdf
2023,2023050105,東京,1,5,2023-02-11,12,1;2;3;4;5;6;7;8;9;10;11;12,,https://www.jra.go.jp/datafile/seiseki/report/2023/2023-1tokyo5.pdf
2023,2023050106,東京,1,6,2023-02-12,12,1;2;3;4;5;6;7;8;9;10;11;12,,https://www.jra.go.jp/datafile/seiseki/report/2023/2023-1tokyo6.pdf
2023,2023050107,東京,1,7,2023-02-18,12,1;2;3;4;5;6;7;8;9;10;11;12,,https://www.jra.go.jp/datafile/seiseki/report/2023/2023-1tokyo7.pdf
2023,2023050108,東京,1,8,2023-02-19,12,1;2;3;4;5;6;7;8;9;10;11;12,,https://www.jra.go.jp/datafile/seiseki/report/2023/2023-1tokyo8.pdf
2023,2023050201,東京,2,1,2023-04-22,12,1;2;3;4;5;6;7;8;9;10;11;12,,https://www.jra.go.jp/datafile/seiseki/report/2023/2023-2tokyo1.pdf
2023,2023050202,東京,2,2,2023-04-23,12,1;2;3;4;5;6;7;8;9;10;11;12,,https://www.jra.go.jp/datafile/seiseki/report/2023/2023-2tokyo2.pdf
2023,2023050203,東京,2,3,2023-04-29,12,1;2;3;4;5;6;7;8;9;10;11;12,,https://www.jra.go.jp/datafile/seiseki/report/2023/2023-2tokyo3.pdf
2023,2023050204,東京,2,4,2023-04-30,12,1;2;3;4;5;6;7;8;9;10;11;12,,https://www.jra.go.jp/datafile/seiseki/report/2023/2023-2tokyo4.pdf
2023,2023050205,東京,2,5,2023-05-06,12,1;2;3;4;5;6;7;8;9;10;11;12,,https://www.jra.go.jp/datafile/seiseki/report/2023/2023-2tokyo5.pdf
2023,2023050206,東京,2,6,2023-05-07,12,1;2;3;4;5;6;7;8;9;10;11;12,,https://www.jra.go.jp/datafile/seiseki/report/2023/2023-2tokyo6.pdf
2023,2023050207,東京,2,7,2023-05-13,12,1;2;3;4;5;6;7;8;9;10;11;12,,https://www.jra.go.jp/datafile/seiseki/report/2023/2023-2tokyo7.pdf
2023,2023050208,東京,2,8,2023-05-14,12,1;2;3;4;5;6;7;8;9;10;11;12,,https://www.jra.go.jp/datafile/seiseki/report/2023/2023-2tokyo8.pdf
2023,2023050209,東京,2,9,2023-05-20,12,1;2;3;4;5;6;7;8;9;10;11;12,,https://www.jra.go.jp/datafile/seiseki/report/2023/2023-2tokyo9.pdf
2023,2023050210,東京,2,10,2023-05-21,12,1;2;3;4;5;6;7;8;9;10;11;12,,https://www.jra.go.jp/datafile/seiseki/report/2023/2023-2tokyo10.pdf
2023,2023050211,東京,2,11,2023-05-27,12,1;2;3;4;5;6;7;8;9;10;11;12,,https://www.jra.go.jp/datafile/seiseki/report/2023/2023-2tokyo11.pdf
2023,2023050212,東京,2,12,2023-05-28,12,1;2;3;4;5;6;7;8;9;10;11;12,,https://www.jra.go.jp/datafile/seiseki/report/2023/2023-2tokyo12.pdf
2023,2023050301,東京,3,1,2023-06-03,12,1;2;3;4;5;6;7;8;9;10;11;12,,https://www.jra.go.jp/datafile/seiseki/report/2023/2023-3tokyo1.pdf
2023,2023050302,東京,3,2,2023-06-04,12,1;2;3;4;5;6;7;8;9;10;11;12,,https://www.jra.go.jp/datafile/seiseki/report/2023/2023-3tokyo2.pdf
2023,2023050303,東京,3,3,2023-06-10,12,1;2;3;4;5;6;7;8;9;10;11;12,,https://www.jra.go.jp/datafile/seiseki/report/2023/2023-3tokyo3.pdf
2023,2023050304,東京,3,4,2023-06-11,12,1;2;3;4;5;6;7;8;9;10;11;12,,https://www.jra.go.jp/datafile/seiseki/report/2023/2023-3tokyo4.pdf
2023,2023050305,東京,3,5,2023-06-17,12,1;2;3;4;5;6;7;8;9;10;11;12,,https://www.jra.go.jp/datafile/seiseki/report/2023/2023-3tokyo5.pdf
2023,2023050306,東京,3,6,2023-06-18,12,1;2;3;4;5;6;7;8;9;10;11;12,,https://www.jra.go.jp/datafile/seiseki/report/2023/2023-3tokyo6.pdf
2023,2023050307,東京,3,7,2023-06-24,12,1;2;3;4;5;6;7;8;9;10;11;12,,https://www.jra.go.jp/datafile/seiseki/report/2023/2023-3tokyo7.pdf
2023,2023050308,東京,3,8,2023-06-25,12,1;2;3;4;5;6;7;8;9;10;11;12,,https://www.jra.go.jp/datafile/seiseki/report/2023/2023-3tokyo8.pdf
2023,2023050401,東京,4,1,2023-10-07,12,1;2;3;4;5;6;7;8;9;10;11;12,,https://www.jra.go.jp/datafile/seiseki/report/2023/2023-4tokyo1.pdf
2023,2023050402,東京,4,2,2023-10-08,12,1;2;3;4;5;6;7;8;9;10;11;12,,https://www.jra.go.jp/datafile/seiseki/report/2023/2023-4tokyo2.pdf
2023,2023050403,東京,4,3,2023-10-09,12,1;2;3;4;5;6;7;8;9;10;11;12,,https://www.jra.go.jp/datafile/seiseki/report/2023/2023-4tokyo3.pdf
2023,2023050404,東京,4,4,2023-10-14,12,1;2;3;4;5;6;7;8;9;10;11;12,,https://www.jra.go.jp/datafile/seiseki/report/2023/2023-4tokyo4.pdf
2023,2023050405,東京,4,5,2023-10-15,12,1;2;3;4;5;6;7;8;9;10;11;12,,https://www.jra.go.jp/datafile/seiseki/report/2023/2023-4tokyo5.pdf
2023,2023050406,東京,4,6,2023-10-21,12,1;2;3;4;5;6;7;8;9;10;11;12,,https://www.jra.go.jp/datafile/seiseki/report/2023/2023-4tokyo6.pdf
2023,2023050407,東京,4,7,2023-10-22,12,1;2;3;4;5;6;7;8;9;10;11;12,,https://www.jra.go.jp/datafile/seiseki/report/2023/2023-4tokyo7.pdf
2023,2023050408,東京,4,8,2023-10-28,12,1;2;3;4;5;6;7;8;9;10;11;12,,https://www.jra.go.jp/datafile/seiseki/report/2023/2023-4tokyo8.pdf
2023,2023050409,東京,4,9,2023-10-29,12,1;2;3;4;5;6;7;8;9;10;11;12,,https://www.jra.go.jp/datafile/seiseki/report/2023/2023-4tokyo9.pdf
2023,2023050501,東京,5,1,2023-11-04,12,1;2;3;4;5;6;7;8;9;10;11;12,,https://www.jra.go.jp/datafile/seiseki/report/2023/2023-5tokyo1.pdf
2023,2023050502,東京,5,2,2023-11-05,12,1;2;3;4;5;6;7;8;9;10;11;12,,https://www.jra.go.jp/datafile/seiseki/report/2023/2023-5tokyo2.pdf
2023,2023050503,東京,5,3,2023-11-11,12,1;2;3;4;5;6;7;8;9;10;11;12,,https://www.jra.go.jp/datafile/seiseki/report/2023/2023-5tokyo3.pdf
2023,2023050504,東京,5,4,2023-11-12,12,1;2;3;4;5;6;7;8;9;10;11;12,,https://www.jra.go.jp/datafile/seiseki/report/2023/2023-5tokyo4.pdf
2023,2023050505,東京,5,5,2023-11-18,12,1;2;3;4;5;6;7;8;9;10;11;12,,https://www.jra.go.jp/datafile/seiseki/report/2023/2023-5tokyo5.pdf
2023,2023050506,東京,5,6,2023-11-19,12,1;2;3;4;5;6;7;8;9;10;11;12,,https://www.jra.go.jp/datafile/seiseki/report/2023/2023-5tokyo6.pdf
2023,2023050507,東京,5,7,2023-11-25,12,1;2;3;4;5;6;7;8;9;10;11;12,,https://www.jra.go.jp/datafile/seiseki/report/2023/2023-5tokyo7.pdf
2023,2023050508,東京,5,8,2023-11-26,12,1;2;3;4;5;6;7;8;9;10;11;12,,https://www.jra.go.jp/datafile/seiseki/report/2023/2023-5tokyo8.pdf
2023,2023060101,中山,1,1,2023-01-05,12,1;2;3;4;5;6;7;8;9;10;11;12,,https://www.jra.go.jp/datafile/seiseki/report/2023/2023-1nakayama1.pdf
2023,2023060102,中山,1,2,2023-01-07,12,1;2;3;4;5;6;7;8;9;10;11;12,,https://www.jra.go.jp/datafile/seiseki/report/2023/2023-1nakayama2.pdf
2023,2023060103,中山,1,3,2023-01-08,12,1;2;3;4;5;6;7;8;9;10;11;12,,https://www.jra.go.jp/datafile/seiseki/report/2023/2023-1nakayama3.pdf
2023,2023060104,中山,1,4,2023-01-09,12,1;2;3;4;5;6;7;8;9;10;11;12,,https://www.jra.go.jp/datafile/seiseki/report/2023/2023-1nakayama4.pdf
2023,2023060105,中山,1,5,2023-01-14,12,1;2;3;4;5;6;7;8;9;10;11;12,,https://www.jra.go.jp/datafile/seiseki/report/2023/2023-1nakayama5.pdf
2023,2023060106,中山,1,6,2023-01-15,12,1;2;3;4;5;6;7;8;9;10;11;12,,https://www.jra.go.jp/datafile/seiseki/report/2023/2023-1nakayama6.pdf
2023,2023060107,中山,1,7,2023-01-21,12,1;2;3;4;5;6;7;8;9;10;11;12,,https://www.jra.go.jp/datafile/seiseki/report/2023/2023-1nakayama7.pdf
2023,2023060108,中山,1,8,2023-01-22,12,1;2;3;4;5;6;7;8;9;10;11;12,,https://www.jra.go.jp/datafile/seiseki/report/2023/2023-1nakayama8.pdf
2023,2023060201,中山,2,1,2023-02-25,12,1;2;3;4;5;6;7;8;9;10;11;12,,https://www.jra.go.jp/datafile/seiseki/report/2023/2023-2nakayama1.pdf
2023,2023060202,中山,2,2,2023-02-26,12,1;2;3;4;5;6;7;8;9;10;11;12,,https://www.jra.go.jp/datafile/seiseki/report/2023/2023-2nakayama2.pdf
2023,2023060203,中山,2,3,2023-03-04,12,1;2;3;4;5;6;7;8;9;10;11;12,,https://www.jra.go.jp/datafile/seiseki/report/2023/2023-2nakayama3.pdf
2023,2023060204,中山,2,4,2023-03-05,12,1;2;3;4;5;6;7;8;9;10;11;12,,https://www.jra.go.jp/datafile/seiseki/report/2023/2023-2nakayama4.pdf
2023,2023060205,中山,2,5,2023-03-11,12,1;2;3;4;5;6;7;8;9;10;11;12,,https://www.jra.go.jp/datafile/seiseki/report/2023/2023-2nakayama5.pdf
2023,2023060206,中山,2,6,2023-03-12,12,1;2;3;4;5;6;7;8;9;10;11;12,,https://www.jra.go.jp/datafile/seiseki/report/2023/2023-2nakayama6.pdf
2023,2023060207,中山,2,7,2023-03-18,12,1;2;3;4;5;6;7;8;9;10;11;12,,https://www.jra.go.jp/datafile/seiseki/report/2023/2023-2nakayama7.pdf
2023,2023060208,中山,2,8,2023-03-19,12,1;2;3;4;5;6;7;8;9;10;11;12,,https://www.jra.go.jp/datafile/seiseki/report/2023/2023-2nakayama8.pdf
2023,2023060301,中山,3,1,2023-03-25,12,1;2;3;4;5;6;7;8;9;10;11;12,,https://www.jra.go.jp/datafile/seiseki/report/2023/2023-3nakayama1.pdf
2023,2023060302,中山,3,2,2023-03-26,12,1;2;3;4;5;6;7;8;9;10;11;12,,https://www.jra.go.jp/datafile/seiseki/report/2023/2023-3nakayama2.pdf
2023,2023060303,中山,3,3,2023-04-01,12,1;2;3;4;5;6;7;8;9;10;11;12,,https://www.jra.go.jp/datafile/seiseki/report/2023/2023-3nakayama3.pdf
2023,2023060304,中山,3,4,2023-04-02,12,1;2;3;4;5;6;7;8;9;10;11;12,,https://www.jra.go.jp/datafile/seiseki/report/2023/2023-3nakayama4.pdf
2023,2023060305,中山,3,5,2023-04-08,12,1;2;3;4;5;6;7;8;9;10;11;12,,https://www.jra.go.jp/datafile/seiseki/report/2023/2023-3nakayama5.pdf
2023,2023060306,中山,3,6,2023-04-09,12,1;2;3;4;5;6;7;8;9;10;11;12,,https://www.jra.go.jp/datafile/seiseki/report/2023/2023-3nakayama6.pdf
2023,2023060307,中山,3,7,2023-04-15,12,1;2;3;4;5;6;7;8;9;10;11;12,,https://www.jra.go.jp/datafile/seiseki/report/2023/2023-3nakayama7.pdf
2023,2023060308,中山,3,8,2023-04-16,12,1;2;3;4;5;6;7;8;9;10;11;12,,https://www.jra.go.jp/datafile/seiseki/report/2023/2023-3nakayama8.pdf
2023,2023060401,中山,4,1,2023-09-09,12,1;2;3;4;5;6;7;8;9;10;11;12,,https://www.jra.go.jp/datafile/seiseki/report/2023/2023-4nakayama1.pdf
2023,2023060402,中山,4,2,2023-09-10,12,1;2;3;4;5;6;7;8;9;10;11;12,,https://www.jra.go.jp/datafile/seiseki/report/2023/2023-4nakayama2.pdf
2023,2023060403,中山,4,3,2023-09-16,12,1;2;3;4;5;6;7;8;9;10;11;12,,https://www.jra.go.jp/datafile/seiseki/report/2023/2023-4nakayama3.pdf
2023,2023060404,中山,4,4,2023-09-17,12,1;2;3;4;5;6;7;8;9;10;11;12,,https://www.jra.go.jp/datafile/seiseki/report/2023/2023-4nakayama4.pdf
2023,2023060405,中山,4,5,2023-09-18,12,1;2;3;4;5;6;7;8;9;10;11;12,,https://www.jra.go.jp/datafile/seiseki/report/2023/2023-4nakayama5.pdf
2023,2023060406,中山,4,6,2023-09-23,12,1;2;3;4;5;6;7;8;9;10;11;12,,https://www.jra.go.jp/datafile/seiseki/report/2023/2023-4nakayama6.pdf
2023,2023060407,中山,4,7,2023-09-24,12,1;2;3;4;5;6;7;8;9;10;11;12,,https://www.jra.go.jp/datafile/seiseki/report/2023/2023-4nakayama7.pdf
2023,2023060408,中山,4,8,2023-09-30,12,1;2;3;4;5;6;7;8;9;10;11;12,,https://www.jra.go.jp/datafile/seiseki/report/2023/2023-4nakayama8.pdf
2023,2023060409,中山,4,9,2023-10-01,12,1;2;3;4;5;6;7;8;9;10;11;12,,https://www.jra.go.jp/datafile/seiseki/report/2023/2023-4nakayama9.pdf
2023,2023060501,中山,5,1,2023-12-02,12,1;2;3;4;5;6;7;8;9;10;11;12,,https://www.jra.go.jp/datafile/seiseki/report/2023/2023-5nakayama1.pdf
2023,2023060502,中山,5,2,2023-12-03,12,1;2;3;4;5;6;7;8;9;10;11;12,,https://www.jra.go.jp/datafile/seiseki/report/2023/2023-5nakayama2.pdf
2023,2023060503,中山,5,3,2023-12-09,12,1;2;3;4;5;6;7;8;9;10;11;12,,https://www.jra.go.jp/datafile/seiseki/report/2023/2023-5nakayama3.pdf
2023,2023060504,中山,5,4,2023-12-10,12,1;2;3;4;5;6;7;8;9;10;11;12,,https://www.jra.go.jp/datafile/seiseki/report/2023/2023-5nakayama4.pdf
2023,2023060505,中山,5,5,2023-12-16,12,1;2;3;4;5;6;7;8;9;10;11;12,,https://www.jra.go.jp/datafile/seiseki/report/2023/2023-5nakayama5.pdf
2023,2023060506,中山,5,6,2023-12-17,12,1;2;3;4;5;6;7;8;9;10;11;12,,https://www.jra.go.jp/datafile/seiseki/report/2023/2023-5nakayama6.pdf
2023,2023060507,中山,5,7,2023-12-23,12,1;2;3;4;5;6;7;8;9;10;11;12,,https://www.jra.go.jp/datafile/seiseki/report/2023/2023-5nakayama7.pdf
2023,2023060508,中山,5,8,2023-12-24,12,1;2;3;4;5;6;7;8;9;10;11;12,,https://www.jra.go.jp/datafile/seiseki/report/2023/2023-5nakayama8.pdf
2023,2023060509,中山,5,9,2023-12-28,12,1;2;3;4;5;6;7;8;9;10;11;12,,https://www.jra.go.jp/datafile/seiseki/report/2023/2023-5nakayama9.pdf
2023,2023070101,中京,1,1,2023-01-05,12,1;2;3;4;5;6;7;8;9;10;11;12,,https://www.jra.go.jp/datafile/seiseki/report/2023/2023-1chukyo1.pdf
2023,2023070102,中京,1,2,2023-01-07,12,1;2;3;4;5;6;7;8;9;10;11;12,,https://www.jra.go.jp/datafile/seiseki/report/2023/2023-1chukyo2.pdf
2023,2023070103,中京,1,3,2023-01-08,12,1;2;3;4;5;6;7;8;9;10;11;12,,https://www.jra.go.jp/datafile/seiseki/report/2023/2023-1chukyo3.pdf
2023,2023070104,中京,1,4,2023-01-09,12,1;2;3;4;5;6;7;8;9;10;11;12,,https://www.jra.go.jp/datafile/seiseki/report/2023/2023-1chukyo4.pdf
2023,2023070105,中京,1,5,2023-01-14,12,1;2;3;4;5;6;7;8;9;10;11;12,,https://www.jra.go.jp/datafile/seiseki/report/2023/2023-1chukyo5.pdf
2023,2023070106,中京,1,6,2023-01-15,12,1;2;3;4;5;6;7;8;9;10;11;12,,https://www.jra.go.jp/datafile/seiseki/report/2023/2023-1chukyo6.pdf
2023,2023070107,中京,1,7,2023-01-21,12,1;2;3;4;5;6;7;8;9;10;11;12,,https://www.jra.go.jp/datafile/seiseki/report/2023/2023-1chukyo7.pdf
2023,2023070108,中京,1,8,2023-01-22,12,1;2;3;4;5;6;7;8;9;10;11;12,,https://www.jra.go.jp/datafile/seiseki/report/2023/2023-1chukyo8.pdf
2023,2023070109,中京,1,9,2023-01-28,12,1;2;3;4;5;6;7;8;9;10;11;12,,https://www.jra.go.jp/datafile/seiseki/report/2023/2023-1chukyo9.pdf
2023,2023070110,中京,1,10,2023-01-29,12,1;2;3;4;5;6;7;8;9;10;11;12,,https://www.jra.go.jp/datafile/seiseki/report/2023/2023-1chukyo10.pdf
2023,2023070111,中京,1,11,2023-02-04,12,1;2;3;4;5;6;7;8;9;10;11;12,,https://www.jra.go.jp/datafile/seiseki/report/2023/2023-1chukyo11.pdf
2023,2023070112,中京,1,12,2023-02-05,12,1;2;3;4;5;6;7;8;9;10;11;12,,https://www.jra.go.jp/datafile/seiseki/report/2023/2023-1chukyo12.pdf
2023,2023070201,中京,2,1,2023-03-11,12,1;2;3;4;5;6;7;8;9;10;11;12,,https://www.jra.go.jp/datafile/seiseki/report/2023/2023-2chukyo1.pdf
2023,2023070202,中京,2,2,2023-03-12,12,1;2;3;4;5;6;7;8;9;10;11;12,,https://www.jra.go.jp/datafile/seiseki/report/2023/2023-2chukyo2.pdf
2023,2023070203,中京,2,3,2023-03-18,12,1;2;3;4;5;6;7;8;9;10;11;12,,https://www.jra.go.jp/datafile/seiseki/report/2023/2023-2chukyo3.pdf
2023,2023070204,中京,2,4,2023-03-19,12,1;2;3;4;5;6;7;8;9;10;11;12,,https://www.jra.go.jp/datafile/seiseki/report/2023/2023-2chukyo4.pdf
2023,2023070205,中京,2,5,2023-03-25,12,1;2;3;4;5;6;7;8;9;10;11;12,,https://www.jra.go.jp/datafile/seiseki/report/2023/2023-2chukyo5.pdf
2023,2023070206,中京,2,6,2023-03-26,12,1;2;3;4;5;6;7;8;9;10;11;12,,https://www.jra.go.jp/datafile/seiseki/report/2023/2023-2chukyo6.pdf
2023,2023070301,中京,3,1,2023-07-01,12,1;2;3;4;5;6;7;8;9;10;11;12,,https://www.jra.go.jp/datafile/seiseki/report/2023/2023-3chukyo1.pdf
2023,2023070302,中京,3,2,2023-07-02,12,1;2;3;4;5;6;7;8;9;10;11;12,,https://www.jra.go.jp/datafile/seiseki/report/2023/2023-3chukyo2.pdf
2023,2023070303,中京,3,3,2023-07-08,12,1;2;3;4;5;6;7;8;9;10;11;12,,https://www.jra.go.jp/datafile/seiseki/report/2023/2023-3chukyo3.pdf
2023,2023070304,中京,3,4,2023-07-09,12,1;2;3;4;5;6;7;8;9;10;11;12,,https://www.jra.go.jp/datafile/seiseki/report/2023/2023-3chukyo4.pdf
2023,2023070305,中京,3,5,2023-07-15,12,1;2;3;4;5;6;7;8;9;10;11;12,,https://www.jra.go.jp/datafile/seiseki/report/2023/2023-3chukyo5.pdf
2023,2023070306,中京,3,6,2023-07-16,12,1;2;3;4;5;6;7;8;9;10;11;12,,https://www.jra.go.jp/datafile/seiseki/report/2023/2023-3chukyo6.pdf
2023,2023070307,中京,3,7,2023-07-22,12,1;2;3;4;5;6;7;8;9;10;11;12,,https://www.jra.go.jp/datafile/seiseki/report/2023/2023-3chukyo7.pdf
2023,2023070308,中京,3,8,2023-07-23,12,1;2;3;4;5;6;7;8;9;10;11;12,,https://www.jra.go.jp/datafile/seiseki/report/2023/2023-3chukyo8.pdf
2023,2023070401,中京,4,1,2023-12-02,12,1;2;3;4;5;6;7;8;9;10;11;12,,https://www.jra.go.jp/datafile/seiseki/report/2023/2023-4chukyo1.pdf
2023,2023070402,中京,4,2,2023-12-03,12,1;2;3;4;5;6;7;8;9;10;11;12,,https://www.jra.go.jp/datafile/seiseki/report/2023/2023-4chukyo2.pdf
2023,2023070403,中京,4,3,2023-12-09,12,1;2;3;4;5;6;7;8;9;10;11;12,,https://www.jra.go.jp/datafile/seiseki/report/2023/2023-4chukyo3.pdf
2023,2023070404,中京,4,4,2023-12-10,12,1;2;3;4;5;6;7;8;9;10;11;12,,https://www.jra.go.jp/datafile/seiseki/report/2023/2023-4chukyo4.pdf
2023,2023070405,中京,4,5,2023-12-16,12,1;2;3;4;5;6;7;8;9;10;11;12,,https://www.jra.go.jp/datafile/seiseki/report/2023/2023-4chukyo5.pdf
2023,2023070406,中京,4,6,2023-12-17,12,1;2;3;4;5;6;7;8;9;10;11;12,,https://www.jra.go.jp/datafile/seiseki/report/2023/2023-4chukyo6.pdf
2023,2023080101,京都,1,1,2023-04-22,12,1;2;3;4;5;6;7;8;9;10;11;12,,https://www.jra.go.jp/datafile/seiseki/report/2023/2023-1kyoto1.pdf
2023,2023080102,京都,1,2,2023-04-23,12,1;2;3;4;5;6;7;8;9;10;11;12,,https://www.jra.go.jp/datafile/seiseki/report/2023/2023-1kyoto2.pdf
2023,2023080103,京都,1,3,2023-04-29,12,1;2;3;4;5;6;7;8;9;10;11;12,,https://www.jra.go.jp/datafile/seiseki/report/2023/2023-1kyoto3.pdf
2023,2023080104,京都,1,4,2023-04-30,12,1;2;3;4;5;6;7;8;9;10;11;12,,https://www.jra.go.jp/datafile/seiseki/report/2023/2023-1kyoto4.pdf
2023,2023080105,京都,1,5,2023-05-06,12,1;2;3;4;5;6;7;8;9;10;11;12,,https://www.jra.go.jp/datafile/seiseki/report/2023/2023-1kyoto5.pdf
2023,2023080106,京都,1,6,2023-05-07,12,1;2;3;4;5;6;7;8;9;10;11;12,,https://www.jra.go.jp/datafile/seiseki/report/2023/2023-1kyoto6.pdf
2023,2023080107,京都,1,7,2023-05-13,12,1;2;3;4;5;6;7;8;9;10;11;12,,https://www.jra.go.jp/datafile/seiseki/report/2023/2023-1kyoto7.pdf
2023,2023080108,京都,1,8,2023-05-14,12,1;2;3;4;5;6;7;8;9;10;11;12,,https://www.jra.go.jp/datafile/seiseki/report/2023/2023-1kyoto8.pdf
2023,2023080109,京都,1,9,2023-05-20,12,1;2;3;4;5;6;7;8;9;10;11;12,,https://www.jra.go.jp/datafile/seiseki/report/2023/2023-1kyoto9.pdf
2023,2023080110,京都,1,10,2023-05-21,12,1;2;3;4;5;6;7;8;9;10;11;12,,https://www.jra.go.jp/datafile/seiseki/report/2023/2023-1kyoto10.pdf
2023,2023080111,京都,1,11,2023-05-27,12,1;2;3;4;5;6;7;8;9;10;11;12,,https://www.jra.go.jp/datafile/seiseki/report/2023/2023-1kyoto11.pdf
2023,2023080112,京都,1,12,2023-05-28,12,1;2;3;4;5;6;7;8;9;10;11;12,,https://www.jra.go.jp/datafile/seiseki/report/2023/2023-1kyoto12.pdf
2023,2023080201,京都,2,1,2023-10-07,12,1;2;3;4;5;6;7;8;9;10;11;12,,https://www.jra.go.jp/datafile/seiseki/report/2023/2023-2kyoto1.pdf
2023,2023080202,京都,2,2,2023-10-08,12,1;2;3;4;5;6;7;8;9;10;11;12,,https://www.jra.go.jp/datafile/seiseki/report/2023/2023-2kyoto2.pdf
2023,2023080203,京都,2,3,2023-10-09,12,1;2;3;4;5;6;7;8;9;10;11;12,,https://www.jra.go.jp/datafile/seiseki/report/2023/2023-2kyoto3.pdf
2023,2023080204,京都,2,4,2023-10-14,12,1;2;3;4;5;6;7;8;9;10;11;12,,https://www.jra.go.jp/datafile/seiseki/report/2023/2023-2kyoto4.pdf
2023,2023080205,京都,2,5,2023-10-15,12,1;2;3;4;5;6;7;8;9;10;11;12,,https://www.jra.go.jp/datafile/seiseki/report/2023/2023-2kyoto5.pdf
2023,2023080206,京都,2,6,2023-10-21,12,1;2;3;4;5;6;7;8;9;10;11;12,,https://www.jra.go.jp/datafile/seiseki/report/2023/2023-2kyoto6.pdf
2023,2023080207,京都,2,7,2023-10-22,12,1;2;3;4;5;6;7;8;9;10;11;12,,https://www.jra.go.jp/datafile/seiseki/report/2023/2023-2kyoto7.pdf
2023,2023080208,京都,2,8,2023-10-28,12,1;2;3;4;5;6;7;8;9;10;11;12,,https://www.jra.go.jp/datafile/seiseki/report/2023/2023-2kyoto8.pdf
2023,2023080209,京都,2,9,2023-10-29,12,1;2;3;4;5;6;7;8;9;10;11;12,,https://www.jra.go.jp/datafile/seiseki/report/2023/2023-2kyoto9.pdf
2023,2023080301,京都,3,1,2023-11-04,12,1;2;3;4;5;6;7;8;9;10;11;12,,https://www.jra.go.jp/datafile/seiseki/report/2023/2023-3kyoto1.pdf
2023,2023080302,京都,3,2,2023-11-05,12,1;2;3;4;5;6;7;8;9;10;11;12,,https://www.jra.go.jp/datafile/seiseki/report/2023/2023-3kyoto2.pdf
2023,2023080303,京都,3,3,2023-11-11,12,1;2;3;4;5;6;7;8;9;10;11;12,,https://www.jra.go.jp/datafile/seiseki/report/2023/2023-3kyoto3.pdf
2023,2023080304,京都,3,4,2023-11-12,12,1;2;3;4;5;6;7;8;9;10;11;12,,https://www.jra.go.jp/datafile/seiseki/report/2023/2023-3kyoto4.pdf
2023,2023080305,京都,3,5,2023-11-18,12,1;2;3;4;5;6;7;8;9;10;11;12,,https://www.jra.go.jp/datafile/seiseki/report/2023/2023-3kyoto5.pdf
2023,2023080306,京都,3,6,2023-11-19,12,1;2;3;4;5;6;7;8;9;10;11;12,,https://www.jra.go.jp/datafile/seiseki/report/2023/2023-3kyoto6.pdf
2023,2023080307,京都,3,7,2023-11-25,12,1;2;3;4;5;6;7;8;9;10;11;12,,https://www.jra.go.jp/datafile/seiseki/report/2023/2023-3kyoto7.pdf
2023,2023080308,京都,3,8,2023-11-26,12,1;2;3;4;5;6;7;8;9;10;11;12,,https://www.jra.go.jp/datafile/seiseki/report/2023/2023-3kyoto8.pdf
2023,2023090101,阪神,1,1,2023-02-11,12,1;2;3;4;5;6;7;8;9;10;11;12,,https://www.jra.go.jp/datafile/seiseki/report/2023/2023-1hanshin1.pdf
2023,2023090102,阪神,1,2,2023-02-12,12,1;2;3;4;5;6;7;8;9;10;11;12,,https://www.jra.go.jp/datafile/seiseki/report/2023/2023-1hanshin2.pdf
2023,2023090103,阪神,1,3,2023-02-18,12,1;2;3;4;5;6;7;8;9;10;11;12,,https://www.jra.go.jp/datafile/seiseki/report/2023/2023-1hanshin3.pdf
2023,2023090104,阪神,1,4,2023-02-19,12,1;2;3;4;5;6;7;8;9;10;11;12,,https://www.jra.go.jp/datafile/seiseki/report/2023/2023-1hanshin4.pdf
2023,2023090105,阪神,1,5,2023-02-25,12,1;2;3;4;5;6;7;8;9;10;11;12,,https://www.jra.go.jp/datafile/seiseki/report/2023/2023-1hanshin5.pdf
2023,2023090106,阪神,1,6,2023-02-26,12,1;2;3;4;5;6;7;8;9;10;11;12,,https://www.jra.go.jp/datafile/seiseki/report/2023/2023-1hanshin6.pdf
2023,2023090107,阪神,1,7,2023-03-04,12,1;2;3;4;5;6;7;8;9;10;11;12,,https://www.jra.go.jp/datafile/seiseki/report/2023/2023-1hanshin7.pdf
2023,2023090108,阪神,1,8,2023-03-05,12,1;2;3;4;5;6;7;8;9;10;11;12,,https://www.jra.go.jp/datafile/seiseki/report/2023/2023-1hanshin8.pdf
2023,2023090109,阪神,1,9,2023-03-11,12,1;2;3;4;5;6;7;8;9;10;11;12,,https://www.jra.go.jp/datafile/seiseki/report/2023/2023-1hanshin9.pdf
2023,2023090110,阪神,1,10,2023-03-12,12,1;2;3;4;5;6;7;8;9;10;11;12,,https://www.jra.go.jp/datafile/seiseki/report/2023/2023-1hanshin10.pdf
2023,2023090111,阪神,1,11,2023-03-18,12,1;2;3;4;5;6;7;8;9;10;11;12,,https://www.jra.go.jp/datafile/seiseki/report/2023/2023-1hanshin11.pdf
2023,2023090112,阪神,1,12,2023-03-19,12,1;2;3;4;5;6;7;8;9;10;11;12,,https://www.jra.go.jp/datafile/seiseki/report/2023/2023-1hanshin12.pdf
2023,2023090201,阪神,2,1,2023-03-25,12,1;2;3;4;5;6;7;8;9;10;11;12,,https://www.jra.go.jp/datafile/seiseki/report/2023/2023-2hanshin1.pdf
2023,2023090202,阪神,2,2,2023-03-26,12,1;2;3;4;5;6;7;8;9;10;11;12,,https://www.jra.go.jp/datafile/seiseki/report/2023/2023-2hanshin2.pdf
2023,2023090203,阪神,2,3,2023-04-01,12,1;2;3;4;5;6;7;8;9;10;11;12,,https://www.jra.go.jp/datafile/seiseki/report/2023/2023-2hanshin3.pdf
2023,2023090204,阪神,2,4,2023-04-02,12,1;2;3;4;5;6;7;8;9;10;11;12,,https://www.jra.go.jp/datafile/seiseki/report/2023/2023-2hanshin4.pdf
2023,2023090205,阪神,2,5,2023-04-08,12,1;2;3;4;5;6;7;8;9;10;11;12,,https://www.jra.go.jp/datafile/seiseki/report/2023/2023-2hanshin5.pdf
2023,2023090206,阪神,2,6,2023-04-09,12,1;2;3;4;5;6;7;8;9;10;11;12,,https://www.jra.go.jp/datafile/seiseki/report/2023/2023-2hanshin6.pdf
2023,2023090207,阪神,2,7,2023-04-15,12,1;2;3;4;5;6;7;8;9;10;11;12,,https://www.jra.go.jp/datafile/seiseki/report/2023/2023-2hanshin7.pdf
2023,2023090208,阪神,2,8,2023-04-16,12,1;2;3;4;5;6;7;8;9;10;11;12,,https://www.jra.go.jp/datafile/seiseki/report/2023/2023-2hanshin8.pdf
2023,2023090301,阪神,3,1,2023-06-03,12,1;2;3;4;5;6;7;8;9;10;11;12,,https://www.jra.go.jp/datafile/seiseki/report/2023/2023-3hanshin1.pdf
2023,2023090302,阪神,3,2,2023-06-04,12,1;2;3;4;5;6;7;8;9;10;11;12,,https://www.jra.go.jp/datafile/seiseki/report/2023/2023-3hanshin2.pdf
2023,2023090303,阪神,3,3,2023-06-10,12,1;2;3;4;5;6;7;8;9;10;11;12,,https://www.jra.go.jp/datafile/seiseki/report/2023/2023-3hanshin3.pdf
2023,2023090304,阪神,3,4,2023-06-11,12,1;2;3;4;5;6;7;8;9;10;11;12,,https://www.jra.go.jp/datafile/seiseki/report/2023/2023-3hanshin4.pdf
2023,2023090305,阪神,3,5,2023-06-17,12,1;2;3;4;5;6;7;8;9;10;11;12,,https://www.jra.go.jp/datafile/seiseki/report/2023/2023-3hanshin5.pdf
2023,2023090306,阪神,3,6,2023-06-18,12,1;2;3;4;5;6;7;8;9;10;11;12,,https://www.jra.go.jp/datafile/seiseki/report/2023/2023-3hanshin6.pdf
2023,2023090307,阪神,3,7,2023-06-24,12,1;2;3;4;5;6;7;8;9;10;11;12,,https://www.jra.go.jp/datafile/seiseki/report/2023/2023-3hanshin7.pdf
2023,2023090308,阪神,3,8,2023-06-25,12,1;2;3;4;5;6;7;8;9;10;11;12,,https://www.jra.go.jp/datafile/seiseki/report/2023/2023-3hanshin8.pdf
2023,2023090401,阪神,4,1,2023-09-09,12,1;2;3;4;5;6;7;8;9;10;11;12,,https://www.jra.go.jp/datafile/seiseki/report/2023/2023-4hanshin1.pdf
2023,2023090402,阪神,4,2,2023-09-10,12,1;2;3;4;5;6;7;8;9;10;11;12,,https://www.jra.go.jp/datafile/seiseki/report/2023/2023-4hanshin2.pdf
2023,2023090403,阪神,4,3,2023-09-16,12,1;2;3;4;5;6;7;8;9;10;11;12,,https://www.jra.go.jp/datafile/seiseki/report/2023/2023-4hanshin3.pdf
2023,2023090404,阪神,4,4,2023-09-17,12,1;2;3;4;5;6;7;8;9;10;11;12,,https://www.jra.go.jp/datafile/seiseki/report/2023/2023-4hanshin4.pdf
2023,2023090405,阪神,4,5,2023-09-18,12,1;2;3;4;5;6;7;8;9;10;11;12,,https://www.jra.go.jp/datafile/seiseki/report/2023/2023-4hanshin5.pdf
2023,2023090406,阪神,4,6,2023-09-23,12,1;2;3;4;5;6;7;8;9;10;11;12,,https://www.jra.go.jp/datafile/seiseki/report/2023/2023-4hanshin6.pdf
2023,2023090407,阪神,4,7,2023-09-24,12,1;2;3;4;5;6;7;8;9;10;11;12,,https://www.jra.go.jp/datafile/seiseki/report/2023/2023-4hanshin7.pdf
2023,2023090408,阪神,4,8,2023-09-30,12,1;2;3;4;5;6;7;8;9;10;11;12,,https://www.jra.go.jp/datafile/seiseki/report/2023/2023-4hanshin8.pdf
2023,2023090409,阪神,4,9,2023-10-01,12,1;2;3;4;5;6;7;8;9;10;11;12,,https://www.jra.go.jp/datafile/seiseki/report/2023/2023-4hanshin9.pdf
2023,2023090501,阪神,5,1,2023-12-02,12,1;2;3;4;5;6;7;8;9;10;11;12,,https://www.jra.go.jp/datafile/seiseki/report/2023/2023-5hanshin1.pdf
2023,2023090502,阪神,5,2,2023-12-03,12,1;2;3;4;5;6;7;8;9;10;11;12,,https://www.jra.go.jp/datafile/seiseki/report/2023/2023-5hanshin2.pdf
2023,2023090503,阪神,5,3,2023-12-09,12,1;2;3;4;5;6;7;8;9;10;11;12,,https://www.jra.go.jp/datafile/seiseki/report/2023/2023-5hanshin3.pdf
2023,2023090504,阪神,5,4,2023-12-10,12,1;2;3;4;5;6;7;8;9;10;11;12,,https://www.jra.go.jp/datafile/seiseki/report/2023/2023-5hanshin4.pdf
2023,2023090505,阪神,5,5,2023-12-16,12,1;2;3;4;5;6;7;8;9;10;11;12,,https://www.jra.go.jp/datafile/seiseki/report/2023/2023-5hanshin5.pdf
2023,2023090506,阪神,5,6,2023-12-17,12,1;2;3;4;5;6;7;8;9;10;11;12,,https://www.jra.go.jp/datafile/seiseki/report/2023/2023-5hanshin6.pdf
2023,2023090507,阪神,5,7,2023-12-23,12,1;2;3;4;5;6;7;8;9;10;11;12,,https://www.jra.go.jp/datafile/seiseki/report/2023/2023-5hanshin7.pdf
2023,2023090508,阪神,5,8,2023-12-24,12,1;2;3;4;5;6;7;8;9;10;11;12,,https://www.jra.go.jp/datafile/seiseki/report/2023/2023-5hanshin8.pdf
2023,2023090509,阪神,5,9,2023-12-28,12,1;2;3;4;5;6;7;8;9;10;11;12,,https://www.jra.go.jp/datafile/seiseki/report/2023/2023-5hanshin9.pdf
2023,2023100101,小倉,1,1,2023-01-14,12,1;2;3;4;5;6;7;8;9;10;11;12,,https://www.jra.go.jp/datafile/seiseki/report/2023/2023-1kokura1.pdf
2023,2023100102,小倉,1,2,2023-01-15,12,1;2;3;4;5;6;7;8;9;10;11;12,,https://www.jra.go.jp/datafile/seiseki/report/2023/2023-1kokura2.pdf
2023,2023100103,小倉,1,3,2023-01-21,12,1;2;3;4;5;6;7;8;9;10;11;12,,https://www.jra.go.jp/datafile/seiseki/report/2023/2023-1kokura3.pdf
2023,2023100104,小倉,1,4,2023-01-22,12,1;2;3;4;5;6;7;8;9;10;11;12,,https://www.jra.go.jp/datafile/seiseki/report/2023/2023-1kokura4.pdf
2023,2023100105,小倉,1,5,2023-01-28,12,1;2;3;4;5;6;7;8;9;10;11;12,,https://www.jra.go.jp/datafile/seiseki/report/2023/2023-1kokura5.pdf
2023,2023100106,小倉,1,6,2023-01-29,12,1;2;3;4;5;6;7;8;9;10;11;12,,https://www.jra.go.jp/datafile/seiseki/report/2023/2023-1kokura6.pdf
2023,2023100107,小倉,1,7,2023-02-04,12,1;2;3;4;5;6;7;8;9;10;11;12,,https://www.jra.go.jp/datafile/seiseki/report/2023/2023-1kokura7.pdf
2023,2023100108,小倉,1,8,2023-02-05,12,1;2;3;4;5;6;7;8;9;10;11;12,,https://www.jra.go.jp/datafile/seiseki/report/2023/2023-1kokura8.pdf
2023,2023100201,小倉,2,1,2023-02-11,12,1;2;3;4;5;6;7;8;9;10;11;12,,https://www.jra.go.jp/datafile/seiseki/report/2023/2023-2kokura1.pdf
2023,2023100202,小倉,2,2,2023-02-12,12,1;2;3;4;5;6;7;8;9;10;11;12,,https://www.jra.go.jp/datafile/seiseki/report/2023/2023-2kokura2.pdf
2023,2023100203,小倉,2,3,2023-02-18,12,1;2;3;4;5;6;7;8;9;10;11;12,,https://www.jra.go.jp/datafile/seiseki/report/2023/2023-2kokura3.pdf
2023,2023100204,小倉,2,4,2023-02-19,12,1;2;3;4;5;6;7;8;9;10;11;12,,https://www.jra.go.jp/datafile/seiseki/report/2023/2023-2kokura4.pdf
2023,2023100205,小倉,2,5,2023-02-25,12,1;2;3;4;5;6;7;8;9;10;11;12,,https://www.jra.go.jp/datafile/seiseki/report/2023/2023-2kokura5.pdf
2023,2023100206,小倉,2,6,2023-02-26,12,1;2;3;4;5;6;7;8;9;10;11;12,,https://www.jra.go.jp/datafile/seiseki/report/2023/2023-2kokura6.pdf
2023,2023100301,小倉,3,1,2023-08-12,12,1;2;3;4;5;6;7;8;9;10;11;12,,https://www.jra.go.jp/datafile/seiseki/report/2023/2023-3kokura1.pdf
2023,2023100302,小倉,3,2,2023-08-13,12,1;2;3;4;5;6;7;8;9;10;11;12,,https://www.jra.go.jp/datafile/seiseki/report/2023/2023-3kokura2.pdf
2023,2023100303,小倉,3,3,2023-08-19,12,1;2;3;4;5;6;7;8;9;10;11;12,,https://www.jra.go.jp/datafile/seiseki/report/2023/2023-3kokura3.pdf
2023,2023100304,小倉,3,4,2023-08-20,12,1;2;3;4;5;6;7;8;9;10;11;12,,https://www.jra.go.jp/datafile/seiseki/report/2023/2023-3kokura4.pdf
2023,2023100305,小倉,3,5,2023-08-26,12,1;2;3;4;5;6;7;8;9;10;11;12,,https://www.jra.go.jp/datafile/seiseki/report/2023/2023-3kokura5.pdf
2023,2023100306,小倉,3,6,2023-08-27,12,1;2;3;4;5;6;7;8;9;10;11;12,,https://www.jra.go.jp/datafile/seiseki/report/2023/2023-3kokura6.pdf
2023,2023100307,小倉,3,7,2023-09-02,12,1;2;3;4;5;6;7;8;9;10;11;12,,https://www.jra.go.jp/datafile/seiseki/report/2023/2023-3kokura7.pdf
2023,2023100308,小倉,3,8,2023-09-03,12,1;2;3;4;5;6;7;8;9;10;11;12,,https://www.jra.go.jp/datafile/seiseki/report/2023/2023-3kokura8.pdf
2024,2024010101,札幌,1,1,2024-07-20,12,1;2;3;4;5;6;7;8;9;10;11;12,,https://www.jra.go.jp/datafile/seiseki/report/2024/2024-1sapporo1.pdf
2024,2024010102,札幌,1,2,2024-07-21,12,1;2;3;4;5;6;7;8;9;10;11;12,,https://www.jra.go.jp/datafile/seiseki/report/2024/2024-1sapporo2.pdf
2024,2024010103,札幌,1,3,2024-07-27,12,1;2;3;4;5;6;7;8;9;10;11;12,,https://www.jra.go.jp/datafile/seiseki/report/2024/2024-1sapporo3.pdf
2024,2024010104,札幌,1,4,2024-07-28,12,1;2;3;4;5;6;7;8;9;10;11;12,,https://www.jra.go.jp/datafile/seiseki/report/2024/2024-1sapporo4.pdf
2024,2024010105,札幌,1,5,2024-08-03,12,1;2;3;4;5;6;7;8;9;10;11;12,,https://www.jra.go.jp/datafile/seiseki/report/2024/2024-1sapporo5.pdf
2024,2024010106,札幌,1,6,2024-08-04,12,1;2;3;4;5;6;7;8;9;10;11;12,,https://www.jra.go.jp/datafile/seiseki/report/2024/2024-1sapporo6.pdf
2024,2024010201,札幌,2,1,2024-08-10,12,1;2;3;4;5;6;7;8;9;10;11;12,,https://www.jra.go.jp/datafile/seiseki/report/2024/2024-2sapporo1.pdf
2024,2024010202,札幌,2,2,2024-08-11,12,1;2;3;4;5;6;7;8;9;10;11;12,,https://www.jra.go.jp/datafile/seiseki/report/2024/2024-2sapporo2.pdf
2024,2024010203,札幌,2,3,2024-08-17,12,1;2;3;4;5;6;7;8;9;10;11;12,,https://www.jra.go.jp/datafile/seiseki/report/2024/2024-2sapporo3.pdf
2024,2024010204,札幌,2,4,2024-08-18,12,1;2;3;4;5;6;7;8;9;10;11;12,,https://www.jra.go.jp/datafile/seiseki/report/2024/2024-2sapporo4.pdf
2024,2024010205,札幌,2,5,2024-08-24,12,1;2;3;4;5;6;7;8;9;10;11;12,,https://www.jra.go.jp/datafile/seiseki/report/2024/2024-2sapporo5.pdf
2024,2024010206,札幌,2,6,2024-08-25,12,1;2;3;4;5;6;7;8;9;10;11;12,,https://www.jra.go.jp/datafile/seiseki/report/2024/2024-2sapporo6.pdf
2024,2024010207,札幌,2,7,2024-08-31,12,1;2;3;4;5;6;7;8;9;10;11;12,,https://www.jra.go.jp/datafile/seiseki/report/2024/2024-2sapporo7.pdf
2024,2024010208,札幌,2,8,2024-09-01,12,1;2;3;4;5;6;7;8;9;10;11;12,,https://www.jra.go.jp/datafile/seiseki/report/2024/2024-2sapporo8.pdf
2024,2024020101,函館,1,1,2024-06-08,12,1;2;3;4;5;6;7;8;9;10;11;12,,https://www.jra.go.jp/datafile/seiseki/report/2024/2024-1hakodate1.pdf
2024,2024020102,函館,1,2,2024-06-09,12,1;2;3;4;5;6;7;8;9;10;11;12,,https://www.jra.go.jp/datafile/seiseki/report/2024/2024-1hakodate2.pdf
2024,2024020103,函館,1,3,2024-06-15,12,1;2;3;4;5;6;7;8;9;10;11;12,,https://www.jra.go.jp/datafile/seiseki/report/2024/2024-1hakodate3.pdf
2024,2024020104,函館,1,4,2024-06-16,12,1;2;3;4;5;6;7;8;9;10;11;12,,https://www.jra.go.jp/datafile/seiseki/report/2024/2024-1hakodate4.pdf
2024,2024020105,函館,1,5,2024-06-22,12,1;2;3;4;5;6;7;8;9;10;11;12,,https://www.jra.go.jp/datafile/seiseki/report/2024/2024-1hakodate5.pdf
2024,2024020106,函館,1,6,2024-06-23,12,1;2;3;4;5;6;7;8;9;10;11;12,,https://www.jra.go.jp/datafile/seiseki/report/2024/2024-1hakodate6.pdf
2024,2024020107,函館,1,7,2024-06-29,12,1;2;3;4;5;6;7;8;9;10;11;12,,https://www.jra.go.jp/datafile/seiseki/report/2024/2024-1hakodate7.pdf
2024,2024020108,函館,1,8,2024-06-30,12,1;2;3;4;5;6;7;8;9;10;11;12,,https://www.jra.go.jp/datafile/seiseki/report/2024/2024-1hakodate8.pdf
2024,2024020109,函館,1,9,2024-07-06,12,1;2;3;4;5;6;7;8;9;10;11;12,,https://www.jra.go.jp/datafile/seiseki/report/2024/2024-1hakodate9.pdf
2024,2024020110,函館,1,10,2024-07-07,12,1;2;3;4;5;6;7;8;9;10;11;12,,https://www.jra.go.jp/datafile/seiseki/report/2024/2024-1hakodate10.pdf
2024,2024020111,函館,1,11,2024-07-13,12,1;2;3;4;5;6;7;8;9;10;11;12,,https://www.jra.go.jp/datafile/seiseki/report/2024/2024-1hakodate11.pdf
2024,2024020112,函館,1,12,2024-07-14,12,1;2;3;4;5;6;7;8;9;10;11;12,,https://www.jra.go.jp/datafile/seiseki/report/2024/2024-1hakodate12.pdf
2024,2024030101,福島,1,1,2024-04-06,12,1;2;3;4;5;6;7;8;9;10;11;12,,https://www.jra.go.jp/datafile/seiseki/report/2024/2024-1fukushima1.pdf
2024,2024030102,福島,1,2,2024-04-07,12,1;2;3;4;5;6;7;8;9;10;11;12,,https://www.jra.go.jp/datafile/seiseki/report/2024/2024-1fukushima2.pdf
2024,2024030103,福島,1,3,2024-04-13,12,1;2;3;4;5;6;7;8;9;10;11;12,,https://www.jra.go.jp/datafile/seiseki/report/2024/2024-1fukushima3.pdf
2024,2024030104,福島,1,4,2024-04-14,12,1;2;3;4;5;6;7;8;9;10;11;12,,https://www.jra.go.jp/datafile/seiseki/report/2024/2024-1fukushima4.pdf
2024,2024030105,福島,1,5,2024-04-20,12,1;2;3;4;5;6;7;8;9;10;11;12,,https://www.jra.go.jp/datafile/seiseki/report/2024/2024-1fukushima5.pdf
2024,2024030106,福島,1,6,2024-04-21,12,1;2;3;4;5;6;7;8;9;10;11;12,,https://www.jra.go.jp/datafile/seiseki/report/2024/2024-1fukushima6.pdf
2024,2024030201,福島,2,1,2024-06-29,12,1;2;3;4;5;6;7;8;9;10;11;12,,https://www.jra.go.jp/datafile/seiseki/report/2024/2024-2fukushima1.pdf
2024,2024030202,福島,2,2,2024-06-30,12,1;2;3;4;5;6;7;8;9;10;11;12,,https://www.jra.go.jp/datafile/seiseki/report/2024/2024-2fukushima2.pdf
2024,2024030203,福島,2,3,2024-07-06,12,1;2;3;4;5;6;7;8;9;10;11;12,,https://www.jra.go.jp/datafile/seiseki/report/2024/2024-2fukushima3.pdf
2024,2024030204,福島,2,4,2024-07-07,12,1;2;3;4;5;6;7;8;9;10;11;12,,https://www.jra.go.jp/datafile/seiseki/report/2024/2024-2fukushima4.pdf
2024,2024030205,福島,2,5,2024-07-13,12,1;2;3;4;5;6;7;8;9;10;11;12,,https://www.jra.go.jp/datafile/seiseki/report/2024/2024-2fukushima5.pdf
2024,2024030206,福島,2,6,2024-07-14,12,1;2;3;4;5;6;7;8;9;10;11;12,,https://www.jra.go.jp/datafile/seiseki/report/2024/2024-2fukushima6.pdf
2024,2024030207,福島,2,7,2024-07-20,12,1;2;3;4;5;6;7;8;9;10;11;12,,https://www.jra.go.jp/datafile/seiseki/report/2024/2024-2fukushima7.pdf
2024,2024030208,福島,2,8,2024-07-21,12,1;2;3;4;5;6;7;8;9;10;11;12,,https://www.jra.go.jp/datafile/seiseki/report/2024/2024-2fukushima8.pdf
2024,2024030301,福島,3,1,2024-11-02,12,1;2;3;4;5;6;7;8;9;10;11;12,,https://www.jra.go.jp/datafile/seiseki/report/2024/2024-3fukushima1.pdf
2024,2024030302,福島,3,2,2024-11-03,12,1;2;3;4;5;6;7;8;9;10;11;12,,https://www.jra.go.jp/datafile/seiseki/report/2024/2024-3fukushima2.pdf
2024,2024030303,福島,3,3,2024-11-09,12,1;2;3;4;5;6;7;8;9;10;11;12,,https://www.jra.go.jp/datafile/seiseki/report/2024/2024-3fukushima3.pdf
2024,2024030304,福島,3,4,2024-11-10,12,1;2;3;4;5;6;7;8;9;10;11;12,,https://www.jra.go.jp/datafile/seiseki/report/2024/2024-3fukushima4.pdf
2024,2024030305,福島,3,5,2024-11-16,12,1;2;3;4;5;6;7;8;9;10;11;12,,https://www.jra.go.jp/datafile/seiseki/report/2024/2024-3fukushima5.pdf
2024,2024030306,福島,3,6,2024-11-17,12,1;2;3;4;5;6;7;8;9;10;11;12,,https://www.jra.go.jp/datafile/seiseki/report/2024/2024-3fukushima6.pdf
2024,2024040101,新潟,1,1,2024-04-27,12,1;2;3;4;5;6;7;8;9;10;11;12,,https://www.jra.go.jp/datafile/seiseki/report/2024/2024-1niigata1.pdf
2024,2024040102,新潟,1,2,2024-04-28,12,1;2;3;4;5;6;7;8;9;10;11;12,,https://www.jra.go.jp/datafile/seiseki/report/2024/2024-1niigata2.pdf
2024,2024040103,新潟,1,3,2024-05-04,12,1;2;3;4;5;6;7;8;9;10;11;12,,https://www.jra.go.jp/datafile/seiseki/report/2024/2024-1niigata3.pdf
2024,2024040104,新潟,1,4,2024-05-05,12,1;2;3;4;5;6;7;8;9;10;11;12,,https://www.jra.go.jp/datafile/seiseki/report/2024/2024-1niigata4.pdf
2024,2024040105,新潟,1,5,2024-05-11,12,1;2;3;4;5;6;7;8;9;10;11;12,,https://www.jra.go.jp/datafile/seiseki/report/2024/2024-1niigata5.pdf
2024,2024040106,新潟,1,6,2024-05-12,12,1;2;3;4;5;6;7;8;9;10;11;12,,https://www.jra.go.jp/datafile/seiseki/report/2024/2024-1niigata6.pdf
2024,2024040107,新潟,1,7,2024-05-18,12,1;2;3;4;5;6;7;8;9;10;11;12,,https://www.jra.go.jp/datafile/seiseki/report/2024/2024-1niigata7.pdf
2024,2024040108,新潟,1,8,2024-05-19,12,1;2;3;4;5;6;7;8;9;10;11;12,,https://www.jra.go.jp/datafile/seiseki/report/2024/2024-1niigata8.pdf
2024,2024040201,新潟,2,1,2024-07-27,12,1;2;3;4;5;6;7;8;9;10;11;12,,https://www.jra.go.jp/datafile/seiseki/report/2024/2024-2niigata1.pdf
2024,2024040202,新潟,2,2,2024-07-28,12,1;2;3;4;5;6;7;8;9;10;11;12,,https://www.jra.go.jp/datafile/seiseki/report/2024/2024-2niigata2.pdf
2024,2024040203,新潟,2,3,2024-08-03,12,1;2;3;4;5;6;7;8;9;10;11;12,,https://www.jra.go.jp/datafile/seiseki/report/2024/2024-2niigata3.pdf
2024,2024040204,新潟,2,4,2024-08-04,12,1;2;3;4;5;6;7;8;9;10;11;12,,https://www.jra.go.jp/datafile/seiseki/report/2024/2024-2niigata4.pdf
2024,2024040301,新潟,3,1,2024-08-10,12,1;2;3;4;5;6;7;8;9;10;11;12,,https://www.jra.go.jp/datafile/seiseki/report/2024/2024-3niigata1.pdf
2024,2024040302,新潟,3,2,2024-08-11,12,1;2;3;4;5;6;7;8;9;10;11;12,,https://www.jra.go.jp/datafile/seiseki/report/2024/2024-3niigata2.pdf
2024,2024040303,新潟,3,3,2024-08-17,12,1;2;3;4;5;6;7;8;9;10;11;12,,https://www.jra.go.jp/datafile/seiseki/report/2024/2024-3niigata3.pdf
2024,2024040304,新潟,3,4,2024-08-18,12,1;2;3;4;5;6;7;8;9;10;11;12,,https://www.jra.go.jp/datafile/seiseki/report/2024/2024-3niigata4.pdf
2024,2024040305,新潟,3,5,2024-08-24,12,1;2;3;4;5;6;7;8;9;10;11;12,,https://www.jra.go.jp/datafile/seiseki/report/2024/2024-3niigata5.pdf
2024,2024040306,新潟,3,6,2024-08-25,11,1;2;3;4;5;6;7;8;9;10;11,12,https://www.jra.go.jp/datafile/seiseki/report/2024/2024-3niigata6.pdf
2024,2024040307,新潟,3,7,2024-08-31,12,1;2;3;4;5;6;7;8;9;10;11;12,,https://www.jra.go.jp/datafile/seiseki/report/2024/2024-3niigata7.pdf
2024,2024040308,新潟,3,8,2024-09-01,12,1;2;3;4;5;6;7;8;9;10;11;12,,https://www.jra.go.jp/datafile/seiseki/report/2024/2024-3niigata8.pdf
2024,2024040401,新潟,4,1,2024-10-05,12,1;2;3;4;5;6;7;8;9;10;11;12,,https://www.jra.go.jp/datafile/seiseki/report/2024/2024-4niigata1.pdf
2024,2024040402,新潟,4,2,2024-10-06,12,1;2;3;4;5;6;7;8;9;10;11;12,,https://www.jra.go.jp/datafile/seiseki/report/2024/2024-4niigata2.pdf
2024,2024040403,新潟,4,3,2024-10-12,12,1;2;3;4;5;6;7;8;9;10;11;12,,https://www.jra.go.jp/datafile/seiseki/report/2024/2024-4niigata3.pdf
2024,2024040404,新潟,4,4,2024-10-14,12,1;2;3;4;5;6;7;8;9;10;11;12,,https://www.jra.go.jp/datafile/seiseki/report/2024/2024-4niigata4.pdf
2024,2024040405,新潟,4,5,2024-10-19,12,1;2;3;4;5;6;7;8;9;10;11;12,,https://www.jra.go.jp/datafile/seiseki/report/2024/2024-4niigata5.pdf
2024,2024040406,新潟,4,6,2024-10-20,12,1;2;3;4;5;6;7;8;9;10;11;12,,https://www.jra.go.jp/datafile/seiseki/report/2024/2024-4niigata6.pdf
2024,2024040407,新潟,4,7,2024-10-26,12,1;2;3;4;5;6;7;8;9;10;11;12,,https://www.jra.go.jp/datafile/seiseki/report/2024/2024-4niigata7.pdf
2024,2024040408,新潟,4,8,2024-10-27,12,1;2;3;4;5;6;7;8;9;10;11;12,,https://www.jra.go.jp/datafile/seiseki/report/2024/2024-4niigata8.pdf
2024,2024050101,東京,1,1,2024-01-27,12,1;2;3;4;5;6;7;8;9;10;11;12,,https://www.jra.go.jp/datafile/seiseki/report/2024/2024-1tokyo1.pdf
2024,2024050102,東京,1,2,2024-01-28,12,1;2;3;4;5;6;7;8;9;10;11;12,,https://www.jra.go.jp/datafile/seiseki/report/2024/2024-1tokyo2.pdf
2024,2024050103,東京,1,3,2024-02-03,12,1;2;3;4;5;6;7;8;9;10;11;12,,https://www.jra.go.jp/datafile/seiseki/report/2024/2024-1tokyo3.pdf
2024,2024050104,東京,1,4,2024-02-04,12,1;2;3;4;5;6;7;8;9;10;11;12,,https://www.jra.go.jp/datafile/seiseki/report/2024/2024-1tokyo4.pdf
2024,2024050105,東京,1,5,2024-02-10,12,1;2;3;4;5;6;7;8;9;10;11;12,,https://www.jra.go.jp/datafile/seiseki/report/2024/2024-1tokyo5.pdf
2024,2024050106,東京,1,6,2024-02-11,12,1;2;3;4;5;6;7;8;9;10;11;12,,https://www.jra.go.jp/datafile/seiseki/report/2024/2024-1tokyo6.pdf
2024,2024050107,東京,1,7,2024-02-17,12,1;2;3;4;5;6;7;8;9;10;11;12,,https://www.jra.go.jp/datafile/seiseki/report/2024/2024-1tokyo7.pdf
2024,2024050108,東京,1,8,2024-02-18,12,1;2;3;4;5;6;7;8;9;10;11;12,,https://www.jra.go.jp/datafile/seiseki/report/2024/2024-1tokyo8.pdf
2024,2024050201,東京,2,1,2024-04-20,12,1;2;3;4;5;6;7;8;9;10;11;12,,https://www.jra.go.jp/datafile/seiseki/report/2024/2024-2tokyo1.pdf
2024,2024050202,東京,2,2,2024-04-21,12,1;2;3;4;5;6;7;8;9;10;11;12,,https://www.jra.go.jp/datafile/seiseki/report/2024/2024-2tokyo2.pdf
2024,2024050203,東京,2,3,2024-04-27,12,1;2;3;4;5;6;7;8;9;10;11;12,,https://www.jra.go.jp/datafile/seiseki/report/2024/2024-2tokyo3.pdf
2024,2024050204,東京,2,4,2024-04-28,12,1;2;3;4;5;6;7;8;9;10;11;12,,https://www.jra.go.jp/datafile/seiseki/report/2024/2024-2tokyo4.pdf
2024,2024050205,東京,2,5,2024-05-04,12,1;2;3;4;5;6;7;8;9;10;11;12,,https://www.jra.go.jp/datafile/seiseki/report/2024/2024-2tokyo5.pdf
2024,2024050206,東京,2,6,2024-05-05,12,1;2;3;4;5;6;7;8;9;10;11;12,,https://www.jra.go.jp/datafile/seiseki/report/2024/2024-2tokyo6.pdf
2024,2024050207,東京,2,7,2024-05-11,12,1;2;3;4;5;6;7;8;9;10;11;12,,https://www.jra.go.jp/datafile/seiseki/report/2024/2024-2tokyo7.pdf
2024,2024050208,東京,2,8,2024-05-12,12,1;2;3;4;5;6;7;8;9;10;11;12,,https://www.jra.go.jp/datafile/seiseki/report/2024/2024-2tokyo8.pdf
2024,2024050209,東京,2,9,2024-05-18,12,1;2;3;4;5;6;7;8;9;10;11;12,,https://www.jra.go.jp/datafile/seiseki/report/2024/2024-2tokyo9.pdf
2024,2024050210,東京,2,10,2024-05-19,12,1;2;3;4;5;6;7;8;9;10;11;12,,https://www.jra.go.jp/datafile/seiseki/report/2024/2024-2tokyo10.pdf
2024,2024050211,東京,2,11,2024-05-25,12,1;2;3;4;5;6;7;8;9;10;11;12,,https://www.jra.go.jp/datafile/seiseki/report/2024/2024-2tokyo11.pdf
2024,2024050212,東京,2,12,2024-05-26,12,1;2;3;4;5;6;7;8;9;10;11;12,,https://www.jra.go.jp/datafile/seiseki/report/2024/2024-2tokyo12.pdf
2024,2024050301,東京,3,1,2024-06-01,12,1;2;3;4;5;6;7;8;9;10;11;12,,https://www.jra.go.jp/datafile/seiseki/report/2024/2024-3tokyo1.pdf
2024,2024050302,東京,3,2,2024-06-02,12,1;2;3;4;5;6;7;8;9;10;11;12,,https://www.jra.go.jp/datafile/seiseki/report/2024/2024-3tokyo2.pdf
2024,2024050303,東京,3,3,2024-06-08,12,1;2;3;4;5;6;7;8;9;10;11;12,,https://www.jra.go.jp/datafile/seiseki/report/2024/2024-3tokyo3.pdf
2024,2024050304,東京,3,4,2024-06-09,12,1;2;3;4;5;6;7;8;9;10;11;12,,https://www.jra.go.jp/datafile/seiseki/report/2024/2024-3tokyo4.pdf
2024,2024050305,東京,3,5,2024-06-15,12,1;2;3;4;5;6;7;8;9;10;11;12,,https://www.jra.go.jp/datafile/seiseki/report/2024/2024-3tokyo5.pdf
2024,2024050306,東京,3,6,2024-06-16,12,1;2;3;4;5;6;7;8;9;10;11;12,,https://www.jra.go.jp/datafile/seiseki/report/2024/2024-3tokyo6.pdf
2024,2024050307,東京,3,7,2024-06-22,12,1;2;3;4;5;6;7;8;9;10;11;12,,https://www.jra.go.jp/datafile/seiseki/report/2024/2024-3tokyo7.pdf
2024,2024050308,東京,3,8,2024-06-23,12,1;2;3;4;5;6;7;8;9;10;11;12,,https://www.jra.go.jp/datafile/seiseki/report/2024/2024-3tokyo8.pdf
2024,2024050401,東京,4,1,2024-10-05,12,1;2;3;4;5;6;7;8;9;10;11;12,,https://www.jra.go.jp/datafile/seiseki/report/2024/2024-4tokyo1.pdf
2024,2024050402,東京,4,2,2024-10-06,12,1;2;3;4;5;6;7;8;9;10;11;12,,https://www.jra.go.jp/datafile/seiseki/report/2024/2024-4tokyo2.pdf
2024,2024050403,東京,4,3,2024-10-13,12,1;2;3;4;5;6;7;8;9;10;11;12,,https://www.jra.go.jp/datafile/seiseki/report/2024/2024-4tokyo3.pdf
2024,2024050404,東京,4,4,2024-10-14,12,1;2;3;4;5;6;7;8;9;10;11;12,,https://www.jra.go.jp/datafile/seiseki/report/2024/2024-4tokyo4.pdf
2024,2024050405,東京,4,5,2024-10-19,12,1;2;3;4;5;6;7;8;9;10;11;12,,https://www.jra.go.jp/datafile/seiseki/report/2024/2024-4tokyo5.pdf
2024,2024050406,東京,4,6,2024-10-20,12,1;2;3;4;5;6;7;8;9;10;11;12,,https://www.jra.go.jp/datafile/seiseki/report/2024/2024-4tokyo6.pdf
2024,2024050407,東京,4,7,2024-10-26,12,1;2;3;4;5;6;7;8;9;10;11;12,,https://www.jra.go.jp/datafile/seiseki/report/2024/2024-4tokyo7.pdf
2024,2024050408,東京,4,8,2024-10-27,12,1;2;3;4;5;6;7;8;9;10;11;12,,https://www.jra.go.jp/datafile/seiseki/report/2024/2024-4tokyo8.pdf
2024,2024050501,東京,5,1,2024-11-02,12,1;2;3;4;5;6;7;8;9;10;11;12,,https://www.jra.go.jp/datafile/seiseki/report/2024/2024-5tokyo1.pdf
2024,2024050502,東京,5,2,2024-11-03,12,1;2;3;4;5;6;7;8;9;10;11;12,,https://www.jra.go.jp/datafile/seiseki/report/2024/2024-5tokyo2.pdf
2024,2024050503,東京,5,3,2024-11-09,12,1;2;3;4;5;6;7;8;9;10;11;12,,https://www.jra.go.jp/datafile/seiseki/report/2024/2024-5tokyo3.pdf
2024,2024050504,東京,5,4,2024-11-10,12,1;2;3;4;5;6;7;8;9;10;11;12,,https://www.jra.go.jp/datafile/seiseki/report/2024/2024-5tokyo4.pdf
2024,2024050505,東京,5,5,2024-11-16,12,1;2;3;4;5;6;7;8;9;10;11;12,,https://www.jra.go.jp/datafile/seiseki/report/2024/2024-5tokyo5.pdf
2024,2024050506,東京,5,6,2024-11-17,12,1;2;3;4;5;6;7;8;9;10;11;12,,https://www.jra.go.jp/datafile/seiseki/report/2024/2024-5tokyo6.pdf
2024,2024050507,東京,5,7,2024-11-23,12,1;2;3;4;5;6;7;8;9;10;11;12,,https://www.jra.go.jp/datafile/seiseki/report/2024/2024-5tokyo7.pdf
2024,2024050508,東京,5,8,2024-11-24,12,1;2;3;4;5;6;7;8;9;10;11;12,,https://www.jra.go.jp/datafile/seiseki/report/2024/2024-5tokyo8.pdf
2024,2024060101,中山,1,1,2024-01-06,12,1;2;3;4;5;6;7;8;9;10;11;12,,https://www.jra.go.jp/datafile/seiseki/report/2024/2024-1nakayama1.pdf
2024,2024060102,中山,1,2,2024-01-07,12,1;2;3;4;5;6;7;8;9;10;11;12,,https://www.jra.go.jp/datafile/seiseki/report/2024/2024-1nakayama2.pdf
2024,2024060103,中山,1,3,2024-01-08,12,1;2;3;4;5;6;7;8;9;10;11;12,,https://www.jra.go.jp/datafile/seiseki/report/2024/2024-1nakayama3.pdf
2024,2024060104,中山,1,4,2024-01-13,12,1;2;3;4;5;6;7;8;9;10;11;12,,https://www.jra.go.jp/datafile/seiseki/report/2024/2024-1nakayama4.pdf
2024,2024060105,中山,1,5,2024-01-14,12,1;2;3;4;5;6;7;8;9;10;11;12,,https://www.jra.go.jp/datafile/seiseki/report/2024/2024-1nakayama5.pdf
2024,2024060106,中山,1,6,2024-01-20,12,1;2;3;4;5;6;7;8;9;10;11;12,,https://www.jra.go.jp/datafile/seiseki/report/2024/2024-1nakayama6.pdf
2024,2024060107,中山,1,7,2024-01-21,12,1;2;3;4;5;6;7;8;9;10;11;12,,https://www.jra.go.jp/datafile/seiseki/report/2024/2024-1nakayama7.pdf
2024,2024060201,中山,2,1,2024-02-24,12,1;2;3;4;5;6;7;8;9;10;11;12,,https://www.jra.go.jp/datafile/seiseki/report/2024/2024-2nakayama1.pdf
2024,2024060202,中山,2,2,2024-02-25,12,1;2;3;4;5;6;7;8;9;10;11;12,,https://www.jra.go.jp/datafile/seiseki/report/2024/2024-2nakayama2.pdf
2024,2024060203,中山,2,3,2024-03-02,12,1;2;3;4;5;6;7;8;9;10;11;12,,https://www.jra.go.jp/datafile/seiseki/report/2024/2024-2nakayama3.pdf
2024,2024060204,中山,2,4,2024-03-03,12,1;2;3;4;5;6;7;8;9;10;11;12,,https://www.jra.go.jp/datafile/seiseki/report/2024/2024-2nakayama4.pdf
2024,2024060205,中山,2,5,2024-03-09,12,1;2;3;4;5;6;7;8;9;10;11;12,,https://www.jra.go.jp/datafile/seiseki/report/2024/2024-2nakayama5.pdf
2024,2024060206,中山,2,6,2024-03-10,12,1;2;3;4;5;6;7;8;9;10;11;12,,https://www.jra.go.jp/datafile/seiseki/report/2024/2024-2nakayama6.pdf
2024,2024060207,中山,2,7,2024-03-16,12,1;2;3;4;5;6;7;8;9;10;11;12,,https://www.jra.go.jp/datafile/seiseki/report/2024/2024-2nakayama7.pdf
2024,2024060208,中山,2,8,2024-03-17,12,1;2;3;4;5;6;7;8;9;10;11;12,,https://www.jra.go.jp/datafile/seiseki/report/2024/2024-2nakayama8.pdf
2024,2024060301,中山,3,1,2024-03-23,12,1;2;3;4;5;6;7;8;9;10;11;12,,https://www.jra.go.jp/datafile/seiseki/report/2024/2024-3nakayama1.pdf
2024,2024060302,中山,3,2,2024-03-24,12,1;2;3;4;5;6;7;8;9;10;11;12,,https://www.jra.go.jp/datafile/seiseki/report/2024/2024-3nakayama2.pdf
2024,2024060303,中山,3,3,2024-03-30,12,1;2;3;4;5;6;7;8;9;10;11;12,,https://www.jra.go.jp/datafile/seiseki/report/2024/2024-3nakayama3.pdf
2024,2024060304,中山,3,4,2024-03-31,12,1;2;3;4;5;6;7;8;9;10;11;12,,https://www.jra.go.jp/datafile/seiseki/report/2024/2024-3nakayama4.pdf
2024,2024060305,中山,3,5,2024-04-06,12,1;2;3;4;5;6;7;8;9;10;11;12,,https://www.jra.go.jp/datafile/seiseki/report/2024/2024-3nakayama5.pdf
2024,2024060306,中山,3,6,2024-04-07,12,1;2;3;4;5;6;7;8;9;10;11;12,,https://www.jra.go.jp/datafile/seiseki/report/2024/2024-3nakayama6.pdf
2024,2024060307,中山,3,7,2024-04-13,12,1;2;3;4;5;6;7;8;9;10;11;12,,https://www.jra.go.jp/datafile/seiseki/report/2024/2024-3nakayama7.pdf
2024,2024060308,中山,3,8,2024-04-14,12,1;2;3;4;5;6;7;8;9;10;11;12,,https://www.jra.go.jp/datafile/seiseki/report/2024/2024-3nakayama8.pdf
2024,2024060401,中山,4,1,2024-09-07,12,1;2;3;4;5;6;7;8;9;10;11;12,,https://www.jra.go.jp/datafile/seiseki/report/2024/2024-4nakayama1.pdf
2024,2024060402,中山,4,2,2024-09-08,12,1;2;3;4;5;6;7;8;9;10;11;12,,https://www.jra.go.jp/datafile/seiseki/report/2024/2024-4nakayama2.pdf
2024,2024060403,中山,4,3,2024-09-14,12,1;2;3;4;5;6;7;8;9;10;11;12,,https://www.jra.go.jp/datafile/seiseki/report/2024/2024-4nakayama3.pdf
2024,2024060404,中山,4,4,2024-09-15,12,1;2;3;4;5;6;7;8;9;10;11;12,,https://www.jra.go.jp/datafile/seiseki/report/2024/2024-4nakayama4.pdf
2024,2024060405,中山,4,5,2024-09-16,12,1;2;3;4;5;6;7;8;9;10;11;12,,https://www.jra.go.jp/datafile/seiseki/report/2024/2024-4nakayama5.pdf
2024,2024060406,中山,4,6,2024-09-21,12,1;2;3;4;5;6;7;8;9;10;11;12,,https://www.jra.go.jp/datafile/seiseki/report/2024/2024-4nakayama6.pdf
2024,2024060407,中山,4,7,2024-09-22,12,1;2;3;4;5;6;7;8;9;10;11;12,,https://www.jra.go.jp/datafile/seiseki/report/2024/2024-4nakayama7.pdf
2024,2024060408,中山,4,8,2024-09-28,12,1;2;3;4;5;6;7;8;9;10;11;12,,https://www.jra.go.jp/datafile/seiseki/report/2024/2024-4nakayama8.pdf
2024,2024060409,中山,4,9,2024-09-29,12,1;2;3;4;5;6;7;8;9;10;11;12,,https://www.jra.go.jp/datafile/seiseki/report/2024/2024-4nakayama9.pdf
2024,2024060501,中山,5,1,2024-11-30,12,1;2;3;4;5;6;7;8;9;10;11;12,,https://www.jra.go.jp/datafile/seiseki/report/2024/2024-5nakayama1.pdf
2024,2024060502,中山,5,2,2024-12-01,12,1;2;3;4;5;6;7;8;9;10;11;12,,https://www.jra.go.jp/datafile/seiseki/report/2024/2024-5nakayama2.pdf
2024,2024060503,中山,5,3,2024-12-07,12,1;2;3;4;5;6;7;8;9;10;11;12,,https://www.jra.go.jp/datafile/seiseki/report/2024/2024-5nakayama3.pdf
2024,2024060504,中山,5,4,2024-12-08,12,1;2;3;4;5;6;7;8;9;10;11;12,,https://www.jra.go.jp/datafile/seiseki/report/2024/2024-5nakayama4.pdf
2024,2024060505,中山,5,5,2024-12-14,12,1;2;3;4;5;6;7;8;9;10;11;12,,https://www.jra.go.jp/datafile/seiseki/report/2024/2024-5nakayama5.pdf
2024,2024060506,中山,5,6,2024-12-15,12,1;2;3;4;5;6;7;8;9;10;11;12,,https://www.jra.go.jp/datafile/seiseki/report/2024/2024-5nakayama6.pdf
2024,2024060507,中山,5,7,2024-12-21,12,1;2;3;4;5;6;7;8;9;10;11;12,,https://www.jra.go.jp/datafile/seiseki/report/2024/2024-5nakayama7.pdf
2024,2024060508,中山,5,8,2024-12-22,12,1;2;3;4;5;6;7;8;9;10;11;12,,https://www.jra.go.jp/datafile/seiseki/report/2024/2024-5nakayama8.pdf
2024,2024060509,中山,5,9,2024-12-28,12,1;2;3;4;5;6;7;8;9;10;11;12,,https://www.jra.go.jp/datafile/seiseki/report/2024/2024-5nakayama9.pdf
2024,2024070101,中京,1,1,2024-03-09,12,1;2;3;4;5;6;7;8;9;10;11;12,,https://www.jra.go.jp/datafile/seiseki/report/2024/2024-1chukyo1.pdf
2024,2024070102,中京,1,2,2024-03-10,12,1;2;3;4;5;6;7;8;9;10;11;12,,https://www.jra.go.jp/datafile/seiseki/report/2024/2024-1chukyo2.pdf
2024,2024070103,中京,1,3,2024-03-16,12,1;2;3;4;5;6;7;8;9;10;11;12,,https://www.jra.go.jp/datafile/seiseki/report/2024/2024-1chukyo3.pdf
2024,2024070104,中京,1,4,2024-03-17,12,1;2;3;4;5;6;7;8;9;10;11;12,,https://www.jra.go.jp/datafile/seiseki/report/2024/2024-1chukyo4.pdf
2024,2024070105,中京,1,5,2024-03-23,12,1;2;3;4;5;6;7;8;9;10;11;12,,https://www.jra.go.jp/datafile/seiseki/report/2024/2024-1chukyo5.pdf
2024,2024070106,中京,1,6,2024-03-24,12,1;2;3;4;5;6;7;8;9;10;11;12,,https://www.jra.go.jp/datafile/seiseki/report/2024/2024-1chukyo6.pdf
2024,2024070201,中京,2,1,2024-08-10,12,1;2;3;4;5;6;7;8;9;10;11;12,,https://www.jra.go.jp/datafile/seiseki/report/2024/2024-2chukyo1.pdf
2024,2024070202,中京,2,2,2024-08-11,12,1;2;3;4;5;6;7;8;9;10;11;12,,https://www.jra.go.jp/datafile/seiseki/report/2024/2024-2chukyo2.pdf
2024,2024070203,中京,2,3,2024-08-17,12,1;2;3;4;5;6;7;8;9;10;11;12,,https://www.jra.go.jp/datafile/seiseki/report/2024/2024-2chukyo3.pdf
2024,2024070204,中京,2,4,2024-08-18,12,1;2;3;4;5;6;7;8;9;10;11;12,,https://www.jra.go.jp/datafile/seiseki/report/2024/2024-2chukyo4.pdf
2024,2024070205,中京,2,5,2024-08-24,12,1;2;3;4;5;6;7;8;9;10;11;12,,https://www.jra.go.jp/datafile/seiseki/report/2024/2024-2chukyo5.pdf
2024,2024070206,中京,2,6,2024-08-25,12,1;2;3;4;5;6;7;8;9;10;11;12,,https://www.jra.go.jp/datafile/seiseki/report/2024/2024-2chukyo6.pdf
2024,2024070207,中京,2,7,2024-08-31,12,1;2;3;4;5;6;7;8;9;10;11;12,,https://www.jra.go.jp/datafile/seiseki/report/2024/2024-2chukyo7.pdf
2024,2024070208,中京,2,8,2024-09-01,12,1;2;3;4;5;6;7;8;9;10;11;12,,https://www.jra.go.jp/datafile/seiseki/report/2024/2024-2chukyo8.pdf
2024,2024070301,中京,3,1,2024-09-07,12,1;2;3;4;5;6;7;8;9;10;11;12,,https://www.jra.go.jp/datafile/seiseki/report/2024/2024-3chukyo1.pdf
2024,2024070302,中京,3,2,2024-09-08,12,1;2;3;4;5;6;7;8;9;10;11;12,,https://www.jra.go.jp/datafile/seiseki/report/2024/2024-3chukyo2.pdf
2024,2024070303,中京,3,3,2024-09-14,12,1;2;3;4;5;6;7;8;9;10;11;12,,https://www.jra.go.jp/datafile/seiseki/report/2024/2024-3chukyo3.pdf
2024,2024070304,中京,3,4,2024-09-15,12,1;2;3;4;5;6;7;8;9;10;11;12,,https://www.jra.go.jp/datafile/seiseki/report/2024/2024-3chukyo4.pdf
2024,2024070305,中京,3,5,2024-09-16,12,1;2;3;4;5;6;7;8;9;10;11;12,,https://www.jra.go.jp/datafile/seiseki/report/2024/2024-3chukyo5.pdf
2024,2024070306,中京,3,6,2024-09-21,12,1;2;3;4;5;6;7;8;9;10;11;12,,https://www.jra.go.jp/datafile/seiseki/report/2024/2024-3chukyo6.pdf
2024,2024070307,中京,3,7,2024-09-22,12,1;2;3;4;5;6;7;8;9;10;11;12,,https://www.jra.go.jp/datafile/seiseki/report/2024/2024-3chukyo7.pdf
2024,2024070308,中京,3,8,2024-09-28,12,1;2;3;4;5;6;7;8;9;10;11;12,,https://www.jra.go.jp/datafile/seiseki/report/2024/2024-3chukyo8.pdf
2024,2024070309,中京,3,9,2024-09-29,12,1;2;3;4;5;6;7;8;9;10;11;12,,https://www.jra.go.jp/datafile/seiseki/report/2024/2024-3chukyo9.pdf
2024,2024070401,中京,4,1,2024-11-30,12,1;2;3;4;5;6;7;8;9;10;11;12,,https://www.jra.go.jp/datafile/seiseki/report/2024/2024-4chukyo1.pdf
2024,2024070402,中京,4,2,2024-12-01,12,1;2;3;4;5;6;7;8;9;10;11;12,,https://www.jra.go.jp/datafile/seiseki/report/2024/2024-4chukyo2.pdf
2024,2024070403,中京,4,3,2024-12-07,12,1;2;3;4;5;6;7;8;9;10;11;12,,https://www.jra.go.jp/datafile/seiseki/report/2024/2024-4chukyo3.pdf
2024,2024070404,中京,4,4,2024-12-08,12,1;2;3;4;5;6;7;8;9;10;11;12,,https://www.jra.go.jp/datafile/seiseki/report/2024/2024-4chukyo4.pdf
2024,2024070405,中京,4,5,2024-12-14,12,1;2;3;4;5;6;7;8;9;10;11;12,,https://www.jra.go.jp/datafile/seiseki/report/2024/2024-4chukyo5.pdf
2024,2024070406,中京,4,6,2024-12-15,12,1;2;3;4;5;6;7;8;9;10;11;12,,https://www.jra.go.jp/datafile/seiseki/report/2024/2024-4chukyo6.pdf
2024,2024080101,京都,1,1,2024-01-06,12,1;2;3;4;5;6;7;8;9;10;11;12,,https://www.jra.go.jp/datafile/seiseki/report/2024/2024-1kyoto1.pdf
2024,2024080102,京都,1,2,2024-01-07,12,1;2;3;4;5;6;7;8;9;10;11;12,,https://www.jra.go.jp/datafile/seiseki/report/2024/2024-1kyoto2.pdf
2024,2024080103,京都,1,3,2024-01-08,12,1;2;3;4;5;6;7;8;9;10;11;12,,https://www.jra.go.jp/datafile/seiseki/report/2024/2024-1kyoto3.pdf
2024,2024080104,京都,1,4,2024-01-13,12,1;2;3;4;5;6;7;8;9;10;11;12,,https://www.jra.go.jp/datafile/seiseki/report/2024/2024-1kyoto4.pdf
2024,2024080105,京都,1,5,2024-01-14,12,1;2;3;4;5;6;7;8;9;10;11;12,,https://www.jra.go.jp/datafile/seiseki/report/2024/2024-1kyoto5.pdf
2024,2024080106,京都,1,6,2024-01-20,12,1;2;3;4;5;6;7;8;9;10;11;12,,https://www.jra.go.jp/datafile/seiseki/report/2024/2024-1kyoto6.pdf
2024,2024080107,京都,1,7,2024-01-21,12,1;2;3;4;5;6;7;8;9;10;11;12,,https://www.jra.go.jp/datafile/seiseki/report/2024/2024-1kyoto7.pdf
2024,2024080201,京都,2,1,2024-01-27,12,1;2;3;4;5;6;7;8;9;10;11;12,,https://www.jra.go.jp/datafile/seiseki/report/2024/2024-2kyoto1.pdf
2024,2024080202,京都,2,2,2024-01-28,12,1;2;3;4;5;6;7;8;9;10;11;12,,https://www.jra.go.jp/datafile/seiseki/report/2024/2024-2kyoto2.pdf
2024,2024080203,京都,2,3,2024-02-03,12,1;2;3;4;5;6;7;8;9;10;11;12,,https://www.jra.go.jp/datafile/seiseki/report/2024/2024-2kyoto3.pdf
2024,2024080204,京都,2,4,2024-02-04,12,1;2;3;4;5;6;7;8;9;10;11;12,,https://www.jra.go.jp/datafile/seiseki/report/2024/2024-2kyoto4.pdf
2024,2024080205,京都,2,5,2024-02-10,12,1;2;3;4;5;6;7;8;9;10;11;12,,https://www.jra.go.jp/datafile/seiseki/report/2024/2024-2kyoto5.pdf
2024,2024080206,京都,2,6,2024-02-11,12,1;2;3;4;5;6;7;8;9;10;11;12,,https://www.jra.go.jp/datafile/seiseki/report/2024/2024-2kyoto6.pdf
2024,2024080207,京都,2,7,2024-02-17,12,1;2;3;4;5;6;7;8;9;10;11;12,,https://www.jra.go.jp/datafile/seiseki/report/2024/2024-2kyoto7.pdf
2024,2024080208,京都,2,8,2024-02-18,12,1;2;3;4;5;6;7;8;9;10;11;12,,https://www.jra.go.jp/datafile/seiseki/report/2024/2024-2kyoto8.pdf
2024,2024080301,京都,3,1,2024-04-20,12,1;2;3;4;5;6;7;8;9;10;11;12,,https://www.jra.go.jp/datafile/seiseki/report/2024/2024-3kyoto1.pdf
2024,2024080302,京都,3,2,2024-04-21,12,1;2;3;4;5;6;7;8;9;10;11;12,,https://www.jra.go.jp/datafile/seiseki/report/2024/2024-3kyoto2.pdf
2024,2024080303,京都,3,3,2024-04-27,12,1;2;3;4;5;6;7;8;9;10;11;12,,https://www.jra.go.jp/datafile/seiseki/report/2024/2024-3kyoto3.pdf
2024,2024080304,京都,3,4,2024-04-28,12,1;2;3;4;5;6;7;8;9;10;11;12,,https://www.jra.go.jp/datafile/seiseki/report/2024/2024-3kyoto4.pdf
2024,2024080305,京都,3,5,2024-05-04,12,1;2;3;4;5;6;7;8;9;10;11;12,,https://www.jra.go.jp/datafile/seiseki/report/2024/2024-3kyoto5.pdf
2024,2024080306,京都,3,6,2024-05-05,12,1;2;3;4;5;6;7;8;9;10;11;12,,https://www.jra.go.jp/datafile/seiseki/report/2024/2024-3kyoto6.pdf
2024,2024080307,京都,3,7,2024-05-11,12,1;2;3;4;5;6;7;8;9;10;11;12,,https://www.jra.go.jp/datafile/seiseki/report/2024/2024-3kyoto7.pdf
2024,2024080308,京都,3,8,2024-05-12,12,1;2;3;4;5;6;7;8;9;10;11;12,,https://www.jra.go.jp/datafile/seiseki/report/2024/2024-3kyoto8.pdf
2024,2024080309,京都,3,9,2024-05-18,12,1;2;3;4;5;6;7;8;9;10;11;12,,https://www.jra.go.jp/datafile/seiseki/report/2024/2024-3kyoto9.pdf
2024,2024080310,京都,3,10,2024-05-19,12,1;2;3;4;5;6;7;8;9;10;11;12,,https://www.jra.go.jp/datafile/seiseki/report/2024/2024-3kyoto10.pdf
2024,2024080311,京都,3,11,2024-05-25,12,1;2;3;4;5;6;7;8;9;10;11;12,,https://www.jra.go.jp/datafile/seiseki/report/2024/2024-3kyoto11.pdf
2024,2024080312,京都,3,12,2024-05-26,12,1;2;3;4;5;6;7;8;9;10;11;12,,https://www.jra.go.jp/datafile/seiseki/report/2024/2024-3kyoto12.pdf
2024,2024080401,京都,4,1,2024-06-01,12,1;2;3;4;5;6;7;8;9;10;11;12,,https://www.jra.go.jp/datafile/seiseki/report/2024/2024-4kyoto1.pdf
2024,2024080402,京都,4,2,2024-06-02,12,1;2;3;4;5;6;7;8;9;10;11;12,,https://www.jra.go.jp/datafile/seiseki/report/2024/2024-4kyoto2.pdf
2024,2024080403,京都,4,3,2024-06-08,12,1;2;3;4;5;6;7;8;9;10;11;12,,https://www.jra.go.jp/datafile/seiseki/report/2024/2024-4kyoto3.pdf
2024,2024080404,京都,4,4,2024-06-09,12,1;2;3;4;5;6;7;8;9;10;11;12,,https://www.jra.go.jp/datafile/seiseki/report/2024/2024-4kyoto4.pdf
2024,2024080405,京都,4,5,2024-06-15,12,1;2;3;4;5;6;7;8;9;10;11;12,,https://www.jra.go.jp/datafile/seiseki/report/2024/2024-4kyoto5.pdf
2024,2024080406,京都,4,6,2024-06-16,12,1;2;3;4;5;6;7;8;9;10;11;12,,https://www.jra.go.jp/datafile/seiseki/report/2024/2024-4kyoto6.pdf
2024,2024080407,京都,4,7,2024-06-22,12,1;2;3;4;5;6;7;8;9;10;11;12,,https://www.jra.go.jp/datafile/seiseki/report/2024/2024-4kyoto7.pdf
2024,2024080408,京都,4,8,2024-06-23,12,1;2;3;4;5;6;7;8;9;10;11;12,,https://www.jra.go.jp/datafile/seiseki/report/2024/2024-4kyoto8.pdf
2024,2024080501,京都,5,1,2024-10-05,12,1;2;3;4;5;6;7;8;9;10;11;12,,https://www.jra.go.jp/datafile/seiseki/report/2024/2024-5kyoto1.pdf
2024,2024080502,京都,5,2,2024-10-06,12,1;2;3;4;5;6;7;8;9;10;11;12,,https://www.jra.go.jp/datafile/seiseki/report/2024/2024-5kyoto2.pdf
2024,2024080503,京都,5,3,2024-10-12,12,1;2;3;4;5;6;7;8;9;10;11;12,,https://www.jra.go.jp/datafile/seiseki/report/2024/2024-5kyoto3.pdf
2024,2024080504,京都,5,4,2024-10-13,12,1;2;3;4;5;6;7;8;9;10;11;12,,https://www.jra.go.jp/datafile/seiseki/report/2024/2024-5kyoto4.pdf
2024,2024080505,京都,5,5,2024-10-19,12,1;2;3;4;5;6;7;8;9;10;11;12,,https://www.jra.go.jp/datafile/seiseki/report/2024/2024-5kyoto5.pdf
2024,2024080506,京都,5,6,2024-10-20,12,1;2;3;4;5;6;7;8;9;10;11;12,,https://www.jra.go.jp/datafile/seiseki/report/2024/2024-5kyoto6.pdf
2024,2024080507,京都,5,7,2024-10-26,12,1;2;3;4;5;6;7;8;9;10;11;12,,https://www.jra.go.jp/datafile/seiseki/report/2024/2024-5kyoto7.pdf
2024,2024080508,京都,5,8,2024-10-27,12,1;2;3;4;5;6;7;8;9;10;11;12,,https://www.jra.go.jp/datafile/seiseki/report/2024/2024-5kyoto8.pdf
2024,2024080601,京都,6,1,2024-11-02,11,1;2;3;4;5;6;7;9;10;11;12,8,https://www.jra.go.jp/datafile/seiseki/report/2024/2024-6kyoto1.pdf
2024,2024080602,京都,6,2,2024-11-03,12,1;2;3;4;5;6;7;8;9;10;11;12,,https://www.jra.go.jp/datafile/seiseki/report/2024/2024-6kyoto2.pdf
2024,2024080603,京都,6,3,2024-11-09,12,1;2;3;4;5;6;7;8;9;10;11;12,,https://www.jra.go.jp/datafile/seiseki/report/2024/2024-6kyoto3.pdf
2024,2024080604,京都,6,4,2024-11-10,12,1;2;3;4;5;6;7;8;9;10;11;12,,https://www.jra.go.jp/datafile/seiseki/report/2024/2024-6kyoto4.pdf
2024,2024080605,京都,6,5,2024-11-16,12,1;2;3;4;5;6;7;8;9;10;11;12,,https://www.jra.go.jp/datafile/seiseki/report/2024/2024-6kyoto5.pdf
2024,2024080606,京都,6,6,2024-11-17,12,1;2;3;4;5;6;7;8;9;10;11;12,,https://www.jra.go.jp/datafile/seiseki/report/2024/2024-6kyoto6.pdf
2024,2024080607,京都,6,7,2024-11-23,12,1;2;3;4;5;6;7;8;9;10;11;12,,https://www.jra.go.jp/datafile/seiseki/report/2024/2024-6kyoto7.pdf
2024,2024080608,京都,6,8,2024-11-24,12,1;2;3;4;5;6;7;8;9;10;11;12,,https://www.jra.go.jp/datafile/seiseki/report/2024/2024-6kyoto8.pdf
2024,2024080701,京都,7,1,2024-11-30,12,1;2;3;4;5;6;7;8;9;10;11;12,,https://www.jra.go.jp/datafile/seiseki/report/2024/2024-7kyoto1.pdf
2024,2024080702,京都,7,2,2024-12-01,12,1;2;3;4;5;6;7;8;9;10;11;12,,https://www.jra.go.jp/datafile/seiseki/report/2024/2024-7kyoto2.pdf
2024,2024080703,京都,7,3,2024-12-07,12,1;2;3;4;5;6;7;8;9;10;11;12,,https://www.jra.go.jp/datafile/seiseki/report/2024/2024-7kyoto3.pdf
2024,2024080704,京都,7,4,2024-12-08,12,1;2;3;4;5;6;7;8;9;10;11;12,,https://www.jra.go.jp/datafile/seiseki/report/2024/2024-7kyoto4.pdf
2024,2024080705,京都,7,5,2024-12-14,12,1;2;3;4;5;6;7;8;9;10;11;12,,https://www.jra.go.jp/datafile/seiseki/report/2024/2024-7kyoto5.pdf
2024,2024080706,京都,7,6,2024-12-15,12,1;2;3;4;5;6;7;8;9;10;11;12,,https://www.jra.go.jp/datafile/seiseki/report/2024/2024-7kyoto6.pdf
2024,2024080707,京都,7,7,2024-12-21,12,1;2;3;4;5;6;7;8;9;10;11;12,,https://www.jra.go.jp/datafile/seiseki/report/2024/2024-7kyoto7.pdf
2024,2024080708,京都,7,8,2024-12-22,12,1;2;3;4;5;6;7;8;9;10;11;12,,https://www.jra.go.jp/datafile/seiseki/report/2024/2024-7kyoto8.pdf
2024,2024080709,京都,7,9,2024-12-28,12,1;2;3;4;5;6;7;8;9;10;11;12,,https://www.jra.go.jp/datafile/seiseki/report/2024/2024-7kyoto9.pdf
2024,2024090101,阪神,1,1,2024-02-24,12,1;2;3;4;5;6;7;8;9;10;11;12,,https://www.jra.go.jp/datafile/seiseki/report/2024/2024-1hanshin1.pdf
2024,2024090102,阪神,1,2,2024-02-25,12,1;2;3;4;5;6;7;8;9;10;11;12,,https://www.jra.go.jp/datafile/seiseki/report/2024/2024-1hanshin2.pdf
2024,2024090103,阪神,1,3,2024-03-02,12,1;2;3;4;5;6;7;8;9;10;11;12,,https://www.jra.go.jp/datafile/seiseki/report/2024/2024-1hanshin3.pdf
2024,2024090104,阪神,1,4,2024-03-03,12,1;2;3;4;5;6;7;8;9;10;11;12,,https://www.jra.go.jp/datafile/seiseki/report/2024/2024-1hanshin4.pdf
2024,2024090105,阪神,1,5,2024-03-09,12,1;2;3;4;5;6;7;8;9;10;11;12,,https://www.jra.go.jp/datafile/seiseki/report/2024/2024-1hanshin5.pdf
2024,2024090106,阪神,1,6,2024-03-10,12,1;2;3;4;5;6;7;8;9;10;11;12,,https://www.jra.go.jp/datafile/seiseki/report/2024/2024-1hanshin6.pdf
2024,2024090107,阪神,1,7,2024-03-16,12,1;2;3;4;5;6;7;8;9;10;11;12,,https://www.jra.go.jp/datafile/seiseki/report/2024/2024-1hanshin7.pdf
2024,2024090108,阪神,1,8,2024-03-17,12,1;2;3;4;5;6;7;8;9;10;11;12,,https://www.jra.go.jp/datafile/seiseki/report/2024/2024-1hanshin8.pdf
2024,2024090201,阪神,2,1,2024-03-23,12,1;2;3;4;5;6;7;8;9;10;11;12,,https://www.jra.go.jp/datafile/seiseki/report/2024/2024-2hanshin1.pdf
2024,2024090202,阪神,2,2,2024-03-24,12,1;2;3;4;5;6;7;8;9;10;11;12,,https://www.jra.go.jp/datafile/seiseki/report/2024/2024-2hanshin2.pdf
2024,2024090203,阪神,2,3,2024-03-30,12,1;2;3;4;5;6;7;8;9;10;11;12,,https://www.jra.go.jp/datafile/seiseki/report/2024/2024-2hanshin3.pdf
2024,2024090204,阪神,2,4,2024-03-31,12,1;2;3;4;5;6;7;8;9;10;11;12,,https://www.jra.go.jp/datafile/seiseki/report/2024/2024-2hanshin4.pdf
2024,2024090205,阪神,2,5,2024-04-06,12,1;2;3;4;5;6;7;8;9;10;11;12,,https://www.jra.go.jp/datafile/seiseki/report/2024/2024-2hanshin5.pdf
2024,2024090206,阪神,2,6,2024-04-07,12,1;2;3;4;5;6;7;8;9;10;11;12,,https://www.jra.go.jp/datafile/seiseki/report/2024/2024-2hanshin6.pdf
2024,2024090207,阪神,2,7,2024-04-13,12,1;2;3;4;5;6;7;8;9;10;11;12,,https://www.jra.go.jp/datafile/seiseki/report/2024/2024-2hanshin7.pdf
2024,2024090208,阪神,2,8,2024-04-14,12,1;2;3;4;5;6;7;8;9;10;11;12,,https://www.jra.go.jp/datafile/seiseki/report/2024/2024-2hanshin8.pdf
2024,2024100101,小倉,1,1,2024-01-13,12,1;2;3;4;5;6;7;8;9;10;11;12,,https://www.jra.go.jp/datafile/seiseki/report/2024/2024-1kokura1.pdf
2024,2024100102,小倉,1,2,2024-01-14,12,1;2;3;4;5;6;7;8;9;10;11;12,,https://www.jra.go.jp/datafile/seiseki/report/2024/2024-1kokura2.pdf
2024,2024100103,小倉,1,3,2024-01-20,12,1;2;3;4;5;6;7;8;9;10;11;12,,https://www.jra.go.jp/datafile/seiseki/report/2024/2024-1kokura3.pdf
2024,2024100104,小倉,1,4,2024-01-21,12,1;2;3;4;5;6;7;8;9;10;11;12,,https://www.jra.go.jp/datafile/seiseki/report/2024/2024-1kokura4.pdf
2024,2024100105,小倉,1,5,2024-01-27,12,1;2;3;4;5;6;7;8;9;10;11;12,,https://www.jra.go.jp/datafile/seiseki/report/2024/2024-1kokura5.pdf
2024,2024100106,小倉,1,6,2024-01-28,12,1;2;3;4;5;6;7;8;9;10;11;12,,https://www.jra.go.jp/datafile/seiseki/report/2024/2024-1kokura6.pdf
2024,2024100107,小倉,1,7,2024-02-03,12,1;2;3;4;5;6;7;8;9;10;11;12,,https://www.jra.go.jp/datafile/seiseki/report/2024/2024-1kokura7.pdf
2024,2024100108,小倉,1,8,2024-02-04,12,1;2;3;4;5;6;7;8;9;10;11;12,,https://www.jra.go.jp/datafile/seiseki/report/2024/2024-1kokura8.pdf
2024,2024100201,小倉,2,1,2024-02-10,12,1;2;3;4;5;6;7;8;9;10;11;12,,https://www.jra.go.jp/datafile/seiseki/report/2024/2024-2kokura1.pdf
2024,2024100202,小倉,2,2,2024-02-11,12,1;2;3;4;5;6;7;8;9;10;11;12,,https://www.jra.go.jp/datafile/seiseki/report/2024/2024-2kokura2.pdf
2024,2024100203,小倉,2,3,2024-02-17,12,1;2;3;4;5;6;7;8;9;10;11;12,,https://www.jra.go.jp/datafile/seiseki/report/2024/2024-2kokura3.pdf
2024,2024100204,小倉,2,4,2024-02-18,12,1;2;3;4;5;6;7;8;9;10;11;12,,https://www.jra.go.jp/datafile/seiseki/report/2024/2024-2kokura4.pdf
2024,2024100205,小倉,2,5,2024-02-24,12,1;2;3;4;5;6;7;8;9;10;11;12,,https://www.jra.go.jp/datafile/seiseki/report/2024/2024-2kokura5.pdf
2024,2024100206,小倉,2,6,2024-02-25,12,1;2;3;4;5;6;7;8;9;10;11;12,,https://www.jra.go.jp/datafile/seiseki/report/2024/2024-2kokura6.pdf
2024,2024100207,小倉,2,7,2024-03-02,12,1;2;3;4;5;6;7;8;9;10;11;12,,https://www.jra.go.jp/datafile/seiseki/report/2024/2024-2kokura7.pdf
2024,2024100208,小倉,2,8,2024-03-03,12,1;2;3;4;5;6;7;8;9;10;11;12,,https://www.jra.go.jp/datafile/seiseki/report/2024/2024-2kokura8.pdf
2024,2024100301,小倉,3,1,2024-06-29,12,1;2;3;4;5;6;7;8;9;10;11;12,,https://www.jra.go.jp/datafile/seiseki/report/2024/2024-3kokura1.pdf
2024,2024100302,小倉,3,2,2024-06-30,12,1;2;3;4;5;6;7;8;9;10;11;12,,https://www.jra.go.jp/datafile/seiseki/report/2024/2024-3kokura2.pdf
2024,2024100303,小倉,3,3,2024-07-06,12,1;2;3;4;5;6;7;8;9;10;11;12,,https://www.jra.go.jp/datafile/seiseki/report/2024/2024-3kokura3.pdf
2024,2024100304,小倉,3,4,2024-07-07,12,1;2;3;4;5;6;7;8;9;10;11;12,,https://www.jra.go.jp/datafile/seiseki/report/2024/2024-3kokura4.pdf
2024,2024100305,小倉,3,5,2024-07-13,12,1;2;3;4;5;6;7;8;9;10;11;12,,https://www.jra.go.jp/datafile/seiseki/report/2024/2024-3kokura5.pdf
2024,2024100306,小倉,3,6,2024-07-14,12,1;2;3;4;5;6;7;8;9;10;11;12,,https://www.jra.go.jp/datafile/seiseki/report/2024/2024-3kokura6.pdf
2024,2024100307,小倉,3,7,2024-07-20,12,1;2;3;4;5;6;7;8;9;10;11;12,,https://www.jra.go.jp/datafile/seiseki/report/2024/2024-3kokura7.pdf
2024,2024100308,小倉,3,8,2024-07-21,12,1;2;3;4;5;6;7;8;9;10;11;12,,https://www.jra.go.jp/datafile/seiseki/report/2024/2024-3kokura8.pdf
2025,2025010101,札幌,1,1,2025-07-26,12,1;2;3;4;5;6;7;8;9;10;11;12,,https://www.jra.go.jp/datafile/seiseki/report/2025/2025-1sapporo1.pdf
2025,2025010102,札幌,1,2,2025-07-27,12,1;2;3;4;5;6;7;8;9;10;11;12,,https://www.jra.go.jp/datafile/seiseki/report/2025/2025-1sapporo2.pdf
2025,2025010103,札幌,1,3,2025-08-02,12,1;2;3;4;5;6;7;8;9;10;11;12,,https://www.jra.go.jp/datafile/seiseki/report/2025/2025-1sapporo3.pdf
2025,2025010104,札幌,1,4,2025-08-03,12,1;2;3;4;5;6;7;8;9;10;11;12,,https://www.jra.go.jp/datafile/seiseki/report/2025/2025-1sapporo4.pdf
2025,2025010105,札幌,1,5,2025-08-09,12,1;2;3;4;5;6;7;8;9;10;11;12,,https://www.jra.go.jp/datafile/seiseki/report/2025/2025-1sapporo5.pdf
2025,2025010106,札幌,1,6,2025-08-10,12,1;2;3;4;5;6;7;8;9;10;11;12,,https://www.jra.go.jp/datafile/seiseki/report/2025/2025-1sapporo6.pdf
2025,2025010107,札幌,1,7,2025-08-16,12,1;2;3;4;5;6;7;8;9;10;11;12,,https://www.jra.go.jp/datafile/seiseki/report/2025/2025-1sapporo7.pdf
2025,2025010108,札幌,1,8,2025-08-17,12,1;2;3;4;5;6;7;8;9;10;11;12,,https://www.jra.go.jp/datafile/seiseki/report/2025/2025-1sapporo8.pdf
2025,2025010201,札幌,2,1,2025-08-23,12,1;2;3;4;5;6;7;8;9;10;11;12,,https://www.jra.go.jp/datafile/seiseki/report/2025/2025-2sapporo1.pdf
2025,2025010202,札幌,2,2,2025-08-24,12,1;2;3;4;5;6;7;8;9;10;11;12,,https://www.jra.go.jp/datafile/seiseki/report/2025/2025-2sapporo2.pdf
2025,2025010203,札幌,2,3,2025-08-30,12,1;2;3;4;5;6;7;8;9;10;11;12,,https://www.jra.go.jp/datafile/seiseki/report/2025/2025-2sapporo3.pdf
2025,2025010204,札幌,2,4,2025-08-31,12,1;2;3;4;5;6;7;8;9;10;11;12,,https://www.jra.go.jp/datafile/seiseki/report/2025/2025-2sapporo4.pdf
2025,2025010205,札幌,2,5,2025-09-06,12,1;2;3;4;5;6;7;8;9;10;11;12,,https://www.jra.go.jp/datafile/seiseki/report/2025/2025-2sapporo5.pdf
2025,2025010206,札幌,2,6,2025-09-07,12,1;2;3;4;5;6;7;8;9;10;11;12,,https://www.jra.go.jp/datafile/seiseki/report/2025/2025-2sapporo6.pdf
2025,2025020101,函館,1,1,2025-06-14,12,1;2;3;4;5;6;7;8;9;10;11;12,,https://www.jra.go.jp/datafile/seiseki/report/2025/2025-1hakodate1.pdf
2025,2025020102,函館,1,2,2025-06-15,12,1;2;3;4;5;6;7;8;9;10;11;12,,https://www.jra.go.jp/datafile/seiseki/report/2025/2025-1hakodate2.pdf
2025,2025020103,函館,1,3,2025-06-21,12,1;2;3;4;5;6;7;8;9;10;11;12,,https://www.jra.go.jp/datafile/seiseki/report/2025/2025-1hakodate3.pdf
2025,2025020104,函館,1,4,2025-06-22,12,1;2;3;4;5;6;7;8;9;10;11;12,,https://www.jra.go.jp/datafile/seiseki/report/2025/2025-1hakodate4.pdf
2025,2025020105,函館,1,5,2025-06-28,12,1;2;3;4;5;6;7;8;9;10;11;12,,https://www.jra.go.jp/datafile/seiseki/report/2025/2025-1hakodate5.pdf
2025,2025020106,函館,1,6,2025-06-29,12,1;2;3;4;5;6;7;8;9;10;11;12,,https://www.jra.go.jp/datafile/seiseki/report/2025/2025-1hakodate6.pdf
2025,2025020107,函館,1,7,2025-07-05,12,1;2;3;4;5;6;7;8;9;10;11;12,,https://www.jra.go.jp/datafile/seiseki/report/2025/2025-1hakodate7.pdf
2025,2025020108,函館,1,8,2025-07-06,12,1;2;3;4;5;6;7;8;9;10;11;12,,https://www.jra.go.jp/datafile/seiseki/report/2025/2025-1hakodate8.pdf
2025,2025020109,函館,1,9,2025-07-12,12,1;2;3;4;5;6;7;8;9;10;11;12,,https://www.jra.go.jp/datafile/seiseki/report/2025/2025-1hakodate9.pdf
2025,2025020110,函館,1,10,2025-07-13,12,1;2;3;4;5;6;7;8;9;10;11;12,,https://www.jra.go.jp/datafile/seiseki/report/2025/2025-1hakodate10.pdf
2025,2025020111,函館,1,11,2025-07-19,12,1;2;3;4;5;6;7;8;9;10;11;12,,https://www.jra.go.jp/datafile/seiseki/report/2025/2025-1hakodate11.pdf
2025,2025020112,函館,1,12,2025-07-20,12,1;2;3;4;5;6;7;8;9;10;11;12,,https://www.jra.go.jp/datafile/seiseki/report/2025/2025-1hakodate12.pdf
2025,2025030101,福島,1,1,2025-04-12,12,1;2;3;4;5;6;7;8;9;10;11;12,,https://www.jra.go.jp/datafile/seiseki/report/2025/2025-1fukushima1.pdf
2025,2025030102,福島,1,2,2025-04-13,12,1;2;3;4;5;6;7;8;9;10;11;12,,https://www.jra.go.jp/datafile/seiseki/report/2025/2025-1fukushima2.pdf
2025,2025030103,福島,1,3,2025-04-19,12,1;2;3;4;5;6;7;8;9;10;11;12,,https://www.jra.go.jp/datafile/seiseki/report/2025/2025-1fukushima3.pdf
2025,2025030104,福島,1,4,2025-04-20,12,1;2;3;4;5;6;7;8;9;10;11;12,,https://www.jra.go.jp/datafile/seiseki/report/2025/2025-1fukushima4.pdf
2025,2025030105,福島,1,5,2025-04-26,12,1;2;3;4;5;6;7;8;9;10;11;12,,https://www.jra.go.jp/datafile/seiseki/report/2025/2025-1fukushima5.pdf
2025,2025030106,福島,1,6,2025-04-27,12,1;2;3;4;5;6;7;8;9;10;11;12,,https://www.jra.go.jp/datafile/seiseki/report/2025/2025-1fukushima6.pdf
2025,2025030201,福島,2,1,2025-06-28,12,1;2;3;4;5;6;7;8;9;10;11;12,,https://www.jra.go.jp/datafile/seiseki/report/2025/2025-2fukushima1.pdf
2025,2025030202,福島,2,2,2025-06-29,12,1;2;3;4;5;6;7;8;9;10;11;12,,https://www.jra.go.jp/datafile/seiseki/report/2025/2025-2fukushima2.pdf
2025,2025030203,福島,2,3,2025-07-05,12,1;2;3;4;5;6;7;8;9;10;11;12,,https://www.jra.go.jp/datafile/seiseki/report/2025/2025-2fukushima3.pdf
2025,2025030204,福島,2,4,2025-07-06,12,1;2;3;4;5;6;7;8;9;10;11;12,,https://www.jra.go.jp/datafile/seiseki/report/2025/2025-2fukushima4.pdf
2025,2025030205,福島,2,5,2025-07-12,12,1;2;3;4;5;6;7;8;9;10;11;12,,https://www.jra.go.jp/datafile/seiseki/report/2025/2025-2fukushima5.pdf
2025,2025030206,福島,2,6,2025-07-13,12,1;2;3;4;5;6;7;8;9;10;11;12,,https://www.jra.go.jp/datafile/seiseki/report/2025/2025-2fukushima6.pdf
2025,2025030207,福島,2,7,2025-07-19,12,1;2;3;4;5;6;7;8;9;10;11;12,,https://www.jra.go.jp/datafile/seiseki/report/2025/2025-2fukushima7.pdf
2025,2025030208,福島,2,8,2025-07-20,12,1;2;3;4;5;6;7;8;9;10;11;12,,https://www.jra.go.jp/datafile/seiseki/report/2025/2025-2fukushima8.pdf
2025,2025030301,福島,3,1,2025-11-08,12,1;2;3;4;5;6;7;8;9;10;11;12,,https://www.jra.go.jp/datafile/seiseki/report/2025/2025-3fukushima1.pdf
2025,2025030302,福島,3,2,2025-11-09,12,1;2;3;4;5;6;7;8;9;10;11;12,,https://www.jra.go.jp/datafile/seiseki/report/2025/2025-3fukushima2.pdf
2025,2025030303,福島,3,3,2025-11-15,12,1;2;3;4;5;6;7;8;9;10;11;12,,https://www.jra.go.jp/datafile/seiseki/report/2025/2025-3fukushima3.pdf
2025,2025030304,福島,3,4,2025-11-16,12,1;2;3;4;5;6;7;8;9;10;11;12,,https://www.jra.go.jp/datafile/seiseki/report/2025/2025-3fukushima4.pdf
2025,2025030305,福島,3,5,2025-11-22,12,1;2;3;4;5;6;7;8;9;10;11;12,,https://www.jra.go.jp/datafile/seiseki/report/2025/2025-3fukushima5.pdf
2025,2025030306,福島,3,6,2025-11-24,12,1;2;3;4;5;6;7;8;9;10;11;12,,https://www.jra.go.jp/datafile/seiseki/report/2025/2025-3fukushima6.pdf
2025,2025040101,新潟,1,1,2025-05-03,12,1;2;3;4;5;6;7;8;9;10;11;12,,https://www.jra.go.jp/datafile/seiseki/report/2025/2025-1niigata1.pdf
2025,2025040102,新潟,1,2,2025-05-04,12,1;2;3;4;5;6;7;8;9;10;11;12,,https://www.jra.go.jp/datafile/seiseki/report/2025/2025-1niigata2.pdf
2025,2025040103,新潟,1,3,2025-05-10,12,1;2;3;4;5;6;7;8;9;10;11;12,,https://www.jra.go.jp/datafile/seiseki/report/2025/2025-1niigata3.pdf
2025,2025040104,新潟,1,4,2025-05-11,12,1;2;3;4;5;6;7;8;9;10;11;12,,https://www.jra.go.jp/datafile/seiseki/report/2025/2025-1niigata4.pdf
2025,2025040105,新潟,1,5,2025-05-17,12,1;2;3;4;5;6;7;8;9;10;11;12,,https://www.jra.go.jp/datafile/seiseki/report/2025/2025-1niigata5.pdf
2025,2025040106,新潟,1,6,2025-05-18,12,1;2;3;4;5;6;7;8;9;10;11;12,,https://www.jra.go.jp/datafile/seiseki/report/2025/2025-1niigata6.pdf
2025,2025040107,新潟,1,7,2025-05-24,12,1;2;3;4;5;6;7;8;9;10;11;12,,https://www.jra.go.jp/datafile/seiseki/report/2025/2025-1niigata7.pdf
2025,2025040108,新潟,1,8,2025-05-25,12,1;2;3;4;5;6;7;8;9;10;11;12,,https://www.jra.go.jp/datafile/seiseki/report/2025/2025-1niigata8.pdf
2025,2025040201,新潟,2,1,2025-07-26,12,1;2;3;4;5;6;7;8;9;10;11;12,,https://www.jra.go.jp/datafile/seiseki/report/2025/2025-2niigata1.pdf
2025,2025040202,新潟,2,2,2025-07-27,12,1;2;3;4;5;6;7;8;9;10;11;12,,https://www.jra.go.jp/datafile/seiseki/report/2025/2025-2niigata2.pdf
2025,2025040203,新潟,2,3,2025-08-02,12,1;2;3;4;5;6;7;8;9;10;11;12,,https://www.jra.go.jp/datafile/seiseki/report/2025/2025-2niigata3.pdf
2025,2025040204,新潟,2,4,2025-08-03,12,1;2;3;4;5;6;7;8;9;10;11;12,,https://www.jra.go.jp/datafile/seiseki/report/2025/2025-2niigata4.pdf
2025,2025040205,新潟,2,5,2025-08-09,12,1;2;3;4;5;6;7;8;9;10;11;12,,https://www.jra.go.jp/datafile/seiseki/report/2025/2025-2niigata5.pdf
2025,2025040206,新潟,2,6,2025-08-10,12,1;2;3;4;5;6;7;8;9;10;11;12,,https://www.jra.go.jp/datafile/seiseki/report/2025/2025-2niigata6.pdf
2025,2025040207,新潟,2,7,2025-08-16,12,1;2;3;4;5;6;7;8;9;10;11;12,,https://www.jra.go.jp/datafile/seiseki/report/2025/2025-2niigata7.pdf
2025,2025040208,新潟,2,8,2025-08-17,12,1;2;3;4;5;6;7;8;9;10;11;12,,https://www.jra.go.jp/datafile/seiseki/report/2025/2025-2niigata8.pdf
2025,2025040301,新潟,3,1,2025-08-23,12,1;2;3;4;5;6;7;8;9;10;11;12,,https://www.jra.go.jp/datafile/seiseki/report/2025/2025-3niigata1.pdf
2025,2025040302,新潟,3,2,2025-08-24,12,1;2;3;4;5;6;7;8;9;10;11;12,,https://www.jra.go.jp/datafile/seiseki/report/2025/2025-3niigata2.pdf
2025,2025040303,新潟,3,3,2025-08-30,12,1;2;3;4;5;6;7;8;9;10;11;12,,https://www.jra.go.jp/datafile/seiseki/report/2025/2025-3niigata3.pdf
2025,2025040304,新潟,3,4,2025-08-31,12,1;2;3;4;5;6;7;8;9;10;11;12,,https://www.jra.go.jp/datafile/seiseki/report/2025/2025-3niigata4.pdf
2025,2025040401,新潟,4,1,2025-10-18,12,1;2;3;4;5;6;7;8;9;10;11;12,,https://www.jra.go.jp/datafile/seiseki/report/2025/2025-4niigata1.pdf
2025,2025040402,新潟,4,2,2025-10-19,12,1;2;3;4;5;6;7;8;9;10;11;12,,https://www.jra.go.jp/datafile/seiseki/report/2025/2025-4niigata2.pdf
2025,2025040403,新潟,4,3,2025-10-25,12,1;2;3;4;5;6;7;8;9;10;11;12,,https://www.jra.go.jp/datafile/seiseki/report/2025/2025-4niigata3.pdf
2025,2025040404,新潟,4,4,2025-10-26,12,1;2;3;4;5;6;7;8;9;10;11;12,,https://www.jra.go.jp/datafile/seiseki/report/2025/2025-4niigata4.pdf
2025,2025050101,東京,1,1,2025-02-01,12,1;2;3;4;5;6;7;8;9;10;11;12,,https://www.jra.go.jp/datafile/seiseki/report/2025/2025-1tokyo1.pdf
2025,2025050102,東京,1,2,2025-02-02,12,1;2;3;4;5;6;7;8;9;10;11;12,,https://www.jra.go.jp/datafile/seiseki/report/2025/2025-1tokyo2.pdf
2025,2025050103,東京,1,3,2025-02-08,12,1;2;3;4;5;6;7;8;9;10;11;12,,https://www.jra.go.jp/datafile/seiseki/report/2025/2025-1tokyo3.pdf
2025,2025050104,東京,1,4,2025-02-09,12,1;2;3;4;5;6;7;8;9;10;11;12,,https://www.jra.go.jp/datafile/seiseki/report/2025/2025-1tokyo4.pdf
2025,2025050105,東京,1,5,2025-02-15,12,1;2;3;4;5;6;7;8;9;10;11;12,,https://www.jra.go.jp/datafile/seiseki/report/2025/2025-1tokyo5.pdf
2025,2025050106,東京,1,6,2025-02-16,12,1;2;3;4;5;6;7;8;9;10;11;12,,https://www.jra.go.jp/datafile/seiseki/report/2025/2025-1tokyo6.pdf
2025,2025050107,東京,1,7,2025-02-22,12,1;2;3;4;5;6;7;8;9;10;11;12,,https://www.jra.go.jp/datafile/seiseki/report/2025/2025-1tokyo7.pdf
2025,2025050108,東京,1,8,2025-02-23,12,1;2;3;4;5;6;7;8;9;10;11;12,,https://www.jra.go.jp/datafile/seiseki/report/2025/2025-1tokyo8.pdf
2025,2025050201,東京,2,1,2025-04-26,12,1;2;3;4;5;6;7;8;9;10;11;12,,https://www.jra.go.jp/datafile/seiseki/report/2025/2025-2tokyo1.pdf
2025,2025050202,東京,2,2,2025-04-27,12,1;2;3;4;5;6;7;8;9;10;11;12,,https://www.jra.go.jp/datafile/seiseki/report/2025/2025-2tokyo2.pdf
2025,2025050203,東京,2,3,2025-05-03,12,1;2;3;4;5;6;7;8;9;10;11;12,,https://www.jra.go.jp/datafile/seiseki/report/2025/2025-2tokyo3.pdf
2025,2025050204,東京,2,4,2025-05-04,12,1;2;3;4;5;6;7;8;9;10;11;12,,https://www.jra.go.jp/datafile/seiseki/report/2025/2025-2tokyo4.pdf
2025,2025050205,東京,2,5,2025-05-10,12,1;2;3;4;5;6;7;8;9;10;11;12,,https://www.jra.go.jp/datafile/seiseki/report/2025/2025-2tokyo5.pdf
2025,2025050206,東京,2,6,2025-05-11,12,1;2;3;4;5;6;7;8;9;10;11;12,,https://www.jra.go.jp/datafile/seiseki/report/2025/2025-2tokyo6.pdf
2025,2025050207,東京,2,7,2025-05-17,12,1;2;3;4;5;6;7;8;9;10;11;12,,https://www.jra.go.jp/datafile/seiseki/report/2025/2025-2tokyo7.pdf
2025,2025050208,東京,2,8,2025-05-18,12,1;2;3;4;5;6;7;8;9;10;11;12,,https://www.jra.go.jp/datafile/seiseki/report/2025/2025-2tokyo8.pdf
2025,2025050209,東京,2,9,2025-05-24,12,1;2;3;4;5;6;7;8;9;10;11;12,,https://www.jra.go.jp/datafile/seiseki/report/2025/2025-2tokyo9.pdf
2025,2025050210,東京,2,10,2025-05-25,12,1;2;3;4;5;6;7;8;9;10;11;12,,https://www.jra.go.jp/datafile/seiseki/report/2025/2025-2tokyo10.pdf
2025,2025050211,東京,2,11,2025-05-31,11,1;2;3;4;5;6;7;8;10;11;12,9,https://www.jra.go.jp/datafile/seiseki/report/2025/2025-2tokyo11.pdf
2025,2025050212,東京,2,12,2025-06-01,12,1;2;3;4;5;6;7;8;9;10;11;12,,https://www.jra.go.jp/datafile/seiseki/report/2025/2025-2tokyo12.pdf
2025,2025050301,東京,3,1,2025-06-07,12,1;2;3;4;5;6;7;8;9;10;11;12,,https://www.jra.go.jp/datafile/seiseki/report/2025/2025-3tokyo1.pdf
2025,2025050302,東京,3,2,2025-06-08,12,1;2;3;4;5;6;7;8;9;10;11;12,,https://www.jra.go.jp/datafile/seiseki/report/2025/2025-3tokyo2.pdf
2025,2025050303,東京,3,3,2025-06-14,12,1;2;3;4;5;6;7;8;9;10;11;12,,https://www.jra.go.jp/datafile/seiseki/report/2025/2025-3tokyo3.pdf
2025,2025050304,東京,3,4,2025-06-15,12,1;2;3;4;5;6;7;8;9;10;11;12,,https://www.jra.go.jp/datafile/seiseki/report/2025/2025-3tokyo4.pdf
2025,2025050305,東京,3,5,2025-06-21,12,1;2;3;4;5;6;7;8;9;10;11;12,,https://www.jra.go.jp/datafile/seiseki/report/2025/2025-3tokyo5.pdf
2025,2025050306,東京,3,6,2025-06-22,12,1;2;3;4;5;6;7;8;9;10;11;12,,https://www.jra.go.jp/datafile/seiseki/report/2025/2025-3tokyo6.pdf
2025,2025050401,東京,4,1,2025-10-04,12,1;2;3;4;5;6;7;8;9;10;11;12,,https://www.jra.go.jp/datafile/seiseki/report/2025/2025-4tokyo1.pdf
2025,2025050402,東京,4,2,2025-10-05,12,1;2;3;4;5;6;7;8;9;10;11;12,,https://www.jra.go.jp/datafile/seiseki/report/2025/2025-4tokyo2.pdf
2025,2025050403,東京,4,3,2025-10-11,12,1;2;3;4;5;6;7;8;9;10;11;12,,https://www.jra.go.jp/datafile/seiseki/report/2025/2025-4tokyo3.pdf
2025,2025050404,東京,4,4,2025-10-12,12,1;2;3;4;5;6;7;8;9;10;11;12,,https://www.jra.go.jp/datafile/seiseki/report/2025/2025-4tokyo4.pdf
2025,2025050405,東京,4,5,2025-10-13,12,1;2;3;4;5;6;7;8;9;10;11;12,,https://www.jra.go.jp/datafile/seiseki/report/2025/2025-4tokyo5.pdf
2025,2025050406,東京,4,6,2025-10-18,12,1;2;3;4;5;6;7;8;9;10;11;12,,https://www.jra.go.jp/datafile/seiseki/report/2025/2025-4tokyo6.pdf
2025,2025050407,東京,4,7,2025-10-19,12,1;2;3;4;5;6;7;8;9;10;11;12,,https://www.jra.go.jp/datafile/seiseki/report/2025/2025-4tokyo7.pdf
2025,2025050408,東京,4,8,2025-10-25,12,1;2;3;4;5;6;7;8;9;10;11;12,,https://www.jra.go.jp/datafile/seiseki/report/2025/2025-4tokyo8.pdf
2025,2025050409,東京,4,9,2025-10-26,12,1;2;3;4;5;6;7;8;9;10;11;12,,https://www.jra.go.jp/datafile/seiseki/report/2025/2025-4tokyo9.pdf
2025,2025050410,東京,4,10,2025-11-01,12,1;2;3;4;5;6;7;8;9;10;11;12,,https://www.jra.go.jp/datafile/seiseki/report/2025/2025-4tokyo10.pdf
2025,2025050411,東京,4,11,2025-11-02,12,1;2;3;4;5;6;7;8;9;10;11;12,,https://www.jra.go.jp/datafile/seiseki/report/2025/2025-4tokyo11.pdf
2025,2025050501,東京,5,1,2025-11-08,12,1;2;3;4;5;6;7;8;9;10;11;12,,https://www.jra.go.jp/datafile/seiseki/report/2025/2025-5tokyo1.pdf
2025,2025050502,東京,5,2,2025-11-09,12,1;2;3;4;5;6;7;8;9;10;11;12,,https://www.jra.go.jp/datafile/seiseki/report/2025/2025-5tokyo2.pdf
2025,2025050503,東京,5,3,2025-11-15,12,1;2;3;4;5;6;7;8;9;10;11;12,,https://www.jra.go.jp/datafile/seiseki/report/2025/2025-5tokyo3.pdf
2025,2025050504,東京,5,4,2025-11-16,12,1;2;3;4;5;6;7;8;9;10;11;12,,https://www.jra.go.jp/datafile/seiseki/report/2025/2025-5tokyo4.pdf
2025,2025050505,東京,5,5,2025-11-23,12,1;2;3;4;5;6;7;8;9;10;11;12,,https://www.jra.go.jp/datafile/seiseki/report/2025/2025-5tokyo5.pdf
2025,2025050506,東京,5,6,2025-11-24,12,1;2;3;4;5;6;7;8;9;10;11;12,,https://www.jra.go.jp/datafile/seiseki/report/2025/2025-5tokyo6.pdf
2025,2025050507,東京,5,7,2025-11-29,12,1;2;3;4;5;6;7;8;9;10;11;12,,https://www.jra.go.jp/datafile/seiseki/report/2025/2025-5tokyo7.pdf
2025,2025050508,東京,5,8,2025-11-30,12,1;2;3;4;5;6;7;8;9;10;11;12,,https://www.jra.go.jp/datafile/seiseki/report/2025/2025-5tokyo8.pdf
2025,2025060101,中山,1,1,2025-01-05,12,1;2;3;4;5;6;7;8;9;10;11;12,,https://www.jra.go.jp/datafile/seiseki/report/2025/2025-1nakayama1.pdf
2025,2025060102,中山,1,2,2025-01-06,12,1;2;3;4;5;6;7;8;9;10;11;12,,https://www.jra.go.jp/datafile/seiseki/report/2025/2025-1nakayama2.pdf
2025,2025060103,中山,1,3,2025-01-11,12,1;2;3;4;5;6;7;8;9;10;11;12,,https://www.jra.go.jp/datafile/seiseki/report/2025/2025-1nakayama3.pdf
2025,2025060104,中山,1,4,2025-01-12,12,1;2;3;4;5;6;7;8;9;10;11;12,,https://www.jra.go.jp/datafile/seiseki/report/2025/2025-1nakayama4.pdf
2025,2025060105,中山,1,5,2025-01-13,12,1;2;3;4;5;6;7;8;9;10;11;12,,https://www.jra.go.jp/datafile/seiseki/report/2025/2025-1nakayama5.pdf
2025,2025060106,中山,1,6,2025-01-18,12,1;2;3;4;5;6;7;8;9;10;11;12,,https://www.jra.go.jp/datafile/seiseki/report/2025/2025-1nakayama6.pdf
2025,2025060107,中山,1,7,2025-01-19,12,1;2;3;4;5;6;7;8;9;10;11;12,,https://www.jra.go.jp/datafile/seiseki/report/2025/2025-1nakayama7.pdf
2025,2025060108,中山,1,8,2025-01-25,12,1;2;3;4;5;6;7;8;9;10;11;12,,https://www.jra.go.jp/datafile/seiseki/report/2025/2025-1nakayama8.pdf
2025,2025060109,中山,1,9,2025-01-26,12,1;2;3;4;5;6;7;8;9;10;11;12,,https://www.jra.go.jp/datafile/seiseki/report/2025/2025-1nakayama9.pdf
2025,2025060201,中山,2,1,2025-03-01,12,1;2;3;4;5;6;7;8;9;10;11;12,,https://www.jra.go.jp/datafile/seiseki/report/2025/2025-2nakayama1.pdf
2025,2025060202,中山,2,2,2025-03-02,12,1;2;3;4;5;6;7;8;9;10;11;12,,https://www.jra.go.jp/datafile/seiseki/report/2025/2025-2nakayama2.pdf
2025,2025060203,中山,2,3,2025-03-08,12,1;2;3;4;5;6;7;8;9;10;11;12,,https://www.jra.go.jp/datafile/seiseki/report/2025/2025-2nakayama3.pdf
2025,2025060204,中山,2,4,2025-03-09,12,1;2;3;4;5;6;7;8;9;10;11;12,,https://www.jra.go.jp/datafile/seiseki/report/2025/2025-2nakayama4.pdf
2025,2025060205,中山,2,5,2025-03-15,12,1;2;3;4;5;6;7;8;9;10;11;12,,https://www.jra.go.jp/datafile/seiseki/report/2025/2025-2nakayama5.pdf
2025,2025060206,中山,2,6,2025-03-16,12,1;2;3;4;5;6;7;8;9;10;11;12,,https://www.jra.go.jp/datafile/seiseki/report/2025/2025-2nakayama6.pdf
2025,2025060207,中山,2,7,2025-03-22,12,1;2;3;4;5;6;7;8;9;10;11;12,,https://www.jra.go.jp/datafile/seiseki/report/2025/2025-2nakayama7.pdf
2025,2025060208,中山,2,8,2025-03-23,12,1;2;3;4;5;6;7;8;9;10;11;12,,https://www.jra.go.jp/datafile/seiseki/report/2025/2025-2nakayama8.pdf
2025,2025060301,中山,3,1,2025-03-29,12,1;2;3;4;5;6;7;8;9;10;11;12,,https://www.jra.go.jp/datafile/seiseki/report/2025/2025-3nakayama1.pdf
2025,2025060302,中山,3,2,2025-03-30,12,1;2;3;4;5;6;7;8;9;10;11;12,,https://www.jra.go.jp/datafile/seiseki/report/2025/2025-3nakayama2.pdf
2025,2025060303,中山,3,3,2025-04-05,12,1;2;3;4;5;6;7;8;9;10;11;12,,https://www.jra.go.jp/datafile/seiseki/report/2025/2025-3nakayama3.pdf
2025,2025060304,中山,3,4,2025-04-06,12,1;2;3;4;5;6;7;8;9;10;11;12,,https://www.jra.go.jp/datafile/seiseki/report/2025/2025-3nakayama4.pdf
2025,2025060305,中山,3,5,2025-04-12,12,1;2;3;4;5;6;7;8;9;10;11;12,,https://www.jra.go.jp/datafile/seiseki/report/2025/2025-3nakayama5.pdf
2025,2025060306,中山,3,6,2025-04-13,12,1;2;3;4;5;6;7;8;9;10;11;12,,https://www.jra.go.jp/datafile/seiseki/report/2025/2025-3nakayama6.pdf
2025,2025060307,中山,3,7,2025-04-19,12,1;2;3;4;5;6;7;8;9;10;11;12,,https://www.jra.go.jp/datafile/seiseki/report/2025/2025-3nakayama7.pdf
2025,2025060308,中山,3,8,2025-04-20,12,1;2;3;4;5;6;7;8;9;10;11;12,,https://www.jra.go.jp/datafile/seiseki/report/2025/2025-3nakayama8.pdf
2025,2025060401,中山,4,1,2025-09-06,12,1;2;3;4;5;6;7;8;9;10;11;12,,https://www.jra.go.jp/datafile/seiseki/report/2025/2025-4nakayama1.pdf
2025,2025060402,中山,4,2,2025-09-07,12,1;2;3;4;5;6;7;8;9;10;11;12,,https://www.jra.go.jp/datafile/seiseki/report/2025/2025-4nakayama2.pdf
2025,2025060403,中山,4,3,2025-09-13,12,1;2;3;4;5;6;7;8;9;10;11;12,,https://www.jra.go.jp/datafile/seiseki/report/2025/2025-4nakayama3.pdf
2025,2025060404,中山,4,4,2025-09-14,12,1;2;3;4;5;6;7;8;9;10;11;12,,https://www.jra.go.jp/datafile/seiseki/report/2025/2025-4nakayama4.pdf
2025,2025060405,中山,4,5,2025-09-15,12,1;2;3;4;5;6;7;8;9;10;11;12,,https://www.jra.go.jp/datafile/seiseki/report/2025/2025-4nakayama5.pdf
2025,2025060406,中山,4,6,2025-09-20,12,1;2;3;4;5;6;7;8;9;10;11;12,,https://www.jra.go.jp/datafile/seiseki/report/2025/2025-4nakayama6.pdf
2025,2025060407,中山,4,7,2025-09-21,12,1;2;3;4;5;6;7;8;9;10;11;12,,https://www.jra.go.jp/datafile/seiseki/report/2025/2025-4nakayama7.pdf
2025,2025060408,中山,4,8,2025-09-27,12,1;2;3;4;5;6;7;8;9;10;11;12,,https://www.jra.go.jp/datafile/seiseki/report/2025/2025-4nakayama8.pdf
2025,2025060409,中山,4,9,2025-09-28,12,1;2;3;4;5;6;7;8;9;10;11;12,,https://www.jra.go.jp/datafile/seiseki/report/2025/2025-4nakayama9.pdf
2025,2025060501,中山,5,1,2025-12-06,12,1;2;3;4;5;6;7;8;9;10;11;12,,https://www.jra.go.jp/datafile/seiseki/report/2025/2025-5nakayama1.pdf
2025,2025060502,中山,5,2,2025-12-07,12,1;2;3;4;5;6;7;8;9;10;11;12,,https://www.jra.go.jp/datafile/seiseki/report/2025/2025-5nakayama2.pdf
2025,2025060503,中山,5,3,2025-12-13,12,1;2;3;4;5;6;7;8;9;10;11;12,,https://www.jra.go.jp/datafile/seiseki/report/2025/2025-5nakayama3.pdf
2025,2025060504,中山,5,4,2025-12-14,12,1;2;3;4;5;6;7;8;9;10;11;12,,https://www.jra.go.jp/datafile/seiseki/report/2025/2025-5nakayama4.pdf
2025,2025060505,中山,5,5,2025-12-20,12,1;2;3;4;5;6;7;8;9;10;11;12,,https://www.jra.go.jp/datafile/seiseki/report/2025/2025-5nakayama5.pdf
2025,2025060506,中山,5,6,2025-12-21,12,1;2;3;4;5;6;7;8;9;10;11;12,,https://www.jra.go.jp/datafile/seiseki/report/2025/2025-5nakayama6.pdf
2025,2025060507,中山,5,7,2025-12-27,12,1;2;3;4;5;6;7;8;9;10;11;12,,https://www.jra.go.jp/datafile/seiseki/report/2025/2025-5nakayama7.pdf
2025,2025060508,中山,5,8,2025-12-28,12,1;2;3;4;5;6;7;8;9;10;11;12,,https://www.jra.go.jp/datafile/seiseki/report/2025/2025-5nakayama8.pdf
2025,2025070101,中京,1,1,2025-01-05,12,1;2;3;4;5;6;7;8;9;10;11;12,,https://www.jra.go.jp/datafile/seiseki/report/2025/2025-1chukyo1.pdf
2025,2025070102,中京,1,2,2025-01-06,12,1;2;3;4;5;6;7;8;9;10;11;12,,https://www.jra.go.jp/datafile/seiseki/report/2025/2025-1chukyo2.pdf
2025,2025070103,中京,1,3,2025-01-11,12,1;2;3;4;5;6;7;8;9;10;11;12,,https://www.jra.go.jp/datafile/seiseki/report/2025/2025-1chukyo3.pdf
2025,2025070104,中京,1,4,2025-01-12,12,1;2;3;4;5;6;7;8;9;10;11;12,,https://www.jra.go.jp/datafile/seiseki/report/2025/2025-1chukyo4.pdf
2025,2025070105,中京,1,5,2025-01-13,12,1;2;3;4;5;6;7;8;9;10;11;12,,https://www.jra.go.jp/datafile/seiseki/report/2025/2025-1chukyo5.pdf
2025,2025070106,中京,1,6,2025-01-18,12,1;2;3;4;5;6;7;8;9;10;11;12,,https://www.jra.go.jp/datafile/seiseki/report/2025/2025-1chukyo6.pdf
2025,2025070107,中京,1,7,2025-01-19,12,1;2;3;4;5;6;7;8;9;10;11;12,,https://www.jra.go.jp/datafile/seiseki/report/2025/2025-1chukyo7.pdf
2025,2025070108,中京,1,8,2025-01-25,12,1;2;3;4;5;6;7;8;9;10;11;12,,https://www.jra.go.jp/datafile/seiseki/report/2025/2025-1chukyo8.pdf
2025,2025070109,中京,1,9,2025-01-26,12,1;2;3;4;5;6;7;8;9;10;11;12,,https://www.jra.go.jp/datafile/seiseki/report/2025/2025-1chukyo9.pdf
2025,2025070201,中京,2,1,2025-03-15,12,1;2;3;4;5;6;7;8;9;10;11;12,,https://www.jra.go.jp/datafile/seiseki/report/2025/2025-2chukyo1.pdf
2025,2025070202,中京,2,2,2025-03-16,12,1;2;3;4;5;6;7;8;9;10;11;12,,https://www.jra.go.jp/datafile/seiseki/report/2025/2025-2chukyo2.pdf
2025,2025070203,中京,2,3,2025-03-22,12,1;2;3;4;5;6;7;8;9;10;11;12,,https://www.jra.go.jp/datafile/seiseki/report/2025/2025-2chukyo3.pdf
2025,2025070204,中京,2,4,2025-03-23,12,1;2;3;4;5;6;7;8;9;10;11;12,,https://www.jra.go.jp/datafile/seiseki/report/2025/2025-2chukyo4.pdf
2025,2025070205,中京,2,5,2025-03-29,12,1;2;3;4;5;6;7;8;9;10;11;12,,https://www.jra.go.jp/datafile/seiseki/report/2025/2025-2chukyo5.pdf
2025,2025070206,中京,2,6,2025-03-30,12,1;2;3;4;5;6;7;8;9;10;11;12,,https://www.jra.go.jp/datafile/seiseki/report/2025/2025-2chukyo6.pdf
2025,2025070301,中京,3,1,2025-07-26,12,1;2;3;4;5;6;7;8;9;10;11;12,,https://www.jra.go.jp/datafile/seiseki/report/2025/2025-3chukyo1.pdf
2025,2025070302,中京,3,2,2025-07-27,12,1;2;3;4;5;6;7;8;9;10;11;12,,https://www.jra.go.jp/datafile/seiseki/report/2025/2025-3chukyo2.pdf
2025,2025070303,中京,3,3,2025-08-02,12,1;2;3;4;5;6;7;8;9;10;11;12,,https://www.jra.go.jp/datafile/seiseki/report/2025/2025-3chukyo3.pdf
2025,2025070304,中京,3,4,2025-08-03,12,1;2;3;4;5;6;7;8;9;10;11;12,,https://www.jra.go.jp/datafile/seiseki/report/2025/2025-3chukyo4.pdf
2025,2025070305,中京,3,5,2025-08-09,12,1;2;3;4;5;6;7;8;9;10;11;12,,https://www.jra.go.jp/datafile/seiseki/report/2025/2025-3chukyo5.pdf
2025,2025070306,中京,3,6,2025-08-10,12,1;2;3;4;5;6;7;8;9;10;11;12,,https://www.jra.go.jp/datafile/seiseki/report/2025/2025-3chukyo6.pdf
2025,2025070307,中京,3,7,2025-08-16,12,1;2;3;4;5;6;7;8;9;10;11;12,,https://www.jra.go.jp/datafile/seiseki/report/2025/2025-3chukyo7.pdf
2025,2025070308,中京,3,8,2025-08-17,12,1;2;3;4;5;6;7;8;9;10;11;12,,https://www.jra.go.jp/datafile/seiseki/report/2025/2025-3chukyo8.pdf
2025,2025070401,中京,4,1,2025-08-23,12,1;2;3;4;5;6;7;8;9;10;11;12,,https://www.jra.go.jp/datafile/seiseki/report/2025/2025-4chukyo1.pdf
2025,2025070402,中京,4,2,2025-08-24,12,1;2;3;4;5;6;7;8;9;10;11;12,,https://www.jra.go.jp/datafile/seiseki/report/2025/2025-4chukyo2.pdf
2025,2025070403,中京,4,3,2025-08-30,12,1;2;3;4;5;6;7;8;9;10;11;12,,https://www.jra.go.jp/datafile/seiseki/report/2025/2025-4chukyo3.pdf
2025,2025070404,中京,4,4,2025-08-31,12,1;2;3;4;5;6;7;8;9;10;11;12,,https://www.jra.go.jp/datafile/seiseki/report/2025/2025-4chukyo4.pdf
2025,2025070501,中京,5,1,2025-12-06,12,1;2;3;4;5;6;7;8;9;10;11;12,,https://www.jra.go.jp/datafile/seiseki/report/2025/2025-5chukyo1.pdf
2025,2025070502,中京,5,2,2025-12-07,12,1;2;3;4;5;6;7;8;9;10;11;12,,https://www.jra.go.jp/datafile/seiseki/report/2025/2025-5chukyo2.pdf
2025,2025070503,中京,5,3,2025-12-13,12,1;2;3;4;5;6;7;8;9;10;11;12,,https://www.jra.go.jp/datafile/seiseki/report/2025/2025-5chukyo3.pdf
2025,2025070504,中京,5,4,2025-12-14,12,1;2;3;4;5;6;7;8;9;10;11;12,,https://www.jra.go.jp/datafile/seiseki/report/2025/2025-5chukyo4.pdf
2025,2025070505,中京,5,5,2025-12-20,12,1;2;3;4;5;6;7;8;9;10;11;12,,https://www.jra.go.jp/datafile/seiseki/report/2025/2025-5chukyo5.pdf
2025,2025070506,中京,5,6,2025-12-21,12,1;2;3;4;5;6;7;8;9;10;11;12,,https://www.jra.go.jp/datafile/seiseki/report/2025/2025-5chukyo6.pdf
2025,2025080101,京都,1,1,2025-02-01,12,1;2;3;4;5;6;7;8;9;10;11;12,,https://www.jra.go.jp/datafile/seiseki/report/2025/2025-1kyoto1.pdf
2025,2025080102,京都,1,2,2025-02-02,12,1;2;3;4;5;6;7;8;9;10;11;12,,https://www.jra.go.jp/datafile/seiseki/report/2025/2025-1kyoto2.pdf
2025,2025080103,京都,1,3,2025-02-10,12,1;2;3;4;5;6;7;8;9;10;11;12,,https://www.jra.go.jp/datafile/seiseki/report/2025/2025-1kyoto3.pdf
2025,2025080104,京都,1,4,2025-02-09,12,1;2;3;4;5;6;7;8;9;10;11;12,,https://www.jra.go.jp/datafile/seiseki/report/2025/2025-1kyoto4.pdf
2025,2025080105,京都,1,5,2025-02-15,12,1;2;3;4;5;6;7;8;9;10;11;12,,https://www.jra.go.jp/datafile/seiseki/report/2025/2025-1kyoto5.pdf
2025,2025080106,京都,1,6,2025-02-16,12,1;2;3;4;5;6;7;8;9;10;11;12,,https://www.jra.go.jp/datafile/seiseki/report/2025/2025-1kyoto6.pdf
2025,2025080107,京都,1,7,2025-02-22,12,1;2;3;4;5;6;7;8;9;10;11;12,,https://www.jra.go.jp/datafile/seiseki/report/2025/2025-1kyoto7.pdf
2025,2025080108,京都,1,8,2025-02-23,12,1;2;3;4;5;6;7;8;9;10;11;12,,https://www.jra.go.jp/datafile/seiseki/report/2025/2025-1kyoto8.pdf
2025,2025080201,京都,2,1,2025-04-26,12,1;2;3;4;5;6;7;8;9;10;11;12,,https://www.jra.go.jp/datafile/seiseki/report/2025/2025-2kyoto1.pdf
2025,2025080202,京都,2,2,2025-04-27,12,1;2;3;4;5;6;7;8;9;10;11;12,,https://www.jra.go.jp/datafile/seiseki/report/2025/2025-2kyoto2.pdf
2025,2025080203,京都,2,3,2025-05-03,12,1;2;3;4;5;6;7;8;9;10;11;12,,https://www.jra.go.jp/datafile/seiseki/report/2025/2025-2kyoto3.pdf
2025,2025080204,京都,2,4,2025-05-04,12,1;2;3;4;5;6;7;8;9;10;11;12,,https://www.jra.go.jp/datafile/seiseki/report/2025/2025-2kyoto4.pdf
2025,2025080205,京都,2,5,2025-05-10,12,1;2;3;4;5;6;7;8;9;10;11;12,,https://www.jra.go.jp/datafile/seiseki/report/2025/2025-2kyoto5.pdf
2025,2025080206,京都,2,6,2025-05-11,12,1;2;3;4;5;6;7;8;9;10;11;12,,https://www.jra.go.jp/datafile/seiseki/report/2025/2025-2kyoto6.pdf
2025,2025080207,京都,2,7,2025-05-17,12,1;2;3;4;5;6;7;8;9;10;11;12,,https://www.jra.go.jp/datafile/seiseki/report/2025/2025-2kyoto7.pdf
2025,2025080208,京都,2,8,2025-05-18,12,1;2;3;4;5;6;7;8;9;10;11;12,,https://www.jra.go.jp/datafile/seiseki/report/2025/2025-2kyoto8.pdf
2025,2025080209,京都,2,9,2025-05-24,12,1;2;3;4;5;6;7;8;9;10;11;12,,https://www.jra.go.jp/datafile/seiseki/report/2025/2025-2kyoto9.pdf
2025,2025080210,京都,2,10,2025-05-25,12,1;2;3;4;5;6;7;8;9;10;11;12,,https://www.jra.go.jp/datafile/seiseki/report/2025/2025-2kyoto10.pdf
2025,2025080211,京都,2,11,2025-05-31,12,1;2;3;4;5;6;7;8;9;10;11;12,,https://www.jra.go.jp/datafile/seiseki/report/2025/2025-2kyoto11.pdf
2025,2025080212,京都,2,12,2025-06-01,12,1;2;3;4;5;6;7;8;9;10;11;12,,https://www.jra.go.jp/datafile/seiseki/report/2025/2025-2kyoto12.pdf
2025,2025080301,京都,3,1,2025-10-04,12,1;2;3;4;5;6;7;8;9;10;11;12,,https://www.jra.go.jp/datafile/seiseki/report/2025/2025-3kyoto1.pdf
2025,2025080302,京都,3,2,2025-10-05,12,1;2;3;4;5;6;7;8;9;10;11;12,,https://www.jra.go.jp/datafile/seiseki/report/2025/2025-3kyoto2.pdf
2025,2025080303,京都,3,3,2025-10-11,12,1;2;3;4;5;6;7;8;9;10;11;12,,https://www.jra.go.jp/datafile/seiseki/report/2025/2025-3kyoto3.pdf
2025,2025080304,京都,3,4,2025-10-12,12,1;2;3;4;5;6;7;8;9;10;11;12,,https://www.jra.go.jp/datafile/seiseki/report/2025/2025-3kyoto4.pdf
2025,2025080305,京都,3,5,2025-10-13,12,1;2;3;4;5;6;7;8;9;10;11;12,,https://www.jra.go.jp/datafile/seiseki/report/2025/2025-3kyoto5.pdf
2025,2025080306,京都,3,6,2025-10-18,12,1;2;3;4;5;6;7;8;9;10;11;12,,https://www.jra.go.jp/datafile/seiseki/report/2025/2025-3kyoto6.pdf
2025,2025080307,京都,3,7,2025-10-19,12,1;2;3;4;5;6;7;8;9;10;11;12,,https://www.jra.go.jp/datafile/seiseki/report/2025/2025-3kyoto7.pdf
2025,2025080308,京都,3,8,2025-10-25,12,1;2;3;4;5;6;7;8;9;10;11;12,,https://www.jra.go.jp/datafile/seiseki/report/2025/2025-3kyoto8.pdf
2025,2025080309,京都,3,9,2025-10-26,12,1;2;3;4;5;6;7;8;9;10;11;12,,https://www.jra.go.jp/datafile/seiseki/report/2025/2025-3kyoto9.pdf
2025,2025080310,京都,3,10,2025-11-01,12,1;2;3;4;5;6;7;8;9;10;11;12,,https://www.jra.go.jp/datafile/seiseki/report/2025/2025-3kyoto10.pdf
2025,2025080311,京都,3,11,2025-11-02,12,1;2;3;4;5;6;7;8;9;10;11;12,,https://www.jra.go.jp/datafile/seiseki/report/2025/2025-3kyoto11.pdf
2025,2025080401,京都,4,1,2025-11-08,12,1;2;3;4;5;6;7;8;9;10;11;12,,https://www.jra.go.jp/datafile/seiseki/report/2025/2025-4kyoto1.pdf
2025,2025080402,京都,4,2,2025-11-09,12,1;2;3;4;5;6;7;8;9;10;11;12,,https://www.jra.go.jp/datafile/seiseki/report/2025/2025-4kyoto2.pdf
2025,2025080403,京都,4,3,2025-11-15,12,1;2;3;4;5;6;7;8;9;10;11;12,,https://www.jra.go.jp/datafile/seiseki/report/2025/2025-4kyoto3.pdf
2025,2025080404,京都,4,4,2025-11-16,12,1;2;3;4;5;6;7;8;9;10;11;12,,https://www.jra.go.jp/datafile/seiseki/report/2025/2025-4kyoto4.pdf
2025,2025080405,京都,4,5,2025-11-22,12,1;2;3;4;5;6;7;8;9;10;11;12,,https://www.jra.go.jp/datafile/seiseki/report/2025/2025-4kyoto5.pdf
2025,2025080406,京都,4,6,2025-11-23,12,1;2;3;4;5;6;7;8;9;10;11;12,,https://www.jra.go.jp/datafile/seiseki/report/2025/2025-4kyoto6.pdf
2025,2025080407,京都,4,7,2025-11-29,12,1;2;3;4;5;6;7;8;9;10;11;12,,https://www.jra.go.jp/datafile/seiseki/report/2025/2025-4kyoto7.pdf
2025,2025080408,京都,4,8,2025-11-30,12,1;2;3;4;5;6;7;8;9;10;11;12,,https://www.jra.go.jp/datafile/seiseki/report/2025/2025-4kyoto8.pdf
2025,2025090101,阪神,1,1,2025-03-01,12,1;2;3;4;5;6;7;8;9;10;11;12,,https://www.jra.go.jp/datafile/seiseki/report/2025/2025-1hanshin1.pdf
2025,2025090102,阪神,1,2,2025-03-02,12,1;2;3;4;5;6;7;8;9;10;11;12,,https://www.jra.go.jp/datafile/seiseki/report/2025/2025-1hanshin2.pdf
2025,2025090103,阪神,1,3,2025-03-08,12,1;2;3;4;5;6;7;8;9;10;11;12,,https://www.jra.go.jp/datafile/seiseki/report/2025/2025-1hanshin3.pdf
2025,2025090104,阪神,1,4,2025-03-09,12,1;2;3;4;5;6;7;8;9;10;11;12,,https://www.jra.go.jp/datafile/seiseki/report/2025/2025-1hanshin4.pdf
2025,2025090105,阪神,1,5,2025-03-15,12,1;2;3;4;5;6;7;8;9;10;11;12,,https://www.jra.go.jp/datafile/seiseki/report/2025/2025-1hanshin5.pdf
2025,2025090106,阪神,1,6,2025-03-16,12,1;2;3;4;5;6;7;8;9;10;11;12,,https://www.jra.go.jp/datafile/seiseki/report/2025/2025-1hanshin6.pdf
2025,2025090107,阪神,1,7,2025-03-22,12,1;2;3;4;5;6;7;8;9;10;11;12,,https://www.jra.go.jp/datafile/seiseki/report/2025/2025-1hanshin7.pdf
2025,2025090108,阪神,1,8,2025-03-23,12,1;2;3;4;5;6;7;8;9;10;11;12,,https://www.jra.go.jp/datafile/seiseki/report/2025/2025-1hanshin8.pdf
2025,2025090201,阪神,2,1,2025-03-29,12,1;2;3;4;5;6;7;8;9;10;11;12,,https://www.jra.go.jp/datafile/seiseki/report/2025/2025-2hanshin1.pdf
2025,2025090202,阪神,2,2,2025-03-30,12,1;2;3;4;5;6;7;8;9;10;11;12,,https://www.jra.go.jp/datafile/seiseki/report/2025/2025-2hanshin2.pdf
2025,2025090203,阪神,2,3,2025-04-05,12,1;2;3;4;5;6;7;8;9;10;11;12,,https://www.jra.go.jp/datafile/seiseki/report/2025/2025-2hanshin3.pdf
2025,2025090204,阪神,2,4,2025-04-06,12,1;2;3;4;5;6;7;8;9;10;11;12,,https://www.jra.go.jp/datafile/seiseki/report/2025/2025-2hanshin4.pdf
2025,2025090205,阪神,2,5,2025-04-12,12,1;2;3;4;5;6;7;8;9;10;11;12,,https://www.jra.go.jp/datafile/seiseki/report/2025/2025-2hanshin5.pdf
2025,2025090206,阪神,2,6,2025-04-13,12,1;2;3;4;5;6;7;8;9;10;11;12,,https://www.jra.go.jp/datafile/seiseki/report/2025/2025-2hanshin6.pdf
2025,2025090207,阪神,2,7,2025-04-19,12,1;2;3;4;5;6;7;8;9;10;11;12,,https://www.jra.go.jp/datafile/seiseki/report/2025/2025-2hanshin7.pdf
2025,2025090208,阪神,2,8,2025-04-20,12,1;2;3;4;5;6;7;8;9;10;11;12,,https://www.jra.go.jp/datafile/seiseki/report/2025/2025-2hanshin8.pdf
2025,2025090301,阪神,3,1,2025-06-07,12,1;2;3;4;5;6;7;8;9;10;11;12,,https://www.jra.go.jp/datafile/seiseki/report/2025/2025-3hanshin1.pdf
2025,2025090302,阪神,3,2,2025-06-08,12,1;2;3;4;5;6;7;8;9;10;11;12,,https://www.jra.go.jp/datafile/seiseki/report/2025/2025-3hanshin2.pdf
2025,2025090303,阪神,3,3,2025-06-14,12,1;2;3;4;5;6;7;8;9;10;11;12,,https://www.jra.go.jp/datafile/seiseki/report/2025/2025-3hanshin3.pdf
2025,2025090304,阪神,3,4,2025-06-15,12,1;2;3;4;5;6;7;8;9;10;11;12,,https://www.jra.go.jp/datafile/seiseki/report/2025/2025-3hanshin4.pdf
2025,2025090305,阪神,3,5,2025-06-21,12,1;2;3;4;5;6;7;8;9;10;11;12,,https://www.jra.go.jp/datafile/seiseki/report/2025/2025-3hanshin5.pdf
2025,2025090306,阪神,3,6,2025-06-22,12,1;2;3;4;5;6;7;8;9;10;11;12,,https://www.jra.go.jp/datafile/seiseki/report/2025/2025-3hanshin6.pdf
2025,2025090401,阪神,4,1,2025-09-06,12,1;2;3;4;5;6;7;8;9;10;11;12,,https://www.jra.go.jp/datafile/seiseki/report/2025/2025-4hanshin1.pdf
2025,2025090402,阪神,4,2,2025-09-07,12,1;2;3;4;5;6;7;8;9;10;11;12,,https://www.jra.go.jp/datafile/seiseki/report/2025/2025-4hanshin2.pdf
2025,2025090403,阪神,4,3,2025-09-13,12,1;2;3;4;5;6;7;8;9;10;11;12,,https://www.jra.go.jp/datafile/seiseki/report/2025/2025-4hanshin3.pdf
2025,2025090404,阪神,4,4,2025-09-14,12,1;2;3;4;5;6;7;8;9;10;11;12,,https://www.jra.go.jp/datafile/seiseki/report/2025/2025-4hanshin4.pdf
2025,2025090405,阪神,4,5,2025-09-15,12,1;2;3;4;5;6;7;8;9;10;11;12,,https://www.jra.go.jp/datafile/seiseki/report/2025/2025-4hanshin5.pdf
2025,2025090406,阪神,4,6,2025-09-20,12,1;2;3;4;5;6;7;8;9;10;11;12,,https://www.jra.go.jp/datafile/seiseki/report/2025/2025-4hanshin6.pdf
2025,2025090407,阪神,4,7,2025-09-21,12,1;2;3;4;5;6;7;8;9;10;11;12,,https://www.jra.go.jp/datafile/seiseki/report/2025/2025-4hanshin7.pdf
2025,2025090408,阪神,4,8,2025-09-27,12,1;2;3;4;5;6;7;8;9;10;11;12,,https://www.jra.go.jp/datafile/seiseki/report/2025/2025-4hanshin8.pdf
2025,2025090409,阪神,4,9,2025-09-28,12,1;2;3;4;5;6;7;8;9;10;11;12,,https://www.jra.go.jp/datafile/seiseki/report/2025/2025-4hanshin9.pdf
2025,2025090501,阪神,5,1,2025-12-06,12,1;2;3;4;5;6;7;8;9;10;11;12,,https://www.jra.go.jp/datafile/seiseki/report/2025/2025-5hanshin1.pdf
2025,2025090502,阪神,5,2,2025-12-07,12,1;2;3;4;5;6;7;8;9;10;11;12,,https://www.jra.go.jp/datafile/seiseki/report/2025/2025-5hanshin2.pdf
2025,2025090503,阪神,5,3,2025-12-13,12,1;2;3;4;5;6;7;8;9;10;11;12,,https://www.jra.go.jp/datafile/seiseki/report/2025/2025-5hanshin3.pdf
2025,2025090504,阪神,5,4,2025-12-14,12,1;2;3;4;5;6;7;8;9;10;11;12,,https://www.jra.go.jp/datafile/seiseki/report/2025/2025-5hanshin4.pdf
2025,2025090505,阪神,5,5,2025-12-20,12,1;2;3;4;5;6;7;8;9;10;11;12,,https://www.jra.go.jp/datafile/seiseki/report/2025/2025-5hanshin5.pdf
2025,2025090506,阪神,5,6,2025-12-21,12,1;2;3;4;5;6;7;8;9;10;11;12,,https://www.jra.go.jp/datafile/seiseki/report/2025/2025-5hanshin6.pdf
2025,2025090507,阪神,5,7,2025-12-27,12,1;2;3;4;5;6;7;8;9;10;11;12,,https://www.jra.go.jp/datafile/seiseki/report/2025/2025-5hanshin7.pdf
2025,2025090508,阪神,5,8,2025-12-28,12,1;2;3;4;5;6;7;8;9;10;11;12,,https://www.jra.go.jp/datafile/seiseki/report/2025/2025-5hanshin8.pdf
2025,2025100101,小倉,1,1,2025-01-25,12,1;2;3;4;5;6;7;8;9;10;11;12,,https://www.jra.go.jp/datafile/seiseki/report/2025/2025-1kokura1.pdf
2025,2025100102,小倉,1,2,2025-01-26,12,1;2;3;4;5;6;7;8;9;10;11;12,,https://www.jra.go.jp/datafile/seiseki/report/2025/2025-1kokura2.pdf
2025,2025100103,小倉,1,3,2025-02-01,12,1;2;3;4;5;6;7;8;9;10;11;12,,https://www.jra.go.jp/datafile/seiseki/report/2025/2025-1kokura3.pdf
2025,2025100104,小倉,1,4,2025-02-02,12,1;2;3;4;5;6;7;8;9;10;11;12,,https://www.jra.go.jp/datafile/seiseki/report/2025/2025-1kokura4.pdf
2025,2025100105,小倉,1,5,2025-02-08,12,1;2;3;4;5;6;7;8;9;10;11;12,,https://www.jra.go.jp/datafile/seiseki/report/2025/2025-1kokura5.pdf
2025,2025100106,小倉,1,6,2025-02-09,12,1;2;3;4;5;6;7;8;9;10;11;12,,https://www.jra.go.jp/datafile/seiseki/report/2025/2025-1kokura6.pdf
2025,2025100107,小倉,1,7,2025-02-15,12,1;2;3;4;5;6;7;8;9;10;11;12,,https://www.jra.go.jp/datafile/seiseki/report/2025/2025-1kokura7.pdf
2025,2025100108,小倉,1,8,2025-02-16,12,1;2;3;4;5;6;7;8;9;10;11;12,,https://www.jra.go.jp/datafile/seiseki/report/2025/2025-1kokura8.pdf
2025,2025100109,小倉,1,9,2025-02-22,12,1;2;3;4;5;6;7;8;9;10;11;12,,https://www.jra.go.jp/datafile/seiseki/report/2025/2025-1kokura9.pdf
2025,2025100110,小倉,1,10,2025-02-23,12,1;2;3;4;5;6;7;8;9;10;11;12,,https://www.jra.go.jp/datafile/seiseki/report/2025/2025-1kokura10.pdf
2025,2025100111,小倉,1,11,2025-03-01,12,1;2;3;4;5;6;7;8;9;10;11;12,,https://www.jra.go.jp/datafile/seiseki/report/2025/2025-1kokura11.pdf
2025,2025100112,小倉,1,12,2025-03-02,12,1;2;3;4;5;6;7;8;9;10;11;12,,https://www.jra.go.jp/datafile/seiseki/report/2025/2025-1kokura12.pdf
2025,2025100201,小倉,2,1,2025-06-28,12,1;2;3;4;5;6;7;8;9;10;11;12,,https://www.jra.go.jp/datafile/seiseki/report/2025/2025-2kokura1.pdf
2025,2025100202,小倉,2,2,2025-06-29,12,1;2;3;4;5;6;7;8;9;10;11;12,,https://www.jra.go.jp/datafile/seiseki/report/2025/2025-2kokura2.pdf
2025,2025100203,小倉,2,3,2025-07-05,12,1;2;3;4;5;6;7;8;9;10;11;12,,https://www.jra.go.jp/datafile/seiseki/report/2025/2025-2kokura3.pdf
2025,2025100204,小倉,2,4,2025-07-06,12,1;2;3;4;5;6;7;8;9;10;11;12,,https://www.jra.go.jp/datafile/seiseki/report/2025/2025-2kokura4.pdf
2025,2025100205,小倉,2,5,2025-07-12,12,1;2;3;4;5;6;7;8;9;10;11;12,,https://www.jra.go.jp/datafile/seiseki/report/2025/2025-2kokura5.pdf
2025,2025100206,小倉,2,6,2025-07-13,12,1;2;3;4;5;6;7;8;9;10;11;12,,https://www.jra.go.jp/datafile/seiseki/report/2025/2025-2kokura6.pdf
2025,2025100207,小倉,2,7,2025-07-19,12,1;2;3;4;5;6;7;8;9;10;11;12,,https://www.jra.go.jp/datafile/seiseki/report/2025/2025-2kokura7.pdf
2025,2025100208,小倉,2,8,2025-07-20,12,1;2;3;4;5;6;7;8;9;10;11;12,,https://www.jra.go.jp/datafile/seiseki/report/2025/2025-2kokura8.pdf
2020,2020060302,中山,3,2,2020-03-29;2020-03-31,12,1;2;3;4;5;6;7;8;9;10;11;12,,https://www.jra.go.jp/keiba/calendar2020/2020/3/0329.html;https://www.jra.go.jp/keiba/calendar2020/2020/3/0331.html
