race_date,race_id,horse_id,horse_no,horse_name,top3_label,outer_year,p_A_current_1200,p_B_turf_sprint_1000_1400,p_C_turf_global_1000_2600
2023-01-07,202307010206,2020110040,1,ヤクシマ,1,2023,0.687150716782,0.630613267422,0.636022567749
2023-01-07,202307010206,2020105895,2,フォルテース,0,2023,0.633886575699,0.598028242588,0.700498759747
2023-01-07,202307010206,2020102331,6,メイショウオトギ,0,2023,0.364273607731,0.303170055151,0.282106399536
2023-01-07,202307010206,2020105534,7,タガノタント,0,2023,0.256904244423,0.189638346434,0.211325630546
2023-01-07,202307010206,2020101217,8,アスクドリームモア,0,2023,0.458465933800,0.431933581829,0.463087469339
2023-01-07,202307010206,2020106451,9,コーヒーカフェ,0,2023,0.037024550140,0.023777024820,0.025525823236
2023-01-08,202306010309,2020102439,1,ニジュウダンサー,1,2023,0.282229363918,0.282377272844,0.265572547913
2023-01-08,202306010309,2020105146,2,モンサンスヴニール,0,2023,0.250170379877,0.210003823042,0.218206256628
2023-01-08,202306010309,2020103885,3,クリノゴッホ,1,2023,0.387236654758,0.393307983875,0.385956048965
2023-01-08,202306010309,2020101262,4,エコロレジーナ,0,2023,0.173934221268,0.190585821867,0.212773665786
2023-01-08,202306010309,2020106973,5,デイドリームビーチ,0,2023,0.094113565981,0.092985898256,0.089570626616
2023-01-08,202306010309,2020106987,6,スムースベルベット,0,2023,0.380639851093,0.364392459393,0.322032392025
2023-01-08,202306010309,2020102640,7,サイモンオリーブ,0,2023,0.380719393492,0.319627314806,0.281286239624
2023-01-08,202306010309,2020105131,8,ロッソランパンテ,0,2023,0.168297678232,0.111092232168,0.087204046547
2023-01-08,202306010309,2020110005,9,ソフィアエール,0,2023,0.261260896921,0.222151815891,0.224343374372
2023-01-08,202306010309,2020105571,10,レイフォール,0,2023,0.180754050612,0.167729601264,0.191251769662
2023-01-08,202306010309,2020100056,11,クールムーア,0,2023,0.344776511192,0.371150135994,0.422924786806
2023-01-08,202306010309,2020103328,12,スプレモフレイバー,1,2023,0.280327916145,0.321337580681,0.386718928814
2023-01-08,202307010312,2017102809,1,ガリレイ,0,2023,0.340774238110,0.336404651403,0.299756497145
2023-01-08,202307010312,2018100008,2,ナサ,0,2023,0.158033058047,0.141224280000,0.101347707212
2023-01-08,202307010312,2018103611,3,デルマカンノン,0,2023,0.183155268431,0.167608693242,0.180376961827
2023-01-08,202307010312,2018104621,4,サトノルーチェ,0,2023,0.397362560034,0.373081713915,0.379235953093
2023-01-08,202307010312,2018106305,5,テーオーディエス,0,2023,0.103458859026,0.105836600065,0.105356134474
2023-01-08,202307010312,2017106222,6,ベッサラビア,0,2023,0.027905507013,0.025389015675,0.019148631021
2023-01-08,202307010312,2019109094,7,ブッシュガーデン,1,2023,0.473609209061,0.467964589596,0.449604541063
2023-01-08,202307010312,2018101573,8,セイレーン,0,2023,0.094260655344,0.099133163691,0.073232218623
2023-01-08,202307010312,2018106391,9,メイショウイジゲン,0,2023,0.079589821398,0.081189915538,0.061805605888
2023-01-08,202307010312,2017102940,10,ワンダーカタリナ,1,2023,0.289941519499,0.329102247953,0.369060248137
2023-01-08,202307010312,2017100416,11,リーゼントフラム,0,2023,0.224462285638,0.271353513002,0.264937430620
2023-01-08,202307010312,2018106837,12,テーオーメアリー,0,2023,0.114722497761,0.103169076145,0.101656727493
2023-01-08,202307010312,2019102522,13,ドグマ,1,2023,0.250909566879,0.288298904896,0.350967466831
2023-01-09,202307010411,2019103782,1,ルピナスリード,0,2023,0.502075791359,0.418849617243,0.472544163465
2023-01-09,202307010411,2016102073,2,ホープフルサイン,1,2023,0.088665045798,0.071495413780,0.043108448386
2023-01-09,202307010411,2019104841,3,カルネアサーダ,1,2023,0.230103164911,0.246841117740,0.173549234867
2023-01-09,202307010411,2016104746,4,スワーヴシャルル,0,2023,0.164396971464,0.157106459141,0.164234474301
2023-01-09,202307010411,2017104172,5,メイショウチタン,0,2023,0.134379982948,0.147411346436,0.130112662911
2023-01-09,202307010411,2016110119,6,ジャスパージャック,0,2023,0.220783293247,0.254235804081,0.273620039225
2023-01-09,202307010411,2016101340,7,アスタールビー,0,2023,0.116661891341,0.118756346405,0.117381185293
2023-01-09,202307010411,2016103415,8,ショウナンバニラ,0,2023,0.068712040782,0.070283718407,0.068417623639
2023-01-09,202307010411,2016104668,9,カリボール,0,2023,0.046555940062,0.043574530631,0.045413225889
2023-01-09,202307010411,2017104852,10,キャプテンドレイク,0,2023,0.103390954435,0.085144758224,0.081149302423
2023-01-09,202307010411,2017103295,11,チェアリングソング,0,2023,0.087231136858,0.054643873125,0.035861819983
2023-01-09,202307010411,2017100240,12,スノーテーラー,0,2023,0.226951047778,0.228985473514,0.277032226324
2023-01-09,202307010411,2016102692,13,ハッピーアワー,0,2023,0.026238689199,0.020745147020,0.017177900299
2023-01-09,202307010411,2018105454,14,グレイイングリーン,0,2023,0.381157457829,0.336837321520,0.307720601559
2023-01-09,202307010411,2017104270,15,トキメキ,1,2023,0.086377836764,0.088966891170,0.099331550300
2023-01-14,202306010511,2017103295,1,チェアリングソング,0,2023,0.097439348698,0.076584182680,0.061825629324
2023-01-14,202306010511,2017104253,2,ジュニパーベリー,1,2023,0.199579179287,0.195972576737,0.179534435272
2023-01-14,202306010511,2015100416,3,ライオンボス,0,2023,0.074615277350,0.096849448979,0.115175805986
2023-01-14,202306010511,2016100298,4,ミニオンペール,0,2023,0.098677523434,0.123649768531,0.135137081146
2023-01-14,202306010511,2017105298,5,ストーンリッジ,1,2023,0.243332788348,0.245847448707,0.208536967635
2023-01-14,202306010511,2015104347,6,ルッジェーロ,0,2023,0.128376901150,0.151220113039,0.153022587299
2023-01-14,202306010511,2017100583,7,ディヴィナシオン,0,2023,0.123448617756,0.100944660604,0.108853906393
2023-01-14,202306010511,2019100765,8,コムストックロード,0,2023,0.345570921898,0.331925064325,0.301306366920
2023-01-14,202306010511,2015105850,9,カイザーメランジェ,0,2023,0.049861803651,0.041503053159,0.055044773966
2023-01-14,202306010511,2017103814,10,エレナアヴァンティ,0,2023,0.180258736014,0.161394223571,0.145028620958
2023-01-14,202306010511,2017105661,11,ジュビリーヘッド,1,2023,0.335682958364,0.382197767496,0.319727480412
2023-01-14,202306010511,2017106387,12,スマートリアン,0,2023,0.154313459992,0.176619604230,0.220893278718
2023-01-14,202306010511,2018110045,13,ショックアクション,0,2023,0.039021033794,0.040079165250,0.065369211137
2023-01-14,202306010511,2015104699,14,フレッチア,0,2023,0.225635722280,0.208075970411,0.183974549174
2023-01-14,202306010511,2016103730,15,ザイツィンガー,0,2023,0.040489856154,0.035116851330,0.047860093415
2023-01-14,202306010511,2017100437,16,インターミッション,0,2023,0.195714235306,0.200220674276,0.150728195906
2023-01-14,202310010102,2020100909,1,ジューンオレンジ,1,2023,0.304183781147,0.305192857981,0.292830079794
2023-01-14,202310010102,2020106537,3,ウィルオブラガー,0,2023,0.101957701147,0.118558667600,0.095055781305
2023-01-14,202310010102,2020103056,4,ヴァルダリス,0,2023,0.320996612310,0.296903520823,0.280688196421
2023-01-14,202310010102,2020105310,5,イースターエッグ,1,2023,0.258351475000,0.260800272226,0.245956555009
2023-01-14,202310010102,2020105757,8,グスタール,0,2023,0.399401366711,0.378152340651,0.396629363298
2023-01-14,202310010102,2020100167,9,ケサランパサラン,0,2023,0.120594449341,0.106105633080,0.099230021238
2023-01-14,202310010102,2020104349,12,キースケデシュ,0,2023,0.106788046658,0.108327694237,0.095346398652
2023-01-14,202310010102,2020106121,16,カッテミル,0,2023,0.331120073795,0.305593550205,0.290874004364
2023-01-14,202310010102,2020101852,17,ニードレストゥセイ,0,2023,0.201181143522,0.204148516059,0.168309032917
2023-01-14,202310010112,2018105239,1,プラウドルック,0,2023,0.109881483018,0.096745267510,0.126188918948
2023-01-14,202310010112,2019107075,2,ブランデーロック,1,2023,0.355516016483,0.380356729031,0.412895411253
2023-01-14,202310010112,2018105231,3,ラヴォルタ,0,2023,0.315700590611,0.333695530891,0.368711799383
2023-01-14,202310010112,2019104078,4,メイショウグラニー,1,2023,0.113640218973,0.099595688283,0.105248227715
2023-01-14,202310010112,2019100772,5,ポルタフォルトゥナ,1,2023,0.264246970415,0.262870550156,0.237884968519
2023-01-14,202310010112,2018100773,6,ユナイテッドハーツ,0,2023,0.093238443136,0.091894946992,0.104650102556
2023-01-14,202310010112,2018106200,8,メイショウヒゾッコ,0,2023,0.021746391430,0.021815450862,0.017900403589
2023-01-14,202310010112,2019104818,9,メイケイバートン,0,2023,0.341990917921,0.429456412792,0.443078011274
2023-01-14,202310010112,2019104693,10,ポメランチェ,0,2023,0.084135212004,0.084087073803,0.070712462068
2023-01-14,202310010112,2018100480,11,デルマヤクシ,0,2023,0.081725031137,0.082193888724,0.098653167486
2023-01-14,202310010112,2019101743,12,タムロキュラムン,0,2023,0.125503286719,0.115608371794,0.128172188997
2023-01-14,202310010112,2016100059,13,アランチオーネ,0,2023,0.008837212808,0.007182041649,0.007147023920
2023-01-14,202310010112,2019103656,14,コイニオチテ,0,2023,0.038453653455,0.037295125425,0.042590212077
2023-01-14,202310010112,2019102041,15,アドヴァイス,0,2023,0.095118865371,0.097101263702,0.110988296568
2023-01-14,202310010112,2019100604,16,ヤマニンアンフィル,0,2023,0.248169749975,0.203239873052,0.209601387382
2023-01-14,202310010112,2019100666,17,イラーレ,0,2023,0.595866322517,0.526849210262,0.540257930756
2023-01-14,202310010112,2018103063,18,フィルムスコア,0,2023,0.164067149162,0.166185691953,0.193143323064
2023-01-15,202306010609,2019104470,1,キミワクイーン,1,2023,0.580667078495,0.555552840233,0.526955187321
2023-01-15,202306010609,2018100756,2,シュアーヴアリア,0,2023,0.276439636946,0.257999151945,0.243168979883
2023-01-15,202306010609,2017100461,3,ワンスカイ,0,2023,0.409461081028,0.279844135046,0.286008119583
2023-01-15,202306010609,2017100511,4,アールクインダム,0,2023,0.177679255605,0.172340735793,0.106850944459
2023-01-15,202306010609,2017101693,5,コスモカルナック,1,2023,0.381558448076,0.317248553038,0.277931749821
2023-01-15,202306010609,2017102946,6,オシリスブレイン,1,2023,0.152425169945,0.159183681011,0.156522318721
2023-01-15,202306010609,2018103932,7,フミロア,0,2023,0.097959876060,0.095399901271,0.097962222993
2023-01-15,202306010609,2019101763,8,グランアリエル,0,2023,0.279364585876,0.287012219429,0.228164285421
2023-01-15,202306010609,2017100969,9,ショウナンバービー,0,2023,0.204386875033,0.168118312955,0.178972944617
2023-01-15,202306010609,2018100650,10,ゼログラヴィティ,0,2023,0.341429740191,0.356872439384,0.343750208616
2023-01-15,202306010609,2016101956,11,オルダージュ,0,2023,0.072656139731,0.098475225270,0.108567066491
2023-01-15,202306010612,2017101571,1,サイヤダンサー,1,2023,0.349357694387,0.386012881994,0.320966213942
2023-01-15,202306010612,2018105874,2,ルルローズ,0,2023,0.502042770386,0.389440804720,0.369134753942
2023-01-15,202306010612,2017102095,3,セルレア,0,2023,0.243505120277,0.236818566918,0.247918263078
2023-01-15,202306010612,2019104451,4,ビーオンザマーチ,1,2023,0.218964934349,0.186033964157,0.184355050325
2023-01-15,202306010612,2017101919,5,コスモカッティーボ,0,2023,0.051764387637,0.046974215657,0.028489084914
2023-01-15,202306010612,2019100210,6,ウインバグース,1,2023,0.701694667339,0.625311911106,0.586008131504
2023-01-15,202306010612,2019103806,7,ベルウッドブラボー,0,2023,0.522386789322,0.470476180315,0.393855035305
2023-01-15,202306010612,2019103136,8,シゲルファンノユメ,0,2023,0.344485014677,0.309033125639,0.297540783882
2023-01-15,202306010612,2016106316,9,ミモザイエロー,0,2023,0.096742935479,0.127387225628,0.127113118768
2023-01-15,202306010612,2017104234,10,スズノヤマト,0,2023,0.135145649314,0.130865693092,0.126418218017
2023-01-15,202310010202,2020109130,1,ベルボールドナイン,0,2023,0.145423799753,0.163442298770,0.129330888391
2023-01-15,202310010202,2020104500,3,アシリパ,0,2023,0.022442307323,0.021362338215,0.018631115556
2023-01-15,202310010202,2020102377,4,サンタアナテソーロ,1,2023,0.368928194046,0.356936961412,0.273745357990
2023-01-15,202310010202,2020103962,11,ステークホルダー,1,2023,0.437965273857,0.455435603857,0.432183176279
2023-01-15,202310010209,2019104697,1,ショウナンマッハ,0,2023,0.152393922210,0.180013254285,0.177776709199
2023-01-15,202310010209,2019100652,2,ハギノモーリス,0,2023,0.193293154240,0.195905655622,0.208708480000
2023-01-15,202310010209,2019103010,3,オードゥメール,0,2023,0.186841160059,0.171200692654,0.218299299479
2023-01-15,202310010209,2019103065,4,ゼットレヨン,0,2023,0.088360346854,0.084460325539,0.089171983302
2023-01-15,202310010209,2019104772,5,セリノーフォス,0,2023,0.188819080591,0.182965010405,0.162764236331
2023-01-15,202310010209,2018105873,6,ミキノバスドラム,0,2023,0.053059320897,0.043850854039,0.028588030487
2023-01-15,202310010209,2019100751,7,マイネルレノン,0,2023,0.385650992393,0.430112063885,0.397595554590
2023-01-15,202310010209,2019105050,8,メルヴィル,0,2023,0.405380725861,0.397852391005,0.449084728956
2023-01-15,202310010209,2018110001,9,ジュストコル,0,2023,0.296490520239,0.274814695120,0.267669677734
2023-01-15,202310010209,2017105126,10,チャイカ,0,2023,0.126753479242,0.097205623984,0.110342919827
2023-01-15,202310010209,2019104386,11,トーセンサンダー,1,2023,0.265469402075,0.294349223375,0.272640794516
2023-01-15,202310010209,2019104915,12,バンデルオーラ,1,2023,0.338661730289,0.329153686762,0.367652773857
2023-01-15,202310010209,2018100636,13,ステラダイヤ,0,2023,0.088368028402,0.095742747188,0.110767193139
2023-01-15,202310010209,2017100519,14,サクセスハーモニー,0,2023,0.019058469683,0.011851774529,0.022645050660
2023-01-15,202310010209,2019100214,15,ウインモナーク,1,2023,0.255397051573,0.319213420153,0.321469157934
2023-01-15,202310010209,2018103296,16,サニーオーシャン,0,2023,0.033374715596,0.030380252749,0.036390867084
2023-01-15,202310010209,2019102436,17,ミズノコキュウ,0,2023,0.153946742415,0.161446750164,0.142984703183
2023-01-15,202310010209,2019101917,18,エテルナメンテ,0,2023,0.122287623584,0.131514787674,0.140118002892
2023-01-15,202310010212,2019101899,1,ハーディローズ,0,2023,0.026319548488,0.029274076223,0.031763218343
2023-01-15,202310010212,2019100292,2,ダレモトメラレナイ,1,2023,0.357007741928,0.361543715000,0.391717970371
2023-01-15,202310010212,2016102111,3,ファタリテ,0,2023,0.160457193851,0.122218064964,0.133698374033
2023-01-15,202310010212,2018105965,4,エイシンディアデム,0,2023,0.034514121711,0.037309661508,0.038947798312
2023-01-15,202310010212,2019105128,5,プルサティーラ,0,2023,0.270852059126,0.243080750108,0.258122205734
2023-01-15,202310010212,2019100986,6,イチローイチロー,0,2023,0.036613862962,0.036978326738,0.038027729839
2023-01-15,202310010212,2018101951,7,タガノスペルノヴァ,0,2023,0.219404518604,0.185150057077,0.183401152492
2023-01-15,202310010212,2019106596,8,バトルシャイニング,1,2023,0.059070117772,0.061560414732,0.079855978489
2023-01-15,202310010212,2019101313,9,ルクスランページ,0,2023,0.038536895066,0.035586457700,0.028594294563
2023-01-15,202310010212,2019101031,10,サミュエル,0,2023,0.145115748048,0.146788716316,0.136641457677
2023-01-15,202310010212,2018104559,11,ナリタローゼ,0,2023,0.336591094732,0.362689197063,0.406539082527
2023-01-15,202310010212,2019106707,12,クインズコスモス,0,2023,0.379545211792,0.383172541857,0.351283252239
2023-01-15,202310010212,2019109140,13,ヒノクニ,1,2023,0.215348079801,0.211376786232,0.165940731764
2023-01-15,202310010212,2019104686,14,アキバ,0,2023,0.341154813766,0.361025065184,0.416698843241
2023-01-15,202310010212,2017104849,15,ラッシュアップ,0,2023,0.147083833814,0.148123607039,0.144698977470
2023-01-15,202310010212,2017100643,16,ヨンウォニ,0,2023,0.091307476163,0.100297756493,0.082333222032
2023-01-21,202310010309,2020105895,1,フォルテース,0,2023,0.492925018072,0.553729891777,0.597545504570
2023-01-21,202310010309,2020102940,2,ダンシングニードル,0,2023,0.557086884975,0.556698679924,0.627816438675
2023-01-21,202310010309,2020100236,4,ニシノトキメキ,1,2023,0.298839241266,0.303482025862,0.381418466568
2023-01-21,202310010309,2020103261,5,アウクソー,0,2023,0.175276383758,0.141436457634,0.198862910271
2023-01-21,202310010309,2020105400,6,タマモブラックタイ,1,2023,0.229926854372,0.178064554930,0.214176014066
2023-01-21,202310010309,2020104194,7,ルーフ,1,2023,0.492906838655,0.439213544130,0.632027387619
2023-01-21,202310010309,2020103191,8,ブライトサイン,0,2023,0.111488617957,0.101583875716,0.147129550576
2023-01-21,202310010312,2019104356,1,ディオアステリア,1,2023,0.234087765217,0.221997424960,0.236581116915
2023-01-21,202310010312,2019103584,2,オラヴェリタス,0,2023,0.234283432364,0.247760340571,0.229368105531
2023-01-21,202310010312,2018105518,3,ダブルスナッチ,0,2023,0.241913720965,0.260501563549,0.202532544732
2023-01-21,202310010312,2019103200,4,ネイキッドハート,0,2023,0.179750621319,0.183651581407,0.177429705858
2023-01-21,202310010312,2019105526,5,ミッキーチャレンジ,0,2023,0.403372466564,0.416463851929,0.429025024176
2023-01-21,202310010312,2018104471,6,グレイトミッション,0,2023,0.200016751885,0.201515287161,0.216987088323
2023-01-21,202310010312,2019106707,7,クインズコスモス,0,2023,0.206582903862,0.202449157834,0.212396234274
2023-01-21,202310010312,2018101782,8,コスモサンレミ,0,2023,0.142295554280,0.130414217710,0.161161258817
2023-01-21,202310010312,2019101899,9,ハーディローズ,0,2023,0.026061842218,0.028508538380,0.025403691456
2023-01-21,202310010312,2017103309,10,ホウオウエンジェル,0,2023,0.268688946962,0.272130638361,0.254600942135
2023-01-21,202310010312,2019109123,11,ミミグッド,0,2023,0.023256905377,0.021425670013,0.030783563852
2023-01-21,202310010312,2019106086,12,ニホンピロポート,0,2023,0.085315771401,0.091677613556,0.102823495865
2023-01-21,202310010312,2017100643,13,ヨンウォニ,0,2023,0.030691450462,0.034538269043,0.024725155905
2023-01-21,202310010312,2018102585,14,ロードラスター,1,2023,0.193367153406,0.181051984429,0.203074380755
2023-01-21,202310010312,2019103143,15,アスクチャンプガイ,0,2023,0.038829084486,0.034957874566,0.040537681431
2023-01-21,202310010312,2019106596,16,バトルシャイニング,1,2023,0.185466989875,0.149096086621,0.148296535015
2023-01-21,202310010312,2019100667,17,アランヴェリテ,0,2023,0.176353827119,0.162743076682,0.143264397979
2023-01-22,202310010402,2020106971,1,ニジノテンシ,0,2023,0.047586869448,0.037365615368,0.040984086692
2023-01-22,202310010402,2020103607,2,ウインターズテイル,0,2023,0.159178808331,0.145006403327,0.090796619654
2023-01-22,202310010402,2020102294,3,スイープラン,1,2023,0.284783989191,0.299918264151,0.343565076590
2023-01-22,202310010402,2020101802,4,コズミックコール,0,2023,0.134949132800,0.132431343198,0.150545284152
2023-01-22,202310010402,2020104545,7,スマートメイプル,0,2023,0.372370570898,0.374053955078,0.331244021654
2023-01-22,202310010402,2020102840,8,ブーバー,0,2023,0.265381544828,0.281389236450,0.279749482870
2023-01-22,202310010402,2020104087,9,グランツベリー,0,2023,0.219778507948,0.264875769615,0.268516510725
2023-01-22,202310010402,2020103969,10,ヨウシタンレイ,0,2023,0.246798843145,0.245798066258,0.243204787374
2023-01-22,202310010402,2020100504,13,ミレディ,1,2023,0.064397364855,0.060311280191,0.089141994715
2023-01-22,202310010402,2020100210,14,ワタシハマジョ,0,2023,0.023788707331,0.022313939407,0.028248330578
2023-01-22,202310010402,2020103094,17,バロックダンス,0,2023,0.404273211956,0.484936147928,0.498396784067
2023-01-22,202310010402,2020101763,18,トーホウフランゴ,1,2023,0.201927110553,0.205005049706,0.177026882768
2023-01-22,202310010406,2020106395,1,エイユーマックス,0,2023,0.138901710510,0.140374377370,0.126508384943
2023-01-22,202310010406,2020104175,3,カシノインディード,0,2023,0.199080228806,0.174488529563,0.156305477023
2023-01-22,202310010406,2020104758,7,ゴコウサス,0,2023,0.330387175083,0.379798293114,0.366986721754
2023-01-22,202310010406,2020100329,8,テセラフィリア,0,2023,0.013062366284,0.011088033207,0.011049825698
2023-01-22,202310010406,2020106055,9,アナザームーン,0,2023,0.068486429751,0.065525881946,0.068296276033
2023-01-22,202310010406,2020106149,12,アスキーアート,1,2023,0.035898488015,0.029843939468,0.032064132392
2023-01-22,202310010406,2020100441,13,ハナサキポプラ,0,2023,0.077584311366,0.075078003109,0.071441404521
2023-01-22,202310010406,2020103775,14,サトノラピス,0,2023,0.045204047114,0.044066078961,0.041251089424
2023-01-22,202310010406,2020106537,15,ウィルオブラガー,0,2023,0.174793899059,0.161069557071,0.167264416814
2023-01-22,202310010406,2020101492,17,シンリンゲンカイ,0,2023,0.241314038634,0.261482685804,0.287462532520
2023-01-22,202310010409,2019101032,1,ユキヤナギ,0,2023,0.081377848983,0.065194778144,0.049274079502
2023-01-22,202310010409,2019105241,2,ビップシュプリーム,1,2023,0.339946866035,0.294292360544,0.264140069485
2023-01-22,202310010409,2018106601,3,テセウス,0,2023,0.228914514184,0.247763782740,0.255339205265
2023-01-22,202310010409,2018102069,4,ラナキラ,0,2023,0.354068517685,0.390986889601,0.420268028975
2023-01-22,202310010409,2017101991,5,テンジュイン,0,2023,0.303360790014,0.308180958033,0.348756849766
2023-01-22,202310010409,2019104995,6,ショウナンナウシカ,0,2023,0.056626401842,0.058408394456,0.053542029113
2023-01-22,202310010409,2019102009,7,クランシリーニー,0,2023,0.126800924540,0.099399201572,0.153161525726
2023-01-22,202310010409,2019106682,8,ロックユアハート,0,2023,0.187888711691,0.180872201920,0.174037963152
2023-01-22,202310010409,2019102456,9,ナバロン,0,2023,0.230845808983,0.239364132285,0.239567086101
2023-01-22,202310010409,2019101262,10,ショウナンアメリア,0,2023,0.180164545774,0.161288991570,0.197658687830
2023-01-22,202310010409,2019100292,11,ダレモトメラレナイ,1,2023,0.461676985025,0.492253154516,0.540290117264
2023-01-22,202310010409,2019101031,12,サミュエル,1,2023,0.102353923023,0.101389683783,0.096992827952
2023-01-28,202310010502,2020101966,1,ダイシンベスパ,0,2023,0.168219462037,0.170960023999,0.168332681060
2023-01-28,202310010502,2020100120,2,レジーナルージュ,0,2023,0.055739469826,0.058103546500,0.058566309512
2023-01-28,202310010502,2020102257,6,モズメルベイユ,0,2023,0.158108666539,0.160929277539,0.172610625625
2023-01-28,202310010502,2020105787,9,アントルメグラッセ,0,2023,0.170092910528,0.180794745684,0.142854899168
2023-01-28,202310010502,2020106121,10,カッテミル,0,2023,0.458836674690,0.442357897758,0.434480130672
2023-01-28,202310010502,2020104741,11,オリビアミノル,0,2023,0.166934326291,0.166665509343,0.180367618799
2023-01-28,202310010502,2020103962,13,ステークホルダー,1,2023,0.589212417603,0.571066617966,0.617186427116
2023-01-28,202310010502,2020101124,15,ビービータンバム,0,2023,0.091308385134,0.092599213123,0.079791516066
2023-01-28,202310010502,2020102468,16,トーセンサウダージ,0,2023,0.299259334803,0.328977704048,0.303016304970
2023-01-28,202310010511,2018106455,1,メイショウハボタン,1,2023,0.217553704977,0.198483139277,0.257250815630
2023-01-28,202310010511,2018104534,2,アスクキングコング,0,2023,0.172336101532,0.228239089251,0.245577692986
2023-01-28,202310010511,2017101919,3,コスモカッティーボ,0,2023,0.044285722077,0.036602787673,0.023088607937
2023-01-28,202310010511,2017102940,4,ワンダーカタリナ,0,2023,0.274843186140,0.308627754450,0.250033140182
2023-01-28,202310010511,2019109094,5,ブッシュガーデン,0,2023,0.392688781023,0.366156399250,0.334785819054
2023-01-28,202310010511,2019109140,6,ヒノクニ,0,2023,0.143651276827,0.128505483270,0.119201391935
2023-01-28,202310010511,2019104108,7,エナジーグラン,1,2023,0.289652884007,0.287912160158,0.305599033833
2023-01-28,202310010511,2019104386,8,トーセンサンダー,0,2023,0.325389951468,0.337178707123,0.341488659382
2023-01-28,202310010511,2017100416,9,リーゼントフラム,0,2023,0.161878466606,0.135885685682,0.142048433423
2023-01-28,202310010511,2018102491,10,メイショウエニシア,0,2023,0.095226861537,0.103009931743,0.096396937966
2023-01-28,202310010511,2018100808,11,アラモードバイオ,0,2023,0.188425302505,0.233219057322,0.188431158662
2023-01-28,202310010511,2018104239,12,クープドクール,0,2023,0.062059752643,0.060386907309,0.057794626802
2023-01-28,202310010511,2018101964,13,アルムファーツリー,1,2023,0.092479281127,0.090482607484,0.097704537213
2023-01-28,202310010511,2019100214,14,ウインモナーク,0,2023,0.474480956793,0.466237366199,0.438631266356
2023-01-28,202310010511,2018103296,15,サニーオーシャン,0,2023,0.049536697567,0.035121899098,0.035776112229
2023-01-28,202310010511,2019103562,16,ダテボレアス,0,2023,0.146345764399,0.144291594625,0.164906725287
2023-01-28,202310010511,2019102856,17,トーホウラビアン,0,2023,0.127535298467,0.137497708201,0.142938062549
2023-01-28,202310010511,2018106391,18,メイショウイジゲン,0,2023,0.057100258768,0.064259827137,0.058872036636
2023-01-28,202310010512,2019105493,1,トーホウデュラン,0,2023,0.267256796360,0.283323973417,0.308625817299
2023-01-28,202310010512,2017101991,2,テンジュイン,0,2023,0.240104719996,0.248261645436,0.232555761933
2023-01-28,202310010512,2017104895,4,ダノンカオス,1,2023,0.176607176661,0.195271566510,0.195682629943
2023-01-28,202310010512,2019105412,5,プリモカリーナ,0,2023,0.313566714525,0.350710839033,0.397201567888
2023-01-28,202310010512,2019104493,6,メリトクラシー,0,2023,0.050054471940,0.044035539031,0.066870801151
2023-01-28,202310010512,2018100773,7,ユナイテッドハーツ,0,2023,0.128636837006,0.130575791001,0.170770436525
2023-01-28,202310010512,2019103814,8,スカイトレイル,0,2023,0.063562482595,0.048085320741,0.059677395970
2023-01-28,202310010512,2018100618,9,トーホウジュナール,1,2023,0.222588181496,0.176983296871,0.178200095892
2023-01-28,202310010512,2017103023,10,スウィートメリナ,0,2023,0.050365913659,0.031185833737,0.027435643598
2023-01-28,202310010512,2018106200,11,メイショウヒゾッコ,0,2023,0.041316594929,0.048596590757,0.042115900666
2023-01-28,202310010512,2019101262,12,ショウナンアメリア,1,2023,0.174227967858,0.160490691662,0.160550132394
2023-01-28,202310010512,2019104824,13,タイニープライド,0,2023,0.113205485046,0.121476694942,0.097859062254
2023-01-28,202310010512,2018106366,14,センドハーマイラブ,0,2023,0.150012925267,0.129502683878,0.136472448707
2023-01-28,202310010512,2019100666,15,イラーレ,0,2023,0.473964452744,0.427122086287,0.445166587830
2023-01-28,202310010512,2018105201,16,デイトンウェイ,0,2023,0.068545609713,0.071186758578,0.098242469132
2023-01-28,202310010512,2019105130,17,プラソン,0,2023,0.119644977152,0.108934029937,0.108661636710
2023-01-28,202310010512,2017104849,18,ラッシュアップ,0,2023,0.122209772468,0.120968356729,0.098365791142
2023-01-29,202307011011,2017105541,1,シャインガーネット,0,2023,0.170271813869,0.163084492087,0.166388452053
2023-01-29,202307011011,2019103753,2,ナムラクレア,1,2023,0.428104877472,0.492840468884,0.474373698235
2023-01-29,202307011011,2016104787,3,グルーヴィット,0,2023,0.156859070063,0.163323849440,0.176633745432
2023-01-29,202307011011,2016103143,4,エイティーンガール,0,2023,0.080435961485,0.083047874272,0.091135539114
2023-01-29,202307011011,2018100032,5,シゲルピンクルビー,0,2023,0.177428856492,0.197848156095,0.194727405906
2023-01-29,202307011011,2018104029,6,レイハリア,0,2023,0.097152359784,0.080141916871,0.081836342812
2023-01-29,202307011011,2016110152,7,マリアズハート,0,2023,0.139335662127,0.153147310019,0.137468248606
2023-01-29,202307011011,2019110020,8,マッドクール,1,2023,0.510729432106,0.457924932241,0.550987422466
2023-01-29,202307011011,2016102197,9,ファストフォース,1,2023,0.128519773483,0.146170824766,0.155230522156
2023-01-29,202307011011,2016103415,10,ショウナンバニラ,0,2023,0.064101696014,0.057852435857,0.072839483619
2023-01-29,202307011011,2019103422,11,テイエムスパーダ,0,2023,0.183665543795,0.181018844247,0.178137555718
2023-01-29,202307011011,2015105850,12,カイザーメランジェ,0,2023,0.030987922102,0.022066364065,0.022282503545
2023-01-29,202307011011,2015101028,13,キルロード,0,2023,0.295166969299,0.373404264450,0.300257205963
2023-01-29,202307011011,2019100213,14,ウインマーベル,0,2023,0.409840315580,0.494273960590,0.486899465322
2023-01-29,202307011011,2019106526,15,トウシンマカオ,0,2023,0.277567297220,0.335713893175,0.317412316799
2023-01-29,202310010602,2020105031,3,シュハリ,0,2023,0.056158535182,0.065598316491,0.047092735767
2023-01-29,202310010602,2020100347,4,クリノリアルレディ,0,2023,0.032165870070,0.024996457621,0.019385145977
2023-01-29,202310010602,2020100312,7,リュウノステルス,0,2023,0.044145852327,0.041214931756,0.053225040436
2023-01-29,202310010602,2020109067,10,リサリサ,1,2023,0.245564296842,0.261834472418,0.268217235804
2023-01-29,202310010602,2020105757,12,グスタール,1,2023,0.409848034382,0.433240741491,0.384229302406
2023-01-29,202310010602,2020104349,13,キースケデシュ,0,2023,0.144113361835,0.146671026945,0.131371319294
2023-01-29,202310010602,2020106263,15,ピンポンマム,0,2023,0.288119286299,0.305940836668,0.308564603329
2023-01-29,202310010602,2020103588,17,マテンロウナイト,0,2023,0.083847135305,0.082180924714,0.069442972541
2023-01-29,202310010608,2017103309,1,ホウオウエンジェル,1,2023,0.370726644993,0.394389510155,0.366662323475
2023-01-29,202310010608,2018110123,2,オリンピックデイ,0,2023,0.411247968674,0.462065875530,0.525427758694
2023-01-29,202310010608,2019110067,3,マスキエッタ,0,2023,0.169217571616,0.207773715258,0.174776747823
2023-01-29,202310010608,2016102111,4,ファタリテ,0,2023,0.097243428230,0.106069035828,0.101442098618
2023-01-29,202310010608,2018104330,5,ランスオブミューズ,0,2023,0.158168405294,0.154733434319,0.169102370739
2023-01-29,202310010608,2017103973,6,タツオウカケンラン,0,2023,0.046614002436,0.046012476087,0.054093346000
2023-01-29,202310010608,2018106443,7,クレイジーリッチ,0,2023,0.054776642472,0.064026162028,0.045606225729
2023-01-29,202310010608,2018106601,8,テセウス,0,2023,0.185627102852,0.173878818750,0.195903763175
2023-01-29,202310010608,2017100169,9,ソルトキャピタル,0,2023,0.179957747459,0.190099239349,0.198616281152
2023-01-29,202310010608,2019100643,11,エクロール,0,2023,0.150839656591,0.116072066128,0.172263905406
2023-01-29,202310010608,2019104002,12,タイキバンディエラ,0,2023,0.158741369843,0.134238049388,0.161213681102
2023-01-29,202310010608,2019106194,13,コーリングユー,1,2023,0.294595152140,0.243694096804,0.301573544741
2023-01-29,202310010608,2018105965,14,エイシンディアデム,0,2023,0.055688925087,0.054512728006,0.057694062591
2023-01-29,202310010608,2019103360,15,ジョーブリッランテ,1,2023,0.111403606832,0.102630585432,0.098216220737
2023-01-29,202310010611,2017106264,1,ビアイ,0,2023,0.116783417761,0.097846060991,0.099929742515
2023-01-29,202310010611,2018104936,2,ジャカランダレーン,0,2023,0.120684005320,0.106147095561,0.113390237093
2023-01-29,202310010611,2019101903,3,ブレスレスリー,0,2023,0.330586493015,0.380618214607,0.377762913704
2023-01-29,202310010611,2017110041,4,サトノジヴェルニー,0,2023,0.098046824336,0.088948071003,0.091269984841
2023-01-29,202310010611,2017103895,5,テーオーマルクス,0,2023,0.028802081943,0.026380380616,0.040768802166
2023-01-29,202310010611,2018103084,6,カバーガール,0,2023,0.087334692478,0.092755146325,0.081471838057
2023-01-29,202310010611,2017101248,7,コスモアンジュ,0,2023,0.095314256847,0.099965304136,0.095810629427
2023-01-29,202310010611,2019102576,8,クリノマジン,1,2023,0.242104753852,0.249855965376,0.263557851315
2023-01-29,202310010611,2019106184,9,カフジテトラゴン,0,2023,0.272534042597,0.289322912693,0.304779917002
2023-01-29,202310010611,2018106389,10,メイショウツツジ,0,2023,0.122854165733,0.123006410897,0.129011392593
2023-01-29,202310010611,2017104138,11,グランレイ,1,2023,0.195433348417,0.203484073281,0.188869729638
2023-01-29,202310010611,2019102522,12,ドグマ,0,2023,0.319187551737,0.334685713053,0.365213364363
2023-01-29,202310010611,2018104949,13,フォイアーロート,0,2023,0.092612996697,0.070342615247,0.093745209277
2023-01-29,202310010611,2018105223,14,モンファボリ,0,2023,0.135095864534,0.138867080212,0.113524369895
2023-01-29,202310010611,2016101153,15,ダノンシティ,0,2023,0.059809684753,0.051100365818,0.038021836430
2023-01-29,202310010611,2017104067,16,タマモティータイム,0,2023,0.128478333354,0.097808957100,0.112752154469
2023-01-29,202310010611,2018100652,17,ファイアダンサー,0,2023,0.229004219174,0.217913210392,0.229257717729
2023-01-29,202310010611,2018101452,18,スンリ,1,2023,0.209916725755,0.226048663259,0.257124632597
2023-02-04,202310010709,2020101217,1,アスクドリームモア,1,2023,0.219795733690,0.167037174106,0.172767400742
2023-02-04,202310010709,2020103267,3,アトモストリミッツ,0,2023,0.248320788145,0.238473162055,0.238615334034
2023-02-04,202310010709,2020102132,4,トレンディスター,1,2023,0.367700904608,0.355805188417,0.359318494797
2023-02-04,202310010709,2020103284,5,トールキン,1,2023,0.242208763957,0.248100519180,0.221958667040
2023-02-04,202310010709,2020101262,6,エコロレジーナ,0,2023,0.295404165983,0.289391785860,0.262278079987
2023-02-04,202310010709,2020102049,8,ハウピア,0,2023,0.211497828364,0.167648077011,0.154395684600
2023-02-04,202310010709,2020109134,9,セロンテソーロ,0,2023,0.069405212998,0.069232605398,0.084567010403
2023-02-04,202310010709,2020106343,10,ユカリプレリュード,0,2023,0.304798990488,0.338203907013,0.350993752480
2023-02-04,202310010709,2020100909,11,ジューンオレンジ,0,2023,0.363007426262,0.374075800180,0.292209744453
2023-02-04,202310010709,2020103962,12,ステークホルダー,0,2023,0.507992923260,0.464158684015,0.450386941433
2023-02-04,202310010709,2020106737,13,メイショウコギク,0,2023,0.228091955185,0.268965512514,0.208800479770
2023-02-04,202310010712,2019104078,1,メイショウグラニー,1,2023,0.250183343887,0.273653388023,0.253826200962
2023-02-04,202310010712,2019104356,2,ディオアステリア,1,2023,0.325344830751,0.335988968611,0.315035998821
2023-02-04,202310010712,2019102240,3,マメコ,0,2023,0.275002241135,0.314045071602,0.378225922585
2023-02-04,202310010712,2018104762,4,キャニオニング,0,2023,0.118327476084,0.129531845450,0.137440025806
2023-02-04,202310010712,2018102669,5,スズノナデシコ,1,2023,0.201871410012,0.241537779570,0.206380620599
2023-02-04,202310010712,2019105105,6,ヴィルチュオーズ,0,2023,0.032697286457,0.027266275138,0.033660057932
2023-02-04,202310010712,2019106510,7,ユキノエリザベス,0,2023,0.080775663257,0.075883001089,0.077267326415
2023-02-04,202310010712,2019101743,8,タムロキュラムン,0,2023,0.108954839408,0.096606872976,0.112235888839
2023-02-04,202310010712,2019102062,9,ハルカナネガイ,0,2023,0.124194100499,0.127717256546,0.139557406306
2023-02-04,202310010712,2018105444,10,レインボークラウド,0,2023,0.061126679182,0.054007221013,0.050367727876
2023-02-04,202310010712,2019104549,11,テンメジャーガール,0,2023,0.198888152838,0.211103051901,0.206856265664
2023-02-04,202310010712,2019104943,12,コルカノン,0,2023,0.120388999581,0.118196740746,0.123296521604
2023-02-04,202310010712,2019100593,13,フラッシュアーク,0,2023,0.153929084539,0.141680419445,0.158006981015
2023-02-04,202310010712,2019106028,14,ピースキーパー,0,2023,0.230748683214,0.240739926696,0.191125318408
2023-02-04,202310010712,2019100772,15,ポルタフォルトゥナ,0,2023,0.316466331482,0.309326529503,0.253612786531
2023-02-04,202310010712,2018104745,16,シゲルオテンバ,0,2023,0.090947657824,0.099314615130,0.115534640849
2023-02-04,202310010712,2017105132,17,パラティーノヒル,0,2023,0.014408376068,0.012951177545,0.009833323769
2023-02-04,202310010712,2018102069,18,ラナキラ,0,2023,0.214047476649,0.244257107377,0.246369391680
2023-02-05,202307011212,2017102178,1,メルテッドハニー,0,2023,0.132018461823,0.126297876239,0.140805244446
2023-02-05,202307011212,2017100416,2,リーゼントフラム,1,2023,0.290929228067,0.289776206017,0.262558132410
2023-02-05,202307011212,2018109052,3,エコロデイジー,1,2023,0.434960484505,0.435774475336,0.393246203661
2023-02-05,202307011212,2018102551,4,エスジープリンセス,0,2023,0.279522031546,0.289243668318,0.318751215935
2023-02-05,202307011212,2018101573,5,セイレーン,0,2023,0.249474257231,0.234923034906,0.188487723470
2023-02-05,202307011212,2015102013,6,クリノカサット,0,2023,0.017667967826,0.013682790101,0.014082754962
2023-02-05,202307011212,2019101917,7,エテルナメンテ,0,2023,0.426091194153,0.372502982616,0.382049560547
2023-02-05,202307011212,2018106305,8,テーオーディエス,0,2023,0.136329501867,0.132952839136,0.142826631665
2023-02-05,202307011212,2017102095,9,セルレア,0,2023,0.259644448757,0.228549301624,0.249460965395
2023-02-05,202307011212,2019100210,10,ウインバグース,1,2023,0.646606981754,0.563029944897,0.599726319313
2023-02-05,202307011212,2016102801,11,ロングファイナリー,0,2023,0.094118185341,0.099500842392,0.123536109924
2023-02-05,202310010806,2020104987,1,サンライズサラー,0,2023,0.470092773438,0.449734508991,0.435268878937
2023-02-05,202310010806,2020106149,2,アスキーアート,0,2023,0.133408397436,0.122959271073,0.108639225364
2023-02-05,202310010806,2020105310,3,イースターエッグ,0,2023,0.295789927244,0.354852795601,0.347758561373
2023-02-05,202310010806,2020102377,7,サンタアナテソーロ,0,2023,0.351756006479,0.364638179541,0.350579112768
2023-02-05,202310010806,2020102488,8,トーセンエスクード,1,2023,0.599644005299,0.658722043037,0.672011435032
2023-02-05,202310010806,2020100372,9,ハイネス,0,2023,0.092702008784,0.081890024245,0.081572003663
2023-02-05,202310010806,2020103870,11,ウィズアットダンス,0,2023,0.077324099839,0.084925621748,0.068697057664
2023-02-05,202310010806,2020104175,14,カシノインディード,0,2023,0.179648697376,0.180478885770,0.170619025826
2023-02-05,202310010806,2020100210,17,ワタシハマジョ,0,2023,0.012583852746,0.014271854423,0.014414465055
2023-02-05,202310010809,2018101951,1,タガノスペルノヴァ,1,2023,0.103919610381,0.103799156845,0.119181796908
2023-02-05,202310010809,2017104453,2,マイネルチューダ,0,2023,0.137340858579,0.127171203494,0.115097083151
2023-02-05,202310010809,2016100930,3,パルフェアンジュ,0,2023,0.028508551419,0.027678469196,0.027908166870
2023-02-05,202310010809,2019106589,4,タマモテラコッタ,0,2023,0.123348705471,0.090665563941,0.106698960066
2023-02-05,202310010809,2019103360,5,ジョーブリッランテ,0,2023,0.172945231199,0.157577469945,0.129048779607
2023-02-05,202310010809,2019101005,6,タイセイブリリオ,1,2023,0.206679210067,0.227931782603,0.209838181734
2023-02-05,202310010809,2019104930,7,スクリーンショット,0,2023,0.194314330816,0.208899468184,0.172204211354
2023-02-05,202310010809,2019105297,8,ニューノーマル,0,2023,0.094295017421,0.100520730019,0.091663554311
2023-02-05,202310010809,2019104995,9,ショウナンナウシカ,0,2023,0.068040527403,0.061316519976,0.064867474139
2023-02-05,202310010809,2019105526,10,ミッキーチャレンジ,0,2023,0.464321255684,0.520154774189,0.535947442055
2023-02-05,202310010809,2019105241,11,ビップシュプリーム,0,2023,0.299796283245,0.283784806728,0.307337462902
2023-02-05,202310010809,2019107016,12,ウナギノボリ,0,2023,0.097985178232,0.096997737885,0.096828684211
2023-02-05,202310010809,2019100604,13,ヤマニンアンフィル,1,2023,0.201172858477,0.197665572166,0.191451504827
2023-02-05,202310010809,2017104724,14,エヴァジョーネ,0,2023,0.052780359983,0.034770552069,0.045835211873
2023-02-05,202310010809,2019104361,15,テーオースパロー,0,2023,0.152720853686,0.120596475899,0.122754462063
2023-02-05,202310010809,2019100910,16,ゼンノテンバ,0,2023,0.177412569523,0.175012826920,0.151689410210
2023-02-05,202310010809,2018105518,17,ダブルスナッチ,0,2023,0.220534056425,0.261194169521,0.272952497005
2023-02-05,202310010809,2019103193,18,トリップトゥムーン,0,2023,0.251792341471,0.287048578262,0.310297280550
2023-02-11,202310020106,2020100167,1,ケサランパサラン,0,2023,0.103273287416,0.114537060261,0.134829342365
2023-02-11,202310020106,2020105757,2,グスタール,0,2023,0.449871689081,0.447099983692,0.426421076059
2023-02-11,202310020106,2020102328,4,メーテルコート,0,2023,0.272033512592,0.226187631488,0.169738590717
2023-02-11,202310020106,2020102074,5,スクリプタム,0,2023,0.040911450982,0.034988492727,0.031411323696
2023-02-11,202310020106,2020104349,6,キースケデシュ,0,2023,0.116276256740,0.121457047760,0.114180684090
2023-02-11,202310020106,2020101700,9,テイエムクリエイト,0,2023,0.112942062318,0.106216385961,0.103889979422
2023-02-11,202310020106,2020100605,10,マーレイン,0,2023,0.077580146492,0.074375972152,0.074865303934
2023-02-11,202310020106,2020101372,11,クリノエンジェル,0,2023,0.088307291269,0.086604699492,0.059093512595
2023-02-11,202310020106,2020103159,13,クリノアグレッシブ,0,2023,0.157859981060,0.147101983428,0.146726965904
2023-02-11,202310020106,2020104758,14,ゴコウサス,1,2023,0.545514345169,0.507777869701,0.599985659122
2023-02-11,202310020106,2020101966,15,ダイシンベスパ,0,2023,0.098642311990,0.097271770239,0.093458421528
2023-02-11,202310020106,2020104613,16,タツダイヤモンド,1,2023,0.402179092169,0.359058290720,0.369148910046
2023-02-11,202310020106,2020103949,17,シャコンヌ,0,2023,0.043545056134,0.047823160887,0.038001079112
2023-02-11,202310020106,2020106484,18,ミルレーヴ,0,2023,0.050065718591,0.066322684288,0.051747690886
2023-02-11,202310020110,2019100751,1,マイネルレノン,1,2023,0.378080755472,0.417674422264,0.406506121159
2023-02-11,202310020110,2017105126,2,チャイカ,0,2023,0.060587555170,0.060511510819,0.057869166136
2023-02-11,202310020110,2019110065,3,コンクパール,0,2023,0.239735826850,0.230685278773,0.208742037416
2023-02-11,202310020110,2018105873,4,ミキノバスドラム,0,2023,0.069279834628,0.062812149525,0.026178892702
2023-02-11,202310020110,2018102585,5,ロードラスター,0,2023,0.277501463890,0.258852660656,0.232518762350
2023-02-11,202310020110,2019100898,6,タッカーシルバー,0,2023,0.263839691877,0.279775440693,0.310855358839
2023-02-11,202310020110,2018104534,7,アスクキングコング,0,2023,0.217695385218,0.222032219172,0.256571143866
2023-02-11,202310020110,2019102751,8,ジューンヨシツネ,0,2023,0.128610342741,0.169251784682,0.169866323471
2023-02-11,202310020110,2018100623,9,ミラクル,0,2023,0.076482705772,0.087257862091,0.079796366394
2023-02-11,202310020110,2017104718,10,カレンヒメ,1,2023,0.114277392626,0.109865337610,0.123784251511
2023-02-11,202310020110,2017102940,11,ワンダーカタリナ,0,2023,0.182758122683,0.193590313196,0.147824585438
2023-02-11,202310020110,2018106391,12,メイショウイジゲン,0,2023,0.077229984105,0.070173524320,0.078702762723
2023-02-11,202310020110,2019102436,13,ミズノコキュウ,0,2023,0.097134582698,0.103050403297,0.107542827725
2023-02-11,202310020110,2018110001,14,ジュストコル,0,2023,0.314822286367,0.271585375071,0.256024003029
2023-02-11,202310020110,2019105806,15,ドロップオブライト,1,2023,0.186578795314,0.205206125975,0.216666370630
2023-02-11,202310020110,2017101919,16,コスモカッティーボ,0,2023,0.052814692259,0.050580170006,0.042628049850
2023-02-11,202310020110,2019104697,17,ショウナンマッハ,0,2023,0.183942064643,0.233455002308,0.224535539746
2023-02-11,202310020110,2018104260,18,マイトレジャーフジ,0,2023,0.028928730637,0.025254294276,0.029283726588
2023-02-12,202310020202,2020101304,2,ラブスレンダー,0,2023,0.291798770428,0.345835208893,0.292144149542
2023-02-12,202310020202,2020101492,4,シンリンゲンカイ,1,2023,0.290182441473,0.301440924406,0.296459287405
2023-02-12,202310020202,2020109067,6,リサリサ,1,2023,0.415848612785,0.443547964096,0.457301348448
2023-02-12,202310020202,2020100504,8,ミレディ,1,2023,0.121409967542,0.111238285899,0.174854949117
2023-02-12,202310020202,2020104751,10,ゼットカレン,0,2023,0.462383300066,0.487686246634,0.442107051611
2023-02-12,202310020202,2020103283,11,エルディアナ,0,2023,0.338570952415,0.333154231310,0.367200464010
2023-02-12,202310020202,2020104350,14,スピルクリスティ,0,2023,0.022401828319,0.021180367097,0.026232281700
2023-02-12,202310020202,2020100347,16,クリノリアルレディ,0,2023,0.031549286097,0.032743543386,0.029162013903
2023-02-12,202310020206,2019101562,1,デフィデリ,0,2023,0.292809247971,0.310727983713,0.325840085745
2023-02-12,202310020206,2018104663,2,タウゼントシェーン,0,2023,0.297147125006,0.318434357643,0.277317434549
2023-02-12,202310020206,2018110136,3,プリファードラン,0,2023,0.172226637602,0.175408750772,0.111060447991
2023-02-12,202310020206,2017103309,4,ホウオウエンジェル,0,2023,0.371314704418,0.360601335764,0.372983962297
2023-02-12,202310020206,2019105587,5,ドラゴンゴクウ,0,2023,0.053826518357,0.048491735011,0.037624284625
2023-02-12,202310020206,2019104147,7,シーズアクイーン,0,2023,0.019375739619,0.017263783142,0.017268637195
2023-02-12,202310020206,2019102540,8,クリーンジーニアス,0,2023,0.233262717724,0.252943664789,0.228207096457
2023-02-12,202310020206,2019100666,9,イラーレ,0,2023,0.502645790577,0.463859617710,0.465209901333
2023-02-12,202310020206,2019105128,10,プルサティーラ,0,2023,0.158621147275,0.181885913014,0.155104875565
2023-02-12,202310020206,2018104559,11,ナリタローゼ,1,2023,0.262302339077,0.284492492676,0.296174287796
2023-02-12,202310020206,2018104077,12,グリュレーヴ,0,2023,0.095268897712,0.088342718780,0.100412309170
2023-02-12,202310020206,2019105940,13,アリシアン,0,2023,0.208302080631,0.225985139608,0.241904735565
2023-02-12,202310020206,2015105401,14,スターライトキス,0,2023,0.049336697906,0.048831373453,0.054796744138
2023-02-12,202310020206,2019102041,15,アドヴァイス,1,2023,0.121682010591,0.121608376503,0.120403334498
2023-02-12,202310020206,2019104498,16,インプロバイザー,1,2023,0.252006143332,0.280943065882,0.311553210020
2023-02-12,202310020206,2019105538,17,カメハメハタイム,0,2023,0.048231408000,0.055809322745,0.054042175412
2023-02-12,202310020206,2019103915,18,メイショウツガミネ,0,2023,0.023395892233,0.023328086361,0.031605657190
2023-02-12,202310020211,2019106151,1,ヤマトコウセイ,0,2023,0.233608901501,0.231924325228,0.177790880203
2023-02-12,202310020211,2017103005,2,ロードベイリーフ,0,2023,0.105095401406,0.088432982564,0.083740368485
2023-02-12,202310020211,2018104041,3,マウンテンムスメ,0,2023,0.193667247891,0.208102688193,0.154480487108
2023-02-12,202310020211,2017105272,4,リレーションシップ,0,2023,0.186718240380,0.143787398934,0.121055893600
2023-02-12,202310020211,2016102032,5,メイショウケイメイ,0,2023,0.028848115355,0.020361574367,0.015343289822
2023-02-12,202310020211,2017105443,6,ビップウインク,0,2023,0.106998175383,0.091528624296,0.109571129084
2023-02-12,202310020211,2017101765,7,レジェーロ,0,2023,0.175050616264,0.119095653296,0.115774102509
2023-02-12,202310020211,2019104841,8,カルネアサーダ,0,2023,0.307988017797,0.279969006777,0.258939504623
2023-02-12,202310020211,2019106186,9,ダークペイジ,0,2023,0.268227308989,0.291229248047,0.396901339293
2023-02-12,202310020211,2017100367,10,サトノファビュラス,0,2023,0.122363694012,0.099263928831,0.086386457086
2023-02-12,202310020211,2018104331,11,ヴァトレニ,1,2023,0.242735087872,0.215697705746,0.186500772834
2023-02-12,202310020211,2017104852,12,キャプテンドレイク,1,2023,0.108784809709,0.092977046967,0.094545327127
2023-02-12,202310020211,2018102595,13,ロードマックス,0,2023,0.121179036796,0.123616404831,0.114182732999
2023-02-12,202310020211,2015105276,14,シセイヒテン,0,2023,0.054410636425,0.052141044289,0.069004103541
2023-02-12,202310020211,2017104253,15,ジュニパーベリー,0,2023,0.190797343850,0.174601495266,0.175745591521
2023-02-12,202310020211,2017110172,16,ハリーバローズ,0,2023,0.180826783180,0.159521251917,0.155229002237
2023-02-12,202310020211,2017105298,17,ストーンリッジ,1,2023,0.158416509628,0.167700484395,0.136038139462
2023-02-12,202310020211,2016104668,18,カリボール,0,2023,0.051791217178,0.062692739069,0.067994959652
2023-02-18,202310020306,2020106055,1,アナザームーン,0,2023,0.058734308928,0.069753527641,0.057038702071
2023-02-18,202310020306,2020101027,3,アスクエブリーワン,0,2023,0.113046459854,0.095234476030,0.090246088803
2023-02-18,202310020306,2020106149,4,アスキーアート,0,2023,0.136630177498,0.125643730164,0.129867196083
2023-02-18,202310020306,2020103869,6,ミスファイト,0,2023,0.060805063695,0.062494128942,0.064946658909
2023-02-18,202310020306,2020106263,7,ピンポンマム,0,2023,0.149384185672,0.166357189417,0.196163952351
2023-02-18,202310020306,2020102257,8,モズメルベイユ,0,2023,0.151053175330,0.143609166145,0.133706703782
2023-02-18,202310020306,2020102294,9,スイープラン,0,2023,0.432354509830,0.446256905794,0.472365885973
2023-02-18,202310020306,2020102879,12,スプレンディダ,0,2023,0.340124309063,0.440668046474,0.400366842747
2023-02-18,202310020306,2020104175,16,カシノインディード,0,2023,0.276699423790,0.267135262489,0.259264200926
2023-02-18,202310020306,2020106462,18,カイラシ,0,2023,0.056769736111,0.057839915156,0.040643140674
2023-02-18,202310020311,2019103562,1,ダテボレアス,0,2023,0.373027771711,0.375670373440,0.352017849684
2023-02-18,202310020311,2019104525,2,ラキエータ,0,2023,0.170666828752,0.147951766849,0.189469933510
2023-02-18,202310020311,2018101573,3,セイレーン,0,2023,0.130895301700,0.113579235971,0.115019984543
2023-02-18,202310020311,2016101180,4,ヴィクトワールメイ,0,2023,0.023181673139,0.020074555650,0.015451064333
2023-02-18,202310020311,2018104621,5,サトノルーチェ,0,2023,0.199769377708,0.218678534031,0.223933458328
2023-02-18,202310020311,2017101767,6,ベンガン,0,2023,0.239996954799,0.267529428005,0.310119360685
2023-02-18,202310020311,2018106455,7,メイショウハボタン,0,2023,0.276349455118,0.242194384336,0.294836729765
2023-02-18,202310020311,2018101964,8,アルムファーツリー,0,2023,0.106422416866,0.118837848306,0.147445410490
2023-02-18,202310020311,2018104250,9,ケリアテソーロ,0,2023,0.084459394217,0.083049781621,0.094519481063
2023-02-18,202310020311,2017106087,10,メイショウゲンセン,1,2023,0.114944070578,0.108312711120,0.120640255511
2023-02-18,202310020311,2019104078,11,メイショウグラニー,1,2023,0.234513968229,0.220524147153,0.241297632456
2023-02-18,202310020311,2019104772,12,セリノーフォス,0,2023,0.105566821992,0.103687703609,0.097768448293
2023-02-18,202310020311,2019101262,13,ショウナンアメリア,1,2023,0.204010218382,0.205918639898,0.199463412166
2023-02-18,202310020311,2019103136,14,シゲルファンノユメ,0,2023,0.146374344826,0.144154146314,0.135782510042
2023-02-18,202310020311,2018101679,15,カシノフォワード,0,2023,0.107968620956,0.088404215872,0.101950690150
2023-02-18,202310020311,2018106152,16,ルルルージュ,0,2023,0.093398444355,0.105240911245,0.112526625395
2023-02-18,202310020311,2019103563,17,アスターディゴン,0,2023,0.148549631238,0.153460964561,0.162546023726
2023-02-18,202310020311,2019101005,18,タイセイブリリオ,0,2023,0.214308917522,0.235567480326,0.256162881851
2023-02-19,202310020402,2020101770,1,トリプルウイナー,0,2023,0.303051412106,0.301868706942,0.259231567383
2023-02-19,202310020402,2020106821,3,ピースフルナイト,0,2023,0.575801074505,0.569634914398,0.606217741966
2023-02-19,202310020402,2020101961,5,ショウナンダグラス,0,2023,0.213065609336,0.214091747999,0.188910171390
2023-02-19,202310020402,2020104598,7,ショウナンアウリイ,0,2023,0.096025235951,0.098938867450,0.120249100029
2023-02-19,202310020402,2020101724,12,サーフライド,0,2023,0.034526783973,0.038965757936,0.030089074746
2023-02-19,202310020402,2020101371,16,クリノビッグママ,0,2023,0.049787115306,0.043474629521,0.057159285992
2023-02-19,202310020402,2020104079,18,キラールージュ,0,2023,0.029586780816,0.028283078223,0.024895319715
2023-02-19,202310020408,2018104324,1,モンストルシチー,0,2023,0.047678906471,0.042057190090,0.046458631754
2023-02-19,202310020408,2017103023,2,スウィートメリナ,0,2023,0.069114312530,0.052915945649,0.039308223873
2023-02-19,202310020408,2019105507,3,リヴォリ,0,2023,0.568620562553,0.550519526005,0.582023441792
2023-02-19,202310020408,2019103814,4,スカイトレイル,0,2023,0.097480118275,0.098221562803,0.078120328486
2023-02-19,202310020408,2019105044,5,アドマイヤラヴィ,1,2023,0.382572352886,0.407822459936,0.501136600971
2023-02-19,202310020408,2017104895,6,ダノンカオス,1,2023,0.255349099636,0.247522771358,0.264008909464
2023-02-19,202310020408,2018103805,7,ソニックムーヴ,0,2023,0.191826090217,0.148327067494,0.171461462975
2023-02-19,202310020408,2016102111,8,ファタリテ,0,2023,0.069612167776,0.061965093017,0.062791638076
2023-02-19,202310020408,2019106086,9,ニホンピロポート,0,2023,0.056467063725,0.062612228096,0.059711836278
2023-02-19,202310020408,2019105738,10,ピンクセイラー,0,2023,0.178700968623,0.183850318193,0.164776504040
2023-02-19,202310020408,2017103973,11,タツオウカケンラン,0,2023,0.078701794147,0.081390708685,0.080372691154
2023-02-19,202310020408,2017101991,12,テンジュイン,0,2023,0.130046367645,0.111001074314,0.094289831817
2023-02-19,202310020408,2019101032,13,ユキヤナギ,0,2023,0.087290517986,0.084671743214,0.072278581560
2023-02-19,202310020408,2017101448,14,ウインアステロイド,1,2023,0.168873369694,0.154559403658,0.097630366683
2023-02-19,202310020408,2018100618,15,トーホウジュナール,0,2023,0.482813358307,0.467399299145,0.463229596615
2023-02-19,202310020408,2019104943,16,コルカノン,0,2023,0.155824854970,0.144523888826,0.146403819323
2023-02-19,202310020408,2019105493,17,トーホウデュラン,0,2023,0.155084207654,0.176682725549,0.175568386912
2023-02-19,202310020408,2017103328,18,ウインドラブリーナ,0,2023,0.016344588250,0.011748696677,0.006473044399
2023-02-19,202310020412,2018103262,1,オールマイフレンズ,0,2023,0.039341297001,0.035974439234,0.052748031914
2023-02-19,202310020412,2017103323,2,ミーハディビーナ,0,2023,0.038774032146,0.035033345222,0.030637983233
2023-02-19,202310020412,2018104627,3,アーダレイ,0,2023,0.079101935029,0.079252555966,0.046414311975
2023-02-19,202310020412,2018104471,4,グレイトミッション,0,2023,0.170544117689,0.197944328189,0.209628164768
2023-02-19,202310020412,2019105249,5,マリーナドンナ,0,2023,0.088881246746,0.096776798368,0.103592187166
2023-02-19,202310020412,2018103200,6,バーニングパワー,0,2023,0.203672245145,0.206208169460,0.152998685837
2023-02-19,202310020412,2018106200,7,メイショウヒゾッコ,0,2023,0.087312743068,0.099072366953,0.095473796129
2023-02-19,202310020412,2018106366,8,センドハーマイラブ,0,2023,0.130412876606,0.140147268772,0.157310217619
2023-02-19,202310020412,2019105915,9,グッドグロウス,1,2023,0.252948582172,0.223534405231,0.216406092048
2023-02-19,202310020412,2018105201,10,デイトンウェイ,0,2023,0.194797217846,0.198549240828,0.227945610881
2023-02-19,202310020412,2019100986,11,イチローイチロー,0,2023,0.037328418344,0.046264298260,0.035538788885
2023-02-19,202310020412,2017106776,12,デロリス,0,2023,0.040278013796,0.035106908530,0.035156708211
2023-02-19,202310020412,2019101708,13,フローレンスハニー,0,2023,0.268643945456,0.250857174397,0.253764480352
2023-02-19,202310020412,2019103897,14,ハピネスアゲン,1,2023,0.459488004446,0.470073580742,0.462143570185
2023-02-19,202310020412,2019104002,15,タイキバンディエラ,0,2023,0.210507631302,0.227807044983,0.233122050762
2023-02-19,202310020412,2018106601,16,テセウス,0,2023,0.109628066421,0.112955294549,0.106754802167
2023-02-19,202310020412,2019102147,17,フォレクラフト,1,2023,0.090280607343,0.085575021803,0.103275515139
2023-02-19,202310020412,2019103584,18,オラヴェリタス,0,2023,0.225567013025,0.195263475180,0.246141597629
2023-02-25,202310020502,2020106706,1,タリア,0,2023,0.261652022600,0.267270833254,0.239211782813
2023-02-25,202310020502,2020106263,2,ピンポンマム,0,2023,0.167444154620,0.170278847218,0.233469098806
2023-02-25,202310020502,2020105485,3,ニシノカナン,0,2023,0.103242501616,0.101715572178,0.078379735351
2023-02-25,202310020502,2020101798,5,オータムクイーン,1,2023,0.085230596364,0.091167733073,0.079375348985
2023-02-25,202310020502,2020100986,6,メローラ,0,2023,0.089671365917,0.064203985035,0.067560099065
2023-02-25,202310020502,2020105310,7,イースターエッグ,0,2023,0.265242666006,0.294921487570,0.274676948786
2023-02-25,202310020502,2020101007,9,マテンロウナスカ,0,2023,0.021787440404,0.026330567896,0.029524831101
2023-02-25,202310020502,2020104825,10,スカプラリオ,1,2023,0.048681396991,0.046891991049,0.040009081364
2023-02-25,202310020502,2020100467,11,グランデスパーダ,0,2023,0.020397322252,0.013961558230,0.017794651911
2023-02-25,202310020502,2020104758,12,ゴコウサス,0,2023,0.527822554111,0.515674471855,0.594083011150
2023-02-25,202310020502,2020101492,13,シンリンゲンカイ,0,2023,0.316825211048,0.328519403934,0.352756470442
2023-02-25,202310020502,2020102971,14,サトノグレイト,1,2023,0.410970330238,0.383517205715,0.398129582405
2023-02-25,202310020502,2020101304,15,ラブスレンダー,0,2023,0.218037694693,0.239025950432,0.231653273106
2023-02-25,202310020509,2020102132,1,トレンディスター,0,2023,0.404624998569,0.420994043350,0.482379704714
2023-02-25,202310020509,2020110114,2,スリーアイランド,0,2023,0.527950882912,0.566092967987,0.593326508999
2023-02-25,202310020509,2020106343,3,ユカリプレリュード,0,2023,0.271386295557,0.288285940886,0.297043740749
2023-02-25,202310020509,2020101214,5,ミヤジトレヴ,0,2023,0.088476315141,0.075212463737,0.085910826921
2023-02-25,202310020509,2020106737,7,メイショウコギク,0,2023,0.232561409473,0.250399500132,0.238329142332
2023-02-25,202310020509,2020107094,9,ルイス,0,2023,0.090746343136,0.078838974237,0.065783835948
2023-02-25,202310020509,2020105400,10,タマモブラックタイ,1,2023,0.304764479399,0.271949112415,0.229119420052
2023-02-25,202310020509,2020100958,11,ミシェラドラータ,0,2023,0.152642384171,0.126190245152,0.174003362656
2023-02-25,202310020509,2020106784,13,カナ,0,2023,0.013568018563,0.010534358211,0.007663738448
2023-02-25,202310020509,2020100236,14,ニシノトキメキ,0,2023,0.221869006753,0.214830830693,0.232715606689
2023-02-25,202310020509,2020109067,15,リサリサ,1,2023,0.304305940866,0.323722958565,0.361194729805
2023-02-25,202310020512,2019102068,1,シャウビンダー,0,2023,0.188526466489,0.206313237548,0.202540189028
2023-02-25,202310020512,2019100593,2,フラッシュアーク,0,2023,0.223417371511,0.202967733145,0.183785751462
2023-02-25,202310020512,2019104356,3,ディオアステリア,0,2023,0.447696954012,0.410410404205,0.432900100946
2023-02-25,202310020512,2019104361,4,テーオースパロー,0,2023,0.183271974325,0.163442969322,0.152386263013
2023-02-25,202310020512,2015105401,5,スターライトキス,0,2023,0.036821078509,0.044961117208,0.044993508607
2023-02-25,202310020512,2019102240,6,マメコ,1,2023,0.286930322647,0.322272837162,0.323277652264
2023-02-25,202310020512,2018102053,7,ドリームアゲイン,0,2023,0.059849489480,0.046019289643,0.097571775317
2023-02-25,202310020512,2018106584,8,シュアーウィナー,0,2023,0.012408467010,0.008847731166,0.012199567631
2023-02-25,202310020512,2019101469,9,アルティマボス,0,2023,0.012288314290,0.012597613037,0.015606222674
2023-02-25,202310020512,2019103897,11,ハピネスアゲン,1,2023,0.516833722591,0.499884396791,0.500484287739
2023-02-25,202310020512,2019105587,12,ドラゴンゴクウ,0,2023,0.054839633405,0.053907960653,0.045736745000
2023-02-25,202310020512,2018104938,13,ヴェールクレール,0,2023,0.295660674572,0.328044861555,0.340344488621
2023-02-25,202310020512,2018104780,14,ミエノベルル,0,2023,0.053966734558,0.043450117111,0.043938644230
2023-02-25,202310020512,2018100480,15,デルマヤクシ,0,2023,0.084908418357,0.070254907012,0.082686021924
2023-02-25,202310020512,2018102669,16,スズノナデシコ,1,2023,0.392740964890,0.399688005447,0.415281742811
2023-02-25,202310020512,2018104663,17,タウゼントシェーン,0,2023,0.256688803434,0.244015201926,0.232694163918
2023-02-25,202310020512,2017101991,18,テンジュイン,0,2023,0.087605141103,0.085488274693,0.078441701829
2023-02-26,202309010610,2020103284,1,トールキン,0,2023,0.201941072941,0.203549638391,0.194072887301
2023-02-26,202309010610,2020103703,2,コーパスクリスティ,0,2023,0.365583837032,0.343967974186,0.343070089817
2023-02-26,202309010610,2020101419,3,ブーケファロス,1,2023,0.178128331900,0.206219941378,0.205981031060
2023-02-26,202309010610,2020100896,4,ビッグシーザー,1,2023,0.474432557821,0.427740186453,0.530846953392
2023-02-26,202309010610,2020104954,5,ウメムスビ,0,2023,0.278112411499,0.258359938860,0.250404596329
2023-02-26,202309010610,2020100815,7,ミルトクレイモー,0,2023,0.439353585243,0.376779407263,0.432937651873
2023-02-26,202309010610,2020104674,8,バレリーナ,0,2023,0.397871494293,0.311583369970,0.308465123177
2023-02-26,202309010610,2020103892,9,オメガシンフォニー,1,2023,0.185291707516,0.168562531471,0.155811175704
2023-02-26,202309010610,2020100484,10,アームズレイン,0,2023,0.125456333160,0.151663765311,0.136608555913
2023-02-26,202310020602,2020100504,4,ミレディ,0,2023,0.192460134625,0.209221124649,0.254956215620
2023-02-26,202310020602,2020104983,5,マルプリ,0,2023,0.530197858810,0.524938583374,0.563296377659
2023-02-26,202310020602,2020102599,6,リトルミム,1,2023,0.098142355680,0.091817162931,0.077201075852
2023-02-26,202310020602,2020103588,7,マテンロウナイト,0,2023,0.093577004969,0.095692940056,0.084395594895
2023-02-26,202310020602,2020101992,8,ライクアフラワー,1,2023,0.453076303005,0.396043032408,0.400111883879
2023-02-26,202310020602,2020106777,9,セレッソデアモール,0,2023,0.276908636093,0.339748173952,0.358196914196
2023-02-26,202310020602,2020103159,10,クリノアグレッシブ,0,2023,0.182957202196,0.178999185562,0.154452905059
2023-02-26,202310020602,2020105370,13,ナックブライアン,0,2023,0.035711549222,0.039128564298,0.042649544775
2023-02-26,202310020602,2020103068,15,フェアリープト,0,2023,0.118848919868,0.105218373239,0.078809872270
2023-02-26,202310020602,2020100819,16,ヘイワ,0,2023,0.074179090559,0.075427614152,0.071850262582
2023-02-26,202310020602,2020100891,17,ヨドノルーキー,0,2023,0.133104145527,0.133861407638,0.118858814240
2023-02-26,202310020602,2020104399,18,コロネット,0,2023,0.055062327534,0.055886760354,0.051633555442
2023-02-26,202310020606,2018110123,1,オリンピックデイ,0,2023,0.411156684160,0.418895483017,0.433053940535
2023-02-26,202310020606,2019102041,2,アドヴァイス,0,2023,0.158803537488,0.160961821675,0.171151846647
2023-02-26,202310020606,2018105144,3,チカリヨン,0,2023,0.171026811004,0.180359706283,0.188466206193
2023-02-26,202310020606,2019110001,4,ショウナンハクラク,0,2023,0.159354746342,0.164608299732,0.144046872854
2023-02-26,202310020606,2018100406,5,ヴィントミューレ,0,2023,0.126729607582,0.131457924843,0.141401648521
2023-02-26,202310020606,2019106194,6,コーリングユー,1,2023,0.346351027489,0.327736943960,0.344532132149
2023-02-26,202310020606,2018100757,7,スズアンジー,0,2023,0.017285240814,0.013411391526,0.013008424081
2023-02-26,202310020606,2018105444,8,レインボークラウド,0,2023,0.076768010855,0.067688077688,0.061637099832
2023-02-26,202310020606,2018101951,9,タガノスペルノヴァ,0,2023,0.162587806582,0.160447016358,0.159619212151
2023-02-26,202310020606,2019100772,10,ポルタフォルトゥナ,0,2023,0.314800918102,0.316701740026,0.265172839165
2023-02-26,202310020606,2018104559,11,ナリタローゼ,0,2023,0.260573536158,0.275525838137,0.258415997028
2023-02-26,202310020606,2018106200,12,メイショウヒゾッコ,0,2023,0.076697915792,0.086073495448,0.091424874961
2023-02-26,202310020606,2019101744,13,カグラマツリウタ,0,2023,0.050591390580,0.045518316329,0.042486049235
2023-02-26,202310020606,2019104448,14,ファムスパーブ,0,2023,0.093593642116,0.097779169679,0.103013522923
2023-02-26,202310020606,2019110042,15,スーリールダンジュ,1,2023,0.371621370316,0.325186163187,0.345946103334
2023-02-26,202310020606,2019102192,16,アリビオ,0,2023,0.032270591706,0.032171387225,0.044783033431
2023-02-26,202310020606,2017101448,17,ウインアステロイド,0,2023,0.150143891573,0.139786049724,0.099482133985
2023-02-26,202310020606,2019110064,18,グランアプロウソ,1,2023,0.153008863330,0.188989251852,0.208912730217
2023-02-26,202310020611,2018106388,1,メイショウホシアイ,0,2023,0.419565409422,0.407828807831,0.339034646749
2023-02-26,202310020611,2015104270,2,オメガラヴィサン,0,2023,0.147127658129,0.162574067712,0.201469644904
2023-02-26,202310020611,2017106264,3,ビアイ,0,2023,0.086656898260,0.078046813607,0.071280211210
2023-02-26,202310020611,2019102576,4,クリノマジン,0,2023,0.360771536827,0.342213332653,0.397996872663
2023-02-26,202310020611,2018105112,5,フォドラ,0,2023,0.038038209081,0.034838292748,0.046597000211
2023-02-26,202310020611,2018106389,6,メイショウツツジ,0,2023,0.099769778550,0.096987947822,0.092404358089
2023-02-26,202310020611,2016105211,7,オースミカテドラル,0,2023,0.028149509802,0.029089808464,0.026268884540
2023-02-26,202310020611,2017104138,8,グランレイ,1,2023,0.235270470381,0.216127887368,0.217401966453
2023-02-26,202310020611,2018105306,9,インフィナイト,0,2023,0.219271168113,0.200530037284,0.192842110991
2023-02-26,202310020611,2018106345,10,スズカマクフィ,0,2023,0.129126966000,0.118613570929,0.131654590368
2023-02-26,202310020611,2019104108,11,エナジーグラン,1,2023,0.515294432640,0.507776677608,0.558313608170
2023-02-26,202310020611,2017100452,12,ルクルト,1,2023,0.107126198709,0.105832852423,0.097864627838
2023-02-26,202310020611,2019101903,13,ブレスレスリー,0,2023,0.278634935617,0.279615074396,0.241817936301
2023-02-26,202310020611,2017106137,14,グレイトゲイナー,0,2023,0.087099418044,0.081357598305,0.074580602348
2023-02-26,202310020611,2018102831,15,ジャストザビアンカ,0,2023,0.151288703084,0.158502921462,0.152429789305
2023-02-26,202310020611,2018100530,16,スイートクラウン,0,2023,0.083415009081,0.078562729061,0.075433649123
2023-02-26,202310020611,2016101153,17,ダノンシティ,0,2023,0.075646519661,0.080899953842,0.055273793638
2023-03-04,202306020311,2017100583,1,ディヴィナシオン,1,2023,0.048649780452,0.046479888260,0.033828213811
2023-03-04,202306020311,2016106453,2,ナランフレグ,0,2023,0.201023668051,0.245545029640,0.186112329364
2023-03-04,202306020311,2019100438,3,グラスミヤラビ,0,2023,0.148378148675,0.148603662848,0.148884922266
2023-03-04,202306020311,2018102595,4,ロードマックス,0,2023,0.107723340392,0.136564850807,0.135539919138
2023-03-04,202306020311,2018110120,5,ジャズエチュード,0,2023,0.164915367961,0.127668842673,0.169228315353
2023-03-04,202306020311,2017105661,6,ジュビリーヘッド,0,2023,0.316776782274,0.331401288509,0.271970987320
2023-03-04,202306020311,2017100381,7,オパールシャルム,0,2023,0.187586084008,0.155014798045,0.117814615369
2023-03-04,202306020311,2015105850,8,カイザーメランジェ,0,2023,0.038500491530,0.037859350443,0.022830368951
2023-03-04,202306020311,2017100434,9,ヴェントヴォーチェ,1,2023,0.188322082162,0.231075242162,0.223884657025
2023-03-04,202306020311,2018104029,10,レイハリア,0,2023,0.084008760750,0.055805109441,0.064821131527
2023-03-04,202306020311,2019104470,11,キミワクイーン,0,2023,0.304417759180,0.327461034060,0.383647948503
2023-03-04,202306020311,2018100184,12,タイムトゥヘヴン,0,2023,0.194193542004,0.164152681828,0.133039742708
2023-03-04,202306020311,2019102979,13,エイシンスポッター,1,2023,0.230744764209,0.226195514202,0.251683801413
2023-03-04,202306020311,2018101452,14,スンリ,0,2023,0.205043047667,0.188358411193,0.217634618282
2023-03-04,202306020311,2016110119,15,ジャスパージャック,0,2023,0.143977329135,0.142961546779,0.169849082828
2023-03-04,202306020311,2016110152,16,マリアズハート,0,2023,0.151062369347,0.175907745957,0.170782402158
2023-03-04,202309010712,2019109094,1,ブッシュガーデン,0,2023,0.282530426979,0.313172310591,0.305961638689
2023-03-04,202309010712,2019105915,2,グッドグロウス,0,2023,0.274009704590,0.269844770432,0.233906716108
2023-03-04,202309010712,2019100751,3,マイネルレノン,0,2023,0.303193002939,0.351696342230,0.357710689306
2023-03-04,202309010712,2019103236,4,テイエムヒマラヤ,0,2023,0.119866967201,0.141733825207,0.181339859962
2023-03-04,202309010712,2017101767,5,ベンガン,0,2023,0.234398275614,0.262393206358,0.250716596842
2023-03-04,202309010712,2018100025,6,シゲルカチョウ,1,2023,0.271710753441,0.270976752043,0.307202428579
2023-03-04,202309010712,2019110066,7,エンジェルシリカ,0,2023,0.189241230488,0.177594304085,0.185949578881
2023-03-04,202309010712,2018100433,8,ブロンズレッド,0,2023,0.041681550443,0.034297596663,0.031475305557
2023-03-04,202309010712,2018106305,9,テーオーディエス,0,2023,0.042286612093,0.037662390620,0.035821896046
2023-03-04,202309010712,2019110107,10,ジャスパークローネ,0,2023,0.145962134004,0.199820548296,0.238760590553
2023-03-04,202309010712,2019100210,11,ウインバグース,0,2023,0.291514426470,0.278563737869,0.257999598980
2023-03-04,202309010712,2019104498,12,インプロバイザー,1,2023,0.310724407434,0.286200702190,0.279583185911
2023-03-04,202309010712,2017104718,13,カレンヒメ,0,2023,0.133283585310,0.122353218496,0.132415547967
2023-03-04,202309010712,2018102491,14,メイショウエニシア,0,2023,0.081051670015,0.068461626768,0.061307225376
2023-03-04,202309010712,2019101005,15,タイセイブリリオ,0,2023,0.214794009924,0.182102218270,0.199364721775
2023-03-04,202309010712,2019104260,16,メイショウクリフト,1,2023,0.109379395843,0.123639680445,0.131463930011
2023-03-11,202306020510,2018103932,1,フミロア,0,2023,0.064168743789,0.075170502067,0.086130179465
2023-03-11,202306020510,2018100650,2,ゼログラヴィティ,0,2023,0.169290885329,0.168147385120,0.182550966740
2023-03-11,202306020510,2017101693,3,コスモカルナック,0,2023,0.358783990145,0.366413354874,0.348723649979
2023-03-11,202306020510,2017106087,4,メイショウゲンセン,1,2023,0.158762857318,0.172332286835,0.135193735361
2023-03-11,202306020510,2019105775,5,ホウオウノーサイド,0,2023,0.263107031584,0.309518307447,0.348358392715
2023-03-11,202306020510,2019105463,6,レディバランタイン,1,2023,0.109296046197,0.083738557994,0.064743399620
2023-03-11,202306020510,2019101763,7,グランアリエル,0,2023,0.100838646293,0.108403310180,0.110452763736
2023-03-11,202306020510,2019105452,8,ミッキーハーモニー,0,2023,0.356254428625,0.343750208616,0.460808217525
2023-03-11,202306020510,2019105237,9,スリーパーダ,0,2023,0.217186599970,0.235463142395,0.251819998026
2023-03-11,202306020510,2017106240,10,アビエルト,0,2023,0.141278475523,0.142451494932,0.146708354354
2023-03-11,202306020510,2017102946,11,オシリスブレイン,0,2023,0.137089028955,0.156280010939,0.155325591564
2023-03-11,202306020510,2018106077,12,イルクオーレ,1,2023,0.198330625892,0.225199699402,0.224386677146
2023-03-11,202306020510,2018103926,13,ショウナンラスボス,0,2023,0.305452853441,0.269859910011,0.297505885363
2023-03-11,202306020510,2016104227,14,ジョニーズララバイ,0,2023,0.040768556297,0.047043513507,0.048640303314
2023-03-11,202306020510,2018110037,15,ブルースピリット,0,2023,0.123702220619,0.135919734836,0.157418131828
2023-03-11,202306020510,2018104347,16,ユキノファラオ,0,2023,0.061717130244,0.053926005960,0.050028368831
2023-03-11,202306020512,2019100053,1,アレクサンドラ,0,2023,0.053086277097,0.048587862402,0.037632081658
2023-03-11,202306020512,2019109140,2,ヒノクニ,0,2023,0.125911265612,0.138598904014,0.132222041488
2023-03-11,202306020512,2019107075,3,ブランデーロック,0,2023,0.357743173838,0.344766229391,0.341285228729
2023-03-11,202306020512,2019104962,4,ウィリン,1,2023,0.322522610426,0.378304541111,0.347101122141
2023-03-11,202306020512,2018101679,5,カシノフォワード,0,2023,0.163866117597,0.168059334159,0.122795149684
2023-03-11,202306020512,2018103485,6,ジャガード,0,2023,0.044775243849,0.030583683401,0.036882337183
2023-03-11,202306020512,2019105238,7,フリートオブフット,0,2023,0.260818660259,0.311877518892,0.352731794119
2023-03-11,202306020512,2018103902,8,サウンドブライアン,0,2023,0.042961470783,0.038382858038,0.043623112142
2023-03-11,202306020512,2017101777,9,ヤマニンプティパ,0,2023,0.168338984251,0.198490992188,0.187667369843
2023-03-11,202306020512,2014100050,10,スズノフブキ,0,2023,0.039001833647,0.036675564945,0.052171546966
2023-03-11,202306020512,2019101270,11,ヨール,1,2023,0.309279650450,0.334330469370,0.377748161554
2023-03-11,202306020512,2018101964,12,アルムファーツリー,0,2023,0.116016864777,0.125584974885,0.125047981739
2023-03-11,202306020512,2019104386,13,トーセンサンダー,0,2023,0.229630574584,0.266911447048,0.283332973719
2023-03-11,202306020512,2017101919,14,コスモカッティーボ,0,2023,0.080632857978,0.070028029382,0.065085507929
2023-03-11,202306020512,2019103136,15,シゲルファンノユメ,0,2023,0.196047544479,0.163083642721,0.145782455802
2023-03-11,202306020512,2018104765,16,イズンシーラブリー,1,2023,0.412666738033,0.427128195763,0.456335037947
2023-03-12,202306020607,2020107176,2,ワックスフラワー,1,2023,0.379013538361,0.408354282379,0.434735119343
2023-03-12,202306020607,2020100741,3,ノーブルラン,0,2023,0.570377230644,0.570417404175,0.600305140018
2023-03-12,202306020607,2020106970,4,スングリダンダン,0,2023,0.039335988462,0.035283461213,0.043504618108
2023-03-12,202306020607,2020102121,5,シルバーレイズ,0,2023,0.235096916556,0.215615212917,0.189978107810
2023-03-12,202306020607,2020101195,6,ゴルトリッチ,0,2023,0.315706372261,0.309011578560,0.250687986612
2023-03-12,202306020607,2020106963,7,アンタノバラード,1,2023,0.627988338470,0.677772223949,0.689789831638
2023-03-12,202306020607,2020103721,8,レイカットスルー,0,2023,0.401179850101,0.430434495211,0.436441481113
2023-03-12,202306020607,2020103093,9,プレジャークルーズ,0,2023,0.207075938582,0.177216932178,0.167526826262
2023-03-12,202306020607,2020101262,10,エコロレジーナ,0,2023,0.380490332842,0.356723785400,0.405554622412
2023-03-12,202306020607,2020100347,11,クリノリアルレディ,1,2023,0.078476764262,0.081256479025,0.070163309574
2023-03-12,202306020607,2020103885,12,クリノゴッホ,0,2023,0.326793700457,0.360111951828,0.381383866072
2023-03-18,202307020305,2020104242,2,スマイルモネ,0,2023,0.088030032814,0.099329814315,0.054718125612
2023-03-18,202307020305,2020104841,3,カリンパニ,0,2023,0.130236133933,0.131482198834,0.106468111277
2023-03-18,202307020305,2020105075,4,マルヨクレハ,0,2023,0.073684602976,0.070497795939,0.065087549388
2023-03-18,202307020305,2020104825,5,スカプラリオ,1,2023,0.243236273527,0.262113422155,0.243567422032
2023-03-18,202307020305,2020101992,8,ライクアフラワー,0,2023,0.596125781536,0.661837875843,0.678786516190
2023-03-18,202307020305,2020101798,9,オータムクイーン,1,2023,0.198674738407,0.198083251715,0.226805001497
2023-03-18,202307020305,2020103873,14,メルクーア,0,2023,0.089276872575,0.079920910299,0.066976428032
2023-03-18,202307020305,2020106289,16,エイシンテムジン,0,2023,0.199519291520,0.180545464158,0.202823594213
2023-03-18,202309011110,2018100570,1,セリシア,0,2023,0.133914634585,0.164066225290,0.163955852389
2023-03-18,202309011110,2018104700,2,ランドオブリバティ,0,2023,0.335475265980,0.264861106873,0.209253504872
2023-03-18,202309011110,2018103086,3,ヴァーチャリティ,0,2023,0.204619511962,0.163656741381,0.139217481017
2023-03-18,202309011110,2018100652,4,ファイアダンサー,0,2023,0.253789246082,0.247324436903,0.252584993839
2023-03-18,202309011110,2017100511,5,アールクインダム,0,2023,0.100105747581,0.087805867195,0.097942553461
2023-03-18,202309011110,2018104949,6,フォイアーロート,0,2023,0.052732322365,0.045539513230,0.053503405303
2023-03-18,202309011110,2017103895,7,テーオーマルクス,0,2023,0.029800215736,0.026843702421,0.026252947748
2023-03-18,202309011110,2018105306,8,インフィナイト,1,2023,0.210484623909,0.227087974548,0.217914834619
2023-03-18,202309011110,2019102576,9,クリノマジン,1,2023,0.275927394629,0.345343858004,0.375570923090
2023-03-18,202309011110,2018106055,10,ヨシノイースター,1,2023,0.465581297874,0.456992685795,0.510116875172
2023-03-18,202309011110,2017103105,11,グッドマックス,0,2023,0.075679466128,0.061231531203,0.072213925421
2023-03-18,202309011110,2018103084,12,カバーガール,0,2023,0.081304527819,0.077554062009,0.071491196752
2023-03-18,202309011110,2019104976,13,ミスボニータ,0,2023,0.284684270620,0.261006742716,0.237980797887
2023-03-18,202309011110,2017106137,14,グレイトゲイナー,0,2023,0.144927486777,0.130698055029,0.117597557604
2023-03-18,202309011110,2019105459,15,ソウテン,0,2023,0.404909938574,0.425288051367,0.462858468294
2023-03-18,202309011110,2018104936,16,ジャカランダレーン,0,2023,0.109655246139,0.120585829020,0.117338880897
2023-03-19,202309011206,2020107170,1,マインインパクト,0,2023,0.069523818791,0.049805391580,0.029308738187
2023-03-19,202309011206,2020102027,2,カミーロ,0,2023,0.397840291262,0.405925661325,0.340146750212
2023-03-19,202309011206,2020105951,4,ヴェンチュラムーン,1,2023,0.643348574638,0.653508305550,0.671125411987
2023-03-19,202309011206,2020106944,5,ネイキッド,0,2023,0.333566516638,0.277599334717,0.258253991604
2023-03-19,202309011206,2020101503,6,カンチェンジュンガ,0,2023,0.427002012730,0.395712971687,0.353163927794
2023-03-19,202309011206,2020104970,7,アパラージタ,0,2023,0.030827950686,0.016757858917,0.018231475726
2023-03-19,202309011206,2020110114,9,スリーアイランド,1,2023,0.584916710854,0.593924403191,0.602543413639
2023-03-25,202306030105,2020105293,1,ペインティトブルー,0,2023,0.168908149004,0.135586991906,0.096687093377
2023-03-25,202306030105,2020100971,2,ヴォーノハート,0,2023,0.264027565718,0.228552341461,0.212467223406
2023-03-25,202306030105,2020106987,3,スムースベルベット,1,2023,0.452582955360,0.477631479502,0.344143211842
2023-03-25,202306030105,2020106970,4,スングリダンダン,0,2023,0.090886071324,0.084714122117,0.077597126365
2023-03-25,202306030105,2020106451,5,コーヒーカフェ,0,2023,0.043536983430,0.041603270918,0.032689783722
2023-03-25,202306030105,2020102140,6,アンビバレント,1,2023,0.170788899064,0.164854764938,0.137626588345
2023-03-25,202306030105,2020103885,7,クリノゴッホ,0,2023,0.617063462734,0.615368664265,0.634825170040
2023-03-25,202306030105,2020106963,9,アンタノバラード,1,2023,0.775994002819,0.755023360252,0.737739503384
2023-03-25,202306030105,2020106750,10,シルヴァーゴースト,0,2023,0.362128108740,0.312351673841,0.292382091284
2023-03-26,202306030212,2019102922,1,ゼンカイテン,0,2023,0.079485967755,0.058551456779,0.052189327776
2023-03-26,202306030212,2018101679,2,カシノフォワード,0,2023,0.186867788434,0.201629996300,0.140399664640
2023-03-26,202306030212,2019110042,3,スーリールダンジュ,0,2023,0.718955159187,0.673288822174,0.709068536758
2023-03-26,202306030212,2018100433,4,ブロンズレッド,0,2023,0.128022193909,0.128920525312,0.125905051827
2023-03-26,202306030212,2018104765,5,イズンシーラブリー,1,2023,0.607501089573,0.599819839001,0.647964239120
2023-03-26,202306030212,2018103498,6,アイルビーザワン,1,2023,0.073928833008,0.065676942468,0.076979979873
2023-03-26,202306030212,2019109140,7,ヒノクニ,0,2023,0.269204109907,0.314382076263,0.257241606712
2023-03-26,202306030212,2019102761,8,グレタ,0,2023,0.070275776088,0.053464055061,0.094384975731
2023-03-26,202306030212,2017100660,9,ポピュラーソング,0,2023,0.131309911609,0.147295668721,0.152663141489
2023-03-26,202306030212,2018105004,10,アップリバー,0,2023,0.238310590386,0.203032225370,0.170758977532
2023-03-26,202306030212,2019100053,11,アレクサンドラ,0,2023,0.071898154914,0.060709755868,0.061611313373
2023-03-26,202306030212,2018103485,12,ジャガード,0,2023,0.053706027567,0.045402217656,0.051804017276
2023-03-26,202306030212,2018100097,13,スマートルシーダ,1,2023,0.235435619950,0.255238205194,0.283211946487
2023-03-26,202307020608,2018103933,1,テーオーエルサ,0,2023,0.032524432987,0.039303127676,0.029747379944
2023-03-26,202307020608,2018100480,2,デルマヤクシ,1,2023,0.299936503172,0.296368360519,0.258934378624
2023-03-26,202307020608,2019106863,3,ショウナンラタン,0,2023,0.232640117407,0.247299179435,0.268353074789
2023-03-26,202307020608,2018105212,4,エターナルピース,0,2023,0.137541785836,0.130892381072,0.082426130772
2023-03-26,202307020608,2019101998,5,サンマルクレイジー,0,2023,0.074295394123,0.073395214975,0.068603992462
2023-03-26,202307020608,2018103512,6,ホウオウジュレップ,0,2023,0.126189500093,0.121760487556,0.115147784352
2023-03-26,202307020608,2019103612,7,エメラルアポロン,0,2023,0.025541307405,0.027704345062,0.023934604600
2023-03-26,202307020608,2019105105,8,ヴィルチュオーズ,0,2023,0.031644430012,0.025146180764,0.043233640492
2023-03-26,202307020608,2018102669,9,スズノナデシコ,0,2023,0.570425033569,0.568059146404,0.539226293564
2023-03-26,202307020608,2018104780,10,ミエノベルル,0,2023,0.085713557899,0.107999458909,0.053100660443
2023-03-26,202307020608,2019103814,11,スカイトレイル,0,2023,0.136286079884,0.122705280781,0.128333985806
2023-03-26,202307020608,2019102240,12,マメコ,1,2023,0.399973362684,0.396484196186,0.416225463152
2023-03-26,202307020608,2018104559,13,ナリタローゼ,0,2023,0.514132559299,0.502419173717,0.475779175758
2023-03-26,202307020608,2019100604,14,ヤマニンアンフィル,1,2023,0.308679252863,0.347869187593,0.372482836246
2023-03-26,202307020608,2018106145,15,アコルダール,0,2023,0.046305175871,0.036518655717,0.022623185068
2023-03-26,202307020608,2019105412,16,プリモカリーナ,0,2023,0.346474617720,0.318176150322,0.364714920521
2023-03-26,202307020608,2018104077,17,グリュレーヴ,0,2023,0.030653933063,0.034124150872,0.026227125898
2023-03-26,202307020608,2018106701,18,ルヴァンノワール,0,2023,0.182017579675,0.177717581391,0.153267070651
2023-03-26,202307020611,2015104364,1,トゥラヴェスーラ,1,2023,0.095648765564,0.083321347833,0.089932017028
2023-03-26,202307020611,2019102788,2,ウォーターナビレラ,0,2023,0.156556889415,0.125063002110,0.099767550826
2023-03-26,202307020611,2015101028,3,キルロード,0,2023,0.129187345505,0.189818188548,0.164425387979
2023-03-26,202307020611,2018105610,4,ダディーズビビッド,0,2023,0.259746253490,0.289287984371,0.237214475870
2023-03-26,202307020611,2018105069,5,メイケイエール,0,2023,0.241894081235,0.246824324131,0.221524491906
2023-03-26,202307020611,2016106453,6,ナランフレグ,0,2023,0.127843990922,0.122477650642,0.104474574327
2023-03-26,202307020611,2017100434,7,ヴェントヴォーチェ,0,2023,0.254436284304,0.296756595373,0.247067093849
2023-03-26,202307020611,2017110144,8,ロータスランド,0,2023,0.236130952835,0.282474279404,0.207366406918
2023-03-26,202307020611,2017100583,9,ディヴィナシオン,0,2023,0.063188269734,0.054628930986,0.058563772589
2023-03-26,202307020611,2017100381,10,オパールシャルム,0,2023,0.092254757881,0.100433737040,0.064303256571
2023-03-26,202307020611,2018105204,11,ピクシーナイト,0,2023,0.327683359385,0.380118250847,0.256525039673
2023-03-26,202307020611,2019105126,12,アグリ,0,2023,0.411208540201,0.458975553513,0.412137210369
2023-03-26,202307020611,2016102197,13,ファストフォース,1,2023,0.112044744194,0.122800037265,0.139262527227
2023-03-26,202307020611,2019106526,14,トウシンマカオ,0,2023,0.197326794267,0.240590676665,0.251006901264
2023-03-26,202307020611,2019103753,15,ナムラクレア,1,2023,0.349138706923,0.433899462223,0.384450256824
2023-03-26,202307020611,2018104934,16,グレナディアガーズ,0,2023,0.211375623941,0.240131452680,0.203665345907
2023-03-26,202307020611,2017101121,17,ボンボヤージ,0,2023,0.054841376841,0.046764638275,0.054389040917
2023-03-26,202307020611,2019100213,18,ウインマーベル,0,2023,0.291143298149,0.365495651960,0.315712213516
2023-04-01,202309020310,2018101103,1,クリノキララ,0,2023,0.122475564480,0.072571769357,0.075845696032
2023-04-01,202309020310,2017105126,2,チャイカ,1,2023,0.101482525468,0.082071900368,0.090520404279
2023-04-01,202309020310,2017102940,3,ワンダーカタリナ,0,2023,0.251433700323,0.317750602961,0.293305099010
2023-04-01,202309020310,2018106305,4,テーオーディエス,0,2023,0.085201844573,0.075665012002,0.058304682374
2023-04-01,202309020310,2019104260,5,メイショウクリフト,1,2023,0.711105227470,0.693990767002,0.664696991444
2023-04-01,202309020310,2019110066,6,エンジェルシリカ,0,2023,0.250964164734,0.250448912382,0.238280996680
2023-04-01,202309020310,2018101573,7,セイレーン,0,2023,0.161327406764,0.162432402372,0.154376044869
2023-04-01,202309020310,2019103714,8,メイショウソラフネ,1,2023,0.622552573681,0.609076797962,0.662449538708
2023-04-01,202309020310,2017101777,9,ヤマニンプティパ,0,2023,0.326895952225,0.284672260284,0.293450415134
2023-04-01,202309020310,2019109094,10,ブッシュガーデン,0,2023,0.500200808048,0.513941347599,0.479681789875
2023-04-08,202303010102,2020101863,2,コパカバーナビーチ,0,2023,0.241511374712,0.234831854701,0.215395539999
2023-04-08,202303010102,2020105299,7,リアライズ,0,2023,0.276366174221,0.266641467810,0.207526370883
2023-04-08,202303010102,2020106966,8,ピンクジン,0,2023,0.172213554382,0.173278063536,0.179381906986
2023-04-08,202303010102,2020100347,9,クリノリアルレディ,0,2023,0.129651814699,0.149832040071,0.114297449589
2023-04-08,202303010102,2020105365,10,ドーバーホーク,1,2023,0.537200868130,0.474936127663,0.424130022526
2023-04-08,202303010102,2020106979,11,ベベ,0,2023,0.061461284757,0.071323283017,0.085799694061
2023-04-08,202303010102,2020106777,14,セレッソデアモール,1,2023,0.245065540075,0.242293834686,0.242550358176
2023-04-08,202303010110,2018103205,1,クムシラコ,0,2023,0.114938244224,0.133026570082,0.146584182978
2023-04-08,202303010110,2018100373,2,アップストリーム,0,2023,0.123926758766,0.128774002194,0.146541535854
2023-04-08,202303010110,2019109146,3,イールテソーロ,0,2023,0.141963765025,0.143753170967,0.142184525728
2023-04-08,202303010110,2017101571,4,サイヤダンサー,1,2023,0.259489238262,0.263497650623,0.269070327282
2023-04-08,202303010110,2019102922,5,ゼンカイテン,0,2023,0.127722144127,0.131656661630,0.079962491989
2023-04-08,202303010110,2019103010,6,オードゥメール,1,2023,0.309085071087,0.296039938927,0.306588828564
2023-04-08,202303010110,2019105050,7,メルヴィル,0,2023,0.362657040358,0.320383042097,0.456292629242
2023-04-08,202303010110,2018103296,8,サニーオーシャン,0,2023,0.069263204932,0.066533356905,0.068049579859
2023-04-08,202303010110,2018105163,9,ドナウエレン,0,2023,0.205498009920,0.209417402744,0.218535482883
2023-04-08,202303010110,2019107075,10,ブランデーロック,0,2023,0.266933441162,0.267611473799,0.246209502220
2023-04-08,202303010110,2018101232,11,ヒヤ,0,2023,0.059591956437,0.062071010470,0.048318505287
2023-04-08,202303010110,2019100214,12,ウインモナーク,0,2023,0.510047316551,0.533013761044,0.530493557453
2023-04-08,202303010110,2017103020,13,ダンツイノーバ,1,2023,0.042230959982,0.047930743545,0.047574441880
2023-04-08,202303010110,2017105070,14,チャーミングアクト,0,2023,0.181346818805,0.163717418909,0.121659137309
2023-04-08,202303010110,2019103120,15,リトス,0,2023,0.164389431477,0.143461808562,0.157730191946
2023-04-08,202303010110,2018100636,16,ステラダイヤ,0,2023,0.126942187548,0.132665783167,0.117610983551
2023-04-08,202303010112,2019104930,1,スクリーンショット,0,2023,0.210842907429,0.220092326403,0.174297362566
2023-04-08,202303010112,2019110051,2,シュガーフロート,1,2023,0.308836549520,0.350235372782,0.363761603832
2023-04-08,202303010112,2019101743,3,タムロキュラムン,0,2023,0.136952757835,0.141407698393,0.133733674884
2023-04-08,202303010112,2019110001,4,ショウナンハクラク,1,2023,0.145248442888,0.155916661024,0.156694799662
2023-04-08,202303010112,2018105231,5,ラヴォルタ,0,2023,0.322261810303,0.331808000803,0.367907196283
2023-04-08,202303010112,2018100772,7,ハイライフ,0,2023,0.035493817180,0.030441967770,0.020610004663
2023-04-08,202303010112,2019100667,8,アランヴェリテ,0,2023,0.216544762254,0.200702950358,0.199429333210
2023-04-08,202303010112,2019103673,9,バーニングアイズ,0,2023,0.110717371106,0.110366664827,0.122006177902
2023-04-08,202303010112,2018104471,10,グレイトミッション,0,2023,0.097024284303,0.101509913802,0.112908735871
2023-04-08,202303010112,2018100593,11,タイガーリリー,0,2023,0.262093484402,0.264139235020,0.282960534096
2023-04-08,202303010112,2016104403,12,マロリン,0,2023,0.039143215865,0.039130315185,0.034158937633
2023-04-08,202303010112,2019104871,13,ウェストファリア,0,2023,0.121616952121,0.124465167522,0.121336348355
2023-04-08,202303010112,2019106596,14,バトルシャイニング,0,2023,0.444158673286,0.420888692141,0.385767340660
2023-04-08,202303010112,2018106701,15,ルヴァンノワール,0,2023,0.152658641338,0.153265982866,0.125382184982
2023-04-08,202303010112,2018105201,16,デイトンウェイ,1,2023,0.218106701970,0.213227614760,0.226643517613
2023-04-08,202306030510,2019105459,1,ソウテン,0,2023,0.436089545488,0.401973485947,0.384384572506
2023-04-08,202306030510,2018103498,2,アイルビーザワン,0,2023,0.164724186063,0.145482063293,0.111534215510
2023-04-08,202306030510,2018110035,3,シュバルツカイザー,1,2023,0.135436758399,0.107643127441,0.069108024240
2023-04-08,202306030510,2017100416,4,リーゼントフラム,0,2023,0.109139658511,0.102488428354,0.107509382069
2023-04-08,202306030510,2019104915,5,バンデルオーラ,0,2023,0.292657256126,0.354140371084,0.404691606760
2023-04-08,202306030510,2019102522,6,ドグマ,0,2023,0.293460905552,0.336956590414,0.306349605322
2023-04-08,202306030510,2019106102,7,アネゴハダ,0,2023,0.418795585632,0.460762262344,0.475736796856
2023-04-08,202306030510,2019105775,8,ホウオウノーサイド,0,2023,0.300816953182,0.352745294571,0.332241356373
2023-04-08,202306030510,2019101903,9,ブレスレスリー,0,2023,0.312134593725,0.220141634345,0.190333202481
2023-04-08,202306030510,2018106055,10,ヨシノイースター,1,2023,0.423852026463,0.430183380842,0.483480006456
2023-04-08,202306030510,2017102838,11,ハーモニーマゼラン,1,2023,0.174937218428,0.121299728751,0.097470693290
2023-04-08,202306030510,2019104962,12,ウィリン,0,2023,0.498231738806,0.480430036783,0.511665880680
2023-04-08,202306030510,2019104451,13,ビーオンザマーチ,0,2023,0.150356277823,0.140649139881,0.098966948688
2023-04-08,202309020506,2020102702,1,ストリンジェンド,0,2023,0.197318285704,0.180606976151,0.158967614174
2023-04-08,202309020506,2020101503,2,カンチェンジュンガ,1,2023,0.411706268787,0.384024858475,0.341290742159
2023-04-08,202309020506,2020102963,3,ベルビューポイント,1,2023,0.571630418301,0.574476838112,0.568292498589
2023-04-08,202309020506,2020102640,4,サイモンオリーブ,0,2023,0.171157464385,0.123134188354,0.132394716144
2023-04-08,202309020506,2020106944,5,ネイキッド,0,2023,0.257620394230,0.248291000724,0.247249528766
2023-04-08,202309020506,2020100530,8,フォルティーナ,0,2023,0.120294831693,0.110121794045,0.093541361392
2023-04-08,202309020506,2020101031,9,アスクエピソード,0,2023,0.437858313322,0.438552230597,0.443441808224
2023-04-08,202309020506,2020106409,10,ペプチドハドソン,0,2023,0.213148862123,0.209638342261,0.208195105195
2023-04-09,202303010205,2020101715,1,リーリオブランコ,1,2023,0.481225311756,0.494725435972,0.390095680952
2023-04-09,202303010205,2020100482,2,イルルージュ,0,2023,0.154186859727,0.147799715400,0.104567766190
2023-04-09,202303010205,2020102299,5,アシャカタカ,1,2023,0.386774986982,0.383803457022,0.329398781061
2023-04-09,202303010205,2020103096,10,リュバンスリーズ,0,2023,0.056209526956,0.052486177534,0.050344459713
2023-04-09,202303010205,2020104837,13,ライトブラーヴ,0,2023,0.135709360242,0.130701571703,0.150584921241
2023-04-09,202303010205,2020105075,14,マルヨクレハ,0,2023,0.180227905512,0.165009573102,0.155727654696
2023-04-09,202303010205,2020103898,15,イグニション,0,2023,0.221432149410,0.226185783744,0.188997119665
2023-04-09,202303010208,2017106776,2,デロリス,0,2023,0.069928951561,0.060523301363,0.046174362302
2023-04-09,202303010208,2019105738,3,ピンクセイラー,0,2023,0.193193987012,0.207658633590,0.158208236098
2023-04-09,202303010208,2019105267,4,スリールサンセール,0,2023,0.256311058998,0.219589024782,0.217789709568
2023-04-09,202303010208,2019103360,5,ジョーブリッランテ,0,2023,0.271761000156,0.298684954643,0.263227105141
2023-04-09,202303010208,2019101185,6,サザンステート,0,2023,0.326726078987,0.295478552580,0.314409703016
2023-04-09,202303010208,2018106612,7,オリアメンディ,0,2023,0.087165638804,0.074957758188,0.078456044197
2023-04-09,202303010208,2018105257,8,ダノンジェネラル,0,2023,0.084077484906,0.101105347276,0.091137915850
2023-04-09,202303010208,2018104364,9,メルジーナ,0,2023,0.072188623250,0.067742533982,0.039385318756
2023-04-09,202303010208,2019106598,10,プロティオスミノル,0,2023,0.203154966235,0.201876461506,0.206794351339
2023-04-09,202303010208,2017101448,11,ウインアステロイド,1,2023,0.274943888187,0.298460155725,0.299509555101
2023-04-09,202303010208,2017105132,12,パラティーノヒル,0,2023,0.043346092105,0.041545625776,0.046684589237
2023-04-09,202303010208,2018105518,13,ダブルスナッチ,1,2023,0.402782499790,0.415949493647,0.451380461454
2023-04-09,202303010208,2019101032,14,ユキヤナギ,0,2023,0.068238273263,0.071666345000,0.067875668406
2023-04-09,202303010208,2019102456,15,ナバロン,1,2023,0.462585955858,0.403735131025,0.400316029787
2023-04-09,202303010211,2017104852,1,キャプテンドレイク,0,2023,0.225106641650,0.216507658362,0.194586619735
2023-04-09,202303010211,2017103295,2,チェアリングソング,0,2023,0.162876829505,0.120223596692,0.100510641932
2023-04-09,202303010211,2018105296,3,モントライゼ,0,2023,0.271346122026,0.260823756456,0.204507321119
2023-04-09,202303010211,2017105298,4,ストーンリッジ,0,2023,0.268563359976,0.264048218727,0.273105591536
2023-04-09,202303010211,2016104983,5,トップオブメジャー,0,2023,0.135701000690,0.162755459547,0.108064845204
2023-04-09,202303010211,2017104253,6,ジュニパーベリー,0,2023,0.243523940444,0.258387237787,0.258666574955
2023-04-09,202303010211,2017110123,7,ヴィズサクセス,1,2023,0.157913923264,0.184374973178,0.154393658042
2023-04-09,202303010211,2017106720,8,サンライズオネスト,1,2023,0.133858308196,0.132953941822,0.111727170646
2023-04-09,202303010211,2017100367,9,サトノファビュラス,0,2023,0.093984439969,0.107595697045,0.077734902501
2023-04-09,202303010211,2015104347,10,ルッジェーロ,0,2023,0.121198445559,0.139882102609,0.155064836144
2023-04-09,202303010211,2017106387,11,スマートリアン,1,2023,0.182084247470,0.181430935860,0.209763988853
2023-04-09,202303010211,2014101827,12,クリノライメイ,0,2023,0.023433012888,0.025214159861,0.012408494949
2023-04-09,202303010211,2017105443,13,ビップウインク,0,2023,0.103951513767,0.097351826727,0.089902304113
2023-04-09,202303010211,2014102625,14,ダイメイフジ,0,2023,0.063044182956,0.066543221474,0.047549568117
2023-04-09,202303010211,2018110045,15,ショックアクション,0,2023,0.091775752604,0.076401270926,0.069885179400
2023-04-09,202303010211,2016103415,16,ショウナンバニラ,0,2023,0.068786494434,0.072405651212,0.059915203601
2023-04-09,202306030607,2020104203,1,スピードオブライト,1,2023,0.826832473278,0.809681475163,0.830091953278
2023-04-09,202306030607,2020102298,2,トレブランシュ,0,2023,0.700756728649,0.664093554020,0.655498087406
2023-04-09,202306030607,2020106623,3,ゴキゲンサン,0,2023,0.459061354399,0.404123276472,0.415036976337
2023-04-09,202306030607,2020102121,5,シルバーレイズ,0,2023,0.081703692675,0.095269739628,0.098595067859
2023-04-09,202306030607,2020103885,6,クリノゴッホ,0,2023,0.299397736788,0.310498654842,0.276967942715
2023-04-09,202306030607,2020105144,7,ニシキギミッチー,0,2023,0.130370020866,0.112557038665,0.088756233454
2023-04-09,202306030607,2020102488,8,トーセンエスクード,1,2023,0.695397615433,0.644761443138,0.721596181393
2023-04-15,202303010302,2020105562,1,パルフュメ,1,2023,0.216046690941,0.275354266167,0.249567359686
2023-04-15,202303010302,2020101171,2,ビスケット,0,2023,0.019437238574,0.016432901844,0.020080784336
2023-04-15,202303010302,2020101966,3,ダイシンベスパ,0,2023,0.100208528340,0.096205852926,0.111002206802
2023-04-15,202303010302,2020106706,4,タリア,1,2023,0.571662843227,0.655201733112,0.568073928356
2023-04-15,202303010302,2020106121,7,カッテミル,0,2023,0.335196942091,0.341503947973,0.439756691456
2023-04-15,202303010302,2020103467,10,ナリサ,0,2023,0.203277602792,0.201753288507,0.200927257538
2023-04-15,202303010302,2020101770,12,トリプルウイナー,1,2023,0.315951734781,0.297804534435,0.300784200430
2023-04-15,202303010302,2020103908,13,ロンスアンドロンス,0,2023,0.051594298333,0.058152616024,0.047334223986
2023-04-15,202303010302,2020100441,14,ハナサキポプラ,0,2023,0.079862535000,0.074531890452,0.066069506109
2023-04-15,202303010305,2020100424,1,コノハナミカミ,0,2023,0.080689013004,0.088988900185,0.051242910326
2023-04-15,202303010305,2020104825,3,スカプラリオ,1,2023,0.532350540161,0.544529318810,0.542685925961
2023-04-15,202303010305,2020100580,4,ソルエストレーラ,1,2023,0.282799810171,0.255785316229,0.325215995312
2023-04-15,202303010305,2020100279,5,テリオスノア,0,2023,0.129959970713,0.129838570952,0.102776631713
2023-04-15,202303010305,2020105426,10,ベストバディ,0,2023,0.338286966085,0.376819849014,0.387853115797
2023-04-15,202303010305,2020106336,12,ゴレイジョウ,0,2023,0.025293994695,0.034164052457,0.036182597280
2023-04-15,202303010305,2020103152,16,ショウナンアキーム,0,2023,0.178224653006,0.180018201470,0.171815723181
2023-04-15,202303010309,2020100390,1,リトルウインディー,1,2023,0.291035115719,0.369034260511,0.296644181013
2023-04-15,202303010309,2020100305,3,セイウンスイート,1,2023,0.053727753460,0.044527411461,0.077552907169
2023-04-15,202303010309,2020104942,4,シルフィードレーヴ,0,2023,0.226709425449,0.235413342714,0.238624513149
2023-04-15,202303010309,2020106750,5,シルヴァーゴースト,0,2023,0.192620724440,0.157614201307,0.129548758268
2023-04-15,202303010309,2020105298,6,ノースディーバ,0,2023,0.097741827369,0.104893989861,0.082822516561
2023-04-15,202303010309,2020109067,8,リサリサ,1,2023,0.298318803310,0.309722125530,0.358628153801
2023-04-15,202303010309,2020102971,9,サトノグレイト,0,2023,0.400650084019,0.375815629959,0.327904582024
2023-04-15,202303010309,2020106987,10,スムースベルベット,0,2023,0.239512354136,0.201622471213,0.184842631221
2023-04-15,202303010309,2020102940,11,ダンシングニードル,0,2023,0.127002477646,0.134631097317,0.149177640676
2023-04-15,202303010309,2020101556,12,オーサムサンライズ,0,2023,0.137644097209,0.137291163206,0.163999825716
2023-04-15,202303010309,2020105897,13,ソアラ,0,2023,0.079135186970,0.063692584634,0.083753377199
2023-04-15,202303010309,2020104301,14,メアリー,0,2023,0.166227310896,0.134814694524,0.113722667098
2023-04-15,202303010309,2020103885,15,クリノゴッホ,0,2023,0.087679304183,0.080269172788,0.078367091715
2023-04-15,202306030708,2019110107,1,ジャスパークローネ,1,2023,0.386214703321,0.384970545769,0.407622307539
2023-04-15,202306030708,2018102585,2,ロードラスター,1,2023,0.293175399303,0.284158110619,0.254945218563
2023-04-15,202306030708,2018103205,3,クムシラコ,1,2023,0.085240505636,0.090698003769,0.119578287005
2023-04-15,202306030708,2019100898,4,タッカーシルバー,0,2023,0.342086672783,0.340802729130,0.339428424835
2023-04-15,202306030708,2018104765,5,イズンシーラブリー,0,2023,0.525076448917,0.468793869019,0.503477275372
2023-04-15,202306030708,2019104386,6,トーセンサンダー,0,2023,0.190718770027,0.232856422663,0.245977476239
2023-04-15,202306030708,2018102643,7,フェイマスダンディ,0,2023,0.058550115675,0.070030339062,0.068847149611
2023-04-15,202306030708,2019102436,8,ミズノコキュウ,0,2023,0.179210796952,0.174174487591,0.172685414553
2023-04-15,202306030708,2019102761,9,グレタ,0,2023,0.089418992400,0.089892864227,0.114420026541
2023-04-15,202306030708,2019103563,10,アスターディゴン,0,2023,0.216773480177,0.240007624030,0.256201416254
2023-04-15,202306030708,2018105004,11,アップリバー,0,2023,0.192143633962,0.190273538232,0.145807847381
2023-04-15,202306030708,2018103485,12,ジャガード,0,2023,0.037306226790,0.033466067165,0.034388825297
2023-04-15,202306030708,2018105874,13,ルルローズ,0,2023,0.366062074900,0.359810173512,0.330646097660
2023-04-15,202306030708,2017100660,14,ポピュラーソング,0,2023,0.117215223610,0.112161524594,0.106981635094
2023-04-15,202306030708,2018101679,15,カシノフォワード,0,2023,0.089011296630,0.068130426109,0.066771700978
2023-04-15,202306030708,2015103867,16,ウメタロウ,0,2023,0.024834569544,0.025957362726,0.027732448652
2023-04-16,202303010407,2017101559,1,アトムヴェローチェ,0,2023,0.029036646709,0.027727140114,0.018525782973
2023-04-16,202303010407,2019101833,2,ウインクルシャープ,0,2023,0.204160675406,0.183577671647,0.177814260125
2023-04-16,202303010407,2018105447,3,インプレストサマー,0,2023,0.057866878808,0.040870428085,0.021272409707
2023-04-16,202303010407,2019102215,4,サク,0,2023,0.140462234616,0.136585146189,0.110475026071
2023-04-16,202303010407,2019104538,5,マンクスホップ,0,2023,0.100475817919,0.101685322821,0.116297535598
2023-04-16,202303010407,2018102069,6,ラナキラ,0,2023,0.343116104603,0.349856078625,0.390618711710
2023-04-16,202303010407,2019103054,7,クイーンオブチェコ,0,2023,0.050479795784,0.048091795295,0.062732927501
2023-04-16,202303010407,2019104686,8,アキバ,0,2023,0.278809398413,0.267490923405,0.309819191694
2023-04-16,202303010407,2019105144,9,スクルトゥーラ,0,2023,0.120717838407,0.136820614338,0.143957316875
2023-04-16,202303010407,2019102240,10,マメコ,1,2023,0.371065914631,0.384390294552,0.440073549747
2023-04-16,202303010407,2018103620,11,ロゼクラン,1,2023,0.474354267120,0.461213380098,0.422698795795
2023-04-16,202303010407,2018106717,12,プロトサマニ,0,2023,0.090490937233,0.083484709263,0.070669122040
2023-04-16,202303010407,2019104549,13,テンメジャーガール,1,2023,0.280211776495,0.271496146917,0.315826088190
2023-04-16,202303010407,2018104908,14,アルジェントステラ,0,2023,0.126095205545,0.113966904581,0.138021349907
2023-04-16,202303010407,2019100910,15,ゼンノテンバ,0,2023,0.233375295997,0.201094552875,0.191800862551
2023-04-16,202303010407,2019106565,16,メイショウソウゲツ,0,2023,0.192281112075,0.187078461051,0.188323527575
2023-04-16,202303010409,2018100480,1,デルマヤクシ,0,2023,0.333777993917,0.335066080093,0.293511271477
2023-04-16,202303010409,2019105412,2,プリモカリーナ,1,2023,0.369791328907,0.351187795401,0.354469776154
2023-04-16,202303010409,2019103193,3,トリップトゥムーン,1,2023,0.236688032746,0.253549665213,0.286587119102
2023-04-16,202303010409,2019110043,4,バーニーフォールズ,0,2023,0.166644185781,0.188815340400,0.160976365209
2023-04-16,202303010409,2019101562,5,デフィデリ,0,2023,0.294039785862,0.307144969702,0.295075595379
2023-04-16,202303010409,2019103584,6,オラヴェリタス,0,2023,0.138107270002,0.143191590905,0.122943356633
2023-04-16,202303010409,2019102041,7,アドヴァイス,1,2023,0.260211497545,0.279742151499,0.277214854956
2023-04-16,202303010409,2018110123,8,オリンピックデイ,0,2023,0.309693396091,0.365379899740,0.389118790627
2023-04-16,202303010409,2017103023,9,スウィートメリナ,0,2023,0.037133023143,0.034062977880,0.033568203449
2023-04-16,202303010409,2018110113,10,ヒトヨギリ,0,2023,0.055049605668,0.059557538480,0.080225899816
2023-04-16,202303010409,2017103309,11,ホウオウエンジェル,0,2023,0.335351198912,0.331576585770,0.337675333023
2023-04-16,202303010409,2018106145,12,アコルダール,0,2023,0.054089929909,0.053756743670,0.052485216409
2023-04-16,202303010409,2019102768,13,ヌーシャテル,0,2023,0.058228179812,0.056282285601,0.042980480939
2023-04-16,202303010409,2019106179,14,ハートホイップ,0,2023,0.114120684564,0.096490949392,0.110498003662
2023-04-16,202303010409,2019100593,15,フラッシュアーク,0,2023,0.315907895565,0.335567742586,0.356971412897
2023-04-16,202303010409,2018100593,16,タイガーリリー,0,2023,0.198553830385,0.198811307549,0.206299990416
2023-04-16,202306030810,2019104470,1,キミワクイーン,1,2023,0.326573014259,0.350905805826,0.331603348255
2023-04-16,202306030810,2016102073,2,ホープフルサイン,0,2023,0.154112786055,0.153911963105,0.150821745396
2023-04-16,202306030810,2018103929,3,ビューティフルデイ,0,2023,0.378487884998,0.290829420090,0.236869141459
2023-04-16,202306030810,2019105463,4,レディバランタイン,1,2023,0.146903008223,0.127202674747,0.134879663587
2023-04-16,202306030810,2019103782,5,ルピナスリード,0,2023,0.339066594839,0.353741377592,0.309895902872
2023-04-16,202306030810,2017105661,6,ジュビリーヘッド,0,2023,0.364065319300,0.380707502365,0.337387800217
2023-04-16,202306030810,2015105850,7,カイザーメランジェ,0,2023,0.077975958586,0.083699382842,0.074214547873
2023-04-16,202306030810,2016110119,8,ジャスパージャック,0,2023,0.139910072088,0.165188163519,0.173523068428
2023-04-16,202306030810,2019104911,9,プルパレイ,0,2023,0.123640112579,0.133086398244,0.124798610806
2023-04-16,202306030810,2019110020,10,マッドクール,1,2023,0.512393891811,0.513506591320,0.578726410866
2023-04-16,202306030810,2017104270,11,トキメキ,0,2023,0.169166415930,0.163818761706,0.179417759180
2023-04-16,202306030810,2019100765,12,コムストックロード,0,2023,0.135044708848,0.143733054399,0.135586842895
2023-04-16,202306030810,2016100298,13,ミニオンペール,0,2023,0.065966054797,0.067601956427,0.083162963390
2023-04-16,202306030810,2018104029,14,レイハリア,0,2023,0.109912633896,0.085639059544,0.087175667286
2023-04-16,202306030810,2016104668,15,カリボール,0,2023,0.044501889497,0.041356552392,0.060473367572
2023-04-16,202306030810,2018105366,16,レッドベルオーブ,0,2023,0.155699223280,0.137956544757,0.099460303783
2023-04-22,202303010502,2020104868,2,シンコッチョウ,0,2023,0.149510502815,0.151533916593,0.162955552340
2023-04-22,202303010502,2020100370,4,フェリキタス,0,2023,0.311725348234,0.349398016930,0.318984717131
2023-04-22,202303010502,2020106979,7,ベベ,0,2023,0.138167887926,0.160669550300,0.169456616044
2023-04-22,202303010502,2020103898,8,イグニション,0,2023,0.388985276222,0.354574650526,0.342716813087
2023-04-22,202303010502,2020103949,9,シャコンヌ,0,2023,0.099298410118,0.094393350184,0.088558942080
2023-04-22,202303010502,2020101372,10,クリノエンジェル,1,2023,0.199201092124,0.199166357517,0.130976721644
2023-04-22,202303010502,2020104983,11,マルプリ,1,2023,0.545386910439,0.635383427143,0.633301377296
2023-04-22,202303010502,2020104976,12,ブロックバスター,0,2023,0.177748590708,0.187198668718,0.147110104561
2023-04-22,202303010502,2020101954,13,リアルガチ,0,2023,0.047572854906,0.046797130257,0.040047854185
2023-04-22,202303010502,2020105212,15,シェイクオンイット,1,2023,0.176806285977,0.163945972919,0.175754204392
2023-04-22,202303010502,2020106644,16,モノセーラス,0,2023,0.341195106506,0.384203553200,0.400035470724
2023-04-22,202303010509,2019100292,1,ダレモトメラレナイ,0,2023,0.395499616861,0.477232068777,0.473490417004
2023-04-22,202303010509,2017101448,2,ウインアステロイド,0,2023,0.334041148424,0.329376816750,0.293350607157
2023-04-22,202303010509,2017105132,3,パラティーノヒル,0,2023,0.043411508203,0.028199357912,0.021842377260
2023-04-22,202303010509,2018105201,4,デイトンウェイ,0,2023,0.351151049137,0.389990419149,0.324307560921
2023-04-22,202303010509,2018100618,5,トーホウジュナール,0,2023,0.499119162560,0.549314796925,0.578619956970
2023-04-22,202303010509,2019105499,6,ガーデンアイル,0,2023,0.174555078149,0.122793510556,0.106579236686
2023-04-22,202303010509,2019104361,7,テーオースパロー,1,2023,0.185655519366,0.157360196114,0.178260430694
2023-04-22,202303010509,2018105518,8,ダブルスナッチ,1,2023,0.391943603754,0.379290014505,0.433064401150
2023-04-22,202303010509,2018105257,9,ダノンジェネラル,0,2023,0.084248468280,0.083680897951,0.066812679172
2023-04-22,202303010509,2018105144,10,チカリヨン,0,2023,0.261636018753,0.244690299034,0.185920193791
2023-04-22,202303010509,2019105940,11,アリシアン,0,2023,0.173327460885,0.161802724004,0.134403675795
2023-04-22,202303010509,2019103612,12,エメラルアポロン,0,2023,0.032265663147,0.031803190708,0.032571949065
2023-04-22,202303010509,2019102147,13,フォレクラフト,1,2023,0.310478717089,0.307172179222,0.325608700514
2023-04-22,202308010103,2020102294,1,スイープラン,1,2023,0.353408336639,0.409060597420,0.409307956696
2023-04-22,202308010103,2020101759,2,トーホウビエント,0,2023,0.222650602460,0.279035866261,0.285696268082
2023-04-22,202308010103,2020106425,3,キミニオクル,0,2023,0.098681136966,0.088381908834,0.107475131750
2023-04-22,202308010103,2020104545,4,スマートメイプル,1,2023,0.383874952793,0.364843189716,0.339370965958
2023-04-22,202308010103,2020101384,5,ファニーボーイ,0,2023,0.039448056370,0.036009158939,0.024085991085
2023-04-22,202308010103,2020100034,6,ミランダ,0,2023,0.098670549691,0.092412970960,0.062254939228
2023-04-22,202308010103,2020109090,10,テイケイヴィエント,0,2023,0.152638241649,0.121404439211,0.083177872002
2023-04-22,202308010103,2020103056,11,ヴァルダリス,0,2023,0.329379498959,0.398747444153,0.360572248697
2023-04-22,202308010103,2020102050,13,サンポーニャ,1,2023,0.195967137814,0.213020756841,0.192214578390
2023-04-22,202308010103,2020102297,14,マロンアルジャン,0,2023,0.053349178284,0.053317535669,0.052548553795
2023-04-22,202308010103,2020103588,15,マテンロウナイト,0,2023,0.135599136353,0.134748697281,0.166723370552
2023-04-22,202308010103,2020102749,16,プライムトゥーレ,0,2023,0.092718578875,0.081172399223,0.068768508732
2023-04-22,202308010103,2020100735,17,ファイブレイナ,0,2023,0.243371963501,0.245507612824,0.234593093395
2023-04-22,202308010103,2020102963,18,ベルビューポイント,0,2023,0.599954128265,0.639127552509,0.630022108555
2023-04-23,202303010602,2020103870,1,ウィズアットダンス,0,2023,0.098867796361,0.111239604652,0.061155933887
2023-04-23,202303010602,2020106330,2,ラウラーナ,1,2023,0.401555716991,0.448776245117,0.462265998125
2023-04-23,202303010602,2020100482,5,イルルージュ,0,2023,0.179102227092,0.171921610832,0.138320371509
2023-04-23,202303010602,2020105310,7,イースターエッグ,0,2023,0.264795273542,0.258767664433,0.260297358036
2023-04-23,202303010602,2020105867,8,ネオアリシア,1,2023,0.393051981926,0.366237759590,0.356199532747
2023-04-23,202303010602,2020104911,11,キュベリン,1,2023,0.137509196997,0.144695207477,0.139407038689
2023-04-23,202303010602,2020101715,16,リーリオブランコ,0,2023,0.397545814514,0.380993068218,0.382424682379
2023-04-23,202303010607,2020103883,2,レイレフア,0,2023,0.135817348957,0.163647368550,0.177099123597
2023-04-23,202303010607,2020106055,3,アナザームーン,0,2023,0.237468734384,0.233522862196,0.231510579586
2023-04-23,202303010607,2020101692,5,ラガープリンセス,0,2023,0.046203110367,0.065774120390,0.051103286445
2023-04-23,202303010607,2020100167,6,ケサランパサラン,0,2023,0.133983939886,0.155909255147,0.149770796299
2023-04-23,202303010607,2020106495,7,サンスレッド,0,2023,0.305704027414,0.307747095823,0.224140003324
2023-04-23,202303010607,2020105485,11,ニシノカナン,0,2023,0.216881662607,0.206323951483,0.210774376988
2023-04-23,202303010607,2020101863,13,コパカバーナビーチ,1,2023,0.400629550219,0.437862664461,0.402533233166
2023-04-23,202303010611,2019109094,1,ブッシュガーデン,1,2023,0.256358116865,0.265816390514,0.237179011106
2023-04-23,202303010611,2019105060,2,アンクロワ,0,2023,0.228015348315,0.214157253504,0.190639227629
2023-04-23,202303010611,2019103562,3,ダテボレアス,0,2023,0.207351535559,0.219768181443,0.197962358594
2023-04-23,202303010611,2017101571,4,サイヤダンサー,0,2023,0.267254084349,0.304645359516,0.219262138009
2023-04-23,202303010611,2019103120,5,リトス,0,2023,0.145073041320,0.170788571239,0.150660306215
2023-04-23,202303010611,2017103020,6,ダンツイノーバ,0,2023,0.106335341930,0.108703993261,0.098871782422
2023-04-23,202303010611,2019101917,7,エテルナメンテ,0,2023,0.141494795680,0.152693167329,0.166415363550
2023-04-23,202303010611,2019110001,8,ショウナンハクラク,1,2023,0.219202876091,0.249235942960,0.237132072449
2023-04-23,202303010611,2017104895,9,ダノンカオス,0,2023,0.162487596273,0.169077724218,0.185538068414
2023-04-23,202303010611,2018100097,10,スマートルシーダ,0,2023,0.184301212430,0.208172231913,0.190188184381
2023-04-23,202303010611,2019100751,11,マイネルレノン,1,2023,0.368046879768,0.397547692060,0.417626291513
2023-04-23,202303010611,2017104258,12,セイラブミー,0,2023,0.053759045899,0.053201958537,0.056101392955
2023-04-23,202303010611,2017104234,13,スズノヤマト,0,2023,0.066751062870,0.058671206236,0.067590810359
2023-04-23,202303010611,2019101262,14,ショウナンアメリア,0,2023,0.277739644051,0.276362240314,0.275188505650
2023-04-23,202303010611,2017101767,15,ベンガン,0,2023,0.266819000244,0.279046475887,0.260280549526
2023-04-23,202303010611,2017105126,16,チャイカ,0,2023,0.085881188512,0.090596459806,0.086186170578
2023-04-29,202304010109,2020110005,2,ソフィアエール,0,2023,0.114597678185,0.095067515969,0.106860287488
2023-04-29,202304010109,2020100236,3,ニシノトキメキ,0,2023,0.114940240979,0.108907602727,0.132644787431
2023-04-29,202304010109,2020110114,4,スリーアイランド,0,2023,0.341832250357,0.376310616732,0.403987258673
2023-04-29,202304010109,2020101052,5,ルーラルハピネス,1,2023,0.233290672302,0.261678874493,0.258113116026
2023-04-29,202304010109,2020100056,6,クールムーア,0,2023,0.102188803256,0.106799267232,0.128739058971
2023-04-29,202304010109,2020101763,7,トーホウフランゴ,1,2023,0.114593163133,0.100434876978,0.121716998518
2023-04-29,202304010109,2020102537,9,チカポコ,0,2023,0.051256056875,0.039968013763,0.048380769789
2023-04-29,202304010109,2020104613,10,タツダイヤモンド,1,2023,0.270749598742,0.279603540897,0.363211274147
2023-04-29,202304010109,2020106343,11,ユカリプレリュード,0,2023,0.150498628616,0.161210641265,0.196753770113
2023-04-29,202304010109,2020110145,12,スモーキンビリー,0,2023,0.165151014924,0.165858849883,0.163570702076
2023-04-29,202304010109,2020104942,13,シルフィードレーヴ,0,2023,0.140039548278,0.133039072156,0.163817897439
2023-04-29,202304010109,2020100305,14,セイウンスイート,0,2023,0.085890531540,0.089929401875,0.098739385605
2023-04-29,202304010109,2020103962,15,ステークホルダー,0,2023,0.276831090450,0.275651007891,0.312459439039
2023-04-29,202304010109,2020100702,16,ジューンアース,0,2023,0.108921349049,0.161790579557,0.161607921124
2023-04-29,202308010311,2018106389,1,メイショウツツジ,0,2023,0.147350460291,0.134974062443,0.121390812099
2023-04-29,202308010311,2018104949,2,フォイアーロート,0,2023,0.082769520581,0.066117860377,0.079330570996
2023-04-29,202308010311,2018103926,4,ショウナンラスボス,0,2023,0.288630634546,0.281882882118,0.254462450743
2023-04-29,202308010311,2019105452,5,ミッキーハーモニー,0,2023,0.348516076803,0.471695393324,0.486152499914
2023-04-29,202308010311,2018102270,6,ケイサンフリーゼ,0,2023,0.065240286291,0.040836900473,0.040877841413
2023-04-29,202308010311,2018106077,7,イルクオーレ,1,2023,0.262221187353,0.300414621830,0.305870562792
2023-04-29,202308010311,2017106137,8,グレイトゲイナー,0,2023,0.060557004064,0.060202687979,0.061965238303
2023-04-29,202308010311,2018100570,9,セリシア,1,2023,0.150528207421,0.137269482017,0.168302953243
2023-04-29,202308010311,2016105797,10,コスモエスパーダ,0,2023,0.076726213098,0.070037014782,0.050719000399
2023-04-29,202308010311,2019102742,11,クレア,0,2023,0.103221029043,0.101455047727,0.135903626680
2023-04-29,202308010311,2019101700,12,サトノレーヴ,1,2023,0.339684158564,0.359201818705,0.404721945524
2023-04-29,202308010311,2019100791,13,シナモンスティック,0,2023,0.074878327549,0.072229824960,0.080505646765
2023-04-29,202308010311,2019105237,14,スリーパーダ,0,2023,0.176162898540,0.190112143755,0.206294223666
2023-04-29,202308010311,2015103357,15,メイショウドウドウ,0,2023,0.109869182110,0.152730122209,0.111973017454
2023-04-29,202308010311,2019105806,16,ドロップオブライト,0,2023,0.326604872942,0.364388048649,0.338416486979
2023-04-29,202308010311,2018110035,17,シュバルツカイザー,0,2023,0.141745150089,0.137156113982,0.112007968128
2023-04-29,202308010311,2018104347,18,ユキノファラオ,0,2023,0.069616153836,0.075595267117,0.071429513395
2023-04-30,202304010212,2019105738,1,ピンクセイラー,0,2023,0.172669544816,0.179574787617,0.128875941038
2023-04-30,202304010212,2019105044,2,アドマイヤラヴィ,1,2023,0.457774072886,0.422241926193,0.439452648163
2023-04-30,202304010212,2019103193,3,トリップトゥムーン,0,2023,0.218469381332,0.257154226303,0.290150910616
2023-04-30,202304010212,2019100578,4,クインズプリーズ,0,2023,0.113168761134,0.093793407083,0.128064692020
2023-04-30,202304010212,2017103328,5,ウインドラブリーナ,0,2023,0.035797148943,0.041433002800,0.029389882460
2023-04-30,202304010212,2019103584,6,オラヴェリタス,0,2023,0.081636868417,0.092085331678,0.095389492810
2023-04-30,202304010212,2019101743,7,タムロキュラムン,0,2023,0.088186532259,0.090846806765,0.089900270104
2023-04-30,202304010212,2019100755,9,アラクレ,0,2023,0.199290290475,0.182469934225,0.161341354251
2023-04-30,202304010212,2017101559,10,アトムヴェローチェ,0,2023,0.018861249089,0.015953985974,0.009521734901
2023-04-30,202304010212,2018110149,11,コスモアディラート,0,2023,0.308827549219,0.292216181755,0.314207524061
2023-04-30,202304010212,2018104663,12,タウゼントシェーン,1,2023,0.275960177183,0.252706766129,0.215515896678
2023-04-30,202304010212,2019101562,13,デフィデリ,0,2023,0.120396338403,0.102703243494,0.112419664860
2023-04-30,202304010212,2019110051,14,シュガーフロート,0,2023,0.442139327526,0.405760169029,0.419246196747
2023-04-30,202304010212,2018100406,15,ヴィントミューレ,1,2023,0.119098395109,0.130547121167,0.174032911658
2023-05-06,202304010306,2020104626,1,クツワファミリー,0,2023,0.198584258556,0.213748022914,0.197543904185
2023-05-06,202304010306,2020100897,2,ルソレイユ,0,2023,0.319327920675,0.336461246014,0.287889778614
2023-05-06,202304010306,2020103038,3,キャルキューレ,0,2023,0.355882167816,0.359281837940,0.306167155504
2023-05-06,202304010306,2020103844,4,フリントロック,1,2023,0.363813430071,0.369003415108,0.323749363422
2023-05-06,202304010306,2020104377,6,レッツプロミス,0,2023,0.067079141736,0.062883853912,0.065785773098
2023-05-06,202304010306,2020102050,7,サンポーニャ,1,2023,0.353556305170,0.374384582043,0.310873240232
2023-05-06,202304010306,2020104545,9,スマートメイプル,0,2023,0.465628325939,0.467255383730,0.484742313623
2023-05-06,202304010306,2020103761,10,カンタベリースワン,0,2023,0.018160175532,0.015779709443,0.020855423063
2023-05-06,202304010306,2020105365,11,ドーバーホーク,1,2023,0.642469525337,0.667167723179,0.655725538731
2023-05-06,202304010306,2020106055,12,アナザームーン,0,2023,0.254038453102,0.235239163041,0.205046936870
2023-05-06,202304010306,2020104598,14,ショウナンアウリイ,0,2023,0.078547798097,0.066954694688,0.083851180971
2023-05-06,202304010306,2020105562,16,パルフュメ,0,2023,0.280801922083,0.331152200699,0.309207499027
2023-05-07,202308010611,2017104852,1,キャプテンドレイク,0,2023,0.174846887589,0.159943446517,0.126862719655
2023-05-07,202308010611,2017100240,2,スノーテーラー,1,2023,0.144304350019,0.188608616590,0.131443396211
2023-05-07,202308010611,2019100765,3,コムストックロード,0,2023,0.091096311808,0.071654088795,0.071337074041
2023-05-07,202308010611,2018104331,4,ヴァトレニ,0,2023,0.230632349849,0.236715674400,0.224755331874
2023-05-07,202308010611,2017105272,5,リレーションシップ,0,2023,0.117361992598,0.093213021755,0.096497766674
2023-05-07,202308010611,2018100394,6,サトノラムセス,0,2023,0.289659500122,0.335239291191,0.262686014175
2023-05-07,202308010611,2015104699,7,フレッチア,0,2023,0.096018187702,0.119377985597,0.146268084645
2023-05-07,202308010611,2018106055,8,ヨシノイースター,0,2023,0.428074479103,0.370138198137,0.376608520746
2023-05-07,202308010611,2017100091,9,スマートクラージュ,1,2023,0.258985996246,0.308698385954,0.208276882768
2023-05-07,202308010611,2015100822,10,タイセイアベニール,0,2023,0.076133549213,0.062079507858,0.041908815503
2023-05-07,202308010611,2017103005,11,ロードベイリーフ,0,2023,0.088637232780,0.074665307999,0.086671315134
2023-05-07,202308010611,2017105443,12,ビップウインク,0,2023,0.071154288948,0.061511777341,0.075683154166
2023-05-07,202308010611,2016104983,13,トップオブメジャー,0,2023,0.047164998949,0.044185757637,0.046823289245
2023-05-07,202308010611,2019102979,14,エイシンスポッター,1,2023,0.310446381569,0.293339520693,0.287392854691
2023-05-07,202308010611,2017106387,15,スマートリアン,0,2023,0.220491871238,0.189579248428,0.196233555675
2023-05-07,202308010611,2019102576,16,クリノマジン,0,2023,0.235447600484,0.229703515768,0.258792728186
2023-05-07,202308010611,2016104787,17,グルーヴィット,0,2023,0.057253099978,0.062203671783,0.079801075161
2023-05-07,202308010611,2017106720,18,サンライズオネスト,0,2023,0.120401784778,0.113597348332,0.109251700342
2023-05-13,202308010707,2019102106,1,ブリュットミレジメ,0,2023,0.198074176908,0.234079554677,0.176984906197
2023-05-13,202308010707,2019104361,2,テーオースパロー,1,2023,0.270530104637,0.292137295008,0.280541896820
2023-05-13,202308010707,2019102856,3,トーホウラビアン,0,2023,0.106197990477,0.116772606969,0.139388129115
2023-05-13,202308010707,2018101573,4,セイレーン,0,2023,0.096589580178,0.089018926024,0.076902471483
2023-05-13,202308010707,2018106391,5,メイショウイジゲン,0,2023,0.068456090987,0.053995490074,0.078882917762
2023-05-13,202308010707,2019102041,6,アドヴァイス,1,2023,0.387220442295,0.383785963058,0.394493520260
2023-05-13,202308010707,2018110001,7,ジュストコル,0,2023,0.388921678066,0.325868010521,0.293054401875
2023-05-13,202308010707,2018103368,8,メイショウカイト,0,2023,0.085945360363,0.082515455782,0.085706703365
2023-05-13,202308010707,2018103181,9,シゲルセンム,0,2023,0.144366770983,0.157602548599,0.120016418397
2023-05-13,202308010707,2018102585,10,ロードラスター,0,2023,0.314693272114,0.310478299856,0.303823441267
2023-05-13,202308010707,2019109140,11,ヒノクニ,0,2023,0.101283252239,0.093512028456,0.087488040328
2023-05-13,202308010707,2017105070,12,チャーミングアクト,0,2023,0.158503711224,0.133419647813,0.133935496211
2023-05-13,202308010707,2019100168,13,ベジェサ,0,2023,0.118258699775,0.108445115387,0.082569763064
2023-05-13,202308010707,2019109094,14,ブッシュガーデン,1,2023,0.427816599607,0.391457825899,0.395188361406
2023-05-13,202308010707,2019103136,15,シゲルファンノユメ,0,2023,0.136141657829,0.119534783065,0.109264180064
2023-05-13,202308010707,2019103208,16,オステリア,0,2023,0.093401581049,0.091795749962,0.084062583745
2023-05-14,202304010612,2019103577,1,ツキニホエル,0,2023,0.073905929923,0.071242928505,0.083436049521
2023-05-14,202304010612,2019102147,2,フォレクラフト,0,2023,0.458099633455,0.430910974741,0.390196591616
2023-05-14,202304010612,2019102303,3,アイムファイン,0,2023,0.082349814475,0.079125784338,0.098946243525
2023-05-14,202304010612,2018105201,4,デイトンウェイ,0,2023,0.390505969524,0.397521317005,0.363087415695
2023-05-14,202304010612,2019101031,5,サミュエル,0,2023,0.168980941176,0.185084596276,0.233415335417
2023-05-14,202304010612,2019100709,6,マイネルヘリテージ,0,2023,0.033977050334,0.034301631153,0.035212676972
2023-05-14,202304010612,2018101825,7,ショウユアセルフ,0,2023,0.097794525325,0.092752166092,0.075128793716
2023-05-14,202304010612,2018103103,8,ブラックハート,0,2023,0.173673808575,0.179958790541,0.162402898073
2023-05-14,202304010612,2019104002,9,タイキバンディエラ,0,2023,0.255550622940,0.250848472118,0.272141993046
2023-05-14,202304010612,2019103200,10,ネイキッドハート,0,2023,0.071293756366,0.064882621169,0.076092772186
2023-05-14,202304010612,2019104549,11,テンメジャーガール,1,2023,0.300483316183,0.335703849792,0.321850866079
2023-05-14,202304010612,2019101562,12,デフィデリ,1,2023,0.147343188524,0.133661717176,0.138318061829
2023-05-14,202304010612,2018100406,13,ヴィントミューレ,1,2023,0.292189627886,0.280575513840,0.290308177471
2023-05-14,202304010612,2018100480,14,デルマヤクシ,0,2023,0.297815442085,0.277622729540,0.290849030018
2023-05-14,202304010612,2018104561,15,エンブレムコード,0,2023,0.136620670557,0.137860536575,0.128445208073
2023-05-14,202308010808,2019103814,1,スカイトレイル,1,2023,0.260302484035,0.292040616274,0.306137144566
2023-05-14,202308010808,2019101708,2,フローレンスハニー,1,2023,0.436138957739,0.406024992466,0.434156924486
2023-05-14,202308010808,2019103673,3,バーニングアイズ,0,2023,0.120012156665,0.096104271710,0.068684123456
2023-05-14,202308010808,2018103200,4,バーニングパワー,0,2023,0.322784692049,0.348360508680,0.365112274885
2023-05-14,202308010808,2019103584,5,オラヴェリタス,0,2023,0.129802122712,0.123403899372,0.133539006114
2023-05-14,202308010808,2019105241,6,ビップシュプリーム,1,2023,0.382801502943,0.381575226784,0.449396371841
2023-05-14,202308010808,2019101743,7,タムロキュラムン,0,2023,0.130076333880,0.098073437810,0.112230278552
2023-05-14,202308010808,2019100666,8,イラーレ,0,2023,0.421271473169,0.432829499245,0.454884648323
2023-05-14,202308010808,2019102320,9,サイモンカーチス,0,2023,0.165447667241,0.147267341614,0.128357648849
2023-05-14,202308010808,2019102137,10,シロン,0,2023,0.077543869615,0.064768582582,0.054216407239
2023-05-14,202308010808,2018105198,11,エリカシャンス,0,2023,0.104376189411,0.107680544257,0.105388484895
2023-05-14,202308010808,2018106200,12,メイショウヒゾッコ,0,2023,0.122397333384,0.124588459730,0.105106301606
2023-05-14,202308010808,2018102053,13,ドリームアゲイン,0,2023,0.144981667399,0.126362651587,0.130670204759
2023-05-20,202304010711,2019103137,1,ロサロッサーナ,0,2023,0.250022649765,0.223461672664,0.172703251243
2023-05-20,202304010711,2018109052,2,エコロデイジー,0,2023,0.218409538269,0.250059753656,0.245519101620
2023-05-20,202304010711,2018104621,3,サトノルーチェ,0,2023,0.308370769024,0.301565468311,0.329893082380
2023-05-20,202304010711,2017100660,4,ポピュラーソング,0,2023,0.059463120997,0.061155136675,0.054663676769
2023-05-20,202304010711,2019105238,5,フリートオブフット,0,2023,0.337202191353,0.361910641193,0.461355537176
2023-05-20,202304010711,2018100433,6,ブロンズレッド,0,2023,0.066625654697,0.074536971748,0.088634341955
2023-05-20,202304010711,2018105873,7,ミキノバスドラム,0,2023,0.046456381679,0.035079158843,0.022600473836
2023-05-20,202304010711,2017101571,8,サイヤダンサー,0,2023,0.274853467941,0.313953340054,0.259402930737
2023-05-20,202304010711,2018105163,9,ドナウエレン,0,2023,0.230339810252,0.221129015088,0.237517848611
2023-05-20,202304010711,2017103020,10,ダンツイノーバ,1,2023,0.238506019115,0.261124968529,0.234831988811
2023-05-20,202304010711,2017104895,11,ダノンカオス,0,2023,0.180783465505,0.204173356295,0.202461659908
2023-05-20,202304010711,2018100636,12,ステラダイヤ,0,2023,0.119885995984,0.126708835363,0.094140164554
2023-05-20,202304010711,2019100751,13,マイネルレノン,1,2023,0.463626474142,0.452775299549,0.460369884968
2023-05-20,202304010711,2019109146,14,イールテソーロ,0,2023,0.143044486642,0.150690913200,0.151123523712
2023-05-20,202304010711,2016101650,15,モメチョッタ,0,2023,0.055159173906,0.057288967073,0.046142913401
2023-05-20,202304010711,2019101270,16,ヨール,1,2023,0.353039801121,0.350357472897,0.313499122858
2023-05-20,202308010904,2020102297,2,マロンアルジャン,0,2023,0.057726893574,0.045419774950,0.042525298893
2023-05-20,202308010904,2020106401,4,ナリタシン,1,2023,0.258803904057,0.240584746003,0.189088791609
2023-05-20,202308010904,2020106895,5,ロッソジュリア,0,2023,0.495904654264,0.491150230169,0.503614306450
2023-05-20,202308010904,2020106821,7,ピースフルナイト,1,2023,0.463671177626,0.479968667030,0.477743923664
2023-05-20,202308010904,2020100239,8,ティーティースター,0,2023,0.064107842743,0.059606347233,0.085593424737
2023-05-20,202308010904,2020101138,9,グレーターホープ,0,2023,0.241224914789,0.248866394162,0.254445910454
2023-05-20,202308010904,2020104758,10,ゴコウサス,1,2023,0.302126318216,0.332415193319,0.413121789694
2023-05-20,202308010904,2020101759,11,トーホウビエント,0,2023,0.072971887887,0.082097195089,0.091006889939
2023-05-20,202308010904,2020104151,12,ヒルデブランド,0,2023,0.150545582175,0.130009412766,0.084575816989
2023-05-20,202308010904,2020102041,13,ラインガウディ,0,2023,0.065446309745,0.064930588007,0.105685159564
2023-05-20,202308010904,2020101798,14,オータムクイーン,0,2023,0.253213763237,0.265295386314,0.352265805006
2023-05-20,202308010904,2020103588,15,マテンロウナイト,0,2023,0.070679694414,0.076275289059,0.087275549769
2023-05-20,202308010904,2020104242,17,スマイルモネ,0,2023,0.075479611754,0.065204963088,0.043746847659
2023-05-20,202308010904,2020106866,18,サトノアダマス,0,2023,0.205268785357,0.181944862008,0.154899075627
2023-05-21,202304010802,2020106055,3,アナザームーン,0,2023,0.287905812263,0.256046772003,0.261839926243
2023-05-21,202304010802,2020106701,4,ウィズアウト,0,2023,0.130965873599,0.139750435948,0.111491285264
2023-05-21,202304010802,2020105967,7,ティリア,0,2023,0.052985742688,0.065697893500,0.054456129670
2023-05-21,202304010802,2020102080,8,ベッラフロー,0,2023,0.373841136694,0.360799849033,0.383739829063
2023-05-21,202304010802,2020106644,9,モノセーラス,1,2023,0.299177318811,0.305476903915,0.357494592667
2023-05-21,202304010802,2020101304,12,ラブスレンダー,0,2023,0.453760862350,0.452322363853,0.441996812820
2023-05-21,202304010802,2020100084,14,レッドカメリア,0,2023,0.042146824300,0.050158437341,0.054831057787
2023-05-21,202304010802,2020104545,15,スマートメイプル,1,2023,0.384030133486,0.373641192913,0.391526460648
2023-05-21,202304010802,2020101027,16,アスクエブリーワン,0,2023,0.059701513499,0.055738892406,0.055689286441
2023-05-21,202308011006,2020101262,1,エコロレジーナ,0,2023,0.248339787126,0.217807009816,0.266651839018
2023-05-21,202308011006,2020104942,2,シルフィードレーヴ,1,2023,0.235553041101,0.221795141697,0.197670787573
2023-05-21,202308011006,2020102599,3,リトルミム,0,2023,0.240550994873,0.194659113884,0.157614961267
2023-05-21,202308011006,2020100795,4,ベルタソ,0,2023,0.188395649195,0.222923889756,0.184784501791
2023-05-21,202308011006,2020100702,5,ジューンアース,0,2023,0.343099802732,0.347697645426,0.379116892815
2023-05-21,202308011006,2020105897,7,ソアラ,0,2023,0.107785582542,0.106107249856,0.103744275868
2023-05-21,202308011006,2020101763,9,トーホウフランゴ,1,2023,0.212539985776,0.224182546139,0.202007010579
2023-05-21,202308011006,2020103079,11,デイズオブドリーム,0,2023,0.182869955897,0.256504356861,0.299028307199
2023-05-21,202308011006,2020102537,12,チカポコ,0,2023,0.039619166404,0.032877225429,0.041512724012
2023-05-21,202308011006,2020102294,13,スイープラン,1,2023,0.286791533232,0.310660004616,0.285141408443
2023-05-27,202308011111,2020106851,1,ルガル,1,2023,0.387773215771,0.339316248894,0.338434755802
2023-05-27,202308011111,2020100896,2,ビッグシーザー,1,2023,0.305013865232,0.311638534069,0.398661911488
2023-05-27,202308011111,2020106901,3,メイショウピース,0,2023,0.120085693896,0.121836036444,0.115968547761
2023-05-27,202308011111,2020103284,4,トールキン,0,2023,0.078848510981,0.078106351197,0.070054508746
2023-05-27,202308011111,2020110007,5,ペースセッティング,0,2023,0.254197597504,0.272258371115,0.176184460521
2023-05-27,202308011111,2020110040,6,ヤクシマ,0,2023,0.121412962675,0.114494472742,0.099622525275
2023-05-27,202308011111,2020100484,7,アームズレイン,0,2023,0.174926847219,0.153861984611,0.119827479124
2023-05-27,202308011111,2020102140,8,アンビバレント,0,2023,0.133805096149,0.098875820637,0.085018314421
2023-05-27,202308011111,2020103703,9,コーパスクリスティ,0,2023,0.060391061008,0.058226305991,0.058584887534
2023-05-27,202308011111,2020101503,10,カンチェンジュンガ,0,2023,0.158868357539,0.152184188366,0.159991741180
2023-05-27,202308011111,2020104083,11,テラステラ,0,2023,0.222122028470,0.259509682655,0.241996318102
2023-05-27,202308011111,2020103643,12,エレガントムーン,0,2023,0.097049124539,0.128873199224,0.139210239053
2023-05-27,202308011111,2020104613,13,タツダイヤモンド,0,2023,0.248053774238,0.229763612151,0.205653697252
2023-05-27,202308011111,2020101590,14,トラベログ,0,2023,0.199915945530,0.164507135749,0.124251171947
2023-05-27,202308011111,2020102764,15,モズメイメイ,1,2023,0.279463589191,0.277450114489,0.212748527527
2023-05-27,202308011111,2020101419,17,ブーケファロス,0,2023,0.068909808993,0.072954483330,0.078906945884
2023-05-27,202308011111,2020105400,18,タマモブラックタイ,0,2023,0.309276640415,0.312518745661,0.196276098490
2023-06-03,202309030110,2020100815,1,ミルトクレイモー,1,2023,0.244268521667,0.266250222921,0.263737320900
2023-06-03,202309030110,2020104203,2,スピードオブライト,0,2023,0.566315114498,0.565720677376,0.565473437309
2023-06-03,202309030110,2018105163,3,ドナウエレン,0,2023,0.253400325775,0.240412130952,0.205425545573
2023-06-03,202309030110,2018103902,4,サウンドブライアン,0,2023,0.092583052814,0.104018472135,0.109398558736
2023-06-03,202309030110,2018102091,5,ウルトラソニック,0,2023,0.110997848213,0.108413927257,0.099574461579
2023-06-03,202309030110,2020101543,6,グランテスト,0,2023,0.313853949308,0.337399721146,0.442742526531
2023-06-03,202309030110,2019101005,7,タイセイブリリオ,1,2023,0.165588632226,0.168552890420,0.133871346712
2023-06-03,202309030110,2018104663,8,タウゼントシェーン,0,2023,0.185404717922,0.165425404906,0.159923508763
2023-06-03,202309030110,2019109094,9,ブッシュガーデン,1,2023,0.267361760139,0.278216511011,0.267584443092
2023-06-03,202309030110,2017103020,10,ダンツイノーバ,0,2023,0.185458183289,0.178942590952,0.145364597440
2023-06-03,202309030110,2018103181,11,シゲルセンム,0,2023,0.180316820741,0.188294738531,0.177697971463
2023-06-03,202309030110,2020102630,12,アルーリングビュー,0,2023,0.316411525011,0.283214449883,0.291842460632
2023-06-03,202309030110,2019102456,13,ナバロン,0,2023,0.232682555914,0.193827450275,0.172331675887
2023-06-03,202309030110,2020104942,14,シルフィードレーヴ,0,2023,0.155820727348,0.167133837938,0.177651986480
2023-06-03,202309030110,2020105250,15,ビルカール,0,2023,0.059513196349,0.060664027929,0.080735325813
2023-06-04,202309030212,2020102599,1,リトルミム,0,2023,0.313415318727,0.299299091101,0.242773383856
2023-06-04,202309030212,2020106722,2,クインズエルサ,0,2023,0.590714752674,0.620074152946,0.606920063496
2023-06-04,202309030212,2018103200,3,バーニングパワー,0,2023,0.138392224908,0.127561643720,0.139823928475
2023-06-04,202309030212,2019104738,4,サウンドクレア,1,2023,0.040896277875,0.032258737832,0.033621598035
2023-06-04,202309030212,2019100666,5,イラーレ,1,2023,0.615841090679,0.545731842518,0.540880084038
2023-06-04,202309030212,2018102053,6,ドリームアゲイン,0,2023,0.080018460751,0.061995416880,0.056875195354
2023-06-04,202309030212,2019106598,7,プロティオスミノル,1,2023,0.168058812618,0.166674911976,0.152546167374
2023-06-04,202309030212,2020106821,8,ピースフルナイト,0,2023,0.548787355423,0.598290145397,0.578887403011
2023-06-04,202309030212,2017100654,9,プリンスオブジオン,0,2023,0.047300934792,0.050492208451,0.093785949051
2023-06-04,202309030212,2019101203,10,カレンラファータ,0,2023,0.083097212017,0.087405726314,0.083646990359
2023-06-04,202309030212,2017101991,11,テンジュイン,0,2023,0.195785492659,0.179781675339,0.198131620884
2023-06-04,202309030212,2019100943,12,サードフォース,0,2023,0.035251945257,0.028024211526,0.038999322802
2023-06-04,202309030212,2020101372,13,クリノエンジェル,0,2023,0.204285755754,0.164570465684,0.195152595639
2023-06-04,202309030212,2018106200,14,メイショウヒゾッコ,0,2023,0.090616688132,0.100232213736,0.096300244331
2023-06-10,202302010101,2020102879,1,スプレンディダ,1,2023,0.425992906094,0.417724549770,0.393768578768
2023-06-10,202302010101,2020105791,2,アフターグロウ,1,2023,0.618205845356,0.591164708138,0.481754720211
2023-06-10,202302010101,2020103949,3,シャコンヌ,0,2023,0.135309040546,0.114589549601,0.108814090490
2023-06-10,202302010101,2020106121,5,カッテミル,0,2023,0.218530684710,0.198272690177,0.220633670688
2023-06-10,202302010101,2020104758,6,ゴコウサス,0,2023,0.450231879950,0.443184286356,0.538488805294
2023-06-10,202302010101,2020105711,7,ホワイトキャンバス,0,2023,0.061302568763,0.059407688677,0.063825227320
2023-06-10,202302010101,2020106679,9,プリティジェニー,0,2023,0.028727779165,0.026708278805,0.047923270613
2023-06-10,202302010101,2020104087,11,グランツベリー,0,2023,0.152010753751,0.147945016623,0.152199074626
2023-06-10,202302010101,2020101122,12,シエロエスティーボ,1,2023,0.362777113914,0.353545844555,0.317302018404
2023-06-10,202302010101,2020102360,13,クリノグローリー,0,2023,0.150337383151,0.127266660333,0.179709240794
2023-06-10,202302010101,2020102877,14,エルフォルク,0,2023,0.072953656316,0.080502822995,0.075406849384
2023-06-10,202302010111,2019103120,1,リトス,0,2023,0.312155306339,0.345990866423,0.300343662500
2023-06-10,202302010111,2017104895,2,ダノンカオス,0,2023,0.240719988942,0.256443172693,0.244351834059
2023-06-10,202302010111,2018101964,3,アルムファーツリー,0,2023,0.076495490968,0.090482555330,0.092711381614
2023-06-10,202302010111,2019103442,4,クラリティスケール,1,2023,0.231983065605,0.215692728758,0.276399105787
2023-06-10,202302010111,2020104674,5,バレリーナ,0,2023,0.337113231421,0.305496811867,0.312191337347
2023-06-10,202302010111,2019102273,6,モリノドリーム,1,2023,0.316722840071,0.308186590672,0.315726459026
2023-06-10,202302010111,2018102021,7,ヤマニンルリュール,0,2023,0.159889981151,0.151905655861,0.135224103928
2023-06-10,202302010111,2020106406,8,クリダーム,0,2023,0.287039875984,0.218162223697,0.232040673494
2023-06-10,202302010111,2019100898,9,タッカーシルバー,0,2023,0.247407808900,0.255072146654,0.237585663795
2023-06-10,202302010111,2020107176,10,ワックスフラワー,1,2023,0.333917409182,0.350683242083,0.418967992067
2023-06-10,202302010111,2019101262,11,ショウナンアメリア,0,2023,0.330068677664,0.333244651556,0.325785577297
2023-06-10,202302010111,2019104386,12,トーセンサンダー,0,2023,0.175518795848,0.159359648824,0.161302968860
2023-06-10,202302010111,2018102491,13,メイショウエニシア,0,2023,0.119931526482,0.115910090506,0.112223215401
2023-06-10,202309030303,2020100906,1,フライングブレード,1,2023,0.305191129446,0.314241528511,0.305833578110
2023-06-10,202309030303,2020106644,3,モノセーラス,0,2023,0.523288071156,0.555204212666,0.570938825607
2023-06-10,202309030303,2020105484,4,ニシノコウダイ,1,2023,0.327301561832,0.338127672672,0.246608272195
2023-06-10,202309030303,2020103418,6,インクルードダイヤ,0,2023,0.239176556468,0.274297058582,0.229360774159
2023-06-10,202309030303,2020106401,7,ナリタシン,0,2023,0.452158242464,0.469849795103,0.457508474588
2023-06-10,202309030303,2020100167,11,ケサランパサラン,0,2023,0.160859137774,0.156818583608,0.155358150601
2023-06-10,202309030303,2020105497,13,シュガープラム,0,2023,0.031695477664,0.037723280489,0.034626320004
2023-06-10,202309030303,2020109066,15,ノリノリ,0,2023,0.065691761672,0.064736671746,0.083367697895
2023-06-10,202309030303,2020103681,16,リッスンアップ,0,2023,0.319677442312,0.352783173323,0.310729861259
2023-06-10,202309030311,2017100197,1,ホッコーアカツキ,0,2023,0.067618601024,0.064128719270,0.054678760469
2023-06-10,202309030311,2018104949,2,フォイアーロート,0,2023,0.055072743446,0.063196651638,0.064654484391
2023-06-10,202309030311,2019103605,3,ペプチドヤマト,1,2023,0.205687224865,0.182503849268,0.235348269343
2023-06-10,202309030311,2017103105,4,グッドマックス,0,2023,0.075708411634,0.067126885056,0.071794115007
2023-06-10,202309030311,2016104227,5,ジョニーズララバイ,0,2023,0.062336344272,0.072055205703,0.069463722408
2023-06-10,202309030311,2015103357,6,メイショウドウドウ,0,2023,0.220159992576,0.233077958226,0.221325218678
2023-06-10,202309030311,2017106137,7,グレイトゲイナー,0,2023,0.149725809693,0.143673151731,0.141631796956
2023-06-10,202309030311,2019105237,8,スリーパーダ,1,2023,0.165581062436,0.179707646370,0.181943476200
2023-06-10,202309030311,2017106087,9,メイショウゲンセン,1,2023,0.225004121661,0.246662124991,0.265158265829
2023-06-10,202309030311,2019100751,10,マイネルレノン,0,2023,0.456452727318,0.468900948763,0.461445152760
2023-06-10,202309030311,2017106264,11,ビアイ,0,2023,0.025863207877,0.018646186218,0.021807363257
2023-06-10,202309030311,2017106240,12,アビエルト,0,2023,0.145499110222,0.128082185984,0.100315213203
2023-06-10,202309030311,2019105658,13,オタルエバー,0,2023,0.416760921478,0.407273977995,0.379365950823
2023-06-10,202309030311,2018100025,14,シゲルカチョウ,0,2023,0.277109950781,0.288838475943,0.262881159782
2023-06-10,202309030311,2016105734,15,サンキューユウガ,0,2023,0.283570438623,0.302799314260,0.293035954237
2023-06-10,202309030311,2017102603,16,テイエムイダテン,0,2023,0.055949404836,0.042874839157,0.029157496989
2023-06-11,202302010201,2020106966,2,ピンクジン,1,2023,0.274626970291,0.273388296366,0.284982144833
2023-06-11,202302010201,2020100441,3,ハナサキポプラ,0,2023,0.092133395374,0.086173988879,0.086477681994
2023-06-11,202302010201,2020104983,4,マルプリ,1,2023,0.643631815910,0.617288887501,0.618581473827
2023-06-11,202302010201,2020104241,5,アパラギ,0,2023,0.190186604857,0.167530164123,0.158245816827
2023-06-11,202302010201,2020104885,8,グラスミラー,1,2023,0.097418047488,0.085751697421,0.075429461896
2023-06-11,202302010201,2020103873,9,メルクーア,0,2023,0.064603373408,0.077832795680,0.048386335373
2023-06-11,202302010201,2020101554,10,シーギリア,0,2023,0.179902806878,0.175877660513,0.218474999070
2023-06-11,202302010201,2020100351,11,モルフェブーケ,0,2023,0.143289595842,0.123206496239,0.070173643529
2023-06-11,202302010201,2020103345,13,ノヴィアル,0,2023,0.100081413984,0.101586699486,0.112975001335
2023-06-11,202302010201,2020103898,15,イグニション,0,2023,0.248896539211,0.220916226506,0.238025367260
2023-06-11,202302010201,2020102772,16,ヴェラグエリエロ,0,2023,0.111532345414,0.114356547594,0.178226724267
2023-06-11,202302010208,2019100772,2,ポルタフォルトゥナ,0,2023,0.299449235201,0.223084852099,0.251168042421
2023-06-11,202302010208,2019104693,3,ポメランチェ,0,2023,0.140565574169,0.109139040112,0.112424738705
2023-06-11,202302010208,2020100151,4,スクルプトーリス,0,2023,0.232439875603,0.171267002821,0.169990748167
2023-06-11,202302010208,2019110051,5,シュガーフロート,0,2023,0.535756826401,0.564402878284,0.625205576420
2023-06-11,202302010208,2019105738,6,ピンクセイラー,0,2023,0.176415026188,0.155242219567,0.174871176481
2023-06-11,202302010208,2017103309,7,ホウオウエンジェル,0,2023,0.302790939808,0.286022335291,0.295494526625
2023-06-11,202302010208,2020110114,8,スリーアイランド,1,2023,0.383355975151,0.404583483934,0.446577072144
2023-06-11,202302010208,2020103735,9,ランフリーバンクス,1,2023,0.245399355888,0.168882712722,0.246957913041
2023-06-11,202302010208,2019105241,11,ビップシュプリーム,1,2023,0.480167686939,0.457379341125,0.502505064011
2023-06-11,202302010211,2019106526,1,トウシンマカオ,1,2023,0.245549514890,0.280472248793,0.287630498409
2023-06-11,202302010211,2018104029,2,レイハリア,0,2023,0.114122532308,0.085286244750,0.079965524375
2023-06-11,202302010211,2018106504,3,サトノアイ,0,2023,0.123514458537,0.115901045501,0.113457694650
2023-06-11,202302010211,2015105850,4,カイザーメランジェ,0,2023,0.124883584678,0.121129393578,0.095732547343
2023-06-11,202302010211,2017110123,5,ヴィズサクセス,0,2023,0.229782894254,0.225903585553,0.230235055089
2023-06-11,202302010211,2019102788,6,ウォーターナビレラ,0,2023,0.189857512712,0.153183370829,0.124758578837
2023-06-11,202302010211,2017105661,7,ジュビリーヘッド,1,2023,0.364360541105,0.356910645962,0.328406482935
2023-06-11,202302010211,2020101678,8,リバーラ,0,2023,0.278235495090,0.209510594606,0.208904236555
2023-06-11,202302010211,2017100583,9,ディヴィナシオン,0,2023,0.074545629323,0.076288059354,0.079730167985
2023-06-11,202302010211,2018103105,10,テイエムトッキュウ,0,2023,0.235966309905,0.254420071840,0.288528263569
2023-06-11,202302010211,2019110107,11,ジャスパークローネ,0,2023,0.267400085926,0.229105904698,0.347187757492
2023-06-11,202302010211,2020102564,12,ムーンプローブ,0,2023,0.186545595527,0.138913646340,0.134500369430
2023-06-11,202302010211,2020103589,13,ブトンドール,0,2023,0.282196760178,0.237657412887,0.233648359776
2023-06-11,202302010211,2018104331,14,ヴァトレニ,0,2023,0.266891628504,0.242532089353,0.247439891100
2023-06-11,202302010211,2019104470,15,キミワクイーン,1,2023,0.317853420973,0.311082422733,0.278388410807
2023-06-11,202302010211,2019104841,16,カルネアサーダ,0,2023,0.215659573674,0.218609735370,0.230122104287
2023-06-17,202302010301,2020101839,1,サティンボディス,0,2023,0.312011986971,0.334641426802,0.283170640469
2023-06-17,202302010301,2020102208,2,マテンロウアネモス,1,2023,0.621881306171,0.664022147655,0.606836140156
2023-06-17,202302010301,2020102080,3,ベッラフロー,0,2023,0.480022817850,0.461940467358,0.514908611774
2023-06-17,202302010301,2020103531,4,フローラルハニー,0,2023,0.048914946616,0.043801661581,0.047883089632
2023-06-17,202302010301,2020104088,5,ランドオブラヴ,1,2023,0.109192132950,0.105653777719,0.078337118030
2023-06-17,202302010301,2020106980,6,ドライカプチーノ,0,2023,0.073115423322,0.100329853594,0.081417858601
2023-06-17,202302010301,2020105892,7,ヴァルトラウテ,0,2023,0.110595598817,0.107479020953,0.124900184572
2023-06-17,202302010301,2020106149,9,アスキーアート,0,2023,0.169345855713,0.191379651427,0.243294343352
2023-06-17,202302010301,2020101863,10,コパカバーナビーチ,0,2023,0.352317005396,0.394090980291,0.432583987713
2023-06-17,202302010301,2020100347,11,クリノリアルレディ,1,2023,0.198414430022,0.220306873322,0.185120820999
2023-06-17,202302010301,2020102057,13,ジンフィンドール,0,2023,0.135899528861,0.122490115464,0.118883475661
2023-06-17,202302010301,2020101171,15,ビスケット,0,2023,0.034542441368,0.037247739732,0.039298668504
2023-06-17,202302010309,2019105350,1,シタン,1,2023,0.374015420675,0.346895515919,0.360988646746
2023-06-17,202302010309,2020103735,2,ランフリーバンクス,0,2023,0.555695831776,0.482104033232,0.434961199760
2023-06-17,202302010309,2020110005,3,ソフィアエール,0,2023,0.146282568574,0.139146104455,0.146676093340
2023-06-17,202302010309,2019105241,4,ビップシュプリーム,0,2023,0.551560401917,0.509789764881,0.580463528633
2023-06-17,202302010309,2019105412,5,プリモカリーナ,1,2023,0.410448968410,0.417386382818,0.437123954296
2023-06-17,202302010309,2019101032,6,ユキヤナギ,0,2023,0.021629363298,0.022817797959,0.015606421977
2023-06-17,202302010309,2019110106,7,オカンモシャチョウ,0,2023,0.043556019664,0.028033070266,0.031017921865
2023-06-17,202302010309,2019102768,8,ヌーシャテル,0,2023,0.026733031496,0.029232233763,0.027422260493
2023-06-17,202302010309,2019103584,9,オラヴェリタス,0,2023,0.140569090843,0.135894149542,0.150801822543
2023-06-17,202302010309,2020100909,10,ジューンオレンジ,1,2023,0.559933423996,0.535726785660,0.540443122387
2023-06-17,202302010309,2017106588,11,ハリウッドヒルズ,0,2023,0.534905910492,0.541271150112,0.510969102383
2023-06-17,202302010311,2018101573,1,セイレーン,0,2023,0.070184774697,0.073907688260,0.069573782384
2023-06-17,202302010311,2019101679,2,ヴィアドロローサ,1,2023,0.142880544066,0.138560250401,0.109615713358
2023-06-17,202302010311,2019100168,3,ベジェサ,0,2023,0.111250028014,0.109337300062,0.075443960726
2023-06-17,202302010311,2020107176,4,ワックスフラワー,0,2023,0.531739592552,0.535704791546,0.555115282536
2023-06-17,202302010311,2019103442,5,クラリティスケール,0,2023,0.515250265598,0.500787734985,0.497257292271
2023-06-17,202302010311,2018105004,6,アップリバー,1,2023,0.209777653217,0.172545984387,0.193053275347
2023-06-17,202302010311,2019101262,7,ショウナンアメリア,0,2023,0.309628605843,0.341756463051,0.319951325655
2023-06-17,202302010311,2019109146,8,イールテソーロ,0,2023,0.322742134333,0.327583909035,0.312227547169
2023-06-17,202302010311,2020104954,9,ウメムスビ,0,2023,0.178266048431,0.150727584958,0.181350752711
2023-06-17,202302010311,2018103296,10,サニーオーシャン,0,2023,0.078343898058,0.069820754230,0.080529473722
2023-06-17,202302010311,2017100660,11,ポピュラーソング,0,2023,0.082415856421,0.075609296560,0.082636035979
2023-06-17,202302010311,2017103886,12,ラキ,0,2023,0.060589369386,0.059577506036,0.064443781972
2023-06-17,202302010311,2018104267,13,ユキノフラッシュ,0,2023,0.229603782296,0.182231217623,0.143976852298
2023-06-17,202302010311,2019104386,14,トーセンサンダー,0,2023,0.255540192127,0.223796039820,0.249859049916
2023-06-17,202302010311,2020100686,15,ジョリダム,1,2023,0.264365851879,0.217803373933,0.210647061467
2023-06-18,202302010402,2020100897,1,ルソレイユ,0,2023,0.245957940817,0.281064152718,0.248134687543
2023-06-18,202302010402,2020103283,2,エルディアナ,0,2023,0.299069344997,0.316856473684,0.302974015474
2023-06-18,202302010402,2020101992,3,ライクアフラワー,0,2023,0.227967143059,0.227812170982,0.280797988176
2023-06-18,202302010402,2020103481,4,カズボニファシオ,0,2023,0.223443195224,0.229688242078,0.212945535779
2023-06-18,202302010402,2020110051,5,ザングウィル,1,2023,0.386521339417,0.420240700245,0.393518537283
2023-06-18,202302010402,2020101122,6,シエロエスティーボ,0,2023,0.483575761318,0.474981039762,0.422758907080
2023-06-18,202302010402,2020103844,7,フリントロック,0,2023,0.308523476124,0.312071323395,0.297547250986
2023-06-18,202302010402,2020100124,9,アイアンランラン,0,2023,0.020219879225,0.015656687319,0.018303724006
2023-06-18,202302010402,2020100286,10,ルリイロ,0,2023,0.293082535267,0.294405907393,0.241038426757
2023-06-18,202302010402,2020105561,11,ケイアイクビラ,1,2023,0.571728229523,0.514594435692,0.535444378853
2023-06-18,202302010402,2020104787,12,コンフルエンス,0,2023,0.056534871459,0.059283804148,0.048560149968
2023-06-18,202302010402,2020103870,13,ウィズアットダンス,0,2023,0.084908299148,0.084753729403,0.063211373985
2023-06-18,202302010402,2020101606,14,アイリーンテーラー,0,2023,0.107022807002,0.100284650922,0.113441690803
2023-06-18,202302010402,2020100154,15,ソニックライト,1,2023,0.367411673069,0.389417022467,0.363041937351
2023-06-18,202302010402,2020106712,16,ファルマリン,0,2023,0.131132543087,0.126346662641,0.115726582706
2023-06-18,202302010408,2018105357,1,ラピカズマ,0,2023,0.336843192577,0.344370007515,0.224907383323
2023-06-18,202302010408,2018104559,3,ナリタローゼ,0,2023,0.267670631409,0.274614334106,0.316426813602
2023-06-18,202302010408,2020104973,4,トゥービートライン,0,2023,0.274532377720,0.255061537027,0.230497196317
2023-06-18,202302010408,2018104471,5,グレイトミッション,0,2023,0.071586824954,0.068713039160,0.087623097003
2023-06-18,202302010408,2020102299,6,アシャカタカ,0,2023,0.305713385344,0.306519478559,0.352235347033
2023-06-18,202302010408,2020103356,7,クファシル,0,2023,0.288068562746,0.274003982544,0.212714821100
2023-06-18,202302010408,2020100151,8,スクルプトーリス,0,2023,0.166982099414,0.151056855917,0.137966439128
2023-06-18,202302010408,2019100911,9,エヴリーサンクス,0,2023,0.058409377933,0.053364198655,0.069484949112
2023-06-18,202302010408,2020101378,10,アイヲツグモノ,0,2023,0.258014976978,0.248075395823,0.292252451181
2023-06-18,202302010408,2018106613,11,プルスウルトラ,1,2023,0.341284841299,0.334688812494,0.299552261829
2023-06-18,202302010408,2019106179,12,ハートホイップ,0,2023,0.155572801828,0.159489572048,0.148514986038
2023-06-18,202302010408,2018100772,13,ハイライフ,1,2023,0.046722367406,0.048323545605,0.047037944198
2023-06-18,202302010408,2019106103,14,モウショウ,0,2023,0.099217258394,0.090600579977,0.064466491342
2023-06-18,202302010408,2018103063,15,フィルムスコア,1,2023,0.041195228696,0.034638326615,0.041196808219
2023-06-18,202302010408,2019106596,16,バトルシャイニング,0,2023,0.356132954359,0.347893595695,0.344467401505
2023-06-18,202302010411,2018103498,1,アイルビーザワン,0,2023,0.116075739264,0.119141012430,0.123447395861
2023-06-18,202302010411,2018110035,2,シュバルツカイザー,1,2023,0.212372794747,0.203505411744,0.173552185297
2023-06-18,202302010411,2019103010,3,オードゥメール,0,2023,0.290323138237,0.289710849524,0.325549066067
2023-06-18,202302010411,2018103926,4,ショウナンラスボス,0,2023,0.181134641171,0.197018593550,0.183624833822
2023-06-18,202302010411,2018110037,5,ブルースピリット,1,2023,0.266063570976,0.285230666399,0.279743850231
2023-06-18,202302010411,2019100659,6,レベレンシア,0,2023,0.351045578718,0.368187248707,0.310912758112
2023-06-18,202302010411,2019102522,7,ドグマ,0,2023,0.213758155704,0.253175050020,0.250793397427
2023-06-18,202302010411,2018100756,8,シュアーヴアリア,0,2023,0.115610025823,0.108577102423,0.112924374640
2023-06-18,202302010411,2018103086,9,ヴァーチャリティ,0,2023,0.056818425655,0.048733472824,0.043429076672
2023-06-18,202302010411,2018106077,10,イルクオーレ,0,2023,0.308012008667,0.317952841520,0.352959215641
2023-06-18,202302010411,2019106184,11,カフジテトラゴン,1,2023,0.156567081809,0.166303873062,0.175875544548
2023-06-18,202302010411,2019105806,12,ドロップオブライト,0,2023,0.290968298912,0.276625692844,0.261167556047
2023-06-18,202302010411,2019104518,13,アイヴォリードレス,0,2023,0.134773060679,0.159150049090,0.162844493985
2023-06-18,202302010411,2017104873,14,エグレムニ,0,2023,0.066141098738,0.072817139328,0.068368159235
2023-06-18,202302010411,2018105112,15,フォドラ,0,2023,0.043389763683,0.040783412755,0.060022320598
2023-06-18,202302010411,2018106837,16,テーオーメアリー,0,2023,0.132497429848,0.168017372489,0.146983623505
2023-06-18,202302010412,2020100997,1,マルモリディライト,0,2023,0.233710169792,0.150571778417,0.160297989845
2023-06-18,202302010412,2018106717,2,プロトサマニ,0,2023,0.172140508890,0.164403572679,0.100003607571
2023-06-18,202302010412,2019106713,3,クインズグレイト,0,2023,0.110868692398,0.103240728378,0.068501517177
2023-06-18,202302010412,2017103309,4,ホウオウエンジェル,0,2023,0.237826719880,0.235082924366,0.190417289734
2023-06-18,202302010412,2020103191,5,ブライトサイン,0,2023,0.083830311894,0.074527405202,0.085158184171
2023-06-18,202302010412,2020100105,6,エイシンフェンサー,1,2023,0.278401613235,0.280005902052,0.288968801498
2023-06-18,202302010412,2020100121,7,イイヒニナル,0,2023,0.240540906787,0.246026724577,0.202234774828
2023-06-18,202302010412,2020103267,8,アトモストリミッツ,0,2023,0.163580849767,0.151618570089,0.168585404754
2023-06-18,202302010412,2018104938,9,ヴェールクレール,0,2023,0.357664108276,0.375395119190,0.453902959824
2023-06-18,202302010412,2020101848,10,バロットボックス,0,2023,0.088915541768,0.085716739297,0.115300655365
2023-06-18,202302010412,2019105765,11,ハウファアイルゴー,0,2023,0.104565896094,0.109420560300,0.104195438325
2023-06-18,202302010412,2020105145,12,カワキタマックス,0,2023,0.230613887310,0.212708383799,0.201739355922
2023-06-18,202302010412,2018102669,13,スズノナデシコ,1,2023,0.281455099583,0.290717095137,0.356744110584
2023-06-18,202302010412,2019100772,14,ポルタフォルトゥナ,1,2023,0.152100369334,0.144872948527,0.150348484516
2023-06-18,202302010412,2019105258,15,オルコス,0,2023,0.088757157326,0.086692534387,0.107874646783
2023-06-24,202302010503,2020106930,2,シャーンゴッセ,0,2023,0.301668047905,0.340216577053,0.315792411566
2023-06-24,202302010503,2020101770,3,トリプルウイナー,0,2023,0.261756747961,0.289755582809,0.313884407282
2023-06-24,202302010503,2020104516,4,サクラトップクリス,0,2023,0.179505258799,0.156592503190,0.153507515788
2023-06-24,202302010503,2020102438,5,マジカルフラワー,0,2023,0.059533938766,0.058879494667,0.052865292877
2023-06-24,202302010503,2020102718,6,オルフェスト,1,2023,0.380537152290,0.385528802872,0.348967194557
2023-06-24,202302010503,2020101791,7,ヴァイキングムーン,0,2023,0.108717024326,0.109336458147,0.123216889799
2023-06-24,202302010503,2020104241,9,アパラギ,0,2023,0.140716254711,0.126118272543,0.122260361910
2023-06-24,202302010503,2020106966,11,ピンクジン,0,2023,0.278848707676,0.295609027147,0.301029860973
2023-06-24,202302010503,2020103873,12,メルクーア,0,2023,0.060769021511,0.057168845087,0.044129323214
2023-06-24,202302010503,2020101229,13,レディメローラ,1,2023,0.262907058001,0.274397939444,0.225680753589
2023-06-24,202302010503,2020100580,14,ソルエストレーラ,0,2023,0.206020265818,0.153845995665,0.165069967508
2023-06-24,202302010503,2020104758,15,ゴコウサス,0,2023,0.380477458239,0.358961790800,0.405899226665
2023-06-24,202302010503,2020100759,16,アルマロクザン,1,2023,0.523467242718,0.477957874537,0.462029814720
2023-06-24,202302010507,2018104938,1,ヴェールクレール,1,2023,0.632616758347,0.640752077103,0.605509936810
2023-06-24,202302010507,2018102669,2,スズノナデシコ,1,2023,0.624286353588,0.623314917088,0.606469511986
2023-06-24,202302010507,2020104163,3,エメラダ,0,2023,0.033180192113,0.025124920532,0.027987712994
2023-06-24,202302010507,2020100286,4,ルリイロ,0,2023,0.320067197084,0.278190523386,0.254988700151
2023-06-24,202302010507,2020105892,5,ヴァルトラウテ,0,2023,0.167284965515,0.141666784883,0.128932401538
2023-06-24,202302010507,2019105738,6,ピンクセイラー,0,2023,0.254448533058,0.241030395031,0.218195319176
2023-06-24,202302010507,2019106103,7,モウショウ,1,2023,0.179246872663,0.193666830659,0.146121144295
2023-06-24,202302010507,2020104086,8,ウェンダヴズクライ,0,2023,0.039360132068,0.030101012439,0.049370881170
2023-06-24,202302010507,2020102879,9,スプレンディダ,0,2023,0.621537864208,0.636716842651,0.589058101177
2023-06-24,202302010507,2019106596,10,バトルシャイニング,0,2023,0.387429505587,0.381219476461,0.351169049740
2023-06-24,202302010507,2019105258,11,オルコス,0,2023,0.168062314391,0.154979154468,0.162926435471
2023-06-24,202302010511,2018106504,1,サトノアイ,0,2023,0.189024507999,0.166691437364,0.161393046379
2023-06-24,202302010511,2018105366,2,レッドベルオーブ,0,2023,0.194536015391,0.190376073122,0.142327010632
2023-06-24,202302010511,2020102672,3,メイクアスナッチ,0,2023,0.518368303776,0.523167967796,0.497408777475
2023-06-24,202302010511,2016104983,4,トップオブメジャー,0,2023,0.032147169113,0.029576430097,0.040807493031
2023-06-24,202302010511,2018110045,5,ショックアクション,0,2023,0.081724107265,0.078963764012,0.090639874339
2023-06-24,202302010511,2015104347,6,ルッジェーロ,0,2023,0.111404024065,0.125932931900,0.154285863042
2023-06-24,202302010511,2017104552,7,ベイビーボス,0,2023,0.060287408531,0.055798292160,0.071892268956
2023-06-24,202302010511,2018102155,8,マイネルジェロディ,1,2023,0.087173387408,0.084267914295,0.085795074701
2023-06-24,202302010511,2016102534,9,イーサンパンサー,0,2023,0.073993250728,0.061583030969,0.047934237868
2023-06-24,202302010511,2019104841,10,カルネアサーダ,1,2023,0.317498266697,0.308822900057,0.272772103548
2023-06-24,202302010511,2018104041,11,マウンテンムスメ,0,2023,0.233866602182,0.214190647006,0.205757454038
2023-06-24,202302010511,2018102595,12,ロードマックス,0,2023,0.175577357411,0.170048817992,0.169325292110
2023-06-24,202302010511,2015105850,13,カイザーメランジェ,0,2023,0.192248806357,0.170466914773,0.152106672525
2023-06-24,202302010511,2019102238,14,クロジシジョー,0,2023,0.182742372155,0.222436293960,0.232249766588
2023-06-24,202302010511,2018101343,15,ゾンニッヒ,1,2023,0.485963404179,0.533240675926,0.490139603615
2023-06-24,202302010511,2018104945,16,ルークズネスト,0,2023,0.156729847193,0.176961496472,0.135860189795
2023-06-25,202302010601,2020101034,1,アイアンムーン,1,2023,0.748210608959,0.680103957653,0.670586824417
2023-06-25,202302010601,2020106330,2,ラウラーナ,0,2023,0.392806291580,0.423246473074,0.422245770693
2023-06-25,202302010601,2020102360,4,クリノグローリー,0,2023,0.105772130191,0.116434715688,0.108641318977
2023-06-25,202302010601,2020103345,5,ノヴィアル,0,2023,0.102057531476,0.099256001413,0.105699419975
2023-06-25,202302010601,2020106149,6,アスキーアート,0,2023,0.158782258630,0.170255601406,0.186005964875
2023-06-25,202302010601,2020102826,7,カリーナベローチェ,0,2023,0.289882540703,0.308252424002,0.299554079771
2023-06-25,202302010601,2020104415,8,スピニングマーリン,1,2023,0.126612722874,0.131296187639,0.114555276930
2023-06-25,202302010601,2020106622,9,ガンバリーレ,0,2023,0.029871309176,0.030547278002,0.039499901235
2023-06-25,202302010601,2020101870,10,ラブコ,0,2023,0.119377538562,0.119488567114,0.112901605666
2023-06-25,202302010601,2020104885,11,グラスミラー,0,2023,0.238331392407,0.212013512850,0.213569208980
2023-06-25,202302010601,2020102958,12,コンスピキュアス,0,2023,0.189691305161,0.170155435801,0.168286338449
2023-06-25,202302010601,2020100891,13,ヨドノルーキー,1,2023,0.055854275823,0.054650474340,0.066298663616
2023-06-25,202302010601,2020104909,14,レゼルノワール,0,2023,0.106180556118,0.093563310802,0.094373241067
2023-06-25,202302010601,2020103904,15,イスラデルノルテ,0,2023,0.151847109199,0.161564752460,0.145869225264
2023-06-25,202302010601,2020104604,16,ソルトベール,0,2023,0.091570958495,0.102388754487,0.117036253214
2023-06-25,202302010610,2019102436,1,ミズノコキュウ,1,2023,0.272947669029,0.281948685646,0.231811031699
2023-06-25,202302010610,2017103886,2,ラキ,0,2023,0.078657671809,0.061279468238,0.046914469451
2023-06-25,202302010610,2019105317,3,トップキャスト,0,2023,0.055868197232,0.033567409962,0.036163561046
2023-06-25,202302010610,2018104765,4,イズンシーラブリー,0,2023,0.383155822754,0.397505432367,0.500133097172
2023-06-25,202302010610,2019103120,6,リトス,0,2023,0.314816415310,0.322569280863,0.250407725573
2023-06-25,202302010610,2020107176,7,ワックスフラワー,0,2023,0.485217899084,0.529682636261,0.497424811125
2023-06-25,202302010610,2018101964,8,アルムファーツリー,0,2023,0.141652286053,0.128930777311,0.136759176850
2023-06-25,202302010610,2018102491,9,メイショウエニシア,1,2023,0.156766667962,0.173144012690,0.141998708248
2023-06-25,202302010610,2018106152,10,ルルルージュ,0,2023,0.124550767243,0.117699325085,0.133543536067
2023-06-25,202302010610,2020100909,11,ジューンオレンジ,0,2023,0.593444764614,0.618070662022,0.644773602486
2023-06-25,202302010610,2019104549,12,テンメジャーガール,0,2023,0.393415570259,0.434720605612,0.417256563902
2023-06-25,202302010610,2020104674,13,バレリーナ,0,2023,0.245216608047,0.178555011749,0.189101561904
2023-06-25,202302010612,2017106588,1,ハリウッドヒルズ,0,2023,0.500546932220,0.505907058716,0.533101439476
2023-06-25,202302010612,2019102137,2,シロン,1,2023,0.182099848986,0.153004750609,0.105232626200
2023-06-25,202302010612,2017101624,3,クリノヴィンセント,0,2023,0.051725737751,0.049149259925,0.057520363480
2023-06-25,202302010612,2019106179,4,ハートホイップ,0,2023,0.223277896643,0.220339119434,0.177143216133
2023-06-25,202302010612,2020101378,5,アイヲツグモノ,0,2023,0.343510806561,0.378739267588,0.387499451637
2023-06-25,202302010612,2019110051,6,シュガーフロート,0,2023,0.512491643429,0.572341442108,0.597248196602
2023-06-25,202302010612,2020100997,7,マルモリディライト,0,2023,0.295919090509,0.277282208204,0.249847918749
2023-06-25,202302010612,2018104471,8,グレイトミッション,0,2023,0.085309684277,0.072933167219,0.084863983095
2023-06-25,202302010612,2020103844,9,フリントロック,1,2023,0.234670817852,0.280307561159,0.308561384678
2023-06-25,202302010612,2020100151,10,スクルプトーリス,1,2023,0.243532061577,0.246703162789,0.209130465984
2023-06-25,202302010612,2019103584,11,オラヴェリタス,0,2023,0.084136113524,0.088504545391,0.095594085753
2023-06-25,202302010612,2019110106,12,オカンモシャチョウ,0,2023,0.064223140478,0.065379932523,0.072852507234
2023-06-25,202302010612,2020110094,13,ニトロジャーニー,0,2023,0.086467988789,0.083839625120,0.121822446585
2023-07-01,202302020109,2018105357,1,ラピカズマ,0,2023,0.482250243425,0.506034433842,0.376941680908
2023-07-01,202302020109,2019105241,2,ビップシュプリーム,1,2023,0.551476418972,0.532479822636,0.555655658245
2023-07-01,202302020109,2019106194,3,コーリングユー,1,2023,0.512681066990,0.583464801311,0.640877008438
2023-07-01,202302020109,2019110106,4,オカンモシャチョウ,0,2023,0.050437357277,0.047722227871,0.039036002010
2023-07-01,202302020109,2017103309,5,ホウオウエンジェル,0,2023,0.181613549590,0.171259641647,0.154322758317
2023-07-01,202302020109,2020104086,6,ウェンダヴズクライ,0,2023,0.026228334755,0.026925861835,0.014866071753
2023-07-01,202302020109,2020101031,7,アスクエピソード,1,2023,0.392936140299,0.385519027710,0.496875733137
2023-07-01,202302020109,2018103063,8,フィルムスコア,0,2023,0.160053879023,0.132228657603,0.113646276295
2023-07-01,202302020109,2020103191,9,ブライトサイン,0,2023,0.076842971146,0.060009144247,0.058200385422
2023-07-01,202302020109,2020103962,10,ステークホルダー,0,2023,0.377261638641,0.391331583261,0.443407565355
2023-07-01,202302020109,2019102320,11,サイモンカーチス,0,2023,0.032044101506,0.022430896759,0.035049863160
2023-07-01,202302020109,2019101860,12,スピリットワールド,0,2023,0.416286975145,0.472071141005,0.416310578585
2023-07-01,202302020111,2019103010,1,オードゥメール,0,2023,0.300834268332,0.315619856119,0.343710392714
2023-07-01,202302020111,2019106184,2,カフジテトラゴン,1,2023,0.305685847998,0.334214001894,0.264339357615
2023-07-01,202302020111,2014100555,3,ヤマニンペダラーダ,0,2023,0.030469346792,0.032848276198,0.021517472342
2023-07-01,202302020111,2016100507,4,ヒロノトウリョウ,0,2023,0.033223222941,0.034040145576,0.052114300430
2023-07-01,202302020111,2018100377,5,タイセイグラシア,0,2023,0.037771437317,0.030819892883,0.044253878295
2023-07-01,202302020111,2018105004,6,アップリバー,0,2023,0.192187577486,0.197471097112,0.180082902312
2023-07-01,202302020111,2018103932,7,フミロア,0,2023,0.157187208533,0.172077491879,0.161049038172
2023-07-01,202302020111,2019101763,8,グランアリエル,0,2023,0.088834807277,0.079966247082,0.087089456618
2023-07-01,202302020111,2019102273,9,モリノドリーム,1,2023,0.399866312742,0.355039715767,0.412796646357
2023-07-01,202302020111,2018104949,10,フォイアーロート,0,2023,0.063464552164,0.060174290091,0.069709219038
2023-07-01,202302020111,2017104873,11,エグレムニ,0,2023,0.109210014343,0.120676033199,0.114323541522
2023-07-01,202302020111,2018110037,12,ブルースピリット,0,2023,0.335784524679,0.348729878664,0.350415915251
2023-07-01,202302020111,2018105306,13,インフィナイト,0,2023,0.155808597803,0.137779444456,0.157886371017
2023-07-01,202302020111,2019105806,14,ドロップオブライト,1,2023,0.293004363775,0.299689292908,0.315899312496
2023-07-01,202302020111,2019102522,15,ドグマ,0,2023,0.106480337679,0.129357576370,0.144703552127
2023-07-01,202302020111,2018106077,16,イルクオーレ,0,2023,0.279007643461,0.307336658239,0.275762528181
2023-07-01,202307030110,2019103233,1,ニシノデフィレ,0,2023,0.401159346104,0.343470156193,0.235845044255
2023-07-01,202307030110,2018104322,2,プレジールミノル,1,2023,0.092102915049,0.079695694149,0.076599843800
2023-07-01,202307030110,2019105176,3,グレナデンシロップ,0,2023,0.201286137104,0.220968082547,0.159499302506
2023-07-01,202307030110,2018109052,4,エコロデイジー,0,2023,0.121486164629,0.124713599682,0.134533539414
2023-07-01,202307030110,2019100604,5,ヤマニンアンフィル,1,2023,0.528487801552,0.568125486374,0.627485036850
2023-07-01,202307030110,2017101767,6,ベンガン,0,2023,0.404734730721,0.372769087553,0.381501168013
2023-07-01,202307030110,2019103562,7,ダテボレアス,0,2023,0.240854725242,0.264857202768,0.241421297193
2023-07-01,202307030110,2017101777,8,ヤマニンプティパ,0,2023,0.189255490899,0.191782742739,0.211565509439
2023-07-01,202307030110,2019101005,9,タイセイブリリオ,1,2023,0.441607892513,0.449188798666,0.424283146858
2023-07-01,202307030110,2017105192,10,カーフライターク,0,2023,0.098126575351,0.085644394159,0.086964108050
2023-07-01,202307030110,2019104697,11,ショウナンマッハ,0,2023,0.110003471375,0.115731701255,0.148232743144
2023-07-02,202302020203,2020106895,1,ロッソジュリア,0,2023,0.408406853676,0.431339204311,0.409388422966
2023-07-02,202302020203,2020105707,2,アイワナアイドル,0,2023,0.065440461040,0.053116548806,0.048357550055
2023-07-02,202302020203,2020106664,3,インセプション,0,2023,0.057791054249,0.067659132183,0.058353241533
2023-07-02,202302020203,2020106330,4,ラウラーナ,1,2023,0.403305560350,0.431759238243,0.460529029369
2023-07-02,202302020203,2020103159,5,クリノアグレッシブ,0,2023,0.081601552665,0.085167102516,0.084536567330
2023-07-02,202302020203,2020107170,6,マインインパクト,0,2023,0.046853303909,0.045352559537,0.041363377124
2023-07-02,202302020203,2020101171,7,ビスケット,0,2023,0.098996743560,0.101346723735,0.091769300401
2023-07-02,202302020203,2020105791,8,アフターグロウ,0,2023,0.530774235725,0.532382726669,0.544661998749
2023-07-02,202302020203,2020110122,9,ルージュナディア,0,2023,0.188583076000,0.181808426976,0.133776307106
2023-07-02,202302020203,2020101536,10,アイリスバローズ,0,2023,0.166408553720,0.163341149688,0.191216945648
2023-07-02,202302020203,2020102208,11,マテンロウアネモス,1,2023,0.549076974392,0.544484496117,0.581547260284
2023-07-02,202302020203,2020103799,12,マロンドレ,0,2023,0.124447122216,0.099182017148,0.118982218206
2023-07-02,202302020203,2020103949,15,シャコンヌ,0,2023,0.081559821963,0.083615690470,0.059363756329
2023-07-02,202302020203,2020103038,16,キャルキューレ,0,2023,0.158300846815,0.156640544534,0.183024793863
2023-07-02,202302020210,2019102456,1,ナバロン,0,2023,0.259661793709,0.260051935911,0.243267923594
2023-07-02,202302020210,2019100168,2,ベジェサ,0,2023,0.061967331916,0.042626041919,0.047144267708
2023-07-02,202302020210,2019102436,3,ミズノコキュウ,0,2023,0.307189196348,0.319459289312,0.290852278471
2023-07-02,202302020210,2020100105,4,エイシンフェンサー,1,2023,0.457975655794,0.402896583080,0.419896572828
2023-07-02,202302020210,2020103892,5,オメガシンフォニー,1,2023,0.394482165575,0.380226045847,0.308675944805
2023-07-02,202302020210,2020110114,6,スリーアイランド,1,2023,0.511427700520,0.499086380005,0.505152404308
2023-07-02,202302020210,2019104361,7,テーオースパロー,0,2023,0.447324961424,0.442456603050,0.464485645294
2023-07-02,202302020210,2019110042,8,スーリールダンジュ,0,2023,0.484655410051,0.428323417902,0.541448116302
2023-07-02,202302020210,2018102021,9,ヤマニンルリュール,0,2023,0.090227939188,0.092182733119,0.115911424160
2023-07-02,202303020202,2020103365,2,ウィズダムハート,1,2023,0.138806521893,0.135726079345,0.085237830877
2023-07-02,202303020202,2020104465,4,ウラヌス,0,2023,0.092081487179,0.091894805431,0.070816926658
2023-07-02,202303020202,2020104824,6,シンデレラスマイル,0,2023,0.285749167204,0.245741203427,0.275575667620
2023-07-02,202303020202,2020100726,7,シティウォリアー,1,2023,0.114334017038,0.127637505531,0.112859360874
2023-07-02,202303020202,2020105426,8,ベストバディ,0,2023,0.275518536568,0.285240381956,0.353067457676
2023-07-02,202303020202,2020101845,9,フライウィズミー,0,2023,0.659075856209,0.698498129845,0.648852705956
2023-07-02,202303020202,2020105787,12,アントルメグラッセ,0,2023,0.039063800126,0.042768605053,0.044501267374
2023-07-02,202303020202,2020101956,13,ジェイエルトランス,0,2023,0.429270207882,0.390448063612,0.329216033220
2023-07-02,202303020202,2020101564,16,テルテ,0,2023,0.104998484254,0.116918735206,0.095312714577
2023-07-02,202303020212,2020100124,1,アイアンランラン,0,2023,0.030282028019,0.033183380961,0.030004369095
2023-07-02,202303020212,2018105051,2,サトノブラーヴ,0,2023,0.443846255541,0.437766283751,0.372251361609
2023-07-02,202303020212,2019100709,3,マイネルヘリテージ,0,2023,0.201454326510,0.196895480156,0.144663095474
2023-07-02,202303020212,2019105420,4,シウン,0,2023,0.100338265300,0.089370399714,0.088649660349
2023-07-02,202303020212,2020101195,5,ゴルトリッチ,0,2023,0.314490735531,0.319921493530,0.331422001123
2023-07-02,202303020212,2020103885,6,クリノゴッホ,0,2023,0.171553939581,0.172623351216,0.183272808790
2023-07-02,202303020212,2020104960,7,トロピカルヒーロー,0,2023,0.292075037956,0.223752975464,0.204638525844
2023-07-02,202303020212,2019104764,8,ジェットグリッター,0,2023,0.173419758677,0.186041325331,0.122350178659
2023-07-02,202303020212,2020100305,9,セイウンスイート,0,2023,0.307628601789,0.271153330803,0.335327148438
2023-07-02,202303020212,2020103093,10,プレジャークルーズ,1,2023,0.158989682794,0.141221135855,0.160605341196
2023-07-02,202303020212,2019104930,11,スクリーンショット,0,2023,0.201699197292,0.221410647035,0.212609931827
2023-07-02,202303020212,2019102518,12,シエラプリンセサ,0,2023,0.143725812435,0.135999619961,0.128444865346
2023-07-02,202303020212,2018105965,13,エイシンディアデム,0,2023,0.025237467140,0.023710239679,0.020829489455
2023-07-02,202303020212,2019104143,14,ミュージアムピース,1,2023,0.155560046434,0.148806706071,0.129310831428
2023-07-02,202303020212,2019103320,15,プレヴォール,0,2023,0.043499007821,0.043099980801,0.024084707722
2023-07-02,202303020212,2018110149,16,コスモアディラート,1,2023,0.537001013756,0.572031557560,0.601337254047
2023-07-02,202307030208,2019103673,1,バーニングアイズ,0,2023,0.060359466821,0.043259467930,0.042208690196
2023-07-02,202307030208,2018106145,2,アコルダール,0,2023,0.056230690330,0.050324920565,0.049400206655
2023-07-02,202307030208,2020104164,3,アネモス,0,2023,0.217934146523,0.208700895309,0.189449965954
2023-07-02,202307030208,2019105044,4,アドマイヤラヴィ,1,2023,0.568136811256,0.446715801954,0.468234270811
2023-07-02,202307030208,2019102068,5,シャウビンダー,1,2023,0.113875389099,0.124851852655,0.127292245626
2023-07-02,202307030208,2020106737,6,メイショウコギク,0,2023,0.159281179309,0.144890412688,0.170704349875
2023-07-02,202307030208,2020106722,7,クインズエルサ,0,2023,0.431217372417,0.476303309202,0.476716965437
2023-07-02,202307030208,2020101925,8,アイヤナ,0,2023,0.109098382294,0.100252389908,0.084922567010
2023-07-02,202307030208,2016102111,9,ファタリテ,0,2023,0.042809832841,0.037939954549,0.052897620946
2023-07-02,202307030208,2018100618,10,トーホウジュナール,0,2023,0.347425132990,0.362282693386,0.423418402672
2023-07-02,202307030208,2020102971,11,サトノグレイト,0,2023,0.205221265554,0.295124679804,0.327297985554
2023-07-02,202307030208,2019104738,12,サウンドクレア,1,2023,0.148108363152,0.141217216849,0.138487040997
2023-07-02,202307030208,2019102786,13,ウォータールグラン,0,2023,0.077797651291,0.068439885974,0.044054884464
2023-07-02,202307030208,2019103360,14,ジョーブリッランテ,0,2023,0.133904129267,0.152229398489,0.158358260989
2023-07-02,202307030208,2019101313,15,ルクスランページ,0,2023,0.040110006928,0.038398295641,0.037173435092
2023-07-02,202307030208,2019103123,16,エリカフェリーチェ,0,2023,0.090719163418,0.091607972980,0.081946969032
2023-07-02,202307030208,2019103638,17,ヴァンダービルト,0,2023,0.083045326173,0.091653235257,0.107841499150
2023-07-02,202307030208,2020104825,18,スカプラリオ,0,2023,0.282564491034,0.350339770317,0.457918643951
2023-07-02,202307030211,2018106055,1,ヨシノイースター,0,2023,0.395593881607,0.376372039318,0.406686842442
2023-07-02,202307030211,2015100822,2,タイセイアベニール,0,2023,0.044575728476,0.040008146316,0.040248513222
2023-07-02,202307030211,2019102979,3,エイシンスポッター,0,2023,0.502382874489,0.484636157751,0.435357391834
2023-07-02,202307030211,2016105734,4,サンキューユウガ,1,2023,0.271813154221,0.276393473148,0.259677499533
2023-07-02,202307030211,2019103422,5,テイエムスパーダ,0,2023,0.129525184631,0.072618767619,0.117574296892
2023-07-02,202307030211,2017100091,6,スマートクラージュ,1,2023,0.373159587383,0.386786341667,0.352231532335
2023-07-02,202307030211,2017106240,7,アビエルト,0,2023,0.057509012520,0.064858324826,0.059691879898
2023-07-02,202307030211,2019110020,8,マッドクール,0,2023,0.520036697388,0.594581067562,0.628830492496
2023-07-02,202307030211,2015104364,9,トゥラヴェスーラ,0,2023,0.116837993264,0.167042925954,0.121235050261
2023-07-02,202307030211,2019110107,10,ジャスパークローネ,1,2023,0.217099219561,0.218895837665,0.214258506894
2023-07-02,202307030211,2017100583,11,ディヴィナシオン,0,2023,0.082639560103,0.090259715915,0.083788327873
2023-07-02,202307030211,2017106720,12,サンライズオネスト,0,2023,0.132755801082,0.167199820280,0.160774946213
2023-07-08,202302020310,2019102456,1,ナバロン,0,2023,0.428058594465,0.482551723719,0.492351740599
2023-07-08,202302020310,2019103136,2,シゲルファンノユメ,1,2023,0.226272270083,0.236909314990,0.250599473715
2023-07-08,202302020310,2018104765,3,イズンシーラブリー,1,2023,0.655324220657,0.678346693516,0.695261359215
2023-07-08,202302020310,2017103886,4,ラキ,0,2023,0.197006523609,0.183890521526,0.154975458980
2023-07-08,202302020310,2018103296,5,サニーオーシャン,0,2023,0.093940839171,0.094746023417,0.120578378439
2023-07-08,202302020310,2019105317,6,トップキャスト,0,2023,0.094025366008,0.077270276845,0.078486546874
2023-07-08,202302020310,2018101964,7,アルムファーツリー,0,2023,0.169417068362,0.181445449591,0.248904287815
2023-07-08,202302020310,2019101819,8,センタースリール,0,2023,0.116975344718,0.086505115032,0.085811816156
2023-07-08,202302020310,2019104525,9,ラキエータ,1,2023,0.444537669420,0.471872955561,0.536429405212
2023-07-08,202302020312,2018104908,1,アルジェントステラ,0,2023,0.250400066376,0.209934875369,0.263025969267
2023-07-08,202302020312,2019102320,2,サイモンカーチス,0,2023,0.079746872187,0.094308376312,0.081622816622
2023-07-08,202302020312,2019106103,3,モウショウ,0,2023,0.435142070055,0.392353326082,0.291589319706
2023-07-08,202302020312,2020102049,4,ハウピア,0,2023,0.045320104808,0.031788591295,0.058626912534
2023-07-08,202302020312,2018104559,5,ナリタローゼ,1,2023,0.344987690449,0.329467296600,0.314533680677
2023-07-08,202302020312,2018100772,6,ハイライフ,0,2023,0.224359527230,0.189108923078,0.162974879146
2023-07-08,202302020312,2019103584,7,オラヴェリタス,0,2023,0.081398360431,0.099611103535,0.099901542068
2023-07-08,202302020312,2018100480,8,デルマヤクシ,0,2023,0.272614061832,0.302001386881,0.294204175472
2023-07-08,202302020312,2020105561,9,ケイアイクビラ,0,2023,0.647634208202,0.635134816170,0.643706083298
2023-07-08,202302020312,2020102718,10,オルフェスト,1,2023,0.595351934433,0.520273804665,0.509229719639
2023-07-08,202302020312,2020100151,11,スクルプトーリス,1,2023,0.363691300154,0.369966477156,0.402248352766
2023-07-08,202303020309,2020106771,1,トモジャシーマ,1,2023,0.520697236061,0.517505288124,0.441550254822
2023-07-08,202303020309,2019105817,2,ホウオウカグヤ,0,2023,0.073623128235,0.074354298413,0.048135221004
2023-07-08,202303020309,2020101052,3,ルーラルハピネス,1,2023,0.430452138186,0.444647371769,0.521959662437
2023-07-08,202303020309,2020105803,4,マイネルラッシュ,0,2023,0.461932986975,0.454302191734,0.398185193539
2023-07-08,202303020309,2019100292,5,ダレモトメラレナイ,1,2023,0.350067585707,0.370762854815,0.408584684134
2023-07-08,202303020309,2018102069,7,ラナキラ,0,2023,0.248440697789,0.229253113270,0.228438168764
2023-07-08,202303020309,2019101562,8,デフィデリ,0,2023,0.210107073188,0.221219077706,0.215379148722
2023-07-08,202303020309,2018100406,9,ヴィントミューレ,0,2023,0.302476793528,0.324451923370,0.286589056253
2023-07-08,202303020309,2020104960,10,トロピカルヒーロー,0,2023,0.150353208184,0.121612608433,0.094191484153
2023-07-08,202303020309,2019101998,11,サンマルクレイジー,0,2023,0.111262165010,0.115520693362,0.092411234975
2023-07-08,202303020309,2017101448,12,ウインアステロイド,0,2023,0.197104677558,0.180095925927,0.183414012194
2023-07-08,202303020309,2019101793,13,クイーンドライヴ,0,2023,0.031501356512,0.029780292884,0.022577023134
2023-07-08,202307030307,2020103588,1,マテンロウナイト,0,2023,0.136251479387,0.134057864547,0.135445192456
2023-07-08,202307030307,2020102846,2,アズワンウイッシュ,0,2023,0.023872325197,0.021316623315,0.019120573997
2023-07-08,202307030307,2020104598,3,ショウナンアウリイ,0,2023,0.058636281639,0.060467604548,0.073894120753
2023-07-08,202307030307,2020100800,4,イナウィンク,0,2023,0.103601135314,0.091002725065,0.098392985761
2023-07-08,202307030307,2020102142,5,バズッチ,0,2023,0.072529159486,0.082520179451,0.078476503491
2023-07-08,202307030307,2020105299,6,リアライズ,1,2023,0.212265267968,0.194272235036,0.168148070574
2023-07-08,202307030307,2020102041,8,ラインガウディ,1,2023,0.143794789910,0.165120959282,0.197611063719
2023-07-08,202307030307,2020105356,9,ミヅキ,0,2023,0.133469417691,0.139337718487,0.171767532825
2023-07-08,202307030307,2020100370,10,フェリキタス,0,2023,0.325580954552,0.344733238220,0.311084657907
2023-07-08,202307030307,2020110086,11,ロスマリンブルー,0,2023,0.103333666921,0.104877740145,0.120489411056
2023-07-08,202307030307,2020103587,12,ブルジュドバイ,0,2023,0.221190899611,0.262898862362,0.259097248316
2023-07-08,202307030307,2020101642,14,ジューンフリーダム,0,2023,0.085670635104,0.084808818996,0.073118805885
2023-07-08,202307030307,2020100906,15,フライングブレード,1,2023,0.389378398657,0.368748098612,0.389041572809
2023-07-08,202307030307,2020100925,17,ダイゴショウリュウ,0,2023,0.114463217556,0.095748938620,0.112071797252
2023-07-08,202307030307,2020100155,18,ダノンプレジャー,0,2023,0.082390576601,0.080081105232,0.054464600980
2023-07-09,202302020404,2020106147,1,プロパルジョン,0,2023,0.049213491380,0.048280224204,0.051994875073
2023-07-09,202302020404,2020100891,2,ヨドノルーキー,0,2023,0.157941833138,0.169820845127,0.129053786397
2023-07-09,202302020404,2020100154,3,ソニックライト,1,2023,0.526686608791,0.525900423527,0.506043076515
2023-07-09,202302020404,2020105782,4,マルメラーダ,1,2023,0.506430625916,0.499504119158,0.424692779779
2023-07-09,202302020404,2020104088,6,ランドオブラヴ,1,2023,0.263129711151,0.265665650368,0.212842643261
2023-07-09,202302020404,2020102080,7,ベッラフロー,0,2023,0.263989508152,0.247796550393,0.239537149668
2023-07-09,202302020404,2020106966,9,ピンクジン,0,2023,0.314837008715,0.330657809973,0.286326795816
2023-07-09,202302020404,2020101770,10,トリプルウイナー,0,2023,0.271193742752,0.256922096014,0.323469668627
2023-07-09,202302020404,2020100580,11,ソルエストレーラ,0,2023,0.365184873343,0.419162750244,0.394776612520
2023-07-09,202302020404,2020100342,12,メージャーテソーロ,0,2023,0.211937487125,0.193541586399,0.156792685390
2023-07-09,202302020404,2020104241,13,アパラギ,0,2023,0.062796741724,0.058473296463,0.066781163216
2023-07-09,202302020404,2020105187,15,ウインジュルネ,0,2023,0.273438751698,0.258611947298,0.221103444695
2023-07-09,202302020404,2020109092,16,ジャパンノウレッジ,0,2023,0.127384975553,0.132362574339,0.160607412457
2023-07-09,202302020412,2019105241,1,ビップシュプリーム,0,2023,0.688279092312,0.686804056168,0.703434526920
2023-07-09,202302020412,2018104471,2,グレイトミッション,0,2023,0.131588816643,0.102477245033,0.108369991183
2023-07-09,202302020412,2019104475,3,ツヴァイシュテルネ,0,2023,0.129773572087,0.132166042924,0.136838912964
2023-07-09,202302020412,2019105350,4,シタン,0,2023,0.603226721287,0.559527099133,0.474740624428
2023-07-09,202302020412,2020105145,5,カワキタマックス,0,2023,0.275041311979,0.279714256525,0.257172912359
2023-07-09,202302020412,2018104762,6,キャニオニング,0,2023,0.097186118364,0.104712806642,0.098839461803
2023-07-09,202302020412,2019105738,7,ピンクセイラー,1,2023,0.310374706984,0.330132722855,0.342938691378
2023-07-09,202302020412,2020104163,8,エメラダ,0,2023,0.046390324831,0.032946385443,0.048704680055
2023-07-09,202302020412,2020100121,9,イイヒニナル,1,2023,0.189930960536,0.240859895945,0.190821021795
2023-07-09,202302020412,2020109061,10,コンチトーホク,0,2023,0.291469067335,0.261048167944,0.222175955772
2023-07-09,202302020412,2019100772,11,ポルタフォルトゥナ,1,2023,0.446783274412,0.491872847080,0.415070831776
2023-07-09,202303020403,2020106587,2,レオプルミエール,1,2023,0.165737807751,0.184975355864,0.175478085876
2023-07-09,202303020403,2020100215,3,サラサグッドワーク,0,2023,0.174389168620,0.174797177315,0.181745275855
2023-07-09,202303020403,2020106361,6,ニシノレールガン,0,2023,0.139230161905,0.127199083567,0.094789870083
2023-07-09,202303020403,2020102211,8,ヤマタケアオイバラ,0,2023,0.124178394675,0.106764420867,0.106406681240
2023-07-09,202303020403,2020101002,9,ゲンパチジャンヌ,0,2023,0.178884312510,0.167951971292,0.181388393044
2023-07-09,202303020403,2020102322,11,ベルエト,0,2023,0.063915677369,0.080813534558,0.055048827082
2023-07-09,202303020403,2020105053,13,シルバーステラ,0,2023,0.320704072714,0.350926876068,0.330256938934
2023-07-09,202303020403,2020102684,14,ティックルハート,1,2023,0.357225030661,0.335273265839,0.380192518234
2023-07-09,202303020403,2020103863,15,ボールドライ,0,2023,0.042001947761,0.044887881726,0.038008365780
2023-07-09,202303020403,2020105293,16,ペインティトブルー,0,2023,0.121324039996,0.132397487760,0.125770226121
2023-07-09,202303020412,2019106870,1,カジュフェイス,0,2023,0.108445622027,0.082462504506,0.077520541847
2023-07-09,202303020412,2019102922,2,ゼンカイテン,0,2023,0.173317179084,0.106998562813,0.121234878898
2023-07-09,202303020412,2019101270,3,ヨール,0,2023,0.390102356672,0.425604730844,0.499082773924
2023-07-09,202303020412,2015103867,4,ウメタロウ,0,2023,0.024345612153,0.024689611048,0.037713665515
2023-07-09,202303020412,2020104203,5,スピードオブライト,0,2023,0.519114255905,0.562460780144,0.587296068668
2023-07-09,202303020412,2020101590,6,トラベログ,1,2023,0.521168887615,0.519016027451,0.462655663490
2023-07-09,202303020412,2020100607,7,サンティーテソーロ,1,2023,0.525251626968,0.431850403547,0.370066285133
2023-07-09,202303020412,2019100755,8,アラクレ,0,2023,0.255504727364,0.208936020732,0.210787221789
2023-07-09,202303020412,2019104498,10,インプロバイザー,0,2023,0.242518275976,0.207317039371,0.255365520716
2023-07-09,202303020412,2020101419,11,ブーケファロス,1,2023,0.390317112207,0.319100856781,0.327660590410
2023-07-09,202303020412,2018102585,12,ロードラスター,0,2023,0.262381851673,0.269421309233,0.250031441450
2023-07-09,202303020412,2018106613,13,プルスウルトラ,0,2023,0.269913136959,0.287455290556,0.232565060258
2023-07-09,202303020412,2018100373,14,アップストリーム,0,2023,0.111853055656,0.113220632076,0.107310056686
2023-07-15,202302020503,2020102958,1,コンスピキュアス,0,2023,0.140336364508,0.157383635640,0.157120198011
2023-07-15,202302020503,2020104824,2,シンデレラスマイル,1,2023,0.363255709410,0.360927194357,0.312584936619
2023-07-15,202302020503,2020103799,4,マロンドレ,0,2023,0.259692102671,0.226915284991,0.218669772148
2023-07-15,202302020503,2020100759,5,アルマロクザン,1,2023,0.583777785301,0.613459646702,0.581917405128
2023-07-15,202302020503,2020100673,6,ヒルノピレネー,0,2023,0.233833432198,0.254137754440,0.232899278402
2023-07-15,202302020503,2020106712,7,ファルマリン,0,2023,0.161391541362,0.177976071835,0.212102025747
2023-07-15,202302020503,2020101536,8,アイリスバローズ,0,2023,0.172888442874,0.163182482123,0.150397971272
2023-07-15,202302020503,2020104333,9,ハーツファンタジア,0,2023,0.082386955619,0.087721996009,0.086089573801
2023-07-15,202302020503,2020106895,10,ロッソジュリア,0,2023,0.231936171651,0.204842373729,0.186299890280
2023-07-15,202302020503,2020104758,11,ゴコウサス,0,2023,0.349483728409,0.351700067520,0.401627540588
2023-07-15,202302020503,2020103243,13,ハイアーレルム,0,2023,0.120569273829,0.123967222869,0.084824442863
2023-07-15,202302020503,2020101992,14,ライクアフラワー,0,2023,0.203400015831,0.199841126800,0.243514806032
2023-07-15,202302020503,2020101171,15,ビスケット,1,2023,0.128396391869,0.120479725301,0.094789013267
2023-07-15,202302020503,2020100441,16,ハナサキポプラ,0,2023,0.130771920085,0.135117605329,0.138454586267
2023-07-15,202302020508,2020100997,1,マルモリディライト,0,2023,0.425867557526,0.393755197525,0.366792768240
2023-07-15,202302020508,2020105145,2,カワキタマックス,0,2023,0.285942643881,0.275037348270,0.233371406794
2023-07-15,202302020508,2020101378,3,アイヲツグモノ,0,2023,0.334396570921,0.318263441324,0.367076486349
2023-07-15,202302020508,2019102068,4,シャウビンダー,0,2023,0.241003811359,0.201580464840,0.206774368882
2023-07-15,202302020508,2019106565,5,メイショウソウゲツ,0,2023,0.427380800247,0.449119925499,0.419101417065
2023-07-15,202302020508,2019103790,6,ミツカネムーン,0,2023,0.028733588755,0.021269382909,0.032259095460
2023-07-15,202302020508,2020106330,7,ラウラーナ,1,2023,0.561023235321,0.579602360725,0.557279586792
2023-07-15,202302020508,2019104871,8,ウェストファリア,0,2023,0.063196890056,0.075137324631,0.071062684059
2023-07-15,202302020508,2020104086,9,ウェンダヴズクライ,0,2023,0.043820496649,0.042774021626,0.046346604824
2023-07-15,202302020508,2018102053,10,ドリームアゲイン,0,2023,0.069797575474,0.074711479247,0.079501956701
2023-07-15,202302020508,2019103200,11,ネイキッドハート,0,2023,0.114424996078,0.104117304087,0.101739913225
2023-07-15,202302020508,2018105518,12,ダブルスナッチ,1,2023,0.340194314718,0.354743540287,0.471982955933
2023-07-15,202302020508,2020102591,13,メリオルヴィータ,0,2023,0.180455937982,0.169336438179,0.216667324305
2023-07-15,202302020508,2018104762,14,キャニオニング,1,2023,0.064428113401,0.055355817080,0.061365004629
2023-07-15,202303020508,2020106987,1,スムースベルベット,0,2023,0.428004980087,0.476131796837,0.423399776220
2023-07-15,202303020508,2019102892,2,プランタニエール,0,2023,0.042204089463,0.034786708653,0.028049370274
2023-07-15,202303020508,2018106145,3,アコルダール,0,2023,0.205978825688,0.204303890467,0.180861100554
2023-07-15,202303020508,2020103365,4,ウィズダムハート,0,2023,0.350899040699,0.331624597311,0.292137295008
2023-07-15,202303020508,2020101262,5,エコロレジーナ,0,2023,0.332822412252,0.304852038622,0.378568351269
2023-07-15,202303020508,2019106028,6,ピースキーパー,0,2023,0.353239178658,0.337891995907,0.347448915243
2023-07-15,202303020508,2018100593,7,タイガーリリー,0,2023,0.147146105766,0.162902802229,0.166602149606
2023-07-15,202303020508,2019102518,8,シエラプリンセサ,0,2023,0.144389867783,0.142056316137,0.103376269341
2023-07-15,202303020508,2018104561,9,エンブレムコード,0,2023,0.321771264076,0.281909435987,0.281120389700
2023-07-15,202303020508,2019100207,10,ラッピングカラーズ,0,2023,0.091929651797,0.086279407144,0.089785210788
2023-07-15,202303020508,2019104738,11,サウンドクレア,1,2023,0.546691656113,0.479627877474,0.451708704233
2023-07-15,202303020508,2019105940,13,アリシアン,0,2023,0.106965079904,0.102851249278,0.097544968128
2023-07-15,202303020508,2020100347,14,クリノリアルレディ,1,2023,0.360130637884,0.332102000713,0.276746630669
2023-07-15,202303020508,2019102303,15,アイムファイン,1,2023,0.081285409629,0.078622102737,0.097493894398
2023-07-15,202303020511,2019110102,1,デュガ,1,2023,0.304084718227,0.325012892485,0.268713682890
2023-07-15,202303020511,2019104962,2,ウィリン,0,2023,0.602395653725,0.572363615036,0.641052424908
2023-07-15,202303020511,2017106264,4,ビアイ,1,2023,0.109157621861,0.108037568629,0.085769906640
2023-07-15,202303020511,2017106137,5,グレイトゲイナー,0,2023,0.152733489871,0.182462930679,0.160938054323
2023-07-15,202303020511,2019102041,6,アドヴァイス,0,2023,0.515417575836,0.469586342573,0.515561699867
2023-07-15,202303020511,2016100507,7,ヒロノトウリョウ,0,2023,0.052811551839,0.052382048219,0.044769693166
2023-07-15,202303020511,2019110001,8,ショウナンハクラク,0,2023,0.492387205362,0.501272737980,0.522915780544
2023-07-15,202303020511,2019101005,9,タイセイブリリオ,0,2023,0.529786646366,0.522550046444,0.543999135494
2023-07-15,202303020511,2019105658,10,オタルエバー,1,2023,0.371196866035,0.371005773544,0.349489390850
2023-07-15,202303020511,2019104451,11,ビーオンザマーチ,0,2023,0.190628349781,0.186583310366,0.196202620864
2023-07-16,202302020603,2020109092,1,ジャパンノウレッジ,0,2023,0.120383843780,0.135979712009,0.147469267249
2023-07-16,202302020603,2020100901,2,ローザ,0,2023,0.128270462155,0.147965565324,0.149302959442
2023-07-16,202302020603,2020103283,3,エルディアナ,0,2023,0.245119035244,0.243293955922,0.245345324278
2023-07-16,202302020603,2020102826,4,カリーナベローチェ,0,2023,0.194422259927,0.175302132964,0.122996076941
2023-07-16,202302020603,2020106407,5,ライブリームーラン,1,2023,0.259809970856,0.330363363028,0.347782582045
2023-07-16,202302020603,2020103844,7,フリントロック,1,2023,0.317463964224,0.342620164156,0.356956720352
2023-07-16,202302020603,2020101229,8,レディメローラ,0,2023,0.288060635328,0.269255131483,0.295667678118
2023-07-16,202302020603,2020102208,9,マテンロウアネモス,0,2023,0.547022342682,0.574705362320,0.608513295650
2023-07-16,202302020603,2020106149,10,アスキーアート,0,2023,0.094433635473,0.096109665930,0.127501457930
2023-07-16,202302020603,2020105892,11,ヴァルトラウテ,0,2023,0.053343050182,0.061255440116,0.070433817804
2023-07-16,202302020603,2020107170,12,マインインパクト,0,2023,0.044717390090,0.046074900776,0.042679928243
2023-07-16,202302020603,2020101385,13,ブラックフラミンゴ,0,2023,0.254815101624,0.201595917344,0.177329897881
2023-07-16,202302020603,2020103613,14,ポルトロッソ,0,2023,0.026002218947,0.028494702652,0.022326415405
2023-07-16,202302020603,2020102889,15,ベアサッチャー,0,2023,0.082516051829,0.075518131256,0.082860283554
2023-07-16,202302020603,2020105791,16,アフターグロウ,1,2023,0.365919083357,0.365468442440,0.351523697376
2023-07-16,202302020608,2020100882,1,フレンドキング,0,2023,0.019546814263,0.018827160820,0.011681993492
2023-07-16,202302020608,2018100480,2,デルマヤクシ,1,2023,0.280839473009,0.293384015560,0.256863325834
2023-07-16,202302020608,2019103584,3,オラヴェリタス,0,2023,0.073695376515,0.075212731957,0.072680912912
2023-07-16,202302020608,2018100772,4,ハイライフ,0,2023,0.089924462140,0.099418133497,0.078571803868
2023-07-16,202302020608,2019100437,5,バブアルシャムス,0,2023,0.062690101564,0.060657639056,0.033160645515
2023-07-16,202302020608,2019106179,6,ハートホイップ,0,2023,0.292199581861,0.279750615358,0.260884702206
2023-07-16,202302020608,2020100056,7,クールムーア,1,2023,0.233011811972,0.222476348281,0.294282317162
2023-07-16,202302020608,2020102080,8,ベッラフロー,0,2023,0.305205911398,0.290791213512,0.270942896605
2023-07-16,202302020608,2019101100,9,キーチズカンパニー,0,2023,0.112565487623,0.103125795722,0.131115674973
2023-07-16,202302020608,2019105338,10,グランプレジール,0,2023,0.267113685608,0.208556622267,0.181327611208
2023-07-16,202302020608,2020100516,11,マイクロモザイク,0,2023,0.210574328899,0.196843802929,0.278367638588
2023-07-16,202302020608,2019105738,12,ピンクセイラー,1,2023,0.325204968452,0.327691972256,0.348869919777
2023-07-16,202302020608,2020103962,13,ステークホルダー,0,2023,0.345179587603,0.347303241491,0.377378374338
2023-07-16,202302020612,2019110042,1,スーリールダンジュ,0,2023,0.417832642794,0.444630205631,0.447580635548
2023-07-16,202302020612,2020101031,2,アスクエピソード,0,2023,0.503148317337,0.517090737820,0.561033010483
2023-07-16,202302020612,2018103296,3,サニーオーシャン,0,2023,0.064386665821,0.062817499042,0.076326474547
2023-07-16,202302020612,2019104361,4,テーオースパロー,0,2023,0.362965762615,0.398455679417,0.321124166250
2023-07-16,202302020612,2019103442,5,クラリティスケール,0,2023,0.298811495304,0.328569263220,0.303535580635
2023-07-16,202302020612,2017104895,6,ダノンカオス,0,2023,0.068882115185,0.063384443521,0.071349710226
2023-07-16,202302020612,2019101679,7,ヴィアドロローサ,1,2023,0.200725600123,0.161659911275,0.139358580112
2023-07-16,202302020612,2018101964,8,アルムファーツリー,0,2023,0.082251682878,0.079544320703,0.104860126972
2023-07-16,202302020612,2018102669,9,スズノナデシコ,1,2023,0.394247829914,0.388774544001,0.363553225994
2023-07-16,202302020612,2018100141,10,シャークスポット,0,2023,0.321692556143,0.331413477659,0.250510632992
2023-07-16,202302020612,2019103136,11,シゲルファンノユメ,0,2023,0.214088827372,0.178895846009,0.127294734120
2023-07-16,202302020612,2019104386,12,トーセンサンダー,0,2023,0.157912552357,0.152894347906,0.174073651433
2023-07-16,202302020612,2018100097,13,スマートルシーダ,1,2023,0.169740647078,0.177935749292,0.180969923735
2023-07-16,202303020603,2020106587,2,レオプルミエール,1,2023,0.326178997755,0.326301574707,0.325179666281
2023-07-16,202303020603,2020103003,3,ピンポイントドロー,0,2023,0.398967593908,0.398938983679,0.359135627747
2023-07-16,202303020603,2020103072,4,フジマサメジャー,0,2023,0.141948625445,0.137226223946,0.096808247268
2023-07-16,202303020603,2020104487,6,スマイリングウェイ,0,2023,0.040781687945,0.045748215169,0.040339734405
2023-07-16,202303020603,2020104028,7,フェアムーン,0,2023,0.114076532423,0.127138540149,0.105283580720
2023-07-16,202303020603,2020103698,10,エリカソレイユ,0,2023,0.347589075565,0.366784542799,0.388708591461
2023-07-16,202303020603,2020106055,11,アナザームーン,1,2023,0.239120036364,0.274745166302,0.282256543636
2023-07-16,202303020603,2020102619,13,エリアントゥス,0,2023,0.087711311877,0.081660948694,0.071702189744
2023-07-16,202303020603,2020103884,14,ホウオウアリシア,0,2023,0.220596745610,0.213798120618,0.140240490437
2023-07-16,202303020603,2020104626,15,クツワファミリー,0,2023,0.156682297587,0.144311711192,0.178572684526
2023-07-16,202303020603,2020100289,16,シルバーダイヤ,1,2023,0.087913133204,0.095002517104,0.096971035004
2023-07-16,202303020611,2018102360,1,メディーヴァル,0,2023,0.106461584568,0.118420489132,0.098690614104
2023-07-16,202303020611,2017103005,2,ロードベイリーフ,0,2023,0.130431562662,0.117318660021,0.127651497722
2023-07-16,202303020611,2019104108,3,エナジーグラン,0,2023,0.458627343178,0.379131376743,0.439956218004
2023-07-16,202303020611,2017105272,4,リレーションシップ,0,2023,0.172375753522,0.140919268131,0.136547952890
2023-07-16,202303020611,2019100765,5,コムストックロード,1,2023,0.127015575767,0.121800996363,0.095170535147
2023-07-16,202303020611,2019100438,6,グラスミヤラビ,0,2023,0.187075376511,0.151337012649,0.118606686592
2023-07-16,202303020611,2019105237,7,スリーパーダ,0,2023,0.250088512897,0.254206001759,0.250456541777
2023-07-16,202303020611,2017105298,8,ストーンリッジ,1,2023,0.201219335198,0.211825296283,0.165335491300
2023-07-16,202303020611,2015105276,9,シセイヒテン,0,2023,0.052661102265,0.061129879206,0.063915632665
2023-07-16,202303020611,2017103295,10,チェアリングソング,0,2023,0.130972743034,0.097198583186,0.086616314948
2023-07-16,202303020611,2019102576,11,クリノマジン,0,2023,0.268521755934,0.294895708561,0.278948128223
2023-07-16,202303020611,2019104524,12,スカイコップス,0,2023,0.065855465829,0.050652105361,0.043925479054
2023-07-16,202303020611,2017106387,13,スマートリアン,1,2023,0.152703285217,0.167403146625,0.177555799484
2023-07-16,202303020611,2019100791,14,シナモンスティック,0,2023,0.340980261564,0.345499575138,0.314689874649
2023-07-16,202303020611,2018104885,15,アスコルターレ,0,2023,0.037480749190,0.028922069818,0.017908863723
2023-07-16,202303020611,2017100367,16,サトノファビュラス,0,2023,0.062267620116,0.054547857493,0.059227757156
2023-07-16,202307030612,2020105534,2,タガノタント,0,2023,0.116815879941,0.096809729934,0.099370077252
2023-07-16,202307030612,2019102786,3,ウォータールグラン,1,2023,0.146952882409,0.136404782534,0.085414469242
2023-07-16,202307030612,2020101763,4,トーホウフランゴ,1,2023,0.212674692273,0.255540072918,0.274330288172
2023-07-16,202307030612,2018100618,5,トーホウジュナール,0,2023,0.420678466558,0.367731690407,0.383898168802
2023-07-16,202307030612,2020101217,6,アスクドリームモア,0,2023,0.416464000940,0.421369373798,0.397107660770
2023-07-16,202307030612,2019103193,7,トリップトゥムーン,0,2023,0.238453194499,0.227435439825,0.254911690950
2023-07-16,202307030612,2020102971,8,サトノグレイト,1,2023,0.282102346420,0.266498178244,0.291150093079
2023-07-16,202307030612,2019103360,9,ジョーブリッランテ,0,2023,0.127233073115,0.135050058365,0.117556259036
2023-07-16,202307030612,2020104478,10,アルルカン,0,2023,0.148667544127,0.148154467344,0.157022222877
2023-07-16,202307030612,2019104169,11,メイショウタイゲイ,0,2023,0.098526097834,0.088089518249,0.088928923011
2023-07-16,202307030612,2018103928,12,グラティトゥー,0,2023,0.040099084377,0.038029517978,0.068338356912
2023-07-16,202307030612,2020106722,13,クインズエルサ,0,2023,0.313265323639,0.276591897011,0.248980313540
2023-07-16,202307030612,2017101991,14,テンジュイン,0,2023,0.099007539451,0.106774106622,0.110155567527
2023-07-22,202301010107,2020102321,1,テーオーヴァイナー,0,2023,0.102647818625,0.107631877065,0.132827013731
2023-07-22,202301010107,2020100441,2,ハナサキポプラ,0,2023,0.206824868917,0.210011899471,0.186348304152
2023-07-22,202301010107,2019106194,3,コーリングユー,1,2023,0.601245284081,0.494013249874,0.527473807335
2023-07-22,202301010107,2019102747,4,マキアージュ,0,2023,0.163040310144,0.150124877691,0.154731839895
2023-07-22,202301010107,2017103309,5,ホウオウエンジェル,1,2023,0.211995080113,0.219037279487,0.172797024250
2023-07-22,202301010107,2018103063,6,フィルムスコア,0,2023,0.101115927100,0.105194084346,0.091467067599
2023-07-22,202301010107,2019102320,7,サイモンカーチス,0,2023,0.046088796109,0.047990456223,0.042845431715
2023-07-22,202301010107,2018105231,8,ラヴォルタ,0,2023,0.243382275105,0.219017758965,0.260144531727
2023-07-22,202301010107,2019101100,9,キーチズカンパニー,0,2023,0.082337640226,0.080775447190,0.078219041228
2023-07-22,202301010107,2019102240,10,マメコ,0,2023,0.285793334246,0.308904528618,0.425527006388
2023-07-22,202301010107,2018105814,11,マケルナマサムネ,0,2023,0.185454383492,0.227434828877,0.200008511543
2023-07-22,202301010107,2018100480,12,デルマヤクシ,1,2023,0.233039721847,0.203158542514,0.218339368701
2023-07-22,202301010107,2020106712,13,ファルマリン,0,2023,0.096920043230,0.079024039209,0.096314661205
2023-07-22,202301010107,2020102049,14,ハウピア,0,2023,0.025849329308,0.021973714232,0.026292357594
2023-07-22,202301010107,2018105201,15,デイトンウェイ,0,2023,0.298154115677,0.276856213808,0.280866086483
2023-07-22,202301010107,2019104693,16,ポメランチェ,0,2023,0.136788025498,0.148856207728,0.110199488699
2023-07-22,202301010111,2018105223,1,モンファボリ,0,2023,0.170151814818,0.130937039852,0.117391213775
2023-07-22,202301010111,2018100756,2,シュアーヴアリア,0,2023,0.120382815599,0.132416129112,0.128368943930
2023-07-22,202301010111,2018110037,3,ブルースピリット,1,2023,0.327630817890,0.320601582527,0.301023691893
2023-07-22,202301010111,2019105846,4,ブライトオンベイス,1,2023,0.163707226515,0.150519758463,0.129236698151
2023-07-22,202301010111,2019105806,5,ドロップオブライト,0,2023,0.292068451643,0.320369213820,0.295206546783
2023-07-22,202301010111,2017104873,6,エグレムニ,0,2023,0.055524013937,0.058223310858,0.054067570716
2023-07-22,202301010111,2018104949,7,フォイアーロート,0,2023,0.047018401325,0.041721202433,0.044673837721
2023-07-22,202301010111,2018102491,8,メイショウエニシア,0,2023,0.121289119124,0.153472155333,0.129566937685
2023-07-22,202301010111,2019104525,10,ラキエータ,0,2023,0.188026651740,0.187184974551,0.192395269871
2023-07-22,202301010111,2019106184,11,カフジテトラゴン,0,2023,0.311608880758,0.343758672476,0.288594245911
2023-07-22,202301010111,2018105004,12,アップリバー,0,2023,0.144489288330,0.156597763300,0.148936927319
2023-07-22,202301010111,2019110031,13,エクセトラ,1,2023,0.341440379620,0.300167649984,0.292364150286
2023-07-22,202301010111,2019103010,14,オードゥメール,0,2023,0.236814126372,0.240800336003,0.205659270287
2023-07-22,202301010111,2019100659,15,レベレンシア,0,2023,0.272129297256,0.287366688251,0.247670769691
2023-07-22,202303020703,2020103804,2,ボールズピラミッド,0,2023,0.304930448532,0.309327661991,0.262706220150
2023-07-22,202303020703,2020104968,4,ワレハカゼノコ,0,2023,0.213083326817,0.206904157996,0.167934477329
2023-07-22,202303020703,2020104646,5,ショーウェイコ,1,2023,0.043472450227,0.048757683486,0.044219188392
2023-07-22,202303020703,2020100721,7,アンナプルナ,0,2023,0.241664454341,0.238350704312,0.210566908121
2023-07-22,202303020703,2020100295,8,メリトリオ,1,2023,0.301832556725,0.302825689316,0.248472422361
2023-07-22,202303020703,2020104922,9,トラファルガー,0,2023,0.040160432458,0.056188497692,0.052347008139
2023-07-22,202303020703,2020110096,10,シールテソーロ,0,2023,0.263061642647,0.257572859526,0.278824418783
2023-07-22,202303020703,2020100215,11,サラサグッドワーク,0,2023,0.231414720416,0.217668503523,0.230094984174
2023-07-22,202303020703,2020100119,12,クーラント,0,2023,0.050454694778,0.058080825955,0.048725858331
2023-07-22,202303020703,2020102102,15,デルマネコダマシ,0,2023,0.083290956914,0.091235004365,0.105246588588
2023-07-22,202303020703,2020103038,16,キャルキューレ,0,2023,0.349868148565,0.334162920713,0.387405812740
2023-07-22,202303020710,2019104697,1,ショウナンマッハ,0,2023,0.169910565019,0.195320546627,0.152220875025
2023-07-22,202303020710,2017101777,2,ヤマニンプティパ,0,2023,0.103035263717,0.105078615248,0.107668481767
2023-07-22,202303020710,2017104258,3,セイラブミー,0,2023,0.044090773910,0.034267015755,0.030695227906
2023-07-22,202303020710,2019100604,4,ヤマニンアンフィル,0,2023,0.526002049446,0.553043007851,0.536100566387
2023-07-22,202303020710,2019103897,5,ハピネスアゲン,1,2023,0.369367599487,0.380976349115,0.430867373943
2023-07-22,202303020710,2019100898,6,タッカーシルバー,0,2023,0.123932570219,0.128726899624,0.120632410049
2023-07-22,202303020710,2019103246,7,ゲンパチレオニダス,0,2023,0.136869728565,0.135798603296,0.138168454170
2023-07-22,202303020710,2019101917,8,エテルナメンテ,0,2023,0.229935199022,0.244780927896,0.239208266139
2023-07-22,202303020710,2017101767,9,ベンガン,0,2023,0.174103319645,0.170237213373,0.167961955070
2023-07-22,202303020710,2020106015,10,バグラダス,0,2023,0.340163648129,0.311113655567,0.338323295116
2023-07-22,202303020710,2019103562,11,ダテボレアス,0,2023,0.121825560927,0.140271410346,0.117968581617
2023-07-22,202303020710,2019103261,12,ニシノラーナ,0,2023,0.134996175766,0.111357323825,0.109105728567
2023-07-22,202303020710,2019105238,13,フリートオブフット,1,2023,0.338733077049,0.322214066982,0.371319562197
2023-07-22,202303020710,2020101419,14,ブーケファロス,1,2023,0.569848299026,0.534406721592,0.557615518570
2023-07-22,202303020710,2018103920,15,ノックオンウッド,0,2023,0.109939299524,0.109952755272,0.122956328094
2023-07-23,202301010203,2020105731,1,パーペチュアル,0,2023,0.146145462990,0.140579134226,0.144327610731
2023-07-23,202301010203,2020100726,3,シティウォリアー,0,2023,0.197247609496,0.181306123734,0.147441118956
2023-07-23,202301010203,2020100269,4,ハクサンクロユリ,0,2023,0.087892435491,0.089887656271,0.082980506122
2023-07-23,202301010203,2020102877,5,エルフォルク,0,2023,0.091485768557,0.096186518669,0.086628422141
2023-07-23,202301010203,2020106170,6,ケイティベガ,0,2023,0.044698387384,0.047455716878,0.050032239407
2023-07-23,202301010203,2020101034,7,アイアンムーン,0,2023,0.718476712704,0.678275167942,0.664954543114
2023-07-23,202301010203,2020103681,8,リッスンアップ,0,2023,0.188462436199,0.195569321513,0.181316480041
2023-07-23,202301010203,2020106289,9,エイシンテムジン,0,2023,0.185056477785,0.179524436593,0.185734331608
2023-07-23,202301010203,2020104351,10,ブランディー,1,2023,0.061906352639,0.061107266694,0.076289542019
2023-07-23,202301010203,2020106649,11,サトノドゥーチェ,0,2023,0.163469597697,0.165912032127,0.130013749003
2023-07-23,202301010203,2020100239,12,ティーティースター,0,2023,0.080677978694,0.077980622649,0.109829835594
2023-07-23,202301010203,2020101863,13,コパカバーナビーチ,1,2023,0.177043125033,0.160546913743,0.182431116700
2023-07-23,202301010203,2020106407,14,ライブリームーラン,1,2023,0.607773959637,0.601275920868,0.582709848881
2023-07-23,202301010203,2020104604,15,ソルトベール,0,2023,0.265527307987,0.263998836279,0.237541422248
2023-07-23,202301010203,2020103251,16,クワイエットドーン,0,2023,0.050592709333,0.050521783531,0.048490852118
2023-07-23,202301010209,2020100686,1,ジョリダム,0,2023,0.454794883728,0.404719680548,0.427468776703
2023-07-23,202301010209,2019100168,2,ベジェサ,0,2023,0.112185008824,0.087729997933,0.116653405130
2023-07-23,202301010209,2019102436,3,ミズノコキュウ,1,2023,0.408683896065,0.406044125557,0.415187448263
2023-07-23,202301010209,2018101573,4,セイレーン,0,2023,0.093349739909,0.071499168873,0.096169546247
2023-07-23,202301010209,2019104549,5,テンメジャーガール,0,2023,0.529018580914,0.532155156136,0.531514823437
2023-07-23,202301010209,2019102137,6,シロン,1,2023,0.307360440493,0.256531685591,0.223603621125
2023-07-23,202301010209,2018104559,8,ナリタローゼ,0,2023,0.344265639782,0.343842357397,0.387039959431
2023-07-23,202301010209,2020100105,9,エイシンフェンサー,1,2023,0.587163865566,0.480294138193,0.560943007469
2023-07-23,202301010209,2019100772,10,ポルタフォルトゥナ,0,2023,0.450585514307,0.436262041330,0.378596425056
2023-07-23,202301010211,2018105366,1,レッドベルオーブ,1,2023,0.150207683444,0.158267095685,0.147333696485
2023-07-23,202301010211,2019102788,2,ウォーターナビレラ,0,2023,0.224398881197,0.177306056023,0.164805293083
2023-07-23,202301010211,2016100298,3,ミニオンペール,0,2023,0.159524604678,0.126388430595,0.134471520782
2023-07-23,202301010211,2018110035,4,シュバルツカイザー,1,2023,0.343326687813,0.327430784702,0.342613995075
2023-07-23,202301010211,2015104699,5,フレッチア,0,2023,0.057001754642,0.064275644720,0.100846514106
2023-07-23,202301010211,2018103515,6,カンティーユ,1,2023,0.263589829206,0.265718936920,0.368568360806
2023-07-23,202301010211,2018110045,7,ショックアクション,0,2023,0.109870314598,0.114715717733,0.146733492613
2023-07-23,202301010211,2018104041,8,マウンテンムスメ,0,2023,0.129382342100,0.128966033459,0.105590723455
2023-07-23,202301010211,2016102534,9,イーサンパンサー,0,2023,0.059803206474,0.053232021630,0.047723315656
2023-07-23,202301010211,2018102155,10,マイネルジェロディ,0,2023,0.106996446848,0.126088023186,0.119408860803
2023-07-23,202301010211,2015105850,11,カイザーメランジェ,0,2023,0.086591117084,0.105997487903,0.118749484420
2023-07-23,202301010211,2017100240,12,スノーテーラー,0,2023,0.153751224279,0.157648742199,0.155780524015
2023-07-23,202301010211,2017110123,13,ヴィズサクセス,0,2023,0.215374380350,0.195969253778,0.208145290613
2023-07-23,202301010211,2019104841,14,カルネアサーダ,0,2023,0.355175435543,0.343493431807,0.316281020641
2023-07-23,202301010211,2018102595,15,ロードマックス,0,2023,0.114477112889,0.125014469028,0.092245995998
2023-07-23,202301010211,2019103782,16,ルピナスリード,0,2023,0.081414982677,0.119453094900,0.128678888083
2023-07-23,202303020812,2020103885,1,クリノゴッホ,0,2023,0.226399511099,0.190150141716,0.175306007266
2023-07-23,202303020812,2019106339,2,フォールロワ,0,2023,0.059706918895,0.057367701083,0.052720140666
2023-07-23,202303020812,2020101195,3,ゴルトリッチ,0,2023,0.173199832439,0.190675303340,0.175674229860
2023-07-23,202303020812,2020106987,4,スムースベルベット,1,2023,0.295205950737,0.321147561073,0.278705805540
2023-07-23,202303020812,2018100593,5,タイガーリリー,1,2023,0.107265844941,0.081116013229,0.099668249488
2023-07-23,202303020812,2017101448,6,ウインアステロイド,0,2023,0.205861479044,0.214208871126,0.218435585499
2023-07-23,202303020812,2019100709,7,マイネルヘリテージ,0,2023,0.065124161541,0.075872324407,0.065804146230
2023-07-23,202303020812,2020100736,8,ビッグボーンリタ,0,2023,0.169251978397,0.158208131790,0.148818463087
2023-07-23,202303020812,2020103609,9,トラネスハープ,0,2023,0.173668354750,0.161204904318,0.146293416619
2023-07-23,202303020812,2020109102,10,サウザンサニー,1,2023,0.396699339151,0.330315321684,0.288007080555
2023-07-23,202303020812,2020103366,12,スティルディマーレ,0,2023,0.383894503117,0.438884019852,0.454537719488
2023-07-23,202303020812,2019101562,13,デフィデリ,0,2023,0.275749951601,0.307309359312,0.285027980804
2023-07-23,202303020812,2018110149,14,コスモアディラート,0,2023,0.445580631495,0.478026509285,0.497052907944
2023-07-23,202307030804,2020104151,2,ヒルデブランド,0,2023,0.164925098419,0.144158512354,0.137140482664
2023-07-23,202307030804,2020102041,4,ラインガウディ,0,2023,0.271682709455,0.245498523116,0.332464277744
2023-07-23,202307030804,2020102738,5,エールレヴリー,0,2023,0.356117129326,0.371823340654,0.393658369780
2023-07-23,202307030804,2020100523,6,ジョーシーゲル,0,2023,0.151209309697,0.177728518844,0.122297950089
2023-07-23,202307030804,2020100605,9,マーレイン,0,2023,0.080633625388,0.083043366671,0.095845587552
2023-07-23,202307030804,2020105867,11,ネオアリシア,0,2023,0.354222267866,0.421481072903,0.401685357094
2023-07-23,202307030804,2020102946,12,カゼノオト,0,2023,0.130002140999,0.102564752102,0.113306231797
2023-07-23,202307030804,2020100370,13,フェリキタス,1,2023,0.303141951561,0.322214633226,0.306165695190
2023-07-23,202307030804,2020105299,14,リアライズ,1,2023,0.276589542627,0.271608173847,0.232184708118
2023-07-23,202307030804,2020100442,15,エイシンゼクウ,0,2023,0.076696060598,0.065706938505,0.070596709847
2023-07-23,202307030804,2020103588,16,マテンロウナイト,1,2023,0.194467380643,0.191034719348,0.179088398814
2023-07-30,202301010408,2019101860,1,スピリットワールド,0,2023,0.456472992897,0.449145466089,0.423267662525
2023-07-30,202301010408,2020105561,2,ケイアイクビラ,0,2023,0.460703730583,0.483453065157,0.439942359924
2023-07-30,202301010408,2018104938,3,ヴェールクレール,0,2023,0.421573549509,0.449522048235,0.453863859177
2023-07-30,202301010408,2020102545,5,マテンロウプラウド,1,2023,0.181374967098,0.184747651219,0.155434697866
2023-07-30,202301010408,2019103193,6,トリップトゥムーン,1,2023,0.301758527756,0.330728620291,0.342466086149
2023-07-30,202301010408,2016102446,7,ワンダーヘイルネス,0,2023,0.071767725050,0.064802221954,0.080105684698
2023-07-30,202301010408,2020102121,8,シルバーレイズ,0,2023,0.093374222517,0.053585469723,0.071618855000
2023-07-30,202301010408,2020103218,9,フミサウンド,0,2023,0.311648756266,0.299541592598,0.312299966812
2023-07-30,202301010408,2019104475,10,ツヴァイシュテルネ,0,2023,0.127831101418,0.115984156728,0.099821954966
2023-07-30,202301010408,2020100151,11,スクルプトーリス,1,2023,0.379474192858,0.388751536608,0.369972795248
2023-07-30,202301010408,2018105201,12,デイトンウェイ,0,2023,0.345572113991,0.347880601883,0.310682415962
2023-08-05,202301010503,2020100154,1,ソニックライト,0,2023,0.469443619251,0.449879795313,0.486198037863
2023-08-05,202301010503,2020100759,2,アルマロクザン,1,2023,0.480433315039,0.459773510695,0.469651460648
2023-08-05,202301010503,2020100504,4,ミレディ,0,2023,0.244311690331,0.255936592817,0.281908869743
2023-08-05,202301010503,2020104626,5,クツワファミリー,0,2023,0.061753783375,0.062295608222,0.082026973367
2023-08-05,202301010503,2020104758,6,ゴコウサス,0,2023,0.124657496810,0.133381471038,0.163019463420
2023-08-05,202301010503,2020105791,8,アフターグロウ,0,2023,0.336236864328,0.371372163296,0.373239934444
2023-08-05,202301010503,2020101171,9,ビスケット,0,2023,0.120181150734,0.122394792736,0.102046512067
2023-08-05,202301010503,2020102208,10,マテンロウアネモス,1,2023,0.338297039270,0.384084582329,0.419441819191
2023-08-05,202301010503,2020106055,11,アナザームーン,0,2023,0.129857957363,0.141371548176,0.153374835849
2023-08-05,202301010503,2020103243,12,ハイアーレルム,0,2023,0.073892995715,0.075708039105,0.058211669326
2023-08-05,202301010503,2020106149,13,アスキーアート,1,2023,0.162236705422,0.154980763793,0.151699170470
2023-08-05,202301010503,2020101770,14,トリプルウイナー,0,2023,0.176874324679,0.166918799281,0.213441401720
2023-08-05,202301010503,2020101863,15,コパカバーナビーチ,0,2023,0.166775524616,0.176480308175,0.158918276429
2023-08-05,202301010503,2020104351,16,ブランディー,0,2023,0.096448995173,0.088877387345,0.077544480562
2023-08-05,202304020307,2020106587,2,レオプルミエール,0,2023,0.468796193600,0.480915397406,0.422114670277
2023-08-05,202304020307,2020106432,3,ワンダーフルーリ,0,2023,0.038618534803,0.029202768579,0.024316763505
2023-08-05,202304020307,2020110001,4,ポテンザ,0,2023,0.217055544257,0.199490413070,0.154157787561
2023-08-05,202304020307,2020102684,5,ティックルハート,0,2023,0.445623397827,0.424021631479,0.384985476732
2023-08-05,202304020307,2020106142,7,カフェカズショコラ,0,2023,0.052830170840,0.067113123834,0.042359750718
2023-08-05,202304020307,2020101376,8,テイエムクリッパー,0,2023,0.036021184176,0.049504537135,0.035504985601
2023-08-05,202304020307,2020106337,10,ダンツクリスタル,1,2023,0.483940094709,0.471006244421,0.407495498657
2023-08-05,202304020307,2020104566,11,ニホンピロソラーナ,0,2023,0.166250035167,0.165023431182,0.175378397107
2023-08-05,202304020307,2020106302,12,マリブコーク,0,2023,0.185047402978,0.176971316338,0.179075822234
2023-08-05,202304020307,2020102738,13,エールレヴリー,1,2023,0.466763705015,0.450982302427,0.469812572002
2023-08-05,202304020307,2020102819,14,アイソラシー,1,2023,0.279645979404,0.256608277559,0.269895315170
2023-08-05,202304020307,2020104646,16,ショーウェイコ,0,2023,0.153348445892,0.131835117936,0.117903083563
2023-08-05,202304020307,2020106699,17,ベルサーナ,0,2023,0.052881818265,0.060147091746,0.059157211334
2023-08-05,202304020307,2020106902,18,メイショウエース,0,2023,0.068329371512,0.066596806049,0.095978066325
2023-08-06,202301010610,2019104386,1,トーセンサンダー,0,2023,0.358770608902,0.358340501785,0.316188782454
2023-08-06,202301010610,2019104361,2,テーオースパロー,1,2023,0.230683192611,0.243770077825,0.261040300131
2023-08-06,202301010610,2020101031,3,アスクエピソード,0,2023,0.544864833355,0.512035489082,0.547421038151
2023-08-06,202301010610,2020102140,4,アンビバレント,1,2023,0.304258376360,0.260650306940,0.235752090812
2023-08-06,202301010610,2019110130,5,ルヴェルジェ,0,2023,0.132693991065,0.114347279072,0.139954671264
2023-08-06,202301010610,2018103330,6,マサカウマザンマイ,0,2023,0.056468896568,0.056384935975,0.040781732649
2023-08-06,202301010610,2018103485,7,ジャガード,0,2023,0.068598292768,0.062540985644,0.057959094644
2023-08-06,202301010610,2018100141,8,シャークスポット,1,2023,0.389639675617,0.400548666716,0.374269068241
2023-08-06,202301010610,2017102809,9,ガリレイ,0,2023,0.230878949165,0.271510094404,0.273768365383
2023-08-06,202301010610,2019101679,10,ヴィアドロローサ,0,2023,0.477870255709,0.459544360638,0.396430313587
2023-08-06,202301010610,2020100056,11,クールムーア,0,2023,0.341702282429,0.368092417717,0.337991029024
2023-08-06,202301010612,2020106821,1,ピースフルナイト,0,2023,0.342864513397,0.337677448988,0.397861063480
2023-08-06,202301010612,2020106706,2,タリア,1,2023,0.271995991468,0.320728182793,0.396141827106
2023-08-06,202301010612,2020100347,3,クリノリアルレディ,0,2023,0.281039714813,0.244137823582,0.242951661348
2023-08-06,202301010612,2018105518,4,ダブルスナッチ,0,2023,0.360921382904,0.372161895037,0.395376712084
2023-08-06,202301010612,2020102568,5,ワイアウ,0,2023,0.053542330861,0.054112810642,0.065331332386
2023-08-06,202301010612,2020101372,6,クリノエンジェル,0,2023,0.085381381214,0.076313465834,0.093349315226
2023-08-06,202301010612,2020100121,7,イイヒニナル,0,2023,0.103717468679,0.133955061436,0.110499039292
2023-08-06,202301010612,2020100289,8,シルバーダイヤ,0,2023,0.180642008781,0.160915225744,0.120843000710
2023-08-06,202301010612,2017103309,9,ホウオウエンジェル,1,2023,0.227804958820,0.239120677114,0.219409525394
2023-08-06,202301010612,2019102935,10,プラティナマリア,0,2023,0.050611916929,0.040429320186,0.021421693265
2023-08-06,202301010612,2020102591,11,メリオルヴィータ,0,2023,0.183378651738,0.178063869476,0.170402720571
2023-08-06,202301010612,2018104762,12,キャニオニング,0,2023,0.111046910286,0.098756104708,0.103659279644
2023-08-06,202301010612,2020103735,13,ランフリーバンクス,0,2023,0.367083162069,0.362756431103,0.346706897020
2023-08-06,202301010612,2019106194,14,コーリングユー,1,2023,0.527231097221,0.465038299561,0.497209191322
2023-08-06,202301010612,2019103200,15,ネイキッドハート,0,2023,0.071673840284,0.078511774540,0.062746569514
2023-08-06,202301010612,2020101378,16,アイヲツグモノ,0,2023,0.060037206858,0.068420663476,0.071657419205
2023-08-12,202301020112,2020102121,1,シルバーレイズ,0,2023,0.158355996013,0.132753714919,0.135800793767
2023-08-12,202301020112,2019102320,2,サイモンカーチス,0,2023,0.058411583304,0.061156690121,0.057012256235
2023-08-12,202301020112,2020109102,3,サウザンサニー,1,2023,0.415666013956,0.383540868759,0.393417060375
2023-08-12,202301020112,2018105201,4,デイトンウェイ,0,2023,0.329010248184,0.291636317968,0.272351831198
2023-08-12,202301020112,2018105096,5,レッドフランカー,0,2023,0.143103361130,0.148714393377,0.151735574007
2023-08-12,202301020112,2020103218,6,フミサウンド,1,2023,0.196148380637,0.200496912003,0.193967267871
2023-08-12,202301020112,2020103670,7,ショウナンハクウン,0,2023,0.167777866125,0.151085346937,0.118181444705
2023-08-12,202301020112,2020102321,8,テーオーヴァイナー,0,2023,0.069073699415,0.079782314599,0.090689115226
2023-08-12,202301020112,2018105357,9,ラピカズマ,0,2023,0.325942188501,0.347404211760,0.321220964193
2023-08-12,202301020112,2019105715,10,セキテイホノオー,0,2023,0.140414014459,0.155210867524,0.117488846183
2023-08-12,202301020112,2020105365,11,ドーバーホーク,1,2023,0.377644300461,0.401601225138,0.488643884659
2023-08-12,202301020112,2020100741,12,ノーブルラン,0,2023,0.108824446797,0.124925404787,0.131776094437
2023-08-12,202301020112,2019101743,13,タムロキュラムン,0,2023,0.057484883815,0.052577737719,0.065692789853
2023-08-12,202301020112,2019103790,14,ミツカネムーン,0,2023,0.048489864916,0.043105322868,0.033846609294
2023-08-12,202301020112,2019103193,15,トリップトゥムーン,0,2023,0.398317426443,0.385654956102,0.365068674088
2023-08-12,202301020112,2019102747,16,マキアージュ,1,2023,0.217529371381,0.241231858730,0.208242267370
2023-08-12,202310030112,2019109096,1,ダイヤモンドフジ,1,2023,0.142780318856,0.175831153989,0.137362882495
2023-08-12,202310030112,2019104686,2,アキバ,0,2023,0.185811936855,0.199996903539,0.208562314510
2023-08-12,202310030112,2020105484,3,ニシノコウダイ,0,2023,0.172133818269,0.190967142582,0.180889487267
2023-08-12,202310030112,2018106200,4,メイショウヒゾッコ,0,2023,0.055328778923,0.066050395370,0.059222698212
2023-08-12,202310030112,2020102294,5,スイープラン,0,2023,0.243322804570,0.262585163116,0.288347512484
2023-08-12,202310030112,2018101951,6,タガノスペルノヴァ,0,2023,0.059992678463,0.058388900012,0.065681941807
2023-08-12,202310030112,2020106777,7,セレッソデアモール,0,2023,0.203124940395,0.185347765684,0.185223504901
2023-08-12,202310030112,2020101897,8,レッドヒルシューズ,1,2023,0.151197403669,0.113509856164,0.104439631104
2023-08-12,202310030112,2020101556,9,オーサムサンライズ,0,2023,0.059778772295,0.079174093902,0.090077318251
2023-08-12,202310030112,2019106099,10,ラブリアージェ,0,2023,0.031777299941,0.025099655613,0.018541878089
2023-08-12,202310030112,2019110051,11,シュガーフロート,0,2023,0.294028133154,0.263708740473,0.253053039312
2023-08-12,202310030112,2020100725,12,シンプリーオーサム,0,2023,0.338851422071,0.344970941544,0.429722636938
2023-08-12,202310030112,2016102111,13,ファタリテ,0,2023,0.026537150145,0.022532733157,0.019098242745
2023-08-12,202310030112,2019106598,14,プロティオスミノル,0,2023,0.115270286798,0.124898634851,0.116650760174
2023-08-12,202310030112,2019102147,15,フォレクラフト,0,2023,0.251948565245,0.267533928156,0.284813761711
2023-08-12,202310030112,2020101763,16,トーホウフランゴ,0,2023,0.272484004498,0.282434195280,0.313236176968
2023-08-12,202310030112,2020102971,17,サトノグレイト,0,2023,0.190627202392,0.227296665311,0.260890483856
2023-08-12,202310030112,2018100736,18,アンフィニドール,1,2023,0.280726164579,0.305100530386,0.217819347978
2023-08-13,202301020211,2019103782,1,ルピナスリード,0,2023,0.063407294452,0.063117191195,0.096325315535
2023-08-13,202301020211,2019102238,2,クロジシジョー,0,2023,0.207373350859,0.217490524054,0.307982712984
2023-08-13,202301020211,2017110123,3,ヴィズサクセス,0,2023,0.253926396370,0.210335865617,0.214504972100
2023-08-13,202301020211,2017101183,4,レッドライデン,0,2023,0.028721552342,0.022426413372,0.023996496573
2023-08-13,202301020211,2015100822,5,タイセイアベニール,0,2023,0.084031432867,0.091403171420,0.070242069662
2023-08-13,202301020211,2016100298,6,ミニオンペール,0,2023,0.130386814475,0.107291057706,0.105473726988
2023-08-13,202301020211,2018106504,7,サトノアイ,1,2023,0.122507400811,0.122751362622,0.130241230130
2023-08-13,202301020211,2019100765,8,コムストックロード,0,2023,0.178939461708,0.153391405940,0.134677410126
2023-08-13,202301020211,2019100791,9,シナモンスティック,1,2023,0.373724281788,0.340587645769,0.362432897091
2023-08-13,202301020211,2018102155,10,マイネルジェロディ,0,2023,0.113836079836,0.114365592599,0.124758861959
2023-08-13,202301020211,2019110031,11,エクセトラ,0,2023,0.431391060352,0.391318619251,0.397304475307
2023-08-13,202301020211,2017104852,12,キャプテンドレイク,0,2023,0.163562133908,0.148629009724,0.169324770570
2023-08-13,202301020211,2018105366,13,レッドベルオーブ,0,2023,0.184344723821,0.174738302827,0.182818278670
2023-08-13,202301020211,2018102595,14,ロードマックス,0,2023,0.117542929947,0.114331655204,0.083348795772
2023-08-13,202301020211,2019104841,15,カルネアサーダ,1,2023,0.335038602352,0.297672003508,0.228427022696
2023-08-13,202310030202,2020100523,1,ジョーシーゲル,0,2023,0.328978717327,0.324026077986,0.244679346681
2023-08-13,202310030202,2020104726,2,マカーリオ,1,2023,0.077584274113,0.079935863614,0.059033371508
2023-08-13,202310030202,2020106866,3,サトノアダマス,0,2023,0.251711070538,0.221077874303,0.234368994832
2023-08-13,202310030202,2020101516,4,オミコシ,0,2023,0.130689606071,0.101617150009,0.064758859575
2023-08-13,202310030202,2020106394,5,オンリーラヴ,0,2023,0.075400233269,0.065215222538,0.059027150273
2023-08-13,202310030202,2020103491,6,ディオファントス,0,2023,0.299176961184,0.323888868093,0.288308948278
2023-08-13,202310030202,2020110039,7,ユハンヌス,1,2023,0.528326392174,0.466507226229,0.503386855125
2023-08-13,202310030202,2020106736,8,メイショウタイジュ,0,2023,0.119925960898,0.123116098344,0.124986231327
2023-08-13,202310030202,2020106401,9,ナリタシン,0,2023,0.288295626640,0.301497489214,0.354342818260
2023-08-13,202310030202,2020106511,10,メイショウヒナギク,0,2023,0.064640916884,0.072229422629,0.078166246414
2023-08-13,202310030202,2020105497,11,シュガープラム,0,2023,0.041913613677,0.041047472507,0.047099530697
2023-08-13,202310030202,2020106644,12,モノセーラス,0,2023,0.240663245320,0.299342215061,0.343654453754
2023-08-13,202310030202,2020103431,15,ドウフォルス,1,2023,0.158863231540,0.166340887547,0.150616317987
2023-08-13,202310030202,2020103112,16,ヒットザフロント,0,2023,0.170167356730,0.159775763750,0.123851403594
2023-08-13,202310030202,2020104236,17,ニトウリュウ,0,2023,0.032103847712,0.034592974931,0.042428620160
2023-08-13,202310030202,2020100370,18,フェリキタス,0,2023,0.471546888351,0.439782947302,0.467855721712
2023-08-19,202301020303,2020102050,1,サンポーニャ,1,2023,0.271664589643,0.262664943933,0.256580799818
2023-08-19,202301020303,2020101863,2,コパカバーナビーチ,0,2023,0.290730923414,0.303681284189,0.279620587826
2023-08-19,202301020303,2020106462,3,カイラシ,0,2023,0.021109445021,0.016588665545,0.019315689802
2023-08-19,202301020303,2020106149,4,アスキーアート,0,2023,0.321702361107,0.323398649693,0.303496718407
2023-08-19,202301020303,2020104241,5,アパラギ,0,2023,0.052418373525,0.054147228599,0.060597751290
2023-08-19,202301020303,2020100286,6,ルリイロ,0,2023,0.112815260887,0.122792474926,0.135072812438
2023-08-19,202301020303,2020102545,7,マテンロウプラウド,1,2023,0.233871251345,0.224519670010,0.220178380609
2023-08-19,202301020303,2020105426,9,ベストバディ,0,2023,0.150578051805,0.156413063407,0.144833832979
2023-08-19,202301020303,2020106712,10,ファルマリン,0,2023,0.184012517333,0.166957885027,0.198249220848
2023-08-19,202301020303,2020101610,11,ルージュアズライト,0,2023,0.152210325003,0.158855959773,0.157896816730
2023-08-19,202301020303,2020105791,12,アフターグロウ,0,2023,0.428004443645,0.432086735964,0.442277997732
2023-08-19,202301020303,2020100759,13,アルマロクザン,1,2023,0.495256662369,0.529478371143,0.540805578232
2023-08-19,202301020303,2020103949,14,シャコンヌ,0,2023,0.033781372011,0.033005066216,0.033315334469
2023-08-19,202301020303,2020100726,15,シティウォリアー,0,2023,0.226654767990,0.234492346644,0.169804081321
2023-08-19,202301020303,2020110048,16,ウィンザーロア,0,2023,0.251757264137,0.254566639662,0.225986018777
2023-08-19,202310030304,2020109092,1,ジャパンノウレッジ,1,2023,0.152861729264,0.166789457202,0.175218433142
2023-08-19,202310030304,2020103752,3,アスターフラッペ,0,2023,0.204063341022,0.207433417439,0.245694160461
2023-08-19,202310030304,2020102777,4,ヴゼットマシェリ,0,2023,0.122846089303,0.101162940264,0.113232918084
2023-08-19,202310030304,2020103443,6,ユレマー,0,2023,0.159434154630,0.159640222788,0.138894706964
2023-08-19,202310030304,2020100411,7,ジャストザヴァルス,0,2023,0.039930623025,0.045871146023,0.052782945335
2023-08-19,202310030304,2020101792,8,プロスペリダード,1,2023,0.574514329433,0.644714534283,0.623722732067
2023-08-19,202310030304,2020103418,9,インクルードダイヤ,0,2023,0.359366744757,0.324982821941,0.329333513975
2023-08-19,202310030304,2020100486,10,フェネストラ,0,2023,0.333889514208,0.297497093678,0.284117549658
2023-08-19,202310030304,2020101798,11,オータムクイーン,0,2023,0.262904793024,0.231424897909,0.257432222366
2023-08-19,202310030304,2020103631,14,ゴレアドール,1,2023,0.267346680164,0.269280940294,0.258863925934
2023-08-19,202310030304,2020104780,15,ラホーヤストーム,0,2023,0.023774240166,0.032619975507,0.032451890409
2023-08-19,202310030304,2020106337,16,ダンツクリスタル,0,2023,0.494202017784,0.566826820374,0.535898864269
2023-08-19,202310030304,2020105289,17,メリーコッカー,0,2023,0.177274972200,0.174630880356,0.205703973770
2023-08-19,202310030311,2019101903,1,ブレスレスリー,1,2023,0.298974096775,0.262874901295,0.257904350758
2023-08-19,202310030311,2019105658,2,オタルエバー,0,2023,0.408792227507,0.397962778807,0.370017141104
2023-08-19,202310030311,2019103605,3,ペプチドヤマト,0,2023,0.413324803114,0.368612557650,0.395770460367
2023-08-19,202310030311,2018100025,4,シゲルカチョウ,0,2023,0.274298459291,0.285347640514,0.243639975786
2023-08-19,202310030311,2018102649,5,タツリュウオー,0,2023,0.178431838751,0.120152726769,0.087758734822
2023-08-19,202310030311,2018100570,6,セリシア,0,2023,0.293651610613,0.343866825104,0.315006017685
2023-08-19,202310030311,2018103406,7,トーホウディアス,0,2023,0.215236231685,0.245112881064,0.209984526038
2023-08-19,202310030311,2017104138,8,グランレイ,0,2023,0.318270951509,0.281727254391,0.278483718634
2023-08-19,202310030311,2017106087,9,メイショウゲンセン,1,2023,0.446824580431,0.406555444002,0.435940742493
2023-08-19,202310030311,2018106389,10,メイショウツツジ,0,2023,0.077004916966,0.080499045551,0.073047690094
2023-08-19,202310030311,2019100581,11,ヒルノローザンヌ,1,2023,0.086441136897,0.126794040203,0.134162068367
2023-08-20,202301020410,2018102021,1,ヤマニンルリュール,0,2023,0.108814746141,0.072694383562,0.085853099823
2023-08-20,202301020410,2020104942,2,シルフィードレーヴ,1,2023,0.191636115313,0.191136687994,0.263531833887
2023-08-20,202301020410,2018104765,3,イズンシーラブリー,0,2023,0.366880804300,0.363426774740,0.362206250429
2023-08-20,202301020410,2018104559,4,ナリタローゼ,0,2023,0.373401522636,0.368143498898,0.341966569424
2023-08-20,202301020410,2020104674,5,バレリーナ,0,2023,0.090947717428,0.072005636990,0.101778917015
2023-08-20,202301020410,2019103897,6,ハピネスアゲン,1,2023,0.410470247269,0.402627319098,0.420975476503
2023-08-20,202301020410,2020106330,7,ラウラーナ,0,2023,0.339594244957,0.369795173407,0.423420071602
2023-08-20,202301020410,2019105317,8,トップキャスト,0,2023,0.049691684544,0.035265959799,0.026505844668
2023-08-20,202301020410,2020106706,9,タリア,0,2023,0.469282358885,0.503513813019,0.509357988834
2023-08-20,202301020410,2019100170,10,デルマカミーラ,0,2023,0.106796100736,0.067870311439,0.122937574983
2023-08-20,202301020410,2019102436,11,ミズノコキュウ,0,2023,0.316349029541,0.320724546909,0.285027533770
2023-08-20,202301020410,2019104328,12,タカラマドンナ,0,2023,0.057858668268,0.034538578242,0.052852466702
2023-08-20,202301020410,2020107176,13,ワックスフラワー,1,2023,0.284725755453,0.293450474739,0.291578382254
2023-08-20,202301020410,2019101819,14,センタースリール,0,2023,0.057182095945,0.055125784129,0.043322250247
2023-08-20,202310030404,2020103587,1,ブルジュドバイ,0,2023,0.231582418084,0.241293087602,0.232584416866
2023-08-20,202310030404,2020101911,2,モズキラー,0,2023,0.085001051426,0.068478934467,0.051600806415
2023-08-20,202310030404,2020104320,3,アジュールブルー,0,2023,0.173372551799,0.137725308537,0.134998828173
2023-08-20,202310030404,2020103894,4,ホウオウマーメイド,0,2023,0.195311337709,0.211694270372,0.178726360202
2023-08-20,202310030404,2020105186,5,ウインルベライト,0,2023,0.092842899263,0.082308769226,0.053624194115
2023-08-20,202310030404,2020100800,6,イナウィンク,0,2023,0.084481686354,0.084920831025,0.101865418255
2023-08-20,202310030404,2020100441,7,ハナサキポプラ,0,2023,0.108887955546,0.124758921564,0.097376674414
2023-08-20,202310030404,2020100715,8,タイセイサーマル,0,2023,0.089137658477,0.083156675100,0.089377790689
2023-08-20,202310030404,2020101872,9,デイトナモード,1,2023,0.424895286560,0.388122141361,0.347326338291
2023-08-20,202310030404,2020104347,10,スプル,0,2023,0.322630196810,0.307423651218,0.294416785240
2023-08-20,202310030404,2020107145,11,プリモカヴァロ,0,2023,0.081023029983,0.071551606059,0.088359616697
2023-08-20,202310030404,2020104598,12,ショウナンアウリイ,0,2023,0.045253083110,0.050338618457,0.049690373242
2023-08-20,202310030404,2020105299,13,リアライズ,1,2023,0.359889239073,0.360779523849,0.312087476254
2023-08-20,202310030404,2020102983,14,グレイコード,0,2023,0.152859598398,0.137124121189,0.085095867515
2023-08-20,202310030404,2020102271,15,コスモグングニール,0,2023,0.323535531759,0.264175683260,0.228460893035
2023-08-20,202310030404,2020104756,16,タマモメガジョッキ,1,2023,0.075452260673,0.085682921112,0.098354920745
2023-08-20,202310030404,2020104566,17,ニホンピロソラーナ,0,2023,0.151478454471,0.167269244790,0.178429543972
2023-08-20,202310030404,2020103665,18,モンテコルノ,0,2023,0.098645403981,0.096774026752,0.118484772742
2023-08-20,202310030407,2018100618,1,トーホウジュナール,1,2023,0.351277858019,0.362979710102,0.349891543388
2023-08-20,202310030407,2020104523,2,マイネルフォーコン,0,2023,0.188181474805,0.222284004092,0.190546691418
2023-08-20,202310030407,2020106737,3,メイショウコギク,0,2023,0.270148098469,0.275041550398,0.270093888044
2023-08-20,202310030407,2017101991,4,テンジュイン,0,2023,0.101082406938,0.091569937766,0.104211367667
2023-08-20,202310030407,2018100862,5,クリノビックリバゴ,0,2023,0.014037250541,0.014960114844,0.010794588365
2023-08-20,202310030407,2020100736,6,ビッグボーンリタ,0,2023,0.089280113578,0.090646639466,0.106036826968
2023-08-20,202310030407,2019104818,7,メイケイバートン,0,2023,0.395721524954,0.402083635330,0.437088936567
2023-08-20,202310030407,2020106944,8,ネイキッド,0,2023,0.110098972917,0.121763810515,0.151439115405
2023-08-20,202310030407,2019104686,9,アキバ,0,2023,0.354715347290,0.312565654516,0.339057594538
2023-08-20,202310030407,2020100784,10,アントニオヒロキ,0,2023,0.049490537494,0.052491728216,0.054775182158
2023-08-20,202310030407,2020103969,11,ヨウシタンレイ,1,2023,0.180387258530,0.217652872205,0.217036172748
2023-08-20,202310030407,2019102062,12,ハルカナネガイ,0,2023,0.102523066103,0.079354688525,0.088338159025
2023-08-20,202310030407,2020102027,13,カミーロ,0,2023,0.235655605793,0.215473994613,0.196598425508
2023-08-20,202310030407,2020101897,14,レッドヒルシューズ,1,2023,0.361821085215,0.325203537941,0.249401628971
2023-08-20,202310030407,2020105497,15,シュガープラム,0,2023,0.029733566567,0.030614750460,0.029178325087
2023-08-20,202310030407,2019106596,16,バトルシャイニング,0,2023,0.181097909808,0.206039696932,0.184299752116
2023-08-20,202310030409,2019103233,1,ニシノデフィレ,0,2023,0.239061370492,0.274013936520,0.241051286459
2023-08-20,202310030409,2017105192,2,カーフライターク,0,2023,0.079356364906,0.076130665839,0.070691406727
2023-08-20,202310030409,2019105915,3,グッドグロウス,0,2023,0.193993389606,0.196042969823,0.208064168692
2023-08-20,202310030409,2020103284,4,トールキン,0,2023,0.260435521603,0.277790307999,0.326628237963
2023-08-20,202310030409,2018104621,5,サトノルーチェ,1,2023,0.184000670910,0.245398268104,0.258488088846
2023-08-20,202310030409,2016102801,6,ロングファイナリー,0,2023,0.055666498840,0.071564853191,0.091816246510
2023-08-20,202310030409,2019104260,7,メイショウクリフト,0,2023,0.323231399059,0.364903360605,0.388205349445
2023-08-20,202310030409,2018106391,8,メイショウイジゲン,0,2023,0.054080642760,0.054825358093,0.064694978297
2023-08-20,202310030409,2019100210,9,ウインバグース,0,2023,0.188216730952,0.220631614327,0.228732228279
2023-08-20,202310030409,2018101964,10,アルムファーツリー,0,2023,0.044272817671,0.041895844042,0.049983289093
2023-08-20,202310030409,2019104697,11,ショウナンマッハ,1,2023,0.133016690612,0.137227550149,0.118923276663
2023-08-20,202310030409,2020110090,12,ティニア,0,2023,0.354552298784,0.326257556677,0.304700106382
2023-08-20,202310030409,2019101917,13,エテルナメンテ,0,2023,0.120733886957,0.139117076993,0.137375846505
2023-08-20,202310030409,2018106455,14,メイショウハボタン,0,2023,0.150543838739,0.166248574853,0.177644059062
2023-08-20,202310030409,2019105044,15,アドマイヤラヴィ,1,2023,0.542909502983,0.552366375923,0.566223978996
2023-08-20,202310030409,2017100922,16,フチサンメルチャン,0,2023,0.049665026367,0.046633183956,0.044949233532
2023-08-20,202310030411,2017105298,1,ストーンリッジ,1,2023,0.192758753896,0.168982312083,0.166718855500
2023-08-20,202310030411,2017101121,2,ボンボヤージ,0,2023,0.048960696906,0.030680133030,0.045343693346
2023-08-20,202310030411,2018105259,3,スティクス,0,2023,0.126760616899,0.095160491765,0.078728526831
2023-08-20,202310030411,2016105734,4,サンキューユウガ,0,2023,0.247387513518,0.236251756549,0.259860724211
2023-08-20,202310030411,2019104108,5,エナジーグラン,0,2023,0.361461073160,0.318427741528,0.345466792583
2023-08-20,202310030411,2018103238,6,リプレーザ,0,2023,0.103688471019,0.085776843131,0.090929262340
2023-08-20,202310030411,2019102576,7,クリノマジン,0,2023,0.166439905763,0.148051843047,0.176751062274
2023-08-20,202310030411,2017101765,8,レジェーロ,0,2023,0.092236831784,0.060591351241,0.073349505663
2023-08-20,202310030411,2019105394,9,ママコチャ,1,2023,0.420564413071,0.476472765207,0.413726180792
2023-08-20,202310030411,2017103005,10,ロードベイリーフ,0,2023,0.105221562088,0.100166827440,0.111730307341
2023-08-20,202310030411,2015104364,11,トゥラヴェスーラ,0,2023,0.097827874124,0.118082933128,0.138206124306
2023-08-20,202310030411,2019103422,12,テイエムスパーダ,0,2023,0.088628493249,0.067141234875,0.087892219424
2023-08-20,202310030411,2019110102,13,デュガ,0,2023,0.180604249239,0.177834868431,0.141557782888
2023-08-20,202310030411,2020101588,14,ロンドンプラン,0,2023,0.382604271173,0.377920687199,0.209211632609
2023-08-20,202310030411,2019110107,15,ジャスパークローネ,1,2023,0.228312388062,0.233778849244,0.206299677491
2023-08-20,202310030411,2017106387,16,スマートリアン,0,2023,0.143572002649,0.158321499825,0.184152141213
2023-08-20,202310030411,2018100032,17,シゲルピンクルビー,0,2023,0.080542646348,0.071414440870,0.074010625482
2023-08-20,202310030411,2020102764,18,モズメイメイ,0,2023,0.405440360308,0.414732813835,0.396365046501
2023-08-26,202301020501,2021105902,5,ココシャンパーニュ,0,2023,0.461237102747,0.479555040598,0.458349198103
2023-08-26,202301020501,2021103771,8,センタービット,0,2023,0.021852711216,0.018688425422,0.014440365136
2023-08-26,202301020501,2021102343,11,ラシェンテ,0,2023,0.196218922734,0.195088312030,0.163329705596
2023-08-26,202301020510,2019104361,1,テーオースパロー,0,2023,0.280321121216,0.298704028130,0.258404970169
2023-08-26,202301020510,2018101573,2,セイレーン,0,2023,0.084580674767,0.076342970133,0.071935258806
2023-08-26,202301020510,2018106552,3,メイショウフンケイ,0,2023,0.155528098345,0.145264431834,0.159471496940
2023-08-26,202301020510,2020106706,4,タリア,1,2023,0.286503583193,0.315942645073,0.327966392040
2023-08-26,202301020510,2018100097,5,スマートルシーダ,0,2023,0.333852738142,0.328540772200,0.313116401434
2023-08-26,202301020510,2018105873,6,ミキノバスドラム,0,2023,0.021650141105,0.016788141802,0.015607682057
2023-08-26,202301020510,2019106119,7,ユウグロスファクタ,0,2023,0.045553486794,0.053498987108,0.060924913734
2023-08-26,202301020510,2020102140,8,アンビバレント,0,2023,0.332176834345,0.351205080748,0.346713304520
2023-08-26,202301020510,2018103296,9,サニーオーシャン,0,2023,0.060865260661,0.043825641274,0.058503311127
2023-08-26,202301020510,2017102809,10,ガリレイ,1,2023,0.183555006981,0.203708767891,0.241103440523
2023-08-26,202301020510,2019104386,11,トーセンサンダー,0,2023,0.182724252343,0.169027820230,0.189694583416
2023-08-26,202301020510,2019102827,12,サンダビューク,0,2023,0.066637709737,0.060180000961,0.112027376890
2023-08-26,202301020510,2020100686,13,ジョリダム,0,2023,0.296948820353,0.291678905487,0.211440384388
2023-08-26,202301020510,2020105365,14,ドーバーホーク,1,2023,0.480673998594,0.517590701580,0.524170577526
2023-08-26,202304030507,2020106232,2,ネモフィラ,0,2023,0.113943770528,0.121157415211,0.106848821044
2023-08-26,202304030507,2020104410,3,ニシノクラウディア,0,2023,0.330451309681,0.322859406471,0.298651635647
2023-08-26,202304030507,2020104624,4,カドノユトリ,1,2023,0.155252546072,0.153041154146,0.135872453451
2023-08-26,202304030507,2020101725,5,エルカリエンテ,0,2023,0.351249068975,0.337497442961,0.292879372835
2023-08-26,202304030507,2020106699,7,ベルサーナ,1,2023,0.199773475528,0.186833828688,0.190905824304
2023-08-26,202304030507,2020104465,8,ウラヌス,0,2023,0.090485297143,0.094537906349,0.128095552325
2023-08-26,202304030507,2020103675,10,ピコデモンターニャ,0,2023,0.153156906366,0.147533208132,0.146893396974
2023-08-26,202304030507,2020100878,11,ハクサンセーブル,0,2023,0.132455363870,0.153043538332,0.151683837175
2023-08-26,202304030507,2020100267,12,ハクサンミューズ,0,2023,0.035817466676,0.049411818385,0.050935849547
2023-08-26,202304030507,2020104516,13,サクラトップクリス,0,2023,0.215914830565,0.176418587565,0.166437402368
2023-08-26,202304030507,2020105817,14,アルムダウン,0,2023,0.101768717170,0.075643301010,0.089153379202
2023-08-26,202304030507,2020102819,15,アイソラシー,1,2023,0.489800125360,0.462339162827,0.509783327579
2023-08-26,202304030507,2020103898,16,イグニション,0,2023,0.151416093111,0.125640258193,0.192653059959
2023-08-26,202304030507,2020103883,17,レイレフア,0,2023,0.023102819920,0.025099717081,0.036691192538
2023-08-26,202304030507,2020106097,18,ユーメイドマイデイ,0,2023,0.098241686821,0.117666982114,0.137306317687
2023-08-26,202304030512,2020103530,1,イコノスタシス,1,2023,0.589631974697,0.529183268547,0.454489231110
2023-08-26,202304030512,2019104059,2,スマートオリーブ,0,2023,0.256281822920,0.271094083786,0.202477633953
2023-08-26,202304030512,2018105515,3,パノティア,0,2023,0.326979279518,0.291867464781,0.260080158710
2023-08-26,202304030512,2019105765,4,ハウファアイルゴー,1,2023,0.152275994420,0.137401849031,0.157445356250
2023-08-26,202304030512,2020104911,5,キュベリン,0,2023,0.261691421270,0.224352449179,0.216444998980
2023-08-26,202304030512,2019102892,6,プランタニエール,0,2023,0.018929297104,0.014936284162,0.015720522031
2023-08-26,202304030512,2020104342,7,キガン,0,2023,0.543656110764,0.518029689789,0.488954663277
2023-08-26,202304030512,2020101093,8,ショッキングブルー,0,2023,0.243498072028,0.238872826099,0.214891985059
2023-08-26,202304030512,2018105257,9,ダノンジェネラル,0,2023,0.082614488900,0.083779558539,0.091619461775
2023-08-26,202304030512,2019102775,11,ヤマニンパニータ,0,2023,0.136154487729,0.138009771705,0.111329473555
2023-08-26,202304030512,2020106750,12,シルヴァーゴースト,0,2023,0.099757932127,0.102682791650,0.071294188499
2023-08-26,202304030512,2020100558,13,グレイスカリヨン,0,2023,0.171927943826,0.156756415963,0.205537170172
2023-08-26,202304030512,2020106343,14,ユカリプレリュード,0,2023,0.165407598019,0.141298517585,0.196070849895
2023-08-26,202310030507,2020106203,2,メイショウフラム,0,2023,0.254242271185,0.279821932316,0.260095775127
2023-08-26,202310030507,2020106193,5,レイジングウェイブ,0,2023,0.013410085812,0.012414229102,0.014562152326
2023-08-26,202310030507,2020100523,6,ジョーシーゲル,0,2023,0.389009386301,0.328809231520,0.312099248171
2023-08-26,202310030507,2020102846,9,アズワンウイッシュ,0,2023,0.017858395353,0.019542254508,0.020260166377
2023-08-26,202310030507,2020104726,10,マカーリオ,0,2023,0.252958089113,0.215740129352,0.222627192736
2023-08-26,202310030507,2020104780,12,ラホーヤストーム,0,2023,0.077872507274,0.077888891101,0.072336249053
2023-08-26,202310030507,2020103418,13,インクルードダイヤ,1,2023,0.308818370104,0.286941111088,0.258859276772
2023-08-26,202310030507,2020103493,14,カリブルヌス,0,2023,0.088621631265,0.088187806308,0.089515618980
2023-08-26,202310030507,2020105299,15,リアライズ,1,2023,0.556879341602,0.597062945366,0.611064136028
2023-08-26,202310030507,2020101121,16,ハッピーアズラリー,1,2023,0.332543164492,0.352179139853,0.302922487259
2023-08-26,202310030507,2020106644,18,モノセーラス,0,2023,0.242489024997,0.278130680323,0.287220418453
2023-08-26,202310030512,2018101951,1,タガノスペルノヴァ,0,2023,0.216909304261,0.216048046947,0.220431193709
2023-08-26,202310030512,2020102980,2,ルージュアウラ,0,2023,0.155386999249,0.175958186388,0.109845079482
2023-08-26,202310030512,2020101763,3,トーホウフランゴ,1,2023,0.480686813593,0.455679982901,0.457132786512
2023-08-26,202310030512,2016102111,4,ファタリテ,0,2023,0.041663609445,0.033911924809,0.035989858210
2023-08-26,202310030512,2020105534,5,タガノタント,0,2023,0.198197200894,0.169217094779,0.218613058329
2023-08-26,202310030512,2020105568,6,ハクサンパイオニア,1,2023,0.209602311254,0.195304021239,0.215625643730
2023-08-26,202310030512,2019104568,8,ビレッジスター,0,2023,0.120298154652,0.134705871344,0.108167886734
2023-08-26,202310030512,2020100519,9,ジョーイルムシュ,0,2023,0.217274039984,0.268005490303,0.246789962053
2023-08-26,202310030512,2019104169,10,メイショウタイゲイ,0,2023,0.146677955985,0.135829120874,0.124151013792
2023-08-26,202310030512,2020106882,11,シャングリラ,0,2023,0.347904056311,0.367080718279,0.357743293047
2023-08-26,202310030512,2020105484,12,ニシノコウダイ,1,2023,0.279083490372,0.306676954031,0.270013272762
2023-08-26,202310030512,2019106028,13,ピースキーパー,0,2023,0.235381111503,0.215258806944,0.234752550721
2023-08-27,202301020609,2019106194,1,コーリングユー,0,2023,0.473384588957,0.437907934189,0.449426710606
2023-08-27,202301020609,2020102718,2,オルフェスト,0,2023,0.327976882458,0.298463672400,0.312691718340
2023-08-27,202301020609,2019102747,3,マキアージュ,0,2023,0.239145830274,0.245687514544,0.243954569101
2023-08-27,202301020609,2020100347,4,クリノリアルレディ,0,2023,0.203167364001,0.160741180182,0.160863175988
2023-08-27,202301020609,2020103844,5,フリントロック,0,2023,0.257214754820,0.277261853218,0.291687518358
2023-08-27,202301020609,2019104897,6,デルマゴモリー,0,2023,0.028181226924,0.022087551653,0.019877577201
2023-08-27,202301020609,2018104762,7,キャニオニング,0,2023,0.088917508721,0.093660756946,0.093963973224
2023-08-27,202301020609,2018104908,8,アルジェントステラ,0,2023,0.105470210314,0.104160413146,0.113665528595
2023-08-27,202301020609,2020100121,9,イイヒニナル,1,2023,0.142352283001,0.142677530646,0.139196187258
2023-08-27,202301020609,2018102053,10,ドリームアゲイン,0,2023,0.038959838450,0.037687398493,0.035083066672
2023-08-27,202301020609,2020102049,11,ハウピア,0,2023,0.019178407267,0.013953683898,0.019510095939
2023-08-27,202301020609,2020103608,12,アイリッシュパール,0,2023,0.241480171680,0.205010414124,0.192834600806
2023-08-27,202301020609,2020104983,13,マルプリ,1,2023,0.273984223604,0.311083644629,0.462081551552
2023-08-27,202301020609,2020102879,14,スプレンディダ,0,2023,0.136608242989,0.137276276946,0.145269542933
2023-08-27,202301020609,2017103309,15,ホウオウエンジェル,1,2023,0.169723346829,0.179298892617,0.154295787215
2023-08-27,202301020609,2020106821,16,ピースフルナイト,0,2023,0.259675800800,0.273747116327,0.249618127942
2023-08-27,202301020611,2019102788,1,ウォーターナビレラ,0,2023,0.102864496410,0.093914218247,0.103123903275
2023-08-27,202301020611,2016106453,2,ナランフレグ,0,2023,0.107008248568,0.088273413479,0.081228360534
2023-08-27,202301020611,2018105366,3,レッドベルオーブ,0,2023,0.192324936390,0.167239680886,0.181316226721
2023-08-27,202301020611,2019104470,4,キミワクイーン,0,2023,0.317718446255,0.418445587158,0.389639973640
2023-08-27,202301020611,2019100213,5,ウインマーベル,0,2023,0.355131268501,0.403551638126,0.337066560984
2023-08-27,202301020611,2015100822,6,タイセイアベニール,0,2023,0.048291496933,0.051766309887,0.037821285427
2023-08-27,202301020611,2015105850,7,カイザーメランジェ,0,2023,0.042362336069,0.041596006602,0.041073486209
2023-08-27,202301020611,2019100791,8,シナモンスティック,1,2023,0.336135536432,0.304111272097,0.340821564198
2023-08-27,202301020611,2017105661,9,ジュビリーヘッド,0,2023,0.266546934843,0.282670289278,0.269543111324
2023-08-27,202301020611,2018101343,10,ゾンニッヒ,0,2023,0.403270840645,0.389564692974,0.398827612400
2023-08-27,202301020611,2018104331,11,ヴァトレニ,0,2023,0.260556310415,0.254513263702,0.250712454319
2023-08-27,202301020611,2019106526,12,トウシンマカオ,1,2023,0.194908484817,0.230595782399,0.207534775138
2023-08-27,202301020611,2018104029,13,レイハリア,0,2023,0.090319186449,0.070120394230,0.060807008296
2023-08-27,202301020611,2019103753,14,ナムラクレア,1,2023,0.390768557787,0.435987144709,0.412366241217
2023-08-27,202301020611,2018106504,15,サトノアイ,0,2023,0.158130541444,0.149980485439,0.132651746273
2023-08-27,202301020611,2018110035,16,シュバルツカイザー,0,2023,0.316929847002,0.306743294001,0.253511518240
2023-08-27,202310030601,2021102963,4,フタバ,0,2023,0.619621098042,0.605722725391,0.592006862164
2023-08-27,202310030601,2021101604,6,マクッテソフィア,0,2023,0.260170876980,0.243383094668,0.190005689859
2023-08-27,202310030601,2021103982,13,ダイメイイチョウ,0,2023,0.489590704441,0.505788922310,0.463933348656
2023-09-02,202301020701,2021100678,4,ヒデシンイメル,0,2023,0.654591262341,0.662908852100,0.658304393291
2023-09-02,202301020701,2021102057,8,サノノリッチ,0,2023,0.116361714900,0.126240104437,0.131252601743
2023-09-02,202301020709,2020104954,1,ウメムスビ,0,2023,0.114386036992,0.091244749725,0.111796855927
2023-09-02,202301020709,2019100170,2,デルマカミーラ,0,2023,0.116219550371,0.110888130963,0.092782840133
2023-09-02,202301020709,2019103136,3,シゲルファンノユメ,0,2023,0.245816156268,0.250747233629,0.216121599078
2023-09-02,202301020709,2018103485,4,ジャガード,0,2023,0.076065272093,0.063920468092,0.072776488960
2023-09-02,202301020709,2019102456,5,ナバロン,0,2023,0.106909565628,0.108059704304,0.119256496429
2023-09-02,202301020709,2017104895,6,ダノンカオス,0,2023,0.058521922678,0.048807326704,0.051701791584
2023-09-02,202301020709,2020106330,7,ラウラーナ,1,2023,0.289070218801,0.332982420921,0.356697618961
2023-09-02,202301020709,2020100056,8,クールムーア,1,2023,0.327122092247,0.322919458151,0.326983124018
2023-09-02,202301020709,2020101031,9,アスクエピソード,0,2023,0.387653410435,0.386964619160,0.418627887964
2023-09-02,202301020709,2019101819,10,センタースリール,0,2023,0.105654992163,0.106344446540,0.084185563028
2023-09-02,202301020709,2019107075,11,ブランデーロック,0,2023,0.119368679821,0.099319986999,0.089890576899
2023-09-02,202301020709,2017102809,12,ガリレイ,0,2023,0.209915041924,0.207062721252,0.224073678255
2023-09-02,202301020709,2020104942,13,シルフィードレーヴ,0,2023,0.276896774769,0.280433267355,0.292808204889
2023-09-02,202301020709,2018100097,14,スマートルシーダ,1,2023,0.267329484224,0.245749443769,0.215255185962
2023-09-02,202301020709,2019103897,15,ハピネスアゲン,0,2023,0.363370358944,0.376302182674,0.379512459040
2023-09-02,202301020709,2019101262,16,ショウナンアメリア,0,2023,0.173273697495,0.172934427857,0.174685791135
2023-09-02,202310030703,2020109088,1,カシノフェリクス,0,2023,0.016403486952,0.021662183106,0.016133900732
2023-09-02,202310030703,2020100715,2,タイセイサーマル,0,2023,0.148234128952,0.178602829576,0.157445102930
2023-09-02,202310030703,2020106512,3,メイショウミチロク,0,2023,0.061600007117,0.055146276951,0.057169381529
2023-09-02,202310030703,2020101121,4,ハッピーアズラリー,1,2023,0.434279084206,0.450840950012,0.470175385475
2023-09-02,202310030703,2020101229,6,レディメローラ,1,2023,0.196169421077,0.236704885960,0.265052437782
2023-09-02,202310030703,2020100542,7,ワンダーカラフル,0,2023,0.150494247675,0.150521650910,0.158617079258
2023-09-02,202310030703,2020102813,8,ミエノリュウセイ,0,2023,0.060311973095,0.064424589276,0.063375599682
2023-09-02,202310030703,2020103431,9,ドウフォルス,0,2023,0.439911782742,0.442030072212,0.396389454603
2023-09-02,202310030703,2020106902,10,メイショウエース,0,2023,0.090902984142,0.089262284338,0.120492517948
2023-09-02,202310030703,2020105299,11,リアライズ,0,2023,0.550072491169,0.588635623455,0.591807186604
2023-09-02,202310030703,2020109092,12,ジャパンノウレッジ,1,2023,0.157394304872,0.150325134397,0.156356975436
2023-09-02,202310030703,2020104756,13,タマモメガジョッキ,0,2023,0.124333292246,0.120584107935,0.149359747767
2023-09-02,202310030703,2020103631,14,ゴレアドール,0,2023,0.385509520769,0.339893311262,0.280335873365
2023-09-02,202310030703,2020104726,15,マカーリオ,0,2023,0.271164655685,0.253379762173,0.202532351017
2023-09-02,202310030703,2020103510,17,イストロス,0,2023,0.177041664720,0.175971806049,0.155038475990
2023-09-02,202310030703,2020100523,18,ジョーシーゲル,0,2023,0.217035278678,0.234727010131,0.204682067037
2023-09-02,202310030707,2019100572,1,ビーナスローズ,1,2023,0.192018315196,0.162595808506,0.114224240184
2023-09-02,202310030707,2019103813,2,レガーミ,0,2023,0.230543673038,0.219860941172,0.177755191922
2023-09-02,202310030707,2020102639,3,カンフーダンス,0,2023,0.159214064479,0.166129872203,0.161589831114
2023-09-02,202310030707,2019102062,4,ハルカナネガイ,0,2023,0.157148927450,0.148816958070,0.142757356167
2023-09-02,202310030707,2020100795,5,ベルタソ,0,2023,0.142747074366,0.130029171705,0.153522595763
2023-09-02,202310030707,2019106099,6,ラブリアージェ,0,2023,0.088758528233,0.086940221488,0.099790871143
2023-09-02,202310030707,2019106028,7,ピースキーパー,0,2023,0.128577917814,0.120038673282,0.135012254119
2023-09-02,202310030707,2020105497,8,シュガープラム,0,2023,0.016300788149,0.021669669077,0.019337542355
2023-09-02,202310030707,2018106145,9,アコルダール,0,2023,0.158486738801,0.152671381831,0.177930012345
2023-09-02,202310030707,2019102240,10,マメコ,1,2023,0.326948016882,0.307589679956,0.224778309464
2023-09-02,202310030707,2019101203,11,カレンラファータ,0,2023,0.070435926318,0.065032891929,0.070777885616
2023-09-02,202310030707,2018100813,12,アイヴォリーアイ,0,2023,0.105595350266,0.138328716159,0.132355064154
2023-09-02,202310030707,2019106086,13,ニホンピロポート,0,2023,0.095232740045,0.099613562226,0.090945325792
2023-09-02,202310030707,2020101827,14,バースクライ,1,2023,0.436865121126,0.488122045994,0.470378190279
2023-09-02,202310030707,2018100618,15,トーホウジュナール,0,2023,0.391329437494,0.358890324831,0.400564372540
2023-09-02,202310030707,2019105265,16,アエリーゾ,0,2023,0.103606581688,0.082457117736,0.093315280974
2023-09-02,202310030707,2020100713,17,イザベラフジン,0,2023,0.020694691688,0.022843807936,0.021218907088
2023-09-02,202310030707,2019103123,18,エリカフェリーチェ,0,2023,0.075468197465,0.072482250631,0.096793010831
2023-09-02,202310030711,2018100570,1,セリシア,0,2023,0.253433674574,0.275817483664,0.229239657521
2023-09-02,202310030711,2019101903,2,ブレスレスリー,0,2023,0.368160128593,0.341295152903,0.289776355028
2023-09-02,202310030711,2018106389,3,メイショウツツジ,0,2023,0.043023332953,0.036680921912,0.037669010460
2023-09-02,202310030711,2018102491,4,メイショウエニシア,0,2023,0.142569243908,0.158653289080,0.140545487404
2023-09-02,202310030711,2017104138,5,グランレイ,1,2023,0.237352743745,0.186633110046,0.193361490965
2023-09-02,202310030711,2019106102,6,アネゴハダ,0,2023,0.344177156687,0.407154768705,0.356247574091
2023-09-02,202310030711,2019110001,7,ショウナンハクラク,0,2023,0.343138188124,0.353820174932,0.318108737469
2023-09-02,202310030711,2017104873,8,エグレムニ,0,2023,0.097999542952,0.093540199101,0.095641255379
2023-09-02,202310030711,2017106264,9,ビアイ,0,2023,0.069045647979,0.058118257672,0.064108587801
2023-09-02,202310030711,2019103714,10,メイショウソラフネ,0,2023,0.447156220675,0.435924917459,0.474153667688
2023-09-02,202310030711,2019104915,11,バンデルオーラ,1,2023,0.201494619250,0.180506348610,0.201985344291
2023-09-02,202310030711,2018103406,12,トーホウディアス,0,2023,0.249372214079,0.266315639019,0.229224145412
2023-09-02,202310030711,2018102649,13,タツリュウオー,1,2023,0.091528467834,0.095777817070,0.104537181556
2023-09-03,202301020804,2020105426,1,ベストバディ,0,2023,0.214106500149,0.242968499660,0.211190745234
2023-09-03,202301020804,2020104087,2,グランツベリー,1,2023,0.154617801309,0.147754237056,0.145185649395
2023-09-03,202301020804,2020103789,3,コウソクカナ,0,2023,0.126419082284,0.114044696093,0.107761174440
2023-09-03,202301020804,2020105803,4,マイネルラッシュ,1,2023,0.455367445946,0.473258554935,0.463140755892
2023-09-03,202301020804,2020105791,6,アフターグロウ,0,2023,0.458627641201,0.488945960999,0.464010804892
2023-09-03,202301020804,2020103700,7,ルージュミシェル,0,2023,0.295682162046,0.291360616684,0.278648108244
2023-09-03,202301020804,2020103681,8,リッスンアップ,0,2023,0.101162917912,0.098315112293,0.117356412113
2023-09-03,202301020804,2020106487,9,フューチャーアゲン,0,2023,0.069661714137,0.063334837556,0.075675912201
2023-09-03,202301020804,2020105892,10,ヴァルトラウテ,0,2023,0.065385758877,0.079240366817,0.084035329521
2023-09-03,202301020804,2020103382,11,トラミナー,1,2023,0.598535478115,0.583739757538,0.580240666866
2023-09-03,202301020804,2020105731,12,パーペチュアル,0,2023,0.073762737215,0.064229600132,0.060085736215
2023-09-03,202301020804,2020103617,13,レディエンフェイス,0,2023,0.138052806258,0.183257266879,0.168268635869
2023-09-03,202301020804,2020100669,14,カグヤ,0,2023,0.031451206654,0.023252952844,0.024823328480
2023-09-03,202301020804,2020105059,16,エルフサイエン,0,2023,0.086113750935,0.088897809386,0.065043635666
2023-09-03,202301020806,2020102208,1,マテンロウアネモス,0,2023,0.346444159746,0.388472020626,0.423065066338
2023-09-03,202301020806,2019105350,2,シタン,0,2023,0.113143138587,0.128368452191,0.125146463513
2023-09-03,202301020806,2020103962,3,ステークホルダー,0,2023,0.250976204872,0.247267603874,0.276375085115
2023-09-03,202301020806,2020103218,4,フミサウンド,0,2023,0.322128713131,0.337975203991,0.321414709091
2023-09-03,202301020806,2020103365,5,ウィズダムハート,0,2023,0.194162949920,0.176910758018,0.164989948273
2023-09-03,202301020806,2020104346,6,イミュータブル,0,2023,0.136434048414,0.121862426400,0.157970145345
2023-09-03,202301020806,2020103238,7,オックスリップ,0,2023,0.277053564787,0.273250460625,0.235122308135
2023-09-03,202301020806,2020109102,8,サウザンサニー,1,2023,0.318273752928,0.270461708307,0.318159341812
2023-09-03,202301020806,2019105241,9,ビップシュプリーム,0,2023,0.259087949991,0.273061782122,0.283830493689
2023-09-03,202301020806,2019101266,10,ザアトム,0,2023,0.100549899042,0.094218343496,0.118973843753
2023-09-03,202301020806,2019104095,11,トータルリコール,0,2023,0.100684054196,0.104488611221,0.089217692614
2023-09-03,202301020806,2020102535,12,トーセントラム,1,2023,0.145207688212,0.111443415284,0.110406741500
2023-09-03,202301020806,2020109061,13,コンチトーホク,0,2023,0.072912327945,0.053188037127,0.048123825341
2023-09-03,202301020806,2018102053,14,ドリームアゲイン,1,2023,0.076318390667,0.079252362251,0.087866924703
2023-09-03,202301020806,2019103790,15,ミツカネムーン,0,2023,0.053790953010,0.054215904325,0.040253698826
2023-09-03,202301020806,2019102747,16,マキアージュ,0,2023,0.289751619101,0.272040128708,0.264732986689
2023-09-03,202301020809,2021105175,2,セントキルダ,0,2023,0.209622204304,0.165378466249,0.137381464243
2023-09-03,202301020809,2021106666,5,レイニングキャット,0,2023,0.170401066542,0.153807953000,0.111563645303
2023-09-03,202301020809,2021102775,11,レガテアドール,1,2023,0.190317645669,0.176622286439,0.163181722164
2023-09-03,202310030802,2021104316,7,ボビーニクビッタケ,0,2023,0.154556885362,0.150569394231,0.125935897231
2023-09-03,202310030802,2021101613,12,オーブラボー,0,2023,0.028965329751,0.024275843054,0.019476434216
2023-09-03,202310030807,2020101195,1,ゴルトリッチ,0,2023,0.111801788211,0.103147678077,0.108795598149
2023-09-03,202310030807,2018106200,2,メイショウヒゾッコ,0,2023,0.075782470405,0.080029346049,0.073464363813
2023-09-03,202310030807,2018103063,3,フィルムスコア,0,2023,0.139207616448,0.117514066398,0.118076764047
2023-09-03,202310030807,2020104825,4,スカプラリオ,0,2023,0.262108772993,0.280574738979,0.295381605625
2023-09-03,202310030807,2018110113,5,ヒトヨギリ,0,2023,0.076966509223,0.076228618622,0.056086029857
2023-09-03,202310030807,2020101879,6,マイド,0,2023,0.398332089186,0.380942970514,0.367500633001
2023-09-03,202310030807,2020100784,7,アントニオヒロキ,0,2023,0.057891812176,0.049542173743,0.044000584632
2023-09-03,202310030807,2020106644,8,モノセーラス,0,2023,0.153626263142,0.139637202024,0.144438937306
2023-09-03,202310030807,2020105484,9,ニシノコウダイ,0,2023,0.309476315975,0.327262997627,0.321110367775
2023-09-03,202310030807,2019104818,10,メイケイバートン,0,2023,0.206937104464,0.200319826603,0.194202318788
2023-09-03,202310030807,2019109096,11,ダイヤモンドフジ,0,2023,0.335194498301,0.385560959578,0.397004336119
2023-09-03,202310030807,2018103200,12,バーニングパワー,0,2023,0.049488183111,0.048235625029,0.054731726646
2023-09-03,202310030807,2017101991,13,テンジュイン,0,2023,0.104441992939,0.095985546708,0.083573229611
2023-09-03,202310030807,2020103969,14,ヨウシタンレイ,0,2023,0.230553507805,0.271493345499,0.248481437564
2023-09-03,202310030807,2020103270,15,ダミエ,1,2023,0.160289779305,0.158333152533,0.134690880775
2023-09-03,202310030807,2020106561,16,ニシノベストワン,0,2023,0.069672927260,0.075059838593,0.081234499812
2023-09-03,202310030807,2020100725,17,シンプリーオーサム,1,2023,0.240559443831,0.261823713779,0.258716553450
2023-09-03,202310030807,2020101763,18,トーホウフランゴ,1,2023,0.321071594954,0.341421455145,0.346824765205
2023-09-03,202310030809,2018104534,1,アスクキングコング,0,2023,0.121697068214,0.132162481546,0.150758728385
2023-09-03,202310030809,2018103902,2,サウンドブライアン,0,2023,0.094895549119,0.110725007951,0.131220817566
2023-09-03,202310030809,2018110001,3,ジュストコル,0,2023,0.143099635839,0.144424885511,0.150192990899
2023-09-03,202310030809,2019100666,4,イラーレ,0,2023,0.362313359976,0.376118093729,0.416923493147
2023-09-03,202310030809,2018106455,5,メイショウハボタン,0,2023,0.154400810599,0.131627559662,0.142258346081
2023-09-03,202310030809,2020100815,6,ミルトクレイモー,0,2023,0.295164257288,0.364222943783,0.425764620304
2023-09-03,202310030809,2017100922,7,フチサンメルチャン,0,2023,0.044597342610,0.045396532863,0.043321486562
2023-09-03,202310030809,2020101503,8,カンチェンジュンガ,0,2023,0.302065908909,0.369611531496,0.333500683308
2023-09-03,202310030809,2018101964,9,アルムファーツリー,0,2023,0.082924500108,0.077085994184,0.087108433247
2023-09-03,202310030809,2019104498,10,インプロバイザー,0,2023,0.167321532965,0.183041423559,0.184315159917
2023-09-03,202310030809,2019100210,11,ウインバグース,0,2023,0.234514653683,0.256356328726,0.251168906689
2023-09-03,202310030809,2019101917,12,エテルナメンテ,1,2023,0.104406051338,0.108561016619,0.118276149035
2023-09-03,202310030809,2019109146,13,イールテソーロ,0,2023,0.123447746038,0.101156651974,0.108070202172
2023-09-03,202310030809,2018104322,14,プレジールミノル,1,2023,0.063782155514,0.067689970136,0.073298946023
2023-09-03,202310030809,2017103020,15,ダンツイノーバ,0,2023,0.150206670165,0.183322623372,0.164386883378
2023-09-03,202310030809,2018106391,16,メイショウイジゲン,0,2023,0.044890604913,0.041084095836,0.040657389909
2023-09-03,202310030809,2018102585,17,ロードラスター,1,2023,0.168797239661,0.186161071062,0.182735100389
2023-09-09,202306040110,2020101590,1,トラベログ,0,2023,0.575330615044,0.603802263737,0.615669786930
2023-09-09,202306040110,2019104697,2,ショウナンマッハ,0,2023,0.446510553360,0.447333365679,0.399456292391
2023-09-09,202306040110,2018105873,3,ミキノバスドラム,0,2023,0.056920751929,0.044041913003,0.022760493681
2023-09-09,202306040110,2020103044,4,リラックス,0,2023,0.415346741676,0.395082205534,0.463056981564
2023-09-09,202306040110,2018103296,5,サニーオーシャン,0,2023,0.112594716251,0.100113503635,0.113737396896
2023-09-09,202306040110,2019104386,6,トーセンサンダー,1,2023,0.336269050837,0.306396722794,0.310657739639
2023-09-09,202306040110,2019100652,7,ハギノモーリス,1,2023,0.183880418539,0.227201789618,0.298408299685
2023-09-09,202306040110,2020103093,8,プレジャークルーズ,0,2023,0.292186677456,0.279544293880,0.325509250164
2023-09-09,202306040110,2020106706,9,タリア,1,2023,0.356696277857,0.367689639330,0.438444703817
2023-09-09,202306040110,2019100898,10,タッカーシルバー,0,2023,0.164047509432,0.173338294029,0.213272154331
2023-09-10,202306040210,2020100607,1,サンティーテソーロ,1,2023,0.516266167164,0.445356994867,0.492574006319
2023-09-10,202306040210,2020110133,2,フロムダスク,0,2023,0.406388193369,0.299711972475,0.290725678205
2023-09-10,202306040210,2019100450,3,ファロロジー,1,2023,0.471043795347,0.371005207300,0.238353550434
2023-09-10,202306040210,2019104976,4,ミスボニータ,0,2023,0.215881198645,0.190274715424,0.183451011777
2023-09-10,202306040210,2018103205,5,クムシラコ,0,2023,0.139719247818,0.131039232016,0.159644186497
2023-09-10,202306040210,2019109094,6,ブッシュガーデン,1,2023,0.277974039316,0.226331025362,0.276100188494
2023-09-10,202306040210,2019105398,7,フォラブリューテ,0,2023,0.067518897355,0.065236821771,0.058892406523
2023-09-10,202306040210,2018100756,8,シュアーヴアリア,0,2023,0.275705933571,0.277497708797,0.254865884781
2023-09-10,202306040210,2019104451,9,ビーオンザマーチ,0,2023,0.129239037633,0.114853106439,0.089994825423
2023-09-10,202306040210,2017102838,10,ハーモニーマゼラン,0,2023,0.441471397877,0.304801732302,0.422784179449
2023-09-10,202306040210,2018106077,11,イルクオーレ,0,2023,0.297514736652,0.331462323666,0.374676227570
2023-09-10,202306040210,2019100653,12,ハギノメーテル,0,2023,0.218406960368,0.198790475726,0.155149042606
2023-09-10,202309040211,2020101588,1,ロンドンプラン,0,2023,0.180584043264,0.213088691235,0.238060757518
2023-09-10,202309040211,2018104331,2,ヴァトレニ,0,2023,0.240431502461,0.254981517792,0.221787631512
2023-09-10,202309040211,2017101765,3,レジェーロ,0,2023,0.095981106162,0.096434369683,0.092074483633
2023-09-10,202309040211,2020101533,4,ドルチェモア,0,2023,0.240945056081,0.158932179213,0.153292894363
2023-09-10,202309040211,2019110105,5,ジャングロ,0,2023,0.395615667105,0.503910779953,0.473952054977
2023-09-10,202309040211,2020100896,6,ビッグシーザー,0,2023,0.456735044718,0.476303070784,0.555067300797
2023-09-10,202309040211,2019102979,7,エイシンスポッター,0,2023,0.343140929937,0.386837124825,0.316600382328
2023-09-10,202309040211,2019105126,8,アグリ,1,2023,0.487468183041,0.512986123562,0.518684267998
2023-09-10,202309040211,2017101121,9,ボンボヤージ,0,2023,0.059842441231,0.039469320327,0.047529853880
2023-09-10,202309040211,2018105204,10,ピクシーナイト,0,2023,0.240902513266,0.323004692793,0.280347347260
2023-09-10,202309040211,2019103422,11,テイエムスパーダ,1,2023,0.113796919584,0.074782088399,0.081788286567
2023-09-10,202309040211,2020103589,12,ブトンドール,0,2023,0.171733409166,0.199047833681,0.252986162901
2023-09-10,202309040211,2017100583,13,ディヴィナシオン,0,2023,0.077408097684,0.066291265190,0.074582889676
2023-09-10,202309040211,2017100091,14,スマートクラージュ,1,2023,0.368190735579,0.339858353138,0.285939365625
2023-09-10,202309040211,2019102273,15,モリノドリーム,0,2023,0.237556353211,0.220016017556,0.267271876335
2023-09-16,202306040303,2021103101,1,マケタラアカン,0,2023,0.392369508743,0.335573375225,0.286199718714
2023-09-16,202306040303,2021100638,3,アマルフィレモン,0,2023,0.144158437848,0.122883304954,0.102635197341
2023-09-16,202306040303,2021100015,5,キラン,0,2023,0.354041039944,0.336747914553,0.278801023960
2023-09-16,202306040303,2021109120,6,カシノディーバ,0,2023,0.154241368175,0.132645383477,0.153728142381
2023-09-16,202306040303,2021103771,7,センタービット,0,2023,0.048990357667,0.054275017232,0.044134039432
2023-09-17,202306040412,2020103885,1,クリノゴッホ,0,2023,0.188988357782,0.196520358324,0.231999754906
2023-09-17,202306040412,2018101455,2,マルス,0,2023,0.018398297951,0.014736711979,0.012536778115
2023-09-17,202306040412,2020102299,3,アシャカタカ,0,2023,0.215053692460,0.217179343104,0.208192974329
2023-09-17,202306040412,2019105715,4,セキテイホノオー,0,2023,0.312052100897,0.337884634733,0.330066531897
2023-09-17,202306040412,2019106339,5,フォールロワ,0,2023,0.054542433470,0.058058615774,0.058536261320
2023-09-17,202306040412,2020103670,6,ショウナンハクウン,1,2023,0.137564167380,0.141924142838,0.127815961838
2023-09-17,202306040412,2019105738,7,ピンクセイラー,1,2023,0.354709774256,0.361596018076,0.407609403133
2023-09-17,202306040412,2019104624,8,エコログロリアス,0,2023,0.121536716819,0.141262888908,0.106623835862
2023-09-17,202306040412,2018105257,9,ダノンジェネラル,0,2023,0.122896611691,0.139635711908,0.155316203833
2023-09-17,202306040412,2019101562,10,デフィデリ,0,2023,0.132151737809,0.137361392379,0.108483083546
2023-09-17,202306040412,2020101093,11,ショッキングブルー,0,2023,0.131669893861,0.149446040392,0.161760240793
2023-09-17,202306040412,2019104059,12,スマートオリーブ,0,2023,0.167220756412,0.156939029694,0.137546494603
2023-09-17,202306040412,2019105131,14,レーヌデゼトワール,0,2023,0.109422169626,0.082454912364,0.058920808136
2023-09-17,202306040412,2019105338,15,グランプレジール,1,2023,0.175332114100,0.194925576448,0.213353618979
2023-09-17,202306040412,2018105515,16,パノティア,0,2023,0.187873706222,0.189113780856,0.214149907231
2023-09-17,202309040407,2019101743,1,タムロキュラムン,0,2023,0.066395714879,0.068854704499,0.069055125117
2023-09-17,202309040407,2020103422,2,ジュエルピーチ,0,2023,0.426729619503,0.491685837507,0.379471600056
2023-09-17,202309040407,2019103193,3,トリップトゥムーン,0,2023,0.374195158482,0.390477389097,0.396267443895
2023-09-17,202309040407,2018106145,4,アコルダール,0,2023,0.131816357374,0.142424896359,0.161538809538
2023-09-17,202309040407,2019102068,5,シャウビンダー,0,2023,0.216097444296,0.232886344194,0.219909042120
2023-09-17,202309040407,2020103270,6,ダミエ,0,2023,0.248294830322,0.225491434336,0.198349699378
2023-09-17,202309040407,2020103007,7,エンファサイズ,0,2023,0.164459139109,0.182934865355,0.175851494074
2023-09-17,202309040407,2019102223,8,モズジャックポット,0,2023,0.054617840797,0.053387593478,0.056387204677
2023-09-17,202309040407,2018101951,9,タガノスペルノヴァ,0,2023,0.120716094971,0.126277863979,0.162983894348
2023-09-17,202309040407,2020100736,10,ビッグボーンリタ,0,2023,0.087518192828,0.104200460017,0.109259240329
2023-09-17,202309040407,2019102240,11,マメコ,1,2023,0.202224448323,0.237179219723,0.183248952031
2023-09-17,202309040407,2019105265,12,アエリーゾ,1,2023,0.134998619556,0.122378021479,0.116349250078
2023-09-17,202309040407,2020101792,13,プロスペリダード,1,2023,0.574052035809,0.565189957619,0.599213063717
2023-09-17,202309040407,2020101195,14,ゴルトリッチ,0,2023,0.134181424975,0.135517030954,0.147703602910
2023-09-17,202309040407,2017110112,15,コンバットマーチ,0,2023,0.011350530200,0.010582534596,0.010980643332
2023-09-17,202309040407,2018102053,16,ドリームアゲイン,0,2023,0.137424170971,0.136295363307,0.158398061991
2023-09-23,202306040604,2019101100,1,キーチズカンパニー,0,2023,0.059680785984,0.055268459022,0.040237419307
2023-09-23,202306040604,2020104437,2,ジャーニーメモリー,0,2023,0.201709896326,0.196697488427,0.166218996048
2023-09-23,202306040604,2018104872,3,アクアマリンブルー,1,2023,0.082323804498,0.079206340015,0.091403208673
2023-09-23,202306040604,2020104983,4,マルプリ,0,2023,0.630306661129,0.580744922161,0.604263305664
2023-09-23,202306040604,2020103593,5,リックスター,0,2023,0.434428244829,0.473146498203,0.422829091549
2023-09-23,202306040604,2020104088,6,ランドオブラヴ,1,2023,0.219905167818,0.256063967943,0.308658242226
2023-09-23,202306040604,2019102303,7,アイムファイン,0,2023,0.092772059143,0.094262719154,0.127313360572
2023-09-23,202306040604,2019105940,8,アリシアン,0,2023,0.087803691626,0.091392256320,0.088171549141
2023-09-23,202306040604,2019106637,9,アポロルタ,0,2023,0.167006045580,0.171083420515,0.209526464343
2023-09-23,202306040604,2019101605,10,エンギダルマ,0,2023,0.123634517193,0.087729424238,0.099058367312
2023-09-23,202306040604,2017105940,11,ジェラペッシュ,0,2023,0.017716653645,0.014016807079,0.013622527011
2023-09-23,202306040604,2019104764,12,ジェットグリッター,0,2023,0.081434004009,0.073741786182,0.067983299494
2023-09-23,202306040604,2019102747,13,マキアージュ,0,2023,0.255767941475,0.248401150107,0.309214919806
2023-09-23,202306040604,2018102069,14,ラナキラ,1,2023,0.185473009944,0.163940176368,0.184798762202
2023-09-23,202306040604,2019105765,15,ハウファアイルゴー,0,2023,0.112799681723,0.101390317082,0.129528760910
2023-09-23,202306040604,2018100094,16,ナムラシベラ,0,2023,0.124740071595,0.115135185421,0.100663870573
2023-09-23,202306040609,2021105054,1,モンシュマン,0,2023,0.248057901859,0.241179779172,0.201486274600
2023-09-23,202306040609,2021105122,3,マスクオールウィン,1,2023,0.468665271997,0.360176414251,0.277855038643
2023-09-23,202306040609,2021103323,6,オーキッドロマンス,1,2023,0.302556931973,0.232952147722,0.212803021073
2023-09-23,202306040609,2021100359,7,スカイキャンバス,0,2023,0.647348999977,0.556579411030,0.490854591131
2023-09-23,202306040609,2021105175,10,セントキルダ,0,2023,0.154423356056,0.176678195596,0.159822151065
2023-09-23,202309040602,2021110056,7,エコロガイア,1,2023,0.707707703114,0.667860925198,0.653933644295
2023-09-23,202309040610,2018103611,1,デルマカンノン,0,2023,0.097080573440,0.104411065578,0.100586995482
2023-09-23,202309040610,2019104498,2,インプロバイザー,0,2023,0.149737671018,0.192464575171,0.108804576099
2023-09-23,202309040610,2017100922,3,フチサンメルチャン,0,2023,0.076776683331,0.070888541639,0.075772531331
2023-09-23,202309040610,2018104534,4,アスクキングコング,0,2023,0.113988943398,0.135064467788,0.123910106719
2023-09-23,202309040610,2020101763,5,トーホウフランゴ,0,2023,0.279518753290,0.291105389595,0.251743018627
2023-09-23,202309040610,2020101827,6,バースクライ,1,2023,0.430643707514,0.435285240412,0.461789935827
2023-09-23,202309040610,2019101917,7,エテルナメンテ,0,2023,0.122737713158,0.135495886207,0.159317284822
2023-09-23,202309040610,2020102630,8,アルーリングビュー,1,2023,0.189783945680,0.161520630121,0.216490179300
2023-09-23,202309040610,2020101543,9,グランテスト,1,2023,0.247616529465,0.302084058523,0.387300819159
2023-09-23,202309040610,2019104697,10,ショウナンマッハ,0,2023,0.254123687744,0.281367212534,0.224855631590
2023-09-23,202309040610,2019100604,11,ヤマニンアンフィル,0,2023,0.190433502197,0.183024764061,0.192058593035
2023-09-23,202309040610,2017102940,12,ワンダーカタリナ,0,2023,0.136063590646,0.165442556143,0.115674480796
2023-09-23,202309040610,2018104322,13,プレジールミノル,0,2023,0.237360104918,0.204549670219,0.181748434901
2023-09-23,202309040610,2018100480,14,デルマヤクシ,0,2023,0.183378413320,0.162021219730,0.161776721478
2023-09-23,202309040610,2018106391,15,メイショウイジゲン,0,2023,0.050466801971,0.042739547789,0.054027613252
2023-09-23,202309040610,2019102856,16,トーホウラビアン,0,2023,0.102168597281,0.122993290424,0.114927828312
2023-09-24,202306040702,2021106000,3,キチロクサクラ,0,2023,0.080210529268,0.079779453576,0.078677177429
2023-09-24,202306040702,2021105872,8,ベアゴーゴー,0,2023,0.665926396847,0.667366325855,0.716266930103
2023-09-24,202306040702,2021104689,10,リネンワルツ,1,2023,0.624308764935,0.535822212696,0.545663177967
2023-09-24,202309040710,2016104227,1,ジョニーズララバイ,0,2023,0.070710837841,0.072142750025,0.059874970466
2023-09-24,202309040710,2019100652,2,ハギノモーリス,0,2023,0.339690238237,0.340040028095,0.333250939846
2023-09-24,202309040710,2020110133,3,フロムダスク,0,2023,0.295863717794,0.274527430534,0.227450713515
2023-09-24,202309040710,2019105806,4,ドロップオブライト,1,2023,0.325402498245,0.351689338684,0.402953892946
2023-09-24,202309040710,2018104949,5,フォイアーロート,0,2023,0.055063951761,0.053362704813,0.058890208602
2023-09-24,202309040710,2017106137,6,グレイトゲイナー,1,2023,0.115046374500,0.107715010643,0.134207382798
2023-09-24,202309040710,2019100581,7,ヒルノローザンヌ,0,2023,0.110979236662,0.116956755519,0.131018728018
2023-09-24,202309040710,2017103105,8,グッドマックス,0,2023,0.044959817082,0.045609392226,0.045907754451
2023-09-24,202309040710,2018102491,9,メイショウエニシア,1,2023,0.163897439837,0.170342341065,0.163105860353
2023-09-24,202309040710,2019110001,10,ショウナンハクラク,0,2023,0.283387333155,0.281929135323,0.264522641897
2023-09-24,202309040710,2018100570,11,セリシア,0,2023,0.086270533502,0.083264380693,0.089468218386
2023-09-24,202309040710,2020101419,12,ブーケファロス,0,2023,0.517676651478,0.502096176147,0.538187026978
2023-09-24,202309040710,2019103714,13,メイショウソラフネ,0,2023,0.421234667301,0.386843800545,0.391762554646
2023-09-24,202309040710,2020110040,14,ヤクシマ,0,2023,0.197636455297,0.146998420358,0.193017333746
2023-09-24,202309040710,2019106102,15,アネゴハダ,0,2023,0.154662653804,0.160413607955,0.141193717718
2023-09-24,202309040710,2018102649,16,タツリュウオー,0,2023,0.111496739089,0.099510371685,0.112992376089
2023-09-30,202306040802,2021101398,2,ミニマルデザイン,1,2023,0.424567669630,0.396182864904,0.336527615786
2023-09-30,202306040802,2021106440,10,アララララ,1,2023,0.293213069439,0.288794636726,0.249036520720
2023-09-30,202306040802,2021100438,14,ミルタンドレス,0,2023,0.492428034544,0.450848609209,0.429799050093
2023-09-30,202306040810,2019100666,1,イラーレ,1,2023,0.414631873369,0.389238625765,0.358072817326
2023-09-30,202306040810,2018103485,2,ジャガード,0,2023,0.045274864882,0.047928653657,0.033817719668
2023-09-30,202306040810,2020103044,3,リラックス,0,2023,0.374088555574,0.364992320538,0.404436200857
2023-09-30,202306040810,2019105238,4,フリートオブフット,0,2023,0.168129861355,0.185691922903,0.226470872760
2023-09-30,202306040810,2020106706,5,タリア,1,2023,0.214973270893,0.212804049253,0.205482587218
2023-09-30,202306040810,2017103123,6,ヤマニンプレシオサ,0,2023,0.030315853655,0.026993535459,0.019711732864
2023-09-30,202306040810,2019100755,7,アラクレ,0,2023,0.122740812600,0.124971948564,0.131471991539
2023-09-30,202306040810,2019105738,8,ピンクセイラー,0,2023,0.284995347261,0.255104333162,0.277744412422
2023-09-30,202306040810,2019101270,9,ヨール,1,2023,0.185353100300,0.208362802863,0.246953085065
2023-09-30,202306040810,2020106987,10,スムースベルベット,0,2023,0.209353610873,0.180506154895,0.206143468618
2023-09-30,202306040810,2019107075,11,ブランデーロック,0,2023,0.142926290631,0.141396999359,0.104156121612
2023-09-30,202306040810,2019105476,12,コラリン,0,2023,0.231166452169,0.248001053929,0.200885593891
2023-09-30,202306040810,2020104613,13,タツダイヤモンド,0,2023,0.251026988029,0.273821324110,0.292485535145
2023-09-30,202306040810,2020102535,14,トーセントラム,0,2023,0.210844248533,0.205871611834,0.180535197258
2023-09-30,202306040810,2020101897,15,レッドヒルシューズ,0,2023,0.284334540367,0.267673552036,0.258664995432
2023-09-30,202306040810,2018103920,16,ノックオンウッド,0,2023,0.108851410449,0.106016919017,0.123824432492
2023-10-01,202306040911,2019103753,1,ナムラクレア,1,2023,0.468518584967,0.453456223011,0.461435884237
2023-10-01,202306040911,2019103422,2,テイエムスパーダ,0,2023,0.211596250534,0.176903128624,0.182789981365
2023-10-01,202306040911,2018105204,3,ピクシーナイト,0,2023,0.169330373406,0.216664716601,0.190923243761
2023-10-01,202306040911,2016106453,4,ナランフレグ,0,2023,0.071827709675,0.053603429347,0.058160584420
2023-10-01,202306040911,2019100213,5,ウインマーベル,0,2023,0.194730311632,0.218220859766,0.220873832703
2023-10-01,202306040911,2019105394,6,ママコチャ,1,2023,0.441991686821,0.429822176695,0.384992241859
2023-10-01,202306040911,2018105061,7,オールアットワンス,0,2023,0.244683280587,0.311981379986,0.295661836863
2023-10-01,202306040911,2018105069,8,メイケイエール,0,2023,0.091958418489,0.067787282169,0.080217756331
2023-10-01,202306040911,2019105126,9,アグリ,0,2023,0.429086029530,0.477430671453,0.464823216200
2023-10-01,202306040911,2019110020,10,マッドクール,1,2023,0.413507401943,0.457531034946,0.416318088770
2023-10-01,202306040911,2017105661,11,ジュビリーヘッド,0,2023,0.242362052202,0.266874164343,0.231750547886
2023-10-01,202306040911,2020101533,12,ドルチェモア,0,2023,0.068182669580,0.049699708819,0.051393583417
2023-10-01,202306040911,2019110107,13,ジャスパークローネ,0,2023,0.262860357761,0.290768742561,0.297469139099
2023-10-01,202306040911,2019102979,14,エイシンスポッター,0,2023,0.240824475884,0.284724742174,0.240649104118
2023-10-01,202306040911,2019104470,15,キミワクイーン,0,2023,0.302467733622,0.332792818546,0.315744102001
2023-10-01,202306040911,2020102764,16,モズメイメイ,0,2023,0.197829648852,0.269871801138,0.223860502243
2023-10-08,202308020201,2021104316,2,ボビーニクビッタケ,1,2023,0.282178014517,0.229326292872,0.172016248107
2023-10-08,202308020201,2021107204,8,アオイエクラタン,0,2023,0.020561827347,0.020186549053,0.021426040679
2023-10-08,202308020211,2018102360,1,メディーヴァル,0,2023,0.083020083606,0.085955768824,0.121591411531
2023-10-08,202308020211,2020100896,2,ビッグシーザー,0,2023,0.513350188732,0.550334751606,0.490907400846
2023-10-08,202308020211,2020105400,3,タマモブラックタイ,0,2023,0.353918701410,0.383930414915,0.301796197891
2023-10-08,202308020211,2017100583,4,ディヴィナシオン,1,2023,0.110788285732,0.096026457846,0.085537217557
2023-10-08,202308020211,2019105237,5,スリーパーダ,0,2023,0.148630589247,0.164707183838,0.183352410793
2023-10-08,202308020211,2020102660,6,シングザットソング,1,2023,0.262813031673,0.234774619341,0.193624541163
2023-10-08,202308020211,2017104270,7,トキメキ,0,2023,0.129587605596,0.131671562791,0.167219981551
2023-10-08,202308020211,2016110119,8,ジャスパージャック,0,2023,0.077391639352,0.083734899759,0.077524304390
2023-10-08,202308020211,2018101452,9,スンリ,0,2023,0.115518704057,0.144323825836,0.175635099411
2023-10-08,202308020211,2019102576,10,クリノマジン,0,2023,0.102227464318,0.081337109208,0.099340423942
2023-10-08,202308020211,2020102564,11,ムーンプローブ,0,2023,0.159619987011,0.165066510439,0.173521801829
2023-10-08,202308020211,2015100822,12,タイセイアベニール,0,2023,0.111752979457,0.094650112092,0.080802410841
2023-10-08,202308020211,2017106087,13,メイショウゲンセン,1,2023,0.205199941993,0.216937750578,0.280741184950
2023-10-08,202308020211,2017101121,14,ボンボヤージ,0,2023,0.106566153467,0.098308436573,0.090005278587
2023-10-08,202308020211,2019100450,15,ファロロジー,0,2023,0.211246997118,0.169194906950,0.148091629148
2023-10-08,202308020211,2015105850,16,カイザーメランジェ,0,2023,0.018537204713,0.017324667424,0.015427593142
2023-10-08,202308020211,2019110105,17,ジャングロ,0,2023,0.290562897921,0.336773514748,0.317439168692
2023-10-08,202308020211,2015103616,18,メイショウオーパス,0,2023,0.037682950497,0.037882927805,0.033786665648
2023-10-14,202304040109,2018100618,1,トーホウジュナール,0,2023,0.325291275978,0.330879628658,0.329008251429
2023-10-14,202304040109,2019101032,3,ユキヤナギ,0,2023,0.034656412899,0.034869775176,0.021561959758
2023-10-14,202304040109,2020102738,4,エールレヴリー,1,2023,0.376426607370,0.404440343380,0.465143740177
2023-10-14,202304040109,2018102069,5,ラナキラ,1,2023,0.284625798464,0.294386535883,0.248513266444
2023-10-14,202304040109,2020102299,6,アシャカタカ,0,2023,0.156654521823,0.161157473922,0.139528051019
2023-10-14,202304040109,2019102068,7,シャウビンダー,0,2023,0.261875063181,0.263260722160,0.259676814079
2023-10-14,202304040109,2018105357,8,ラピカズマ,0,2023,0.242202728987,0.242833286524,0.187662974000
2023-10-14,202304040109,2018104561,9,エンブレムコード,0,2023,0.194206550717,0.189966797829,0.189793005586
2023-10-14,202304040109,2020103670,10,ショウナンハクウン,0,2023,0.224997520447,0.230318754911,0.237369984388
2023-10-14,202304040109,2020103578,11,ロッククリーク,0,2023,0.104577071965,0.106071203947,0.106945291162
2023-10-14,202304040109,2020104478,13,アルルカン,0,2023,0.088793784380,0.088450357318,0.098527900875
2023-10-14,202304040109,2020100305,14,セイウンスイート,0,2023,0.061389405280,0.060195971280,0.062273979187
2023-10-14,202304040109,2019104002,15,タイキバンディエラ,0,2023,0.066075094044,0.070571623743,0.062705866992
2023-10-14,202304040109,2019105412,16,プリモカリーナ,1,2023,0.264480888844,0.277879565954,0.353569269180
2023-10-14,202304040109,2020101517,17,ソノママソノママ,0,2023,0.227318122983,0.245314702392,0.283701896667
2023-10-14,202304040109,2020103885,18,クリノゴッホ,0,2023,0.189374372363,0.176483884454,0.182779133320
2023-10-15,202304040201,2021106000,2,キチロクサクラ,0,2023,0.039795797318,0.044463187456,0.027483928949
2023-10-15,202304040201,2021106440,3,アララララ,1,2023,0.477467954159,0.494853854179,0.443066865206
2023-10-15,202304040201,2021100272,5,ミッレマンドルリ,0,2023,0.028980134055,0.028254941106,0.019573044032
2023-10-15,202304040201,2021103571,6,プレイフォーエフ,0,2023,0.171712353826,0.156015440822,0.164444044232
2023-10-21,202304040311,2019105658,1,オタルエバー,1,2023,0.278898805380,0.266134172678,0.240832775831
2023-10-21,202304040311,2020100607,2,サンティーテソーロ,0,2023,0.424488306046,0.361361294985,0.402662247419
2023-10-21,202304040311,2017100461,3,ワンスカイ,0,2023,0.107752956450,0.108217693865,0.083564713597
2023-10-21,202304040311,2015103357,4,メイショウドウドウ,0,2023,0.046426407993,0.051944684237,0.054545100778
2023-10-21,202304040311,2019102041,5,アドヴァイス,0,2023,0.121876478195,0.110136799514,0.123286224902
2023-10-21,202304040311,2020100443,6,エイシンエイト,1,2023,0.240253895521,0.233496800065,0.211485460401
2023-10-21,202304040311,2018100756,7,シュアーヴアリア,0,2023,0.117563724518,0.125328272581,0.114562459290
2023-10-21,202304040311,2018106077,8,イルクオーレ,0,2023,0.136412039399,0.148797482252,0.154850572348
2023-10-21,202304040311,2017106240,9,アビエルト,0,2023,0.068361282349,0.056961197406,0.057443104684
2023-10-21,202304040311,2018105004,10,アップリバー,0,2023,0.118371851742,0.144249290228,0.177839979529
2023-10-21,202304040311,2019104525,11,ラキエータ,0,2023,0.121186375618,0.133350804448,0.156246408820
2023-10-21,202304040311,2019101903,12,ブレスレスリー,1,2023,0.274574220181,0.283947378397,0.290347188711
2023-10-21,202304040311,2018103205,13,クムシラコ,0,2023,0.070167139173,0.083943590522,0.094021797180
2023-10-21,202304040311,2017103105,14,グッドマックス,0,2023,0.046131551266,0.044029716402,0.035503972322
2023-10-21,202304040311,2019104962,15,ウィリン,0,2023,0.153386294842,0.184523716569,0.217684432864
2023-10-21,202304040311,2019101005,16,タイセイブリリオ,0,2023,0.132201999426,0.127849638462,0.165578037500
2023-10-21,202304040311,2019109094,17,ブッシュガーデン,0,2023,0.182751804590,0.180252104998,0.196732789278
2023-10-21,202304040311,2018102585,18,ロードラスター,0,2023,0.156216606498,0.187203705311,0.181229338050
2023-10-22,202308020709,2020101543,1,グランテスト,1,2023,0.391966581345,0.401546031237,0.505341410637
2023-10-22,202308020709,2019103562,2,ダテボレアス,0,2023,0.182004347444,0.155547052622,0.149525731802
2023-10-22,202308020709,2018104633,3,テーオーダヴィンチ,0,2023,0.366938114166,0.321323990822,0.331353873014
2023-10-22,202308020709,2019100666,4,イラーレ,1,2023,0.482435345650,0.419826209545,0.411226719618
2023-10-22,202308020709,2019104738,5,サウンドクレア,0,2023,0.252709865570,0.269099503756,0.285351425409
2023-10-22,202308020709,2020100815,6,ミルトクレイモー,1,2023,0.172037020326,0.209140360355,0.256693303585
2023-10-22,202308020709,2018103902,7,サウンドブライアン,0,2023,0.060847446322,0.066226854920,0.089425809681
2023-10-22,202308020709,2020105568,8,ハクサンパイオニア,0,2023,0.209463775158,0.195020303130,0.188319727778
2023-10-22,202308020709,2019102856,9,トーホウラビアン,0,2023,0.099197797477,0.088455721736,0.071902357042
2023-10-22,202308020709,2018100736,10,アンフィニドール,0,2023,0.248908266425,0.256645113230,0.278460681438
2023-10-22,202308020709,2018104663,11,タウゼントシェーン,0,2023,0.240025475621,0.214604973793,0.197586715221
2023-10-22,202308020709,2020104613,12,タツダイヤモンド,0,2023,0.132013410330,0.154886722565,0.159471258521
2023-10-22,202308020709,2020104954,13,ウメムスビ,0,2023,0.084147371352,0.057106744498,0.086077928543
2023-10-22,202308020709,2018103611,14,デルマカンノン,0,2023,0.064678810537,0.049009989947,0.059776764363
2023-10-22,202308020709,2019100292,15,ダレモトメラレナイ,0,2023,0.130783453584,0.126126691699,0.159521594644
2023-10-22,202308020709,2020110090,16,ティニア,0,2023,0.177050560713,0.178937733173,0.176919057965
2023-10-28,202304040510,2019105050,1,メルヴィル,0,2023,0.181435897946,0.185432285070,0.192846462131
2023-10-28,202304040510,2018100378,2,ディアナグラン,0,2023,0.178603217006,0.143866598606,0.137580424547
2023-10-28,202304040510,2020100258,3,セイウンダマシイ,0,2023,0.141014084220,0.110008656979,0.178509563208
2023-10-28,202304040510,2019101270,4,ヨール,0,2023,0.320578336716,0.336983263493,0.311733365059
2023-10-28,202304040510,2019105766,5,アメトリーチェ,1,2023,0.033169314265,0.023704584688,0.027100628242
2023-10-28,202304040510,2019104549,6,テンメジャーガール,0,2023,0.084998473525,0.070005111396,0.082406118512
2023-10-28,202304040510,2020102738,7,エールレヴリー,1,2023,0.391737729311,0.394481718540,0.437736272812
2023-10-28,202304040510,2019100755,8,アラクレ,0,2023,0.120736889541,0.114787451923,0.126086324453
2023-10-28,202304040510,2019104361,9,テーオースパロー,0,2023,0.225791677833,0.256682395935,0.251570880413
2023-10-28,202304040510,2019100604,10,ヤマニンアンフィル,0,2023,0.118419766426,0.127685546875,0.146308064461
2023-10-28,202304040510,2020102140,11,アンビバレント,0,2023,0.131796896458,0.114364132285,0.117460764945
2023-10-28,202304040510,2017101777,12,ヤマニンプティパ,0,2023,0.034207157791,0.029704093933,0.032858014107
2023-10-28,202304040510,2019101262,13,ショウナンアメリア,0,2023,0.230958327651,0.217780172825,0.231785893440
2023-10-28,202304040510,2019100214,14,ウインモナーク,1,2023,0.209834486246,0.213893562555,0.207439795136
2023-10-28,202304040510,2020103044,15,リラックス,0,2023,0.338432371616,0.346436262131,0.374155163765
2023-10-28,202304040510,2018103620,16,ロゼクラン,0,2023,0.164680391550,0.177187666297,0.190206602216
2023-10-28,202304040510,2020105895,17,フォルテース,0,2023,0.211609572172,0.244942829013,0.226768359542
2023-10-28,202304040510,2019100593,18,フラッシュアーク,0,2023,0.193168550730,0.159822493792,0.205727949739
2023-11-04,202303030108,2020104087,1,グランツベリー,1,2023,0.311978012323,0.299041271210,0.328455507755
2023-11-04,202303030108,2020104437,2,ジャーニーメモリー,0,2023,0.192953854799,0.198973596096,0.152117609978
2023-11-04,202303030108,2020106914,3,イコサン,1,2023,0.281707495451,0.299699395895,0.247960001230
2023-11-04,202303030108,2018100406,4,ヴィントミューレ,0,2023,0.342880100012,0.376121789217,0.401145398617
2023-11-04,202303030108,2018104938,5,ヴェールクレール,1,2023,0.333895027637,0.339934408665,0.381728976965
2023-11-04,202303030108,2020103885,6,クリノゴッホ,0,2023,0.191938221455,0.191172167659,0.137978121638
2023-11-04,202303030108,2020100295,7,メリトリオ,0,2023,0.342293590307,0.364246666431,0.341068983078
2023-11-04,202303030108,2020101798,8,オータムクイーン,0,2023,0.129201099277,0.128284081817,0.117845468223
2023-11-04,202303030108,2018104762,9,キャニオニング,0,2023,0.055967442691,0.056092467159,0.046936359257
2023-11-04,202303030108,2019101032,10,ユキヤナギ,0,2023,0.030873704702,0.030050458387,0.023760139942
2023-11-04,202303030108,2018105357,11,ラピカズマ,0,2023,0.243811681867,0.231762841344,0.201545089483
2023-11-04,202303030108,2018104908,12,アルジェントステラ,0,2023,0.084409594536,0.093784898520,0.094770565629
2023-11-04,202303030108,2019104720,13,クロンヌドラレーヌ,0,2023,0.073707647622,0.081787824631,0.086295440793
2023-11-04,202303030112,2020103238,1,オックスリップ,0,2023,0.405648976564,0.381125837564,0.299002319574
2023-11-04,202303030112,2018104872,2,アクアマリンブルー,0,2023,0.417308002710,0.367796927691,0.360334336758
2023-11-04,202303030112,2018103125,3,モラトリアム,1,2023,0.372070968151,0.362063676119,0.285698205233
2023-11-04,202303030112,2020105131,4,ロッソランパンテ,0,2023,0.065145373344,0.054756019264,0.033831518143
2023-11-04,202303030112,2019100677,5,ビヨンドザタイム,0,2023,0.296102344990,0.332964479923,0.349955618382
2023-11-04,202303030112,2017103309,6,ホウオウエンジェル,0,2023,0.345743089914,0.340793877840,0.381871074438
2023-11-04,202303030112,2019104818,7,メイケイバートン,1,2023,0.426178067923,0.422746688128,0.437489539385
2023-11-04,202303030112,2020104824,8,シンデレラスマイル,0,2023,0.314341783524,0.321401536465,0.295724093914
2023-11-04,202303030112,2019104764,9,ジェットグリッター,0,2023,0.094652056694,0.098811499774,0.073849864304
2023-11-04,202303030112,2020100906,10,フライングブレード,1,2023,0.463344216347,0.384535819292,0.419526129961
2023-11-04,202303030112,2020100305,11,セイウンスイート,0,2023,0.088155582547,0.078747823834,0.072455212474
2023-11-05,202303030202,2021110023,2,エクストラバック,1,2023,0.376616716385,0.405351340771,0.321023106575
2023-11-05,202303030202,2021106440,5,アララララ,1,2023,0.445809870958,0.446205317974,0.441576987505
2023-11-05,202303030202,2021102095,7,アクアファースト,0,2023,0.145436018705,0.162207037210,0.140243619680
2023-11-05,202303030202,2021100321,8,メイボウコウシ,0,2023,0.025575330481,0.025993736461,0.016573464498
2023-11-05,202303030202,2021103571,10,プレイフォーエフ,0,2023,0.106124199927,0.115341447294,0.093483477831
2023-11-05,202303030202,2021100287,15,ミルミル,0,2023,0.187924072146,0.195090472698,0.167363941669
2023-11-05,202303030208,2019101562,1,デフィデリ,1,2023,0.238142505288,0.237485796213,0.155186921358
2023-11-05,202303030208,2019101998,2,サンマルクレイジー,0,2023,0.207263022661,0.182994276285,0.124414987862
2023-11-05,202303030208,2019101833,3,ウインクルシャープ,0,2023,0.198930978775,0.174231484532,0.166533261538
2023-11-05,202303030208,2019102240,5,マメコ,1,2023,0.403408855200,0.426390022039,0.400956749916
2023-11-05,202303030208,2018100593,6,タイガーリリー,0,2023,0.258978664875,0.257624566555,0.290063381195
2023-11-05,202303030208,2020103340,7,スーパーアグリ,0,2023,0.333636969328,0.363244652748,0.370840907097
2023-11-05,202303030208,2020103670,8,ショウナンハクウン,0,2023,0.237479820848,0.261240571737,0.271469742060
2023-11-05,202303030208,2020100500,9,ヴィエンヌ,0,2023,0.395911037922,0.403652399778,0.419361710548
2023-11-05,202303030208,2018100096,10,キトゥンズマーチ,0,2023,0.118579283357,0.130314528942,0.060420401394
2023-11-05,202303030208,2020101378,11,アイヲツグモノ,0,2023,0.058225143701,0.057526245713,0.060720633715
2023-11-05,202303030208,2017101448,12,ウインアステロイド,0,2023,0.156752139330,0.127343133092,0.134884446859
2023-11-05,202303030208,2020105484,13,ニシノコウダイ,1,2023,0.271355092525,0.270362108946,0.252764731646
2023-11-05,202303030211,2019104108,1,エナジーグラン,0,2023,0.347665727139,0.293297111988,0.245069488883
2023-11-05,202303030211,2017105272,2,リレーションシップ,0,2023,0.150928497314,0.120694003999,0.144354373217
2023-11-05,202303030211,2015103616,3,メイショウオーパス,0,2023,0.044419743121,0.046172715724,0.037630587816
2023-11-05,202303030211,2018110035,4,シュバルツカイザー,0,2023,0.445369392633,0.420057684183,0.433462530375
2023-11-05,202303030211,2018101452,5,スンリ,0,2023,0.185935065150,0.156323984265,0.171486198902
2023-11-05,202303030211,2018105296,6,モントライゼ,0,2023,0.143296882510,0.130256682634,0.154526099563
2023-11-05,202303030211,2018100040,7,アビッグチア,0,2023,0.139660209417,0.134147793055,0.075271338224
2023-11-05,202303030211,2019100765,8,コムストックロード,0,2023,0.280207157135,0.237500965595,0.223117038608
2023-11-05,202303030211,2019100450,9,ファロロジー,1,2023,0.279712915421,0.256578147411,0.197915837169
2023-11-05,202303030211,2017100583,10,ディヴィナシオン,0,2023,0.146021842957,0.115125432611,0.103902690113
2023-11-05,202303030211,2017106137,11,グレイトゲイナー,1,2023,0.161583319306,0.168132647872,0.145292401314
2023-11-05,202303030211,2016104787,12,グルーヴィット,0,2023,0.048149246722,0.060941386968,0.063534431159
2023-11-05,202303030211,2018100032,13,シゲルピンクルビー,0,2023,0.140705987811,0.120602883399,0.112752228975
2023-11-05,202303030211,2019104915,14,バンデルオーラ,0,2023,0.194172799587,0.190435290337,0.178067475557
2023-11-05,202303030211,2017104852,15,キャプテンドレイク,0,2023,0.133868500590,0.117717362940,0.141260638833
2023-11-05,202303030211,2017106720,16,サンライズオネスト,1,2023,0.182136997581,0.191242247820,0.170102953911
2023-11-05,202308030201,2021103505,7,ウエストチェリー,0,2023,0.048852227628,0.042513128370,0.035970397294
2023-11-05,202308030201,2021104316,9,ボビーニクビッタケ,0,2023,0.358911454678,0.338845402002,0.338362485170
2023-11-05,202308030210,2019110001,1,ショウナンハクラク,1,2023,0.238042548299,0.233104750514,0.218197718263
2023-11-05,202308030210,2015103357,2,メイショウドウドウ,0,2023,0.057939194143,0.070148721337,0.052450425923
2023-11-05,202308030210,2020110133,3,フロムダスク,0,2023,0.165408879519,0.126593366265,0.124355882406
2023-11-05,202308030210,2020101419,4,ブーケファロス,1,2023,0.371181875467,0.390329211950,0.385629713535
2023-11-05,202308030210,2019100581,5,ヒルノローザンヌ,0,2023,0.091260939837,0.098504908383,0.084365881979
2023-11-05,202308030210,2019102106,6,ブリュットミレジメ,0,2023,0.291260868311,0.267839223146,0.243157789111
2023-11-05,202308030210,2018102491,7,メイショウエニシア,0,2023,0.174250900745,0.182275399566,0.179575040936
2023-11-05,202308030210,2019102041,8,アドヴァイス,0,2023,0.200873434544,0.182733342052,0.192133679986
2023-11-05,202308030210,2019101903,9,ブレスレスリー,0,2023,0.440281510353,0.410343438387,0.441648542881
2023-11-05,202308030210,2017103105,10,グッドマックス,0,2023,0.082367688417,0.087721996009,0.084921203554
2023-11-05,202308030210,2019102327,11,ケデシュ,0,2023,0.133311063051,0.136437579989,0.128077924252
2023-11-05,202308030210,2018103021,12,タイセイシェダル,0,2023,0.258381098509,0.282859146595,0.255965977907
2023-11-05,202308030210,2019109094,13,ブッシュガーデン,1,2023,0.219807639718,0.214540868998,0.233929499984
2023-11-05,202308030210,2018106077,14,イルクオーレ,0,2023,0.369033366442,0.340434312820,0.370547622442
2023-11-05,202308030210,2017105054,15,リヴェール,0,2023,0.063397876918,0.063650622964,0.074943378568
2023-11-05,202308030210,2018105306,16,インフィナイト,0,2023,0.079248674214,0.066377386451,0.076079487801
2023-11-05,202308030210,2018100025,17,シゲルカチョウ,0,2023,0.071844890714,0.074863500893,0.078172281384
2023-11-05,202308030210,2016104227,18,ジョニーズララバイ,0,2023,0.050192695111,0.061570707709,0.052055127919
2023-11-11,202303030303,2021103898,2,リケアリラ,0,2023,0.063514605165,0.058630939573,0.052050083876
2023-11-11,202303030303,2021103548,9,フォカッチャ,0,2023,0.227022930980,0.239455640316,0.184277355671
2023-11-11,202303030303,2021103101,11,マケタラアカン,0,2023,0.287398785353,0.295977860689,0.266114979982
2023-11-11,202303030303,2021106352,13,パイナップルソーダ,0,2023,0.017943877727,0.015826202929,0.015069358982
2023-11-11,202303030303,2021105297,15,マースフルガール,0,2023,0.555199444294,0.586465120316,0.544710993767
2023-11-11,202303030306,2020102599,1,リトルミム,0,2023,0.082590989769,0.083888955414,0.077761381865
2023-11-11,202303030306,2018102069,2,ラナキラ,1,2023,0.442293435335,0.402690023184,0.417686432600
2023-11-11,202303030306,2020102208,3,マテンロウアネモス,0,2023,0.384728282690,0.395354211330,0.484637826681
2023-11-11,202303030306,2019100197,4,ウインエイムハイ,0,2023,0.141141504049,0.154290780425,0.171524435282
2023-11-11,202303030306,2020104983,5,マルプリ,1,2023,0.456483632326,0.491798102856,0.538840174675
2023-11-11,202303030306,2020102294,6,スイープラン,0,2023,0.261962234974,0.283010214567,0.232433483005
2023-11-11,202303030306,2020102971,7,サトノグレイト,0,2023,0.294184595346,0.309385299683,0.371901601553
2023-11-11,202303030306,2020104415,8,スピニングマーリン,0,2023,0.211797013879,0.178482741117,0.163031086326
2023-11-11,202303030306,2019103200,9,ネイキッドハート,0,2023,0.094290763140,0.096014790237,0.088025458157
2023-11-11,202303030306,2020104824,10,シンデレラスマイル,0,2023,0.210187464952,0.227073341608,0.214089646935
2023-11-11,202303030306,2020100736,11,ビッグボーンリタ,1,2023,0.090765841305,0.099055707455,0.100299276412
2023-11-11,202303030306,2018105386,12,カフジヴィオレッタ,0,2023,0.068283349276,0.077227912843,0.034999508411
2023-11-11,202303030306,2019101998,13,サンマルクレイジー,0,2023,0.060588143766,0.059261307120,0.052166689187
2023-11-11,202303030306,2018105121,14,ソナトリーチェ,0,2023,0.102230533957,0.096295036376,0.085762500763
2023-11-11,202303030306,2019102510,15,アップフルーク,0,2023,0.080874748528,0.070246167481,0.048239804804
2023-11-11,202303030306,2020103418,16,インクルードダイヤ,0,2023,0.251468896866,0.246232509613,0.297447115183
2023-11-11,202303030310,2019100168,1,ベジェサ,0,2023,0.063665047288,0.061657156795,0.077553056180
2023-11-11,202303030310,2019103806,2,ベルウッドブラボー,0,2023,0.140127778053,0.168128058314,0.146447286010
2023-11-11,202303030310,2019101874,3,コズミックフロスト,0,2023,0.266828835011,0.259053677320,0.257351577282
2023-11-11,202303030310,2017104234,4,スズノヤマト,0,2023,0.051208470017,0.034549050033,0.036396659911
2023-11-11,202303030310,2018104322,5,プレジールミノル,0,2023,0.230547264218,0.212133690715,0.242904499173
2023-11-11,202303030310,2019100214,6,ウインモナーク,1,2023,0.251105129719,0.249476164579,0.260413229465
2023-11-11,202303030310,2019104697,7,ショウナンマッハ,0,2023,0.268218517303,0.259330868721,0.248019188643
2023-11-11,202303030310,2020110090,8,ティニア,0,2023,0.220898777246,0.221593469381,0.221126541495
2023-11-11,202303030310,2018100433,9,ブロンズレッド,1,2023,0.065276175737,0.068935424089,0.090199112892
2023-11-11,202303030310,2019100132,10,ペイシャカレン,0,2023,0.154145732522,0.116296149790,0.131605252624
2023-11-11,202303030310,2020103093,11,プレジャークルーズ,0,2023,0.164276897907,0.167612373829,0.163245201111
2023-11-11,202303030310,2019105175,12,ステイトダイアデム,0,2023,0.318624794483,0.294990718365,0.342877775431
2023-11-11,202303030310,2017101767,13,ベンガン,0,2023,0.239487633109,0.214844837785,0.189196720719
2023-11-11,202303030310,2019103897,14,ハピネスアゲン,1,2023,0.325558692217,0.328220754862,0.361104518175
2023-11-11,202303030310,2018103296,15,サニーオーシャン,0,2023,0.054868753999,0.043721236289,0.049469836056
2023-11-11,202303030310,2020106330,16,ラウラーナ,0,2023,0.308699965477,0.308863997459,0.334711760283
2023-11-11,202303030312,2020103079,1,デイズオブドリーム,0,2023,0.133814051747,0.173998221755,0.174238443375
2023-11-11,202303030312,2020106777,2,セレッソデアモール,0,2023,0.357139945030,0.344002097845,0.340943902731
2023-11-11,202303030312,2019105765,3,ハウファアイルゴー,0,2023,0.110105894506,0.120153017342,0.123976588249
2023-11-11,202303030312,2019101253,4,ショウナンナダル,0,2023,0.160573974252,0.165680795908,0.165573418140
2023-11-11,202303030312,2018106612,5,オリアメンディ,0,2023,0.096254892647,0.088196538389,0.107413977385
2023-11-11,202303030312,2020103530,6,イコノスタシス,0,2023,0.412028789520,0.424147099257,0.363161057234
2023-11-11,202303030312,2019102147,7,フォレクラフト,1,2023,0.111477158964,0.130412369967,0.130648255348
2023-11-11,202303030312,2018100593,8,タイガーリリー,0,2023,0.208891034126,0.197789862752,0.207061126828
2023-11-11,202303030312,2019101631,9,ヴァルドマルヌ,0,2023,0.050227392465,0.039339158684,0.053312815726
2023-11-11,202303030312,2019105412,10,プリモカリーナ,1,2023,0.533273816109,0.544980823994,0.544308125973
2023-11-11,202303030312,2020101517,11,ソノママソノママ,0,2023,0.209316745400,0.194559082389,0.189664095640
2023-11-11,202303030312,2020103311,12,エナジーチャイム,0,2023,0.109279029071,0.081603363156,0.071482807398
2023-11-11,202303030312,2019104764,14,ジェットグリッター,0,2023,0.048034526408,0.049095936120,0.035247519612
2023-11-12,202303030407,2020102591,1,メリオルヴィータ,0,2023,0.142323389649,0.145156577229,0.151966169477
2023-11-12,202303030407,2020104825,2,スカプラリオ,1,2023,0.195732697845,0.204417392612,0.166875347495
2023-11-12,202303030407,2019106637,3,アポロルタ,1,2023,0.158045440912,0.168297007680,0.190428718925
2023-11-12,202303030407,2018105257,4,ダノンジェネラル,0,2023,0.183406248689,0.191372513771,0.176481664181
2023-11-12,202303030407,2019102303,6,アイムファイン,0,2023,0.323340058327,0.308172076941,0.310854434967
2023-11-12,202303030407,2019106707,7,クインズコスモス,0,2023,0.321429491043,0.325307935476,0.313654303551
2023-11-12,202303030407,2019101037,8,エシェロン,0,2023,0.049047775567,0.046557452530,0.058868303895
2023-11-12,202303030407,2020101195,9,ゴルトリッチ,0,2023,0.220472082496,0.230909600854,0.267029076815
2023-11-12,202303030407,2020103670,10,ショウナンハクウン,0,2023,0.262705773115,0.264599293470,0.296511679888
2023-11-12,202303030407,2020106750,11,シルヴァーゴースト,0,2023,0.167869880795,0.145468324423,0.119598336518
2023-11-12,202303030407,2019102068,12,シャウビンダー,0,2023,0.299809187651,0.292104035616,0.298385739326
2023-11-12,202303030407,2018105201,13,デイトンウェイ,0,2023,0.214957758784,0.191137239337,0.191045418382
2023-11-12,202303030407,2020100305,14,セイウンスイート,0,2023,0.086676485837,0.074563160539,0.088711857796
2023-11-12,202303030407,2019104007,15,タイキマクスウェル,0,2023,0.055921327323,0.049486499280,0.048843853176
2023-11-12,202303030409,2021102775,2,レガテアドール,0,2023,0.269216895103,0.274532675743,0.208623245358
2023-11-12,202303030409,2021100895,3,サフランヒーロー,0,2023,0.272859156132,0.313470631838,0.275905013084
2023-11-12,202303030409,2021105057,4,オンザヴィーナス,0,2023,0.324571996927,0.298494517803,0.278475522995
2023-11-12,202303030409,2021106722,7,マーゴットファブ,0,2023,0.117492586374,0.111994899809,0.088471584022
2023-11-12,202303030409,2021101905,9,キョウエイカンセ,0,2023,0.088238567114,0.086751110852,0.088203281164
2023-11-12,202303030409,2021100782,10,ドナヴィーナス,0,2023,0.270366728306,0.256550461054,0.205970942974
2023-11-12,202303030409,2021100610,13,アサギリ,0,2023,0.116668589413,0.096308544278,0.079089306295
2023-11-12,202303030409,2021110027,14,エトヴプレ,1,2023,0.325934708118,0.309948444366,0.346805065870
2023-11-18,202303030508,2020106495,1,サンスレッド,0,2023,0.067239783704,0.082359507680,0.107247978449
2023-11-18,202303030508,2020109102,2,サウザンサニー,1,2023,0.401860356331,0.427544027567,0.580569207668
2023-11-18,202303030508,2018104762,3,キャニオニング,0,2023,0.038457285613,0.039780486375,0.029136765748
2023-11-18,202303030508,2018100406,4,ヴィントミューレ,1,2023,0.342801302671,0.358604311943,0.312509059906
2023-11-18,202303030508,2020100289,5,シルバーダイヤ,0,2023,0.171828225255,0.161365285516,0.109353736043
2023-11-18,202303030508,2019102303,6,アイムファイン,0,2023,0.285755395889,0.290115207434,0.273666977882
2023-11-18,202303030508,2019104568,7,ビレッジスター,0,2023,0.121360704303,0.142690584064,0.141235277057
2023-11-18,202303030508,2018104938,8,ヴェールクレール,1,2023,0.325140297413,0.293338030577,0.307651937008
2023-11-18,202303030508,2018103103,9,ブラックハート,0,2023,0.065514020622,0.075388535857,0.076170369983
2023-11-18,202303030508,2018104872,10,アクアマリンブルー,0,2023,0.253225564957,0.273477405310,0.249475568533
2023-11-18,202303030508,2020106407,11,ライブリームーラン,0,2023,0.437019795179,0.439439952374,0.501825630665
2023-11-18,202303030508,2020105484,12,ニシノコウダイ,0,2023,0.239400371909,0.248843908310,0.218032673001
2023-11-18,202303030508,2020103270,13,ダミエ,0,2023,0.333850860596,0.311751276255,0.327558279037
2023-11-18,202303030508,2017105132,14,パラティーノヒル,0,2023,0.025764675811,0.019619684666,0.013352672569
2023-11-18,202303030508,2020101378,15,アイヲツグモノ,0,2023,0.060163863003,0.053541220725,0.040120113641
2023-11-18,202303030508,2019103193,16,トリップトゥムーン,0,2023,0.131425648928,0.131745278835,0.142451018095
2023-11-18,202303030511,2018104347,1,ユキノファラオ,0,2023,0.094124041498,0.098698295653,0.081343911588
2023-11-18,202303030511,2017100416,2,リーゼントフラム,0,2023,0.053255494684,0.042821764946,0.065552666783
2023-11-18,202303030511,2020100443,3,エイシンエイト,0,2023,0.321442544460,0.327292323112,0.264287233353
2023-11-18,202303030511,2018100652,4,ファイアダンサー,1,2023,0.170211672783,0.140427857637,0.126292750239
2023-11-18,202303030511,2018103926,5,ショウナンラスボス,0,2023,0.123151130974,0.121421836317,0.107412666082
2023-11-18,202303030511,2019103010,6,オードゥメール,0,2023,0.082937501371,0.102588012815,0.125256314874
2023-11-18,202303030511,2020100056,7,クールムーア,0,2023,0.281755238771,0.278283208609,0.299793690443
2023-11-18,202303030511,2020100105,8,エイシンフェンサー,1,2023,0.216272741556,0.231749579310,0.279859840870
2023-11-18,202303030511,2019105044,9,アドマイヤラヴィ,0,2023,0.346212416887,0.360969662666,0.465860068798
2023-11-18,202303030511,2018106389,10,メイショウツツジ,1,2023,0.034202788025,0.031306441873,0.035637583584
2023-11-18,202303030511,2020105365,11,ドーバーホーク,0,2023,0.386375516653,0.390491038561,0.335710018873
2023-11-18,202303030511,2018105223,12,モンファボリ,0,2023,0.097040101886,0.093761399388,0.108702518046
2023-11-18,202303030511,2019105452,13,ミッキーハーモニー,0,2023,0.221390023828,0.222192883492,0.230604201555
2023-11-18,202303030511,2018102669,14,スズノナデシコ,0,2023,0.255037635565,0.235987499356,0.264003962278
2023-11-18,202303030511,2019105766,15,アメトリーチェ,0,2023,0.070171162486,0.060926847160,0.064618460834
2023-11-18,202303030511,2018102831,16,ジャストザビアンカ,0,2023,0.052752997726,0.056972995400,0.058787714690
2023-11-19,202303030606,2021105696,1,ステイチューンド,1,2023,0.378294438124,0.407763063908,0.415606170893
2023-11-19,202303030606,2021105060,6,メイザーキック,0,2023,0.502769768238,0.497669517994,0.467720270157
2023-11-19,202303030606,2021102057,7,サノノリッチ,0,2023,0.043012917042,0.036316309124,0.024751145393
2023-11-19,202303030606,2021101279,8,シャインヴィーナス,1,2023,0.424304813147,0.416121453047,0.425917714834
2023-11-19,202303030606,2021107373,9,ティキー,0,2023,0.196815431118,0.221099480987,0.180024296045
2023-11-19,202303030612,2019106290,1,プリティーメモリー,0,2023,0.204524129629,0.170351743698,0.115598656237
2023-11-19,202303030612,2020104983,2,マルプリ,1,2023,0.500275731087,0.427045792341,0.454228043556
2023-11-19,202303030612,2019104143,3,ミュージアムピース,0,2023,0.300563782454,0.262807101011,0.215681552887
2023-11-19,202303030612,2020100906,4,フライングブレード,1,2023,0.491955965757,0.502267837524,0.527819693089
2023-11-19,202303030612,2018105523,5,シュライエン,0,2023,0.150918886065,0.178502783179,0.150782629848
2023-11-19,202303030612,2019101562,6,デフィデリ,0,2023,0.310711383820,0.283107012510,0.245332583785
2023-11-19,202303030612,2019104002,7,タイキバンディエラ,0,2023,0.065985873342,0.079568289220,0.064954638481
2023-11-19,202303030612,2018102580,8,ティフォーザ,0,2023,0.027718389407,0.037394054234,0.028948899359
2023-11-19,202303030612,2020101184,9,シャイニースイフト,0,2023,0.549975097179,0.581727623940,0.556883811951
2023-11-19,202303030612,2018101804,10,グローリアスカペラ,0,2023,0.137764707208,0.104191429913,0.073972910643
2023-11-19,202303030612,2018101215,11,クリノヴァニラ,0,2023,0.028015673161,0.025436380878,0.024443708360
2023-11-19,202303030612,2017100169,12,ソルトキャピタル,0,2023,0.046991389245,0.060271482915,0.062639661133
2023-11-19,202303030612,2019106503,13,ソレントフレイバー,1,2023,0.262524157763,0.253575295210,0.221606492996
2023-11-19,202303030612,2020102507,14,トーセンサマンサ,0,2023,0.111003875732,0.095428854227,0.083216682076
2023-11-19,202303030612,2020103218,15,フミサウンド,0,2023,0.361581623554,0.376219689846,0.371391028166
2023-11-19,202303030612,2020102299,16,アシャカタカ,0,2023,0.117158763111,0.116078078747,0.106534384191
2023-11-19,202308030601,2021102914,7,モズトキキ,1,2023,0.315085172653,0.333954393864,0.254111140966
2023-11-19,202308030601,2021102952,10,オベイユアマスター,1,2023,0.163586288691,0.157091990113,0.129197940230
2023-11-19,202308030601,2021100401,12,ニシノミニョンヌ,0,2023,0.202795594931,0.213915705681,0.141088679433
2023-11-19,202308030601,2021109149,15,カシノフロイデ,0,2023,0.069060824811,0.079949773848,0.128071010113
2023-11-25,202308030712,2018104621,1,サトノルーチェ,0,2023,0.170076116920,0.190243616700,0.159229964018
2023-11-25,202308030712,2019105738,2,ピンクセイラー,0,2023,0.124996125698,0.126502975821,0.151541367173
2023-11-25,202308030712,2020101763,3,トーホウフランゴ,0,2023,0.127846002579,0.137786254287,0.153797641397
2023-11-25,202308030712,2018100097,4,スマートルシーダ,0,2023,0.178096756339,0.198972642422,0.175037682056
2023-11-25,202308030712,2020104613,5,タツダイヤモンド,0,2023,0.064402163029,0.070991657674,0.063082560897
2023-11-25,202308030712,2020110090,6,ティニア,1,2023,0.152852475643,0.148067742586,0.158458918333
2023-11-25,202308030712,2020101897,7,レッドヒルシューズ,0,2023,0.315930426121,0.364580959082,0.311161488295
2023-11-25,202308030712,2020100121,8,イイヒニナル,0,2023,0.191216558218,0.202342957258,0.214187264442
2023-11-25,202308030712,2019105412,9,プリモカリーナ,0,2023,0.268663614988,0.293603360653,0.295242041349
2023-11-25,202308030712,2019104361,10,テーオースパロー,0,2023,0.183345839381,0.193690866232,0.189484581351
2023-11-25,202308030712,2019102240,11,マメコ,1,2023,0.316653162241,0.316105097532,0.286781430244
2023-11-25,202308030712,2018102091,12,ウルトラソニック,0,2023,0.107003159821,0.100726380944,0.086456254125
2023-11-25,202308030712,2017102809,13,ガリレイ,1,2023,0.079278379679,0.114367172122,0.105253413320
2023-11-25,202308030712,2020103284,14,トールキン,0,2023,0.111039593816,0.100094534457,0.118272759020
2023-11-25,202308030712,2018100480,15,デルマヤクシ,0,2023,0.067193470895,0.060841169208,0.054256826639
2023-11-25,202308030712,2019104721,16,ピラティス,0,2023,0.160916924477,0.162549167871,0.140817090869
2023-11-25,202308030712,2019104078,17,メイショウグラニー,0,2023,0.141659587622,0.150099739432,0.186792626977
2023-11-25,202308030712,2019104818,18,メイケイバートン,0,2023,0.148535966873,0.167978987098,0.160330429673
2023-11-26,202308030812,2019104915,1,バンデルオーラ,0,2023,0.136560186744,0.141378074884,0.126298084855
2023-11-26,202308030812,2020100896,2,ビッグシーザー,0,2023,0.292573481798,0.341228187084,0.209178984165
2023-11-26,202308030812,2020102660,3,シングザットソング,0,2023,0.273614585400,0.227175995708,0.188457116485
2023-11-26,202308030812,2017106387,4,スマートリアン,0,2023,0.235470384359,0.241646289825,0.213990867138
2023-11-26,202308030812,2019104470,5,キミワクイーン,0,2023,0.250655978918,0.244413480163,0.248724415898
2023-11-26,202308030812,2019102979,6,エイシンスポッター,1,2023,0.173798173666,0.189344063401,0.157927885652
2023-11-26,202308030812,2019110001,7,ショウナンハクラク,0,2023,0.254320710897,0.247523441911,0.211788743734
2023-11-26,202308030812,2017105661,8,ジュビリーヘッド,0,2023,0.182160660625,0.217760533094,0.151813954115
2023-11-26,202308030812,2017106137,9,グレイトゲイナー,0,2023,0.132160618901,0.128688961267,0.128134384751
2023-11-26,202308030812,2020106851,10,ルガル,1,2023,0.477963536978,0.518210887909,0.466642379761
2023-11-26,202308030812,2018110035,11,シュバルツカイザー,0,2023,0.305888473988,0.289867669344,0.277180463076
2023-11-26,202308030812,2020102764,12,モズメイメイ,0,2023,0.173010379076,0.264991909266,0.206672042608
2023-11-26,202308030812,2016104787,13,グルーヴィット,0,2023,0.030518308282,0.028416240588,0.034232482314
2023-11-26,202308030812,2017100583,14,ディヴィナシオン,0,2023,0.070002540946,0.058543451130,0.060751769692
2023-11-26,202308030812,2019110031,15,エクセトラ,0,2023,0.218871012330,0.215456470847,0.175091102719
2023-11-26,202308030812,2018104331,16,ヴァトレニ,0,2023,0.175158843398,0.165151685476,0.152711555362
2023-11-26,202308030812,2019106526,17,トウシンマカオ,1,2023,0.299133390188,0.302474677563,0.232277184725
2023-11-26,202308030812,2015104364,18,トゥラヴェスーラ,0,2023,0.063600666821,0.074609898031,0.087674349546
2023-12-02,202306050112,2020106910,1,エッセレンチ,0,2023,0.401078313589,0.409792602062,0.354445517063
2023-12-02,202306050112,2018103485,2,ジャガード,0,2023,0.102355279028,0.106813341379,0.108018502593
2023-12-02,202306050112,2019102456,3,ナバロン,0,2023,0.099471814930,0.081857286394,0.070117361844
2023-12-02,202306050112,2019103120,4,リトス,1,2023,0.088925413787,0.095594763756,0.100813701749
2023-12-02,202306050112,2019100292,5,ダレモトメラレナイ,0,2023,0.172372743487,0.187521889806,0.186041593552
2023-12-02,202306050112,2019104868,6,ブルトンクール,0,2023,0.086512140930,0.064756728709,0.043133553118
2023-12-02,202306050112,2019101262,7,ショウナンアメリア,0,2023,0.186165675521,0.186110600829,0.177001118660
2023-12-02,202306050112,2019106076,8,ケイアイオメガ,0,2023,0.297171503305,0.269848316908,0.227859765291
2023-12-02,202306050112,2018100636,9,ステラダイヤ,0,2023,0.152383387089,0.162934392691,0.189510896802
2023-12-02,202306050112,2018103957,10,ココリホウオウ,0,2023,0.334221333265,0.363018035889,0.356121659279
2023-12-02,202306050112,2018105874,11,ルルローズ,0,2023,0.149886786938,0.151080146432,0.120445378125
2023-12-02,202306050112,2019105238,12,フリートオブフット,0,2023,0.206651464105,0.217075377703,0.214608401060
2023-12-02,202306050112,2019103897,13,ハピネスアゲン,1,2023,0.499899655581,0.437332749367,0.507851958275
2023-12-02,202306050112,2019101626,14,ピンクマクフィー,1,2023,0.257907003164,0.245000287890,0.226667165756
2023-12-02,202306050112,2018100433,15,ブロンズレッド,0,2023,0.146365821362,0.130013227463,0.153064638376
2023-12-02,202307040104,2021102519,7,ミックスアップ,0,2023,0.024804854766,0.020307678729,0.027297751978
2023-12-02,202307040104,2021107169,8,ネムレスクイーン,0,2023,0.369597464800,0.380746483803,0.363080054522
2023-12-02,202309050109,2021107058,1,ピューロマジック,1,2023,0.630094945431,0.580922365189,0.453940510750
2023-12-02,202309050109,2021105358,2,アスティスプマンテ,0,2023,0.516331017017,0.389574795961,0.319055795670
2023-12-02,202309050109,2021106854,3,ハピアーザンエバー,0,2023,0.343398541212,0.295620083809,0.257031589746
2023-12-02,202309050109,2021100782,4,ドナヴィーナス,0,2023,0.382417857647,0.325217217207,0.312552541494
2023-12-02,202309050109,2021105753,5,フェンダー,0,2023,0.289897829294,0.221174448729,0.198721677065
2023-12-02,202309050109,2021109123,7,ユメカナウケン,0,2023,0.367282599211,0.356083542109,0.453145176172
2023-12-02,202309050109,2021105054,8,モンシュマン,1,2023,0.278487235308,0.266136705875,0.317025184631
2023-12-02,202309050109,2021104140,9,グレースルージュ,0,2023,0.301540523767,0.249529391527,0.233840271831
2023-12-02,202309050109,2021110132,10,ジャスパーノワール,1,2023,0.371634244919,0.339545130730,0.265605598688
2023-12-03,202306050209,2019103010,1,オードゥメール,1,2023,0.061476130038,0.076439186931,0.070480272174
2023-12-03,202306050209,2019109094,2,ブッシュガーデン,0,2023,0.260654389858,0.264517813921,0.243353456259
2023-12-03,202306050209,2019101903,3,ブレスレスリー,0,2023,0.305940806866,0.296250849962,0.267683237791
2023-12-03,202306050209,2018100756,4,シュアーヴアリア,0,2023,0.082334212959,0.091008901596,0.103293560445
2023-12-03,202306050209,2020101827,5,バースクライ,1,2023,0.340896725655,0.347898334265,0.378218680620
2023-12-03,202306050209,2020100056,6,クールムーア,0,2023,0.183450803161,0.182569563389,0.156362950802
2023-12-03,202306050209,2020100607,7,サンティーテソーロ,0,2023,0.242472961545,0.278064042330,0.313953131437
2023-12-03,202306050209,2020106706,8,タリア,0,2023,0.315708398819,0.306042999029,0.358081936836
2023-12-03,202306050209,2018104347,9,ユキノファラオ,0,2023,0.069278724492,0.063414759934,0.062109608203
2023-12-03,202306050209,2018105183,10,インテグリフォリア,0,2023,0.213812291622,0.199087619781,0.164041340351
2023-12-03,202306050209,2018110037,11,ブルースピリット,0,2023,0.201925888658,0.224217116833,0.211417868733
2023-12-03,202306050209,2020101419,12,ブーケファロス,0,2023,0.220809742808,0.226441487670,0.225376769900
2023-12-03,202306050209,2019100214,13,ウインモナーク,0,2023,0.302861213684,0.286515474319,0.318617671728
2023-12-03,202306050209,2017103105,14,グッドマックス,0,2023,0.041239820421,0.036872521043,0.031926248223
2023-12-03,202306050209,2020100443,15,エイシンエイト,1,2023,0.179706454277,0.169366955757,0.157424941659
2023-12-03,202306050211,2017106720,1,サンライズオネスト,0,2023,0.199584066868,0.220696434379,0.204220756888
2023-12-03,202306050211,2018103515,2,カンティーユ,1,2023,0.547627389431,0.412148237228,0.514978110790
2023-12-03,202306050211,2017100367,3,サトノファビュラス,0,2023,0.229621648788,0.143928468227,0.178480610251
2023-12-03,202306050211,2018110050,4,サマートゥリスト,0,2023,0.470375120640,0.412974447012,0.378051728010
2023-12-03,202306050211,2017103005,5,ロードベイリーフ,1,2023,0.137604862452,0.181539386511,0.181054115295
2023-12-03,202306050211,2017106087,6,メイショウゲンセン,0,2023,0.374997466803,0.317388743162,0.342269957066
2023-12-03,202306050211,2015100822,7,タイセイアベニール,0,2023,0.100395947695,0.085688784719,0.066716372967
2023-12-03,202306050211,2019105658,8,オタルエバー,1,2023,0.418033957481,0.401701480150,0.394732236862
2023-12-03,202306050211,2019100765,9,コムストックロード,0,2023,0.195856347680,0.138126835227,0.140539482236
2023-12-03,202306050211,2016110119,10,ジャスパージャック,0,2023,0.075612448156,0.066861324012,0.078672364354
2023-12-03,202306050211,2019100450,11,ファロロジー,0,2023,0.211122691631,0.190595626831,0.194740578532
2023-12-09,202306050307,2020104796,1,ホイッスルソング,0,2023,0.205339640379,0.221338614821,0.186817765236
2023-12-09,202306050307,2019106503,2,ソレントフレイバー,0,2023,0.332343816757,0.328477293253,0.227726653218
2023-12-09,202306050307,2020109102,3,サウザンサニー,1,2023,0.502626597881,0.467649132013,0.480183601379
2023-12-09,202306050307,2019106637,4,アポロルタ,0,2023,0.133798360825,0.121538743377,0.114168152213
2023-12-09,202306050307,2020103844,5,フリントロック,0,2023,0.176187053323,0.152892783284,0.179966181517
2023-12-09,202306050307,2019103517,6,ディージェーサン,0,2023,0.196294024587,0.201836392283,0.221630901098
2023-12-09,202306050307,2020102299,7,アシャカタカ,1,2023,0.149020776153,0.164019003510,0.141361698508
2023-12-09,202306050307,2020102934,8,ディナトセレーネ,0,2023,0.112075679004,0.101235240698,0.072860643268
2023-12-09,202306050307,2020103365,9,ウィズダムハート,0,2023,0.091666556895,0.079711340368,0.081227473915
2023-12-09,202306050307,2019104143,10,ミュージアムピース,0,2023,0.200190663338,0.191760808229,0.171218931675
2023-12-09,202306050307,2020101967,11,ダイシンヤマト,1,2023,0.409053862095,0.379078745842,0.332606494427
2023-12-09,202306050307,2017103309,12,ホウオウエンジェル,0,2023,0.175463184714,0.170768037438,0.162672802806
2023-12-09,202306050307,2018102069,13,ラナキラ,0,2023,0.372908234596,0.350696712732,0.349200397730
2023-12-09,202306050307,2018100094,15,ナムラシベラ,0,2023,0.112917222083,0.110652834177,0.129634723067
2023-12-09,202306050309,2021106178,1,シュシュトディエス,0,2023,0.392711699009,0.335518449545,0.252019912004
2023-12-09,202306050309,2021110021,2,スピリットガイド,1,2023,0.630721747875,0.584838211536,0.504424929619
2023-12-09,202306050309,2021106440,4,アララララ,1,2023,0.493449211121,0.487510114908,0.548320949078
2023-12-09,202306050309,2021102254,6,コルルディ,0,2023,0.326043188572,0.261398822069,0.222593054175
2023-12-09,202306050309,2021101905,8,キョウエイカンセ,0,2023,0.197551757097,0.213865607977,0.194193825126
2023-12-09,202306050309,2021105122,9,マスクオールウィン,1,2023,0.536134004593,0.480307400227,0.612535595894
2023-12-09,202306050309,2021106939,10,タイセイフェスタ,0,2023,0.320936679840,0.311105191708,0.293722510338
2023-12-09,202306050309,2021100356,11,クールベイビー,0,2023,0.247019320726,0.221385508776,0.214580580592
2023-12-09,202307040312,2017105132,1,パラティーノヒル,0,2023,0.030954809859,0.032357096672,0.016649238765
2023-12-09,202307040312,2018105357,2,ラピカズマ,0,2023,0.148438841105,0.160951614380,0.141760393977
2023-12-09,202307040312,2018105231,3,ラヴォルタ,1,2023,0.236237734556,0.228467047215,0.193433389068
2023-12-09,202307040312,2020100906,4,フライングブレード,1,2023,0.590051054955,0.584938049316,0.614364445210
2023-12-09,202307040312,2020103578,5,ロッククリーク,0,2023,0.128228068352,0.128231868148,0.140970140696
2023-12-09,202307040312,2018100618,6,トーホウジュナール,0,2023,0.243027597666,0.243074610829,0.283023655415
2023-12-09,202307040312,2019106707,7,クインズコスモス,0,2023,0.366291731596,0.324923545122,0.337670505047
2023-12-09,202307040312,2020102229,8,リシャールケリー,1,2023,0.104976423085,0.091159678996,0.097134739161
2023-12-09,202307040312,2019101998,9,サンマルクレイジー,0,2023,0.098463162780,0.093996681273,0.117355450988
2023-12-09,202307040312,2019105389,10,フィオリーカズマ,0,2023,0.080342143774,0.059999980032,0.070895642042
2023-12-09,202307040312,2018106701,11,ルヴァンノワール,0,2023,0.135403275490,0.119232289493,0.126945897937
2023-12-09,202307040312,2019106194,12,コーリングユー,0,2023,0.344232976437,0.290758341551,0.432597190142
2023-12-09,202307040312,2020104905,13,ハクサンミニョン,0,2023,0.297186940908,0.277476310730,0.224127069116
2023-12-09,202307040312,2019101032,14,ユキヤナギ,0,2023,0.023527389392,0.019122153521,0.012536931783
2023-12-09,202307040312,2020103588,15,マテンロウナイト,0,2023,0.203179389238,0.225344434381,0.219274356961
2023-12-09,202309050312,2020105568,1,ハクサンパイオニア,1,2023,0.215922579169,0.206543624401,0.125960707664
2023-12-09,202309050312,2018100097,2,スマートルシーダ,0,2023,0.445554554462,0.434514403343,0.390290230513
2023-12-09,202309050312,2020104674,3,バレリーナ,0,2023,0.130349233747,0.123295277357,0.150349885225
2023-12-09,202309050312,2020101792,4,プロスペリダード,1,2023,0.609590053558,0.588157176971,0.662884950638
2023-12-09,202309050312,2018103620,5,ロゼクラン,0,2023,0.250395804644,0.279264867306,0.245392233133
2023-12-09,202309050312,2020101031,6,アスクエピソード,1,2023,0.388800114393,0.455191463232,0.510902225971
2023-12-09,202309050312,2019100210,7,ウインバグース,0,2023,0.343503773212,0.315304994583,0.278581440449
2023-12-09,202309050312,2018103902,8,サウンドブライアン,0,2023,0.143370985985,0.139976724982,0.165398806334
2023-12-09,202309050312,2020101763,9,トーホウフランゴ,0,2023,0.299672037363,0.275732994080,0.234588548541
2023-12-09,202309050312,2018103611,10,デルマカンノン,0,2023,0.081137128174,0.080345593393,0.101723633707
2023-12-09,202309050312,2018100480,11,デルマヤクシ,0,2023,0.094183459878,0.079010106623,0.070595644414
2023-12-09,202309050312,2017104128,12,バーンパッション,0,2023,0.033176068217,0.028999885544,0.018574224785
2023-12-10,202306050402,2021100015,1,キラン,0,2023,0.150763854384,0.185358420014,0.180013060570
2023-12-10,202306050402,2021107068,2,ミスサン,0,2023,0.108343869448,0.131388172507,0.111457228661
2023-12-10,202306050402,2021101252,3,マリノバレリーナ,0,2023,0.363357633352,0.360819190741,0.281991392374
2023-12-10,202306050402,2021104002,4,ドリームチェイサー,0,2023,0.033946100622,0.035718917847,0.027794586495
2023-12-10,202306050402,2021101394,5,モンレーヴ,1,2023,0.385718524456,0.411624878645,0.545578718185
2023-12-10,202306050402,2021101867,6,モノノフノミチ,0,2023,0.079920560122,0.079895690084,0.094699509442
2023-12-10,202306050402,2021101398,10,ミニマルデザイン,1,2023,0.351934462786,0.368110954762,0.419349640608
2023-12-10,202306050402,2021109112,14,アツヒメ,0,2023,0.093180902302,0.085474438965,0.131223395467
2023-12-10,202306050402,2021109011,15,スノーピーコック,0,2023,0.055638175458,0.047710549086,0.060084186494
2023-12-10,202307040411,2018102649,1,タツリュウオー,0,2023,0.124742530286,0.109943635762,0.173698529601
2023-12-10,202307040411,2019104525,2,ラキエータ,0,2023,0.515769541264,0.534564852715,0.477987110615
2023-12-10,202307040411,2014103963,3,ヨドノビクトリー,0,2023,0.056091140956,0.047768235207,0.052013482898
2023-12-10,202307040411,2017106240,4,アビエルト,1,2023,0.209803357720,0.190334111452,0.197780385613
2023-12-10,202307040411,2018102491,5,メイショウエニシア,1,2023,0.451504915953,0.466711968184,0.445985406637
2023-12-10,202307040411,2018102585,6,ロードラスター,0,2023,0.345210373402,0.414609819651,0.365747123957
2023-12-10,202307040411,2019105806,7,ドロップオブライト,1,2023,0.630041301250,0.635050952435,0.653783202171
2023-12-10,202307040411,2019100581,8,ヒルノローザンヌ,0,2023,0.110721051693,0.117804713547,0.128223374486
2023-12-10,202307040411,2018106389,9,メイショウツツジ,0,2023,0.077818386257,0.119572587311,0.143844395876
2023-12-10,202309050403,2021102952,1,オベイユアマスター,1,2023,0.377331644297,0.446946769953,0.382807165384
2023-12-10,202309050403,2021102875,2,イズジョーゴモリー,0,2023,0.085841350257,0.071472026408,0.067211061716
2023-12-10,202309050403,2021100401,5,ニシノミニョンヌ,0,2023,0.304657191038,0.304179817438,0.265900671482
2023-12-10,202309050403,2021109151,6,ウエルカムキリシマ,0,2023,0.284846782684,0.257794529200,0.302793622017
2023-12-10,202309050403,2021105696,8,ステイチューンド,1,2023,0.635676741600,0.623671352863,0.701428949833
2023-12-10,202309050403,2021102377,10,ヴェッターホルン,0,2023,0.173161178827,0.216113567352,0.147029012442
2023-12-10,202309050403,2021104096,13,ミッキージャスミン,0,2023,0.406717479229,0.433245927095,0.370464265347
2023-12-16,202307040510,2021101023,1,アイファーバトル,0,2023,0.373653471470,0.322337508202,0.292270749807
2023-12-16,202307040510,2021110132,2,ジャスパーノワール,1,2023,0.580478787422,0.601140022278,0.519768953323
2023-12-16,202307040510,2021109157,3,テイエムチュララン,0,2023,0.358307003975,0.351094603539,0.248915180564
2023-12-16,202307040510,2021104006,5,クリスアーサー,1,2023,0.522241711617,0.445492595434,0.423538982868
2023-12-16,202307040510,2021106395,6,ハッピーサプライズ,0,2023,0.048805344850,0.033725015819,0.045520834625
2023-12-16,202307040510,2021105111,7,レーザーショー,0,2023,0.168772786856,0.153451070189,0.138797089458
2023-12-16,202307040510,2021110027,8,エトヴプレ,0,2023,0.610976636410,0.533779621124,0.642761051655
2023-12-16,202307040510,2021100899,9,ビッグドリーム,1,2023,0.475353658199,0.517340838909,0.509583353996
2023-12-16,202309050511,2019105237,1,スリーパーダ,1,2023,0.292312949896,0.272742390633,0.305935382843
2023-12-16,202309050511,2016102073,2,ホープフルサイン,1,2023,0.072049364448,0.078032612801,0.081803217530
2023-12-16,202309050511,2016104668,3,カリボール,0,2023,0.021753847599,0.016228703782,0.020634355024
2023-12-16,202309050511,2019102576,4,クリノマジン,0,2023,0.201749801636,0.193027406931,0.207039788365
2023-12-16,202309050511,2019104841,5,カルネアサーダ,1,2023,0.150740340352,0.159035891294,0.176494911313
2023-12-16,202309050511,2018106388,6,メイショウホシアイ,0,2023,0.460103869438,0.422334551811,0.411955505610
2023-12-16,202309050511,2018100040,7,アビッグチア,0,2023,0.113640621305,0.106097839773,0.102908514440
2023-12-16,202309050511,2018106055,8,ヨシノイースター,0,2023,0.318654924631,0.319454610348,0.291618466377
2023-12-16,202309050511,2018101452,9,スンリ,0,2023,0.090513892472,0.084315851331,0.120178647339
2023-12-16,202309050511,2016110119,10,ジャスパージャック,0,2023,0.094107203186,0.091257601976,0.111105367541
2023-12-16,202309050511,2020102564,11,ムーンプローブ,0,2023,0.216302633286,0.214041799307,0.172919079661
2023-12-16,202309050511,2018102360,12,メディーヴァル,0,2023,0.066689640284,0.072130233049,0.136796638370
2023-12-16,202309050511,2018106504,13,サトノアイ,0,2023,0.125762939453,0.117332033813,0.129284039140
2023-12-16,202309050511,2017104852,14,キャプテンドレイク,0,2023,0.117677904665,0.098466925323,0.124582618475
2023-12-16,202309050511,2018104331,15,ヴァトレニ,0,2023,0.263775289059,0.204835325480,0.187245309353
2023-12-16,202309050511,2019104108,16,エナジーグラン,0,2023,0.332599282265,0.325439244509,0.340980261564
2023-12-17,202307040610,2017101767,1,ベンガン,0,2023,0.299150556326,0.286765575409,0.277606338263
2023-12-17,202307040610,2018103181,2,シゲルセンム,0,2023,0.125056490302,0.135568127036,0.115007847548
2023-12-17,202307040610,2020101492,3,シンリンゲンカイ,0,2023,0.249110534787,0.242223396897,0.251143366098
2023-12-17,202307040610,2018104663,4,タウゼントシェーン,1,2023,0.160790443420,0.154266998172,0.182891279459
2023-12-17,202307040610,2020101262,5,エコロレジーナ,0,2023,0.202118098736,0.222207009792,0.214171677828
2023-12-17,202307040610,2020100736,6,ビッグボーンリタ,0,2023,0.134496018291,0.135318875313,0.165781095624
2023-12-17,202307040610,2018105873,7,ミキノバスドラム,0,2023,0.020191203803,0.015797203407,0.015002320521
2023-12-17,202307040610,2017101991,8,テンジュイン,1,2023,0.126054614782,0.135470673442,0.149608403444
2023-12-17,202307040610,2018109052,9,エコロデイジー,0,2023,0.234740033746,0.249782100320,0.187477976084
2023-12-17,202307040610,2020104942,10,シルフィードレーヴ,0,2023,0.145936682820,0.159240037203,0.188731640577
2023-12-17,202307040610,2019105050,11,メルヴィル,0,2023,0.187519386411,0.204255774617,0.176253303885
2023-12-17,202307040610,2018106455,12,メイショウハボタン,0,2023,0.090557105839,0.100271292031,0.090877406299
2023-12-17,202307040610,2017102809,13,ガリレイ,1,2023,0.340636163950,0.360327035189,0.392359137535
2023-12-17,202307040610,2018105163,14,ドナウエレン,0,2023,0.248640224338,0.248585283756,0.256503105164
2023-12-17,202307040610,2018103920,15,ノックオンウッド,0,2023,0.082569636405,0.086029566824,0.106627054513
2023-12-17,202307040610,2019105224,16,テキサスフィズ,0,2023,0.035108380020,0.024678239599,0.039558243006
2023-12-23,202306050712,2020104088,1,ランドオブラヴ,0,2023,0.368365377188,0.408482670784,0.438147217035
2023-12-23,202306050712,2020104203,2,スピードオブライト,1,2023,0.253330051899,0.274761855602,0.266241043806
2023-12-23,202306050712,2020105568,3,ハクサンパイオニア,0,2023,0.199858918786,0.256580144167,0.166114151478
2023-12-23,202306050712,2017104234,4,スズノヤマト,0,2023,0.065649278462,0.059291977435,0.064659938216
2023-12-23,202306050712,2019103897,5,ハピネスアゲン,0,2023,0.464428752661,0.440127193928,0.495957195759
2023-12-23,202306050712,2020101763,6,トーホウフランゴ,0,2023,0.060737960041,0.074652969837,0.064859181643
2023-12-23,202306050712,2020102535,7,トーセントラム,0,2023,0.147101178765,0.169650062919,0.184896633029
2023-12-23,202306050712,2020104613,8,タツダイヤモンド,1,2023,0.233449652791,0.254204809666,0.255963891745
2023-12-23,202306050712,2019101270,9,ヨール,0,2023,0.309593856335,0.360242187977,0.344311118126
2023-12-23,202306050712,2019102436,10,ミズノコキュウ,1,2023,0.167878195643,0.184956073761,0.199608013034
2023-12-23,202306050712,2018105873,11,ミキノバスドラム,0,2023,0.018474137411,0.017070326954,0.013046755455
2023-12-23,202306050712,2019102456,12,ナバロン,0,2023,0.057976461947,0.062292225659,0.058405075222
2023-12-23,202306050712,2019105738,13,ピンクセイラー,0,2023,0.157130315900,0.141607984900,0.150828152895
2023-12-23,202306050712,2018103296,14,サニーオーシャン,0,2023,0.062901966274,0.054045356810,0.043031666428
2023-12-23,202306050712,2019105476,15,コラリン,0,2023,0.191065639257,0.173073828220,0.256899863482
2023-12-23,202306050712,2019103120,16,リトス,0,2023,0.168533712626,0.176101103425,0.181170374155
2023-12-24,202306050803,2021100272,1,ミッレマンドルリ,0,2023,0.046086929739,0.035386022180,0.029573023319
2023-12-24,202306050803,2021100016,2,ポリトナリティー,0,2023,0.109546534717,0.120383374393,0.155317097902
2023-12-24,202306050803,2021105833,3,カリーシ,1,2023,0.774712026119,0.696851193905,0.677861988544
2023-12-24,202306050803,2021107068,7,ミスサン,0,2023,0.110313460231,0.111001968384,0.135824963450
2023-12-28,202309050902,2021102377,1,ヴェッターホルン,0,2023,0.142607837915,0.152118667960,0.119376942515
2023-12-28,202309050902,2021103493,2,イリスアスール,1,2023,0.707594394684,0.713478505611,0.709022641182
2023-12-28,202309050902,2021105696,3,ステイチューンド,1,2023,0.700394928455,0.654663383961,0.676687419415
2023-12-28,202309050902,2021100698,8,ヴィーケン,0,2023,0.118380390108,0.113039046526,0.073685124516
2023-12-28,202309050902,2021106540,9,タガノエクレール,0,2023,0.165628790855,0.171502962708,0.134737730026
2023-12-28,202309050902,2021100898,12,テンドウ,0,2023,0.259281158447,0.259691059589,0.224179625511
2023-12-28,202309050902,2021102875,13,イズジョーゴモリー,0,2023,0.079172715545,0.070336021483,0.056448534131
2023-12-28,202309050902,2021101100,14,ルクスアドラー,0,2023,0.488210350275,0.479745388031,0.521576464176
2023-12-28,202309050912,2018102491,1,メイショウエニシア,0,2023,0.261032044888,0.254252821207,0.248231872916
2023-12-28,202309050912,2019105139,2,スコールユニバンス,1,2023,0.175647318363,0.169479489326,0.194380030036
2023-12-28,202309050912,2020100105,3,エイシンフェンサー,0,2023,0.416588187218,0.374033898115,0.381232231855
2023-12-28,202309050912,2019101903,4,ブレスレスリー,0,2023,0.350715398788,0.351588696241,0.298820376396
2023-12-28,202309050912,2020100815,5,ミルトクレイモー,1,2023,0.314737230539,0.370661050081,0.390123188496
2023-12-28,202309050912,2020101792,6,プロスペリダード,0,2023,0.555515766144,0.496274709702,0.545366108418
2023-12-28,202309050912,2017106240,7,アビエルト,0,2023,0.122457772493,0.124093696475,0.111418120563
2023-12-28,202309050912,2019100751,8,マイネルレノン,0,2023,0.237763121724,0.258051276207,0.243077293038
2023-12-28,202309050912,2015103357,9,メイショウドウドウ,0,2023,0.057832315564,0.054943095893,0.041845928878
2023-12-28,202309050912,2016101956,10,オルダージュ,0,2023,0.048559531569,0.054067324847,0.037960473448
2023-12-28,202309050912,2017104873,11,エグレムニ,0,2023,0.038479499519,0.038604505360,0.037259452045
2023-12-28,202309050912,2019103898,12,スーサンアッシャー,1,2023,0.177154719830,0.162781327963,0.130647018552
2023-12-28,202309050912,2019106102,13,アネゴハダ,0,2023,0.117861084640,0.136122390628,0.137773513794
2023-12-28,202309050912,2017102603,14,テイエムイダテン,0,2023,0.029542045668,0.018286855891,0.022703085095
2023-12-28,202309050912,2019100653,15,ハギノメーテル,0,2023,0.116576813161,0.099280834198,0.082548886538
2023-12-28,202309050912,2018103205,16,クムシラコ,0,2023,0.034498438239,0.038255568594,0.059201698750
2024-01-06,202406010107,2021105057,1,オンザヴィーナス,0,2024,0.311252683401,0.299934178591,0.297847837210
2024-01-06,202406010107,2021106440,3,アララララ,1,2024,0.456795543432,0.470735788345,0.511560678482
2024-01-06,202406010107,2021110021,5,スピリットガイド,1,2024,0.480921179056,0.504291117191,0.535585045815
2024-01-06,202406010107,2021102669,7,ステラシティ,0,2024,0.119021527469,0.132868155837,0.113515824080
2024-01-06,202406010107,2021100356,9,クールベイビー,0,2024,0.182020276785,0.136280745268,0.144779324532
2024-01-06,202406010107,2021101394,10,モンレーヴ,0,2024,0.381013989449,0.371946066618,0.348243206739
2024-01-06,202406010107,2021106939,11,タイセイフェスタ,0,2024,0.229491487145,0.206227526069,0.220483273268
2024-01-06,202406010107,2021101905,13,キョウエイカンセ,0,2024,0.087319374084,0.104701071978,0.118736200035
2024-01-06,202408010106,2021105312,1,ルージュレベッカ,0,2024,0.461568266153,0.433577507734,0.368632853031
2024-01-06,202408010106,2021107058,2,ピューロマジック,1,2024,0.791779816151,0.754992961884,0.739882588387
2024-01-06,202408010106,2021101598,3,アンクルクロス,1,2024,0.638354957104,0.610041737556,0.546071231365
2024-01-06,202408010106,2021105435,4,アナベルエクラ,0,2024,0.094954237342,0.096149884164,0.083102211356
2024-01-06,202408010106,2021100653,5,アガシ,0,2024,0.382702589035,0.393858879805,0.370001822710
2024-01-06,202408010106,2021105175,6,セントキルダ,0,2024,0.301800698042,0.287616372108,0.319430351257
2024-01-06,202408010106,2021110033,7,パッシングシャワー,1,2024,0.509264469147,0.552959203720,0.479503005743
2024-01-06,202408010106,2021106395,8,ハッピーサプライズ,0,2024,0.088572256267,0.076468102634,0.112581923604
2024-01-06,202408010106,2021105018,9,プレパラシオン,0,2024,0.022289499640,0.020740073174,0.017693368718
2024-01-07,202408010212,2020104674,1,バレリーナ,0,2024,0.123939409852,0.104891456664,0.101746395230
2024-01-07,202408010212,2018100736,2,アンフィニドール,1,2024,0.255694925785,0.290043920279,0.263631969690
2024-01-07,202408010212,2020104087,3,グランツベリー,0,2024,0.349306702614,0.373383820057,0.359315305948
2024-01-07,202408010212,2017104234,4,スズノヤマト,0,2024,0.044447124004,0.037794079632,0.033701442182
2024-01-07,202408010212,2019100666,5,イラーレ,1,2024,0.356847673655,0.356376469135,0.377902507782
2024-01-07,202408010212,2017101767,6,ベンガン,0,2024,0.145546212792,0.124690167606,0.144634827971
2024-01-07,202408010212,2018100097,7,スマートルシーダ,0,2024,0.216299489141,0.245953261852,0.232262313366
2024-01-07,202408010212,2017101991,8,テンジュイン,0,2024,0.105084754527,0.129354491830,0.132722213864
2024-01-07,202408010212,2020102738,9,エールレヴリー,0,2024,0.350919008255,0.375682681799,0.433558702469
2024-01-07,202408010212,2020100736,10,ビッグボーンリタ,0,2024,0.140961349010,0.125443696976,0.138544842601
2024-01-07,202408010212,2018102281,11,キタノエクスプレス,1,2024,0.069484211504,0.073389656842,0.093569763005
2024-01-07,202408010212,2017102809,12,ガリレイ,0,2024,0.287784159184,0.267541676760,0.313116759062
2024-01-08,202406010311,2017106137,1,グレイトゲイナー,1,2024,0.180082529783,0.216394692659,0.198378890753
2024-01-08,202406010311,2019100791,2,シナモンスティック,0,2024,0.357836127281,0.414443284273,0.392994970083
2024-01-08,202406010311,2018100652,3,ファイアダンサー,0,2024,0.135314673185,0.135937452316,0.133788362145
2024-01-08,202406010311,2018100040,4,アビッグチア,1,2024,0.149286270142,0.131666406989,0.110950335860
2024-01-08,202406010311,2019105775,5,ホウオウノーサイド,0,2024,0.152762219310,0.178080737591,0.134803220630
2024-01-08,202406010311,2020101588,6,ロンドンプラン,0,2024,0.229252338409,0.238611340523,0.248428091407
2024-01-08,202406010311,2015104699,7,フレッチア,0,2024,0.085791423917,0.082714073360,0.080347605050
2024-01-08,202406010311,2019100450,8,ファロロジー,0,2024,0.147186607122,0.147988423705,0.152892306447
2024-01-08,202406010311,2017100583,9,ディヴィナシオン,0,2024,0.066194780171,0.080742903054,0.085499554873
2024-01-08,202406010311,2017103005,10,ロードベイリーフ,0,2024,0.116521030664,0.148749455810,0.166711643338
2024-01-08,202406010311,2020101678,11,リバーラ,0,2024,0.157567307353,0.133123904467,0.140055567026
2024-01-08,202406010311,2019102273,12,モリノドリーム,0,2024,0.284329861403,0.325588196516,0.309738487005
2024-01-08,202406010311,2019100765,13,コムストックロード,0,2024,0.094297975302,0.083576858044,0.073777183890
2024-01-08,202406010311,2017106720,14,サンライズオネスト,0,2024,0.133281260729,0.181443408132,0.168583139777
2024-01-08,202406010311,2018110035,15,シュバルツカイザー,1,2024,0.248231291771,0.245155945420,0.184599965811
2024-01-08,202406010311,2020104056,16,オールパルフェ,0,2024,0.093663677573,0.097183458507,0.064367130399
2024-01-13,202406010412,2020106987,1,スムースベルベット,1,2024,0.255011320114,0.258166313171,0.239764139056
2024-01-13,202406010412,2018105874,2,ルルローズ,0,2024,0.075432538986,0.079209662974,0.078831233084
2024-01-13,202406010412,2019104675,3,アップストローク,0,2024,0.349051833153,0.325998038054,0.283622920513
2024-01-13,202406010412,2020101262,4,エコロレジーナ,1,2024,0.205471232533,0.215178936720,0.218017160892
2024-01-13,202406010412,2019103063,5,カイタロー,0,2024,0.128820359707,0.126555636525,0.110221691430
2024-01-13,202406010412,2018100593,6,タイガーリリー,0,2024,0.146388098598,0.132860586047,0.132056176662
2024-01-13,202406010412,2019102436,7,ミズノコキュウ,0,2024,0.365930616856,0.368134498596,0.375394880772
2024-01-13,202406010412,2019105738,8,ピンクセイラー,1,2024,0.137017935514,0.139859959483,0.133742406964
2024-01-13,202406010412,2020104613,9,タツダイヤモンド,0,2024,0.447596579790,0.467744797468,0.497580438852
2024-01-13,202406010412,2016110104,10,デュアルキャリアー,0,2024,0.047851327807,0.053142346442,0.045779064298
2024-01-13,202406010412,2018103957,11,ココリホウオウ,0,2024,0.347188115120,0.349416732788,0.356310129166
2024-01-13,202406010412,2018103206,12,クオンタム,0,2024,0.022848639637,0.025466561317,0.013514331542
2024-01-13,202406010412,2020106963,13,アンタノバラード,0,2024,0.419538140297,0.386543661356,0.333880424500
2024-01-13,202406010412,2020100258,14,セイウンダマシイ,0,2024,0.123298116028,0.119500756264,0.123906373978
2024-01-13,202406010412,2018103485,15,ジャガード,0,2024,0.067349553108,0.069431029260,0.077456131577
2024-01-13,202408010411,2014102625,1,ダイメイフジ,0,2024,0.092498496175,0.060854304582,0.058865956962
2024-01-13,202408010411,2018100394,2,サトノラムセス,0,2024,0.069514118135,0.074418291450,0.060041774064
2024-01-13,202408010411,2017101121,3,ボンボヤージ,0,2024,0.111668422818,0.094699017704,0.081452712417
2024-01-13,202408010411,2017104852,4,キャプテンドレイク,0,2024,0.075293660164,0.057813089341,0.058637488633
2024-01-13,202408010411,2019100153,5,カワキタレブリー,0,2024,0.110834352672,0.084408693016,0.083203159273
2024-01-13,202408010411,2018101343,6,ゾンニッヒ,1,2024,0.328619509935,0.333400577307,0.300352305174
2024-01-13,202408010411,2020100896,7,ビッグシーザー,1,2024,0.389749705791,0.352294027805,0.251628935337
2024-01-13,202408010411,2017103005,8,ロードベイリーフ,0,2024,0.097143031657,0.100057318807,0.106300860643
2024-01-13,202408010411,2019102576,9,クリノマジン,0,2024,0.163398921490,0.161126837134,0.170534983277
2024-01-13,202408010411,2018105366,10,レッドベルオーブ,0,2024,0.129429161549,0.118812404573,0.119415275753
2024-01-13,202408010411,2019103714,11,メイショウソラフネ,1,2024,0.354499787092,0.384404689074,0.292929351330
2024-01-13,202408010411,2019105775,12,ホウオウノーサイド,0,2024,0.177964493632,0.162169009447,0.159531727433
2024-01-13,202408010411,2018102360,13,メディーヴァル,0,2024,0.065478771925,0.064170211554,0.072413131595
2024-01-13,202408010411,2019110031,14,エクセトラ,0,2024,0.191022321582,0.190789163113,0.219449996948
2024-01-13,202408010411,2019110001,15,ショウナンハクラク,0,2024,0.236869379878,0.230020210147,0.217709124088
2024-01-13,202408010411,2019104841,16,カルネアサーダ,0,2024,0.268605649471,0.242512434721,0.211222141981
2024-01-13,202408010411,2019105139,17,スコールユニバンス,0,2024,0.165702179074,0.176204174757,0.157306209207
2024-01-13,202410010110,2019110042,1,スーリールダンジュ,0,2024,0.269573777914,0.228891804814,0.242911264300
2024-01-13,202410010110,2019103233,2,ニシノデフィレ,0,2024,0.321127146482,0.359570175409,0.324641615152
2024-01-13,202410010110,2020101503,3,カンチェンジュンガ,0,2024,0.304258465767,0.364022612572,0.401255756617
2024-01-13,202410010110,2018110001,4,ジュストコル,1,2024,0.142668157816,0.172153666615,0.160179451108
2024-01-13,202410010110,2020104087,5,グランツベリー,0,2024,0.516464054585,0.425117015839,0.484633535147
2024-01-13,202410010110,2019101270,6,ヨール,0,2024,0.430287688971,0.432377338409,0.397227942944
2024-01-13,202410010110,2020105568,7,ハクサンパイオニア,0,2024,0.311654657125,0.313939213753,0.324649840593
2024-01-13,202410010110,2017103020,8,ダンツイノーバ,1,2024,0.087266102433,0.128819435835,0.111874550581
2024-01-13,202410010110,2020102140,9,アンビバレント,0,2024,0.171400189400,0.124251231551,0.165514692664
2024-01-13,202410010110,2018104559,10,ナリタローゼ,0,2024,0.252021878958,0.269687324762,0.249902293086
2024-01-13,202410010110,2018106455,11,メイショウハボタン,1,2024,0.146304070950,0.149062335491,0.131962880492
2024-01-13,202410010112,2019106290,1,プリティーメモリー,0,2024,0.165284410119,0.154145210981,0.176901221275
2024-01-13,202410010112,2017103309,2,ホウオウエンジェル,0,2024,0.212035328150,0.239054441452,0.275746345520
2024-01-13,202410010112,2020103608,3,アイリッシュパール,0,2024,0.157149076462,0.154806658626,0.166090160608
2024-01-13,202410010112,2019105487,4,アドマイヤジェイ,1,2024,0.409390121698,0.450619101524,0.419618636370
2024-01-13,202410010112,2020102294,5,スイープラン,0,2024,0.222351238132,0.202202141285,0.199634209275
2024-01-13,202410010112,2020104911,6,キュベリン,0,2024,0.197523251176,0.188124418259,0.214009597898
2024-01-13,202410010112,2018105201,7,デイトンウェイ,0,2024,0.094961941242,0.093801289797,0.114309862256
2024-01-13,202410010112,2020103721,8,レイカットスルー,0,2024,0.034730028361,0.041210815310,0.048260565847
2024-01-13,202410010112,2019102068,9,シャウビンダー,0,2024,0.288801044226,0.249929562211,0.282872289419
2024-01-13,202410010112,2020102881,10,プリンスノット,0,2024,0.083778552711,0.094859123230,0.085505478084
2024-01-13,202410010112,2020103962,11,ステークホルダー,0,2024,0.167698740959,0.169282108545,0.190865188837
2024-01-13,202410010112,2020101229,12,レディメローラ,0,2024,0.238226994872,0.246257036924,0.260257869959
2024-01-13,202410010112,2019101032,13,ユキヤナギ,0,2024,0.011544005014,0.009160204791,0.007517436985
2024-01-13,202410010112,2019104686,14,アキバ,0,2024,0.098408259451,0.087458975613,0.104552216828
2024-01-13,202410010112,2018104762,15,キャニオニング,1,2024,0.036752015352,0.040038004518,0.036897610873
2024-01-13,202410010112,2019101743,16,タムロキュラムン,0,2024,0.068124361336,0.067089259624,0.067896276712
2024-01-13,202410010112,2020103698,17,エリカソレイユ,0,2024,0.053625199944,0.044623985887,0.077062755823
2024-01-13,202410010112,2019104356,18,ディオアステリア,1,2024,0.225402995944,0.211827024817,0.195470094681
2024-01-14,202406010509,2019104962,1,ウィリン,0,2024,0.166596755385,0.162080913782,0.170924514532
2024-01-14,202406010509,2020104203,2,スピードオブライト,0,2024,0.337747156620,0.327470898628,0.313967674971
2024-01-14,202406010509,2019106102,3,アネゴハダ,1,2024,0.256348997355,0.282676875591,0.255281150341
2024-01-14,202406010509,2018100756,4,シュアーヴアリア,0,2024,0.088858678937,0.085706159472,0.080435924232
2024-01-14,202406010509,2020100056,5,クールムーア,0,2024,0.131469845772,0.142903298140,0.124016396701
2024-01-14,202406010509,2020100815,6,ミルトクレイモー,0,2024,0.421559095383,0.425457894802,0.392600625753
2024-01-14,202406010509,2018106077,7,イルクオーレ,1,2024,0.287457853556,0.273837864399,0.281547993422
2024-01-14,202406010509,2018103926,8,ショウナンラスボス,1,2024,0.187167882919,0.162192687392,0.136044710875
2024-01-14,202406010509,2019105766,9,アメトリーチェ,0,2024,0.104476384819,0.072538755834,0.078082300723
2024-01-14,202406010509,2020106706,10,タリア,0,2024,0.341760426760,0.363919258118,0.375265419483
2024-01-14,202406010509,2020101419,11,ブーケファロス,0,2024,0.220983460546,0.258182793856,0.265709877014
2024-01-14,202406010509,2019105452,12,ミッキーハーモニー,0,2024,0.315015554428,0.326946049929,0.300991237164
2024-01-14,202406010509,2019101819,13,センタースリール,0,2024,0.105659894645,0.114530690014,0.125283062458
2024-01-14,202406010509,2018104347,14,ユキノファラオ,1,2024,0.095264129341,0.092284493148,0.094811953604
2024-01-14,202410010202,2021100460,1,カワカミガンビエ,0,2024,0.227571606636,0.205422908068,0.180938646197
2024-01-14,202410010202,2021105098,2,ディーエストッキー,0,2024,0.600294709206,0.585160911083,0.513000130653
2024-01-14,202410010202,2021104847,3,アクロスザシーズ,0,2024,0.048453718424,0.033771771938,0.041219368577
2024-01-14,202410010202,2021106216,4,ウインラグラス,1,2024,0.061326574534,0.068414799869,0.056128617376
2024-01-14,202410010202,2021100016,8,ポリトナリティー,0,2024,0.188544616103,0.183192402124,0.187882736325
2024-01-14,202410010202,2021106617,9,クリーゲリン,0,2024,0.170316845179,0.176558420062,0.167955681682
2024-01-14,202410010202,2021103052,13,サニイアール,0,2024,0.248545423150,0.235712915659,0.202441990376
2024-01-14,202410010202,2021104057,16,サクラリゲル,0,2024,0.041291162372,0.029679996893,0.031615108252
2024-01-14,202410010206,2021104060,2,ノーブルビーチ,0,2024,0.073376931250,0.066014081240,0.066431015730
2024-01-14,202410010206,2021101891,4,スパークルジョイ,0,2024,0.225663274527,0.253609925508,0.224015876651
2024-01-14,202410010206,2021110072,5,メティエダール,1,2024,0.632076084614,0.680729925632,0.673899650574
2024-01-14,202410010206,2021110023,8,エクストラバック,0,2024,0.306632816792,0.319019258022,0.359414875507
2024-01-14,202410010206,2021104044,9,イマジンレノン,0,2024,0.044034171849,0.037989530712,0.032180100679
2024-01-14,202410010206,2021103548,10,フォカッチャ,0,2024,0.133509054780,0.118394978344,0.115267120302
2024-01-14,202410010206,2021103722,14,スリーロマンス,0,2024,0.057307187468,0.040036525577,0.046116277575
2024-01-14,202410010206,2021101837,15,ダイシンオリーブ,0,2024,0.132036790252,0.118521012366,0.094434238970
2024-01-14,202410010206,2021100912,17,カナアミデスマッチ,0,2024,0.285310298204,0.271526545286,0.319677561522
2024-01-14,202410010212,2020103309,1,ビップクロエ,0,2024,0.074133925140,0.066531717777,0.046323373914
2024-01-14,202410010212,2020106593,2,ジークシュベルト,0,2024,0.103821143508,0.082876645029,0.040789578110
2024-01-14,202410010212,2018103200,3,バーニングパワー,0,2024,0.094347052276,0.080939404666,0.081756114960
2024-01-14,202410010212,2018101951,4,タガノスペルノヴァ,0,2024,0.123002134264,0.123909108341,0.133407071233
2024-01-14,202410010212,2020101247,5,ミネヒメ,0,2024,0.134627059102,0.149824663997,0.179933562875
2024-01-14,202410010212,2020104824,6,シンデレラスマイル,0,2024,0.144166067243,0.136261835694,0.161855593324
2024-01-14,202410010212,2020103885,7,クリノゴッホ,0,2024,0.102212674916,0.093827620149,0.089820586145
2024-01-14,202410010212,2019102747,8,マキアージュ,0,2024,0.223902806640,0.244790032506,0.266246289015
2024-01-14,202410010212,2020100347,9,クリノリアルレディ,0,2024,0.078685857356,0.088431008160,0.085077904165
2024-01-14,202410010212,2017101448,10,ウインアステロイド,1,2024,0.067993387580,0.066509127617,0.066844977438
2024-01-14,202410010212,2020101575,11,サザーランド,0,2024,0.265851765871,0.248930543661,0.233922839165
2024-01-14,202410010212,2020102271,12,コスモグングニール,1,2024,0.130915582180,0.127718955278,0.116622939706
2024-01-14,202410010212,2020100500,13,ヴィエンヌ,0,2024,0.342487543821,0.330261290073,0.338707566261
2024-01-14,202410010212,2019105232,14,ルージュルミナス,0,2024,0.115216270089,0.103727169335,0.081062346697
2024-01-14,202410010212,2020102488,15,トーセンエスクード,0,2024,0.424617052078,0.440851181746,0.493225812912
2024-01-14,202410010212,2020100289,16,シルバーダイヤ,0,2024,0.184268206358,0.183485522866,0.205736786127
2024-01-14,202410010212,2020105484,17,ニシノコウダイ,1,2024,0.216931328177,0.236022055149,0.257237851620
2024-01-20,202410010302,2021101605,1,エルプロフェッサー,0,2024,0.253722697496,0.275209367275,0.306999117136
2024-01-20,202410010302,2021107133,5,オーヴァーザトップ,0,2024,0.463501095772,0.467627882957,0.462161988020
2024-01-20,202410010302,2021103548,6,フォカッチャ,0,2024,0.126146242023,0.135556176305,0.165845602751
2024-01-20,202410010302,2021100243,8,セイウンティーダ,0,2024,0.216872379184,0.236572042108,0.274640381336
2024-01-20,202410010302,2021102377,9,ヴェッターホルン,0,2024,0.090988427401,0.090213894844,0.095643110573
2024-01-20,202410010302,2021101075,10,ヴェルディッキオ,0,2024,0.023743631318,0.022720197216,0.024547481909
2024-01-20,202410010302,2021104033,11,マルジェラ,0,2024,0.042470205575,0.033033885062,0.039905980229
2024-01-20,202410010302,2021105527,12,ゴージャスゴールド,0,2024,0.054857034236,0.058827936649,0.063767924905
2024-01-20,202410010302,2021102914,13,モズトキキ,1,2024,0.446447819471,0.428912639618,0.399761557579
2024-01-20,202410010302,2021100912,14,カナアミデスマッチ,0,2024,0.283650279045,0.283007711172,0.235588148236
2024-01-20,202410010302,2021107068,15,ミスサン,0,2024,0.156499579549,0.148822933435,0.163504987955
2024-01-20,202410010312,2019102775,1,ヤマニンパニータ,0,2024,0.078439354897,0.071287281811,0.073745988309
2024-01-20,202410010312,2020104415,2,スピニングマーリン,0,2024,0.129240930080,0.122749790549,0.121974103153
2024-01-20,202410010312,2018106200,3,メイショウヒゾッコ,0,2024,0.044506512582,0.040354918689,0.038104444742
2024-01-20,202410010312,2020103969,4,ヨウシタンレイ,0,2024,0.154931798577,0.163821890950,0.156878322363
2024-01-20,202410010312,2020100305,5,セイウンスイート,0,2024,0.073533907533,0.075924545527,0.080950096250
2024-01-20,202410010312,2018105523,6,シュライエン,0,2024,0.172573640943,0.159053608775,0.177172467113
2024-01-20,202410010312,2020103238,7,オックスリップ,1,2024,0.149002090096,0.148613557220,0.169378653169
2024-01-20,202410010312,2018105386,8,カフジヴィオレッタ,0,2024,0.108289703727,0.113817110658,0.078242994845
2024-01-20,202410010312,2020102050,9,サンポーニャ,1,2024,0.304485201836,0.370098739862,0.347487270832
2024-01-20,202410010312,2019103813,10,レガーミ,0,2024,0.079774469137,0.084667436779,0.070048011839
2024-01-20,202410010312,2018100618,11,トーホウジュナール,0,2024,0.219026595354,0.221964821219,0.213969051838
2024-01-20,202410010312,2020100347,12,クリノリアルレディ,0,2024,0.098845385015,0.091495499015,0.052383352071
2024-01-20,202410010312,2019101031,13,サミュエル,0,2024,0.102609880269,0.110452108085,0.152556687593
2024-01-20,202410010312,2019105265,14,アエリーゾ,0,2024,0.121720939875,0.140059515834,0.161498665810
2024-01-20,202410010312,2020104545,15,スマートメイプル,0,2024,0.183566823602,0.215557277203,0.208020165563
2024-01-20,202410010312,2019104874,16,フルティージャ,0,2024,0.041818413883,0.038932967931,0.030534308404
2024-01-20,202410010312,2020102718,17,オルフェスト,1,2024,0.179332539439,0.238038420677,0.212403297424
2024-01-21,202410010407,2021104175,2,グッドムード,0,2024,0.039313670248,0.034890063107,0.030756559223
2024-01-21,202410010407,2021105033,3,カーモス,0,2024,0.419100195169,0.419450879097,0.447015464306
2024-01-21,202410010407,2021101825,9,ナムライリス,0,2024,0.257573634386,0.249891206622,0.276917338371
2024-01-21,202410010407,2021106679,11,コトブキボタン,0,2024,0.032085064799,0.041151966900,0.032820414752
2024-01-21,202410010409,2019101276,1,ブルーグロット,0,2024,0.295820534229,0.281451404095,0.231316298246
2024-01-21,202410010409,2019104560,2,ヘレンキムゼー,0,2024,0.177847698331,0.180786326528,0.159390360117
2024-01-21,202410010409,2020104796,3,ホイッスルソング,0,2024,0.131793662906,0.138157069683,0.126002073288
2024-01-21,202410010409,2020110068,4,エイムインライフ,0,2024,0.113566935062,0.111078590155,0.124244160950
2024-01-21,202410010409,2020101265,5,オコジュ,0,2024,0.091750390828,0.084498494864,0.071674041450
2024-01-21,202410010409,2019110127,6,サトノプリエール,0,2024,0.212186530232,0.188065126538,0.122375577688
2024-01-21,202410010409,2020100295,7,メリトリオ,0,2024,0.221601366997,0.246708735824,0.259211659431
2024-01-21,202410010409,2020106821,8,ピースフルナイト,0,2024,0.204974010587,0.203962802887,0.248834460974
2024-01-21,202410010409,2020102229,9,リシャールケリー,0,2024,0.187495082617,0.194853618741,0.205557927489
2024-01-21,202410010409,2020105492,10,ニシノピウモッソ,1,2024,0.298910588026,0.301592409611,0.319157540798
2024-01-21,202410010409,2020103422,11,ジュエルピーチ,0,2024,0.208655089140,0.166526958346,0.215761080384
2024-01-21,202410010409,2019101643,12,バシレウスシチー,1,2024,0.182721868157,0.164591982961,0.149717956781
2024-01-21,202410010409,2019102306,13,ラッキーミーティア,0,2024,0.070118635893,0.066853769124,0.073553338647
2024-01-21,202410010409,2020103721,14,レイカットスルー,0,2024,0.064181238413,0.063196554780,0.071457818151
2024-01-21,202410010409,2020102488,15,トーセンエスクード,1,2024,0.608733832836,0.598535358906,0.599860250950
2024-01-27,202410010506,2021102386,1,セブンスリーローズ,0,2024,0.076004408300,0.067254170775,0.063094057143
2024-01-27,202410010506,2021103048,2,レギウス,0,2024,0.077072843909,0.077187538147,0.068310417235
2024-01-27,202410010506,2021104165,3,ロッキンドア,0,2024,0.035636272281,0.031902801245,0.031037680805
2024-01-27,202410010506,2021103052,4,サニイアール,1,2024,0.397287964821,0.378613710403,0.330417931080
2024-01-27,202410010506,2021103982,6,ダイメイイチョウ,0,2024,0.193868383765,0.194200068712,0.180662810802
2024-01-27,202410010506,2021100016,7,ポリトナリティー,0,2024,0.248673126101,0.275054782629,0.306027859449
2024-01-27,202410010506,2021106049,8,リケアオランジュ,0,2024,0.138663575053,0.135958164930,0.117111451924
2024-01-27,202410010506,2021106549,10,タガノアミカル,0,2024,0.140347301960,0.143884420395,0.118540972471
2024-01-27,202410010506,2021103556,11,レアグリフォン,0,2024,0.196701437235,0.214566245675,0.206691801548
2024-01-27,202410010506,2021106008,13,プラビータ,0,2024,0.192675948143,0.186314061284,0.183215960860
2024-01-27,202410010506,2021101064,14,ノイヤー,1,2024,0.514197468758,0.571240425110,0.549512326717
2024-01-27,202410010511,2020105568,1,ハクサンパイオニア,0,2024,0.519184887409,0.493837714195,0.439774453640
2024-01-27,202410010511,2020101503,2,カンチェンジュンガ,1,2024,0.231687307358,0.269124776125,0.326155871153
2024-01-27,202410010511,2017101767,3,ベンガン,1,2024,0.305649161339,0.342306435108,0.362392008305
2024-01-27,202410010511,2019103233,4,ニシノデフィレ,0,2024,0.222730740905,0.261698991060,0.237069681287
2024-01-27,202410010511,2019102856,5,トーホウラビアン,0,2024,0.238360747695,0.265940308571,0.234395846725
2024-01-27,202410010511,2018103296,6,サニーオーシャン,0,2024,0.072560794652,0.077530719340,0.063017301261
2024-01-27,202410010511,2018106455,7,メイショウハボタン,0,2024,0.369977116585,0.350541621447,0.329474955797
2024-01-27,202410010511,2020103284,8,トールキン,1,2024,0.387801527977,0.410801708698,0.456493258476
2024-01-27,202410010511,2019102436,9,ミズノコキュウ,0,2024,0.331895619631,0.342851549387,0.331946402788
2024-01-27,202410010511,2020103482,10,スカイロケット,0,2024,0.373510509729,0.329620212317,0.340118676424
2024-01-27,202410010512,2019103008,1,ロードリライアブル,0,2024,0.162728205323,0.148460000753,0.121812865138
2024-01-27,202410010512,2020100347,2,クリノリアルレディ,0,2024,0.144773155451,0.118415109813,0.075967676938
2024-01-27,202410010512,2020102881,3,プリンスノット,0,2024,0.148011073470,0.157849669456,0.183807909489
2024-01-27,202410010512,2020104415,4,スピニングマーリン,0,2024,0.065100423992,0.057220041752,0.042954023927
2024-01-27,202410010512,2020102294,5,スイープラン,0,2024,0.331948369741,0.327212601900,0.298410058022
2024-01-27,202410010512,2020103885,6,クリノゴッホ,0,2024,0.108401596546,0.099088780582,0.084535345435
2024-01-27,202410010512,2020104824,7,シンデレラスマイル,0,2024,0.209685817361,0.218404605985,0.215936064720
2024-01-27,202410010512,2020100295,8,メリトリオ,0,2024,0.165488898754,0.176419779658,0.176217883825
2024-01-27,202410010512,2020103588,9,マテンロウナイト,0,2024,0.155407443643,0.151357501745,0.180687218904
2024-01-27,202410010512,2020101247,10,ミネヒメ,0,2024,0.198447808623,0.195164665580,0.225323930383
2024-01-27,202410010512,2019106290,11,プリティーメモリー,0,2024,0.088117465377,0.088888600469,0.089419655502
2024-01-27,202410010512,2020102507,12,トーセンサマンサ,0,2024,0.072895728052,0.064489535987,0.070912055671
2024-01-27,202410010512,2019102147,13,フォレクラフト,0,2024,0.212825998664,0.192322015762,0.189423874021
2024-01-27,202410010512,2019104356,14,ディオアステリア,1,2024,0.393877804279,0.360523104668,0.370085209608
2024-01-27,202410010512,2020102971,15,サトノグレイト,1,2024,0.246086403728,0.231493994594,0.255521029234
2024-01-27,202410010512,2020101195,16,ゴルトリッチ,1,2024,0.119549624622,0.113252557814,0.153315678239
2024-01-27,202410010512,2019103123,17,エリカフェリーチェ,0,2024,0.069696329534,0.070430725813,0.068135134876
2024-01-27,202410010512,2019102068,18,シャウビンダー,0,2024,0.242413818836,0.224444597960,0.259710907936
2024-01-28,202408020211,2015105850,1,カイザーメランジェ,0,2024,0.029563657939,0.028042916209,0.019611701369
2024-01-28,202408020211,2020101678,2,リバーラ,0,2024,0.171281456947,0.126172587276,0.129108786583
2024-01-28,202408020211,2016102073,3,ホープフルサイン,0,2024,0.048145577312,0.051650311798,0.051798708737
2024-01-28,202408020211,2020106851,4,ルガル,1,2024,0.488530158997,0.496068865061,0.471765398979
2024-01-28,202408020211,2019105439,5,エターナルタイム,1,2024,0.384831786156,0.361171782017,0.296377301216
2024-01-28,202408020211,2018100394,6,サトノラムセス,0,2024,0.047954443842,0.059125721455,0.058532506227
2024-01-28,202408020211,2020100909,7,ジューンオレンジ,0,2024,0.194730371237,0.230882972479,0.245923534036
2024-01-28,202408020211,2017100583,8,ディヴィナシオン,0,2024,0.062282841653,0.049278154969,0.059666976333
2024-01-28,202408020211,2019105087,9,サンライズロナウド,0,2024,0.215123027563,0.173522114754,0.162702873349
2024-01-28,202408020211,2019100153,10,カワキタレブリー,0,2024,0.046939250082,0.060888566077,0.062477566302
2024-01-28,202408020211,2017106720,11,サンライズオネスト,0,2024,0.108218066394,0.130965024233,0.136873900890
2024-01-28,202408020211,2019103714,12,メイショウソラフネ,0,2024,0.291522920132,0.285523027182,0.248708099127
2024-01-28,202408020211,2019105126,13,アグリ,1,2024,0.400199234486,0.449876189232,0.394002467394
2024-01-28,202408020211,2019103422,14,テイエムスパーダ,0,2024,0.113628938794,0.110300824046,0.109226822853
2024-01-28,202408020211,2020101827,15,バースクライ,0,2024,0.331347048283,0.340382844210,0.355871230364
2024-01-28,202408020211,2015104364,16,トゥラヴェスーラ,0,2024,0.092057868838,0.080998435616,0.107816860080
2024-01-28,202408020211,2019105658,17,オタルエバー,0,2024,0.320742219687,0.296410381794,0.304514557123
2024-01-28,202408020211,2019110001,18,ショウナンハクラク,0,2024,0.137755036354,0.121191278100,0.139301881194
2024-01-28,202410010602,2021104060,1,ノーブルビーチ,0,2024,0.118332579732,0.111387230456,0.107170842588
2024-01-28,202410010602,2021107133,2,オーヴァーザトップ,0,2024,0.445622622967,0.447768688202,0.377333551645
2024-01-28,202410010602,2021100460,3,カワカミガンビエ,0,2024,0.406314402819,0.411209344864,0.350431442261
2024-01-28,202410010602,2021101223,4,クィーンズハット,1,2024,0.070649027824,0.065461121500,0.068934306502
2024-01-28,202410010602,2021106617,5,クリーゲリン,0,2024,0.224971219897,0.226862907410,0.212736219168
2024-01-28,202410010602,2021101891,6,スパークルジョイ,0,2024,0.311599403620,0.295216977596,0.271968126297
2024-01-28,202410010602,2021103897,7,ショウナンラジョア,0,2024,0.107635244727,0.115998744965,0.092586033046
2024-01-28,202410010602,2021104057,8,サクラリゲル,0,2024,0.063749745488,0.053551115096,0.054605592042
2024-01-28,202410010602,2021101769,12,ドレッド,0,2024,0.278327941895,0.262196362019,0.278578370810
2024-01-28,202410010602,2021104933,13,カントゥータ,0,2024,0.159978240728,0.175019308925,0.144213736057
2024-01-28,202410010602,2021100228,16,クリノカグヤ,0,2024,0.044578474015,0.056430961937,0.045208100230
2024-01-28,202410010608,2020105131,1,ロッソランパンテ,0,2024,0.039456188679,0.033682517707,0.045081738383
2024-01-28,202410010608,2020106546,2,セイウンシリウス,0,2024,0.332924813032,0.304737150669,0.283557087183
2024-01-28,202410010608,2020105492,3,ニシノピウモッソ,1,2024,0.623109698296,0.625952839851,0.669702172279
2024-01-28,202410010608,2020105892,4,ヴァルトラウテ,1,2024,0.108001954854,0.096133947372,0.089989461005
2024-01-28,202410010608,2019101276,5,ブルーグロット,0,2024,0.208811506629,0.206546157598,0.166891574860
2024-01-28,202410010608,2019105191,6,コナブラック,1,2024,0.194118112326,0.197961524129,0.181535810232
2024-01-28,202410010608,2018100772,7,ハイライフ,0,2024,0.037607815117,0.041837494820,0.030188692734
2024-01-28,202410010608,2018101951,8,タガノスペルノヴァ,0,2024,0.197976127267,0.158727243543,0.173170000315
2024-01-28,202410010608,2020101265,9,オコジュ,0,2024,0.209428340197,0.195144742727,0.175630584359
2024-01-28,202410010608,2020104796,10,ホイッスルソング,0,2024,0.177818179131,0.176138758659,0.204692795873
2024-01-28,202410010608,2020105836,11,ゴールドレコーダー,0,2024,0.180842474103,0.162970393896,0.114671193063
2024-01-28,202410010608,2020103962,12,ステークホルダー,0,2024,0.349423080683,0.318651109934,0.336843580008
2024-01-28,202410010608,2017101448,13,ウインアステロイド,0,2024,0.138083040714,0.153015717864,0.156863003969
2024-01-28,202410010608,2020102640,14,サイモンオリーブ,0,2024,0.165267616510,0.135369241238,0.152577400208
2024-01-28,202410010611,2017104138,1,グランレイ,0,2024,0.183229506016,0.174783557653,0.180060103536
2024-01-28,202410010611,2018102669,2,スズノナデシコ,0,2024,0.240957945585,0.220877066255,0.238129988313
2024-01-28,202410010611,2020110114,3,スリーアイランド,0,2024,0.235840797424,0.246532276273,0.266532212496
2024-01-28,202410010611,2019100666,4,イラーレ,0,2024,0.387932807207,0.386023640633,0.438287645578
2024-01-28,202410010611,2020102132,5,トレンディスター,0,2024,0.126793712378,0.135692507029,0.168229416013
2024-01-28,202410010611,2018102585,6,ロードラスター,0,2024,0.130295351148,0.157072216272,0.136794224381
2024-01-28,202410010611,2019105044,7,アドマイヤラヴィ,0,2024,0.336969673634,0.318026691675,0.444597452879
2024-01-28,202410010611,2018106345,8,スズカマクフィ,0,2024,0.027062866837,0.028086343780,0.022889332846
2024-01-28,202410010611,2017103020,9,ダンツイノーバ,0,2024,0.083381891251,0.097408592701,0.097933560610
2024-01-28,202410010611,2018101145,10,アジアノジュンシン,0,2024,0.065708622336,0.045328825712,0.066721439362
2024-01-28,202410010611,2020110040,11,ヤクシマ,1,2024,0.125365331769,0.110133953393,0.102787710726
2024-01-28,202410010611,2019101626,12,ピンクマクフィー,1,2024,0.150895178318,0.158420503139,0.166220307350
2024-01-28,202410010611,2019100652,13,ハギノモーリス,1,2024,0.172629594803,0.228648439050,0.228686526418
2024-01-28,202410010611,2020110133,14,フロムダスク,0,2024,0.061818536371,0.061204433441,0.068854562938
2024-01-28,202410010611,2018102649,15,タツリュウオー,0,2024,0.055175852031,0.047413229942,0.052140440792
2024-01-28,202410010611,2018100025,16,シゲルカチョウ,0,2024,0.093344822526,0.093169420958,0.093203291297
2024-01-28,202410010611,2016104227,17,ジョニーズララバイ,0,2024,0.037074975669,0.042669437826,0.051722634584
2024-01-28,202410010611,2019102041,18,アドヴァイス,0,2024,0.075665205717,0.080435238779,0.093017168343
2024-02-03,202408020308,2019102786,1,ウォータールグラン,0,2024,0.282794266939,0.237346857786,0.194279029965
2024-02-03,202408020308,2020104194,2,ルーフ,0,2024,0.500657081604,0.497087836266,0.444988787174
2024-02-03,202408020308,2020102940,3,ダンシングニードル,0,2024,0.152240097523,0.135157361627,0.145335435867
2024-02-03,202408020308,2020102738,4,エールレヴリー,0,2024,0.352200001478,0.402828067541,0.398816078901
2024-02-03,202408020308,2018103611,5,デルマカンノン,0,2024,0.191478058696,0.210499852896,0.187745809555
2024-02-03,202408020308,2020101543,6,グランテスト,1,2024,0.385719299316,0.386634439230,0.482539862394
2024-02-03,202408020308,2019105141,7,ヴァンルーラー,0,2024,0.183333992958,0.177450224757,0.143746286631
2024-02-03,202408020308,2018100736,8,アンフィニドール,1,2024,0.322072535753,0.360276579857,0.295794397593
2024-02-03,202408020308,2018102281,9,キタノエクスプレス,1,2024,0.310754060745,0.330715388060,0.283844649792
2024-02-03,202408020308,2019105915,10,グッドグロウス,0,2024,0.066351458430,0.066885277629,0.066112741828
2024-02-03,202408020308,2018101964,11,アルムファーツリー,0,2024,0.059415005147,0.054135467857,0.058476313949
2024-02-03,202408020308,2019103806,12,ベルウッドブラボー,0,2024,0.218956038356,0.222745731473,0.207396388054
2024-02-03,202410010709,2021102562,1,パルプフィクション,0,2024,0.165648728609,0.176921069622,0.145852237940
2024-02-03,202410010709,2021105068,2,クリノハレルヤ,1,2024,0.465028226376,0.379736065865,0.320431917906
2024-02-03,202410010709,2021105312,3,ルージュレベッカ,0,2024,0.139105454087,0.079437121749,0.125184297562
2024-02-03,202410010709,2021105175,5,セントキルダ,0,2024,0.128693819046,0.149567693472,0.128862723708
2024-02-03,202410010709,2021102433,6,アートフォーム,0,2024,0.280977636576,0.325713932514,0.387517899275
2024-02-03,202410010709,2021109114,7,アイタカ,0,2024,0.310077816248,0.315280437469,0.343436151743
2024-02-03,202410010709,2021104404,9,シュークリーム,0,2024,0.508723497391,0.532848298550,0.494909435511
2024-02-03,202410010709,2021100144,11,ロードトレゾール,1,2024,0.217505469918,0.208507880569,0.147646218538
2024-02-03,202410010709,2021106854,12,ハピアーザンエバー,0,2024,0.232561036944,0.246459037066,0.235193789005
2024-02-04,202410010806,2021103554,1,リルフロスト,0,2024,0.214904084802,0.201786562800,0.160456255078
2024-02-04,202410010806,2021106564,2,ハヤブサソンタクン,0,2024,0.114260382950,0.095336198807,0.092776253819
2024-02-04,202410010806,2021100157,3,ロードトレイル,0,2024,0.566809177399,0.567703545094,0.584886372089
2024-02-04,202410010806,2021102060,4,ルクスルイナール,0,2024,0.135761409998,0.128939747810,0.079982101917
2024-02-04,202410010806,2021104806,5,レオナルドスター,1,2024,0.355784058571,0.393262416124,0.411874651909
2024-02-04,202410010806,2021104989,6,オレンジサファイア,0,2024,0.197354808450,0.186967819929,0.196854412556
2024-02-04,202410010806,2021100015,10,キラン,0,2024,0.039641659707,0.038030050695,0.042968668044
2024-02-04,202410010806,2021106216,11,ウインラグラス,0,2024,0.174837455153,0.175529479980,0.203287184238
2024-02-04,202410010806,2021100522,12,ジョーメッドヴィン,1,2024,0.299166202545,0.289966046810,0.317154079676
2024-02-04,202410010806,2021100181,13,ブラヴォージャパン,0,2024,0.029143171385,0.027103763074,0.027340123430
2024-02-04,202410010806,2021103275,15,メイショウノワキ,0,2024,0.021376697347,0.016861949116,0.019898306578
2024-02-04,202410010806,2021104928,16,トラペジスト,1,2024,0.327688515186,0.313084125519,0.266087412834
2024-02-04,202410010812,2020106737,1,メイショウコギク,1,2024,0.311031401157,0.308843255043,0.301895499229
2024-02-04,202410010812,2019103193,2,トリップトゥムーン,0,2024,0.209099382162,0.193230852485,0.208383426070
2024-02-04,202410010812,2019100936,3,ニシノタマユラ,0,2024,0.164956703782,0.127489790320,0.102019518614
2024-02-04,202410010812,2019101031,4,サミュエル,0,2024,0.318534255028,0.293928891420,0.319300502539
2024-02-04,202410010812,2020100305,5,セイウンスイート,0,2024,0.131106495857,0.114631533623,0.113212771714
2024-02-04,202410010812,2020110068,6,エイムインライフ,0,2024,0.110221713781,0.121447920799,0.136579096317
2024-02-04,202410010812,2018103206,7,クオンタム,0,2024,0.022157292813,0.026202980429,0.017955368385
2024-02-04,202410010812,2020102271,8,コスモグングニール,0,2024,0.265363872051,0.267246514559,0.262808173895
2024-02-04,202410010812,2020102208,9,マテンロウアネモス,0,2024,0.338624805212,0.284228920937,0.286503225565
2024-02-04,202410010812,2020104905,10,ハクサンミニョン,0,2024,0.179830208421,0.182578667998,0.182303830981
2024-02-04,202410010812,2020102934,11,ディナトセレーネ,0,2024,0.174756392837,0.151096895337,0.134963914752
2024-02-04,202410010812,2018110112,12,バラードインミラノ,1,2024,0.196068212390,0.176368549466,0.185147523880
2024-02-04,202410010812,2020104676,13,マイレーヌ,1,2024,0.275942862034,0.253167897463,0.241021528840
2024-02-04,202410010812,2019101133,14,ソングフォーユー,0,2024,0.153373077512,0.123219586909,0.128622040153
2024-02-10,202410020110,2020104825,1,スカプラリオ,0,2024,0.200970843434,0.181499779224,0.208361476660
2024-02-10,202410020110,2020100151,2,スクルプトーリス,0,2024,0.330080270767,0.329582780600,0.380415737629
2024-02-10,202410020110,2018104534,3,アスクキングコング,1,2024,0.213706418872,0.189651533961,0.228454396129
2024-02-10,202410020110,2019101262,4,ショウナンアメリア,0,2024,0.159299269319,0.135811015964,0.135826066136
2024-02-10,202410020110,2018104559,5,ナリタローゼ,0,2024,0.187772929668,0.166087940335,0.162255242467
2024-02-10,202410020110,2018103296,6,サニーオーシャン,1,2024,0.041124101728,0.046506416053,0.034256972373
2024-02-10,202410020110,2019109109,7,ソールズベリー,0,2024,0.073893442750,0.073486119509,0.065930321813
2024-02-10,202410020110,2017101991,8,テンジュイン,0,2024,0.115530252457,0.131165608764,0.154820904136
2024-02-10,202410020110,2019104675,9,アップストローク,1,2024,0.253925234079,0.260135471821,0.270199447870
2024-02-10,202410020110,2019100168,10,ベジェサ,0,2024,0.060459237546,0.059152793139,0.097085334361
2024-02-10,202410020110,2018104621,11,サトノルーチェ,0,2024,0.206872805953,0.197418734431,0.217898696661
2024-02-10,202410020110,2020100686,12,ジョリダム,0,2024,0.128882542253,0.127496346831,0.130842730403
2024-02-10,202410020110,2020106987,13,スムースベルベット,0,2024,0.219638377428,0.199600487947,0.196456834674
2024-02-10,202410020110,2020102971,14,サトノグレイト,0,2024,0.272242486477,0.285111635923,0.296380370855
2024-02-10,202410020112,2018105523,1,シュライエン,0,2024,0.141952067614,0.163211822510,0.162555709481
2024-02-10,202410020112,2020106817,2,タイキバルドル,0,2024,0.153376311064,0.105334162712,0.111654236913
2024-02-10,202410020112,2019104356,3,ディオアステリア,1,2024,0.359399229288,0.352188825607,0.387115627527
2024-02-10,202410020112,2020106131,4,ジオパーククラウン,0,2024,0.118187732995,0.107236400247,0.089791737497
2024-02-10,202410020112,2019100197,5,ウインエイムハイ,0,2024,0.096044756472,0.091546937823,0.082886993885
2024-02-10,202410020112,2019101833,6,ウインクルシャープ,0,2024,0.135025814176,0.130148246884,0.143227085471
2024-02-10,202410020112,2020106882,7,シャングリラ,0,2024,0.071645163000,0.071397051215,0.059771489352
2024-02-10,202410020112,2018106145,8,アコルダール,0,2024,0.045292571187,0.047799021006,0.040505096316
2024-02-10,202410020112,2020103885,9,クリノゴッホ,0,2024,0.134559407830,0.125958606601,0.139442399144
2024-02-10,202410020112,2020103962,10,ステークホルダー,0,2024,0.189355775714,0.196908965707,0.216749772429
2024-02-10,202410020112,2019102672,11,バレル,0,2024,0.175112366676,0.144950374961,0.136667698622
2024-02-10,202410020112,2020100500,12,ヴィエンヌ,0,2024,0.364387482405,0.376134723425,0.377909034491
2024-02-10,202410020112,2019101446,13,ワンリオン,1,2024,0.099886327982,0.097405150533,0.086920969188
2024-02-10,202410020112,2020103418,14,インクルードダイヤ,0,2024,0.188488036394,0.194526866078,0.219859838486
2024-02-10,202410020112,2020102050,15,サンポーニャ,0,2024,0.477665901184,0.526072382927,0.499012053013
2024-02-10,202410020112,2020102229,16,リシャールケリー,1,2024,0.193338125944,0.203481584787,0.199776589870
2024-02-10,202410020112,2018100618,17,トーホウジュナール,0,2024,0.149157002568,0.156574428082,0.162060856819
2024-02-10,202410020112,2020100236,18,ニシノトキメキ,0,2024,0.065734274685,0.088410407305,0.099979735911
2024-02-11,202410020202,2021101474,2,マーメイド,0,2024,0.177058279514,0.186968088150,0.108638785779
2024-02-11,202410020202,2021100362,3,ホウオウドルーリー,1,2024,0.277862757444,0.272724151611,0.250343769789
2024-02-11,202410020202,2021106841,4,デルミオクオーレ,0,2024,0.144330516458,0.132386744022,0.096967920661
2024-02-11,202410020202,2021101769,5,ドレッド,1,2024,0.260758012533,0.270550549030,0.291845142841
2024-02-11,202410020202,2021106679,7,コトブキボタン,0,2024,0.032482244074,0.039229229093,0.038046844304
2024-02-11,202410020202,2021105674,9,ビートメイカー,0,2024,0.103038549423,0.101722307503,0.088477410376
2024-02-11,202410020202,2021102875,11,イズジョーゴモリー,0,2024,0.122321002185,0.122779443860,0.114971213043
2024-02-11,202410020202,2021100196,13,オキャン,0,2024,0.137260392308,0.111356951296,0.120549336076
2024-02-11,202410020202,2021102833,15,メイショウバンリ,0,2024,0.068236082792,0.071659766138,0.062426541001
2024-02-11,202410020202,2021102550,16,メイショウハッブル,0,2024,0.327748715878,0.337455987930,0.332927256823
2024-02-11,202410020202,2021103039,17,ゴーインマイウェイ,0,2024,0.152018025517,0.147676259279,0.154013991356
2024-02-11,202410020206,2021101867,1,モノノフノミチ,0,2024,0.142076879740,0.127973541617,0.132779806852
2024-02-11,202410020206,2021106809,2,コスモララバイ,0,2024,0.615379631519,0.648864090443,0.666911959648
2024-02-11,202410020206,2021104396,3,ムーンセット,0,2024,0.110296539962,0.111316733062,0.112454049289
2024-02-11,202410020206,2021107068,7,ミスサン,0,2024,0.218210756779,0.208266124129,0.191750586033
2024-02-11,202410020206,2021101680,8,プレイソフトリー,1,2024,0.320698082447,0.323116958141,0.290979892015
2024-02-11,202410020206,2021100243,10,セイウンティーダ,1,2024,0.218518167734,0.218454197049,0.237749963999
2024-02-11,202410020206,2021103048,11,レギウス,0,2024,0.154698953032,0.158548444510,0.159948617220
2024-02-11,202410020206,2021105091,16,タイプフェイス,0,2024,0.059361793101,0.060088414699,0.064627066255
2024-02-11,202410020206,2021107133,18,オーヴァーザトップ,0,2024,0.308914303780,0.288893193007,0.282643407583
2024-02-11,202410020211,2018100040,1,アビッグチア,0,2024,0.161064460874,0.139070451260,0.142822489142
2024-02-11,202410020211,2016102534,2,イーサンパンサー,0,2024,0.024577699602,0.024253975600,0.018090138212
2024-02-11,202410020211,2020103589,3,ブトンドール,1,2024,0.106749281287,0.122260272503,0.102928385139
2024-02-11,202410020211,2020101588,4,ロンドンプラン,0,2024,0.172295168042,0.180275723338,0.172890275717
2024-02-11,202410020211,2017110172,5,ハリーバローズ,0,2024,0.093160413206,0.113177135587,0.088129177690
2024-02-11,202410020211,2018104041,6,マウンテンムスメ,0,2024,0.056269105524,0.055558811873,0.047923937440
2024-02-11,202410020211,2017106087,7,メイショウゲンセン,0,2024,0.378352016211,0.306978911161,0.352821260691
2024-02-11,202410020211,2019100450,8,ファロロジー,0,2024,0.197386622429,0.195843577385,0.175053894520
2024-02-11,202410020211,2019105972,9,ジレトール,0,2024,0.120701149106,0.130454897881,0.098936006427
2024-02-11,202410020211,2020105400,10,タマモブラックタイ,0,2024,0.245040223002,0.244643837214,0.276932507753
2024-02-11,202410020211,2020110040,11,ヤクシマ,0,2024,0.262653380632,0.248317435384,0.216455087066
2024-02-11,202410020211,2018106504,12,サトノアイ,0,2024,0.108610160649,0.080408878624,0.064155451953
2024-02-11,202410020211,2018106055,13,ヨシノイースター,1,2024,0.210972443223,0.151184201241,0.134961500764
2024-02-11,202410020211,2016104668,14,カリボール,0,2024,0.027209289372,0.024991128594,0.023823875934
2024-02-11,202410020211,2018101343,15,ゾンニッヒ,1,2024,0.339976459742,0.349694371223,0.297176510096
2024-02-11,202410020211,2018102155,16,マイネルジェロディ,0,2024,0.164264515042,0.173492863774,0.176200449467
2024-02-11,202410020211,2020103276,17,バルサムノート,0,2024,0.267202228308,0.276212513447,0.244153484702
2024-02-11,202410020211,2019104915,18,バンデルオーラ,0,2024,0.167092740536,0.204197719693,0.188965931535
2024-02-17,202410020302,2021107265,2,ドルフィンスクエア,0,2024,0.310479551554,0.295673221350,0.325483113527
2024-02-17,202410020302,2021106216,4,ウインラグラス,1,2024,0.189309611917,0.189234450459,0.172327205539
2024-02-17,202410020302,2021100401,8,ニシノミニョンヌ,0,2024,0.137130334973,0.144931435585,0.160829260945
2024-02-17,202410020302,2021104806,11,レオナルドスター,1,2024,0.399344027042,0.420941501856,0.465968549252
2024-02-17,202410020302,2021101933,12,レディーズナイト,0,2024,0.313444256783,0.284078121185,0.334435880184
2024-02-17,202410020302,2021103119,17,ニシノアヤカゼ,0,2024,0.152124926448,0.162025734782,0.170276954770
2024-02-17,202410020312,2020102591,1,メリオルヴィータ,0,2024,0.085191681981,0.084023490548,0.083888463676
2024-02-17,202410020312,2019110127,2,サトノプリエール,1,2024,0.346444010735,0.357008337975,0.316793143749
2024-02-17,202410020312,2019110122,3,ブラヴィーノ,0,2024,0.036738000810,0.039792798460,0.050324238837
2024-02-17,202410020312,2018100772,4,ハイライフ,0,2024,0.027504885569,0.027752205729,0.017505949363
2024-02-17,202410020312,2019102303,5,アイムファイン,0,2024,0.298991620541,0.243088528514,0.335678100586
2024-02-17,202410020312,2019105765,6,ハウファアイルゴー,0,2024,0.094655655324,0.092113599181,0.112604834139
2024-02-17,202410020312,2020100795,7,ベルタソ,0,2024,0.044159568846,0.050402894616,0.045509140939
2024-02-17,202410020312,2019106333,9,ジャマン,0,2024,0.031465504318,0.028230823576,0.020411632955
2024-02-17,202410020312,2020103588,10,マテンロウナイト,0,2024,0.165933907032,0.181461691856,0.160924211144
2024-02-17,202410020312,2019102068,11,シャウビンダー,1,2024,0.277182310820,0.273277699947,0.308409661055
2024-02-17,202410020312,2020102507,12,トーセンサマンサ,0,2024,0.116008162498,0.113318555057,0.115685485303
2024-02-17,202410020312,2020101195,13,ゴルトリッチ,0,2024,0.315099209547,0.289455473423,0.270929455757
2024-02-17,202410020312,2018110149,14,コスモアディラート,0,2024,0.329723209143,0.371251910925,0.378962039948
2024-02-17,202410020312,2019103876,15,アパショナード,0,2024,0.406404793262,0.387259662151,0.353772848845
2024-02-17,202410020312,2018104938,16,ヴェールクレール,0,2024,0.391808778048,0.393958240747,0.404522925615
2024-02-17,202410020312,2019101643,17,バシレウスシチー,1,2024,0.319433033466,0.248984128237,0.227505341172
2024-02-17,202410020312,2020106336,18,ゴレイジョウ,0,2024,0.078947298229,0.070121802390,0.063392087817
2024-02-18,202410020402,2021106008,6,プラビータ,0,2024,0.254107743502,0.234366521239,0.175110131502
2024-02-18,202410020402,2021100297,7,ブルボンクイーン,1,2024,0.211709335446,0.191443979740,0.173443615437
2024-02-18,202410020402,2021102339,10,ユッカラン,0,2024,0.191442310810,0.174863994122,0.193562358618
2024-02-18,202410020402,2021101064,13,ノイヤー,0,2024,0.529646217823,0.468393862247,0.541338562965
2024-02-18,202410020402,2021102914,14,モズトキキ,1,2024,0.449957400560,0.423840165138,0.485570997000
2024-02-18,202410020402,2021101528,16,クイーンカナロア,0,2024,0.140039160848,0.137815117836,0.137623429298
2024-02-18,202410020402,2021100460,17,カワカミガンビエ,0,2024,0.264003992081,0.263346850872,0.282483071089
2024-02-18,202410020402,2021103052,18,サニイアール,1,2024,0.264568418264,0.286543279886,0.279256343842
2024-02-18,202410020410,2018104559,1,ナリタローゼ,0,2024,0.127757504582,0.108963496983,0.086550191045
2024-02-18,202410020410,2020106330,2,ラウラーナ,1,2024,0.198654830456,0.226341888309,0.253500521183
2024-02-18,202410020410,2020102630,3,アルーリングビュー,1,2024,0.226003840566,0.278373241425,0.306386262178
2024-02-18,202410020410,2019104738,4,サウンドクレア,1,2024,0.129711031914,0.126932069659,0.159993171692
2024-02-18,202410020410,2020101763,5,トーホウフランゴ,0,2024,0.105948671699,0.095091909170,0.096523672342
2024-02-18,202410020410,2018101964,6,アルムファーツリー,0,2024,0.057292815298,0.065162859857,0.062751241028
2024-02-18,202410020410,2020100121,7,イイヒニナル,0,2024,0.115391276777,0.112167537212,0.155993670225
2024-02-18,202410020410,2018106455,8,メイショウハボタン,0,2024,0.171789884567,0.157482191920,0.151786252856
2024-02-18,202410020410,2020102331,9,メイショウオトギ,0,2024,0.053634326905,0.079650886357,0.109809041023
2024-02-18,202410020410,2020104942,10,シルフィードレーヴ,0,2024,0.105262801051,0.104196429253,0.122542448342
2024-02-18,202410020410,2019101270,11,ヨール,0,2024,0.169715806842,0.170441076159,0.185558959842
2024-02-18,202410020410,2020100686,12,ジョリダム,0,2024,0.078991077840,0.067099541426,0.076875232160
2024-02-18,202410020410,2020101492,13,シンリンゲンカイ,0,2024,0.103921763599,0.097526103258,0.106147438288
2024-02-18,202410020410,2019103897,14,ハピネスアゲン,0,2024,0.304225474596,0.298061162233,0.295076787472
2024-02-18,202410020410,2017101991,15,テンジュイン,0,2024,0.046588324010,0.036823775619,0.040223777294
2024-02-18,202410020410,2019105412,16,プリモカリーナ,0,2024,0.231502145529,0.207646235824,0.258512437344
2024-02-18,202410020410,2019100604,17,ヤマニンアンフィル,0,2024,0.138648107648,0.161557301879,0.171638548374
2024-02-18,202410020410,2018100636,18,ステラダイヤ,0,2024,0.117933377624,0.123852513731,0.124687917531
2024-02-18,202410020412,2018105201,1,デイトンウェイ,0,2024,0.135470837355,0.103657454252,0.109713315964
2024-02-18,202410020412,2020101093,2,ショッキングブルー,0,2024,0.123243682086,0.111811518669,0.103982143104
2024-02-18,202410020412,2020105892,3,ヴァルトラウテ,0,2024,0.157021477818,0.177956417203,0.187570556998
2024-02-18,202410020412,2020101229,4,レディメローラ,0,2024,0.245376959443,0.279474377632,0.231248885393
2024-02-18,202410020412,2019103123,5,エリカフェリーチェ,0,2024,0.124748855829,0.132182478905,0.140962779522
2024-02-18,202410020412,2020101378,6,アイヲツグモノ,1,2024,0.070205785334,0.072666861117,0.070304550231
2024-02-18,202410020412,2020104824,7,シンデレラスマイル,0,2024,0.296029448509,0.297738134861,0.269100695848
2024-02-18,202410020412,2019103193,8,トリップトゥムーン,1,2024,0.198991104960,0.184248521924,0.185872465372
2024-02-18,202410020412,2018101951,10,タガノスペルノヴァ,0,2024,0.127779126167,0.118483968079,0.128486216068
2024-02-18,202410020412,2019104657,11,ルールザウイングス,0,2024,0.063476055861,0.061603203416,0.054595056921
2024-02-18,202410020412,2020102934,12,ディナトセレーネ,0,2024,0.098092712462,0.109833002090,0.078542724252
2024-02-18,202410020412,2020102208,13,マテンロウアネモス,0,2024,0.155804499984,0.155062451959,0.130509719253
2024-02-18,202410020412,2019103008,14,ロードリライアブル,0,2024,0.084505997598,0.084762662649,0.069984763861
2024-02-18,202410020412,2017101448,15,ウインアステロイド,1,2024,0.206944495440,0.201837792993,0.173455223441
2024-02-18,202410020412,2019105265,16,アエリーゾ,0,2024,0.159138232470,0.174482777715,0.171176254749
2024-02-18,202410020412,2020101247,17,ミネヒメ,0,2024,0.201638728380,0.183207392693,0.209574401379
2024-02-18,202410020412,2020100741,18,ノーブルラン,0,2024,0.123540796340,0.120638936758,0.128664597869
2024-02-24,202409010112,2019101679,1,ヴィアドロローサ,0,2024,0.142028331757,0.167007535696,0.129824608564
2024-02-24,202409010112,2020104194,2,ルーフ,1,2024,0.657740712166,0.625282645226,0.644497036934
2024-02-24,202409010112,2020104087,3,グランツベリー,0,2024,0.492297858000,0.484823554754,0.471229225397
2024-02-24,202409010112,2020106733,4,ブラーヴ,0,2024,0.073224015534,0.071561932564,0.092202067375
2024-02-24,202409010112,2019100170,5,デルマカミーラ,0,2024,0.065954953432,0.042019285262,0.058797925711
2024-02-24,202409010112,2018102281,6,キタノエクスプレス,1,2024,0.447187066078,0.466873794794,0.468333184719
2024-02-24,202409010112,2019104498,7,インプロバイザー,0,2024,0.222133055329,0.274411141872,0.255719691515
2024-02-24,202409010112,2020100151,8,スクルプトーリス,0,2024,0.499127060175,0.464580327272,0.454313397408
2024-02-24,202409010112,2019102786,9,ウォータールグラン,1,2024,0.301030188799,0.278363555670,0.259804964066
2024-02-24,202409010112,2019104697,10,ショウナンマッハ,0,2024,0.242802500725,0.263093709946,0.307101130486
2024-02-24,202410020502,2021103039,2,ゴーインマイウェイ,1,2024,0.185536876321,0.196496769786,0.188359722495
2024-02-24,202410020502,2021106789,3,コスモマチュアー,0,2024,0.064423374832,0.064168959856,0.066429488361
2024-02-24,202410020502,2021110023,4,エクストラバック,1,2024,0.404135257006,0.424744725227,0.427381217480
2024-02-24,202410020502,2021103092,5,ナムラローズマリー,1,2024,0.593532145023,0.621696472168,0.680265665054
2024-02-24,202410020502,2021100415,6,スウィートリワード,0,2024,0.423800021410,0.422976195812,0.402472376823
2024-02-24,202410020502,2021109052,8,トントンプー,0,2024,0.024538200349,0.022246794775,0.021936407313
2024-02-24,202410020502,2021110032,12,フィクストスター,0,2024,0.089314922690,0.077093504369,0.067034631968
2024-02-24,202410020502,2021105197,13,コーントップス,0,2024,0.031160229817,0.038370337337,0.047566924244
2024-02-24,202410020502,2021102909,15,ホーギー,0,2024,0.055418457836,0.053839329630,0.066528633237
2024-02-24,202410020502,2021102875,17,イズジョーゴモリー,0,2024,0.132921919227,0.132061481476,0.131567299366
2024-02-24,202410020509,2020102271,1,コスモグングニール,0,2024,0.400959551334,0.450063765049,0.361491978168
2024-02-24,202410020509,2020103885,2,クリノゴッホ,0,2024,0.164568737149,0.183695644140,0.190830886364
2024-02-24,202410020509,2019103594,3,レッドアヴァンティ,1,2024,0.411001503468,0.396812289953,0.351582527161
2024-02-24,202410020509,2019102303,4,アイムファイン,0,2024,0.377761304379,0.349193662405,0.324574440718
2024-02-24,202410020509,2020100906,5,フライングブレード,1,2024,0.461537778378,0.510874271393,0.577000558376
2024-02-24,202410020509,2019106194,6,コーリングユー,1,2024,0.409123420715,0.398118793964,0.426986694336
2024-02-24,202410020509,2020105409,7,ディアドコス,0,2024,0.041292831302,0.039791248739,0.052829649299
2024-02-24,202410020509,2020103418,8,インクルードダイヤ,0,2024,0.185158491135,0.187195450068,0.192404150963
2024-02-24,202410020509,2020104346,9,イミュータブル,0,2024,0.109064944088,0.099440596998,0.105921208858
2024-02-24,202410020509,2020103844,10,フリントロック,0,2024,0.158063203096,0.174942448735,0.216220185161
2024-02-24,202410020509,2020101517,11,ソノママソノママ,0,2024,0.107061021030,0.093142069876,0.081852123141
2024-02-24,202410020509,2019100197,12,ウインエイムハイ,0,2024,0.074514903128,0.079853318632,0.062255624682
2024-02-24,202410020509,2020106737,13,メイショウコギク,0,2024,0.253593534231,0.246094256639,0.236190021038
2024-02-24,202410020509,2020105131,14,ロッソランパンテ,0,2024,0.029294883832,0.030051006004,0.026231193915
2024-02-24,202410020512,2019101446,1,ワンリオン,0,2024,0.226107984781,0.204574093223,0.202626898885
2024-02-24,202410020512,2018104872,2,アクアマリンブルー,0,2024,0.158305853605,0.140465334058,0.135342672467
2024-02-24,202410020512,2020101093,3,ショッキングブルー,0,2024,0.050242703408,0.049518279731,0.059505909681
2024-02-24,202410020512,2019107007,4,パワポケビー,0,2024,0.172265172005,0.148013204336,0.142627149820
2024-02-24,202410020512,2019105487,5,アドマイヤジェイ,1,2024,0.488630086184,0.528673529625,0.541754305363
2024-02-24,202410020512,2020104796,6,ホイッスルソング,0,2024,0.161800250411,0.180839329958,0.175707787275
2024-02-24,202410020512,2019106183,7,カフェクロニクル,1,2024,0.088730201125,0.068984664977,0.119749501348
2024-02-24,202410020512,2019103100,8,サルサロッサ,0,2024,0.102963171899,0.131977275014,0.103035755455
2024-02-24,202410020512,2018100241,9,クリノアンビシャス,0,2024,0.042165905237,0.045757602900,0.035355743021
2024-02-24,202410020512,2020101247,10,ミネヒメ,0,2024,0.173515409231,0.177916273475,0.167184174061
2024-02-24,202410020512,2020100295,11,メリトリオ,0,2024,0.223249807954,0.232483938336,0.248341426253
2024-02-24,202410020512,2020103261,12,アウクソー,0,2024,0.069833494723,0.063034147024,0.051793970168
2024-02-24,202410020512,2020102599,13,リトルミム,0,2024,0.207966282964,0.225206911564,0.245518237352
2024-02-24,202410020512,2018106612,14,オリアメンディ,0,2024,0.077109351754,0.088996037841,0.100809834898
2024-02-24,202410020512,2019103659,15,マテンロウボンド,1,2024,0.093771748245,0.090200506151,0.114654004574
2024-02-24,202410020512,2020100741,16,ノーブルラン,0,2024,0.103811204433,0.108406826854,0.104894950986
2024-02-24,202410020512,2020100289,17,シルバーダイヤ,0,2024,0.077655956149,0.089612513781,0.064173646271
2024-02-24,202410020512,2020104905,18,ハクサンミニョン,0,2024,0.110094800591,0.125218212605,0.095422789454
2024-02-25,202409010210,2021104006,1,クリスアーサー,0,2024,0.435519546270,0.398050159216,0.448614776134
2024-02-25,202409010210,2021100899,2,ビッグドリーム,0,2024,0.473008871078,0.451882511377,0.432861655951
2024-02-25,202409010210,2021110021,3,スピリットガイド,1,2024,0.234215036035,0.268588244915,0.239575669169
2024-02-25,202409010210,2021102392,4,ナナオ,1,2024,0.475354641676,0.459791958332,0.416124671698
2024-02-25,202409010210,2021110132,5,ジャスパーノワール,0,2024,0.258026391268,0.278234630823,0.228644400835
2024-02-25,202409010210,2021100161,6,ロードフロンティア,0,2024,0.184300601482,0.191846549511,0.200023189187
2024-02-25,202409010210,2021100139,7,クランフォード,0,2024,0.493399351835,0.467265605927,0.425966352224
2024-02-25,202409010210,2021107058,8,ピューロマジック,1,2024,0.470442712307,0.485574305058,0.434103220701
2024-02-25,202409010210,2021103080,9,ゼルトザーム,0,2024,0.275129079819,0.244741752744,0.202077940106
2024-02-25,202409010210,2021104504,10,ベント,0,2024,0.029752336442,0.028447734192,0.024792643264
2024-02-25,202409010210,2021105771,11,ミルテンベルク,0,2024,0.212711066008,0.264738798141,0.242256700993
2024-02-25,202410020606,2021103116,2,ヤブサメ,1,2024,0.334210187197,0.349753022194,0.376182705164
2024-02-25,202410020606,2021106208,3,リベリアンガール,0,2024,0.102671787143,0.092385187745,0.073425203562
2024-02-25,202410020606,2021104057,5,サクラリゲル,0,2024,0.085508830845,0.077639900148,0.072847902775
2024-02-25,202410020606,2021106879,6,ゴールドジャンパー,0,2024,0.507067620754,0.576663315296,0.560815155506
2024-02-25,202410020606,2021106809,7,コスモララバイ,0,2024,0.616217851639,0.645994484425,0.628550291061
2024-02-25,202410020606,2021103299,9,シアター,1,2024,0.625001788139,0.687396347523,0.658865988255
2024-02-25,202410020606,2021103437,12,ライヴパトラッシュ,0,2024,0.018878888339,0.024634435773,0.026533542201
2024-02-25,202410020606,2021103554,13,リルフロスト,0,2024,0.155674740672,0.147892758250,0.120734237134
2024-02-25,202410020606,2021100015,15,キラン,0,2024,0.040646407753,0.037854824215,0.031355872750
2024-02-25,202410020606,2021102386,16,セブンスリーローズ,0,2024,0.046084888279,0.044933710247,0.038170386106
2024-02-25,202410020611,2017103020,1,ダンツイノーバ,0,2024,0.098019361496,0.105156116188,0.077928029001
2024-02-25,202410020611,2019101626,2,ピンクマクフィー,0,2024,0.316790461540,0.314996808767,0.266850620508
2024-02-25,202410020611,2020101543,3,グランテスト,0,2024,0.370115965605,0.427575021982,0.461089670658
2024-02-25,202410020611,2018106837,4,テーオーメアリー,0,2024,0.128518134356,0.106852397323,0.095290869474
2024-02-25,202410020611,2018103205,5,クムシラコ,0,2024,0.051215734333,0.052874568850,0.051511611789
2024-02-25,202410020611,2018106389,6,メイショウツツジ,0,2024,0.059597443789,0.058462545276,0.065304793417
2024-02-25,202410020611,2019106184,7,カフジテトラゴン,0,2024,0.243220016360,0.238189116120,0.188240975142
2024-02-25,202410020611,2020110114,8,スリーアイランド,0,2024,0.374510943890,0.390138030052,0.409743010998
2024-02-25,202410020611,2017102603,9,テイエムイダテン,0,2024,0.014262412675,0.014553389512,0.016521062702
2024-02-25,202410020611,2018104160,10,ニホンピロタイズ,0,2024,0.087643653154,0.100493177772,0.074851103127
2024-02-25,202410020611,2020101262,11,エコロレジーナ,1,2024,0.180654183030,0.153478011489,0.163340821862
2024-02-25,202410020611,2018103296,12,サニーオーシャン,0,2024,0.048686373979,0.047621414065,0.051808021963
2024-02-25,202410020611,2020100105,13,エイシンフェンサー,1,2024,0.311313927174,0.316383540630,0.298644512892
2024-02-25,202410020611,2017104138,14,グランレイ,0,2024,0.177745342255,0.170489430428,0.139216929674
2024-02-25,202410020611,2018102649,15,タツリュウオー,0,2024,0.038010891527,0.032998923212,0.031561978161
2024-02-25,202410020611,2020101503,16,カンチェンジュンガ,1,2024,0.150407478213,0.156784579158,0.149852678180
2024-02-25,202410020611,2018102491,17,メイショウエニシア,0,2024,0.141055032611,0.152277857065,0.152789577842
2024-03-02,202406020311,2020101827,1,バースクライ,1,2024,0.366827487946,0.405717223883,0.399625897408
2024-03-02,202406020311,2018106055,2,ヨシノイースター,0,2024,0.245059669018,0.224096819758,0.177564546466
2024-03-02,202406020311,2019110001,3,ショウナンハクラク,0,2024,0.171196818352,0.136165469885,0.143280044198
2024-03-02,202406020311,2017106137,4,グレイトゲイナー,0,2024,0.156237840652,0.176547393203,0.197793602943
2024-03-02,202406020311,2019100965,5,マテンロウオリオン,0,2024,0.091319166124,0.085253387690,0.081263884902
2024-03-02,202406020311,2017101121,6,ボンボヤージ,0,2024,0.016383079812,0.013580565341,0.011568712071
2024-03-02,202406020311,2017105661,7,ジュビリーヘッド,0,2024,0.141689717770,0.143156334758,0.100800693035
2024-03-02,202406020311,2020103276,8,バルサムノート,0,2024,0.302922636271,0.311885803938,0.312842577696
2024-03-02,202406020311,2018110035,9,シュバルツカイザー,0,2024,0.182415679097,0.172979652882,0.158844217658
2024-03-02,202406020311,2020100896,10,ビッグシーザー,1,2024,0.397382587194,0.391272962093,0.365517675877
2024-03-02,202406020311,2019104470,11,キミワクイーン,0,2024,0.179620429873,0.160036057234,0.204249396920
2024-03-02,202406020311,2015105850,12,カイザーメランジェ,0,2024,0.040393475443,0.035458970815,0.029796712101
2024-03-02,202406020311,2018105610,13,ダディーズビビッド,0,2024,0.243609011173,0.259598881006,0.183207586408
2024-03-02,202406020311,2019105658,14,オタルエバー,0,2024,0.334028035402,0.344372063875,0.281455308199
2024-03-02,202406020311,2019106526,15,トウシンマカオ,1,2024,0.332064300776,0.343421131372,0.356631815434
2024-03-02,202406020311,2019100791,16,シナモンスティック,0,2024,0.291489094496,0.299637615681,0.290276706219
2024-03-02,202410020702,2021103548,1,フォカッチャ,0,2024,0.097512699664,0.108425818384,0.109924390912
2024-03-02,202410020702,2021105696,2,ステイチューンド,0,2024,0.579015970230,0.597019433975,0.639147520065
2024-03-02,202410020702,2021106564,3,ハヤブサソンタクン,0,2024,0.236592724919,0.229428619146,0.198244556785
2024-03-02,202410020702,2021106789,5,コスモマチュアー,0,2024,0.165980026126,0.153068080544,0.130488038063
2024-03-02,202410020702,2021101197,6,コムダビチュード,0,2024,0.050695315003,0.046043422073,0.047580480576
2024-03-02,202410020702,2021102512,8,クイーンオブリリー,0,2024,0.077204667032,0.083206579089,0.071203686297
2024-03-02,202410020702,2021109134,9,マーティー,0,2024,0.186450839043,0.148871138692,0.166280493140
2024-03-02,202410020702,2021104396,10,ムーンセット,0,2024,0.160637527704,0.167964145541,0.161144897342
2024-03-02,202410020702,2021103119,11,ニシノアヤカゼ,0,2024,0.236021235585,0.192480072379,0.201228708029
2024-03-02,202410020702,2021106208,13,リベリアンガール,0,2024,0.096742533147,0.095148339868,0.080778762698
2024-03-02,202410020702,2021107293,14,ゲッワイエンタン,0,2024,0.040863737464,0.043811604381,0.034503478557
2024-03-02,202410020702,2021103039,16,ゴーインマイウェイ,1,2024,0.389004170895,0.428373038769,0.444759070873
2024-03-02,202410020702,2021100196,17,オキャン,1,2024,0.072815388441,0.073218740523,0.059326831251
2024-03-02,202410020709,2021103493,1,イリスアスール,0,2024,0.636078357697,0.602749347687,0.661316931248
2024-03-02,202410020709,2021100015,2,キラン,0,2024,0.024993378669,0.017783388495,0.010930680670
2024-03-02,202410020709,2021100356,3,クールベイビー,1,2024,0.229011952877,0.203846573830,0.145086869597
2024-03-02,202410020709,2021106648,4,ベネメレンティ,0,2024,0.328505665064,0.388595551252,0.316109120846
2024-03-02,202410020709,2021101598,6,アンクルクロス,1,2024,0.501424074173,0.508369505405,0.470355033875
2024-03-02,202410020709,2021102054,7,ルクスパラディ,0,2024,0.232511609793,0.256624341011,0.268624812365
2024-03-02,202410020709,2021100429,8,テイエムボニータ,0,2024,0.016412535682,0.012558229268,0.014958168380
2024-03-02,202410020709,2021102295,10,チュウワキャリア,0,2024,0.338528394699,0.379324167967,0.408416718245
2024-03-02,202410020709,2021105175,11,セントキルダ,0,2024,0.167361214757,0.167834326625,0.167147338390
2024-03-02,202410020709,2021100248,12,セイウンデセオ,0,2024,0.520900249481,0.493684679270,0.475272923708
2024-03-02,202410020712,2018101982,1,クインズミント,0,2024,0.023266319185,0.025441670790,0.025012459606
2024-03-02,202410020712,2018100772,2,ハイライフ,0,2024,0.075337111950,0.080946892500,0.063857056201
2024-03-02,202410020712,2018100618,3,トーホウジュナール,0,2024,0.211116671562,0.225887387991,0.221907556057
2024-03-02,202410020712,2020100795,4,ベルタソ,0,2024,0.070189647377,0.074159786105,0.070725560188
2024-03-02,202410020712,2020106819,5,アースビート,0,2024,0.063490755856,0.049255721271,0.042239997536
2024-03-02,202410020712,2020103898,6,イグニション,1,2024,0.145525172353,0.145639494061,0.154543966055
2024-03-02,202410020712,2020106849,7,メイショウゴルシ,0,2024,0.040261328220,0.041809111834,0.032961945981
2024-03-02,202410020712,2019100936,8,ニシノタマユラ,0,2024,0.181437954307,0.175368756056,0.201364532113
2024-03-02,202410020712,2020110030,9,ユアデスティニー,0,2024,0.025259224698,0.020534753799,0.026200594380
2024-03-02,202410020712,2020101597,10,サンライズタイソン,0,2024,0.199637919664,0.212412670255,0.203118696809
2024-03-02,202410020712,2020106777,11,セレッソデアモール,0,2024,0.228620722890,0.232063308358,0.253628581762
2024-03-02,202410020712,2020101093,12,ショッキングブルー,0,2024,0.078768372536,0.085598945618,0.084760725498
2024-03-02,202410020712,2018100593,13,タイガーリリー,0,2024,0.154850870371,0.144904568791,0.138123273849
2024-03-02,202410020712,2018110149,14,コスモアディラート,1,2024,0.487039804459,0.495687812567,0.530030369759
2024-03-02,202410020712,2019106194,15,コーリングユー,1,2024,0.547507464886,0.519313216209,0.532710492611
2024-03-02,202410020712,2020100295,16,メリトリオ,0,2024,0.298339426517,0.265781998634,0.252710074186
2024-03-02,202410020712,2020103588,17,マテンロウナイト,0,2024,0.110312245786,0.102970682085,0.111632078886
2024-03-02,202410020712,2019100197,18,ウインエイムハイ,0,2024,0.111205853522,0.104065991938,0.095310442150
2024-03-03,202410020801,2021101766,3,ソルトロック,0,2024,0.236576095223,0.251476645470,0.230263546109
2024-03-03,202410020801,2021102339,4,ユッカラン,0,2024,0.182996839285,0.175940945745,0.158294931054
2024-03-03,202410020801,2021105098,5,ディーエストッキー,1,2024,0.476991534233,0.509671747684,0.499670594931
2024-03-03,202410020801,2021104806,6,レオナルドスター,0,2024,0.564186632633,0.564357697964,0.624005794525
2024-03-03,202410020801,2021104933,8,カントゥータ,0,2024,0.105722725391,0.090592466295,0.108529761434
2024-03-03,202410020801,2021105148,10,ナックアテナ,0,2024,0.165541276336,0.172544553876,0.177909687161
2024-03-03,202410020801,2021105091,11,タイプフェイス,0,2024,0.082433581352,0.072243623435,0.070923425257
2024-03-03,202410020801,2021100522,12,ジョーメッドヴィン,1,2024,0.413433372974,0.404856532812,0.452468901873
2024-03-03,202410020801,2021105069,13,グシチャンノホシ,0,2024,0.035886425525,0.044223908335,0.057791624218
2024-03-03,202410020801,2021103176,15,タイキエルキーオ,0,2024,0.028485132381,0.027058029547,0.029418019578
2024-03-03,202410020801,2021103505,16,ウエストチェリー,0,2024,0.019960591570,0.016017029062,0.019232852384
2024-03-03,202410020801,2021107169,18,ネムレスクイーン,0,2024,0.159273982048,0.206175535917,0.180331140757
2024-03-03,202410020807,2018106145,1,アコルダール,0,2024,0.059318080544,0.055136986077,0.049741331488
2024-03-03,202410020807,2019101446,2,ワンリオン,0,2024,0.251349985600,0.259360343218,0.246259465814
2024-03-03,202410020807,2020101247,3,ミネヒメ,0,2024,0.165352895856,0.157440066338,0.125279501081
2024-03-03,202410020807,2018105357,4,ラピカズマ,0,2024,0.180455565453,0.168011441827,0.193762943149
2024-03-03,202410020807,2020104824,5,シンデレラスマイル,1,2024,0.245305612683,0.258682191372,0.255618065596
2024-03-03,202410020807,2020105836,6,ゴールドレコーダー,0,2024,0.111290812492,0.117513604462,0.070879153907
2024-03-03,202410020807,2020104739,7,ランスオブサウンド,0,2024,0.137883201241,0.119568549097,0.121464982629
2024-03-03,202410020807,2020102377,8,サンタアナテソーロ,0,2024,0.185675531626,0.168856963515,0.178280100226
2024-03-03,202410020807,2020105940,9,ニシノトレンディー,0,2024,0.144694626331,0.112303890288,0.141928121448
2024-03-03,202410020807,2019105376,10,ダノンアーリー,0,2024,0.224671781063,0.205381199718,0.180725291371
2024-03-03,202410020807,2018101951,11,タガノスペルノヴァ,0,2024,0.194622635841,0.160985663533,0.165888920426
2024-03-03,202410020807,2017101448,12,ウインアステロイド,0,2024,0.257609456778,0.256948858500,0.237276419997
2024-03-03,202410020807,2018104872,13,アクアマリンブルー,0,2024,0.069531224668,0.082661196589,0.059596657753
2024-03-03,202410020807,2019104356,14,ディオアステリア,1,2024,0.557343184948,0.511757254601,0.523217678070
2024-03-03,202410020807,2016101650,15,モメチョッタ,0,2024,0.041999287903,0.044329185039,0.042810212821
2024-03-03,202410020807,2018105523,16,シュライエン,1,2024,0.162577003241,0.176170647144,0.180461734533
2024-03-03,202410020810,2018100433,1,ブロンズレッド,0,2024,0.117712542415,0.125013053417,0.119873695076
2024-03-03,202410020810,2019102456,2,ナバロン,0,2024,0.068492181599,0.068870551884,0.084642499685
2024-03-03,202410020810,2019101679,3,ヴィアドロローサ,0,2024,0.104619458318,0.111806511879,0.093756146729
2024-03-03,202410020810,2017104234,4,スズノヤマト,0,2024,0.066455885768,0.050108887255,0.048263389617
2024-03-03,202410020810,2018103902,5,サウンドブライアン,0,2024,0.058163978159,0.070661999285,0.058812089264
2024-03-03,202410020810,2018104534,6,アスクキングコング,0,2024,0.169780224562,0.136983960867,0.122853957117
2024-03-03,202410020810,2017102940,7,ワンダーカタリナ,1,2024,0.059328071773,0.064034193754,0.067210897803
2024-03-03,202410020810,2020100736,8,ビッグボーンリタ,0,2024,0.088695526123,0.093864642084,0.119544990361
2024-03-03,202410020810,2019104675,9,アップストローク,0,2024,0.268740028143,0.256129622459,0.250724077225
2024-03-03,202410020810,2019104738,10,サウンドクレア,0,2024,0.220111638308,0.237038075924,0.250950932503
2024-03-03,202410020810,2019103193,11,トリップトゥムーン,0,2024,0.216440081596,0.213973030448,0.221493229270
2024-03-03,202410020810,2018106552,12,メイショウフンケイ,1,2024,0.063608586788,0.068406909704,0.061053831130
2024-03-03,202410020810,2020104613,13,タツダイヤモンド,1,2024,0.218862146139,0.228459373116,0.242722436786
2024-03-03,202410020810,2017101991,14,テンジュイン,0,2024,0.066396728158,0.065799705684,0.062991954386
2024-03-03,202410020810,2020105484,15,ニシノコウダイ,0,2024,0.320470601320,0.346512168646,0.348785191774
2024-03-03,202410020810,2017102809,16,ガリレイ,0,2024,0.177190348506,0.200647115707,0.218113854527
2024-03-03,202410020810,2020106330,17,ラウラーナ,0,2024,0.423760652542,0.379180818796,0.378091365099
2024-03-03,202410020810,2018100378,18,ディアナグラン,0,2024,0.098313719034,0.103426240385,0.100710697472
2024-03-09,202406020510,2020100607,1,サンティーテソーロ,0,2024,0.253384500742,0.258726835251,0.252796262503
2024-03-09,202406020510,2016101956,2,オルダージュ,0,2024,0.062552176416,0.045057963580,0.034379269928
2024-03-09,202406020510,2019102041,3,アドヴァイス,0,2024,0.174423441291,0.153254568577,0.146770954132
2024-03-09,202406020510,2019103010,4,オードゥメール,0,2024,0.125155806541,0.112222611904,0.137490734458
2024-03-09,202406020510,2018106345,5,スズカマクフィ,0,2024,0.032755043358,0.033095553517,0.027943206951
2024-03-09,202406020510,2019105452,6,ミッキーハーモニー,0,2024,0.224411338568,0.238927960396,0.237959146500
2024-03-09,202406020510,2017102838,7,ハーモニーマゼラン,0,2024,0.136175125837,0.113406501710,0.098170995712
2024-03-09,202406020510,2020104203,8,スピードオブライト,1,2024,0.256026446819,0.244333460927,0.255167871714
2024-03-09,202406020510,2020101792,9,プロスペリダード,1,2024,0.299969583750,0.282408803701,0.368927210569
2024-03-09,202406020510,2018103926,10,ショウナンラスボス,0,2024,0.211659967899,0.193462207913,0.176962405443
2024-03-09,202406020510,2019102240,11,マメコ,0,2024,0.261943787336,0.258569300175,0.336005538702
2024-03-09,202406020510,2019105044,12,アドマイヤラヴィ,0,2024,0.362828701735,0.337597012520,0.365893453360
2024-03-09,202406020510,2018110037,13,ブルースピリット,0,2024,0.191147714853,0.206079632044,0.204360723495
2024-03-09,202406020510,2018104347,14,ユキノファラオ,1,2024,0.110509373248,0.111706621945,0.119137734175
2024-03-09,202406020510,2019105473,15,レッドバロッサ,0,2024,0.040276639163,0.034308943897,0.038643274456
2024-03-09,202406020510,2020105365,16,ドーバーホーク,0,2024,0.190694957972,0.241676867008,0.231117919087
2024-03-09,202406020512,2020109102,1,サウザンサニー,1,2024,0.449266403913,0.462360769510,0.587917923927
2024-03-09,202406020512,2018104765,2,イズンシーラブリー,0,2024,0.297397315502,0.240861862898,0.196880027652
2024-03-09,202406020512,2020103284,3,トールキン,0,2024,0.294015347958,0.362596213818,0.356052041054
2024-03-09,202406020512,2020104983,4,マルプリ,0,2024,0.382968217134,0.367768943310,0.412981003523
2024-03-09,202406020512,2020102391,5,チュウワスプリング,0,2024,0.134720563889,0.173823684454,0.147176146507
2024-03-09,202406020512,2019102436,6,ミズノコキュウ,0,2024,0.211575075984,0.226066648960,0.216903194785
2024-03-09,202406020512,2019104498,7,インプロバイザー,0,2024,0.209719136357,0.220031112432,0.207209050655
2024-03-09,202406020512,2019105738,8,ピンクセイラー,1,2024,0.146625548601,0.159152045846,0.150683939457
2024-03-09,202406020512,2019104697,9,ショウナンマッハ,0,2024,0.139406889677,0.143769323826,0.134258672595
2024-03-09,202406020512,2018103485,10,ジャガード,0,2024,0.062487315387,0.063744097948,0.069114863873
2024-03-09,202406020512,2019104868,11,ブルトンクール,0,2024,0.069452814758,0.056353583932,0.045076813549
2024-03-09,202406020512,2018100378,12,ディアナグラン,0,2024,0.075284019113,0.072900466621,0.052930735052
2024-03-09,202406020512,2020106987,13,スムースベルベット,1,2024,0.322209596634,0.318413287401,0.269521772861
2024-03-10,202406020607,2021106666,1,レイニングキャット,1,2024,0.225010126829,0.191035270691,0.201451569796
2024-03-10,202406020607,2021106440,2,アララララ,1,2024,0.584189474583,0.567792177200,0.639580428600
2024-03-10,202406020607,2021103667,3,クオレス,1,2024,0.359456568956,0.351122379303,0.343797922134
2024-03-10,202406020607,2021100610,4,アサギリ,0,2024,0.075791113079,0.081450253725,0.062549412251
2024-03-10,202406020607,2021105057,5,オンザヴィーナス,0,2024,0.222208917141,0.209559857845,0.229309067130
2024-03-10,202406020607,2021100803,7,ビルカバンバ,0,2024,0.059814039618,0.041269656271,0.029922658578
2024-03-10,202406020607,2021106939,8,タイセイフェスタ,0,2024,0.084607884288,0.100412808359,0.089008018374
2024-03-10,202406020607,2021101279,10,シャインヴィーナス,0,2024,0.384048402309,0.388003796339,0.410048127174
2024-03-10,202406020607,2021101394,11,モンレーヴ,0,2024,0.361418157816,0.364658296108,0.340118616819
2024-03-16,202407010303,2021100196,1,オキャン,0,2024,0.149061024189,0.145552754402,0.085722900927
2024-03-16,202407010303,2021110042,4,サクソフィーナ,1,2024,0.264903396368,0.288784086704,0.231570959091
2024-03-16,202407010303,2021100297,5,ブルボンクイーン,1,2024,0.363503754139,0.349740296602,0.345836132765
2024-03-16,202407010303,2021106729,7,シームレス,0,2024,0.237069085240,0.245995640755,0.241099119186
2024-03-16,202407010303,2021110049,8,アウェイキング,1,2024,0.356880635023,0.397320628166,0.383953839540
2024-03-16,202407010303,2021104096,11,ミッキージャスミン,0,2024,0.119047030807,0.120928376913,0.126072868705
2024-03-16,202407010303,2021100157,12,ロードトレイル,0,2024,0.343590378761,0.365872651339,0.426066070795
2024-03-16,202407010303,2021105289,13,オタルグリーン,0,2024,0.490634530783,0.485312312841,0.395597308874
2024-03-16,202407010303,2021101245,14,カチヌキマリコ,0,2024,0.302550137043,0.294749051332,0.294436067343
2024-03-16,202407010303,2021107079,15,ニシノプリモ,0,2024,0.020752221346,0.024565430358,0.021655762568
2024-03-16,202407010303,2021101154,16,ピエナリオン,0,2024,0.062747485936,0.059707421809,0.054953053594
2024-03-16,202407010303,2021100955,17,プエルトガレラ,0,2024,0.046971365809,0.043311551213,0.047036509961
2024-03-16,202407010303,2021100522,18,ジョーメッドヴィン,0,2024,0.468982011080,0.453693896532,0.452131778002
2024-03-16,202409010706,2021110023,1,エクストラバック,0,2024,0.416269749403,0.404006570578,0.428974032402
2024-03-16,202409010706,2021102461,2,バンドシェル,0,2024,0.402596861124,0.439700692892,0.446871727705
2024-03-16,202409010706,2021103312,3,ロードマイライフ,1,2024,0.532643437386,0.513853728771,0.528094947338
2024-03-16,202409010706,2021106655,4,ロータスワンド,0,2024,0.104585111141,0.091794900596,0.090107649565
2024-03-16,202409010706,2021103493,5,イリスアスール,0,2024,0.519383370876,0.517133414745,0.509235858917
2024-03-16,202409010706,2021106648,6,ベネメレンティ,0,2024,0.214340984821,0.198977068067,0.228808134794
2024-03-16,202409010706,2021105054,7,モンシュマン,1,2024,0.369780689478,0.394032120705,0.428556472063
2024-03-16,202409010706,2021103210,9,メイショウサチダケ,0,2024,0.315935373306,0.421697586775,0.390407145023
2024-03-16,202409010710,2018102585,1,ロードラスター,0,2024,0.118733190000,0.100565724075,0.108074121177
2024-03-16,202409010710,2019100751,2,マイネルレノン,0,2024,0.262462139130,0.215637251735,0.207606047392
2024-03-16,202409010710,2019102786,3,ウォータールグラン,0,2024,0.215743899345,0.207016125321,0.182787224650
2024-03-16,202409010710,2019104525,4,ラキエータ,1,2024,0.146075576544,0.144452825189,0.166089847684
2024-03-16,202409010710,2018103296,5,サニーオーシャン,0,2024,0.106392383575,0.087938934565,0.102310664952
2024-03-16,202409010710,2019105760,6,シュヴェルトライテ,0,2024,0.186398595572,0.186089828610,0.181509435177
2024-03-16,202409010710,2020100105,7,エイシンフェンサー,1,2024,0.388752669096,0.371869534254,0.339055627584
2024-03-16,202409010710,2019105459,8,ソウテン,1,2024,0.164028584957,0.152296945453,0.158835276961
2024-03-16,202409010710,2020100815,10,ミルトクレイモー,0,2024,0.356380969286,0.360453814268,0.374579310417
2024-03-16,202409010710,2018100025,11,シゲルカチョウ,0,2024,0.150340408087,0.138812556863,0.125072300434
2024-03-16,202409010710,2019100653,12,ハギノメーテル,0,2024,0.092884920537,0.078891471028,0.052115835249
2024-03-16,202409010710,2019100652,13,ハギノモーリス,0,2024,0.381737560034,0.347520947456,0.403555572033
2024-03-16,202409010710,2018106552,14,メイショウフンケイ,0,2024,0.113192461431,0.116008214653,0.132644996047
2024-03-16,202409010710,2019109094,15,ブッシュガーデン,0,2024,0.216346025467,0.225915029645,0.249840959907
2024-03-16,202409010710,2017100461,16,ワンスカイ,0,2024,0.053322695196,0.061785947531,0.054028637707
2024-03-23,202406030105,2021105485,1,エリカカリーナ,1,2024,0.569106638432,0.586468815804,0.519215226173
2024-03-23,202406030105,2021100350,2,アレンジャー,1,2024,0.375864416361,0.413498193026,0.399643957615
2024-03-23,202406030105,2021105668,3,バスターコール,0,2024,0.409722864628,0.398865163326,0.351382702589
2024-03-23,202406030105,2021106666,4,レイニングキャット,1,2024,0.296561211348,0.294914424419,0.341475903988
2024-03-23,202406030105,2021100356,5,クールベイビー,0,2024,0.163980409503,0.147500425577,0.154180660844
2024-03-23,202406030105,2021103667,6,クオレス,0,2024,0.516237199306,0.458879739046,0.522035419941
2024-03-23,202406030105,2021100662,8,ベニシア,0,2024,0.103248648345,0.127981752157,0.089816197753
2024-03-23,202406030105,2021100594,10,アンバーニードル,0,2024,0.328908175230,0.337161898613,0.381044298410
2024-03-24,202406030212,2018104534,1,アスクキングコング,0,2024,0.171842500567,0.174096167088,0.166947275400
2024-03-24,202406030212,2019105738,2,ピンクセイラー,0,2024,0.314226150513,0.315469831228,0.282708108425
2024-03-24,202406030212,2020104194,3,ルーフ,1,2024,0.499502688646,0.448341131210,0.382495969534
2024-03-24,202406030212,2020104983,4,マルプリ,0,2024,0.436940133572,0.425099611282,0.438110649586
2024-03-24,202406030212,2019101262,5,ショウナンアメリア,0,2024,0.110238179564,0.089907899499,0.075274489820
2024-03-24,202406030212,2020110090,6,ティニア,0,2024,0.264111995697,0.289007991552,0.340332508087
2024-03-24,202406030212,2018105231,7,ラヴォルタ,0,2024,0.237069457769,0.230491623282,0.202227070928
2024-03-24,202406030212,2017100922,8,フチサンメルチャン,0,2024,0.019634680822,0.016414405778,0.011170079932
2024-03-24,202406030212,2019104356,9,ディオアステリア,0,2024,0.389545619488,0.400362789631,0.374368965626
2024-03-24,202406030212,2019105175,10,ステイトダイアデム,1,2024,0.271138191223,0.244007751346,0.204560846090
2024-03-24,202406030212,2017101767,11,ベンガン,0,2024,0.122478224337,0.125296369195,0.169285342097
2024-03-24,202406030212,2019104386,12,トーセンサンダー,1,2024,0.154817849398,0.146074965596,0.144303292036
2024-03-24,202406030212,2018104765,13,イズンシーラブリー,0,2024,0.250467300415,0.218685045838,0.158950284123
2024-03-24,202407010608,2020102537,1,チカポコ,0,2024,0.030390935019,0.019714528695,0.021281298250
2024-03-24,202407010608,2019109096,2,ダイヤモンドフジ,0,2024,0.329734027386,0.362393617630,0.389761775732
2024-03-24,202407010608,2020102294,3,スイープラン,0,2024,0.260808080435,0.234232246876,0.236566916108
2024-03-24,202407010608,2020100707,4,クレセントウイング,0,2024,0.110225841403,0.094923317432,0.082827873528
2024-03-24,202407010608,2018110149,5,コスモアディラート,1,2024,0.445108771324,0.456528156996,0.482090950012
2024-03-24,202407010608,2020106131,6,ジオパーククラウン,1,2024,0.120084904134,0.123006261885,0.145577207208
2024-03-24,202407010608,2018105357,7,ラピカズマ,0,2024,0.101885676384,0.109168991446,0.078824035823
2024-03-24,202407010608,2018102580,8,ティフォーザ,0,2024,0.025759609416,0.024927629158,0.026535363868
2024-03-24,202407010608,2020102299,9,アシャカタカ,1,2024,0.187976539135,0.214261442423,0.252035319805
2024-03-24,202407010608,2018101951,10,タガノスペルノヴァ,0,2024,0.171662300825,0.170820549130,0.176645815372
2024-03-24,202407010608,2018102069,11,ラナキラ,0,2024,0.208874300122,0.234117552638,0.258269339800
2024-03-24,202407010608,2019102215,12,サク,0,2024,0.448026031256,0.413945615292,0.368038862944
2024-03-24,202407010608,2020103578,13,ロッククリーク,0,2024,0.143996611238,0.145275428891,0.178199023008
2024-03-24,202407010608,2018106145,14,アコルダール,0,2024,0.059090185910,0.056235790253,0.070769794285
2024-03-24,202407010608,2018100593,15,タイガーリリー,0,2024,0.119153246284,0.138766929507,0.137423500419
2024-03-24,202407010608,2020105940,16,ニシノトレンディー,0,2024,0.069129928946,0.062016118318,0.082164704800
2024-03-24,202407010611,2020100896,1,ビッグシーザー,0,2024,0.484795540571,0.489675521851,0.438171327114
2024-03-24,202407010611,2019110020,2,マッドクール,1,2024,0.382250279188,0.410643219948,0.358590930700
2024-03-24,202407010611,2019103753,3,ナムラクレア,1,2024,0.430365651846,0.484387755394,0.479570001364
2024-03-24,202407010611,2020102764,4,モズメイメイ,0,2024,0.119130901992,0.116195030510,0.102543748915
2024-03-24,202407010611,2019106526,5,トウシンマカオ,0,2024,0.287486881018,0.345242530107,0.269596457481
2024-03-24,202407010611,2020106851,6,ルガル,0,2024,0.382103532553,0.445387482643,0.393044888973
2024-03-24,202407010611,2019103422,7,テイエムスパーダ,0,2024,0.085412442684,0.072687342763,0.078691132367
2024-03-24,202407010611,2020102928,8,ソーダズリング,0,2024,0.311345905066,0.381506860256,0.318801075220
2024-03-24,202407010611,2020103075,9,シャンパンカラー,0,2024,0.100427061319,0.088690422475,0.092512987554
2024-03-24,202407010611,2018105069,11,メイケイエール,0,2024,0.133680805564,0.099134691060,0.111888945103
2024-03-24,202407010611,2017110144,12,ロータスランド,0,2024,0.103541441262,0.136873185635,0.130428195000
2024-03-24,202407010611,2017101429,13,ウインカーネリアン,0,2024,0.165401667356,0.172872751951,0.145440980792
2024-03-24,202407010611,2019105394,14,ママコチャ,0,2024,0.423553943634,0.449048191309,0.436344683170
2024-03-24,202407010611,2018104947,15,ディヴィーナ,0,2024,0.239270165563,0.301781028509,0.255891263485
2024-03-24,202407010611,2019100213,16,ウインマーベル,0,2024,0.361158430576,0.372836172581,0.339412271976
2024-03-24,202407010611,2019100965,17,マテンロウオリオン,0,2024,0.046508457512,0.041041981429,0.035134263337
2024-03-24,202407010611,2018110035,18,シュバルツカイザー,0,2024,0.047446403652,0.049931518734,0.061604972929
2024-03-30,202409020310,2018105383,1,カラパタール,0,2024,0.126349210739,0.122206069529,0.143538206816
2024-03-30,202409020310,2018102091,2,ウルトラソニック,0,2024,0.202152475715,0.156038910151,0.097884766757
2024-03-30,202409020310,2019104498,3,インプロバイザー,0,2024,0.399223804474,0.426832705736,0.370315462351
2024-03-30,202409020310,2019104361,4,テーオースパロー,0,2024,0.234356790781,0.256979674101,0.250346869230
2024-03-30,202409020310,2019104697,5,ショウナンマッハ,0,2024,0.121284127235,0.130993291736,0.126362636685
2024-03-30,202409020310,2019103806,6,ベルウッドブラボー,0,2024,0.160978198051,0.165453597903,0.157078236341
2024-03-30,202409020310,2019106076,7,ケイアイオメガ,0,2024,0.292563557625,0.335492521524,0.290858238935
2024-03-30,202409020310,2017102809,8,ガリレイ,1,2024,0.161187961698,0.155687049031,0.162817224860
2024-03-30,202409020310,2019103659,9,マテンロウボンド,0,2024,0.189163967967,0.198602408171,0.190414816141
2024-03-30,202409020310,2020100121,10,イイヒニナル,0,2024,0.156444877386,0.199269413948,0.168436095119
2024-03-30,202409020310,2017102940,11,ワンダーカタリナ,0,2024,0.075604997575,0.074919164181,0.082306370139
2024-03-30,202409020310,2020106901,12,メイショウピース,0,2024,0.115904405713,0.153753668070,0.142764955759
2024-03-30,202409020310,2019105191,13,コナブラック,1,2024,0.338070422411,0.348242312670,0.282136201859
2024-03-30,202409020310,2020104613,14,タツダイヤモンド,1,2024,0.237237870693,0.261415004730,0.267513871193
2024-03-30,202409020310,2017101804,15,サヴァイヴ,0,2024,0.052020527422,0.054588209838,0.055962249637
2024-04-06,202403010102,2021102449,1,ロマンスライト,1,2024,0.149376422167,0.135114401579,0.124556273222
2024-04-06,202403010102,2021100297,4,ブルボンクイーン,1,2024,0.649671912193,0.607797145844,0.617644965649
2024-04-06,202403010102,2021106715,8,ポカポカタイム,0,2024,0.104728989303,0.095786161721,0.072734057903
2024-04-06,202403010102,2021107373,12,ティキー,0,2024,0.180226877332,0.153441235423,0.176806509495
2024-04-06,202403010102,2021103338,13,ネイルンノ,0,2024,0.184357285500,0.169598147273,0.151445373893
2024-04-06,202403010102,2021102107,15,タニセンラッキー,0,2024,0.036709930748,0.039812225848,0.045707806945
2024-04-06,202403010110,2020103238,1,オックスリップ,0,2024,0.284965544939,0.307809352875,0.311267226934
2024-04-06,202403010110,2020105568,2,ハクサンパイオニア,1,2024,0.203887388110,0.175887957215,0.167217567563
2024-04-06,202403010110,2020102391,3,チュウワスプリング,0,2024,0.139972671866,0.129965111613,0.093408800662
2024-04-06,202403010110,2020104088,4,ランドオブラヴ,1,2024,0.290127575397,0.280640125275,0.319758981466
2024-04-06,202403010110,2020102229,5,リシャールケリー,1,2024,0.350134640932,0.380116522312,0.420233458281
2024-04-06,202403010110,2020103634,6,ミスヨコハマ,0,2024,0.093493819237,0.097359195352,0.085531622171
2024-04-06,202403010110,2019100772,7,ポルタフォルトゥナ,0,2024,0.219098851085,0.218513816595,0.170315459371
2024-04-06,202403010110,2019106700,8,ヒロノゴウカイ,0,2024,0.043022025377,0.040853776038,0.027419721708
2024-04-06,202403010110,2020104983,9,マルプリ,0,2024,0.351336121559,0.300426661968,0.279616028070
2024-04-06,202403010110,2019103897,10,ハピネスアゲン,0,2024,0.309203296900,0.298699826002,0.294202655554
2024-04-06,202403010110,2019102456,11,ナバロン,0,2024,0.079793870449,0.078495636582,0.087839141488
2024-04-06,202403010110,2018104534,12,アスクキングコング,0,2024,0.155739516020,0.154784083366,0.159294903278
2024-04-06,202403010110,2020105484,13,ニシノコウダイ,0,2024,0.257125288248,0.289014726877,0.270996898413
2024-04-06,202403010110,2018100406,14,ヴィントミューレ,0,2024,0.224570691586,0.204530596733,0.201096445322
2024-04-06,202403010110,2017100728,15,シャイニーズラン,0,2024,0.020180830732,0.017887163907,0.012429076247
2024-04-06,202403010110,2020103284,16,トールキン,0,2024,0.262183189392,0.276435464621,0.267342209816
2024-04-06,202403010112,2019106637,1,アポロルタ,0,2024,0.154497906566,0.157387733459,0.180972367525
2024-04-06,202403010112,2020105561,2,ケイアイクビラ,0,2024,0.414206922054,0.444310128689,0.459155917168
2024-04-06,202403010112,2019101416,3,エールトゥヘヴン,1,2024,0.418020427227,0.405688047409,0.348207026720
2024-04-06,202403010112,2020106561,4,ニシノベストワン,0,2024,0.081195324659,0.085923708975,0.042743906379
2024-04-06,202403010112,2020103073,5,サウンドレイラ,1,2024,0.576152861118,0.581236660480,0.537464201450
2024-04-06,202403010112,2020102211,6,ヤマタケアオイバラ,0,2024,0.031896948814,0.037941321731,0.033550716937
2024-04-06,202403010112,2020102718,7,オルフェスト,1,2024,0.327182739973,0.362529486418,0.379187256098
2024-04-06,202403010112,2019101133,8,ソングフォーユー,0,2024,0.099521137774,0.103760242462,0.123634777963
2024-04-06,202403010112,2020106407,9,ライブリームーラン,0,2024,0.194541096687,0.204601749778,0.206478074193
2024-04-06,202403010112,2020106131,10,ジオパーククラウン,0,2024,0.323738843203,0.315039932728,0.320843160152
2024-04-06,202403010112,2018105201,11,デイトンウェイ,0,2024,0.142290264368,0.129107415676,0.136384516954
2024-04-06,202403010112,2020104780,12,ラホーヤストーム,0,2024,0.042162764817,0.039466675371,0.039121460170
2024-04-06,202403010112,2020106546,13,セイウンシリウス,0,2024,0.147597476840,0.119183421135,0.131014183164
2024-04-06,202403010112,2020104676,14,マイレーヌ,0,2024,0.311361134052,0.273673325777,0.271974265575
2024-04-06,202403010112,2019110122,15,ブラヴィーノ,0,2024,0.035898894072,0.043318148702,0.050177443773
2024-04-06,202403010112,2020103608,16,アイリッシュパール,0,2024,0.147789731622,0.157015860081,0.157796874642
2024-04-06,202406030510,2018110037,1,ブルースピリット,0,2024,0.190115287900,0.201672673225,0.193280249834
2024-04-06,202406030510,2020100443,2,エイシンエイト,0,2024,0.247706368566,0.257354885340,0.224339440465
2024-04-06,202406030510,2018106389,3,メイショウツツジ,0,2024,0.042291589081,0.041864536703,0.037043102086
2024-04-06,202406030510,2019109094,4,ブッシュガーデン,0,2024,0.128542974591,0.150330483913,0.133279040456
2024-04-06,202406030510,2020104203,5,スピードオブライト,0,2024,0.335625946522,0.331527382135,0.320266455412
2024-04-06,202406030510,2019105452,6,ミッキーハーモニー,0,2024,0.196055993438,0.197615161538,0.174161404371
2024-04-06,202406030510,2019102522,7,ドグマ,1,2024,0.066010788083,0.062754496932,0.066061265767
2024-04-06,202406030510,2018106077,8,イルクオーレ,0,2024,0.198417901993,0.207969918847,0.194713875651
2024-04-06,202406030510,2020101419,9,ブーケファロス,0,2024,0.172918409109,0.192599192262,0.208738103509
2024-04-06,202406030510,2019101626,10,ピンクマクフィー,0,2024,0.230406492949,0.269471734762,0.254541486502
2024-04-06,202406030510,2019100214,11,ウインモナーク,0,2024,0.177247092128,0.189501151443,0.179743990302
2024-04-06,202406030510,2019103010,12,オードゥメール,1,2024,0.115053869784,0.108927898109,0.104593217373
2024-04-06,202406030510,2020101792,13,プロスペリダード,0,2024,0.334724634886,0.331843733788,0.296288996935
2024-04-06,202406030510,2020105365,14,ドーバーホーク,0,2024,0.115009717643,0.148430034518,0.147089555860
2024-04-06,202406030510,2020109102,15,サウザンサニー,1,2024,0.377582132816,0.411934673786,0.444371074438
2024-04-06,202409020506,2021106615,1,キャンシーエンゼル,0,2024,0.520551323891,0.425289958715,0.436920821667
2024-04-06,202409020506,2021105773,2,ジュントネフ,0,2024,0.179592251778,0.195763736963,0.183677300811
2024-04-06,202409020506,2021105812,3,ビップジーニー,0,2024,0.145605966449,0.174986779690,0.182881906629
2024-04-06,202409020506,2021102461,4,バンドシェル,1,2024,0.239759519696,0.229836970568,0.302823483944
2024-04-06,202409020506,2021106586,5,ラブカムーン,0,2024,0.175108209252,0.143306806684,0.140210494399
2024-04-06,202409020506,2021105054,7,モンシュマン,1,2024,0.463732123375,0.480921059847,0.449995696545
2024-04-06,202409020506,2021110049,8,アウェイキング,0,2024,0.502949953079,0.446728497744,0.485821664333
2024-04-06,202409020506,2021104928,9,トラペジスト,0,2024,0.486031323671,0.449771910906,0.482849210501
2024-04-06,202409020506,2021103312,10,ロードマイライフ,1,2024,0.533371269703,0.508803486824,0.564754426479
2024-04-07,202403010202,2021103299,5,シアター,1,2024,0.675966560841,0.619807720184,0.593771398067
2024-04-07,202403010202,2021101601,12,エガオニナッテ,0,2024,0.375223845243,0.346515476704,0.313505202532
2024-04-07,202403010202,2021106729,13,シームレス,0,2024,0.241814419627,0.263664841652,0.234814152122
2024-04-07,202403010202,2021101026,14,エコロアモーレ,1,2024,0.264474719763,0.263494819403,0.203344836831
2024-04-07,202403010202,2021105872,15,ベアゴーゴー,1,2024,0.371420502663,0.359303176403,0.386391043663
2024-04-07,202403010207,2020101195,1,ゴルトリッチ,1,2024,0.258711248636,0.306192249060,0.305857151747
2024-04-07,202403010207,2020104905,2,ハクサンミニョン,0,2024,0.177576795220,0.171408131719,0.128792390227
2024-04-07,202403010207,2020103721,3,レイカットスルー,0,2024,0.091123610735,0.109213262796,0.094415284693
2024-04-07,202403010207,2020101217,4,アスクドリームモア,0,2024,0.501572906971,0.501579940319,0.475227862597
2024-04-07,202403010207,2020101597,5,サンライズタイソン,0,2024,0.139472588897,0.143872678280,0.122189521790
2024-04-07,202403010207,2020104415,6,スピニングマーリン,0,2024,0.073271952569,0.080418169498,0.074141927063
2024-04-07,202403010207,2020103962,7,ステークホルダー,1,2024,0.312830656767,0.311827510595,0.298058331013
2024-04-07,202403010207,2020102934,8,ディナトセレーネ,0,2024,0.187962681055,0.183103412390,0.201184645295
2024-04-07,202403010207,2019102320,9,サイモンカーチス,0,2024,0.037477903068,0.033448826522,0.030432086438
2024-04-07,202403010207,2020101570,10,レッドテンペスト,0,2024,0.363001078367,0.299625188112,0.247278779745
2024-04-07,202403010207,2020102208,11,マテンロウアネモス,1,2024,0.312985748053,0.295781791210,0.319146811962
2024-04-07,202403010207,2019100936,12,ニシノタマユラ,0,2024,0.256873726845,0.253557980061,0.255689918995
2024-04-07,202403010207,2019101643,13,バシレウスシチー,0,2024,0.358049124479,0.382107377052,0.399266332388
2024-04-07,202403010207,2020102387,14,バクレツマホウ,0,2024,0.061597872525,0.060321770608,0.057030122727
2024-04-07,202403010207,2020105892,15,ヴァルトラウテ,0,2024,0.223817512393,0.212773412466,0.235008090734
2024-04-07,202403010207,2018104872,16,アクアマリンブルー,0,2024,0.033046361059,0.034350544214,0.041017826647
2024-04-07,202403010211,2020105154,1,アサカラキング,1,2024,0.567665517330,0.565638661385,0.497410476208
2024-04-07,202403010211,2019104108,2,エナジーグラン,0,2024,0.290985494852,0.286746591330,0.253316432238
2024-04-07,202403010211,2015104699,3,フレッチア,0,2024,0.085113316774,0.080587521195,0.099914222956
2024-04-07,202403010211,2017100367,4,サトノファビュラス,0,2024,0.120290398598,0.109293960035,0.135698705912
2024-04-07,202403010211,2019104911,5,プルパレイ,0,2024,0.063036732376,0.053210698068,0.062956221402
2024-04-07,202403010211,2019102273,6,モリノドリーム,1,2024,0.277334481478,0.323731720448,0.277065008879
2024-04-07,202403010211,2017103005,7,ロードベイリーフ,0,2024,0.086859434843,0.104083441198,0.119188651443
2024-04-07,202403010211,2020104056,8,オールパルフェ,0,2024,0.093834266067,0.065325900912,0.058251425624
2024-04-07,202403010211,2019102576,9,クリノマジン,0,2024,0.210411414504,0.203098341823,0.227302104235
2024-04-07,202403010211,2017106720,10,サンライズオネスト,1,2024,0.206253692508,0.201430022717,0.212268128991
2024-04-07,202403010211,2015105276,11,シセイヒテン,0,2024,0.025771133602,0.029020845890,0.022112134844
2024-04-07,202403010211,2016110119,12,ジャスパージャック,0,2024,0.133471518755,0.134327322245,0.087234593928
2024-04-07,202403010211,2017110123,13,ヴィズサクセス,0,2024,0.082895584404,0.101948350668,0.089741691947
2024-04-07,202403010211,2018100652,14,ファイアダンサー,0,2024,0.268281608820,0.226472541690,0.249470457435
2024-04-07,202403010211,2018101343,15,ゾンニッヒ,0,2024,0.338479995728,0.329356372356,0.281825870275
2024-04-07,202403010211,2018102595,16,ロードマックス,0,2024,0.061120972037,0.051764037460,0.055150747299
2024-04-07,202406030607,2021106939,1,タイセイフェスタ,1,2024,0.149278208613,0.162676975131,0.142449304461
2024-04-07,202406030607,2021104770,2,フォーディアライフ,0,2024,0.151628822088,0.151709511876,0.139584153891
2024-04-07,202406030607,2021102388,3,カイコウ,0,2024,0.240241512656,0.196460634470,0.188268721104
2024-04-07,202406030607,2021104665,4,レザンノワール,0,2024,0.337477862835,0.380209028721,0.353047609329
2024-04-07,202406030607,2021105619,5,スミレファースト,0,2024,0.299431651831,0.329317748547,0.313420921564
2024-04-07,202406030607,2021103667,6,クオレス,1,2024,0.589232444763,0.563705503941,0.576337218285
2024-04-07,202406030607,2021103699,7,フレンドマキ,0,2024,0.032988928258,0.023462230340,0.024238225073
2024-04-07,202406030607,2021110023,8,エクストラバック,1,2024,0.366658627987,0.387837648392,0.404873847961
2024-04-07,202406030607,2021105068,9,クリノハレルヤ,0,2024,0.510825574398,0.524053275585,0.596543252468
2024-04-07,202406030607,2021104481,10,ビアフォーナウ,0,2024,0.282558977604,0.299093812704,0.318892210722
2024-04-07,202406030607,2021103179,11,タイキレヴィン,0,2024,0.168153077364,0.140226840973,0.125937446952
2024-04-07,202406030607,2021106583,12,ユイノコキュウ,0,2024,0.145171329379,0.134513735771,0.106867261231
2024-04-13,202403010302,2021100016,1,ポリトナリティー,0,2024,0.303499221802,0.325950354338,0.324101269245
2024-04-13,202403010302,2021104526,3,タマモラプトル,0,2024,0.038800194860,0.038230147213,0.027983846143
2024-04-13,202403010302,2021100522,5,ジョーメッドヴィン,1,2024,0.593139410019,0.615396976471,0.646550714970
2024-04-13,202403010302,2021101595,7,ヴィヴァクラウン,1,2024,0.679799258709,0.670517086983,0.603787422180
2024-04-13,202403010302,2021105487,10,カウネウス,0,2024,0.404808163643,0.383825629950,0.379107236862
2024-04-13,202403010302,2021103989,12,ヴァスキアン,0,2024,0.038022901863,0.032040536404,0.027387199923
2024-04-13,202403010302,2021105185,13,ナンヨーレギュラー,0,2024,0.036834869534,0.034405801445,0.029667031020
2024-04-13,202403010302,2021100893,15,タカイチミッキー,0,2024,0.133111089468,0.124374866486,0.107579953969
2024-04-13,202403010302,2021102156,16,ワキノルーチェ,0,2024,0.110882595181,0.111816145480,0.103672988713
2024-04-13,202403010305,2021103903,4,ヴァシロペス,1,2024,0.183741241693,0.173623144627,0.163956210017
2024-04-13,202403010305,2021106010,5,ショコラエクレール,0,2024,0.088365621865,0.079059936106,0.084670856595
2024-04-13,202403010305,2021105833,6,カリーシ,1,2024,0.568921744823,0.540522992611,0.578434109688
2024-04-13,202403010305,2021101034,15,ビッグブロック,0,2024,0.038157459348,0.037907343358,0.038611933589
2024-04-13,202403010305,2021102205,16,ドゥグラン,0,2024,0.084597773850,0.085913918912,0.081618703902
2024-04-13,202403010309,2021105894,1,レアリゼアンレーヴ,0,2024,0.199237614870,0.196294859052,0.180806338787
2024-04-13,202403010309,2021106854,2,ハピアーザンエバー,0,2024,0.170637801290,0.192126661539,0.186115741730
2024-04-13,202403010309,2021101223,3,クィーンズハット,0,2024,0.237857773900,0.253854274750,0.221485465765
2024-04-13,202403010309,2021102914,5,モズトキキ,1,2024,0.441716969013,0.459170311689,0.497529149055
2024-04-13,202403010309,2021105358,7,アスティスプマンテ,1,2024,0.258195102215,0.260143518448,0.243422210217
2024-04-13,202403010309,2021100594,8,アンバーニードル,1,2024,0.270447522402,0.267439037561,0.272819936275
2024-04-13,202403010309,2021103552,9,イスラアズール,0,2024,0.171737104654,0.200154900551,0.195064380765
2024-04-13,202403010309,2021100243,10,セイウンティーダ,0,2024,0.255797624588,0.263105571270,0.300217330456
2024-04-13,202403010309,2021102433,11,アートフォーム,0,2024,0.189453855157,0.205181181431,0.258559733629
2024-04-13,202403010309,2021105057,12,オンザヴィーナス,0,2024,0.186942398548,0.207661136985,0.191745534539
2024-04-13,202403010309,2021102952,13,オベイユアマスター,0,2024,0.453379213810,0.479103952646,0.456082254648
2024-04-13,202403010309,2021102388,14,カイコウ,0,2024,0.095091618598,0.092850156128,0.085478246212
2024-04-13,202403010309,2021100060,15,レオエンプレス,0,2024,0.049170698971,0.051663011312,0.067945979536
2024-04-13,202403010309,2021103695,16,ビコーズウイキャン,0,2024,0.048036824912,0.050519522280,0.055318798870
2024-04-13,202406030708,2017101767,1,ベンガン,0,2024,0.141371458769,0.183096304536,0.169676169753
2024-04-13,202406030708,2019105738,2,ピンクセイラー,0,2024,0.274346143007,0.300003498793,0.298935323954
2024-04-13,202406030708,2020110090,3,ティニア,1,2024,0.451687395573,0.481241554022,0.460313498974
2024-04-13,202406030708,2019104675,4,アップストローク,1,2024,0.307854473591,0.288270026445,0.289401054382
2024-04-13,202406030708,2020106987,5,スムースベルベット,0,2024,0.458333879709,0.473932921886,0.429164201021
2024-04-13,202406030708,2018110112,6,バラードインミラノ,0,2024,0.265503764153,0.279358893633,0.278609961271
2024-04-13,202406030708,2019105508,7,ステルナティーア,0,2024,0.123284660280,0.121817916632,0.075831525028
2024-04-13,202406030708,2019104361,8,テーオースパロー,0,2024,0.199245065451,0.208788678050,0.220547586679
2024-04-13,202406030708,2018100097,9,スマートルシーダ,0,2024,0.243858799338,0.260290890932,0.256775140762
2024-04-13,202406030708,2020105484,10,ニシノコウダイ,1,2024,0.289181560278,0.299575537443,0.305993497372
2024-04-13,202406030708,2018103485,11,ジャガード,0,2024,0.042127672583,0.049569506198,0.043462429196
2024-04-13,202406030708,2019103442,12,クラリティスケール,0,2024,0.067608073354,0.077657625079,0.084792278707
2024-04-14,202403010407,2020101586,1,エルフレスアリー,1,2024,0.543180406094,0.502062976360,0.545966565609
2024-04-14,202403010407,2020101378,2,アイヲツグモノ,1,2024,0.227830111980,0.237087473273,0.233194783330
2024-04-14,202403010407,2020104739,3,ランスオブサウンド,1,2024,0.143827095628,0.148154228926,0.127295807004
2024-04-14,202403010407,2018100593,4,タイガーリリー,0,2024,0.218285709620,0.203041180968,0.190549790859
2024-04-14,202403010407,2019105265,5,アエリーゾ,0,2024,0.206998065114,0.204137831926,0.241800114512
2024-04-14,202403010407,2019106290,6,プリティーメモリー,0,2024,0.058808721602,0.058226980269,0.059121109545
2024-04-14,202403010407,2020105836,7,ゴールドレコーダー,0,2024,0.106573149562,0.119522616267,0.090509518981
2024-04-14,202403010407,2018102069,8,ラナキラ,0,2024,0.178497761488,0.186481654644,0.171233788133
2024-04-14,202403010407,2020104824,9,シンデレラスマイル,0,2024,0.292546659708,0.323084235191,0.317739009857
2024-04-14,202403010407,2019102303,10,アイムファイン,0,2024,0.266242146492,0.282668858767,0.264071166515
2024-04-14,202403010407,2020100347,11,クリノリアルレディ,0,2024,0.087002791464,0.110083676875,0.088746860623
2024-04-14,202403010407,2020103915,12,ツインクルトーズ,0,2024,0.098933406174,0.121927313507,0.096238426864
2024-04-14,202403010407,2020102294,13,スイープラン,0,2024,0.260252892971,0.285887181759,0.271308481693
2024-04-14,202403010407,2019106470,14,アイファーマオ,0,2024,0.024652613327,0.020726382732,0.018223317340
2024-04-14,202403010407,2018105386,15,カフジヴィオレッタ,0,2024,0.092887528241,0.092819236219,0.103930108249
2024-04-14,202403010407,2020103196,16,アマギール,0,2024,0.098830141127,0.100152425468,0.097788296640
2024-04-14,202403010409,2020101992,1,ライクアフラワー,0,2024,0.143270090222,0.137795791030,0.101189844310
2024-04-14,202403010409,2020105409,2,ディアドコス,1,2024,0.216907903552,0.224026143551,0.196566179395
2024-04-14,202403010409,2020106963,3,アンタノバラード,0,2024,0.526580691338,0.541232109070,0.510394573212
2024-04-14,202403010409,2020106976,4,クレイプマートル,0,2024,0.104755058885,0.096971556544,0.102617502213
2024-04-14,202403010409,2018103997,5,セイウンダイモス,0,2024,0.044027347118,0.038681298494,0.034972630441
2024-04-14,202403010409,2020102377,6,サンタアナテソーロ,0,2024,0.179784476757,0.153286248446,0.175922945142
2024-04-14,202403010409,2019110122,7,ブラヴィーノ,0,2024,0.102766886353,0.107257157564,0.126979053020
2024-04-14,202403010409,2019103876,8,アパショナード,0,2024,0.343470692635,0.302916646004,0.312783390284
2024-04-14,202403010409,2020100355,9,ナックブレイブ,0,2024,0.093456223607,0.091114021838,0.101546652615
2024-04-14,202403010409,2018110149,10,コスモアディラート,1,2024,0.582096219063,0.613496780396,0.641472935677
2024-04-14,202403010409,2020100673,11,ヒルノピレネー,0,2024,0.157496228814,0.164263963699,0.189934372902
2024-04-14,202403010409,2019106972,12,ロストボール,0,2024,0.044278781861,0.041663847864,0.034265708178
2024-04-14,202403010409,2018101951,13,タガノスペルノヴァ,1,2024,0.191986814141,0.196795910597,0.195106834173
2024-04-14,202403010409,2018105357,14,ラピカズマ,0,2024,0.168821215630,0.167786866426,0.146993622184
2024-04-14,202406030812,2019100791,1,シナモンスティック,0,2024,0.203500345349,0.208260133862,0.176590234041
2024-04-14,202406030812,2017105661,2,ジュビリーヘッド,0,2024,0.086196757853,0.080133989453,0.075285896659
2024-04-14,202406030812,2019105505,3,サーマルウインド,1,2024,0.384845972061,0.433950096369,0.396830648184
2024-04-14,202406030812,2019100153,4,カワキタレブリー,0,2024,0.094899296761,0.082999572158,0.082105204463
2024-04-14,202406030812,2019104915,5,バンデルオーラ,0,2024,0.096918329597,0.093898735940,0.112185247242
2024-04-14,202406030812,2020110040,6,ヤクシマ,0,2024,0.164471223950,0.176972791553,0.192150786519
2024-04-14,202406030812,2019104841,7,カルネアサーダ,0,2024,0.187105983496,0.202142268419,0.228850886226
2024-04-14,202406030812,2019100450,8,ファロロジー,0,2024,0.121894560754,0.112335771322,0.114906243980
2024-04-14,202406030812,2019103714,9,メイショウソラフネ,0,2024,0.249332994223,0.274938642979,0.235429883003
2024-04-14,202406030812,2018106055,10,ヨシノイースター,1,2024,0.283105581999,0.291732221842,0.270491153002
2024-04-14,202406030812,2019105459,11,ソウテン,0,2024,0.138407468796,0.122834287584,0.132199138403
2024-04-14,202406030812,2018104347,12,ユキノファラオ,0,2024,0.203030049801,0.190216153860,0.163591399789
2024-04-14,202406030812,2019101700,13,サトノレーヴ,1,2024,0.506862342358,0.519802808762,0.521013319492
2024-04-14,202406030812,2020101503,14,カンチェンジュンガ,0,2024,0.209924831986,0.219331085682,0.199734196067
2024-04-14,202406030812,2015105850,15,カイザーメランジェ,0,2024,0.019150566310,0.013532288373,0.013624454848
2024-04-14,202406030812,2019110001,16,ショウナンハクラク,0,2024,0.137929335237,0.134393900633,0.143688008189
2024-04-20,202403010502,2021105872,1,ベアゴーゴー,1,2024,0.692554473877,0.689423322678,0.702397227287
2024-04-20,202403010502,2021101682,4,ギルティプレジャー,1,2024,0.303260773420,0.282767802477,0.222010657191
2024-04-20,202403010502,2021102530,5,ジョーヌカレラ,0,2024,0.147811636329,0.144578188658,0.114653579891
2024-04-20,202403010502,2021101662,9,ダンテズセヴン,0,2024,0.064855717123,0.051976021379,0.055405668914
2024-04-20,202403010502,2021110074,10,スリータイガー,1,2024,0.110793076456,0.115735828876,0.141794964671
2024-04-20,202403010502,2021100349,14,キープザナゲット,0,2024,0.032075442374,0.026990968734,0.030319735408
2024-04-20,202403010502,2021101142,15,ユヌブリーズ,0,2024,0.270294994116,0.266917049885,0.249180540442
2024-04-20,202403010509,2020101992,1,ライクアフラワー,1,2024,0.154273256660,0.173758134246,0.149981752038
2024-04-20,202403010509,2020103962,2,ステークホルダー,1,2024,0.311178058386,0.330170750618,0.274028480053
2024-04-20,202403010509,2019105765,3,ハウファアイルゴー,0,2024,0.039591789246,0.029049575329,0.024569526315
2024-04-20,202403010509,2020106963,4,アンタノバラード,0,2024,0.417557150126,0.402620673180,0.364943206310
2024-04-20,202403010509,2019102303,5,アイムファイン,0,2024,0.173250809312,0.173315465450,0.155521214008
2024-04-20,202403010509,2020105409,6,ディアドコス,1,2024,0.275562077761,0.279566168785,0.265050977468
2024-04-20,202403010509,2019101416,7,エールトゥヘヴン,0,2024,0.437511533499,0.426732808352,0.400824904442
2024-04-20,202403010509,2019106637,8,アポロルタ,0,2024,0.194693759084,0.198241278529,0.182619586587
2024-04-20,202403010509,2020106407,9,ライブリームーラン,0,2024,0.224755614996,0.190588206053,0.180390775204
2024-04-20,202403010509,2020106821,10,ピースフルナイト,0,2024,0.124658770859,0.116366527975,0.150595813990
2024-04-20,202403010509,2020104824,11,シンデレラスマイル,0,2024,0.211647585034,0.188548877835,0.165712669492
2024-04-20,202403010509,2017101448,12,ウインアステロイド,0,2024,0.173818618059,0.207260966301,0.208250612020
2024-04-20,202403010509,2020106976,13,クレイプマートル,0,2024,0.072977639735,0.076297968626,0.076214350760
2024-04-20,202403010509,2019106179,14,ハートホイップ,0,2024,0.182170286775,0.175012111664,0.195146232843
2024-04-21,202403010602,2021102277,1,ポトマックテソーロ,1,2024,0.282320976257,0.277726173401,0.271595031023
2024-04-21,202403010602,2021101604,3,マクッテソフィア,0,2024,0.142737463117,0.150878906250,0.160140767694
2024-04-21,202403010602,2021105033,5,カーモス,0,2024,0.267349720001,0.242965802550,0.220558896661
2024-04-21,202403010602,2021105420,7,ランポレッキオ,0,2024,0.130655691028,0.148816570640,0.115923188627
2024-04-21,202403010602,2021103982,11,ダイメイイチョウ,0,2024,0.126133456826,0.134066507220,0.138971149921
2024-04-21,202403010602,2021106101,13,ビルマチーク,0,2024,0.020830588415,0.014521814883,0.016328612342
2024-04-21,202403010602,2021100489,15,シルバヴール,0,2024,0.063350923359,0.049785729498,0.043338123709
2024-04-21,202403010607,2021106208,1,リベリアンガール,0,2024,0.230578497052,0.210947647691,0.182710766792
2024-04-21,202403010607,2021105131,2,ザハーフェル,0,2024,0.099434405565,0.099310204387,0.097669735551
2024-04-21,202403010607,2021100476,4,ファイツオン,1,2024,0.733187496662,0.724255561829,0.667442321777
2024-04-21,202403010607,2021100747,5,メイショウマゴイチ,0,2024,0.373785495758,0.395984798670,0.415816158056
2024-04-21,202403010607,2021102339,7,ユッカラン,0,2024,0.223173588514,0.212750941515,0.265970826149
2024-04-21,202403010607,2021100775,8,ナリタマフディー,0,2024,0.069762952626,0.071176856756,0.062912084162
2024-04-21,202403010607,2021103053,9,ミラルージュ,0,2024,0.069954283535,0.066000908613,0.077246636152
2024-04-21,202403010607,2021103119,10,ニシノアヤカゼ,1,2024,0.220200717449,0.237700134516,0.233780071139
2024-04-21,202403010607,2021102402,12,ルージュエリシア,0,2024,0.073385730386,0.073695391417,0.071422204375
2024-04-21,202403010607,2021106049,13,リケアオランジュ,0,2024,0.216410726309,0.220180332661,0.231417998672
2024-04-21,202403010607,2021106347,14,ピクラリーダ,0,2024,0.063867218792,0.064650721848,0.091092914343
2024-04-21,202403010607,2021106809,15,コスモララバイ,1,2024,0.509783089161,0.527689278126,0.553783237934
2024-04-21,202403010611,2019101262,1,ショウナンアメリア,0,2024,0.133532658219,0.113697215915,0.105571411550
2024-04-21,202403010611,2019104498,2,インプロバイザー,0,2024,0.275657594204,0.285974681377,0.262966454029
2024-04-21,202403010611,2019104386,3,トーセンサンダー,0,2024,0.330786347389,0.283868134022,0.275763034821
2024-04-21,202403010611,2019105191,4,コナブラック,0,2024,0.365643382072,0.320789754391,0.295528680086
2024-04-21,202403010611,2018106455,5,メイショウハボタン,0,2024,0.180425360799,0.161945521832,0.146479412913
2024-04-21,202403010611,2019106700,6,ヒロノゴウカイ,0,2024,0.055452991277,0.072752490640,0.042610984296
2024-04-21,202403010611,2019100772,7,ポルタフォルトゥナ,1,2024,0.200330153108,0.185672402382,0.170237541199
2024-04-21,202403010611,2020102299,8,アシャカタカ,1,2024,0.278995275497,0.310751974583,0.315486997366
2024-04-21,202403010611,2019101270,9,ヨール,0,2024,0.157312601805,0.155921280384,0.173729211092
2024-04-21,202403010611,2018102910,10,ファルヴォーレ,0,2024,0.053470790386,0.051036931574,0.054233215749
2024-04-21,202403010611,2020101195,11,ゴルトリッチ,0,2024,0.242173582315,0.246192976832,0.224994584918
2024-04-21,202403010611,2019103897,12,ハピネスアゲン,0,2024,0.255695968866,0.230281531811,0.201466441154
2024-04-21,202403010611,2020106330,13,ラウラーナ,0,2024,0.144164159894,0.141418814659,0.153129994869
2024-04-21,202403010611,2020102488,14,トーセンエスクード,1,2024,0.328851997852,0.348958045244,0.356051236391
2024-04-21,202403010611,2020106987,15,スムースベルベット,0,2024,0.152829140425,0.167473554611,0.148113384843
2024-04-21,202403010611,2019103193,16,トリップトゥムーン,0,2024,0.147216886282,0.164363399148,0.195084810257
2024-04-27,202404010112,2020102965,1,マルカシャルマン,0,2024,0.157542556524,0.167678534985,0.108836852014
2024-04-27,202404010112,2019103876,2,アパショナード,1,2024,0.344291150570,0.354332834482,0.372216641903
2024-04-27,202404010112,2020100355,3,ナックブレイブ,0,2024,0.126996055245,0.120576202869,0.193788826466
2024-04-27,202404010112,2020104796,4,ホイッスルソング,0,2024,0.344267785549,0.349270492792,0.445333123207
2024-04-27,202404010112,2020101372,5,クリノエンジェル,0,2024,0.190958455205,0.209470584989,0.152172639966
2024-04-27,202404010112,2019102320,6,サイモンカーチス,0,2024,0.046800199896,0.063944853842,0.059711597860
2024-04-27,202404010112,2019110122,7,ブラヴィーノ,0,2024,0.352406084538,0.371025115252,0.383486390114
2024-04-27,202404010112,2020104676,8,マイレーヌ,1,2024,0.648194611073,0.597123026848,0.618402183056
2024-04-27,202404010112,2020102294,9,スイープラン,0,2024,0.439741522074,0.423971772194,0.434560120106
2024-04-27,202404010112,2020103915,10,ツインクルトーズ,1,2024,0.252555787563,0.246086135507,0.224861517549
2024-04-28,202408030410,2020104613,1,タツダイヤモンド,0,2024,0.205416083336,0.184517115355,0.179026886821
2024-04-28,202408030410,2019105044,2,アドマイヤラヴィ,0,2024,0.280447214842,0.222643122077,0.220680043101
2024-04-28,202408030410,2018103926,3,ショウナンラスボス,0,2024,0.181143745780,0.184840604663,0.169763520360
2024-04-28,202408030410,2020100815,4,ミルトクレイモー,1,2024,0.240365669131,0.258872061968,0.224432453513
2024-04-28,202408030410,2020104194,5,ルーフ,0,2024,0.267978847027,0.247914105654,0.232875868678
2024-04-28,202408030410,2020110114,6,スリーアイランド,0,2024,0.270879507065,0.298129588366,0.302193135023
2024-04-28,202408030410,2018100141,7,シャークスポット,0,2024,0.148376077414,0.146995380521,0.126437619328
2024-04-28,202408030410,2018100693,8,ブルーシンフォニー,0,2024,0.115747265518,0.108731046319,0.097461804748
2024-04-28,202408030410,2016104227,9,ジョニーズララバイ,0,2024,0.049660515040,0.045679911971,0.043067622930
2024-04-28,202408030410,2019100751,10,マイネルレノン,1,2024,0.145920321345,0.142090857029,0.137444868684
2024-04-28,202408030410,2019107016,11,ウナギノボリ,0,2024,0.041106853634,0.037979144603,0.036041863263
2024-04-28,202408030410,2019102786,12,ウォータールグラン,0,2024,0.157596796751,0.123445503414,0.099054008722
2024-04-28,202408030410,2018102585,13,ロードラスター,0,2024,0.061934918165,0.070245698094,0.062425911427
2024-04-28,202408030410,2019100652,14,ハギノモーリス,0,2024,0.219622775912,0.222262784839,0.199779614806
2024-04-28,202408030410,2016102801,15,ロングファイナリー,0,2024,0.037461720407,0.041791290045,0.040724061430
2024-04-28,202408030410,2020101543,16,グランテスト,1,2024,0.338151782751,0.319343984127,0.388453841209
2024-04-28,202408030410,2020102630,17,アルーリングビュー,0,2024,0.231068015099,0.262729525566,0.328678816557
2024-04-28,202408030410,2019102522,18,ドグマ,0,2024,0.109902605414,0.104294255376,0.108035475016
2024-05-04,202404010309,2021100243,1,セイウンティーダ,0,2024,0.229401990771,0.256420791149,0.258360445499
2024-05-04,202404010309,2021104404,2,シュークリーム,0,2024,0.141560792923,0.147338569164,0.160098552704
2024-05-04,202404010309,2021102670,3,イサチルシーサイド,0,2024,0.175366669893,0.180291503668,0.168883159757
2024-05-04,202404010309,2021104074,4,ラブディーヴァ,0,2024,0.142285645008,0.136712729931,0.129483506083
2024-05-04,202404010309,2021101905,5,キョウエイカンセ,0,2024,0.069423064590,0.067898809910,0.068754479289
2024-05-04,202404010309,2021101730,6,ピコサン,0,2024,0.243643090129,0.266050010920,0.307761222124
2024-05-04,202404010309,2021100152,7,ベストオブユー,0,2024,0.295232921839,0.301798880100,0.246400550008
2024-05-04,202404010309,2021110049,8,アウェイキング,1,2024,0.368511974812,0.401153594255,0.415213257074
2024-05-04,202404010309,2021103039,9,ゴーインマイウェイ,1,2024,0.267153531313,0.320012301207,0.326508790255
2024-05-04,202404010309,2021104401,10,ヴェサリウス,1,2024,0.141860857606,0.160644769669,0.126367300749
2024-05-04,202404010309,2021101386,11,コールミーメイビー,0,2024,0.016300940886,0.010175376199,0.009544638917
2024-05-04,202404010309,2021100144,12,ロードトレゾール,0,2024,0.182816371322,0.175681859255,0.192190214992
2024-05-04,202404010309,2021104140,13,グレースルージュ,0,2024,0.148957133293,0.149605602026,0.148325979710
2024-05-04,202404010309,2021110153,14,ジェネラーレ,0,2024,0.109461508691,0.122736044228,0.157325372100
2024-05-04,202404010309,2021105068,15,クリノハレルヤ,0,2024,0.229485809803,0.266316115856,0.261461079121
2024-05-04,202404010309,2021104481,16,ビアフォーナウ,0,2024,0.120620116591,0.110445499420,0.139656513929
2024-05-05,202404010402,2021103354,3,メイショウイチリン,0,2024,0.023947201669,0.022375376895,0.016246406361
2024-05-05,202404010402,2021100297,4,ブルボンクイーン,0,2024,0.557270765305,0.607204556465,0.639930605888
2024-05-05,202404010402,2021105033,5,カーモス,0,2024,0.159602686763,0.174249112606,0.185531005263
2024-05-05,202404010402,2021104540,6,スプレムータ,0,2024,0.231940269470,0.227588579059,0.239128202200
2024-05-05,202404010402,2021103516,10,ポジティブスピン,0,2024,0.145463228226,0.130979448557,0.135974019766
2024-05-05,202404010402,2021100777,11,ベニスズメ,0,2024,0.073854953051,0.062573082745,0.074871629477
2024-05-05,202404010402,2021103903,12,ヴァシロペス,0,2024,0.202809333801,0.211295440793,0.218490496278
2024-05-05,202404010402,2021101601,14,エガオニナッテ,1,2024,0.300589799881,0.269269704819,0.308948427439
2024-05-05,202404010402,2021105866,15,ミッキーキャンドル,1,2024,0.459061235189,0.470271348953,0.467643082142
2024-05-05,202408030611,2017100583,1,ディヴィナシオン,0,2024,0.245774090290,0.199000835419,0.099978499115
2024-05-05,202408030611,2020110040,2,ヤクシマ,0,2024,0.310118943453,0.295691549778,0.264767646790
2024-05-05,202408030611,2018102155,3,マイネルジェロディ,0,2024,0.302808880806,0.294764399529,0.316020816565
2024-05-05,202408030611,2018104885,4,アスコルターレ,0,2024,0.034489553422,0.028304878622,0.018659925088
2024-05-05,202408030611,2016104668,5,カリボール,1,2024,0.125105693936,0.101148672402,0.089687623084
2024-05-05,202408030611,2019104911,6,プルパレイ,1,2024,0.095359027386,0.082084730268,0.091589935124
2024-05-05,202408030611,2016110119,7,ジャスパージャック,0,2024,0.083162888885,0.083393998444,0.064544372261
2024-05-05,202408030611,2020103434,8,カルロヴェローチェ,0,2024,0.415599167347,0.363308966160,0.327236205339
2024-05-05,202408030611,2017106720,9,サンライズオネスト,0,2024,0.220127612352,0.228595092893,0.279721051455
2024-05-05,202408030611,2020110155,10,レイベリング,0,2024,0.568877577782,0.568679034710,0.531878769398
2024-05-05,202408030611,2020104056,11,オールパルフェ,0,2024,0.161180242896,0.157008036971,0.144778206944
2024-05-05,202408030611,2017100091,12,スマートクラージュ,0,2024,0.552497804165,0.595865607262,0.483799815178
2024-05-05,202408030611,2019105512,13,ジャスティンスカイ,1,2024,0.267888784409,0.245029374957,0.221983850002
2024-05-11,202408030707,2020104087,1,グランツベリー,0,2024,0.238523498178,0.195509001613,0.224141627550
2024-05-11,202408030707,2019103193,2,トリップトゥムーン,0,2024,0.182148635387,0.199044376612,0.205496042967
2024-05-11,202408030707,2018102281,3,キタノエクスプレス,1,2024,0.435694754124,0.428481906652,0.450219184160
2024-05-11,202408030707,2019102436,4,ミズノコキュウ,0,2024,0.147298425436,0.135055333376,0.134983688593
2024-05-11,202408030707,2019103442,5,クラリティスケール,0,2024,0.082036703825,0.077198944986,0.086876459420
2024-05-11,202408030707,2020103238,6,オックスリップ,1,2024,0.323161393404,0.338372230530,0.318199843168
2024-05-11,202408030707,2017101991,7,テンジュイン,0,2024,0.104094244540,0.103645518422,0.123610444367
2024-05-11,202408030707,2020101897,8,レッドヒルシューズ,0,2024,0.309899359941,0.292946696281,0.326996356249
2024-05-11,202408030707,2020105568,9,ハクサンパイオニア,0,2024,0.236358046532,0.234831273556,0.213985562325
2024-05-11,202408030707,2019106099,10,ラブリアージェ,0,2024,0.071799561381,0.064093299210,0.068427652121
2024-05-11,202408030707,2018103620,11,ロゼクラン,1,2024,0.128116384149,0.100146256387,0.084262244403
2024-05-11,202408030707,2020104825,12,スカプラリオ,0,2024,0.204450562596,0.137468665838,0.152809917927
2024-05-11,202408030707,2018106455,13,メイショウハボタン,0,2024,0.206525176764,0.186560451984,0.153592452407
2024-05-11,202408030707,2018104322,14,プレジールミノル,0,2024,0.081170924008,0.083013311028,0.075437627733
2024-05-12,202404010612,2020103588,1,マテンロウナイト,0,2024,0.200493842363,0.194630444050,0.227210894227
2024-05-12,202404010612,2018100593,2,タイガーリリー,0,2024,0.257365167141,0.236006945372,0.284769743681
2024-05-12,202404010612,2019105322,3,アルファヒディ,0,2024,0.168597146869,0.153531879187,0.132781550288
2024-05-12,202404010612,2020103962,4,ステークホルダー,0,2024,0.439755469561,0.453961879015,0.487111926079
2024-05-12,202404010612,2018100618,5,トーホウジュナール,1,2024,0.178253918886,0.180304080248,0.246681883931
2024-05-12,202404010612,2020100289,6,シルバーダイヤ,0,2024,0.179305195808,0.166975572705,0.155140280724
2024-05-12,202404010612,2020103894,7,ホウオウマーメイド,0,2024,0.237699374557,0.235099926591,0.219569414854
2024-05-12,202404010612,2018105357,8,ラピカズマ,1,2024,0.140929788351,0.142208248377,0.140391111374
2024-05-12,202404010612,2019101865,9,ストームサージ,0,2024,0.048010185361,0.043596751988,0.030219966546
2024-05-12,202404010612,2019103517,10,ディージェーサン,0,2024,0.274187415838,0.230178028345,0.265666514635
2024-05-12,202404010612,2020100355,11,ナックブレイブ,0,2024,0.078956015408,0.073769442737,0.093012459576
2024-05-12,202404010612,2017101448,12,ウインアステロイド,1,2024,0.209369406104,0.252907752991,0.294717967510
2024-05-12,202404010612,2020103883,13,レイレフア,0,2024,0.035363737494,0.026004405692,0.041611596942
2024-05-12,202408030803,2021102165,1,バニッツア,0,2024,0.089588865638,0.093600384891,0.083648398519
2024-05-12,202408030803,2021105500,2,プエルタセクレタ,0,2024,0.200618892908,0.186331063509,0.150038838387
2024-05-12,202408030803,2021100135,3,セブンセコンズ,0,2024,0.175740554929,0.193278878927,0.192684099078
2024-05-12,202408030803,2021110074,5,スリータイガー,0,2024,0.295244842768,0.305346906185,0.277907311916
2024-05-12,202408030803,2021103211,6,メイショウロージー,0,2024,0.122478507459,0.130176991224,0.139168217778
2024-05-12,202408030803,2021100718,7,テキーラワルツ,0,2024,0.118147812784,0.131096109748,0.084014989436
2024-05-12,202408030803,2021100710,8,カネトシショウカ,0,2024,0.168675363064,0.177019700408,0.136737093329
2024-05-12,202408030803,2021103977,9,リチャードバローズ,1,2024,0.585507333279,0.622029423714,0.645249247551
2024-05-12,202408030803,2021105217,10,プルミエプランタン,0,2024,0.239937424660,0.252733975649,0.212325945497
2024-05-12,202408030803,2021104096,11,ミッキージャスミン,1,2024,0.135433539748,0.144888207316,0.134720280766
2024-05-12,202408030803,2021105810,12,ロカブルン,0,2024,0.130218595266,0.135374858975,0.093565985560
2024-05-12,202408030803,2021101601,13,エガオニナッテ,1,2024,0.400226175785,0.408398777246,0.406424641609
2024-05-12,202408030803,2021100233,14,テーオーサファイア,0,2024,0.156841918826,0.142672345042,0.147822394967
2024-05-12,202408030803,2021101604,15,マクッテソフィア,0,2024,0.318503379822,0.326127111912,0.314782053232
2024-05-12,202408030803,2021105563,17,シャドフ,0,2024,0.213951095939,0.212066859007,0.169046089053
2024-05-12,202408030807,2019106333,1,ジャマン,0,2024,0.082135170698,0.084925144911,0.043190862983
2024-05-12,202408030807,2019105265,2,アエリーゾ,1,2024,0.398979365826,0.359726309776,0.392542600632
2024-05-12,202408030807,2019110127,3,サトノプリエール,1,2024,0.375126063824,0.367836207151,0.393668204546
2024-05-12,202408030807,2019100548,4,タガノミア,0,2024,0.457313716412,0.461262464523,0.366398841143
2024-05-12,202408030807,2020105409,5,ディアドコス,1,2024,0.494116276503,0.494986712933,0.466236293316
2024-05-12,202408030807,2020100500,6,ヴィエンヌ,0,2024,0.315890371799,0.347562193871,0.366627603769
2024-05-12,202408030807,2020106737,7,メイショウコギク,0,2024,0.183288916945,0.189530417323,0.220889613032
2024-05-12,202408030807,2019102062,8,ハルカナネガイ,0,2024,0.120601303875,0.118403442204,0.121996611357
2024-05-12,202408030807,2020102646,9,クラックオブドーン,0,2024,0.137936994433,0.143904879689,0.105320811272
2024-05-12,202408030807,2020105892,10,ヴァルトラウテ,0,2024,0.163857072592,0.158499464393,0.146998569369
2024-05-12,202408030807,2019103953,11,シグルドリーヴァ,0,2024,0.192958816886,0.179135054350,0.181700870395
2024-05-12,202408030807,2020105897,12,ソアラ,0,2024,0.045497387648,0.033815287054,0.031628288329
2024-05-12,202408030807,2019105059,13,エレアイム,0,2024,0.122724510729,0.095587484539,0.105709426105
2024-05-12,202408030807,2020106722,14,クインズエルサ,0,2024,0.137022539973,0.103875748813,0.093489862978
2024-05-18,202404010711,2019105175,1,ステイトダイアデム,0,2024,0.247166156769,0.270015239716,0.262012720108
2024-05-18,202404010711,2018110149,2,コスモアディラート,0,2024,0.434960216284,0.405759304762,0.428469002247
2024-05-18,202404010711,2020103915,3,ツインクルトーズ,0,2024,0.194658949971,0.197973266244,0.157610431314
2024-05-18,202404010711,2019104536,4,カイカノキセキ,0,2024,0.121022529900,0.133100405335,0.099802285433
2024-05-18,202404010711,2017101991,5,テンジュイン,0,2024,0.068900480866,0.067608334124,0.097264029086
2024-05-18,202404010711,2019104386,6,トーセンサンダー,0,2024,0.251743167639,0.250483691692,0.218869894743
2024-05-18,202404010711,2019101270,7,ヨール,0,2024,0.264432102442,0.262057125568,0.260421454906
2024-05-18,202404010711,2020102971,8,サトノグレイト,1,2024,0.244652017951,0.287222355604,0.273405820131
2024-05-18,202404010711,2019103897,9,ハピネスアゲン,0,2024,0.270500391722,0.249611213803,0.249342918396
2024-05-18,202404010711,2020100686,10,ジョリダム,0,2024,0.061189897358,0.053777605295,0.102614857256
2024-05-18,202404010711,2019100578,11,クインズプリーズ,1,2024,0.050228059292,0.048176608980,0.058715544641
2024-05-18,202404010711,2019104356,12,ディオアステリア,1,2024,0.243050277233,0.241723507643,0.229203358293
2024-05-18,202404010711,2017102809,13,ガリレイ,0,2024,0.108823917806,0.124989703298,0.144635394216
2024-05-18,202404010711,2018104765,14,イズンシーラブリー,0,2024,0.117424935102,0.095272086561,0.085635207593
2024-05-18,202404010711,2020103898,15,イグニション,0,2024,0.087920881808,0.081937491894,0.092410460114
2024-05-18,202404010711,2019102068,16,シャウビンダー,0,2024,0.149041146040,0.151656001806,0.186899885535
2024-05-19,202404010802,2021103352,1,メイショウテンヨウ,0,2024,0.080614484847,0.074798107147,0.074538655579
2024-05-19,202404010802,2021101142,6,ユヌブリーズ,0,2024,0.152618736029,0.146450802684,0.175917029381
2024-05-19,202404010802,2021101026,7,エコロアモーレ,0,2024,0.487302362919,0.481160491705,0.467451095581
2024-05-19,202404010802,2021104627,10,モズマサニャン,1,2024,0.571357667446,0.553729295731,0.543993830681
2024-05-19,202404010802,2021102833,11,メイショウバンリ,0,2024,0.033171985298,0.027941077948,0.025777528062
2024-05-19,202404010802,2021104589,12,ジーティースピカ,0,2024,0.160652175546,0.179353117943,0.180980905890
2024-05-19,202404010802,2021101769,14,ドレッド,1,2024,0.317218780518,0.344525396824,0.389373034239
2024-05-19,202404010802,2021100438,16,ミルタンドレス,0,2024,0.125510305166,0.134988725185,0.125536993146
2024-05-19,202408031007,2021101102,1,ナムラエデン,1,2024,0.512447834015,0.487866163254,0.402990937233
2024-05-19,202408031007,2021104140,2,グレースルージュ,0,2024,0.297951579094,0.315424084663,0.239361733198
2024-05-19,202408031007,2021100144,3,ロードトレゾール,0,2024,0.403793215752,0.417882889509,0.404026061296
2024-05-19,202408031007,2021100359,5,スカイキャンバス,0,2024,0.495048463345,0.401572078466,0.448565632105
2024-05-19,202408031007,2021101682,7,ギルティプレジャー,0,2024,0.266440570354,0.236667826772,0.242361798882
2024-05-19,202408031007,2021106586,8,ラブカムーン,0,2024,0.157726794481,0.158165067434,0.149393334985
2024-05-19,202408031007,2021102561,9,キーウェーブ,1,2024,0.194848433137,0.224070265889,0.186805665493
2024-05-19,202408031007,2021102164,10,ドランクマン,0,2024,0.104198865592,0.118204072118,0.138518899679
2024-05-19,202408031007,2021110033,11,パッシングシャワー,0,2024,0.232562765479,0.280079603195,0.290267139673
2024-05-25,202408031111,2021102888,1,ナムラアトム,0,2024,0.309606581926,0.318906992674,0.249560266733
2024-05-25,202408031111,2021105054,2,モンシュマン,0,2024,0.182721570134,0.205689042807,0.187090843916
2024-05-25,202408031111,2021100494,3,ガロンヌ,0,2024,0.346907049417,0.340661376715,0.308260977268
2024-05-25,202408031111,2021104908,4,ニコラウス,0,2024,0.233442500234,0.253025621176,0.203109234571
2024-05-25,202408031111,2021102315,5,アスクワンタイム,0,2024,0.057359140366,0.055116124451,0.051208864897
2024-05-25,202408031111,2021103323,6,オーキッドロマンス,0,2024,0.503521382809,0.496681630611,0.368557274342
2024-05-25,202408031111,2021100768,7,ジョーローリット,0,2024,0.063722886145,0.040687035769,0.039619602263
2024-05-25,202408031111,2021102914,8,モズトキキ,0,2024,0.229755178094,0.233072102070,0.252925455570
2024-05-25,202408031111,2021110049,9,アウェイキング,0,2024,0.217863425612,0.225520730019,0.212118357420
2024-05-25,202408031111,2021110027,10,エトヴプレ,0,2024,0.276369005442,0.344698637724,0.288338124752
2024-05-25,202408031111,2021104153,11,エポックヴィーナス,0,2024,0.264831900597,0.250124663115,0.236813753843
2024-05-25,202408031111,2021105242,12,シカゴスティング,0,2024,0.184790566564,0.144220784307,0.126532733440
2024-05-25,202408031111,2021102320,13,ペアポルックス,1,2024,0.358675509691,0.342839121819,0.306069344282
2024-05-25,202408031111,2021102392,14,ナナオ,1,2024,0.210542842746,0.233130753040,0.193905651569
2024-05-25,202408031111,2021104006,15,クリスアーサー,0,2024,0.102594025433,0.084982231259,0.077372096479
2024-05-25,202408031111,2021105485,16,エリカカリーナ,0,2024,0.272770166397,0.230560794473,0.250361829996
2024-05-25,202408031111,2021107058,17,ピューロマジック,1,2024,0.202271193266,0.202995672822,0.205432265997
2024-05-25,202408031111,2021104556,18,カルチャーデイ,0,2024,0.148942083120,0.118951283395,0.125487789512
2024-06-02,202408040209,2021110132,1,ジャスパーノワール,0,2024,0.163393393159,0.148495018482,0.208645895123
2024-06-02,202408040209,2020101284,2,ルクスドヌーヴ,0,2024,0.247501611710,0.202149465680,0.196668833494
2024-06-02,202408040209,2021110021,3,スピリットガイド,0,2024,0.304360181093,0.299007296562,0.387837767601
2024-06-02,202408040209,2019102458,4,ワンダーキサラ,1,2024,0.205003976822,0.189683958888,0.118009097874
2024-06-02,202408040209,2021101523,5,キャプテンネキ,0,2024,0.525811254978,0.508379340172,0.519741177559
2024-06-02,202408040209,2020105568,6,ハクサンパイオニア,0,2024,0.188855737448,0.178290560842,0.184508964419
2024-06-02,202408040209,2018103620,7,ロゼクラン,0,2024,0.195416793227,0.171134546399,0.162063330412
2024-06-02,202408040209,2018100618,8,トーホウジュナール,0,2024,0.152851402760,0.151983574033,0.168151125312
2024-06-02,202408040209,2021105771,9,ミルテンベルク,1,2024,0.201109752059,0.185768410563,0.239444375038
2024-06-02,202408040209,2017102809,10,ガリレイ,0,2024,0.257434755564,0.256191343069,0.281144440174
2024-06-02,202408040209,2020104825,11,スカプラリオ,0,2024,0.160252407193,0.121727511287,0.111160762608
2024-06-02,202408040209,2021100130,12,ロードフォアエース,1,2024,0.317081183195,0.396597415209,0.379666686058
2024-06-02,202408040209,2020100736,13,ビッグボーンリタ,0,2024,0.034275144339,0.033790718764,0.032011099160
2024-06-02,202408040209,2020104942,14,シルフィードレーヴ,0,2024,0.124759301543,0.112641483545,0.132945716381
2024-06-08,202402010101,2021104839,2,プレアデスグループ,1,2024,0.396009236574,0.388098269701,0.296119093895
2024-06-08,202402010101,2021105696,3,ステイチューンド,0,2024,0.216138496995,0.304948538542,0.266340851784
2024-06-08,202402010101,2021102411,4,ルチェッタ,0,2024,0.261774659157,0.191169261932,0.166583299637
2024-06-08,202402010101,2021103092,5,ナムラローズマリー,1,2024,0.559488415718,0.491928398609,0.588890612125
2024-06-08,202402010101,2021103554,6,リルフロスト,0,2024,0.070604473352,0.085288338363,0.061855051666
2024-06-08,202402010101,2021102151,7,モズイージス,0,2024,0.078490994871,0.063647836447,0.066316701472
2024-06-08,202402010101,2021101906,8,フジゴウキャク,0,2024,0.177438437939,0.215720847249,0.191887736320
2024-06-08,202402010101,2021104057,9,サクラリゲル,0,2024,0.154070854187,0.171761795878,0.217128515244
2024-06-08,202402010101,2021105937,11,プレシャスシル,0,2024,0.027773292735,0.026448439807,0.026699226350
2024-06-08,202402010101,2021101100,12,ルクスアドラー,1,2024,0.315551161766,0.322333842516,0.318349510431
2024-06-08,202402010101,2021103277,13,メイショウマサユメ,0,2024,0.134829908609,0.112827003002,0.133886471391
2024-06-08,202402010101,2021101245,14,カチヌキマリコ,0,2024,0.278114527464,0.282994419336,0.345966488123
2024-06-08,202402010101,2021101790,15,ブイキャット,0,2024,0.108223952353,0.107547082007,0.105674773455
2024-06-08,202402010101,2021106925,16,ボナール,0,2024,0.162414208055,0.163837805390,0.118148505688
2024-06-08,202402010111,2020100151,1,スクルプトーリス,0,2024,0.106450945139,0.117295131087,0.111898235977
2024-06-08,202402010111,2019101679,2,ヴィアドロローサ,0,2024,0.205561921000,0.189985036850,0.170690819621
2024-06-08,202402010111,2018104559,3,ナリタローゼ,1,2024,0.238489210606,0.230664223433,0.214187741280
2024-06-08,202402010111,2021106440,4,アララララ,0,2024,0.467185437679,0.413258224726,0.528272032738
2024-06-08,202402010111,2019100772,5,ポルタフォルトゥナ,1,2024,0.253699898720,0.265269130468,0.248917996883
2024-06-08,202402010111,2018100097,6,スマートルシーダ,0,2024,0.183994069695,0.196749582887,0.197833940387
2024-06-08,202402010111,2020103634,7,ミスヨコハマ,0,2024,0.233110859990,0.250835627317,0.261067956686
2024-06-08,202402010111,2021110039,8,コーティアスマナー,1,2024,0.486041009426,0.516369938850,0.518395125866
2024-06-08,202402010111,2019104356,9,ディオアステリア,0,2024,0.390368521214,0.374841898680,0.394914865494
2024-06-08,202402010111,2019104675,10,アップストローク,0,2024,0.223955780268,0.240085616708,0.244597464800
2024-06-08,202402010111,2019101262,11,ショウナンアメリア,0,2024,0.139295235276,0.130218833685,0.137899860740
2024-06-08,202402010111,2019110106,12,オカンモシャチョウ,0,2024,0.083703152835,0.082943052053,0.093488849699
2024-06-08,202402010111,2020102140,13,アンビバレント,0,2024,0.054257605225,0.046186231077,0.056238055229
2024-06-08,202402010111,2020105484,14,ニシノコウダイ,0,2024,0.219674259424,0.236746802926,0.260154634714
2024-06-08,202402010111,2020106795,15,フクノワカバ,0,2024,0.043320551515,0.043224599212,0.046876404434
2024-06-08,202402010111,2020102568,16,ワイアウ,0,2024,0.063755057752,0.050725508481,0.048852693290
2024-06-08,202408040304,2021105217,1,プルミエプランタン,0,2024,0.351656019688,0.323176473379,0.282272011042
2024-06-08,202408040304,2021105046,6,リプレット,0,2024,0.128098025918,0.125407844782,0.125270694494
2024-06-08,202408040304,2021101126,8,クリノローレライ,0,2024,0.043970126659,0.041378617287,0.041264053434
2024-06-08,202408040304,2021101474,9,マーメイド,0,2024,0.219853341579,0.214597240090,0.205105811357
2024-06-08,202408040304,2021106613,10,チェリアーナ,0,2024,0.077251449227,0.087940864265,0.069088593125
2024-06-08,202408040304,2021102164,11,ドランクマン,1,2024,0.247258514166,0.244262576103,0.198762699962
2024-06-08,202408040304,2021104396,13,ムーンセット,0,2024,0.065449036658,0.068649284542,0.069320343435
2024-06-08,202408040304,2021106019,14,キルケロッソ,1,2024,0.146765142679,0.124323830009,0.115542508662
2024-06-08,202408040304,2021105563,15,シャドフ,1,2024,0.324023634195,0.313429802656,0.275391817093
2024-06-08,202408040304,2021101601,17,エガオニナッテ,0,2024,0.430947899818,0.457986146212,0.496831119061
2024-06-08,202408040304,2021102909,18,ホーギー,0,2024,0.045108050108,0.046553932130,0.055932518095
2024-06-09,202402010201,2021104933,1,カントゥータ,0,2024,0.118986994028,0.101247668266,0.089928075671
2024-06-09,202402010201,2021100747,2,メイショウマゴイチ,0,2024,0.299346178770,0.341829001904,0.311798691750
2024-06-09,202402010201,2021110098,3,カフジニホニウム,0,2024,0.375499606133,0.356287300587,0.333281397820
2024-06-09,202402010201,2021102401,4,グランテレーズ,1,2024,0.433857023716,0.422123551369,0.319916993380
2024-06-09,202402010201,2021103025,5,シナモンデイジー,0,2024,0.102090001106,0.097657442093,0.069795109332
2024-06-09,202402010201,2021102686,6,ニシノシャミナード,1,2024,0.255476266146,0.247764870524,0.270594835281
2024-06-09,202402010201,2021105872,8,ベアゴーゴー,1,2024,0.589691519737,0.546412944794,0.554075539112
2024-06-09,202402010201,2021102675,11,ライズガール,0,2024,0.127603992820,0.138906866312,0.126724243164
2024-06-09,202402010201,2021106050,12,フィローシャ,0,2024,0.129875302315,0.135488778353,0.153506428003
2024-06-09,202402010201,2021101064,14,ノイヤー,0,2024,0.275399059057,0.276519984007,0.310065001249
2024-06-09,202402010201,2021104989,16,オレンジサファイア,0,2024,0.111046537757,0.114279910922,0.143801972270
2024-06-09,202402010208,2021105039,1,ゴールドサーベル,0,2024,0.201617702842,0.206830084324,0.152131631970
2024-06-09,202402010208,2019101446,2,ワンリオン,0,2024,0.259595781565,0.249845772982,0.244050234556
2024-06-09,202402010208,2021100359,3,スカイキャンバス,0,2024,0.333762973547,0.280067652464,0.277580201626
2024-06-09,202402010208,2020103356,4,クファシル,1,2024,0.099631898105,0.073971994221,0.070185057819
2024-06-09,202402010208,2020100342,5,メージャーテソーロ,0,2024,0.115621469915,0.123958662152,0.089475713670
2024-06-09,202402010208,2020104340,7,ハッピーパンニャ,0,2024,0.169331833720,0.176694527268,0.152929872274
2024-06-09,202402010208,2020104415,8,スピニングマーリン,0,2024,0.023291956633,0.025390433148,0.015473240986
2024-06-09,202402010208,2021103325,9,カレンナオトメ,0,2024,0.235444694757,0.178137764335,0.239663422108
2024-06-09,202402010208,2021106594,10,ヤマニンアストロン,0,2024,0.367918938398,0.361555874348,0.402728497982
2024-06-09,202402010208,2021100522,11,ジョーメッドヴィン,1,2024,0.413172543049,0.442879408598,0.492696762085
2024-06-09,202402010208,2020105525,12,カツノテンス,0,2024,0.069658815861,0.053105637431,0.049087949097
2024-06-09,202402010208,2019106183,13,カフェクロニクル,0,2024,0.236265465617,0.212284773588,0.227191910148
2024-06-09,202402010211,2020109102,1,サウザンサニー,0,2024,0.433223098516,0.422124981880,0.486674159765
2024-06-09,202402010211,2015105850,2,カイザーメランジェ,0,2024,0.018544876948,0.018509849906,0.012481303886
2024-06-09,202402010211,2020105154,3,アサカラキング,0,2024,0.419413626194,0.388282746077,0.397590279579
2024-06-09,202402010211,2019101700,4,サトノレーヴ,1,2024,0.513261973858,0.518135070801,0.497508257627
2024-06-09,202402010211,2019105658,5,オタルエバー,0,2024,0.178034201264,0.253483265638,0.190024152398
2024-06-09,202402010211,2019100791,6,シナモンスティック,0,2024,0.119190573692,0.112224653363,0.093759223819
2024-06-09,202402010211,2018110035,7,シュバルツカイザー,0,2024,0.086324721575,0.080537915230,0.105250880122
2024-06-09,202402010211,2019104841,8,カルネアサーダ,0,2024,0.232605382800,0.249266281724,0.280738979578
2024-06-09,202402010211,2019104470,9,キミワクイーン,0,2024,0.142076104879,0.097004488111,0.132136747241
2024-06-09,202402010211,2017101423,10,ウイングレイテスト,1,2024,0.162271246314,0.213766083121,0.203496605158
2024-06-09,202402010211,2019105512,11,ジャスティンスカイ,0,2024,0.200421527028,0.215259641409,0.193937346339
2024-06-09,202402010211,2017105661,12,ジュビリーヘッド,0,2024,0.123744934797,0.124934561551,0.097811616957
2024-06-09,202402010211,2020100896,13,ビッグシーザー,1,2024,0.393053740263,0.365517318249,0.375681072474
2024-06-09,202402010211,2020103639,14,セッション,0,2024,0.323368668556,0.283510535955,0.232450842857
2024-06-09,202402010211,2019100965,15,マテンロウオリオン,0,2024,0.062960170209,0.040280200541,0.033482193947
2024-06-09,202402010211,2018101343,16,ゾンニッヒ,0,2024,0.197590142488,0.217613026500,0.232163578272
2024-06-09,202408040412,2021107063,1,イツモニコニコ,1,2024,0.199011266232,0.150995835662,0.227412834764
2024-06-09,202408040412,2020102537,2,チカポコ,0,2024,0.114499785006,0.096740141511,0.098049081862
2024-06-09,202408040412,2018103125,3,モラトリアム,0,2024,0.247259274125,0.243890225887,0.234928637743
2024-06-09,202408040412,2020102271,4,コスモグングニール,0,2024,0.314751476049,0.364742755890,0.375205814838
2024-06-09,202408040412,2020105897,5,ソアラ,0,2024,0.136207565665,0.136288717389,0.101685471833
2024-06-09,202408040412,2021105435,6,アナベルエクラ,0,2024,0.043035916984,0.039925970137,0.036621093750
2024-06-09,202408040412,2019102062,7,ハルカナネガイ,0,2024,0.059735100716,0.063434951007,0.054630950093
2024-06-09,202408040412,2020106777,8,セレッソデアモール,0,2024,0.147009894252,0.149782508612,0.131434828043
2024-06-09,202408040412,2021102461,9,バンドシェル,1,2024,0.520124495029,0.499724656343,0.581837773323
2024-06-09,202408040412,2021100782,10,ドナヴィーナス,0,2024,0.275154322386,0.222487360239,0.301729142666
2024-06-09,202408040412,2021102561,11,キーウェーブ,0,2024,0.204629257321,0.188828319311,0.210271194577
2024-06-09,202408040412,2021101102,12,ナムラエデン,0,2024,0.414159625769,0.408241242170,0.478247374296
2024-06-09,202408040412,2019105265,13,アエリーゾ,1,2024,0.334474384785,0.334451586008,0.383398890495
2024-06-15,202402010301,2021106008,1,プラビータ,0,2024,0.091765291989,0.075249388814,0.062637589872
2024-06-15,202402010301,2021102331,2,シンパティカ,0,2024,0.130432993174,0.129707992077,0.107262969017
2024-06-15,202402010301,2021105297,3,マースフルガール,0,2024,0.244924917817,0.249691575766,0.223429054022
2024-06-15,202402010301,2021110074,4,スリータイガー,0,2024,0.138207763433,0.126336082816,0.153120234609
2024-06-15,202402010301,2021102055,5,グランバイオレット,0,2024,0.053816590458,0.059191633016,0.072501167655
2024-06-15,202402010301,2021106208,6,リベリアンガール,0,2024,0.125284969807,0.125966608524,0.164305388927
2024-06-15,202402010301,2021103052,7,サニイアール,1,2024,0.291442811489,0.322768718004,0.332607716322
2024-06-15,202402010301,2021110042,8,サクソフィーナ,0,2024,0.358643352985,0.374708890915,0.349301487207
2024-06-15,202402010301,2021101136,9,セジールレーヴ,0,2024,0.187537118793,0.185117423534,0.151737704873
2024-06-15,202402010301,2021100775,10,ナリタマフディー,0,2024,0.076007507741,0.070345997810,0.063484646380
2024-06-15,202402010301,2021100016,11,ポリトナリティー,0,2024,0.143469259143,0.152725949883,0.167504265904
2024-06-15,202402010301,2021102402,12,ルージュエリシア,0,2024,0.144291445613,0.138918817043,0.126875609159
2024-06-15,202402010301,2021104015,13,シャイニングキセキ,0,2024,0.094138734043,0.092272296548,0.101634472609
2024-06-15,202402010301,2021100718,14,テキーラワルツ,1,2024,0.141410842538,0.138899773359,0.120826058090
2024-06-15,202402010301,2021101100,15,ルクスアドラー,0,2024,0.391708016396,0.412914127111,0.393442243338
2024-06-15,202402010301,2021100157,16,ロードトレイル,1,2024,0.269246369600,0.285281240940,0.344882071018
2024-06-15,202402010309,2020106963,1,アンタノバラード,0,2024,0.613091349602,0.595314443111,0.632096648216
2024-06-15,202402010309,2020102646,2,クラックオブドーン,0,2024,0.132909700274,0.130601391196,0.150190606713
2024-06-15,202402010309,2021110003,3,アンドアイラヴハー,1,2024,0.791731119156,0.762874901295,0.800075769424
2024-06-15,202402010309,2019101643,4,バシレウスシチー,1,2024,0.537153422832,0.548276782036,0.572708427906
2024-06-15,202402010309,2021103118,5,セイウンサニー,0,2024,0.040352419019,0.038490694016,0.065861240029
2024-06-15,202402010309,2021110099,6,ジューンブレア,1,2024,0.365178912878,0.358508169651,0.399448364973
2024-06-15,202402010309,2019110122,7,ブラヴィーノ,0,2024,0.145687460899,0.140136972070,0.175540685654
2024-06-15,202402010309,2021106666,8,レイニングキャット,0,2024,0.441731184721,0.435340255499,0.573083102703
2024-06-15,202402010311,2019102938,1,ニシノレバンテ,0,2024,0.190962955356,0.186843380332,0.133432552218
2024-06-15,202402010311,2019104386,2,トーセンサンダー,1,2024,0.392044544220,0.432728499174,0.349097281694
2024-06-15,202402010311,2019105508,3,ステルナティーア,0,2024,0.161943733692,0.133627131581,0.093874573708
2024-06-15,202402010311,2020102718,4,オルフェスト,0,2024,0.448637783527,0.454059779644,0.515326082706
2024-06-15,202402010311,2020103898,5,イグニション,0,2024,0.198486238718,0.217629700899,0.213064655662
2024-06-15,202402010311,2019104738,6,サウンドクレア,0,2024,0.156599178910,0.172878101468,0.199691489339
2024-06-15,202402010311,2020105484,7,ニシノコウダイ,1,2024,0.313454091549,0.358105033636,0.383446693420
2024-06-15,202402010311,2019103594,8,レッドアヴァンティ,1,2024,0.540757715702,0.584444642067,0.585820138454
2024-06-15,202402010311,2020102140,9,アンビバレント,0,2024,0.079557642341,0.064378008246,0.067246377468
2024-06-15,202402010311,2019102436,10,ミズノコキュウ,0,2024,0.158350333571,0.169713616371,0.178014084697
2024-06-15,202402010311,2020100686,11,ジョリダム,0,2024,0.130292668939,0.128179624677,0.165167078376
2024-06-15,202402010311,2020104088,12,ランドオブラヴ,0,2024,0.416478157043,0.432302325964,0.501307427883
2024-06-16,202402010402,2021103218,2,モリエヌス,0,2024,0.110021859407,0.101167321205,0.100860916078
2024-06-16,202402010402,2021100698,3,ヴィーケン,0,2024,0.354847043753,0.369875192642,0.273765563965
2024-06-16,202402010402,2021106692,5,ヘキルリ,1,2024,0.196479305625,0.169477984309,0.145066827536
2024-06-16,202402010402,2021105205,6,レッドマーレ,0,2024,0.069414190948,0.064104646444,0.061820045114
2024-06-16,202402010402,2021104627,7,モズマサニャン,0,2024,0.685162782669,0.643437743187,0.629677116871
2024-06-16,202402010402,2021106638,8,シンデレラタイム,0,2024,0.194621771574,0.178079932928,0.147057935596
2024-06-16,202402010402,2021103785,10,ノブアンドホワイト,0,2024,0.150711059570,0.149784073234,0.144221022725
2024-06-16,202402010402,2021106729,12,シームレス,0,2024,0.183242529631,0.192648008466,0.237808197737
2024-06-16,202402010402,2021101769,13,ドレッド,0,2024,0.591615319252,0.620589613914,0.675809860229
2024-06-16,202402010402,2021105303,16,ラインメジャー,0,2024,0.056758582592,0.051145493984,0.053425088525
2024-06-16,202402010408,2019101446,1,ワンリオン,0,2024,0.232682242990,0.214882284403,0.209191843867
2024-06-16,202402010408,2021102718,2,ノボリショウリュウ,0,2024,0.098938256502,0.057148493826,0.097359091043
2024-06-16,202402010408,2020103844,3,フリントロック,0,2024,0.131089702249,0.116832487285,0.128511101007
2024-06-16,202402010408,2020103530,4,イコノスタシス,0,2024,0.315038472414,0.304153382778,0.287358820438
2024-06-16,202402010408,2020100342,5,メージャーテソーロ,0,2024,0.100561156869,0.100716181099,0.103658497334
2024-06-16,202402010408,2018106145,6,アコルダール,0,2024,0.079219296575,0.082192987204,0.109249360859
2024-06-16,202402010408,2021100522,7,ジョーメッドヴィン,1,2024,0.472646087408,0.504895806313,0.553348243237
2024-06-16,202402010408,2021100198,8,ホークレア,1,2024,0.320560395718,0.392447084188,0.428917199373
2024-06-16,202402010408,2021103039,9,ゴーインマイウェイ,0,2024,0.398188114166,0.418096661568,0.444280982018
2024-06-16,202402010408,2020102592,10,アフトクラーティラ,0,2024,0.100666306913,0.098049610853,0.078511029482
2024-06-16,202402010408,2021106854,11,ハピアーザンエバー,0,2024,0.157087743282,0.134306162596,0.156508982182
2024-06-16,202402010408,2019106183,12,カフェクロニクル,0,2024,0.253357470036,0.215189933777,0.198222026229
2024-06-16,202402010408,2020103632,13,スイミーユニバンス,1,2024,0.182830095291,0.129239946604,0.140546008945
2024-06-16,202402010408,2020102321,14,テーオーヴァイナー,0,2024,0.034235984087,0.026916144416,0.042187623680
2024-06-16,202402010411,2020102971,1,サトノグレイト,0,2024,0.401964724064,0.406838834286,0.374883025885
2024-06-16,202402010411,2018103296,2,サニーオーシャン,0,2024,0.075456321239,0.071551181376,0.069077335298
2024-06-16,202402010411,2020100443,3,エイシンエイト,1,2024,0.193127855659,0.222334265709,0.229354411364
2024-06-16,202402010411,2019102041,4,アドヴァイス,0,2024,0.139889642596,0.112851455808,0.101364880800
2024-06-16,202402010411,2020105365,5,ドーバーホーク,1,2024,0.237964808941,0.280156940222,0.317541718483
2024-06-16,202402010411,2019102240,6,マメコ,1,2024,0.304306179285,0.264569669962,0.301982939243
2024-06-16,202402010411,2020101262,7,エコロレジーナ,0,2024,0.129950359464,0.137741208076,0.173154264688
2024-06-16,202402010411,2019109094,8,ブッシュガーデン,0,2024,0.111199319363,0.115886829793,0.110946357250
2024-06-16,202402010411,2020103482,9,スカイロケット,0,2024,0.324630260468,0.348942518234,0.321490764618
2024-06-16,202402010411,2021100210,10,ドナベティ,0,2024,0.354679703712,0.417925864458,0.514726936817
2024-06-16,202402010411,2019104525,11,ラキエータ,0,2024,0.204594269395,0.231787800789,0.234051242471
2024-06-16,202402010411,2018102649,12,タツリュウオー,0,2024,0.076559834182,0.063290782273,0.074566125870
2024-06-16,202402010411,2019103010,13,オードゥメール,0,2024,0.261261075735,0.254285424948,0.277164399624
2024-06-16,202402010411,2019105146,14,ジャスティンエース,0,2024,0.159392669797,0.137550458312,0.117991477251
2024-06-16,202402010411,2018104894,15,トーセンアラン,0,2024,0.015419832431,0.012273841538,0.018501210958
2024-06-16,202402010411,2017100403,16,プライムライン,0,2024,0.061239976436,0.077896170318,0.077805027366
2024-06-16,202402010412,2021101279,1,シャインヴィーナス,0,2024,0.278454631567,0.275824040174,0.284017384052
2024-06-16,202402010412,2021100243,2,セイウンティーダ,0,2024,0.275377511978,0.264790117741,0.286126077175
2024-06-16,202402010412,2019105533,3,ラリベラ,1,2024,0.094049498439,0.064886540174,0.066045723855
2024-06-16,202402010412,2020106888,4,レターマイハート,0,2024,0.074713319540,0.059797093272,0.078275255859
2024-06-16,202402010412,2019106179,5,ハートホイップ,0,2024,0.267390877008,0.251320183277,0.257139950991
2024-06-16,202402010412,2021105821,6,サンディブロンド,0,2024,0.132584705949,0.148055776954,0.150053828955
2024-06-16,202402010412,2021105543,7,コートリーバウ,0,2024,0.111808463931,0.079959385097,0.100824177265
2024-06-16,202402010412,2019100548,8,タガノミア,0,2024,0.320051968098,0.329184204340,0.279577642679
2024-06-16,202402010412,2019101765,9,ビッグパレード,0,2024,0.037624541670,0.035123873502,0.026774799451
2024-06-16,202402010412,2019103517,10,ディージェーサン,0,2024,0.228200688958,0.164244443178,0.196339696646
2024-06-16,202402010412,2019101133,11,ソングフォーユー,0,2024,0.109489575028,0.105080500245,0.095108263195
2024-06-16,202402010412,2021105619,12,スミレファースト,1,2024,0.300095021725,0.259379506111,0.290912538767
2024-06-16,202402010412,2021105202,14,ポエットリー,1,2024,0.471294164658,0.401680529118,0.385652631521
2024-06-22,202402010503,2021105714,1,キアロヴェローチェ,1,2024,0.298192292452,0.265803337097,0.197938844562
2024-06-22,202402010503,2021101595,2,ヴィヴァクラウン,1,2024,0.550580263138,0.539676070213,0.526688337326
2024-06-22,202402010503,2021101427,3,ガーデンプランナー,0,2024,0.282652765512,0.260329991579,0.196608066559
2024-06-22,202402010503,2021102277,4,ポトマックテソーロ,0,2024,0.471170544624,0.442976593971,0.425640136003
2024-06-22,202402010503,2021102401,5,グランテレーズ,1,2024,0.407946377993,0.389765441418,0.379809647799
2024-06-22,202402010503,2021101064,6,ノイヤー,0,2024,0.237357020378,0.256602942944,0.244541540742
2024-06-22,202402010503,2021106638,7,シンデレラタイム,0,2024,0.138714745641,0.124015718699,0.106270216405
2024-06-22,202402010503,2021105487,8,カウネウス,0,2024,0.162339106202,0.176406726241,0.159703716636
2024-06-22,202402010503,2021100016,9,ポリトナリティー,0,2024,0.104614727199,0.080774836242,0.106171354651
2024-06-22,202402010503,2021101097,10,キタノワイオリ,0,2024,0.037984762341,0.031144218519,0.039782963693
2024-06-22,202402010503,2021100698,11,ヴィーケン,0,2024,0.242938667536,0.241565123200,0.191224485636
2024-06-22,202402010503,2021105696,12,ステイチューンド,0,2024,0.254694938660,0.245878696442,0.219575658441
2024-06-22,202402010503,2021103053,13,ミラルージュ,0,2024,0.037899527699,0.029748696834,0.028189990669
2024-06-22,202402010503,2021106050,14,フィローシャ,0,2024,0.109142720699,0.095949418843,0.102375276387
2024-06-22,202402010503,2021107133,15,オーヴァーザトップ,0,2024,0.148955687881,0.171956986189,0.155675873160
2024-06-22,202402010503,2021101769,16,ドレッド,0,2024,0.458807051182,0.455509781837,0.464468002319
2024-06-22,202402010511,2018100394,1,サトノラムセス,0,2024,0.138890489936,0.115457803011,0.095264934003
2024-06-22,202402010511,2018105366,2,レッドベルオーブ,0,2024,0.038286816329,0.026388673112,0.033296763897
2024-06-22,202402010511,2020105574,3,ラビュリントス,0,2024,0.047271132469,0.040051519871,0.033787559718
2024-06-22,202402010511,2020110155,4,レイベリング,0,2024,0.308673650026,0.323067754507,0.313962996006
2024-06-22,202402010511,2019105459,5,ソウテン,0,2024,0.117833971977,0.117116019130,0.130385398865
2024-06-22,202402010511,2019100765,6,コムストックロード,1,2024,0.089039660990,0.090348631144,0.108365587890
2024-06-22,202402010511,2020103589,7,ブトンドール,0,2024,0.148766428232,0.145154476166,0.147318378091
2024-06-22,202402010511,2019102273,8,モリノドリーム,1,2024,0.317676573992,0.343756973743,0.324179083109
2024-06-22,202402010511,2020103434,9,カルロヴェローチェ,0,2024,0.097724810243,0.094632633030,0.092323966324
2024-06-22,202402010511,2018103515,10,カンティーユ,1,2024,0.400394588709,0.378503024578,0.459311991930
2024-06-22,202402010511,2019102576,11,クリノマジン,0,2024,0.151938244700,0.150239139795,0.185961812735
2024-06-22,202402010511,2019102240,12,マメコ,0,2024,0.452350586653,0.380116403103,0.326306968927
2024-06-22,202402010511,2018104347,13,ユキノファラオ,0,2024,0.169267505407,0.167594298720,0.145483538508
2024-06-22,202402010511,2020100896,14,ビッグシーザー,0,2024,0.508039474487,0.519000172615,0.485346347094
2024-06-22,202402010511,2019100153,15,カワキタレブリー,0,2024,0.145583003759,0.137562632561,0.134348139167
2024-06-22,202402010511,2016102534,16,イーサンパンサー,0,2024,0.038022961468,0.034810613841,0.020093329251
2024-06-23,202402010601,2021104839,2,プレアデスグループ,1,2024,0.616906523705,0.616805434227,0.587164700031
2024-06-23,202402010601,2021103917,3,ミルキーメモリー,0,2024,0.073379509151,0.059507191181,0.039359148592
2024-06-23,202402010601,2021101206,4,ラーリア,1,2024,0.478690117598,0.488759696484,0.425447970629
2024-06-23,202402010601,2021103941,5,ジャヴァネ,0,2024,0.130373880267,0.115146495402,0.125599786639
2024-06-23,202402010601,2021103277,6,メイショウマサユメ,0,2024,0.256899148226,0.232825040817,0.236718401313
2024-06-23,202402010601,2021105263,7,バニーホップ,0,2024,0.177145168185,0.165159806609,0.168741747737
2024-06-23,202402010601,2021106347,8,ピクラリーダ,0,2024,0.073179922998,0.086189649999,0.101542972028
2024-06-23,202402010601,2021105682,9,ハイボーン,0,2024,0.482869327068,0.547053754330,0.499445468187
2024-06-23,202402010601,2021105937,12,プレシャスシル,0,2024,0.028053075075,0.023340838030,0.023664183915
2024-06-23,202402010601,2021103025,13,シナモンデイジー,0,2024,0.075380623341,0.078059546649,0.045347072184
2024-06-23,202402010601,2021104315,14,レターフロムパリ,0,2024,0.170267760754,0.210140734911,0.211334571242
2024-06-23,202402010601,2021102686,15,ニシノシャミナード,0,2024,0.404886990786,0.378894954920,0.419673055410
2024-06-23,202402010601,2021103228,16,ドゥザキャッチ,0,2024,0.122934214771,0.141542509198,0.143053948879
2024-06-23,202402010610,2019101679,1,ヴィアドロローサ,0,2024,0.346172988415,0.358986765146,0.353805840015
2024-06-23,202402010610,2021106939,2,タイセイフェスタ,0,2024,0.200981974602,0.209385767579,0.261182725430
2024-06-23,202402010610,2019102938,3,ニシノレバンテ,0,2024,0.157711625099,0.170879095793,0.113773703575
2024-06-23,202402010610,2019100772,4,ポルタフォルトゥナ,0,2024,0.494365304708,0.459991037846,0.458998054266
2024-06-23,202402010610,2019106700,5,ヒロノゴウカイ,0,2024,0.121208310127,0.088187955320,0.122021399438
2024-06-23,202402010610,2019104868,6,ブルトンクール,0,2024,0.055051360279,0.053776431829,0.050640113652
2024-06-23,202402010610,2020103356,7,クファシル,1,2024,0.290174484253,0.301238626242,0.282111585140
2024-06-23,202402010610,2020106623,8,ゴキゲンサン,0,2024,0.175778195262,0.176774129272,0.198926255107
2024-06-23,202402010610,2018100097,9,スマートルシーダ,0,2024,0.223547533154,0.247795000672,0.218565091491
2024-06-23,202402010610,2019105915,10,グッドグロウス,0,2024,0.095907501876,0.087567687035,0.088781997561
2024-06-23,202402010610,2020102568,11,ワイアウ,0,2024,0.151003718376,0.147417888045,0.132842302322
2024-06-23,202402010610,2019104386,12,トーセンサンダー,1,2024,0.404993355274,0.395589113235,0.412720263004
2024-06-23,202402010610,2020100151,13,スクルプトーリス,1,2024,0.222681835294,0.227137729526,0.220445677638
2024-06-23,202402010612,2019101133,1,ソングフォーユー,0,2024,0.294070750475,0.297824949026,0.316962867975
2024-06-23,202402010612,2018106145,2,アコルダール,1,2024,0.150546789169,0.152178362012,0.241522401571
2024-06-23,202402010612,2019102510,3,アップフルーク,0,2024,0.133684411645,0.091488920152,0.107198491693
2024-06-23,202402010612,2021103325,4,カレンナオトメ,0,2024,0.494147926569,0.495804071426,0.443051218987
2024-06-23,202402010612,2021103039,5,ゴーインマイウェイ,0,2024,0.561715543270,0.588461875916,0.683387160301
2024-06-23,202402010612,2020104616,6,パクスロマーナ,0,2024,0.058109786361,0.076881408691,0.095386736095
2024-06-23,202402010612,2020102088,7,イテマエダセン,0,2024,0.039058350027,0.034449107945,0.044343821704
2024-06-23,202402010612,2021106594,8,ヤマニンアストロン,1,2024,0.557682394981,0.521889984608,0.525728344917
2024-06-23,202402010612,2019106179,9,ハートホイップ,1,2024,0.362133502960,0.373604446650,0.384051859379
2024-06-29,202402010709,2019101643,1,バシレウスシチー,1,2024,0.480591088533,0.491834998131,0.441504746675
2024-06-29,202402010709,2020103844,3,フリントロック,0,2024,0.260318815708,0.234190151095,0.224237829447
2024-06-29,202402010709,2020100906,4,フライングブレード,0,2024,0.427571892738,0.426770240068,0.494356960058
2024-06-29,202402010709,2019103517,5,ディージェーサン,0,2024,0.230218455195,0.217045843601,0.233004927635
2024-06-29,202402010709,2019101765,6,ビッグパレード,1,2024,0.062572412193,0.065504081547,0.061482742429
2024-06-29,202402010709,2021104928,7,トラペジスト,0,2024,0.444094806910,0.417699456215,0.431471347809
2024-06-29,202402010709,2021100243,8,セイウンティーダ,0,2024,0.244313448668,0.262115448713,0.224749028683
2024-06-29,202402010709,2021103092,9,ナムラローズマリー,1,2024,0.567573368549,0.573967516422,0.640006422997
2024-06-29,202402010709,2020102646,10,クラックオブドーン,0,2024,0.060258895159,0.062395628542,0.044970925897
2024-06-29,202402010709,2020102321,11,テーオーヴァイナー,0,2024,0.079831548035,0.064241901040,0.030758656561
2024-06-29,202402010711,2019106682,1,ロックユアハート,0,2024,0.043851174414,0.033663246781,0.033857628703
2024-06-29,202402010711,2018103296,2,サニーオーシャン,0,2024,0.049488686025,0.030607871711,0.028883142397
2024-06-29,202402010711,2020102630,3,アルーリングビュー,0,2024,0.285922110081,0.339505136013,0.375366151333
2024-06-29,202402010711,2018104559,4,ナリタローゼ,0,2024,0.241879686713,0.231000974774,0.237372413278
2024-06-29,202402010711,2019105760,5,シュヴェルトライテ,0,2024,0.145018860698,0.135725796223,0.115571938455
2024-06-29,202402010711,2020106406,6,クリダーム,0,2024,0.160193026066,0.187553018332,0.212213292718
2024-06-29,202402010711,2020100443,7,エイシンエイト,0,2024,0.211801737547,0.211819306016,0.223513588309
2024-06-29,202402010711,2020110114,8,スリーアイランド,0,2024,0.184270754457,0.188226699829,0.194846361876
2024-06-29,202402010711,2019105452,9,ミッキーハーモニー,1,2024,0.220358580351,0.232081085443,0.226049929857
2024-06-29,202402010711,2020105365,10,ドーバーホーク,0,2024,0.282602459192,0.306595981121,0.288389474154
2024-06-29,202402010711,2019104697,11,ショウナンマッハ,0,2024,0.153301596642,0.146993041039,0.178485378623
2024-06-29,202402010711,2019103594,12,レッドアヴァンティ,1,2024,0.495525985956,0.459051311016,0.447311401367
2024-06-29,202402010711,2020106706,13,タリア,0,2024,0.104980781674,0.098778702319,0.100003451109
2024-06-29,202402010711,2019100751,14,マイネルレノン,0,2024,0.158964067698,0.155318260193,0.166980549693
2024-06-29,202402010711,2020100105,15,エイシンフェンサー,1,2024,0.170465424657,0.179734498262,0.224951282144
2024-06-29,202402010711,2018100693,16,ブルーシンフォニー,0,2024,0.125576078892,0.133329972625,0.128824472427
2024-06-29,202403020111,2020102299,1,アシャカタカ,0,2024,0.396775096655,0.402464598417,0.467345982790
2024-06-29,202403020111,2019109094,2,ブッシュガーデン,0,2024,0.130643069744,0.119934052229,0.130388051271
2024-06-29,202403020111,2018102281,3,キタノエクスプレス,1,2024,0.504626154900,0.529476165771,0.497731775045
2024-06-29,202403020111,2019105555,4,ヴェールアンレーヴ,0,2024,0.121663831174,0.142631694674,0.096609868109
2024-06-29,202403020111,2019107075,6,ブランデーロック,0,2024,0.079322591424,0.078076265752,0.063781820238
2024-06-29,202403020111,2020101792,7,プロスペリダード,0,2024,0.389673888683,0.371488124132,0.420780301094
2024-06-29,202403020111,2019101626,8,ピンクマクフィー,1,2024,0.242986157537,0.261550873518,0.266282260418
2024-06-29,202403020111,2019100214,9,ウインモナーク,0,2024,0.301817655563,0.307280480862,0.306202381849
2024-06-29,202403020111,2017102838,10,ハーモニーマゼラン,0,2024,0.083485238254,0.092527158558,0.081732138991
2024-06-29,202403020111,2018106552,11,メイショウフンケイ,0,2024,0.121822163463,0.127959236503,0.125610217452
2024-06-29,202403020111,2020101262,12,エコロレジーナ,1,2024,0.158853456378,0.139159306884,0.114006802440
2024-06-29,202403020111,2018100025,13,シゲルカチョウ,0,2024,0.148116260767,0.152829319239,0.151634857059
2024-06-29,202403020111,2019102786,14,ウォータールグラン,0,2024,0.128648087382,0.100038282573,0.081964068115
2024-06-29,202410030103,2021105223,1,ルージュレイナス,0,2024,0.214126110077,0.198636218905,0.160291343927
2024-06-29,202410030103,2021104671,2,ミライハーモニー,0,2024,0.426343202591,0.485725194216,0.593641817570
2024-06-29,202410030103,2021100297,3,ブルボンクイーン,1,2024,0.415597170591,0.475767761469,0.513970613480
2024-06-29,202410030103,2021109059,4,クリノラリマール,0,2024,0.087768658996,0.075261846185,0.067402973771
2024-06-29,202410030103,2021101766,5,ソルトロック,0,2024,0.172772765160,0.193445295095,0.173929929733
2024-06-29,202410030103,2021103982,7,ダイメイイチョウ,0,2024,0.160411536694,0.158468112350,0.148115694523
2024-06-29,202410030103,2021103279,9,メイショウツバメ,0,2024,0.047257881612,0.067176394165,0.061893213540
2024-06-29,202410030103,2021100233,10,テーオーサファイア,0,2024,0.088749036193,0.086956098676,0.078737258911
2024-06-29,202410030103,2021106019,11,キルケロッソ,0,2024,0.205630198121,0.192139774561,0.191782146692
2024-06-29,202410030103,2021101604,12,マクッテソフィア,0,2024,0.165576234460,0.178295686841,0.203993037343
2024-06-29,202410030103,2021105563,13,シャドフ,1,2024,0.385849237442,0.377276003361,0.366648644209
2024-06-29,202410030103,2021102082,14,ルクスリーベン,0,2024,0.032666284591,0.021284397691,0.028119163588
2024-06-29,202410030103,2021104853,15,サクセスカノン,1,2024,0.043784525245,0.043442744762,0.057874329388
2024-06-29,202410030103,2021103933,16,スマートレイヴ,0,2024,0.183277159929,0.171777904034,0.196881040931
2024-06-29,202410030103,2021100401,18,ニシノミニョンヌ,0,2024,0.104221604764,0.095286577940,0.112061373889
2024-06-29,202410030112,2019102062,1,ハルカナネガイ,0,2024,0.058718115091,0.062658071518,0.033983618021
2024-06-29,202410030112,2019106028,2,ピースキーパー,0,2024,0.129137560725,0.145608097315,0.108971551061
2024-06-29,202410030112,2021103299,3,シアター,0,2024,0.616246879101,0.600259661674,0.671626150608
2024-06-29,202410030112,2018103200,4,バーニングパワー,0,2024,0.148687377572,0.147623687983,0.139073953032
2024-06-29,202410030112,2020103979,5,モカラエース,0,2024,0.119063265622,0.087949618697,0.110415637493
2024-06-29,202410030112,2020102591,6,メリオルヴィータ,0,2024,0.042338006198,0.035838909447,0.029748069122
2024-06-29,202410030112,2020101872,7,デイトナモード,1,2024,0.564361333847,0.535823166370,0.460048645735
2024-06-29,202410030112,2021105537,8,ビダーヤ,1,2024,0.685371935368,0.700506091118,0.675942838192
2024-06-29,202410030112,2021102561,9,キーウェーブ,0,2024,0.299024045467,0.313514292240,0.289836913347
2024-06-29,202410030112,2020102271,10,コスモグングニール,1,2024,0.280934363604,0.265382349491,0.299193918705
2024-06-29,202410030112,2020101597,11,サンライズタイソン,0,2024,0.274724125862,0.335293948650,0.354415327311
2024-06-30,202402010803,2021100146,1,セントオブシン,0,2024,0.062957189977,0.053728360683,0.051273275167
2024-06-30,202402010803,2021101100,2,ルクスアドラー,1,2024,0.290170103312,0.346570461988,0.323120981455
2024-06-30,202402010803,2021103052,3,サニイアール,1,2024,0.362779378891,0.366935193539,0.381540745497
2024-06-30,202402010803,2021101357,5,ライズタイガ,0,2024,0.158166378736,0.159909039736,0.111583732069
2024-06-30,202402010803,2021106806,6,コスモバシレウス,0,2024,0.212950542569,0.223992288113,0.181487694383
2024-06-30,202402010803,2021110020,7,ロジカルワーズ,0,2024,0.543450415134,0.517391800880,0.491377264261
2024-06-30,202402010803,2021101245,8,カチヌキマリコ,0,2024,0.220381423831,0.251508235931,0.266289055347
2024-06-30,202402010803,2021105714,9,キアロヴェローチェ,0,2024,0.421550899744,0.380108386278,0.352971404791
2024-06-30,202402010803,2021100775,10,ナリタマフディー,0,2024,0.155248075724,0.132083356380,0.113494925201
2024-06-30,202402010803,2021101617,11,クーリッジテソーロ,0,2024,0.142110556364,0.139229267836,0.156646504998
2024-06-30,202402010803,2021104037,13,テリオスソラ,0,2024,0.201708883047,0.195152997971,0.163129106164
2024-06-30,202402010803,2021105827,14,フェアアイル,1,2024,0.117074593902,0.095131054521,0.096093975008
2024-06-30,202402010803,2021103218,15,モリエヌス,0,2024,0.102836817503,0.093079678714,0.123930610716
2024-06-30,202402010803,2021100718,16,テキーラワルツ,0,2024,0.159656718373,0.173607975245,0.174412444234
2024-06-30,202402010810,2021105606,1,オウバイトウリ,1,2024,0.323883652687,0.356929540634,0.372994840145
2024-06-30,202402010810,2020104088,2,ランドオブラヴ,1,2024,0.315122425556,0.313692539930,0.280708521605
2024-06-30,202402010810,2020106987,3,スムースベルベット,0,2024,0.117210060358,0.133790284395,0.140793740749
2024-06-30,202402010810,2020103634,4,ミスヨコハマ,0,2024,0.245030686259,0.247658312321,0.267741650343
2024-06-30,202402010810,2019101262,6,ショウナンアメリア,0,2024,0.151639893651,0.177411928773,0.149771556258
2024-06-30,202402010810,2020100151,7,スクルプトーリス,0,2024,0.225421145558,0.205115988851,0.219897419214
2024-06-30,202402010810,2020103632,8,スイミーユニバンス,0,2024,0.309605985880,0.247805193067,0.203249111772
2024-06-30,202402010810,2019104868,9,ブルトンクール,0,2024,0.053068138659,0.057939097285,0.056639198214
2024-06-30,202402010810,2018103620,10,ロゼクラン,0,2024,0.152625545859,0.153762817383,0.146514564753
2024-06-30,202402010810,2019105141,11,ヴァンルーラー,0,2024,0.042980328202,0.037090033293,0.039681717753
2024-06-30,202402010810,2019100772,12,ポルタフォルトゥナ,0,2024,0.319929689169,0.315365552902,0.251730799675
2024-06-30,202402010810,2020100686,13,ジョリダム,1,2024,0.099182523787,0.102982394397,0.109098479152
2024-06-30,202402010810,2018106455,14,メイショウハボタン,0,2024,0.209728881717,0.197180554271,0.181310653687
2024-06-30,202402010810,2021104461,15,ガビーズシスター,0,2024,0.239558130503,0.225789353251,0.243675753474
2024-06-30,202402010810,2020103255,16,トゥーテイルズ,0,2024,0.028743430972,0.020845161751,0.027417134494
2024-06-30,202403020203,2021104490,1,エクセルゴールド,1,2024,0.343265742064,0.351157546043,0.331792473793
2024-06-30,202403020203,2021102854,3,ノーブルウィスパー,1,2024,0.284432113171,0.302699983120,0.260930180550
2024-06-30,202403020203,2021100485,4,ランドエース,0,2024,0.091214805841,0.096484698355,0.059084132314
2024-06-30,202403020203,2021106551,11,ダイシンネイビー,1,2024,0.492481350899,0.481764465570,0.384504258633
2024-06-30,202403020203,2021107054,12,ガラクシア,0,2024,0.267812103033,0.251023560762,0.230179011822
2024-06-30,202403020203,2021106632,14,グエンフィヴァル,0,2024,0.208909973502,0.218135669827,0.225378990173
2024-06-30,202403020203,2021101275,15,テートモダン,0,2024,0.511508166790,0.517491281033,0.542526900768
2024-06-30,202403020209,2018100406,1,ヴィントミューレ,1,2024,0.262804359198,0.274183243513,0.369460046291
2024-06-30,202403020209,2020103218,2,フミサウンド,1,2024,0.402642458677,0.398577839136,0.413924634457
2024-06-30,202403020209,2021106440,3,アララララ,0,2024,0.576562583447,0.597723722458,0.631975531578
2024-06-30,202403020209,2021110021,4,スピリットガイド,0,2024,0.345489263535,0.331387519836,0.426038503647
2024-06-30,202403020209,2020100272,5,ニーナブランド,0,2024,0.108252644539,0.121187463403,0.123891025782
2024-06-30,202403020209,2019100755,6,アラクレ,0,2024,0.129788041115,0.154864653945,0.181485921144
2024-06-30,202403020209,2020101195,7,ゴルトリッチ,0,2024,0.384097278118,0.397887736559,0.502017974854
2024-06-30,202403020209,2019102436,8,ミズノコキュウ,1,2024,0.113257110119,0.149788171053,0.177485957742
2024-06-30,202403020212,2020106585,1,ヴォンヌヴォー,0,2024,0.046652395278,0.046486176550,0.045203212649
2024-06-30,202403020212,2021104665,2,レザンノワール,1,2024,0.103639073670,0.108634606004,0.124769277871
2024-06-30,202403020212,2021106724,3,チェルシー,0,2024,0.193017095327,0.215095803142,0.165071055293
2024-06-30,202403020212,2020104545,4,スマートメイプル,0,2024,0.142504125834,0.133868858218,0.122965380549
2024-06-30,202403020212,2020102938,5,ダルタニアン,0,2024,0.193843364716,0.200285628438,0.149991363287
2024-06-30,202403020212,2020103121,6,ダノンゴーイチ,0,2024,0.152359247208,0.152109697461,0.129196181893
2024-06-30,202403020212,2020103962,7,ステークホルダー,1,2024,0.336812019348,0.340072572231,0.391875743866
2024-06-30,202403020212,2021105833,8,カリーシ,0,2024,0.497567683458,0.482041627169,0.565252304077
2024-06-30,202403020212,2021101930,9,ライングッドマン,0,2024,0.168174996972,0.162457183003,0.161094680429
2024-06-30,202403020212,2021101394,10,モンレーヴ,0,2024,0.147361963987,0.130177155137,0.133858561516
2024-06-30,202403020212,2020106976,11,クレイプマートル,0,2024,0.025243774056,0.021893911064,0.019757578149
2024-06-30,202403020212,2018105357,12,ラピカズマ,0,2024,0.192657217383,0.204321324825,0.203252151608
2024-06-30,202403020212,2021100338,13,テセラリアン,1,2024,0.285075455904,0.244739875197,0.304575830698
2024-06-30,202403020212,2018101804,14,グローリアスカペラ,0,2024,0.057177200913,0.054203875363,0.062008213252
2024-06-30,202403020212,2020104501,15,ブラウンウェーブ,0,2024,0.233878806233,0.182983070612,0.151577308774
2024-06-30,202403020212,2020101956,16,ジェイエルトランス,0,2024,0.062819145620,0.056411594152,0.059216730297
2024-06-30,202410030202,2021105098,2,ディーエストッキー,1,2024,0.428806990385,0.496620297432,0.519998192787
2024-06-30,202410030202,2021100710,3,カネトシショウカ,1,2024,0.213465139270,0.232610881329,0.232936650515
2024-06-30,202410030202,2021104806,4,レオナルドスター,0,2024,0.339961320162,0.365103691816,0.341674119234
2024-06-30,202410030202,2021102592,6,スピークイージー,0,2024,0.481895655394,0.563201248646,0.521480023861
2024-06-30,202410030202,2021102875,7,イズジョーゴモリー,0,2024,0.095972083509,0.111763752997,0.129238069057
2024-06-30,202410030202,2021101528,9,クイーンカナロア,0,2024,0.178182169795,0.183636307716,0.171199664474
2024-06-30,202410030202,2021100883,10,ハクサンクリスタル,0,2024,0.230329051614,0.254268020391,0.252172261477
2024-06-30,202410030202,2021105267,11,ラボニータ,0,2024,0.173138514161,0.183888882399,0.168043777347
2024-06-30,202410030202,2021100164,12,ギフトフォーユー,0,2024,0.020755747333,0.023686973378,0.026969086379
2024-06-30,202410030202,2021104529,13,カシノシャンデリア,0,2024,0.021742617711,0.024804232642,0.023554194719
2024-06-30,202410030202,2021102545,16,オーシンピーチ,0,2024,0.106651835144,0.094155430794,0.127095982432
2024-06-30,202410030202,2021101605,17,エルプロフェッサー,1,2024,0.261456340551,0.252688169479,0.287255555391
2024-06-30,202410030202,2021100744,18,ファストチアフル,0,2024,0.032185610384,0.032062698156,0.033506028354
2024-06-30,202410030208,2018100772,1,ハイライフ,0,2024,0.035073246807,0.033106289804,0.028870096430
2024-06-30,202410030208,2021106615,2,キャンシーエンゼル,1,2024,0.306591361761,0.361803174019,0.351830124855
2024-06-30,202410030208,2020100236,3,ニシノトキメキ,0,2024,0.123231805861,0.139981389046,0.165692329407
2024-06-30,202410030208,2021102433,4,アートフォーム,0,2024,0.141657799482,0.153128489852,0.206752851605
2024-06-30,202410030208,2020102537,5,チカポコ,0,2024,0.089917398989,0.088740050793,0.073446534574
2024-06-30,202410030208,2021105358,6,アスティスプマンテ,0,2024,0.359185278416,0.372168511152,0.407628417015
2024-06-30,202410030208,2021104404,7,シュークリーム,0,2024,0.113208957016,0.139798730612,0.125167980790
2024-06-30,202410030208,2020106821,8,ピースフルナイト,0,2024,0.137418210506,0.147783115506,0.134223029017
2024-06-30,202410030208,2020100500,9,ヴィエンヌ,0,2024,0.166795879602,0.178913742304,0.195993348956
2024-06-30,202410030208,2021107063,10,イツモニコニコ,0,2024,0.348007261753,0.322686910629,0.290139645338
2024-06-30,202410030208,2020103084,11,マサハヤヴァンス,0,2024,0.009585081600,0.008700064383,0.012018997222
2024-06-30,202410030208,2021106586,12,ラブカムーン,0,2024,0.185554474592,0.223155543208,0.237766623497
2024-06-30,202410030208,2020103274,13,ロンシャンクイーン,0,2024,0.099844984710,0.103293225169,0.114352621138
2024-06-30,202410030208,2020101229,14,レディメローラ,0,2024,0.123868696392,0.126737371087,0.106533631682
2024-06-30,202410030208,2020101517,15,ソノママソノママ,1,2024,0.081839546561,0.081424497068,0.080166421831
2024-06-30,202410030208,2021109123,16,ユメカナウケン,0,2024,0.148913308978,0.131230577826,0.155905589461
2024-06-30,202410030208,2020103448,17,スマートジェイナ,1,2024,0.288604766130,0.269448727369,0.233842089772
2024-06-30,202410030211,2017100583,1,ディヴィナシオン,0,2024,0.038825508207,0.032840710133,0.037832826376
2024-06-30,202410030211,2019103422,2,テイエムスパーダ,0,2024,0.075860217214,0.049906779081,0.063345529139
2024-06-30,202410030211,2019105505,3,サーマルウインド,0,2024,0.313313931227,0.307744234800,0.283776581287
2024-06-30,202410030211,2020101543,4,グランテスト,0,2024,0.290645986795,0.312975496054,0.333904027939
2024-06-30,202410030211,2019103714,5,メイショウソラフネ,0,2024,0.207573533058,0.209596082568,0.211578100920
2024-06-30,202410030211,2020110040,6,ヤクシマ,0,2024,0.059224221855,0.057815104723,0.052889522165
2024-06-30,202410030211,2020102764,7,モズメイメイ,1,2024,0.075343407691,0.067683227360,0.091373808682
2024-06-30,202410030211,2015104364,8,トゥラヴェスーラ,0,2024,0.074183985591,0.057580575347,0.073477208614
2024-06-30,202410030211,2021102320,9,ペアポルックス,0,2024,0.405967503786,0.388851374388,0.431081086397
2024-06-30,202410030211,2019102979,10,エイシンスポッター,0,2024,0.221053868532,0.239025071263,0.187772572041
2024-06-30,202410030211,2019110107,11,ジャスパークローネ,0,2024,0.284877717495,0.315471559763,0.314166247845
2024-06-30,202410030211,2021107058,12,ピューロマジック,1,2024,0.337781012058,0.323311686516,0.318556755781
2024-06-30,202410030211,2020101503,13,カンチェンジュンガ,0,2024,0.184052482247,0.183445587754,0.204642593861
2024-06-30,202410030211,2021102392,14,ナナオ,0,2024,0.342545449734,0.371091425419,0.296455413103
2024-06-30,202410030211,2019110001,15,ショウナンハクラク,0,2024,0.047149054706,0.034028761089,0.037192769349
2024-06-30,202410030211,2018106055,16,ヨシノイースター,1,2024,0.235999450088,0.244037002325,0.265427440405
2024-06-30,202410030211,2018102360,17,メディーヴァル,0,2024,0.033485930413,0.030652251095,0.032496143132
2024-06-30,202410030211,2020101827,18,バースクライ,0,2024,0.224065572023,0.328846752644,0.304318130016
2024-07-06,202402010910,2021105202,1,ポエットリー,1,2024,0.605230271816,0.604130208492,0.595685005188
2024-07-06,202402010910,2018103620,2,ロゼクラン,1,2024,0.179308205843,0.179329812527,0.178360775113
2024-07-06,202402010910,2019103193,3,トリップトゥムーン,0,2024,0.161148384213,0.189673230052,0.188367232680
2024-07-06,202402010910,2020100121,4,イイヒニナル,0,2024,0.138264670968,0.130134329200,0.126939728856
2024-07-06,202402010910,2020104088,5,ランドオブラヴ,1,2024,0.438240200281,0.437629520893,0.452124029398
2024-07-06,202402010910,2020100151,6,スクルプトーリス,0,2024,0.412696927786,0.448042303324,0.434413284063
2024-07-06,202402010910,2018100097,7,スマートルシーダ,0,2024,0.179951533675,0.197590127587,0.161867633462
2024-07-06,202402010910,2019105915,8,グッドグロウス,0,2024,0.088373273611,0.100456595421,0.074125908315
2024-07-06,202402010910,2020103898,9,イグニション,0,2024,0.300024181604,0.289870679379,0.259249776602
2024-07-06,202402010910,2020105484,10,ニシノコウダイ,0,2024,0.530353546143,0.478376954794,0.493601590395
2024-07-06,202402010912,2018100094,1,ナムラシベラ,0,2024,0.138829261065,0.129421889782,0.185308873653
2024-07-06,202402010912,2021106854,2,ハピアーザンエバー,1,2024,0.401785820723,0.399223953485,0.472121089697
2024-07-06,202402010912,2019105533,3,ラリベラ,0,2024,0.460861682892,0.464797943830,0.435471981764
2024-07-06,202402010912,2019101133,4,ソングフォーユー,1,2024,0.409640014172,0.430040359497,0.475591361523
2024-07-06,202402010912,2021103289,5,レディーエンジェル,0,2024,0.187748819590,0.169103235006,0.272323399782
2024-07-06,202402010912,2021105619,6,スミレファースト,1,2024,0.712517082691,0.680703997612,0.706458330154
2024-07-06,202402010912,2020101029,7,アスクメークシェア,0,2024,0.096898511052,0.100332625210,0.121519841254
2024-07-06,202402010912,2021102963,8,フタバ,0,2024,0.150452151895,0.182195305824,0.200350001454
2024-07-06,202403020309,2021103667,1,クオレス,1,2024,0.509516954422,0.492611885071,0.652725100517
2024-07-06,202403020309,2021103981,2,グレートスピリット,0,2024,0.398481875658,0.352794408798,0.306939512491
2024-07-06,202403020309,2021106395,3,ハッピーサプライズ,0,2024,0.113250628114,0.124353170395,0.138988852501
2024-07-06,202403020309,2020100406,4,トクシーカイザー,0,2024,0.434548705816,0.478263407946,0.365289151669
2024-07-06,202403020309,2021102670,5,イサチルシーサイド,1,2024,0.243605747819,0.246931597590,0.304392844439
2024-07-06,202403020309,2019100936,6,ニシノタマユラ,0,2024,0.287299633026,0.326267987490,0.371842265129
2024-07-06,202403020309,2020103578,7,ロッククリーク,0,2024,0.090707696974,0.091327361763,0.094741091132
2024-07-06,202403020309,2020101992,8,ライクアフラワー,1,2024,0.340655803680,0.358743429184,0.443498909473
2024-07-06,202403020309,2020106345,9,ハローマイラブリー,0,2024,0.186821743846,0.209450200200,0.207544654608
2024-07-06,202410030306,2021103211,1,メイショウロージー,0,2024,0.158529996872,0.145797610283,0.151927083731
2024-07-06,202410030306,2021104645,3,アスセナ,0,2024,0.092692486942,0.095083519816,0.094575189054
2024-07-06,202410030306,2021100679,4,ホワイトリバー,0,2024,0.081772319973,0.076647095382,0.054678168148
2024-07-06,202410030306,2021101933,5,レディーズナイト,0,2024,0.184423774481,0.190902590752,0.165254145861
2024-07-06,202410030306,2021101528,8,クイーンカナロア,0,2024,0.121040917933,0.123478502035,0.121982984245
2024-07-06,202410030306,2021103903,9,ヴァシロペス,0,2024,0.328853309155,0.372743725777,0.373948127031
2024-07-06,202410030306,2021104533,10,フォーレ,0,2024,0.199329122901,0.222481027246,0.210611313581
2024-07-06,202410030306,2021106721,11,タイセイタリスマン,1,2024,0.036801576614,0.045206423849,0.054776195437
2024-07-06,202410030306,2021107214,12,ケイティバトラー,0,2024,0.170688703656,0.184829205275,0.130036666989
2024-07-06,202410030306,2021102425,14,モランゴ,0,2024,0.053579110652,0.055858049542,0.044521760195
2024-07-06,202410030306,2021105456,15,メイケイノヴァ,0,2024,0.078241236508,0.067490942776,0.060475319624
2024-07-07,202402011004,2021106729,1,シームレス,0,2024,0.150050312281,0.146280393004,0.168547332287
2024-07-07,202402011004,2021101677,2,ソルレース,1,2024,0.661032199860,0.648343622684,0.645733118057
2024-07-07,202402011004,2021105033,3,カーモス,0,2024,0.193861588836,0.187996119261,0.203259035945
2024-07-07,202402011004,2021103106,4,サイモンモーニング,0,2024,0.078737400472,0.054856169969,0.053544435650
2024-07-07,202402011004,2021105518,5,ヴェラベレッツァ,0,2024,0.043635491282,0.050171822309,0.054855823517
2024-07-07,202402011004,2021101956,6,イロンデル,0,2024,0.102214775980,0.097873225808,0.092910237610
2024-07-07,202402011004,2021100608,7,ビアメントブラスト,0,2024,0.048076428473,0.035458408296,0.059310242534
2024-07-07,202402011004,2021100476,8,ファイツオン,1,2024,0.436021953821,0.415714830160,0.521686911583
2024-07-07,202402011004,2021103004,9,ヒラボクヒーロー,0,2024,0.125954180956,0.124306671321,0.116037562490
2024-07-07,202402011004,2021104920,10,ジーティーポライト,0,2024,0.175538361073,0.163640290499,0.174790829420
2024-07-07,202402011004,2021105659,11,アムールリーベ,1,2024,0.255963861942,0.256357043982,0.290164351463
2024-07-07,202402011004,2021101206,12,ラーリア,0,2024,0.454033434391,0.426487356424,0.431251168251
2024-07-07,202402011004,2021106804,13,グレンノアラシ,0,2024,0.139094710350,0.141869381070,0.105914235115
2024-07-07,202402011004,2021105231,14,ソルセルリ,0,2024,0.103545665741,0.100721582770,0.076448746026
2024-07-07,202402011004,2021101001,15,ファストフィール,0,2024,0.111312076449,0.120482191443,0.116280280054
2024-07-07,202402011004,2021105830,16,ロンフォン,0,2024,0.530652403831,0.498472243547,0.437819570303
2024-07-07,202402011012,2021106666,1,レイニングキャット,0,2024,0.444316148758,0.473001450300,0.452299952507
2024-07-07,202402011012,2020104616,2,パクスロマーナ,1,2024,0.076731458306,0.085571214557,0.092858448625
2024-07-07,202402011012,2020100355,3,ナックブレイブ,0,2024,0.152502596378,0.138725534081,0.175585091114
2024-07-07,202402011012,2020101639,4,ハッピーロンドン,1,2024,0.321693867445,0.386887788773,0.291006267071
2024-07-07,202402011012,2018105814,5,マケルナマサムネ,0,2024,0.075135916471,0.070521317422,0.079601280391
2024-07-07,202402011012,2020106963,6,アンタノバラード,0,2024,0.564137637615,0.541840493679,0.569993734360
2024-07-07,202402011012,2019101446,7,ワンリオン,0,2024,0.423930853605,0.436717331409,0.426782280207
2024-07-07,202402011012,2020104824,8,シンデレラスマイル,1,2024,0.162356853485,0.163554847240,0.185273110867
2024-07-07,202402011012,2021105696,9,ステイチューンド,0,2024,0.271040976048,0.226146727800,0.342634320259
2024-07-07,202403020407,2021103548,2,フォカッチャ,0,2024,0.109918765724,0.117146827281,0.122690752149
2024-07-07,202403020407,2021103133,4,ドンタカーミ,0,2024,0.096200428903,0.101247236133,0.057862274349
2024-07-07,202403020407,2021104540,6,スプレムータ,0,2024,0.298223674297,0.337817072868,0.421261966228
2024-07-07,202403020407,2021103422,7,ジョブックノワ,0,2024,0.117649160326,0.099279068410,0.140304669738
2024-07-07,202403020407,2021103914,8,ビッグポケット,0,2024,0.187070369720,0.162650495768,0.143863707781
2024-07-07,202403020407,2021104033,9,マルジェラ,0,2024,0.071518942714,0.073063336313,0.060941994190
2024-07-07,202403020407,2021106346,11,ハナマツリ,0,2024,0.132035106421,0.140996426344,0.108955048025
2024-07-07,202403020407,2021105533,13,サトノジール,1,2024,0.162268385291,0.142808526754,0.175384417176
2024-07-07,202403020407,2021104049,15,バイデンテソーロ,1,2024,0.338669687510,0.312825471163,0.266411095858
2024-07-07,202403020407,2021106998,16,ニシノレヴィガータ,0,2024,0.117931351066,0.096013322473,0.100970603526
2024-07-07,202410030410,2019105526,1,ミッキーチャレンジ,1,2024,0.290690690279,0.354149639606,0.341281414032
2024-07-07,202410030410,2020101763,2,トーホウフランゴ,0,2024,0.226726531982,0.213913589716,0.230209305882
2024-07-07,202410030410,2017102940,3,ワンダーカタリナ,0,2024,0.116058617830,0.132803916931,0.102752804756
2024-07-07,202410030410,2020103284,5,トールキン,0,2024,0.166181266308,0.205246105790,0.252259761095
2024-07-07,202410030410,2019102458,6,ワンダーキサラ,1,2024,0.144878149033,0.168502971530,0.115015439689
2024-07-07,202410030410,2019103233,7,ニシノデフィレ,0,2024,0.050139628351,0.052147146314,0.055991098285
2024-07-07,202410030410,2019105238,8,フリートオブフット,0,2024,0.242580935359,0.269629359245,0.255908191204
2024-07-07,202410030410,2021102914,9,モズトキキ,0,2024,0.478219896555,0.473297208548,0.475050270557
2024-07-07,202410030410,2020100736,10,ビッグボーンリタ,0,2024,0.033633027226,0.031983170658,0.033042773604
2024-07-07,202410030410,2020103325,11,プロトポロス,0,2024,0.333082497120,0.360969275236,0.322141706944
2024-07-07,202410030410,2020101897,12,レッドヒルシューズ,1,2024,0.173675775528,0.189710661769,0.178075790405
2024-07-07,202410030410,2020103238,13,オックスリップ,0,2024,0.297281980515,0.320535093546,0.357203841209
2024-07-07,202410030410,2020103499,14,トーホウガレオン,0,2024,0.128757253289,0.129052281380,0.115196511149
2024-07-07,202410030410,2019104498,15,インプロバイザー,0,2024,0.205146625638,0.229798689485,0.236941486597
2024-07-07,202410030412,2020103698,1,エリカソレイユ,0,2024,0.057598028332,0.063291601837,0.066089555621
2024-07-07,202410030412,2020106777,2,セレッソデアモール,0,2024,0.209647655487,0.195587053895,0.189839228988
2024-07-07,202410030412,2020106914,3,イコサン,0,2024,0.491181224585,0.458421647549,0.434072047472
2024-07-07,202410030412,2020101570,4,レッドテンペスト,0,2024,0.287143558264,0.310686856508,0.338898718357
2024-07-07,202410030412,2020102637,5,ヴィヴィッシモ,1,2024,0.646190941334,0.659848093987,0.635761380196
2024-07-07,202410030412,2021101102,6,ナムラエデン,0,2024,0.520060956478,0.523522913456,0.549850106239
2024-07-07,202410030412,2020103256,7,カフジキアッキエレ,1,2024,0.342618435621,0.302935004234,0.275649905205
2024-07-07,202410030412,2019102320,8,サイモンカーチス,0,2024,0.049527607858,0.051380917430,0.059586592019
2024-07-07,202410030412,2021103171,9,タイキヴァンクール,1,2024,0.636993706226,0.578103661537,0.632528901100
2024-07-13,202402011103,2021105297,1,マースフルガール,0,2024,0.215621545911,0.236153423786,0.210734546185
2024-07-13,202402011103,2021102752,2,マニーブルース,0,2024,0.155525133014,0.145869672298,0.111129790545
2024-07-13,202402011103,2021101640,3,ムーンブルー,0,2024,0.082615919411,0.069603435695,0.066741898656
2024-07-13,202402011103,2021100019,4,マサノカナリア,1,2024,0.486459672451,0.431017100811,0.364169299603
2024-07-13,202402011103,2021103707,5,コアクト,0,2024,0.267807692289,0.258305519819,0.226220235229
2024-07-13,202402011103,2021102468,6,ブライティアダイヤ,0,2024,0.194939374924,0.181634634733,0.144696131349
2024-07-13,202402011103,2021102277,7,ポトマックテソーロ,0,2024,0.507366180420,0.533234119415,0.572280824184
2024-07-13,202402011103,2021104989,8,オレンジサファイア,0,2024,0.177437648177,0.181577667594,0.207184314728
2024-07-13,202402011103,2021101067,9,クィーンミツコ,0,2024,0.010810078122,0.008360920474,0.010390377603
2024-07-13,202402011103,2021104746,10,イングリッドローズ,0,2024,0.145892277360,0.142697468400,0.159217789769
2024-07-13,202402011103,2021105820,11,マーシャルテイル,0,2024,0.142122164369,0.140772208571,0.137153759599
2024-07-13,202402011103,2021105659,12,アムールリーベ,1,2024,0.547215521336,0.487202167511,0.527977287769
2024-07-13,202402011103,2021110007,13,イーブンナウ,0,2024,0.208038121462,0.230885043740,0.192963555455
2024-07-13,202402011103,2021105776,14,ピーエムドレミ,1,2024,0.131081089377,0.121022082865,0.097835935652
2024-07-13,202402011103,2021103052,16,サニイアール,0,2024,0.480737835169,0.468434453011,0.506381690502
2024-07-13,202402011111,2022103509,11,シュードタキライト,0,2024,0.248248800635,0.205260068178,0.158920750022
2024-07-13,202402011112,2021101793,1,オオゾラヒバリ,0,2024,0.219862923026,0.253148347139,0.301651030779
2024-07-13,202402011112,2021102963,2,フタバ,0,2024,0.063657075167,0.066736347973,0.047299411148
2024-07-13,202402011112,2020103655,3,ダークブロンド,0,2024,0.231952279806,0.238638475537,0.219194307923
2024-07-13,202402011112,2019103517,4,ディージェーサン,0,2024,0.303996801376,0.338849812746,0.397932887077
2024-07-13,202402011112,2020103556,5,ブルーペクトライト,0,2024,0.075663462281,0.066968739033,0.069673202932
2024-07-13,202402011112,2021105901,6,ジークルーネ,0,2024,0.434286862612,0.367924958467,0.332755357027
2024-07-13,202402011112,2021103325,7,カレンナオトメ,0,2024,0.240819722414,0.241730973125,0.249459192157
2024-07-13,202402011112,2019101765,8,ビッグパレード,0,2024,0.228141188622,0.226939395070,0.228239685297
2024-07-13,202402011112,2021101682,9,ギルティプレジャー,1,2024,0.144170403481,0.149567469954,0.120968125761
2024-07-13,202402011112,2019100548,10,タガノミア,1,2024,0.349931836128,0.316724598408,0.308939158916
2024-07-13,202402011112,2019106179,11,ハートホイップ,1,2024,0.304463267326,0.316558778286,0.275663346052
2024-07-13,202402011112,2020103418,12,インクルードダイヤ,0,2024,0.100195802748,0.096488915384,0.092167533934
2024-07-13,202402011112,2019100097,13,ロザシアニン,0,2024,0.041519884020,0.035169467330,0.055528189987
2024-07-13,202403020509,2018104322,1,プレジールミノル,0,2024,0.049384590238,0.052689142525,0.055674392730
2024-07-13,202403020509,2020104825,2,スカプラリオ,0,2024,0.076049238443,0.081089287996,0.073999166489
2024-07-13,202403020509,2020101378,3,アイヲツグモノ,1,2024,0.145557537675,0.161373943090,0.203063413501
2024-07-13,202403020509,2019101270,4,ヨール,0,2024,0.151774153113,0.144326210022,0.161040961742
2024-07-13,202403020509,2021100338,5,テセラリアン,0,2024,0.454239010811,0.435396373272,0.420539826155
2024-07-13,202403020509,2020104983,6,マルプリ,0,2024,0.172043859959,0.135899588466,0.115085422993
2024-07-13,202403020509,2020106910,7,エッセレンチ,0,2024,0.331704914570,0.308533191681,0.306385904551
2024-07-13,202403020509,2018103430,8,エスパダアスール,0,2024,0.090425826609,0.092712283134,0.095496192575
2024-07-13,202403020509,2018110112,9,バラードインミラノ,0,2024,0.150209859014,0.153087109327,0.158833384514
2024-07-13,202403020509,2019103897,10,ハピネスアゲン,0,2024,0.254167973995,0.251997858286,0.245183780789
2024-07-13,202403020509,2020105157,11,ミルトハンター,0,2024,0.147285297513,0.131408497691,0.092180319130
2024-07-13,202403020509,2020102488,12,トーセンエスクード,1,2024,0.464731454849,0.466715842485,0.526726365089
2024-07-13,202403020509,2019100132,13,ペイシャカレン,0,2024,0.108974337578,0.105216525495,0.108114108443
2024-07-13,202403020509,2019106700,14,ヒロノゴウカイ,0,2024,0.066881008446,0.071669049561,0.074833631516
2024-07-13,202403020509,2019105175,15,ステイトダイアデム,1,2024,0.273628652096,0.293496608734,0.334503769875
2024-07-13,202403020509,2018100480,16,デルマヤクシ,0,2024,0.025947002694,0.019524395466,0.015932485461
2024-07-13,202403020512,2021105057,1,オンザヴィーナス,1,2024,0.224734887481,0.214710086584,0.168959617615
2024-07-13,202403020512,2021104073,2,カピリナ,1,2024,0.344171464443,0.430251270533,0.398609042168
2024-07-13,202403020512,2021100053,3,ミスファントム,1,2024,0.227844610810,0.216221302748,0.186732053757
2024-07-13,202403020512,2018101804,4,グローリアスカペラ,0,2024,0.036070767790,0.030077075586,0.025762803853
2024-07-13,202403020512,2018100593,5,タイガーリリー,0,2024,0.099591128528,0.098813116550,0.137617215514
2024-07-13,202403020512,2019102303,6,アイムファイン,0,2024,0.059499803931,0.061458922923,0.075306646526
2024-07-13,202403020512,2020101586,7,エルフレスアリー,0,2024,0.441781163216,0.417370378971,0.530458509922
2024-07-13,202403020512,2021106298,8,モリノレッドスター,0,2024,0.354935675859,0.362042158842,0.331745475531
2024-07-13,202403020512,2019105469,9,ホーリーエンブレム,0,2024,0.068012416363,0.089187592268,0.087513297796
2024-07-13,202403020512,2019100936,11,ニシノタマユラ,0,2024,0.083174891770,0.105529367924,0.102846495807
2024-07-13,202403020512,2020106585,12,ヴォンヌヴォー,0,2024,0.042755052447,0.034071914852,0.030958587304
2024-07-13,202403020512,2020102819,13,アイソラシー,0,2024,0.101144574583,0.113442547619,0.116221904755
2024-07-13,202403020512,2021106366,15,ロアノークテソーロ,0,2024,0.189571633935,0.165594756603,0.137928232551
2024-07-13,202403020512,2020104676,16,マイレーヌ,0,2024,0.244062900543,0.256407469511,0.240055754781
2024-07-13,202410030503,2021102710,1,エピファドール,0,2024,0.342373758554,0.353025436401,0.354929715395
2024-07-13,202410030503,2021100443,2,エイシンオニキス,1,2024,0.423187017441,0.455460995436,0.378043383360
2024-07-13,202410030503,2021105256,3,メロディアスハード,0,2024,0.184859246016,0.180221080780,0.170913442969
2024-07-13,202410030503,2021105223,4,ルージュレイナス,1,2024,0.345550805330,0.319024235010,0.257276266813
2024-07-13,202410030503,2021104835,5,エクストラドライ,0,2024,0.350741446018,0.344105005264,0.329487681389
2024-07-13,202410030503,2021103215,7,ウィズアリープ,0,2024,0.256242573261,0.290822088718,0.266688197851
2024-07-13,202410030503,2021104572,8,デイトゥリメンバー,0,2024,0.079915180802,0.092243120074,0.080370470881
2024-07-13,202410030503,2021103352,9,メイショウテンヨウ,0,2024,0.091326370835,0.088316559792,0.104147307575
2024-07-13,202410030503,2021100091,10,エイシンボーノ,0,2024,0.075818859041,0.096932254732,0.077664166689
2024-07-13,202410030503,2021106718,12,ダイメイコスズ,0,2024,0.021442104131,0.022392040119,0.017619388178
2024-07-13,202410030503,2021102823,13,ピナクルポイント,0,2024,0.136243313551,0.135293349624,0.156525611877
2024-07-13,202410030503,2021104853,14,サクセスカノン,1,2024,0.177910774946,0.158183962107,0.165236577392
2024-07-13,202410030503,2021106641,15,ハギノインスパイア,0,2024,0.237297505140,0.192153915763,0.174915164709
2024-07-13,202410030503,2021106990,16,ファミリー,0,2024,0.017168072984,0.014364380389,0.019762644544
2024-07-13,202410030503,2021104806,17,レオナルドスター,0,2024,0.309145510197,0.327224045992,0.313028663397
2024-07-13,202410030503,2021104213,18,ブーケドボワ,0,2024,0.176799699664,0.166971683502,0.150539278984
2024-07-13,202410030506,2021103454,2,リオサラ,0,2024,0.122482545674,0.124833986163,0.101125612855
2024-07-13,202410030506,2021102044,3,クリノトパーズ,0,2024,0.062118414789,0.053986221552,0.053939595819
2024-07-13,202410030506,2021102331,4,シンパティカ,0,2024,0.097126454115,0.095682568848,0.083317227662
2024-07-13,202410030506,2021106564,6,ハヤブサソンタクン,0,2024,0.083456821740,0.094919361174,0.113090842962
2024-07-13,202410030506,2021105880,7,レッドエヴァンス,1,2024,0.421086996794,0.435902237892,0.400940150023
2024-07-13,202410030506,2021103933,8,スマートレイヴ,0,2024,0.227901443839,0.235682591796,0.241120874882
2024-07-13,202410030506,2021101766,10,ソルトロック,0,2024,0.290084898472,0.308814764023,0.287418782711
2024-07-13,202410030506,2021103168,11,アングリフ,0,2024,0.108374893665,0.103882633150,0.118825919926
2024-07-13,202410030506,2021101791,12,メイショウソニック,1,2024,0.588405549526,0.628313481808,0.568103969097
2024-07-13,202410030506,2021103903,14,ヴァシロペス,0,2024,0.283527255058,0.303815692663,0.255914360285
2024-07-13,202410030506,2021101455,15,ルージュリリカル,0,2024,0.343000531197,0.295764923096,0.243633434176
2024-07-13,202410030506,2021103844,16,ニホンピロケイ,0,2024,0.147746250033,0.138042032719,0.125877365470
2024-07-13,202410030506,2021102875,17,イズジョーゴモリー,0,2024,0.060444355011,0.059574212879,0.050981353968
2024-07-13,202410030506,2021103249,18,ロビンバローズ,1,2024,0.185477450490,0.172870218754,0.175440996885
2024-07-13,202410030512,2020103588,1,マテンロウナイト,0,2024,0.171142563224,0.182677343488,0.144206479192
2024-07-13,202410030512,2020101229,2,レディメローラ,1,2024,0.217903405428,0.223772838712,0.163006484509
2024-07-13,202410030512,2019109096,3,ダイヤモンドフジ,0,2024,0.439520031214,0.484380006790,0.518939971924
2024-07-13,202410030512,2021104404,5,シュークリーム,0,2024,0.101484216750,0.093320973217,0.102992132306
2024-07-13,202410030512,2021104140,6,グレースルージュ,0,2024,0.205994561315,0.197783619165,0.199822217226
2024-07-13,202410030512,2021106586,7,ラブカムーン,1,2024,0.211221590638,0.197100102901,0.212583184242
2024-07-13,202410030512,2021100643,8,トレンシャリー,0,2024,0.267514526844,0.240881592035,0.243517011404
2024-07-13,202410030512,2021110119,9,サンドロナイト,1,2024,0.555376052856,0.579067230225,0.693040311337
2024-07-13,202410030512,2020106355,10,フェゲフォイア,0,2024,0.263540357351,0.247189208865,0.236695826054
2024-07-13,202410030512,2021109123,11,ユメカナウケン,0,2024,0.153902024031,0.189704716206,0.195866957307
2024-07-14,202402011203,2021105682,1,ハイボーン,0,2024,0.367811769247,0.368290156126,0.355410635471
2024-07-14,202402011203,2021105500,2,プエルタセクレタ,0,2024,0.128624483943,0.147927671671,0.134777396917
2024-07-14,202402011203,2021103271,3,ミッシーフォール,0,2024,0.050755217671,0.034840770066,0.047622323036
2024-07-14,202402011203,2021102686,4,ニシノシャミナード,0,2024,0.340098649263,0.342873990536,0.320155799389
2024-07-14,202402011203,2021105758,6,ゴールデンリープ,0,2024,0.074550680816,0.076002933085,0.091828957200
2024-07-14,202402011203,2021105689,7,エヴァンスウィート,1,2024,0.353125393391,0.388554424047,0.383437782526
2024-07-14,202402011203,2021100718,8,テキーラワルツ,0,2024,0.316758692265,0.316888421774,0.281927555799
2024-07-14,202402011203,2021102411,9,ルチェッタ,0,2024,0.097311265767,0.079937025905,0.088827855885
2024-07-14,202402011203,2021105827,10,フェアアイル,0,2024,0.401946902275,0.372250735760,0.352478265762
2024-07-14,202402011203,2021103322,11,スプリングデイ,1,2024,0.166922599077,0.180244132876,0.192587435246
2024-07-14,202402011203,2021106809,12,コスモララバイ,0,2024,0.288231700659,0.303150475025,0.284463375807
2024-07-14,202402011203,2021101245,15,カチヌキマリコ,0,2024,0.239940941334,0.249365985394,0.243075296283
2024-07-14,202402011203,2021101026,16,エコロアモーレ,0,2024,0.331977814436,0.329835683107,0.335351973772
2024-07-14,202402011208,2020102938,1,ダルタニアン,0,2024,0.334460884333,0.333550244570,0.292184501886
2024-07-14,202402011208,2020101655,2,マンダリンボレロ,0,2024,0.203271970153,0.210222914815,0.185103714466
2024-07-14,202402011208,2020100906,3,フライングブレード,0,2024,0.468385070562,0.460541874170,0.490453571081
2024-07-14,202402011208,2021110004,4,オオタニサーン,0,2024,0.219922438264,0.231136053801,0.200282737613
2024-07-14,202402011208,2020106963,5,アンタノバラード,1,2024,0.355473339558,0.359049737453,0.325572967529
2024-07-14,202402011208,2018106145,6,アコルダール,1,2024,0.112226411700,0.113301798701,0.130457386374
2024-07-14,202402011208,2020104780,7,ラホーヤストーム,1,2024,0.043834201992,0.051630556583,0.034048736095
2024-07-14,202402011208,2021110041,8,ミッドナイトラスタ,0,2024,0.369235426188,0.341849803925,0.319079935551
2024-07-14,202402011208,2018105814,9,マケルナマサムネ,0,2024,0.069123238325,0.077108554542,0.058858860284
2024-07-14,202402011208,2020100355,10,ナックブレイブ,0,2024,0.072245001793,0.083730548620,0.077811732888
2024-07-14,202402011208,2019101446,11,ワンリオン,0,2024,0.350791692734,0.329083383083,0.317687302828
2024-07-14,202402011208,2020104824,12,シンデレラスマイル,0,2024,0.207522213459,0.200253114104,0.171049684286
2024-07-14,202402011208,2021105312,13,ルージュレベッカ,0,2024,0.066001631320,0.067016012967,0.070024460554
2024-07-14,202402011208,2021102388,14,カイコウ,0,2024,0.065987564623,0.064410611987,0.074290968478
2024-07-14,202402011208,2021105397,15,アフィリオン,0,2024,0.105948604643,0.091724157333,0.099431015551
2024-07-14,202402011212,2021106594,1,ヤマニンアストロン,0,2024,0.482631027699,0.476470828056,0.489387571812
2024-07-14,202402011212,2020106330,2,ラウラーナ,1,2024,0.175997465849,0.186302959919,0.208661705256
2024-07-14,202402011212,2020106623,3,ゴキゲンサン,0,2024,0.205010816455,0.172969251871,0.152224540710
2024-07-14,202402011212,2020101195,4,ゴルトリッチ,1,2024,0.380446851254,0.386488378048,0.384595990181
2024-07-14,202402011212,2019105915,5,グッドグロウス,0,2024,0.041316285729,0.034361001104,0.033662594855
2024-07-14,202402011212,2021101457,6,リジル,0,2024,0.532392561436,0.573057353497,0.640521347523
2024-07-14,202402011212,2020102140,7,アンビバレント,0,2024,0.089128009975,0.089505903423,0.096629180014
2024-07-14,202402011212,2019104675,8,アップストローク,0,2024,0.329853147268,0.363690525293,0.378427892923
2024-07-14,202402011212,2019104536,9,カイカノキセキ,1,2024,0.223109036684,0.202415451407,0.154829621315
2024-07-14,202402011212,2021106939,10,タイセイフェスタ,0,2024,0.169999390841,0.179367512465,0.192512348294
2024-07-14,202402011212,2019103193,11,トリップトゥムーン,0,2024,0.117157362401,0.146536797285,0.139501735568
2024-07-14,202402011212,2020102568,12,ワイアウ,0,2024,0.107464045286,0.090662300587,0.091162569821
2024-07-14,202403020607,2021106617,1,クリーゲリン,1,2024,0.158657088876,0.191311210394,0.133909568191
2024-07-14,202403020607,2021100851,3,マオノボルケーノ,0,2024,0.194202765822,0.207355827093,0.207426175475
2024-07-14,202403020607,2021101639,4,ソルトブリーズ,0,2024,0.319841593504,0.337639838457,0.271402209997
2024-07-14,202403020607,2021102126,5,バエル,0,2024,0.288993209600,0.330749392509,0.326641798019
2024-07-14,202403020607,2021102002,6,スカイライト,0,2024,0.203878760338,0.208100885153,0.181069955230
2024-07-14,202403020607,2021100438,7,ミルタンドレス,0,2024,0.213913425803,0.205785885453,0.226252347231
2024-07-14,202403020607,2021107183,8,ペクトラル,0,2024,0.274092614651,0.291132986546,0.227697148919
2024-07-14,202403020607,2021107079,10,ニシノプリモ,0,2024,0.020705135539,0.019294664264,0.026279291138
2024-07-14,202403020607,2021102854,11,ノーブルウィスパー,0,2024,0.334806591272,0.310350060463,0.327984631062
2024-07-14,202403020607,2021103744,14,マンウォル,1,2024,0.403553932905,0.433009713888,0.402784973383
2024-07-14,202403020607,2021101089,15,ハーバービュー,0,2024,0.092457823455,0.092781633139,0.073696367443
2024-07-14,202403020607,2021103542,16,ホウオウマリアン,0,2024,0.082230404019,0.072214677930,0.072313167155
2024-07-14,202403020611,2019110102,1,デュガ,1,2024,0.207956939936,0.193041533232,0.154684484005
2024-07-14,202403020611,2018106504,2,サトノアイ,0,2024,0.098009832203,0.083238378167,0.066798001528
2024-07-14,202403020611,2016104668,3,カリボール,1,2024,0.074069082737,0.064614646137,0.071821019053
2024-07-14,202403020611,2019105439,4,エターナルタイム,1,2024,0.592484593391,0.571436762810,0.512661576271
2024-07-14,202403020611,2019100438,5,グラスミヤラビ,0,2024,0.090796738863,0.087648473680,0.073233425617
2024-07-14,202403020611,2015104699,6,フレッチア,0,2024,0.077920079231,0.084197185934,0.129704833031
2024-07-14,202403020611,2020102502,7,トーセンローリエ,0,2024,0.315712571144,0.332854270935,0.220619097352
2024-07-14,202403020611,2017103005,8,ロードベイリーフ,0,2024,0.066385306418,0.076836116612,0.116542734206
2024-07-14,202403020611,2019104915,9,バンデルオーラ,0,2024,0.110048338771,0.107676416636,0.101598843932
2024-07-14,202403020611,2019104108,10,エナジーグラン,0,2024,0.252431124449,0.218636050820,0.188688948750
2024-07-14,202403020611,2020101419,11,ブーケファロス,0,2024,0.322247415781,0.307046204805,0.372808098793
2024-07-14,202403020611,2019105237,13,スリーパーダ,0,2024,0.179829925299,0.161574795842,0.157125681639
2024-07-14,202403020611,2017106720,14,サンライズオネスト,0,2024,0.228624880314,0.222134754062,0.245128646493
2024-07-14,202403020611,2018100040,15,アビッグチア,0,2024,0.112626522779,0.102631330490,0.082641147077
2024-07-14,202403020611,2017103295,16,チェアリングソング,0,2024,0.096997782588,0.074536941946,0.031180569902
2024-07-14,202410030608,2018103200,1,バーニングパワー,0,2024,0.370983660221,0.338710188866,0.315994888544
2024-07-14,202410030608,2020106821,2,ピースフルナイト,0,2024,0.126734942198,0.149653598666,0.172845900059
2024-07-14,202410030608,2020100236,3,ニシノトキメキ,1,2024,0.276934802532,0.303436607122,0.308696299791
2024-07-14,202410030608,2020101517,4,ソノママソノママ,1,2024,0.361371457577,0.337356925011,0.404718011618
2024-07-14,202410030608,2020102910,5,ハイクライテリア,0,2024,0.065212167799,0.062723562121,0.053236480802
2024-07-14,202410030608,2020102591,6,メリオルヴィータ,0,2024,0.054566819221,0.046984378248,0.059800967574
2024-07-14,202410030608,2021100144,7,ロードトレゾール,1,2024,0.420713841915,0.448964446783,0.468127131462
2024-07-14,202410030608,2021102585,9,ミキノクラップス,0,2024,0.161517068744,0.175787404180,0.222665876150
2024-07-14,202410030611,2018106389,1,メイショウツツジ,0,2024,0.058028176427,0.052078500390,0.048271875829
2024-07-14,202410030611,2019105044,2,アドマイヤラヴィ,0,2024,0.339565813541,0.333948940039,0.388888955116
2024-07-14,202410030611,2019100653,3,ハギノメーテル,0,2024,0.028785519302,0.023110670969,0.023716103286
2024-07-14,202410030611,2019100652,4,ハギノモーリス,0,2024,0.264732092619,0.284058660269,0.298619002104
2024-07-14,202410030611,2020101897,5,レッドヒルシューズ,1,2024,0.239083498716,0.253927230835,0.275029718876
2024-07-14,202410030611,2020101792,6,プロスペリダード,0,2024,0.404257595539,0.365910679102,0.379835724831
2024-07-14,202410030611,2019100581,7,ヒルノローザンヌ,0,2024,0.049163598567,0.046072959900,0.040877841413
2024-07-14,202410030611,2020110133,8,フロムダスク,0,2024,0.264201641083,0.290317028761,0.255566358566
2024-07-14,202410030611,2018102491,9,メイショウエニシア,0,2024,0.113972432911,0.112347923219,0.141287773848
2024-07-14,202410030611,2019101079,10,アスクビギンアゲン,0,2024,0.207045331597,0.174035862088,0.157827332616
2024-07-14,202410030611,2018102585,12,ロードラスター,1,2024,0.069841578603,0.067598335445,0.065357528627
2024-07-14,202410030611,2020104613,13,タツダイヤモンド,1,2024,0.319555401802,0.352910488844,0.373040735722
2024-07-14,202410030611,2017106264,14,ビアイ,0,2024,0.049498178065,0.048567265272,0.036058973521
2024-07-14,202410030611,2017103020,15,ダンツイノーバ,0,2024,0.079599998891,0.107011169195,0.102224186063
2024-07-14,202410030611,2017105574,16,チュウワノキセキ,0,2024,0.051760986447,0.051640924066,0.048769947141
2024-07-14,202410030611,2018103902,17,サウンドブライアン,0,2024,0.120724782348,0.148027792573,0.139446973801
2024-07-14,202410030611,2018110001,18,ジュストコル,0,2024,0.199408456683,0.203738018870,0.167545124888
2024-07-20,202401010107,2020102050,1,サンポーニャ,0,2024,0.416670292616,0.369933456182,0.413541495800
2024-07-20,202401010107,2020103625,2,ゴルデールスカー,0,2024,0.062228329480,0.059854656458,0.040344707668
2024-07-20,202401010107,2019101643,3,バシレウスシチー,1,2024,0.524372577667,0.479142487049,0.450919687748
2024-07-20,202401010107,2019101133,4,ソングフォーユー,1,2024,0.281175851822,0.315714120865,0.318390578032
2024-07-20,202401010107,2021102735,5,ペプチドシュチク,0,2024,0.299719274044,0.282094985247,0.275678753853
2024-07-20,202401010107,2021103299,6,シアター,0,2024,0.641623198986,0.589266777039,0.609897673130
2024-07-20,202401010107,2021103118,7,セイウンサニー,0,2024,0.056963797659,0.046831618994,0.065683923662
2024-07-20,202401010107,2020103292,8,ハレアカラフラ,1,2024,0.239680126309,0.224723055959,0.191520869732
2024-07-20,202401010107,2021100243,9,セイウンティーダ,0,2024,0.235522851348,0.254057049751,0.241521731019
2024-07-20,202401010107,2019106637,10,アポロルタ,0,2024,0.073942020535,0.075348339975,0.082780882716
2024-07-20,202401010107,2020100289,11,シルバーダイヤ,0,2024,0.234692439437,0.228807836771,0.171280071139
2024-07-20,202401010111,2019109094,1,ブッシュガーデン,1,2024,0.172322466969,0.157886311412,0.156630128622
2024-07-20,202401010111,2017100403,2,プライムライン,0,2024,0.063147775829,0.062805235386,0.071444995701
2024-07-20,202401010111,2019104386,3,トーセンサンダー,0,2024,0.294739156961,0.313643604517,0.287280946970
2024-07-20,202401010111,2019105347,4,アバンチュリエ,0,2024,0.103835187852,0.096470534801,0.106448106468
2024-07-20,202401010111,2020105365,5,ドーバーホーク,0,2024,0.310089737177,0.330864131451,0.330087304115
2024-07-20,202401010111,2019105146,6,ジャスティンエース,0,2024,0.141559779644,0.143820270896,0.099497638643
2024-07-20,202401010111,2018102649,7,タツリュウオー,0,2024,0.066084042192,0.056989453733,0.063028834760
2024-07-20,202401010111,2021105606,8,オウバイトウリ,0,2024,0.372412115335,0.376384615898,0.432011574507
2024-07-20,202401010111,2021100210,9,ドナベティ,0,2024,0.284857869148,0.295534610748,0.315301686525
2024-07-20,202401010111,2019102041,10,アドヴァイス,0,2024,0.151497781277,0.120270960033,0.102417789400
2024-07-20,202401010111,2019103010,11,オードゥメール,0,2024,0.237224116921,0.235682874918,0.205240458250
2024-07-20,202401010111,2020102971,12,サトノグレイト,0,2024,0.300951898098,0.262630760670,0.264192670584
2024-07-20,202401010111,2019105446,13,グットディール,0,2024,0.055975537747,0.058630455285,0.063689813018
2024-07-20,202401010111,2019104525,14,ラキエータ,0,2024,0.115851759911,0.123779006302,0.119983017445
2024-07-20,202401010111,2019100751,15,マイネルレノン,1,2024,0.275160640478,0.288394033909,0.237525761127
2024-07-20,202401010111,2020100105,16,エイシンフェンサー,1,2024,0.395615458488,0.383631229401,0.339755266905
2024-07-20,202403020707,2021104217,1,ムチャスグラシアス,1,2024,0.430507808924,0.411867976189,0.409692287445
2024-07-20,202403020707,2021105533,2,サトノジール,0,2024,0.355791091919,0.336213558912,0.347137540579
2024-07-20,202403020707,2021100215,4,コスモホライズン,0,2024,0.160181358457,0.174867406487,0.162388175726
2024-07-20,202403020707,2021101986,6,デルマヴェーダ,1,2024,0.074933722615,0.090010039508,0.088574565947
2024-07-20,202403020707,2021103261,7,ティファニジェンヌ,0,2024,0.146491110325,0.152751177549,0.180422484875
2024-07-20,202403020707,2021101373,8,ロジスクリーン,0,2024,0.103668756783,0.104192115366,0.112916857004
2024-07-20,202403020707,2021106443,10,サンディビーチ,0,2024,0.179259866476,0.184099435806,0.124442450702
2024-07-20,202403020707,2021105031,12,スマイルコレクター,0,2024,0.438671410084,0.430641889572,0.403307735920
2024-07-20,202403020707,2021104540,13,スプレムータ,0,2024,0.296145886183,0.294600367546,0.278999179602
2024-07-20,202403020707,2021102846,14,エターナルローズ,0,2024,0.037214607000,0.040644239634,0.039716087282
2024-07-20,202403020707,2021100485,15,ランドエース,1,2024,0.109599232674,0.122251182795,0.091323181987
2024-07-20,202403020707,2021102283,16,トーマステソーロ,0,2024,0.099787831306,0.092841275036,0.087011940777
2024-07-20,202403020709,2020103507,1,グラニットピーク,0,2024,0.068773210049,0.066530965269,0.064677856863
2024-07-20,202403020709,2021103667,2,クオレス,1,2024,0.651467204094,0.661945343018,0.628969252110
2024-07-20,202403020709,2021104145,3,オセアエクスプレス,0,2024,0.213336020708,0.239044278860,0.225529387593
2024-07-20,202403020709,2020103883,4,レイレフア,0,2024,0.039478097111,0.031483899802,0.032508123666
2024-07-20,202403020709,2021106395,5,ハッピーサプライズ,0,2024,0.091057769954,0.099388256669,0.092672124505
2024-07-20,202403020709,2020102767,6,テンプーシャオン,0,2024,0.307251304388,0.266842335463,0.271813362837
2024-07-20,202403020709,2020102835,7,キャッチザロマンス,0,2024,0.039204016328,0.038993149996,0.034122407436
2024-07-20,202403020709,2019105566,8,バーミリオンクリフ,0,2024,0.228064939380,0.209616392851,0.192992717028
2024-07-20,202403020709,2019103790,9,ミツカネムーン,0,2024,0.089041166008,0.072695657611,0.077491454780
2024-07-20,202403020709,2020103962,10,ステークホルダー,1,2024,0.510622382164,0.517123043537,0.475138872862
2024-07-20,202403020709,2019110122,11,ブラヴィーノ,0,2024,0.079979225993,0.091250702739,0.083340436220
2024-07-20,202403020709,2019101562,12,デフィデリ,0,2024,0.116872102022,0.136273115873,0.121796101332
2024-07-20,202403020709,2020101992,13,ライクアフラワー,1,2024,0.589986145496,0.594747245312,0.598654448986
2024-07-20,202403020709,2021104665,14,レザンノワール,0,2024,0.323843896389,0.320264548063,0.327407002449
2024-07-20,202410030712,2019103876,1,アパショナード,0,2024,0.156611457467,0.157336503267,0.173603966832
2024-07-20,202410030712,2020106777,2,セレッソデアモール,0,2024,0.128802835941,0.112081915140,0.088058672845
2024-07-20,202410030712,2019105265,3,アエリーゾ,0,2024,0.288499206305,0.294384390116,0.287765115499
2024-07-20,202410030712,2019102062,4,ハルカナネガイ,0,2024,0.038150139153,0.039691586047,0.023052359000
2024-07-20,202410030712,2021102561,5,キーウェーブ,0,2024,0.308470785618,0.333046704531,0.298773199320
2024-07-20,202410030712,2020106355,6,フェゲフォイア,0,2024,0.118916667998,0.131131991744,0.130724161863
2024-07-20,202410030712,2018100772,7,ハイライフ,0,2024,0.017795510590,0.013276630081,0.007700091228
2024-07-20,202410030712,2020102326,8,サンライズプルート,0,2024,0.475759238005,0.468891948462,0.426124185324
2024-07-20,202410030712,2020110068,9,エイムインライフ,1,2024,0.072310782969,0.085646972060,0.073675602674
2024-07-20,202410030712,2020102294,10,スイープラン,0,2024,0.116581894457,0.109071299434,0.106353536248
2024-07-20,202410030712,2020101229,11,レディメローラ,1,2024,0.184751361609,0.179277122021,0.163466930389
2024-07-20,202410030712,2020102637,12,ヴィヴィッシモ,0,2024,0.397969573736,0.423434108496,0.386534422636
2024-07-20,202410030712,2021104074,13,ラブディーヴァ,1,2024,0.061509862542,0.054622393101,0.063716843724
2024-07-20,202410030712,2021104673,14,ダディーズアイル,0,2024,0.139631971717,0.158242061734,0.155237555504
2024-07-20,202410030712,2020101121,15,ハッピーアズラリー,0,2024,0.207861736417,0.142892435193,0.150562122464
2024-07-20,202410030712,2020101517,16,ソノママソノママ,0,2024,0.311883211136,0.302188694477,0.342393457890
2024-07-20,202410030712,2019109096,17,ダイヤモンドフジ,0,2024,0.250894039869,0.277943551540,0.285151332617
2024-07-20,202410030712,2020102271,18,コスモグングニール,0,2024,0.230317592621,0.230081737041,0.239985182881
2024-07-21,202401010203,2021105275,1,リュサントノレ,0,2024,0.226672723889,0.237139478326,0.184878155589
2024-07-21,202401010203,2021100476,2,ファイツオン,1,2024,0.455884486437,0.455928772688,0.481244862080
2024-07-21,202401010203,2021110110,3,アールヴヘイム,0,2024,0.062482777983,0.059942483902,0.042474210262
2024-07-21,202401010203,2021110081,4,リーサムギニー,0,2024,0.134392544627,0.150380089879,0.157376930118
2024-07-21,202401010203,2021101956,5,イロンデル,0,2024,0.133246675134,0.133912399411,0.145168751478
2024-07-21,202401010203,2021106019,6,キルケロッソ,0,2024,0.273686200380,0.307097136974,0.268587708473
2024-07-21,202401010203,2021110020,7,ロジカルワーズ,1,2024,0.491195648909,0.453033536673,0.451883316040
2024-07-21,202401010203,2021104037,8,テリオスソラ,0,2024,0.130690276623,0.142972201109,0.153471127152
2024-07-21,202401010203,2021100016,9,ポリトナリティー,0,2024,0.083491183817,0.075964972377,0.102767840028
2024-07-21,202401010203,2021102401,10,グランテレーズ,1,2024,0.443718284369,0.386305630207,0.381807118654
2024-07-21,202401010203,2021100698,11,ヴィーケン,0,2024,0.133319735527,0.140094295144,0.143499374390
2024-07-21,202401010203,2021106806,12,コスモバシレウス,0,2024,0.144262820482,0.142300695181,0.116249956191
2024-07-21,202401010203,2021105915,13,レガシーオブエリザ,0,2024,0.218008190393,0.178896382451,0.134867578745
2024-07-21,202401010203,2021103013,14,ヴェルダージ,0,2024,0.119107931852,0.130534231663,0.127623856068
2024-07-21,202401010203,2021107182,15,カズヴィトシャ,0,2024,0.132491827011,0.111371815205,0.075793676078
2024-07-21,202401010203,2021101398,16,ミニマルデザイン,0,2024,0.296138346195,0.271237224340,0.301716297865
2024-07-21,202401010209,2019102436,1,ミズノコキュウ,0,2024,0.219479039311,0.240626454353,0.214103817940
2024-07-21,202401010209,2019100772,2,ポルタフォルトゥナ,0,2024,0.316698014736,0.289407014847,0.267417937517
2024-07-21,202401010209,2021103092,3,ナムラローズマリー,1,2024,0.597598195076,0.574086010456,0.613487958908
2024-07-21,202401010209,2021105485,4,エリカカリーナ,1,2024,0.571443736553,0.519490718842,0.581894636154
2024-07-21,202401010209,2020100121,5,イイヒニナル,0,2024,0.175446599722,0.175767228007,0.136155366898
2024-07-21,202401010209,2019101262,6,ショウナンアメリア,0,2024,0.101982496679,0.102189943194,0.117090307176
2024-07-21,202401010209,2020100151,7,スクルプトーリス,0,2024,0.210572868586,0.227159351110,0.198247715831
2024-07-21,202401010209,2018106455,8,メイショウハボタン,0,2024,0.146726295352,0.140262514353,0.162068441510
2024-07-21,202401010209,2019100755,9,アラクレ,0,2024,0.083636030555,0.081390425563,0.081635959446
2024-07-21,202401010209,2020100686,10,ジョリダム,0,2024,0.196179077029,0.197448119521,0.203104421496
2024-07-21,202401010209,2020104087,11,グランツベリー,0,2024,0.235527500510,0.234619811177,0.208706170321
2024-07-21,202401010209,2021105242,12,シカゴスティング,1,2024,0.520667552948,0.414330005646,0.482851058245
2024-07-21,202401010211,2020105574,1,ラビュリントス,0,2024,0.079654641449,0.077095188200,0.092475950718
2024-07-21,202401010211,2019104911,3,プルパレイ,1,2024,0.241283416748,0.216292440891,0.262102454901
2024-07-21,202401010211,2018102155,4,マイネルジェロディ,0,2024,0.251501947641,0.237460568547,0.313190132380
2024-07-21,202401010211,2018101343,5,ゾンニッヒ,1,2024,0.494312822819,0.450804591179,0.488270133734
2024-07-21,202401010211,2021105122,6,マスクオールウィン,0,2024,0.347799628973,0.370020598173,0.425080657005
2024-07-21,202401010211,2019102240,7,マメコ,0,2024,0.446948289871,0.437624782324,0.432060927153
2024-07-21,202401010211,2019100791,8,シナモンスティック,1,2024,0.409259289503,0.392871856689,0.337108731270
2024-07-21,202401010211,2019100765,9,コムストックロード,0,2024,0.318456232548,0.306020438671,0.302359730005
2024-07-21,202401010211,2019104841,10,カルネアサーダ,0,2024,0.405216723680,0.387933254242,0.414511889219
2024-07-21,202401010211,2018105366,11,レッドベルオーブ,0,2024,0.034310474992,0.027746707201,0.041673272848
2024-07-21,202410030802,2021102702,1,ウィンカラー,0,2024,0.041470766068,0.028814822435,0.028339168057
2024-07-21,202410030802,2021105217,2,プルミエプランタン,0,2024,0.158983826637,0.191180914640,0.181746587157
2024-07-21,202410030802,2021105098,3,ディーエストッキー,1,2024,0.526985108852,0.568198740482,0.602893173695
2024-07-21,202410030802,2021100710,4,カネトシショウカ,0,2024,0.215714573860,0.245504438877,0.258008211851
2024-07-21,202410030802,2021104589,5,ジーティースピカ,0,2024,0.258016228676,0.265190869570,0.211214482784
2024-07-21,202410030802,2021105563,7,シャドフ,0,2024,0.499160677195,0.562252461910,0.577411890030
2024-07-21,202410030802,2021110089,9,バラン,0,2024,0.086063861847,0.081999525428,0.079845875502
2024-07-21,202410030802,2021105691,10,リルト,0,2024,0.039386294782,0.049695633352,0.037871770561
2024-07-21,202410030802,2021104853,11,サクセスカノン,0,2024,0.244027182460,0.267157316208,0.253116697073
2024-07-21,202410030802,2021106721,12,タイセイタリスマン,0,2024,0.151497527957,0.130778968334,0.104217246175
2024-07-21,202410030802,2021101933,13,レディーズナイト,0,2024,0.193226292729,0.206814944744,0.155709907413
2024-07-21,202410030802,2021101601,14,エガオニナッテ,0,2024,0.285522341728,0.321867316961,0.288677126169
2024-07-21,202410030802,2021105046,15,リプレット,1,2024,0.147051498294,0.130435228348,0.152554214001
2024-07-21,202410030802,2021100804,17,ランブルフィッシュ,0,2024,0.068259768188,0.081762239337,0.077632389963
2024-07-21,202410030810,2020101763,1,トーホウフランゴ,0,2024,0.191246598959,0.187302216887,0.205515369773
2024-07-21,202410030810,2017101767,2,ベンガン,0,2024,0.087172649801,0.087276019156,0.096115119755
2024-07-21,202410030810,2019104361,3,テーオースパロー,1,2024,0.063257515430,0.068792752922,0.063810922205
2024-07-21,202410030810,2020100736,4,ビッグボーンリタ,0,2024,0.033360257745,0.030057927594,0.025050668046
2024-07-21,202410030810,2019104356,5,ディオアステリア,0,2024,0.220705658197,0.203863695264,0.184432730079
2024-07-21,202410030810,2021100899,6,ビッグドリーム,0,2024,0.219488680363,0.242709740996,0.251269668341
2024-07-21,202410030810,2019100210,7,ウインバグース,0,2024,0.119228579104,0.127975523472,0.129338756204
2024-07-21,202410030810,2020100248,8,コスモイグローク,0,2024,0.090784639120,0.111509352922,0.085256017745
2024-07-21,202410030810,2021102461,9,バンドシェル,0,2024,0.275248199701,0.340937614441,0.371605604887
2024-07-21,202410030810,2019105241,10,ビップシュプリーム,0,2024,0.191716119647,0.220948204398,0.218020647764
2024-07-21,202410030810,2021105771,11,ミルテンベルク,1,2024,0.222323566675,0.224124386907,0.219002351165
2024-07-21,202410030810,2020106737,12,メイショウコギク,0,2024,0.115528494120,0.119611211121,0.113406695426
2024-07-21,202410030810,2021101523,13,キャプテンネキ,0,2024,0.270005494356,0.229844227433,0.254691034555
2024-07-21,202410030810,2019102458,14,ワンダーキサラ,1,2024,0.268949210644,0.236200556159,0.189916104078
2024-07-21,202410030810,2019102068,15,シャウビンダー,0,2024,0.162618800998,0.132337301970,0.140239521861
2024-07-21,202410030810,2019105526,16,ミッキーチャレンジ,0,2024,0.383042871952,0.352894365788,0.364595979452
2024-07-21,202410030810,2021102888,17,ナムラアトム,0,2024,0.449935674667,0.445151567459,0.532757580280
2024-07-21,202410030810,2017102940,18,ワンダーカタリナ,0,2024,0.064374700189,0.067509852350,0.064573124051
2024-07-28,202401010408,2021101793,1,オオゾラヒバリ,0,2024,0.221216678619,0.268385559320,0.252118468285
2024-07-28,202401010408,2020103418,2,インクルードダイヤ,0,2024,0.144874036312,0.121814653277,0.071634963155
2024-07-28,202401010408,2021100157,3,ロードトレイル,1,2024,0.352188795805,0.375202834606,0.404681175947
2024-07-28,202401010408,2021105175,4,セントキルダ,0,2024,0.173410937190,0.161271095276,0.160760968924
2024-07-28,202401010408,2019106637,5,アポロルタ,1,2024,0.137136101723,0.126196533442,0.151378482580
2024-07-28,202401010408,2021100522,6,ジョーメッドヴィン,0,2024,0.487708061934,0.596206188202,0.616144955158
2024-07-28,202401010408,2021103289,7,レディーエンジェル,0,2024,0.051173936576,0.044117256999,0.065212301910
2024-07-28,202401010408,2020104824,8,シンデレラスマイル,0,2024,0.258467465639,0.236539170146,0.234714969993
2024-07-28,202401010408,2020104616,10,パクスロマーナ,0,2024,0.207986205816,0.184955954552,0.158141702414
2024-07-28,202401010408,2021100016,11,ポリトナリティー,0,2024,0.045538388193,0.050383739173,0.053290318698
2024-07-28,202401010408,2021106854,12,ハピアーザンエバー,0,2024,0.288011789322,0.313497841358,0.305172204971
2024-07-28,202401010408,2021103052,13,サニイアール,0,2024,0.210039794445,0.181834802032,0.156421273947
2024-07-28,202401010408,2021100187,14,ニシノクラウン,0,2024,0.320683807135,0.215817391872,0.206562280655
2024-08-03,202404020310,2021105165,2,シアーエレガンス,0,2024,0.192695662379,0.209467187524,0.172964081168
2024-08-03,202404020310,2021101852,3,クリノヴァルキリー,0,2024,0.068369083107,0.067274630070,0.061826195568
2024-08-03,202404020310,2021103934,4,スマートヌーメン,0,2024,0.099377565086,0.090129531920,0.103750243783
2024-08-03,202404020310,2021103971,6,ハッピーデービー,1,2024,0.124947302043,0.139385193586,0.087386772037
2024-08-03,202404020310,2021105880,7,レッドエヴァンス,1,2024,0.516093015671,0.521651208401,0.549285471439
2024-08-03,202404020310,2021102854,9,ノーブルウィスパー,0,2024,0.293955892324,0.287067830563,0.277397036552
2024-08-03,202404020310,2021110117,10,イェルマーク,0,2024,0.250850975513,0.224600508809,0.191144719720
2024-08-03,202404020310,2021101126,11,クリノローレライ,0,2024,0.030258664861,0.029160318896,0.027693288401
2024-08-03,202404020310,2021105223,12,ルージュレイナス,0,2024,0.414519459009,0.414268195629,0.360384136438
2024-08-03,202404020310,2021106286,13,セイカアビイロード,0,2024,0.017828093842,0.019411437213,0.018887223676
2024-08-03,202404020310,2021103598,14,ブライトルピナス,0,2024,0.282442212105,0.270812511444,0.279139727354
2024-08-03,202404020310,2021101142,15,ユヌブリーズ,0,2024,0.132502585649,0.134585663676,0.148021608591
2024-08-03,202404020310,2021104170,17,リアリータイト,0,2024,0.018983785063,0.018668331206,0.020849006251
2024-08-04,202401010603,2021103322,1,スプリングデイ,1,2024,0.357573777437,0.366322040558,0.350406140089
2024-08-04,202401010603,2021106584,2,マコトジャーベ,0,2024,0.164083659649,0.143759295344,0.123110242188
2024-08-04,202401010603,2021105275,4,リュサントノレ,0,2024,0.257413446903,0.258481323719,0.221137300134
2024-08-04,202401010603,2021101769,5,ドレッド,0,2024,0.171326324344,0.202238529921,0.190657854080
2024-08-04,202401010603,2021105659,6,アムールリーベ,1,2024,0.488132625818,0.483425617218,0.538412988186
2024-08-04,202401010603,2021103277,7,メイショウマサユメ,0,2024,0.173147574067,0.181397557259,0.183261677623
2024-08-04,202401010603,2021102401,8,グランテレーズ,1,2024,0.463651120663,0.488125294447,0.496874570847
2024-08-04,202401010603,2021106789,9,コスモマチュアー,0,2024,0.040361404419,0.033964049071,0.035036835819
2024-08-04,202401010603,2021102706,11,アルーリングソレル,0,2024,0.014582182281,0.015704225749,0.018104594201
2024-08-04,202401010603,2021106809,12,コスモララバイ,0,2024,0.312664866447,0.345081210136,0.324613779783
2024-08-04,202401010603,2021105830,13,ロンフォン,0,2024,0.432900130749,0.386712878942,0.378778666258
2024-08-04,202401010603,2021102589,14,スマイルアクセス,0,2024,0.126751974225,0.128266692162,0.114050082862
2024-08-04,202401010603,2021105776,15,ピーエムドレミ,0,2024,0.200879961252,0.197216525674,0.122795522213
2024-08-04,202401010603,2021101245,16,カチヌキマリコ,0,2024,0.268514603376,0.251326322556,0.258657664061
2024-08-04,202401010610,2019104536,1,カイカノキセキ,0,2024,0.221144214272,0.219481930137,0.184920832515
2024-08-04,202401010610,2019103193,2,トリップトゥムーン,0,2024,0.161986142397,0.158475294709,0.151887923479
2024-08-04,202401010610,2020106987,3,スムースベルベット,0,2024,0.100229933858,0.096890889108,0.095419101417
2024-08-04,202401010610,2020103632,4,スイミーユニバンス,0,2024,0.242582902312,0.245219156146,0.258626312017
2024-08-04,202401010610,2020102140,5,アンビバレント,0,2024,0.072245396674,0.078700311482,0.081434614956
2024-08-04,202401010610,2019100772,6,ポルタフォルトゥナ,0,2024,0.170071288943,0.195457309484,0.193553179502
2024-08-04,202401010610,2020106623,7,ゴキゲンサン,0,2024,0.107049994171,0.096573680639,0.125464111567
2024-08-04,202401010610,2019105191,8,コナブラック,1,2024,0.168433442712,0.185917511582,0.207033038139
2024-08-04,202401010610,2019102436,9,ミズノコキュウ,1,2024,0.199424609542,0.207741364837,0.195085689425
2024-08-04,202401010610,2020104983,10,マルプリ,1,2024,0.157455280423,0.125933066010,0.104533523321
2024-08-04,202401010610,2020102718,11,オルフェスト,0,2024,0.322672784328,0.366083174944,0.379184305668
2024-08-04,202401010610,2018103620,12,ロゼクラン,0,2024,0.107259362936,0.106993280351,0.088846020401
2024-08-04,202401010610,2020101195,13,ゴルトリッチ,0,2024,0.287832826376,0.279076933861,0.259288400412
2024-08-04,202401010610,2019101679,14,ヴィアドロローサ,0,2024,0.119751416147,0.107787646353,0.112372033298
2024-08-04,202401010610,2021106594,15,ヤマニンアストロン,0,2024,0.269656747580,0.275786280632,0.266539543867
2024-08-04,202401010610,2019104675,16,アップストローク,0,2024,0.199580177665,0.208580940962,0.201905295253
2024-08-04,202401010612,2021104481,1,ビアフォーナウ,0,2024,0.096766263247,0.093948833644,0.124957114458
2024-08-04,202401010612,2020103292,2,ハレアカラフラ,0,2024,0.242723062634,0.256505548954,0.211150556803
2024-08-04,202401010612,2018100094,3,ナムラシベラ,0,2024,0.057540722191,0.051714345813,0.053891364485
2024-08-04,202401010612,2020104676,4,マイレーヌ,0,2024,0.262891501188,0.257928222418,0.253785938025
2024-08-04,202401010612,2020102050,5,サンポーニャ,0,2024,0.284919857979,0.296349167824,0.269550979137
2024-08-04,202401010612,2020104739,6,ランスオブサウンド,1,2024,0.098100639880,0.109252557158,0.115313872695
2024-08-04,202401010612,2021101677,8,ソルレース,1,2024,0.610258579254,0.536400377750,0.614586949348
2024-08-04,202401010612,2020103655,9,ダークブロンド,0,2024,0.105511695147,0.125723570585,0.128038942814
2024-08-04,202401010612,2019101133,10,ソングフォーユー,0,2024,0.315665394068,0.321792185307,0.311428874731
2024-08-04,202401010612,2020102208,11,マテンロウアネモス,0,2024,0.153132110834,0.137774467468,0.206402942538
2024-08-04,202401010612,2021103289,12,レディーエンジェル,0,2024,0.041494958103,0.040011260659,0.039935387671
2024-08-04,202401010612,2019105533,13,ラリベラ,0,2024,0.188416987658,0.181424379349,0.143431141973
2024-08-04,202401010612,2021105872,14,ベアゴーゴー,0,2024,0.501220881939,0.484476953745,0.554659783840
2024-08-04,202401010612,2020105897,16,ソアラ,0,2024,0.067729413509,0.077440865338,0.043782319874
2024-08-10,202401020112,2020100289,1,シルバーダイヤ,0,2024,0.059500925243,0.047645468265,0.075730249286
2024-08-10,202401020112,2021104665,2,レザンノワール,0,2024,0.255751490593,0.277172297239,0.285555392504
2024-08-10,202401020112,2019106637,3,アポロルタ,0,2024,0.282261610031,0.275403648615,0.236244201660
2024-08-10,202401020112,2021101682,4,ギルティプレジャー,0,2024,0.280906796455,0.268795669079,0.226333513856
2024-08-10,202401020112,2021101793,5,オオゾラヒバリ,0,2024,0.109427556396,0.114145629108,0.112444691360
2024-08-10,202401020112,2020100906,6,フライングブレード,0,2024,0.317732334137,0.300386250019,0.257531851530
2024-08-10,202401020112,2021104839,7,プレアデスグループ,0,2024,0.367766350508,0.419593453407,0.504405140877
2024-08-10,202401020112,2020104780,8,ラホーヤストーム,0,2024,0.112913236022,0.114755213261,0.098950222135
2024-08-10,202401020112,2021100187,9,ニシノクラウン,0,2024,0.168868646026,0.151488915086,0.147188782692
2024-08-10,202401020112,2021103535,10,シャインズオンユー,0,2024,0.155769228935,0.138024717569,0.142851307988
2024-08-10,202401020112,2019100548,11,タガノミア,0,2024,0.324101477861,0.313680231571,0.274290472269
2024-08-10,202401020112,2021100522,12,ジョーメッドヴィン,1,2024,0.462601572275,0.485607862473,0.484553694725
2024-08-10,202401020112,2020104739,13,ランスオブサウンド,1,2024,0.216056182981,0.232521206141,0.247222229838
2024-08-10,202401020112,2021102952,14,オベイユアマスター,1,2024,0.115274786949,0.115217633545,0.143445149064
2024-08-10,202401020112,2020102646,15,クラックオブドーン,0,2024,0.038419984281,0.036992248148,0.037262916565
2024-08-10,202401020112,2021104878,16,キングヴァージル,0,2024,0.030936688185,0.026069121435,0.037759862840
2024-08-10,202407020107,2021101791,2,メイショウソニック,0,2024,0.647761940956,0.685647964478,0.662586390972
2024-08-10,202407020107,2021103907,4,ショウナンマリン,1,2024,0.136774793267,0.108913734555,0.082249410450
2024-08-10,202407020107,2021110089,7,バラン,0,2024,0.224214166403,0.216040655971,0.177584528923
2024-08-10,202407020107,2021101013,8,サウンドヴェール,0,2024,0.074107974768,0.086510047317,0.093285255134
2024-08-10,202407020107,2021106613,9,チェリアーナ,0,2024,0.113675624132,0.107878588140,0.113534398377
2024-08-10,202407020107,2021105098,10,ディーエストッキー,1,2024,0.488276749849,0.567342698574,0.588374376297
2024-08-10,202407020107,2021101524,11,ビッグアンサー,0,2024,0.019896119833,0.015866588801,0.024370178580
2024-08-10,202407020107,2021105605,12,アイルドリアン,1,2024,0.091748438776,0.089011251926,0.075695000589
2024-08-10,202407020107,2021101933,14,レディーズナイト,0,2024,0.283973217010,0.292753160000,0.265216529369
2024-08-10,202407020107,2021105046,15,リプレット,0,2024,0.196876153350,0.204988196492,0.224986597896
2024-08-10,202407020107,2021110019,16,アーバンエア,0,2024,0.214681223035,0.242909342051,0.250585317612
2024-08-10,202407020107,2021104806,17,レオナルドスター,0,2024,0.364529043436,0.390728682280,0.387774437666
2024-08-10,202407020107,2021103550,18,キープライジング,0,2024,0.131517216563,0.149782359600,0.155307024717
2024-08-11,202401020211,2019105459,1,ソウテン,0,2024,0.157445505261,0.151672244072,0.171198055148
2024-08-11,202401020211,2019104911,2,プルパレイ,1,2024,0.165061876178,0.149198427796,0.161046594381
2024-08-11,202401020211,2019105452,3,ミッキーハーモニー,0,2024,0.233515888453,0.260643392801,0.259915620089
2024-08-11,202401020211,2018103515,4,カンティーユ,1,2024,0.447932094336,0.524004518986,0.562118351460
2024-08-11,202401020211,2018110035,5,シュバルツカイザー,0,2024,0.121725633740,0.085492804646,0.082693472505
2024-08-11,202401020211,2020102502,6,トーセンローリエ,0,2024,0.319335818291,0.305986166000,0.235016614199
2024-08-11,202401020211,2019104841,7,カルネアサーダ,0,2024,0.139230862260,0.136201858521,0.129704996943
2024-08-11,202401020211,2018100394,8,サトノラムセス,0,2024,0.047309961170,0.046521242708,0.043744426221
2024-08-11,202401020211,2020100105,9,エイシンフェンサー,0,2024,0.407341480255,0.340761512518,0.364311903715
2024-08-11,202401020211,2019100791,10,シナモンスティック,0,2024,0.271244674921,0.242095187306,0.257914483547
2024-08-11,202401020211,2021105774,11,ダノンマッキンリー,0,2024,0.276245594025,0.284245282412,0.278702795506
2024-08-11,202401020211,2020103589,12,ブトンドール,0,2024,0.110289849341,0.110642537475,0.119241580367
2024-08-11,202401020211,2019104470,13,キミワクイーン,1,2024,0.188681513071,0.156460464001,0.171317607164
2024-08-11,202401020211,2019102240,14,マメコ,0,2024,0.310256063938,0.282899051905,0.294056326151
2024-08-11,202401020211,2019102576,15,クリノマジン,0,2024,0.101671598852,0.092757374048,0.096590094268
2024-08-11,202401020211,2019105345,16,サブライムアンセム,0,2024,0.083566598594,0.057541944087,0.057926177979
2024-08-11,202407020212,2019104361,1,テーオースパロー,1,2024,0.184234797955,0.222284376621,0.237488910556
2024-08-11,202407020212,2019100604,2,ヤマニンアンフィル,1,2024,0.435657501221,0.391636729240,0.427807897329
2024-08-11,202407020212,2018104322,3,プレジールミノル,0,2024,0.111763462424,0.135895833373,0.118745528162
2024-08-11,202407020212,2019100578,4,クインズプリーズ,0,2024,0.197052359581,0.189476415515,0.132642745972
2024-08-11,202407020212,2020102738,5,エールレヴリー,0,2024,0.144537538290,0.141136243939,0.165357649326
2024-08-11,202407020212,2021102914,6,モズトキキ,0,2024,0.535715281963,0.481024980545,0.518479287624
2024-08-11,202407020212,2017101991,7,テンジュイン,0,2024,0.110988035798,0.127537652850,0.180183663964
2024-08-11,202407020212,2018103430,8,エスパダアスール,0,2024,0.104814633727,0.100938022137,0.079011447728
2024-08-11,202407020212,2021100144,9,ロードトレゾール,1,2024,0.372839361429,0.357462912798,0.405917257071
2024-08-11,202407020212,2019104498,10,インプロバイザー,0,2024,0.385115951300,0.383672922850,0.408878147602
2024-08-17,202401020303,2021103106,1,サイモンモーニング,0,2024,0.050582084805,0.052163612098,0.049425605685
2024-08-17,202401020303,2021105957,2,グレナマディー,0,2024,0.048811409622,0.046589396894,0.054511267692
2024-08-17,202401020303,2021103941,4,ジャヴァネ,0,2024,0.063352815807,0.068111769855,0.079138241708
2024-08-17,202401020303,2021101245,5,カチヌキマリコ,0,2024,0.376990497112,0.410872697830,0.425817459822
2024-08-17,202401020303,2021103052,6,サニイアール,1,2024,0.361710190773,0.365295201540,0.398926377296
2024-08-17,202401020303,2021105915,7,レガシーオブエリザ,0,2024,0.275303691626,0.313975006342,0.282900273800
2024-08-17,202401020303,2021102821,8,ランガン,0,2024,0.053536146879,0.064911343157,0.064535953104
2024-08-17,202401020303,2021102401,9,グランテレーズ,1,2024,0.585385084152,0.627349972725,0.661427676678
2024-08-17,202401020303,2021103548,10,フォカッチャ,0,2024,0.061815131456,0.053620520979,0.062724687159
2024-08-17,202401020303,2021106718,12,ダイメイコスズ,0,2024,0.078007571399,0.078427210450,0.074134826660
2024-08-17,202401020303,2021105216,14,シーメジャー,0,2024,0.164223894477,0.172133460641,0.146667405963
2024-08-17,202401020303,2021105714,15,キアロヴェローチェ,1,2024,0.301809579134,0.257250159979,0.289285540581
2024-08-17,202401020303,2021101427,16,ガーデンプランナー,0,2024,0.191558182240,0.153717309237,0.153004333377
2024-08-17,202407020301,2022107056,6,テーオーシュターデ,1,2024,0.528522431850,0.494378238916,0.524259746075
2024-08-17,202407020312,2021102726,1,ナリタヴィクトリー,0,2024,0.077429540455,0.079153135419,0.056094184518
2024-08-17,202407020312,2021107214,2,ケイティバトラー,0,2024,0.152940317988,0.124405324459,0.124526984990
2024-08-17,202407020312,2021110014,3,ブライトアゲイン,0,2024,0.067142292857,0.054106857628,0.078490339220
2024-08-17,202407020312,2021105862,4,フェリーニ,0,2024,0.367805182934,0.358085066080,0.292908281088
2024-08-17,202407020312,2020102537,5,チカポコ,0,2024,0.073538273573,0.073009938002,0.062542013824
2024-08-17,202407020312,2018103200,6,バーニングパワー,0,2024,0.163065448403,0.177524819970,0.164992466569
2024-08-17,202407020312,2020106821,7,ピースフルナイト,1,2024,0.073157608509,0.074279390275,0.071137934923
2024-08-17,202407020312,2020107203,8,イツモハラペコ,0,2024,0.077240943909,0.069527387619,0.078760385513
2024-08-17,202407020312,2021103210,9,メイショウサチダケ,0,2024,0.120398022234,0.125593602657,0.115679405630
2024-08-17,202407020312,2021105068,10,クリノハレルヤ,1,2024,0.172826811671,0.164013624191,0.182236418128
2024-08-17,202407020312,2019110127,12,サトノプリエール,0,2024,0.396153628826,0.444201648235,0.427870124578
2024-08-17,202407020312,2021104074,13,ラブディーヴァ,0,2024,0.207462370396,0.189914226532,0.193214327097
2024-08-17,202407020312,2020101372,14,クリノエンジェル,0,2024,0.094685181975,0.098272256553,0.083029121161
2024-08-17,202407020312,2020101229,15,レディメローラ,0,2024,0.429555505514,0.432868331671,0.431738048792
2024-08-17,202407020312,2020106777,16,セレッソデアモール,1,2024,0.226452648640,0.213818460703,0.215268477798
2024-08-17,202407020312,2021105217,17,プルミエプランタン,0,2024,0.088538907468,0.092411056161,0.112865962088
2024-08-17,202407020312,2021106586,18,ラブカムーン,0,2024,0.255308389664,0.256691575050,0.276712745428
2024-08-18,202401020410,2021105242,1,シカゴスティング,1,2024,0.392886638641,0.406809002161,0.429677307606
2024-08-18,202401020410,2019102436,2,ミズノコキュウ,0,2024,0.253063499928,0.288789182901,0.230868145823
2024-08-18,202401020410,2019104738,3,サウンドクレア,0,2024,0.127637252212,0.135490119457,0.139889717102
2024-08-18,202401020410,2021100610,4,アサギリ,0,2024,0.083265587687,0.075413033366,0.140296265483
2024-08-18,202401020410,2020100686,5,ジョリダム,0,2024,0.115503765643,0.124387331307,0.128419071436
2024-08-18,202401020410,2021102562,6,パルプフィクション,0,2024,0.059703886509,0.055350579321,0.102923601866
2024-08-18,202401020410,2020104087,7,グランツベリー,0,2024,0.095427639782,0.104241110384,0.106037743390
2024-08-18,202401020410,2021103005,8,ヒラボクミニー,0,2024,0.308248251677,0.297381043434,0.263916254044
2024-08-18,202401020410,2021105485,9,エリカカリーナ,0,2024,0.417526364326,0.449239134789,0.412566840649
2024-08-18,202401020410,2020104983,10,マルプリ,0,2024,0.148560151458,0.146476432681,0.138289093971
2024-08-18,202401020410,2019103897,11,ハピネスアゲン,0,2024,0.110334970057,0.110786467791,0.122483745217
2024-08-18,202401020410,2020103915,12,ツインクルトーズ,1,2024,0.093434527516,0.113611869514,0.106602959335
2024-08-18,202401020410,2021105619,13,スミレファースト,0,2024,0.249898895621,0.293519586325,0.277263641357
2024-08-18,202401020410,2021103278,14,メイショウミリオレ,0,2024,0.223485857248,0.220004275441,0.222919330001
2024-08-18,202401020410,2020103238,15,オックスリップ,0,2024,0.096323065460,0.120194077492,0.097881101072
2024-08-18,202401020410,2021104073,16,カピリナ,1,2024,0.385176569223,0.412537187338,0.413076043129
2024-08-18,202407020411,2019105806,1,ドロップオブライト,1,2024,0.255156666040,0.254428118467,0.255758106709
2024-08-18,202407020411,2018102281,2,キタノエクスプレス,0,2024,0.280360847712,0.301360875368,0.324088782072
2024-08-18,202407020411,2020101827,3,バースクライ,0,2024,0.213430732489,0.268423289061,0.286712288857
2024-08-18,202407020411,2019105139,4,スコールユニバンス,0,2024,0.069753378630,0.056508384645,0.049998458475
2024-08-18,202407020411,2020101543,5,グランテスト,1,2024,0.271683365107,0.293037176132,0.229959145188
2024-08-18,202407020411,2020105018,6,スズハローム,1,2024,0.191652387381,0.234969481826,0.215639680624
2024-08-18,202407020411,2019105512,7,ジャスティンスカイ,0,2024,0.284831762314,0.269826889038,0.220430299640
2024-08-18,202407020411,2019104057,8,サウンドビバーチェ,0,2024,0.123136065900,0.095167122781,0.082105152309
2024-08-18,202407020411,2020101419,9,ブーケファロス,0,2024,0.181090593338,0.189506068826,0.187728136778
2024-08-18,202407020411,2020110040,10,ヤクシマ,0,2024,0.082158766687,0.081123784184,0.066888220608
2024-08-18,202407020411,2017106137,11,グレイトゲイナー,0,2024,0.144039556384,0.116797283292,0.097104981542
2024-08-18,202407020411,2020101503,12,カンチェンジュンガ,0,2024,0.235112160444,0.214140549302,0.216319337487
2024-08-18,202407020411,2019110001,13,ショウナンハクラク,0,2024,0.090825125575,0.076745152473,0.065289504826
2024-08-18,202407020411,2020101897,14,レッドヒルシューズ,0,2024,0.155889078975,0.153125420213,0.137947589159
2024-08-18,202407020411,2019103714,15,メイショウソラフネ,0,2024,0.246120795608,0.237442716956,0.207180306315
2024-08-18,202407020411,2019105126,16,アグリ,0,2024,0.283079087734,0.325540304184,0.337519764900
2024-08-18,202407020411,2016104668,17,カリボール,0,2024,0.048571441323,0.035419426858,0.042534057051
2024-08-18,202407020411,2019106102,18,アネゴハダ,0,2024,0.130564287305,0.137228682637,0.128549516201
2024-08-24,202401020510,2019101262,1,ショウナンアメリア,0,2024,0.107308417559,0.101810701191,0.132268846035
2024-08-24,202401020510,2020101031,2,アスクエピソード,0,2024,0.219368785620,0.213983774185,0.218408942223
2024-08-24,202401020510,2019101643,3,バシレウスシチー,0,2024,0.520301163197,0.558559536934,0.578942894936
2024-08-24,202401020510,2019104675,4,アップストローク,0,2024,0.232415094972,0.244256436825,0.233235046268
2024-08-24,202401020510,2019101679,5,ヴィアドロローサ,0,2024,0.174524366856,0.152455389500,0.179226577282
2024-08-24,202401020510,2019103193,6,トリップトゥムーン,0,2024,0.127374425530,0.128031447530,0.107137970626
2024-08-24,202401020510,2020100121,7,イイヒニナル,0,2024,0.158394753933,0.161402821541,0.109227918088
2024-08-24,202401020510,2020104087,8,グランツベリー,0,2024,0.126139044762,0.133024752140,0.122064836323
2024-08-24,202401020510,2021110039,9,コーティアスマナー,1,2024,0.423426330090,0.427457004786,0.554674208164
2024-08-24,202401020510,2019104536,10,カイカノキセキ,0,2024,0.240035146475,0.219165459275,0.227109521627
2024-08-24,202401020510,2018104208,11,プリティインピンク,0,2024,0.053305931389,0.064640067518,0.088368564844
2024-08-24,202401020510,2020103238,12,オックスリップ,1,2024,0.201367601752,0.162263065577,0.157965943217
2024-08-24,202401020510,2018106613,13,プルスウルトラ,0,2024,0.090816035867,0.081938795745,0.056750029325
2024-08-24,202401020510,2020103356,14,クファシル,1,2024,0.246942818165,0.242622077465,0.225110992789
2024-08-24,202404030503,2021101875,1,ダンシングウィズ,0,2024,0.024891713634,0.027861492708,0.019374778494
2024-08-24,202404030503,2021105169,2,レジーナデッラネラ,0,2024,0.131331145763,0.139330193400,0.097621075809
2024-08-24,202404030503,2021103062,3,キャンディタフト,0,2024,0.053685996681,0.056608550251,0.059171646833
2024-08-24,202404030503,2021104119,4,トクシーオーディン,0,2024,0.140192568302,0.152385517955,0.148889765143
2024-08-24,202404030503,2021106488,5,ココロオドル,0,2024,0.089243903756,0.077948525548,0.079460904002
2024-08-24,202404030503,2021103549,6,ホウオウフロイト,0,2024,0.050676029176,0.051747992635,0.054141473025
2024-08-24,202404030503,2021102402,7,ルージュエリシア,0,2024,0.144467145205,0.127149745822,0.161259725690
2024-08-24,202404030503,2021101986,8,デルマヴェーダ,1,2024,0.416221499443,0.420683950186,0.377027332783
2024-08-24,202404030503,2021106050,10,フィローシャ,0,2024,0.113890282810,0.107346132398,0.115089237690
2024-08-24,202404030503,2021106638,11,シンデレラタイム,0,2024,0.126773640513,0.109723612666,0.102993719280
2024-08-24,202404030503,2021110042,12,サクソフィーナ,1,2024,0.298355400562,0.328317135572,0.330341160297
2024-08-24,202404030503,2021106617,13,クリーゲリン,0,2024,0.383447796106,0.398770958185,0.375341981649
2024-08-24,202404030503,2021106551,14,ダイシンネイビー,0,2024,0.373705923557,0.365302592516,0.341640472412
2024-08-24,202404030503,2021103284,15,ウォーオブサウンド,0,2024,0.176905065775,0.198506176472,0.172316700220
2024-08-24,202404030503,2021103422,16,ジョブックノワ,1,2024,0.348927587271,0.343121528625,0.327073395252
2024-08-24,202404030503,2021101869,17,パールホワイトイブ,0,2024,0.242651104927,0.316591978073,0.308787345886
2024-08-24,202404030503,2021102288,18,メーオーテソーロ,0,2024,0.098603121936,0.112241819501,0.082587644458
2024-08-25,202401020609,2020104739,1,ランスオブサウンド,0,2024,0.316512703896,0.287189006805,0.311258763075
2024-08-25,202401020609,2021103322,2,スプリングデイ,1,2024,0.453797578812,0.423632591963,0.456824809313
2024-08-25,202401020609,2019105533,3,ラリベラ,0,2024,0.335240930319,0.357388645411,0.283584654331
2024-08-25,202401020609,2021103575,4,アイスリンディ,0,2024,0.080659642816,0.068377226591,0.065228506923
2024-08-25,202401020609,2018100094,5,ナムラシベラ,0,2024,0.082851946354,0.078785300255,0.100751407444
2024-08-25,202401020609,2021105872,6,ベアゴーゴー,1,2024,0.582302570343,0.551208734512,0.583249747753
2024-08-25,202401020609,2020103527,7,メイプルリーフラグ,0,2024,0.019881304353,0.020742114633,0.029953666031
2024-08-25,202401020609,2020104616,8,パクスロマーナ,0,2024,0.244069859385,0.263895928860,0.246421948075
2024-08-25,202401020609,2019100548,9,タガノミア,0,2024,0.287220865488,0.296776294708,0.249826163054
2024-08-25,202401020609,2021105312,10,ルージュレベッカ,0,2024,0.064198441803,0.061970312148,0.068591952324
2024-08-25,202401020609,2020104415,11,スピニングマーリン,0,2024,0.045330245048,0.034394919872,0.028218317777
2024-08-25,202401020609,2020102208,12,マテンロウアネモス,0,2024,0.216957449913,0.190533638000,0.180914595723
2024-08-25,202401020609,2021101924,13,フィオライア,1,2024,0.386389642954,0.434317678213,0.532968759537
2024-08-25,202401020609,2020105897,14,ソアラ,0,2024,0.079642795026,0.087940804660,0.048879940063
2024-08-25,202401020609,2020106888,15,レターマイハート,0,2024,0.067131020129,0.067661389709,0.071554377675
2024-08-25,202401020611,2020104243,1,オオバンブルマイ,1,2024,0.332159250975,0.402015656233,0.328656554222
2024-08-25,202401020611,2019103753,2,ナムラクレア,0,2024,0.401069968939,0.460518747568,0.570672452450
2024-08-25,202401020611,2019104911,3,プルパレイ,0,2024,0.182555422187,0.140534520149,0.162182658911
2024-08-25,202401020611,2019102273,4,モリノドリーム,0,2024,0.283935755491,0.303800344467,0.275132566690
2024-08-25,202401020611,2019100791,5,シナモンスティック,0,2024,0.148319989443,0.124212384224,0.114458680153
2024-08-25,202401020611,2019102979,6,エイシンスポッター,1,2024,0.171734571457,0.197826802731,0.171770840883
2024-08-25,202401020611,2019100965,7,マテンロウオリオン,0,2024,0.060532964766,0.040353331715,0.035806316882
2024-08-25,202401020611,2018101343,8,ゾンニッヒ,0,2024,0.238863006234,0.246273756027,0.224476963282
2024-08-25,202401020611,2021110027,9,エトヴプレ,0,2024,0.316141396761,0.375939339399,0.383470356464
2024-08-25,202401020611,2019101700,10,サトノレーヴ,1,2024,0.486005187035,0.497327625751,0.525971829891
2024-08-25,202401020611,2018110035,11,シュバルツカイザー,0,2024,0.058060649782,0.044032726437,0.042193580419
2024-08-25,202401020611,2020100896,12,ビッグシーザー,0,2024,0.342697083950,0.390492618084,0.320588141680
2024-08-25,202401020611,2017105661,13,ジュビリーヘッド,0,2024,0.066906005144,0.069448746741,0.055838689208
2024-08-25,202401020611,2021105774,14,ダノンマッキンリー,0,2024,0.207419112325,0.210113316774,0.194561421871
2024-08-25,202401020611,2019105658,15,オタルエバー,0,2024,0.136808380485,0.147499471903,0.143248364329
2024-08-25,202401020611,2020103639,16,セッション,0,2024,0.227339014411,0.182978197932,0.162965297699
2024-08-31,202401020701,2022100867,1,オールマイタイム,0,2024,0.049085218459,0.054849132895,0.052298184484
2024-08-31,202401020701,2022102878,5,ナンナンプー,1,2024,0.215667322278,0.224951937795,0.241663336754
2024-08-31,202401020712,2019100772,1,ポルタフォルトゥナ,0,2024,0.198675796390,0.169782161713,0.164844781160
2024-08-31,202401020712,2020102140,2,アンビバレント,0,2024,0.065156295896,0.066293925047,0.086459212005
2024-08-31,202401020712,2021105619,3,スミレファースト,0,2024,0.321083903313,0.336109071970,0.341967821121
2024-08-31,202401020712,2021110039,4,コーティアスマナー,0,2024,0.423979222775,0.397471755743,0.407462030649
2024-08-31,202401020712,2020103898,5,イグニション,0,2024,0.165448695421,0.156001582742,0.166550636292
2024-08-31,202401020712,2018100097,6,スマートルシーダ,0,2024,0.096905604005,0.101220853627,0.105683036149
2024-08-31,202401020712,2020103632,7,スイミーユニバンス,1,2024,0.199734836817,0.226031124592,0.252673536539
2024-08-31,202401020712,2021102735,9,ペプチドシュチク,0,2024,0.156584218144,0.185079082847,0.200364947319
2024-08-31,202401020712,2020102568,10,ワイアウ,0,2024,0.052480105311,0.048440676183,0.083953425288
2024-08-31,202401020712,2019106076,11,ケイアイオメガ,0,2024,0.081764496863,0.089085750282,0.083457566798
2024-08-31,202401020712,2019100593,12,フラッシュアーク,0,2024,0.034957867116,0.045865971595,0.044488772750
2024-08-31,202401020712,2021100157,13,ロードトレイル,0,2024,0.281926095486,0.265678077936,0.306555509567
2024-08-31,202401020712,2018106455,14,メイショウハボタン,0,2024,0.089292153716,0.074893869460,0.076721675694
2024-08-31,202401020712,2020103915,15,ツインクルトーズ,1,2024,0.191967651248,0.194917351007,0.185963124037
2024-08-31,202401020712,2021100522,16,ジョーメッドヴィン,1,2024,0.353045433760,0.367849975824,0.361436158419
2024-08-31,202407020711,2020110133,1,フロムダスク,0,2024,0.119009092450,0.123742103577,0.150734990835
2024-08-31,202407020711,2017100403,2,プライムライン,0,2024,0.037570532411,0.042241647840,0.052098769695
2024-08-31,202407020711,2020104613,3,タツダイヤモンド,0,2024,0.275877594948,0.301183104515,0.355493128300
2024-08-31,202407020711,2019102137,4,シロン,1,2024,0.299461007118,0.326793670654,0.228698506951
2024-08-31,202407020711,2018103296,5,サニーオーシャン,0,2024,0.051848068833,0.047992393374,0.041362117976
2024-08-31,202407020711,2018106389,6,メイショウツツジ,0,2024,0.055430982262,0.062688522041,0.051245320588
2024-08-31,202407020711,2019105760,7,シュヴェルトライテ,0,2024,0.141449451447,0.128596603870,0.126027345657
2024-08-31,202407020711,2018102585,8,ロードラスター,0,2024,0.073557443917,0.086791634560,0.083802424371
2024-08-31,202407020711,2021100130,9,ロードフォアエース,1,2024,0.442846626043,0.422338694334,0.536534905434
2024-08-31,202407020711,2019105347,10,アバンチュリエ,0,2024,0.151707470417,0.147153124213,0.131916418672
2024-08-31,202407020711,2020110090,11,ティニア,1,2024,0.401789516211,0.403846710920,0.413028866053
2024-08-31,202407020711,2020103450,12,ピピオラ,0,2024,0.203055232763,0.210775405169,0.177359819412
2024-08-31,202407020711,2019105555,13,ヴェールアンレーヴ,0,2024,0.072428792715,0.083339720964,0.069691784680
2024-08-31,202407020711,2021110132,14,ジャスパーノワール,0,2024,0.134052947164,0.140550136566,0.154788881540
2024-08-31,202407020711,2017103020,15,ダンツイノーバ,0,2024,0.039794139564,0.044437363744,0.038470953703
2024-08-31,202407020711,2018102491,16,メイショウエニシア,0,2024,0.121777765453,0.133876472712,0.129881426692
2024-08-31,202407020711,2019100604,17,ヤマニンアンフィル,0,2024,0.217067599297,0.195601209998,0.251821517944
2024-08-31,202407020711,2017100461,18,ワンスカイ,0,2024,0.034100566059,0.039164692163,0.043903473765
2024-09-01,202401020804,2021100146,1,セントオブシン,0,2024,0.054951202124,0.057378895581,0.075444273651
2024-09-01,202401020804,2021101402,2,サトノフォルテ,0,2024,0.192012488842,0.216626986861,0.154026880860
2024-09-01,202401020804,2021105830,3,ロンフォン,0,2024,0.332016170025,0.354249298573,0.314754843712
2024-09-01,202401020804,2021102468,4,ブライティアダイヤ,1,2024,0.259042352438,0.228010833263,0.177184417844
2024-09-01,202401020804,2021100226,5,セキテイレア,0,2024,0.144598424435,0.165360629559,0.123808845878
2024-09-01,202401020804,2021102598,6,ラントゥリーダンス,0,2024,0.058510165662,0.060003854334,0.067159876227
2024-09-01,202401020804,2021101921,7,ポムファッジ,0,2024,0.186606585979,0.210257679224,0.181444242597
2024-09-01,202401020804,2021105827,8,フェアアイル,0,2024,0.122330218554,0.150105565786,0.141642570496
2024-09-01,202401020804,2021105714,9,キアロヴェローチェ,1,2024,0.209945887327,0.252875685692,0.236266389489
2024-09-01,202401020804,2021105902,10,ココシャンパーニュ,0,2024,0.403325289488,0.369997024536,0.404625236988
2024-09-01,202401020804,2021103004,11,ヒラボクヒーロー,0,2024,0.065309442580,0.060683757067,0.105730734766
2024-09-01,202401020804,2021100415,12,スウィートリワード,1,2024,0.364672422409,0.382897675037,0.308529138565
2024-09-01,202401020804,2021105659,13,アムールリーベ,0,2024,0.386965394020,0.418716371059,0.468195170164
2024-09-01,202401020804,2021103903,14,ヴァシロペス,0,2024,0.189474225044,0.193972975016,0.208535060287
2024-09-01,202401020804,2021104033,15,マルジェラ,0,2024,0.027959486470,0.028196549043,0.029342934489
2024-09-01,202401020804,2021103052,16,サニイアール,0,2024,0.264002799988,0.261671215296,0.228880062699
2024-09-01,202401020806,2021104665,1,レザンノワール,1,2024,0.396085202694,0.407030701637,0.419215679169
2024-09-01,202401020806,2018100094,2,ナムラシベラ,1,2024,0.113252229989,0.106110617518,0.111549451947
2024-09-01,202401020806,2021105175,3,セントキルダ,0,2024,0.189012303948,0.189515426755,0.195903673768
2024-09-01,202401020806,2020104415,4,スピニングマーリン,0,2024,0.055075276643,0.049253843725,0.060611076653
2024-09-01,202401020806,2021102952,5,オベイユアマスター,0,2024,0.259517431259,0.222939863801,0.226291656494
2024-09-01,202401020806,2021105533,6,サトノジール,0,2024,0.146426871419,0.151953339577,0.181638807058
2024-09-01,202401020806,2021101793,7,オオゾラヒバリ,0,2024,0.146293520927,0.150007113814,0.151252031326
2024-09-01,202401020806,2021105840,8,メネラオス,0,2024,0.073190383613,0.073993824422,0.067305475473
2024-09-01,202401020806,2020103261,9,アウクソー,0,2024,0.048392124474,0.040573932230,0.030847372487
2024-09-01,202401020806,2020100632,10,アイノセンシ,0,2024,0.065932892263,0.091318458319,0.085030205548
2024-09-01,202401020806,2019101644,11,キャンドルベリー,0,2024,0.095738984644,0.093027867377,0.150738611817
2024-09-01,202401020806,2021104004,12,リンクスクードボル,0,2024,0.123033426702,0.145455107093,0.189106166363
2024-09-01,202401020806,2021100678,13,ヒデシンイメル,0,2024,0.287416845560,0.351123541594,0.312633991241
2024-09-01,202401020806,2020100289,14,シルバーダイヤ,1,2024,0.082671269774,0.067688643932,0.084185585380
2024-09-01,202401020806,2017101448,15,ウインアステロイド,0,2024,0.121842861176,0.160918146372,0.187454119325
2024-09-01,202401020806,2021104839,16,プレアデスグループ,0,2024,0.334519684315,0.361434042454,0.356667548418
2024-09-01,202401020809,2022100639,7,ロードヴェルト,0,2024,0.283030569553,0.281073629856,0.224238261580
2024-09-01,202401020809,2022100490,9,モズナナスター,1,2024,0.394186496735,0.391910731792,0.308613896370
2024-09-07,202406040110,2020104088,1,ランドオブラヴ,1,2024,0.471766322851,0.456654608250,0.487506091595
2024-09-07,202406040110,2021102914,3,モズトキキ,1,2024,0.392354160547,0.386546045542,0.388829946518
2024-09-07,202406040110,2021100144,4,ロードトレゾール,0,2024,0.546715855598,0.548388719559,0.551696002483
2024-09-07,202406040110,2019104498,5,インプロバイザー,0,2024,0.202015578747,0.225984036922,0.245525598526
2024-09-07,202406040110,2019104675,6,アップストローク,1,2024,0.282692402601,0.303795635700,0.291046142578
2024-09-07,202406040110,2019106870,7,カジュフェイス,0,2024,0.086480736732,0.063182242215,0.078283138573
2024-09-07,202406040110,2019100755,8,アラクレ,0,2024,0.062466252595,0.079081580043,0.071620866656
2024-09-07,202406040110,2020105409,9,ディアドコス,0,2024,0.358240723610,0.366108894348,0.399951398373
2024-09-07,202406040110,2019104356,10,ディオアステリア,0,2024,0.309984594584,0.311619877815,0.342440903187
2024-09-07,202406040110,2020104496,11,トウシンカーリン,0,2024,0.147867530584,0.145839750767,0.116042330861
2024-09-07,202407030108,2021105435,1,アナベルエクラ,0,2024,0.021326165646,0.014804146253,0.020545834675
2024-09-07,202407030108,2020101635,2,ルクルス,0,2024,0.064251326025,0.064611427486,0.056527812034
2024-09-07,202407030108,2019105487,3,アドマイヤジェイ,1,2024,0.438367664814,0.469819903374,0.459469288588
2024-09-07,202407030108,2020105073,4,ガットネロ,1,2024,0.440815329552,0.430938571692,0.360557049513
2024-09-07,202407030108,2018103200,5,バーニングパワー,0,2024,0.181713715196,0.158228874207,0.137750878930
2024-09-07,202407030108,2019102062,6,ハルカナネガイ,0,2024,0.036651790142,0.034135594964,0.026577528566
2024-09-07,202407030108,2019110127,7,サトノプリエール,1,2024,0.361364066601,0.377400517464,0.377492755651
2024-09-07,202407030108,2020101597,8,サンライズタイソン,0,2024,0.205728247762,0.203605368733,0.191969916224
2024-09-07,202407030108,2020106821,9,ピースフルナイト,0,2024,0.164240315557,0.172250509262,0.168096929789
2024-09-07,202407030108,2019105265,10,アエリーゾ,0,2024,0.242445230484,0.238353028893,0.268262743950
2024-09-07,202407030108,2020103588,11,マテンロウナイト,0,2024,0.078774742782,0.087072812021,0.079331941903
2024-09-07,202407030108,2021105862,12,フェリーニ,0,2024,0.298747509718,0.287935286760,0.302377969027
2024-09-07,202407030108,2020105897,13,ソアラ,0,2024,0.029985152185,0.023956654593,0.018397767097
2024-09-07,202407030108,2020102728,14,ポルトドール,0,2024,0.077631786466,0.085190042853,0.059804078192
2024-09-07,202407030108,2020102537,15,チカポコ,0,2024,0.088359847665,0.080583773553,0.071697287261
2024-09-07,202407030108,2021105604,16,ステラスプレンダー,0,2024,0.200420498848,0.173669829965,0.152270495892
2024-09-07,202407030108,2021102013,17,ソルトクィーン,0,2024,0.456878453493,0.490686535835,0.510236263275
2024-09-07,202407030108,2019103876,18,アパショナード,0,2024,0.170342355967,0.177380621433,0.181721687317
2024-09-08,202406040210,2020110114,1,スリーアイランド,0,2024,0.154426261783,0.197769299150,0.260621100664
2024-09-08,202406040210,2018100693,2,ブルーシンフォニー,0,2024,0.196925252676,0.192407622933,0.240462735295
2024-09-08,202406040210,2020106706,3,タリア,0,2024,0.289654642344,0.261785775423,0.242749661207
2024-09-08,202406040210,2020102299,4,アシャカタカ,1,2024,0.323408186436,0.338245242834,0.376287192106
2024-09-08,202406040210,2019100214,5,ウインモナーク,1,2024,0.296937644482,0.308043688536,0.302774041891
2024-09-08,202406040210,2018110037,6,ブルースピリット,1,2024,0.094449274242,0.109655581415,0.114934980869
2024-09-08,202406040210,2019103594,7,レッドアヴァンティ,0,2024,0.462708443403,0.464181840420,0.493780165911
2024-09-08,202406040210,2019109094,8,ブッシュガーデン,0,2024,0.229632660747,0.229770138860,0.252290159464
2024-09-08,202406040210,2018103926,9,ショウナンラスボス,0,2024,0.276964724064,0.271075189114,0.299104452133
2024-09-08,202406040210,2018100406,10,ヴィントミューレ,0,2024,0.181812793016,0.188535943627,0.234651595354
2024-09-08,202407030211,2020102764,1,モズメイメイ,1,2024,0.169594228268,0.232547432184,0.218186736107
2024-09-08,202407030211,2019106102,2,アネゴハダ,0,2024,0.118037089705,0.108086742461,0.097138769925
2024-09-08,202407030211,2017106137,3,グレイトゲイナー,0,2024,0.127170205116,0.083909206092,0.077222101390
2024-09-08,202407030211,2017105298,4,ストーンリッジ,0,2024,0.149815037847,0.159201830626,0.101583331823
2024-09-08,202407030211,2020109102,5,サウザンサニー,0,2024,0.331019282341,0.393694967031,0.390876442194
2024-09-08,202407030211,2020104702,6,ジョウショーホープ,0,2024,0.271856576204,0.292351305485,0.267249405384
2024-09-08,202407030211,2018106055,7,ヨシノイースター,0,2024,0.337194651365,0.297103106976,0.286446958780
2024-09-08,202407030211,2019104470,8,キミワクイーン,0,2024,0.143245860934,0.129036888480,0.123299911618
2024-09-08,202407030211,2019105452,9,ミッキーハーモニー,0,2024,0.190363973379,0.173234537244,0.153639733791
2024-09-08,202407030211,2019103422,10,テイエムスパーダ,0,2024,0.069979213178,0.040641553700,0.054624453187
2024-09-08,202407030211,2015104364,11,トゥラヴェスーラ,0,2024,0.055528454483,0.047036435455,0.051672026515
2024-09-08,202407030211,2018104750,12,テンハッピーローズ,0,2024,0.176806151867,0.234634354711,0.219017669559
2024-09-08,202407030211,2021107058,13,ピューロマジック,0,2024,0.405094981194,0.407053142786,0.397083103657
2024-09-08,202407030211,2019103034,14,ダノンスコーピオン,0,2024,0.104980677366,0.089861504734,0.095808565617
2024-09-08,202407030211,2020105154,15,アサカラキング,0,2024,0.326667547226,0.342177420855,0.309195965528
2024-09-08,202407030211,2016104668,16,カリボール,0,2024,0.060087148100,0.049094691873,0.050726596266
2024-09-08,202407030211,2019106526,17,トウシンマカオ,1,2024,0.202901437879,0.240572556853,0.223765328526
2024-09-08,202407030211,2019105394,18,ママコチャ,1,2024,0.261993229389,0.364862501621,0.340386182070
2024-09-14,202406040303,2022103549,4,コムーネ,1,2024,0.280642032623,0.278044968843,0.162463665009
2024-09-14,202406040303,2022101936,7,テイオームサシ,0,2024,0.037989366800,0.036101762205,0.038849081844
2024-09-14,202406040303,2022103324,9,シュラフ,1,2024,0.605704426765,0.619184613228,0.573512017727
2024-09-15,202406040412,2021105833,1,カリーシ,1,2024,0.628894209862,0.521393001080,0.597208738327
2024-09-15,202406040412,2020103885,2,クリノゴッホ,0,2024,0.106828741729,0.100055240095,0.096963457763
2024-09-15,202406040412,2018101804,3,グローリアスカペラ,0,2024,0.087529897690,0.084261126816,0.076571770012
2024-09-15,202406040412,2020100632,4,アイノセンシ,1,2024,0.103444054723,0.081459708512,0.096743784845
2024-09-15,202406040412,2020104250,5,マジカルガール,0,2024,0.146912649274,0.161171749234,0.126172259450
2024-09-15,202406040412,2020104796,6,ホイッスルソング,0,2024,0.182276621461,0.190037548542,0.204364612699
2024-09-15,202406040412,2021101905,7,キョウエイカンセ,0,2024,0.083724386990,0.085796177387,0.093496061862
2024-09-15,202406040412,2020101140,8,シルバージュエリー,0,2024,0.250566780567,0.227062508464,0.223767966032
2024-09-15,202406040412,2021102449,9,ロマンスライト,0,2024,0.118819683790,0.120626136661,0.148415684700
2024-09-15,202406040412,2020104291,10,ベリーベリーベリー,0,2024,0.211443021894,0.214368432760,0.296328485012
2024-09-15,202406040412,2020102377,11,サンタアナテソーロ,0,2024,0.071882851422,0.062808893621,0.079441785812
2024-09-15,202406040412,2019110122,12,ブラヴィーノ,0,2024,0.056853726506,0.050439801067,0.045158296824
2024-09-15,202406040412,2021103561,13,ゴールドスター,1,2024,0.245300680399,0.262410789728,0.266804158688
2024-09-15,202406040412,2019101416,14,エールトゥヘヴン,0,2024,0.295958071947,0.289734005928,0.281572192907
2024-09-15,202406040412,2020100355,15,ナックブレイブ,0,2024,0.114537306130,0.109010651708,0.133222937584
2024-09-15,202406040412,2021104896,16,アシセバイラ,0,2024,0.045096211135,0.044539384544,0.064713306725
2024-09-15,202407030403,2022107056,8,テーオーシュターデ,0,2024,0.514103472233,0.503306925297,0.585289657116
2024-09-21,202406040604,2020103962,1,ステークホルダー,1,2024,0.289182037115,0.308799982071,0.282901644707
2024-09-21,202406040604,2021101394,2,モンレーヴ,0,2024,0.140707045794,0.145933732390,0.123819857836
2024-09-21,202406040604,2020100289,3,シルバーダイヤ,0,2024,0.109335020185,0.101437941194,0.113414816558
2024-09-21,202406040604,2021106298,4,モリノレッドスター,1,2024,0.280857741833,0.283055573702,0.287729084492
2024-09-21,202406040604,2020104342,5,キガン,0,2024,0.085265368223,0.087008297443,0.082166194916
2024-09-21,202406040604,2021100594,6,アンバーニードル,0,2024,0.164035111666,0.165079027414,0.197583556175
2024-09-21,202406040604,2021104490,7,エクセルゴールド,0,2024,0.214004367590,0.235010087490,0.243609011173
2024-09-21,202406040604,2021105872,8,ベアゴーゴー,0,2024,0.561600208282,0.506028115749,0.523475706577
2024-09-21,202406040604,2020104477,9,スイーツバイキング,0,2024,0.049057506025,0.051401279867,0.065316684544
2024-09-21,202406040604,2019101416,10,エールトゥヘヴン,0,2024,0.219402521849,0.203641861677,0.197960749269
2024-09-21,202406040604,2021101905,11,キョウエイカンセ,0,2024,0.043624714017,0.048196595162,0.042753800750
2024-09-21,202406040604,2020101586,12,エルフレスアリー,1,2024,0.289377391338,0.285331040621,0.300838530064
2024-09-21,202406040604,2021100053,13,ミスファントム,0,2024,0.220236256719,0.196850195527,0.236524924636
2024-09-21,202406040604,2021104049,14,バイデンテソーロ,0,2024,0.231661543250,0.195902794600,0.191561669111
2024-09-21,202406040604,2020104415,15,スピニングマーリン,0,2024,0.043662920594,0.043595816940,0.047581735998
2024-09-21,202406040609,2022106603,3,モジャーリオ,0,2024,0.238743111491,0.240599647164,0.249482691288
2024-09-21,202406040609,2022106874,4,ナムラトロム,0,2024,0.513300240040,0.455049693584,0.445541203022
2024-09-21,202406040609,2022100490,5,モズナナスター,1,2024,0.604155540466,0.540633738041,0.562662243843
2024-09-21,202406040609,2022103066,7,レイピア,1,2024,0.675012648106,0.586316168308,0.585771679878
2024-09-21,202406040609,2022107120,8,スンシム,0,2024,0.039234172553,0.034656833857,0.033612903208
2024-09-21,202407030610,2020104825,1,スカプラリオ,0,2024,0.043139439076,0.040649287403,0.046206746250
2024-09-21,202407030610,2020103898,2,イグニション,0,2024,0.219354003668,0.217447102070,0.196828484535
2024-09-21,202407030610,2021100522,3,ジョーメッドヴィン,1,2024,0.396903723478,0.386194080114,0.380108088255
2024-09-21,202407030610,2021105039,4,ゴールドサーベル,0,2024,0.125028267503,0.134807184339,0.147145256400
2024-09-21,202407030610,2019100578,5,クインズプリーズ,0,2024,0.079863213003,0.074011057615,0.056936968118
2024-09-21,202407030610,2021101654,6,トーラスシャイン,1,2024,0.304868400097,0.309342205524,0.344105362892
2024-09-21,202407030610,2019105445,7,ワーフデール,0,2024,0.104538150132,0.107530981302,0.104033581913
2024-09-21,202407030610,2021107180,8,ジュンヴァンケット,0,2024,0.438982605934,0.447250634432,0.398109823465
2024-09-21,202407030610,2020103325,9,プロトポロス,0,2024,0.335994005203,0.375630855560,0.433443725109
2024-09-21,202407030610,2018106455,10,メイショウハボタン,0,2024,0.085607543588,0.087544068694,0.093596354127
2024-09-21,202407030610,2018100618,11,トーホウジュナール,0,2024,0.051757812500,0.064258955419,0.075907252729
2024-09-21,202407030610,2019104361,12,テーオースパロー,0,2024,0.150091230869,0.150312900543,0.176807954907
2024-09-21,202407030610,2020102738,13,エールレヴリー,0,2024,0.092139266431,0.093660853803,0.107428722084
2024-09-21,202407030610,2021105295,14,レーヴジーニアル,0,2024,0.382679611444,0.336826920509,0.290152519941
2024-09-21,202407030610,2021101924,15,フィオライア,1,2024,0.437362581491,0.424372911453,0.521520674229
2024-09-21,202407030610,2021103278,16,メイショウミリオレ,0,2024,0.255302935839,0.262151122093,0.325836539268
2024-09-22,202406040702,2022106999,2,ニシノクードクール,1,2024,0.544355690479,0.548407971859,0.597218632698
2024-09-22,202407030710,2019100581,1,ヒルノローザンヌ,0,2024,0.064159892499,0.065772876143,0.055620156229
2024-09-22,202407030710,2020106330,2,ラウラーナ,0,2024,0.111808508635,0.103963688016,0.108701735735
2024-09-22,202407030710,2020103915,3,ツインクルトーズ,1,2024,0.153056383133,0.154445797205,0.153274998069
2024-09-22,202407030710,2020102630,4,アルーリングビュー,0,2024,0.124986276031,0.121846057475,0.121974356472
2024-09-22,202407030710,2019104525,5,ラキエータ,0,2024,0.152054339647,0.164307445288,0.139124140143
2024-09-22,202407030710,2020100815,6,ミルトクレイモー,1,2024,0.213856220245,0.238263890147,0.238736778498
2024-09-22,202407030710,2018103926,7,ショウナンラスボス,0,2024,0.213961780071,0.202748224139,0.185554385185
2024-09-22,202407030710,2019101626,8,ピンクマクフィー,0,2024,0.201518207788,0.178244531155,0.196696266532
2024-09-22,202407030710,2020107176,9,ワックスフラワー,0,2024,0.182833969593,0.177945286036,0.129691511393
2024-09-22,202407030710,2021105202,10,ポエットリー,0,2024,0.243171125650,0.249451354146,0.296988576651
2024-09-22,202407030710,2019103898,11,スーサンアッシャー,0,2024,0.179185479879,0.206907749176,0.176268115640
2024-09-22,202407030710,2021100130,12,ロードフォアエース,1,2024,0.505197584629,0.543017327785,0.566793620586
2024-09-22,202407030710,2018102491,13,メイショウエニシア,0,2024,0.116077743471,0.110728360713,0.075730949640
2024-09-22,202407030710,2018104559,14,ナリタローゼ,0,2024,0.136322766542,0.133239671588,0.130453720689
2024-09-22,202407030710,2019105760,15,シュヴェルトライテ,0,2024,0.094316259027,0.094005227089,0.075382150710
2024-09-22,202407030710,2020105365,16,ドーバーホーク,0,2024,0.193424075842,0.208037942648,0.198665753007
2024-09-22,202407030710,2017100461,17,ワンスカイ,0,2024,0.030172608793,0.031204134226,0.023051692173
2024-09-28,202406040802,2022102621,6,リケアコンパンナ,0,2024,0.035827871412,0.030740620568,0.028798133135
2024-09-28,202406040810,2019105175,1,ステイトダイアデム,0,2024,0.410345673561,0.486269831657,0.544090569019
2024-09-28,202406040810,2019103897,2,ハピネスアゲン,1,2024,0.254395812750,0.209624141455,0.212960898876
2024-09-28,202406040810,2019101266,3,ザアトム,0,2024,0.146670535207,0.140467926860,0.101095423102
2024-09-28,202406040810,2019103806,4,ベルウッドブラボー,0,2024,0.095087312162,0.084437660873,0.065658748150
2024-09-28,202406040810,2020105409,5,ディアドコス,1,2024,0.347205817699,0.380141884089,0.351730614901
2024-09-28,202406040810,2021104665,6,レザンノワール,1,2024,0.393990129232,0.396498292685,0.438635855913
2024-09-28,202406040810,2019106870,7,カジュフェイス,0,2024,0.072921268642,0.071815960109,0.055551186204
2024-09-28,202406040810,2021102670,8,イサチルシーサイド,0,2024,0.222640320659,0.207463905215,0.269279390574
2024-09-28,202406040810,2018100097,9,スマートルシーダ,0,2024,0.155487388372,0.165364310145,0.176089718938
2024-09-28,202406040810,2019100755,10,アラクレ,0,2024,0.063785932958,0.067145444453,0.071822650731
2024-09-28,202406040810,2019104356,11,ディオアステリア,0,2024,0.222115039825,0.211511358619,0.227926924825
2024-09-28,202406040810,2021106939,12,タイセイフェスタ,0,2024,0.074396282434,0.086006529629,0.118477992713
2024-09-28,202406040810,2021100338,13,テセラリアン,0,2024,0.204912900925,0.203102782369,0.254916846752
2024-09-28,202406040810,2019104675,14,アップストローク,0,2024,0.246536508203,0.255489468575,0.261670559645
2024-09-29,202406040911,2020104243,1,オオバンブルマイ,0,2024,0.333423912525,0.356297165155,0.377434194088
2024-09-29,202406040911,2019106526,2,トウシンマカオ,1,2024,0.227070316672,0.257583796978,0.255984336138
2024-09-29,202406040911,2019100213,3,ウインマーベル,0,2024,0.276773422956,0.267824470997,0.211275085807
2024-09-29,202406040911,2019102979,4,エイシンスポッター,0,2024,0.167043000460,0.167922332883,0.183738604188
2024-09-29,202406040911,2019103753,5,ナムラクレア,1,2024,0.388236314058,0.398455023766,0.359068095684
2024-09-29,202406040911,2019105394,6,ママコチャ,0,2024,0.347444027662,0.333855211735,0.283247411251
2024-09-29,202406040911,2019110020,7,マッドクール,0,2024,0.336602181196,0.339893639088,0.299763441086
2024-09-29,202406040911,2020102764,8,モズメイメイ,0,2024,0.205014824867,0.269696742296,0.251122653484
2024-09-29,202406040911,2021107058,10,ピューロマジック,0,2024,0.286056369543,0.277977705002,0.254544675350
2024-09-29,202406040911,2019103034,11,ダノンスコーピオン,0,2024,0.078101404011,0.057163860649,0.066038176417
2024-09-29,202406040911,2019101700,12,サトノレーヴ,0,2024,0.490796089172,0.515236556530,0.529521703720
2024-09-29,202406040911,2020106851,13,ルガル,1,2024,0.223177894950,0.226118028164,0.206123784184
2024-09-29,202406040911,2017100434,15,ヴェントヴォーチェ,0,2024,0.082157813013,0.154674038291,0.074051216245
2024-09-29,202406040911,2017101423,16,ウイングレイテスト,0,2024,0.134352266788,0.155264094472,0.112854175270
2024-10-05,202408050111,2020101419,1,ブーケファロス,0,2024,0.182820111513,0.171361938119,0.197592779994
2024-10-05,202408050111,2021104405,2,セットアップ,0,2024,0.298550218344,0.278295218945,0.269510507584
2024-10-05,202408050111,2018102595,3,ロードマックス,0,2024,0.044678814709,0.032578352839,0.034810479730
2024-10-05,202408050111,2017105097,4,グランデマーレ,0,2024,0.060052543879,0.063834026456,0.060877684504
2024-10-05,202408050111,2019105139,5,スコールユニバンス,0,2024,0.064126148820,0.071062631905,0.065656416118
2024-10-05,202408050111,2020101543,6,グランテスト,0,2024,0.396261096001,0.395606338978,0.358062118292
2024-10-05,202408050111,2021102392,7,ナナオ,0,2024,0.394678592682,0.394973665476,0.417997837067
2024-10-05,202408050111,2021102320,8,ペアポルックス,1,2024,0.292585819960,0.313451051712,0.294821202755
2024-10-05,202408050111,2019105512,9,ジャスティンスカイ,0,2024,0.349790722132,0.371209144592,0.314442038536
2024-10-05,202408050111,2020101503,10,カンチェンジュンガ,0,2024,0.221273750067,0.194234833121,0.223070099950
2024-10-05,202408050111,2019105968,11,チェイスザドリーム,0,2024,0.141431421041,0.141667127609,0.120382711291
2024-10-05,202408050111,2018102281,12,キタノエクスプレス,0,2024,0.321349471807,0.303683608770,0.323760658503
2024-10-05,202408050111,2019103714,13,メイショウソラフネ,1,2024,0.296008199453,0.265180021524,0.259290367365
2024-10-05,202408050111,2020100896,14,ビッグシーザー,1,2024,0.387874662876,0.421145975590,0.343958288431
2024-10-05,202408050111,2019104911,15,プルパレイ,0,2024,0.202425763011,0.167368292809,0.173174947500
2024-10-05,202408050111,2019102273,16,モリノドリーム,0,2024,0.240100771189,0.228184178472,0.243310719728
2024-10-05,202408050111,2016110119,17,ジャスパージャック,0,2024,0.014779483899,0.011804518290,0.014623658732
2024-10-05,202408050111,2019106102,18,アネゴハダ,0,2024,0.101766817272,0.098991490901,0.094791240990
2024-10-12,202404040309,2020103477,1,サトノアルペジオ,0,2024,0.049624331295,0.054433837533,0.044488996267
2024-10-12,202404040309,2020101992,2,ライクアフラワー,1,2024,0.387057185173,0.421067416668,0.466728478670
2024-10-12,202404040309,2020104796,3,ホイッスルソング,0,2024,0.119947679341,0.116057030857,0.131478294730
2024-10-12,202404040309,2021100643,4,トレンシャリー,0,2024,0.091030165553,0.071954429150,0.068929381669
2024-10-12,202404040309,2021105713,5,ヴィントシュティレ,0,2024,0.193479120731,0.267026573420,0.235011160374
2024-10-12,202404040309,2019101446,6,ワンリオン,0,2024,0.168653711677,0.166498377919,0.169068485498
2024-10-12,202404040309,2020102819,7,アイソラシー,0,2024,0.070140495896,0.078205168247,0.077413856983
2024-10-12,202404040309,2021103561,8,ゴールドスター,1,2024,0.366510212421,0.417372018099,0.392496585846
2024-10-12,202404040309,2020102216,10,ジェムステート,0,2024,0.039166830480,0.037505708635,0.041528336704
2024-10-12,202404040309,2019109096,11,ダイヤモンドフジ,0,2024,0.135413438082,0.139069318771,0.155048146844
2024-10-12,202404040309,2021103119,12,ニシノアヤカゼ,0,2024,0.149989575148,0.161153391004,0.170658692718
2024-10-12,202404040309,2021105894,13,レアリゼアンレーヴ,0,2024,0.040588088334,0.036883056164,0.040561441332
2024-10-12,202404040309,2021105794,15,レザンクレール,0,2024,0.195372954011,0.206095173955,0.218988895416
2024-10-12,202404040309,2020103507,16,グラニットピーク,0,2024,0.049476899207,0.045376170427,0.046568941325
2024-10-12,202404040309,2019101765,17,ビッグパレード,0,2024,0.156556904316,0.170512288809,0.175016105175
2024-10-12,202404040309,2021106298,18,モリノレッドスター,1,2024,0.325150042772,0.351590216160,0.339063286781
2024-10-12,202408050312,2021100522,1,ジョーメッドヴィン,0,2024,0.502008080482,0.517373502254,0.542037725449
2024-10-12,202408050312,2020104825,2,スカプラリオ,0,2024,0.067585743964,0.061289712787,0.070815652609
2024-10-12,202408050312,2020106795,3,フクノワカバ,0,2024,0.048201832920,0.040918599814,0.040798161179
2024-10-12,202408050312,2021101598,4,アンクルクロス,0,2024,0.309823960066,0.333545207977,0.295912772417
2024-10-12,202408050312,2020103962,5,ステークホルダー,0,2024,0.410398513079,0.452097922564,0.430084705353
2024-10-12,202408050312,2019106870,6,カジュフェイス,0,2024,0.082289263606,0.075327768922,0.057964976877
2024-10-12,202408050312,2021102461,7,バンドシェル,1,2024,0.252674371004,0.272969663143,0.331834375858
2024-10-12,202408050312,2021106615,8,キャンシーエンゼル,0,2024,0.273271322250,0.304105013609,0.329272121191
2024-10-12,202408050312,2021101654,9,トーラスシャイン,0,2024,0.339765220881,0.322888374329,0.327690452337
2024-10-12,202408050312,2017101767,10,ベンガン,0,2024,0.051165234298,0.054459135979,0.065702348948
2024-10-12,202408050312,2018104322,11,プレジールミノル,0,2024,0.056178014725,0.060820151120,0.057333778590
2024-10-12,202408050312,2020103238,12,オックスリップ,1,2024,0.133633404970,0.142837390304,0.140341266990
2024-10-12,202408050312,2020103284,13,トールキン,0,2024,0.081816025078,0.086022816598,0.080012194812
2024-10-12,202408050312,2021105054,14,モンシュマン,1,2024,0.290782600641,0.360251575708,0.337370067835
2024-10-12,202408050312,2020101763,15,トーホウフランゴ,0,2024,0.152869731188,0.136369362473,0.135871142149
2024-10-12,202408050312,2019103806,16,ベルウッドブラボー,0,2024,0.085645928979,0.071868792176,0.070654019713
2024-10-12,202408050312,2018106455,17,メイショウハボタン,0,2024,0.077106244862,0.073800660670,0.056307375431
2024-10-14,202404040403,2022109054,2,マサウッドテール,0,2024,0.076468765736,0.094676867127,0.054181758314
2024-10-14,202404040403,2022103570,11,シーオン,0,2024,0.107501007617,0.095104008913,0.062140740454
2024-10-14,202404040403,2022107056,13,テーオーシュターデ,0,2024,0.376940906048,0.395952105522,0.385090470314
2024-10-14,202404040403,2022105304,14,エルモッソペンドロ,0,2024,0.229022383690,0.220929071307,0.159663677216
2024-10-19,202404040511,2021110132,1,ジャスパーノワール,1,2024,0.187956362963,0.216028809547,0.188532516360
2024-10-19,202404040511,2019102041,2,アドヴァイス,0,2024,0.149537771940,0.109813332558,0.110721863806
2024-10-19,202404040511,2020101262,3,エコロレジーナ,0,2024,0.106506429613,0.102114714682,0.124330639839
2024-10-19,202404040511,2019100751,4,マイネルレノン,0,2024,0.281003296375,0.273664087057,0.323312371969
2024-10-19,202404040511,2019104697,5,ショウナンマッハ,0,2024,0.050851780921,0.060454379767,0.063894182444
2024-10-19,202404040511,2020101792,7,プロスペリダード,0,2024,0.216310992837,0.229519978166,0.263471573591
2024-10-19,202404040511,2020103915,8,ツインクルトーズ,1,2024,0.249602004886,0.269155412912,0.289509356022
2024-10-19,202404040511,2018110037,9,ブルースピリット,0,2024,0.095742225647,0.093010552227,0.093968376517
2024-10-19,202404040511,2020104613,10,タツダイヤモンド,0,2024,0.205578505993,0.213788032532,0.221936628222
2024-10-19,202404040511,2020100443,11,エイシンエイト,0,2024,0.109248869121,0.122045204043,0.117488689721
2024-10-19,202404040511,2020106706,12,タリア,0,2024,0.129568234086,0.133592739701,0.129174306989
2024-10-19,202404040511,2020105365,13,ドーバーホーク,0,2024,0.100412152708,0.120220646262,0.095118477941
2024-10-19,202404040511,2019102137,14,シロン,1,2024,0.207759976387,0.226780176163,0.186371088028
2024-10-19,202404040511,2020102971,15,サトノグレイト,0,2024,0.217647537589,0.211104899645,0.246696949005
2024-10-19,202404040511,2019105191,16,コナブラック,0,2024,0.140410289168,0.143189147115,0.151765286922
2024-10-19,202404040511,2018103902,17,サウンドブライアン,0,2024,0.080235503614,0.081331089139,0.077509850264
2024-10-19,202404040511,2019103897,18,ハピネスアゲン,0,2024,0.123759806156,0.169935569167,0.189440995455
2024-10-20,202408050602,2022109114,5,レーニス,0,2024,0.606729924679,0.564312636852,0.615462183952
2024-10-20,202408050602,2022104308,8,シカレ,0,2024,0.078402504325,0.079142652452,0.070216648281
2024-10-27,202404040810,2021105619,1,スミレファースト,0,2024,0.275830835104,0.306876510382,0.313546568155
2024-10-27,202404040810,2020101195,2,ゴルトリッチ,0,2024,0.185964062810,0.198046222329,0.176407605410
2024-10-27,202404040810,2018100618,3,トーホウジュナール,0,2024,0.061479404569,0.065279655159,0.057280760258
2024-10-27,202404040810,2020103898,4,イグニション,1,2024,0.168710365891,0.157166793942,0.156389266253
2024-10-27,202404040810,2021104073,5,カピリナ,1,2024,0.430100202560,0.426097691059,0.501993238926
2024-10-27,202404040810,2019102436,6,ミズノコキュウ,0,2024,0.177941560745,0.198888316751,0.186490416527
2024-10-27,202404040810,2019104361,7,テーオースパロー,0,2024,0.129580363631,0.148621231318,0.165498405695
2024-10-27,202404040810,2019105508,8,ステルナティーア,0,2024,0.034181609750,0.029778307304,0.035187218338
2024-10-27,202404040810,2017101991,9,テンジュイン,0,2024,0.024894254282,0.032451517880,0.030213013291
2024-10-27,202404040810,2020102738,10,エールレヴリー,0,2024,0.175434306264,0.174491107464,0.198371127248
2024-10-27,202404040810,2019100210,11,ウインバグース,0,2024,0.069227434695,0.079176589847,0.082035146654
2024-10-27,202404040810,2020105409,12,ディアドコス,1,2024,0.270766854286,0.276439636946,0.224096581340
2024-10-27,202404040810,2018110149,13,コスモアディラート,0,2024,0.251193106174,0.253342300653,0.241784363985
2024-10-27,202404040810,2021100610,14,アサギリ,0,2024,0.087262175977,0.106242053211,0.121414028108
2024-10-27,202404040810,2021105833,15,カリーシ,0,2024,0.468802213669,0.427251189947,0.474850058556
2024-10-27,202404040810,2020103632,16,スイミーユニバンス,0,2024,0.163484081626,0.198067471385,0.201043978333
2024-11-02,202403030102,2022102514,3,ベイビーキッス,1,2024,0.227204933763,0.264528632164,0.205002203584
2024-11-02,202403030102,2022103154,4,カルミネイション,0,2024,0.320488810539,0.321508556604,0.300824135542
2024-11-02,202403030102,2022106741,12,メイリー,0,2024,0.665848016739,0.668301582336,0.630135536194
2024-11-02,202403030112,2020101367,1,ルンナノオクリモノ,0,2024,0.131155937910,0.135235786438,0.112295590341
2024-11-02,202403030112,2020103698,2,エリカソレイユ,1,2024,0.048266738653,0.050272896886,0.037859369069
2024-11-02,202403030112,2020101517,3,ソノママソノママ,1,2024,0.307783275843,0.324894368649,0.358333230019
2024-11-02,202403030112,2020103885,4,クリノゴッホ,0,2024,0.113930203021,0.104262694716,0.082298159599
2024-11-02,202403030112,2020103301,5,エーリチェ,1,2024,0.096084304154,0.083556301892,0.053540192544
2024-11-02,202403030112,2020100592,6,ポケッティーノ,0,2024,0.037830647081,0.037861876190,0.057634536177
2024-11-02,202403030112,2021106323,7,サンライズテラス,0,2024,0.037828262895,0.035976227373,0.024232368916
2024-11-02,202403030112,2020101660,8,ケイパブル,0,2024,0.183470174670,0.175161033869,0.144910097122
2024-11-02,202403030112,2021101279,9,シャインヴィーナス,0,2024,0.183836057782,0.164279520512,0.182248741388
2024-11-02,202403030112,2020101229,10,レディメローラ,0,2024,0.329088598490,0.346923232079,0.407215178013
2024-11-02,202403030112,2020100707,11,クレセントウイング,1,2024,0.067434497178,0.063221752644,0.054265670478
2024-11-02,202403030112,2020106963,12,アンタノバラード,0,2024,0.320509672165,0.313894599676,0.341723918915
2024-11-02,202403030112,2018103200,13,バーニングパワー,0,2024,0.166657626629,0.146621510386,0.133755326271
2024-11-02,202403030112,2021103118,14,セイウンサニー,0,2024,0.143255040050,0.136876538396,0.147945135832
2024-11-02,202403030112,2020101992,15,ライクアフラワー,0,2024,0.509001195431,0.503736078739,0.545588254929
2024-11-02,202403030112,2021104886,16,ドゥーカスコーリ,0,2024,0.221559926867,0.212461784482,0.191076189280
2024-11-03,202403030202,2022100981,5,エイシンパンタレイ,1,2024,0.340891659260,0.369056224823,0.347882270813
2024-11-03,202403030202,2022104197,6,カウンターセブン,1,2024,0.456022053957,0.450606256723,0.414218425751
2024-11-03,202403030202,2022101279,8,エネルゲイア,0,2024,0.299150347710,0.319284707308,0.343327403069
2024-11-03,202403030202,2022102321,10,カーティブヨーク,0,2024,0.186589539051,0.184960991144,0.186333000660
2024-11-03,202403030202,2022101936,12,テイオームサシ,0,2024,0.077055923641,0.064659155905,0.056456319988
2024-11-03,202403030202,2022102621,13,リケアコンパンナ,0,2024,0.076601177454,0.068528965116,0.070697516203
2024-11-03,202403030202,2022103322,15,カパラミプ,0,2024,0.053414952010,0.066228374839,0.067260921001
2024-11-03,202403030208,2019105487,1,アドマイヤジェイ,0,2024,0.488468319178,0.542705655098,0.461706906557
2024-11-03,202403030208,2019101765,2,ビッグパレード,0,2024,0.141546219587,0.138823151588,0.148224383593
2024-11-03,202403030208,2021102561,3,キーウェーブ,0,2024,0.168331220746,0.181625545025,0.191567733884
2024-11-03,202403030208,2019103517,4,ディージェーサン,1,2024,0.132922813296,0.132745802402,0.120075352490
2024-11-03,202403030208,2021100697,5,ケイサンノーブル,0,2024,0.020749399439,0.015126990154,0.013504786417
2024-11-03,202403030208,2021101102,6,ナムラエデン,0,2024,0.242195680737,0.247519999743,0.266540765762
2024-11-03,202403030208,2020106344,7,ローブドゥマリエ,0,2024,0.189821958542,0.164978533983,0.171183302999
2024-11-03,202403030208,2021107063,8,イツモニコニコ,0,2024,0.180505320430,0.182099670172,0.170936435461
2024-11-03,202403030208,2017101448,9,ウインアステロイド,0,2024,0.127622127533,0.163729727268,0.148950904608
2024-11-03,202403030208,2021105092,10,ソングオブライフ,1,2024,0.311863571405,0.322988122702,0.300676852465
2024-11-03,202403030208,2019103876,11,アパショナード,0,2024,0.084982328117,0.083018139005,0.080027058721
2024-11-03,202403030208,2021104490,12,エクセルゴールド,0,2024,0.225034564734,0.224636256695,0.234080001712
2024-11-03,202403030208,2021104074,13,ラブディーヴァ,1,2024,0.096654452384,0.096366263926,0.137224882841
2024-11-03,202403030208,2021103971,14,ハッピーデービー,0,2024,0.139030501246,0.133180409670,0.146396934986
2024-11-03,202403030208,2021105068,15,クリノハレルヤ,0,2024,0.124284572899,0.136688247323,0.145910471678
2024-11-03,202403030208,2021103299,16,シアター,0,2024,0.221788153052,0.254595756531,0.324079453945
2024-11-03,202403030211,2020102672,1,メイクアスナッチ,0,2024,0.139075309038,0.128028795123,0.092377506196
2024-11-03,202403030211,2019105345,2,サブライムアンセム,0,2024,0.147769585252,0.153030112386,0.105925865471
2024-11-03,202403030211,2020106967,3,キタウイング,0,2024,0.105557076633,0.101117379963,0.080079115927
2024-11-03,202403030211,2020105574,4,ラビュリントス,0,2024,0.034175105393,0.025924006477,0.022969771177
2024-11-03,202403030211,2019100450,5,ファロロジー,0,2024,0.108341358602,0.101331308484,0.105628699064
2024-11-03,202403030211,2019105439,6,エターナルタイム,1,2024,0.501453101635,0.520785808563,0.503202617168
2024-11-03,202403030211,2020101588,7,ロンドンプラン,0,2024,0.047827675939,0.043580837548,0.045490782708
2024-11-03,202403030211,2019110102,8,デュガ,0,2024,0.220930933952,0.192257598042,0.205257564783
2024-11-03,202403030211,2017100240,9,スノーテーラー,0,2024,0.112910889089,0.138060733676,0.124752357602
2024-11-03,202403030211,2019104915,10,バンデルオーラ,0,2024,0.112678915262,0.119405299425,0.137211650610
2024-11-03,202403030211,2018102155,11,マイネルジェロディ,0,2024,0.173777624965,0.166689246893,0.179921254516
2024-11-03,202403030211,2019102576,12,クリノマジン,0,2024,0.131825223565,0.122930295765,0.135051608086
2024-11-03,202403030211,2021102320,13,ペアポルックス,0,2024,0.442708820105,0.458444446325,0.366662591696
2024-11-03,202403030211,2019100214,14,ウインモナーク,1,2024,0.289483696222,0.283676475286,0.314381986856
2024-11-03,202403030211,2020101897,15,レッドヒルシューズ,1,2024,0.275825887918,0.300116360188,0.304734617472
2024-11-03,202403030211,2018106504,16,サトノアイ,0,2024,0.052689217031,0.054684747010,0.047430485487
2024-11-03,202408060210,2019102041,1,アドヴァイス,0,2024,0.332041174173,0.289959102869,0.256400913000
2024-11-03,202408060210,2018103902,2,サウンドブライアン,0,2024,0.175407588482,0.143525779247,0.182334497571
2024-11-03,202408060210,2019104697,3,ショウナンマッハ,0,2024,0.148276016116,0.145008131862,0.112569659948
2024-11-03,202408060210,2020102971,4,サトノグレイト,0,2024,0.335314810276,0.337714016438,0.312947094440
2024-11-03,202408060210,2020105539,5,タガノシャーンス,1,2024,0.469497412443,0.402052402496,0.310208261013
2024-11-03,202408060210,2018104559,6,ナリタローゼ,1,2024,0.194456845522,0.202085852623,0.255524307489
2024-11-03,202408060210,2019105044,7,アドマイヤラヴィ,0,2024,0.325783878565,0.310207068920,0.412956684828
2024-11-03,202408060210,2020103356,8,クファシル,1,2024,0.499390751123,0.490619242191,0.590250492096
2024-11-03,202408060210,2019102786,9,ウォータールグラン,0,2024,0.086568340659,0.057776361704,0.043331947178
2024-11-03,202408060210,2019101626,10,ピンクマクフィー,0,2024,0.337217569351,0.367166250944,0.340628623962
2024-11-09,202403030303,2022107225,3,アミグダラ,0,2024,0.226483449340,0.236396834254,0.161220997572
2024-11-09,202403030303,2022107056,5,テーオーシュターデ,1,2024,0.439673453569,0.474544137716,0.449643850327
2024-11-09,202403030303,2022102371,6,ゴーゴーゴウト,0,2024,0.157023102045,0.171275898814,0.116668619215
2024-11-09,202403030303,2022106907,12,ペタルブランシュ,1,2024,0.296218156815,0.321398556232,0.280614942312
2024-11-09,202403030306,2021101682,1,ギルティプレジャー,0,2024,0.200914084911,0.185793668032,0.165035963058
2024-11-09,202403030306,2020100956,2,スーパーマン,1,2024,0.375741511583,0.402859628201,0.296452641487
2024-11-09,202403030306,2020106131,3,ジオパーククラウン,1,2024,0.111221447587,0.115940771997,0.104359284043
2024-11-09,202403030306,2020100084,4,レッドカメリア,1,2024,0.036170177162,0.029599234462,0.017815707251
2024-11-09,202403030306,2019102510,5,アップフルーク,0,2024,0.098064899445,0.107222430408,0.066501177847
2024-11-09,202403030306,2021104137,6,ミエノブラボー,0,2024,0.120545431972,0.129886582494,0.122248403728
2024-11-09,202403030306,2021103119,7,ニシノアヤカゼ,0,2024,0.262625813484,0.259403884411,0.294661015272
2024-11-09,202403030306,2021103552,8,イスラアズール,0,2024,0.035173591226,0.053922962397,0.053866967559
2024-11-09,202403030306,2020100997,9,マルモリディライト,0,2024,0.175280079246,0.176371738315,0.175487145782
2024-11-09,202403030306,2021102401,10,グランテレーズ,0,2024,0.436514079571,0.483826845884,0.459127187729
2024-11-09,202403030306,2021100643,11,トレンシャリー,0,2024,0.138399958611,0.154230028391,0.181063592434
2024-11-09,202403030306,2019105265,12,アエリーゾ,0,2024,0.272395044565,0.281795889139,0.327850192785
2024-11-09,202403030306,2020100800,13,イナウィンク,0,2024,0.039834801108,0.036030493677,0.029722316191
2024-11-09,202403030306,2021106586,14,ラブカムーン,0,2024,0.131115391850,0.121951267123,0.121195867658
2024-11-09,202403030306,2021102468,15,ブライティアダイヤ,0,2024,0.315684318542,0.296303182840,0.303892195225
2024-11-09,202403030306,2020100355,16,ナックブレイブ,0,2024,0.103346236050,0.112005449831,0.112119272351
2024-11-09,202403030310,2020104983,1,マルプリ,0,2024,0.235021099448,0.247386872768,0.270936548710
2024-11-09,202403030310,2020105484,2,ニシノコウダイ,1,2024,0.197405546904,0.223782926798,0.187818124890
2024-11-09,202403030310,2020101872,3,デイトナモード,0,2024,0.289190500975,0.306546390057,0.261735171080
2024-11-09,202403030310,2018103485,4,ジャガード,0,2024,0.042109023780,0.034638684243,0.019936600700
2024-11-09,202403030310,2020106777,5,セレッソデアモール,0,2024,0.190445914865,0.211405336857,0.195516511798
2024-11-09,202403030310,2020110068,6,エイムインライフ,0,2024,0.101494528353,0.120614707470,0.118870787323
2024-11-09,202403030310,2019101643,7,バシレウスシチー,1,2024,0.316697150469,0.342073112726,0.320958614349
2024-11-09,202403030310,2019103193,8,トリップトゥムーン,0,2024,0.072836101055,0.069914035499,0.066210538149
2024-11-09,202403030310,2021100157,9,ロードトレイル,0,2024,0.240777164698,0.262610048056,0.316625058651
2024-11-09,202403030310,2021105054,10,モンシュマン,0,2024,0.412641942501,0.460698068142,0.378995031118
2024-11-09,202403030310,2020101378,11,アイヲツグモノ,0,2024,0.138139992952,0.128829210997,0.199666842818
2024-11-09,202403030310,2020102718,12,オルフェスト,0,2024,0.226857706904,0.259368807077,0.277101278305
2024-11-09,202403030310,2021100243,13,セイウンティーダ,0,2024,0.095772743225,0.112023063004,0.128001764417
2024-11-09,202403030310,2021106440,14,アララララ,0,2024,0.132826596498,0.155673101544,0.132954001427
2024-11-09,202403030310,2021103005,15,ヒラボクミニー,0,2024,0.233108654618,0.230530768633,0.206652715802
2024-11-09,202403030310,2019101270,16,ヨール,1,2024,0.067281454802,0.071479700506,0.081296108663
2024-11-09,202403030312,2019106409,1,サンマルヴァレー,1,2024,0.023905457929,0.013710618019,0.007712386083
2024-11-09,202403030312,2021104140,3,グレースルージュ,0,2024,0.092480301857,0.079528592527,0.080526724458
2024-11-09,202403030312,2020103292,4,ハレアカラフラ,0,2024,0.213678777218,0.195532456040,0.182041525841
2024-11-09,202403030312,2021101576,5,レオテミス,1,2024,0.203906133771,0.233622387052,0.230374693871
2024-11-09,202403030312,2020102208,6,マテンロウアネモス,0,2024,0.305300056934,0.307305186987,0.309815466404
2024-11-09,202403030312,2021104839,7,プレアデスグループ,0,2024,0.196621462703,0.205390974879,0.211576819420
2024-11-09,202403030312,2020106149,8,アスキーアート,0,2024,0.125892832875,0.129667237401,0.147051587701
2024-11-09,202403030312,2021103322,9,スプリングデイ,0,2024,0.304593294859,0.363950610161,0.439821809530
2024-11-09,202403030312,2021102277,10,ポトマックテソーロ,0,2024,0.343277513981,0.344969391823,0.430524945259
2024-11-09,202403030312,2020100236,11,ニシノトキメキ,0,2024,0.156267821789,0.165990233421,0.180591791868
2024-11-09,202403030312,2021103249,12,ロビンバローズ,0,2024,0.184434890747,0.176515832543,0.173145338893
2024-11-09,202403030312,2021105543,13,コートリーバウ,0,2024,0.041151259094,0.038356792182,0.049419734627
2024-11-09,202403030312,2021105358,14,アスティスプマンテ,1,2024,0.288060963154,0.320178419352,0.329025655985
2024-11-09,202403030312,2021100362,15,ホウオウドルーリー,0,2024,0.249126687646,0.190668106079,0.239404574037
2024-11-09,202403030312,2020102640,16,サイモンオリーブ,0,2024,0.152104601264,0.156482964754,0.137185886502
2024-11-10,202403030407,2021106692,1,ヘキルリ,0,2024,0.187025085092,0.139990866184,0.139171943069
2024-11-10,202403030407,2021105150,2,ナファロア,0,2024,0.166241869330,0.148603752255,0.141996234655
2024-11-10,202403030407,2021110014,3,ブライトアゲイン,0,2024,0.112431637943,0.093958184123,0.106380932033
2024-11-10,202403030407,2019109096,4,ダイヤモンドフジ,0,2024,0.229175329208,0.251543372869,0.242341712117
2024-11-10,202403030407,2021103116,5,ヤブサメ,1,2024,0.418286025524,0.429966598749,0.373353809118
2024-11-10,202403030407,2021105880,6,レッドエヴァンス,0,2024,0.516268908978,0.504951417446,0.500009655952
2024-11-10,202403030407,2021105901,7,ジークルーネ,0,2024,0.174012467265,0.134920805693,0.115433588624
2024-11-10,202403030407,2019106503,8,ソレントフレイバー,1,2024,0.195683076978,0.216050997376,0.183528006077
2024-11-10,202403030407,2020104739,9,ランスオブサウンド,0,2024,0.194867447019,0.185548573732,0.210783451796
2024-11-10,202403030407,2019110122,10,ブラヴィーノ,0,2024,0.044488020241,0.039915625006,0.057319156826
2024-11-10,202403030407,2020104250,11,マジカルガール,0,2024,0.082686856389,0.085582055151,0.075604945421
2024-11-10,202403030407,2021105604,12,ステラスプレンダー,0,2024,0.150764927268,0.140959426761,0.156640514731
2024-11-10,202403030407,2021109087,13,ニュージェネラル,0,2024,0.031782209873,0.023017209023,0.033577807248
2024-11-10,202403030407,2021106298,14,モリノレッドスター,0,2024,0.340381711721,0.371591269970,0.371933668852
2024-11-10,202403030407,2021110002,15,ワールドシリーズ,0,2024,0.259888559580,0.224666148424,0.214983940125
2024-11-10,202403030407,2020101586,16,エルフレスアリー,1,2024,0.361926347017,0.382670402527,0.412563294172
2024-11-10,202403030409,2022103066,2,レイピア,1,2024,0.295624583960,0.322151690722,0.296529561281
2024-11-10,202403030409,2022105244,4,ポッドベイダー,1,2024,0.213060960174,0.197505965829,0.189652115107
2024-11-10,202403030409,2022103192,5,オイランブチ,0,2024,0.114243753254,0.113130204380,0.072508186102
2024-11-10,202403030409,2022104698,7,ブルーサンセット,0,2024,0.325608253479,0.320386230946,0.282458424568
2024-11-10,202403030409,2022100639,8,ロードヴェルト,0,2024,0.127380490303,0.117530725896,0.123818583786
2024-11-10,202403030409,2022103324,10,シュラフ,0,2024,0.351408779621,0.346980869770,0.350588947535
2024-11-10,202403030409,2022110112,11,ジャスパーディビネ,0,2024,0.118114955723,0.097545728087,0.072073847055
2024-11-10,202403030409,2022104533,13,チョングク,0,2024,0.050985686481,0.042492460459,0.035322736949
2024-11-10,202403030409,2022104637,14,ホウオウブースター,0,2024,0.210600495338,0.189056739211,0.153106734157
2024-11-10,202403030409,2022104190,15,ラトルシェ,0,2024,0.320913255215,0.304993212223,0.268843770027
2024-11-10,202403030409,2022103549,16,コムーネ,0,2024,0.136830344796,0.118755184114,0.093560419977
2024-11-16,202403030508,2021101793,1,オオゾラヒバリ,0,2024,0.217810928822,0.189668670297,0.241360723972
2024-11-16,202403030508,2019101416,2,エールトゥヘヴン,0,2024,0.336762487888,0.361077278852,0.335545301437
2024-11-16,202403030508,2021105175,3,セントキルダ,0,2024,0.163547173142,0.148392915726,0.104837834835
2024-11-16,202403030508,2020103698,5,エリカソレイユ,0,2024,0.190052956343,0.181148976088,0.112444788218
2024-11-16,202403030508,2021106178,6,シュシュトディエス,0,2024,0.064960427582,0.058141529560,0.066865310073
2024-11-16,202403030508,2020106722,7,クインズエルサ,0,2024,0.063405297697,0.071593068540,0.097873762250
2024-11-16,202403030508,2021103210,8,メイショウサチダケ,0,2024,0.161378636956,0.167221084237,0.112960435450
2024-11-16,202403030508,2020105897,9,ソアラ,0,2024,0.035566203296,0.034907389432,0.035021312535
2024-11-16,202403030508,2021106395,10,ハッピーサプライズ,0,2024,0.032574459910,0.043982885778,0.026852941141
2024-11-16,202403030508,2021105092,11,ソングオブライフ,1,2024,0.519028007984,0.521444499493,0.559930980206
2024-11-16,202403030508,2021100476,12,ファイツオン,1,2024,0.389876812696,0.420839190483,0.550798654556
2024-11-16,202403030508,2020103420,13,セレンディピティ,0,2024,0.291924417019,0.269412279129,0.267385810614
2024-11-16,202403030508,2019105172,14,エスペラント,1,2024,0.094394415617,0.084745794535,0.107763849199
2024-11-16,202403030508,2020100707,15,クレセントウイング,0,2024,0.216029748321,0.190292850137,0.202875986695
2024-11-16,202403030508,2021106854,16,ハピアーザンエバー,0,2024,0.209747463465,0.230808824301,0.264909267426
2024-11-16,202403030511,2019103594,1,レッドアヴァンティ,1,2024,0.428405135870,0.422951459885,0.396463632584
2024-11-16,202403030511,2019104260,2,メイショウクリフト,0,2024,0.094320826232,0.108678609133,0.108372129500
2024-11-16,202403030511,2019104386,3,トーセンサンダー,0,2024,0.234280914068,0.228826761246,0.247216105461
2024-11-16,202403030511,2018106389,4,メイショウツツジ,0,2024,0.073698155582,0.055996786803,0.049906928092
2024-11-16,202403030511,2020102299,5,アシャカタカ,0,2024,0.255410403013,0.285205215216,0.259147405624
2024-11-16,202403030511,2018102491,6,メイショウエニシア,0,2024,0.114334702492,0.115772336721,0.093499481678
2024-11-16,202403030511,2019103897,7,ハピネスアゲン,0,2024,0.242749914527,0.266627788544,0.242120906711
2024-11-16,202403030511,2020102630,8,アルーリングビュー,1,2024,0.077874600887,0.094218470156,0.095855668187
2024-11-16,202403030511,2020103915,9,ツインクルトーズ,0,2024,0.260937899351,0.270077705383,0.276285350323
2024-11-16,202403030511,2021105242,10,シカゴスティング,0,2024,0.351782947779,0.407272547483,0.445670366287
2024-11-16,202403030511,2020110114,11,スリーアイランド,1,2024,0.239510118961,0.269612193108,0.263003647327
2024-11-16,202403030511,2020104613,12,タツダイヤモンド,0,2024,0.186152562499,0.203908637166,0.181154981256
2024-11-16,202403030511,2018102585,13,ロードラスター,0,2024,0.046438738704,0.043413743377,0.038941647857
2024-11-16,202403030511,2021110132,14,ジャスパーノワール,0,2024,0.250516116619,0.282682061195,0.257195413113
2024-11-16,202403030511,2019100653,15,ハギノメーテル,0,2024,0.032160643488,0.031322956085,0.027559710667
2024-11-16,202403030511,2020104203,16,スピードオブライト,0,2024,0.183422788978,0.204027995467,0.170143187046
2024-11-17,202403030606,2022105363,1,ラピッドグロウス,0,2024,0.376700639725,0.400937438011,0.344655305147
2024-11-17,202403030606,2022106969,4,メルシーボクアスク,0,2024,0.558262169361,0.532837331295,0.505899012089
2024-11-17,202403030606,2022104197,10,カウンターセブン,0,2024,0.451663643122,0.475792884827,0.481609165668
2024-11-17,202403030606,2022103947,14,ルクスレゼルヴァ,1,2024,0.253509640694,0.218107447028,0.191061019897
2024-11-17,202403030612,2020106585,1,ヴォンヌヴォー,0,2024,0.024989716709,0.023537345231,0.018448803574
2024-11-17,202403030612,2021102468,2,ブライティアダイヤ,0,2024,0.327449530363,0.324049234390,0.277658015490
2024-11-17,202403030612,2020100084,3,レッドカメリア,0,2024,0.067197017372,0.066161684692,0.052232295275
2024-11-17,202403030612,2021104903,4,ヴェルトラウム,0,2024,0.175659283996,0.152471393347,0.172360256314
2024-11-17,202403030612,2021104490,5,エクセルゴールド,0,2024,0.314675390720,0.323454260826,0.299046307802
2024-11-17,202403030612,2020100956,6,スーパーマン,0,2024,0.310324311256,0.313462108374,0.273802131414
2024-11-17,202403030612,2020100500,7,ヴィエンヌ,0,2024,0.063610978425,0.069321878254,0.085025563836
2024-11-17,202403030612,2020105298,8,ノースディーバ,0,2024,0.198827713728,0.201249897480,0.206953972578
2024-11-17,202403030612,2020101229,9,レディメローラ,0,2024,0.364757418633,0.382506370544,0.345928937197
2024-11-17,202403030612,2021106690,10,ペルフェツィオーネ,0,2024,0.105531960726,0.120110586286,0.116108477116
2024-11-17,202403030612,2021103312,11,ロードマイライフ,1,2024,0.398684680462,0.380963176489,0.419439136982
2024-11-17,202403030612,2021101605,12,エルプロフェッサー,0,2024,0.184347823262,0.186055198312,0.190873637795
2024-11-17,202403030612,2021102433,13,アートフォーム,0,2024,0.173879295588,0.174937337637,0.158828139305
2024-11-17,202403030612,2019106503,14,ソレントフレイバー,1,2024,0.334587812424,0.327582269907,0.320954144001
2024-11-17,202403030612,2021100019,15,マサノカナリア,1,2024,0.166949510574,0.172902867198,0.120674796402
2024-11-17,202403030612,2021103289,16,レディーエンジェル,0,2024,0.060546137393,0.057025637478,0.049997914582
2024-11-17,202408060601,2022104646,5,プレインコート,0,2024,0.138276398182,0.125880822539,0.114606849849
2024-11-17,202408060601,2022101456,6,ダイヤモンド,1,2024,0.421695142984,0.408752650023,0.428887337446
2024-11-17,202408060601,2022103653,9,アスカノソング,0,2024,0.020507132635,0.015332832932,0.019245898351
2024-11-17,202408060601,2022103154,14,カルミネイション,0,2024,0.325523674488,0.302645176649,0.307956695557
2024-11-23,202408060712,2021105833,1,カリーシ,0,2024,0.512146055698,0.498697221279,0.486708909273
2024-11-23,202408060712,2020106737,2,メイショウコギク,0,2024,0.092357434332,0.099712856114,0.083245530725
2024-11-23,202408060712,2021110039,4,コーティアスマナー,0,2024,0.330344915390,0.365051567554,0.424662590027
2024-11-23,202408060712,2018100097,5,スマートルシーダ,0,2024,0.078135229647,0.082485511899,0.095120489597
2024-11-23,202408060712,2019104498,6,インプロバイザー,1,2024,0.080137580633,0.085707746446,0.103955246508
2024-11-23,202408060712,2019101679,7,ヴィアドロローサ,0,2024,0.057062286884,0.056178964674,0.073520973325
2024-11-23,202408060712,2021101598,8,アンクルクロス,1,2024,0.273054987192,0.287658095360,0.293926298618
2024-11-23,202408060712,2021103278,9,メイショウミリオレ,0,2024,0.156361848116,0.180073365569,0.209078058600
2024-11-23,202408060712,2020110068,10,エイムインライフ,0,2024,0.173743441701,0.165181815624,0.143047928810
2024-11-23,202408060712,2020103898,11,イグニション,0,2024,0.182434991002,0.171506032348,0.162034243345
2024-11-23,202408060712,2020102140,12,アンビバレント,0,2024,0.039731994271,0.042030695826,0.034148763865
2024-11-23,202408060712,2021103171,13,タイキヴァンクール,1,2024,0.465070784092,0.496559560299,0.486602693796
2024-11-23,202408060712,2019102458,14,ワンダーキサラ,0,2024,0.290106475353,0.270685613155,0.285894989967
2024-11-23,202408060712,2021102461,15,バンドシェル,0,2024,0.296298980713,0.328648447990,0.381276935339
2024-11-23,202408060712,2019103193,16,トリップトゥムーン,0,2024,0.077523656189,0.079940252006,0.075363993645
2024-11-24,202408060812,2017101429,1,ウインカーネリアン,1,2024,0.193006232381,0.207655459642,0.188096493483
2024-11-24,202408060812,2017100434,2,ヴェントヴォーチェ,1,2024,0.164831474423,0.188034906983,0.184037730098
2024-11-24,202408060812,2020100896,3,ビッグシーザー,1,2024,0.425523817539,0.400644153357,0.409507542849
2024-11-24,202408060812,2019104911,4,プルパレイ,0,2024,0.178118780255,0.167510464787,0.168434143066
2024-11-24,202408060812,2017106137,5,グレイトゲイナー,0,2024,0.071685813367,0.047724470496,0.051595918834
2024-11-24,202408060812,2019105126,6,アグリ,0,2024,0.268238186836,0.281505018473,0.245525032282
2024-11-24,202408060812,2019105806,7,ドロップオブライト,0,2024,0.220700621605,0.224827706814,0.214434951544
2024-11-24,202408060812,2019105345,8,サブライムアンセム,0,2024,0.051675133407,0.045560337603,0.051609382033
2024-11-24,202408060812,2018105366,9,レッドベルオーブ,0,2024,0.032236337662,0.030849609524,0.029091235250
2024-11-24,202408060812,2020101543,10,グランテスト,0,2024,0.356362313032,0.342287331820,0.329384148121
2024-11-24,202408060812,2020101503,11,カンチェンジュンガ,0,2024,0.189843282104,0.175318986177,0.134081006050
2024-11-24,202408060812,2019102979,12,エイシンスポッター,0,2024,0.216790363193,0.221135750413,0.263285547495
2024-11-24,202408060812,2019103422,13,テイエムスパーダ,0,2024,0.066489629447,0.049057736993,0.081766821444
2024-11-24,202408060812,2020102764,14,モズメイメイ,0,2024,0.318813920021,0.343846201897,0.347062706947
2024-11-24,202408060812,2019105968,15,チェイスザドリーム,0,2024,0.106500163674,0.090103730559,0.128228738904
2024-11-24,202408060812,2019102240,16,マメコ,0,2024,0.168521046638,0.155622482300,0.162358626723
2024-11-24,202408060812,2020101897,17,レッドヒルシューズ,0,2024,0.279352337122,0.267472118139,0.242031931877
2024-11-24,202408060812,2016106263,18,ラプタス,0,2024,0.059115588665,0.064037829638,0.085511840880
2024-11-30,202406050112,2021105485,1,エリカカリーナ,0,2024,0.354298800230,0.379424750805,0.364763200283
2024-11-30,202406050112,2021104006,2,クリスアーサー,0,2024,0.194970846176,0.129105001688,0.183155789971
2024-11-30,202406050112,2019105175,3,ステイトダイアデム,0,2024,0.292473077774,0.313180863857,0.329345405102
2024-11-30,202406050112,2020106795,4,フクノワカバ,0,2024,0.065204046667,0.052601210773,0.045924887061
2024-11-30,202406050112,2021100610,5,アサギリ,0,2024,0.060063675046,0.056235764176,0.067196317017
2024-11-30,202406050112,2020104983,6,マルプリ,0,2024,0.299443125725,0.327931493521,0.335205733776
2024-11-30,202406050112,2019101270,7,ヨール,0,2024,0.178063988686,0.188639238477,0.204369023442
2024-11-30,202406050112,2019102747,8,マキアージュ,1,2024,0.067050680518,0.072725228965,0.086870767176
2024-11-30,202406050112,2020103366,9,スティルディマーレ,0,2024,0.143439337611,0.152526974678,0.123115099967
2024-11-30,202406050112,2020106384,10,カイザーブリッツ,0,2024,0.067591078579,0.050546746701,0.058597579598
2024-11-30,202406050112,2019106179,11,ハートホイップ,0,2024,0.208703443408,0.195483490825,0.175205573440
2024-11-30,202406050112,2021100522,12,ジョーメッドヴィン,1,2024,0.383293420076,0.371695548296,0.384361356497
2024-11-30,202406050112,2021104665,13,レザンノワール,0,2024,0.323691576719,0.343245863914,0.415102630854
2024-11-30,202406050112,2020103962,14,ステークホルダー,1,2024,0.311457663774,0.362847149372,0.414744049311
2024-11-30,202406050112,2021100356,15,クールベイビー,0,2024,0.117048166692,0.112856663764,0.144884154201
2024-11-30,202407040104,2022100981,1,エイシンパンタレイ,1,2024,0.462810009718,0.489544123411,0.466511487961
2024-11-30,202407040104,2022105379,2,マギームーン,0,2024,0.197907239199,0.217073172331,0.219055101275
2024-11-30,202407040104,2022101658,8,タケノリッチ,0,2024,0.040572058409,0.035409118980,0.037321120501
2024-11-30,202407040104,2022103497,9,エコロジェイド,0,2024,0.042079586536,0.036238718778,0.033692147583
2024-11-30,202407040104,2022104501,11,パリコレジェンヌ,0,2024,0.244466453791,0.228413090110,0.204541400075
2024-11-30,202407040104,2022104197,14,カウンターセブン,0,2024,0.344074964523,0.330224305391,0.318396449089
2024-11-30,202407040104,2022107056,15,テーオーシュターデ,0,2024,0.378288626671,0.385234594345,0.356020987034
2024-11-30,202407040104,2022103039,16,スネーフリンガ,0,2024,0.200756639242,0.182862773538,0.105361483991
2024-11-30,202407040104,2022101203,17,ゲレル,0,2024,0.212551400065,0.202468082309,0.192965865135
2024-11-30,202408070109,2022101623,1,アブキールベイ,1,2024,0.488426744938,0.456133663654,0.428940355778
2024-11-30,202408070109,2022100837,4,ヒデノブルースカイ,0,2024,0.232616707683,0.242806300521,0.219638690352
2024-11-30,202408070109,2022103947,5,ルクスレゼルヴァ,1,2024,0.368806988001,0.345820486546,0.321013689041
2024-11-30,202408070109,2022104698,6,ブルーサンセット,0,2024,0.490325033665,0.453790307045,0.454782366753
2024-11-30,202408070109,2022104960,7,カルプスペルシュ,0,2024,0.489253640175,0.502218246460,0.468396693468
2024-12-01,202406050209,2021104073,1,カピリナ,1,2024,0.512418925762,0.554459691048,0.590299725533
2024-12-01,202406050209,2020105049,2,ハヤブサジェット,0,2024,0.057366978377,0.071662299335,0.063033759594
2024-12-01,202406050209,2020101262,3,エコロレジーナ,1,2024,0.164164289832,0.168091446161,0.157380864024
2024-12-01,202406050209,2020104088,4,ランドオブラヴ,0,2024,0.375458121300,0.404251843691,0.453006088734
2024-12-01,202406050209,2019102786,5,ウォータールグラン,0,2024,0.080813996494,0.067747935653,0.038596171886
2024-12-01,202406050209,2019103010,6,オードゥメール,0,2024,0.215813353658,0.236745581031,0.208508431911
2024-12-01,202406050209,2019104525,7,ラキエータ,0,2024,0.149132966995,0.144807994366,0.148739680648
2024-12-01,202406050209,2018110037,8,ブルースピリット,0,2024,0.154411226511,0.160267040133,0.171092197299
2024-12-01,202406050209,2019106623,9,クロスマジェスティ,0,2024,0.031094977632,0.033133629709,0.023202052340
2024-12-01,202406050209,2020100443,10,エイシンエイト,0,2024,0.225885525346,0.264152526855,0.249170914292
2024-12-01,202406050209,2020110133,11,フロムダスク,0,2024,0.041146200150,0.036888699979,0.035668518394
2024-12-01,202406050209,2021101924,12,フィオライア,0,2024,0.459198445082,0.446511834860,0.536923408508
2024-12-01,202406050209,2020103238,13,オックスリップ,0,2024,0.304419010878,0.315864861012,0.293619781733
2024-12-01,202406050209,2019100751,14,マイネルレノン,1,2024,0.236621603370,0.264014184475,0.255885452032
2024-12-01,202406050209,2020106330,15,ラウラーナ,0,2024,0.034307215363,0.036624703556,0.056089151651
2024-12-01,202406050209,2020105539,16,タガノシャーンス,0,2024,0.373125195503,0.350518763065,0.333256930113
2024-12-01,202406050211,2020100815,1,ミルトクレイモー,0,2024,0.214212939143,0.196867182851,0.222644999623
2024-12-01,202406050211,2020109102,2,サウザンサニー,0,2024,0.450974047184,0.477340936661,0.486138194799
2024-12-01,202406050211,2021102392,3,ナナオ,1,2024,0.368195682764,0.427001655102,0.384847462177
2024-12-01,202406050211,2019106102,4,アネゴハダ,0,2024,0.171631708741,0.179431900382,0.140383154154
2024-12-01,202406050211,2020105295,5,エエヤン,0,2024,0.114850550890,0.077598512173,0.076709225774
2024-12-01,202406050211,2019105452,6,ミッキーハーモニー,0,2024,0.168000638485,0.157410636544,0.143545165658
2024-12-01,202406050211,2019100214,7,ウインモナーク,1,2024,0.332701712847,0.354731500149,0.327318996191
2024-12-01,202406050211,2020101419,8,ブーケファロス,0,2024,0.258890092373,0.211598128080,0.208593636751
2024-12-01,202406050211,2021102320,9,ペアポルックス,1,2024,0.255407363176,0.289778560400,0.253544807434
2024-12-01,202406050211,2019104470,10,キミワクイーン,0,2024,0.266592711210,0.249197006226,0.242333486676
2024-12-01,202406050211,2021105122,11,マスクオールウィン,0,2024,0.172993406653,0.169598549604,0.149348244071
2024-12-01,202406050211,2018106834,12,テーオーシリウス,0,2024,0.042519185692,0.034353904426,0.024695133790
2024-12-01,202406050211,2020110090,13,ティニア,0,2024,0.258212655783,0.259150028229,0.200792968273
2024-12-01,202406050211,2020105018,14,スズハローム,0,2024,0.386947184801,0.425788491964,0.361347466707
2024-12-01,202406050211,2017110123,15,ヴィズサクセス,0,2024,0.035032674670,0.046543210745,0.049600034952
2024-12-01,202406050211,2017106720,16,サンライズオネスト,0,2024,0.047779850662,0.062917888165,0.071083068848
2024-12-07,202406050309,2022100737,4,セイウンビッグバン,0,2024,0.440813183784,0.464703440666,0.447444915771
2024-12-07,202406050309,2022106999,6,ニシノクードクール,0,2024,0.477187395096,0.455819875002,0.399107486010
2024-12-07,202406050309,2022102621,9,リケアコンパンナ,0,2024,0.044527269900,0.045729212463,0.056804932654
2024-12-07,202406050309,2022106677,10,カガバベル,0,2024,0.148757278919,0.126114785671,0.102294571698
2024-12-07,202406050309,2022103066,11,レイピア,0,2024,0.478284895420,0.456597328186,0.428899675608
2024-12-07,202406050309,2022104533,12,チョングク,0,2024,0.068617947400,0.067781344056,0.059599008411
2024-12-07,202407040312,2021102952,1,オベイユアマスター,0,2024,0.119619645178,0.138133138418,0.136928483844
2024-12-07,202407040312,2020100236,2,ニシノトキメキ,0,2024,0.238365814090,0.250696033239,0.236662492156
2024-12-07,202407040312,2018106581,3,セレッソフレイム,0,2024,0.012503976002,0.008999316022,0.006859946530
2024-12-07,202407040312,2021105605,4,アイルドリアン,1,2024,0.164007797837,0.147761404514,0.151161238551
2024-12-07,202407040312,2019106503,5,ソレントフレイバー,0,2024,0.389048248529,0.371029406786,0.333246111870
2024-12-07,202407040312,2020105298,6,ノースディーバ,0,2024,0.340464830399,0.320501238108,0.345897048712
2024-12-07,202407040312,2019109096,7,ダイヤモンドフジ,0,2024,0.259649902582,0.286440938711,0.259780496359
2024-12-07,202407040312,2020105073,8,ガットネロ,1,2024,0.354881286621,0.365997612476,0.458580583334
2024-12-07,202407040312,2020101069,9,セリオーソ,0,2024,0.071203485131,0.059422809631,0.055261936039
2024-12-07,202407040312,2020100289,10,シルバーダイヤ,1,2024,0.125100880861,0.131403297186,0.163242056966
2024-12-07,202407040312,2020100906,11,フライングブレード,0,2024,0.237700104713,0.197500020266,0.161047667265
2024-12-07,202407040312,2020100707,12,クレセントウイング,0,2024,0.189331442118,0.170001417398,0.174455866218
2024-12-07,202407040312,2021103322,13,スプリングデイ,0,2024,0.284824997187,0.332187116146,0.300821930170
2024-12-07,202407040312,2020100795,14,ベルタソ,0,2024,0.046111624688,0.043307568878,0.046996120363
2024-12-07,202407040312,2020104415,15,スピニングマーリン,0,2024,0.026631472632,0.027206916362,0.025279726833
2024-12-07,202407040312,2021106586,16,ラブカムーン,0,2024,0.065997324884,0.074618898332,0.065759696066
2024-12-07,202407040312,2021101394,17,モンレーヴ,0,2024,0.111687660217,0.118660070002,0.116524241865
2024-12-07,202407040312,2021107369,18,ギヴイットアゴー,0,2024,0.083424180746,0.071894317865,0.084934301674
2024-12-08,202406050402,2022107225,1,アミグダラ,0,2024,0.206557109952,0.171171098948,0.153432831168
2024-12-08,202406050402,2022104068,3,オカゲサン,0,2024,0.329926639795,0.353976160288,0.290939122438
2024-12-08,202406050402,2022106907,8,ペタルブランシュ,0,2024,0.387646347284,0.392934799194,0.402695864439
2024-12-08,202406050402,2022103870,11,ベストヒューマ,0,2024,0.034731563181,0.038946613669,0.037657294422
2024-12-08,202406050402,2022103334,12,タワークライマー,0,2024,0.208699390292,0.226814374328,0.200226843357
2024-12-08,202406050402,2022106818,14,マイネルステラート,1,2024,0.645876765251,0.609375834465,0.580411136150
2024-12-08,202406050402,2022100620,16,シルフレイ,1,2024,0.397443622351,0.374842911959,0.445962667465
2024-12-08,202407040411,2019103898,1,スーサンアッシャー,0,2024,0.232911407948,0.196155905724,0.171029046178
2024-12-08,202407040411,2018106389,2,メイショウツツジ,0,2024,0.069687627256,0.050637032837,0.038436219096
2024-12-08,202407040411,2018103406,3,トーホウディアス,0,2024,0.393551468849,0.389443635941,0.364788442850
2024-12-08,202407040411,2019105555,4,ヴェールアンレーヴ,0,2024,0.165947899222,0.134166896343,0.157347977161
2024-12-08,202407040411,2021101598,5,アンクルクロス,1,2024,0.387108683586,0.387443959713,0.369295179844
2024-12-08,202407040411,2020101792,6,プロスペリダード,0,2024,0.293303191662,0.243928939104,0.219661563635
2024-12-08,202407040411,2019100604,7,ヤマニンアンフィル,1,2024,0.292026996613,0.254127264023,0.302662640810
2024-12-08,202407040411,2020102299,8,アシャカタカ,0,2024,0.189296200871,0.208727464080,0.168132156134
2024-12-08,202407040411,2019101079,9,アスクビギンアゲン,0,2024,0.150963827968,0.178993552923,0.157841175795
2024-12-08,202407040411,2019102041,10,アドヴァイス,0,2024,0.145523056388,0.138879165053,0.109812915325
2024-12-08,202407040411,2020106954,11,タイセイキューティ,0,2024,0.073646873236,0.063269875944,0.055463984609
2024-12-08,202407040411,2020110114,12,スリーアイランド,1,2024,0.417055696249,0.411835253239,0.448257774115
2024-12-08,202407040411,2019105760,13,シュヴェルトライテ,0,2024,0.121709302068,0.133708447218,0.138021320105
2024-12-08,202408070412,2019101643,1,バシレウスシチー,0,2024,0.560814797878,0.557182312012,0.482259780169
2024-12-08,202408070412,2017101991,2,テンジュイン,0,2024,0.032644592226,0.023493118584,0.022676141933
2024-12-08,202408070412,2021106615,3,キャンシーエンゼル,0,2024,0.407571464777,0.421308219433,0.372112184763
2024-12-08,202408070412,2019102458,4,ワンダーキサラ,1,2024,0.485643744469,0.485652863979,0.373176574707
2024-12-08,202408070412,2021102670,5,イサチルシーサイド,1,2024,0.433840602636,0.486998528242,0.394746214151
2024-12-08,202408070412,2021110119,6,サンドロナイト,0,2024,0.458757877350,0.405270636082,0.487780779600
2024-12-08,202408070412,2018104534,7,アスクキングコング,0,2024,0.124320454895,0.140493586659,0.122982949018
2024-12-08,202408070412,2019104498,8,インプロバイザー,1,2024,0.136614978313,0.176314070821,0.149536073208
2024-12-08,202408070412,2019103442,9,クラリティスケール,0,2024,0.053932685405,0.055128406733,0.056635111570
2024-12-08,202408070412,2019102321,10,キングクー,0,2024,0.149060040712,0.174142837524,0.188042342663
2024-12-08,202408070412,2018101951,11,タガノスペルノヴァ,0,2024,0.150740981102,0.166976079345,0.173489868641
2024-12-14,202407040509,2022104920,1,ハイファイスピード,0,2024,0.223824039102,0.205833747983,0.170496210456
2024-12-14,202407040509,2022106874,2,ナムラトロム,0,2024,0.179491132498,0.175597295165,0.167649328709
2024-12-14,202407040509,2022110105,3,アメリカンステージ,1,2024,0.296174645424,0.293216049671,0.266745179892
2024-12-14,202407040509,2022106666,4,ドゥアムール,1,2024,0.340568333864,0.329297751188,0.323141515255
2024-12-14,202407040509,2022106555,5,タガノアンファン,0,2024,0.562399804592,0.493322759867,0.477949798107
2024-12-14,202407040509,2022100639,7,ロードヴェルト,0,2024,0.192618101835,0.200238659978,0.203196763992
2024-12-14,202407040509,2022105244,8,ポッドベイダー,1,2024,0.398110389709,0.369311451912,0.358378648758
2024-12-14,202407040509,2022106418,9,ブラックトルネード,0,2024,0.071804486215,0.051071006805,0.028515497223
2024-12-14,202407040509,2022107258,10,ラブアイミー,0,2024,0.100921362638,0.098228491843,0.084104761481
2024-12-14,202407040509,2022102819,11,ブリッツアロング,0,2024,0.251838117838,0.266047239304,0.224593609571
2024-12-14,202408070503,2022106134,1,スキャットメロディ,0,2024,0.157961636782,0.139302685857,0.116817101836
2024-12-14,202408070503,2022102863,3,プライムクオリティ,0,2024,0.023557545617,0.019466357306,0.016306784004
2024-12-14,202408070503,2022109054,7,マサウッドテール,0,2024,0.094891384244,0.108541049063,0.104739069939
2024-12-14,202408070503,2022104163,8,オンザブルースカイ,1,2024,0.392889231443,0.415192157030,0.406855076551
2024-12-14,202408070503,2022101658,10,タケノリッチ,0,2024,0.135312676430,0.134702488780,0.123794376850
2024-12-14,202408070503,2022100981,11,エイシンパンタレイ,0,2024,0.607027053833,0.605230748653,0.629551708698
2024-12-14,202408070511,2017100367,1,サトノファビュラス,0,2024,0.064870409667,0.053136613220,0.079026259482
2024-12-14,202408070511,2018106388,2,メイショウホシアイ,0,2024,0.159658804536,0.194787949324,0.144436702132
2024-12-14,202408070511,2021104556,3,カルチャーデイ,0,2024,0.131302207708,0.122388333082,0.110024593771
2024-12-14,202408070511,2020101827,4,バースクライ,1,2024,0.142123490572,0.180979803205,0.177317470312
2024-12-14,202408070511,2017100583,5,ディヴィナシオン,0,2024,0.093027465045,0.075350604951,0.093589909375
2024-12-14,202408070511,2020110040,6,ヤクシマ,0,2024,0.085038200021,0.060395538807,0.085639424622
2024-12-14,202408070511,2019105237,7,スリーパーダ,0,2024,0.103464074433,0.103736214340,0.097214072943
2024-12-14,202408070511,2016104668,8,カリボール,0,2024,0.067328214645,0.065068520606,0.069965220988
2024-12-14,202408070511,2018101343,9,ゾンニッヒ,0,2024,0.204040065408,0.255694031715,0.220765069127
2024-12-14,202408070511,2019105459,10,ソウテン,0,2024,0.076029360294,0.083897128701,0.107177913189
2024-12-14,202408070511,2019102137,11,シロン,0,2024,0.248522952199,0.269740760326,0.238402187824
2024-12-14,202408070511,2019103714,12,メイショウソラフネ,1,2024,0.352449029684,0.353032588959,0.369536936283
2024-12-14,202408070511,2021110160,13,ソンシ,1,2024,0.354351788759,0.333406180143,0.317730456591
2024-12-14,202408070511,2020100105,14,エイシンフェンサー,0,2024,0.269008487463,0.249146521091,0.323752313852
2024-12-14,202408070511,2018104041,15,マウンテンムスメ,0,2024,0.123181454837,0.088712349534,0.083496637642
2024-12-14,202408070511,2019105512,16,ジャスティンスカイ,0,2024,0.165429905057,0.176127031446,0.196353167295
2024-12-15,202407040612,2020101031,1,アスクエピソード,1,2024,0.089173316956,0.095465309918,0.095450080931
2024-12-15,202407040612,2021101576,2,レオテミス,1,2024,0.308576405048,0.301793724298,0.249811798334
2024-12-15,202407040612,2021102914,3,モズトキキ,0,2024,0.268251836300,0.284884214401,0.279871284962
2024-12-15,202407040612,2020106407,4,ライブリームーラン,0,2024,0.028751870617,0.027723224834,0.036522984505
2024-12-15,202407040612,2019100578,5,クインズプリーズ,0,2024,0.068251013756,0.055344186723,0.039499197155
2024-12-15,202407040612,2020101872,6,デイトナモード,1,2024,0.253272563219,0.277367532253,0.266173005104
2024-12-15,202407040612,2019105337,7,テーオーアリエス,0,2024,0.020577264950,0.028254188597,0.015962611884
2024-12-15,202407040612,2020106777,8,セレッソデアモール,0,2024,0.215230584145,0.222619369626,0.208707436919
2024-12-15,202407040612,2019103193,9,トリップトゥムーン,0,2024,0.086833387613,0.091271698475,0.087931126356
2024-12-15,202407040612,2019104356,10,ディオアステリア,0,2024,0.193966105580,0.214680477977,0.218738973141
2024-12-15,202407040612,2021100522,11,ジョーメッドヴィン,0,2024,0.353607624769,0.398255258799,0.346725821495
2024-12-15,202407040612,2020101517,12,ソノママソノママ,0,2024,0.285023331642,0.292201161385,0.352444171906
2024-12-15,202407040612,2021100476,13,ファイツオン,0,2024,0.454292625189,0.515673220158,0.547859787941
2024-12-15,202407040612,2021100019,14,マサノカナリア,0,2024,0.160081475973,0.151732861996,0.156624525785
2024-12-15,202407040612,2020102568,15,ワイアウ,0,2024,0.023517541587,0.016186363995,0.017051102594
2024-12-15,202407040612,2021103171,16,タイキヴァンクール,0,2024,0.497536689043,0.519854664803,0.481922328472
2024-12-15,202407040612,2020106131,17,ジオパーククラウン,0,2024,0.116794541478,0.107096038759,0.099722512066
2024-12-15,202407040612,2019100168,18,ベジェサ,0,2024,0.052531734109,0.047274447978,0.046748977154
2024-12-21,202406050712,2018103485,1,ジャガード,0,2024,0.042650267482,0.038815215230,0.033860247582
2024-12-21,202406050712,2021110099,2,ジューンブレア,1,2024,0.290973633528,0.275235980749,0.301055341959
2024-12-21,202406050712,2020103218,3,フミサウンド,0,2024,0.185711055994,0.199016675353,0.173382937908
2024-12-21,202406050712,2019104498,4,インプロバイザー,0,2024,0.148732215166,0.171078890562,0.192695021629
2024-12-21,202406050712,2020106623,5,ゴキゲンサン,0,2024,0.112111121416,0.120012819767,0.144028082490
2024-12-21,202406050712,2021103278,6,メイショウミリオレ,0,2024,0.139091461897,0.143561810255,0.140173971653
2024-12-21,202406050712,2021103005,7,ヒラボクミニー,1,2024,0.303031265736,0.318502098322,0.348476856947
2024-12-21,202406050712,2020105409,8,ディアドコス,0,2024,0.283934891224,0.293006777763,0.305584907532
2024-12-21,202406050712,2021103561,9,ゴールドスター,0,2024,0.426234126091,0.470680534840,0.549829959869
2024-12-21,202406050712,2019100132,10,ペイシャカレン,0,2024,0.079511336982,0.055571608245,0.054433126003
2024-12-21,202406050712,2020102140,11,アンビバレント,0,2024,0.042123902589,0.041092429310,0.036402683705
2024-12-21,202406050712,2018104534,12,アスクキングコング,0,2024,0.091149546206,0.097977712750,0.093523912132
2024-12-21,202406050712,2020104983,13,マルプリ,0,2024,0.219776347280,0.204856738448,0.225600376725
2024-12-21,202406050712,2020101763,14,トーホウフランゴ,1,2024,0.124390415847,0.119529388845,0.110889397562
2024-12-21,202406050712,2020106987,15,スムースベルベット,0,2024,0.069827437401,0.076612882316,0.073596931994
2024-12-21,202406050712,2021103667,16,クオレス,0,2024,0.362992167473,0.352224916220,0.288057029247
2024-12-22,202406050803,2022102878,2,ナンナンプー,0,2024,0.135933175683,0.130790278316,0.143449246883
2024-12-22,202406050803,2022100620,3,シルフレイ,1,2024,0.428965806961,0.416838407516,0.422532171011
2024-12-22,202406050803,2022101426,6,ベルリネッタ,1,2024,0.131998315454,0.116042420268,0.105134963989
2024-12-22,202406050803,2022106907,9,ペタルブランシュ,0,2024,0.267447829247,0.274197638035,0.255614846945
2024-12-22,202406050803,2022107300,11,シンガソング,0,2024,0.208132401109,0.199955776334,0.200786933303
2024-12-22,202406050803,2022107204,14,ニシノヘリオトロプ,0,2024,0.035676196218,0.033398266882,0.031754765660
2024-12-22,202406050803,2022106229,15,ウインイザナミ,0,2024,0.128241583705,0.155285552144,0.165642485023
2024-12-28,202408070912,2020104678,1,オードリーバローズ,1,2024,0.432299971581,0.410802960396,0.367076992989
2024-12-28,202408070912,2019105191,2,コナブラック,0,2024,0.192989364266,0.167757660151,0.158853814006
2024-12-28,202408070912,2018104757,3,ジュノー,0,2024,0.168242752552,0.145939975977,0.109510995448
2024-12-28,202408070912,2020104613,4,タツダイヤモンド,0,2024,0.212612196803,0.183641552925,0.176643893123
2024-12-28,202408070912,2019105347,5,アバンチュリエ,0,2024,0.109374217689,0.098726481199,0.091095186770
2024-12-28,202408070912,2021105242,6,シカゴスティング,0,2024,0.345173209906,0.391603201628,0.399304121733
2024-12-28,202408070912,2020102132,7,トレンディスター,0,2024,0.096780769527,0.103908933699,0.093429073691
2024-12-28,202408070912,2021105202,8,ポエットリー,0,2024,0.217998832464,0.223819062114,0.266276448965
2024-12-28,202408070912,2019101626,9,ピンクマクフィー,0,2024,0.214361667633,0.248497009277,0.245454698801
2024-12-28,202408070912,2018104559,10,ナリタローゼ,0,2024,0.102668620646,0.097011961043,0.109588928521
2024-12-28,202408070912,2018103902,11,サウンドブライアン,0,2024,0.056887444109,0.054942093790,0.049449391663
2024-12-28,202408070912,2021100130,12,ロードフォアエース,1,2024,0.417066842318,0.434924900532,0.484132260084
2024-12-28,202408070912,2020110133,13,フロムダスク,0,2024,0.041663970798,0.041306111962,0.029914811254
2024-12-28,202408070912,2019102786,14,ウォータールグラン,1,2024,0.059291224927,0.055682878941,0.023203521967
2024-12-28,202408070912,2021102888,15,ナムラアトム,0,2024,0.272803753614,0.318284332752,0.299818009138
2024-12-28,202408070912,2021101598,16,アンクルクロス,0,2024,0.391827642918,0.363204836845,0.374719351530
