race_id,candidate,block,rows,brier,log_loss
202307010206,A_current_1200,2023-01-07,6,0.1516572911201958,0.4635012928769982
202306010309,A_current_1200,2023-01-08,12,0.17068794951935362,0.510907273362012
202307010312,A_current_1200,2023-01-08,13,0.13578444658391728,0.41238974790513006
202307010411,A_current_1200,2023-01-09,15,0.18934411411495392,0.5879365622782337
202306010511,A_current_1200,2023-01-14,16,0.1238527580681461,0.3791084150126617
202310010102,A_current_1200,2023-01-14,9,0.16480216206903428,0.4906961641795083
202310010112,A_current_1200,2023-01-14,17,0.14493334043752965,0.43527567964125796
202306010609,A_current_1200,2023-01-15,11,0.16396438166757413,0.5078674170186919
202306010612,A_current_1200,2023-01-15,10,0.1855539918936979,0.5362442866893737
202310010202,A_current_1200,2023-01-15,4,0.18394659908829208,0.5006541196299075
202310010209,A_current_1200,2023-01-15,18,0.1187823042476218,0.36970855296642996
202310010212,A_current_1200,2023-01-15,16,0.15569912842740777,0.499247675470872
202310010309,A_current_1200,2023-01-21,7,0.27689356099684276,0.7413816387395972
202310010312,A_current_1200,2023-01-21,17,0.1427262896751333,0.4331470780037371
202310010402,A_current_1200,2023-01-22,12,0.2126602034941513,0.6511261747471058
202310010406,A_current_1200,2023-01-22,10,0.11992831536641846,0.47790561492105665
202310010409,A_current_1200,2023-01-22,12,0.16233191864773353,0.5114731868837646
202310010502,A_current_1200,2023-01-28,9,0.0655969551556178,0.26412200559685456
202310010511,A_current_1200,2023-01-28,18,0.14841581920379462,0.46363994700741235
202310010512,A_current_1200,2023-01-28,17,0.14781717973780292,0.4439924484394702
202307011011,A_current_1200,2023-01-29,15,0.12115115023116835,0.3975751005414196
202310010602,A_current_1200,2023-01-29,8,0.12930019744596394,0.3768551471434758
202310010608,A_current_1200,2023-01-29,14,0.145606125039464,0.4500087891899655
202310010611,A_current_1200,2023-01-29,18,0.12784517324651365,0.39585592957751126
202310010709,A_current_1200,2023-02-04,11,0.2105457469955078,0.6055753559439941
202310010712,A_current_1200,2023-02-04,18,0.11489347632390097,0.3608508342535397
202307011212,A_current_1200,2023-02-05,11,0.12558741390099804,0.3980676680704693
202310010806,A_current_1200,2023-02-05,9,0.0730331771620743,0.27358605533253233
202310010809,A_current_1200,2023-02-05,18,0.14840080578178266,0.4647929771645543
202310020106,A_current_1200,2023-02-11,14,0.06655847837017095,0.24078378307368892
202310020110,A_current_1200,2023-02-11,18,0.1278144473468213,0.4095829131878261
202310020202,A_current_1200,2023-02-12,8,0.2540083228126187,0.70712062230739
202310020206,A_current_1200,2023-02-12,17,0.1535280451168892,0.4614220073606459
202310020211,A_current_1200,2023-02-12,18,0.1404496879027741,0.4483907121917542
202310020306,A_current_1200,2023-02-18,10,0.046612732086103316,0.20800275612228672
202310020311,A_current_1200,2023-02-18,18,0.13900669637171778,0.44036136196274883
202310020402,A_current_1200,2023-02-19,7,0.0689358669803255,0.23934286942608943
202310020408,A_current_1200,2023-02-19,18,0.13086526870672588,0.3908257696876407
202310020412,A_current_1200,2023-02-19,18,0.11169882154652298,0.37082323713242027
202310020502,A_current_1200,2023-02-25,13,0.20782500818833066,0.6762928469550767
202310020509,A_current_1200,2023-02-25,11,0.14784582815551447,0.44058225352841185
202310020512,A_current_1200,2023-02-25,17,0.09467713400538727,0.3037957309001196
202309010610,A_current_1200,2023-02-26,9,0.24825495773153547,0.7092468708139062
202310020602,A_current_1200,2023-02-26,12,0.1325986076453756,0.4288506974706708
202310020606,A_current_1200,2023-02-26,18,0.11360528022935387,0.3614877520751429
202310020611,A_current_1200,2023-02-26,17,0.12647417415937132,0.4053414906403863
202306020311,A_current_1200,2023-03-04,16,0.16355743634586217,0.5426057643076232
202309010712,A_current_1200,2023-03-04,16,0.14568414003188085,0.46002589661644444
202306020510,A_current_1200,2023-03-11,16,0.16946993660884893,0.5229116712757733
202306020512,A_current_1200,2023-03-11,16,0.10421231935156038,0.3314745786673116
202306020607,A_current_1200,2023-03-12,11,0.21003938611423784,0.6483704152172195
202307020305,A_current_1200,2023-03-18,8,0.20601224070302393,0.5700926862380606
202309011110,A_current_1200,2023-03-18,16,0.12337669291236017,0.3852972942812539
202309011206,A_current_1200,2023-03-19,7,0.10816464818744273,0.3643781332744264
202306030105,A_current_1200,2023-03-25,9,0.18419283408635134,0.5394001212282098
202306030212,A_current_1200,2023-03-26,13,0.1792494718992967,0.5518906011040293
202307020608,A_current_1200,2023-03-26,18,0.12206312112048583,0.3622047409913678
202307020611,A_current_1200,2023-03-26,18,0.1552399001543393,0.5067117983160349
202309020310,A_current_1200,2023-04-01,10,0.15648102812477374,0.5166336101719379
202303010102,A_current_1200,2023-04-08,7,0.13843709607174876,0.4312576040595032
202303010110,A_current_1200,2023-04-08,16,0.16235007583003402,0.536565844834189
202303010112,A_current_1200,2023-04-08,15,0.15747657886360175,0.4750758875991063
202306030510,A_current_1200,2023-04-08,13,0.21502171760346267,0.6377076523228558
202309020506,A_current_1200,2023-04-08,8,0.11447635627776706,0.38700130307621805
202303010205,A_current_1200,2023-04-09,7,0.11029093108014136,0.3573591451612872
202303010208,A_current_1200,2023-04-09,14,0.10909911598193907,0.34739538737386616
202303010211,A_current_1200,2023-04-09,16,0.1550611374581671,0.4775636150933675
202306030607,A_current_1200,2023-04-09,7,0.13398253791078968,0.42215858182345006
202303010302,A_current_1200,2023-04-15,9,0.15990176278911175,0.4600635368345215
202303010305,A_current_1200,2023-04-15,7,0.129044903559326,0.393092413709165
202303010309,A_current_1200,2023-04-15,13,0.17561661437769865,0.5667124067066586
202306030708,A_current_1200,2023-04-15,16,0.15170895185432706,0.47259923092053113
202303010407,A_current_1200,2023-04-16,16,0.09961024586034725,0.32628437866143184
202303010409,A_current_1200,2023-04-16,16,0.13394669657671826,0.41116816074600565
202306030810,A_current_1200,2023-04-16,16,0.12275018255519347,0.3943254944989234
202303010502,A_current_1200,2023-04-22,11,0.179605259036014,0.5359636595489679
202303010509,A_current_1200,2023-04-22,13,0.1759806364652059,0.5134346126237873
202308010103,A_current_1200,2023-04-22,14,0.14968265226826083,0.4418111637066048
202303010602,A_current_1200,2023-04-23,7,0.24863192888709645,0.7065852567917741
202303010607,A_current_1200,2023-04-23,7,0.08495167423803311,0.3046122497515707
202303010611,A_current_1200,2023-04-23,16,0.12526368007656588,0.39582680881504295
202304010109,A_current_1200,2023-04-29,14,0.15894784165306386,0.4839026867975276
202308010311,A_current_1200,2023-04-29,17,0.125885653507485,0.3914072781910941
202304010212,A_current_1200,2023-04-30,14,0.14612380235494996,0.44924042390604935
202304010306,A_current_1200,2023-05-06,12,0.13247526179408878,0.41317632567469126
202308010611,A_current_1200,2023-05-07,18,0.12676516952876005,0.3962178257282493
202308010707,A_current_1200,2023-05-13,16,0.10341823007376433,0.3360319513554063
202304010612,A_current_1200,2023-05-14,15,0.1559413361295236,0.46674040781297205
202308010808,A_current_1200,2023-05-14,13,0.127395216167079,0.39522055645852505
202304010711,A_current_1200,2023-05-20,16,0.11340203175297915,0.36603552484491564
202308010904,A_current_1200,2023-05-20,14,0.12748702805557308,0.38457552999177314
202304010802,A_current_1200,2023-05-21,9,0.14715748375901128,0.4306200528216264
202308011006,A_current_1200,2023-05-21,10,0.20325154012373758,0.5789473680689927
202308011111,A_current_1200,2023-05-27,17,0.1067670059459325,0.34802683658589734
202309030110,A_current_1200,2023-06-03,15,0.1727876877080852,0.5154038689901436
202309030212,A_current_1200,2023-06-04,14,0.1880100999417215,0.6053540813194797
202302010101,A_current_1200,2023-06-10,11,0.10960827213578961,0.3485836150902109
202302010111,A_current_1200,2023-06-10,13,0.16142851669045377,0.48970067712855436
202309030303,A_current_1200,2023-06-10,9,0.17823942247821176,0.5089309421999092
202309030311,A_current_1200,2023-06-10,16,0.16125797341140174,0.4749832335981679
202302010201,A_current_1200,2023-06-11,11,0.15035943344150768,0.48172866695136934
202302010208,A_current_1200,2023-06-11,9,0.1992438257534923,0.5768102783922561
202302010211,A_current_1200,2023-06-11,16,0.12585050995946873,0.4058309922756898
202302010301,A_current_1200,2023-06-17,12,0.17493852426951226,0.5316166806888062
202302010309,A_current_1200,2023-06-17,11,0.17058769468714405,0.47597986498773037
202302010311,A_current_1200,2023-06-17,15,0.1888150707813649,0.5502698369085729
202302010402,A_current_1200,2023-06-18,15,0.1110778755734138,0.3638604122932522
202302010408,A_current_1200,2023-06-18,15,0.19751615440957018,0.6936863334648258
202302010411,A_current_1200,2023-06-18,16,0.1504999634179202,0.4599897666142913
202302010412,A_current_1200,2023-06-18,15,0.1472347572845764,0.4544354831325463
202302010503,A_current_1200,2023-06-24,13,0.12689905425028697,0.40284847722128886
202302010507,A_current_1200,2023-06-24,11,0.15565856707273712,0.4754646465794224
202302010511,A_current_1200,2023-06-24,16,0.1322029503411004,0.43034575150844173
202302010601,A_current_1200,2023-06-25,15,0.1435602247989954,0.4992202745172537
202302010610,A_current_1200,2023-06-25,12,0.1944143288894903,0.5652616147306192
202302010612,A_current_1200,2023-06-25,13,0.20186018292258986,0.5684104115593878
202302020109,A_current_1200,2023-07-01,12,0.11867753389227183,0.36944155167912784
202302020111,A_current_1200,2023-07-01,16,0.10923353079120635,0.34171321607112
202307030110,A_current_1200,2023-07-01,11,0.1685431694788846,0.5391713096433589
202302020203,A_current_1200,2023-07-02,14,0.08175882639839573,0.28107469925978956
202302020210,A_current_1200,2023-07-02,9,0.16754512196034746,0.49597249041514424
202303020202,A_current_1200,2023-07-02,9,0.2581450054144121,0.7429375572254284
202303020212,A_current_1200,2023-07-02,16,0.1428459316158897,0.44933307008081647
202307030208,A_current_1200,2023-07-02,18,0.12556540456845,0.40816168497731325
202307030211,A_current_1200,2023-07-02,12,0.18963461895597625,0.5289792025836036
202302020310,A_current_1200,2023-07-08,9,0.1453434610313337,0.4449904050601154
202302020312,A_current_1200,2023-07-08,11,0.16444032899176644,0.4803212497206543
202303020309,A_current_1200,2023-07-08,12,0.12229320151068325,0.38795751794338235
202307030307,A_current_1200,2023-07-08,15,0.1317125432243662,0.4027697741032931
202302020404,A_current_1200,2023-07-09,13,0.11950439682709171,0.39177708376313614
202302020412,A_current_1200,2023-07-09,11,0.2256191060137436,0.6202565633094743
202303020403,A_current_1200,2023-07-09,10,0.13297895600737913,0.4122978353820616
202303020412,A_current_1200,2023-07-09,13,0.12067201267595026,0.3925429095300019
202302020503,A_current_1200,2023-07-15,14,0.12798983999554298,0.42596327072515433
202302020508,A_current_1200,2023-07-15,14,0.1554494535951991,0.5044715917297257
202303020508,A_current_1200,2023-07-15,14,0.15792593119248574,0.5109231545459687
202303020511,A_current_1200,2023-07-15,10,0.28874022018331874,0.7907298987287307
202302020603,A_current_1200,2023-07-16,15,0.13420101512327337,0.4001000628296235
202302020608,A_current_1200,2023-07-16,13,0.154206390205764,0.4542277896150027
202302020612,A_current_1200,2023-07-16,13,0.19490714468429143,0.5677799314658271
202303020603,A_current_1200,2023-07-16,11,0.20550912504748461,0.6132710340847538
202303020611,A_current_1200,2023-07-16,16,0.1688701231041634,0.5119333273695789
202307030612,A_current_1200,2023-07-16,13,0.1878007196974636,0.5487728083823713
202301010107,A_current_1200,2023-07-22,16,0.11001144359068765,0.35775467537698824
202301010111,A_current_1200,2023-07-22,14,0.14409897062190077,0.4443233349319181
202303020703,A_current_1200,2023-07-22,11,0.16867539686621055,0.5811161375643317
202303020710,A_current_1200,2023-07-22,15,0.10774985532862094,0.35111496962556826
202301010203,A_current_1200,2023-07-23,15,0.16544967729231477,0.528463503852392
202301010209,A_current_1200,2023-07-23,9,0.2032647555402897,0.5782689627672765
202301010211,A_current_1200,2023-07-23,16,0.1276225899953864,0.3974921164878421
202303020812,A_current_1200,2023-07-23,13,0.17460635436231445,0.5351058116333565
202307030804,A_current_1200,2023-07-23,11,0.18757001065215675,0.5416482596040361
202301010408,A_current_1200,2023-07-30,11,0.21707593901611616,0.6141469496725169
202301010503,A_current_1200,2023-08-05,14,0.13766351670747443,0.42704926203473004
202304020307,A_current_1200,2023-08-05,14,0.11667675537483088,0.3598241760453158
202301010610,A_current_1200,2023-08-06,11,0.208906017873383,0.58478616050786
202301010612,A_current_1200,2023-08-06,16,0.12013419186721548,0.3773646392083188
202301020112,A_current_1200,2023-08-12,16,0.15496598061391098,0.4578204862752624
202310030112,A_current_1200,2023-08-12,18,0.14099113668707414,0.4416821758469326
202301020211,A_current_1200,2023-08-13,15,0.13642707030022885,0.42765193095375337
202310030202,A_current_1200,2023-08-13,16,0.15489936026998943,0.5004231095786229
202301020303,A_current_1200,2023-08-19,15,0.13032763006817116,0.4038096524136375
202310030304,A_current_1200,2023-08-19,13,0.16193705888988538,0.490988278626542
202310030311,A_current_1200,2023-08-19,11,0.2106218419825626,0.6445982958858655
202301020410,A_current_1200,2023-08-20,14,0.16163400589888904,0.47464744209101817
202310030404,A_current_1200,2023-08-20,18,0.11296198419831928,0.38675870868213674
202310030407,A_current_1200,2023-08-20,16,0.12646064818698075,0.3893194476167883
202310030409,A_current_1200,2023-08-20,16,0.1317910157961799,0.42073962433151857
202310030411,A_current_1200,2023-08-20,18,0.12439721074265288,0.391310175509376
202301020501,A_current_1200,2023-08-26,3,0.08390635719229327,0.2863343519103269
202301020510,A_current_1200,2023-08-26,14,0.13638119553599592,0.41632347335755293
202304030507,A_current_1200,2023-08-26,15,0.13335879017093002,0.41486967047786893
202304030512,A_current_1200,2023-08-26,13,0.12119703527736131,0.39966153315224207
202310030507,A_current_1200,2023-08-26,11,0.13388722013218632,0.40201483632162416
202310030512,A_current_1200,2023-08-26,12,0.14883196964141643,0.4563219920968309
202301020609,A_current_1200,2023-08-27,16,0.16340143329657228,0.4919030819823213
202301020611,A_current_1200,2023-08-27,16,0.1365895951228626,0.42439509078388676
202310030601,A_current_1200,2023-08-27,3,0.2304394160805844,0.646821927243654
202301020701,A_current_1200,2023-09-02,2,0.22101488471347544,0.5933671481012379
202301020709,A_current_1200,2023-09-02,16,0.1288208757467323,0.3992693606417019
202310030703,A_current_1200,2023-09-02,16,0.15930695769547717,0.4766815766926576
202310030707,A_current_1200,2023-09-02,18,0.09952766923677256,0.3203465792972799
202310030711,A_current_1200,2023-09-02,13,0.21378598766127155,0.636680277271104
202301020804,A_current_1200,2023-09-03,14,0.11316616701341077,0.36433248054785083
202301020806,A_current_1200,2023-09-03,16,0.1663000722959253,0.5339087858019864
202301020809,A_current_1200,2023-09-03,3,0.24285450231023886,0.6937059721851043
202310030802,A_current_1200,2023-09-03,2,0.012363410570153293,0.09864374933235977
202310030807,A_current_1200,2023-09-03,18,0.13127747365068704,0.4090685188944029
202310030809,A_current_1200,2023-09-03,17,0.16934912663075033,0.5543964239353978
202306040110,A_current_1200,2023-09-09,10,0.23515217116954598,0.650169403210557
202306040210,A_current_1200,2023-09-10,12,0.1412317504484527,0.44351990511151934
202309040211,A_current_1200,2023-09-10,15,0.14942062657019273,0.47688770220477267
202306040303,A_current_1200,2023-09-16,5,0.06525419987187633,0.26172599729204793
202306040412,A_current_1200,2023-09-17,15,0.14418900376634933,0.4474739047552551
202309040407,A_current_1200,2023-09-17,16,0.13172737887355868,0.41745987503620796
202306040604,A_current_1200,2023-09-23,16,0.18153337229193597,0.5439636987180171
202306040609,A_current_1200,2023-09-23,5,0.2546366899326019,0.6896922171403977
202309040602,A_current_1200,2023-09-23,1,0.08543478681915317,0.34572411924357577
202309040610,A_current_1200,2023-09-23,16,0.11955855034010077,0.38175369461160974
202306040702,A_current_1200,2023-09-24,3,0.19701186637591764,0.5503715434136166
202309040710,A_current_1200,2023-09-24,16,0.17319861302884298,0.522433467615494
202306040802,A_current_1200,2023-09-30,3,0.35771850041726044,0.9205521282654096
202306040810,A_current_1200,2023-09-30,16,0.13799363694936234,0.43293165458917454
202306040911,A_current_1200,2023-10-01,16,0.10174305113639619,0.3511885434537949
202308020201,A_current_1200,2023-10-08,2,0.25784559579341726,0.642996657487468
202308020211,A_current_1200,2023-10-08,18,0.14501868098867216,0.44542027178128407
202304040109,A_current_1200,2023-10-14,16,0.1189512966176417,0.37609479092088427
202304040201,A_current_1200,2023-10-15,4,0.07623710626034122,0.24941766920923564
202304040311,A_current_1200,2023-10-21,18,0.11132849113865295,0.3465099038536308
202308020709,A_current_1200,2023-10-22,16,0.11305375421480328,0.37307974858020854
202304040510,A_current_1200,2023-10-28,18,0.13883433345160942,0.4957713219771157
202303030108,A_current_1200,2023-11-04,13,0.1411229034792623,0.42050225835691474
202303030112,A_current_1200,2023-11-04,11,0.15247844984124034,0.46209773045412633
202303030202,A_current_1200,2023-11-05,6,0.12735282553104457,0.3813019726680776
202303030208,A_current_1200,2023-11-05,12,0.1652792475646719,0.4948833281178889
202303030211,A_current_1200,2023-11-05,16,0.15542646307098126,0.47396659491849613
202308030201,A_current_1200,2023-11-05,2,0.06560198622150917,0.24733676879021504
202308030210,A_current_1200,2023-11-05,18,0.12325637022327547,0.3822459523396814
202303030303,A_current_1200,2023-11-11,5,0.0893479967548515,0.2980393355414661
202303030306,A_current_1200,2023-11-11,16,0.12184810569237953,0.4102314965085029
202303030310,A_current_1200,2023-11-11,16,0.15429698899125746,0.5041729638916576
202303030312,A_current_1200,2023-11-11,13,0.1133786403413399,0.3859827162456502
202303030407,A_current_1200,2023-11-12,14,0.13660239441982835,0.43892121645458143
202303030409,A_current_1200,2023-11-12,8,0.10186764183905928,0.35029670424132214
202303030508,A_current_1200,2023-11-18,16,0.11417207229809137,0.35701423738030186
202303030511,A_current_1200,2023-11-18,16,0.17827021520003533,0.5909202853476327
202303030606,A_current_1200,2023-11-19,5,0.20226132372937505,0.5582447754685209
202303030612,A_current_1200,2023-11-19,16,0.11184668916528583,0.35449993392285806
202308030601,A_current_1200,2023-11-19,4,0.30364791700820837,0.8158831143024567
202308030712,A_current_1200,2023-11-25,18,0.13708896897066178,0.4544017335535135
202308030812,A_current_1200,2023-11-26,18,0.1150568521439589,0.3813816152077488
202306050112,A_current_1200,2023-12-02,15,0.14625186877456117,0.4770943190456123
202307040104,A_current_1200,2023-12-02,2,0.06860878340321926,0.24325719896287776
202309050109,A_current_1200,2023-12-02,9,0.21032017587144963,0.6131160719433298
202306050209,A_current_1200,2023-12-03,15,0.17213574016065566,0.5589901184222806
202306050211,A_current_1200,2023-12-03,11,0.16729233370436297,0.5169410190293804
202306050307,A_current_1200,2023-12-09,14,0.12889239135296232,0.42093475118151563
202306050309,A_current_1200,2023-12-09,8,0.13396300303318198,0.44684779815953884
202307040312,A_current_1200,2023-12-09,15,0.1378840423834547,0.4431254126926377
202309050312,A_current_1200,2023-12-09,12,0.13865652433521164,0.4282687672005097
202306050402,A_current_1200,2023-12-10,9,0.1092383884524634,0.3332763033823857
202307040411,A_current_1200,2023-12-10,9,0.164926357617489,0.4840754855296793
202309050403,A_current_1200,2023-12-10,7,0.12816766437708285,0.4183265547231018
202307040510,A_current_1200,2023-12-16,8,0.16895803815415378,0.5034655371835453
202309050511,A_current_1200,2023-12-16,16,0.17053935042554005,0.5373250916641809
202307040610,A_current_1200,2023-12-17,16,0.1449365954078949,0.45484307450120487
202306050712,A_current_1200,2023-12-23,16,0.15322610854799276,0.4556398936743425
202306050803,A_current_1200,2023-12-24,4,0.019262044761161085,0.13383928653667826
202309050902,A_current_1200,2023-12-28,8,0.06861155370011371,0.2769231285679617
202309050912,A_current_1200,2023-12-28,16,0.162984625859391,0.4734551735564004
202406010107,A_current_1200,2024-01-06,8,0.11426903974900895,0.38097979392581766
202408010106,A_current_1200,2024-01-06,9,0.09810139045907566,0.33699161359524926
202408010212,A_current_1200,2024-01-07,12,0.18980768640865553,0.5919945978179362
202406010311,A_current_1200,2024-01-08,16,0.14821669766679102,0.4569879757530654
202406010412,A_current_1200,2024-01-13,15,0.18332823336183926,0.5355608103321132
202408010411,A_current_1200,2024-01-13,17,0.09204051006240851,0.3079174937410132
202410010110,A_current_1200,2024-01-13,11,0.2915607242973003,0.8648580268818725
202410010112,A_current_1200,2024-01-13,18,0.12583079594014623,0.44488605955486477
202406010509,A_current_1200,2024-01-14,14,0.22654600386976037,0.6627717647877427
202410010202,A_current_1200,2024-01-14,8,0.1779543530029935,0.5925002941797058
202410010206,A_current_1200,2024-01-14,9,0.045287027703559746,0.20908469374829514
202410010212,A_current_1200,2024-01-14,17,0.16462528813685295,0.530433947231041
202410010302,A_current_1200,2024-01-20,11,0.06974365986553449,0.2567372806238939
202410010312,A_current_1200,2024-01-20,17,0.12365217152951465,0.3849307564948127
202410010407,A_current_1200,2024-01-21,4,0.06114104169334933,0.2284317424083159
202410010409,A_current_1200,2024-01-21,15,0.11295038052834641,0.3738343738876921
202410010506,A_current_1200,2024-01-27,11,0.07512876694986907,0.27443273827333786
202410010511,A_current_1200,2024-01-27,10,0.22150051651970332,0.6259730075996677
202410010512,A_current_1200,2024-01-27,18,0.12018730763415715,0.39449303858775986
202408020211,A_current_1200,2024-01-28,18,0.08192385435149535,0.28269341690915817
202410010602,A_current_1200,2024-01-28,11,0.13725173455584194,0.476490288078177
202410010608,A_current_1200,2024-01-28,14,0.1471728304563857,0.47611516183300256
202410010611,A_current_1200,2024-01-28,18,0.14719648345872477,0.45366091275936227
202408020308,A_current_1200,2024-02-03,12,0.15966566628676987,0.4727223365198731
202410010709,A_current_1200,2024-02-03,9,0.161091703664097,0.4929242340971611
202410010806,A_current_1200,2024-02-04,12,0.1524602277681736,0.4337745854849449
202410010812,A_current_1200,2024-02-04,14,0.15135396826414493,0.4601023753853158
202410020110,A_current_1200,2024-02-10,14,0.17918087079121398,0.5934936331799756
202410020112,A_current_1200,2024-02-10,18,0.1372903925181334,0.4372441367121376
202410020202,A_current_1200,2024-02-11,11,0.11825469009101885,0.36619152778248404
202410020206,A_current_1200,2024-02-11,9,0.18374530852543022,0.5254075861867784
202410020211,A_current_1200,2024-02-11,18,0.13270651615361653,0.4246050564578371
202410020302,A_current_1200,2024-02-17,6,0.20909967987336453,0.6071073062169229
202410020312,A_current_1200,2024-02-17,17,0.12337296475766808,0.3738147437682747
202410020402,A_current_1200,2024-02-18,8,0.24198296732129648,0.6747681597916009
202410020410,A_current_1200,2024-02-18,18,0.12852953406595702,0.40319227170737126
202410020412,A_current_1200,2024-02-18,17,0.1470184064099378,0.47961299154869175
202409010112,A_current_1200,2024-02-24,10,0.15409673681634176,0.4620319810736115
202410020502,A_current_1200,2024-02-24,10,0.1397667598971617,0.4079761867799035
202410020509,A_current_1200,2024-02-24,14,0.10511437613651482,0.3407221551537433
202410020512,A_current_1200,2024-02-24,18,0.12350300323918104,0.42437701691666924
202409010210,A_current_1200,2024-02-25,11,0.18375812833404037,0.5395473404045562
202410020606,A_current_1200,2024-02-25,10,0.12669619871538346,0.37057234911588766
202410020611,A_current_1200,2024-02-25,17,0.1411570314547068,0.4271094766785095
202406020311,A_current_1200,2024-03-02,16,0.11046677544434866,0.36023525800262673
202410020702,A_current_1200,2024-03-02,13,0.1382396005152619,0.45459505024087876
202410020709,A_current_1200,2024-03-02,10,0.18244161808549775,0.5212132259349325
202410020712,A_current_1200,2024-03-02,18,0.08493202582882632,0.2952825268421344
202410020801,A_current_1200,2024-03-03,12,0.09155027339267109,0.2969957758569458
202410020807,A_current_1200,2024-03-03,16,0.11509456838329998,0.3780390158208417
202410020810,A_current_1200,2024-03-03,18,0.1633952712869301,0.551312754595315
202406020510,A_current_1200,2024-03-09,16,0.14615607413067466,0.45889459928278126
202406020512,A_current_1200,2024-03-09,13,0.15024893878794046,0.46301715885261174
202406020607,A_current_1200,2024-03-10,9,0.16975301698128198,0.49617654049777227
202407010303,A_current_1200,2024-03-16,13,0.16373243501003737,0.4732454279626872
202409010706,A_current_1200,2024-03-16,8,0.1721772027655354,0.5177895500063433
202409010710,A_current_1200,2024-03-16,15,0.15624492204290624,0.4846260829362511
202406030105,A_current_1200,2024-03-23,8,0.20626807034435582,0.5872460970160246
202406030212,A_current_1200,2024-03-24,13,0.16794078356417835,0.51010086491372
202407010608,A_current_1200,2024-03-24,16,0.1412141744095397,0.43848110156661113
202407010611,A_current_1200,2024-03-24,17,0.10151368997628342,0.3403326405570534
202409020310,A_current_1200,2024-03-30,15,0.14686842058524252,0.4514552526017424
202403010102,A_current_1200,2024-04-06,6,0.15417922608624787,0.4805182759451317
202403010110,A_current_1200,2024-04-06,16,0.134674465556311,0.4177455988649222
202403010112,A_current_1200,2024-04-06,16,0.0931574885827465,0.31241786411664685
202406030510,A_current_1200,2024-04-06,15,0.17258722092600956,0.5703621412583892
202409020506,A_current_1200,2024-04-06,9,0.21417414870435514,0.6080778015126364
202403010202,A_current_1200,2024-04-07,5,0.2480748879226511,0.6918461296103688
202403010207,A_current_1200,2024-04-07,16,0.13922508541780088,0.41734120285795984
202403010211,A_current_1200,2024-04-07,16,0.10786277337114486,0.34523121935542506
202406030607,A_current_1200,2024-04-07,12,0.1640881279469615,0.5052137953673387
202403010302,A_current_1200,2024-04-13,9,0.06204077747151077,0.24056443068730887
202403010305,A_current_1200,2024-04-13,5,0.17370561615399557,0.4956103403727049
202403010309,A_current_1200,2024-04-13,14,0.13604836976744464,0.41886805817744094
202406030708,A_current_1200,2024-04-13,12,0.14845827464318437,0.44622614404363065
202403010407,A_current_1200,2024-04-14,16,0.12098110405647973,0.39097158455174286
202403010409,A_current_1200,2024-04-14,14,0.14116740228315935,0.42892349447994266
202406030812,A_current_1200,2024-04-14,16,0.09160626954036055,0.31241266575578613
202403010502,A_current_1200,2024-04-20,7,0.21011428799891615,0.6193342542950389
202403010509,A_current_1200,2024-04-20,14,0.16638380571908945,0.4987001905898977
202403010602,A_current_1200,2024-04-21,7,0.09204869267357156,0.2987356178939692
202403010607,A_current_1200,2024-04-21,12,0.10318522544210705,0.3429760308737671
202403010611,A_current_1200,2024-04-21,16,0.13748550928138123,0.42841454646258215
202404010112,A_current_1200,2024-04-27,10,0.16280799859148026,0.4878889385470956
202408030410,A_current_1200,2024-04-28,18,0.12370763220802096,0.39436794259430497
202404010309,A_current_1200,2024-05-04,16,0.13014511287814554,0.413532197049095
202404010402,A_current_1200,2024-05-05,9,0.13776984295476835,0.41310730528043105
202408030611,A_current_1200,2024-05-05,13,0.25017023621255113,0.7299072711677597
202408030707,A_current_1200,2024-05-11,14,0.13672609351856507,0.4359614113018529
202404010612,A_current_1200,2024-05-12,13,0.19540224434662218,0.5761510562576586
202408030803,A_current_1200,2024-05-12,15,0.1166062213876379,0.39740106588506735
202408030807,A_current_1200,2024-05-12,14,0.10645965603780051,0.3484646468299378
202404010711,A_current_1200,2024-05-18,16,0.16368411003796918,0.5346522441249512
202404010802,A_current_1200,2024-05-19,8,0.11998019355182671,0.37107578531191215
202408031007,A_current_1200,2024-05-19,9,0.17152048983516113,0.5238373354982259
202408031111,A_current_1200,2024-05-25,18,0.14577259977973128,0.4556153234282243
202408040209,A_current_1200,2024-06-02,14,0.17140002714901037,0.5101506571192247
202402010101,A_current_1200,2024-06-08,14,0.09595173835596586,0.3225560709810313
202402010111,A_current_1200,2024-06-08,16,0.12794723739417843,0.3979599036922052
202408040304,A_current_1200,2024-06-08,11,0.19453778445343275,0.5513509970414728
202402010201,A_current_1200,2024-06-09,11,0.12906374720723146,0.4094736265229073
202402010208,A_current_1200,2024-06-09,12,0.13904357945083093,0.46024161255978324
202402010211,A_current_1200,2024-06-09,16,0.125107577499175,0.4007685108065698
202408040412,A_current_1200,2024-06-09,13,0.14021535765707638,0.43410393356870014
202402010301,A_current_1200,2024-06-15,16,0.1418511482266116,0.4370974432272675
202402010309,A_current_1200,2024-06-15,8,0.15901578478762107,0.4670142102347761
202402010311,A_current_1200,2024-06-15,12,0.13346513763214557,0.41836169893038483
202402010402,A_current_1200,2024-06-16,10,0.17053326137405833,0.4945855815889524
202402010408,A_current_1200,2024-06-16,14,0.1330703517317373,0.41246862548261376
202402010411,A_current_1200,2024-06-16,16,0.1442734484195562,0.4352706877178539
202402010412,A_current_1200,2024-06-16,13,0.15527577647270357,0.4936160093990463
202402010503,A_current_1200,2024-06-22,16,0.11444900280447824,0.3700698029652224
202402010511,A_current_1200,2024-06-22,16,0.14724247166092555,0.45837165529663965
202402010601,A_current_1200,2024-06-23,13,0.07625452287929346,0.27743491192197933
202402010610,A_current_1200,2024-06-23,13,0.15555401189004422,0.46482448354090633
202402010612,A_current_1200,2024-06-23,9,0.22144969380099644,0.6212268791562781
202402010709,A_current_1200,2024-06-29,10,0.19060465068960808,0.6204242715084303
202402010711,A_current_1200,2024-06-29,16,0.12350156625783429,0.39892656671390253
202403020111,A_current_1200,2024-06-29,13,0.1557556754308608,0.47418724284069597
202410030103,A_current_1200,2024-06-29,15,0.13661924784853646,0.4740122366494809
202410030112,A_current_1200,2024-06-29,11,0.12806154799240332,0.39850170137442703
202402010803,A_current_1200,2024-06-30,14,0.17188964527876752,0.5202146774351304
202402010810,A_current_1200,2024-06-30,15,0.14757465136308004,0.4651409258777734
202403020203,A_current_1200,2024-06-30,7,0.22660570149309062,0.6275643416554354
202403020209,A_current_1200,2024-06-30,8,0.28931099141498495,0.8057025531020297
202403020212,A_current_1200,2024-06-30,16,0.14201044846586577,0.4417755546507701
202410030202,A_current_1200,2024-06-30,13,0.15195726258912987,0.44177275985325026
202410030208,A_current_1200,2024-06-30,17,0.13330233057706717,0.4281677584939634
202410030211,A_current_1200,2024-06-30,18,0.14548962506701127,0.46601680551109215
202402010910,A_current_1200,2024-07-06,10,0.17718386904577094,0.5305927440973935
202402010912,A_current_1200,2024-07-06,8,0.1359966737621245,0.42292833099731586
202403020309,A_current_1200,2024-07-06,9,0.19261756323066437,0.5558432668536614
202410030306,A_current_1200,2024-07-06,11,0.10934802259095093,0.4486411585131252
202402011004,A_current_1200,2024-07-07,16,0.10277477232916478,0.33342986245485196
202402011012,A_current_1200,2024-07-07,9,0.3124356879832066,0.8943092043024605
202403020407,A_current_1200,2024-07-07,10,0.1334718738203466,0.4146535343914987
202410030410,A_current_1200,2024-07-07,14,0.18277318384149668,0.5442478149292798
202410030412,A_current_1200,2024-07-07,9,0.14811126818304868,0.4502693734015414
202402011103,A_current_1200,2024-07-13,15,0.13439195757846462,0.43306031675886375
202402011111,A_current_1200,2024-07-13,1,0.06162746701688371,0.2853498616845589
202402011112,A_current_1200,2024-07-13,13,0.16565752190918792,0.49593430990305026
202403020509,A_current_1200,2024-07-13,16,0.12846709882157487,0.40013949244869595
202403020512,A_current_1200,2024-07-13,14,0.14874190946393218,0.43289499727505604
202410030503,A_current_1200,2024-07-13,16,0.12499072398003236,0.39244618467878495
202410030506,A_current_1200,2024-07-13,14,0.11247210560377617,0.3682753114247442
202410030512,A_current_1200,2024-07-13,10,0.18714407320417606,0.5555338319505264
202402011203,A_current_1200,2024-07-14,13,0.14694775054781212,0.4605994738541164
202402011208,A_current_1200,2024-07-14,15,0.19140878316605497,0.6256033029304829
202402011212,A_current_1200,2024-07-14,12,0.19978482753297078,0.5677310044729811
202403020607,A_current_1200,2024-07-14,12,0.1314519123464542,0.42427752241258804
202403020611,A_current_1200,2024-07-14,15,0.13767526514798523,0.45999837544320826
202410030608,A_current_1200,2024-07-14,8,0.18165633721812355,0.5083059308839939
202410030611,A_current_1200,2024-07-14,17,0.1443577793986377,0.4594551247775764
202401010107,A_current_1200,2024-07-20,11,0.19266165753975245,0.5454530323751233
202401010111,A_current_1200,2024-07-20,16,0.1377571206219127,0.42920863591437897
202403020707,A_current_1200,2024-07-20,12,0.20674552956980533,0.6496869457802482
202403020709,A_current_1200,2024-07-20,14,0.06214156229506785,0.24524552197720487
202410030712,A_current_1200,2024-07-20,18,0.18420581662732355,0.6050030216756866
202401010203,A_current_1200,2024-07-21,16,0.07875003820336267,0.2893635214093262
202401010209,A_current_1200,2024-07-21,12,0.07765182138832007,0.30213107449165577
202401010211,A_current_1200,2024-07-21,10,0.18374625831028796,0.5350042190211011
202410030802,A_current_1200,2024-07-21,14,0.11110744912455124,0.3715544006809476
202410030810,A_current_1200,2024-07-21,18,0.15332514210291923,0.4961689273059881
202401010408,A_current_1200,2024-07-28,13,0.14205469959419778,0.45305323196070824
202404020310,A_current_1200,2024-08-03,13,0.11320400420024852,0.3726935903473156
202401010603,A_current_1200,2024-08-04,14,0.10931643866656139,0.35997171992437454
202401010610,A_current_1200,2024-08-04,16,0.1598314414064973,0.4958622427887366
202401010612,A_current_1200,2024-08-04,14,0.11531860486934088,0.3977837825661948
202401020112,A_current_1200,2024-08-10,16,0.14592615241328885,0.4609266617274248
202407020107,A_current_1200,2024-08-10,13,0.20279108441303226,0.6153412895561812
202401020211,A_current_1200,2024-08-11,16,0.1449642873562225,0.45425098636883754
202407020212,A_current_1200,2024-08-11,10,0.19081072021018278,0.548509472799956
202401020303,A_current_1200,2024-08-17,13,0.10539187276996903,0.331156945865719
202407020301,A_current_1200,2024-08-17,1,0.22229109726822927,0.6376700302009007
202407020312,A_current_1200,2024-08-17,17,0.16645563221685736,0.522281103769029
202401020410,A_current_1200,2024-08-18,16,0.13168723770242788,0.43044638158674425
202407020411,A_current_1200,2024-08-18,18,0.1262338691998661,0.4004370760582252
202401020510,A_current_1200,2024-08-24,14,0.14843591162024877,0.44861854221325986
202404030503,A_current_1200,2024-08-24,17,0.10261371100286924,0.3292405508057008
202401020609,A_current_1200,2024-08-25,15,0.08545470912582433,0.2926337707656527
202401020611,A_current_1200,2024-08-25,16,0.13077522746540665,0.4184844477971691
202401020701,A_current_1200,2024-08-31,2,0.3087935540068654,0.792174531496352
202401020712,A_current_1200,2024-08-31,15,0.14652407541809548,0.43884526915781075
202407020711,A_current_1200,2024-08-31,18,0.0796694699238515,0.2677550888811997
202401020804,A_current_1200,2024-09-01,16,0.13900908755634017,0.42283503872035516
202401020806,A_current_1200,2024-09-01,16,0.149199002823049,0.4863761854145346
202401020809,A_current_1200,2024-09-01,2,0.2235581520201908,0.63182660718046
202406040110,A_current_1200,2024-09-07,10,0.17601756160553722,0.5096710047589333
202407030108,A_current_1200,2024-09-07,18,0.08839504428099375,0.29647132478703986
202406040210,A_current_1200,2024-09-08,10,0.22952177247094493,0.683888048115124
202407030211,A_current_1200,2024-09-08,18,0.14448706591223517,0.44672415451346126
202406040303,A_current_1200,2024-09-14,3,0.22479602543018437,0.6035894195585647
202406040412,A_current_1200,2024-09-15,16,0.11404674854403016,0.38089040581524863
202407030403,A_current_1200,2024-09-15,1,0.2643023801618405,0.7217595835781516
202406040604,A_current_1200,2024-09-21,15,0.14073733270124755,0.4167544064280605
202406040609,A_current_1200,2024-09-21,5,0.11686486900803786,0.3859728578474436
202407030610,A_current_1200,2024-09-21,16,0.11279094116603217,0.35777602504414385
202406040702,A_current_1200,2024-09-22,1,0.207611736798615,0.6081524029954726
202407030710,A_current_1200,2024-09-22,17,0.11328579814204097,0.3731719382842176
202406040802,A_current_1200,2024-09-28,1,0.0012836363699175873,0.036485443684412755
202406040810,A_current_1200,2024-09-28,14,0.12778727629920464,0.39630112452185445
202406040911,A_current_1200,2024-09-29,14,0.17289034691450159,0.5164775263858523
202408050111,A_current_1200,2024-10-05,18,0.1233102381498446,0.3874512610284692
202404040309,A_current_1200,2024-10-12,16,0.08984430245252746,0.2906708400181903
202408050312,A_current_1200,2024-10-12,17,0.15184728173891782,0.45239805431765645
202404040403,A_current_1200,2024-10-14,4,0.05298490941371105,0.23162260032708248
202404040511,A_current_1200,2024-10-19,17,0.12889854739552012,0.4020463175127331
202408050602,A_current_1200,2024-10-20,2,0.18713407709258167,0.5074526974947817
202404040810,A_current_1200,2024-10-27,16,0.12906759057023476,0.3983000079480409
202403030102,A_current_1200,2024-11-02,3,0.38109295782563996,0.9881479349987895
202403030112,A_current_1200,2024-11-02,16,0.2337310530405098,0.7548276912266394
202403030202,A_current_1200,2024-11-03,7,0.12418584429803725,0.37688016085011594
202403030208,A_current_1200,2024-11-03,16,0.16338623202968847,0.515524556253983
202403030211,A_current_1200,2024-11-03,16,0.10412022656499935,0.331100276702649
202408060210,A_current_1200,2024-11-03,10,0.1683728253797287,0.5149393034571705
202403030303,A_current_1200,2024-11-09,4,0.22130643220826013,0.6165014991112958
202403030306,A_current_1200,2024-11-09,16,0.16794088407048896,0.5746204875008644
202403030310,A_current_1200,2024-11-09,16,0.15959304385725698,0.5149693447852073
202403030312,A_current_1200,2024-11-09,15,0.17675048514436623,0.618306565991202
202403030407,A_current_1200,2024-11-10,16,0.129436080383593,0.40414529023292034
202403030409,A_current_1200,2024-11-10,11,0.14152865281624857,0.4361787174230912
202403030508,A_current_1200,2024-11-16,15,0.12399440885101194,0.4137091346083729
202403030511,A_current_1200,2024-11-16,16,0.14299476972773073,0.4674747845159646
202403030606,A_current_1200,2024-11-17,4,0.3037019811910213,0.8157467236200264
202403030612,A_current_1200,2024-11-17,16,0.1307822152629546,0.40928343003690776
202408060601,A_current_1200,2024-11-17,4,0.1149857687707779,0.35670809252062946
202408060712,A_current_1200,2024-11-23,15,0.15450129245195343,0.48806606964925564
202408060812,A_current_1200,2024-11-24,18,0.12652073689790397,0.4030140050230882
202406050112,A_current_1200,2024-11-30,15,0.15268686509658605,0.49892382433900784
202407040104,A_current_1200,2024-11-30,9,0.08198802041020817,0.30174938747785274
202408070109,A_current_1200,2024-11-30,5,0.2388020218894232,0.6649361480909438
202406050209,A_current_1200,2024-12-01,16,0.14126065505539442,0.4320296605771253
202406050211,A_current_1200,2024-12-01,16,0.13179758943915082,0.4071945975502445
202406050309,A_current_1200,2024-12-07,6,0.11326672378751092,0.3596883690564066
202407040312,A_current_1200,2024-12-07,18,0.1384252116274759,0.4323741504164121
202406050402,A_current_1200,2024-12-08,7,0.11928946978647684,0.3930660324436702
202407040411,A_current_1200,2024-12-08,13,0.12648269393205955,0.3967445939581587
202408070412,A_current_1200,2024-12-08,11,0.18963552377573334,0.5503986453018972
202407040509,A_current_1200,2024-12-14,10,0.18069643387810314,0.5177619648148105
202408070503,A_current_1200,2024-12-14,6,0.13164767687318954,0.38484981203107393
202408070511,A_current_1200,2024-12-14,16,0.11714260119678668,0.37482680377253086
202407040612,A_current_1200,2024-12-15,18,0.1520782796114545,0.46612350334180086
202406050712,A_current_1200,2024-12-21,16,0.14432251852314354,0.44212600820339637
202406050803,A_current_1200,2024-12-22,7,0.17579299068201254,0.5336574616320616
202408070912,A_current_1200,2024-12-28,16,0.13344960957390437,0.4580988327867718
202307010206,B_turf_sprint_1000_1400,2023-01-07,6,0.13484851465618988,0.4222509432618065
202306010309,B_turf_sprint_1000_1400,2023-01-08,12,0.15793610329933175,0.47770337331915763
202307010312,B_turf_sprint_1000_1400,2023-01-08,13,0.1271246698694521,0.3907185102723703
202307010411,B_turf_sprint_1000_1400,2023-01-09,15,0.18288900447654477,0.5802590879031765
202306010511,B_turf_sprint_1000_1400,2023-01-14,16,0.11974000774846345,0.37049976504432747
202310010102,B_turf_sprint_1000_1400,2023-01-14,9,0.15915973138524928,0.478243853620451
202310010112,B_turf_sprint_1000_1400,2023-01-14,17,0.1433334379096174,0.4351682158711001
202306010609,B_turf_sprint_1000_1400,2023-01-15,11,0.16382079639717514,0.5051911218039079
202306010612,B_turf_sprint_1000_1400,2023-01-15,10,0.17400684473641923,0.5196929602682852
202310010202,B_turf_sprint_1000_1400,2023-01-15,4,0.18431254691631194,0.5041876588626979
202310010209,B_turf_sprint_1000_1400,2023-01-15,18,0.11310669603518961,0.35384486005685256
202310010212,B_turf_sprint_1000_1400,2023-01-15,16,0.15535384998807725,0.49504905235891555
202310010309,B_turf_sprint_1000_1400,2023-01-21,7,0.3031500545539167,0.8029663614401173
202310010312,B_turf_sprint_1000_1400,2023-01-21,17,0.14986185194141766,0.45582271965640053
202310010402,B_turf_sprint_1000_1400,2023-01-22,12,0.21920337589528524,0.6673978424585902
202310010406,B_turf_sprint_1000_1400,2023-01-22,10,0.12419124467509471,0.5013266326765975
202310010409,B_turf_sprint_1000_1400,2023-01-22,12,0.16717749630287895,0.520923131564362
202310010502,B_turf_sprint_1000_1400,2023-01-28,9,0.06838122403633307,0.2716621310164846
202310010511,B_turf_sprint_1000_1400,2023-01-28,18,0.15218096410728957,0.4750702246390903
202310010512,B_turf_sprint_1000_1400,2023-01-28,17,0.15086991258662552,0.4531824546710557
202307011011,B_turf_sprint_1000_1400,2023-01-29,15,0.1294874860165517,0.4109818976838407
202310010602,B_turf_sprint_1000_1400,2023-01-29,8,0.12432461573858972,0.36516488446817125
202310010608,B_turf_sprint_1000_1400,2023-01-29,14,0.15306819247899245,0.4707674376017911
202310010611,B_turf_sprint_1000_1400,2023-01-29,18,0.1268788288542239,0.388151134435038
202310010709,B_turf_sprint_1000_1400,2023-02-04,11,0.217253023439676,0.627697952214671
202310010712,B_turf_sprint_1000_1400,2023-02-04,18,0.11089780139682463,0.34900891709875337
202307011212,B_turf_sprint_1000_1400,2023-02-05,11,0.12611548581460985,0.39769668970895605
202310010806,B_turf_sprint_1000_1400,2023-02-05,9,0.07104743496566651,0.2694939001852579
202310010809,B_turf_sprint_1000_1400,2023-02-05,18,0.15044461625488392,0.4648210493683165
202310020106,B_turf_sprint_1000_1400,2023-02-11,14,0.07109596509926877,0.24978423213687612
202310020110,B_turf_sprint_1000_1400,2023-02-11,18,0.12440428416182482,0.4037385597192876
202310020202,B_turf_sprint_1000_1400,2023-02-12,8,0.25718417388709525,0.7201651539736728
202310020206,B_turf_sprint_1000_1400,2023-02-12,17,0.1493597001073549,0.4524574968571805
202310020211,B_turf_sprint_1000_1400,2023-02-12,18,0.14055684110718103,0.44868820553109245
202310020306,B_turf_sprint_1000_1400,2023-02-18,10,0.054996558759953795,0.22506042348691652
202310020311,B_turf_sprint_1000_1400,2023-02-18,18,0.14100611958419784,0.4466412387683794
202310020402,B_turf_sprint_1000_1400,2023-02-19,7,0.0679201620289978,0.23720726273021217
202310020408,B_turf_sprint_1000_1400,2023-02-19,18,0.12829639100055598,0.3853562095612478
202310020412,B_turf_sprint_1000_1400,2023-02-19,18,0.1143182897624177,0.3813218319374605
202310020502,B_turf_sprint_1000_1400,2023-02-25,13,0.21139878981750873,0.6824013938686525
202310020509,B_turf_sprint_1000_1400,2023-02-25,11,0.15499767209593068,0.45339268490521273
202310020512,B_turf_sprint_1000_1400,2023-02-25,17,0.09042862697786785,0.29185570414557
202309010610,B_turf_sprint_1000_1400,2023-02-26,9,0.2374890484656643,0.6852468011825988
202310020602,B_turf_sprint_1000_1400,2023-02-26,12,0.1420711858751544,0.45307680541592504
202310020606,B_turf_sprint_1000_1400,2023-02-26,18,0.11609301854339105,0.3626302662097446
202310020611,B_turf_sprint_1000_1400,2023-02-26,17,0.1270954059045439,0.4073916187208132
202306020311,B_turf_sprint_1000_1400,2023-03-04,16,0.16099907344332237,0.534102115402365
202309010712,B_turf_sprint_1000_1400,2023-03-04,16,0.14981205476147327,0.46553798357161036
202306020510,B_turf_sprint_1000_1400,2023-03-11,16,0.16971017206091174,0.5319003628748332
202306020512,B_turf_sprint_1000_1400,2023-03-11,16,0.09908842938851928,0.3201278723211358
202306020607,B_turf_sprint_1000_1400,2023-03-12,11,0.20365238528680962,0.6303314694340733
202307020305,B_turf_sprint_1000_1400,2023-03-18,8,0.2120855479037071,0.5804221400103182
202309011110,B_turf_sprint_1000_1400,2023-03-18,16,0.11292076562116654,0.3570631903348497
202309011206,B_turf_sprint_1000_1400,2023-03-19,7,0.09802015380463248,0.3377176788906072
202306030105,B_turf_sprint_1000_1400,2023-03-25,9,0.1762354966427611,0.5209737612918082
202306030212,B_turf_sprint_1000_1400,2023-03-26,13,0.17478113584260857,0.5438208731050389
202307020608,B_turf_sprint_1000_1400,2023-03-26,18,0.11795580759655179,0.3530300796064919
202307020611,B_turf_sprint_1000_1400,2023-03-26,18,0.16271824941619373,0.5282252002767482
202309020310,B_turf_sprint_1000_1400,2023-04-01,10,0.16352948456977923,0.5419622269848683
202303010102,B_turf_sprint_1000_1400,2023-04-08,7,0.14765947336589685,0.452366014160242
202303010110,B_turf_sprint_1000_1400,2023-04-08,16,0.16201209464592403,0.5293095711473689
202303010112,B_turf_sprint_1000_1400,2023-04-08,15,0.15222255716227978,0.46188683988391904
202306030510,B_turf_sprint_1000_1400,2023-04-08,13,0.22777702443978098,0.6859317164561951
202309020506,B_turf_sprint_1000_1400,2023-04-08,8,0.11479097106599022,0.3820642588404564
202303010205,B_turf_sprint_1000_1400,2023-04-09,7,0.10786731259499605,0.3502931102452611
202303010208,B_turf_sprint_1000_1400,2023-04-09,14,0.10916971096709363,0.34560083874805747
202303010211,B_turf_sprint_1000_1400,2023-04-09,16,0.15226038393849922,0.4680534560551872
202306030607,B_turf_sprint_1000_1400,2023-04-09,7,0.12641518130795165,0.4071356278274553
202303010302,B_turf_sprint_1000_1400,2023-04-15,9,0.14587415866901005,0.4246724262986423
202303010305,B_turf_sprint_1000_1400,2023-04-15,7,0.13737900711139528,0.4156687251020819
202303010309,B_turf_sprint_1000_1400,2023-04-15,13,0.16356399193130705,0.5472618360040605
202306030708,B_turf_sprint_1000_1400,2023-04-15,16,0.14957910989100306,0.46668643276220534
202303010407,B_turf_sprint_1000_1400,2023-04-16,16,0.09846865268003595,0.3211647658651858
202303010409,B_turf_sprint_1000_1400,2023-04-16,16,0.13595822780968253,0.4143798146047098
202306030810,B_turf_sprint_1000_1400,2023-04-16,16,0.12064143861806023,0.39358108106764944
202303010502,B_turf_sprint_1000_1400,2023-04-22,11,0.1785092074048709,0.5383385309573451
202303010509,B_turf_sprint_1000_1400,2023-04-22,13,0.19041175169532415,0.5442237188898604
202308010103,B_turf_sprint_1000_1400,2023-04-22,14,0.1526831843833838,0.4446557017441438
202303010602,B_turf_sprint_1000_1400,2023-04-23,7,0.24158517221862236,0.6892120267778561
202303010607,B_turf_sprint_1000_1400,2023-04-23,7,0.08046050730073162,0.3009887782011331
202303010611,B_turf_sprint_1000_1400,2023-04-23,16,0.12234613477947849,0.38979164497039726
202304010109,B_turf_sprint_1000_1400,2023-04-29,14,0.15930448916983925,0.48910108150999215
202308010311,B_turf_sprint_1000_1400,2023-04-29,17,0.1300806891032403,0.40053601788938614
202304010212,B_turf_sprint_1000_1400,2023-04-30,14,0.14771081429889216,0.44954148441149566
202304010306,B_turf_sprint_1000_1400,2023-05-06,12,0.13169330326685805,0.41085046437025236
202308010611,B_turf_sprint_1000_1400,2023-05-07,18,0.1175190777786112,0.36614277641072446
202308010707,B_turf_sprint_1000_1400,2023-05-13,16,0.1016022909775645,0.3293210158198729
202304010612,B_turf_sprint_1000_1400,2023-05-14,15,0.1536055036846669,0.4644267306315732
202308010808,B_turf_sprint_1000_1400,2023-05-14,13,0.12678530104453498,0.3873334117350454
202304010711,B_turf_sprint_1000_1400,2023-05-20,16,0.11522095663435501,0.3701225717760773
202308010904,B_turf_sprint_1000_1400,2023-05-20,14,0.12450043232578036,0.3769824973317965
202304010802,B_turf_sprint_1000_1400,2023-05-21,9,0.14494319756548615,0.4270027135550176
202308011006,B_turf_sprint_1000_1400,2023-05-21,10,0.20167400753530113,0.5753951082772853
202308011111,B_turf_sprint_1000_1400,2023-05-27,17,0.10984701022368311,0.3532613831936147
202309030110,B_turf_sprint_1000_1400,2023-06-03,15,0.16727657207070784,0.500594177061178
202309030212,B_turf_sprint_1000_1400,2023-06-04,14,0.19784841298101347,0.6373256085664317
202302010101,B_turf_sprint_1000_1400,2023-06-10,11,0.11106881345835246,0.34863836904703605
202302010111,B_turf_sprint_1000_1400,2023-06-10,13,0.16061220347581437,0.48820193481797947
202309030303,B_turf_sprint_1000_1400,2023-06-10,9,0.1852501112302129,0.5242557753151451
202309030311,B_turf_sprint_1000_1400,2023-06-10,16,0.16130720668691975,0.4731572636509616
202302010201,B_turf_sprint_1000_1400,2023-06-11,11,0.15183151158157854,0.49029131607306753
202302010208,B_turf_sprint_1000_1400,2023-06-11,9,0.20613156131768148,0.5953538774260615
202302010211,B_turf_sprint_1000_1400,2023-06-11,16,0.11656824717657538,0.3779159527132771
202302010301,B_turf_sprint_1000_1400,2023-06-17,12,0.17315775279439202,0.5286063586122167
202302010309,B_turf_sprint_1000_1400,2023-06-17,11,0.16425526904307206,0.4621706807703135
202302010311,B_turf_sprint_1000_1400,2023-06-17,15,0.19586911279263058,0.5705071434874939
202302010402,B_turf_sprint_1000_1400,2023-06-18,15,0.11168232401732926,0.3652160156644353
202302010408,B_turf_sprint_1000_1400,2023-06-18,15,0.19699645624875264,0.6988178175717257
202302010411,B_turf_sprint_1000_1400,2023-06-18,16,0.15182842005788905,0.4641137819827846
202302010412,B_turf_sprint_1000_1400,2023-06-18,15,0.14469419193134778,0.446016771793254
202302010503,B_turf_sprint_1000_1400,2023-06-24,13,0.1288715552558637,0.40347196267843927
202302010507,B_turf_sprint_1000_1400,2023-06-24,11,0.15027013601767888,0.4573602859923852
202302010511,B_turf_sprint_1000_1400,2023-06-24,16,0.13040066578219292,0.4275105196525506
202302010601,B_turf_sprint_1000_1400,2023-06-25,15,0.14744482619603694,0.508132013813327
202302010610,B_turf_sprint_1000_1400,2023-06-25,12,0.19834559831579657,0.5633680431555925
202302010612,B_turf_sprint_1000_1400,2023-06-25,13,0.20631390117196974,0.5789844615080226
202302020109,B_turf_sprint_1000_1400,2023-07-01,12,0.12130390917470997,0.3710959448070921
202302020111,B_turf_sprint_1000_1400,2023-07-01,16,0.11234075037617734,0.3487955460594579
202307030110,B_turf_sprint_1000_1400,2023-07-01,11,0.1623487503528018,0.5362313710388714
202302020203,B_turf_sprint_1000_1400,2023-07-02,14,0.08056835289193034,0.2771736792540875
202302020210,B_turf_sprint_1000_1400,2023-07-02,9,0.17231015310892378,0.504528209981439
202303020202,B_turf_sprint_1000_1400,2023-07-02,9,0.2571144081668141,0.7368844120290903
202303020212,B_turf_sprint_1000_1400,2023-07-02,16,0.14031070870638643,0.4474087619067057
202307030208,B_turf_sprint_1000_1400,2023-07-02,18,0.13911297251970847,0.4344358203791048
202307030211,B_turf_sprint_1000_1400,2023-07-02,12,0.192908545581723,0.5363749004756546
202302020310,B_turf_sprint_1000_1400,2023-07-08,9,0.14296793321124826,0.43465821998083004
202302020312,B_turf_sprint_1000_1400,2023-07-08,11,0.16589977878310574,0.4823181358239728
202303020309,B_turf_sprint_1000_1400,2023-07-08,12,0.11810800858565328,0.3773526361879463
202307030307,B_turf_sprint_1000_1400,2023-07-08,15,0.13486780396733314,0.4071959917455448
202302020404,B_turf_sprint_1000_1400,2023-07-09,13,0.12180039434016214,0.39545486846475175
202302020412,B_turf_sprint_1000_1400,2023-07-09,11,0.20494412295202524,0.5678892362737699
202303020403,B_turf_sprint_1000_1400,2023-07-09,10,0.1341691484345618,0.4109710268459995
202303020412,B_turf_sprint_1000_1400,2023-07-09,13,0.13759961170592955,0.4217459891684033
202302020503,B_turf_sprint_1000_1400,2023-07-15,14,0.1269602262253328,0.4267742057041513
202302020508,B_turf_sprint_1000_1400,2023-07-15,14,0.15091364876354238,0.5013410698035666
202303020508,B_turf_sprint_1000_1400,2023-07-15,14,0.16405408579494146,0.5236026789975526
202303020511,B_turf_sprint_1000_1400,2023-07-15,10,0.27901325927876686,0.7721050938666189
202302020603,B_turf_sprint_1000_1400,2023-07-16,15,0.12523676478910778,0.37838268869615566
202302020608,B_turf_sprint_1000_1400,2023-07-16,13,0.15013382688314378,0.4438249734570689
202302020612,B_turf_sprint_1000_1400,2023-07-16,13,0.2048853890880851,0.5919128193849142
202303020603,B_turf_sprint_1000_1400,2023-07-16,11,0.20025999642335107,0.5948807367356616
202303020611,B_turf_sprint_1000_1400,2023-07-16,16,0.1619047081534078,0.4910945402017268
202307030612,B_turf_sprint_1000_1400,2023-07-16,13,0.18070907791099794,0.5321079013331409
202301010107,B_turf_sprint_1000_1400,2023-07-22,16,0.11872843030916362,0.3774305454539043
202301010111,B_turf_sprint_1000_1400,2023-07-22,14,0.1540899293500911,0.4703931264202349
202303020703,B_turf_sprint_1000_1400,2023-07-22,11,0.16604186582986286,0.5684555755136483
202303020710,B_turf_sprint_1000_1400,2023-07-22,15,0.11203011363291537,0.3601411379246027
202301010203,B_turf_sprint_1000_1400,2023-07-23,15,0.16358594853403371,0.526599778325909
202301010209,B_turf_sprint_1000_1400,2023-07-23,9,0.215996760807732,0.6037797526788881
202301010211,B_turf_sprint_1000_1400,2023-07-23,16,0.12640480329940926,0.39466834897984737
202303020812,B_turf_sprint_1000_1400,2023-07-23,13,0.18828443362925634,0.5769304646840347
202307030804,B_turf_sprint_1000_1400,2023-07-23,11,0.1904221028568849,0.545397952114115
202301010408,B_turf_sprint_1000_1400,2023-07-30,11,0.21408936160610254,0.602070770103508
202301010503,B_turf_sprint_1000_1400,2023-08-05,14,0.1371673189937709,0.4282059144444651
202304020307,B_turf_sprint_1000_1400,2023-08-05,14,0.11975350174874057,0.36690116343809104
202301010610,B_turf_sprint_1000_1400,2023-08-06,11,0.20990986699604539,0.5879474017146865
202301010612,B_turf_sprint_1000_1400,2023-08-06,16,0.1172991714289705,0.368113486788029
202301020112,B_turf_sprint_1000_1400,2023-08-12,16,0.15153120783222876,0.44825164880108853
202310030112,B_turf_sprint_1000_1400,2023-08-12,18,0.14167270282548905,0.44826471909946225
202301020211,B_turf_sprint_1000_1400,2023-08-13,15,0.1379323224511368,0.4282578195713204
202310030202,B_turf_sprint_1000_1400,2023-08-13,16,0.15763572067168868,0.502606846214893
202301020303,B_turf_sprint_1000_1400,2023-08-19,15,0.131111450106255,0.4072446386418101
202310030304,B_turf_sprint_1000_1400,2023-08-19,13,0.15659985623586264,0.4748485140431403
202310030311,B_turf_sprint_1000_1400,2023-08-19,11,0.21020937319555905,0.6227226810326899
202301020410,B_turf_sprint_1000_1400,2023-08-20,14,0.1636874891647626,0.47129889818654164
202310030404,B_turf_sprint_1000_1400,2023-08-20,18,0.11167958534150389,0.37684269209301985
202310030407,B_turf_sprint_1000_1400,2023-08-20,16,0.12426012636829256,0.3812972919267272
202310030409,B_turf_sprint_1000_1400,2023-08-20,16,0.1286238706805354,0.411159869283267
202310030411,B_turf_sprint_1000_1400,2023-08-20,18,0.11983474896568315,0.37902621987201324
202301020501,B_turf_sprint_1000_1400,2023-08-26,3,0.0894605812327544,0.29631970493397136
202301020510,B_turf_sprint_1000_1400,2023-08-26,14,0.1288931686689265,0.3951989274395712
202304030507,B_turf_sprint_1000_1400,2023-08-26,15,0.13494355038811776,0.4193418573685061
202304030512,B_turf_sprint_1000_1400,2023-08-26,13,0.12165707667335547,0.4016709954012512
202310030507,B_turf_sprint_1000_1400,2023-08-26,11,0.12865265459244377,0.391759039063459
202310030512,B_turf_sprint_1000_1400,2023-08-26,12,0.15178716695501246,0.46336815019119926
202301020609,B_turf_sprint_1000_1400,2023-08-27,16,0.15528826078421348,0.47038190839599053
202301020611,B_turf_sprint_1000_1400,2023-08-27,16,0.1374524300010059,0.42107275672742706
202310030601,B_turf_sprint_1000_1400,2023-08-27,3,0.22731926158577256,0.6381305560099131
202301020701,B_turf_sprint_1000_1400,2023-09-02,2,0.22769235508063312,0.6111757883795114
202301020709,B_turf_sprint_1000_1400,2023-09-02,16,0.12736424408238206,0.3934532066586726
202310030703,B_turf_sprint_1000_1400,2023-09-02,16,0.15615884222297058,0.46874913920228084
202310030707,B_turf_sprint_1000_1400,2023-09-02,18,0.09878326957093893,0.32219310446699745
202310030711,B_turf_sprint_1000_1400,2023-09-02,13,0.22568254585694417,0.6681896484352943
202301020804,B_turf_sprint_1000_1400,2023-09-03,14,0.11708281518131058,0.3750475641393045
202301020806,B_turf_sprint_1000_1400,2023-09-03,16,0.17545238501000507,0.5601633856386042
202301020809,B_turf_sprint_1000_1400,2023-09-03,3,0.2429859275646058,0.6938425501999842
202310030802,B_turf_sprint_1000_1400,2023-09-03,2,0.01163022951751403,0.09388219406282756
202310030807,B_turf_sprint_1000_1400,2023-09-03,18,0.13090328267494178,0.4064750784098207
202310030809,B_turf_sprint_1000_1400,2023-09-03,17,0.1739764708592428,0.5595816119407433
202306040110,B_turf_sprint_1000_1400,2023-09-09,10,0.2319046815334355,0.6355571095392758
202306040210,B_turf_sprint_1000_1400,2023-09-10,12,0.14848092395248136,0.45802566136092654
202309040211,B_turf_sprint_1000_1400,2023-09-10,15,0.16684828086445375,0.5303159001327934
202306040303,B_turf_sprint_1000_1400,2023-09-16,5,0.052329906001031976,0.2297314084935238
202306040412,B_turf_sprint_1000_1400,2023-09-17,15,0.14289253780878183,0.44227817554365173
202309040407,B_turf_sprint_1000_1400,2023-09-17,16,0.13535524884651523,0.4270163629462632
202306040604,B_turf_sprint_1000_1400,2023-09-23,16,0.17801575904010322,0.5357542110522119
202306040609,B_turf_sprint_1000_1400,2023-09-23,5,0.27938002800537953,0.7523437262724413
202309040602,B_turf_sprint_1000_1400,2023-09-23,1,0.11031636501059339,0.40367532293322206
202309040610,B_turf_sprint_1000_1400,2023-09-23,16,0.11927704440678709,0.3861360912979387
202306040702,B_turf_sprint_1000_1400,2023-09-24,3,0.22240119744157769,0.6026027503777969
202309040710,B_turf_sprint_1000_1400,2023-09-24,16,0.16656399359135515,0.5077356304745473
202306040802,B_turf_sprint_1000_1400,2023-09-30,3,0.3578908899366535,0.9224333184692369
202306040810,B_turf_sprint_1000_1400,2023-09-30,16,0.13657183341460047,0.4271281050284478
202306040911,B_turf_sprint_1000_1400,2023-10-01,16,0.11247333308570279,0.3756063090309062
202308020201,B_turf_sprint_1000_1400,2023-10-08,2,0.29717272981020304,0.7465012557429994
202308020211,B_turf_sprint_1000_1400,2023-10-08,18,0.15234194643441246,0.4654805801177491
202304040109,B_turf_sprint_1000_1400,2023-10-14,16,0.11544507585233046,0.3683426420232888
202304040201,B_turf_sprint_1000_1400,2023-10-15,4,0.07057219078696286,0.23681441662902314
202304040311,B_turf_sprint_1000_1400,2023-10-21,18,0.11125208038549957,0.35013109635357986
202308020709,B_turf_sprint_1000_1400,2023-10-22,16,0.1099882084095216,0.35879955245881656
202304040510,B_turf_sprint_1000_1400,2023-10-28,18,0.13984003347787366,0.5112711995294906
202303030108,B_turf_sprint_1000_1400,2023-11-04,13,0.14287971192673782,0.4248399273533684
202303030112,B_turf_sprint_1000_1400,2023-11-04,11,0.15897997225497482,0.4747967977231187
202303030202,B_turf_sprint_1000_1400,2023-11-05,6,0.12310771950342969,0.3754796490351699
202303030208,B_turf_sprint_1000_1400,2023-11-05,12,0.1643898079471851,0.49130495807200175
202303030211,B_turf_sprint_1000_1400,2023-11-05,16,0.1484613213468056,0.452521922311728
202308030201,B_turf_sprint_1000_1400,2023-11-05,2,0.0583117862709659,0.22860542528544667
202308030210,B_turf_sprint_1000_1400,2023-11-05,18,0.11967923321751213,0.3752238794187511
202303030303,B_turf_sprint_1000_1400,2023-11-11,5,0.09851425816367751,0.3168105042150137
202303030306,B_turf_sprint_1000_1400,2023-11-11,16,0.12291637409538363,0.4091164067587121
202303030310,B_turf_sprint_1000_1400,2023-11-11,16,0.15095547710541957,0.49134482004276303
202303030312,B_turf_sprint_1000_1400,2023-11-11,13,0.10992271860094815,0.37096513833417544
202303030407,B_turf_sprint_1000_1400,2023-11-12,14,0.13283558253684882,0.4258127060987268
202303030409,B_turf_sprint_1000_1400,2023-11-12,8,0.10425803015644529,0.3537709605235045
202303030508,B_turf_sprint_1000_1400,2023-11-18,16,0.1144186582175531,0.35958381827475905
202303030511,B_turf_sprint_1000_1400,2023-11-18,16,0.18077724649828975,0.6050222988557319
202303030606,B_turf_sprint_1000_1400,2023-11-19,5,0.19790751000110474,0.5498416511013753
202303030612,B_turf_sprint_1000_1400,2023-11-19,16,0.11679111223851639,0.3636835669165822
202308030601,B_turf_sprint_1000_1400,2023-11-19,4,0.30156563951500454,0.8179232064968219
202308030712,B_turf_sprint_1000_1400,2023-11-25,18,0.13845963530608574,0.4478263145024805
202308030812,B_turf_sprint_1000_1400,2023-11-26,18,0.11360999859927103,0.3783034520941459
202306050112,B_turf_sprint_1000_1400,2023-12-02,15,0.1521733837813435,0.48523597001365254
202307040104,B_turf_sprint_1000_1400,2023-12-02,2,0.07269014337178231,0.24987862348694545
202309050109,B_turf_sprint_1000_1400,2023-12-02,9,0.19258739663773866,0.5735158191778077
202306050209,B_turf_sprint_1000_1400,2023-12-03,15,0.17114266142543588,0.5481898169392722
202306050211,B_turf_sprint_1000_1400,2023-12-03,11,0.161939376183447,0.48571482371315755
202306050307,B_turf_sprint_1000_1400,2023-12-09,14,0.13009624472337133,0.417588450191163
202306050309,B_turf_sprint_1000_1400,2023-12-09,8,0.13469050592796628,0.44543400322677706
202307040312,B_turf_sprint_1000_1400,2023-12-09,15,0.1360611760882392,0.44370288090934634
202309050312,B_turf_sprint_1000_1400,2023-12-09,12,0.13221463689118773,0.4143204923910763
202306050402,B_turf_sprint_1000_1400,2023-12-10,9,0.10494683018559225,0.3264804880787364
202307040411,B_turf_sprint_1000_1400,2023-12-10,9,0.1748165143437411,0.5103814914620911
202309050403,B_turf_sprint_1000_1400,2023-12-10,7,0.1208556949200942,0.4033880530138241
202307040510,B_turf_sprint_1000_1400,2023-12-16,8,0.1545377238401381,0.47026507459479083
202309050511,B_turf_sprint_1000_1400,2023-12-16,16,0.16582062991266538,0.5197466328194805
202307040610,B_turf_sprint_1000_1400,2023-12-17,16,0.14427542785448194,0.4536339729687068
202306050712,B_turf_sprint_1000_1400,2023-12-23,16,0.15178978835397172,0.44972039200660296
202306050803,B_turf_sprint_1000_1400,2023-12-24,4,0.029991240754490573,0.16078501089186245
202309050902,B_turf_sprint_1000_1400,2023-12-28,8,0.07115317077613847,0.28267558779655333
202309050912,B_turf_sprint_1000_1400,2023-12-28,16,0.15505136943602166,0.4596502141549308
202406010107,B_turf_sprint_1000_1400,2024-01-06,8,0.10548384819266815,0.3612997245653363
202408010106,B_turf_sprint_1000_1400,2024-01-06,9,0.09481123780139372,0.3308379815447338
202408010212,B_turf_sprint_1000_1400,2024-01-07,12,0.18749725638903758,0.5807252987680899
202406010311,B_turf_sprint_1000_1400,2024-01-08,16,0.15294934270120455,0.47076570899945647
202406010412,B_turf_sprint_1000_1400,2024-01-13,15,0.1800472919180564,0.5266888754394117
202408010411,B_turf_sprint_1000_1400,2024-01-13,17,0.09006988980386743,0.29886082461644303
202410010110,B_turf_sprint_1000_1400,2024-01-13,11,0.27608879630111327,0.801261037116625
202410010112,B_turf_sprint_1000_1400,2024-01-13,18,0.12284426017872814,0.43455369672545135
202406010509,B_turf_sprint_1000_1400,2024-01-14,14,0.23102783058716156,0.6768575954819626
202410010202,B_turf_sprint_1000_1400,2024-01-14,8,0.17184714917705868,0.565235836863038
202410010206,B_turf_sprint_1000_1400,2024-01-14,9,0.041913323833621154,0.19757456364651102
202410010212,B_turf_sprint_1000_1400,2024-01-14,17,0.16332452340972178,0.5262103740413259
202410010302,B_turf_sprint_1000_1400,2024-01-20,11,0.07366790563283293,0.26545154247091723
202410010312,B_turf_sprint_1000_1400,2024-01-20,17,0.11408575274065133,0.35997607770477075
202410010407,B_turf_sprint_1000_1400,2024-01-21,4,0.06032386400140356,0.227213457189918
202410010409,B_turf_sprint_1000_1400,2024-01-21,15,0.11395432649586976,0.3769324332736324
202410010506,B_turf_sprint_1000_1400,2024-01-27,11,0.07406929769195726,0.2727564937039116
202410010511,B_turf_sprint_1000_1400,2024-01-27,10,0.20520674523460972,0.5899814210025379
202410010512,B_turf_sprint_1000_1400,2024-01-27,18,0.12284442208182221,0.40010965512224844
202408020211,B_turf_sprint_1000_1400,2024-01-28,18,0.07849531232575734,0.2742626290317119
202410010602,B_turf_sprint_1000_1400,2024-01-28,11,0.137533306506648,0.4825384872398624
202410010608,B_turf_sprint_1000_1400,2024-01-28,14,0.14304992581201487,0.4684849555667223
202410010611,B_turf_sprint_1000_1400,2024-01-28,18,0.1424306325395198,0.44169521344678686
202408020308,B_turf_sprint_1000_1400,2024-02-03,12,0.15418264916100216,0.458773164276355
202410010709,B_turf_sprint_1000_1400,2024-02-03,9,0.18014773617034668,0.53249564037268
202410010806,B_turf_sprint_1000_1400,2024-02-04,12,0.15009037487322582,0.4265055038558861
202410010812,B_turf_sprint_1000_1400,2024-02-04,14,0.1504244481118045,0.45735538687743604
202410020110,B_turf_sprint_1000_1400,2024-02-10,14,0.17880522433661553,0.5855356954596712
202410020112,B_turf_sprint_1000_1400,2024-02-10,18,0.1397091415278532,0.4407928187675025
202410020202,B_turf_sprint_1000_1400,2024-02-11,11,0.1176083130247247,0.36343190361682
202410020206,B_turf_sprint_1000_1400,2024-02-11,9,0.18604000300093643,0.5290567286763224
202410020211,B_turf_sprint_1000_1400,2024-02-11,18,0.1338021167935177,0.42965010306212725
202410020302,B_turf_sprint_1000_1400,2024-02-17,6,0.20133833551777372,0.5913447585412643
202410020312,B_turf_sprint_1000_1400,2024-02-17,17,0.12725814692607512,0.38348345579626775
202410020402,B_turf_sprint_1000_1400,2024-02-18,8,0.2359982435199092,0.663307430354559
202410020410,B_turf_sprint_1000_1400,2024-02-18,18,0.12106123312113407,0.3825659222096258
202410020412,B_turf_sprint_1000_1400,2024-02-18,17,0.14948765551475093,0.4850807863352512
202409010112,B_turf_sprint_1000_1400,2024-02-24,10,0.15755825866672174,0.4724001497083453
202410020502,B_turf_sprint_1000_1400,2024-02-24,10,0.13309256683069093,0.39137000961830765
202410020509,B_turf_sprint_1000_1400,2024-02-24,14,0.10551530648277675,0.3418781782998704
202410020512,B_turf_sprint_1000_1400,2024-02-24,18,0.12436698625689115,0.43957963848127246
202409010210,B_turf_sprint_1000_1400,2024-02-25,11,0.17431041799139246,0.5189729689778506
202410020606,B_turf_sprint_1000_1400,2024-02-25,10,0.1310885755214783,0.37707075701147935
202410020611,B_turf_sprint_1000_1400,2024-02-25,17,0.1459141026693962,0.43966934693703724
202406020311,B_turf_sprint_1000_1400,2024-03-02,16,0.10703263354189213,0.350874189522762
202410020702,B_turf_sprint_1000_1400,2024-03-02,13,0.1336442861607291,0.44231616312436906
202410020709,B_turf_sprint_1000_1400,2024-03-02,10,0.1871983858379193,0.5350519447154402
202410020712,B_turf_sprint_1000_1400,2024-03-02,18,0.08520926150814336,0.29500552485973675
202410020801,B_turf_sprint_1000_1400,2024-03-03,12,0.09133028495192602,0.2976133977491363
202410020807,B_turf_sprint_1000_1400,2024-03-03,16,0.11263127365453712,0.36631441670521797
202410020810,B_turf_sprint_1000_1400,2024-03-03,18,0.16076846909354403,0.539533505698143
202406020510,B_turf_sprint_1000_1400,2024-03-09,16,0.14821492751679213,0.46198877043879777
202406020512,B_turf_sprint_1000_1400,2024-03-09,13,0.14987259571800463,0.46066398526476376
202406020607,B_turf_sprint_1000_1400,2024-03-10,9,0.17868085726156208,0.5200698077770749
202407010303,B_turf_sprint_1000_1400,2024-03-16,13,0.1581816641854126,0.4606454155237365
202409010706,B_turf_sprint_1000_1400,2024-03-16,8,0.18167090961209167,0.5359716560379544
202409010710,B_turf_sprint_1000_1400,2024-03-16,15,0.1554296083973839,0.48223120162411054
202406030105,B_turf_sprint_1000_1400,2024-03-23,8,0.19170199531353616,0.5585762153076738
202406030212,B_turf_sprint_1000_1400,2024-03-24,13,0.17572289882039507,0.5281680504910283
202407010608,B_turf_sprint_1000_1400,2024-03-24,16,0.13704426939820702,0.4258900251938222
202407010611,B_turf_sprint_1000_1400,2024-03-24,17,0.10806397448842653,0.35466510198213336
202409020310,B_turf_sprint_1000_1400,2024-03-30,15,0.14927606277112473,0.45897166632944625
202403010102,B_turf_sprint_1000_1400,2024-04-06,6,0.16081965392592323,0.49888075744578825
202403010110,B_turf_sprint_1000_1400,2024-04-06,16,0.13519529444102968,0.4217024706527167
202403010112,B_turf_sprint_1000_1400,2024-04-06,16,0.09072998061188589,0.3064901445044845
202406030510,B_turf_sprint_1000_1400,2024-04-06,15,0.17463335225740326,0.5839299611190463
202409020506,B_turf_sprint_1000_1400,2024-04-06,9,0.19734237541213737,0.576249171232046
202403010202,B_turf_sprint_1000_1400,2024-04-07,5,0.2574141189527639,0.7134325217515336
202403010207,B_turf_sprint_1000_1400,2024-04-07,16,0.1347338025791428,0.4068022161014407
202403010211,B_turf_sprint_1000_1400,2024-04-07,16,0.10220570604820753,0.3304681746478207
202406030607,B_turf_sprint_1000_1400,2024-04-07,12,0.16526867122125086,0.5012164599560742
202403010302,B_turf_sprint_1000_1400,2024-04-13,9,0.06018756449804027,0.23575790296287544
202403010305,B_turf_sprint_1000_1400,2024-04-13,5,0.18181729381129327,0.5153843274035552
202403010309,B_turf_sprint_1000_1400,2024-04-13,14,0.13959344828524006,0.42957284557560815
202406030708,B_turf_sprint_1000_1400,2024-04-13,12,0.15225966480617945,0.4588963062983685
202403010407,B_turf_sprint_1000_1400,2024-04-14,16,0.12519026348750842,0.40103059334847185
202403010409,B_turf_sprint_1000_1400,2024-04-14,14,0.13652918322741095,0.4157847463729551
202406030812,B_turf_sprint_1000_1400,2024-04-14,16,0.08725984919462482,0.3020127992896542
202403010502,B_turf_sprint_1000_1400,2024-04-20,7,0.21262580076279575,0.6198383461197166
202403010509,B_turf_sprint_1000_1400,2024-04-20,14,0.15925580129716763,0.47808739388823607
202403010602,B_turf_sprint_1000_1400,2024-04-21,7,0.0923265725963619,0.29911297454372526
202403010607,B_turf_sprint_1000_1400,2024-04-21,12,0.1003461849224433,0.3348070165518556
202403010611,B_turf_sprint_1000_1400,2024-04-21,16,0.13046135745698043,0.41358507359006663
202404010112,B_turf_sprint_1000_1400,2024-04-27,10,0.16776052182006493,0.501330635863272
202408030410,B_turf_sprint_1000_1400,2024-04-28,18,0.12249335085500913,0.38980420854899184
202404010309,B_turf_sprint_1000_1400,2024-05-04,16,0.1238865433176,0.3965543734932292
202404010402,B_turf_sprint_1000_1400,2024-05-05,9,0.14796148037878942,0.4350723937897998
202408030611,B_turf_sprint_1000_1400,2024-05-05,13,0.2561162853210696,0.7587472078363986
202408030707,B_turf_sprint_1000_1400,2024-05-11,14,0.13518360960990927,0.4377258854810771
202404010612,B_turf_sprint_1000_1400,2024-05-12,13,0.18717247752074015,0.5504275544823829
202408030803,B_turf_sprint_1000_1400,2024-05-12,15,0.11449995792233779,0.39228426827383917
202408030807,B_turf_sprint_1000_1400,2024-05-12,14,0.11102332343394854,0.35472262725103765
202404010711,B_turf_sprint_1000_1400,2024-05-18,16,0.15869113353113443,0.5242030177562053
202404010802,B_turf_sprint_1000_1400,2024-05-19,8,0.11731658884939347,0.3649921071572488
202408031007,B_turf_sprint_1000_1400,2024-05-19,9,0.16368569459204488,0.5048489875195994
202408031111,B_turf_sprint_1000_1400,2024-05-25,18,0.14514018993295108,0.44962714425619627
202408040209,B_turf_sprint_1000_1400,2024-06-02,14,0.16235035803869977,0.4893532588439709
202402010101,B_turf_sprint_1000_1400,2024-06-08,14,0.10290131714487995,0.3373058335376738
202402010111,B_turf_sprint_1000_1400,2024-06-08,16,0.12327977894452558,0.3884595725578
202408040304,B_turf_sprint_1000_1400,2024-06-08,11,0.20014778808597755,0.5714566292770754
202402010201,B_turf_sprint_1000_1400,2024-06-09,11,0.13602649055831534,0.42459954265076083
202402010208,B_turf_sprint_1000_1400,2024-06-09,12,0.13409356933601055,0.46307475673812154
202402010211,B_turf_sprint_1000_1400,2024-06-09,16,0.12052506321815137,0.38407828768651064
202408040412,B_turf_sprint_1000_1400,2024-06-09,13,0.1472585937739554,0.45501163936743255
202402010301,B_turf_sprint_1000_1400,2024-06-15,16,0.1395239345020838,0.43038293169264835
202402010309,B_turf_sprint_1000_1400,2024-06-15,8,0.1567363748215485,0.46297546586529326
202402010311,B_turf_sprint_1000_1400,2024-06-15,12,0.12324678191522166,0.39569007964868624
202402010402,B_turf_sprint_1000_1400,2024-06-16,10,0.17339391553376932,0.503503527725968
202402010408,B_turf_sprint_1000_1400,2024-06-16,14,0.12817561058353824,0.40734784043433164
202402010411,B_turf_sprint_1000_1400,2024-06-16,16,0.14522030851058437,0.4329685029953851
202402010412,B_turf_sprint_1000_1400,2024-06-16,13,0.16690772417749372,0.5343944944252882
202402010503,B_turf_sprint_1000_1400,2024-06-22,16,0.11707047292830383,0.37474589580423623
202402010511,B_turf_sprint_1000_1400,2024-06-22,16,0.1432980412768498,0.44653128904104783
202402010601,B_turf_sprint_1000_1400,2024-06-23,13,0.07904455049329182,0.28308505298765346
202402010610,B_turf_sprint_1000_1400,2024-06-23,13,0.15362476868161887,0.4592796604204452
202402010612,B_turf_sprint_1000_1400,2024-06-23,9,0.2262265085976729,0.6283085428981311
202402010709,B_turf_sprint_1000_1400,2024-06-29,10,0.18483023111824437,0.6033970409173307
202402010711,B_turf_sprint_1000_1400,2024-06-29,16,0.12668849632612966,0.40246596476509583
202403020111,B_turf_sprint_1000_1400,2024-06-29,13,0.15394401105637445,0.4741390385873192
202410030103,B_turf_sprint_1000_1400,2024-06-29,15,0.1360673708205421,0.47243260021467104
202410030112,B_turf_sprint_1000_1400,2024-06-29,11,0.13379861815381644,0.41076034943960765
202402010803,B_turf_sprint_1000_1400,2024-06-30,14,0.16530795040657492,0.513666772972416
202402010810,B_turf_sprint_1000_1400,2024-06-30,15,0.14143427696432384,0.4493650992815038
202403020203,B_turf_sprint_1000_1400,2024-06-30,7,0.22335634774473356,0.6195962412116748
202403020209,B_turf_sprint_1000_1400,2024-06-30,8,0.28443177294756966,0.7787830761325583
202403020212,B_turf_sprint_1000_1400,2024-06-30,16,0.14297414391719052,0.44182089819356585
202410030202,B_turf_sprint_1000_1400,2024-06-30,13,0.15438452849138365,0.4473126442562116
202410030208,B_turf_sprint_1000_1400,2024-06-30,17,0.13215603295065315,0.4287602328335555
202410030211,B_turf_sprint_1000_1400,2024-06-30,18,0.1519377337450636,0.4827705494741502
202402010910,B_turf_sprint_1000_1400,2024-07-06,10,0.17621286953338255,0.5312016765531586
202402010912,B_turf_sprint_1000_1400,2024-07-06,8,0.13654757629852166,0.4253196269857888
202403020309,B_turf_sprint_1000_1400,2024-07-06,9,0.19589878597456487,0.5640023789000328
202410030306,B_turf_sprint_1000_1400,2024-07-06,11,0.11179698050757887,0.4388317935357762
202402011004,B_turf_sprint_1000_1400,2024-07-07,16,0.10053397742631304,0.32692014179855683
202402011012,B_turf_sprint_1000_1400,2024-07-07,9,0.29945899704669876,0.8547277022649566
202403020407,B_turf_sprint_1000_1400,2024-07-07,10,0.14158291302203677,0.43627838907467964
202410030410,B_turf_sprint_1000_1400,2024-07-07,14,0.17668261829446852,0.5263505193919451
202410030412,B_turf_sprint_1000_1400,2024-07-07,9,0.15613917108296985,0.46893569320515016
202402011103,B_turf_sprint_1000_1400,2024-07-13,15,0.14474709063099625,0.4561175901842211
202402011111,B_turf_sprint_1000_1400,2024-07-13,1,0.04213169558850982,0.2297403476302952
202402011112,B_turf_sprint_1000_1400,2024-07-13,13,0.16598722701702068,0.4959078805806805
202403020509,B_turf_sprint_1000_1400,2024-07-13,16,0.12185226985913433,0.38081849235465337
202403020512,B_turf_sprint_1000_1400,2024-07-13,14,0.14297205169656996,0.4241654916837135
202410030503,B_turf_sprint_1000_1400,2024-07-13,16,0.1278495028923033,0.40241221928646864
202410030506,B_turf_sprint_1000_1400,2024-07-13,14,0.11008955013392471,0.3649980029742377
202410030512,B_turf_sprint_1000_1400,2024-07-13,10,0.1895297739918958,0.5619849753324897
202402011203,B_turf_sprint_1000_1400,2024-07-14,13,0.14124557699474488,0.4454493834581253
202402011208,B_turf_sprint_1000_1400,2024-07-14,15,0.18751305815639546,0.6085464392972881
202402011212,B_turf_sprint_1000_1400,2024-07-14,12,0.20527551762541715,0.5790519960071453
202403020607,B_turf_sprint_1000_1400,2024-07-14,12,0.12689773861090262,0.40899704069890414
202403020611,B_turf_sprint_1000_1400,2024-07-14,15,0.13956016622429596,0.46904445459661476
202410030608,B_turf_sprint_1000_1400,2024-07-14,8,0.1752625457731816,0.4952387843859161
202410030611,B_turf_sprint_1000_1400,2024-07-14,17,0.14019329330159055,0.45199409134934465
202401010107,B_turf_sprint_1000_1400,2024-07-20,11,0.1847826267126723,0.5277879708369938
202401010111,B_turf_sprint_1000_1400,2024-07-20,16,0.1392016741595781,0.43265283502007423
202403020707,B_turf_sprint_1000_1400,2024-07-20,12,0.2032197458642907,0.6274158762041829
202403020709,B_turf_sprint_1000_1400,2024-07-20,14,0.059681008686704215,0.23996279677534288
202410030712,B_turf_sprint_1000_1400,2024-07-20,18,0.1852907055632605,0.605233295141644
202401010203,B_turf_sprint_1000_1400,2024-07-21,16,0.08547463876443798,0.3027262205668247
202401010209,B_turf_sprint_1000_1400,2024-07-21,12,0.09251893438052085,0.3325030759441246
202401010211,B_turf_sprint_1000_1400,2024-07-21,10,0.19200901989006106,0.5535467018142954
202410030802,B_turf_sprint_1000_1400,2024-07-21,14,0.11981627977538402,0.3966047379918156
202410030810,B_turf_sprint_1000_1400,2024-07-21,18,0.15568664234259363,0.49983378065042455
202401010408,B_turf_sprint_1000_1400,2024-07-28,13,0.14575462118128407,0.4589611833462166
202404020310,B_turf_sprint_1000_1400,2024-08-03,13,0.10950007232175804,0.3597282461705061
202401010603,B_turf_sprint_1000_1400,2024-08-04,14,0.10573122030562412,0.35268483484608637
202401010610,B_turf_sprint_1000_1400,2024-08-04,16,0.1628411552850274,0.5060860196599422
202401010612,B_turf_sprint_1000_1400,2024-08-04,14,0.11811217219752553,0.39928583302510223
202401020112,B_turf_sprint_1000_1400,2024-08-10,16,0.14366170229736117,0.4530208555988247
202407020107,B_turf_sprint_1000_1400,2024-08-10,13,0.20839392117217242,0.6412348984369773
202401020211,B_turf_sprint_1000_1400,2024-08-11,16,0.13964360341843562,0.44709530251145085
202407020212,B_turf_sprint_1000_1400,2024-08-11,10,0.18671340782484486,0.5360939857639875
202401020303,B_turf_sprint_1000_1400,2024-08-17,13,0.11052472802545074,0.34373002510020645
202407020301,B_turf_sprint_1000_1400,2024-08-17,1,0.255653365281284,0.7044543889440879
202407020312,B_turf_sprint_1000_1400,2024-08-17,17,0.1699474287558078,0.5296644374073434
202401020410,B_turf_sprint_1000_1400,2024-08-18,16,0.13078128407632694,0.4233517095530511
202407020411,B_turf_sprint_1000_1400,2024-08-18,18,0.1223689954912206,0.3857137365913485
202401020510,B_turf_sprint_1000_1400,2024-08-24,14,0.15523866884821658,0.4679640205980328
202404030503,B_turf_sprint_1000_1400,2024-08-24,17,0.10341472589270954,0.33150985124696175
202401020609,B_turf_sprint_1000_1400,2024-08-25,15,0.08576544854263658,0.2916027334868168
202401020611,B_turf_sprint_1000_1400,2024-08-25,16,0.12847113874754593,0.4061594212657143
202401020701,B_turf_sprint_1000_1400,2024-08-31,2,0.3018539630537991,0.7741396129490068
202401020712,B_turf_sprint_1000_1400,2024-08-31,15,0.14055935525053107,0.4233875646795126
202407020711,B_turf_sprint_1000_1400,2024-08-31,18,0.07960445952891654,0.2691241215161748
202401020804,B_turf_sprint_1000_1400,2024-09-01,16,0.1394481326782556,0.42561678844351647
202401020806,B_turf_sprint_1000_1400,2024-09-01,16,0.15491126097663085,0.5125354576761797
202401020809,B_turf_sprint_1000_1400,2024-09-01,2,0.22438747175484153,0.6333587612843168
202406040110,B_turf_sprint_1000_1400,2024-09-07,10,0.17707072542373095,0.5111407522286034
202407030108,B_turf_sprint_1000_1400,2024-09-07,18,0.08657203940846836,0.29100063787028124
202406040210,B_turf_sprint_1000_1400,2024-09-08,10,0.2231387918455368,0.6619613341925239
202407030211,B_turf_sprint_1000_1400,2024-09-08,18,0.13004212839072238,0.4020674539789889
202406040303,B_turf_sprint_1000_1400,2024-09-14,3,0.22251425434966654,0.5986979262647582
202406040412,B_turf_sprint_1000_1400,2024-09-15,16,0.11998407632486999,0.40084379243469337
202407030403,B_turf_sprint_1000_1400,2024-09-15,1,0.25331786105170195,0.6997829995808561
202406040604,B_turf_sprint_1000_1400,2024-09-21,15,0.13371226946435902,0.40081980258171623
202406040609,B_turf_sprint_1000_1400,2024-09-21,5,0.12966223704186602,0.4132935602634353
202407030610,B_turf_sprint_1000_1400,2024-09-21,16,0.11473302059323552,0.3626173259943996
202406040702,B_turf_sprint_1000_1400,2024-09-22,1,0.20393535988052136,0.6007357948223565
202407030710,B_turf_sprint_1000_1400,2024-09-22,17,0.10904107133430463,0.36245662842512094
202406040802,B_turf_sprint_1000_1400,2024-09-28,1,0.0009449857529300089,0.031223025478585513
202406040810,B_turf_sprint_1000_1400,2024-09-28,14,0.1339402967993948,0.4119507056317174
202406040911,B_turf_sprint_1000_1400,2024-09-29,14,0.17375495351424156,0.52004786005067
202408050111,B_turf_sprint_1000_1400,2024-10-05,18,0.11965139557518567,0.3776709840218077
202404040309,B_turf_sprint_1000_1400,2024-10-12,16,0.08396816264041311,0.2798555073815601
202408050312,B_turf_sprint_1000_1400,2024-10-12,17,0.1474714145217621,0.4378660651367002
202404040403,B_turf_sprint_1000_1400,2024-10-14,4,0.055899051524119225,0.23828839749393768
202404040511,B_turf_sprint_1000_1400,2024-10-19,17,0.12367286455641943,0.38811784843722896
202408050602,B_turf_sprint_1000_1400,2024-10-20,2,0.16235615577414622,0.45664024661058
202404040810,B_turf_sprint_1000_1400,2024-10-27,16,0.13115456017550348,0.40916748086552535
202403030102,B_turf_sprint_1000_1400,2024-11-02,3,0.3636376299432535,0.9404060992222046
202403030112,B_turf_sprint_1000_1400,2024-11-02,16,0.2326710472943282,0.756786380582658
202403030202,B_turf_sprint_1000_1400,2024-11-03,7,0.12133429261253312,0.36992227461416677
202403030208,B_turf_sprint_1000_1400,2024-11-03,16,0.16756823446965471,0.5253712045910996
202403030211,B_turf_sprint_1000_1400,2024-11-03,16,0.10136354391861115,0.3234740124430451
202408060210,B_turf_sprint_1000_1400,2024-11-03,10,0.17278087076322113,0.5176831318525438
202403030303,B_turf_sprint_1000_1400,2024-11-09,4,0.20545566986294117,0.5845122483479033
202403030306,B_turf_sprint_1000_1400,2024-11-09,16,0.16861261542200642,0.5867797667662917
202403030310,B_turf_sprint_1000_1400,2024-11-09,16,0.16081457354921963,0.515159968408377
202403030312,B_turf_sprint_1000_1400,2024-11-09,15,0.17284926977426707,0.6394007954478963
202403030407,B_turf_sprint_1000_1400,2024-11-10,16,0.1224920221329332,0.38216866698228613
202403030409,B_turf_sprint_1000_1400,2024-11-10,11,0.13702880573379253,0.4234597035854334
202403030508,B_turf_sprint_1000_1400,2024-11-16,15,0.1216672173391287,0.4125740371168651
202403030511,B_turf_sprint_1000_1400,2024-11-16,16,0.14530185110546825,0.46483393479695195
202403030606,B_turf_sprint_1000_1400,2024-11-17,4,0.3206003211162623,0.8605257183426582
202403030612,B_turf_sprint_1000_1400,2024-11-17,16,0.133126629493834,0.4134843012929012
202408060601,B_turf_sprint_1000_1400,2024-11-17,4,0.1143121522633207,0.3512740373523753
202408060712,B_turf_sprint_1000_1400,2024-11-23,15,0.1518160693597765,0.4802764420917106
202408060812,B_turf_sprint_1000_1400,2024-11-24,18,0.1241609157885035,0.3904162923046339
202406050112,B_turf_sprint_1000_1400,2024-11-30,15,0.1508615338858147,0.4872648087714636
202407040104,B_turf_sprint_1000_1400,2024-11-30,9,0.07714571745778306,0.28964157320811773
202408070109,B_turf_sprint_1000_1400,2024-11-30,5,0.24816902741029812,0.6854573804589675
202406050209,B_turf_sprint_1000_1400,2024-12-01,16,0.13773029202489037,0.4241560125775721
202406050211,B_turf_sprint_1000_1400,2024-12-01,16,0.12313223862605853,0.3847745507448625
202406050309,B_turf_sprint_1000_1400,2024-12-07,6,0.10913209615996959,0.34918599010740453
202407040312,B_turf_sprint_1000_1400,2024-12-07,18,0.1386884027156533,0.4334625949995458
202406050402,B_turf_sprint_1000_1400,2024-12-08,7,0.12933809230443868,0.4139013199330782
202407040411,B_turf_sprint_1000_1400,2024-12-08,13,0.12803636787074651,0.39864378083109747
202408070412,B_turf_sprint_1000_1400,2024-12-08,11,0.17635593491029464,0.5149434598614261
202407040509,B_turf_sprint_1000_1400,2024-12-14,10,0.17868561298100413,0.5125761071697145
202408070503,B_turf_sprint_1000_1400,2024-12-14,6,0.12633576158060297,0.3729526968015118
202408070511,B_turf_sprint_1000_1400,2024-12-14,16,0.11624476735075912,0.36491655419575547
202407040612,B_turf_sprint_1000_1400,2024-12-15,18,0.15748805471321073,0.4734665624940676
202406050712,B_turf_sprint_1000_1400,2024-12-21,16,0.1477508659798744,0.45116884907972377
202406050803,B_turf_sprint_1000_1400,2024-12-22,7,0.18270860667769132,0.5593311604335474
202408070912,B_turf_sprint_1000_1400,2024-12-28,16,0.13590404882231594,0.46496368718846487
202307010206,C_turf_global_1000_2600,2023-01-07,6,0.16042036638170112,0.4791284935001227
202306010309,C_turf_global_1000_2600,2023-01-08,12,0.15413839575503832,0.4694571105890306
202307010312,C_turf_global_1000_2600,2023-01-08,13,0.11537844930138982,0.35905093421996165
202307010411,C_turf_global_1000_2600,2023-01-09,15,0.1968040668402994,0.6370425440197073
202306010511,C_turf_global_1000_2600,2023-01-14,16,0.12873344421610688,0.3964249723618757
202310010102,C_turf_global_1000_2600,2023-01-14,9,0.16063114220057773,0.47756155523031446
202310010112,C_turf_global_1000_2600,2023-01-14,17,0.14729494203245747,0.4464943269555008
202306010609,C_turf_global_1000_2600,2023-01-15,11,0.1665995763766718,0.5090452182484312
202306010612,C_turf_global_1000_2600,2023-01-15,10,0.17720800111318913,0.5261115700193522
202310010202,C_turf_global_1000_2600,2023-01-15,4,0.21673383687498882,0.5729407116965148
202310010209,C_turf_global_1000_2600,2023-01-15,18,0.11362022769483035,0.3569619439813979
202310010212,C_turf_global_1000_2600,2023-01-15,16,0.15899713207450844,0.4955060631148874
202310010309,C_turf_global_1000_2600,2023-01-21,7,0.2782819951816515,0.7490071413663087
202310010312,C_turf_global_1000_2600,2023-01-21,17,0.14531798097425033,0.4427213577647511
202310010402,C_turf_global_1000_2600,2023-01-22,12,0.21157257108042585,0.6298323488862424
202310010406,C_turf_global_1000_2600,2023-01-22,10,0.1234218970715023,0.49225641509137796
202310010409,C_turf_global_1000_2600,2023-01-22,12,0.17393361063051396,0.5421691346481031
202310010502,C_turf_global_1000_2600,2023-01-28,9,0.06088945721948886,0.2537715226266257
202310010511,C_turf_global_1000_2600,2023-01-28,18,0.14040859078633044,0.44144777634656224
202310010512,C_turf_global_1000_2600,2023-01-28,17,0.15478176693140722,0.46322544390785403
202307011011,C_turf_global_1000_2600,2023-01-29,15,0.11918304493903684,0.38846142170292514
202310010602,C_turf_global_1000_2600,2023-01-29,8,0.12967485562021105,0.3720972329841769
202310010608,C_turf_global_1000_2600,2023-01-29,14,0.1563902500865468,0.47988016325396593
202310010611,C_turf_global_1000_2600,2023-01-29,18,0.1263783456210613,0.38751792267114227
202310010709,C_turf_global_1000_2600,2023-02-04,11,0.21017097655703826,0.6116502143501718
202310010712,C_turf_global_1000_2600,2023-02-04,18,0.11763275399465317,0.36768773083378203
202307011212,C_turf_global_1000_2600,2023-02-05,11,0.13392703222222158,0.4177086828750728
202310010806,C_turf_global_1000_2600,2023-02-05,9,0.06593017940175233,0.25564041103531143
202310010809,C_turf_global_1000_2600,2023-02-05,18,0.15223968123663514,0.4647161522116458
202310020106,C_turf_global_1000_2600,2023-02-11,14,0.06107919390862685,0.22459681090439296
202310020110,C_turf_global_1000_2600,2023-02-11,18,0.12173364986200991,0.390046144141773
202310020202,C_turf_global_1000_2600,2023-02-12,8,0.23594216266193657,0.6481174176278671
202310020206,C_turf_global_1000_2600,2023-02-12,17,0.1439612250927126,0.43761816073481313
202310020211,C_turf_global_1000_2600,2023-02-12,18,0.14668294642401625,0.46601387371061986
202310020306,C_turf_global_1000_2600,2023-02-18,10,0.054113203580571166,0.22138568523327398
202310020311,C_turf_global_1000_2600,2023-02-18,18,0.1427811551051087,0.4506912768634536
202310020402,C_turf_global_1000_2600,2023-02-19,7,0.06994859549323974,0.24059096279598605
202310020408,C_turf_global_1000_2600,2023-02-19,18,0.1280495110605359,0.3957227927890149
202310020412,C_turf_global_1000_2600,2023-02-19,18,0.11502375092395026,0.3762274193299823
202310020502,C_turf_global_1000_2600,2023-02-25,13,0.22011453388682106,0.717943307961577
202310020509,C_turf_global_1000_2600,2023-02-25,11,0.16620836104798586,0.4814944991186481
202310020512,C_turf_global_1000_2600,2023-02-25,17,0.09021875605490995,0.2929136028416458
202309010610,C_turf_global_1000_2600,2023-02-26,9,0.23139299437701155,0.6755043948224864
202310020602,C_turf_global_1000_2600,2023-02-26,12,0.14858319287812327,0.4732808580757326
202310020606,C_turf_global_1000_2600,2023-02-26,18,0.10975308233045913,0.3456233195731536
202310020611,C_turf_global_1000_2600,2023-02-26,17,0.12366770759934373,0.4020703915136336
202306020311,C_turf_global_1000_2600,2023-03-04,16,0.16015443034503274,0.5462056417489589
202309010712,C_turf_global_1000_2600,2023-03-04,16,0.14667555270064228,0.4574945132333065
202306020510,C_turf_global_1000_2600,2023-03-11,16,0.18497759267783345,0.5849597033965929
202306020512,C_turf_global_1000_2600,2023-03-11,16,0.09665788230537209,0.3134410154894895
202306020607,C_turf_global_1000_2600,2023-03-12,11,0.2063655158857305,0.6435798733125818
202307020305,C_turf_global_1000_2600,2023-03-18,8,0.21187013232963012,0.5704784154145996
202309011110,C_turf_global_1000_2600,2023-03-18,16,0.10733402681119564,0.3442481546520838
202309011206,C_turf_global_1000_2600,2023-03-19,7,0.0820630453252719,0.300527136469769
202306030105,C_turf_global_1000_2600,2023-03-25,9,0.199187503404054,0.5735387637940801
202306030212,C_turf_global_1000_2600,2023-03-26,13,0.1665209502307567,0.5153864151164742
202307020608,C_turf_global_1000_2600,2023-03-26,18,0.11544312143831942,0.34377177626420546
202307020611,C_turf_global_1000_2600,2023-03-26,18,0.14753491207184669,0.48194694922697345
202309020310,C_turf_global_1000_2600,2023-04-01,10,0.1545519005485589,0.5149055525668251
202303010102,C_turf_global_1000_2600,2023-04-08,7,0.14963171245085144,0.4511728410490025
202303010110,C_turf_global_1000_2600,2023-04-08,16,0.16564026543327273,0.5334566012310591
202303010112,C_turf_global_1000_2600,2023-04-08,15,0.14839913593705364,0.4502769006816982
202306030510,C_turf_global_1000_2600,2023-04-08,13,0.23244768662769272,0.7238706591633719
202309020506,C_turf_global_1000_2600,2023-04-08,8,0.12161705890413924,0.3946172839777016
202303010205,C_turf_global_1000_2600,2023-04-09,7,0.1311150125384236,0.39370360206029303
202303010208,C_turf_global_1000_2600,2023-04-09,14,0.10425646471549076,0.33084670422652485
202303010211,C_turf_global_1000_2600,2023-04-09,16,0.15128582881928823,0.4652835230775068
202306030607,C_turf_global_1000_2600,2023-04-09,7,0.1146601089358836,0.37648827559171905
202303010302,C_turf_global_1000_2600,2023-04-15,9,0.16574446223300862,0.46815220316554346
202303010305,C_turf_global_1000_2600,2023-04-15,7,0.12270262138486844,0.37309988376933306
202303010309,C_turf_global_1000_2600,2023-04-15,13,0.15803746149043107,0.5021171719011636
202306030708,C_turf_global_1000_2600,2023-04-15,16,0.1482562226837107,0.4542391632962102
202303010407,C_turf_global_1000_2600,2023-04-16,16,0.09640994434393861,0.315057228619322
202303010409,C_turf_global_1000_2600,2023-04-16,16,0.1326333558873247,0.40523735237448233
202306030810,C_turf_global_1000_2600,2023-04-16,16,0.11195070202759717,0.3725014978885389
202303010502,C_turf_global_1000_2600,2023-04-22,11,0.18496753343972083,0.5635624715832311
202303010509,C_turf_global_1000_2600,2023-04-22,13,0.174745498141977,0.5011892606591634
202308010103,C_turf_global_1000_2600,2023-04-22,14,0.15426242815851188,0.44751410460694846
202303010602,C_turf_global_1000_2600,2023-04-23,7,0.2401618670261089,0.681382168480169
202303010607,C_turf_global_1000_2600,2023-04-23,7,0.08023360027211138,0.29620235664887673
202303010611,C_turf_global_1000_2600,2023-04-23,16,0.11975084605096634,0.38360335652113947
202304010109,C_turf_global_1000_2600,2023-04-29,14,0.15458658445362303,0.4760629705838731
202308010311,C_turf_global_1000_2600,2023-04-29,17,0.12178347523513423,0.3756623394065446
202304010212,C_turf_global_1000_2600,2023-04-30,14,0.14716757109458936,0.44091689785932314
202304010306,C_turf_global_1000_2600,2023-05-06,12,0.13756669471309774,0.42353930138443835
202308010611,C_turf_global_1000_2600,2023-05-07,18,0.13018006924737108,0.4068368759819514
202308010707,C_turf_global_1000_2600,2023-05-13,16,0.09776870966052968,0.31800695135931345
202304010612,C_turf_global_1000_2600,2023-05-14,15,0.1517044447237736,0.4613777921065329
202308010808,C_turf_global_1000_2600,2023-05-14,13,0.11836962347492007,0.3667761909597662
202304010711,C_turf_global_1000_2600,2023-05-20,16,0.1231019223170035,0.3846526618776749
202308010904,C_turf_global_1000_2600,2023-05-20,14,0.12760568302647188,0.3892363034734511
202304010802,C_turf_global_1000_2600,2023-05-21,9,0.13508159452705032,0.40281176444666067
202308011006,C_turf_global_1000_2600,2023-05-21,10,0.21672725015241423,0.6145159536287583
202308011111,C_turf_global_1000_2600,2023-05-27,17,0.10055313548296574,0.3286548447310605
202309030110,C_turf_global_1000_2600,2023-06-03,15,0.17598597759951087,0.5247942003111257
202309030212,C_turf_global_1000_2600,2023-06-04,14,0.19656937980503938,0.6384344391214025
202302010101,C_turf_global_1000_2600,2023-06-10,11,0.13819796532109066,0.40950987660900573
202302010111,C_turf_global_1000_2600,2023-06-10,13,0.14297877025572173,0.44518078440958414
202309030303,C_turf_global_1000_2600,2023-06-10,9,0.19624399835112113,0.5517994832396542
202309030311,C_turf_global_1000_2600,2023-06-10,16,0.15020691886459003,0.4409773631493845
202302010201,C_turf_global_1000_2600,2023-06-11,11,0.1545693207105399,0.5036185231043081
202302010208,C_turf_global_1000_2600,2023-06-11,9,0.1926945612698092,0.5568337554204207
202302010211,C_turf_global_1000_2600,2023-06-11,16,0.12605540924675104,0.3986447619160167
202302010301,C_turf_global_1000_2600,2023-06-17,12,0.19165877327530825,0.5890684601427597
202302010309,C_turf_global_1000_2600,2023-06-17,11,0.16088988831188375,0.45579373759792435
202302010311,C_turf_global_1000_2600,2023-06-17,15,0.1977562618580259,0.5800711903872509
202302010402,C_turf_global_1000_2600,2023-06-18,15,0.10834760577414983,0.35607649266223285
202302010408,C_turf_global_1000_2600,2023-06-18,15,0.19686969634353021,0.6886550719455097
202302010411,C_turf_global_1000_2600,2023-06-18,16,0.1537059833113667,0.47027842058613756
202302010412,C_turf_global_1000_2600,2023-06-18,15,0.13846566434604418,0.42705211996297626
202302010503,C_turf_global_1000_2600,2023-06-24,13,0.142471703313785,0.4351540422067463
202302010507,C_turf_global_1000_2600,2023-06-24,11,0.15172042920669873,0.47112675000754645
202302010511,C_turf_global_1000_2600,2023-06-24,16,0.13287509954757523,0.4315422761352876
202302010601,C_turf_global_1000_2600,2023-06-25,15,0.1481361320738731,0.505529501353439
202302010610,C_turf_global_1000_2600,2023-06-25,12,0.21268252105567206,0.6036107774316063
202302010612,C_turf_global_1000_2600,2023-06-25,13,0.21760227883420252,0.6222999152164712
202302020109,C_turf_global_1000_2600,2023-07-01,12,0.09455388498744528,0.31400477040324287
202302020111,C_turf_global_1000_2600,2023-07-01,16,0.11286601416488413,0.3531552352716379
202307030110,C_turf_global_1000_2600,2023-07-01,11,0.15456094343685522,0.5205159537079028
202302020203,C_turf_global_1000_2600,2023-07-02,14,0.07564633107296581,0.2652235507670591
202302020210,C_turf_global_1000_2600,2023-07-02,9,0.1919631585078813,0.5471379866891877
202303020202,C_turf_global_1000_2600,2023-07-02,9,0.2633199846572781,0.7852009878241448
202303020212,C_turf_global_1000_2600,2023-07-02,16,0.1353317362446153,0.43268894956655646
202307030208,C_turf_global_1000_2600,2023-07-02,18,0.14644234491198443,0.4496194484230825
202307030211,C_turf_global_1000_2600,2023-07-02,12,0.2001669086984558,0.5530646944018643
202302020310,C_turf_global_1000_2600,2023-07-08,9,0.13620093437380248,0.42252366035324207
202302020312,C_turf_global_1000_2600,2023-07-08,11,0.16088979214583582,0.472843944772447
202303020309,C_turf_global_1000_2600,2023-07-08,12,0.10694141346819282,0.3483969326514396
202307030307,C_turf_global_1000_2600,2023-07-08,15,0.13185910589357652,0.4010348368185305
202302020404,C_turf_global_1000_2600,2023-07-09,13,0.13211648580882038,0.418846220075118
202302020412,C_turf_global_1000_2600,2023-07-09,11,0.20972286348873556,0.5845169882358521
202303020403,C_turf_global_1000_2600,2023-07-09,10,0.1279601101759195,0.39507831650229713
202303020412,C_turf_global_1000_2600,2023-07-09,13,0.1531912400309055,0.4540657887382307
202302020503,C_turf_global_1000_2600,2023-07-15,14,0.13929854566868105,0.4622195817451706
202302020508,C_turf_global_1000_2600,2023-07-15,14,0.1407028437703331,0.4764037587284658
202303020508,C_turf_global_1000_2600,2023-07-15,14,0.16681627710044253,0.5180092910402587
202303020511,C_turf_global_1000_2600,2023-07-15,10,0.3106289295814072,0.8535826547617041
202302020603,C_turf_global_1000_2600,2023-07-16,15,0.12655545147483493,0.38076089137371766
202302020608,C_turf_global_1000_2600,2023-07-16,13,0.14603053616048758,0.43055550456570113
202302020612,C_turf_global_1000_2600,2023-07-16,13,0.20446867534003624,0.5952121979361965
202303020603,C_turf_global_1000_2600,2023-07-16,11,0.1949866179890994,0.5759309166698714
202303020611,C_turf_global_1000_2600,2023-07-16,16,0.16881379513779604,0.5154705028038404
202307030612,C_turf_global_1000_2600,2023-07-16,13,0.18235672903415454,0.5568983486249243
202301010107,C_turf_global_1000_2600,2023-07-22,16,0.12505745210533983,0.39425889725946384
202301010111,C_turf_global_1000_2600,2023-07-22,14,0.1523413763529003,0.4684916339152369
202303020703,C_turf_global_1000_2600,2023-07-22,11,0.17425699220939764,0.5935830318379336
202303020710,C_turf_global_1000_2600,2023-07-22,15,0.10082938995327038,0.3343202299681974
202301010203,C_turf_global_1000_2600,2023-07-23,15,0.15683564566933766,0.4956109231520676
202301010209,C_turf_global_1000_2600,2023-07-23,9,0.2131997160992419,0.6068179443738736
202301010211,C_turf_global_1000_2600,2023-07-23,16,0.11683289630715868,0.37533418974859506
202303020812,C_turf_global_1000_2600,2023-07-23,13,0.19482073912948944,0.5793152421647082
202307030804,C_turf_global_1000_2600,2023-07-23,11,0.20295142099600005,0.5776376327444285
202301010408,C_turf_global_1000_2600,2023-07-30,11,0.21243984633508448,0.6065314025533681
202301010503,C_turf_global_1000_2600,2023-08-05,14,0.13861113996978938,0.43330283756192456
202304020307,C_turf_global_1000_2600,2023-08-05,14,0.1148897765060831,0.3533085743809184
202301010610,C_turf_global_1000_2600,2023-08-06,11,0.2083885823948336,0.5848246636747234
202301010612,C_turf_global_1000_2600,2023-08-06,16,0.11310753862690093,0.35778279973945604
202301020112,C_turf_global_1000_2600,2023-08-12,16,0.14501047417999685,0.4360304481615349
202310030112,C_turf_global_1000_2600,2023-08-12,18,0.15988318598207918,0.4999393339452907
202301020211,C_turf_global_1000_2600,2023-08-13,15,0.14571132155121375,0.4471976083865998
202310030202,C_turf_global_1000_2600,2023-08-13,16,0.16017047874792556,0.5220474970060857
202301020303,C_turf_global_1000_2600,2023-08-19,15,0.1284050002964318,0.4009611098192078
202310030304,C_turf_global_1000_2600,2023-08-19,13,0.1578774250878696,0.479494267934165
202310030311,C_turf_global_1000_2600,2023-08-19,11,0.20048768515750073,0.5952160023648458
202301020410,C_turf_global_1000_2600,2023-08-20,14,0.1561312409091753,0.45366956068469433
202310030404,C_turf_global_1000_2600,2023-08-20,18,0.11400490554142273,0.3734752790505857
202310030407,C_turf_global_1000_2600,2023-08-20,16,0.13398522670885618,0.4049825006329762
202310030409,C_turf_global_1000_2600,2023-08-20,16,0.1306753366544623,0.42169513130228226
202310030411,C_turf_global_1000_2600,2023-08-20,18,0.12264808852237187,0.38907596363766117
202301020501,C_turf_global_1000_2600,2023-08-26,3,0.07898970142564533,0.2686682012137042
202301020510,C_turf_global_1000_2600,2023-08-26,14,0.11930121777518589,0.3741108582773626
202304030507,C_turf_global_1000_2600,2023-08-26,15,0.13230685177281978,0.4218213355833325
202304030512,C_turf_global_1000_2600,2023-08-26,13,0.11961773488753093,0.3903172432722045
202310030507,C_turf_global_1000_2600,2023-08-26,11,0.13613273044913998,0.4098243476888302
202310030512,C_turf_global_1000_2600,2023-08-26,12,0.1519732859262834,0.4596468965162534
202301020609,C_turf_global_1000_2600,2023-08-27,16,0.14750882840682222,0.4586025835914101
202301020611,C_turf_global_1000_2600,2023-08-27,16,0.13166408436276772,0.4076629144168943
202310030601,C_turf_global_1000_2600,2023-08-27,3,0.20060281300751992,0.5769099185749834
202301020701,C_turf_global_1000_2600,2023-09-02,2,0.22529595984554718,0.6072689270113341
202301020709,C_turf_global_1000_2600,2023-09-02,16,0.12959554739119744,0.39959988149296105
202310030703,C_turf_global_1000_2600,2023-09-02,16,0.1449884624863299,0.4416553536227049
202310030707,C_turf_global_1000_2600,2023-09-02,18,0.11320668486289949,0.36769192509801907
202310030711,C_turf_global_1000_2600,2023-09-02,13,0.2127513809365615,0.6297376020861708
202301020804,C_turf_global_1000_2600,2023-09-03,14,0.11483006614724857,0.3696577494403646
202301020806,C_turf_global_1000_2600,2023-09-03,16,0.17167242339907993,0.5467404507950926
202301020809,C_turf_global_1000_2600,2023-09-03,3,0.24386164793034437,0.6929886040945488
202310030802,C_turf_global_1000_2600,2023-09-03,2,0.008119590850584545,0.07713508053277365
202310030807,C_turf_global_1000_2600,2023-09-03,18,0.13228260003461795,0.4123757861831151
202310030809,C_turf_global_1000_2600,2023-09-03,17,0.17647513894240535,0.5606861721490144
202306040110,C_turf_global_1000_2600,2023-09-09,10,0.2200699920066141,0.6068349698646888
202306040210,C_turf_global_1000_2600,2023-09-10,12,0.1604169430803709,0.48216892426092955
202309040211,C_turf_global_1000_2600,2023-09-10,15,0.17182119459069625,0.5392273975288453
202306040303,C_turf_global_1000_2600,2023-09-16,5,0.03915088577655078,0.19686745992978988
202306040412,C_turf_global_1000_2600,2023-09-17,15,0.13878783523355154,0.4328561941325421
202309040407,C_turf_global_1000_2600,2023-09-17,16,0.1342359457055528,0.43422202033079854
202306040604,C_turf_global_1000_2600,2023-09-23,16,0.17164061862674815,0.5139216437735808
202306040609,C_turf_global_1000_2600,2023-09-23,5,0.28965009946050374,0.7804421009286767
202309040602,C_turf_global_1000_2600,2023-09-23,1,0.11976192255112039,0.424749393995516
202309040610,C_turf_global_1000_2600,2023-09-23,16,0.09918279045715994,0.3308020450650559
202306040702,C_turf_global_1000_2600,2023-09-24,3,0.2418834537542717,0.6491398507757842
202309040710,C_turf_global_1000_2600,2023-09-24,16,0.16166423901190674,0.4913274640523347
202306040802,C_turf_global_1000_2600,2023-09-30,3,0.39628965842958613,1.0136657419508908
202306040810,C_turf_global_1000_2600,2023-09-30,16,0.1384565174075179,0.42783355074005713
202306040911,C_turf_global_1000_2600,2023-10-01,16,0.11209193628352902,0.3727720114843683
202308020201,C_turf_global_1000_2600,2023-10-08,2,0.34300808430903423,0.8909126257547355
202308020211,C_turf_global_1000_2600,2023-10-08,18,0.14598873625492007,0.4589011949909112
202304040109,C_turf_global_1000_2600,2023-10-14,16,0.10842006702174542,0.3524852744244057
202304040201,C_turf_global_1000_2600,2023-10-15,4,0.08458870767958948,0.260332088606799
202304040311,C_turf_global_1000_2600,2023-10-21,18,0.11899365735346391,0.3721855889090169
202308020709,C_turf_global_1000_2600,2023-10-22,16,0.10098737884574766,0.34054589886241343
202304040510,C_turf_global_1000_2600,2023-10-28,18,0.1401049575164789,0.5109800644273346
202303030108,C_turf_global_1000_2600,2023-11-04,13,0.13784019545086698,0.40974209214858026
202303030112,C_turf_global_1000_2600,2023-11-04,11,0.15913032103705932,0.4726290604332981
202303030202,C_turf_global_1000_2600,2023-11-05,6,0.1382564474790179,0.40046138025450645
202303030208,C_turf_global_1000_2600,2023-11-05,12,0.1809071799061713,0.5336257232357908
202303030211,C_turf_global_1000_2600,2023-11-05,16,0.1575460704759225,0.48087101082125894
202308030201,C_turf_global_1000_2600,2023-11-05,2,0.05789152042606108,0.2248353551664592
202308030210,C_turf_global_1000_2600,2023-11-05,18,0.12060385126025677,0.37509415566054655
202303030303,C_turf_global_1000_2600,2023-11-11,5,0.08088433798521685,0.27370886748382545
202303030306,C_turf_global_1000_2600,2023-11-11,16,0.125385104626093,0.40905747461854164
202303030310,C_turf_global_1000_2600,2023-11-11,16,0.14744695698062035,0.472745376528481
202303030312,C_turf_global_1000_2600,2023-11-11,13,0.1064830001793272,0.3644060264586689
202303030407,C_turf_global_1000_2600,2023-11-12,14,0.13653801447042016,0.4368875716538983
202303030409,C_turf_global_1000_2600,2023-11-12,8,0.08601820766705125,0.30502417256376724
202303030508,C_turf_global_1000_2600,2023-11-18,16,0.10899024945018568,0.34564687276607686
202303030511,C_turf_global_1000_2600,2023-11-18,16,0.18011729211221514,0.5992279130238416
202303030606,C_turf_global_1000_2600,2023-11-19,5,0.18457404702406152,0.5171311148291955
202303030612,C_turf_global_1000_2600,2023-11-19,16,0.10943116290657304,0.3428896883149978
202308030601,C_turf_global_1000_2600,2023-11-19,4,0.33773865410621695,0.9263825162623164
202308030712,C_turf_global_1000_2600,2023-11-25,18,0.1385909722098938,0.44912032340160607
202308030812,C_turf_global_1000_2600,2023-11-26,18,0.114234613302272,0.3786811656965799
202306050112,C_turf_global_1000_2600,2023-12-02,15,0.14383043557269304,0.4647136349975049
202307040104,C_turf_global_1000_2600,2023-12-02,2,0.06628614662721702,0.23939428179490757
202309050109,C_turf_global_1000_2600,2023-12-02,9,0.20767041770358052,0.6013262167309664
202306050209,C_turf_global_1000_2600,2023-12-03,15,0.17214206211085817,0.5543567128029303
202306050211,C_turf_global_1000_2600,2023-12-03,11,0.15220150844100808,0.4672779052325549
202306050307,C_turf_global_1000_2600,2023-12-09,14,0.13147262046583433,0.4228805671122212
202306050309,C_turf_global_1000_2600,2023-12-09,8,0.1103534955065015,0.39034321757788615
202307040312,C_turf_global_1000_2600,2023-12-09,15,0.14462167666606718,0.46284582667214225
202309050312,C_turf_global_1000_2600,2023-12-09,12,0.12730244911771102,0.4223077304504548
202306050402,C_turf_global_1000_2600,2023-12-10,9,0.07761892527879441,0.27257580588951047
202307040411,C_turf_global_1000_2600,2023-12-10,9,0.16695624584877303,0.49946143148486194
202309050403,C_turf_global_1000_2600,2023-12-10,7,0.1136910629918423,0.3822890068163887
202307040510,C_turf_global_1000_2600,2023-12-16,8,0.17316214442520722,0.5056172259189167
202309050511,C_turf_global_1000_2600,2023-12-16,16,0.16066043195492757,0.5086269173763766
202307040610,C_turf_global_1000_2600,2023-12-17,16,0.13598890935881097,0.42897354518080133
202306050712,C_turf_global_1000_2600,2023-12-23,16,0.15539291919608555,0.4549217324141801
202306050803,C_turf_global_1000_2600,2023-12-24,4,0.036804820932467674,0.18340115465343143
202309050902,C_turf_global_1000_2600,2023-12-28,8,0.06906480068299045,0.2665000547389374
202309050912,C_turf_global_1000_2600,2023-12-28,16,0.1547699874687614,0.45984502941922795
202406010107,C_turf_global_1000_2600,2024-01-06,8,0.0950998674705571,0.34109259356292876
202408010106,C_turf_global_1000_2600,2024-01-06,9,0.10437227962751215,0.35245067250161677
202408010212,C_turf_global_1000_2600,2024-01-07,12,0.1907620561741784,0.5765171920924738
202406010311,C_turf_global_1000_2600,2024-01-08,16,0.16053815184754888,0.4968657965839001
202406010412,C_turf_global_1000_2600,2024-01-13,15,0.18044487861241051,0.5277560986048467
202408010411,C_turf_global_1000_2600,2024-01-13,17,0.10728427211954478,0.3377924868599481
202410010110,C_turf_global_1000_2600,2024-01-13,11,0.28735104932179373,0.8418989750315856
202410010112,C_turf_global_1000_2600,2024-01-13,18,0.13114837441109362,0.46318045204417324
202406010509,C_turf_global_1000_2600,2024-01-14,14,0.2331538591650648,0.6867932973350024
202410010202,C_turf_global_1000_2600,2024-01-14,8,0.161748932396942,0.5614495800663957
202410010206,C_turf_global_1000_2600,2024-01-14,9,0.046408559029388424,0.2054652266605973
202410010212,C_turf_global_1000_2600,2024-01-14,17,0.16691174266972983,0.5336259608214364
202410010302,C_turf_global_1000_2600,2024-01-20,11,0.07897319341032662,0.2804925093036563
202410010312,C_turf_global_1000_2600,2024-01-20,17,0.11608533624597789,0.3607104350139079
202410010407,C_turf_global_1000_2600,2024-01-21,4,0.06963229579473593,0.2453168827248304
202410010409,C_turf_global_1000_2600,2024-01-21,15,0.11369392794176107,0.3780635580873188
202410010506,C_turf_global_1000_2600,2024-01-27,11,0.08102168609197231,0.283892609006044
202410010511,C_turf_global_1000_2600,2024-01-27,10,0.17989485110910866,0.5320551222946527
202410010512,C_turf_global_1000_2600,2024-01-27,18,0.11680268828020547,0.3762556826380956
202408020211,C_turf_global_1000_2600,2024-01-28,18,0.08899168817851535,0.2984518816018842
202410010602,C_turf_global_1000_2600,2024-01-28,11,0.12497966432482971,0.4483265919571828
202410010608,C_turf_global_1000_2600,2024-01-28,14,0.14253804589998884,0.47065431382475537
202410010611,C_turf_global_1000_2600,2024-01-28,18,0.15189373085133165,0.4661264992888898
202408020308,C_turf_global_1000_2600,2024-02-03,12,0.14993334546977552,0.45008448390654715
202410010709,C_turf_global_1000_2600,2024-02-03,9,0.201137701392144,0.5936101974615351
202410010806,C_turf_global_1000_2600,2024-02-04,12,0.15139229832719817,0.4276984492982368
202410010812,C_turf_global_1000_2600,2024-02-04,14,0.1524361715840856,0.460328521230341
202410020110,C_turf_global_1000_2600,2024-02-10,14,0.1801596670399104,0.6063600616437828
202410020112,C_turf_global_1000_2600,2024-02-10,18,0.13837656649290142,0.44300070340884345
202410020202,C_turf_global_1000_2600,2024-02-11,11,0.11455974602546772,0.3501859143481514
202410020206,C_turf_global_1000_2600,2024-02-11,9,0.18946648711985653,0.535367958502245
202410020211,C_turf_global_1000_2600,2024-02-11,18,0.14039880943094085,0.4481669289114605
202410020302,C_turf_global_1000_2600,2024-02-17,6,0.2071464587879603,0.6141467766071658
202410020312,C_turf_global_1000_2600,2024-02-17,17,0.13109692536018572,0.39236541497884303
202410020402,C_turf_global_1000_2600,2024-02-18,8,0.24090229402606322,0.6771320800422527
202410020410,C_turf_global_1000_2600,2024-02-18,18,0.11618329007792755,0.36859901707469467
202410020412,C_turf_global_1000_2600,2024-02-18,17,0.1500866793000015,0.4882423061238267
202409010112,C_turf_global_1000_2600,2024-02-24,10,0.1573914807633095,0.4747195291408418
202410020502,C_turf_global_1000_2600,2024-02-24,10,0.12842526195699255,0.38386594289958237
202410020509,C_turf_global_1000_2600,2024-02-24,14,0.09749925533945698,0.3263040482886598
202410020512,C_turf_global_1000_2600,2024-02-24,18,0.11564672990919485,0.3896219916428574
202409010210,C_turf_global_1000_2600,2024-02-25,11,0.1819902279077347,0.5335189618828724
202410020606,C_turf_global_1000_2600,2024-02-25,10,0.12435285698111895,0.35863262520466566
202410020611,C_turf_global_1000_2600,2024-02-25,17,0.1456552157269376,0.43411900879485316
202406020311,C_turf_global_1000_2600,2024-03-02,16,0.10298555540619261,0.33815921658457815
202410020702,C_turf_global_1000_2600,2024-03-02,13,0.1368645303968617,0.4581260612919629
202410020709,C_turf_global_1000_2600,2024-03-02,10,0.20417946273952112,0.5838956581630539
202410020712,C_turf_global_1000_2600,2024-03-02,18,0.08190752086303549,0.28567548303797774
202410020801,C_turf_global_1000_2600,2024-03-03,12,0.09192807060456638,0.29925602853613475
202410020807,C_turf_global_1000_2600,2024-03-03,16,0.11018725587309475,0.35726529837673054
202410020810,C_turf_global_1000_2600,2024-03-03,18,0.1606593316940861,0.5413291702437125
202406020510,C_turf_global_1000_2600,2024-03-09,16,0.14226799081970268,0.4448461979369819
202406020512,C_turf_global_1000_2600,2024-03-09,13,0.1461627077713703,0.4522403276403209
202406020607,C_turf_global_1000_2600,2024-03-10,9,0.17192400444484002,0.5009910714301299
202407010303,C_turf_global_1000_2600,2024-03-16,13,0.16262650080675412,0.4706140835941443
202409010706,C_turf_global_1000_2600,2024-03-16,8,0.17564582447458887,0.5249125724760298
202409010710,C_turf_global_1000_2600,2024-03-16,15,0.15839176627957735,0.4821607497336098
202406030105,C_turf_global_1000_2600,2024-03-23,8,0.19978244095752445,0.5699383789940202
202406030212,C_turf_global_1000_2600,2024-03-24,13,0.18481350814798722,0.5487812218938541
202407010608,C_turf_global_1000_2600,2024-03-24,16,0.12972418882250047,0.4044344915095881
202407010611,C_turf_global_1000_2600,2024-03-24,17,0.09735911453764791,0.3305895308219001
202409020310,C_turf_global_1000_2600,2024-03-30,15,0.14685914465751254,0.4500394009185949
202403010102,C_turf_global_1000_2600,2024-04-06,6,0.1623621301528113,0.5076540347297858
202403010110,C_turf_global_1000_2600,2024-04-06,16,0.12615045980227055,0.3985318526742394
202403010112,C_turf_global_1000_2600,2024-04-06,16,0.09814077581082337,0.32221217925989587
202406030510,C_turf_global_1000_2600,2024-04-06,15,0.1673632644112248,0.5644017122206522
202409020506,C_turf_global_1000_2600,2024-04-06,9,0.19165627966626686,0.5577125047982158
202403010202,C_turf_global_1000_2600,2024-04-07,5,0.26592405507595157,0.741762289435312
202403010207,C_turf_global_1000_2600,2024-04-07,16,0.13108692641904823,0.39621200890293995
202403010211,C_turf_global_1000_2600,2024-04-07,16,0.10765019749944015,0.3416996710587779
202406030607,C_turf_global_1000_2600,2024-04-07,12,0.16935725487558406,0.5115278272111231
202403010302,C_turf_global_1000_2600,2024-04-13,9,0.061712172873038124,0.2353868935380415
202403010305,C_turf_global_1000_2600,2024-04-13,5,0.17840173336842652,0.5137155701602928
202403010309,C_turf_global_1000_2600,2024-04-13,14,0.13748985638389852,0.42695305369522
202406030708,C_turf_global_1000_2600,2024-04-13,12,0.14893491695099062,0.4488437489371353
202403010407,C_turf_global_1000_2600,2024-04-14,16,0.12335424466642109,0.39904910820890666
202403010409,C_turf_global_1000_2600,2024-04-14,14,0.13703357672089306,0.4204022303628426
202406030812,C_turf_global_1000_2600,2024-04-14,16,0.09028082754023653,0.30855096836404655
202403010502,C_turf_global_1000_2600,2024-04-20,7,0.21565373859058035,0.615402027587522
202403010509,C_turf_global_1000_2600,2024-04-20,14,0.1651171373508671,0.49675774139770856
202403010602,C_turf_global_1000_2600,2024-04-21,7,0.09139443913193866,0.2943927953234839
202403010607,C_turf_global_1000_2600,2024-04-21,12,0.1050201216870847,0.34817788966708285
202403010611,C_turf_global_1000_2600,2024-04-21,16,0.12790397926781535,0.40740189103157937
202404010112,C_turf_global_1000_2600,2024-04-27,10,0.17509159624839712,0.5161663988477246
202408030410,C_turf_global_1000_2600,2024-04-28,18,0.12101313742566622,0.385908730710469
202404010309,C_turf_global_1000_2600,2024-05-04,16,0.12676702930011022,0.41212756131106176
202404010402,C_turf_global_1000_2600,2024-05-05,9,0.14824090365777634,0.43572018532250634
202408030611,C_turf_global_1000_2600,2024-05-05,13,0.24360868830625484,0.7297275918251778
202408030707,C_turf_global_1000_2600,2024-05-11,14,0.13923092258253542,0.45623295078091297
202404010612,C_turf_global_1000_2600,2024-05-12,13,0.18043230441594493,0.5295290738555902
202408030803,C_turf_global_1000_2600,2024-05-12,15,0.10794887767357116,0.37182045029178856
202408030807,C_turf_global_1000_2600,2024-05-12,14,0.10302733094743811,0.33429565172838666
202404010711,C_turf_global_1000_2600,2024-05-18,16,0.16029564307735686,0.5212887810975468
202404010802,C_turf_global_1000_2600,2024-05-19,8,0.11062479535394236,0.35162138670129606
202408031007,C_turf_global_1000_2600,2024-05-19,9,0.1804385753966754,0.5449154851583491
202408031111,C_turf_global_1000_2600,2024-05-25,18,0.13804800452904004,0.43488852023712715
202408040209,C_turf_global_1000_2600,2024-06-02,14,0.17447200450320086,0.528577104787406
202402010101,C_turf_global_1000_2600,2024-06-08,14,0.10596008682149649,0.3432979540115162
202402010111,C_turf_global_1000_2600,2024-06-08,16,0.13503502105977755,0.415965214811448
202408040304,C_turf_global_1000_2600,2024-06-08,11,0.21345388962993816,0.6080300415338766
202402010201,C_turf_global_1000_2600,2024-06-09,11,0.14282630135385171,0.4374083458324209
202402010208,C_turf_global_1000_2600,2024-06-09,12,0.13224626506612688,0.4589314023055599
202402010211,C_turf_global_1000_2600,2024-06-09,16,0.1237662926217994,0.38927895425480225
202408040412,C_turf_global_1000_2600,2024-06-09,13,0.1348805916129513,0.41615055169855764
202402010301,C_turf_global_1000_2600,2024-06-15,16,0.13293339041309732,0.4197948295318272
202402010309,C_turf_global_1000_2600,2024-06-15,8,0.17111124009752227,0.49663750477594504
202402010311,C_turf_global_1000_2600,2024-06-15,12,0.1389673807024344,0.42633967666077915
202402010402,C_turf_global_1000_2600,2024-06-16,10,0.1774897913269337,0.5181648297029535
202402010408,C_turf_global_1000_2600,2024-06-16,14,0.1220301173625721,0.39589669195842137
202402010411,C_turf_global_1000_2600,2024-06-16,16,0.1419078295650195,0.42361623228611966
202402010412,C_turf_global_1000_2600,2024-06-16,13,0.1651105658466127,0.5305614093716681
202402010503,C_turf_global_1000_2600,2024-06-22,16,0.11982885926879763,0.38203271303832287
202402010511,C_turf_global_1000_2600,2024-06-22,16,0.13234076931890826,0.41591395517180535
202402010601,C_turf_global_1000_2600,2024-06-23,13,0.08507708887944772,0.2939850452700067
202402010610,C_turf_global_1000_2600,2024-06-23,13,0.15502386020952852,0.4633115918247708
202402010612,C_turf_global_1000_2600,2024-06-23,9,0.21843870620224598,0.5995889837671474
202402010709,C_turf_global_1000_2600,2024-06-29,10,0.19109377996473811,0.6150477995543551
202402010711,C_turf_global_1000_2600,2024-06-29,16,0.1262630712388278,0.3989089711126117
202403020111,C_turf_global_1000_2600,2024-06-29,13,0.16518455416164107,0.5008149912061087
202410030103,C_turf_global_1000_2600,2024-06-29,15,0.14002204710158225,0.46456028883977535
202410030112,C_turf_global_1000_2600,2024-06-29,11,0.1448940754263519,0.4286450702927373
202402010803,C_turf_global_1000_2600,2024-06-30,14,0.1608914239803814,0.501489823653457
202402010810,C_turf_global_1000_2600,2024-06-30,15,0.1393631307592975,0.44184312002198317
202403020203,C_turf_global_1000_2600,2024-06-30,7,0.2533092775980967,0.6803522603983929
202403020209,C_turf_global_1000_2600,2024-06-30,8,0.2873505461317072,0.7738959266943407
202403020212,C_turf_global_1000_2600,2024-06-30,16,0.13365430819782045,0.409663463914837
202410030202,C_turf_global_1000_2600,2024-06-30,13,0.14399036292156853,0.4257938726380315
202410030208,C_turf_global_1000_2600,2024-06-30,17,0.13867603520535196,0.44642318181165946
202410030211,C_turf_global_1000_2600,2024-06-30,18,0.14581071773591817,0.45772978656423136
202402010910,C_turf_global_1000_2600,2024-07-06,10,0.172158927830074,0.5184258190270337
202402010912,C_turf_global_1000_2600,2024-07-06,8,0.12410871631427808,0.4111200337021248
202403020309,C_turf_global_1000_2600,2024-07-06,9,0.15016065470582274,0.466342696298815
202410030306,C_turf_global_1000_2600,2024-07-06,11,0.1070360129459075,0.4079666889885784
202402011004,C_turf_global_1000_2600,2024-07-07,16,0.08738544636497117,0.29863009903583815
202402011012,C_turf_global_1000_2600,2024-07-07,9,0.3172815328742482,0.8883367664958188
202403020407,C_turf_global_1000_2600,2024-07-07,10,0.14801686060518246,0.4392075513163052
202410030410,C_turf_global_1000_2600,2024-07-07,14,0.18685904727926594,0.5627758704750377
202410030412,C_turf_global_1000_2600,2024-07-07,9,0.16021679863541635,0.4801366002416078
202402011103,C_turf_global_1000_2600,2024-07-13,15,0.15217796636855618,0.4761877695481152
202402011111,C_turf_global_1000_2600,2024-07-13,1,0.025255804787534197,0.17306939041903766
202402011112,C_turf_global_1000_2600,2024-07-13,13,0.1781565365920468,0.5318773489104396
202403020509,C_turf_global_1000_2600,2024-07-13,16,0.10881024741044394,0.34584514652040327
202403020512,C_turf_global_1000_2600,2024-07-13,14,0.15998367593348292,0.46896563650909107
202410030503,C_turf_global_1000_2600,2024-07-13,16,0.13562207413246483,0.4174943744839906
202410030506,C_turf_global_1000_2600,2024-07-13,14,0.11116668968467977,0.36370555408911487
202410030512,C_turf_global_1000_2600,2024-07-13,10,0.1909127451971538,0.5715320130723932
202402011203,C_turf_global_1000_2600,2024-07-14,13,0.13490971414355027,0.43086336904215455
202402011208,C_turf_global_1000_2600,2024-07-14,15,0.18707562834531027,0.6224799185194693
202402011212,C_turf_global_1000_2600,2024-07-14,12,0.21755848794843072,0.6099537660057957
202403020607,C_turf_global_1000_2600,2024-07-14,12,0.13207544826498072,0.42957396712976714
202403020611,C_turf_global_1000_2600,2024-07-14,15,0.14533111807609742,0.4785458019216993
202410030608,C_turf_global_1000_2600,2024-07-14,8,0.16260863070839807,0.4720982758337163
202410030611,C_turf_global_1000_2600,2024-07-14,17,0.13842907897213597,0.4466077280070753
202401010107,C_turf_global_1000_2600,2024-07-20,11,0.19447036094485765,0.550096857874355
202401010111,C_turf_global_1000_2600,2024-07-20,16,0.1485794419662234,0.4530838512597161
202403020707,C_turf_global_1000_2600,2024-07-20,12,0.20518016660905472,0.6449920141782156
202403020709,C_turf_global_1000_2600,2024-07-20,14,0.0632990086955626,0.24529564711301055
202410030712,C_turf_global_1000_2600,2024-07-20,18,0.1837413241522685,0.602131252265955
202401010203,C_turf_global_1000_2600,2024-07-21,16,0.08157133126729596,0.29063281056939916
202401010209,C_turf_global_1000_2600,2024-07-21,12,0.07485752843982448,0.293763846844135
202401010211,C_turf_global_1000_2600,2024-07-21,10,0.19847733217670963,0.5673183271931637
202410030802,C_turf_global_1000_2600,2024-07-21,14,0.11075879899661349,0.36621729563750255
202410030810,C_turf_global_1000_2600,2024-07-21,18,0.1677691358224124,0.5314509444405923
202401010408,C_turf_global_1000_2600,2024-07-28,13,0.1381688499984474,0.43212626335889837
202404020310,C_turf_global_1000_2600,2024-08-03,13,0.10963534700677065,0.37995808939473386
202401010603,C_turf_global_1000_2600,2024-08-04,14,0.09768255256474057,0.3311679302612319
202401010610,C_turf_global_1000_2600,2024-08-04,16,0.16343618386642078,0.5121830784794661
202401010612,C_turf_global_1000_2600,2024-08-04,14,0.11564976414357327,0.39074209954359995
202401020112,C_turf_global_1000_2600,2024-08-10,16,0.13897896236098156,0.4336627174774198
202407020107,C_turf_global_1000_2600,2024-08-10,13,0.2090019761247673,0.6650350406752465
202401020211,C_turf_global_1000_2600,2024-08-11,16,0.13439135032850566,0.4317161134038664
202407020212,C_turf_global_1000_2600,2024-08-11,10,0.17955100929521722,0.5175308211726332
202401020303,C_turf_global_1000_2600,2024-08-17,13,0.10096792054738958,0.3217225313214147
202407020301,C_turf_global_1000_2600,2024-08-17,1,0.22632878920493127,0.6457680188632734
202407020312,C_turf_global_1000_2600,2024-08-17,17,0.16539170016293372,0.5187662633457978
202401020410,C_turf_global_1000_2600,2024-08-18,16,0.12555782340031876,0.4179891344182183
202407020411,C_turf_global_1000_2600,2024-08-18,18,0.12786428283890994,0.39705892117138153
202401020510,C_turf_global_1000_2600,2024-08-24,14,0.14968571001684386,0.45785804310699246
202404030503,C_turf_global_1000_2600,2024-08-24,17,0.10432407650558125,0.33079943286473545
202401020609,C_turf_global_1000_2600,2024-08-25,15,0.06988804841702702,0.25708753753432184
202401020611,C_turf_global_1000_2600,2024-08-25,16,0.13709160665709044,0.424559189131373
202401020701,C_turf_global_1000_2600,2024-08-31,2,0.28890479746182995,0.7369625293203429
202401020712,C_turf_global_1000_2600,2024-08-31,15,0.14276281154306456,0.43144466704411616
202407020711,C_turf_global_1000_2600,2024-08-31,18,0.08303667274976928,0.28032919375337356
202401020804,C_turf_global_1000_2600,2024-09-01,16,0.1519123845582745,0.457061378704789
202401020806,C_turf_global_1000_2600,2024-09-01,16,0.15286164616571266,0.5015875949837808
202401020809,C_turf_global_1000_2600,2024-09-01,2,0.26414877112469715,0.7147870768840641
202406040110,C_turf_global_1000_2600,2024-09-07,10,0.1805396225179608,0.5190500418625843
202407030108,C_turf_global_1000_2600,2024-09-07,18,0.09290448592860742,0.30069796157842693
202406040210,C_turf_global_1000_2600,2024-09-08,10,0.2295148895970951,0.6784956910839243
202407030211,C_turf_global_1000_2600,2024-09-08,18,0.12990553935125793,0.40080953370069805
202406040303,C_turf_global_1000_2600,2024-09-14,3,0.29495612087147643,0.8043003764166311
202406040412,C_turf_global_1000_2600,2024-09-15,16,0.11667868433039723,0.39066708813188333
202407030403,C_turf_global_1000_2600,2024-09-15,1,0.34256398272689026,0.8801749713992328
202406040604,C_turf_global_1000_2600,2024-09-21,15,0.13719534718081303,0.4101034422945926
202406040609,C_turf_global_1000_2600,2024-09-21,5,0.12494556365118088,0.4041694187330216
202407030610,C_turf_global_1000_2600,2024-09-21,16,0.10712789190184539,0.34859526636356714
202406040702,C_turf_global_1000_2600,2024-09-22,1,0.16223282984562104,0.5154720137065958
202407030710,C_turf_global_1000_2600,2024-09-22,17,0.10652490062760049,0.35170834265445433
202406040802,C_turf_global_1000_2600,2024-09-28,1,0.00082933247205208,0.02922093645350557
202406040810,C_turf_global_1000_2600,2024-09-28,14,0.1411846109148646,0.42836322199737903
202406040911,C_turf_global_1000_2600,2024-09-29,14,0.17259734184935419,0.5122667205404369
202408050111,C_turf_global_1000_2600,2024-10-05,18,0.1259162593767384,0.3919996416117556
202404040309,C_turf_global_1000_2600,2024-10-12,16,0.08383688866989505,0.28106492260501764
202408050312,C_turf_global_1000_2600,2024-10-12,17,0.14454993070217065,0.4297861573226465
202404040403,C_turf_global_1000_2600,2024-10-14,4,0.04514607367672753,0.19502336437127227
202404040511,C_turf_global_1000_2600,2024-10-19,17,0.13261337060026293,0.41482539068790963
202408050602,C_turf_global_1000_2600,2024-10-20,2,0.19186203878556898,0.5142584093784239
202404040810,C_turf_global_1000_2600,2024-10-27,16,0.13399566476800498,0.41905067523224754
202403030102,C_turf_global_1000_2600,2024-11-02,3,0.37319581693519804,0.9790687264118499
202403030112,C_turf_global_1000_2600,2024-11-02,16,0.24135690894959785,0.8145963560936209
202403030202,C_turf_global_1000_2600,2024-11-03,7,0.1333858235200698,0.3950128849410948
202403030208,C_turf_global_1000_2600,2024-11-03,16,0.165026625140345,0.5136117876558967
202403030211,C_turf_global_1000_2600,2024-11-03,16,0.09400107564650197,0.30408560794627515
202408060210,C_turf_global_1000_2600,2024-11-03,10,0.1695985209245489,0.504790567220701
202403030303,C_turf_global_1000_2600,2024-11-09,4,0.21500263236889017,0.5924835467443954
202403030306,C_turf_global_1000_2600,2024-11-09,16,0.18128276331173465,0.6457857704275303
202403030310,C_turf_global_1000_2600,2024-11-09,16,0.1625694262372672,0.5178777016424306
202403030312,C_turf_global_1000_2600,2024-11-09,15,0.18327513923708982,0.7000532310497269
202403030407,C_turf_global_1000_2600,2024-11-10,16,0.12755964451934537,0.39755295102485616
202403030409,C_turf_global_1000_2600,2024-11-10,11,0.13506661229779235,0.412503987968336
202403030508,C_turf_global_1000_2600,2024-11-16,15,0.1065064682385947,0.3679851403506138
202403030511,C_turf_global_1000_2600,2024-11-16,16,0.14624480013370264,0.46222518640494914
202403030606,C_turf_global_1000_2600,2024-11-17,4,0.3152626879459304,0.8599493811610222
202403030612,C_turf_global_1000_2600,2024-11-17,16,0.13081250775279205,0.41791505350714137
202408060601,C_turf_global_1000_2600,2024-11-17,4,0.10862803357578599,0.33895619119305515
202408060712,C_turf_global_1000_2600,2024-11-23,15,0.1552003573402083,0.4791401817447539
202408060812,C_turf_global_1000_2600,2024-11-24,18,0.12478299454755609,0.3967102639982873
202406050112,C_turf_global_1000_2600,2024-11-30,15,0.1489167150641222,0.4777238783634904
202407040104,C_turf_global_1000_2600,2024-11-30,9,0.07260271671984644,0.2733321183680968
202408070109,C_turf_global_1000_2600,2024-11-30,5,0.2523190291178951,0.693827026107517
202406050209,C_turf_global_1000_2600,2024-12-01,16,0.1431074524013698,0.43477838995496293
202406050211,C_turf_global_1000_2600,2024-12-01,16,0.12648501050013577,0.3901866835499035
202406050309,C_turf_global_1000_2600,2024-12-07,6,0.09344861522520896,0.31509601738459553
202407040312,C_turf_global_1000_2600,2024-12-07,18,0.125816556669709,0.39848905912631005
202406050402,C_turf_global_1000_2600,2024-12-08,7,0.11355317243066608,0.3770084115482925
202407040411,C_turf_global_1000_2600,2024-12-08,13,0.11635870723454383,0.36701930567356467
202408070412,C_turf_global_1000_2600,2024-12-08,11,0.19780053739085135,0.5654027088202279
202407040509,C_turf_global_1000_2600,2024-12-14,10,0.17927072215031473,0.5096010902797026
202408070503,C_turf_global_1000_2600,2024-12-14,6,0.1313939535225009,0.37929972668022827
202408070511,C_turf_global_1000_2600,2024-12-14,16,0.11730219380606635,0.370092208330413
202407040612,C_turf_global_1000_2600,2024-12-15,18,0.16188313444994465,0.48371540376616967
202406050712,C_turf_global_1000_2600,2024-12-21,16,0.14751718248442827,0.45157829664571625
202406050803,C_turf_global_1000_2600,2024-12-22,7,0.18413290759622186,0.5716470510598081
202408070912,C_turf_global_1000_2600,2024-12-28,16,0.1401593900115033,0.518251884011001
